league,method,time_index,regulation_fraction,bin_id,bin_lower,bin_upper,n_games,mean_forecast,observed_rate,gap,standard_error,simultaneous_critical_value,gap_ci_lower,gap_ci_upper,observed_ci_lower,observed_ci_upper,significant
nba,linear,0,0,1,0.017,0.315,825,0.23815757575757576,0.23393939393939378,-0.00421818181818182,0.02578357783189283,4.343577085455024,-0.11621113966983765,0.10777477603347402,0.12194643608773811,0.34593235179104975,FALSE
nba,linear,0,0,2,0.316,0.403,814,0.36332923832923836,0.35626535626535627,-0.007063882063882041,0.027797091718046077,4.343577085455024,-0.1278026926926786,0.11367492856491453,0.23552654563655975,0.47700416689415287,FALSE
nba,linear,0,0,3,0.404,0.476,837,0.4400454002389486,0.4492234169653524,0.009178016726403823,0.028558549548837416,4.343577085455024,-0.11486824468775829,0.13322427814056592,0.3251771555511903,0.5732696783795146,FALSE
nba,linear,0,0,4,0.477,0.532,827,0.5043700120918985,0.5030229746070132,-0.001347037484885112,0.029823687023494954,4.343577085455024,-0.13088852104392013,0.12819444607414993,0.37348149104797834,0.6325644581660483,FALSE
nba,linear,0,0,5,0.533,0.585,816,0.5585833333333333,0.5404411764705882,-0.01814215686274508,0.028605328523802008,4.343577085455024,-0.1423916063606445,0.10610729263515432,0.4161917269726888,0.6646906259684876,FALSE
nba,linear,0,0,6,0.586,0.637,824,0.6112123786407767,0.6080097087378642,-0.0032026699029126023,0.030339122539377397,4.343577085455024,-0.1349829873577643,0.1285776475519391,0.47622939128301245,0.7397900261927158,FALSE
nba,linear,0,0,7,0.638,0.695,839,0.6651168057210965,0.635280095351609,-0.029836710369487488,0.02845783680640909,4.343577085455024,-0.1534455182234246,0.09377209748444962,0.511671287497672,0.7588889032055461,FALSE
nba,linear,0,0,8,0.696,0.753,818,0.7237921760391198,0.7053789731051344,-0.018413202933985306,0.027230527873862116,4.343577085455024,-0.1366910998317371,0.0998646939637665,0.5871010762073827,0.8236568700028863,FALSE
nba,linear,0,0,9,0.754,0.82,829,0.7851797346200241,0.7563329312424608,-0.028846803377563342,0.026402520743043795,4.343577085455024,-0.14352818747529933,0.08583458072017264,0.6416515471447248,0.8710143153401968,FALSE
nba,linear,0,0,10,0.821,0.986,836,0.8716614832535885,0.8325358851674641,-0.03912559808612438,0.021615401465082625,4.343577085455024,-0.13301376058276823,0.054762564410519465,0.7386477226708202,0.9264240476641079,FALSE
nba,linear,1,0.05,1,0.03192307692307693,0.296,826,0.21647397782871164,0.23607748184019378,0.019603504011482052,0.02539257911924747,4.343577085455024,-0.09069112079148497,0.1298981288144491,0.12578285703722666,0.34637210664316076,FALSE
nba,linear,1,0.05,2,0.2962173913043478,0.39321428571428574,826,0.3493961748711679,0.3740920096852302,0.024695834814062095,0.02868470667303215,4.343577085455024,-0.09989839979391918,0.14929006942204337,0.24949777507724874,0.4986862442932113,FALSE
nba,linear,1,0.05,3,0.3932857142857143,0.46485714285714286,827,0.4305260522000722,0.42805320435308347,-0.002472847846988726,0.02987857729682204,4.343577085455024,-0.13225275153946164,0.12730705584548418,0.29827330066061053,0.5578331080455563,FALSE
nba,linear,1,0.05,4,0.464904761904762,0.5288333333333334,825,0.4965379275352113,0.46909090909090917,-0.027447018444302244,0.031087732859963284,4.343577085455024,-0.16247898253358595,0.10758494564498144,0.33405894500162536,0.6041228731801928,FALSE
nba,linear,1,0.05,5,0.5288461538461539,0.5862857142857142,828,0.5581132362825049,0.5458937198067634,-0.01221951647574156,0.03040815519013104,4.343577085455024,-0.144299682570555,0.11986064961907188,0.41381355371194983,0.6779738859015767,FALSE
nba,linear,1,0.05,6,0.5863749999999999,0.6442,826,0.6157803711031504,0.5895883777239709,-0.026191993379179473,0.028944402484383694,4.343577085455024,-0.15191423676253596,0.09953025000417702,0.46386613434061447,0.7153106211073275,FALSE
nba,linear,1,0.05,7,0.64425,0.701,827,0.6717670569764358,0.6324062877871828,-0.03936076918925323,0.027587883646292975,4.343577085455024,-0.15919086843149077,0.08046933005298433,0.512576188544945,0.7522363870294201,FALSE
nba,linear,1,0.05,8,0.7012173913043478,0.7607692307692308,825,0.7309977658652814,0.7236363636363637,-0.007361402228917751,0.02626146203316004,4.343577085455024,-0.12143008694669881,0.10670728248886331,0.6095676789185827,0.8377050483541447,FALSE
nba,linear,1,0.05,9,0.761,0.831875,828,0.7945803749960824,0.7898550724637683,-0.004725302532314211,0.024177568565520755,4.343577085455024,-0.10974243533552785,0.10029183027089944,0.6848379396605545,0.8948722052669817,FALSE
nba,linear,1,0.05,10,0.832,0.985,827,0.8841253299658254,0.8367593712212816,-0.04736595874454359,0.02171784081651874,4.343577085455024,-0.1416990744607342,0.04696715697164704,0.7424262555050911,0.9310924869374724,FALSE
nba,linear,2,0.1,1,0.02441666666666666,0.27029411764705885,826,0.190886583106029,0.2227602905569009,0.03187370745087174,0.02558412873108357,4.343577085455024,-0.07925292785679439,0.14300034275853785,0.1116336552492346,0.3338869258645668,FALSE
nba,linear,2,0.1,2,0.27031578947368423,0.37275,826,0.32497151804216423,0.36319612590799044,0.03822460786582608,0.027463725752521914,4.343577085455024,-0.08106620199404915,0.1575154177257013,0.24390531604811508,0.4824869357678655,FALSE
nba,linear,2,0.1,3,0.3732272727272727,0.45362500000000006,827,0.4140248303864546,0.3941958887545343,-0.01982894163192014,0.030256351632783784,4.343577085455024,-0.15124973727354948,0.1115918540097092,0.26277509311290514,0.5256166843961638,FALSE
nba,linear,2,0.1,4,0.45366666666666666,0.5269230769230769,821,0.4911148797461253,0.47746650426309384,-0.013648375483031529,0.030551872038480615,4.343577085455024,-0.14635278678713,0.11905603582106697,0.3447620929589953,0.6101709155671923,FALSE
nba,linear,2,0.1,5,0.527,0.5886153846153845,832,0.5573350689364058,0.5444711538461539,-0.012863915090252009,0.029489552339877045,4.343577085455024,-0.14095405889406853,0.11522622871356453,0.4163810100423373,0.6725612976499704,FALSE
nba,linear,2,0.1,6,0.5886190476190476,0.6505555555555556,826,0.6196476533252557,0.6004842615012106,-0.019163391824045087,0.028473666620048722,4.343577085455024,-0.14284095769377433,0.10451417404568415,0.47680669563148137,0.7241618273709399,FALSE
nba,linear,2,0.1,7,0.6506666666666667,0.7118333333333333,827,0.6810093334422697,0.6662636033857317,-0.01474573005653814,0.02765815815137657,4.343577085455024,-0.1348810720287485,0.10538961191567223,0.5461282614135212,0.7863989453579419,FALSE
nba,linear,2,0.1,8,0.7118888888888888,0.7743684210526316,826,0.7423209536821118,0.7142857142857142,-0.028035239396397498,0.025000940486355004,4.343577085455024,-0.13662875160775387,0.08055827281495888,0.6056922020743579,0.8228792264970707,FALSE
nba,linear,2,0.1,9,0.7745,0.8482,827,0.8110523733673899,0.7835550181378478,-0.027497355229542282,0.023343908878027144,4.343577085455024,-0.12889342291709108,0.07389871245800653,0.6821589504502988,0.8849510858253964,FALSE
nba,linear,2,0.1,10,0.84825,0.9888,827,0.8968884258771651,0.8585247883917774,-0.03836363748538762,0.02084919318355297,4.343577085455024,-0.1289237152476934,0.052196440276918145,0.7679647106294717,0.9490848661540833,FALSE
nba,linear,3,0.15000000000000002,1,0.01123076923076922,0.246421052631579,826,0.1677924617030549,0.22276029055690072,0.05496782885384584,0.024461332179644357,4.343577085455024,-0.05128185308136099,0.16121751078905266,0.1165106086216939,0.32900997249210756,FALSE
nba,linear,3,0.15000000000000002,2,0.2464999999999998,0.3510000000000004,826,0.30312984159351225,0.31355932203389836,0.010429480440386076,0.026535954830293286,4.343577085455024,-0.1048314849011454,0.12569044578191754,0.19829835669236684,0.42882028737542977,FALSE
nba,linear,3,0.15000000000000002,3,0.3511818181818181,0.44175,827,0.3987252226485072,0.41475211608222495,0.01602689343371772,0.027607606676425138,4.343577085455024,-0.10388887431025766,0.1359426611776931,0.2948363483382495,0.5346678838262002,FALSE
nba,linear,3,0.15000000000000002,4,0.4417647058823529,0.5185000000000002,826,0.48055405224631853,0.4987893462469733,0.018235294000654795,0.031993912608576126,4.343577085455024,-0.12073273168000703,0.15720331968131662,0.3598213205663115,0.6377573719276352,FALSE
nba,linear,3,0.15000000000000002,5,0.5185789473684209,0.5888571428571426,825,0.5549804350844811,0.5296969696969699,-0.025283465387511393,0.03228124672962972,4.343577085455024,-0.16549954897225097,0.11493261819722819,0.3894808861122302,0.6699130532817094,FALSE
nba,linear,3,0.15000000000000002,6,0.5889999999999996,0.6541666666666666,828,0.6208451736358946,0.5736714975845412,-0.04717367605135364,0.028914209060488864,4.343577085455024,-0.17276477197054912,0.07841741986784184,0.4480804016653455,0.6992625935037364,FALSE
nba,linear,3,0.15000000000000002,7,0.6542499999999996,0.7226666666666671,827,0.6893063895672454,0.6807738814993954,-0.008532508067849996,0.025876614633983386,4.343577085455024,-0.12092957844117037,0.10386456230547038,0.5683768111260751,0.7931709518727158,FALSE
nba,linear,3,0.15000000000000002,8,0.7227500000000001,0.7891875,826,0.7559008420584138,0.7215496368038741,-0.03435120525453971,0.026297475571898682,4.343577085455024,-0.1485763175539521,0.07987390704487266,0.6073245245044617,0.8357747491032864,FALSE
nba,linear,3,0.15000000000000002,9,0.7892222222222222,0.8608095238095238,827,0.8239542415827502,0.7968561064087061,-0.027098135174044035,0.02366083820096918,4.343577085455024,-0.12987080980643265,0.07567453945834457,0.6940834317763176,0.8996287810410948,FALSE
nba,linear,3,0.15000000000000002,10,0.8609999999999999,0.991375,827,0.9088343032255924,0.8730350665054414,-0.035799236720151104,0.019296208084422235,4.343577085455024,-0.1196138039918195,0.0480153305515173,0.7892204992337729,0.9568496337771097,FALSE
nba,linear,4,0.2,1,0.01019999999999999,0.22335294117647064,826,0.14627739717167362,0.2009685230024212,0.05469112583074769,0.023695924163579473,4.343577085455024,-0.04823394738485611,0.1576161990463515,0.0980434497868175,0.30389359621802514,FALSE
nba,linear,4,0.2,2,0.22354545454545455,0.33153846153846156,826,0.28132106820109354,0.30387409200968524,0.0225530238085917,0.0288442230516701,4.343577085455024,-0.10273408248639615,0.14784013010357955,0.1785869857146974,0.4291611983046731,FALSE
nba,linear,4,0.2,3,0.3318571428571429,0.42677777777777787,827,0.3808767904932775,0.39903264812575573,0.01815585763247825,0.02919900306107255,4.343577085455024,-0.1086722629817276,0.1449839782466841,0.2722045275115499,0.5258607687399616,FALSE
nba,linear,4,0.2,4,0.4268181818181818,0.50655,826,0.4666112368139298,0.4600484261501209,-0.00656281066380875,0.02911961961933833,4.343577085455024,-0.1330461231795333,0.11992050185191579,0.3335651136343965,0.5865317386658456,FALSE
nba,linear,4,0.2,5,0.5067619047619047,0.5866363636363636,827,0.5460772374607771,0.5501813784764209,0.0041041410156437775,0.029523792873669803,4.343577085455024,-0.12413472918614872,0.13234301121743627,0.42194250827462837,0.6784202486782134,FALSE
nba,linear,4,0.2,6,0.5866666666666666,0.6556923076923077,826,0.6211606881186493,0.5811138014527846,-0.04004688666586479,0.028818821691043512,4.343577085455024,-0.16522366019289558,0.08512988686116602,0.45593702792575375,0.7062905749798154,FALSE
nba,linear,4,0.2,7,0.6557499999999998,0.7291875,827,0.6927846969437876,0.6807738814993953,-0.012010815444392234,0.025830546346235904,4.343577085455024,-0.12420778465868651,0.10018615376990203,0.5685769122851011,0.7929708507136897,FALSE
nba,linear,4,0.2,8,0.7293333333333333,0.802,826,0.7648020232580868,0.7493946731234867,-0.015407350134600076,0.026211756429054482,4.343577085455024,-0.12926013472936954,0.09844543446016937,0.6355418885287172,0.8632474577182562,FALSE
nba,linear,4,0.2,9,0.8021333333333334,0.8733076923076921,827,0.8366356619078078,0.8065296251511487,-0.03010603675665905,0.023163805951829652,4.343577085455024,-0.13071981350095305,0.07050773998763493,0.7059158484068547,0.9071434018954427,FALSE
nba,linear,4,0.2,10,0.8734999999999999,0.996,827,0.9200008084626197,0.89359129383313185,-0.026409514629487825,0.017119849835728798,4.343577085455024,-0.1007709020823904,0.04795187282341474,0.8192299063802293,0.9679526812860344,FALSE
nba,linear,5,0.25,1,0,0.208,826,0.13162227602905568,0.17796610169491528,0.04634382566585956,0.022873056502738597,4.343577085455024,-0.05300705843375384,0.14569470976547297,0.07861521759530185,0.2773169857945287,FALSE
nba,linear,5,0.25,2,0.209,0.31400000000000006,823,0.2634633633914512,0.3037667071688942,0.04030334377744306,0.02854207184347776,4.343577085455024,-0.08367134545329798,0.1642780330081841,0.17979201793815325,0.4277413963996353,FALSE
nba,linear,5,0.25,3,0.31499999999999995,0.413,830,0.3647814147679828,0.3674698795180722,0.0026884647500894803,0.03039145240520581,4.343577085455024,-0.12931915151085943,0.13469608101103842,0.23546226325712338,0.49947749577902123,FALSE
nba,linear,5,0.25,4,0.4139999999999999,0.505,822,0.45963503649635035,0.45377128953771295,-0.005863746958637485,0.030729635061925848,4.343577085455024,-0.13934028565801387,0.12761279174073892,0.3202947508383365,0.5872478282370892,FALSE
nba,linear,5,0.25,5,0.506,0.5840000000000001,819,0.5454920634920635,0.5433455433455434,-0.0021465201465201357,0.030640182938653525,4.343577085455024,-0.13523451665300557,0.13094147635996528,0.4102575468390579,0.6764335398520287,FALSE
nba,linear,5,0.25,6,0.585,0.661,834,0.6223812949640288,0.592326139088729,-0.03005515587529979,0.029565456160291586,4.343577085455024,-0.1584749937741674,0.09836468202356784,0.4639063011898614,0.7207459769875967,FALSE
nba,linear,5,0.25,7,0.662,0.74,829,0.700092882991556,0.6924004825090471,-0.007692400482509035,0.026262585088391452,4.343577085455024,-0.12176596327725896,0.10638116231224089,0.5783269197142971,0.806474045303797,FALSE
nba,linear,5,0.25,8,0.741,0.811,816,0.7766214798561794,0.747549019607843,-0.02907246024833625,0.027508997450341,4.343577085455024,-0.1485599112174781,0.09041499072080561,0.6280615686387012,0.867036470576985,FALSE
nba,linear,5,0.25,9,0.812,0.884,835,0.8476790419161676,0.8263473053892215,-0.02133173652694607,0.022413025915330682,4.343577085455024,-0.11868444230848604,0.0760209692545939,0.7289945996076815,0.9237000111707615,FALSE
nba,linear,5,0.25,10,0.885,1,831,0.9307593261131167,0.9169675090252707,-0.013791817087845973,0.015861492781734144,4.343577085455024,-0.08268743367569667,0.05510379950000472,0.8480718924374201,0.9858631256131215,FALSE
nba,linear,6,0.30000000000000004,1,0.005,0.18991666666666693,824,0.11565238695017507,0.1492718446601943,0.033619457710019104,0.021664345951687612,4.343577085455024,-0.060481298937101524,0.12772021435713973,0.05517108801307355,0.2433726013073148,FALSE
nba,linear,6,0.30000000000000004,2,0.189999999999999,0.30266666666666714,828,0.248462656593824,0.288647342995169,0.040184686401345066,0.02639588679106374,4.343577085455024,-0.07446788261458434,0.15483725541727447,0.17399477397923965,0.4032999120110985,FALSE
nba,linear,6,0.30000000000000004,3,0.3026999999999997,0.4034999999999996,827,0.35321547787730795,0.3760580411124549,0.022842563235146735,0.0281726956277701,4.343577085455024,-0.09952771192913443,0.1452128383994279,0.25368776594817355,0.49842831627673584,FALSE
nba,linear,6,0.30000000000000004,4,0.4037142857142864,0.4994285714285712,826,0.4528330491569254,0.4455205811138014,-0.007312468043123934,0.029540705348833223,4.343577085455024,-0.13562479888449458,0.1209998627982467,0.3172082502724308,0.5738329119551722,FALSE
nba,linear,6,0.30000000000000004,5,0.4994666666666669,0.586,827,0.5427526353826905,0.5525997581620313,0.009847122779341022,0.030290026316679222,4.343577085455024,-0.1217199414476165,0.14141418700629854,0.421032693935074,0.684166822388989,FALSE
nba,linear,6,0.30000000000000004,6,0.5861428571428571,0.6678947368421054,826,0.6278965147596225,0.6138014527845036,-0.014095061975118934,0.029128592316243793,4.343577085455024,-0.14061734809151674,0.11242722414127888,0.4872791666681058,0.7403237389009014,FALSE
nba,linear,6,0.30000000000000004,7,0.6679999999999994,0.7469000000000001,826,0.7075681404561723,0.6949152542372882,-0.012652886218884206,0.027606614971308417,4.343577085455024,-0.13256434641523906,0.10725857397747064,0.5750037940409333,0.814826714433643,FALSE
nba,linear,6,0.30000000000000004,8,0.7469999999999989,0.8209285714285717,826,0.7844212947218261,0.7566585956416465,-0.027762699080179642,0.02526058115455245,4.343577085455024,-0.1374839805483707,0.0819585823880114,0.6469373141734553,0.8663798771098374,FALSE
nba,linear,6,0.30000000000000004,9,0.8210000000000002,0.8955294117647058,828,0.8580163771576955,0.8212560386473429,-0.03676033851035255,0.023694623576493212,4.343577085455024,-0.13967976252569084,0.06615908550498573,0.7183366146320047,0.9241754626626812,FALSE
nba,linear,6,0.30000000000000004,10,0.8956153846153845,0.997,827,0.9401092005510905,0.9262394195888755,-0.013869780962215007,0.015538966004292672,4.343577085455024,-0.08136447763012528,0.053624915705695254,0.8587447229209653,0.9937341162567858,FALSE
nba,linear,7,0.35000000000000003,1,0.00266666666666665,0.1699230769230771,825,0.09826504384078029,0.14424242424242417,0.04597738040164395,0.01969484605053156,4.343577085455024,-0.03956870160500932,0.1315234624082972,0.05869634223577097,0.22978850624907748,FALSE
nba,linear,7,0.35000000000000003,2,0.1700000000000002,0.28959999999999975,827,0.2324072564451277,0.2527206771463118,0.02031342070118429,0.026833733449686432,4.343577085455024,-0.0962409690280817,0.13686781043045027,0.136166287417046,0.369275066875578,FALSE
nba,linear,7,0.35000000000000003,3,0.2896666666666668,0.39419999999999983,827,0.3441133888784917,0.366384522370012,0.022271133491520396,0.028801400612540294,4.343577085455024,-0.10282997023811992,0.14737223722116072,0.24128341864037178,0.4914856260996524,FALSE
nba,linear,7,0.35000000000000003,4,0.3944285714285722,0.4950588235294115,826,0.4452797760585751,0.45762711864406797,0.01234734258549269,0.030182202844688085,4.343577085455024,-0.11875138207924993,0.14344606725023532,0.3265283939793252,0.5887258433088104,FALSE
nba,linear,7,0.35000000000000003,5,0.4953999999999992,0.5889130434782611,824,0.5414952905608813,0.5485436893203884,0.007048398759506979,0.028367893018921644,4.343577085455024,-0.11616973132012062,0.1302665288391346,0.42532555924076065,0.6717618194000159,FALSE
nba,linear,7,0.35000000000000003,6,0.5889999999999993,0.6720000000000005,827,0.631805529820534,0.6384522370012092,0.006646707180675211,0.028175240241280153,4.343577085455024,-0.11573462070853954,0.12902803506988997,0.5160709091119944,0.7608335648904239,FALSE
nba,linear,7,0.35000000000000003,7,0.6722500000000001,0.7544000000000007,829,0.7137785062668826,0.683956574185766,-0.029821932081116567,0.0273531503295108,4.343577085455024,-0.1486324490673862,0.08898858490515309,0.5651460571994964,0.8027670911720356,FALSE
nba,linear,7,0.35000000000000003,8,0.7544444444444446,0.8310588235294115,826,0.7935748779369016,0.7602905569007266,-0.033284321036175214,0.02603314819329128,4.343577085455024,-0.1463613069908101,0.07979266491845965,0.6472135709460916,0.8733675428553613,FALSE
nba,linear,7,0.35000000000000003,9,0.8313333333333333,0.906,827,0.8695876214917297,0.841596130592503,-0.02799149089922668,0.0202813111055193,4.343577085455024,-0.11608492908014481,0.06010194728169146,0.753502692411585,0.9296895687734212,FALSE
nba,linear,7,0.35000000000000003,10,0.9063333333333335,0.9984375,827,0.9487829847073158,0.9310761789600969,-0.01770680574721914,0.014791186758659614,4.343577085455024,-0.0819534656188188,0.046539854124380525,0.866829519088497,0.9953228388316964,FALSE
nba,linear,8,0.4,1,0.001,0.1498,826,0.08285303046758036,0.1222760290556901,0.039422998588109714,0.018822878805539022,4.343577085455024,-0.04233562647392662,0.12118162365014605,0.040517403993653736,0.20403465411772642,FALSE
nba,linear,8,0.4,2,0.14999999999999994,0.26940000000000014,826,0.21125761202026333,0.25665859564164656,0.04540098362138317,0.026527476902601,4.343577085455024,-0.06982315718769194,0.1606251244304583,0.1414344548325714,0.3718827364507216,FALSE
nba,linear,8,0.4,3,0.26960000000000006,0.3817368421052632,827,0.3282625886594832,0.35308343409915355,0.02482084543967036,0.027130680906360467,4.343577085455024,-0.0930233584579891,0.14266504933732982,0.23523923020149412,0.47092763799681303,FALSE
nba,linear,8,0.4,4,0.38192857142857145,0.4895714285714287,825,0.4368267797104552,0.45454545454545453,0.017718674834999372,0.02989075051479937,4.343577085455024,-0.11211410416813614,0.14755145383813487,0.3247126755423191,0.5843782335485901,FALSE
nba,linear,8,0.4,5,0.4899999999999999,0.5865,828,0.5371266942720303,0.5229468599033817,-0.014179834368648702,0.029570489740330323,4.343577085455024,-0.14262153601043037,0.11426186727313298,0.39450515826159993,0.6513885615451633,FALSE
nba,linear,8,0.4,6,0.5867000000000001,0.6758125,826,0.6314454479810958,0.6452784503631962,0.013833002382100328,0.029098240034367374,4.343577085455024,-0.11255744625824782,0.1402234510224485,0.518888001722848,0.7716688990035443,FALSE
nba,linear,8,0.4,7,0.675888888888889,0.7590869565217392,827,0.7182936706379182,0.6989117291414754,-0.019381941496442966,0.028768899884761223,4.343577085455024,-0.1443418758096415,0.10557799281675556,0.5739517948282766,0.8238716634546737,FALSE
nba,linear,8,0.4,8,0.7592941176470587,0.8403333333333333,826,0.8020366998187938,0.7723970944309928,-0.029639605387801075,0.023695215557405377,4.343577085455024,-0.13256160071786446,0.07328238994226233,0.6694750991009293,0.8753190897610561,FALSE
nba,linear,8,0.4,9,0.8403703703703703,0.9177777777777778,825,0.8812921626540049,0.8496969696969697,-0.03159519295703522,0.020626307145762933,4.343577085455024,-0.12118714803292832,0.057996762118857875,0.7601050146210766,0.9392889247728627,FALSE
nba,linear,8,0.4,10,0.918,0.999,829,0.957749522498217,0.9493365500603137,-0.008412972437903376,0.012513546289932113,4.343577085455024,-0.06276652536063324,0.04594058048482648,0.8949829971375838,1.0036901029830434,FALSE
nba,linear,9,0.45,1,0.001,0.1318888888888889,825,0.06813551110231045,0.10303030303030299,0.03489479192799257,0.017299286167133086,4.343577085455024,-0.04024599106229577,0.11003557491828092,0.02788952004001468,0.17817108602059137,FALSE
nba,linear,9,0.45,2,0.132,0.2524999999999999,827,0.19293283539100395,0.2515114873035066,0.0585786519125027,0.024973719189697725,4.343577085455024,-0.04989662249845676,0.16705392632346217,0.1430362128925472,0.3599867617144661,FALSE
nba,linear,9,0.45,3,0.25275000000000003,0.3678,826,0.3085566786555105,0.31476997578692484,0.00621329713141445,0.027501859077129324,4.343577085455024,-0.11324314776341773,0.12566974202624664,0.19531353089209277,0.43422642068175715,FALSE
nba,linear,9,0.45,4,0.368,0.4822,827,0.4265853945083651,0.4534461910519952,0.026860796543630085,0.030119656427943866,4.343577085455024,-0.10396625293856501,0.15768784602582517,0.3226191415698001,0.5842732405341903,FALSE
nba,linear,9,0.45,5,0.48225,0.5892083333333333,827,0.5373690030354983,0.5308343409915355,-0.00653466204396261,0.02884049846747458,4.343577085455024,-0.13180559032038594,0.11873626623246072,0.4055634127151123,0.656105269267959,FALSE
nba,linear,9,0.45,6,0.5893333333333333,0.6834,826,0.6375854378528579,0.6658595641646491,0.028274126311791038,0.029081273454688607,4.343577085455024,-0.09804262668184587,0.15459087930542795,0.5395428111710121,0.7921763171582858,FALSE
nba,linear,9,0.45,7,0.6835454545454545,0.7729565217391304,825,0.729943747415201,0.7103030303030303,-0.01964071711217059,0.026928288230863826,4.343577085455024,-0.1366058128222789,0.09732437859793773,0.5933379345929221,0.8272681260131387,FALSE
nba,linear,9,0.45,8,0.773,0.8557272727272727,828,0.8148327692809281,0.7874396135265701,-0.027393155754358,0.02384730724972939,4.343577085455024,-0.13097577307408806,0.07618946156537207,0.68385699620684,0.8910222308463002,FALSE
nba,linear,9,0.45,9,0.85575,0.9301428571428572,827,0.8943713648295941,0.8561064087061668,-0.0382649561234272,0.019731013685229663,4.343577085455024,-0.12396813503939026,0.04743822279253586,0.7704032297902038,0.94180958762213,FALSE
nba,linear,9,0.45,10,0.9302631578947368,0.999,827,0.9663391184642457,0.9516324062877871,-0.014706712176458536,0.012391234164558687,4.343577085455024,-0.06852899295414308,0.039115568601226,0.8978101255101026,1.0054546870654717,FALSE
nba,linear,10,0.5,1,0,0.115,825,0.057236363636363634,0.10060606060606062,0.04336969696969697,0.017729167186409597,4.343577085455024,-0.03363830736539288,0.12037770130478681,0.023598056270970752,0.17761406494115045,FALSE
nba,linear,10,0.5,2,0.116,0.23,821,0.1704774665042631,0.19123020706455543,0.020752740560292336,0.023496025141941112,4.343577085455024,-0.08130405584551821,0.12280953696610288,0.08917341065874489,0.29328700347036596,FALSE
nba,linear,10,0.5,3,0.231,0.357,828,0.2923485547555704,0.3369565217391303,0.04460796698355999,0.02785240233793255,4.343577085455024,-0.07637108958635777,0.16558702355347774,0.21597746516921265,0.4579355783090482,FALSE
nba,linear,10,0.5,4,0.358,0.478,825,0.41762424242424245,0.41818181818181827,5.57575757575751e-4,0.029160045580859013,4.343577085455024,-0.12610133003826748,0.127216481553419,0.29152291238597494,0.5448407239776615,FALSE
nba,linear,10,0.5,5,0.479,0.591,831,0.5345559566787004,0.5812274368231046,0.04667148014440432,0.028957875434248635,4.343577085455024,-0.079109284035259,0.17245224432406764,0.45544667264344135,0.7070082010027681,FALSE
nba,linear,10,0.5,6,0.592,0.686,821,0.6393897685749087,0.6248477466504265,-0.014542021924482338,0.029495000074169445,4.343577085455024,-0.14265582838213897,0.11357178453317429,0.49673394019276973,0.752961553108083,FALSE
nba,linear,10,0.5,7,0.687,0.784,827,0.7362744860943168,0.7351874244256349,-0.0010870616686819714,0.02555122889299441,4.343577085455024,-0.11207079399350883,0.10989667065614489,0.624203692100808,0.8461711567504617,FALSE
nba,linear,10,0.5,8,0.785,0.868,830,0.8264677772593791,0.7951807228915663,-0.03128705436781293,0.022703496920108517,4.343577085455024,-0.129901443349695,0.06732733461406915,0.6965663339096841,0.8937951118734483,FALSE
nba,linear,10,0.5,9,0.869,0.941,821,0.907468940316687,0.8769792935444579,-0.03048964677222902,0.018989892975654843,4.343577085455024,-0.11297371075652671,0.051994417212068676,0.7944952295601603,0.9594633575287557,FALSE
nba,linear,10,0.5,10,0.942,1,836,0.972950956937799,0.9593301435406699,-0.013620813397129141,0.01119688011426792,4.343577085455024,-0.06225532529005032,0.03501369849579203,0.9106956316477487,1.007964655433591,FALSE
nba,linear,11,0.55,1,0.001,0.09087500000000004,826,0.04123878384304158,0.0750605326876513,0.03382174884460975,0.015044825341242416,4.343577085455024,-0.03152660976228388,0.09917010745150337,0.009712174080757703,0.14040889129454495,FALSE
nba,linear,11,0.55,2,0.09103571428571436,0.20788888888888887,826,0.14903645511935715,0.1864406779661016,0.03740422284674456,0.02324281208867414,4.343577085455024,-0.06355272314315746,0.13836116883664656,0.08548373197619968,0.2873976239560037,FALSE
nba,linear,11,0.55,3,0.20806896551724147,0.3346842105263154,827,0.27193930182571335,0.32406287787182586,0.05212357604611258,0.028443534143072297,4.343577085455024,-0.07142310708709386,0.175670259179319,0.20051619473861948,0.44760956100503235,FALSE
nba,linear,11,0.55,4,0.3347142857142857,0.4648,826,0.40119220920256876,0.4346246973365619,0.03343248813399299,0.028798146892027785,4.343577085455024,-0.09165448280978672,0.1585194590777727,0.30953772639278204,0.5597116682803415,FALSE
nba,linear,11,0.55,5,0.464875,0.5862499999999999,827,0.5269085112944595,0.5441354292623942,0.017226917967934744,0.029843743450517685,4.343577085455024,-0.11240168222793234,0.14685551816380182,0.41450682906652714,0.6737640294582613,FALSE
nba,linear,11,0.55,6,0.586333333333333,0.6981176470588232,826,0.6430207072876141,0.6464891041162227,0.0034683968286086933,0.02776735534400194,4.343577085455024,-0.11714125156728523,0.12407804522450262,0.5258794557203288,0.7670987525121167,FALSE
nba,linear,11,0.55,7,0.6982666666666665,0.7993076923076925,827,0.7512729874116861,0.7303506650544136,-0.020922322357272594,0.027489004832158527,4.343577085455024,-0.1403229338481988,0.09847828913365361,0.6109500535634873,0.8497512765453398,FALSE
nba,linear,11,0.55,8,0.7995,0.8875,826,0.8437966452895709,0.8220338983050848,-0.021762746984486204,0.022329989912307925,4.343577085455024,-0.11875477948602875,0.07522928551705635,0.7250418658035421,0.9190259308066272,FALSE
nba,linear,11,0.55,9,0.888,0.95575,827,0.9221775065650879,0.8887545344619104,-0.03342297210317734,0.017733531127837307,4.343577085455024,-0.11044993155425485,0.04360398734790018,0.811727575010833,0.9657814939129881,FALSE
nba,linear,11,0.55,10,0.9557727272727272,0.999,827,0.9816334941553918,0.9733978234582829,-0.008235670697108876,0.009145244961405022,4.343577085455024,-0.04795874715234075,0.03148740575812299,0.9336747470030511,1.0131208999135148,FALSE
nba,linear,12,0.6000000000000001,1,0.001,0.0719999999999998,826,0.030475344336201415,0.05569007263922523,0.025214728303023768,0.013206746249389556,4.343577085455024,-0.03214979207924379,0.08257924868529133,-0.0016744477430423732,0.11305459302149275,FALSE
nba,linear,12,0.6000000000000001,2,0.07221428571428584,0.18849999999999945,826,0.12499014482672732,0.16222760290556906,0.0372374580788417,0.021105635042512786,4.343577085455024,-0.05443649466579341,0.1289114108234768,0.07055365016093391,0.2539015556502041,FALSE
nba,linear,12,0.6000000000000001,3,0.1886428571428573,0.3226666666666647,827,0.25465763746719594,0.3047158403869409,0.05005820291974482,0.027858715541735326,4.343577085455024,-0.0709482755375465,0.17106468137703612,0.18370936192964943,0.42572231884423206,FALSE
nba,linear,12,0.6000000000000001,4,0.322749999999999,0.4585000000000023,826,0.39320002620888006,0.4370460048426149,0.04384597863373498,0.029808665285296843,4.343577085455024,-0.08563025684747902,0.173322214114949,0.307569769361401,0.566522240323829,FALSE
nba,linear,12,0.6000000000000001,5,0.458818181818181,0.5893333333333343,827,0.5268235181621838,0.5586457073760579,0.03182218921387428,0.028314730800468788,4.343577085455024,-0.09116502667186954,0.1548094050996181,0.4356584914903142,0.6816329232618019,FALSE
nba,linear,12,0.6000000000000001,6,0.5896999999999994,0.7051818181818195,826,0.6471167466315568,0.6464891041162228,-6.276425153340199e-4,0.02813458770280867,4.343577085455024,-0.12283239296997847,0.12157710793931042,0.5242843536615783,0.7686938545708673,FALSE
nba,linear,12,0.6000000000000001,7,0.7052105263157892,0.8163333333333339,827,0.7611097040811183,0.7424425634824668,-0.01866714059865162,0.02480433635591098,4.343577085455024,-0.12640668761410553,0.08907240641680231,0.6347030164670128,0.8501821104979206,FALSE
nba,linear,12,0.6000000000000001,8,0.816428571428571,0.9046666666666672,826,0.8607390821445965,0.8232445520581113,-0.03749453008648517,0.021467087850271134,4.343577085455024,-0.13073848096437282,0.055749420791402486,0.7300006011802237,0.9164885029359989,FALSE
nba,linear,12,0.6000000000000001,9,0.9048260869565216,0.9683846153846154,827,0.9382596824434294,0.9141475211608223,-0.02411216128260708,0.016788146894620024,4.343577085455024,-0.09703277144133154,0.04880844887611738,0.8412269110020978,0.9870681313195467,FALSE
nba,linear,12,0.6000000000000001,10,0.9685833333333332,0.999,827,0.9879246801919992,0.9806529625151149,-0.0072717176768843225,0.007808927571644427,4.343577085455024,-0.041190396539057005,0.026646961185288358,0.9467342836529422,1.0145716413772876,FALSE
nba,linear,13,0.65,1,0.001,0.05406249999999977,826,0.020069429245844757,0.037530266343825655,0.017460837097980908,0.011348203145994596,4.343577085455024,-0.031830958048049834,0.06675263224401165,-0.011761528802205077,0.08682206148985641,FALSE
nba,linear,13,0.65,2,0.05410000000000014,0.16169230769230783,826,0.1028339171156946,0.14648910411622273,0.043655187000528166,0.021202015577106017,4.343577085455024,-0.04843740202565001,0.13574777602670635,0.054396515090044596,0.23858169314240096,FALSE
nba,linear,13,0.65,3,0.16176923076923114,0.30183333333333334,826,0.23020229442417794,0.274818401937046,0.044616107512868076,0.026744327004633965,4.343577085455024,-0.07154993843037602,0.16078215345611216,0.15865235599380192,0.3909844478802901,FALSE
nba,linear,13,0.65,4,0.302,0.4512500000000003,826,0.37570918982436186,0.4164648910411623,0.04075570121680039,0.028259617286105453,4.343577085455024,-0.08199212487085596,0.16350352730445672,0.2937170649535059,0.5392127171288186,FALSE
nba,linear,13,0.65,5,0.4515,0.5893333333333348,828,0.5228293101768654,0.5495169082125605,0.026687598035695016,0.0280087365243992,4.343577085455024,-0.09497050812423255,0.14834570419562257,0.4278588020526328,0.6711750143724879,FALSE
nba,linear,13,0.65,6,0.5895833333333331,0.7170625000000003,826,0.6563869943840308,0.6828087167070216,0.026421722322991024,0.027252380303297748,4.343577085455024,-0.0919510922865189,0.14479453693250097,0.5644359020975119,0.8011815313165318,FALSE
nba,linear,13,0.65,7,0.7171538461538465,0.828631578947368,827,0.7760784765232605,0.7533252720677148,-0.022753204455545857,0.025447239326245395,4.343577085455024,-0.1332852500811153,0.0877788411700236,0.6427932264421452,0.863857317693284,FALSE
nba,linear,13,0.65,8,0.8286666666666663,0.9224375,826,0.8787643301359166,0.8474576271186443,-0.03130670301727256,0.021136848968048943,4.343577085455024,-0.12311623585361361,0.06050282981906851,0.755648094282303,0.9392671599549851,FALSE
nba,linear,13,0.65,9,0.9226470588235296,0.9785,826,0.953022595673132,0.9297820823244553,-0.023240513348676696,0.014170176869312035,4.343577085455024,-0.08478976889506526,0.038308742197711874,0.8682328267780667,0.9913313378708438,FALSE
nba,linear,13,0.65,10,0.9785555555555556,0.999,828,0.9923359156496091,0.9867149758454106,-0.005620939804198474,0.006873033370635166,4.343577085455024,-0.035474490060457095,0.024232610452060144,0.956861425589152,1.0165685261016693,FALSE
nba,linear,14,0.7000000000000001,1,0.001,0.03694444444444449,824,0.01289829825559074,0.02548543689320386,0.012587138637613137,0.009123171582922501,4.343577085455024,-0.027040060396643483,0.052214337671869754,-0.014141762141052743,0.0651126359274605,FALSE
nba,linear,14,0.7000000000000001,2,0.03699999999999968,0.1338636363636362,828,0.08213650180796343,0.12922705314009647,0.04709055133213319,0.020089361524340352,4.343577085455024,-0.04016913904641338,0.13435024171067977,0.04196736276155005,0.21648674351864322,FALSE
nba,linear,14,0.7000000000000001,3,0.13400000000000015,0.28282352941176414,826,0.20393922814411633,0.2542372881355931,0.050298059991476914,0.02636599433609396,4.343577085455024,-0.06422466884201775,0.1648207888249716,0.13971455930209858,0.3687600169690879,FALSE
nba,linear,14,0.7000000000000001,4,0.28299999999999975,0.4387272727272732,827,0.3609944954467902,0.4026602176541715,0.04166572220738154,0.028727578740678446,4.343577085455024,-0.08311473053123425,0.16644617494599734,0.27787976491555594,0.5274406703927875,FALSE
nba,linear,14,0.7000000000000001,5,0.4389999999999952,0.5977999999999986,827,0.5178672569767683,0.535671100362757,0.017803843385988737,0.02813863424998343,4.343577085455024,-0.1044184835582392,0.14002617033021666,0.4134487734185291,0.657893427306985,FALSE
nba,linear,14,0.7000000000000001,6,0.597833333333333,0.7387999999999996,826,0.6695544552071395,0.6803874092009687,0.01083295399382905,0.026912360237788462,4.343577085455024,-0.10606295725053984,0.12772886523819793,0.5634914979565997,0.7972833204453375,FALSE
nba,linear,14,0.7000000000000001,7,0.7389999999999969,0.8573076923076915,827,0.7998295470630126,0.7775090689238211,-0.022320478139191493,0.024338880123883667,4.343577085455024,-0.12803828013092933,0.08339732385254635,0.6717912669320832,0.883226870915559,FALSE
nba,linear,14,0.7000000000000001,8,0.8574285714285723,0.9403333333333334,826,0.9002101444996827,0.8837772397094431,-0.016432904790239632,0.01878382929783768,4.343577085455024,-0.09802191530542612,0.06515610572494684,0.8021882291942566,0.9653662502246296,FALSE
nba,linear,14,0.7000000000000001,9,0.9403529411764708,0.9856,825,0.9662309486720443,0.9418181818181819,-0.024412766853862487,0.013681557776790388,4.343577085455024,-0.0838396677064582,0.035014133998733224,0.8823912809655861,1.0012450826707775,FALSE
nba,linear,14,0.7000000000000001,10,0.9856666666666668,0.999,829,0.9953210070456541,0.9939686369119421,-0.0013523701337119563,0.004863193228763967,4.343577085455024,-0.022476024804311157,0.019771284536887243,0.972844982241343,1.0150922915825413,FALSE
nba,linear,15,0.75,1,0,0.02300000000000002,820,0.007147560975609757,0.00853658536585367,0.001389024390243889,0.005296870062573709,4.343577085455024,-0.021618339038183994,0.02439638781867177,-0.014470778062574238,0.03154394879428153,FALSE
nba,linear,15,0.75,2,0.024,0.111,827,0.06253929866989118,0.09673518742442563,0.03419588875453445,0.017510366830135668,4.343577085455024,-0.04186173936675456,0.11025351687582347,0.020677559303136618,0.17279281554571463,FALSE
nba,linear,15,0.75,3,0.112,0.263,829,0.1819167671893848,0.2472858866103739,0.06536911942098915,0.025742597917941527,4.343577085455024,-0.04644583901546388,0.17718407785744217,0.13547092817392092,0.35910084504682693,FALSE
nba,linear,15,0.75,4,0.264,0.422,828,0.34145531400966184,0.3659420289855072,0.024486714975845435,0.028086138610946273,4.343577085455024,-0.09750759311357439,0.14648102306526525,0.24394772089608746,0.4879363370749271,FALSE
nba,linear,15,0.75,5,0.423,0.602,825,0.5127078787878788,0.5539393939393935,0.041231515151515165,0.028628784394995603,4.343577085455024,-0.08311981673102012,0.16558284703405043,0.42958806205685873,0.6782907258219293,FALSE
nba,linear,15,0.75,6,0.603,0.751,829,0.6762619465913718,0.6851628468033775,0.008900900212005774,0.02760266096153191,4.343577085455024,-0.11099338543808818,0.12879518586209973,0.5652685611532837,0.8050571324534715,FALSE
nba,linear,15,0.75,7,0.752,0.872,820,0.8148492471803989,0.8073170731707318,-0.007532174009667205,0.02208533612976889,4.343577085455024,-0.1034615339475033,0.0883971859281689,0.7113877132328955,0.9032464331085678,FALSE
nba,linear,15,0.75,8,0.873,0.954,832,0.9174615384615384,0.9014423076923077,-0.016019230769230782,0.017868994361998583,4.343577085455024,-0.09363458522013285,0.06159612368167128,0.8238269532414055,0.9790576621432097,FALSE
nba,linear,15,0.75,9,0.955,0.991,784,0.9762482152201539,0.9553571428571428,-0.020891072363011125,0.011669553531625493,4.343577085455024,-0.07157867768047037,0.02979653295444812,0.9046695375396836,1.006044748174602,FALSE
nba,linear,15,0.75,10,0.992,1,871,0.9973797380307894,0.9977037887485649,3.24050717775527e-4,0.002738699008861168,4.343577085455024,-0.011571699541072228,0.012219800976623283,0.9858080384897172,1.0095995390074126,FALSE
nba,linear,16,0.8,1,0.001,0.01245454545454543,826,0.003598573723009801,0.004842615012106509,0.0012440412890967418,0.004050061345667783,4.343577085455024,-0.01634771236663298,0.018835794944826463,-0.01274913864362318,0.022434368667836265,FALSE
nba,linear,16,0.8,2,0.01246153846153846,0.08352173913043491,826,0.04241751774190333,0.07627118644067801,0.03385366869877463,0.015299055056772504,4.343577085455024,-0.03259895627493723,0.1003062936724865,0.009818561466966101,0.14272381141438983,FALSE
nba,linear,16,0.8,3,0.08361538461538469,0.23154545454545464,827,0.15068143728485853,0.21039903264812573,0.05971759536326721,0.02571242445416294,4.343577085455024,-0.05196630230732834,0.17140149303386276,0.09871513497753018,0.32208293031872126,FALSE
nba,linear,16,0.8,4,0.2318181818181821,0.421,826,0.32284434399380263,0.37651331719128295,0.05366897319748064,0.02843114451311021,4.343577085455024,-0.06982389462292521,0.17716184101788648,0.2530204493708774,0.5000061850116891,FALSE
nba,linear,16,0.8,5,0.4212105263157897,0.6071500000000004,827,0.5132476969824573,0.5332527206771466,0.02000502369468899,0.030217743176608143,4.343577085455024,-0.11124807314139107,0.15125812053076904,0.40199962384106624,0.6645058175132263,FALSE
nba,linear,16,0.8,6,0.6072,0.7752352941176474,826,0.6941048882991548,0.6937046004842614,-4.002878148933548e-4,0.026609383460326687,4.343577085455024,-0.11598019607125427,0.11517962044146755,0.5781246922279005,0.8092845087406224,FALSE
nba,linear,16,0.8,7,0.775333333333333,0.8985600000000002,827,0.8415869235454025,0.8198307134220073,-0.021756210123395306,0.02197302054204028,4.343577085455024,-0.11719771864803401,0.0736852984012434,0.7243892048973686,0.9152722219466459,FALSE
nba,linear,16,0.8,8,0.8986000000000003,0.9706,825,0.9389824013569498,0.9284848484848484,-0.0104975528721013,0.014780531234479964,4.343577085455024,-0.07469792965304074,0.05370282390883814,0.864284471703909,0.992685225265788,FALSE
nba,linear,16,0.8,9,0.9706666666666666,0.9966666666666668,828,0.9866005005315116,0.9818840579710144,-0.004716442560497086,0.00808462131018796,4.343577085455024,-0.03983261842801089,0.030399733307016716,0.9467678821035007,1.0170002338385282,FALSE
nba,linear,16,0.8,10,0.9966842105263156,0.999,827,0.9986395795095512,1,0.0013604204904488458,3.740913118520147e-5,4.343577085455024,0.0011979310454460238,0.0015229099354516678,0.9998375105549973,1.0001624894450027,TRUE
nba,linear,17,0.8500000000000001,1,0.001,0.00511764705882355,826,0.0016550991277761006,0.0012106537530266242,-4.4444537474948016e-4,0.002050284579639867,4.343577085455024,-0.009350014493534991,0.008461123744036032,-0.00769491536575889,0.010116222871812132,FALSE
nba,linear,17,0.8500000000000001,2,0.00514285714285712,0.05686666666666683,825,0.025433131235754795,0.043636363636363654,0.018203232400608838,0.011843421603696731,4.343577085455024,-0.03323958229059128,0.06964604709180895,-0.0078064510548364816,0.09507917832756374,FALSE
nba,linear,17,0.8500000000000001,3,0.05699999999999819,0.2027777777777764,828,0.12252953871649176,0.1739130434782609,0.0513835047617691,0.022663470280370406,4.343577085455024,-0.04705702542493874,0.14982403494847696,0.07547251329155302,0.2723535736649687,FALSE
nba,linear,17,0.8500000000000001,4,0.2030000000000005,0.4009090909090892,826,0.29735205736871945,0.3486682808716706,0.051316223502951286,0.027996058352040783,4.343577085455024,-0.0702868140380348,0.17291926104393737,0.22706524333068465,0.4702713184126568,FALSE
nba,linear,17,0.8500000000000001,5,0.40100000000000063,0.6184615384615382,827,0.5112775433025721,0.5211608222490929,0.009883278946520989,0.02960187912866361,4.343577085455024,-0.11869476492315159,0.13846132281619358,0.39258277837942057,0.6497388661187657,FALSE
nba,linear,17,0.8500000000000001,6,0.6187333333333345,0.8027499999999995,825,0.7143514611004543,0.7284848484848485,0.014133387384394172,0.02613791421535214,4.343577085455024,-0.09939865786299854,0.12766543263178687,0.6149528032374558,0.8420168937322412,FALSE
nba,linear,17,0.8500000000000001,7,0.8029999999999993,0.9265999999999996,828,0.8722797360599083,0.8611111111111114,-0.01116862494879711,0.02064295483713911,4.343577085455024,-0.1008328905554775,0.07849564065788328,0.7714468455044308,0.9507753767177916,FALSE
nba,linear,17,0.8500000000000001,8,0.9268333333333332,0.9829565217391304,822,0.9598846214074879,0.9562043795620438,-0.003680241845444031,0.012302092228782854,4.343577085455024,-0.057115327753539565,0.04975484406265151,0.9027692936539483,1.0096394654701393,FALSE
nba,linear,17,0.8500000000000001,9,0.983,0.9989333333333332,831,0.992978642258743,0.9915764139590855,-0.0014022282996575945,0.005182247767064516,4.343577085455024,-0.023911720951829495,0.021107264352514303,0.9690669213069135,1.0140859066112573,FALSE
nba,linear,17,0.8500000000000001,10,0.9989375,0.999,827,0.9989998068655113,0.9987908101571947,-2.0899670831654192e-4,0.002053021394358453,4.343577085455024,-0.00912645339280084,0.008708459976167756,0.9898733534727104,1.007708266841679,FALSE
nba,linear,18,0.9,1,0.001,0.00156249999999999,826,0.0010148788005288113,0,-0.0010148788005288113,4.474034537711918e-6,4.343577085455024,-0.0010343121144263511,-9.954454866312715e-4,-1.9433313897539812e-5,1.9433313897539812e-5,TRUE
nba,linear,18,0.9,2,0.00160000000000001,0.03382352941176445,824,0.012377576081454789,0.019417475728155345,0.007039899646700549,0.008041879932489258,4.343577085455024,-0.02789062575204039,0.04197042504544149,-0.015513049670585602,0.05434800112689628,FALSE
nba,linear,18,0.9,3,0.03399999999999993,0.161,829,0.08652646625319872,0.12183353437876959,0.03530706812557089,0.019497782931934854,4.343577085455024,-0.04938305503475742,0.1199971912858992,0.0371434112184413,0.2065236575390979,FALSE
nba,linear,18,0.9,4,0.16111538461538477,0.38866666666666666,826,0.26816971768407943,0.3087167070217921,0.04054698933771233,0.026733200023757904,4.343577085455024,-0.07557072570636822,0.15666470438179286,0.19259899197771121,0.4248344220658723,FALSE
nba,linear,18,0.9,5,0.389,0.65,827,0.518813691329444,0.5501813784764208,0.031367687146976866,0.029168290655283126,4.343577085455024,-0.09532703176520284,0.15806240605915656,0.42348665956424114,0.6768760973886006,FALSE
nba,linear,18,0.9,6,0.6500909090909086,0.844,826,0.7502711547704117,0.7651331719128329,0.01486201714242113,0.024068928813689088,4.343577085455024,-0.08968323052416696,0.11940726480900923,0.6605879242462448,0.8696784195794209,FALSE
nba,linear,18,0.9,7,0.8444000000000002,0.9538749999999996,825,0.9079103935982753,0.88,-0.027910393598275334,0.01927904370889073,4.343577085455024,-0.11165040608169896,0.055829618885148286,0.7962599875165763,0.9637400124834236,FALSE
nba,linear,18,0.9,8,0.954,0.992764705882353,827,0.9781425173234803,0.9818621523579202,0.0037196350344398765,0.007866056435083056,4.343577085455024,-0.03044718744988292,0.03788645751876267,0.9476953298735974,1.016028974842243,FALSE
nba,linear,18,0.9,9,0.9928,0.999,1655,0.9981719473676255,0.9987915407854985,6.195934178730289e-4,0.0014366615775233142,4.343577085455024,-0.005620656889810905,0.006859843725556963,0.9925512904778145,1.0050317910931825,FALSE
nba,linear,19,0.95,1,0.001,0.0135,1652,0.0024612265416954745,6.053268765133278e-4,-0.0018558996651821579,0.001022727837615756,4.343577085455024,-0.006298196865306922,0.0025863975349426065,-0.003836970323611448,0.005047624076638081,FALSE
nba,linear,19,0.95,2,0.0136363636363637,0.11289473684210496,827,0.05263073543823019,0.04715840386940757,-0.0054723315688227055,0.01205424476118962,4.343577085455024,-0.057830872895992216,0.0468862097583468,-0.005200137457762023,0.099516945196577,FALSE
nba,linear,19,0.95,3,0.113,0.36933333333333335,826,0.23211156380364847,0.2409200968523003,0.008808533048651788,0.02605300921631247,4.343577085455024,-0.10435472079047162,0.12197178688777519,0.12775684301317686,0.35408335069142366,FALSE
nba,linear,19,0.95,4,0.369749999999999,0.6652000000000003,827,0.5154110305054604,0.5695284159613059,0.05411738545584544,0.028416722024823905,4.343577085455024,-0.06931283717492476,0.17754760808661565,0.4460981933305357,0.6929586385920761,FALSE
nba,linear,19,0.95,5,0.6656666666666674,0.8945555555555555,826,0.797016006675098,0.8208232445520581,0.02380723787696009,0.023403873745107374,4.343577085455024,-0.07784929183317077,0.12546376758709094,0.7191667148419272,0.9224797742621889,FALSE
nba,linear,19,0.95,6,0.89475,0.9822105263157894,827,0.9475001954145779,0.9492140266021766,0.0017138311875986097,0.013313041567982875,4.343577085455024,-0.05611239110480203,0.05954005347999925,0.8913878043097758,1.007040248894577,FALSE
nba,linear,19,0.95,7,0.9822857142857142,0.999,2480,0.9972471507420305,0.9987903225806452,0.0015431718386146162,0.0012130843576740327,4.343577085455024,-0.0037259535801022385,0.006812297257331471,0.9935211971619283,1.004059447999362,FALSE
nba,locf,0,0,1,0.017,0.315,825,0.23815757575757576,0.23393939393939378,-0.00421818181818182,0.02578357783189283,4.118134548072014,-0.1103984244606034,0.10196206082423977,0.12775915129697235,0.34011963658181554,FALSE
nba,locf,0,0,2,0.316,0.403,814,0.36332923832923836,0.35626535626535627,-0.007063882063882041,0.027797091718046077,4.118134548072014,-0.12153604580389404,0.10740828167612995,0.2417931925253443,0.4707375200053683,FALSE
nba,locf,0,0,3,0.404,0.476,837,0.4400454002389486,0.4492234169653524,0.009178016726403823,0.028558549548837416,4.118134548072014,-0.10842993281348996,0.12678596626629762,0.33161546742545867,0.5668313665052462,FALSE
nba,locf,0,0,4,0.477,0.532,827,0.5043700120918985,0.5030229746070132,-0.001347037484885112,0.029823687023494954,4.118134548072014,-0.1241649933672267,0.12147091839745647,0.3802050187246718,0.625840930489355,FALSE
nba,locf,0,0,5,0.533,0.585,816,0.5585833333333333,0.5404411764705882,-0.01814215686274508,0.028605328523802008,4.118134548072014,-0.13594274851556395,0.0996584347900738,0.42264058481776934,0.6582417681234072,FALSE
nba,locf,0,0,6,0.586,0.637,824,0.6112123786407767,0.6080097087378642,-0.0032026699029126023,0.030339122539377397,4.118134548072014,-0.12814325859051298,0.12173791878468779,0.4830691200502637,0.7329502974254645,FALSE
nba,locf,0,0,7,0.638,0.695,839,0.6651168057210965,0.635280095351609,-0.029836710369487488,0.02845783680640909,4.118134548072014,-0.1470299112853561,0.08735649054638113,0.5180868944357404,0.7524732962674777,FALSE
nba,locf,0,0,8,0.696,0.753,818,0.7237921760391198,0.7053789731051344,-0.018413202933985306,0.027230527873862116,4.118134548072014,-0.13055218053357484,0.09372577466560424,0.593239995505545,0.8175179507047241,FALSE
nba,locf,0,0,9,0.754,0.82,829,0.7851797346200241,0.7563329312424608,-0.028846803377563342,0.026402520743043795,4.118134548072014,-0.13757593620567998,0.07988232945055329,0.6476037984143441,0.8650620640705774,FALSE
nba,locf,0,0,10,0.821,0.986,836,0.8716614832535885,0.8325358851674641,-0.03912559808612438,0.021615401465082625,4.118134548072014,-0.12814072962992756,0.0498895334576788,0.743520753623661,0.9215510167112673,FALSE
nba,locf,1,0.05,1,0.031,0.297,824,0.21686407766990293,0.23786407766990292,0.020999999999999994,0.025099321998507625,4.118134548072014,-0.08236238505523816,0.12436238505523814,0.13450169261466477,0.34122646272514107,FALSE
nba,locf,1,0.05,2,0.298,0.392,818,0.34866259168704156,0.3801955990220049,0.031533007334963295,0.02970499986775329,4.118134548072014,-0.09079617887090613,0.15386219354083272,0.2578664128161354,0.5025247852278742,FALSE
nba,locf,1,0.05,3,0.393,0.4630000000000001,836,0.42983373205741626,0.4246411483253589,-0.005192583732057397,0.029570179294684706,4.118134548072014,-0.1269665606781822,0.11658139321406742,0.302867171379234,0.5464151252714837,FALSE
nba,locf,1,0.05,4,0.464,0.528,824,0.4967924757281553,0.4684466019417476,-0.02834587378640777,0.030170733962995456,4.118134548072014,-0.15259301566010902,0.09590126808729349,0.3441994600680463,0.5926937438154488,FALSE
nba,locf,1,0.05,5,0.529,0.5860000000000001,822,0.5571167883211678,0.5462287104622869,-0.010888077858880768,0.029477746952697427,4.118134548072014,-0.1322814059841086,0.11050525026634704,0.42483538233705925,0.6676220385875149,FALSE
nba,locf,1,0.05,6,0.587,0.644,833,0.6160552220888356,0.5918367346938774,-0.024218487394957976,0.028045264658571396,4.118134548072014,-0.1397126606952439,0.09127568590532796,0.47634256139359166,0.7073309079941635,FALSE
nba,locf,1,0.05,7,0.645,0.699,825,0.6719866666666667,0.6375757575757576,-0.034410909090909096,0.028115975937107504,4.118134548072014,-0.15019628095027293,0.08137446276845473,0.5217903857163938,0.7533611294351215,FALSE
nba,locf,1,0.05,8,0.7,0.76,815,0.7304466257668711,0.7165644171779141,-0.013882208588957006,0.02683830429941608,4.118134548072014,-0.12440595673605202,0.09664153955813802,0.6060406690308191,0.8270881653250092,FALSE
nba,locf,1,0.05,9,0.761,0.831,837,0.7937287933094385,0.7837514934289128,-0.009977299880525705,0.024800026044841463,4.118134548072014,-0.11210714392887308,0.09215254416782168,0.6816216493805654,0.8858813374772602,FALSE
nba,locf,1,0.05,10,0.832,0.985,831,0.8841901323706378,0.835138387484958,-0.049051744885679906,0.022082353383382564,4.118134548072014,-0.13998984725652258,0.04188635748516276,0.7442002851141152,0.9260764898558006,FALSE
nba,locf,2,0.1,1,0.024,0.269,818,0.1905843520782396,0.21882640586797086,0.02824205378973105,0.025548560253627166,4.118134548072014,-0.07697035484423048,0.13345446242369258,0.11361399723400911,0.32403881450193217,FALSE
nba,locf,2,0.1,2,0.27,0.372,831,0.3240601684717208,0.3465703971119134,0.02251022864019254,0.028254743789355743,4.118134548072014,-0.0938466079056765,0.1388670651860616,0.2302135605660443,0.46292723365778243,FALSE
nba,locf,2,0.1,3,0.373,0.452,827,0.41345586457073763,0.4171704957678356,0.0037146311970979655,0.030910654375232077,4.118134548072014,-0.12357960248905862,0.13100886488325456,0.289876262081679,0.5444647294539922,FALSE
nba,locf,2,0.1,4,0.453,0.526,821,0.4907588306942753,0.4701583434835566,-0.020600487210718648,0.031946309049289405,4.118134548072014,-0.15215968618998296,0.11095871176854567,0.3385991445042923,0.6017175424628209,FALSE
nba,locf,2,0.1,5,0.527,0.5880000000000001,822,0.5565279805352799,0.5523114355231143,-0.004216545012165441,0.029770306046203766,4.118134548072014,-0.12681467084771433,0.11838158082338346,0.4297133096875655,0.6749095613586633,FALSE
nba,locf,2,0.1,6,0.589,0.649,835,0.6187497005988024,0.5952095808383233,-0.023540119760479036,0.028882593320956208,4.118134548072014,-0.1424825251534228,0.09540228563246472,0.4762671754453796,0.7141519862312671,FALSE
nba,locf,2,0.1,7,0.65,0.71,825,0.6808581818181818,0.6618181818181816,-0.019040000000000026,0.02895925573815622,4.118134548072014,-0.13829811154175387,0.10021811154175381,0.5425600702764279,0.7810762933599356,FALSE
nba,locf,2,0.1,8,0.711,0.773,824,0.7417099514563107,0.7220873786407768,-0.019622572815533965,0.025945476192876824,4.118134548072014,-0.12646953469159997,0.08722438906053204,0.6152404167647108,0.8289343405168428,FALSE
nba,locf,2,0.1,9,0.774,0.846,829,0.8098636911942099,0.7804583835946924,-0.02940530759951749,0.023742028821881186,4.118134548072014,-0.1271781767322279,0.06836756153319293,0.682685514461982,0.8782312527274028,FALSE
nba,locf,2,0.1,10,0.847,0.989,833,0.8964669867947179,0.8559423769507802,-0.04052460984393759,0.02034483031257169,4.118134548072014,-0.1243073584288018,0.04325813874092663,0.7721596283659161,0.9397251255356446,FALSE
nba,locf,3,0.15000000000000002,1,0,0.245,822,0.16782116788321166,0.22141119221411187,0.053590024330900224,0.024582961759767874,4.118134548072014,-0.04764591978593305,0.1548259684477335,0.12017524809727861,0.32264713633094516,FALSE
nba,locf,3,0.15000000000000002,2,0.246,0.352,829,0.3034053075995175,0.322074788902292,0.018669481302774436,0.02711747293030041,4.118134548072014,-0.09300392082790332,0.13034288343345218,0.21040138677161419,0.4337481910329697,FALSE
nba,locf,3,0.15000000000000002,3,0.353,0.44100000000000006,819,0.398996336996337,0.40048840048840045,0.0014920634920634833,0.028495048530171565,4.118134548072014,-0.11585438030902469,0.11883850729315167,0.28314195668731235,0.5178348442894887,FALSE
nba,locf,3,0.15000000000000002,4,0.4419999999999999,0.518,833,0.48039615846338535,0.5078031212484995,0.027406962785114026,0.030449434155598674,4.118134548072014,-0.09798790398030087,0.15280182955052893,0.38240825448308446,0.6331979880139142,FALSE
nba,locf,3,0.15000000000000002,5,0.519,0.589,824,0.5553276699029126,0.5206310679611649,-0.03469660194174758,0.032121274110032176,4.118134548072014,-0.16697633058236222,0.09758312669886704,0.3883513393205504,0.6529107966017796,FALSE
nba,locf,3,0.15000000000000002,6,0.59,0.655,831,0.6212322503008424,0.5788206979542719,-0.04241155234657041,0.02900236003236576,4.118134548072014,-0.16184717317147881,0.07702406847833801,0.4593850771293636,0.6982563187791804,FALSE
nba,locf,3,0.15000000000000002,7,0.656,0.722,824,0.6891007281553398,0.6929611650485434,0.0038604368932038773,0.02701585942543319,4.118134548072014,-0.10739450715252948,0.11511538093893724,0.5817062210028103,0.8042161090942771,FALSE
nba,locf,3,0.15000000000000002,8,0.723,0.787,815,0.7549472392638037,0.7116564417177914,-0.04329079754601227,0.02769633872216,4.118134548072014,-0.15734804689284404,0.07076645180081952,0.5975991923709596,0.8257136910646232,FALSE
nba,locf,3,0.15000000000000002,9,0.788,0.86,840,0.8230130952380952,0.7928571428571429,-0.030155952380952377,0.02412145377244408,4.118134548072014,-0.12949134451097635,0.06917943974907159,0.6935217507271189,0.8921925349871668,FALSE
nba,locf,3,0.15000000000000002,10,0.861,0.991,828,0.9086123188405797,0.8731884057971013,-0.035423913043478264,0.019022592274886733,4.118134548072014,-0.11376150748457713,0.0429136813976206,0.7948508113560026,0.9515260002382003,FALSE
nba,locf,4,0.2,1,0.011,0.224,823,0.14637424058323206,0.2065613608748482,0.06018712029161604,0.023755162152965865,4.118134548072014,-0.037639833665565454,0.15801407424879754,0.10873440691766662,0.3043883148320296,FALSE
nba,locf,4,0.2,2,0.225,0.3320000000000001,829,0.28099396863691195,0.3088057901085645,0.02781182147165259,0.02916252155671248,4.118134548072014,-0.09228336605993992,0.1479070090032451,0.18871060257697203,0.42890097764015706,FALSE
nba,locf,4,0.2,3,0.333,0.426,820,0.3813329268292683,0.39634146341463405,0.015008536585365868,0.03105720381593841,4.118134548072014,-0.11288920741556409,0.14290628058629581,0.2684437194137042,0.5242392074155641,FALSE
nba,locf,4,0.2,4,0.427,0.506,825,0.46604727272727275,0.4533333333333334,-0.0127139393939394,0.030765536921751085,4.118134548072014,-0.13941055988138765,0.11398268109350886,0.32663671284588514,0.5800299538207816,FALSE
nba,locf,4,0.2,5,0.507,0.585,831,0.5454897713598075,0.5475330926594464,0.002043321299638972,0.029603802879648845,4.118134548072014,-0.11986912209335672,0.12395576469263465,0.42562064926645077,0.6694455360524422,FALSE
nba,locf,4,0.2,6,0.586,0.653,817,0.619922888616891,0.5813953488372092,-0.03852753977968175,0.02847727612390451,4.118134548072014,-0.1558007944205192,0.07874571486115571,0.46412209419637185,0.6986686034780467,FALSE
nba,locf,4,0.2,7,0.654,0.728,830,0.6921578313253012,0.6831325301204819,-0.009025301204819286,0.026102655370519073,4.118134548072014,-0.11651954808257138,0.09846894567293281,0.5756382832427298,0.790626776998234,FALSE
nba,locf,4,0.2,8,0.729,0.8,827,0.7640108827085853,0.7472793228536881,-0.016731559854897233,0.0263703229389463,4.118134548072014,-0.12532809779358792,0.09186497808379346,0.6386827849149974,0.8558758607923788,FALSE
nba,locf,4,0.2,9,0.801,0.873,833,0.8361764705882353,0.7959183673469387,-0.0402581032412965,0.023432394673566788,4.118134548072014,-0.13675585729057055,0.056239650807977534,0.6994206132976648,0.8924161213962128,FALSE
nba,locf,4,0.2,10,0.874,0.996,830,0.9198325301204819,0.9,-0.01983253012048193,0.01677123008074829,4.118134548072014,-0.08889871212967607,0.049233651888712204,0.8309338179908059,0.9690661820091941,FALSE
nba,locf,5,0.25,1,0,0.208,826,0.13162227602905568,0.17796610169491528,0.04634382566585956,0.022873056502738597,4.118134548072014,-0.04785049853807149,0.1405381498697906,0.08377177749098419,0.27216042589884626,FALSE
nba,locf,5,0.25,2,0.209,0.31400000000000006,822,0.2634063260340633,0.302919708029197,0.03951338199513382,0.028518460598608065,4.118134548072014,-0.07792947585382454,0.15695623984409218,0.18547685018023874,0.42036256587815546,FALSE
nba,locf,5,0.25,3,0.31499999999999995,0.413,830,0.3648024096385542,0.3674698795180722,0.0026674698795180886,0.030393250459638574,4.118134548072014,-0.12249602486652515,0.12783096462556132,0.24230638477202904,0.4926333742641155,FALSE
nba,locf,5,0.25,4,0.4139999999999999,0.505,823,0.4596075334143378,0.4544349939246658,-0.0051725394896719274,0.03068475263723689,4.118134548072014,-0.131536479424121,0.12119140044477715,0.3280710539902168,0.580798933859115,FALSE
nba,locf,5,0.25,5,0.506,0.5840000000000001,819,0.5454920634920635,0.5433455433455434,-0.0021465201465201357,0.030640182938653525,4.118134548072014,-0.12832691606543592,0.12403387577239564,0.4171651474266276,0.6695259392644591,FALSE
nba,locf,5,0.25,6,0.585,0.661,834,0.6223812949640288,0.592326139088729,-0.03005515587529979,0.029565456160291586,4.118134548072014,-0.1518096823185051,0.09169937056790554,0.4705716126455237,0.7140806655319344,FALSE
nba,locf,5,0.25,7,0.662,0.74,829,0.700092882991556,0.6924004825090471,-0.007692400482509035,0.026262585088391452,4.118134548072014,-0.11584525945669479,0.10046045849167672,0.5842476235348613,0.8005533414832328,FALSE
nba,locf,5,0.25,8,0.741,0.811,815,0.7765815950920245,0.747239263803681,-0.029342331288343577,0.027537405018081648,4.118134548072014,-0.14274507025755725,0.08406040768087011,0.6338365248344673,0.8606420027728946,FALSE
nba,locf,5,0.25,9,0.812,0.884,836,0.8476423444976077,0.8265550239234449,-0.021087320574162648,0.022420280703729673,4.118134548072014,-0.11341705311766415,0.07124241196933884,0.7342252913799435,0.9188847564669465,FALSE
nba,locf,5,0.25,10,0.885,1,831,0.9307593261131167,0.9169675090252707,-0.013791817087845973,0.015861492781734144,4.118134548072014,-0.07911157849630022,0.051527944320608275,0.8516477476168165,0.982287270433725,FALSE
nba,locf,6,0.30000000000000004,1,0.005,0.1910000000000001,820,0.11577439024390244,0.15243902439024395,0.03666463414634145,0.022010056597265338,4.118134548072014,-0.05397574033187729,0.12730500862456018,0.061798649912025154,0.24307939886846264,FALSE
nba,locf,6,0.30000000000000004,2,0.192,0.30200000000000005,828,0.2480108695652174,0.29106280193236717,0.043051932367149756,0.026484783970327955,4.118134548072014,-0.06601597149928168,0.1521198362335812,0.18199489806593572,0.4001307057987986,FALSE
nba,locf,6,0.30000000000000004,3,0.30299999999999994,0.403,831,0.354251504211793,0.3658243080625755,0.011572803850782189,0.02878180466452925,4.118134548072014,-0.10695454029407596,0.13010014799564035,0.24729696391771705,0.48435165220743337,FALSE
nba,locf,6,0.30000000000000004,4,0.404,0.499,824,0.4524635922330097,0.45509708737864046,0.00263349514563107,0.02882444490177746,4.118134548072014,-0.11606944723337691,0.12133643752463906,0.33639414499963277,0.5738000297576488,FALSE
nba,locf,6,0.30000000000000004,5,0.5,0.585,824,0.5422633495145631,0.5521844660194176,0.009921116504854343,0.030428134358452257,4.118134548072014,-0.11538603483006495,0.13522826783977362,0.4268773146844982,0.6774916173543367,FALSE
nba,locf,6,0.30000000000000004,6,0.586,0.668,825,0.6275284848484849,0.6181818181818182,-0.00934666666666665,0.029295178338691875,4.118134548072014,-0.12998815267516456,0.11129481934183126,0.49754033217332033,0.7388233041903162,FALSE
nba,locf,6,0.30000000000000004,7,0.669,0.745,830,0.7074975903614458,0.6771084337349397,-0.030389156626505997,0.027749722508888533,4.118134548072014,-0.14466624758977145,0.08388793433675946,0.5628313427716743,0.7913855246982052,FALSE
nba,locf,6,0.30000000000000004,8,0.746,0.819,823,0.783539489671932,0.7606318347509113,-0.022907654921020676,0.024306728276945112,4.118134548072014,-0.12300603238890728,0.07719072254686593,0.6605334572830247,0.8607302122187979,FALSE
nba,locf,6,0.30000000000000004,9,0.82,0.894,830,0.8576433734939759,0.8240963855421688,-0.03354698795180722,0.023177282075654757,4.118134548072014,-0.12899415399797132,0.06190017809435687,0.7286492194960046,0.9195435515883328,FALSE
nba,locf,6,0.30000000000000004,10,0.895,0.997,830,0.9398036144578313,0.925301204819277,-0.014502409638554205,0.015656097758152805,4.118134548072014,-0.07897632670439608,0.049971507427287676,0.8608272877534353,0.989775121885119,FALSE
nba,locf,7,0.35000000000000003,1,0.003,0.16800000000000004,819,0.09777533577533577,0.1367521367521368,0.038976800976800965,0.02003486393721663,4.118134548072014,-0.04352946436897294,0.12148306632257487,0.05424587140636283,0.21925840209791064,FALSE
nba,locf,7,0.35000000000000003,2,0.169,0.289,828,0.2315024154589372,0.2596618357487922,0.028159420289855068,0.02728333529181853,4.118134548072014,-0.08419702536201526,0.1405158659417254,0.14730539009692195,0.3720182814006626,FALSE
nba,locf,7,0.35000000000000003,3,0.29,0.394,823,0.3424726609963548,0.35722964763061976,0.01475698663426487,0.029065656607812164,4.118134548072014,-0.10493929800476401,0.13445327127329376,0.2375333629915908,0.4769259322696486,FALSE
nba,locf,7,0.35000000000000003,4,0.395,0.493,826,0.44454721549636805,0.46973365617433416,0.025186440677966083,0.029182518654068238,4.118134548072014,-0.09499109759110833,0.1453639789470405,0.34955611790525976,0.5899111944434086,FALSE
nba,locf,7,0.35000000000000003,5,0.494,0.5880000000000001,835,0.5405377245508982,0.5413173652694611,7.796407185628667e-4,0.02829614418372294,4.118134548072014,-0.11574768822165354,0.11730696965877926,0.42479003632924467,0.6578446942096775,FALSE
nba,locf,7,0.35000000000000003,6,0.589,0.672,826,0.6326513317191284,0.6404358353510895,0.007784503631961246,0.028621570298196248,4.118134548072014,-0.11008297383311254,0.12565198109703504,0.5225683578860159,0.7583033128161634,FALSE
nba,locf,7,0.35000000000000003,7,0.673,0.754,826,0.7141089588377724,0.6900726392251816,-0.02403631961259079,0.02869297015998442,4.118134548072014,-0.142197831315222,0.09412519209004042,0.5719111275225504,0.8082341509278128,FALSE
nba,locf,7,0.35000000000000003,8,0.755,0.831,828,0.7938683574879227,0.7608695652173914,-0.03299879227053141,0.025948756565707384,4.118134548072014,-0.13985926316328148,0.07386167862221868,0.6540090943246413,0.8677300361101414,FALSE
nba,locf,7,0.35000000000000003,9,0.832,0.906,824,0.8691966019417475,0.837378640776699,-0.03181796116504854,0.020926892949008163,4.118134548072014,-0.11799772200216369,0.054361799672066606,0.7511988799395839,0.9235584016138141,FALSE
nba,locf,7,0.35000000000000003,10,0.907,0.999,830,0.9485963855421686,0.927710843373494,-0.020885542168674696,0.01502265672621093,4.118134548072014,-0.08275086383671035,0.04097977949936095,0.8658455217054583,0.9895761650415296,FALSE
nba,locf,8,0.4,1,0,0.151,825,0.08340242424242425,0.12242424242424246,0.03902181818181819,0.018644668030021818,4.118134548072014,-0.037759433369948435,0.11580306973358481,0.045642990872475815,0.19920549397600906,FALSE
nba,locf,8,0.4,2,0.152,0.272,823,0.21224058323207776,0.25273390036452015,0.04049331713244229,0.026131317882293666,4.118134548072014,-0.06711896582528329,0.14810560009016785,0.14512161740679447,0.3603461833222456,FALSE
nba,locf,8,0.4,3,0.273,0.384,830,0.329166265060241,0.36144578313253006,0.03227951807228915,0.02701930986667921,4.118134548072014,-0.07898963535474554,0.14354867149932385,0.2501766297054955,0.47271493655956487,FALSE
nba,locf,8,0.4,4,0.385,0.489,827,0.43651390568319226,0.45223700120918997,0.015723095525997564,0.02932420864838972,4.118134548072014,-0.10503794120380827,0.13648413225580341,0.331475964479384,0.5729980379389956,FALSE
nba,locf,8,0.4,5,0.49,0.5840000000000001,823,0.5371603888213852,0.5066828675577155,-0.030477521263669483,0.029833479778452975,4.118134548072014,-0.1533358050285245,0.09238076250118553,0.38382458379286066,0.6295411513225707,FALSE
nba,locf,8,0.4,6,0.585,0.675,828,0.6298309178743962,0.6642512077294687,0.03442028985507246,0.028075310409031617,4.118134548072014,-0.08119761588820648,0.15003819559835138,0.5486333019861896,0.7798691134727476,FALSE
nba,locf,8,0.4,7,0.676,0.758,823,0.7177727825030377,0.6998784933171321,-0.017894289185905216,0.0291592275102701,4.118134548072014,-0.13797591139104043,0.10218733301922998,0.5797968711119972,0.8199601155222677,FALSE
nba,locf,8,0.4,8,0.759,0.84,829,0.8017225572979494,0.7659831121833534,-0.03573944511459589,0.0239612149693277,4.118134548072014,-0.1344149522935646,0.0629360620643728,0.6673076050043848,0.8646586193623222,FALSE
nba,locf,8,0.4,9,0.841,0.917,826,0.880726392251816,0.8474576271186441,-0.03326876513317192,0.0210657720936922,4.118134548072014,-0.12002044897401709,0.05348291870767325,0.760705943277799,0.9342093109594893,FALSE
nba,locf,8,0.4,10,0.918,0.999,831,0.9574933814681107,0.9494584837545126,-0.008034897713598069,0.012612564829464792,4.118134548072014,-0.05997513667761504,0.0439053412504189,0.8975182447904957,1.0013987227185297,FALSE
nba,locf,9,0.45,1,0.001,0.133,826,0.06851452784503632,0.10290556900726397,0.034391041162227604,0.01687496088280193,4.118134548072014,-0.03510231824660284,0.10388440057105805,0.03341220959843348,0.1723989284160944,FALSE
nba,locf,9,0.45,2,0.134,0.253,822,0.19339902676399026,0.24452554744525545,0.051126520681265206,0.02529845966334927,4.118134548072014,-0.05305594007137972,0.15530898143391014,0.14034308669261053,0.3487080081979004,FALSE
nba,locf,9,0.45,3,0.254,0.365,823,0.3087411907654921,0.3268529769137303,0.018111786148238163,0.027894363427110443,4.118134548072014,-0.09676095557742181,0.13298452787389814,0.2119802351880703,0.44172571863939025,FALSE
nba,locf,9,0.45,4,0.366,0.482,831,0.4252129963898917,0.44885679903730435,0.02364380264741277,0.029737861193028757,4.118134548072014,-0.09882071091736899,0.14610831621219453,0.3263922854725227,0.5713213126020862,FALSE
nba,locf,9,0.45,5,0.483,0.5880000000000001,826,0.5362058111380146,0.542372881355932,0.006167070217917679,0.028468171376631844,4.118134548072014,-0.11106868984862474,0.1234028302844601,0.42513712128938985,0.6596086414224747,FALSE
nba,locf,9,0.45,6,0.589,0.683,824,0.6373155339805825,0.6541262135922328,0.01681067961165047,0.02918813261143192,4.118134548072014,-0.10338997768919475,0.13701133691249567,0.5339255562913877,0.7743268708930782,FALSE
nba,locf,9,0.45,7,0.684,0.772,830,0.7295289156626505,0.7156626506024097,-0.013866265060240931,0.027383845792129047,4.118134548072014,-0.126636626475884,0.09890409635540215,0.6028922891867665,0.8284330120180528,FALSE
nba,locf,9,0.45,8,0.773,0.853,820,0.8139121951219512,0.7792682926829269,-0.03464390243902438,0.02450903427441622,4.118134548072014,-0.13557540322437894,0.06628759834633018,0.6783367918975722,0.8801997934682814,FALSE
nba,locf,9,0.45,9,0.854,0.929,827,0.8931197097944378,0.8536880290205562,-0.039431680773881525,0.019624771103961165,4.118134548072014,-0.12024912865510935,0.0413857671073463,0.7728705811393284,0.9345054769017841,FALSE
nba,locf,9,0.45,10,0.93,0.999,836,0.9659354066985646,0.9521531100478469,-0.013782296650717691,0.012223449760221498,4.118134548072014,-0.06412010740490842,0.03655551410347303,0.9018152992936561,1.0024909208020376,FALSE
nba,locf,10,0.5,1,0,0.115,825,0.057236363636363634,0.10060606060606062,0.04336969696969697,0.017729167186409597,4.118134548072014,-0.029641398929201097,0.11638079286859504,0.027594964707162536,0.17361715650495868,FALSE
nba,locf,10,0.5,2,0.116,0.23,821,0.1704774665042631,0.19123020706455543,0.020752740560292336,0.023496025141941112,4.118134548072014,-0.07600705231910401,0.11751253343968868,0.09447041418515909,0.2879899999439518,FALSE
nba,locf,10,0.5,3,0.231,0.357,827,0.2924062877871826,0.33736396614268455,0.04495767835550183,0.027859023779735585,4.118134548072014,-0.06976952994738705,0.15968488665839073,0.22263675783979553,0.45209117444557334,FALSE
nba,locf,10,0.5,4,0.358,0.479,832,0.418140625,0.421875,0.0037343750000000306,0.028965495991320513,4.118134548072014,-0.11554943474389841,0.12301818474389846,0.3025911902561016,0.5411588097438984,FALSE
nba,locf,10,0.5,5,0.48,0.591,824,0.5350279126213592,0.5788834951456311,0.043855582524271866,0.029113863265248785,4.118134548072014,-0.07603922361619385,0.16375038866473757,0.4589886890051653,0.6987783012860967,FALSE
nba,locf,10,0.5,6,0.592,0.686,822,0.6393710462287104,0.6240875912408758,-0.015283454987834587,0.0294839689688477,4.118134548072014,-0.1367024062127295,0.10613549623706031,0.502668640015981,0.7455065424657707,FALSE
nba,locf,10,0.5,7,0.687,0.784,827,0.7362744860943168,0.7351874244256349,-0.0010870616686819714,0.02555122889299441,4.118134548072014,-0.1063104601186181,0.10413633678125415,0.6299640259756987,0.8404108228755709,FALSE
nba,locf,10,0.5,8,0.785,0.868,830,0.8264867469879518,0.7951807228915663,-0.031306024096385526,0.02270274484955602,4.118134548072014,-0.12479898199740615,0.062186933804635094,0.7016877649905456,0.8886736807925869,FALSE
nba,locf,10,0.5,9,0.869,0.941,821,0.907468940316687,0.8769792935444579,-0.03048964677222902,0.018989892975654843,4.118134548072014,-0.10869258109946328,0.04771328755500525,0.7987763592172237,0.9551822278716923,FALSE
nba,locf,10,0.5,10,0.942,1,836,0.972950956937799,0.9593301435406699,-0.013620813397129141,0.01119688011426792,4.118134548072014,-0.05973107222631638,0.0324894454320581,0.9132198847114826,1.005440402369857,FALSE
nba,locf,11,0.55,1,0.001,0.089,819,0.04129304029304029,0.0708180708180708,0.02952503052503053,0.014771305207912887,4.118134548072014,-0.031305191771791585,0.09035525282185265,0.009987848521248704,0.13164829311489296,FALSE
nba,locf,11,0.55,2,0.08999999999999997,0.208,827,0.14914752116082225,0.19105199516324067,0.04190447400241836,0.02311157303601226,4.118134548072014,-0.05327209337747333,0.13708104138231006,0.09587542778334893,0.28622856254313234,FALSE
nba,locf,11,0.55,3,0.20899999999999996,0.335,833,0.2713445378151261,0.3241296518607444,0.052785114045618226,0.028286841086638103,4.118134548072014,-0.06370390348908905,0.1692741315803255,0.20764063432603702,0.4406186693954516,FALSE
nba,locf,11,0.55,4,0.336,0.466,815,0.4007325153374233,0.44417177914110423,0.04343926380368097,0.028541744347826397,4.118134548072014,-0.07409947965734204,0.160978007264704,0.3266330356800813,0.5617105226021273,FALSE
nba,locf,11,0.55,5,0.467,0.585,833,0.5266074429771909,0.5222088835534212,-0.0043985594237695,0.02969685831398025,4.118134548072014,-0.12669421761577118,0.11789709876823219,0.3999132253614197,0.644504541745423,FALSE
nba,locf,11,0.55,6,0.586,0.697,826,0.642546004842615,0.6598062953995157,0.017260290556900728,0.028032262212662362,4.118134548072014,-0.09818033692167778,0.13270091803547923,0.5443656679209372,0.7752469228780943,FALSE
nba,locf,11,0.55,7,0.698,0.799,827,0.750415961305925,0.7267230955259976,-0.023692865779927418,0.026181007751200185,4.118134548072014,-0.1315097783034861,0.08412404674363125,0.6189061830024389,0.8345400080495563,FALSE
nba,locf,11,0.55,8,0.8,0.885,828,0.8431497584541062,0.822463768115942,-0.02068599033816425,0.02150342709292536,4.118134548072014,-0.10923999635148793,0.06786801567515943,0.7339097621026183,0.9110177741292657,FALSE
nba,locf,11,0.55,9,0.886,0.955,823,0.9210814094775213,0.8869987849331714,-0.03408262454434995,0.017758301181368875,4.118134548072014,-0.10721369815441317,0.039048449065713274,0.8138677113231081,0.9601298585432345,FALSE
nba,locf,11,0.55,10,0.956,0.999,834,0.9812697841726619,0.9712230215827338,-0.01004676258992805,0.009504115601573172,4.118134548072014,-0.04918598939763676,0.02909246421778066,0.9320837947750251,1.0103622483904424,FALSE
nba,locf,12,0.6000000000000001,1,0.001,0.07,818,0.030053789731051345,0.057457212713936404,0.027403422982885096,0.013248521169085814,4.118134548072014,-0.027155769754390623,0.08196261572016081,0.0028980199766607227,0.11201640545121215,FALSE
nba,locf,12,0.6000000000000001,2,0.071,0.188,833,0.12482352941176471,0.15606242496998804,0.031238895558223297,0.020365734135715467,4.118134548072014,-0.0526299377829161,0.11510772889936269,0.07219359162884861,0.23993125831112738,FALSE
nba,locf,12,0.6000000000000001,3,0.189,0.323,825,0.2543066666666667,0.31272727272727285,0.05842060606060605,0.028563652517939655,4.118134548072014,-0.059208358192645416,0.1760495703138575,0.19509830847402126,0.43035623698052416,FALSE
nba,locf,12,0.6000000000000001,4,0.324,0.458,828,0.39309420289855074,0.42995169082125606,0.03685748792270532,0.02987994277496409,4.118134548072014,-0.08619213671328906,0.15990711255869972,0.30690206618526167,0.5530013154572504,FALSE
nba,locf,12,0.6000000000000001,5,0.459,0.5860000000000001,825,0.5261987878787879,0.5612121212121213,0.035013333333333306,0.02875622560138655,4.118134548072014,-0.08340867278788958,0.1534353394545562,0.4427901150908984,0.6796341273333442,FALSE
nba,locf,12,0.6000000000000001,6,0.587,0.704,820,0.6458036585365854,0.6487804878048783,0.0029768292682926744,0.02694363076188334,4.118134548072014,-0.10798066742271499,0.11393432595930035,0.5378229911138704,0.7597379844958857,FALSE
nba,locf,12,0.6000000000000001,7,0.705,0.815,834,0.7594964028776978,0.748201438848921,-0.011294964028776984,0.024597375604911285,4.118134548072014,-0.1125902662992659,0.09000033824171193,0.6469061365784319,0.8494967411194098,FALSE
nba,locf,12,0.6000000000000001,8,0.816,0.902,813,0.8592410824108241,0.8142681426814268,-0.04497293972939728,0.022728446058457807,4.118134548072014,-0.13857173866672357,0.048625859207929,0.7206693437441005,0.907866941618753,FALSE
nba,locf,12,0.6000000000000001,9,0.903,0.967,831,0.9368977135980746,0.908543922984356,-0.028353790613718413,0.017168218473422998,4.118134548072014,-0.09905482423796984,0.04234724301053301,0.8378428893601048,0.9792449566086077,FALSE
nba,locf,12,0.6000000000000001,10,0.968,0.999,838,0.9875155131264917,0.9821002386634845,-0.005415274463007136,0.0073642944977258245,4.118134548072014,-0.035742430056268495,0.02491188113025422,0.9517730830702231,1.0124273942567459,FALSE
nba,locf,13,0.65,1,0.001,0.05300000000000005,824,0.0202997572815534,0.040048543689320426,0.019748786407766977,0.011648907502410676,4.118134548072014,-0.028222982025205706,0.06772055484073966,-0.007923224743652306,0.08802031212229305,FALSE
nba,locf,13,0.65,2,0.054,0.16000000000000003,826,0.10332929782082324,0.14527845036319603,0.041949152542372886,0.020266105174326737,4.118134548072014,-0.04150939533088305,0.12540770041562882,0.061819902489940196,0.22873699823645205,FALSE
nba,locf,13,0.65,3,0.161,0.30000000000000004,829,0.23032328106151992,0.2774427020506634,0.04711942098914356,0.026592092314918346,4.118134548072014,-0.062390393078441984,0.1566292350567291,0.16793288798307793,0.386952516118249,FALSE
nba,locf,13,0.65,4,0.30099999999999993,0.44900000000000007,822,0.3750316301703163,0.4075425790754258,0.032510948905109485,0.028593673807887653,4.118134548072014,-0.08524164705945451,0.15026354486967347,0.2897899831108618,0.5252951750399898,FALSE
nba,locf,13,0.65,5,0.45,0.5900000000000001,830,0.5223289156626506,0.5566265060240964,0.03429759036144577,0.028189441842948665,4.118134548072014,-0.08179032398286795,0.15038550470575948,0.44053859167978265,0.6727144203684101,FALSE
nba,locf,13,0.65,6,0.591,0.717,822,0.6566021897810219,0.6788321167883211,0.022229927007299262,0.027738369663601468,4.118134548072014,-0.09200041141157064,0.13646026542616915,0.5646017783694512,0.7930624552071911,FALSE
nba,locf,13,0.65,7,0.718,0.828,827,0.7745078597339783,0.7533252720677147,-0.021182587666263616,0.02535106265060389,4.118134548072014,-0.12558167459805358,0.08321649926552635,0.6489261851359247,0.8577243589995046,FALSE
nba,locf,13,0.65,8,0.829,0.921,830,0.8781120481927711,0.8530120481927713,-0.025100000000000004,0.021021930723505774,4.118134548072014,-0.11167113917964563,0.06147113917964563,0.7664409090131254,0.9395831873724168,FALSE
nba,locf,13,0.65,9,0.922,0.978,826,0.9525605326876513,0.9237288135593221,-0.028831719128329283,0.015052422478853529,4.118134548072014,-0.09081962017067179,0.03315618191401322,0.8617409125169795,0.9857167146016645,FALSE
nba,locf,13,0.65,10,0.979,0.999,829,0.9921640530759952,0.9867310012062727,-0.005433051869722549,0.0068610772377192,4.118134548072014,-0.033687891079364485,0.02282178733991939,0.9584761619966307,1.0149858404159147,FALSE
nba,locf,14,0.7000000000000001,1,0.001,0.036,820,0.012880487804878049,0.020731707317073245,0.00785121951219512,0.008220392988050839,4.118134548072014,-0.026001464850625974,0.04170390387501621,-0.013120977045747925,0.05458439167989426,FALSE
nba,locf,14,0.7000000000000001,2,0.037,0.132,828,0.08189251207729469,0.13405797101449285,0.052165458937198095,0.020839532128747115,4.118134548072014,-0.033654538287852115,0.1379854561622483,0.04823797378944257,0.21987796823954298,FALSE
nba,locf,14,0.7000000000000001,3,0.133,0.28200000000000003,831,0.20424067388688327,0.24789410348977145,0.04365342960288808,0.025836067288029677,4.118134548072014,-0.06274297168226016,0.1500498308880363,0.1414977022046231,0.3542905047749196,FALSE
nba,locf,14,0.7000000000000001,4,0.2829999999999999,0.437,825,0.3620230303030303,0.4060606060606059,0.04403757575757573,0.029103506837000224,4.118134548072014,-0.07581458121792495,0.16388973273307642,0.28620844908510534,0.5259127630361067,FALSE
nba,locf,14,0.7000000000000001,5,0.43799999999999994,0.596,821,0.5174068209500609,0.5395858708891597,0.022179049939098628,0.02869067361589032,4.118134548072014,-0.09597300428595752,0.14033110416415479,0.42143381666410334,0.6577379251142157,FALSE
nba,locf,14,0.7000000000000001,6,0.597,0.738,831,0.6676498194945848,0.6871239470517447,0.019474127557160045,0.026879968857407593,4.118134548072014,-0.09122120084562998,0.13016945595995008,0.5764286186489548,0.7978192754545349,FALSE
nba,locf,14,0.7000000000000001,7,0.739,0.855,824,0.800004854368932,0.7730582524271844,-0.026946601941747576,0.024827550482664152,4.118134548072014,-0.12918979532840882,0.07529659144491369,0.6708150590405232,0.8753014458138457,FALSE
nba,locf,14,0.7000000000000001,8,0.856,0.939,822,0.8992688564476886,0.8795620437956208,-0.01970681265206814,0.01980001808703522,4.118134548072014,-0.10124595118873862,0.06183232588460234,0.79802290525895,0.9611011823322909,FALSE
nba,locf,14,0.7000000000000001,9,0.94,0.985,836,0.9657153110047847,0.9401913875598086,-0.02552392344497606,0.013691396240441618,4.118134548072014,-0.08190693531408197,0.030859088424129856,0.8838083756907027,0.9965743994289146,FALSE
nba,locf,14,0.7000000000000001,10,0.986,0.999,827,0.9952394195888754,0.9927448609431682,-0.0024945586457073878,0.005167708674903246,4.118134548072014,-0.023775878274197894,0.01878676098278312,0.9714635413146775,1.0140261805716586,FALSE
nba,locf,15,0.75,1,0,0.02300000000000002,820,0.007147560975609757,0.00853658536585367,0.001389024390243889,0.005296870062573709,4.118134548072014,-0.02042419921108927,0.02320224799157705,-0.013276638235479515,0.030349808967186805,FALSE
nba,locf,15,0.75,2,0.024,0.111,827,0.06253929866989118,0.09673518742442563,0.03419588875453445,0.017510366830135668,4.118134548072014,-0.03791415783806148,0.10630593534713037,0.0246251408318297,0.16884523401702156,FALSE
nba,locf,15,0.75,3,0.112,0.263,829,0.1819167671893848,0.2472858866103739,0.06536911942098915,0.025742597917941527,4.118134548072014,-0.04064236242201255,0.17138060126399085,0.14127440476737224,0.35329736845337567,FALSE
nba,locf,15,0.75,4,0.264,0.422,828,0.34145531400966184,0.3659420289855072,0.024486714975845435,0.028086138610946273,4.118134548072014,-0.09117578275983174,0.14014921271152261,0.2502795312498301,0.4816045267211845,FALSE
nba,locf,15,0.75,5,0.423,0.602,825,0.5127078787878788,0.5539393939393935,0.041231515151515165,0.028628784394995603,4.118134548072014,-0.07666567093482118,0.1591287012378515,0.43604220785305764,0.6718365800257303,FALSE
nba,locf,15,0.75,6,0.603,0.751,829,0.6762605548854042,0.6851628468033775,0.008902291917973489,0.027602752646797294,4.118134548072014,-0.10476955737868868,0.12257414121463564,0.5714909975067155,0.7988346961000398,FALSE
nba,locf,15,0.75,7,0.752,0.872,820,0.8148780487804878,0.8073170731707318,-0.007560975609756134,0.02207945317111602,4.118134548072014,-0.0984871345162672,0.08336518329675494,0.7163909142642205,0.8982432320772427,FALSE
nba,locf,15,0.75,8,0.873,0.954,832,0.9174615384615384,0.9014423076923077,-0.016019230769230782,0.017868994361998583,4.118134548072014,-0.08960615379068118,0.05756769225221961,0.8278553846708573,0.975029230713758,FALSE
nba,locf,15,0.75,9,0.955,0.991,784,0.9762691326530613,0.9553571428571428,-0.020911989795918313,0.011669528933908218,4.118134548072014,-0.06896868005837173,0.0271447004665351,0.9073004525946895,1.0034138331195963,FALSE
nba,locf,15,0.75,10,0.992,1,871,0.9973777267508611,0.9977037887485649,3.260619977037853e-4,0.002738722243692443,4.118134548072014,-0.010952364691619365,0.011604488687026935,0.9864253620592418,1.008982215437888,FALSE
nba,locf,16,0.8,1,0.001,0.012,813,0.0035079950799507993,0.006150061500615024,0.002642066420664208,0.004470082166216134,4.118134548072014,-0.015766333380751042,0.021050466222079456,-0.012258338300800243,0.024558461302030255,FALSE
nba,locf,16,0.8,2,0.013,0.083,835,0.04254730538922156,0.07425149700598799,0.03170419161676645,0.015276373077238635,4.118134548072014,-0.031205968121847158,0.09461435135538006,0.0113413372673744,0.13716165674460162,FALSE
nba,locf,16,0.8,3,0.08399999999999996,0.23,830,0.1509168674698795,0.21445783132530116,0.0635409638554217,0.02490599337440485,4.118134548072014,-0.03902526791376759,0.166107195624611,0.11189159955611191,0.3170240630944905,FALSE
nba,locf,16,0.8,4,0.231,0.422,826,0.3241234866828087,0.3740920096852303,0.04996852300242131,0.028754080725082183,4.118134548072014,-0.0684446502295912,0.16838169623443383,0.25567883645321754,0.49250518291724255,FALSE
nba,locf,16,0.8,5,0.423,0.607,828,0.5125760869565218,0.5362318840579713,0.023655797101449258,0.02990101636582947,4.118134548072014,-0.09948061141713978,0.1467922056200383,0.41309547553938203,0.65936829257656,FALSE
nba,locf,16,0.8,6,0.608,0.771,820,0.6939804878048781,0.6817073170731708,-0.01227317073170733,0.027351526583485313,4.118134548072014,-0.1249104372976683,0.10036409583425364,0.5690700505072098,0.7943445836391317,FALSE
nba,locf,16,0.8,7,0.772,0.898,829,0.8400229191797346,0.8311218335343787,-0.008901085645355846,0.02197449284947489,4.118134548072014,-0.09939500382513983,0.08159283253442814,0.7406279153545947,0.9216157517141628,FALSE
nba,locf,16,0.8,8,0.899,0.97,824,0.9387038834951457,0.9247572815533981,-0.013946601941747573,0.015376782895239836,4.118134548072014,-0.07727026282083754,0.0493770589373424,0.8614336206743081,0.9880809424324881,FALSE
nba,locf,16,0.8,9,0.971,0.996,826,0.9861973365617434,0.9782082324455206,-0.00798910411622275,0.008783721601719443,4.118134548072014,-0.044161651504910034,0.028183443272464533,0.9420356850568333,1.014380779834208,FALSE
nba,locf,16,0.8,10,0.997,0.999,834,0.9986235011990408,1,0.0013764988009592326,4.062258292809815e-5,4.118134548072014,0.0012092095387711112,0.001543788063147354,0.9998327107378119,1.000167289262188,TRUE
nba,locf,17,0.8500000000000001,1,0.001,0.004,793,0.0015245901639344263,0,-0.0015245901639344263,5.4662557897065676e-5,4.118134548072014,-0.0017496979320963191,-0.0012994823957725335,-2.2510776816189282e-4,2.2510776816189282e-4,TRUE
nba,locf,17,0.8500000000000001,2,0.005,0.05600000000000005,854,0.024516393442622953,0.04332552693208429,0.018809133489461352,0.011739611231568732,4.118134548072014,-0.029536165104196085,0.06715443208311879,-0.005019771661573132,0.09167082552574174,FALSE
nba,locf,17,0.8500000000000001,3,0.057,0.207,832,0.12404567307692307,0.18028846153846148,0.05624278846153847,0.02228834091162389,4.118134548072014,-0.035543598265826766,0.1480291751889037,0.08850207481109632,0.2720748482658268,FALSE
nba,locf,17,0.8500000000000001,4,0.20799999999999996,0.398,823,0.2993426488456865,0.3438639125151886,0.044521263669501814,0.02827922279495909,4.118134548072014,-0.07193638071504485,0.16097890805404846,0.22740626813064166,0.460321556899735,FALSE
nba,locf,17,0.8500000000000001,5,0.399,0.617,825,0.5109672727272727,0.521212121212121,0.01024484848484847,0.02915795423493472,4.118134548072014,-0.1098315302011389,0.13032122717083583,0.4011357425261338,0.6412884998981085,FALSE
nba,locf,17,0.8500000000000001,6,0.618,0.799,828,0.7119746376811594,0.7294685990338164,0.017493961352656993,0.025545011402518983,4.118134548072014,-0.08770383263494996,0.12269175534026394,0.6242708050462095,0.8346663930214233,FALSE
nba,locf,17,0.8500000000000001,7,0.8,0.925,824,0.8693313106796117,0.8531553398058251,-0.016175970873786406,0.020686272908427367,4.118134548072014,-0.10136482600882728,0.06901288426125447,0.7679664846707844,0.9383441949408662,FALSE
nba,locf,17,0.8500000000000001,8,0.926,0.982,815,0.9587153374233128,0.9570552147239264,-0.0016601226993864901,0.011823901492464501,4.118134548072014,-0.0503525399285048,0.047032294529731816,0.9083627974948081,1.0057476319530447,FALSE
nba,locf,17,0.8500000000000001,9,0.983,0.999,1671,0.9958450029922202,0.995212447636146,-6.325553560741964e-4,0.0027847344922707277,4.118134548072014,-0.012100466675902059,0.010835355963753667,0.9837445363163182,1.0066803589559739,FALSE
nba,locf,18,0.9,1,0.001,0.001,808,0.001,0,-0.001,2.451908715896938e-18,4.118134548072014,-0.0010000000000000102,-9.999999999999898e-4,-1.0191500421363742e-17,1.0191500421363742e-17,TRUE
nba,locf,18,0.9,2,0.002,0.033,837,0.012280764635603346,0.020310633213859036,0.008029868578255684,0.008216085946191028,4.118134548072014,-0.025805078806682535,0.0418648159631939,-0.01352431417107919,0.05414558059879725,FALSE
nba,locf,18,0.9,3,0.034,0.162,831,0.08687725631768953,0.1203369434416366,0.03345968712394706,0.019132174342895852,4.118134548072014,-0.045329181017269335,0.11224855526516346,0.04154807530042019,0.19912581158285297,FALSE
nba,locf,18,0.9,4,0.163,0.391,827,0.26857073760580413,0.31076178960096756,0.042191051995163244,0.027652820121308652,4.118134548072014,-0.07168698189801886,0.15606908588834534,0.19688375570778527,0.42463982349414947,FALSE
nba,locf,18,0.9,5,0.392,0.641,823,0.5161300121506683,0.5552855407047387,0.03915552855407048,0.028770211597732933,4.118134548072014,-0.07932407378189565,0.1576351308900366,0.4368059383687727,0.673765143040705,FALSE
nba,locf,18,0.9,6,0.642,0.843,826,0.7478171912832929,0.761501210653753,0.013684019370460057,0.023818188259759142,4.118134548072014,-0.0844024845745373,0.11177052331545742,0.6634147067087557,0.8595877145987504,FALSE
nba,locf,18,0.9,7,0.844,0.954,828,0.905993961352657,0.8719806763285025,-0.03401328502415459,0.02016367404716253,4.118134548072014,-0.11705000773383767,0.04902343768552848,0.7889439536188193,0.9550173990381855,FALSE
nba,locf,18,0.9,8,0.955,0.991,793,0.9769773013871375,0.9823455233291298,0.0053682219419924565,0.007947815970442303,4.118134548072014,-0.027361953587604494,0.038098397471589406,0.9496153477995329,1.0150756988587268,FALSE
nba,locf,18,0.9,9,0.992,0.999,1692,0.9979674940898345,0.99822695035461,2.594562647754047e-4,0.0016959377760731565,4.118134548072014,-0.00672464368225188,0.007243556211802689,0.9912428504075826,1.0052110503016372,FALSE
nba,locf,19,0.95,1,0.001,0.013,1639,0.0024460036607687613,6.101281269066581e-4,-0.00183587553386212,0.0010415491849916818,4.118134548072014,-0.006125115216092614,0.0024533641483683736,-0.0036791115553238525,0.004899367809137135,FALSE
nba,locf,19,0.95,2,0.014,0.113,838,0.05305966587112172,0.05369928400954657,6.396181384248217e-4,0.012689056671336645,4.118134548072014,-0.051615624522250284,0.05289486079909993,0.0014440413488714388,0.10595452667022165,FALSE
nba,locf,19,0.95,3,0.114,0.375,825,0.23402787878787878,0.24121212121212093,0.007184242424242434,0.02530416761951578,4.118134548072014,-0.09702172445989067,0.11139020930837555,0.13700615432798813,0.34541808809625435,FALSE
nba,locf,19,0.95,4,0.376,0.662,830,0.5130722891566265,0.5710843373493979,0.05801204819277105,0.02872711690115561,4.118134548072014,-0.06029008438438132,0.17631418076992342,0.4527822047722452,0.68938646992655,FALSE
nba,locf,19,0.95,5,0.663,0.892,820,0.7952256097560976,0.8158536585365854,0.020628048780487816,0.023609378771971168,4.118134548072014,-0.07659854959888468,0.1178546471598603,0.7186270601572129,0.9130802569159578,FALSE
nba,locf,19,0.95,6,0.893,0.981,833,0.9456866746698679,0.9435774309723891,-0.002109243697478965,0.013556386927564328,4.118134548072014,-0.057936269050913446,0.05371778165595551,0.8877504056189545,0.9994044563258234,FALSE
nba,locf,19,0.95,7,0.982,0.999,2480,0.9971459677419355,0.9983870967741936,0.0012411290322580603,0.001384773078313082,4.118134548072014,-0.004461552822783076,0.006943810887299197,0.9926844149191525,1.0040897786292347,FALSE
nfl,linear,0,0,1,0.0703,0.3205,184,0.23655978260869565,0.25543478260869573,0.018875000000000013,0.05476240720999142,4.350610886871441,-0.21937492499907574,0.25712492499907574,0.017184857609619908,0.4936847076077714,FALSE
nfl,linear,0,0,2,0.3218,0.404,185,0.3666545945945946,0.32972972972972975,-0.03692486486486486,0.05646383950241457,4.350610886871441,-0.2825770597186314,0.2087273299889017,0.0840775348759632,0.5753819245834964,FALSE
nfl,linear,0,0,3,0.4047,0.4567,184,0.43203423913043476,0.3967391304347826,-0.03529510869565217,0.061543151469303246,4.350610886871441,-0.303045413490381,0.23245519609907667,0.12898882564005376,0.6644894352295114,FALSE
nfl,linear,0,0,4,0.457,0.5068,186,0.4830247311827957,0.5053763440860215,0.022351612903225807,0.06392562865330387,4.350610886871441,-0.2557639230659389,0.3004671488723905,0.22726080811685678,0.7834918800551862,FALSE
nfl,linear,0,0,5,0.507,0.559,184,0.5340663043478261,0.483695652173913,-0.050370652173913066,0.06197086731464401,4.350610886871441,-0.31998178218186885,0.2192404778340427,0.21408452216595725,0.7533067821818689,FALSE
nfl,linear,0,0,6,0.5607,0.6087,182,0.586367032967033,0.5659340659340661,-0.020432967032967004,0.0589747203378132,4.350610886871441,-0.27700902738485567,0.23614309331892167,0.3093580055821773,0.8225101262859547,FALSE
nfl,linear,0,0,7,0.609,0.6553,185,0.6333210810810811,0.6000000000000001,-0.0333210810810811,0.05882823238319055,4.350610886871441,-0.289259829342793,0.22261766718063075,0.3440612517382881,0.8559387482617118,FALSE
nfl,linear,0,0,8,0.656,0.71,188,0.6810292553191489,0.7021276595744682,0.02109840425531914,0.056383923759628196,4.350610886871441,-0.2242061082978486,0.2664029168084869,0.45682314702130034,0.9474321721276358,FALSE
nfl,linear,0,0,9,0.7105,0.785,185,0.7464697297297297,0.7405405405405405,-0.005929189189189193,0.051707629596341294,4.350610886871441,-0.23088896544534754,0.21903058706696915,0.5155807642843822,0.9655003167966989,FALSE
nfl,linear,0,0,10,0.7855,0.961,185,0.8468524324324325,0.8216216216216216,-0.025230810810810828,0.044889986320144064,4.350610886871441,-0.22052967400673965,0.170068052385118,0.6263227584256928,1.0169204848175504,FALSE
nfl,linear,1,0.05,1,0.0696232558139535,0.3025473684210526,184,0.2239252115109845,0.27717391304347816,0.05324870153249375,0.053310392844821294,4.350610886871441,-0.17868407396157912,0.2851814770265666,0.04524113754940537,0.509106688537551,FALSE
nfl,linear,1,0.05,2,0.3033548387096774,0.3916243902439024,185,0.34991847402596155,0.2648648648648648,-0.08505360916109668,0.056974236728091925,4.350610886871441,-0.3329263437415241,0.16281912541933075,0.016992130284437468,0.5127375994452923,FALSE
nfl,linear,1,0.05,3,0.39184736842105267,0.44759999999999994,185,0.41964087921530224,0.38378378378378375,-0.035857095431518445,0.06334611469517616,4.350610886871441,-0.3114513916653588,0.23973720080232191,0.10818948754994345,0.6593780800176241,FALSE
nfl,linear,1,0.05,4,0.4477564102564102,0.5014347826086956,185,0.4778024139679493,0.4594594594594595,-0.018342954508489807,0.061133060763484445,4.350610886871441,-0.28430911421387856,0.24762320519689893,0.19349329975407076,0.7254256191648483,FALSE
nfl,linear,1,0.05,5,0.5014363636363637,0.5559571428571429,184,0.5293278088990004,0.5163043478260869,-0.013023461072913464,0.06306652686338883,4.350610886871441,-0.2874013794419431,0.26135445729611617,0.24192642945705733,0.7906822661951166,FALSE
nfl,linear,1,0.05,6,0.5560649999999999,0.6094682926829269,185,0.5798607324807287,0.6108108108108108,0.030950078330082068,0.06098801963751146,4.350610886871441,-0.23438506387360453,0.29628522053376866,0.34547566860712414,0.8761459530144973,FALSE
nfl,linear,1,0.05,7,0.6098,0.6629118644067796,185,0.6363709512229705,0.6000000000000001,-0.0363709512229705,0.05915375309202479,4.350610886871441,-0.2937259134244387,0.22098401097849768,0.3426450377985318,0.8573549622014682,FALSE
nfl,linear,1,0.05,8,0.6636666666666667,0.7232512195121951,185,0.6924194268042361,0.6756756756756758,-0.016743751128560462,0.0603467831547908,4.350610886871441,-0.2792891229094634,0.24580162065234246,0.4131303038947727,0.9382210474565785,FALSE
nfl,linear,1,0.05,9,0.7236153846153845,0.7942117647058824,185,0.757496722177321,0.7783783783783784,0.020881656201057405,0.05040797597276449,4.350610886871441,-0.1984238328512058,0.24018714525332058,0.5590728893261152,0.9976838674306416,FALSE
nfl,linear,1,0.05,10,0.7945736842105263,0.9749655172413793,185,0.8533360503996517,0.8378378378378379,-0.015498212561813832,0.04407590624748904,4.350610886871441,-0.2072553301308646,0.17625890500723695,0.646080720268787,1.0295949554068886,FALSE
nfl,linear,2,0.1,1,0.05814285714285713,0.2890097560975609,184,0.21332424610342554,0.22826086956521746,0.014936623461791868,0.05116620644753098,4.350610886871441,-0.20766763134874813,0.23754087827233186,0.005656614754677408,0.45086512437575743,FALSE
nfl,linear,2,0.1,2,0.2914833333333333,0.3721441176470588,185,0.33192850409760905,0.28108108108108115,-0.05084742301652796,0.0549156220835517,4.350610886871441,-0.2897639263125457,0.18806908027948976,0.04216457778506333,0.5199975843770988,FALSE
nfl,linear,2,0.1,3,0.3721454545454545,0.4423846153846154,185,0.4101513957824317,0.3891891891891892,-0.020962206593242487,0.06091180482716593,4.350610886871441,-0.28596576781329897,0.24404135462681398,0.12418562796913274,0.6541927504092457,FALSE
nfl,linear,2,0.1,4,0.4424193548387096,0.5052717948717949,185,0.4727873445379575,0.4594594594594595,-0.013327885078498051,0.05976216758036239,4.350610886871441,-0.2733298219766581,0.24667405181966204,0.1994575225612994,0.7194613963576195,FALSE
nfl,linear,2,0.1,5,0.5054999999999998,0.5557500000000001,184,0.5307089265571943,0.4945652173913044,-0.03614370916588984,0.06194089640435244,4.350610886871441,-0.30562444740524164,0.233337029073462,0.22508447915195262,0.7640459556306562,FALSE
nfl,linear,2,0.1,6,0.5559780487804878,0.6137581395348837,185,0.5857705493266224,0.627027027027027,0.04125647770040454,0.058163985637412756,4.350610886871441,-0.21179239143755751,0.29430534683836657,0.3739781578890649,0.880075896164989,FALSE
nfl,linear,2,0.1,7,0.6137619047619047,0.6715421052631579,185,0.6437476887750339,0.5783783783783785,-0.06536931039665542,0.06160890202388002,4.350610886871441,-0.33340567026994383,0.20266704947663297,0.31034201850509,0.8464147382516668,FALSE
nfl,linear,2,0.1,8,0.6722068965517242,0.7358125,185,0.703534043472165,0.7135135135135136,0.009979470041348536,0.05587041640582982,4.350610886871441,-0.23309097182789545,0.2530499119105925,0.4704430716442695,0.9565839553827575,FALSE
nfl,linear,2,0.1,9,0.736,0.8104605263157895,185,0.7720001789563887,0.7675675675675675,-0.004432611388821102,0.051032384715902934,4.350610886871441,-0.2264546599168401,0.21758943713919793,0.5455455190395486,0.9895896160955866,FALSE
nfl,linear,2,0.1,10,0.8106153846153846,0.9732105263157894,185,0.8633329158508672,0.8648648648648649,0.001531949013997628,0.04183120395905324,4.350610886871441,-0.1804593423411991,0.18352324036919437,0.6828735735096682,1.0468561562200616,FALSE
nfl,linear,3,0.15000000000000002,1,0.06928387096774194,0.2689999999999999,184,0.19522355343392425,0.19565217391304343,4.286204791192353e-4,0.04938958259970725,4.350610886871441,-0.2144462352772034,0.21530347623544188,-0.01922268184327916,0.41052702966936616,FALSE
nfl,linear,3,0.15000000000000002,2,0.2696363636363637,0.3608692307692308,185,0.31654088677974906,0.2594594594594595,-0.0570814273202896,0.05419505832339031,4.350610886871441,-0.2928630380766642,0.17870018343608499,0.02367784870308487,0.4952410702158341,FALSE
nfl,linear,3,0.15000000000000002,3,0.3609333333333335,0.43302,185,0.39763806020827347,0.4216216216216216,0.023983561413348183,0.0608451167809719,4.350610886871441,-0.24072986606691238,0.28869698889360873,0.1569081941413611,0.6863350491018823,FALSE
nfl,linear,3,0.15000000000000002,4,0.4333695652173913,0.5029321428571426,185,0.46858661678053365,0.42162162162162153,-0.04696499515891205,0.06302592812935551,4.350610886871441,-0.3211662842336631,0.227236293915839,0.14742033254687054,0.6958229106963727,FALSE
nfl,linear,3,0.15000000000000002,5,0.5031176470588236,0.5622258064516129,184,0.5330700370382803,0.5217391304347827,-0.011330906603497674,0.06081405444358551,4.350610886871441,-0.2759091939405533,0.25324738073355796,0.25716084309772697,0.7863174177718382,FALSE
nfl,linear,3,0.15000000000000002,6,0.5626999999999999,0.6194999999999999,185,0.590058909652682,0.5783783783783785,-0.011680531274303659,0.0578331070817839,4.350610886871441,-0.26328987656591457,0.23992881401730723,0.32676903308676747,0.8299877236699893,FALSE
nfl,linear,3,0.15000000000000002,7,0.6197166666666667,0.67706,185,0.6493104209862598,0.6162162162162163,-0.033094204770043614,0.05882732135185699,4.350610886871441,-0.28902898948891736,0.22284057994883016,0.36028143149734243,0.8721510009350899,FALSE
nfl,linear,3,0.15000000000000002,8,0.677739534883721,0.7403357664233576,185,0.7086363626225596,0.6972972972972974,-0.011339065325262219,0.054215703106961215,4.350610886871441,-0.24721049350179747,0.22453236285127304,0.4614258691207621,0.9331687254738326,FALSE
nfl,linear,3,0.15000000000000002,9,0.7406000000000004,0.8158181818181819,185,0.7778748957908524,0.8,0.022125104209147536,0.04863677018207757,4.350610886871441,-0.1894745576472634,0.23372476606555848,0.588400338143589,1.011599661856411,FALSE
nfl,linear,3,0.15000000000000002,10,0.8167777777777777,0.979342105263158,185,0.8737060695652221,0.8918918918918919,0.018185822326669755,0.037979415818917395,4.350610886871441,-0.14704783761212967,0.1834194822654692,0.7266582319530924,1.0571255518306912,FALSE
nfl,linear,4,0.2,1,0.05,0.2576551724137931,184,0.18642657612314067,0.1793478260869565,-0.007078750036184138,0.04550591000953366,4.350610886871441,-0.20505725754065335,0.19089975746828508,-0.018630681417512673,0.37732633359142576,FALSE
nfl,linear,4,0.2,2,0.2577,0.339225,185,0.2977122370480268,0.24324324324324326,-0.054468993804783546,0.05650419322714983,4.350610886871441,-0.3002967520127091,0.19135876440314203,-0.0025845149646823162,0.48907100145116883,FALSE
nfl,linear,4,0.2,3,0.3399923076923077,0.4233,185,0.38247066394754164,0.4054054054054054,0.022934741457863755,0.06317415976448608,4.350610886871441,-0.25191144578246516,0.2977809286981926,0.13055921816507648,0.6802515926457342,FALSE
nfl,linear,4,0.2,4,0.4245405405405406,0.49265348837209305,185,0.4587480453153675,0.4108108108108107,-0.047937234504556676,0.061952682089357614,4.350610886871441,-0.31746924767340123,0.2215947786642879,0.14127879764196627,0.6803428239796554,FALSE
nfl,linear,4,0.2,5,0.4931111111111112,0.5588818181818183,184,0.5284049720420765,0.5217391304347827,-0.006665841607293935,0.060278040642987134,4.350610886871441,-0.26891214146795295,0.25558045825336506,0.25949283057412353,0.7839854302954415,FALSE
nfl,linear,4,0.2,6,0.55905,0.6234292682926829,185,0.5906562207010948,0.5513513513513513,-0.039304869349743476,0.0595737417138525,4.350610886871441,-0.29848703862169745,0.2198772999222105,0.29216918207939735,0.8105335206233053,FALSE
nfl,linear,4,0.2,7,0.6236585365853659,0.6816666666666668,185,0.6513542694492805,0.6594594594594594,0.008105190010178858,0.05905902138664794,4.350610886871441,-0.24883763140254492,0.26504801142290263,0.40251663804673565,0.9164022808721832,FALSE
nfl,linear,4,0.2,8,0.681825,0.7466046511627906,184,0.7137859471090117,0.6956521739130436,-0.018133773195968154,0.05369207554140086,4.350610886871441,-0.2517271015851106,0.21545955519317425,0.4620588455239011,0.9292455023021859,FALSE
nfl,linear,4,0.2,9,0.749,0.83374,186,0.7892366645530611,0.8279569892473118,0.038720324694250775,0.04715065392847808,4.350610886871441,-0.16641382361009363,0.24385447299859517,0.6228228409429675,1.0330911375516563,FALSE
nfl,linear,4,0.2,10,0.8338888888888889,0.977925925925926,185,0.8865381244642845,0.9081081081081082,0.0215699836438236,0.03698336052927962,4.350610886871441,-0.13933022730795186,0.18247019459559904,0.7472078971563326,1.0690083190598836,FALSE
nfl,linear,5,0.25,1,0.025,0.233,184,0.15887173913043479,0.13043478260869565,-0.028436956521739127,0.04235750155295926,4.350610886871441,-0.21271796391871767,0.1558440508752394,-0.05384622478828288,0.3147157900056742,FALSE
nfl,linear,5,0.25,2,0.23319999999999996,0.33000000000000007,185,0.28408702702702704,0.27567567567567564,-0.008411351351351362,0.05572884282571699,4.350610886871441,-0.2508658616616631,0.23404315895896038,0.03322116536536396,0.5181301859859875,FALSE
nfl,linear,5,0.25,3,0.3313999999999999,0.413,185,0.3730216216216216,0.37297297297297294,-4.864864864864539e-5,0.05814649229499149,4.350610886871441,-0.2530214110606249,0.2529241137633277,0.12000021056099669,0.6259457353849494,FALSE
nfl,linear,5,0.25,4,0.4135,0.49,185,0.45342702702702703,0.45405405405405413,6.270270270270756e-4,0.06146744652109716,4.350610886871441,-0.2667939149958463,0.2680479690499004,0.18663311203118071,0.7214749960769274,FALSE
nfl,linear,5,0.25,5,0.491,0.5574,184,0.5256103260869566,0.5108695652173912,-0.01474076086956523,0.05980812256823695,4.350610886871441,-0.2749426300382784,0.24546110829914797,0.25066769604867817,0.7710714343861045,FALSE
nfl,linear,5,0.25,6,0.5575,0.6321,185,0.5929735135135135,0.5405405405405406,-0.052432972972972954,0.0622894448511546,4.350610886871441,-0.32343010987958437,0.21856416393363848,0.2695434036339291,0.8115376774471519,FALSE
nfl,linear,5,0.25,7,0.6329,0.6993,185,0.6664530826478653,0.6054054054054054,-0.06104767724245988,0.05963290344168785,4.350610886871441,-0.32048723617162045,0.19839188168670066,0.34596584647624484,0.8648449643345659,FALSE
nfl,linear,5,0.25,8,0.6998,0.7703,184,0.7338956521739131,0.7663043478260869,0.03240869565217392,0.052343382585364404,4.350610886871441,-0.19531699447938944,0.26013438578373727,0.5385786576945236,0.9940300379576503,FALSE
nfl,linear,5,0.25,9,0.771,0.8535,186,0.8096849462365592,0.8333333333333333,0.023648387096774196,0.04692549105879402,4.350610886871441,-0.18050616517540352,0.2278029393689519,0.6291787810611557,1.0374878856055112,FALSE
nfl,linear,5,0.25,10,0.8537,0.9853,185,0.9023010810810811,0.9135135135135135,0.011212432432432416,0.033117247119529965,4.350610886871441,-0.13286782342900652,0.15529268829387136,0.7694332576520746,1.0575937693749524,FALSE
nfl,linear,6,0.30000000000000004,1,0.0088,0.21637931034482755,184,0.14572202266529388,0.13043478260869562,-0.01528724005659825,0.042256593535346644,4.350610886871441,-0.19912923593357873,0.1685547558203822,-0.05340721326828485,0.3142767784856761,FALSE
nfl,linear,6,0.30000000000000004,2,0.21719148936170216,0.31509375,185,0.27204595460446146,0.2594594594594595,-0.012586495145002046,0.05313848266828895,4.350610886871441,-0.24377135635348932,0.21859836606348523,0.028274598250972144,0.4906443206679467,FALSE
nfl,linear,6,0.30000000000000004,3,0.31562,0.4132666666666666,185,0.3654598102890506,0.3405405405405406,-0.02491926974851007,0.059158255965169215,4.350610886871441,-0.2822938221989026,0.23245528270188245,0.08316598809014802,0.597915092990933,FALSE
nfl,linear,6,0.30000000000000004,4,0.413421951219512,0.4878063829787233,185,0.4528247366991769,0.3891891891891892,-0.06363554750998773,0.06138684724050171,4.350610886871441,-0.3307058334252285,0.20343473840525306,0.12211890327394836,0.65625947510443,FALSE
nfl,linear,6,0.30000000000000004,5,0.4879125,0.5656790697674419,184,0.527603238817842,0.5163043478260869,-0.011298890991755043,0.0628020230237999,4.350610886871441,-0.28452605607664977,0.26192827409313973,0.24307718274119222,0.7895315129109817,FALSE
nfl,linear,6,0.30000000000000004,6,0.5657826086956521,0.6336861111111111,185,0.6003486529100871,0.6,-3.486529100870568e-4,0.06074112696863747,4.350610886871441,-0.2646096611806817,0.26391235536050756,0.3357389917294054,0.8642610082705946,FALSE
nfl,linear,6,0.30000000000000004,7,0.6337777777777777,0.7066585365853659,185,0.6698926036595394,0.654054054054054,-0.015838549605485298,0.05642176100197132,4.350610886871441,-0.26130767727712023,0.22963057806614962,0.40858492638241917,0.899523181725689,FALSE
nfl,linear,6,0.30000000000000004,8,0.7073157894736841,0.7832000000000001,185,0.7478166034996715,0.7027027027027027,-0.045113900796968774,0.05572182631260641,4.350610886871441,-0.2875378849889537,0.19731008339501618,0.4602787185107178,0.9451266868946877,FALSE
nfl,linear,6,0.30000000000000004,9,0.7834461538461538,0.8639958333333343,185,0.8249296421936143,0.8648648648648649,0.039935222671250575,0.041854876177161056,4.350610886871441,-0.14215905729376244,0.2220295026362636,0.6827705848998519,1.0469591448298778,FALSE
nfl,linear,6,0.30000000000000004,10,0.8644000000000001,0.9899772727272728,185,0.9146958836569055,0.9459459459459459,0.03125006228904044,0.026220694757299396,4.350610886871441,-0.08282597778339923,0.1453261023614801,0.8318699058735062,1.0600219860183855,FALSE
nfl,linear,7,0.35000000000000003,1,0.01030555555555555,0.20295,184,0.12783500827290598,0.13586956521739132,0.008034556944485334,0.041677109533941166,4.350610886871441,-0.17328632952721262,0.18935544341618327,-0.04545132125430665,0.3171904516890892,FALSE
nfl,linear,7,0.35000000000000003,2,0.20366499999999996,0.30910869565217386,185,0.2572658837412451,0.21621621621621623,-0.0410496675250289,0.050985019855185866,4.350610886871441,-0.26286564997435713,0.18076631492429932,-0.005599766233112036,0.43803219866554444,FALSE
nfl,linear,7,0.35000000000000003,3,0.3092424242424241,0.402328125,184,0.35493315697235805,0.30434782608695643,-0.05058533088540156,0.05937289635048852,4.350610886871441,-0.30889370013292655,0.2077230383621234,0.0460394568394315,0.5626561953344815,FALSE
nfl,linear,7,0.35000000000000003,4,0.403,0.4827548387096772,186,0.44239636990095776,0.38709677419354854,-0.055299595707409395,0.06163279710869502,4.350610886871441,-0.3234399137968366,0.21284072238201784,0.11895645610412114,0.6552370922829756,FALSE
nfl,linear,7,0.35000000000000003,5,0.4827649999999999,0.5577600000000009,184,0.5209698929168154,0.5543478260869564,0.033377933170141184,0.06154632009453585,4.350610886871441,-0.234386157080021,0.3011420234203034,0.2865837358367944,0.8221119163371188,FALSE
nfl,linear,7,0.35000000000000003,6,0.5577904761904764,0.6443382978723403,185,0.6027848707035748,0.5459459459459458,-0.0568389247576288,0.061043771887310354,4.350610886871441,-0.32241662330625803,0.20873877379100042,0.28036824739731675,0.8115236444945753,FALSE
nfl,linear,7,0.35000000000000003,7,0.64517777777777785,0.717,185,0.6819953012423546,0.6702702702702702,-0.011725030972084365,0.05716573430354855,4.350610886871441,-0.2604308969891029,0.23698083504493414,0.42156440425325176,0.9189761362872888,FALSE
nfl,linear,7,0.35000000000000003,8,0.7171846153846153,0.7917266666666666,185,0.7541686426186359,0.7837837837837838,0.02961514116514791,0.05067928587826476,4.350610886871441,-0.1908707117157008,0.2501009940459966,0.5632979309029351,1.0042696366646324,FALSE
nfl,linear,7,0.35000000000000003,9,0.7919999999999998,0.8801815789473684,185,0.8349029011817438,0.8648648648648649,0.0299619636831211,0.04215562116415084,4.350610886871441,-0.15344074069646169,0.21336466806270388,0.6814621604852822,1.0482675692444476,FALSE
nfl,linear,7,0.35000000000000003,10,0.8809200000000003,0.993328947368421,185,0.9286591892350192,0.9405405405405405,0.011881351305521324,0.028883693664083603,4.350610886871441,-0.11378036080250044,0.13754306341354308,0.8148788284325188,1.0662022526485624,FALSE
nfl,linear,8,0.4,1,0.00420588235294117,0.18317777777777777,184,0.10911865958728338,0.11413043478260865,0.005011775195325307,0.03931658925647355,4.350610886871441,-0.16603940605854126,0.17606295644919187,-0.056920746471257874,0.28518161603647524,FALSE
nfl,linear,8,0.4,2,0.18450000000000005,0.28317500000000007,185,0.23756794701461742,0.23783783783783777,2.698908232204272e-4,0.05103206041521981,4.350610886871441,-0.22175074679871595,0.22229052844515682,0.015817200215901467,0.4598584754597742,FALSE
nfl,linear,8,0.4,3,0.28345384615384606,0.3924653061224489,185,0.33844218520375197,0.29729729729729726,-0.04114488790645466,0.05734757689225332,4.350610886871441,-0.29064188026958904,0.2083521044566797,0.04780030493416293,0.5467942896604316,FALSE
nfl,linear,8,0.4,4,0.3927368421052631,0.4779790697674417,185,0.4346265604502934,0.35675675675675683,-0.07786980369353663,0.055944829490806564,4.350610886871441,-0.3212639879404061,0.16552438055333285,0.1133625725098873,0.6001509410036263,FALSE
nfl,linear,8,0.4,5,0.478,0.5602374999999999,184,0.5184030514061939,0.5054347826086956,-0.012968268797498314,0.06022772916785008,4.350610886871441,-0.27499568300669147,0.24905914541169485,0.24340736839950244,0.7674621968178887,FALSE
nfl,linear,8,0.4,6,0.5603478260869565,0.6505000000000001,185,0.6075022286613312,0.6,-0.0075022286613312455,0.060318767386780686,4.350610886871441,-0.26992571473692534,0.2549212574142628,0.33757651392440585,0.8624234860755939,FALSE
nfl,linear,8,0.4,7,0.6516744186046511,0.7230215686274509,185,0.6881738666545075,0.6756756756756758,-0.012498190978831798,0.05796210737039593,4.350610886871441,-0.2646687663304877,0.2396723843728241,0.42350510032401983,0.9278462510273316,FALSE
nfl,linear,8,0.4,8,0.7233157894736842,0.8041428571428573,185,0.7661577892743118,0.7783783783783784,0.012220589104066587,0.050537810765973086,4.350610886871441,-0.20764976061302462,0.2320909388211578,0.5585080286612871,0.9982487280954696,FALSE
nfl,linear,8,0.4,9,0.8046343749999998,0.8864102564102564,185,0.842257154015803,0.8756756756756757,0.03341852165987262,0.04013250285159177,4.350610886871441,-0.1411823821636617,0.2080194254834069,0.7010747718521413,1.05027657949921,FALSE
nfl,linear,8,0.4,10,0.8875384615384617,0.995,185,0.9368984381800384,0.9621621621621622,0.025263723982123832,0.023572473959607966,4.350610886871441,-0.07729093785704012,0.1278183858212878,0.8596075003229983,1.064716824001326,FALSE
nfl,linear,9,0.45,1,0.00362857142857142,0.15680400000000003,184,0.09330394615504867,0.10326086956521743,0.009956923410168721,0.035771505531309804,4.350610886871441,-0.14567097799412967,0.1655848248144671,-0.05236703183908101,0.2588887709695158,FALSE
nfl,linear,9,0.45,2,0.1570181818181818,0.27382727272727275,185,0.21401881968168934,0.19999999999999996,-0.01401881968168935,0.04992987362331131,4.350610886871441,-0.23124427144738274,0.20320663208400402,-0.0172254517656934,0.41722545176569337,FALSE
nfl,linear,9,0.45,3,0.274,0.378625,185,0.32418657812337665,0.29729729729729726,-0.026889280826079325,0.057695864797758664,4.350610886871441,-0.2779015383426709,0.22412297669051223,0.04628503978070575,0.5483095548138889,FALSE
nfl,linear,9,0.45,4,0.3788235294117647,0.4686,185,0.42516614489350124,0.3729729729729729,-0.05219317192052827,0.0568030945270127,4.350610886871441,-0.2993213333777373,0.19493498953668076,0.12584481151576393,0.620101134430182,FALSE
nfl,linear,9,0.45,5,0.4694783783783784,0.5578280000000001,184,0.5141663459658184,0.4402173913043478,-0.0739489546614707,0.060070837590584195,4.350610886871441,-0.3352937946665525,0.1873958853436111,0.17887255129926594,0.7015622313094295,FALSE
nfl,linear,9,0.45,6,0.5585648648648648,0.6499357142857144,185,0.605260822629166,0.5945945945945945,-0.010666228034571453,0.05906987601285225,4.350610886871441,-0.2676562737022326,0.2463238176330897,0.3376045489269334,0.8515846402622558,FALSE
nfl,linear,9,0.45,7,0.6502410714285715,0.7386307692307692,185,0.6945909792975008,0.6864864864864865,-0.008104492811014254,0.0575227051493891,4.350610886871441,-0.25836340007624237,0.24215441445421385,0.43622757922125843,0.9367453937517146,FALSE
nfl,linear,9,0.45,8,0.7386470588235295,0.8239647058823529,185,0.78270965291256,0.8432432432432432,0.060533590330683194,0.045300358670563146,4.350610886871441,-0.1365506432806499,0.25761782394201627,0.6461590096319101,1.0403274768545763,FALSE
nfl,linear,9,0.45,9,0.82425,0.9038367346938776,185,0.8636572899178886,0.9027027027027027,0.03904541278481415,0.03807080761133693,4.350610886871441,-0.1265858572810564,0.20467668285068472,0.7370714326368322,1.0683339727685732,FALSE
nfl,linear,9,0.45,10,0.9044,0.996,185,0.9473863059345995,0.9621621621621622,0.01477585622756273,0.023523372869584808,4.350610886871441,-0.08756518587478923,0.11711689832991468,0.8598211200598103,1.0645032042645142,FALSE
nfl,linear,10,0.5,1,0.001,0.1153,184,0.057903260869565217,0.04891304347826085,-0.008990217391304352,0.027216868893226037,4.350610886871441,-0.1274002235047262,0.1094197887221175,-0.069496962635161,0.1673230495916827,FALSE
nfl,linear,10,0.5,2,0.116,0.2298,185,0.17014054054054054,0.15675675675675674,-0.013383783783783782,0.04440519924088186,4.350610886871441,-0.20657352703485984,0.1798059594672923,-0.03643298649431931,0.34994650000783284,FALSE
nfl,linear,10,0.5,3,0.2306,0.3496,185,0.2896297297297297,0.2810810810810811,-0.008548648648648651,0.05839223567704424,4.350610886871441,-0.2625905448939603,0.245493247596663,0.027039184835769448,0.5351229773263927,FALSE
nfl,linear,10,0.5,4,0.35,0.4595,184,0.4026385869565217,0.3478260869565219,-0.054812499999999965,0.05629952592454053,4.350610886871441,-0.2997498304130069,0.19012483041300698,0.10288875654351481,0.5927634173695286,FALSE
nfl,linear,10,0.5,5,0.46,0.5689,185,0.5163378378378378,0.5135135135135136,-0.0028243243243243157,0.06245255040922442,4.350610886871441,-0.27453107004758354,0.26888242139893487,0.24180676779025428,0.7852202592367727,FALSE
nfl,linear,10,0.5,6,0.569,0.6709,185,0.6202102702702703,0.6,-0.020210270270270277,0.05968473293416447,4.350610886871441,-0.27987531915366065,0.2394547786131201,0.34033495111660966,0.8596650488833903,FALSE
nfl,linear,10,0.5,7,0.671,0.7773,185,0.7224524324324324,0.7297297297297297,0.0072772972972972964,0.05521045019899569,4.350610886871441,-0.23292188840752687,0.24747648300212144,0.48953054402490553,0.9699289154345538,FALSE
nfl,linear,10,0.5,8,0.779,0.8636,185,0.8205729729729729,0.8324324324324325,0.011859459459459442,0.04395134187404738,4.350610886871441,-0.17935572699037974,0.2030746459092986,0.6412172459825932,1.0236476188822716,FALSE
nfl,linear,10,0.5,9,0.8637,0.9391,184,0.9046076086956522,0.9184782608695651,0.013870652173913048,0.03355724669302965,4.350610886871441,-0.13212387062221242,0.1598651749700385,0.7724837380734397,1.0644727836656906,FALSE
nfl,linear,10,0.5,10,0.9392,0.998,186,0.9699612903225806,0.9731182795698925,0.0031569892473118388,0.02019582257119883,4.350610886871441,-0.08470717630026976,0.09102115479489344,0.8852541140223108,1.060982445117474,FALSE
nfl,linear,11,0.55,1,0.00122499999999999,0.09945714285714284,184,0.04499197137087696,0.043478260869565244,-0.0015137105013117347,0.02473208852336325,4.350610886871441,-0.1091134040861241,0.10608598308350065,-0.06412143271524715,0.1510779544543776,FALSE
nfl,linear,11,0.55,2,0.09965365853658546,0.20784999999999976,185,0.153173275723143,0.15135135135135128,-0.0018219243717916439,0.04643110102915905,4.350610886871441,-0.2038255779986788,0.20018172925509548,-0.0506523022755358,0.35335500497823846,FALSE
nfl,linear,11,0.55,3,0.2083065217391303,0.33372500000000005,185,0.26989002568142945,0.23243243243243245,-0.03745759324899702,0.05350637297415887,4.350610886871441,-0.27024300202737644,0.1953278155293824,-3.529763459469981e-4,0.46521784121081183,FALSE
nfl,linear,11,0.55,4,0.33418181818181825,0.4535499999999999,185,0.3950468197171831,0.3783783783783784,-0.016668441338804695,0.05997284397989024,4.350610886871441,-0.2775869492743575,0.24425006659674814,0.11745987044282558,0.6392968863139312,FALSE
nfl,linear,11,0.55,5,0.45363829787234033,0.5669,184,0.5099291312183851,0.5108695652173912,9.404339990061328e-4,0.06163490052220082,4.350610886871441,-0.267209035224119,0.2690899032221312,0.24272009599426614,0.7790190344405163,FALSE
nfl,linear,11,0.55,6,0.5678636363636363,0.6817499999999997,185,0.6239934583659763,0.5891891891891893,-0.034804269176787125,0.06334475103365496,4.350610886871441,-0.31039263264996736,0.24078409429639308,0.31360082571600895,0.8647775526623693,FALSE
nfl,linear,11,0.55,7,0.6832666666666662,0.7858780487804878,185,0.7344672538064557,0.7243243243243243,-0.010142929482131397,0.05654630279937147,4.350610886871441,-0.25615389005340594,0.23586803108914317,0.4783133637530498,0.9703352848955988,FALSE
nfl,linear,11,0.55,8,0.7859841269841271,0.8725952380952382,185,0.8334315184728024,0.8648648648648649,0.03143334639206242,0.0425216708029549,4.350610886871441,-0.15356189753123667,0.2164285903153615,0.6798696209415658,1.0498601087881638,FALSE
nfl,linear,11,0.55,9,0.8729947368421053,0.9465285714285716,185,0.9126172949988903,0.9243243243243243,0.01170702932543393,0.03428150073570914,4.350610886871441,-0.13743844099363356,0.16085249964450143,0.7751788540052568,1.0734697946433918,FALSE
nfl,linear,11,0.55,10,0.9467272727272726,0.999,185,0.9751259326957658,0.9837837837837837,0.008657851088018035,0.015522931674002741,4.350610886871441,-0.05887638444905981,0.07619208662509587,0.9162495482467059,1.0513180193208616,FALSE
nfl,linear,12,0.6000000000000001,1,0.001,0.07519722222222243,184,0.03343419994990343,0.03804347826086953,0.0046092783109661275,0.023225720367867957,4.350610886871441,-0.09643679357691197,0.10565535019884421,-0.06300259362700854,0.13908955014874763,FALSE
nfl,linear,12,0.6000000000000001,2,0.0759484848484847,0.19486190476190487,185,0.13461831918085318,0.11351351351351345,-0.021104805667339657,0.03920485333670705,4.350610886871441,-0.19166986741221548,0.14946025607753616,-0.0570515482313623,0.2840785752583893,FALSE
nfl,linear,12,0.6000000000000001,3,0.1955525000000001,0.3196736842105265,185,0.2584585693939055,0.2864864864864865,0.028027917092580977,0.06088577484603461,4.350610886871441,-0.2368623978081805,0.29291823199334244,0.021596171585724994,0.551376801387248,FALSE
nfl,linear,12,0.6000000000000001,4,0.32132432432432423,0.44868461538461585,185,0.38565016196213914,0.31351351351351353,-0.0721366484486256,0.05900386065551663,4.350610886871441,-0.32883948698396176,0.18456619008671055,0.05681067497817738,0.5702163520488497,FALSE
nfl,linear,12,0.6000000000000001,5,0.4490000000000002,0.5607400000000018,184,0.507950587587899,0.4945652173913044,-0.0133853701965947,0.060050707907001455,4.350610886871441,-0.27464263378113213,0.24787189338794274,0.2333079538067669,0.7558224809758418,FALSE
nfl,linear,12,0.6000000000000001,6,0.5607499999999992,0.686703448275862,185,0.6243594906230976,0.6162162162162163,-0.008143274406881323,0.06188540592526366,4.350610886871441,-0.2773825951637918,0.26109604635002914,0.34697689545930577,0.8854555369731267,FALSE
nfl,linear,12,0.6000000000000001,7,0.6867142857142856,0.7988731707317073,185,0.7432004840307623,0.7189189189189188,-0.02428156511184337,0.05407541588006041,4.350610886871441,-0.25954265815173494,0.21097952792804822,0.4836578258790274,0.9541800119588105,FALSE
nfl,linear,12,0.6000000000000001,8,0.7996000000000002,0.8904736842105263,185,0.8502643476447415,0.9081081081081082,0.05784376046336668,0.03570239289804693,4.350610886871441,-0.0974834587662379,0.21317097969297125,0.7527808888785036,1.0634353273377126,FALSE
nfl,linear,12,0.6000000000000001,9,0.8906000000000002,0.960241379310345,185,0.9253966461739773,0.9135135135135135,-0.01188313266046386,0.036590150466301374,4.350610886871441,-0.17107263963141875,0.147306374310491,0.7543240065425586,1.0727030204844683,FALSE
nfl,linear,12,0.6000000000000001,10,0.9603725490196078,0.9989,185,0.9814052706925745,1,0.01859472930742541,0.0014508656531404872,4.350610886871441,0.012282577401484562,0.024906881213366254,0.9936878480940591,1.0063121519059408,TRUE
nfl,linear,13,0.65,1,0.001,0.06224999999999998,184,0.02448701132427199,0.021739130434782598,-0.0027478808894893848,0.01763314859985944,4.350610886871441,-0.07946284915785977,0.07396708737888101,-0.05497583783358778,0.098454098703153,FALSE
nfl,linear,13,0.65,2,0.062295,0.17189999999999994,185,0.11284364919171562,0.1351351351351352,0.022291485943419516,0.044420950030673576,4.350610886871441,-0.1709667828652012,0.21554975475204022,-0.05812313367348558,0.3283934039437558,FALSE
nfl,linear,13,0.65,3,0.17197435897435895,0.3042102564102566,185,0.2349001068303526,0.18918918918918917,-0.0457109176411634,0.048838667921473705,4.350610886871441,-0.2581889580006259,0.1667671227182991,-0.023288851170273323,0.4016672295486517,FALSE
nfl,linear,13,0.65,4,0.30479999999999985,0.4383255813953485,185,0.3693685600813001,0.35675675675675683,-0.012611803324543338,0.06301134001797482,4.350610886871441,-0.28674962520310265,0.261526018554016,0.08261893487819744,0.6308945786353162,FALSE
nfl,linear,13,0.65,5,0.438375,0.5576217391304351,184,0.5022818129243332,0.47282608695652184,-0.029455725967811486,0.06338039522919216,4.350610886871441,-0.3051991634661496,0.24628771153052664,0.19708264945818355,0.7485695244548598,FALSE
nfl,linear,13,0.65,6,0.5577,0.6857,185,0.6230031842633901,0.6432432432432432,0.02024005897985316,0.06043469081308579,4.350610886871441,-0.24268776481626736,0.28316788277597366,0.3803154194471227,0.9061710670393637,FALSE
nfl,linear,13,0.65,7,0.6858297297297297,0.8145681818181818,185,0.7524659141071284,0.7567567567567567,0.004290842649628391,0.05224804209132141,4.350610886871441,-0.2230200580905918,0.2316017433898486,0.5294458560165366,0.984067657496977,FALSE
nfl,linear,13,0.65,8,0.8148194444444444,0.9054642857142856,185,0.8618236305266295,0.9027027027027026,0.040879072176073214,0.03513017900009927,4.350610886871441,-0.11195866703950115,0.1937168113916476,0.7498649634871283,1.055540441918277,FALSE
nfl,linear,13,0.65,9,0.9070075,0.9689896551724138,185,0.940437438460603,0.9297297297297298,-0.010707708730873235,0.03147134171851712,4.350610886871441,-0.14762727063590517,0.1262118531741587,0.7928101678246978,1.0666492916347616,FALSE
nfl,linear,13,0.65,10,0.9695135135135134,0.999,185,0.9881289529672709,0.9945945945945946,0.00646564162732369,0.008979716712987078,4.350610886871441,-0.03260161166521932,0.045532894919866694,0.9555273413020515,1.0336618478871376,FALSE
nfl,linear,14,0.7000000000000001,1,0.001,0.04458648648648649,184,0.017227370717715875,0.016304347826086963,-9.230228916289159e-4,0.016205055668739036,4.350610886871441,-0.07142491450640273,0.0695788687231449,-0.05419754378868685,0.08680623944086077,FALSE
nfl,linear,14,0.7000000000000001,2,0.04478249999999999,0.1441914893617007,185,0.08887688455813224,0.06486486486486484,-0.024012019693267373,0.030611168024783742,4.350610886871441,-0.15718930056174246,0.10916526117520771,-0.06831241600361022,0.19804214573333995,FALSE
nfl,linear,14,0.7000000000000001,3,0.14512499999999998,0.2733750000000007,185,0.2060081929316355,0.21621621621621623,0.010208023284580717,0.051991321569051854,4.350610886871441,-0.21598598635657024,0.2364020329257317,-0.009977793424934739,0.4424102258573672,FALSE
nfl,linear,14,0.7000000000000001,4,0.27441860465116275,0.424487804878049,185,0.35377422815810555,0.36756756756756764,0.013793339409462008,0.06036076397571846,4.350610886871441,-0.2488128574831762,0.27639953630210023,0.10496137067492936,0.6301737644602058,FALSE
nfl,linear,14,0.7000000000000001,5,0.4248394736842104,0.5613428571428573,184,0.49294387453584354,0.4619565217391304,-0.030987352796713153,0.062137153180584825,4.350610886871441,-0.3013219279033639,0.23934722230993755,0.19162194663247967,0.7322910968457811,FALSE
nfl,linear,14,0.7000000000000001,6,0.5622391304347825,0.7063795454545455,185,0.6332252742033313,0.6216216216216216,-0.011603652581709704,0.05837279337302265,4.350610886871441,-0.2655609629274791,0.2423536577640597,0.3676643112758522,0.875578931967391,FALSE
nfl,linear,14,0.7000000000000001,7,0.7065847826086955,0.8258500000000003,185,0.7684743445434252,0.8054054054054054,0.036931060861980246,0.04809403549932716,4.350610886871441,-0.17230737357497405,0.24616949529893456,0.5961669709684512,1.0146438398423598,FALSE
nfl,linear,14,0.7000000000000001,8,0.8259729729729735,0.9153789473684212,185,0.8721089176774426,0.9081081081081082,0.03599919043066557,0.03710551634157644,4.350610886871441,-0.12543247292798304,0.1974308537893142,0.7466764447494596,1.0695397714667567,FALSE
nfl,linear,14,0.7000000000000001,9,0.9157272727272728,0.9772,185,0.9516767688169411,0.9459459459459459,-0.005730822870995132,0.02768464985959423,4.350610886871441,-0.1261759619493697,0.11471431620737943,0.8255008068675713,1.0663910850243206,FALSE
nfl,linear,14,0.7000000000000001,10,0.9772727272727272,0.999,185,0.9924922872945697,0.9945945945945946,0.002102307300024818,0.008808836714774722,4.350610886871441,-0.03622151361194695,0.04042612821199658,0.9562707736826228,1.0329184155065663,FALSE
nfl,linear,15,0.75,1,0.001,0.0318,184,0.01069945652173913,0.01630434782608697,0.0056048913043478255,0.01551942953454996,4.350610886871441,-0.06191410778669941,0.07312389039539506,-0.051214651264960276,0.0838233469171342,FALSE
nfl,linear,15,0.75,2,0.032,0.1257,185,0.07673891891891892,0.07027027027027025,-0.006468648648648651,0.03129550060226126,4.350610886871441,-0.14262319427893821,0.1296858969816409,-0.0658842753600193,0.20642481590055983,FALSE
nfl,linear,15,0.75,3,0.1258,0.248,185,0.1851254054054054,0.17297297297297298,-0.01215243243243243,0.04847356127235643,4.350610886871441,-0.22304203582937618,0.1987371709645113,-0.03791663042397078,0.3838625763699167,FALSE
nfl,linear,15,0.75,4,0.2484,0.4149,185,0.33159945945945946,0.3027027027027027,-0.028896756756756747,0.05622615704113177,4.350610886871441,-0.27351488770684795,0.21572137419333445,0.0580845717526115,0.5473208336527939,FALSE
nfl,linear,15,0.75,5,0.415,0.5739999999999998,184,0.5057701086956522,0.5217391304347826,0.015969021739130448,0.06164197239378762,4.350610886871441,-0.25221121444551076,0.28414925792377166,0.25355889425014144,0.7899193666194239,FALSE
nfl,linear,15,0.75,6,0.575,0.716,185,0.6486735135135135,0.654054054054054,0.005380540540540555,0.060968532770007654,4.350610886871441,-0.25986982188523294,0.27063090296631404,0.3888036916282806,0.9193044164798276,FALSE
nfl,linear,15,0.75,7,0.7174,0.846,185,0.7812432432432432,0.7729729729729728,-0.008270270270270266,0.05215017454114293,4.350610886871441,-0.23515538738121256,0.218614846840672,0.5460878558620307,0.9998580900839152,FALSE
nfl,linear,15,0.75,8,0.8464,0.9338,183,0.8927497267759563,0.9398907103825136,0.04714098360655736,0.02975115864833616,4.350610886871441,-0.08229473110593336,0.17657669831904807,0.810454995670023,1.0693264250950043,FALSE
nfl,linear,15,0.75,9,0.934,0.986,187,0.9619893048128342,0.9625668449197862,5.77540106951879e-4,0.02314456843684923,4.350610886871441,-0.10011547130634552,0.10127055152024927,0.8618738335064886,1.0632598563330835,FALSE
nfl,linear,15,0.75,10,0.9861,0.999,185,0.9960243243243243,0.9891891891891892,-0.006835135135135141,0.012641277797947386,4.350610886871441,-0.06183241594685127,0.048162145676580996,0.934191908377473,1.0441864700009054,FALSE
nfl,linear,16,0.8,1,0.001,0.0218333333333334,184,0.0064076158423487335,0,-0.0064076158423487335,7.402625658333993e-4,4.350610886871441,-0.009628210220406908,-0.0031870214642905595,-0.0032205943780581744,0.003220594378058174,TRUE
nfl,linear,16,0.8,2,0.0218813953488372,0.09724358974358976,185,0.055525604405098995,0.03783783783783779,-0.01768776656726116,0.02315676667619624,4.350610886871441,-0.11843384777346232,0.08305831463893999,-0.06290824336836331,0.138583919044039,FALSE
nfl,linear,16,0.8,3,0.09765945945945938,0.2310086956521738,185,0.1595838089299427,0.16756756756756752,0.007983758637624887,0.04484152367842318,4.350610886871441,-0.1871042624616265,0.20307177973687626,-0.02752045353168381,0.36265558866681896,FALSE
nfl,linear,16,0.8,4,0.23169230769230753,0.3971621621621622,185,0.3111728089698586,0.29729729729729726,-0.013875511672561323,0.05539091362039099,4.350610886871441,-0.2548598235031899,0.22710880015806728,0.056312985466668686,0.5382816091279259,FALSE
nfl,linear,16,0.8,5,0.3998813953488373,0.5820909090909092,184,0.49786913860178195,0.4728260869565218,-0.025043051645260182,0.06011988373589945,4.350610886871441,-0.2866012723441096,0.23651516905358924,0.21126786625767235,0.7343843076553712,FALSE
nfl,linear,16,0.8,6,0.5821714285714282,0.7370634146341464,185,0.6589551469242104,0.7297297297297297,0.07077458280551935,0.05662214180216957,4.350610886871441,-0.1755663237569781,0.3171154893680168,0.4833888231672323,0.9760706362922272,FALSE
nfl,linear,16,0.8,7,0.7395822222222224,0.8661904761904762,185,0.7994398585764201,0.8108108108108107,0.011370952234390688,0.04648835710313977,4.350610886871441,-0.19088180029129645,0.21362370476007783,0.6085580582851237,1.013063563336498,FALSE
nfl,linear,16,0.8,8,0.8667142857142855,0.949784210526316,185,0.9119085968818962,0.9135135135135135,0.0016049166316172742,0.03541069355086407,4.350610886871441,-0.15245323224244026,0.1556630655056748,0.759455364639456,1.067571662387571,FALSE
nfl,linear,16,0.8,9,0.9500736842105264,0.9917942307692308,185,0.9743010645917528,0.972972972972973,-0.0013280916187798169,0.020275639487341672,4.350610886871441,-0.08953950951068898,0.08688332627312934,0.8847615550810638,1.0611843908648821,FALSE
nfl,linear,16,0.8,10,0.9921,0.999,185,0.9978612628173007,1,0.0021387371826992966,2.2410275453179214e-4,4.350610886871441,0.0011637532990554037,0.0031137210663431895,0.9990250161163561,1.000974983883644,TRUE
nfl,linear,17,0.8500000000000001,1,0.001,0.0104272727272727,184,0.0030744476900931984,0,-0.0030744476900931984,3.658008019257458e-4,4.350610886871441,-0.004665904641377652,-0.001482990738808745,-0.0015914569512844533,0.0015914569512844533,TRUE
nfl,linear,17,0.8500000000000001,2,0.01046153846153849,0.0725181818181819,185,0.03532909542733139,0.02702702702702705,-0.008302068400304369,0.01952797644499919,4.350610886871441,-0.09326069532048689,0.07665655851987815,-0.0579315998931555,0.11198565394720955,FALSE
nfl,linear,17,0.8500000000000001,3,0.07419565217391319,0.20337727272727268,185,0.13135356190590877,0.10810810810810811,-0.023245453797800665,0.03774430886806316,4.350610886871441,-0.1874562548766345,0.1409653472810332,-0.05610269297072573,0.27231890918694196,FALSE
nfl,linear,17,0.8500000000000001,4,0.20399999999999993,0.39121500000000026,185,0.2900427557758724,0.29729729729729726,0.007254541521424916,0.054553720652203055,4.350610886871441,-0.23008746946739306,0.24459655251024287,0.05995528630847935,0.5346393082861153,FALSE
nfl,linear,17,0.8500000000000001,5,0.3927274999999993,0.5923478260869569,184,0.4936082378397982,0.5054347826086956,0.01182654476889748,0.06290082452858357,4.350610886871441,-0.26183046721834835,0.28548355675614334,0.23177777062144983,0.7790917945959415,FALSE
nfl,linear,17,0.8500000000000001,6,0.5925648648648636,0.7592399999999995,185,0.6786453843491147,0.7189189189189189,0.04027353456980417,0.0550786202975483,4.350610886871441,-0.19935211053056778,0.27989917967017613,0.4792932738185469,0.9585445640192909,FALSE
nfl,linear,17,0.8500000000000001,7,0.7592857142857142,0.8973840909090914,185,0.8300571697140811,0.8216216216216217,-0.008435548092459473,0.04585359678438588,4.350610886871441,-0.20792670546482198,0.19105560927990303,0.6221304642492591,1.021112778993984,FALSE
nfl,linear,17,0.8500000000000001,8,0.8977,0.9673894736842106,185,0.9358481877398362,0.9513513513513514,0.015503163611515054,0.02662690691741459,4.350610886871441,-0.10034014750710135,0.13134647473013145,0.8355080402327348,1.0671946624699677,FALSE
nfl,linear,17,0.8500000000000001,9,0.967414285714286,0.9977617021276596,184,0.9862483577440928,0.9728260869565217,-0.013422270787571106,0.020976467263749462,4.350610886871441,-0.1046827176333419,0.07783817605819969,0.8815656401107509,1.0640865338022925,FALSE
nfl,linear,17,0.8500000000000001,10,0.9978888888888888,0.999,186,0.9988961670744501,1,0.0011038329255499695,3.30053983777698e-5,4.350610886871441,9.602392800421152e-4,0.0012474265710578237,0.9998564063544921,1.0001435936455079,TRUE
nfl,linear,18,0.9,1,0.001,0.0020764705882353,184,0.0010898771473147534,0,-0.0010898771473147534,2.9284633888113257e-5,4.350610886871441,-0.0012172831943264232,-9.624711003030836e-4,-1.2740604701166978e-4,1.2740604701166989e-4,TRUE
nfl,linear,18,0.9,2,0.00209090909090908,0.03761707317073161,185,0.01633122397132431,0.016216216216216196,-1.1500775510809689e-4,0.015606632408430335,4.350610886871441,-0.06801339261862577,0.06778337710840956,-0.051682168647301456,0.08411460107973387,FALSE
nfl,linear,18,0.9,3,0.03840909090909091,0.1744325581395349,185,0.10170569525169862,0.09189189189189192,-0.00981380335980673,0.03520117830956415,4.350610886871441,-0.16296043294409934,0.1433328262244859,-0.061254737692400724,0.24503852147618452,FALSE
nfl,linear,18,0.9,4,0.1745777777777778,0.38104347826087,185,0.2709322112493624,0.2594594594594595,-0.011472751789902967,0.05304827507466524,4.350610886871441,-0.24226515485949246,0.2193196512796865,0.028667056389869938,0.4902518625290489,FALSE
nfl,linear,18,0.9,5,0.38184999999999975,0.6117636363636363,184,0.4965206845505634,0.5543478260869565,0.057827141536393095,0.06442929140329007,4.350610886871441,-0.22247963507617322,0.33813391814895943,0.27404104947439023,0.8346546026995229,FALSE
nfl,linear,18,0.9,6,0.6120500000000001,0.78343125,185,0.6997607649703323,0.6972972972972974,-0.0024634676730350947,0.057036051465243674,4.350610886871441,-0.250605134121884,0.24567819877581382,0.44915563084844834,0.9454389637461462,FALSE
nfl,linear,18,0.9,7,0.7836969696969699,0.921818181818182,185,0.8508011056110477,0.827027027027027,-0.023774078584020687,0.04368796143306383,4.350610886871441,-0.21384339921992784,0.16629524205188645,0.6369577063911198,1.0170963476629342,FALSE
nfl,linear,18,0.9,8,0.9219047619047618,0.9863142857142856,185,0.9618719242743798,0.9567567567567568,-0.00511516751762307,0.028144551576288715,4.350610886871441,-0.12756116001153953,0.11733082497629338,0.8343107642628403,1.0792027492506733,FALSE
nfl,linear,18,0.9,9,0.9864893617021276,0.999,370,0.9971185309434252,1,0.0028814690565748214,2.872074964387824e-4,4.350610886871441,0.0016319409957771642,0.004130997117372479,0.9987504719392023,1.0012495280607976,TRUE
nfl,linear,19,0.95,1,0.001,0.0094913043478261,369,0.0019295771454501884,0.0027100271002709984,7.80449954820809e-4,0.004564776247994435,4.350610886871441,-0.01907911528583595,0.020640015195477566,-0.01714953814038576,0.022569592340927754,FALSE
nfl,linear,19,0.95,2,0.00949333333333349,0.14934000000000008,185,0.06729212576309347,0.06486486486486483,-0.002427260898228598,0.03015032948025536,4.350610886871441,-0.13359961257778852,0.12874509078133134,-0.06630748681469505,0.1960372165444248,FALSE
nfl,linear,19,0.95,3,0.14999230769230862,0.34552727272727235,185,0.24130951609243792,0.2054054054054054,-0.0359041106870325,0.04609436194110747,4.350610886871441,-0.23644274357140727,0.16463452219734226,0.0048667725210306545,0.4059440382897802,FALSE
nfl,linear,19,0.95,4,0.3471068181818182,0.6188893617021275,184,0.48033501021106567,0.548913043478261,0.06857803326719518,0.059736722727037554,4.350610886871441,-0.19131320297507504,0.3284692695094654,0.28902180723599064,0.808804279720531,FALSE
nfl,linear,19,0.95,5,0.619325,0.8110277777777778,185,0.7198908139778766,0.7243243243243243,0.004433510346447755,0.0553450950665849,4.350610886871441,-0.23635146278517138,0.2452184834780669,0.4835393511927052,0.9651092974559434,FALSE
nfl,linear,19,0.95,6,0.8117674418604652,0.956,185,0.889852927330614,0.8756756756756757,-0.014177251654938352,0.039209461316891445,4.350610886871441,-0.1847623609285709,0.1564078576186942,0.7050905664020432,1.0462607849493082,FALSE
nfl,linear,19,0.95,7,0.95625,0.997953488372093,182,0.9852782797476635,0.978021978021978,-0.007256301725685406,0.01778727984318212,4.350610886871441,-0.08464183505926248,0.07012923160789167,0.900636444688401,1.0554075113555552,FALSE
nfl,linear,19,0.95,8,0.998,0.999,373,0.9989426246884234,1,0.0010573753115765575,1.6972066160121848e-5,4.350610886871441,9.83536455767629e-4,0.0011312141673854859,0.9999261611441911,1.0000738388558088,TRUE
nfl,locf,0,0,1,0.0703,0.3205,184,0.23655978260869565,0.25543478260869573,0.018875000000000013,0.05476240720999142,4.422376926486329,-0.22330500608431464,0.26105500608431464,0.013254776524381007,0.4976147886930103,FALSE
nfl,locf,0,0,2,0.3218,0.404,185,0.3666545945945946,0.32972972972972975,-0.03692486486486486,0.05646383950241457,4.422376926486329,-0.2866292458611704,0.2127795161314407,0.0800253487334242,0.5794341107260352,FALSE
nfl,locf,0,0,3,0.4047,0.4567,184,0.43203423913043476,0.3967391304347826,-0.03529510869565217,0.061543151469303246,4.422376926486329,-0.3074621217367521,0.23687190434544775,0.12457211739368268,0.6689061434758825,FALSE
nfl,locf,0,0,4,0.457,0.5068,186,0.4830247311827957,0.5053763440860215,0.022351612903225807,0.06392562865330387,4.422376926486329,-0.2603516122642786,0.3050548380707302,0.2226731189185171,0.7880795692535258,FALSE
nfl,locf,0,0,5,0.507,0.559,184,0.5340663043478261,0.483695652173913,-0.050370652173913066,0.06197086731464401,4.422376926486329,-0.3244291859005406,0.22368788155271446,0.2096371184472855,0.7577541859005406,FALSE
nfl,locf,0,0,6,0.5607,0.6087,182,0.586367032967033,0.5659340659340661,-0.020432967032967004,0.0589747203378132,4.422376926486329,-0.28124140950089616,0.24037547543496215,0.3051256234661368,0.8267425084019951,FALSE
nfl,locf,0,0,7,0.609,0.6553,185,0.6333210810810811,0.6000000000000001,-0.0333210810810811,0.05882823238319055,4.422376926486329,-0.2934816985984789,0.22683953643631666,0.3398393824826022,0.8601606175173977,FALSE
nfl,locf,0,0,8,0.656,0.71,188,0.6810292553191489,0.7021276595744682,0.02109840425531914,0.056383923759628196,4.422376926486329,-0.22825255920402493,0.2704493677146632,0.452776696115124,0.9514786230338121,FALSE
nfl,locf,0,0,9,0.7105,0.785,185,0.7464697297297297,0.7405405405405405,-0.005929189189189193,0.051707629596341294,4.422376926486329,-0.23459981723935056,0.22274143886097217,0.5118699124903792,0.9692111685907019,FALSE
nfl,locf,0,0,10,0.7855,0.961,185,0.8468524324324325,0.8216216216216216,-0.025230810810810828,0.044889986320144064,4.422376926486329,-0.2237512505433029,0.17328962892168123,0.6231011818891296,1.0201420613541137,FALSE
nfl,locf,1,0.05,1,0.0666,0.2974,184,0.2221945652173913,0.2771739130434782,0.05497934782608696,0.05327673932807685,4.422376926486329,-0.18063047489682688,0.2905891705490008,0.041564090320564434,0.5127837357663921,FALSE
nfl,locf,1,0.05,2,0.29899999999999993,0.3933,185,0.34931081081081083,0.28648648648648645,-0.06282432432432432,0.057070101380172183,4.422376926486329,-0.31520982386023344,0.18956117521158478,0.034100986950577394,0.5388719860223956,FALSE
nfl,locf,1,0.05,3,0.3934,0.4464,185,0.4199383783783784,0.36216216216216207,-0.057776216216216224,0.06077450136326702,4.422376926486329,-0.32654396876384023,0.2109915363314078,0.09339440961453815,0.6309299147097862,FALSE
nfl,locf,1,0.05,4,0.4466,0.5004,185,0.4768783783783784,0.4432432432432433,-0.03363513513513514,0.05863342132701763,4.422376926486329,-0.2929342247326894,0.22566395446241908,0.183944153645689,0.7025423328407975,FALSE
nfl,locf,1,0.05,5,0.501,0.555,184,0.5274929347826087,0.5271739130434782,-3.1902173913042435e-4,0.06313914901213544,4.422376926486329,-0.27954413748838025,0.27890609401011945,0.24794879729422847,0.8063990287927282,FALSE
nfl,locf,1,0.05,6,0.5553,0.605,185,0.5794324324324325,0.6000000000000001,0.020567567567567554,0.060381932299891736,4.422376926486329,-0.24646409661213325,0.28759923174726837,0.3329683358202992,0.8670316641797009,FALSE
nfl,locf,1,0.05,7,0.6059,0.6628,185,0.6340227027027027,0.6108108108108108,-0.023211891891891906,0.061347507805764784,4.422376926486329,-0.29451369490954604,0.24808991112576226,0.3395090077931566,0.882112613828465,FALSE
nfl,locf,1,0.05,8,0.663,0.722,185,0.6931091891891892,0.7081081081081081,0.014998918918918929,0.05579320347638024,4.422376926486329,-0.2317396567897819,0.26173749462761975,0.46136953239940726,0.9548466838168089,FALSE
nfl,locf,1,0.05,9,0.7224,0.797,185,0.7564010810810811,0.745945945945946,-0.010455135135135128,0.052963945679283926,4.422376926486329,-0.24468166644287567,0.2237713961726054,0.5117194146382054,0.9801724772536865,FALSE
nfl,locf,1,0.05,10,0.798,0.973,185,0.8540232432432432,0.8432432432432432,-0.010779999999999993,0.04404712640757364,4.422376926486329,-0.20557299550288033,0.18401299550288036,0.6484502477403629,1.0380362387461235,FALSE
nfl,locf,2,0.1,1,0.061,0.28790000000000004,184,0.21467445652173914,0.22826086956521743,0.013586413043478233,0.052236124414627765,4.422376926486329,-0.2174214182968408,0.2445942443837973,-0.0027469617751016695,0.4592687009055364,FALSE
nfl,locf,2,0.1,2,0.28859999999999997,0.3757,185,0.3312681081081081,0.28108108108108115,-0.050187027027027015,0.054306995857918164,4.422376926486329,-0.29035303245587296,0.18997897840181893,0.04091507565223512,0.521247086509927,FALSE
nfl,locf,2,0.1,3,0.376,0.447,185,0.41056162162162163,0.4,-0.010561621621621603,0.06004627710781774,4.422376926486329,-0.27610889202463906,0.25498564878139585,0.13445272959698257,0.6655472704030174,FALSE
nfl,locf,2,0.1,4,0.4477,0.5085,184,0.476745652173913,0.4565217391304348,-0.020223913043478262,0.06203368160610028,4.422376926486329,-0.29456023524329555,0.25411240915633904,0.18218541693061746,0.730858061330252,FALSE
nfl,locf,2,0.1,5,0.5091,0.5570000000000002,185,0.5322913513513514,0.518918918918919,-0.013372432432432427,0.06191079304919368,4.422376926486329,-0.2871652951136568,0.26042043024879197,0.24512605623769462,0.7927117816001434,FALSE
nfl,locf,2,0.1,6,0.5571,0.612,185,0.5855908108108108,0.6000000000000001,0.014409189189189188,0.0623049663269019,4.422376926486329,-0.26112685630040944,0.28994523467878786,0.32446395451040133,0.8755360454895986,FALSE
nfl,locf,2,0.1,7,0.615,0.6708,184,0.6421108695652173,0.592391304347826,-0.04971956521739132,0.06310050390625743,4.422376926486329,-0.3287737777420847,0.22933464730730205,0.31333709182313263,0.8714455168725194,FALSE
nfl,locf,2,0.1,8,0.671,0.7361,186,0.7030333333333333,0.6881720430107526,-0.014861290322580625,0.057827484782729546,4.422376926486329,-0.2705962247424631,0.24087364409730186,0.4324371085908702,0.9439069774306351,FALSE
nfl,locf,2,0.1,9,0.7369,0.8076,185,0.7720956756756757,0.7783783783783784,0.006282702702702681,0.05130158371582813,4.422376926486329,-0.22059223741438244,0.2331576428197878,0.5515034382612933,1.0052533184954635,FALSE
nfl,locf,2,0.1,10,0.808,0.972,185,0.8658064864864865,0.8594594594594595,-0.006347027027027035,0.04149326775099736,4.422376926486329,-0.18984589693355705,0.177151842879503,0.6759605895529295,1.0429583293659894,FALSE
nfl,locf,3,0.15000000000000002,1,0.0672,0.268,184,0.1946092391304348,0.19565217391304346,0.0010429347826086974,0.04857662263591147,4.422376926486329,-0.2137812003290797,0.2158670698942971,-0.01917196119864492,0.41047630902473187,FALSE
nfl,locf,3,0.15000000000000002,2,0.2688,0.36040000000000005,185,0.31678702702702705,0.2594594594594595,-0.05732756756756757,0.05533662286223921,4.422376926486329,-0.30204697170321015,0.187391836568075,0.014740055323816892,0.5041788635951021,FALSE
nfl,locf,3,0.15000000000000002,3,0.3606,0.4326,184,0.3976896739130435,0.40760869565217395,0.009919021739130424,0.05881730835709171,4.422376926486329,-0.2501932856173035,0.2700313290955644,0.14749638829574002,0.6677210030086078,FALSE
nfl,locf,3,0.15000000000000002,4,0.433,0.501,186,0.4687596774193548,0.45161290322580644,-0.017146774193548393,0.06405259806134518,4.422376926486329,-0.3004115059415443,0.26611795755444756,0.1683481714778105,0.7348776349738024,FALSE
nfl,locf,3,0.15000000000000002,5,0.502,0.5596,184,0.5326652173913043,0.5434782608695651,0.0108130434782609,0.06391481508495296,4.422376926486329,-0.27184236001407547,0.29346844697059726,0.2608228573772289,0.8261336643619016,FALSE
nfl,locf,3,0.15000000000000002,6,0.56,0.6174,185,0.5900945945945946,0.5675675675675675,-0.02252702702702701,0.060694411564591884,4.422376926486329,-0.2909405922969432,0.24588653824288914,0.2991540022976514,0.8359811328374838,FALSE
nfl,locf,3,0.15000000000000002,7,0.6175999999999999,0.6788,185,0.6489194594594595,0.6,-0.048919459459459476,0.05911500070823208,4.422376926486329,-0.310348274600768,0.2125093556818491,0.3385711848586915,0.8614288151413085,FALSE
nfl,locf,3,0.15000000000000002,8,0.679,0.739,184,0.7089923913043478,0.6793478260869565,-0.029644565217391308,0.05809596616552655,4.422376926486329,-0.2865668255097464,0.2272776950749638,0.4224255657946014,0.9362700863793115,FALSE
nfl,locf,3,0.15000000000000002,9,0.7399,0.8165,186,0.7776865591397849,0.8064516129032258,0.028765053763440865,0.051265573204408256,4.422376926486329,-0.19795063429883003,0.2554807418257118,0.5797359248409548,1.0331673009654967,FALSE
nfl,locf,3,0.15000000000000002,10,0.8167,0.974,185,0.8745940540540541,0.8918918918918919,0.01729783783783784,0.037181032916569726,4.422376926486329,-0.1471307042353288,0.1817263799110045,0.7274633498187253,1.0563204339650585,FALSE
nfl,locf,4,0.2,1,0.048,0.25659999999999994,184,0.18356032608695652,0.1684782608695652,-0.015082065217391282,0.044794339621769444,4.422376926486329,-0.21317951919789682,0.18301538876311427,-0.0296191931109403,0.3665757148500708,FALSE
nfl,locf,4,0.2,2,0.2568,0.3459,184,0.2982282608695652,0.266304347826087,-0.03192391304347826,0.057397837438955567,4.422376926486329,-0.28575878496372853,0.22191095887677204,0.012469475905836691,0.5201392197463373,FALSE
nfl,locf,4,0.2,3,0.346,0.4249,186,0.3837709677419355,0.3924731182795698,0.008702150537634384,0.06052042514305485,4.422376926486329,-0.25894198119615447,0.27634628227142327,0.124828986545781,0.6601172500133587,FALSE
nfl,locf,4,0.2,4,0.425,0.499,184,0.46102228260869565,0.4293478260869565,-0.03167445652173913,0.060921514291958405,4.422376926486329,-0.3010923556531031,0.23774344260962488,0.15992992695559255,0.6987657252183206,FALSE
nfl,locf,4,0.2,5,0.5002,0.559,185,0.5310437837837838,0.491891891891892,-0.039151891891891916,0.06341110486384449,4.422376926486329,-0.3195796989247629,0.24127591514097904,0.2114640848590209,0.7723196989247628,FALSE
nfl,locf,4,0.2,6,0.5594,0.6249,185,0.5907475675675675,0.5891891891891893,-0.00155837837837841,0.05985041390620451,4.422376926486329,-0.26623946787783376,0.26312271112107694,0.32450809968973376,0.8538702786886445,FALSE
nfl,locf,4,0.2,7,0.6254,0.6828,185,0.6540416216216216,0.6432432432432431,-0.010798378378378371,0.057053778030754815,4.422376926486329,-0.26311168991046113,0.24151493315370437,0.39092993171116047,0.8955565547753259,FALSE
nfl,locf,4,0.2,8,0.683,0.7476,183,0.7157377049180328,0.6994535519125684,-0.01628415300546445,0.054948360267021636,4.422376926486329,-0.2592865135985991,0.22671820758767022,0.4564511913194337,0.942455912505703,FALSE
nfl,locf,4,0.2,9,0.748,0.828,187,0.789944385026738,0.823529411764706,0.03358502673796791,0.04498121486917687,4.422376926486329,-0.16533886002480364,0.2325089135007395,0.6246055250019344,1.0224532985274775,FALSE
nfl,locf,4,0.2,10,0.829,0.98,185,0.8863097297297298,0.8972972972972972,0.010987567567567568,0.03819383085610952,4.422376926486329,-0.15791994874461276,0.17989508387974792,0.728389780985117,1.0662048136094777,FALSE
nfl,locf,5,0.25,1,0.025,0.233,184,0.15887173913043479,0.13043478260869565,-0.028436956521739127,0.04235750155295926,4.422376926486329,-0.21575779405315504,0.15888388100967676,-0.05688605492272025,0.31775562014011155,FALSE
nfl,locf,5,0.25,2,0.23319999999999996,0.33000000000000007,185,0.28408702702702704,0.27567567567567564,-0.008411351351351362,0.05572884282571699,4.422376926486329,-0.25486530000358537,0.23804259730088267,0.029221727023441668,0.5221296243279097,FALSE
nfl,locf,5,0.25,3,0.3313999999999999,0.413,185,0.3730216216216216,0.37297297297297294,-4.864864864864539e-5,0.05814649229499149,4.422376926486329,-0.2571943545301341,0.2570970572328369,0.1158272670914875,0.6301186788544585,FALSE
nfl,locf,5,0.25,4,0.4135,0.49,185,0.45342702702702703,0.45405405405405413,6.270270270270756e-4,0.06146744652109716,4.422376926486329,-0.2712051901979054,0.2724592442519595,0.18222183682912163,0.7258862712789865,FALSE
nfl,locf,5,0.25,5,0.491,0.5574,184,0.5256103260869566,0.5108695652173912,-0.01474076086956523,0.05980812256823695,4.422376926486329,-0.2792348221318026,0.24975330039267218,0.24637550395515395,0.7753636264796288,FALSE
nfl,locf,5,0.25,6,0.5575,0.6321,185,0.5929735135135135,0.5405405405405406,-0.052432972972972954,0.0622894448511546,4.422376926486329,-0.32790037664636174,0.22303443070041584,0.2650731368671517,0.8160079442139293,FALSE
nfl,locf,5,0.25,7,0.6329,0.6993,185,0.6664951351351351,0.6054054054054054,-0.06108972972972977,0.059632126611832835,4.422376926486329,-0.3248054705352107,0.20262601107575118,0.34168966459992445,0.8691211462108863,FALSE
nfl,locf,5,0.25,8,0.6998,0.7703,184,0.7338956521739131,0.7663043478260869,0.03240869565217392,0.052343382585364404,4.422376926486329,-0.19907347174758797,0.2638908630519358,0.5348221804263251,0.9977865152258489,FALSE
nfl,locf,5,0.25,9,0.771,0.8535,186,0.8096849462365592,0.8333333333333333,0.023648387096774196,0.04692549105879402,4.422376926486329,-0.18387382182567702,0.2311705960192254,0.6258111244108822,1.0408555422557846,FALSE
nfl,locf,5,0.25,10,0.8537,0.9853,185,0.9023010810810811,0.9135135135135135,0.011212432432432416,0.033117247119529965,4.422376926486329,-0.13524451709772276,0.1576693819625876,0.7670565639833583,1.0599704630436686,FALSE
nfl,locf,6,0.30000000000000004,1,0.008,0.216,182,0.14536483516483517,0.1318681318681319,-0.01349670329670329,0.041481641641697736,4.422376926486329,-0.19694415816572186,0.16995075157231526,-0.05157932300088669,0.31531558673715043,FALSE
nfl,locf,6,0.30000000000000004,2,0.217,0.319,186,0.2724779569892473,0.2473118279569893,-0.025166129032258042,0.05182055589830255,4.422376926486329,-0.2543361597546063,0.2040039016900902,0.018141797234641044,0.4764818586793375,FALSE
nfl,locf,6,0.30000000000000004,3,0.32,0.4113,185,0.3661664864864865,0.3621621621621621,-0.004004324324324339,0.0591614620189971,4.422376926486329,-0.26563860889433444,0.25762996024568574,0.10052787759215204,0.6237964467321722,FALSE
nfl,locf,6,0.30000000000000004,4,0.4119999999999999,0.4888,186,0.45311236559139784,0.4032258064516128,-0.04988655913978491,0.06017057115548271,4.422376926486329,-0.3159835046712955,0.21621038639172568,0.13712886092010235,0.6693227519831235,FALSE
nfl,locf,6,0.30000000000000004,5,0.489,0.564,184,0.5270005434782609,0.5217391304347826,-0.005261413043478273,0.06380083251873456,4.422376926486329,-0.28741274266494865,0.2768899165779921,0.2395878008133122,0.803890460056253,FALSE
nfl,locf,6,0.30000000000000004,6,0.5649,0.6331,185,0.5990713513513514,0.5621621621621622,-0.03690918918918915,0.05822779788341807,4.422376926486329,-0.29441445902892677,0.22059608065054845,0.3046568923224246,0.8196674320018998,FALSE
nfl,locf,6,0.30000000000000004,7,0.6332,0.7055,185,0.6682416216216216,0.654054054054054,-0.014187567567567574,0.05592356466251045,4.422376926486329,-0.26150264957792,0.2331275144427849,0.4067389720437016,0.9013691360644065,FALSE
nfl,locf,6,0.30000000000000004,8,0.706,0.782,185,0.7447935135135135,0.7135135135135136,-0.031279999999999995,0.05389670677983292,4.422376926486329,-0.26963155247673243,0.20707155247673242,0.4751619610367811,0.9518650659902459,FALSE
nfl,locf,6,0.30000000000000004,9,0.7822,0.8634,185,0.8244032432432432,0.8702702702702704,0.04586702702702703,0.04045733704302417,4.422376926486329,-0.13305056681912372,0.22478462087317777,0.6913526764241195,1.049187864116421,FALSE
nfl,locf,6,0.30000000000000004,10,0.8646,0.991,185,0.9136632432432432,0.9351351351351351,0.02147189189189188,0.029007817892380935,4.422376926486329,-0.10681161264309086,0.14975539642687463,0.8068516306001523,1.0634186396701177,FALSE
nfl,locf,7,0.35000000000000003,1,0.01,0.207,184,0.12873260869565217,0.13043478260869565,0.0017021739130434785,0.04129693779655927,4.422376926486329,-0.18092845093300142,0.18433279875908837,-0.052195842237349244,0.31306540745474054,FALSE
nfl,locf,7,0.35000000000000003,2,0.208,0.3103,184,0.2582179347826087,0.20108695652173908,-0.05713097826086957,0.05056968479943401,4.422376926486329,-0.28076918549757296,0.16650722897583384,-0.022551250714964277,0.4247251637584425,FALSE
nfl,locf,7,0.35000000000000003,3,0.31200000000000006,0.401,186,0.3560134408602151,0.3279569892473118,-0.02805645161290321,0.05738164201221727,4.422376926486329,-0.28181970125163147,0.22570679802582505,0.07419373960858361,0.5817202388860401,FALSE
nfl,locf,7,0.35000000000000003,4,0.4014,0.4851,185,0.4431497297297297,0.41621621621621635,-0.026933513513513536,0.05905280663644794,4.422376926486329,-0.2880872830267997,0.23422025599977264,0.15506244670293,0.6773699857295024,FALSE
nfl,locf,7,0.35000000000000003,5,0.4852000000000001,0.56,184,0.521596195652174,0.5217391304347826,1.4293478260870012e-4,0.05881923403383999,4.422376926486329,-0.2599778886422447,0.26026375820746206,0.2616183070099293,0.781859953859636,FALSE
nfl,locf,7,0.35000000000000003,6,0.5606,0.6439,185,0.6017194594594595,0.5675675675675675,-0.03415189189189187,0.060980353022186094,4.422376926486329,-0.3038299980661986,0.23552621428241483,0.2978894613932609,0.8372456737418743,FALSE
nfl,locf,7,0.35000000000000003,7,0.6442,0.7176,185,0.6812978378378378,0.6594594594594595,-0.021838378378378393,0.05915921645492326,4.422376926486329,-0.2834627322176414,0.23978597546088462,0.3978351056201964,0.9210838132987225,FALSE
nfl,locf,7,0.35000000000000003,8,0.7189,0.7923,184,0.7531423913043478,0.7880434782608695,0.03490108695652174,0.049663116550367675,4.422376926486329,-0.1847279337732256,0.2545301076862691,0.5684144575311222,1.007672498990617,FALSE
nfl,locf,7,0.35000000000000003,9,0.794,0.8794,185,0.8347762162162162,0.854054054054054,0.019277837837837833,0.043426228674731386,4.422376926486329,-0.17276931385761324,0.21132498953328893,0.662006902358603,1.0461012057495052,FALSE
nfl,locf,7,0.35000000000000003,10,0.8801,0.994,186,0.9274698924731183,0.9354838709677419,0.008013978494623663,0.029781616382444937,4.422376926486329,-0.12369155462856808,0.1397195116178154,0.8037783378445502,1.0671894040909338,FALSE
nfl,locf,8,0.4,1,0.005,0.1835,184,0.11051304347826087,0.11413043478260866,0.0036173913043478266,0.039327029158287785,4.422376926486329,-0.17030155503251918,0.17753633764121482,-0.05978851155425831,0.2880493811194757,FALSE
nfl,locf,8,0.4,2,0.184,0.2957,185,0.24289837837837838,0.23243243243243242,-0.010465945945945925,0.052253410952133206,4.422376926486329,-0.24155022487086789,0.220618332978976,0.0013481535075104967,0.4635167113573544,FALSE
nfl,locf,8,0.4,3,0.296,0.3928,183,0.3407639344262295,0.3169398907103826,-0.023824043715846985,0.05850987388664275,4.422376926486329,-0.2825767599637609,0.23492867253206692,0.05818717446246857,0.5756926069582964,FALSE
nfl,locf,8,0.4,4,0.393,0.4772,187,0.4365096256684492,0.3636363636363636,-0.07287326203208558,0.05857458020513972,4.422376926486329,-0.33191213400991837,0.18616560994574718,0.10459749165853083,0.6226752356141964,FALSE
nfl,locf,8,0.4,5,0.4778,0.5632,184,0.5200945652173913,0.48369565217391297,-0.03639891304347825,0.059182644093469426,4.422376926486329,-0.2981268727308899,0.22532904664393338,0.2219676924865014,0.7454236118613247,FALSE
nfl,locf,8,0.4,6,0.5636,0.652,185,0.6071945945945946,0.6216216216216217,0.014427027027027013,0.05735856426294764,4.422376926486329,-0.23923416410581597,0.26808821815987,0.3679604304887786,0.8752828127544645,FALSE
nfl,locf,8,0.4,7,0.6526,0.724,185,0.6855205405405406,0.6702702702702701,-0.015250270270270292,0.05614759978719781,4.422376926486329,-0.26355612004676265,0.23305557950622205,0.4219644204937779,0.9185761200467626,FALSE
nfl,locf,8,0.4,8,0.7257,0.803,185,0.7656708108108108,0.772972972972973,0.0073021621621621735,0.05101045312615623,4.422376926486329,-0.2182852887525636,0.23288961307688794,0.5473855220582472,0.9985604238876987,FALSE
nfl,locf,8,0.4,9,0.804,0.882,185,0.8403389189189189,0.8648648648648649,0.02452594594594596,0.04310856193533714,4.422376926486329,-0.16611636369089586,0.21516825558278777,0.674222555228023,1.0555071745017066,FALSE
nfl,locf,8,0.4,10,0.8821,0.995,185,0.9370605405405406,0.9621621621621622,0.025101621621621623,0.02347943084522165,4.422376926486329,-0.07873327159531801,0.12893651483856125,0.8583272689452226,1.0659970553791018,FALSE
nfl,locf,9,0.45,1,0.002,0.1565,184,0.09465271739130435,0.0978260869565217,0.003173369565217386,0.03546888319729906,4.422376926486329,-0.15368340109475664,0.1600301402251914,-0.0590306837034523,0.2546828576164958,FALSE
nfl,locf,9,0.45,2,0.1567,0.274,185,0.21481405405405404,0.2270270270270271,0.012212972972972988,0.051120101812387034,4.422376926486329,-0.21385938576175942,0.2382853317077054,9.546682922946248e-4,0.45309938576175945,FALSE
nfl,locf,9,0.45,3,0.2743,0.3796,185,0.3281172972972973,0.27027027027027034,-0.05784702702702703,0.05484828364005519,4.422376926486329,-0.3004068110541847,0.18471275700013062,0.027710486243112564,0.5128300542974279,FALSE
nfl,locf,9,0.45,4,0.381,0.4716,185,0.4291659459459459,0.36756756756756764,-0.06159837837837837,0.06044232462310662,4.422376926486329,-0.3288971201748016,0.20570036341804485,0.10026882577114432,0.6348663093639908,FALSE
nfl,locf,9,0.45,5,0.4722,0.5622,184,0.5155581521739131,0.48369565217391297,-0.03186250000000001,0.05843644467988982,4.422376926486329,-0.2902904846182396,0.22656548461823955,0.2252676675556735,0.7421236367921527,FALSE
nfl,locf,9,0.45,6,0.563,0.647,184,0.6055858695652174,0.5706521739130435,-0.034933695652173934,0.05980054683657327,4.422376926486329,-0.29939425417350063,0.22952686286915278,0.3061916153917168,0.8351127324343702,FALSE
nfl,locf,9,0.45,7,0.648,0.738,186,0.6932602150537635,0.6881720430107525,-0.005088172043010733,0.05629598408379083,4.422376926486329,-0.2540502331090089,0.24387388902298746,0.4392099819447545,0.9371341040767509,FALSE
nfl,locf,9,0.45,8,0.739,0.822,185,0.7817924324324325,0.8432432432432432,0.061450810810810795,0.04515959612990897,4.422376926486329,-0.13826194512353995,0.26116356674516156,0.6435304873088925,1.042955999177594,FALSE
nfl,locf,9,0.45,9,0.8225,0.9023,185,0.8633918918918919,0.8864864864864865,0.023094594594594616,0.040259944510048495,4.422376926486329,-0.15495005506826381,0.20113924425745305,0.708441836823628,1.064531136149345,FALSE
nfl,locf,9,0.45,10,0.903,0.996,185,0.9464205405405406,0.9675675675675677,0.021147027027027022,0.02206265340369626,4.422376926486329,-0.0764223423225444,0.11871639637659843,0.8699981982179962,1.065136936917139,FALSE
nfl,locf,10,0.5,1,0.001,0.1153,184,0.057903260869565217,0.04891304347826085,-0.008990217391304352,0.027216868893226037,4.422376926486329,-0.1293534703959107,0.111373035613302,-0.07145020952634548,0.1692762964828672,FALSE
nfl,locf,10,0.5,2,0.116,0.2298,185,0.17014054054054054,0.15675675675675674,-0.013383783783783782,0.04440519924088186,4.422376926486329,-0.209760312322688,0.18299274475512045,-0.039619771782147456,0.353133285295661,FALSE
nfl,locf,10,0.5,3,0.2306,0.3496,185,0.2896297297297297,0.2810810810810811,-0.008548648648648651,0.05839223567704424,4.422376926486329,-0.2667811243927609,0.24968382709546363,0.022848605336968808,0.5393135568251933,FALSE
nfl,locf,10,0.5,4,0.35,0.4595,184,0.4026385869565217,0.3478260869565219,-0.054812499999999965,0.05629952592454053,4.422376926486329,-0.30379022442080694,0.194165224420807,0.09884836253571477,0.5968038113773287,FALSE
nfl,locf,10,0.5,5,0.46,0.5689,185,0.5163378378378378,0.5135135135135136,-0.0028243243243243157,0.06245255040922442,4.422376926486329,-0.2790130422543028,0.2733643936056541,0.23732479558353503,0.7897022314434919,FALSE
nfl,locf,10,0.5,6,0.569,0.6709,185,0.6202102702702703,0.6,-0.020210270270270277,0.05968473293416447,4.422376926486329,-0.28415865606181795,0.2437381155212774,0.33605161420845236,0.8639483857915478,FALSE
nfl,locf,10,0.5,7,0.671,0.7773,185,0.7224524324324324,0.7297297297297297,0.0072772972972972964,0.05521045019899569,4.422376926486329,-0.23688412376366383,0.25143871835825843,0.48556830866876854,0.9738911507906909,FALSE
nfl,locf,10,0.5,8,0.779,0.8636,185,0.8205729729729729,0.8324324324324325,0.011859459459459442,0.04395134187404738,4.422376926486329,-0.18250994073244012,0.20622885965135898,0.6380630322405328,1.026801832624332,FALSE
nfl,locf,10,0.5,9,0.8637,0.9391,184,0.9046076086956522,0.9184782608695651,0.013870652173913048,0.03355724669302965,4.422376926486329,-0.134532141317751,0.16227344566557705,0.7700754673779011,1.0668810543612293,FALSE
nfl,locf,10,0.5,10,0.9392,0.998,186,0.9699612903225806,0.9731182795698925,0.0031569892473118388,0.02019582257119883,4.422376926486329,-0.08615655050296968,0.09247052899759335,0.8838047398196109,1.062431819320174,FALSE
nfl,locf,11,0.55,1,0.002,0.1007,184,0.045183695652173915,0.04891304347826083,0.0037293478260869424,0.025861929720617554,4.422376926486329,-0.11064185344478317,0.11810054909695705,-0.06545815779260925,0.16328424474913097,FALSE
nfl,locf,11,0.55,2,0.101,0.214,185,0.1547454054054054,0.1405405405405406,-0.014204864864864867,0.0437206745028502,4.422376926486329,-0.20755416699668874,0.17914443726695903,-0.05280876159128334,0.33388984267236443,FALSE
nfl,locf,11,0.55,3,0.2144,0.3335,185,0.2706805405405405,0.23243243243243245,-0.03824810810810811,0.05380670835002704,4.422376926486329,-0.276201653605447,0.19970543738923077,-0.005521113064906491,0.4703859779297713,FALSE
nfl,locf,11,0.55,4,0.33519999999999994,0.4566,185,0.3960156756756757,0.3945945945945946,-0.0014210810810810696,0.05845842591547486,4.422376926486329,-0.2599462750083876,0.2571041128462254,0.13606940066728812,0.6531197885219011,FALSE
nfl,locf,11,0.55,5,0.4568,0.569,182,0.5087082417582418,0.5164835164835165,0.007775274725274687,0.061987752188650214,4.422376926486329,-0.26635793027856447,0.2819084797291138,0.24235031147967734,0.7906167214873556,FALSE
nfl,locf,11,0.55,6,0.5699999999999998,0.6812,187,0.62394064171123,0.5828877005347592,-0.041052941176470584,0.0619038354081104,4.422376926486329,-0.31481503454630544,0.2327091521933643,0.30912560716492454,0.8566497939045943,FALSE
nfl,locf,11,0.55,7,0.6813,0.7833,184,0.7333309782608696,0.717391304347826,-0.015939673913043465,0.05775154719909584,4.422376926486329,-0.2713387837152111,0.23945943588912416,0.4619921945456585,0.9727904141499937,FALSE
nfl,locf,11,0.55,8,0.785,0.8723,185,0.83184,0.8702702702702704,0.03843027027027029,0.04077439080327963,4.422376926486329,-0.14188945480968992,0.21874999535023051,0.6899505451903101,1.0505899953502305,FALSE
nfl,locf,11,0.55,9,0.873,0.9458,186,0.9099118279569892,0.9139784946236559,0.004066666666666657,0.03572674310499431,4.422376926486329,-0.15393045769936473,0.16206379103269805,0.7559813702576245,1.0719756189896872,FALSE
nfl,locf,11,0.55,10,0.9464,0.999,185,0.9749735135135135,0.9837837837837837,0.008810270270270282,0.015482537209091454,4.422376926486329,-0.05965934504668181,0.07727988558722237,0.9153141684668317,1.052253399100736,FALSE
nfl,locf,12,0.6000000000000001,1,0.001,0.0771,184,0.034616847826086955,0.03804347826086953,0.00342663043478261,0.023391534677079488,4.422376926486329,-0.10001955279623857,0.1068728136658038,-0.06540270497015162,0.14148966149189074,FALSE
nfl,locf,12,0.6000000000000001,2,0.078,0.192,183,0.1349,0.13114754098360648,-0.0037524590163934357,0.04189668505841578,4.422376926486329,-0.18903539231499594,0.1815304742822091,-0.05413539231499595,0.31643047428220905,FALSE
nfl,locf,12,0.6000000000000001,3,0.193,0.3203,187,0.25637807486631015,0.2513368983957219,-0.005041176470588244,0.05689000832643969,4.422376926486329,-0.2566302366410503,0.24654788369987377,-2.521617747401339e-4,0.5029259585661839,FALSE
nfl,locf,12,0.6000000000000001,4,0.3244,0.451,185,0.3862789189189189,0.3405405405405405,-0.04573837837837835,0.05835724765365121,4.422376926486329,-0.30381612389513396,0.21233936713837726,0.08246279502378495,0.5986182860572962,FALSE
nfl,locf,12,0.6000000000000001,5,0.4515,0.5708,184,0.5081532608695652,0.4782608695652174,-0.02989239130434782,0.05975811124861762,4.422376926486329,-0.2941652836606376,0.23438050105194194,0.21398797720892765,0.7425337619215072,FALSE
nfl,locf,12,0.6000000000000001,6,0.5709,0.6854,185,0.6261686486486486,0.6000000000000001,-0.026168648648648634,0.06176315265595636,4.422376926486329,-0.2993085898614029,0.24697129256410563,0.3268600587872457,0.8731399412127543,FALSE
nfl,locf,12,0.6000000000000001,7,0.6867,0.7962,183,0.7430934426229509,0.7486338797814207,0.005540437158469952,0.05378146125852304,4.422376926486329,-0.23230145618394077,0.24338233050088065,0.51079198643901,0.9864757731238315,FALSE
nfl,locf,12,0.6000000000000001,8,0.797,0.888,187,0.8485,0.9090909090909091,0.0605909090909091,0.03570118741676547,4.422376926486329,-0.0972931983891586,0.2184750165709768,0.7512068016108414,1.0669750165709768,FALSE
nfl,locf,12,0.6000000000000001,9,0.8884,0.9591,185,0.9251421621621622,0.9081081081081082,-0.017034054054054053,0.03618733279453328,4.422376926486329,-0.1770680796356801,0.142999971527572,0.748074082526482,1.068142133689734,FALSE
nfl,locf,12,0.6000000000000001,10,0.9599,0.999,185,0.9812583783783784,0.9945945945945946,0.013336216216216227,0.008913328924852222,4.422376926486329,-0.02608188395923344,0.05275431639166589,0.955176494419145,1.0340126947700443,FALSE
nfl,locf,13,0.65,1,0.001,0.0634,184,0.025902173913043478,0.027173913043478253,0.0012717391304347795,0.019454899350191658,4.422376926486329,-0.08476515886296669,0.08730863712383626,-0.05886298494992322,0.11321081103687973,FALSE
nfl,locf,13,0.65,2,0.0639,0.1699,185,0.11611513513513513,0.11891891891891884,0.002803783783783788,0.04161231447566788,4.422376926486329,-0.1812215556111029,0.18682912317867048,-0.06510642047596776,0.3029442583138056,FALSE
nfl,locf,13,0.65,3,0.17,0.2968,185,0.23527675675675677,0.19999999999999998,-0.03527675675675676,0.050054340140529126,4.422376926486329,-0.25663591566473126,0.18608240215121774,-0.02135915890797449,0.4213591589079745,FALSE
nfl,locf,13,0.65,4,0.2973,0.441,185,0.37274,0.3621621621621621,-0.010577837837837872,0.0614245237737144,4.422376926486329,-0.28222023449512346,0.2610645588194477,0.09051976550487656,0.6338045588194476,FALSE
nfl,locf,13,0.65,5,0.4421,0.564,184,0.5015298913043478,0.47826086956521735,-0.02326902173913044,0.06044301264080753,4.422376926486329,-0.29057080620915915,0.24403276273089827,0.21095908509518863,0.745562654035246,FALSE
nfl,locf,13,0.65,6,0.5641,0.6847,185,0.6216151351351351,0.6486486486486487,0.027033513513513508,0.05767281244569928,4.422376926486329,-0.22801740153192057,0.2820844285589476,0.39359773360321454,0.9036995636940828,FALSE
nfl,locf,13,0.65,7,0.6857,0.818,185,0.751378918918919,0.7567567567567567,0.005377837837837842,0.051259818280282754,4.422376926486329,-0.22131239978076675,0.23206807545644245,0.5300665191381522,0.9834469943753614,FALSE
nfl,locf,13,0.65,8,0.8181,0.9086,185,0.8633027027027027,0.8918918918918919,0.028589189189189197,0.03740215854556659,4.422376926486329,-0.13681725376350795,0.19399563214188636,0.7264854489391948,1.057298334844589,FALSE
nfl,locf,13,0.65,9,0.909,0.968,185,0.9393924324324324,0.9243243243243243,-0.015068108108108103,0.03270164941444094,4.422376926486329,-0.15968712793657688,0.12955091172036068,0.7797053044958555,1.0689433441527931,FALSE
nfl,locf,13,0.65,10,0.9684,0.999,185,0.9875751351351352,0.9945945945945946,0.007019459459459453,0.008881460145291453,4.422376926486329,-0.03225770496058539,0.0462966238795043,0.9553174301745497,1.0338717590146396,FALSE
nfl,locf,14,0.7000000000000001,1,0.001,0.045,184,0.017763043478260868,0.016304347826086966,-0.0014586956521739118,0.016219416344249598,4.422376926486329,-0.07318706825405857,0.07026967694971076,-0.055424024775797706,0.08803272042797163,FALSE
nfl,locf,14,0.7000000000000001,2,0.0454,0.142,185,0.09014432432432433,0.06486486486486485,-0.025279459459459468,0.03124829020563893,4.422376926486329,-0.16347117705702582,0.11291225813810687,-0.0733268527327015,0.2030565824624312,FALSE
nfl,locf,14,0.7000000000000001,3,0.14349999999999996,0.275,185,0.2063508108108108,0.21081081081081077,0.004459999999999994,0.05143822784439801,4.422376926486329,-0.22301923195841242,0.2319392319584124,-0.016668421147601614,0.43829004276922323,FALSE
nfl,locf,14,0.7000000000000001,4,0.2755,0.4259,185,0.35597243243243243,0.37297297297297294,0.017000540540540513,0.06039513555244876,4.422376926486329,-0.25008951339862306,0.2840905944797041,0.10588291903380936,0.6400630269121366,FALSE
nfl,locf,14,0.7000000000000001,5,0.4266,0.556,184,0.49399565217391306,0.4619565217391304,-0.032039130434782584,0.06154188032235845,4.422376926486329,-0.30420052198496367,0.24012226111539853,0.1897951301889494,0.7341179132893116,FALSE
nfl,locf,14,0.7000000000000001,6,0.5568,0.693,185,0.6306902702702702,0.6324324324324323,0.0017421621621621915,0.05706433790093922,4.422376926486329,-0.2506178490961708,0.2541021734204951,0.38007242117409945,0.8847924436907654,FALSE
nfl,locf,14,0.7000000000000001,7,0.695,0.8254,185,0.7658172972972973,0.8,0.0341827027027027,0.0483621031498766,4.422376926486329,-0.1796927463836634,0.24805815178906881,0.5861245509136339,1.0138754490863662,FALSE
nfl,locf,14,0.7000000000000001,8,0.8258,0.9174,185,0.8724286486486487,0.9027027027027026,0.030274054054054055,0.03634606517048358,4.422376926486329,-0.13046194592446095,0.19101005403256907,0.7419667027241877,1.0634387026812178,FALSE
nfl,locf,14,0.7000000000000001,9,0.918,0.978,185,0.9518756756756757,0.9405405405405405,-0.01133513513513513,0.029845620384472988,4.422376926486329,-0.1433237180800985,0.12065344780982824,0.8085519575955772,1.0725291234855039,FALSE
nfl,locf,14,0.7000000000000001,10,0.9781,0.999,185,0.9922502702702702,1,0.007749729729729727,7.939908158271301e-4,4.422376926486329,0.00423840306597377,0.011261056393485683,0.996488673336244,1.0035113266637559,TRUE
nfl,locf,15,0.75,1,0.001,0.0318,184,0.01069945652173913,0.01630434782608697,0.0056048913043478255,0.01551942953454996,4.422376926486329,-0.0630278757814764,0.07423765839017205,-0.05232841925973726,0.08493711491191118,FALSE
nfl,locf,15,0.75,2,0.032,0.1257,185,0.07673891891891892,0.07027027027027025,-0.006468648648648651,0.03129550060226126,4.422376926486329,-0.14486914841492787,0.13193185111763056,-0.06813022949600896,0.2086707700365495,FALSE
nfl,locf,15,0.75,3,0.1258,0.248,185,0.1851254054054054,0.17297297297297298,-0.01215243243243243,0.04847356127235643,4.422376926486329,-0.22652079134792283,0.20221592648305795,-0.04139538594251743,0.3873413318884633,FALSE
nfl,locf,15,0.75,4,0.2484,0.4149,185,0.33159945945945946,0.3027027027027027,-0.028896756756756747,0.05622615704113177,4.422376926486329,-0.27755001632045473,0.21975650280694126,0.05404944313900473,0.5513559622664007,FALSE
nfl,locf,15,0.75,5,0.415,0.5739999999999998,184,0.5057701086956522,0.5217391304347826,0.015969021739130448,0.06164197239378762,4.422376926486329,-0.25663501467826316,0.28857305815652406,0.24913509401738904,0.7943431668521763,FALSE
nfl,locf,15,0.75,6,0.575,0.716,185,0.6486735135135135,0.654054054054054,0.005380540540540555,0.060968532770007654,4.422376926486329,-0.26424529202326696,0.27500637310434806,0.3844282214902466,0.9236798866178616,FALSE
nfl,locf,15,0.75,7,0.7174,0.846,185,0.7812432432432432,0.7729729729729728,-0.008270270270270266,0.05215017454114293,4.422376926486329,-0.23889799887325555,0.222357458332715,0.5423452443699877,1.0036007015759583,FALSE
nfl,locf,15,0.75,8,0.8464,0.9338,183,0.8927497267759563,0.9398907103825136,0.04714098360655736,0.02975115864833616,4.422376926486329,-0.08442985393607869,0.1787118211491934,0.8083198728398776,1.0714615479251497,FALSE
nfl,locf,15,0.75,9,0.934,0.986,187,0.9620828877005347,0.9625668449197862,4.839572192513557e-4,0.023138614806019697,4.422376926486329,-0.1018437190097451,0.10281163344824783,0.8602391686907896,1.0648945211487826,FALSE
nfl,locf,15,0.75,10,0.9861,0.999,185,0.9960243243243243,0.9891891891891892,-0.006835135135135141,0.012641277797947386,4.422376926486329,-0.06273963039008158,0.0490693601198113,0.9332846939342427,1.0450936844441356,FALSE
nfl,locf,16,0.8,1,0.001,0.0217,182,0.006445054945054945,0,-0.006445054945054945,7.708065120989253e-4,4.422376926486329,-0.009853851878946638,-0.0030362580111632526,-0.0034087969338916927,0.0034087969338916927,TRUE
nfl,locf,16,0.8,2,0.022,0.1,186,0.0553263440860215,0.04838709677419356,-0.006939247311827954,0.026243834698165856,4.422376926486329,-0.12299937634351794,0.10912088171986205,-0.06767303225749643,0.16444722580588356,FALSE
nfl,locf,16,0.8,3,0.1017,0.2279,186,0.1571268817204301,0.16666666666666669,0.009539784946236555,0.046477368763191924,4.422376926486329,-0.19600065827589988,0.215080228168373,-0.03887377655546978,0.3722071098888031,FALSE
nfl,locf,16,0.8,4,0.23,0.3925,184,0.3083266304347826,0.2880434782608695,-0.02028315217391302,0.056008686869626456,4.422376926486329,-0.2679746766689469,0.22740837232112085,0.04035195376583567,0.5357350027559035,FALSE
nfl,locf,16,0.8,5,0.393,0.5826,185,0.49647405405405404,0.4864864864864865,-0.009987567567567572,0.06087317444782878,4.422376926486329,-0.2791916896876228,0.25921655455248765,0.21728236436643122,0.7556906086065417,FALSE
nfl,locf,16,0.8,6,0.5832000000000002,0.7401,185,0.6603340540540541,0.7189189189189188,0.05858486486486486,0.05779650065884454,4.422376926486329,-0.19701304608046116,0.3141827758101909,0.46332100797359294,0.974516829864245,FALSE
nfl,locf,16,0.8,7,0.7403,0.86240000000000006,185,0.8016908108108108,0.8054054054054054,0.003714594594594608,0.0483421769793767,4.422376926486329,-0.21007273345511948,0.2175019226443087,0.5916180773556914,1.0191927334551196,FALSE
nfl,locf,16,0.8,8,0.8632,0.9475,185,0.9109881081081082,0.9135135135135135,0.002525405405405407,0.03546354312449903,4.422376926486329,-0.154307749439832,0.15935856025064282,0.7566803586682762,1.070346668358751,FALSE
nfl,locf,16,0.8,9,0.948,0.991,185,0.972747027027027,0.972972972972973,2.2594594594595706e-4,0.020056737790395168,4.422376926486329,-0.08847250847888403,0.08892440037077594,0.884274518548143,1.061671427397803,FALSE
nfl,locf,16,0.8,10,0.9919,0.999,185,0.9977594594594594,1,0.002240540540540539,2.417905926779193e-4,4.422376926486329,0.0011712514024402544,0.0033098296786408235,0.9989307108618997,1.0010692891381003,TRUE
nfl,locf,17,0.8500000000000001,1,0.001,0.0109,183,0.0030830601092896176,0,-0.0030830601092896176,3.6776375339128773e-4,4.422376926486329,-0.004709450046685257,-0.0014566701718939782,-0.0016263899373956392,0.0016263899373956394,TRUE
nfl,locf,17,0.8500000000000001,2,0.011,0.0688,186,0.03633763440860215,0.026881720430107548,-0.009455913978494615,0.019465057845248542,4.422376926486329,-0.09553773666604347,0.07662590870905424,-0.059200102257441316,0.11296354311765638,FALSE
nfl,locf,17,0.8500000000000001,3,0.069,0.204,185,0.13328702702702702,0.13513513513513517,0.0018481081081081173,0.04099165573416858,4.422376926486329,-0.17943244438915004,0.18312866060536628,-0.04614541736212302,0.3164156876323933,FALSE
nfl,locf,17,0.8500000000000001,4,0.2041,0.385,185,0.2894308108108108,0.2648648648648648,-0.02456594594594593,0.054257100454826755,4.422376926486329,-0.2645112950954227,0.21537940320353083,0.024919515715388085,0.5048102140143416,FALSE
nfl,locf,17,0.8500000000000001,5,0.386,0.5899,184,0.48933315217391304,0.49456521739130443,0.00523206521739133,0.06224172335837347,4.422376926486329,-0.27002429602742467,0.28048842646220734,0.21930885614648837,0.7698215786361204,FALSE
nfl,locf,17,0.8500000000000001,6,0.5900000000000001,0.7608,185,0.6811410810810811,0.7081081081081081,0.026967027027027017,0.05625199401487018,4.422376926486329,-0.22180049337318195,0.27573454742723597,0.4593405877078991,0.9568756285083171,FALSE
nfl,locf,17,0.8500000000000001,7,0.761,0.888,185,0.8249697297297297,0.8594594594594595,0.034489729729729725,0.04119812209931716,4.422376926486329,-0.14770389485685703,0.21668335431631647,0.6772658348728726,1.0416530840460463,FALSE
nfl,locf,17,0.8500000000000001,8,0.8898,0.9661,185,0.9328848648648649,0.9351351351351351,0.002250270270270258,0.029492236807554414,4.422376926486329,-0.12817551729792923,0.13267605783846972,0.8047093475669357,1.0655609227033347,FALSE
nfl,locf,17,0.8500000000000001,9,0.9665,0.9978,184,0.9861494565217391,0.9782608695652174,-0.007888586956521752,0.01940413392556476,4.422376926486329,-0.09370098110738995,0.07792380719434644,0.8924484754143491,1.0640732637160855,FALSE
nfl,locf,17,0.8500000000000001,10,0.9979,0.999,186,0.9988747311827957,1,0.0011252688172043006,4.016272063233263e-5,4.422376926486329,9.476541281749564e-4,0.0013028835062336448,0.9998223853109707,1.0001776146890293,TRUE
nfl,locf,18,0.9,1,0.001,0.0022,183,0.0010830601092896176,0,-0.0010830601092896176,3.151507654110438e-5,4.422376926486329,-0.0012224316566214481,-9.43688561957787e-4,-1.3937154733183058e-4,1.3937154733183058e-4,TRUE
nfl,locf,18,0.9,2,0.0023,0.0395,186,0.018013440860215054,0.016129032258064526,-0.0018844086021505388,0.015552219040774752,4.422376926486329,-0.07066218324373416,0.06689336603943308,-0.052648742383519104,0.08490680689964814,FALSE
nfl,locf,18,0.9,3,0.0398,0.17859999999999998,185,0.10293945945945945,0.08648648648648649,-0.01645297297297297,0.033904510361056225,4.422376926486329,-0.1663914972975247,0.13348555135157877,-0.063452037838065245,0.23642501081103823,FALSE
nfl,locf,18,0.9,4,0.179,0.38169999999999993,185,0.27775027027027027,0.27027027027027034,-0.007479999999999988,0.05424747058334326,4.422376926486329,-0.24738276222802313,0.23242276222802316,0.030367508042247138,0.5101730324982934,FALSE
nfl,locf,18,0.9,5,0.3818,0.6203999999999998,184,0.49797228260869564,0.5652173913043479,0.06724510869565216,0.0634747425659165,4.422376926486329,-0.21346412824251665,0.34795434563382094,0.284508154366179,0.8459266282425166,FALSE
nfl,locf,18,0.9,6,0.6207,0.776,185,0.6985918918918919,0.6864864864864865,-0.012105405405405422,0.05751113240963815,4.422376926486329,-0.26644131038988933,0.24223049957907847,0.43215058150200253,0.9408223914709704,FALSE
nfl,locf,18,0.9,7,0.7763,0.9215,185,0.8490832432432432,0.8216216216216217,-0.02746162162162163,0.04460331360128385,4.422376926486329,-0.2247142865367732,0.16979104329352993,0.6243689567064701,1.0188742865367733,FALSE
nfl,locf,18,0.9,8,0.923,0.9845,185,0.9605891891891892,0.9567567567567568,-0.0038324324324324434,0.028149128556522837,4.422376926486329,-0.12831848906149648,0.12065362419663159,0.8322707001276928,1.0812428133858207,FALSE
nfl,locf,18,0.9,9,0.9846,0.999,370,0.9968691891891892,1,0.0031308108108108108,3.1879683276637446e-4,4.422376926486329,0.0017209710533478753,0.004540650568273746,0.9985901602425371,1.001409839757463,TRUE
nfl,locf,19,0.95,1,0.001,0.0108,368,0.0020711956521739126,0.002717391304347828,6.461956521739102e-4,0.004594471773514935,4.422376926486329,-0.019672290308411264,0.020964681612759085,-0.01760109465623735,0.023035877264933,FALSE
nfl,locf,19,0.95,2,0.011,0.148,186,0.06893279569892473,0.0752688172043011,0.006336021505376341,0.03189582363725828,4.422376926486329,-0.13471933299931194,0.14739137601006463,-0.06578653730038721,0.21632417170898938,FALSE
nfl,locf,19,0.95,3,0.14870000000000003,0.3349,185,0.2339535135135135,0.21621621621621626,-0.017737297297297273,0.049089381872914895,4.422376926486329,-0.2348290470275524,0.19935445243295782,-8.755335140388787e-4,0.43330796594647136,FALSE
nfl,locf,19,0.95,4,0.3380000000000001,0.6267,184,0.4862608695652174,0.5380434782608696,0.05178260869565219,0.061186127542535676,4.422376926486329,-0.2188055099695073,0.3223707273608117,0.2674553595957101,0.8086315969260292,FALSE
nfl,locf,19,0.95,5,0.6276,0.8184,185,0.7257221621621621,0.7135135135135136,-0.012208648648648636,0.05524417606792903,4.422376926486329,-0.25651921821420626,0.23210192091690898,0.46920294394795586,0.9578240830790711,FALSE
nfl,locf,19,0.95,6,0.819,0.9535,184,0.8869358695652174,0.8804347826086956,-0.006501086956521742,0.03840540397662888,4.422376926486329,-0.1763442593551516,0.16334208544210813,0.7105916102100658,1.0502779550073256,FALSE
nfl,locf,19,0.95,7,0.954,0.9979,181,0.985553591160221,0.9723756906077348,-0.013177900552486183,0.019967698152353757,4.422376926486329,-0.10148258813649916,0.07512678703152678,0.8840710030237219,1.0606803781917478,FALSE
nfl,locf,19,0.95,8,0.998,0.999,375,0.9989496,1,0.0010503999999999995,1.6979913265264087e-5,4.422376926486329,9.753084233619564e-4,0.0011254915766380426,0.9999249084233619,1.000075091576638,TRUE
