league,season,game_id,game_date,home_team,away_team,home_team_abbr,away_team_abbr,home_record,away_record,home_final,away_final,home_won,favorite_team,favorite_record,pregame_favorite_side_odds,pregame_favorite_team_abbr_odds,pregame_spread_abs,pregame_total_line,pregame_home_moneyline,pregame_away_moneyline,pregame_home_spread_odds,pregame_away_spread_odds,pregame_odds_n_providers,pregame_odds_source,winner_team,winner_record,loser_team,loser_record,starting_wp_home,starting_wp_favored,max_wp_loser,pit_u,pit_tail_prob,n_updates,n_missing_time,prop_missing_time,peak_rows,peak_first_update_index,peak_first_play_id,peak_first_sequence_number,peak_first_period_number,peak_first_clock_display,peak_first_game_seconds_remaining,peak_first_minutes_remaining,peak_first_home_score,peak_first_away_score,peak_first_loser_score,peak_first_winner_score,peak_first_loser_score_margin,peak_first_play_text
nba,2020,401224790,2020-08-14,Houston Rockets,Philadelphia 76ers,HOU,PHI,44-28,43-30,96,134,FALSE,Houston Rockets,44-28,NA,NA,NA,NA,NA,NA,NA,NA,NA,NA,Philadelphia 76ers,43-30,Houston Rockets,44-28,0.533,0.533,0.652,0.4662576687116564,0.5337423312883436,421,0,0,1,24,40122479040,40,1,8:37,2677,44.61666666666667,13,8,13,8,5,Eric Gordon makes 2-foot two point shot
nba,2020,401224792,2020-08-14,LA Clippers,Oklahoma City Thunder,LAC,OKC,49-23,44-28,107,103,TRUE,LA Clippers,49-23,NA,NA,NA,NA,NA,NA,NA,NA,NA,NA,LA Clippers,49-23,Oklahoma City Thunder,44-28,0.669,0.669,0.878,0.8610478359908884,0.1389521640091116,549,0,0,1,470,401224792653,653,4,4.8,304.8,5.08,87,87,87,87,0,Amir Coffey personal foul
nba,2020,401224791,2020-08-14,Indiana Pacers,Miami Heat,IND,MIA,45-28,44-29,109,92,TRUE,Miami Heat,44-29,NA,NA,NA,NA,NA,NA,NA,NA,NA,NA,Indiana Pacers,45-28,Miami Heat,44-29,0.458,0.542,0.5429999999999999,0.15837937384898693,0.8416206261510131,462,0,0,1,38,40122479150,50,1,7:33,2613,43.55,6,7,7,6,1,Udonis Haslem makes 4-foot layup (Duncan Robinson assists)
nba,2020,401224793,2020-08-14,Toronto Raptors,Denver Nuggets,TOR,DEN,53-19,46-27,117,109,TRUE,Denver Nuggets,46-27,NA,NA,NA,NA,NA,NA,NA,NA,NA,NA,Toronto Raptors,53-19,Denver Nuggets,46-27,0.414,0.5860000000000001,0.6799999999999999,0.5294117647058822,0.47058823529411775,446,0,0,1,28,40122479345,45,1,8:02,2642,44.03333333333333,8,13,13,8,5,Jamal Murray makes 28-foot running pullup jump shot (Torrey Craig assists)
nba,2020,401224784,2020-08-13,Brooklyn Nets,Portland Trail Blazers,BKN,POR,35-37,35-39,133,134,FALSE,Portland Trail Blazers,35-39,NA,NA,NA,NA,NA,NA,NA,NA,NA,NA,Portland Trail Blazers,35-39,Brooklyn Nets,35-37,0.464,0.536,0.892,0.8789237668161436,0.1210762331838564,474,0,0,1,344,401224784494,494,3,1:29,809,13.483333333333333,102,92,102,92,10,Garrett Temple defensive rebound
nba,2020,401224787,2020-08-13,Orlando Magic,New Orleans Pelicans,ORL,NO,33-40,30-42,133,127,TRUE,New Orleans Pelicans,30-42,NA,NA,NA,NA,NA,NA,NA,NA,NA,NA,Orlando Magic,33-40,New Orleans Pelicans,30-42,0.496,0.504,0.54,0.14814814814814836,0.8518518518518516,454,0,0,3,76,401224787116,116,1,1:56,2276,37.93333333333333,28,29,29,28,1,Khem Birch misses free throw 2 of 2
nba,2020,401224789,2020-08-13,Utah Jazz,San Antonio Spurs,UTAH,SA,44-28,32-39,118,112,TRUE,Utah Jazz,44-28,NA,NA,NA,NA,NA,NA,NA,NA,NA,NA,Utah Jazz,44-28,San Antonio Spurs,32-39,0.602,0.602,0.4290000000000001,0.07226107226107237,0.9277389277389276,468,0,0,1,41,40122478962,62,1,6:50,2570,42.833333333333336,12,13,13,12,1,Dejounte Murray makes 15-foot pullup jump shot
nba,2020,401224786,2020-08-13,Memphis Grizzlies,Milwaukee Bucks,MEM,MIL,34-39,56-17,119,106,TRUE,Milwaukee Bucks,56-17,NA,NA,NA,NA,NA,NA,NA,NA,NA,NA,Memphis Grizzlies,34-39,Milwaukee Bucks,56-17,0.168,0.832,0.832,0.7980769230769231,0.20192307692307687,513,0,0,1,1,4012247864,4,1,12:00,2880,48,0,0,0,0,0,Brook Lopez vs. Jonas Valanciunas (Eric Bledsoe gains possession)
nba,2020,401224788,2020-08-13,Phoenix Suns,Dallas Mavericks,PHX,DAL,34-39,43-32,128,102,TRUE,Dallas Mavericks,43-32,NA,NA,NA,NA,NA,NA,NA,NA,NA,NA,Phoenix Suns,34-39,Dallas Mavericks,43-32,0.337,0.663,0.6950000000000001,0.5611510791366907,0.4388489208633093,435,0,0,1,12,40122478821,21,1,10:24,2784,46.4,2,2,2,2,0,Luka Doncic makes free throw 2 of 3
nba,2020,401224785,2020-08-13,Los Angeles Lakers,Sacramento Kings,LAL,SAC,52-19,31-41,122,136,FALSE,Los Angeles Lakers,52-19,NA,NA,NA,NA,NA,NA,NA,NA,NA,NA,Sacramento Kings,31-41,Los Angeles Lakers,52-19,0.752,0.752,0.886,0.8713318284424378,0.12866817155756216,444,0,0,1,126,401224785180,180,2,10:20,2060,34.333333333333336,42,32,42,32,10,Dwight Howard defensive rebound
nba,2020,401224783,2020-08-13,Boston Celtics,Washington Wizards,BOS,WSH,48-24,25-47,90,96,FALSE,Boston Celtics,48-24,NA,NA,NA,NA,NA,NA,NA,NA,NA,NA,Washington Wizards,25-47,Boston Celtics,48-24,0.822,0.822,0.854,0.8290398126463701,0.17096018735362994,464,0,0,1,17,40122478326,26,1,9:59,2759,45.983333333333334,4,2,4,2,2,Troy Brown Jr. traveling
nba,2020,401224782,2020-08-12,Denver Nuggets,LA Clippers,DEN,LAC,46-26,48-23,111,124,FALSE,LA Clippers,48-23,NA,NA,NA,NA,NA,NA,NA,NA,NA,NA,LA Clippers,48-23,Denver Nuggets,46-26,0.401,0.599,0.733,0.635743519781719,0.36425648021828105,440,0,0,2,221,401224782318,318,2,0.5,1440.5,24.008333333333333,58,50,58,50,8,Nikola Jokic defensive rebound
nba,2020,401224781,2020-08-12,Oklahoma City Thunder,Miami Heat,OKC,MIA,44-27,44-28,116,115,TRUE,Miami Heat,44-28,NA,NA,NA,NA,NA,NA,NA,NA,NA,NA,Oklahoma City Thunder,44-27,Miami Heat,44-28,0.471,0.529,0.998,0.997995991983968,0.00200400801603195,462,0,0,1,360,401224781514,514,4,10:21,621,10.35,82,104,104,82,22,Chris Silva makes layup (Gabe Vincent assists)
nba,2020,401224780,2020-08-12,Philadelphia 76ers,Toronto Raptors,PHI,TOR,42-30,52-19,121,125,FALSE,Toronto Raptors,52-19,NA,NA,NA,NA,NA,NA,NA,NA,NA,NA,Toronto Raptors,52-19,Philadelphia 76ers,42-30,0.423,0.577,0.969,0.9680082559339525,0.03199174406604754,524,0,0,2,463,401224780657,657,4,5:17,317,5.283333333333333,111,101,111,101,10,Chris Boucher bad pass (Furkan Korkmaz steals)
nba,2020,401224779,2020-08-12,Houston Rockets,Indiana Pacers,HOU,IND,44-27,44-28,104,108,FALSE,Houston Rockets,44-27,NA,NA,NA,NA,NA,NA,NA,NA,NA,NA,Indiana Pacers,44-28,Houston Rockets,44-27,0.564,0.564,0.868,0.8479262672811059,0.15207373271889413,508,0,0,1,57,40122477985,85,1,5:43,2503,41.71666666666667,23,9,23,9,14,James Harden defensive rebound
nba,2020,401224777,2020-08-11,Sacramento Kings,New Orleans Pelicans,SAC,NO,30-41,30-41,112,106,TRUE,New Orleans Pelicans,30-41,NA,NA,NA,NA,NA,NA,NA,NA,NA,NA,Sacramento Kings,30-41,New Orleans Pelicans,30-41,0.448,0.552,0.736,0.6413043478260869,0.3586956521739131,447,0,0,1,144,401224777208,208,2,6:51,1851,30.85,40,47,47,40,7,Cory Joseph misses 26-foot three point jumper
nba,2020,401224778,2020-08-11,Washington Wizards,Milwaukee Bucks,WSH,MIL,24-47,56-16,113,126,FALSE,Milwaukee Bucks,56-16,NA,NA,NA,NA,NA,NA,NA,NA,NA,NA,Milwaukee Bucks,56-16,Washington Wizards,24-47,0.101,0.899,0.147,0.31292517006802734,0.6870748299319727,517,0,0,1,101,401224778141,141,1,2:11,2291,38.18333333333333,14,15,14,15,-1,D.J. Wilson personal foul
nba,2020,401224775,2020-08-11,Dallas Mavericks,Portland Trail Blazers,DAL,POR,43-31,34-39,131,134,FALSE,Dallas Mavericks,43-31,NA,NA,NA,NA,NA,NA,NA,NA,NA,NA,Portland Trail Blazers,34-39,Dallas Mavericks,43-31,0.647,0.647,0.857,0.8331388564760793,0.16686114352392067,500,0,0,2,403,401224775575,575,4,7:06,426,7.1,108,103,108,103,5,CJ McCollum shooting foul
nba,2020,401224776,2020-08-11,Memphis Grizzlies,Boston Celtics,MEM,BOS,33-39,48-23,107,122,FALSE,Boston Celtics,48-23,NA,NA,NA,NA,NA,NA,NA,NA,NA,NA,Boston Celtics,48-23,Memphis Grizzlies,33-39,0.275,0.725,0.322,0.14596273291925466,0.8540372670807453,489,0,0,1,5,40122477610,10,1,11:25,2845,47.416666666666664,2,0,2,0,2,Jayson Tatum bad pass (Jonas Valanciunas steals)
nba,2020,401224774,2020-08-11,Philadelphia 76ers,Phoenix Suns,PHI,PHX,42-29,33-39,117,130,FALSE,Philadelphia 76ers,42-29,NA,NA,NA,NA,NA,NA,NA,NA,NA,NA,Phoenix Suns,33-39,Philadelphia 76ers,42-29,0.604,0.604,0.809,0.7639060568603215,0.2360939431396785,438,0,0,2,64,40122477498,98,1,5:04,2464,41.06666666666667,21,12,21,12,9,Glenn Robinson III defensive rebound
nba,2020,401224773,2020-08-11,San Antonio Spurs,Houston Rockets,SA,HOU,32-38,44-26,123,105,TRUE,Houston Rockets,44-26,NA,NA,NA,NA,NA,NA,NA,NA,NA,NA,San Antonio Spurs,32-38,Houston Rockets,44-26,0.352,0.648,0.752,0.6702127659574468,0.32978723404255317,475,0,0,1,15,40122477326,26,1,9:32,2732,45.53333333333333,4,9,9,4,5,Robert Covington defensive rebound
nba,2020,401224772,2020-08-11,Orlando Magic,Brooklyn Nets,ORL,BKN,32-40,35-36,96,108,FALSE,Orlando Magic,32-40,NA,NA,NA,NA,NA,NA,NA,NA,NA,NA,Brooklyn Nets,35-36,Orlando Magic,32-40,0.512,0.512,0.682,0.5337243401759533,0.46627565982404673,467,0,0,1,8,40122477216,16,1,10:50,2810,46.833333333333336,6,0,6,0,6,Magic defensive team rebound
nba,2020,401224771,2020-08-10,Los Angeles Lakers,Denver Nuggets,LAL,DEN,52-18,46-25,124,121,TRUE,Los Angeles Lakers,52-18,NA,NA,NA,NA,NA,NA,NA,NA,NA,NA,Los Angeles Lakers,52-18,Denver Nuggets,46-25,0.616,0.616,0.859,0.8358556461001163,0.1641443538998837,421,0,0,1,390,401224771557,557,4,1:49,109,1.8166666666666669,114,119,119,114,5,Monte Morris makes 28-foot three point jumper (PJ Dozier assists)
nba,2020,401224770,2020-08-10,Miami Heat,Indiana Pacers,MIA,IND,44-27,43-28,114,92,TRUE,Miami Heat,44-27,NA,NA,NA,NA,NA,NA,NA,NA,NA,NA,Miami Heat,44-27,Indiana Pacers,43-28,0.529,0.529,0.602,0.3388704318936877,0.6611295681063123,486,0,0,2,230,401224770317,317,2,58.4,1498.4,24.973333333333336,44,47,47,44,3,Bam Adebayo misses layup
nba,2020,401224769,2020-08-10,Milwaukee Bucks,Toronto Raptors,MIL,TOR,55-16,51-19,106,114,FALSE,Milwaukee Bucks,55-16,NA,NA,NA,NA,NA,NA,NA,NA,NA,NA,Toronto Raptors,51-19,Milwaukee Bucks,55-16,0.63,0.63,0.723,0.6168741355463347,0.38312586445366525,524,0,0,2,55,40122476979,79,1,6:29,2549,42.483333333333334,14,11,14,11,3,Khris Middleton makes free throw 1 of 2
nba,2020,401224768,2020-08-10,Utah Jazz,Dallas Mavericks,UTAH,DAL,43-28,43-30,114,122,FALSE,Dallas Mavericks,43-30,NA,NA,NA,NA,NA,NA,NA,NA,NA,NA,Dallas Mavericks,43-30,Utah Jazz,43-28,0.456,0.544,0.974,0.973305954825462,0.0266940451745381,434,0,0,1,241,401224768358,358,3,10:18,1338,22.3,78,56,78,56,22,Emmanuel Mudiay makes 25-foot three point jumper (Rayjon Tucker assists)
nba,2020,401224767,2020-08-10,Phoenix Suns,Oklahoma City Thunder,PHX,OKC,32-39,43-27,128,101,TRUE,Oklahoma City Thunder,43-27,NA,NA,NA,NA,NA,NA,NA,NA,NA,NA,Phoenix Suns,32-39,Oklahoma City Thunder,43-27,0.395,0.605,0.887,0.8726042841037205,0.12739571589627952,490,0,0,4,118,401224767171,171,1,4.4,2164.4,36.07333333333334,22,37,37,22,15,Suns offensive team rebound
nba,2020,401224766,2020-08-09,LA Clippers,Brooklyn Nets,LAC,BKN,47-23,34-36,120,129,FALSE,LA Clippers,47-23,NA,NA,NA,NA,NA,NA,NA,NA,NA,NA,Brooklyn Nets,34-36,LA Clippers,47-23,0.731,0.731,0.731,0.6320109439124486,0.3679890560875514,462,0,0,1,1,4012247664,4,1,12:00,2880,48,0,0,0,0,0,Jarrett Allen vs. Ivica Zubac (Caris LeVert gains possession)
nba,2020,401224765,2020-08-09,Sacramento Kings,Houston Rockets,SAC,HOU,29-41,44-25,112,129,FALSE,Houston Rockets,44-25,NA,NA,NA,NA,NA,NA,NA,NA,NA,NA,Houston Rockets,44-25,Sacramento Kings,29-41,0.33,0.6699999999999999,0.743,0.6541049798115748,0.3458950201884252,471,0,0,1,102,401224765153,153,1,24.6,2184.6,36.41,36,23,36,23,13,DaQuan Jeffries defensive rebound
nba,2020,401224764,2020-08-09,Portland Trail Blazers,Philadelphia 76ers,POR,PHI,33-39,42-28,124,121,TRUE,Philadelphia 76ers,42-28,NA,NA,NA,NA,NA,NA,NA,NA,NA,NA,Portland Trail Blazers,33-39,Philadelphia 76ers,42-28,0.417,0.583,0.842,0.8123515439429929,0.18764845605700708,490,0,0,1,449,401224764630,630,4,4:23,263,4.383333333333334,108,114,114,108,6,Josh Richardson makes 29-foot three point jumper (Alec Burks assists)
nba,2020,401224763,2020-08-09,Boston Celtics,Orlando Magic,BOS,ORL,47-23,32-39,122,119,TRUE,Boston Celtics,47-23,NA,NA,NA,NA,NA,NA,NA,NA,NA,NA,Boston Celtics,47-23,Orlando Magic,32-39,0.695,0.695,0.932,0.927038626609442,0.07296137339055808,531,0,0,1,458,401224763643,643,4,41.8,341.8,5.696666666666667,107,112,112,107,5,Jaylen Brown misses 25-foot three point jumper
nba,2020,401224762,2020-08-09,New Orleans Pelicans,San Antonio Spurs,NO,SA,30-40,31-38,113,122,FALSE,San Antonio Spurs,31-38,NA,NA,NA,NA,NA,NA,NA,NA,NA,NA,San Antonio Spurs,31-38,New Orleans Pelicans,30-40,0.486,0.514,0.509,0.04518664047151277,0.9548133595284872,529,0,0,2,80,401224762105,105,1,4:23,2423,40.38333333333333,14,14,14,14,0,Rudy Gay traveling
nba,2020,401224761,2020-08-09,Toronto Raptors,Memphis Grizzlies,TOR,MEM,50-19,33-38,108,99,TRUE,Toronto Raptors,50-19,NA,NA,NA,NA,NA,NA,NA,NA,NA,NA,Toronto Raptors,50-19,Memphis Grizzlies,33-38,0.706,0.706,0.5429999999999999,0.4585635359116021,0.541436464088398,492,0,0,1,136,401224761211,211,2,8:55,1975,32.916666666666664,26,32,32,26,6,Jonas Valanciunas defensive rebound
nba,2020,401224760,2020-08-09,Oklahoma City Thunder,Washington Wizards,OKC,WSH,43-26,24-46,121,103,TRUE,Oklahoma City Thunder,43-26,NA,NA,NA,NA,NA,NA,NA,NA,NA,NA,Oklahoma City Thunder,43-26,Washington Wizards,24-46,0.729,0.729,0.271,0,1,453,0,0,1,1,4012247604,4,1,12:00,2880,48,0,0,0,0,0,Thomas Bryant vs. Mike Muscala (Chris Paul gains possession)
nba,2020,401224759,2020-08-08,Dallas Mavericks,Milwaukee Bucks,DAL,MIL,42-30,55-15,136,132,TRUE,Milwaukee Bucks,55-15,NA,NA,NA,NA,NA,NA,NA,NA,NA,NA,Dallas Mavericks,42-30,Milwaukee Bucks,55-15,0.34,0.6599999999999999,0.966,0.9648033126293996,0.03519668737060044,595,0,0,1,506,401224759736,736,4,2:11,431,7.183333333333334,112,119,119,112,7,Brook Lopez defensive rebound
nba,2020,401224758,2020-08-08,Miami Heat,Phoenix Suns,MIA,PHX,43-27,31-39,112,119,FALSE,Miami Heat,43-27,NA,NA,NA,NA,NA,NA,NA,NA,NA,NA,Phoenix Suns,31-39,Miami Heat,43-27,0.635,0.635,0.831,0.7966305655836341,0.2033694344163659,447,0,0,1,55,40122475878,78,1,6:30,2550,42.5,19,8,19,8,11,Duncan Robinson makes 25-foot three point jumper (Bam Adebayo assists)
nba,2020,401224757,2020-08-08,Indiana Pacers,Los Angeles Lakers,IND,LAL,43-27,51-18,116,111,TRUE,Los Angeles Lakers,51-18,NA,NA,NA,NA,NA,NA,NA,NA,NA,NA,Indiana Pacers,43-27,Los Angeles Lakers,51-18,0.343,0.657,0.794,0.7405541561712847,0.2594458438287153,471,0,0,1,435,401224757628,628,4,3:19,199,3.316666666666667,103,106,106,103,3,Victor Oladipo out of bounds lost ball turnover
nba,2020,401224756,2020-08-08,Denver Nuggets,Utah Jazz,DEN,UTAH,46-24,43-27,134,132,TRUE,Denver Nuggets,46-24,NA,NA,NA,NA,NA,NA,NA,NA,NA,NA,Denver Nuggets,46-24,Utah Jazz,43-27,0.504,0.504,0.935,0.93048128342246,0.06951871657753994,612,0,0,1,176,401224756263,263,2,3:00,2220,37,39,57,57,39,18,Nikola Jokic shooting foul
nba,2020,401224755,2020-08-08,Portland Trail Blazers,LA Clippers,POR,LAC,32-39,47-22,117,122,FALSE,LA Clippers,47-22,NA,NA,NA,NA,NA,NA,NA,NA,NA,NA,LA Clippers,47-22,Portland Trail Blazers,32-39,0.299,0.7010000000000001,0.891,0.877665544332211,0.122334455667789,461,0,0,4,418,401224755590,590,4,2:58,178,2.966666666666667,114,110,114,110,4,Marcus Morris Sr. shooting foul
nba,2020,401224754,2020-08-07,Toronto Raptors,Boston Celtics,TOR,BOS,49-19,46-23,100,122,FALSE,Boston Celtics,46-23,NA,NA,NA,NA,NA,NA,NA,NA,NA,NA,Boston Celtics,46-23,Toronto Raptors,49-19,0.485,0.515,0.506,0.04150197628458496,0.958498023715415,463,0,0,1,4,4012247549,9,1,11:29,2849,47.483333333333334,0,0,0,0,0,Jaylen Brown personal foul
nba,2020,401224753,2020-08-07,New Orleans Pelicans,Washington Wizards,NO,WSH,30-39,24-45,118,107,TRUE,New Orleans Pelicans,30-39,NA,NA,NA,NA,NA,NA,NA,NA,NA,NA,New Orleans Pelicans,30-39,Washington Wizards,24-45,0.653,0.653,0.77,0.7012987012987013,0.2987012987012987,476,0,0,1,259,401224753373,373,3,7:57,1197,19.95,63,71,71,63,8,Frank Jackson enters the game for Lonzo Ball
nba,2020,401224752,2020-08-07,Philadelphia 76ers,Orlando Magic,PHI,ORL,42-27,32-38,108,101,TRUE,Philadelphia 76ers,42-27,NA,NA,NA,NA,NA,NA,NA,NA,NA,NA,Philadelphia 76ers,42-27,Orlando Magic,32-38,0.604,0.604,0.75,0.6666666666666667,0.33333333333333326,501,0,0,2,287,401224752401,401,3,5:45,1065,17.75,63,69,69,63,6,D.J. Augustin makes free throw 2 of 3
nba,2020,401224751,2020-08-07,Brooklyn Nets,Sacramento Kings,BKN,SAC,33-36,29-40,119,106,TRUE,Brooklyn Nets,33-36,NA,NA,NA,NA,NA,NA,NA,NA,NA,NA,Brooklyn Nets,33-36,Sacramento Kings,29-40,0.519,0.519,0.65,0.4615384615384617,0.5384615384615383,486,0,0,1,120,401224751175,175,2,11:37,2137,35.61666666666667,24,30,30,24,6,Buddy Hield makes step back jumpshot (Alex Len assists)
nba,2020,401224750,2020-08-07,Memphis Grizzlies,Oklahoma City Thunder,MEM,OKC,33-37,42-26,121,92,TRUE,Oklahoma City Thunder,42-26,NA,NA,NA,NA,NA,NA,NA,NA,NA,NA,Memphis Grizzlies,33-37,Oklahoma City Thunder,42-26,0.356,0.644,0.928,0.9224137931034484,0.0775862068965516,468,0,0,1,76,401224750116,116,1,1:55,2275,37.916666666666664,19,37,37,19,18,Darius Bazley makes 26-foot three point jumper (Hamidou Diallo assists)
nba,2020,401224749,2020-08-07,San Antonio Spurs,Utah Jazz,SA,UTAH,30-38,43-26,119,111,TRUE,Utah Jazz,43-26,NA,NA,NA,NA,NA,NA,NA,NA,NA,NA,San Antonio Spurs,30-38,Utah Jazz,43-26,0.394,0.606,0.65,0.4615384615384617,0.5384615384615383,477,0,0,1,9,40122474916,16,1,11:12,2832,47.2,1,3,3,1,2,Georges Niang makes 25-foot three point jumper (Emmanuel Mudiay assists)
nba,2020,401224748,2020-08-06,Houston Rockets,Los Angeles Lakers,HOU,LAL,43-25,51-17,113,97,TRUE,Los Angeles Lakers,51-17,NA,NA,NA,NA,NA,NA,NA,NA,NA,NA,Houston Rockets,43-25,Los Angeles Lakers,51-17,0.398,0.602,0.637,0.4301412872841443,0.5698587127158556,488,0,0,1,66,40122474891,91,1,4:19,2419,40.31666666666667,15,17,17,15,2,Danuel House Jr. misses three point jumper
nba,2020,401224747,2020-08-06,Denver Nuggets,Portland Trail Blazers,DEN,POR,45-24,32-38,115,125,FALSE,Denver Nuggets,45-24,NA,NA,NA,NA,NA,NA,NA,NA,NA,NA,Portland Trail Blazers,32-38,Denver Nuggets,45-24,0.597,0.597,0.781,0.7195902688860436,0.2804097311139564,435,0,0,1,47,40122474766,66,1,5:41,2501,41.68333333333333,20,12,20,12,8,CJ McCollum misses 27-foot three point jumper
nba,2020,401224746,2020-08-06,Dallas Mavericks,LA Clippers,DAL,LAC,41-30,46-22,111,126,FALSE,LA Clippers,46-22,NA,NA,NA,NA,NA,NA,NA,NA,NA,NA,LA Clippers,46-22,Dallas Mavericks,41-30,0.459,0.5409999999999999,0.624,0.39743589743589736,0.6025641025641026,448,0,0,1,213,401224746313,313,2,1:40,1540,25.666666666666668,55,50,55,50,5,Maxi Kleber makes 23-foot three point jumper (Trey Burke assists)
nba,2020,401224744,2020-08-06,Milwaukee Bucks,Miami Heat,MIL,MIA,55-14,43-26,130,116,TRUE,Milwaukee Bucks,55-14,NA,NA,NA,NA,NA,NA,NA,NA,NA,NA,Milwaukee Bucks,55-14,Miami Heat,43-26,0.699,0.699,0.944,0.9406779661016949,0.05932203389830515,495,0,0,1,213,401224744308,308,2,2:37,1597,26.616666666666667,46,68,68,46,22,Jae Crowder makes three point jumper (Tyler Herro assists)
nba,2020,401224745,2020-08-06,Phoenix Suns,Indiana Pacers,PHX,IND,30-39,42-27,114,99,TRUE,Indiana Pacers,42-27,NA,NA,NA,NA,NA,NA,NA,NA,NA,NA,Phoenix Suns,30-39,Indiana Pacers,42-27,0.397,0.603,0.6639999999999999,0.49397590361445776,0.5060240963855422,465,0,0,1,19,40122474529,29,1,8:31,2671,44.516666666666666,7,9,9,7,2,T.J. Warren defensive rebound
nba,2020,401224743,2020-08-06,Sacramento Kings,New Orleans Pelicans,SAC,NO,29-39,29-39,140,125,TRUE,New Orleans Pelicans,29-39,NA,NA,NA,NA,NA,NA,NA,NA,NA,NA,Sacramento Kings,29-39,New Orleans Pelicans,29-39,0.445,0.5549999999999999,0.5840000000000001,0.2876712328767126,0.7123287671232874,472,0,0,1,2,4012247437,7,1,11:48,2868,47.8,0,2,2,0,2,Zion Williamson makes 1-foot layup (Jrue Holiday assists)
nba,2020,401224742,2020-08-05,Boston Celtics,Brooklyn Nets,BOS,BKN,45-23,32-36,149,115,TRUE,Boston Celtics,45-23,NA,NA,NA,NA,NA,NA,NA,NA,NA,NA,Boston Celtics,45-23,Brooklyn Nets,32-36,0.681,0.681,0.419,0.2386634844868737,0.7613365155131263,475,0,0,4,15,40122474226,26,1,9:45,2745,45.75,3,7,7,3,4,Gordon Hayward misses 22-foot three point jumper
nba,2020,401224741,2020-08-05,Orlando Magic,Toronto Raptors,ORL,TOR,32-37,49-18,99,109,FALSE,Toronto Raptors,49-18,NA,NA,NA,NA,NA,NA,NA,NA,NA,NA,Toronto Raptors,49-18,Orlando Magic,32-37,0.339,0.661,0.349,0.02865329512893988,0.97134670487106,471,0,0,1,22,40122474131,31,1,9:08,2708,45.13333333333333,2,2,2,2,0,Aaron Gordon defensive rebound
nba,2020,401224740,2020-08-05,Los Angeles Lakers,Oklahoma City Thunder,LAL,OKC,51-16,42-25,86,105,FALSE,Los Angeles Lakers,51-16,NA,NA,NA,NA,NA,NA,NA,NA,NA,NA,Oklahoma City Thunder,42-25,Los Angeles Lakers,51-16,0.669,0.669,0.669,0.5052316890881914,0.4947683109118086,513,0,0,1,1,4012247404,4,1,12:00,2880,48,0,0,0,0,0,Steven Adams vs. JaVale McGee (Anthony Davis gains possession)
nba,2020,401224738,2020-08-05,Washington Wizards,Philadelphia 76ers,WSH,PHI,24-44,41-27,98,107,FALSE,Philadelphia 76ers,41-27,NA,NA,NA,NA,NA,NA,NA,NA,NA,NA,Philadelphia 76ers,41-27,Washington Wizards,24-44,0.261,0.739,0.668,0.6092814371257484,0.3907185628742515,485,0,0,1,329,401224738475,475,3,1:38,818,13.633333333333333,73,69,73,69,4,Jerome Robinson makes free throw 1 of 2
nba,2020,401224739,2020-08-05,San Antonio Spurs,Denver Nuggets,SA,DEN,29-38,45-23,126,132,FALSE,Denver Nuggets,45-23,NA,NA,NA,NA,NA,NA,NA,NA,NA,NA,Denver Nuggets,45-23,San Antonio Spurs,29-38,0.384,0.616,0.78,0.7179487179487181,0.28205128205128194,471,0,0,1,263,401224739382,382,3,10:06,1326,22.1,71,62,71,62,9,Dejounte Murray defensive rebound
nba,2020,401224737,2020-08-05,Utah Jazz,Memphis Grizzlies,UTAH,MEM,43-25,32-37,124,115,TRUE,Utah Jazz,43-25,NA,NA,NA,NA,NA,NA,NA,NA,NA,NA,Utah Jazz,43-25,Memphis Grizzlies,32-37,0.677,0.677,0.798,0.7468671679197996,0.25313283208020043,509,0,0,2,189,401224737285,285,2,5:44,1784,29.733333333333334,39,52,52,39,13,Royce O'Neale out of bounds lost ball turnover
nba,2020,401224736,2020-08-04,Portland Trail Blazers,Houston Rockets,POR,HOU,31-38,42-25,110,102,TRUE,Houston Rockets,42-25,NA,NA,NA,NA,NA,NA,NA,NA,NA,NA,Portland Trail Blazers,31-38,Houston Rockets,42-25,0.351,0.649,0.649,0.45916795069337457,0.5408320493066254,492,0,0,1,1,4012247364,4,1,12:00,2880,48,0,0,0,0,0,Robert Covington vs. Jusuf Nurkic (P.J. Tucker gains possession)
nba,2020,401224735,2020-08-04,Miami Heat,Boston Celtics,MIA,BOS,43-25,44-23,112,106,TRUE,Boston Celtics,44-23,NA,NA,NA,NA,NA,NA,NA,NA,NA,NA,Miami Heat,43-25,Boston Celtics,44-23,0.426,0.5740000000000001,0.5920000000000001,0.31081081081081097,0.689189189189189,493,0,0,1,3,4012247358,8,1,11:42,2862,47.7,0,0,0,0,0,Daniel Theis defensive rebound
nba,2020,401224734,2020-08-04,Indiana Pacers,Orlando Magic,IND,ORL,42-26,32-36,120,109,TRUE,Indiana Pacers,42-26,NA,NA,NA,NA,NA,NA,NA,NA,NA,NA,Indiana Pacers,42-26,Orlando Magic,32-36,0.572,0.572,0.4280000000000001,0,1,430,0,0,1,1,4012247344,4,1,12:00,2880,48,0,0,0,0,0,Nikola Vucevic vs. Myles Turner (Malcolm Brogdon gains possession)
nba,2020,401224733,2020-08-04,LA Clippers,Phoenix Suns,LAC,PHX,45-22,29-39,115,117,FALSE,LA Clippers,45-22,NA,NA,NA,NA,NA,NA,NA,NA,NA,NA,Phoenix Suns,29-39,LA Clippers,45-22,0.744,0.744,0.832,0.7980769230769231,0.20192307692307687,448,0,0,1,29,40122473340,40,1,8:33,2673,44.55,9,4,9,4,5,Clippers defensive team rebound
nba,2020,401224732,2020-08-04,Sacramento Kings,Dallas Mavericks,SAC,DAL,28-39,41-29,110,114,FALSE,Dallas Mavericks,41-29,NA,NA,NA,NA,NA,NA,NA,NA,NA,NA,Dallas Mavericks,41-29,Sacramento Kings,28-39,0.307,0.6930000000000001,0.882,0.8662131519274376,0.13378684807256236,558,0,0,2,399,401224732563,563,4,10:06,906,15.1,87,77,87,77,10,Nemanja Bjelica makes 25-foot step back jumpshot (Buddy Hield assists)
nba,2020,401224731,2020-08-04,Milwaukee Bucks,Brooklyn Nets,MIL,BKN,54-14,32-35,116,119,FALSE,Milwaukee Bucks,54-14,NA,NA,NA,NA,NA,NA,NA,NA,NA,NA,Brooklyn Nets,32-35,Milwaukee Bucks,54-14,0.822,0.822,0.89,0.8764044943820224,0.1235955056179776,520,0,0,1,20,40122473128,28,1,9:23,2723,45.38333333333333,11,4,11,4,7,Giannis Antetokounmpo makes 27-foot three pointer
nba,2020,401224730,2020-08-03,Utah Jazz,Los Angeles Lakers,UTAH,LAL,42-25,51-15,108,116,FALSE,Los Angeles Lakers,51-15,NA,NA,NA,NA,NA,NA,NA,NA,NA,NA,Los Angeles Lakers,51-15,Utah Jazz,42-25,0.38,0.62,0.687,0.5443959243085881,0.4556040756914119,496,0,0,1,272,401224730403,403,3,10:24,1344,22.4,64,58,64,58,6,Rudy Gobert defensive rebound
nba,2020,401224729,2020-08-03,Philadelphia 76ers,San Antonio Spurs,PHI,SA,40-27,29-37,132,130,TRUE,Philadelphia 76ers,40-27,NA,NA,NA,NA,NA,NA,NA,NA,NA,NA,Philadelphia 76ers,40-27,San Antonio Spurs,29-37,0.609,0.609,0.879,0.8623435722411832,0.1376564277588168,509,0,0,1,489,401224729720,720,4,10.4,10.4,0.17333333333333334,128,129,129,128,1,Tobias Harris personal take foul
nba,2020,401224728,2020-08-03,New Orleans Pelicans,Memphis Grizzlies,NO,MEM,29-38,32-36,109,99,TRUE,New Orleans Pelicans,29-38,NA,NA,NA,NA,NA,NA,NA,NA,NA,NA,New Orleans Pelicans,29-38,Memphis Grizzlies,32-36,0.616,0.616,0.55,0.3018181818181819,0.6981818181818181,506,0,0,2,338,401224728485,485,3,3:40,940,15.666666666666666,67,68,68,67,1,shot clock turnover
nba,2020,401224726,2020-08-03,Oklahoma City Thunder,Denver Nuggets,OKC,DEN,41-25,44-23,113,121,FALSE,Denver Nuggets,44-23,NA,NA,NA,NA,NA,NA,NA,NA,NA,NA,Denver Nuggets,44-23,Oklahoma City Thunder,41-25,0.457,0.5429999999999999,0.913,0.904709748083242,0.095290251916758,551,0,0,1,448,401224726644,644,4,3:37,517,8.616666666666667,103,96,103,96,7,Nuggets Full timeout
nba,2020,401224727,2020-08-03,Washington Wizards,Indiana Pacers,WSH,IND,24-43,41-26,100,111,FALSE,Indiana Pacers,41-26,NA,NA,NA,NA,NA,NA,NA,NA,NA,NA,Indiana Pacers,41-26,Washington Wizards,24-43,0.272,0.728,0.553,0.5081374321880652,0.4918625678119348,441,0,0,1,146,401224727219,219,2,6:56,1856,30.933333333333337,38,31,38,31,7,Thomas Bryant makes 5-foot hook shot (Troy Brown Jr. assists)
nba,2020,401224725,2020-08-03,Miami Heat,Toronto Raptors,MIA,TOR,42-25,48-18,103,107,FALSE,Toronto Raptors,48-18,NA,NA,NA,NA,NA,NA,NA,NA,NA,NA,Toronto Raptors,48-18,Miami Heat,42-25,0.41,0.5900000000000001,0.668,0.5029940119760481,0.4970059880239519,453,0,0,1,360,401224725529,529,4,9:47,587,9.783333333333331,87,84,87,84,3,Jae Crowder defensive rebound
nba,2020,401224724,2020-08-02,Phoenix Suns,Dallas Mavericks,PHX,DAL,28-39,40-29,117,115,TRUE,Dallas Mavericks,40-29,NA,NA,NA,NA,NA,NA,NA,NA,NA,NA,Phoenix Suns,28-39,Dallas Mavericks,40-29,0.284,0.716,0.944,0.9406779661016949,0.05932203389830515,511,0,0,3,273,401224724385,385,2,30.7,1470.7,24.511666666666667,58,73,73,58,15,Devin Booker offensive foul
nba,2020,401224723,2020-08-02,Houston Rockets,Milwaukee Bucks,HOU,MIL,42-24,54-13,120,116,TRUE,Milwaukee Bucks,54-13,NA,NA,NA,NA,NA,NA,NA,NA,NA,NA,Houston Rockets,42-24,Milwaukee Bucks,54-13,0.303,0.6970000000000001,0.941,0.9373007438894794,0.06269925611052063,514,0,0,1,471,401224723661,661,4,3:14,194,3.2333333333333334,104,112,112,104,8,Khris Middleton makes 25-foot three point jumper (Brook Lopez assists)
nba,2020,401224722,2020-08-02,Orlando Magic,Sacramento Kings,ORL,SAC,32-35,28-38,132,116,TRUE,Orlando Magic,32-35,NA,NA,NA,NA,NA,NA,NA,NA,NA,NA,Orlando Magic,32-35,Sacramento Kings,28-38,0.531,0.531,0.469,0,1,488,0,0,1,1,4012247224,4,1,12:00,2880,48,0,0,0,0,0,Richaun Holmes vs. Nikola Vucevic (De'Aaron Fox gains possession)
nba,2020,401224721,2020-08-02,Memphis Grizzlies,San Antonio Spurs,MEM,SA,32-35,29-36,106,108,FALSE,San Antonio Spurs,29-36,NA,NA,NA,NA,NA,NA,NA,NA,NA,NA,San Antonio Spurs,29-36,Memphis Grizzlies,32-35,0.457,0.5429999999999999,0.532,0.14097744360902242,0.8590225563909776,504,0,0,2,135,401224721195,195,2,9:12,1992,33.2,35,34,35,34,1,Jonas Valanciunas makes free throw 1 of 2
nba,2020,401224720,2020-08-02,Boston Celtics,Portland Trail Blazers,BOS,POR,44-22,30-38,128,124,TRUE,Boston Celtics,44-22,NA,NA,NA,NA,NA,NA,NA,NA,NA,NA,Boston Celtics,44-22,Portland Trail Blazers,30-38,0.669,0.669,0.737,0.6431478968792401,0.3568521031207599,451,0,0,1,370,401224720554,554,4,7:16,436,7.266666666666667,101,105,105,101,4,Zach Collins defensive rebound
nba,2020,401224719,2020-08-02,Brooklyn Nets,Washington Wizards,BKN,WSH,31-35,24-42,118,110,TRUE,Brooklyn Nets,31-35,NA,NA,NA,NA,NA,NA,NA,NA,NA,NA,Brooklyn Nets,31-35,Washington Wizards,24-42,0.641,0.641,0.724,0.6187845303867403,0.3812154696132597,499,0,0,3,347,401224719488,488,3,2:33,873,14.55,76,80,80,76,4,Caris LeVert personal foul
nba,2020,401224718,2020-08-01,Toronto Raptors,Los Angeles Lakers,TOR,LAL,47-18,50-15,107,92,TRUE,Los Angeles Lakers,50-15,NA,NA,NA,NA,NA,NA,NA,NA,NA,NA,Toronto Raptors,47-18,Los Angeles Lakers,50-15,0.447,0.5529999999999999,0.771,0.7029831387808041,0.2970168612191959,515,0,0,1,256,401224718369,369,3,10:32,1352,22.533333333333335,41,47,47,41,6,JaVale McGee makes free throw 1 of 2
nba,2020,401224717,2020-08-01,Indiana Pacers,Philadelphia 76ers,IND,PHI,40-26,39-27,127,121,TRUE,Philadelphia 76ers,39-27,NA,NA,NA,NA,NA,NA,NA,NA,NA,NA,Indiana Pacers,40-26,Philadelphia 76ers,39-27,0.457,0.5429999999999999,0.909,0.8998899889988998,0.10011001100110016,511,0,0,5,406,401224717583,583,4,8:54,534,8.9,88,98,98,88,10,Alec Burks makes 25-foot three point jumper
nba,2020,401224716,2020-08-01,LA Clippers,New Orleans Pelicans,LAC,NO,45-21,28-38,126,103,TRUE,LA Clippers,45-21,NA,NA,NA,NA,NA,NA,NA,NA,NA,NA,LA Clippers,45-21,New Orleans Pelicans,28-38,0.717,0.717,0.30000000000000004,0.05666666666666675,0.9433333333333332,491,0,0,1,3,4012247168,8,1,11:45,2865,47.75,0,0,0,0,0,Brandon Ingram defensive rebound
nba,2020,401224715,2020-08-01,Oklahoma City Thunder,Utah Jazz,OKC,UTAH,41-24,42-24,110,94,TRUE,Utah Jazz,42-24,NA,NA,NA,NA,NA,NA,NA,NA,NA,NA,Oklahoma City Thunder,41-24,Utah Jazz,42-24,0.453,0.5469999999999999,0.5660000000000001,0.23321554770318031,0.7667844522968197,467,0,0,4,2,4012247157,7,1,11:43,2863,47.71666666666667,0,0,0,0,0,Chris Paul bad pass (Rudy Gobert steals)
nba,2020,401224714,2020-08-01,Denver Nuggets,Miami Heat,DEN,MIA,43-23,42-24,105,125,FALSE,Denver Nuggets,43-23,NA,NA,NA,NA,NA,NA,NA,NA,NA,NA,Miami Heat,42-24,Denver Nuggets,43-23,0.517,0.517,0.748,0.6631016042780749,0.33689839572192515,505,0,0,2,244,401224714356,356,2,1:03,1503,25.05,56,50,56,50,6,Mason Plumlee enters the game for Nikola Jokic
nba,2020,401224713,2020-07-31,Dallas Mavericks,Houston Rockets,DAL,HOU,40-28,41-24,149,153,FALSE,Dallas Mavericks,40-28,NA,NA,NA,NA,NA,NA,NA,NA,NA,NA,Houston Rockets,41-24,Dallas Mavericks,40-28,0.551,0.551,0.969,0.9680082559339525,0.03199174406604754,585,0,0,1,508,401224713728,728,4,5.2,305.2,5.086666666666667,138,136,138,136,2,Russell Westbrook personal take foul
nba,2020,401224692,2020-07-31,San Antonio Spurs,Sacramento Kings,SA,SAC,28-36,28-37,129,120,TRUE,San Antonio Spurs,28-36,NA,NA,NA,NA,NA,NA,NA,NA,NA,NA,San Antonio Spurs,28-36,Sacramento Kings,28-37,0.54,0.54,0.7070000000000001,0.5855728429985858,0.4144271570014142,488,0,0,1,392,401224692569,569,4,7:22,442,7.366666666666666,102,104,104,102,2,DeMar DeRozan shooting foul
nba,2020,401224691,2020-07-31,Milwaukee Bucks,Boston Celtics,MIL,BOS,54-12,43-22,119,112,TRUE,Milwaukee Bucks,54-12,NA,NA,NA,NA,NA,NA,NA,NA,NA,NA,Milwaukee Bucks,54-12,Boston Celtics,43-22,0.649,0.649,0.546,0.3571428571428572,0.6428571428571428,533,0,0,1,505,401224691719,719,4,2:04,124,2.066666666666667,107,107,107,107,0,Daniel Theis defensive rebound
nba,2020,401224689,2020-07-31,Portland Trail Blazers,Memphis Grizzlies,POR,MEM,30-37,32-34,140,135,TRUE,Portland Trail Blazers,30-37,NA,NA,NA,NA,NA,NA,NA,NA,NA,NA,Portland Trail Blazers,30-37,Memphis Grizzlies,32-34,0.56,0.56,0.95,0.9473684210526316,0.05263157894736836,558,0,0,1,451,401224689673,673,4,5:03,603,10.05,103,112,112,103,9,Brandon Clarke defensive rebound
nba,2020,401224690,2020-07-31,Washington Wizards,Phoenix Suns,WSH,PHX,24-41,27-39,112,125,FALSE,Phoenix Suns,27-39,NA,NA,NA,NA,NA,NA,NA,NA,NA,NA,Phoenix Suns,27-39,Washington Wizards,24-41,0.385,0.615,0.505,0.2376237623762376,0.7623762376237624,474,0,0,1,157,401224690227,227,2,7:57,1917,31.95,44,42,44,42,2,Thomas Bryant defensive rebound
nba,2020,401224688,2020-07-31,Brooklyn Nets,Orlando Magic,BKN,ORL,30-35,31-35,118,128,FALSE,Orlando Magic,31-35,NA,NA,NA,NA,NA,NA,NA,NA,NA,NA,Orlando Magic,31-35,Brooklyn Nets,30-35,0.488,0.512,0.671,0.5096870342771982,0.4903129657228018,474,0,0,2,26,40122468840,40,1,8:22,2662,44.36666666666667,16,8,16,8,8,Caris LeVert makes 3-foot two point shot
nba,2020,401224687,2020-07-30,Los Angeles Lakers,LA Clippers,LAL,LAC,50-14,44-21,103,101,TRUE,Los Angeles Lakers,50-14,NA,NA,NA,NA,NA,NA,NA,NA,NA,NA,Los Angeles Lakers,50-14,LA Clippers,44-21,0.634,0.634,0.825,0.7878787878787878,0.21212121212121215,512,0,0,4,335,401224687473,473,3,7:05,1145,19.083333333333332,55,66,66,55,11,Kawhi Leonard makes 26-foot three pointer
nba,2020,401224686,2020-07-30,New Orleans Pelicans,Utah Jazz,NO,UTAH,28-37,42-23,104,106,FALSE,Utah Jazz,42-23,NA,NA,NA,NA,NA,NA,NA,NA,NA,NA,Utah Jazz,42-23,New Orleans Pelicans,28-37,0.468,0.532,0.905,0.8950276243093922,0.1049723756906078,501,0,0,1,225,401224686323,323,2,1:46,1546,25.766666666666666,60,44,60,44,16,Jrue Holiday makes 13-foot two point shot
nba,2020,401161615,2020-03-11,Dallas Mavericks,Denver Nuggets,DAL,DEN,40-27,43-22,113,97,TRUE,Dallas Mavericks,40-27,NA,NA,NA,NA,NA,NA,NA,NA,NA,NA,Dallas Mavericks,40-27,Denver Nuggets,43-22,0.623,0.623,0.738,0.6449864498644986,0.3550135501355014,438,0,0,1,276,401161615386,386,3,3:01,901,15.016666666666667,75,81,81,75,6,Nikola Jokic defensive rebound
nba,2020,401161611,2020-03-11,Atlanta Hawks,New York Knicks,ATL,NY,20-47,21-45,131,136,FALSE,Atlanta Hawks,20-47,NA,NA,NA,NA,NA,NA,NA,NA,NA,NA,New York Knicks,21-45,Atlanta Hawks,20-47,0.657,0.657,0.657,0.47792998477929993,0.5220700152207001,544,0,0,3,1,4011616114,4,1,11:56,3176,52.93333333333333,0,0,0,0,0,Dewayne Dedmon jump ball violation
nba,2020,401161612,2020-03-11,Miami Heat,Charlotte Hornets,MIA,CHA,41-24,23-42,98,109,FALSE,Miami Heat,41-24,NA,NA,NA,NA,NA,NA,NA,NA,NA,NA,Charlotte Hornets,23-42,Miami Heat,41-24,0.878,0.878,0.984,0.983739837398374,0.0162601626016261,426,0,0,4,74,401161612121,121,1,2:06,2286,38.1,38,18,38,18,20,PJ Washington misses 5-foot two point shot
nba,2020,401161613,2020-03-11,Philadelphia 76ers,Detroit Pistons,PHI,DET,39-26,20-46,124,106,TRUE,Philadelphia 76ers,39-26,NA,NA,NA,NA,NA,NA,NA,NA,NA,NA,Philadelphia 76ers,39-26,Detroit Pistons,20-46,0.798,0.798,0.363,0.4435261707988982,0.5564738292011018,469,0,0,1,43,40116161366,66,1,6:56,2576,42.93333333333333,11,17,17,11,6,Brandon Knight offensive rebound
nba,2020,401161609,2020-03-10,Golden State Warriors,LA Clippers,GS,LAC,15-50,44-20,107,131,FALSE,LA Clippers,44-20,NA,NA,NA,NA,NA,NA,NA,NA,NA,NA,LA Clippers,44-20,Golden State Warriors,15-50,0.223,0.777,0.274,0.18613138686131403,0.813868613138686,440,0,0,1,12,40116160919,19,1,10:44,2804,46.733333333333334,2,2,2,2,0,Paul George shooting foul
nba,2020,401161610,2020-03-10,Los Angeles Lakers,Brooklyn Nets,LAL,BKN,49-14,30-34,102,104,FALSE,Los Angeles Lakers,49-14,NA,NA,NA,NA,NA,NA,NA,NA,NA,NA,Brooklyn Nets,30-34,Los Angeles Lakers,49-14,0.842,0.842,0.934,0.929336188436831,0.07066381156316903,466,0,0,2,89,401161610125,125,1,2:11,2291,38.18333333333333,31,20,31,20,11,Lakers defensive team rebound
nba,2020,401161608,2020-03-10,Portland Trail Blazers,Phoenix Suns,POR,PHX,29-37,26-39,121,105,TRUE,Portland Trail Blazers,29-37,NA,NA,NA,NA,NA,NA,NA,NA,NA,NA,Portland Trail Blazers,29-37,Phoenix Suns,26-39,0.675,0.675,0.515,0.3689320388349515,0.6310679611650485,443,0,0,1,227,401161608322,322,3,9:52,1312,21.866666666666667,60,63,63,60,3,Aron Baynes makes 5-foot two point shot (Ricky Rubio assists)
nba,2020,401161604,2020-03-10,Chicago Bulls,Cleveland Cavaliers,CHI,CLE,22-43,19-46,108,103,TRUE,Chicago Bulls,22-43,NA,NA,NA,NA,NA,NA,NA,NA,NA,NA,Chicago Bulls,22-43,Cleveland Cavaliers,19-46,0.723,0.723,0.5549999999999999,0.5009009009009008,0.4990990990990992,452,0,0,1,342,401161604502,502,4,11:47,707,11.783333333333331,78,78,78,78,0,Shaquille Harrison shooting foul
nba,2020,401161605,2020-03-10,Houston Rockets,Minnesota Timberwolves,HOU,MIN,40-24,19-45,117,111,TRUE,Houston Rockets,40-24,NA,NA,NA,NA,NA,NA,NA,NA,NA,NA,Houston Rockets,40-24,Minnesota Timberwolves,19-45,0.829,0.829,0.74,0.7689189189189188,0.23108108108108116,461,0,0,3,297,401161605418,418,3,5:33,1053,17.55,61,69,69,61,8,Josh Okogie makes free throw 1 of 2
nba,2020,401161606,2020-03-10,Memphis Grizzlies,Orlando Magic,MEM,ORL,32-33,30-35,115,120,FALSE,Memphis Grizzlies,32-33,NA,NA,NA,NA,NA,NA,NA,NA,NA,NA,Orlando Magic,30-35,Memphis Grizzlies,32-33,0.588,0.588,0.925,0.9189189189189192,0.08108108108108092,504,0,0,2,201,401161606304,304,2,3:38,1658,27.633333333333333,57,42,57,42,15,Tyus Jones misses free throw 1 of 2
nba,2020,401161607,2020-03-10,San Antonio Spurs,Dallas Mavericks,SA,DAL,27-36,39-27,119,109,TRUE,Dallas Mavericks,39-27,NA,NA,NA,NA,NA,NA,NA,NA,NA,NA,San Antonio Spurs,27-36,Dallas Mavericks,39-27,0.427,0.573,0.894,0.8814317673378076,0.1185682326621924,439,0,0,1,238,401161607356,356,3,9:51,1311,21.85,54,67,67,54,13,Dorian Finney-Smith makes 27-foot three point jumper (Kristaps Porzingis assists)
nba,2020,401161602,2020-03-10,Indiana Pacers,Boston Celtics,IND,BOS,39-26,43-21,111,114,FALSE,Boston Celtics,43-21,NA,NA,NA,NA,NA,NA,NA,NA,NA,NA,Boston Celtics,43-21,Indiana Pacers,39-26,0.479,0.521,0.841,0.8109393579072532,0.18906064209274676,453,0,0,1,416,401161602590,590,4,2:14,134,2.2333333333333334,106,104,106,104,2,Daniel Theis shooting foul
nba,2020,401161603,2020-03-10,Washington Wizards,New York Knicks,WSH,NY,24-40,20-45,122,115,TRUE,Washington Wizards,24-40,NA,NA,NA,NA,NA,NA,NA,NA,NA,NA,Washington Wizards,24-40,New York Knicks,20-45,0.675,0.675,0.951,0.9484752891692954,0.05152471083070464,507,0,0,1,293,401161603429,429,3,8:24,1224,20.4,58,76,76,58,18,Knicks offensive team rebound
nba,2020,401161600,2020-03-09,Denver Nuggets,Milwaukee Bucks,DEN,MIL,43-21,53-12,109,95,TRUE,Milwaukee Bucks,53-12,NA,NA,NA,NA,NA,NA,NA,NA,NA,NA,Denver Nuggets,43-21,Milwaukee Bucks,53-12,0.413,0.587,0.657,0.47792998477929993,0.5220700152207001,482,0,0,1,15,40116160022,22,1,9:47,2747,45.78333333333333,2,6,6,2,4,Robin Lopez makes 24-foot three point jumper (Thanasis Antetokounmpo assists)
nba,2020,401161601,2020-03-09,Utah Jazz,Toronto Raptors,UTAH,TOR,41-23,46-18,92,101,FALSE,Utah Jazz,41-23,NA,NA,NA,NA,NA,NA,NA,NA,NA,NA,Toronto Raptors,46-18,Utah Jazz,41-23,0.612,0.612,0.771,0.7029831387808041,0.2970168612191959,441,0,0,1,135,401161601203,203,2,8:18,1938,32.3,36,28,36,28,8,Tony Bradley makes 3-foot layup (Mike Conley assists)
nba,2020,401161599,2020-03-09,Atlanta Hawks,Charlotte Hornets,ATL,CHA,20-46,22-42,143,138,TRUE,Atlanta Hawks,20-46,NA,NA,NA,NA,NA,NA,NA,NA,NA,NA,Atlanta Hawks,20-46,Charlotte Hornets,22-42,0.653,0.653,0.929,0.9235737351991388,0.07642626480086112,553,0,0,1,492,401161599723,723,5,2.7,302.7,5.045,131,131,131,131,0,Kevin Huerter personal take foul
nba,2020,401161598,2020-03-08,Sacramento Kings,Toronto Raptors,SAC,TOR,28-36,45-18,113,118,FALSE,Toronto Raptors,45-18,NA,NA,NA,NA,NA,NA,NA,NA,NA,NA,Toronto Raptors,45-18,Sacramento Kings,28-36,0.35,0.65,0.639,0.4522691705790298,0.5477308294209702,467,0,0,1,177,401161598259,259,2,5:18,1758,29.3,42,34,42,34,8,Alex Len makes dunk (De'Aaron Fox assists)
nba,2020,401161596,2020-03-08,Cleveland Cavaliers,San Antonio Spurs,CLE,SA,19-45,26-36,132,129,TRUE,San Antonio Spurs,26-36,NA,NA,NA,NA,NA,NA,NA,NA,NA,NA,Cleveland Cavaliers,19-45,San Antonio Spurs,26-36,0.34,0.6599999999999999,0.838,0.8066825775656323,0.19331742243436767,581,0,0,1,421,401161596603,603,4,8:27,807,13.45,94,100,100,94,6,Keldon Johnson defensive rebound
nba,2020,401161597,2020-03-08,New York Knicks,Detroit Pistons,NY,DET,20-44,20-45,96,84,TRUE,Detroit Pistons,20-45,NA,NA,NA,NA,NA,NA,NA,NA,NA,NA,New York Knicks,20-44,Detroit Pistons,20-45,0.489,0.511,0.6970000000000001,0.5652797704447634,0.4347202295552366,449,0,0,4,61,40116159786,86,1,4:32,2432,40.53333333333333,12,20,20,12,8,Khyri Thomas makes three point jumper (Bruce Brown assists)
nba,2020,401161593,2020-03-08,Washington Wizards,Miami Heat,WSH,MIA,23-40,41-23,89,100,FALSE,Miami Heat,41-23,NA,NA,NA,NA,NA,NA,NA,NA,NA,NA,Miami Heat,41-23,Washington Wizards,23-40,0.329,0.671,0.895,0.8826815642458101,0.11731843575418988,449,0,0,1,364,401161593538,538,4,9:24,564,9.4,83,75,83,75,8,Kendrick Nunn shooting foul
nba,2020,401161594,2020-03-08,Dallas Mavericks,Indiana Pacers,DAL,IND,39-26,39-25,109,112,FALSE,Dallas Mavericks,39-26,NA,NA,NA,NA,NA,NA,NA,NA,NA,NA,Indiana Pacers,39-25,Dallas Mavericks,39-26,0.703,0.703,0.913,0.904709748083242,0.095290251916758,463,0,0,2,423,401161594593,593,4,3:14,194,3.2333333333333334,108,104,108,104,4,T.J. Warren shooting foul
nba,2020,401161595,2020-03-08,Houston Rockets,Orlando Magic,HOU,ORL,39-24,29-35,106,126,FALSE,Houston Rockets,39-24,NA,NA,NA,NA,NA,NA,NA,NA,NA,NA,Orlando Magic,29-35,Houston Rockets,39-24,0.727,0.727,0.771,0.7029831387808041,0.2970168612191959,493,0,0,1,17,40116159527,27,1,9:22,2722,45.36666666666667,7,4,7,4,3,Russell Westbrook makes 23-foot three point jumper (James Harden assists)
nba,2020,401161591,2020-03-08,Boston Celtics,Oklahoma City Thunder,BOS,OKC,42-21,40-24,104,105,FALSE,Boston Celtics,42-21,NA,NA,NA,NA,NA,NA,NA,NA,NA,NA,Oklahoma City Thunder,40-24,Boston Celtics,42-21,0.708,0.708,0.96,0.9583333333333331,0.04166666666666674,485,0,0,1,219,401161591322,322,2,1:08,1508,25.133333333333333,63,45,63,45,18,Gordon Hayward makes 26-foot three point jumper (Jayson Tatum assists)
nba,2020,401161592,2020-03-08,Phoenix Suns,Milwaukee Bucks,PHX,MIL,26-38,53-11,140,131,TRUE,Milwaukee Bucks,53-11,NA,NA,NA,NA,NA,NA,NA,NA,NA,NA,Phoenix Suns,26-38,Milwaukee Bucks,53-11,0.211,0.789,0.789,0.7325728770595692,0.2674271229404308,487,0,0,1,1,4011615924,4,1,12:00,2880,48,0,0,0,0,0,Brook Lopez vs. Aron Baynes (Eric Bledsoe gains possession)
nba,2020,401161589,2020-03-08,Minnesota Timberwolves,New Orleans Pelicans,MIN,NO,19-44,28-36,107,120,FALSE,New Orleans Pelicans,28-36,NA,NA,NA,NA,NA,NA,NA,NA,NA,NA,New Orleans Pelicans,28-36,Minnesota Timberwolves,19-44,0.487,0.513,0.515,0.05825242718446599,0.941747572815534,536,0,0,1,212,401161589300,300,2,6:07,1807,30.116666666666667,48,48,48,48,0,Juan Hernangomez defensive rebound
nba,2020,401161590,2020-03-08,LA Clippers,Los Angeles Lakers,LAC,LAL,43-20,49-13,103,112,FALSE,LA Clippers,43-20,NA,NA,NA,NA,NA,NA,NA,NA,NA,NA,Los Angeles Lakers,49-13,LA Clippers,43-20,0.605,0.605,0.826,0.7893462469733656,0.21065375302663436,518,0,0,1,218,401161590300,300,2,3:41,1661,27.683333333333337,47,38,47,38,9,Clippers offensive team rebound
nba,2020,401161588,2020-03-08,Brooklyn Nets,Chicago Bulls,BKN,CHI,29-34,21-43,110,107,TRUE,Brooklyn Nets,29-34,NA,NA,NA,NA,NA,NA,NA,NA,NA,NA,Brooklyn Nets,29-34,Chicago Bulls,21-43,0.698,0.698,0.5369999999999999,0.43761638733705754,0.5623836126629425,512,0,0,3,141,401161588208,208,2,6:55,1855,30.916666666666668,36,40,40,36,4,Wendell Carter Jr. makes free throw 1 of 2
nba,2020,401161587,2020-03-07,Portland Trail Blazers,Sacramento Kings,POR,SAC,28-37,28-35,111,123,FALSE,Portland Trail Blazers,28-37,NA,NA,NA,NA,NA,NA,NA,NA,NA,NA,Sacramento Kings,28-35,Portland Trail Blazers,28-37,0.612,0.612,0.676,0.5207100591715976,0.47928994082840243,469,0,0,1,13,40116158721,21,1,10:45,2805,46.75,4,2,4,2,2,Trevor Ariza defensive rebound
nba,2020,401161586,2020-03-07,Golden State Warriors,Philadelphia 76ers,GS,PHI,15-49,38-26,118,114,TRUE,Philadelphia 76ers,38-26,NA,NA,NA,NA,NA,NA,NA,NA,NA,NA,Golden State Warriors,15-49,Philadelphia 76ers,38-26,0.318,0.6819999999999999,0.911,0.902305159165752,0.09769484083424795,444,0,0,1,300,401161586447,447,3,1:54,834,13.9,75,85,85,75,10,Jordan Poole traveling
nba,2020,401161585,2020-03-07,Memphis Grizzlies,Atlanta Hawks,MEM,ATL,32-32,19-46,118,101,TRUE,Memphis Grizzlies,32-32,NA,NA,NA,NA,NA,NA,NA,NA,NA,NA,Memphis Grizzlies,32-32,Atlanta Hawks,19-46,0.758,0.758,0.32299999999999995,0.25077399380804943,0.7492260061919506,531,0,0,1,7,40116158514,14,1,10:48,2808,46.8,2,5,5,2,3,Ja Morant misses two point shot
nba,2020,401161584,2020-03-07,Cleveland Cavaliers,Denver Nuggets,CLE,DEN,18-45,42-21,104,102,TRUE,Denver Nuggets,42-21,NA,NA,NA,NA,NA,NA,NA,NA,NA,NA,Cleveland Cavaliers,18-45,Denver Nuggets,42-21,0.259,0.741,0.904,0.8938053097345133,0.10619469026548668,412,0,0,2,44,40116158465,65,1,5:35,2495,41.583333333333336,12,23,23,12,11,Tristan Thompson shooting foul
nba,2020,401161583,2020-03-07,Detroit Pistons,Utah Jazz,DET,UTAH,20-44,41-22,105,111,FALSE,Utah Jazz,41-22,NA,NA,NA,NA,NA,NA,NA,NA,NA,NA,Utah Jazz,41-22,Detroit Pistons,20-44,0.436,0.5640000000000001,0.507,0.14003944773175558,0.8599605522682444,442,0,0,1,320,401161583454,454,4,9:45,585,9.75,79,79,79,79,0,Christian Wood offensive rebound
nba,2020,401161582,2020-03-07,Charlotte Hornets,Houston Rockets,CHA,HOU,22-41,39-23,108,99,TRUE,Houston Rockets,39-23,NA,NA,NA,NA,NA,NA,NA,NA,NA,NA,Charlotte Hornets,22-41,Houston Rockets,39-23,0.205,0.795,0.795,0.7421383647798743,0.25786163522012573,417,0,0,1,1,4011615824,4,1,12:00,2880,48,0,0,0,0,0,Robert Covington vs. Cody Zeller (P.J. Tucker gains possession)
nba,2020,401161581,2020-03-06,Los Angeles Lakers,Milwaukee Bucks,LAL,MIL,48-13,53-10,113,103,TRUE,Los Angeles Lakers,48-13,NA,NA,NA,NA,NA,NA,NA,NA,NA,NA,Los Angeles Lakers,48-13,Milwaukee Bucks,53-10,0.523,0.523,0.768,0.6979166666666667,0.30208333333333326,552,0,0,1,188,401161581272,272,2,6:35,1835,30.583333333333332,29,38,38,29,9,Robin Lopez defensive rebound
nba,2020,401161580,2020-03-06,Phoenix Suns,Portland Trail Blazers,PHX,POR,25-38,28-36,127,117,TRUE,Phoenix Suns,25-38,NA,NA,NA,NA,NA,NA,NA,NA,NA,NA,Phoenix Suns,25-38,Portland Trail Blazers,28-36,0.56,0.56,0.43999999999999995,0,1,470,0,0,1,1,4011615804,4,1,12:00,2880,48,0,0,0,0,0,Hassan Whiteside vs. Aron Baynes (Damian Lillard gains possession)
nba,2020,401161579,2020-03-06,Dallas Mavericks,Memphis Grizzlies,DAL,MEM,39-25,31-32,121,96,TRUE,Dallas Mavericks,39-25,NA,NA,NA,NA,NA,NA,NA,NA,NA,NA,Dallas Mavericks,39-25,Memphis Grizzlies,31-32,0.809,0.809,0.392,0.5127551020408165,0.48724489795918347,439,0,0,1,125,401161579183,183,2,9:48,2028,33.8,33,37,37,33,4,Gorgui Dieng defensive rebound
nba,2020,401161575,2020-03-06,Boston Celtics,Utah Jazz,BOS,UTAH,42-20,40-22,94,99,FALSE,Boston Celtics,42-20,NA,NA,NA,NA,NA,NA,NA,NA,NA,NA,Utah Jazz,40-22,Boston Celtics,42-20,0.662,0.662,0.87,0.8505747126436782,0.14942528735632177,445,0,0,7,62,40116157590,90,1,3:19,2359,39.31666666666667,27,16,27,16,11,Daniel Theis defensive rebound
nba,2020,401161576,2020-03-06,Chicago Bulls,Indiana Pacers,CHI,IND,21-42,38-25,102,108,FALSE,Indiana Pacers,38-25,NA,NA,NA,NA,NA,NA,NA,NA,NA,NA,Indiana Pacers,38-25,Chicago Bulls,21-42,0.432,0.5680000000000001,0.619,0.38449111470113073,0.6155088852988693,487,0,0,2,17,40116157628,28,1,9:17,2717,45.28333333333333,10,2,10,2,8,Tomas Satoransky makes dunk
nba,2020,401161577,2020-03-06,Minnesota Timberwolves,Orlando Magic,MIN,ORL,19-43,28-35,118,132,FALSE,Minnesota Timberwolves,19-43,NA,NA,NA,NA,NA,NA,NA,NA,NA,NA,Orlando Magic,28-35,Minnesota Timberwolves,19-43,0.516,0.516,0.563,0.22380106571936031,0.7761989342806397,468,0,0,1,14,40116157723,23,1,10:29,2789,46.483333333333334,2,0,2,0,2,Malik Beasley makes 10-foot two point shot (Juan Hernangomez assists)
nba,2020,401161578,2020-03-06,New Orleans Pelicans,Miami Heat,NO,MIA,27-36,40-23,110,104,TRUE,Miami Heat,40-23,NA,NA,NA,NA,NA,NA,NA,NA,NA,NA,New Orleans Pelicans,27-36,Miami Heat,40-23,0.486,0.514,0.593,0.3136593591905563,0.6863406408094437,527,0,0,1,19,40116157830,30,1,9:26,2726,45.43333333333333,2,5,5,2,3,Kendrick Nunn defensive rebound
nba,2020,401161573,2020-03-06,Brooklyn Nets,San Antonio Spurs,BKN,SA,28-34,26-35,139,120,TRUE,Brooklyn Nets,28-34,NA,NA,NA,NA,NA,NA,NA,NA,NA,NA,Brooklyn Nets,28-34,San Antonio Spurs,26-35,0.55,0.55,0.45,0,1,484,0,0,2,1,4011615734,4,1,12:00,2880,48,0,0,0,0,0,Trey Lyles vs. Jarrett Allen (Spencer Dinwiddie gains possession)
nba,2020,401161574,2020-03-06,New York Knicks,Oklahoma City Thunder,NY,OKC,19-44,39-24,103,126,FALSE,Oklahoma City Thunder,39-24,NA,NA,NA,NA,NA,NA,NA,NA,NA,NA,Oklahoma City Thunder,39-24,New York Knicks,19-44,0.314,0.6859999999999999,0.466,0.32618025751072954,0.6738197424892705,467,0,0,1,31,40116157443,43,1,8:26,2666,44.43333333333333,8,4,8,4,4,Elfrid Payton makes free throw 1 of 2
nba,2020,401161572,2020-03-06,Washington Wizards,Atlanta Hawks,WSH,ATL,23-39,19-45,118,112,TRUE,Washington Wizards,23-39,NA,NA,NA,NA,NA,NA,NA,NA,NA,NA,Washington Wizards,23-39,Atlanta Hawks,19-45,0.604,0.604,0.5469999999999999,0.276051188299817,0.723948811700183,459,0,0,4,177,401161572260,260,2,4:00,1680,28,51,55,55,51,4,John Collins makes 3-foot dunk
nba,2020,401161571,2020-03-05,Golden State Warriors,Toronto Raptors,GS,TOR,14-49,44-18,113,121,FALSE,Toronto Raptors,44-18,NA,NA,NA,NA,NA,NA,NA,NA,NA,NA,Toronto Raptors,44-18,Golden State Warriors,14-49,0.24,0.76,0.524,0.5419847328244275,0.4580152671755725,508,0,0,1,322,401161571461,461,3,3:09,909,15.15,85,83,85,83,2,Damion Lee defensive rebound
nba,2020,401161570,2020-03-05,Sacramento Kings,Philadelphia 76ers,SAC,PHI,27-35,38-25,108,125,FALSE,Philadelphia 76ers,38-25,NA,NA,NA,NA,NA,NA,NA,NA,NA,NA,Philadelphia 76ers,38-25,Sacramento Kings,27-35,0.454,0.546,0.475,0.04421052631578948,0.9557894736842104,447,0,0,2,5,40116157012,12,1,11:05,2825,47.083333333333336,2,2,2,2,0,De'Aaron Fox defensive rebound
nba,2020,401161569,2020-03-05,Houston Rockets,LA Clippers,HOU,LAC,39-22,43-19,105,120,FALSE,Houston Rockets,39-22,NA,NA,NA,NA,NA,NA,NA,NA,NA,NA,LA Clippers,43-19,Houston Rockets,39-22,0.57,0.57,0.614,0.37133550488599343,0.6286644951140066,526,0,0,1,19,40116156927,27,1,9:52,2752,45.86666666666667,4,2,4,2,2,Russell Westbrook makes driving layup (James Harden assists)
nba,2020,401161568,2020-03-05,Charlotte Hornets,Denver Nuggets,CHA,DEN,21-41,42-20,112,114,FALSE,Denver Nuggets,42-20,NA,NA,NA,NA,NA,NA,NA,NA,NA,NA,Denver Nuggets,42-20,Charlotte Hornets,21-41,0.242,0.758,0.834,0.8009592326139088,0.1990407673860912,452,0,0,1,362,401161568537,537,4,8:37,517,8.616666666666667,94,86,94,86,8,Terry Rozier makes 27-foot three point jumper (Devonte' Graham assists)
nba,2020,401161567,2020-03-04,Portland Trail Blazers,Washington Wizards,POR,WSH,28-35,22-39,125,104,TRUE,Portland Trail Blazers,28-35,NA,NA,NA,NA,NA,NA,NA,NA,NA,NA,Portland Trail Blazers,28-35,Washington Wizards,22-39,0.778,0.778,0.28900000000000003,0.2318339100346023,0.7681660899653977,505,0,0,1,19,40116156729,29,1,9:46,2746,45.766666666666666,0,2,2,0,2,Moritz Wagner offensive rebound
nba,2020,401161565,2020-03-04,Dallas Mavericks,New Orleans Pelicans,DAL,NO,38-25,26-36,127,123,TRUE,Dallas Mavericks,38-25,NA,NA,NA,NA,NA,NA,NA,NA,NA,NA,Dallas Mavericks,38-25,New Orleans Pelicans,26-36,0.785,0.785,0.694,0.6902017291066282,0.30979827089337175,533,0,0,1,444,401161565640,640,4,1:52,412,6.866666666666666,106,109,109,106,3,Brandon Ingram makes 12-foot two point shot
nba,2020,401161564,2020-03-04,Minnesota Timberwolves,Chicago Bulls,MIN,CHI,19-42,21-41,115,108,TRUE,Minnesota Timberwolves,19-42,NA,NA,NA,NA,NA,NA,NA,NA,NA,NA,Minnesota Timberwolves,19-42,Chicago Bulls,21-41,0.598,0.598,0.772,0.7046632124352332,0.2953367875647668,459,0,0,1,99,401161564140,140,1,1:51,2271,37.85,14,27,27,14,13,Jarrett Culver misses 25-foot three point jumper
nba,2020,401161561,2020-03-04,Miami Heat,Orlando Magic,MIA,ORL,40-22,27-35,116,113,TRUE,Miami Heat,40-22,NA,NA,NA,NA,NA,NA,NA,NA,NA,NA,Miami Heat,40-22,Orlando Magic,27-35,0.722,0.722,0.598,0.5351170568561872,0.4648829431438128,409,0,0,1,277,401161561425,425,3,2:04,844,14.066666666666666,80,83,83,80,3,Nikola Vucevic defensive rebound
nba,2020,401161562,2020-03-04,Brooklyn Nets,Memphis Grizzlies,BKN,MEM,27-34,31-31,79,118,FALSE,Brooklyn Nets,27-34,NA,NA,NA,NA,NA,NA,NA,NA,NA,NA,Memphis Grizzlies,31-31,Brooklyn Nets,27-34,0.634,0.634,0.78,0.7179487179487181,0.28205128205128194,475,0,0,2,55,40116156272,72,1,6:02,2522,42.03333333333333,13,6,13,6,7,Taurean Prince defensive rebound
nba,2020,401161563,2020-03-04,New York Knicks,Utah Jazz,NY,UTAH,19-43,39-22,104,112,FALSE,Utah Jazz,39-22,NA,NA,NA,NA,NA,NA,NA,NA,NA,NA,Utah Jazz,39-22,New York Knicks,19-43,0.261,0.739,0.277,0.0577617328519856,0.9422382671480144,429,0,0,1,242,401161563342,342,3,7:26,1166,19.433333333333337,69,72,69,72,-3,Elfrid Payton makes two point shot
nba,2020,401161559,2020-03-04,Cleveland Cavaliers,Boston Celtics,CLE,BOS,17-45,42-19,106,112,FALSE,Boston Celtics,42-19,NA,NA,NA,NA,NA,NA,NA,NA,NA,NA,Boston Celtics,42-19,Cleveland Cavaliers,17-45,0.205,0.795,0.556,0.631294964028777,0.36870503597122295,447,0,0,1,367,401161559500,500,4,6:48,408,6.8,89,88,89,88,1,Ante Zizic offensive rebound
nba,2020,401161560,2020-03-04,Detroit Pistons,Oklahoma City Thunder,DET,OKC,20-43,38-24,107,114,FALSE,Detroit Pistons,20-43,NA,NA,NA,NA,NA,NA,NA,NA,NA,NA,Oklahoma City Thunder,38-24,Detroit Pistons,20-43,0.5,0.5,0.62,0.38709677419354827,0.6129032258064517,424,0,0,1,399,401161560596,596,4,1:18,78,1.3,107,108,107,108,-1,Chris Paul personal foul
nba,2020,401161566,2020-03-04,Milwaukee Bucks,Indiana Pacers,MIL,IND,53-9,37-25,119,100,TRUE,Milwaukee Bucks,53-9,NA,NA,NA,NA,NA,NA,NA,NA,NA,NA,Milwaukee Bucks,53-9,Indiana Pacers,37-25,0.848,0.848,0.32799999999999996,0.5365853658536583,0.46341463414634165,485,0,0,1,247,401161566351,351,3,11:14,1394,23.233333333333334,58,58,58,58,0,T.J. McConnell offensive rebound
nba,2020,401161557,2020-03-03,Los Angeles Lakers,Philadelphia 76ers,LAL,PHI,47-13,37-25,120,107,TRUE,Los Angeles Lakers,47-13,NA,NA,NA,NA,NA,NA,NA,NA,NA,NA,Los Angeles Lakers,47-13,Philadelphia 76ers,37-25,0.728,0.728,0.741,0.6504723346828609,0.3495276653171391,450,0,0,1,158,401161557214,214,2,8:28,1948,32.46666666666667,31,44,44,31,13,Alec Burks defensive rebound
nba,2020,401161558,2020-03-03,Sacramento Kings,Washington Wizards,SAC,WSH,27-34,22-38,133,126,TRUE,Sacramento Kings,27-34,NA,NA,NA,NA,NA,NA,NA,NA,NA,NA,Sacramento Kings,27-34,Washington Wizards,22-38,0.703,0.703,0.468,0.3653846153846153,0.6346153846153847,473,0,0,1,341,401161558501,501,3,0.0,720,12,95,95,95,95,0,Wizards offensive team rebound
nba,2020,401161555,2020-03-03,Denver Nuggets,Golden State Warriors,DEN,GS,41-20,14-48,100,116,FALSE,Denver Nuggets,41-20,NA,NA,NA,NA,NA,NA,NA,NA,NA,NA,Golden State Warriors,14-48,Denver Nuggets,41-20,0.87,0.87,0.96,0.9583333333333331,0.04166666666666674,477,0,0,1,254,401161555369,369,3,10:51,1371,22.85,64,49,64,49,15,Will Barton makes driving layup
nba,2020,401161556,2020-03-03,Phoenix Suns,Toronto Raptors,PHX,TOR,24-38,43-18,114,123,FALSE,Toronto Raptors,43-18,NA,NA,NA,NA,NA,NA,NA,NA,NA,NA,Toronto Raptors,43-18,Phoenix Suns,24-38,0.389,0.611,0.879,0.8623435722411832,0.1376564277588168,477,0,0,2,141,401161556223,223,2,8:48,1968,32.8,51,35,51,35,16,Ricky Rubio makes free throw 1 of 2
nba,2020,401161553,2020-03-03,New Orleans Pelicans,Minnesota Timberwolves,NO,MIN,26-35,18-42,134,139,FALSE,New Orleans Pelicans,26-35,NA,NA,NA,NA,NA,NA,NA,NA,NA,NA,Minnesota Timberwolves,18-42,New Orleans Pelicans,26-35,0.699,0.699,0.886,0.8713318284424378,0.12866817155756216,499,0,0,1,173,401161553248,248,2,7:49,1909,31.816666666666663,50,38,50,38,12,Lonzo Ball makes 27-foot three point jumper (Zion Williamson assists)
nba,2020,401161554,2020-03-03,Oklahoma City Thunder,LA Clippers,OKC,LAC,37-24,42-19,94,109,FALSE,Oklahoma City Thunder,37-24,NA,NA,NA,NA,NA,NA,NA,NA,NA,NA,LA Clippers,42-19,Oklahoma City Thunder,37-24,0.512,0.512,0.541,0.1515711645101665,0.8484288354898335,481,0,0,1,11,40116155418,18,1,10:14,2774,46.233333333333334,5,3,5,3,2,Steven Adams makes layup (Chris Paul assists)
nba,2020,401161552,2020-03-03,Boston Celtics,Brooklyn Nets,BOS,BKN,41-19,27-33,120,129,FALSE,Boston Celtics,41-19,NA,NA,NA,NA,NA,NA,NA,NA,NA,NA,Brooklyn Nets,27-33,Boston Celtics,41-19,0.793,0.793,0.994,0.9939637826961772,0.00603621730382286,577,0,0,2,382,401161552538,538,4,11:06,966,16.1,87,69,87,69,18,Celtics defensive team rebound
nba,2020,401161551,2020-03-03,Charlotte Hornets,San Antonio Spurs,CHA,SA,21-40,26-34,103,104,FALSE,San Antonio Spurs,26-34,NA,NA,NA,NA,NA,NA,NA,NA,NA,NA,San Antonio Spurs,26-34,Charlotte Hornets,21-40,0.381,0.619,0.854,0.8290398126463701,0.17096018735362994,432,0,0,1,140,401161551205,205,2,9:11,1991,33.18333333333333,42,26,42,26,16,Willy Hernangomez defensive rebound
nba,2020,401161550,2020-03-02,San Antonio Spurs,Indiana Pacers,SA,IND,25-34,37-24,111,116,FALSE,San Antonio Spurs,25-34,NA,NA,NA,NA,NA,NA,NA,NA,NA,NA,Indiana Pacers,37-24,San Antonio Spurs,25-34,0.528,0.528,0.79,0.7341772151898736,0.26582278481012644,426,0,0,1,87,401161550131,131,1,21.5,2181.5,36.358333333333334,34,24,34,24,10,Derrick White blocks Edmond Sumner's driving layup
nba,2020,401161549,2020-03-02,Chicago Bulls,Dallas Mavericks,CHI,DAL,21-40,37-25,109,107,TRUE,Dallas Mavericks,37-25,NA,NA,NA,NA,NA,NA,NA,NA,NA,NA,Chicago Bulls,21-40,Dallas Mavericks,37-25,0.324,0.6759999999999999,0.879,0.8623435722411832,0.1376564277588168,473,0,0,1,94,401161549141,141,1,29.4,2189.4,36.49,17,28,28,17,11,Ryan Arcidiacono shooting foul
nba,2020,401161547,2020-03-02,Atlanta Hawks,Memphis Grizzlies,ATL,MEM,19-44,30-31,88,127,FALSE,Atlanta Hawks,19-44,NA,NA,NA,NA,NA,NA,NA,NA,NA,NA,Memphis Grizzlies,30-31,Atlanta Hawks,19-44,0.508,0.508,0.713,0.5974754558204769,0.4025245441795231,514,0,0,1,60,40116154777,77,1,6:47,2567,42.78333333333333,11,2,11,2,9,Trae Young makes two point shot
nba,2020,401161548,2020-03-02,Miami Heat,Milwaukee Bucks,MIA,MIL,39-22,52-9,105,89,TRUE,Milwaukee Bucks,52-9,NA,NA,NA,NA,NA,NA,NA,NA,NA,NA,Miami Heat,39-22,Milwaukee Bucks,52-9,0.37,0.63,0.7030000000000001,0.5775248933143671,0.422475106685633,466,0,0,1,35,40116154847,47,1,7:32,2612,43.53333333333333,6,8,8,6,2,Khris Middleton makes free throw 1 of 2
nba,2020,401161544,2020-03-02,Cleveland Cavaliers,Utah Jazz,CLE,UTAH,17-44,38-22,113,126,FALSE,Utah Jazz,38-22,NA,NA,NA,NA,NA,NA,NA,NA,NA,NA,Utah Jazz,38-22,Cleveland Cavaliers,17-44,0.212,0.788,0.512,0.5859375,0.4140625,424,0,0,1,158,401161544226,226,2,5:44,1784,29.733333333333334,47,41,47,41,6,Larry Nance Jr. defensive rebound
nba,2020,401161545,2020-03-02,New York Knicks,Houston Rockets,NY,HOU,19-42,39-21,125,123,TRUE,Houston Rockets,39-21,NA,NA,NA,NA,NA,NA,NA,NA,NA,NA,New York Knicks,19-42,Houston Rockets,39-21,0.213,0.787,0.886,0.8713318284424378,0.12866817155756216,507,0,0,1,30,40116154545,45,1,8:59,2699,44.983333333333334,1,8,8,1,7,Danuel House Jr. makes free throw 1 of 2
nba,2020,401161546,2020-03-02,Orlando Magic,Portland Trail Blazers,ORL,POR,27-34,27-35,107,130,FALSE,Orlando Magic,27-34,NA,NA,NA,NA,NA,NA,NA,NA,NA,NA,Portland Trail Blazers,27-35,Orlando Magic,27-34,0.596,0.596,0.748,0.6631016042780749,0.33689839572192515,455,0,0,1,47,40116154665,65,1,6:11,2531,42.18333333333333,17,11,17,11,6,Nikola Vucevic defensive rebound
nba,2020,401161543,2020-03-01,Golden State Warriors,Washington Wizards,GS,WSH,13-48,22-37,110,124,FALSE,Golden State Warriors,13-48,NA,NA,NA,NA,NA,NA,NA,NA,NA,NA,Washington Wizards,22-37,Golden State Warriors,13-48,0.552,0.552,0.581,0.27882960413080893,0.7211703958691911,485,0,0,1,2,4011615437,7,1,11:40,2860,47.666666666666664,2,0,2,0,2,Dragan Bender makes 9-foot two point shot (Damion Lee assists)
nba,2020,401161542,2020-03-01,New Orleans Pelicans,Los Angeles Lakers,NO,LAL,26-34,46-13,114,122,FALSE,Los Angeles Lakers,46-13,NA,NA,NA,NA,NA,NA,NA,NA,NA,NA,Los Angeles Lakers,46-13,New Orleans Pelicans,26-34,0.377,0.623,0.838,0.8066825775656323,0.19331742243436767,494,0,0,2,381,401161542542,542,4,10:17,617,10.283333333333331,101,95,101,95,6,Zion Williamson makes free throw 1 of 2
nba,2020,401161540,2020-03-01,Denver Nuggets,Toronto Raptors,DEN,TOR,41-19,42-18,133,118,TRUE,Denver Nuggets,41-19,NA,NA,NA,NA,NA,NA,NA,NA,NA,NA,Denver Nuggets,41-19,Toronto Raptors,42-18,0.576,0.576,0.4439999999999999,0.04504504504504481,0.9549549549549552,475,0,0,1,184,401161540270,270,2,4:36,1716,28.6,60,60,60,60,0,Kyle Lowry makes 25-foot three point jumper (Rondae Hollis-Jefferson assists)
nba,2020,401161541,2020-03-01,Sacramento Kings,Detroit Pistons,SAC,DET,26-34,20-42,106,100,TRUE,Sacramento Kings,26-34,NA,NA,NA,NA,NA,NA,NA,NA,NA,NA,Sacramento Kings,26-34,Detroit Pistons,20-42,0.652,0.652,0.891,0.877665544332211,0.122334455667789,479,0,0,1,132,401161541184,184,2,11:02,2102,35.03333333333333,16,34,34,16,18,Harry Giles III personal foul
nba,2020,401161538,2020-03-01,Minnesota Timberwolves,Dallas Mavericks,MIN,DAL,17-42,37-24,91,111,FALSE,Dallas Mavericks,37-24,NA,NA,NA,NA,NA,NA,NA,NA,NA,NA,Dallas Mavericks,37-24,Minnesota Timberwolves,17-42,0.321,0.679,0.321,2.220446049250313e-16,0.9999999999999998,506,0,0,1,1,4011615384,4,1,12:00,2880,48,0,0,0,0,0,Kristaps Porzingis vs. Naz Reid (Seth Curry gains possession)
nba,2020,401161539,2020-03-01,LA Clippers,Philadelphia 76ers,LAC,PHI,41-19,37-24,136,130,TRUE,LA Clippers,41-19,NA,NA,NA,NA,NA,NA,NA,NA,NA,NA,LA Clippers,41-19,Philadelphia 76ers,37-24,0.67,0.67,0.7050000000000001,0.5815602836879434,0.41843971631205656,470,0,0,1,44,40116153962,62,1,5:32,2492,41.53333333333333,11,25,25,11,14,Shake Milton makes 27-foot three pointer
nba,2020,401161537,2020-03-01,Charlotte Hornets,Milwaukee Bucks,CHA,MIL,21-39,52-8,85,93,FALSE,Milwaukee Bucks,52-8,NA,NA,NA,NA,NA,NA,NA,NA,NA,NA,Milwaukee Bucks,52-8,Charlotte Hornets,21-39,0.09,0.91,0.392,0.7704081632653061,0.22959183673469383,477,0,0,1,405,401161537576,576,4,6:35,395,6.583333333333333,74,75,74,75,-1,Terry Rozier makes technical free throw
nba,2020,401161534,2020-02-29,Boston Celtics,Houston Rockets,BOS,HOU,41-18,39-20,110,111,FALSE,Boston Celtics,41-18,NA,NA,NA,NA,NA,NA,NA,NA,NA,NA,Houston Rockets,39-20,Boston Celtics,41-18,0.651,0.651,0.931,0.9258861439312568,0.07411385606874332,512,0,0,1,157,401161534231,231,2,6:58,2158,35.96666666666667,42,25,42,25,17,Jayson Tatum makes 26-foot step back jumpshot (Jaylen Brown assists)
nba,2020,401161535,2020-02-29,San Antonio Spurs,Orlando Magic,SA,ORL,25-33,27-33,114,113,TRUE,San Antonio Spurs,25-33,NA,NA,NA,NA,NA,NA,NA,NA,NA,NA,San Antonio Spurs,25-33,Orlando Magic,27-33,0.676,0.676,0.84,0.8095238095238095,0.1904761904761905,451,0,0,1,417,401161535609,609,4,3:02,182,3.033333333333333,105,109,109,105,4,Nikola Vucevic vs. Rudy Gay (Aaron Gordon gains possession)
nba,2020,401161532,2020-02-29,Cleveland Cavaliers,Indiana Pacers,CLE,IND,17-43,36-24,104,113,FALSE,Indiana Pacers,36-24,NA,NA,NA,NA,NA,NA,NA,NA,NA,NA,Indiana Pacers,36-24,Cleveland Cavaliers,17-43,0.264,0.736,0.662,0.6012084592145015,0.3987915407854985,422,0,0,1,344,401161532498,498,4,9:30,570,9.5,93,90,93,90,3,Aaron Holiday bad pass (Larry Nance Jr. steals)
nba,2020,401161531,2020-02-29,Miami Heat,Brooklyn Nets,MIA,BKN,38-22,26-33,116,113,TRUE,Miami Heat,38-22,NA,NA,NA,NA,NA,NA,NA,NA,NA,NA,Miami Heat,38-22,Brooklyn Nets,26-33,0.721,0.721,0.486,0.4259259259259258,0.5740740740740742,481,0,0,1,108,401161531157,157,2,11:40,2140,35.666666666666664,24,28,28,24,4,Caris LeVert makes free throw 1 of 2
nba,2020,401161529,2020-02-29,New York Knicks,Chicago Bulls,NY,CHI,18-42,20-40,125,115,TRUE,Chicago Bulls,20-40,NA,NA,NA,NA,NA,NA,NA,NA,NA,NA,New York Knicks,18-42,Chicago Bulls,20-40,0.442,0.558,0.646,0.4520123839009289,0.5479876160990711,466,0,0,2,172,401161529247,247,2,5:57,1797,29.95,43,46,46,43,3,Zach LaVine defensive rebound
nba,2020,401161526,2020-02-28,Phoenix Suns,Detroit Pistons,PHX,DET,24-36,20-41,111,113,FALSE,Phoenix Suns,24-36,NA,NA,NA,NA,NA,NA,NA,NA,NA,NA,Detroit Pistons,20-41,Phoenix Suns,24-36,0.632,0.632,0.768,0.6979166666666667,0.30208333333333326,429,0,0,1,172,401161526268,268,2,4:02,1682,28.033333333333335,47,40,47,40,7,Elie Okobo makes two point shot (Devin Booker assists)
nba,2020,401161527,2020-02-28,Utah Jazz,Washington Wizards,UTAH,WSH,37-22,21-37,129,119,TRUE,Utah Jazz,37-22,NA,NA,NA,NA,NA,NA,NA,NA,NA,NA,Utah Jazz,37-22,Washington Wizards,21-37,0.855,0.855,0.527,0.7248576850094877,0.27514231499051234,491,0,0,1,295,401161527417,417,3,5:45,1065,17.75,67,72,72,67,5,Bradley Beal makes 25-foot step back jumpshot
nba,2020,401161522,2020-02-28,Miami Heat,Dallas Mavericks,MIA,DAL,37-22,36-24,126,118,TRUE,Miami Heat,37-22,NA,NA,NA,NA,NA,NA,NA,NA,NA,NA,Miami Heat,37-22,Dallas Mavericks,36-24,0.516,0.516,0.757,0.678996036988111,0.32100396301188905,462,0,0,3,328,401161522475,475,3,0.5,720.5,12.008333333333333,88,93,93,88,5,Jae Crowder offensive charge
nba,2020,401161523,2020-02-28,Memphis Grizzlies,Sacramento Kings,MEM,SAC,28-31,25-34,101,104,FALSE,Memphis Grizzlies,28-31,NA,NA,NA,NA,NA,NA,NA,NA,NA,NA,Sacramento Kings,25-34,Memphis Grizzlies,28-31,0.592,0.592,0.834,0.8009592326139088,0.1990407673860912,480,0,0,2,110,401161523146,146,1,47.5,2207.5,36.791666666666664,28,16,28,16,12,Dillon Brooks makes two point shot (Tyus Jones assists)
nba,2020,401161524,2020-02-28,Milwaukee Bucks,Oklahoma City Thunder,MIL,OKC,51-8,37-23,133,86,TRUE,Milwaukee Bucks,51-8,NA,NA,NA,NA,NA,NA,NA,NA,NA,NA,Milwaukee Bucks,51-8,Oklahoma City Thunder,37-23,0.868,0.868,0.248,0.4677419354838709,0.5322580645161291,494,0,0,1,13,40116152421,21,1,10:15,2775,46.25,2,8,8,2,6,Steven Adams defensive rebound
nba,2020,401161525,2020-02-28,New Orleans Pelicans,Cleveland Cavaliers,NO,CLE,26-33,17-42,116,104,TRUE,New Orleans Pelicans,26-33,NA,NA,NA,NA,NA,NA,NA,NA,NA,NA,New Orleans Pelicans,26-33,Cleveland Cavaliers,17-42,0.843,0.843,0.17500000000000004,0.10285714285714288,0.8971428571428571,439,0,0,1,2,4011615257,7,1,11:37,2857,47.61666666666667,0,2,2,0,2,Kevin Love makes 14-foot jumper (Cedi Osman assists)
nba,2020,401161520,2020-02-28,Atlanta Hawks,Brooklyn Nets,ATL,BKN,18-43,26-32,141,118,TRUE,Brooklyn Nets,26-32,NA,NA,NA,NA,NA,NA,NA,NA,NA,NA,Atlanta Hawks,18-43,Brooklyn Nets,26-32,0.402,0.598,0.85,0.8235294117647058,0.17647058823529416,484,0,0,1,67,401161520100,100,1,3:37,2377,39.61666666666667,18,31,31,18,13,Wilson Chandler makes driving floating jump shot (Spencer Dinwiddie assists)
nba,2020,401161521,2020-02-28,Toronto Raptors,Charlotte Hornets,TOR,CHA,42-17,21-38,96,99,FALSE,Toronto Raptors,42-17,NA,NA,NA,NA,NA,NA,NA,NA,NA,NA,Charlotte Hornets,21-38,Toronto Raptors,42-17,0.928,0.928,0.953,0.9506820566631689,0.04931794333683115,503,0,0,1,50,40116152175,75,1,6:35,2555,42.583333333333336,13,7,13,7,6,Bismack Biyombo bad pass (OG Anunoby steals)
nba,2020,401161519,2020-02-28,Orlando Magic,Minnesota Timberwolves,ORL,MIN,27-32,17-41,136,125,TRUE,Orlando Magic,27-32,NA,NA,NA,NA,NA,NA,NA,NA,NA,NA,Orlando Magic,27-32,Minnesota Timberwolves,17-41,0.672,0.672,0.665,0.5067669172932332,0.4932330827067668,488,0,0,2,318,401161519456,456,3,3:38,938,15.633333333333333,90,94,94,90,4,Nikola Vucevic shooting foul
nba,2020,401161518,2020-02-27,Golden State Warriors,Los Angeles Lakers,GS,LAL,12-47,45-12,86,116,FALSE,Los Angeles Lakers,45-12,NA,NA,NA,NA,NA,NA,NA,NA,NA,NA,Los Angeles Lakers,45-12,Golden State Warriors,12-47,0.198,0.802,0.366,0.459016393442623,0.540983606557377,466,0,0,1,54,40116151877,77,1,5:58,2518,41.96666666666667,15,9,15,9,6,Damion Lee defensive rebound
nba,2020,401161516,2020-02-27,Indiana Pacers,Portland Trail Blazers,IND,POR,35-24,26-34,106,100,TRUE,Indiana Pacers,35-24,NA,NA,NA,NA,NA,NA,NA,NA,NA,NA,Indiana Pacers,35-24,Portland Trail Blazers,26-34,0.657,0.657,0.764,0.6910994764397906,0.30890052356020936,457,0,0,1,250,401161516340,340,3,8:39,1239,20.65,51,60,60,51,9,Domantas Sabonis misses tip shot
nba,2020,401161517,2020-02-27,Oklahoma City Thunder,Sacramento Kings,OKC,SAC,37-22,24-34,112,108,TRUE,Oklahoma City Thunder,37-22,NA,NA,NA,NA,NA,NA,NA,NA,NA,NA,Oklahoma City Thunder,37-22,Sacramento Kings,24-34,0.724,0.724,0.954,0.9517819706498952,0.04821802935010488,484,0,0,2,264,401161517381,381,3,7:03,1143,19.05,59,78,78,59,19,Nemanja Bjelica makes 24-foot three point jumper (Cory Joseph assists)
nba,2020,401161515,2020-02-27,Philadelphia 76ers,New York Knicks,PHI,NY,37-23,17-42,115,106,TRUE,Philadelphia 76ers,37-23,NA,NA,NA,NA,NA,NA,NA,NA,NA,NA,Philadelphia 76ers,37-23,New York Knicks,17-42,0.871,0.871,0.19199999999999995,0.3281249999999998,0.6718750000000002,426,0,0,3,103,401161515144,144,1,58.9,2218.9,36.98166666666667,23,21,21,23,-2,Mike Scott personal foul
nba,2020,401161514,2020-02-26,Utah Jazz,Boston Celtics,UTAH,BOS,36-22,41-17,103,114,FALSE,Utah Jazz,36-22,NA,NA,NA,NA,NA,NA,NA,NA,NA,NA,Boston Celtics,41-17,Utah Jazz,36-22,0.578,0.578,0.682,0.5337243401759533,0.46627565982404673,414,0,0,1,188,401161514257,257,2,3:06,1626,27.1,45,40,45,40,5,Donovan Mitchell makes 21-foot step back jumpshot
nba,2020,401161513,2020-02-26,Phoenix Suns,LA Clippers,PHX,LAC,24-35,39-19,92,102,FALSE,LA Clippers,39-19,NA,NA,NA,NA,NA,NA,NA,NA,NA,NA,LA Clippers,39-19,Phoenix Suns,24-35,0.377,0.623,0.706,0.58356940509915,0.41643059490085,462,0,0,1,78,401161513112,112,1,2:59,2339,38.983333333333334,27,16,27,16,11,Mikal Bridges offensive rebound
nba,2020,401161511,2020-02-26,San Antonio Spurs,Dallas Mavericks,SA,DAL,24-33,36-23,103,109,FALSE,Dallas Mavericks,36-23,NA,NA,NA,NA,NA,NA,NA,NA,NA,NA,Dallas Mavericks,36-23,San Antonio Spurs,24-33,0.47,0.53,0.589,0.3022071307300509,0.6977928692699491,497,0,0,1,434,401161511609,609,4,6:03,363,6.05,90,89,90,89,1,DeMar DeRozan defensive rebound
nba,2020,401161512,2020-02-26,Houston Rockets,Memphis Grizzlies,HOU,MEM,38-20,28-30,140,112,TRUE,Houston Rockets,38-20,NA,NA,NA,NA,NA,NA,NA,NA,NA,NA,Houston Rockets,38-20,Memphis Grizzlies,28-30,0.811,0.811,0.227,0.1674008810572689,0.8325991189427311,496,0,0,1,68,40116151291,91,1,5:06,2466,41.1,14,14,14,14,0,Ja Morant defensive rebound
nba,2020,401161509,2020-02-26,Atlanta Hawks,Orlando Magic,ATL,ORL,17-43,26-32,120,130,FALSE,Orlando Magic,26-32,NA,NA,NA,NA,NA,NA,NA,NA,NA,NA,Orlando Magic,26-32,Atlanta Hawks,17-43,0.433,0.567,0.741,0.6504723346828609,0.3495276653171391,490,0,0,1,264,401161509373,373,3,8:58,1258,20.966666666666665,75,68,75,68,7,De'Andre Hunter offensive rebound
nba,2020,401161510,2020-02-26,Miami Heat,Minnesota Timberwolves,MIA,MIN,36-22,17-40,126,129,FALSE,Miami Heat,36-22,NA,NA,NA,NA,NA,NA,NA,NA,NA,NA,Minnesota Timberwolves,17-40,Miami Heat,36-22,0.788,0.788,0.993,0.9929506545820744,0.00704934541792545,523,0,0,1,455,401161510675,675,4,3:49,229,3.816666666666667,121,112,121,112,9,Heat Full timeout
nba,2020,401161506,2020-02-26,Charlotte Hornets,New York Knicks,CHA,NY,20-38,17-41,107,101,TRUE,Charlotte Hornets,20-38,NA,NA,NA,NA,NA,NA,NA,NA,NA,NA,Charlotte Hornets,20-38,New York Knicks,17-41,0.549,0.549,0.611,0.3633387888707038,0.6366612111292962,455,0,0,1,51,40116150677,77,1,4:35,2435,40.583333333333336,17,22,22,17,5,PJ Washington misses 26-foot three point jumper
nba,2020,401161507,2020-02-26,Cleveland Cavaliers,Philadelphia 76ers,CLE,PHI,17-41,36-23,108,94,TRUE,Philadelphia 76ers,36-23,NA,NA,NA,NA,NA,NA,NA,NA,NA,NA,Cleveland Cavaliers,17-41,Philadelphia 76ers,36-23,0.233,0.767,0.767,0.6962190352020861,0.30378096479791394,425,0,0,1,1,4011615074,4,1,12:00,2880,48,0,0,0,0,0,Joel Embiid vs. Tristan Thompson (Shake Milton gains possession)
nba,2020,401161508,2020-02-26,Washington Wizards,Brooklyn Nets,WSH,BKN,21-36,26-31,110,106,TRUE,Brooklyn Nets,26-31,NA,NA,NA,NA,NA,NA,NA,NA,NA,NA,Washington Wizards,21-36,Brooklyn Nets,26-31,0.456,0.544,0.8049999999999999,0.7577639751552794,0.24223602484472065,517,0,0,1,487,401161508693,693,4,1:11,71,1.1833333333333331,100,102,102,100,2,Thomas Bryant shooting foul
nba,2020,401161503,2020-02-25,Los Angeles Lakers,New Orleans Pelicans,LAL,NO,44-12,25-33,118,109,TRUE,Los Angeles Lakers,44-12,NA,NA,NA,NA,NA,NA,NA,NA,NA,NA,Los Angeles Lakers,44-12,New Orleans Pelicans,25-33,0.818,0.818,0.5660000000000001,0.6784452296819787,0.32155477031802127,512,0,0,1,353,401161503530,530,3,1:24,804,13.4,83,86,86,83,3,Jahlil Okafor defensive rebound
nba,2020,401161504,2020-02-25,Portland Trail Blazers,Boston Celtics,POR,BOS,26-33,40-17,106,118,FALSE,Boston Celtics,40-17,NA,NA,NA,NA,NA,NA,NA,NA,NA,NA,Boston Celtics,40-17,Portland Trail Blazers,26-33,0.409,0.591,0.598,0.3277591973244147,0.6722408026755853,451,0,0,2,19,40116150428,28,1,9:43,2743,45.71666666666667,7,0,7,0,7,Hassan Whiteside defensive rebound
nba,2020,401161502,2020-02-25,Denver Nuggets,Detroit Pistons,DEN,DET,40-18,19-41,115,98,TRUE,Denver Nuggets,40-18,NA,NA,NA,NA,NA,NA,NA,NA,NA,NA,Denver Nuggets,40-18,Detroit Pistons,19-41,0.817,0.817,0.28900000000000003,0.366782006920415,0.6332179930795849,452,0,0,2,83,401161502132,132,1,2:47,2327,38.78333333333333,21,23,23,21,2,Thon Maker defensive rebound
nba,2020,401161501,2020-02-25,Chicago Bulls,Oklahoma City Thunder,CHI,OKC,20-39,36-22,122,124,FALSE,Oklahoma City Thunder,36-22,NA,NA,NA,NA,NA,NA,NA,NA,NA,NA,Oklahoma City Thunder,36-22,Chicago Bulls,20-39,0.397,0.603,0.674,0.5163204747774481,0.48367952522255186,455,0,0,1,342,401161501499,499,4,10:11,611,10.183333333333334,98,95,98,95,3,Cristiano Felicio defensive rebound
nba,2020,401161500,2020-02-25,Toronto Raptors,Milwaukee Bucks,TOR,MIL,42-16,50-8,97,108,FALSE,Milwaukee Bucks,50-8,NA,NA,NA,NA,NA,NA,NA,NA,NA,NA,Milwaukee Bucks,50-8,Toronto Raptors,42-16,0.492,0.508,0.853,0.8276670574443141,0.17233294255568588,514,0,0,1,226,401161500324,324,2,2:06,1566,26.1,51,39,51,39,12,Pascal Siakam defensive rebound
nba,2020,401161499,2020-02-25,Indiana Pacers,Charlotte Hornets,IND,CHA,34-24,19-38,119,80,TRUE,Indiana Pacers,34-24,NA,NA,NA,NA,NA,NA,NA,NA,NA,NA,Indiana Pacers,34-24,Charlotte Hornets,19-38,0.83,0.83,0.19099999999999995,0.1099476439790571,0.8900523560209429,447,0,0,1,7,40116149914,14,1,11:13,2833,47.21666666666667,0,2,2,0,2,Malik Monk makes two point shot
nba,2020,401161498,2020-02-24,LA Clippers,Memphis Grizzlies,LAC,MEM,38-19,28-29,124,97,TRUE,LA Clippers,38-19,NA,NA,NA,NA,NA,NA,NA,NA,NA,NA,LA Clippers,38-19,Memphis Grizzlies,28-29,0.81,0.81,0.19099999999999995,0.00523560209424089,0.9947643979057592,467,0,0,1,3,40116149810,10,1,11:48,2868,47.8,0,0,0,0,0,Brandon Clarke offensive rebound
nba,2020,401161497,2020-02-24,Utah Jazz,Phoenix Suns,UTAH,PHX,36-21,24-34,111,131,FALSE,Utah Jazz,36-21,NA,NA,NA,NA,NA,NA,NA,NA,NA,NA,Phoenix Suns,24-34,Utah Jazz,36-21,0.793,0.793,0.881,0.8649262202043133,0.1350737797956867,482,0,0,1,94,401161497143,143,1,0.0,2160,36,35,27,35,27,8,Jazz offensive team rebound
nba,2020,401161496,2020-02-24,Dallas Mavericks,Minnesota Timberwolves,DAL,MIN,35-23,16-40,139,123,TRUE,Dallas Mavericks,35-23,NA,NA,NA,NA,NA,NA,NA,NA,NA,NA,Dallas Mavericks,35-23,Minnesota Timberwolves,16-40,0.86,0.86,0.15100000000000002,0.07284768211920534,0.9271523178807948,528,0,0,5,113,401161496158,158,1,2:19,2299,38.31666666666667,28,24,24,28,-4,Dorian Finney-Smith enters the game for Kristaps Porzingis
nba,2020,401161495,2020-02-24,Houston Rockets,New York Knicks,HOU,NY,37-20,17-40,123,112,TRUE,Houston Rockets,37-20,NA,NA,NA,NA,NA,NA,NA,NA,NA,NA,Houston Rockets,37-20,New York Knicks,17-40,0.886,0.886,0.19199999999999995,0.4062499999999999,0.5937500000000001,492,0,0,1,82,401161495126,126,1,3:20,2360,39.333333333333336,24,27,27,24,3,RJ Barrett makes two point shot
nba,2020,401161494,2020-02-24,Brooklyn Nets,Orlando Magic,BKN,ORL,26-30,25-32,113,115,FALSE,Brooklyn Nets,26-30,NA,NA,NA,NA,NA,NA,NA,NA,NA,NA,Orlando Magic,25-32,Brooklyn Nets,26-30,0.595,0.595,0.974,0.973305954825462,0.0266940451745381,440,0,0,1,241,401161494347,347,3,8:32,1232,20.533333333333335,67,48,67,48,19,Jarrett Allen defensive rebound
nba,2020,401161491,2020-02-24,Cleveland Cavaliers,Miami Heat,CLE,MIA,16-41,36-21,125,119,TRUE,Miami Heat,36-21,NA,NA,NA,NA,NA,NA,NA,NA,NA,NA,Cleveland Cavaliers,16-41,Miami Heat,36-21,0.235,0.765,0.997,0.9969909729187564,0.00300902708124373,531,0,0,7,341,401161491497,497,3,1:28,1108,18.466666666666665,75,96,96,75,21,Darius Garland enters the game for Collin Sexton
nba,2020,401161492,2020-02-24,Philadelphia 76ers,Atlanta Hawks,PHI,ATL,36-22,17-42,129,112,TRUE,Philadelphia 76ers,36-22,NA,NA,NA,NA,NA,NA,NA,NA,NA,NA,Philadelphia 76ers,36-22,Atlanta Hawks,17-42,0.865,0.865,0.43899999999999995,0.6924829157175398,0.30751708428246016,504,0,0,6,362,401161492522,522,3,0.0,720,12,91,92,92,91,1,End of the 3rd Quarter
nba,2020,401161493,2020-02-24,Washington Wizards,Milwaukee Bucks,WSH,MIL,20-36,49-8,134,137,FALSE,Milwaukee Bucks,49-8,NA,NA,NA,NA,NA,NA,NA,NA,NA,NA,Milwaukee Bucks,49-8,Washington Wizards,20-36,0.117,0.883,0.808,0.8551980198019802,0.14480198019801982,535,0,0,1,506,401161493725,725,5,1:57,117,1.95,132,128,132,128,4,Bradley Beal makes 14-foot two point shot
nba,2020,401161489,2020-02-23,Golden State Warriors,New Orleans Pelicans,GS,NO,12-45,25-32,101,115,FALSE,New Orleans Pelicans,25-32,NA,NA,NA,NA,NA,NA,NA,NA,NA,NA,New Orleans Pelicans,25-32,Golden State Warriors,12-45,0.427,0.573,0.833,0.7995198079231691,0.20048019207683088,463,0,0,1,260,401161489365,365,3,11:47,1427,23.783333333333335,58,46,58,46,12,Damion Lee makes pullup jump shot (Andrew Wiggins assists)
nba,2020,401161487,2020-02-23,Chicago Bulls,Washington Wizards,CHI,WSH,20-38,20-35,126,117,TRUE,Chicago Bulls,20-38,NA,NA,NA,NA,NA,NA,NA,NA,NA,NA,Chicago Bulls,20-38,Washington Wizards,20-35,0.619,0.619,0.5920000000000001,0.35641891891891897,0.643581081081081,494,0,0,1,85,401161487123,123,1,2:51,2331,38.85,19,24,24,19,5,Shaquille Harrison personal foul
nba,2020,401161488,2020-02-23,Oklahoma City Thunder,San Antonio Spurs,OKC,SA,35-22,24-32,131,103,TRUE,Oklahoma City Thunder,35-22,NA,NA,NA,NA,NA,NA,NA,NA,NA,NA,Oklahoma City Thunder,35-22,San Antonio Spurs,24-32,0.661,0.661,0.659,0.48558421851289846,0.5144157814871015,481,0,0,1,163,401161488225,225,2,7:21,1881,31.35,36,45,45,36,9,Trey Lyles makes 24-foot three point jumper (Lonnie Walker IV assists)
nba,2020,401161485,2020-02-23,Toronto Raptors,Indiana Pacers,TOR,IND,42-15,33-24,127,81,TRUE,Toronto Raptors,42-15,NA,NA,NA,NA,NA,NA,NA,NA,NA,NA,Toronto Raptors,42-15,Indiana Pacers,33-24,0.708,0.708,0.29200000000000004,0,1,475,0,0,1,1,4011614854,4,1,12:00,2880,48,0,0,0,0,0,Myles Turner vs. Serge Ibaka (Pascal Siakam gains possession)
nba,2020,401161486,2020-02-23,Denver Nuggets,Minnesota Timberwolves,DEN,MIN,39-18,16-39,128,116,TRUE,Denver Nuggets,39-18,NA,NA,NA,NA,NA,NA,NA,NA,NA,NA,Denver Nuggets,39-18,Minnesota Timberwolves,16-39,0.824,0.824,0.419,0.5799522673031026,0.42004773269689744,486,0,0,1,186,401161486278,278,2,4:54,1734,28.9,56,60,60,56,4,Timberwolves delay of game violation
nba,2020,401161484,2020-02-23,Los Angeles Lakers,Boston Celtics,LAL,BOS,43-12,39-17,114,112,TRUE,Los Angeles Lakers,43-12,NA,NA,NA,NA,NA,NA,NA,NA,NA,NA,Los Angeles Lakers,43-12,Boston Celtics,39-17,0.651,0.651,0.774,0.7080103359173127,0.29198966408268734,513,0,0,1,483,401161484677,677,4,37.7,37.7,0.6283333333333334,108,110,110,108,2,(00:37.7) [Celtics] COACH'S CHALLENGE (CALL STANDS) [Celtics] charged with a timeout
nba,2020,401161483,2020-02-22,Utah Jazz,Houston Rockets,UTAH,HOU,36-20,36-20,110,120,FALSE,Utah Jazz,36-20,NA,NA,NA,NA,NA,NA,NA,NA,NA,NA,Houston Rockets,36-20,Utah Jazz,36-20,0.593,0.593,0.764,0.6910994764397906,0.30890052356020936,455,0,0,1,156,401161483223,223,2,6:54,1854,30.9,53,45,53,45,8,Mike Conley makes 25-foot three point jumper (Jordan Clarkson assists)
nba,2020,401161482,2020-02-22,Milwaukee Bucks,Philadelphia 76ers,MIL,PHI,48-8,35-22,119,98,TRUE,Milwaukee Bucks,48-8,NA,NA,NA,NA,NA,NA,NA,NA,NA,NA,Milwaukee Bucks,48-8,Philadelphia 76ers,35-22,0.811,0.811,0.254,0.25590551181102383,0.7440944881889762,489,0,0,1,237,401161482333,333,2,39.2,1479.2,24.653333333333332,53,50,50,53,-3,Furkan Korkmaz defensive rebound
nba,2020,401161480,2020-02-22,Miami Heat,Cleveland Cavaliers,MIA,CLE,44-29,19-46,124,105,TRUE,Miami Heat,44-29,NA,NA,NA,NA,NA,NA,NA,NA,NA,NA,Miami Heat,44-29,Cleveland Cavaliers,19-46,0.902,0.902,0.119,0.17647058823529427,0.8235294117647057,426,0,0,1,105,401161480160,160,2,10:52,2092,34.86666666666667,38,34,34,38,-4,Kevin Porter Jr. defensive rebound
nba,2020,401161481,2020-02-22,Chicago Bulls,Phoenix Suns,CHI,PHX,19-38,23-34,104,112,FALSE,Chicago Bulls,19-38,NA,NA,NA,NA,NA,NA,NA,NA,NA,NA,Phoenix Suns,23-34,Chicago Bulls,19-38,0.583,0.583,0.929,0.9235737351991388,0.07642626480086112,501,0,0,1,218,401161481312,312,2,2:36,1596,26.6,52,35,52,35,17,Thaddeus Young makes 24-foot three point jumper (Coby White assists)
nba,2020,401161479,2020-02-22,Atlanta Hawks,Dallas Mavericks,ATL,DAL,17-41,34-23,111,107,TRUE,Dallas Mavericks,34-23,NA,NA,NA,NA,NA,NA,NA,NA,NA,NA,Atlanta Hawks,17-41,Dallas Mavericks,34-23,0.242,0.758,0.971,0.9701338825952626,0.02986611740473743,498,0,0,1,390,401161479571,571,4,10:29,629,10.483333333333333,77,89,89,77,12,Justin Jackson makes free throw 1 of 2
nba,2020,401161478,2020-02-22,Charlotte Hornets,Brooklyn Nets,CHA,BKN,19-37,26-29,86,115,FALSE,Brooklyn Nets,26-29,NA,NA,NA,NA,NA,NA,NA,NA,NA,NA,Brooklyn Nets,26-29,Charlotte Hornets,19-37,0.375,0.625,0.466,0.1952789699570816,0.8047210300429184,458,0,0,1,56,40116147880,80,1,5:05,2465,41.083333333333336,17,14,17,14,3,Bismack Biyombo makes dunk (Terry Rozier assists)
nba,2020,401161477,2020-02-22,LA Clippers,Sacramento Kings,LAC,SAC,37-19,23-33,103,112,FALSE,LA Clippers,37-19,NA,NA,NA,NA,NA,NA,NA,NA,NA,NA,Sacramento Kings,23-33,LA Clippers,37-19,0.85,0.85,0.859,0.8358556461001163,0.1641443538998837,502,0,0,1,3,4011614779,9,1,11:43,2863,47.71666666666667,0,0,0,0,0,Ivica Zubac defensive rebound
nba,2020,401161475,2020-02-21,Los Angeles Lakers,Memphis Grizzlies,LAL,MEM,42-12,28-28,117,105,TRUE,Los Angeles Lakers,42-12,NA,NA,NA,NA,NA,NA,NA,NA,NA,NA,Los Angeles Lakers,42-12,Memphis Grizzlies,28-28,0.898,0.898,0.232,0.560344827586207,0.43965517241379304,545,0,0,4,426,401161475602,602,4,9:15,555,9.25,88,84,84,88,-4,Gorgui Dieng makes technical free throw
nba,2020,401161476,2020-02-21,Portland Trail Blazers,New Orleans Pelicans,POR,NO,25-32,24-32,115,128,FALSE,Portland Trail Blazers,25-32,NA,NA,NA,NA,NA,NA,NA,NA,NA,NA,New Orleans Pelicans,24-32,Portland Trail Blazers,25-32,0.604,0.604,0.617,0.3792544570502432,0.6207455429497568,497,0,0,1,20,40116147636,36,1,7:58,2638,43.96666666666667,12,12,12,12,0,Jrue Holiday steps out of bounds turnover
nba,2020,401161474,2020-02-21,Utah Jazz,San Antonio Spurs,UTAH,SA,36-19,24-31,104,113,FALSE,Utah Jazz,36-19,NA,NA,NA,NA,NA,NA,NA,NA,NA,NA,San Antonio Spurs,24-31,Utah Jazz,36-19,0.753,0.753,0.804,0.7562189054726369,0.24378109452736307,461,0,0,1,7,40116147414,14,1,11:11,2831,47.18333333333333,4,0,4,0,4,Donovan Mitchell makes 3-foot layup (Joe Ingles assists)
nba,2020,401161472,2020-02-21,Minnesota Timberwolves,Boston Celtics,MIN,BOS,16-38,39-16,117,127,FALSE,Boston Celtics,39-16,NA,NA,NA,NA,NA,NA,NA,NA,NA,NA,Boston Celtics,39-16,Minnesota Timberwolves,16-38,0.321,0.679,0.441,0.27210884353741505,0.727891156462585,519,0,0,1,439,401161472623,623,4,6:47,407,6.783333333333333,104,106,104,106,-2,Malik Beasley makes free throw 1 of 2
nba,2020,401161473,2020-02-21,Oklahoma City Thunder,Denver Nuggets,OKC,DEN,34-22,38-18,113,101,TRUE,Oklahoma City Thunder,34-22,NA,NA,NA,NA,NA,NA,NA,NA,NA,NA,Oklahoma City Thunder,34-22,Denver Nuggets,38-18,0.524,0.524,0.596,0.3221476510067114,0.6778523489932886,453,0,0,1,223,401161473304,304,2,2:36,1596,26.6,38,42,42,38,4,Will Barton makes two point shot
nba,2020,401161470,2020-02-21,New York Knicks,Indiana Pacers,NY,IND,17-39,33-23,98,106,FALSE,Indiana Pacers,33-23,NA,NA,NA,NA,NA,NA,NA,NA,NA,NA,Indiana Pacers,33-23,New York Knicks,17-39,0.311,0.6890000000000001,0.529,0.41209829867674874,0.5879017013232513,492,0,0,1,142,401161470200,200,2,8:06,1926,32.1,34,29,34,29,5,Kevin Knox II makes 22-foot jumper
nba,2020,401161471,2020-02-21,Toronto Raptors,Phoenix Suns,TOR,PHX,41-15,22-34,118,101,TRUE,Toronto Raptors,41-15,NA,NA,NA,NA,NA,NA,NA,NA,NA,NA,Toronto Raptors,41-15,Phoenix Suns,22-34,0.793,0.793,0.31100000000000005,0.334405144694534,0.665594855305466,485,0,0,1,39,40116147158,58,1,8:01,2641,44.016666666666666,4,8,8,4,4,Pascal Siakam traveling
nba,2020,401161468,2020-02-21,Orlando Magic,Dallas Mavericks,ORL,DAL,24-32,34-22,106,122,FALSE,Dallas Mavericks,34-22,NA,NA,NA,NA,NA,NA,NA,NA,NA,NA,Dallas Mavericks,34-22,Orlando Magic,24-32,0.396,0.604,0.52,0.2384615384615385,0.7615384615384615,473,0,0,1,298,401161468412,412,3,6:48,1128,18.8,69,68,69,68,1,Mavericks Full timeout
nba,2020,401161469,2020-02-21,Washington Wizards,Cleveland Cavaliers,WSH,CLE,20-34,15-40,108,113,FALSE,Washington Wizards,20-34,NA,NA,NA,NA,NA,NA,NA,NA,NA,NA,Cleveland Cavaliers,15-40,Washington Wizards,20-34,0.709,0.709,0.942,0.9384288747346072,0.06157112526539277,505,0,0,1,219,401161469313,313,2,2:07,1567,26.116666666666667,62,47,62,47,15,Ian Mahinmi jump ball violation
nba,2020,401161467,2020-02-20,Golden State Warriors,Houston Rockets,GS,HOU,12-44,35-20,105,135,FALSE,Houston Rockets,35-20,NA,NA,NA,NA,NA,NA,NA,NA,NA,NA,Houston Rockets,35-20,Golden State Warriors,12-44,0.284,0.716,0.318,0.10691823899371056,0.8930817610062894,441,0,0,1,10,40116146717,17,1,10:35,2795,46.583333333333336,4,3,4,3,1,Draymond Green defensive rebound
nba,2020,401161466,2020-02-20,Sacramento Kings,Memphis Grizzlies,SAC,MEM,22-33,28-27,129,125,TRUE,Sacramento Kings,22-33,NA,NA,NA,NA,NA,NA,NA,NA,NA,NA,Sacramento Kings,22-33,Memphis Grizzlies,28-27,0.599,0.599,0.477,0.15932914046121582,0.8406708595387842,518,0,0,1,9,40116146618,18,1,10:18,2778,46.3,5,7,7,5,2,Dillon Brooks makes free throw 1 of 2
nba,2020,401161464,2020-02-20,Philadelphia 76ers,Brooklyn Nets,PHI,BKN,35-21,25-29,112,104,TRUE,Philadelphia 76ers,35-21,NA,NA,NA,NA,NA,NA,NA,NA,NA,NA,Philadelphia 76ers,35-21,Brooklyn Nets,25-29,0.735,0.735,0.936,0.9316239316239316,0.06837606837606836,555,0,0,1,476,401161464675,675,4,2:09,429,7.15,95,101,101,95,6,Raul Neto misses 27-foot three point jumper
nba,2020,401161465,2020-02-20,Chicago Bulls,Charlotte Hornets,CHI,CHA,19-37,19-36,93,103,FALSE,Chicago Bulls,19-37,NA,NA,NA,NA,NA,NA,NA,NA,NA,NA,Charlotte Hornets,19-36,Chicago Bulls,19-37,0.727,0.727,0.741,0.6504723346828609,0.3495276653171391,460,0,0,1,2,4011614657,7,1,11:38,2858,47.63333333333333,0,0,0,0,0,PJ Washington lost ball turnover (Luke Kornet steals)
nba,2020,401161463,2020-02-20,Atlanta Hawks,Miami Heat,ATL,MIA,16-41,35-20,129,124,TRUE,Miami Heat,35-20,NA,NA,NA,NA,NA,NA,NA,NA,NA,NA,Atlanta Hawks,16-41,Miami Heat,35-20,0.295,0.7050000000000001,0.931,0.9258861439312568,0.07411385606874332,549,0,0,1,371,401161463533,533,3,1:54,834,13.9,78,89,89,78,11,Derrick Jones Jr. offensive rebound
nba,2020,401161462,2020-02-20,Detroit Pistons,Milwaukee Bucks,DET,MIL,19-39,47-8,106,126,FALSE,Milwaukee Bucks,47-8,NA,NA,NA,NA,NA,NA,NA,NA,NA,NA,Milwaukee Bucks,47-8,Detroit Pistons,19-39,0.209,0.791,0.274,0.23722627737226296,0.762773722627737,463,0,0,1,8,40116146216,16,1,10:48,2808,46.8,3,0,3,0,3,Sekou Doumbouya defensive rebound
nba,2020,401161460,2020-02-13,Boston Celtics,LA Clippers,BOS,LAC,38-16,37-18,141,133,TRUE,Boston Celtics,38-16,NA,NA,NA,NA,NA,NA,NA,NA,NA,NA,Boston Celtics,38-16,LA Clippers,37-18,0.58,0.58,0.8160000000000001,0.7745098039215688,0.22549019607843124,613,0,0,1,534,401161460746,746,5,1:50,410,6.833333333333333,121,124,124,121,3,Marcus Morris Sr. defensive rebound
nba,2020,401161461,2020-02-13,New Orleans Pelicans,Oklahoma City Thunder,NO,OKC,23-32,33-22,118,123,FALSE,New Orleans Pelicans,23-32,NA,NA,NA,NA,NA,NA,NA,NA,NA,NA,Oklahoma City Thunder,33-22,New Orleans Pelicans,23-32,0.526,0.526,0.655,0.4732824427480917,0.5267175572519083,468,0,0,3,123,401161461178,178,2,11:19,2119,35.31666666666667,33,29,33,29,4,E'Twaun Moore defensive rebound
nba,2020,401161459,2020-02-12,Denver Nuggets,Los Angeles Lakers,DEN,LAL,38-17,41-12,116,120,FALSE,Denver Nuggets,38-17,NA,NA,NA,NA,NA,NA,NA,NA,NA,NA,Los Angeles Lakers,41-12,Denver Nuggets,38-17,0.527,0.527,0.848,0.820754716981132,0.179245283018868,494,0,0,4,400,401161459582,582,4,4:16,556,9.266666666666667,103,97,103,97,6,Gary Harris makes two point shot (Jamal Murray assists)
nba,2020,401161457,2020-02-12,Phoenix Suns,Golden State Warriors,PHX,GS,22-33,12-43,112,106,TRUE,Phoenix Suns,22-33,NA,NA,NA,NA,NA,NA,NA,NA,NA,NA,Phoenix Suns,22-33,Golden State Warriors,12-43,0.73,0.73,0.43700000000000006,0.38215102974828374,0.6178489702517163,447,0,0,1,248,401161457371,371,3,8:20,1220,20.333333333333332,62,61,61,62,-1,Kelly Oubre Jr. personal foul
nba,2020,401161458,2020-02-12,Utah Jazz,Miami Heat,UTAH,MIA,36-18,35-19,116,101,TRUE,Utah Jazz,36-18,NA,NA,NA,NA,NA,NA,NA,NA,NA,NA,Utah Jazz,36-18,Miami Heat,35-19,0.643,0.643,0.734,0.6376021798365121,0.3623978201634878,449,0,0,1,197,401161458287,287,2,1:18,1518,25.3,43,52,52,43,9,Jimmy Butler makes technical free throw
nba,2020,401161456,2020-02-12,Dallas Mavericks,Sacramento Kings,DAL,SAC,33-22,21-33,130,111,TRUE,Dallas Mavericks,33-22,NA,NA,NA,NA,NA,NA,NA,NA,NA,NA,Dallas Mavericks,33-22,Sacramento Kings,21-33,0.801,0.801,0.32099999999999995,0.3800623052959502,0.6199376947040498,464,0,0,1,149,401161456219,219,2,8:04,1924,32.06666666666667,38,39,39,38,1,Delon Wright misses 23-foot three point jumper
nba,2020,401161454,2020-02-12,Memphis Grizzlies,Portland Trail Blazers,MEM,POR,28-26,25-31,111,104,TRUE,Memphis Grizzlies,28-26,NA,NA,NA,NA,NA,NA,NA,NA,NA,NA,Memphis Grizzlies,28-26,Portland Trail Blazers,25-31,0.559,0.559,0.616,0.37662337662337664,0.6233766233766234,491,0,0,3,75,401161454105,105,1,5:01,2461,41.016666666666666,11,18,18,11,7,Damian Lillard makes layup (Hassan Whiteside assists)
nba,2020,401161455,2020-02-12,Minnesota Timberwolves,Charlotte Hornets,MIN,CHA,16-37,18-36,108,115,FALSE,Minnesota Timberwolves,16-37,NA,NA,NA,NA,NA,NA,NA,NA,NA,NA,Charlotte Hornets,18-36,Minnesota Timberwolves,16-37,0.755,0.755,0.968,0.9669421487603304,0.03305785123966953,505,0,0,1,234,401161455339,339,2,1.1,1441.1,24.01833333333333,66,48,66,48,18,Malik Monk misses two point shot
nba,2020,401161451,2020-02-12,Brooklyn Nets,Toronto Raptors,BKN,TOR,25-28,40-15,101,91,TRUE,Toronto Raptors,40-15,NA,NA,NA,NA,NA,NA,NA,NA,NA,NA,Brooklyn Nets,25-28,Toronto Raptors,40-15,0.387,0.613,0.651,0.4639016897081414,0.5360983102918586,466,0,0,1,24,40116145136,36,1,8:58,2698,44.96666666666667,4,6,6,4,2,Caris LeVert misses driving floating jump shot
nba,2020,401161452,2020-02-12,Indiana Pacers,Milwaukee Bucks,IND,MIL,32-23,46-8,118,111,TRUE,Milwaukee Bucks,46-8,NA,NA,NA,NA,NA,NA,NA,NA,NA,NA,Indiana Pacers,32-23,Milwaukee Bucks,46-8,0.323,0.677,0.677,0.5228951255539145,0.4771048744460855,489,0,0,2,1,4011614524,4,1,12:00,2880,48,0,0,0,0,0,Brook Lopez vs. Myles Turner (Ersan Ilyasova gains possession)
nba,2020,401161453,2020-02-12,New York Knicks,Washington Wizards,NY,WSH,17-38,20-33,96,114,FALSE,New York Knicks,17-38,NA,NA,NA,NA,NA,NA,NA,NA,NA,NA,Washington Wizards,20-33,New York Knicks,17-38,0.609,0.609,0.752,0.6702127659574468,0.32978723404255317,516,0,0,1,255,401161453361,361,3,11:47,1427,23.783333333333335,51,46,51,46,5,RJ Barrett makes free throw 1 of 2
nba,2020,401161449,2020-02-12,Cleveland Cavaliers,Atlanta Hawks,CLE,ATL,14-40,15-41,127,105,TRUE,Cleveland Cavaliers,14-40,NA,NA,NA,NA,NA,NA,NA,NA,NA,NA,Cleveland Cavaliers,14-40,Atlanta Hawks,15-41,0.549,0.549,0.604,0.3443708609271523,0.6556291390728477,490,0,0,1,57,40116144985,85,1,6:35,2555,42.583333333333336,6,11,11,6,5,Cedi Osman misses driving floating jump shot
nba,2020,401161450,2020-02-12,Orlando Magic,Detroit Pistons,ORL,DET,24-31,19-38,116,112,TRUE,Orlando Magic,24-31,NA,NA,NA,NA,NA,NA,NA,NA,NA,NA,Orlando Magic,24-31,Detroit Pistons,19-38,0.663,0.663,0.888,0.8738738738738738,0.12612612612612617,488,0,0,1,379,401161450569,569,4,3:40,520,8.666666666666666,95,101,101,95,6,Christian Wood offensive rebound
nba,2020,401161448,2020-02-11,Houston Rockets,Boston Celtics,HOU,BOS,34-20,37-16,116,105,TRUE,Houston Rockets,34-20,NA,NA,NA,NA,NA,NA,NA,NA,NA,NA,Houston Rockets,34-20,Boston Celtics,37-16,0.54,0.54,0.596,0.3221476510067114,0.6778523489932886,490,0,0,1,22,40116144835,35,1,8:50,2690,44.833333333333336,5,10,10,5,5,P.J. Tucker personal foul
nba,2020,401161446,2020-02-11,New Orleans Pelicans,Portland Trail Blazers,NO,POR,23-31,25-30,138,117,TRUE,New Orleans Pelicans,23-31,NA,NA,NA,NA,NA,NA,NA,NA,NA,NA,New Orleans Pelicans,23-31,Portland Trail Blazers,25-30,0.578,0.578,0.83,0.7951807228915662,0.20481927710843384,492,0,0,1,114,401161446166,166,1,1:12,2232,37.2,19,35,35,19,16,Gary Trent Jr. makes 11-foot two point shot
nba,2020,401161447,2020-02-11,Oklahoma City Thunder,San Antonio Spurs,OKC,SA,32-22,23-31,106,114,FALSE,Oklahoma City Thunder,32-22,NA,NA,NA,NA,NA,NA,NA,NA,NA,NA,San Antonio Spurs,23-31,Oklahoma City Thunder,32-22,0.696,0.696,0.737,0.6431478968792401,0.3568521031207599,463,0,0,1,4,4011614479,9,1,11:23,2843,47.38333333333333,2,0,2,0,2,Steven Adams defensive rebound
nba,2020,401161444,2020-02-11,Philadelphia 76ers,LA Clippers,PHI,LAC,34-21,37-17,110,103,TRUE,LA Clippers,37-17,NA,NA,NA,NA,NA,NA,NA,NA,NA,NA,Philadelphia 76ers,34-21,LA Clippers,37-17,0.491,0.509,0.609,0.3579638752052545,0.6420361247947455,466,0,0,1,36,40116144450,50,1,8:06,2646,44.1,8,11,11,8,3,Ivica Zubac makes free throw 1 of 2
nba,2020,401161445,2020-02-11,Washington Wizards,Chicago Bulls,WSH,CHI,19-33,19-36,126,114,TRUE,Washington Wizards,19-33,NA,NA,NA,NA,NA,NA,NA,NA,NA,NA,Washington Wizards,19-33,Chicago Bulls,19-36,0.518,0.518,0.5349999999999999,0.1308411214953269,0.8691588785046731,463,0,0,1,4,40116144510,10,1,11:20,2840,47.333333333333336,0,2,2,0,2,Chandler Hutchison defensive rebound
nba,2020,401161442,2020-02-10,Golden State Warriors,Miami Heat,GS,MIA,12-42,35-18,101,113,FALSE,Miami Heat,35-18,NA,NA,NA,NA,NA,NA,NA,NA,NA,NA,Miami Heat,35-18,Golden State Warriors,12-42,0.354,0.646,0.382,0.0732984293193718,0.9267015706806282,467,0,0,1,2,4011614427,7,1,11:46,2866,47.766666666666666,2,0,2,0,2,Marquese Chriss makes 5-foot two point shot (Draymond Green assists)
nba,2020,401161443,2020-02-10,Los Angeles Lakers,Phoenix Suns,LAL,PHX,40-12,21-33,125,100,TRUE,Los Angeles Lakers,40-12,NA,NA,NA,NA,NA,NA,NA,NA,NA,NA,Los Angeles Lakers,40-12,Phoenix Suns,21-33,0.836,0.836,0.257,0.3618677042801556,0.6381322957198444,468,0,0,1,32,40116144351,51,1,7:30,2610,43.5,10,14,14,10,4,Danny Green misses 23-foot three point jumper
nba,2020,401161441,2020-02-10,Denver Nuggets,San Antonio Spurs,DEN,SA,38-16,22-31,127,120,TRUE,Denver Nuggets,38-16,NA,NA,NA,NA,NA,NA,NA,NA,NA,NA,Denver Nuggets,38-16,San Antonio Spurs,22-31,0.747,0.747,0.982,0.9816700610997964,0.01832993890020362,434,0,0,1,246,401161441362,362,3,6:49,1129,18.816666666666663,63,86,86,63,23,Trey Lyles makes 25-foot three point jumper (LaMarcus Aldridge assists)
nba,2020,401161440,2020-02-10,Dallas Mavericks,Utah Jazz,DAL,UTAH,32-22,35-18,119,123,FALSE,Dallas Mavericks,32-22,NA,NA,NA,NA,NA,NA,NA,NA,NA,NA,Utah Jazz,35-18,Dallas Mavericks,32-22,0.67,0.67,0.714,0.599439775910364,0.400560224089636,441,0,0,1,2,4011614407,7,1,11:41,2861,47.68333333333333,3,0,3,0,3,Tim Hardaway Jr. makes 27-foot three point jumper (Jalen Brunson assists)
nba,2020,401161439,2020-02-10,Milwaukee Bucks,Sacramento Kings,MIL,SAC,46-7,21-32,123,111,TRUE,Milwaukee Bucks,46-7,NA,NA,NA,NA,NA,NA,NA,NA,NA,NA,Milwaukee Bucks,46-7,Sacramento Kings,21-32,0.907,0.907,0.615,0.8487804878048781,0.15121951219512186,511,0,0,2,347,401161439497,497,3,2:51,891,14.85,83,88,88,83,5,Cory Joseph makes free throw 1 of 2
nba,2020,401161438,2020-02-10,Toronto Raptors,Minnesota Timberwolves,TOR,MIN,40-14,16-36,137,126,TRUE,Toronto Raptors,40-14,NA,NA,NA,NA,NA,NA,NA,NA,NA,NA,Toronto Raptors,40-14,Minnesota Timberwolves,16-36,0.827,0.827,0.5609999999999999,0.6916221033868092,0.3083778966131908,487,0,0,1,225,401161438337,337,2,1:57,1557,25.95,63,69,69,63,6,Fred VanVleet shooting foul
nba,2020,401161435,2020-02-10,Detroit Pistons,Charlotte Hornets,DET,CHA,19-37,17-36,76,87,FALSE,Detroit Pistons,19-37,NA,NA,NA,NA,NA,NA,NA,NA,NA,NA,Charlotte Hornets,17-36,Detroit Pistons,19-37,0.754,0.754,0.761,0.6859395532194481,0.3140604467805519,456,0,0,1,4,40116143510,10,1,11:01,2821,47.016666666666666,2,2,2,2,0,Devonte' Graham misses 24-foot three point jumper
nba,2020,401161436,2020-02-10,Indiana Pacers,Brooklyn Nets,IND,BKN,31-23,24-28,105,106,FALSE,Indiana Pacers,31-23,NA,NA,NA,NA,NA,NA,NA,NA,NA,NA,Brooklyn Nets,24-28,Indiana Pacers,31-23,0.689,0.689,0.882,0.8662131519274376,0.13378684807256236,457,0,0,1,397,401161436555,555,4,5:38,338,5.633333333333334,93,87,93,87,6,Domantas Sabonis defensive rebound
nba,2020,401161437,2020-02-10,Orlando Magic,Atlanta Hawks,ORL,ATL,23-31,15-40,135,126,TRUE,Orlando Magic,23-31,NA,NA,NA,NA,NA,NA,NA,NA,NA,NA,Orlando Magic,23-31,Atlanta Hawks,15-40,0.783,0.783,0.718,0.6977715877437326,0.3022284122562674,444,0,0,1,319,401161437483,483,3,41.1,761.1,12.685,89,96,96,89,7,Vince Carter makes 25-foot three point jumper (Jeff Teague assists)
nba,2020,401161434,2020-02-09,Portland Trail Blazers,Miami Heat,POR,MIA,25-29,34-18,115,109,TRUE,Portland Trail Blazers,25-29,NA,NA,NA,NA,NA,NA,NA,NA,NA,NA,Portland Trail Blazers,25-29,Miami Heat,34-18,0.514,0.514,0.575,0.26086956521739113,0.7391304347826089,473,0,0,2,176,401161434255,255,2,5:49,1789,29.816666666666663,47,50,50,47,3,Derrick Jones Jr. makes step back jumpshot (Bam Adebayo assists)
nba,2020,401161433,2020-02-09,Cleveland Cavaliers,LA Clippers,CLE,LAC,13-40,37-16,92,133,FALSE,LA Clippers,37-16,NA,NA,NA,NA,NA,NA,NA,NA,NA,NA,LA Clippers,37-16,Cleveland Cavaliers,13-40,0.234,0.766,0.234,1.1102230246251563e-16,1,476,0,0,1,1,4011614334,4,1,12:00,2880,48,0,0,0,0,0,Ivica Zubac vs. Andre Drummond (Collin Sexton gains possession)
nba,2020,401161432,2020-02-09,Houston Rockets,Utah Jazz,HOU,UTAH,33-20,34-18,113,114,FALSE,Houston Rockets,33-20,NA,NA,NA,NA,NA,NA,NA,NA,NA,NA,Utah Jazz,34-18,Houston Rockets,33-20,0.597,0.597,0.953,0.9506820566631689,0.04931794333683115,456,0,0,4,450,401161432634,634,4,1.6,1.6,0.02666666666666667,113,111,113,111,2,P.J. Tucker makes three point jumper (Russell Westbrook assists)
nba,2020,401161429,2020-02-09,Atlanta Hawks,New York Knicks,ATL,NY,15-39,17-37,140,135,TRUE,Atlanta Hawks,15-39,NA,NA,NA,NA,NA,NA,NA,NA,NA,NA,Atlanta Hawks,15-39,New York Knicks,17-37,0.661,0.661,0.985,0.984771573604061,0.01522842639593902,589,0,0,1,511,401161429742,742,5,1:37,397,6.616666666666666,118,126,126,118,8,Mitchell Robinson defensive rebound
nba,2020,401161430,2020-02-09,Philadelphia 76ers,Chicago Bulls,PHI,CHI,33-21,19-35,118,111,TRUE,Philadelphia 76ers,33-21,NA,NA,NA,NA,NA,NA,NA,NA,NA,NA,Philadelphia 76ers,33-21,Chicago Bulls,19-35,0.774,0.774,0.516,0.5620155038759691,0.4379844961240309,481,0,0,5,318,401161430461,461,3,3:21,921,15.35,76,79,79,76,3,76ers Full timeout
nba,2020,401161431,2020-02-09,Washington Wizards,Memphis Grizzlies,WSH,MEM,18-33,27-26,99,106,FALSE,Memphis Grizzlies,27-26,NA,NA,NA,NA,NA,NA,NA,NA,NA,NA,Memphis Grizzlies,27-26,Washington Wizards,18-33,0.495,0.505,0.886,0.8713318284424378,0.12866817155756216,537,0,0,1,308,401161431424,424,3,7:33,1173,19.55,64,53,64,53,11,Isaac Bonga makes free throw 1 of 2
nba,2020,401161428,2020-02-09,Oklahoma City Thunder,Boston Celtics,OKC,BOS,32-21,37-15,111,112,FALSE,Boston Celtics,37-15,NA,NA,NA,NA,NA,NA,NA,NA,NA,NA,Boston Celtics,37-15,Oklahoma City Thunder,32-21,0.484,0.516,0.836,0.8038277511961722,0.19617224880382775,479,0,0,1,244,401161428355,347,3,12:00,1440,24,62,52,62,52,10,Marcus Smart technical foul (1st technical foul)
nba,2020,401161427,2020-02-08,Sacramento Kings,San Antonio Spurs,SAC,SA,21-31,22-30,122,102,TRUE,San Antonio Spurs,22-30,NA,NA,NA,NA,NA,NA,NA,NA,NA,NA,Sacramento Kings,21-31,San Antonio Spurs,22-30,0.482,0.518,0.776,0.7113402061855671,0.28865979381443285,431,0,0,1,260,401161427379,379,3,5:31,1051,17.516666666666666,70,76,76,70,6,Buddy Hield misses driving layup
nba,2020,401161426,2020-02-08,Phoenix Suns,Denver Nuggets,PHX,DEN,21-32,37-16,108,117,FALSE,Denver Nuggets,37-16,NA,NA,NA,NA,NA,NA,NA,NA,NA,NA,Denver Nuggets,37-16,Phoenix Suns,21-32,0.39,0.61,0.741,0.6504723346828609,0.3495276653171391,446,0,0,2,188,401161426272,272,2,2:43,1603,26.716666666666665,54,45,54,45,9,Nikola Jokic out of bounds bad pass turnover
nba,2020,401161425,2020-02-08,Golden State Warriors,Los Angeles Lakers,GS,LAL,12-41,39-12,120,125,FALSE,Los Angeles Lakers,39-12,NA,NA,NA,NA,NA,NA,NA,NA,NA,NA,Los Angeles Lakers,39-12,Golden State Warriors,12-41,0.237,0.763,0.396,0.4015151515151516,0.5984848484848484,502,0,0,1,18,40116142528,28,1,9:41,2741,45.68333333333333,6,0,6,0,6,Danny Green misses 22-foot step back jumpshot
nba,2020,401161424,2020-02-08,Minnesota Timberwolves,LA Clippers,MIN,LAC,16-35,36-16,142,115,TRUE,LA Clippers,36-16,NA,NA,NA,NA,NA,NA,NA,NA,NA,NA,Minnesota Timberwolves,16-35,LA Clippers,36-16,0.295,0.7050000000000001,0.743,0.6541049798115748,0.3458950201884252,466,0,0,1,3,4011614249,9,1,11:38,2858,47.63333333333333,0,2,2,0,2,Paul George makes 15-foot step back jumpshot
nba,2020,401161422,2020-02-08,Indiana Pacers,New Orleans Pelicans,IND,NO,31-22,22-31,117,124,FALSE,Indiana Pacers,31-22,NA,NA,NA,NA,NA,NA,NA,NA,NA,NA,New Orleans Pelicans,22-31,Indiana Pacers,31-22,0.665,0.665,0.728,0.6263736263736264,0.3736263736263736,484,0,0,1,431,401161422624,624,4,5:57,357,5.95,103,99,103,99,4,Jeremy Lamb makes tip shot
nba,2020,401161423,2020-02-08,Toronto Raptors,Brooklyn Nets,TOR,BKN,39-14,23-28,119,118,TRUE,Toronto Raptors,39-14,NA,NA,NA,NA,NA,NA,NA,NA,NA,NA,Toronto Raptors,39-14,Brooklyn Nets,23-28,0.746,0.746,0.5429999999999999,0.5322283609576426,0.4677716390423574,454,0,0,1,445,401161423620,620,4,22.9,22.9,0.38166666666666665,118,118,118,118,0,(00:22.9) [Nets] COACH'S CHALLENGE (REPLAY SUPPORTS CALL) [Nets] charged with a timeout
nba,2020,401161420,2020-02-08,Charlotte Hornets,Dallas Mavericks,CHA,DAL,16-36,32-21,100,116,FALSE,Dallas Mavericks,32-21,NA,NA,NA,NA,NA,NA,NA,NA,NA,NA,Dallas Mavericks,32-21,Charlotte Hornets,16-36,0.257,0.743,0.278,0.07553956834532383,0.9244604316546762,422,0,0,1,8,40116142015,15,1,10:44,2804,46.733333333333334,0,0,0,0,0,Hornets offensive team rebound
nba,2020,401161421,2020-02-08,Detroit Pistons,New York Knicks,DET,NY,19-36,17-36,92,95,FALSE,Detroit Pistons,19-36,NA,NA,NA,NA,NA,NA,NA,NA,NA,NA,New York Knicks,17-36,Detroit Pistons,19-36,0.721,0.721,0.907,0.8974641675854467,0.10253583241455332,422,0,0,1,354,401161421526,526,4,6:08,368,6.133333333333334,84,77,84,77,7,Reggie Bullock misses 26-foot three point jumper
nba,2020,401161419,2020-02-08,Orlando Magic,Milwaukee Bucks,ORL,MIL,22-31,45-7,95,111,FALSE,Milwaukee Bucks,45-7,NA,NA,NA,NA,NA,NA,NA,NA,NA,NA,Milwaukee Bucks,45-7,Orlando Magic,22-31,0.254,0.746,0.295,0.13898305084745757,0.8610169491525425,475,0,0,1,86,401161419128,128,1,2:06,2286,38.1,22,23,22,23,-1,Terrence Ross defensive rebound
nba,2020,401161418,2020-02-07,Utah Jazz,Portland Trail Blazers,UTAH,POR,33-18,24-29,117,114,TRUE,Utah Jazz,33-18,NA,NA,NA,NA,NA,NA,NA,NA,NA,NA,Utah Jazz,33-18,Portland Trail Blazers,24-29,0.765,0.765,0.87,0.8505747126436782,0.14942528735632177,476,0,0,1,243,401161418342,342,3,11:07,1387,23.116666666666667,58,74,74,58,16,Carmelo Anthony makes 21-foot pullup jump shot (Gary Trent Jr. assists)
nba,2020,401161417,2020-02-07,Sacramento Kings,Miami Heat,SAC,MIA,20-31,34-17,105,97,TRUE,Miami Heat,34-17,NA,NA,NA,NA,NA,NA,NA,NA,NA,NA,Sacramento Kings,20-31,Miami Heat,34-17,0.449,0.5509999999999999,0.628,0.40764331210191074,0.5923566878980893,447,0,0,1,6,40116141712,12,1,11:14,2834,47.233333333333334,0,3,3,0,3,Duncan Robinson defensive rebound
nba,2020,401161416,2020-02-07,Phoenix Suns,Houston Rockets,PHX,HOU,21-31,33-19,127,91,TRUE,Houston Rockets,33-19,NA,NA,NA,NA,NA,NA,NA,NA,NA,NA,Phoenix Suns,21-31,Houston Rockets,33-19,0.422,0.5780000000000001,0.624,0.39743589743589736,0.6025641025641026,446,0,0,1,3,4011614168,8,1,11:36,2856,47.6,0,2,2,0,2,Eric Gordon makes driving layup
nba,2020,401161414,2020-02-07,Indiana Pacers,Toronto Raptors,IND,TOR,31-21,38-14,106,115,FALSE,Indiana Pacers,31-21,NA,NA,NA,NA,NA,NA,NA,NA,NA,NA,Toronto Raptors,38-14,Indiana Pacers,31-21,0.52,0.52,0.578,0.2698961937716262,0.7301038062283738,460,0,0,2,65,40116141488,88,1,3:54,2394,39.9,20,18,20,18,2,Domantas Sabonis defensive rebound
nba,2020,401161415,2020-02-07,Oklahoma City Thunder,Detroit Pistons,OKC,DET,32-20,19-35,108,101,TRUE,Oklahoma City Thunder,32-20,NA,NA,NA,NA,NA,NA,NA,NA,NA,NA,Oklahoma City Thunder,32-20,Detroit Pistons,19-35,0.733,0.733,0.369,0.2764227642276422,0.7235772357723578,461,0,0,1,237,401161415344,344,3,8:47,1247,20.783333333333335,57,57,57,57,0,Reggie Jackson makes tip shot
nba,2020,401161413,2020-02-07,Boston Celtics,Atlanta Hawks,BOS,ATL,36-15,14-39,112,107,TRUE,Boston Celtics,36-15,NA,NA,NA,NA,NA,NA,NA,NA,NA,NA,Boston Celtics,36-15,Atlanta Hawks,14-39,0.903,0.903,0.361,0.7313019390581719,0.26869806094182813,482,0,0,1,263,401161413376,376,3,8:22,1222,20.366666666666667,60,62,62,60,2,Grant Williams bad pass (Damian Jones steals)
nba,2020,401161411,2020-02-07,Philadelphia 76ers,Memphis Grizzlies,PHI,MEM,32-21,26-26,119,107,TRUE,Philadelphia 76ers,32-21,NA,NA,NA,NA,NA,NA,NA,NA,NA,NA,Philadelphia 76ers,32-21,Memphis Grizzlies,26-26,0.741,0.741,0.366,0.2923497267759563,0.7076502732240437,500,0,0,1,164,401161411237,237,2,8:20,1940,32.333333333333336,30,31,31,30,1,Grizzlies delay of game violation
nba,2020,401161412,2020-02-07,Washington Wizards,Dallas Mavericks,WSH,DAL,18-32,31-21,119,118,TRUE,Dallas Mavericks,31-21,NA,NA,NA,NA,NA,NA,NA,NA,NA,NA,Washington Wizards,18-32,Dallas Mavericks,31-21,0.289,0.7110000000000001,0.935,0.93048128342246,0.06951871657753994,471,0,0,1,452,401161412649,649,4,1.8,1.8,0.03,117,117,117,117,0,Isaac Bonga personal foul
nba,2020,401161410,2020-02-06,Los Angeles Lakers,Houston Rockets,LAL,HOU,38-12,33-18,111,121,FALSE,Los Angeles Lakers,38-12,NA,NA,NA,NA,NA,NA,NA,NA,NA,NA,Houston Rockets,33-18,Los Angeles Lakers,38-12,0.699,0.699,0.8,0.75,0.25,454,0,0,1,74,401161410103,103,1,4:23,2423,40.38333333333333,23,16,23,16,7,Kyle Kuzma makes 2-foot layup (LeBron James assists)
nba,2020,401161409,2020-02-06,Portland Trail Blazers,San Antonio Spurs,POR,SA,24-28,22-29,125,117,TRUE,Portland Trail Blazers,24-28,NA,NA,NA,NA,NA,NA,NA,NA,NA,NA,Portland Trail Blazers,24-28,San Antonio Spurs,22-29,0.589,0.589,0.876,0.8584474885844748,0.14155251141552516,432,0,0,1,335,401161409470,470,4,11:46,706,11.766666666666667,86,94,94,86,8,Patty Mills makes free throw 2 of 3
nba,2020,401161407,2020-02-06,Chicago Bulls,New Orleans Pelicans,CHI,NO,19-34,21-31,119,125,FALSE,Chicago Bulls,19-34,NA,NA,NA,NA,NA,NA,NA,NA,NA,NA,New Orleans Pelicans,21-31,Chicago Bulls,19-34,0.59,0.59,0.729,0.6282578875171467,0.37174211248285327,470,0,0,1,43,40116140760,60,1,6:55,2575,42.916666666666664,13,6,13,6,7,Chandler Hutchison makes driving layup (Zach LaVine assists)
nba,2020,401161408,2020-02-06,Milwaukee Bucks,Philadelphia 76ers,MIL,PHI,44-7,31-21,112,101,TRUE,Milwaukee Bucks,44-7,NA,NA,NA,NA,NA,NA,NA,NA,NA,NA,Milwaukee Bucks,44-7,Philadelphia 76ers,31-21,0.794,0.794,0.451,0.5432372505543237,0.4567627494456763,497,0,0,1,166,401161408238,238,2,7:58,1918,31.966666666666665,28,34,34,28,6,Marial Shayok makes 27-foot three point jumper (Ben Simmons assists)
nba,2020,401161406,2020-02-06,New York Knicks,Orlando Magic,NY,ORL,16-36,22-30,105,103,TRUE,Orlando Magic,22-30,NA,NA,NA,NA,NA,NA,NA,NA,NA,NA,New York Knicks,16-36,Orlando Magic,22-30,0.425,0.575,0.914,0.9059080962800876,0.09409190371991238,467,0,0,1,391,401161406557,557,4,9:24,564,9.4,80,90,90,80,10,Mo Bamba makes two point shot
nba,2020,401161405,2020-02-05,LA Clippers,Miami Heat,LAC,MIA,36-15,34-16,128,111,TRUE,LA Clippers,36-15,NA,NA,NA,NA,NA,NA,NA,NA,NA,NA,LA Clippers,36-15,Miami Heat,34-16,0.677,0.677,0.734,0.6376021798365121,0.3623978201634878,461,0,0,1,160,401161405222,222,2,7:20,1880,31.333333333333332,31,43,43,31,12,Bam Adebayo makes 1-foot alley oop dunk shot (Goran Dragic assists)
nba,2020,401161404,2020-02-05,Utah Jazz,Denver Nuggets,UTAH,DEN,32-18,36-16,95,98,FALSE,Utah Jazz,32-18,NA,NA,NA,NA,NA,NA,NA,NA,NA,NA,Denver Nuggets,36-16,Utah Jazz,32-18,0.717,0.717,0.951,0.9484752891692954,0.05152471083070464,449,0,0,1,253,401161404354,354,3,6:14,1094,18.233333333333334,71,56,71,56,15,Mike Conley makes 25-foot three point jumper
nba,2020,401161403,2020-02-05,Dallas Mavericks,Memphis Grizzlies,DAL,MEM,31-20,26-25,107,121,FALSE,Dallas Mavericks,31-20,NA,NA,NA,NA,NA,NA,NA,NA,NA,NA,Memphis Grizzlies,26-25,Dallas Mavericks,31-20,0.842,0.842,0.909,0.8998899889988998,0.10011001100110016,479,0,0,1,22,40116140336,36,1,8:52,2692,44.86666666666667,11,4,11,4,7,Tim Hardaway Jr. defensive rebound
nba,2020,401161401,2020-02-05,Minnesota Timberwolves,Atlanta Hawks,MIN,ATL,15-35,14-38,120,127,FALSE,Minnesota Timberwolves,15-35,NA,NA,NA,NA,NA,NA,NA,NA,NA,NA,Atlanta Hawks,14-38,Minnesota Timberwolves,15-35,0.717,0.717,0.727,0.6244841815680879,0.37551581843191206,481,0,0,1,4,40116140111,11,1,11:26,2846,47.43333333333333,1,2,1,2,-1,Josh Okogie makes free throw 1 of 2
nba,2020,401161402,2020-02-05,Oklahoma City Thunder,Cleveland Cavaliers,OKC,CLE,31-20,13-39,109,103,TRUE,Oklahoma City Thunder,31-20,NA,NA,NA,NA,NA,NA,NA,NA,NA,NA,Oklahoma City Thunder,31-20,Cleveland Cavaliers,13-39,0.905,0.905,0.585,0.8376068376068376,0.16239316239316237,458,0,0,1,432,401161402628,628,4,1:33,93,1.55,99,100,100,99,1,Danilo Gallinari misses 26-foot three point jumper
nba,2020,401161398,2020-02-05,Boston Celtics,Orlando Magic,BOS,ORL,35-15,22-29,116,100,TRUE,Boston Celtics,35-15,NA,NA,NA,NA,NA,NA,NA,NA,NA,NA,Boston Celtics,35-15,Orlando Magic,22-29,0.78,0.78,0.478,0.5397489539748954,0.4602510460251046,447,0,0,1,266,401161398388,388,3,7:03,1143,19.05,63,65,65,63,2,Evan Fournier defensive rebound
nba,2020,401161399,2020-02-05,Brooklyn Nets,Golden State Warriors,BKN,GS,23-27,12-40,129,88,TRUE,Brooklyn Nets,23-27,NA,NA,NA,NA,NA,NA,NA,NA,NA,NA,Brooklyn Nets,23-27,Golden State Warriors,12-40,0.691,0.691,0.30900000000000005,0,1,463,0,0,1,1,4011613994,4,1,12:00,2880,48,0,0,0,0,0,Marquese Chriss vs. Jarrett Allen (D'Angelo Russell gains possession)
nba,2020,401161400,2020-02-05,Toronto Raptors,Indiana Pacers,TOR,IND,37-14,31-20,119,118,TRUE,Toronto Raptors,37-14,NA,NA,NA,NA,NA,NA,NA,NA,NA,NA,Toronto Raptors,37-14,Indiana Pacers,31-20,0.728,0.728,0.991,0.9909182643794148,0.00908173562058523,422,0,0,1,393,401161400574,574,4,2:58,178,2.966666666666667,105,116,116,105,11,Domantas Sabonis defensive rebound
nba,2020,401161397,2020-02-05,Detroit Pistons,Phoenix Suns,DET,PHX,19-34,20-31,116,108,TRUE,Detroit Pistons,19-34,NA,NA,NA,NA,NA,NA,NA,NA,NA,NA,Detroit Pistons,19-34,Phoenix Suns,20-31,0.593,0.593,0.567,0.2821869488536154,0.7178130511463846,416,0,0,1,251,401161397366,366,3,6:33,1113,18.55,71,74,74,71,3,Devin Booker makes 26-foot three point jumper (Kelly Oubre Jr. assists)
nba,2020,401161396,2020-02-04,Los Angeles Lakers,San Antonio Spurs,LAL,SA,38-11,22-28,129,102,TRUE,Los Angeles Lakers,38-11,NA,NA,NA,NA,NA,NA,NA,NA,NA,NA,Los Angeles Lakers,38-11,San Antonio Spurs,22-28,0.832,0.832,0.246,0.31707317073170715,0.6829268292682928,430,0,0,1,40,40116139653,53,1,6:38,2558,42.63333333333333,6,9,9,6,3,Bryn Forbes makes 24-foot three point jumper (Dejounte Murray assists)
nba,2020,401161395,2020-02-04,Denver Nuggets,Portland Trail Blazers,DEN,POR,35-16,23-28,127,99,TRUE,Denver Nuggets,35-16,NA,NA,NA,NA,NA,NA,NA,NA,NA,NA,Denver Nuggets,35-16,Portland Trail Blazers,23-28,0.676,0.676,0.4280000000000001,0.2429906542056076,0.7570093457943924,466,0,0,1,59,40116139578,78,1,5:12,2472,41.2,14,18,18,14,4,Damian Lillard makes driving layup
nba,2020,401161394,2020-02-04,Houston Rockets,Charlotte Hornets,HOU,CHA,32-18,16-35,125,110,TRUE,Houston Rockets,32-18,NA,NA,NA,NA,NA,NA,NA,NA,NA,NA,Houston Rockets,32-18,Charlotte Hornets,16-35,0.915,0.915,0.54,0.8425925925925927,0.15740740740740733,465,0,0,1,377,401161394528,528,4,8:15,495,8.25,98,101,101,98,3,Devonte' Graham makes 28-foot three pointer
nba,2020,401161393,2020-02-04,New Orleans Pelicans,Milwaukee Bucks,NO,MIL,20-31,43-7,108,120,FALSE,Milwaukee Bucks,43-7,NA,NA,NA,NA,NA,NA,NA,NA,NA,NA,Milwaukee Bucks,43-7,New Orleans Pelicans,20-31,0.253,0.747,0.603,0.5804311774461028,0.4195688225538971,514,0,0,1,199,401161393297,297,2,4:34,1714,28.566666666666663,53,46,53,46,7,Wesley Matthews shooting foul
nba,2020,401161392,2020-02-03,LA Clippers,San Antonio Spurs,LAC,SA,35-15,22-27,108,105,TRUE,LA Clippers,35-15,NA,NA,NA,NA,NA,NA,NA,NA,NA,NA,LA Clippers,35-15,San Antonio Spurs,22-27,0.76,0.76,0.819,0.7789987789987789,0.2210012210012211,457,0,0,1,423,401161392597,597,4,3:04,184,3.066666666666667,97,102,102,97,5,Patty Mills makes 27-foot three point jumper (DeMar DeRozan assists)
nba,2020,401161391,2020-02-03,Sacramento Kings,Minnesota Timberwolves,SAC,MIN,19-31,15-34,113,109,TRUE,Sacramento Kings,19-31,NA,NA,NA,NA,NA,NA,NA,NA,NA,NA,Sacramento Kings,19-31,Minnesota Timberwolves,15-34,0.619,0.619,0.381,0,1,478,0,0,1,1,4011613914,4,1,12:00,2880,48,0,0,0,0,0,Karl-Anthony Towns vs. Dewayne Dedmon (Robert Covington gains possession)
nba,2020,401161390,2020-02-03,Memphis Grizzlies,Detroit Pistons,MEM,DET,25-25,18-34,96,82,TRUE,Memphis Grizzlies,25-25,NA,NA,NA,NA,NA,NA,NA,NA,NA,NA,Memphis Grizzlies,25-25,Detroit Pistons,18-34,0.657,0.657,0.649,0.47149460708782753,0.5285053929121725,465,0,0,1,183,401161390265,265,2,5:07,1747,29.116666666666667,41,48,48,41,7,Andre Drummond defensive rebound
nba,2020,401161387,2020-02-03,Atlanta Hawks,Boston Celtics,ATL,BOS,13-38,34-15,115,123,FALSE,Boston Celtics,34-15,NA,NA,NA,NA,NA,NA,NA,NA,NA,NA,Boston Celtics,34-15,Atlanta Hawks,13-38,0.209,0.791,0.481,0.5654885654885655,0.4345114345114345,453,0,0,3,134,401161387202,202,2,8:40,1960,32.666666666666664,45,38,45,38,7,Celtics Full timeout
nba,2020,401161388,2020-02-03,Brooklyn Nets,Phoenix Suns,BKN,PHX,22-27,20-30,119,97,TRUE,Brooklyn Nets,22-27,NA,NA,NA,NA,NA,NA,NA,NA,NA,NA,Brooklyn Nets,22-27,Phoenix Suns,20-30,0.628,0.628,0.511,0.27201565557729945,0.7279843444227005,484,0,0,1,54,40116138883,83,1,5:27,2487,41.45,13,17,17,13,4,Taurean Prince misses driving floating jump shot
nba,2020,401161389,2020-02-03,Miami Heat,Philadelphia 76ers,MIA,PHI,34-15,31-20,137,106,TRUE,Miami Heat,34-15,NA,NA,NA,NA,NA,NA,NA,NA,NA,NA,Miami Heat,34-15,Philadelphia 76ers,31-20,0.6,0.6,0.5589999999999999,0.2844364937388192,0.7155635062611808,442,0,0,1,81,401161389114,114,1,1:22,2242,37.36666666666667,20,24,24,20,4,Matisse Thybulle defensive rebound
nba,2020,401161383,2020-02-03,Charlotte Hornets,Orlando Magic,CHA,ORL,16-34,22-28,100,112,FALSE,Orlando Magic,22-28,NA,NA,NA,NA,NA,NA,NA,NA,NA,NA,Orlando Magic,22-28,Charlotte Hornets,16-34,0.372,0.628,0.456,0.1842105263157895,0.8157894736842105,415,0,0,1,233,401161383343,343,3,9:35,1295,21.583333333333332,59,58,59,58,1,Terry Rozier makes layup (Cody Zeller assists)
nba,2020,401161384,2020-02-03,Cleveland Cavaliers,New York Knicks,CLE,NY,13-38,15-36,134,139,FALSE,Cleveland Cavaliers,13-38,NA,NA,NA,NA,NA,NA,NA,NA,NA,NA,New York Knicks,15-36,Cleveland Cavaliers,13-38,0.568,0.568,0.957,0.955067920585162,0.04493207941483801,471,0,0,1,377,401161384541,541,4,5:17,617,10.283333333333331,118,108,118,108,10,Kevin Porter Jr. makes alley oop dunk shot (Cedi Osman assists)
nba,2020,401161385,2020-02-03,Indiana Pacers,Dallas Mavericks,IND,DAL,31-19,31-19,103,112,FALSE,Dallas Mavericks,31-19,NA,NA,NA,NA,NA,NA,NA,NA,NA,NA,Dallas Mavericks,31-19,Indiana Pacers,31-19,0.492,0.508,0.746,0.6595174262734584,0.34048257372654156,441,0,0,2,145,401161385207,207,2,6:02,1802,30.033333333333335,41,34,41,34,7,Tim Hardaway Jr. enters the game for Justin Jackson
nba,2020,401161386,2020-02-03,Washington Wizards,Golden State Warriors,WSH,GS,17-32,12-39,117,125,FALSE,Washington Wizards,17-32,NA,NA,NA,NA,NA,NA,NA,NA,NA,NA,Golden State Warriors,12-39,Washington Wizards,17-32,0.6,0.6,0.649,0.45916795069337457,0.5408320493066254,481,0,0,1,28,40116138641,41,1,8:23,2663,44.38333333333333,12,10,12,10,2,Glenn Robinson III bad pass (Ian Mahinmi steals)
nba,2020,401161382,2020-02-02,Toronto Raptors,Chicago Bulls,TOR,CHI,36-14,19-33,129,102,TRUE,Toronto Raptors,36-14,NA,NA,NA,NA,NA,NA,NA,NA,NA,NA,Toronto Raptors,36-14,Chicago Bulls,19-33,0.819,0.819,0.419,0.5680190930787589,0.43198090692124114,468,0,0,2,217,401161382302,302,2,0.6,1440.6,24.01,60,62,62,60,2,Fred VanVleet shooting foul
nba,2020,401161380,2020-02-02,Houston Rockets,New Orleans Pelicans,HOU,NO,31-18,20-30,117,109,TRUE,Houston Rockets,31-18,NA,NA,NA,NA,NA,NA,NA,NA,NA,NA,Houston Rockets,31-18,New Orleans Pelicans,20-30,0.759,0.759,0.665,0.637593984962406,0.3624060150375939,500,0,0,1,373,401161380536,536,4,11:17,677,11.283333333333331,92,97,97,92,5,Zion Williamson makes layup
nba,2020,401161381,2020-02-02,Milwaukee Bucks,Phoenix Suns,MIL,PHX,42-7,20-29,129,108,TRUE,Milwaukee Bucks,42-7,NA,NA,NA,NA,NA,NA,NA,NA,NA,NA,Milwaukee Bucks,42-7,Phoenix Suns,20-29,0.903,0.903,0.133,0.2706766917293235,0.7293233082706765,547,0,0,1,142,401161381203,203,2,10:36,2076,34.6,35,32,32,35,-3,Jevon Carter defensive rebound
nba,2020,401161379,2020-02-02,Detroit Pistons,Denver Nuggets,DET,DEN,18-33,34-16,128,123,TRUE,Denver Nuggets,34-16,NA,NA,NA,NA,NA,NA,NA,NA,NA,NA,Detroit Pistons,18-33,Denver Nuggets,34-16,0.392,0.608,0.948,0.9451476793248944,0.05485232067510548,484,0,0,1,57,40116137985,85,1,4:55,2755,45.916666666666664,7,28,28,7,21,Nikola Jokic defensive rebound
nba,2020,401161377,2020-02-01,Portland Trail Blazers,Utah Jazz,POR,UTAH,23-27,32-17,124,107,TRUE,Utah Jazz,32-17,NA,NA,NA,NA,NA,NA,NA,NA,NA,NA,Portland Trail Blazers,23-27,Utah Jazz,32-17,0.424,0.5760000000000001,0.839,0.8081048867699643,0.19189511323003572,460,0,0,1,82,401161377117,117,1,2:51,2331,38.85,21,34,34,21,13,Ed Davis makes tip shot
nba,2020,401161378,2020-02-01,Sacramento Kings,Los Angeles Lakers,SAC,LAL,18-31,37-11,113,129,FALSE,Los Angeles Lakers,37-11,NA,NA,NA,NA,NA,NA,NA,NA,NA,NA,Los Angeles Lakers,37-11,Sacramento Kings,18-31,0.324,0.6759999999999999,0.327,0.00917431192660533,0.9908256880733948,489,0,0,1,5,40116137811,11,1,11:17,2837,47.28333333333333,3,3,3,3,0,Nemanja Bjelica makes 26-foot three point jumper (Harry Giles III assists)
nba,2020,401161376,2020-02-01,San Antonio Spurs,Charlotte Hornets,SA,CHA,22-26,16-33,114,90,TRUE,San Antonio Spurs,22-26,NA,NA,NA,NA,NA,NA,NA,NA,NA,NA,San Antonio Spurs,22-26,Charlotte Hornets,16-33,0.846,0.846,0.921,0.9142236699239956,0.08577633007600438,435,0,0,1,217,401161376330,330,3,9:09,1269,21.15,51,70,70,51,19,Marvin Williams personal foul
nba,2020,401161374,2020-02-01,Boston Celtics,Philadelphia 76ers,BOS,PHI,33-15,31-19,116,95,TRUE,Boston Celtics,33-15,NA,NA,NA,NA,NA,NA,NA,NA,NA,NA,Boston Celtics,33-15,Philadelphia 76ers,31-19,0.642,0.642,0.386,0.07253886010362698,0.927461139896373,501,0,0,1,2,4011613747,7,1,11:43,2863,47.71666666666667,0,2,2,0,2,Joel Embiid makes 5-foot two point shot (Al Horford assists)
nba,2020,401161375,2020-02-01,Dallas Mavericks,Atlanta Hawks,DAL,ATL,30-19,13-37,123,100,TRUE,Dallas Mavericks,30-19,NA,NA,NA,NA,NA,NA,NA,NA,NA,NA,Dallas Mavericks,30-19,Atlanta Hawks,13-37,0.89,0.89,0.31699999999999995,0.6529968454258674,0.34700315457413256,465,0,0,1,32,40116137547,47,1,8:16,2656,44.266666666666666,5,15,15,5,10,Trae Young defensive rebound
nba,2020,401161372,2020-02-01,Cleveland Cavaliers,Golden State Warriors,CLE,GS,13-37,11-39,112,131,FALSE,Cleveland Cavaliers,13-37,NA,NA,NA,NA,NA,NA,NA,NA,NA,NA,Golden State Warriors,11-39,Cleveland Cavaliers,13-37,0.513,0.513,0.744,0.6559139784946237,0.34408602150537626,445,0,0,1,214,401161372310,310,2,1:36,1536,25.6,59,52,59,52,7,Tristan Thompson defensive rebound
nba,2020,401161373,2020-02-01,Washington Wizards,Brooklyn Nets,WSH,BKN,17-31,21-27,113,107,TRUE,Brooklyn Nets,21-27,NA,NA,NA,NA,NA,NA,NA,NA,NA,NA,Washington Wizards,17-31,Brooklyn Nets,21-27,0.498,0.502,0.923,0.9165763813651138,0.08342361863488623,507,0,0,1,409,401161373591,591,4,7:34,454,7.566666666666666,90,98,98,90,8,Caris LeVert misses free throw 1 of 2
nba,2020,401161370,2020-02-01,Indiana Pacers,New York Knicks,IND,NY,31-18,14-36,85,92,FALSE,Indiana Pacers,31-18,NA,NA,NA,NA,NA,NA,NA,NA,NA,NA,New York Knicks,14-36,Indiana Pacers,31-18,0.858,0.858,0.866,0.8452655889145497,0.15473441108545027,450,0,0,1,3,4011613708,8,1,11:34,2854,47.56666666666667,0,0,0,0,0,Domantas Sabonis defensive rebound
nba,2020,401161371,2020-02-01,Orlando Magic,Miami Heat,ORL,MIA,21-28,33-15,89,102,FALSE,Miami Heat,33-15,NA,NA,NA,NA,NA,NA,NA,NA,NA,NA,Miami Heat,33-15,Orlando Magic,21-28,0.479,0.521,0.559,0.21109123434704857,0.7889087656529514,427,0,0,1,51,40116137180,80,1,4:15,2415,40.25,21,19,21,19,2,Duncan Robinson bad pass (Aaron Gordon steals)
nba,2020,401161369,2020-02-01,LA Clippers,Minnesota Timberwolves,LAC,MIN,34-15,15-33,118,106,TRUE,LA Clippers,34-15,NA,NA,NA,NA,NA,NA,NA,NA,NA,NA,LA Clippers,34-15,Minnesota Timberwolves,15-33,0.815,0.815,0.29300000000000004,0.3686006825938566,0.6313993174061434,513,0,0,1,245,401161369347,347,2,1:32,1532,25.533333333333335,54,53,53,54,-1,Patrick Beverley bad pass (Kelan Martin steals)
nba,2020,401161368,2020-01-31,Los Angeles Lakers,Portland Trail Blazers,LAL,POR,36-11,22-27,119,127,FALSE,Los Angeles Lakers,36-11,NA,NA,NA,NA,NA,NA,NA,NA,NA,NA,Portland Trail Blazers,22-27,Los Angeles Lakers,36-11,0.848,0.848,0.899,0.8876529477196886,0.1123470522803114,501,0,0,1,81,401161368123,123,1,2:49,2329,38.81666666666667,25,19,25,19,6,Damian Lillard shooting foul
nba,2020,401161366,2020-01-31,Milwaukee Bucks,Denver Nuggets,MIL,DEN,41-7,34-15,115,127,FALSE,Milwaukee Bucks,41-7,NA,NA,NA,NA,NA,NA,NA,NA,NA,NA,Denver Nuggets,34-15,Milwaukee Bucks,41-7,0.852,0.852,0.96,0.9583333333333331,0.04166666666666674,493,0,0,2,89,401161366132,132,1,2:24,2304,38.4,37,23,37,23,14,Kyle Korver enters the game for Ersan Ilyasova
nba,2020,401161367,2020-01-31,Phoenix Suns,Oklahoma City Thunder,PHX,OKC,20-28,30-20,107,111,FALSE,Phoenix Suns,20-28,NA,NA,NA,NA,NA,NA,NA,NA,NA,NA,Oklahoma City Thunder,30-20,Phoenix Suns,20-28,0.513,0.513,0.93,0.924731182795699,0.07526881720430101,490,0,0,2,427,401161367620,620,4,4:06,246,4.1,99,92,99,92,7,Suns Full timeout
nba,2020,401161365,2020-01-31,New Orleans Pelicans,Memphis Grizzlies,NO,MEM,20-29,24-25,139,111,TRUE,New Orleans Pelicans,20-29,NA,NA,NA,NA,NA,NA,NA,NA,NA,NA,New Orleans Pelicans,20-29,Memphis Grizzlies,24-25,0.678,0.678,0.419,0.23150357995226745,0.7684964200477326,499,0,0,1,8,40116136513,13,1,10:51,2811,46.85,0,3,3,0,3,Jrue Holiday out of bounds bad pass turnover
nba,2020,401161363,2020-01-31,Brooklyn Nets,Chicago Bulls,BKN,CHI,21-26,19-32,133,118,TRUE,Brooklyn Nets,21-26,NA,NA,NA,NA,NA,NA,NA,NA,NA,NA,Brooklyn Nets,21-26,Chicago Bulls,19-32,0.632,0.632,0.387,0.04909560723514217,0.9509043927648578,450,0,0,5,2,4011613637,7,1,11:47,2867,47.78333333333333,0,0,0,0,0,Joe Harris offensive charge
nba,2020,401161364,2020-01-31,Houston Rockets,Dallas Mavericks,HOU,DAL,30-18,29-19,128,121,TRUE,Houston Rockets,30-18,NA,NA,NA,NA,NA,NA,NA,NA,NA,NA,Houston Rockets,30-18,Dallas Mavericks,29-19,0.542,0.542,0.5369999999999999,0.14711359404096824,0.8528864059590318,480,0,0,1,11,40116136417,17,1,10:26,2786,46.43333333333333,0,4,4,0,4,Kristaps Porzingis makes 11-foot two point shot (Tim Hardaway Jr. assists)
nba,2020,401161362,2020-01-31,Detroit Pistons,Toronto Raptors,DET,TOR,17-33,35-14,92,105,FALSE,Toronto Raptors,35-14,NA,NA,NA,NA,NA,NA,NA,NA,NA,NA,Toronto Raptors,35-14,Detroit Pistons,17-33,0.379,0.621,0.459,0.17429193899782136,0.8257080610021786,458,0,0,2,45,40116136264,64,1,6:33,2553,42.55,12,11,12,11,1,Fred VanVleet shooting foul
nba,2020,401161360,2020-01-30,Denver Nuggets,Utah Jazz,DEN,UTAH,33-15,32-16,106,100,TRUE,Denver Nuggets,33-15,NA,NA,NA,NA,NA,NA,NA,NA,NA,NA,Denver Nuggets,33-15,Utah Jazz,32-16,0.604,0.604,0.802,0.7531172069825438,0.2468827930174562,429,0,0,1,253,401161360383,383,3,4:13,973,16.216666666666665,61,70,70,61,9,Bojan Bogdanovic makes 25-foot step back jumpshot (Emmanuel Mudiay assists)
nba,2020,401161361,2020-01-30,LA Clippers,Sacramento Kings,LAC,SAC,33-15,18-30,103,124,FALSE,LA Clippers,33-15,NA,NA,NA,NA,NA,NA,NA,NA,NA,NA,Sacramento Kings,18-30,LA Clippers,33-15,0.889,0.889,0.939,0.9350372736954208,0.06496272630457933,485,0,0,1,109,401161361160,160,1,58.3,2218.3,36.97166666666667,33,23,33,23,10,Montrezl Harrell makes 8-foot hook shot
nba,2020,401161359,2020-01-30,Boston Celtics,Golden State Warriors,BOS,GS,32-15,10-39,119,104,TRUE,Boston Celtics,32-15,NA,NA,NA,NA,NA,NA,NA,NA,NA,NA,Boston Celtics,32-15,Golden State Warriors,10-39,0.871,0.871,0.226,0.42920353982300874,0.5707964601769913,475,0,0,1,52,40116135972,72,1,6:14,2534,42.233333333333334,11,15,15,11,4,Damion Lee defensive rebound
nba,2020,401161358,2020-01-30,Atlanta Hawks,Philadelphia 76ers,ATL,PHI,13-36,31-18,127,117,TRUE,Philadelphia 76ers,31-18,NA,NA,NA,NA,NA,NA,NA,NA,NA,NA,Atlanta Hawks,13-36,Philadelphia 76ers,31-18,0.253,0.747,0.8069999999999999,0.7608426270136306,0.2391573729863694,515,0,0,1,23,40116135835,35,1,9:25,2725,45.416666666666664,8,11,11,8,3,Matisse Thybulle makes free throw 2 of 3
nba,2020,401161356,2020-01-30,Cleveland Cavaliers,Toronto Raptors,CLE,TOR,19-46,53-19,109,115,FALSE,Toronto Raptors,53-19,NA,NA,NA,NA,NA,NA,NA,NA,NA,NA,Toronto Raptors,53-19,Cleveland Cavaliers,19-46,0.193,0.8069999999999999,0.513,0.6237816764132553,0.3762183235867447,456,0,0,1,429,401161356595,595,4,1:18,78,1.3,104,105,104,105,-1,Darius Garland makes free throw 1 of 2
nba,2020,401161357,2020-01-30,Washington Wizards,Charlotte Hornets,WSH,CHA,16-31,16-32,121,107,TRUE,Washington Wizards,16-31,NA,NA,NA,NA,NA,NA,NA,NA,NA,NA,Washington Wizards,16-31,Charlotte Hornets,16-32,0.68,0.68,0.721,0.6130374479889042,0.38696255201109575,483,0,0,1,197,401161357276,276,2,4:30,1710,28.5,41,51,51,41,10,Bradley Beal misses driving floating jump shot
nba,2020,401161354,2020-01-29,Portland Trail Blazers,Houston Rockets,POR,HOU,21-27,29-18,125,112,TRUE,Houston Rockets,29-18,NA,NA,NA,NA,NA,NA,NA,NA,NA,NA,Portland Trail Blazers,21-27,Houston Rockets,29-18,0.472,0.528,0.8140000000000001,0.7714987714987716,0.22850122850122845,490,0,0,1,103,401161354147,147,1,1:34,2254,37.56666666666667,20,32,32,20,12,Ben McLemore makes 25-foot three point jumper (Russell Westbrook assists)
nba,2020,401161355,2020-01-29,Sacramento Kings,Oklahoma City Thunder,SAC,OKC,17-30,29-20,100,120,FALSE,Oklahoma City Thunder,29-20,NA,NA,NA,NA,NA,NA,NA,NA,NA,NA,Oklahoma City Thunder,29-20,Sacramento Kings,17-30,0.462,0.538,0.482,0.04149377593361003,0.95850622406639,454,0,0,1,3,4011613558,8,1,11:41,2861,47.68333333333333,0,0,0,0,0,Dewayne Dedmon defensive rebound
nba,2020,401161353,2020-01-29,San Antonio Spurs,Utah Jazz,SA,UTAH,21-26,32-15,127,120,TRUE,Utah Jazz,32-15,NA,NA,NA,NA,NA,NA,NA,NA,NA,NA,San Antonio Spurs,21-26,Utah Jazz,32-15,0.465,0.5349999999999999,0.6910000000000001,0.5528219971056441,0.44717800289435594,502,0,0,1,50,40116135366,66,1,6:07,2527,42.11666666666667,12,16,16,12,4,Trey Lyles personal foul
nba,2020,401161351,2020-01-29,Brooklyn Nets,Detroit Pistons,BKN,DET,20-26,17-32,125,115,TRUE,Brooklyn Nets,20-26,NA,NA,NA,NA,NA,NA,NA,NA,NA,NA,Brooklyn Nets,20-26,Detroit Pistons,17-32,0.649,0.649,0.696,0.5632183908045976,0.4367816091954024,472,0,0,1,186,401161351273,273,2,3:29,1649,27.483333333333334,51,59,59,51,8,Kyrie Irving lost ball turnover (Andre Drummond steals)
nba,2020,401161352,2020-01-29,New York Knicks,Memphis Grizzlies,NY,MEM,13-36,24-24,106,127,FALSE,Memphis Grizzlies,24-24,NA,NA,NA,NA,NA,NA,NA,NA,NA,NA,Memphis Grizzlies,24-24,New York Knicks,13-36,0.469,0.531,0.557,0.20466786355475783,0.7953321364452421,510,0,0,3,81,401161352116,116,1,2:56,2336,38.93333333333333,25,23,25,23,2,Dennis Smith Jr. makes free throw 1 of 2
nba,2020,401161350,2020-01-29,Indiana Pacers,Chicago Bulls,IND,CHI,31-17,19-31,115,106,TRUE,Indiana Pacers,31-17,NA,NA,NA,NA,NA,NA,NA,NA,NA,NA,Indiana Pacers,31-17,Chicago Bulls,19-31,0.779,0.779,0.944,0.9406779661016949,0.05932203389830515,456,0,0,1,383,401161350546,546,4,2:59,479,7.983333333333333,93,100,100,93,7,Zach LaVine defensive rebound
nba,2020,401161348,2020-01-28,Dallas Mavericks,Phoenix Suns,DAL,PHX,29-18,20-27,104,133,FALSE,Dallas Mavericks,29-18,NA,NA,NA,NA,NA,NA,NA,NA,NA,NA,Phoenix Suns,20-27,Dallas Mavericks,29-18,0.817,0.817,0.817,0.7760097919216646,0.22399020807833536,460,0,0,1,1,4011613484,4,1,12:00,2880,48,0,0,0,0,0,Deandre Ayton vs. Kristaps Porzingis (Tim Hardaway Jr. gains possession)
nba,2020,401161343,2020-01-28,Miami Heat,Boston Celtics,MIA,BOS,32-15,31-15,101,109,FALSE,Boston Celtics,31-15,NA,NA,NA,NA,NA,NA,NA,NA,NA,NA,Boston Celtics,31-15,Miami Heat,32-15,0.495,0.505,0.551,0.1851179673321235,0.8148820326678765,479,0,0,1,183,401161343259,259,2,5:08,1748,29.133333333333333,44,42,44,42,2,Goran Dragic makes 26-foot three point jumper (James Johnson assists)
nba,2020,401161346,2020-01-28,Memphis Grizzlies,Denver Nuggets,MEM,DEN,23-24,32-15,104,96,TRUE,Denver Nuggets,32-15,NA,NA,NA,NA,NA,NA,NA,NA,NA,NA,Memphis Grizzlies,23-24,Denver Nuggets,32-15,0.406,0.594,0.594,0.3164983164983164,0.6835016835016836,451,0,0,1,1,4011613464,4,1,12:00,2880,48,0,0,0,0,0,Jerami Grant vs. Jaren Jackson Jr. (Ja Morant gains possession)
nba,2020,401161347,2020-01-28,Milwaukee Bucks,Washington Wizards,MIL,WSH,41-6,15-31,151,131,TRUE,Milwaukee Bucks,41-6,NA,NA,NA,NA,NA,NA,NA,NA,NA,NA,Milwaukee Bucks,41-6,Washington Wizards,15-31,0.966,0.966,0.08599999999999997,0.6046511627906972,0.3953488372093028,517,0,0,3,452,401161347647,647,4,6:12,372,6.2,131,123,123,131,-8,Bucks Full timeout
nba,2020,401161342,2020-01-28,Cleveland Cavaliers,New Orleans Pelicans,CLE,NO,13-35,19-29,111,125,FALSE,New Orleans Pelicans,19-29,NA,NA,NA,NA,NA,NA,NA,NA,NA,NA,New Orleans Pelicans,19-29,Cleveland Cavaliers,13-35,0.345,0.655,0.43,0.1976744186046512,0.8023255813953488,470,0,0,1,35,40116134246,46,1,7:47,2627,43.78333333333333,10,8,10,8,2,Cavaliers offensive team rebound
nba,2020,401161345,2020-01-28,Toronto Raptors,Atlanta Hawks,TOR,ATL,33-14,12-36,130,114,TRUE,Toronto Raptors,33-14,NA,NA,NA,NA,NA,NA,NA,NA,NA,NA,Toronto Raptors,33-14,Atlanta Hawks,12-36,0.904,0.904,0.10199999999999998,0.05882352941176472,0.9411764705882352,510,0,0,1,35,40116134556,56,1,8:00,2640,44,11,10,10,11,-1,De'Andre Hunter makes 24-foot three point shot (Trae Young assists)
nba,2020,401161341,2020-01-28,Charlotte Hornets,New York Knicks,CHA,NY,16-31,13-35,97,92,TRUE,Charlotte Hornets,16-31,NA,NA,NA,NA,NA,NA,NA,NA,NA,NA,Charlotte Hornets,16-31,New York Knicks,13-35,0.639,0.639,0.791,0.7357774968394437,0.2642225031605563,479,0,0,1,130,401161341172,172,2,9:44,2024,33.733333333333334,17,30,30,17,13,Mitchell Robinson defensive rebound
nba,2020,401161344,2020-01-28,Philadelphia 76ers,Golden State Warriors,PHI,GS,31-17,10-38,115,104,TRUE,Philadelphia 76ers,31-17,NA,NA,NA,NA,NA,NA,NA,NA,NA,NA,Philadelphia 76ers,31-17,Golden State Warriors,10-38,0.835,0.835,0.477,0.6540880503144653,0.34591194968553474,482,0,0,1,302,401161344433,433,3,4:10,970,16.166666666666668,73,75,75,73,2,D'Angelo Russell defensive rebound
nba,2020,401161340,2020-01-27,Utah Jazz,Houston Rockets,UTAH,HOU,32-14,29-17,117,126,FALSE,Utah Jazz,32-14,NA,NA,NA,NA,NA,NA,NA,NA,NA,NA,Houston Rockets,29-17,Utah Jazz,32-14,0.68,0.68,0.739,0.6468200270635995,0.35317997293640047,518,0,0,1,13,40116134020,20,1,10:21,2781,46.35,4,0,4,0,4,Donovan Mitchell makes two point shot
nba,2020,401161337,2020-01-27,Chicago Bulls,San Antonio Spurs,CHI,SA,19-30,20-26,110,109,TRUE,Chicago Bulls,19-30,NA,NA,NA,NA,NA,NA,NA,NA,NA,NA,Chicago Bulls,19-30,San Antonio Spurs,20-26,0.544,0.544,0.916,0.9082969432314412,0.09170305676855885,481,0,0,1,353,401161337503,503,4,10:29,629,10.483333333333333,79,90,90,79,11,Patty Mills makes driving layup
nba,2020,401161338,2020-01-27,Minnesota Timberwolves,Sacramento Kings,MIN,SAC,15-32,17-29,129,133,FALSE,Minnesota Timberwolves,15-32,NA,NA,NA,NA,NA,NA,NA,NA,NA,NA,Sacramento Kings,17-29,Minnesota Timberwolves,15-32,0.57,0.57,0.999,0.9989989989989988,0.00100100100100108,560,0,0,68,306,401161338462,462,3,3:26,1226,20.433333333333337,93,66,93,66,27,Buddy Hield misses layup
nba,2020,401161339,2020-01-27,Oklahoma City Thunder,Dallas Mavericks,OKC,DAL,28-20,29-17,97,107,FALSE,Dallas Mavericks,29-17,NA,NA,NA,NA,NA,NA,NA,NA,NA,NA,Dallas Mavericks,29-17,Oklahoma City Thunder,28-20,0.468,0.532,0.576,0.26388888888888884,0.7361111111111112,448,0,0,3,68,40116133991,91,1,4:57,2457,40.95,16,12,16,12,4,Nerlens Noel makes 2-foot alley oop dunk shot (Danilo Gallinari assists)
nba,2020,401161336,2020-01-27,Miami Heat,Orlando Magic,MIA,ORL,32-14,21-27,113,92,TRUE,Miami Heat,32-14,NA,NA,NA,NA,NA,NA,NA,NA,NA,NA,Miami Heat,32-14,Orlando Magic,21-27,0.743,0.743,0.28300000000000003,0.09187279151943473,0.9081272084805652,419,0,0,1,10,40116133620,20,1,10:03,2763,46.05,4,5,5,4,1,Nikola Vucevic makes 27-foot three point jumper (Markelle Fultz assists)
nba,2020,401161335,2020-01-27,Detroit Pistons,Cleveland Cavaliers,DET,CLE,17-31,13-34,100,115,FALSE,Detroit Pistons,17-31,NA,NA,NA,NA,NA,NA,NA,NA,NA,NA,Cleveland Cavaliers,13-34,Detroit Pistons,17-31,0.782,0.782,0.793,0.7389659520807061,0.26103404791929385,462,0,0,1,2,4011613357,7,1,11:34,2854,47.56666666666667,0,0,0,0,0,shot clock turnover
nba,2020,401161334,2020-01-26,Portland Trail Blazers,Indiana Pacers,POR,IND,20-27,30-17,139,129,TRUE,Portland Trail Blazers,20-27,NA,NA,NA,NA,NA,NA,NA,NA,NA,NA,Portland Trail Blazers,20-27,Indiana Pacers,30-17,0.531,0.531,0.519,0.09633911368015424,0.9036608863198458,446,0,0,1,5,40116133410,10,1,11:04,2824,47.06666666666667,0,2,2,0,2,Domantas Sabonis makes 4-foot two point shot (T.J. McConnell assists)
nba,2020,401161329,2020-01-26,Atlanta Hawks,Washington Wizards,ATL,WSH,12-35,15-30,152,133,TRUE,Atlanta Hawks,12-35,NA,NA,NA,NA,NA,NA,NA,NA,NA,NA,Atlanta Hawks,12-35,Washington Wizards,15-30,0.536,0.536,0.632,0.4177215189873418,0.5822784810126582,526,0,0,1,123,401161329174,174,2,11:46,2146,35.766666666666666,31,35,35,31,4,Damian Jones shooting foul
nba,2020,401161330,2020-01-26,New York Knicks,Brooklyn Nets,NY,BKN,13-34,19-26,110,97,TRUE,Brooklyn Nets,19-26,NA,NA,NA,NA,NA,NA,NA,NA,NA,NA,New York Knicks,13-34,Brooklyn Nets,19-26,0.435,0.565,0.7110000000000001,0.5935302390998596,0.4064697609001404,458,0,0,1,235,401161330324,324,3,8:51,1251,20.85,59,63,63,59,4,Spencer Dinwiddie makes free throw 1 of 2
nba,2020,401161331,2020-01-26,Orlando Magic,LA Clippers,ORL,LAC,21-26,33-14,97,112,FALSE,LA Clippers,33-14,NA,NA,NA,NA,NA,NA,NA,NA,NA,NA,LA Clippers,33-14,Orlando Magic,21-26,0.39,0.61,0.734,0.6376021798365121,0.3623978201634878,512,0,0,1,150,401161331217,217,2,9:43,2023,33.71666666666667,37,26,37,26,11,Mo Bamba makes 26-foot three point jumper (Michael Carter-Williams assists)
nba,2020,401161332,2020-01-26,Memphis Grizzlies,Phoenix Suns,MEM,PHX,22-24,19-27,114,109,TRUE,Memphis Grizzlies,22-24,NA,NA,NA,NA,NA,NA,NA,NA,NA,NA,Memphis Grizzlies,22-24,Phoenix Suns,19-27,0.586,0.586,0.5469999999999999,0.24314442413162685,0.7568555758683732,533,0,0,1,29,40116133243,43,1,8:35,2675,44.583333333333336,2,6,6,2,4,Ja Morant loose ball foul
nba,2020,401161333,2020-01-26,New Orleans Pelicans,Boston Celtics,NO,BOS,18-29,30-15,123,108,TRUE,Boston Celtics,30-15,NA,NA,NA,NA,NA,NA,NA,NA,NA,NA,New Orleans Pelicans,18-29,Boston Celtics,30-15,0.364,0.636,0.753,0.6719787516600266,0.32802124833997337,503,0,0,1,19,40116133327,27,1,9:32,2732,45.53333333333333,0,4,4,0,4,Jaylen Brown makes free throw 1 of 2
nba,2020,401161328,2020-01-26,San Antonio Spurs,Toronto Raptors,SA,TOR,20-25,32-14,106,110,FALSE,Toronto Raptors,32-14,NA,NA,NA,NA,NA,NA,NA,NA,NA,NA,Toronto Raptors,32-14,San Antonio Spurs,20-25,0.433,0.567,0.858,0.8344988344988344,0.16550116550116556,472,0,0,1,365,401161328532,532,4,8:57,537,8.95,97,89,97,89,8,Jakob Poeltl makes 7-foot jump bank shot (Patty Mills assists)
nba,2020,401161327,2020-01-26,Denver Nuggets,Houston Rockets,DEN,HOU,32-14,28-17,117,110,TRUE,Denver Nuggets,32-14,NA,NA,NA,NA,NA,NA,NA,NA,NA,NA,Denver Nuggets,32-14,Houston Rockets,28-17,0.574,0.574,0.723,0.6168741355463347,0.38312586445366525,484,0,0,1,122,401161327174,174,1,2.0,2162,36.03333333333333,27,36,36,27,9,Monte Morris shooting foul
nba,2020,401161326,2020-01-25,Philadelphia 76ers,Los Angeles Lakers,PHI,LAL,30-17,36-10,108,91,TRUE,Los Angeles Lakers,36-10,NA,NA,NA,NA,NA,NA,NA,NA,NA,NA,Philadelphia 76ers,30-17,Los Angeles Lakers,36-10,0.497,0.503,0.6599999999999999,0.48484848484848464,0.5151515151515154,452,0,0,1,35,40116132649,49,1,7:52,2632,43.86666666666667,7,13,13,7,6,LeBron James defensive rebound
nba,2020,401161324,2020-01-25,Cleveland Cavaliers,Chicago Bulls,CLE,CHI,12-34,18-30,106,118,FALSE,Chicago Bulls,18-30,NA,NA,NA,NA,NA,NA,NA,NA,NA,NA,Chicago Bulls,18-30,Cleveland Cavaliers,12-34,0.442,0.558,0.801,0.7515605493133584,0.24843945068664164,428,0,0,1,161,401161324225,225,2,6:19,1819,30.316666666666663,50,39,50,39,11,John Henson defensive rebound
nba,2020,401161325,2020-01-25,Minnesota Timberwolves,Oklahoma City Thunder,MIN,OKC,15-31,28-19,104,113,FALSE,Oklahoma City Thunder,28-19,NA,NA,NA,NA,NA,NA,NA,NA,NA,NA,Oklahoma City Thunder,28-19,Minnesota Timberwolves,15-31,0.465,0.5349999999999999,0.635,0.4251968503937009,0.5748031496062991,457,0,0,1,58,40116132591,91,1,5:18,2478,41.3,17,11,17,11,6,Allen Crabbe defensive rebound
nba,2020,401161323,2020-01-25,Detroit Pistons,Brooklyn Nets,DET,BKN,17-30,19-25,111,121,FALSE,Detroit Pistons,17-30,NA,NA,NA,NA,NA,NA,NA,NA,NA,NA,Brooklyn Nets,19-25,Detroit Pistons,17-30,0.594,0.594,0.883,0.8674971687429218,0.13250283125707818,498,0,0,1,220,401161323298,298,2,21.8,1761.8,29.363333333333333,60,47,60,47,13,Sviatoslav Mykhailiuk makes driving layup
nba,2020,401161322,2020-01-25,Utah Jazz,Dallas Mavericks,UTAH,DAL,32-13,28-17,112,107,TRUE,Utah Jazz,32-13,NA,NA,NA,NA,NA,NA,NA,NA,NA,NA,Utah Jazz,32-13,Dallas Mavericks,28-17,0.614,0.614,0.875,0.8571428571428572,0.1428571428571428,487,0,0,1,342,401161322479,479,3,47.3,767.3,12.788333333333332,76,84,84,76,8,Rudy Gobert shooting foul
nba,2020,401161321,2020-01-24,Golden State Warriors,Indiana Pacers,GS,IND,10-37,30-16,118,129,FALSE,Indiana Pacers,30-16,NA,NA,NA,NA,NA,NA,NA,NA,NA,NA,Indiana Pacers,30-16,Golden State Warriors,10-37,0.353,0.647,0.58,0.39137931034482754,0.6086206896551725,427,0,0,1,31,40116132151,51,1,7:38,2618,43.63333333333333,19,10,19,10,9,Pacers Full timeout
nba,2020,401161320,2020-01-24,San Antonio Spurs,Phoenix Suns,SA,PHX,20-24,19-26,99,103,FALSE,San Antonio Spurs,20-24,NA,NA,NA,NA,NA,NA,NA,NA,NA,NA,Phoenix Suns,19-26,San Antonio Spurs,20-24,0.7,0.7,0.85,0.8235294117647058,0.17647058823529416,476,0,0,2,119,401161320176,176,2,10:25,2065,34.416666666666664,33,24,33,24,9,shot clock turnover
nba,2020,401161315,2020-01-24,Miami Heat,LA Clippers,MIA,LAC,31-14,32-14,117,122,FALSE,LA Clippers,32-14,NA,NA,NA,NA,NA,NA,NA,NA,NA,NA,LA Clippers,32-14,Miami Heat,31-14,0.486,0.514,0.854,0.8290398126463701,0.17096018735362994,490,0,0,1,60,40116131589,89,1,4:46,2446,40.766666666666666,24,9,24,9,15,Lou Williams traveling
nba,2020,401161316,2020-01-24,Chicago Bulls,Sacramento Kings,CHI,SAC,17-30,16-29,81,98,FALSE,Chicago Bulls,17-30,NA,NA,NA,NA,NA,NA,NA,NA,NA,NA,Sacramento Kings,16-29,Chicago Bulls,17-30,0.601,0.601,0.64,0.4375,0.5625,458,0,0,1,263,401161316393,393,3,8:38,1238,20.633333333333333,59,56,59,56,3,Kris Dunn makes 23-foot three point jumper (Tomas Satoransky assists)
nba,2020,401161317,2020-01-24,Minnesota Timberwolves,Houston Rockets,MIN,HOU,15-30,28-16,124,131,FALSE,Houston Rockets,28-16,NA,NA,NA,NA,NA,NA,NA,NA,NA,NA,Houston Rockets,28-16,Minnesota Timberwolves,15-30,0.373,0.627,0.66,0.48484848484848486,0.5151515151515151,486,0,0,1,303,401161317437,437,3,6:57,1137,18.95,76,71,76,71,5,Robert Covington defensive rebound
nba,2020,401161318,2020-01-24,New Orleans Pelicans,Denver Nuggets,NO,DEN,17-29,31-14,106,113,FALSE,Denver Nuggets,31-14,NA,NA,NA,NA,NA,NA,NA,NA,NA,NA,Denver Nuggets,31-14,New Orleans Pelicans,17-29,0.461,0.5389999999999999,0.573,0.25479930191972056,0.7452006980802794,511,0,0,1,311,401161318436,436,3,6:22,1102,18.366666666666667,72,70,72,70,2,Will Barton misses 27-foot three point pullup jump shot
nba,2020,401161319,2020-01-24,Oklahoma City Thunder,Atlanta Hawks,OKC,ATL,27-19,11-35,140,111,TRUE,Oklahoma City Thunder,27-19,NA,NA,NA,NA,NA,NA,NA,NA,NA,NA,Oklahoma City Thunder,27-19,Atlanta Hawks,11-35,0.838,0.838,0.29900000000000004,0.4581939799331103,0.5418060200668897,489,0,0,2,281,401161319406,406,3,6:02,1082,18.033333333333335,77,76,76,77,-1,Kevin Huerter personal foul
nba,2020,401161314,2020-01-24,New York Knicks,Toronto Raptors,NY,TOR,12-34,31-14,112,118,FALSE,Toronto Raptors,31-14,NA,NA,NA,NA,NA,NA,NA,NA,NA,NA,Toronto Raptors,31-14,New York Knicks,12-34,0.212,0.788,0.612,0.6535947712418302,0.3464052287581698,422,0,0,1,128,401161314179,179,2,8:37,1957,32.61666666666667,38,27,38,27,11,Damyean Dotson makes 25-foot step back jumpshot
nba,2020,401161312,2020-01-24,Detroit Pistons,Memphis Grizzlies,DET,MEM,17-29,21-24,112,125,FALSE,Detroit Pistons,17-29,NA,NA,NA,NA,NA,NA,NA,NA,NA,NA,Memphis Grizzlies,21-24,Detroit Pistons,17-29,0.653,0.653,0.753,0.6719787516600266,0.32802124833997337,474,0,0,4,203,401161312292,292,2,3:47,1667,27.783333333333335,56,50,56,50,6,Sviatoslav Mykhailiuk makes 25-foot three point jumper (Louis King assists)
nba,2020,401161313,2020-01-24,Orlando Magic,Boston Celtics,ORL,BOS,21-25,30-14,98,109,FALSE,Boston Celtics,30-14,NA,NA,NA,NA,NA,NA,NA,NA,NA,NA,Boston Celtics,30-14,Orlando Magic,21-25,0.419,0.581,0.884,0.8687782805429864,0.13122171945701355,450,0,0,1,158,401161313217,217,2,7:04,1864,31.066666666666663,46,30,46,30,16,Terrence Ross defensive rebound
nba,2020,401161311,2020-01-24,Charlotte Hornets,Milwaukee Bucks,CHA,MIL,15-31,40-6,103,116,FALSE,Milwaukee Bucks,40-6,NA,NA,NA,NA,NA,NA,NA,NA,NA,NA,Milwaukee Bucks,40-6,Charlotte Hornets,15-31,0.105,0.895,0.682,0.8460410557184751,0.1539589442815249,502,0,0,1,364,401161311528,528,3,2:05,845,14.083333333333334,76,69,76,69,7,Brook Lopez misses 23-foot three point jumper
nba,2020,401161310,2020-01-23,Portland Trail Blazers,Dallas Mavericks,POR,DAL,19-27,28-16,125,133,FALSE,Dallas Mavericks,28-16,NA,NA,NA,NA,NA,NA,NA,NA,NA,NA,Dallas Mavericks,28-16,Portland Trail Blazers,19-27,0.412,0.5880000000000001,0.435,0.05287356321839098,0.947126436781609,451,0,0,1,3,4011613108,8,1,11:15,2835,47.25,3,2,3,2,1,Damian Lillard makes 39-foot three pointer
nba,2020,401161309,2020-01-23,Brooklyn Nets,Los Angeles Lakers,BKN,LAL,18-25,36-9,113,128,FALSE,Los Angeles Lakers,36-9,NA,NA,NA,NA,NA,NA,NA,NA,NA,NA,Los Angeles Lakers,36-9,Brooklyn Nets,18-25,0.359,0.641,0.47,0.2361702127659574,0.7638297872340426,466,0,0,1,150,401161309214,214,2,8:22,1942,32.36666666666667,50,47,50,47,3,Garrett Temple makes 26-foot three point jumper (Caris LeVert assists)
nba,2020,401161308,2020-01-23,Cleveland Cavaliers,Washington Wizards,CLE,WSH,12-33,15-29,112,124,FALSE,Cleveland Cavaliers,12-33,NA,NA,NA,NA,NA,NA,NA,NA,NA,NA,Washington Wizards,15-29,Cleveland Cavaliers,12-33,0.578,0.578,0.816,0.7745098039215685,0.22549019607843143,441,0,0,1,41,40116130856,56,1,7:15,2595,43.25,18,6,18,6,12,Collin Sexton makes dunk
nba,2020,401161307,2020-01-22,Golden State Warriors,Utah Jazz,GS,UTAH,10-36,31-13,96,129,FALSE,Utah Jazz,31-13,NA,NA,NA,NA,NA,NA,NA,NA,NA,NA,Utah Jazz,31-13,Golden State Warriors,10-36,0.292,0.708,0.342,0.14619883040935666,0.8538011695906433,474,0,0,1,20,40116130731,31,1,9:53,2753,45.88333333333333,6,4,6,4,2,Damion Lee makes 13-foot two point shot (Draymond Green assists)
nba,2020,401161305,2020-01-22,New Orleans Pelicans,San Antonio Spurs,NO,SA,17-28,20-23,117,121,FALSE,New Orleans Pelicans,17-28,NA,NA,NA,NA,NA,NA,NA,NA,NA,NA,San Antonio Spurs,20-23,New Orleans Pelicans,17-28,0.549,0.549,0.643,0.4447900466562986,0.5552099533437014,477,0,0,3,30,40116130541,41,1,8:09,2649,44.15,8,5,8,5,3,LaMarcus Aldridge shooting foul
nba,2020,401161306,2020-01-22,Phoenix Suns,Indiana Pacers,PHX,IND,18-26,29-16,87,112,FALSE,Indiana Pacers,29-16,NA,NA,NA,NA,NA,NA,NA,NA,NA,NA,Indiana Pacers,29-16,Phoenix Suns,18-26,0.482,0.518,0.485,0.00618556701030925,0.9938144329896909,456,0,0,1,21,40116130629,29,1,9:30,2730,45.5,2,2,2,2,0,Dario Saric defensive rebound
nba,2020,401161303,2020-01-22,Chicago Bulls,Minnesota Timberwolves,CHI,MIN,17-29,15-29,117,110,TRUE,Chicago Bulls,17-29,NA,NA,NA,NA,NA,NA,NA,NA,NA,NA,Chicago Bulls,17-29,Minnesota Timberwolves,15-29,0.622,0.622,0.654,0.4709480122324159,0.5290519877675841,500,0,0,1,464,401161303646,646,4,2:15,135,2.25,106,108,108,106,2,Karl-Anthony Towns makes free throw 1 of 1
nba,2020,401161304,2020-01-22,Houston Rockets,Denver Nuggets,HOU,DEN,27-16,30-14,121,105,TRUE,Houston Rockets,27-16,NA,NA,NA,NA,NA,NA,NA,NA,NA,NA,Houston Rockets,27-16,Denver Nuggets,30-14,0.619,0.619,0.581,0.3442340791738382,0.6557659208261618,471,0,0,2,51,40116130478,78,1,6:24,2544,42.4,9,16,16,9,7,Torrey Craig blocks Russell Westbrook's driving layup
nba,2020,401161298,2020-01-22,Atlanta Hawks,LA Clippers,ATL,LAC,11-34,31-14,102,95,TRUE,LA Clippers,31-14,NA,NA,NA,NA,NA,NA,NA,NA,NA,NA,Atlanta Hawks,11-34,LA Clippers,31-14,0.197,0.8029999999999999,0.984,0.983739837398374,0.0162601626016261,539,0,0,2,250,401161298360,360,2,41.6,1481.6,24.69333333333333,39,59,59,39,20,Patrick Patterson makes free throw 1 of 2
nba,2020,401161299,2020-01-22,Boston Celtics,Memphis Grizzlies,BOS,MEM,29-14,20-24,119,95,TRUE,Boston Celtics,29-14,NA,NA,NA,NA,NA,NA,NA,NA,NA,NA,Boston Celtics,29-14,Memphis Grizzlies,20-24,0.827,0.827,0.4469999999999999,0.6129753914988814,0.38702460850111864,435,0,0,1,150,401161299215,215,2,6:53,1853,30.883333333333333,35,42,42,35,7,Dillon Brooks makes 29-foot step back jumpshot
nba,2020,401161300,2020-01-22,Miami Heat,Washington Wizards,MIA,WSH,31-13,14-29,134,129,TRUE,Miami Heat,31-13,NA,NA,NA,NA,NA,NA,NA,NA,NA,NA,Miami Heat,31-13,Washington Wizards,14-29,0.834,0.834,0.843,0.8137603795966786,0.18623962040332143,509,0,0,1,434,401161300632,632,4,1:16,376,6.266666666666667,115,118,118,115,3,Bradley Beal defensive rebound
nba,2020,401161301,2020-01-22,New York Knicks,Los Angeles Lakers,NY,LAL,12-33,35-9,92,100,FALSE,Los Angeles Lakers,35-9,NA,NA,NA,NA,NA,NA,NA,NA,NA,NA,Los Angeles Lakers,35-9,New York Knicks,12-33,0.162,0.838,0.413,0.6077481840193704,0.3922518159806296,449,0,0,1,133,401161301198,198,2,7:17,1877,31.283333333333335,38,33,38,33,5,Damyean Dotson defensive rebound
nba,2020,401161296,2020-01-22,Detroit Pistons,Sacramento Kings,DET,SAC,17-28,15-29,127,106,TRUE,Detroit Pistons,17-28,NA,NA,NA,NA,NA,NA,NA,NA,NA,NA,Detroit Pistons,17-28,Sacramento Kings,15-29,0.607,0.607,0.581,0.3235800344234079,0.6764199655765921,506,0,0,1,80,401161296115,115,1,3:58,2398,39.96666666666667,14,18,18,14,4,Dewayne Dedmon makes 9-foot two point shot
nba,2020,401161297,2020-01-22,Orlando Magic,Oklahoma City Thunder,ORL,OKC,21-24,26-19,114,120,FALSE,Orlando Magic,21-24,NA,NA,NA,NA,NA,NA,NA,NA,NA,NA,Oklahoma City Thunder,26-19,Orlando Magic,21-24,0.569,0.569,0.611,0.3633387888707038,0.6366612111292962,438,0,0,1,22,40116129733,33,1,8:46,2686,44.766666666666666,6,5,6,5,1,Nikola Vucevic defensive rebound
nba,2020,401161302,2020-01-22,Toronto Raptors,Philadelphia 76ers,TOR,PHI,30-14,29-17,107,95,TRUE,Toronto Raptors,30-14,NA,NA,NA,NA,NA,NA,NA,NA,NA,NA,Toronto Raptors,30-14,Philadelphia 76ers,29-17,0.624,0.624,0.8280000000000001,0.7922705314009664,0.20772946859903363,454,0,0,1,275,401161302389,389,3,5:47,1067,17.783333333333335,56,66,66,56,10,Pascal Siakam misses 4-foot two point shot
nba,2020,401161295,2020-01-21,Dallas Mavericks,LA Clippers,DAL,LAC,27-16,31-13,107,110,FALSE,Dallas Mavericks,27-16,NA,NA,NA,NA,NA,NA,NA,NA,NA,NA,LA Clippers,31-13,Dallas Mavericks,27-16,0.619,0.619,0.728,0.6263736263736264,0.3736263736263736,531,0,0,1,174,401161295246,246,2,6:15,1815,30.25,39,33,39,33,6,Seth Curry makes 25-foot three point jumper (Jalen Brunson assists)
nba,2020,401161294,2020-01-20,Portland Trail Blazers,Golden State Warriors,POR,GS,19-26,10-35,129,124,TRUE,Portland Trail Blazers,19-26,NA,NA,NA,NA,NA,NA,NA,NA,NA,NA,Portland Trail Blazers,19-26,Golden State Warriors,10-35,0.747,0.747,0.917,0.9094874591057798,0.09051254089422024,544,0,0,1,501,401161294692,692,5,2:45,165,2.75,113,119,119,113,6,Damian Lillard misses driving layup
nba,2020,401161292,2020-01-20,Phoenix Suns,San Antonio Spurs,PHX,SA,18-25,19-23,118,120,FALSE,Phoenix Suns,18-25,NA,NA,NA,NA,NA,NA,NA,NA,NA,NA,San Antonio Spurs,19-23,Phoenix Suns,18-25,0.565,0.565,0.689,0.5486211901306239,0.45137880986937606,452,0,0,2,404,401161292600,600,4,2:55,175,2.9166666666666665,112,111,112,111,1,DeMar DeRozan shooting foul
nba,2020,401161293,2020-01-20,Utah Jazz,Indiana Pacers,UTAH,IND,30-13,28-16,118,88,TRUE,Utah Jazz,30-13,NA,NA,NA,NA,NA,NA,NA,NA,NA,NA,Utah Jazz,30-13,Indiana Pacers,28-16,0.7,0.7,0.31899999999999995,0.05956112852664552,0.9404388714733544,430,0,0,1,10,40116129318,18,1,10:18,2778,46.3,4,4,4,4,0,Donovan Mitchell misses 6-foot two point shot
nba,2020,401161291,2020-01-20,Minnesota Timberwolves,Denver Nuggets,MIN,DEN,15-28,30-13,100,107,FALSE,Denver Nuggets,30-13,NA,NA,NA,NA,NA,NA,NA,NA,NA,NA,Denver Nuggets,30-13,Minnesota Timberwolves,15-28,0.45,0.55,0.749,0.664886515353805,0.33511348464619495,437,0,0,1,163,401161291249,249,2,5:48,1788,29.8,46,36,46,36,10,Karl-Anthony Towns makes two point shot
nba,2020,401161290,2020-01-20,Boston Celtics,Los Angeles Lakers,BOS,LAL,28-14,34-9,139,107,TRUE,Los Angeles Lakers,34-9,NA,NA,NA,NA,NA,NA,NA,NA,NA,NA,Boston Celtics,28-14,Los Angeles Lakers,34-9,0.485,0.515,0.7110000000000001,0.5935302390998596,0.4064697609001404,506,0,0,1,14,40116129026,26,1,10:44,2804,46.733333333333334,0,8,8,0,8,Danny Green defensive rebound
nba,2020,401161284,2020-01-20,Charlotte Hornets,Orlando Magic,CHA,ORL,15-30,21-23,83,106,FALSE,Orlando Magic,21-23,NA,NA,NA,NA,NA,NA,NA,NA,NA,NA,Orlando Magic,21-23,Charlotte Hornets,15-30,0.41,0.5900000000000001,0.731,0.6320109439124486,0.3679890560875514,439,0,0,1,87,401161284122,122,1,1:39,2259,37.65,23,13,23,13,10,Miles Bridges makes free throw 1 of 2
nba,2020,401161285,2020-01-20,Cleveland Cavaliers,New York Knicks,CLE,NY,12-32,12-32,86,106,FALSE,Cleveland Cavaliers,12-32,NA,NA,NA,NA,NA,NA,NA,NA,NA,NA,New York Knicks,12-32,Cleveland Cavaliers,12-32,0.594,0.594,0.723,0.6168741355463347,0.38312586445366525,446,0,0,1,26,40116128542,42,1,8:08,2648,44.13333333333333,11,6,11,6,5,Kevin Love defensive rebound
nba,2020,401161286,2020-01-20,Miami Heat,Sacramento Kings,MIA,SAC,30-13,15-28,118,113,TRUE,Miami Heat,30-13,NA,NA,NA,NA,NA,NA,NA,NA,NA,NA,Miami Heat,30-13,Sacramento Kings,15-28,0.747,0.747,0.944,0.9406779661016949,0.05932203389830515,522,0,0,5,440,401161286631,631,4,1.9,301.9,5.031666666666666,103,105,105,103,2,Nemanja Bjelica makes two point shot
nba,2020,401161287,2020-01-20,Houston Rockets,Oklahoma City Thunder,HOU,OKC,26-16,25-19,107,112,FALSE,Houston Rockets,26-16,NA,NA,NA,NA,NA,NA,NA,NA,NA,NA,Oklahoma City Thunder,25-19,Houston Rockets,26-16,0.696,0.696,0.991,0.9909182643794148,0.00908173562058523,487,0,0,3,410,401161287583,583,4,6:53,413,6.883333333333334,100,85,100,85,15,Rockets Full timeout
nba,2020,401161288,2020-01-20,Memphis Grizzlies,New Orleans Pelicans,MEM,NO,20-23,17-27,116,126,FALSE,Memphis Grizzlies,20-23,NA,NA,NA,NA,NA,NA,NA,NA,NA,NA,New Orleans Pelicans,17-27,Memphis Grizzlies,20-23,0.604,0.604,0.696,0.5632183908045976,0.4367816091954024,488,0,0,1,37,40116128855,55,1,8:12,2652,44.2,14,9,14,9,5,Dillon Brooks makes 27-foot three point jumper (Jonas Valanciunas assists)
nba,2020,401161289,2020-01-20,Milwaukee Bucks,Chicago Bulls,MIL,CHI,39-6,16-29,111,98,TRUE,Milwaukee Bucks,39-6,NA,NA,NA,NA,NA,NA,NA,NA,NA,NA,Milwaukee Bucks,39-6,Chicago Bulls,16-29,0.924,0.924,0.269,0.717472118959108,0.282527881040892,490,0,0,1,222,401161289323,323,2,2:16,1576,26.266666666666666,47,50,50,47,3,Zach LaVine makes two point shot
nba,2020,401161283,2020-01-20,Brooklyn Nets,Philadelphia 76ers,BKN,PHI,18-24,29-16,111,117,FALSE,Philadelphia 76ers,29-16,NA,NA,NA,NA,NA,NA,NA,NA,NA,NA,Philadelphia 76ers,29-16,Brooklyn Nets,18-24,0.423,0.577,0.869,0.8492520138089759,0.15074798619102414,510,0,0,2,339,401161283482,482,3,2:58,898,14.966666666666669,89,79,89,79,10,Raul Neto 3 second turnover
nba,2020,401161282,2020-01-20,Atlanta Hawks,Toronto Raptors,ATL,TOR,10-34,29-14,117,122,FALSE,Toronto Raptors,29-14,NA,NA,NA,NA,NA,NA,NA,NA,NA,NA,Toronto Raptors,29-14,Atlanta Hawks,10-34,0.22,0.78,0.768,0.7135416666666667,0.28645833333333326,547,0,0,1,353,401161282508,508,3,3:07,907,15.116666666666667,79,71,79,71,8,Cam Reddish defensive rebound
nba,2020,401161281,2020-01-20,Washington Wizards,Detroit Pistons,WSH,DET,14-28,16-28,106,100,TRUE,Detroit Pistons,16-28,NA,NA,NA,NA,NA,NA,NA,NA,NA,NA,Washington Wizards,14-28,Detroit Pistons,16-28,0.494,0.506,0.739,0.6468200270635995,0.35317997293640047,458,0,0,2,87,401161281133,133,1,1:23,2243,37.38333333333333,24,31,31,24,7,Jordan McRae personal foul
nba,2020,401161280,2020-01-19,Denver Nuggets,Indiana Pacers,DEN,IND,29-13,28-15,107,115,FALSE,Denver Nuggets,29-13,NA,NA,NA,NA,NA,NA,NA,NA,NA,NA,Indiana Pacers,28-15,Denver Nuggets,29-13,0.664,0.664,0.922,0.915401301518438,0.08459869848156187,470,0,0,3,317,401161280457,457,3,1:57,837,13.95,76,66,76,66,10,Jerami Grant makes free throw 1 of 2
nba,2020,401161279,2020-01-19,San Antonio Spurs,Miami Heat,SA,MIA,18-23,29-13,107,102,TRUE,San Antonio Spurs,18-23,NA,NA,NA,NA,NA,NA,NA,NA,NA,NA,San Antonio Spurs,18-23,Miami Heat,29-13,0.509,0.509,0.765,0.6928104575163399,0.30718954248366015,453,0,0,1,60,40116127991,91,1,4:36,2436,40.6,12,23,23,12,11,Jimmy Butler makes driving layup (Bam Adebayo assists)
nba,2020,401161277,2020-01-18,Oklahoma City Thunder,Portland Trail Blazers,OKC,POR,24-19,18-26,119,106,TRUE,Oklahoma City Thunder,24-19,NA,NA,NA,NA,NA,NA,NA,NA,NA,NA,Oklahoma City Thunder,24-19,Portland Trail Blazers,18-26,0.649,0.649,0.399,0.12030075187969937,0.8796992481203006,491,0,0,2,6,40116127711,11,1,11:13,2833,47.21666666666667,0,2,2,0,2,Nassir Little makes layup
nba,2020,401161278,2020-01-18,Utah Jazz,Sacramento Kings,UTAH,SAC,29-13,15-27,123,101,TRUE,Utah Jazz,29-13,NA,NA,NA,NA,NA,NA,NA,NA,NA,NA,Utah Jazz,29-13,Sacramento Kings,15-27,0.782,0.782,0.23,0.05217391304347829,0.9478260869565216,434,0,0,1,2,4011612787,7,1,11:42,2862,47.7,0,0,0,0,0,Joe Ingles misses 25-foot three point pullup jump shot
nba,2020,401161275,2020-01-18,Houston Rockets,Los Angeles Lakers,HOU,LAL,26-15,34-8,115,124,FALSE,Los Angeles Lakers,34-8,NA,NA,NA,NA,NA,NA,NA,NA,NA,NA,Los Angeles Lakers,34-8,Houston Rockets,26-15,0.483,0.517,0.833,0.7995198079231691,0.20048019207683088,530,0,0,1,244,401161275353,353,2,1:27,1527,25.45,63,52,63,52,11,Danny Green misses two point shot
nba,2020,401161276,2020-01-18,Golden State Warriors,Orlando Magic,GS,ORL,10-34,20-23,109,95,TRUE,Orlando Magic,20-23,NA,NA,NA,NA,NA,NA,NA,NA,NA,NA,Golden State Warriors,10-34,Orlando Magic,20-23,0.426,0.5740000000000001,0.876,0.8584474885844748,0.14155251141552516,426,0,0,1,37,40116127651,51,1,7:34,2614,43.56666666666667,0,13,13,0,13,Damion Lee shooting foul
nba,2020,401161273,2020-01-18,Chicago Bulls,Cleveland Cavaliers,CHI,CLE,16-28,12-31,118,116,TRUE,Chicago Bulls,16-28,NA,NA,NA,NA,NA,NA,NA,NA,NA,NA,Chicago Bulls,16-28,Cleveland Cavaliers,12-31,0.765,0.765,0.988,0.9878542510121456,0.01214574898785425,454,0,0,1,312,401161273461,461,3,1:14,794,13.233333333333333,81,99,99,81,18,Shaquille Harrison shooting foul
nba,2020,401161274,2020-01-18,Minnesota Timberwolves,Toronto Raptors,MIN,TOR,15-27,28-14,112,122,FALSE,Toronto Raptors,28-14,NA,NA,NA,NA,NA,NA,NA,NA,NA,NA,Toronto Raptors,28-14,Minnesota Timberwolves,15-27,0.423,0.577,0.662,0.4894259818731119,0.5105740181268881,485,0,0,2,92,401161274144,144,1,1:08,2228,37.13333333333333,37,28,37,28,9,Gorgui Dieng defensive rebound
nba,2020,401161271,2020-01-18,Atlanta Hawks,Detroit Pistons,ATL,DET,10-33,16-27,103,136,FALSE,Detroit Pistons,16-27,NA,NA,NA,NA,NA,NA,NA,NA,NA,NA,Detroit Pistons,16-27,Atlanta Hawks,10-33,0.413,0.587,0.513,0.1949317738791423,0.8050682261208577,470,0,0,2,6,40116127112,12,1,11:02,2822,47.03333333333333,3,0,3,0,3,Bruce Brown bad pass (De'Andre Hunter steals)
nba,2020,401161272,2020-01-18,New York Knicks,Philadelphia 76ers,NY,PHI,11-32,28-16,87,90,FALSE,Philadelphia 76ers,28-16,NA,NA,NA,NA,NA,NA,NA,NA,NA,NA,Philadelphia 76ers,28-16,New York Knicks,11-32,0.266,0.734,0.519,0.48747591522158,0.51252408477842,457,0,0,2,438,401161272627,627,4,30.9,30.9,0.515,87,86,87,86,1,76ers Full timeout
nba,2020,401161270,2020-01-18,Boston Celtics,Phoenix Suns,BOS,PHX,27-14,18-24,119,123,FALSE,Boston Celtics,27-14,NA,NA,NA,NA,NA,NA,NA,NA,NA,NA,Phoenix Suns,18-24,Boston Celtics,27-14,0.813,0.813,0.855,0.8304093567251463,0.16959064327485374,492,0,0,1,4,4011612709,9,1,11:26,2846,47.43333333333333,3,0,3,0,3,Marcus Smart defensive rebound
nba,2020,401161269,2020-01-18,Brooklyn Nets,Milwaukee Bucks,BKN,MIL,18-23,38-6,97,117,FALSE,Milwaukee Bucks,38-6,NA,NA,NA,NA,NA,NA,NA,NA,NA,NA,Milwaukee Bucks,38-6,Brooklyn Nets,18-23,0.233,0.767,0.328,0.28963414634146345,0.7103658536585366,489,0,0,1,27,40116126938,38,1,9:12,2712,45.2,9,5,9,5,4,Kyrie Irving personal foul
nba,2020,401161268,2020-01-18,New Orleans Pelicans,LA Clippers,NO,LAC,16-27,30-13,130,133,FALSE,LA Clippers,30-13,NA,NA,NA,NA,NA,NA,NA,NA,NA,NA,LA Clippers,30-13,New Orleans Pelicans,16-27,0.312,0.688,0.907,0.8974641675854467,0.10253583241455332,534,0,0,1,367,401161268532,532,3,1:27,807,13.45,106,96,106,96,10,Landry Shamet personal foul
nba,2020,401161267,2020-01-17,Dallas Mavericks,Portland Trail Blazers,DAL,POR,27-15,18-25,120,112,TRUE,Dallas Mavericks,27-15,NA,NA,NA,NA,NA,NA,NA,NA,NA,NA,Dallas Mavericks,27-15,Portland Trail Blazers,18-25,0.774,0.774,0.489,0.5378323108384458,0.46216768916155415,466,0,0,1,31,40116126743,43,1,8:12,2652,44.2,3,14,14,3,11,Carmelo Anthony makes 3-foot two point shot
nba,2020,401161266,2020-01-17,San Antonio Spurs,Atlanta Hawks,SA,ATL,17-23,10-32,120,121,FALSE,San Antonio Spurs,17-23,NA,NA,NA,NA,NA,NA,NA,NA,NA,NA,Atlanta Hawks,10-32,San Antonio Spurs,17-23,0.786,0.786,0.982,0.9816700610997964,0.01832993890020362,489,0,0,1,389,401161266560,560,4,9:40,580,9.666666666666666,107,93,107,93,14,Brandon Goodwin defensive rebound
nba,2020,401161264,2020-01-17,Memphis Grizzlies,Cleveland Cavaliers,MEM,CLE,20-22,12-30,113,109,TRUE,Memphis Grizzlies,20-22,NA,NA,NA,NA,NA,NA,NA,NA,NA,NA,Memphis Grizzlies,20-22,Cleveland Cavaliers,12-30,0.763,0.763,0.651,0.6359447004608295,0.3640552995391705,481,0,0,1,224,401161264304,304,2,1:06,1506,25.1,48,56,56,48,8,Tristan Thompson defensive rebound
nba,2020,401161265,2020-01-17,Oklahoma City Thunder,Miami Heat,OKC,MIA,23-19,29-12,108,115,FALSE,Oklahoma City Thunder,23-19,NA,NA,NA,NA,NA,NA,NA,NA,NA,NA,Miami Heat,29-12,Oklahoma City Thunder,23-19,0.52,0.52,0.591,0.3079526226734348,0.6920473773265652,442,0,0,2,12,40116126522,22,1,10:21,2781,46.35,7,4,7,4,3,Nerlens Noel makes 6-foot hook shot (Chris Paul assists)
nba,2020,401161261,2020-01-17,Indiana Pacers,Minnesota Timberwolves,IND,MIN,27-15,15-26,116,114,TRUE,Indiana Pacers,27-15,NA,NA,NA,NA,NA,NA,NA,NA,NA,NA,Indiana Pacers,27-15,Minnesota Timberwolves,15-26,0.757,0.757,0.569,0.5729349736379613,0.4270650263620387,455,0,0,1,434,401161261627,627,4,59.3,59.3,0.9883333333333332,114,114,114,114,0,Malcolm Brogdon lost ball turnover (Shabazz Napier steals)
nba,2020,401161262,2020-01-17,Philadelphia 76ers,Chicago Bulls,PHI,CHI,27-16,15-28,100,89,TRUE,Philadelphia 76ers,27-16,NA,NA,NA,NA,NA,NA,NA,NA,NA,NA,Philadelphia 76ers,27-16,Chicago Bulls,15-28,0.778,0.778,0.494,0.5506072874493928,0.4493927125506072,409,0,0,1,235,401161262346,346,3,7:58,1198,19.966666666666665,55,58,58,55,3,Al Horford misses 19-foot jumper
nba,2020,401161263,2020-01-17,Toronto Raptors,Washington Wizards,TOR,WSH,27-14,13-28,140,111,TRUE,Toronto Raptors,27-14,NA,NA,NA,NA,NA,NA,NA,NA,NA,NA,Toronto Raptors,27-14,Washington Wizards,13-28,0.869,0.869,0.14600000000000002,0.10273972602739734,0.8972602739726027,470,0,0,1,6,40116126313,13,1,10:59,2819,46.983333333333334,2,3,3,2,1,Isaac Bonga makes three point jumper (Isaiah Thomas assists)
nba,2020,401161259,2020-01-16,Golden State Warriors,Denver Nuggets,GS,DEN,9-34,29-12,131,134,FALSE,Denver Nuggets,29-12,NA,NA,NA,NA,NA,NA,NA,NA,NA,NA,Denver Nuggets,29-12,Golden State Warriors,9-34,0.338,0.6619999999999999,0.96,0.9583333333333331,0.04166666666666674,537,0,0,3,389,401161259565,565,4,8:44,824,13.733333333333333,93,82,93,82,11,Malik Beasley shooting foul
nba,2020,401161260,2020-01-16,LA Clippers,Orlando Magic,LAC,ORL,29-13,20-22,122,95,TRUE,LA Clippers,29-13,NA,NA,NA,NA,NA,NA,NA,NA,NA,NA,LA Clippers,29-13,Orlando Magic,20-22,0.785,0.785,0.272,0.2095588235294119,0.7904411764705881,472,0,0,1,17,40116126031,31,1,8:25,2665,44.416666666666664,12,13,13,12,1,Khem Birch defensive rebound
nba,2020,401161257,2020-01-16,Milwaukee Bucks,Boston Celtics,MIL,BOS,37-6,27-13,128,123,TRUE,Milwaukee Bucks,37-6,NA,NA,NA,NA,NA,NA,NA,NA,NA,NA,Milwaukee Bucks,37-6,Boston Celtics,27-13,0.792,0.792,0.222,0.06306306306306309,0.9369369369369368,519,0,0,1,3,4011612579,9,1,11:43,2863,47.71666666666667,0,0,0,0,0,Jayson Tatum defensive rebound
nba,2020,401161258,2020-01-16,New Orleans Pelicans,Utah Jazz,NO,UTAH,16-26,28-13,138,132,TRUE,Utah Jazz,28-13,NA,NA,NA,NA,NA,NA,NA,NA,NA,NA,New Orleans Pelicans,16-26,Utah Jazz,28-13,0.433,0.567,0.91,0.9010989010989012,0.09890109890109876,538,0,0,1,439,401161258645,645,4,36.5,336.5,5.608333333333333,118,121,121,118,3,Joe Ingles makes free throw 1 of 2
nba,2020,401161256,2020-01-16,New York Knicks,Phoenix Suns,NY,PHX,11-31,17-24,98,121,FALSE,Phoenix Suns,17-24,NA,NA,NA,NA,NA,NA,NA,NA,NA,NA,Phoenix Suns,17-24,New York Knicks,11-31,0.432,0.5680000000000001,0.704,0.5795454545454544,0.4204545454545456,488,0,0,1,146,401161256201,201,2,10:29,2069,34.483333333333334,35,27,35,27,8,Mitchell Robinson offensive rebound
nba,2020,401161255,2020-01-15,Los Angeles Lakers,Orlando Magic,LAL,ORL,33-8,20-21,118,119,FALSE,Los Angeles Lakers,33-8,NA,NA,NA,NA,NA,NA,NA,NA,NA,NA,Orlando Magic,20-21,Los Angeles Lakers,33-8,0.809,0.809,0.845,0.8165680473372781,0.18343195266272191,486,0,0,1,15,40116125522,22,1,10:07,2767,46.11666666666667,6,2,6,2,4,JaVale McGee makes hook shot (LeBron James assists)
nba,2020,401161254,2020-01-15,Sacramento Kings,Dallas Mavericks,SAC,DAL,15-26,26-15,123,127,FALSE,Dallas Mavericks,26-15,NA,NA,NA,NA,NA,NA,NA,NA,NA,NA,Dallas Mavericks,26-15,Sacramento Kings,15-26,0.375,0.625,0.549,0.31693989071038253,0.6830601092896175,473,0,0,2,149,401161254212,212,2,7:41,1901,31.683333333333337,47,43,47,43,4,Marvin Bagley III defensive rebound
nba,2020,401161253,2020-01-15,Houston Rockets,Portland Trail Blazers,HOU,POR,26-14,18-24,107,117,FALSE,Houston Rockets,26-14,NA,NA,NA,NA,NA,NA,NA,NA,NA,NA,Portland Trail Blazers,18-24,Houston Rockets,26-14,0.731,0.731,0.783,0.722860791826309,0.277139208173691,497,0,0,1,4,40116125311,11,1,11:37,2857,47.61666666666667,3,0,3,0,3,James Harden makes 26-foot step back jumpshot
nba,2020,401161252,2020-01-15,Denver Nuggets,Charlotte Hornets,DEN,CHA,28-12,15-29,100,86,TRUE,Denver Nuggets,28-12,NA,NA,NA,NA,NA,NA,NA,NA,NA,NA,Denver Nuggets,28-12,Charlotte Hornets,15-29,0.899,0.899,0.233,0.5665236051502147,0.4334763948497853,459,0,0,2,50,40116125280,80,1,4:22,2422,40.36666666666667,14,19,19,14,5,Hornets defensive team rebound
nba,2020,401161249,2020-01-15,Chicago Bulls,Washington Wizards,CHI,WSH,15-27,13-27,115,106,TRUE,Chicago Bulls,15-27,NA,NA,NA,NA,NA,NA,NA,NA,NA,NA,Chicago Bulls,15-27,Washington Wizards,13-27,0.656,0.656,0.654,0.4740061162079511,0.5259938837920489,449,0,0,1,339,401161249490,490,4,10:00,600,10,90,92,92,90,2,Anzejs Pasecniks makes free throw 1 of 2
nba,2020,401161250,2020-01-15,Minnesota Timberwolves,Indiana Pacers,MIN,IND,15-25,26-15,99,104,FALSE,Indiana Pacers,26-15,NA,NA,NA,NA,NA,NA,NA,NA,NA,NA,Indiana Pacers,26-15,Minnesota Timberwolves,15-25,0.426,0.5740000000000001,0.76,0.6842105263157894,0.3157894736842106,434,0,0,1,185,401161250275,275,2,3:22,1642,27.366666666666667,52,43,52,43,9,Andrew Wiggins defensive rebound
nba,2020,401161251,2020-01-15,Oklahoma City Thunder,Toronto Raptors,OKC,TOR,23-18,26-14,121,130,FALSE,Toronto Raptors,26-14,NA,NA,NA,NA,NA,NA,NA,NA,NA,NA,Toronto Raptors,26-14,Oklahoma City Thunder,23-18,0.487,0.513,0.563,0.22380106571936031,0.7761989342806397,446,0,0,1,4,40116125111,11,1,11:20,2840,47.333333333333336,4,0,4,0,4,Chris Paul makes two point shot (Steven Adams assists)
nba,2020,401161248,2020-01-15,Miami Heat,San Antonio Spurs,MIA,SA,28-12,17-22,106,100,TRUE,Miami Heat,28-12,NA,NA,NA,NA,NA,NA,NA,NA,NA,NA,Miami Heat,28-12,San Antonio Spurs,17-22,0.696,0.696,0.724,0.6187845303867403,0.3812154696132597,429,0,0,3,271,401161248379,379,3,2:59,899,14.983333333333333,68,74,74,68,6,DeMar DeRozan makes technical free throw
nba,2020,401161246,2020-01-15,Boston Celtics,Detroit Pistons,BOS,DET,27-12,15-27,103,116,FALSE,Boston Celtics,27-12,NA,NA,NA,NA,NA,NA,NA,NA,NA,NA,Detroit Pistons,15-27,Boston Celtics,27-12,0.831,0.831,0.864,0.8425925925925926,0.15740740740740744,425,0,0,1,5,40116124615,15,1,11:00,2820,47,4,2,4,2,2,Daniel Theis makes free throw 1 of 2
nba,2020,401161247,2020-01-15,Philadelphia 76ers,Brooklyn Nets,PHI,BKN,26-16,18-22,117,106,TRUE,Philadelphia 76ers,26-16,NA,NA,NA,NA,NA,NA,NA,NA,NA,NA,Philadelphia 76ers,26-16,Brooklyn Nets,18-22,0.789,0.789,0.747,0.7175368139223561,0.28246318607764387,489,0,0,1,343,401161247487,487,3,42.6,762.6,12.71,84,89,89,84,5,Raul Neto shooting foul
nba,2020,401161244,2020-01-14,Golden State Warriors,Dallas Mavericks,GS,DAL,9-33,25-15,97,124,FALSE,Dallas Mavericks,25-15,NA,NA,NA,NA,NA,NA,NA,NA,NA,NA,Dallas Mavericks,25-15,Golden State Warriors,9-33,0.264,0.736,0.27,0.02222222222222225,0.9777777777777776,446,0,0,1,9,40116124414,14,1,11:08,2828,47.13333333333333,3,2,3,2,1,Draymond Green makes 27-foot three point jumper (Alec Burks assists)
nba,2020,401161245,2020-01-14,LA Clippers,Cleveland Cavaliers,LAC,CLE,28-13,12-29,128,103,TRUE,LA Clippers,28-13,NA,NA,NA,NA,NA,NA,NA,NA,NA,NA,LA Clippers,28-13,Cleveland Cavaliers,12-29,0.929,0.929,0.16100000000000003,0.5590062111801246,0.4409937888198754,447,0,0,1,121,401161245179,179,2,9:11,1991,33.18333333333333,33,34,34,33,1,John Henson blocks Montrezl Harrell 's 4-foot driving floating jump shot
nba,2020,401161242,2020-01-14,Memphis Grizzlies,Houston Rockets,MEM,HOU,19-22,26-13,121,110,TRUE,Houston Rockets,26-13,NA,NA,NA,NA,NA,NA,NA,NA,NA,NA,Memphis Grizzlies,19-22,Houston Rockets,26-13,0.317,0.683,0.865,0.8439306358381502,0.1560693641618498,457,0,0,1,42,40116124258,58,1,7:32,2612,43.53333333333333,8,19,19,8,11,Clint Capela makes tip shot
nba,2020,401161243,2020-01-14,Milwaukee Bucks,New York Knicks,MIL,NY,36-6,11-30,128,102,TRUE,Milwaukee Bucks,36-6,NA,NA,NA,NA,NA,NA,NA,NA,NA,NA,Milwaukee Bucks,36-6,New York Knicks,11-30,0.968,0.968,0.04700000000000004,0.3191489361702128,0.6808510638297872,525,0,0,1,92,401161243128,128,1,3:02,2342,39.03333333333333,23,21,21,23,-2,Mitchell Robinson makes 2-foot alley oop dunk shot (Kadeem Allen assists)
nba,2020,401161240,2020-01-14,Atlanta Hawks,Phoenix Suns,ATL,PHX,9-32,16-24,123,110,TRUE,Phoenix Suns,16-24,NA,NA,NA,NA,NA,NA,NA,NA,NA,NA,Atlanta Hawks,9-32,Phoenix Suns,16-24,0.437,0.563,0.6779999999999999,0.5250737463126842,0.4749262536873158,498,0,0,1,18,40116124025,25,1,10:08,2768,46.13333333333333,2,7,7,2,5,Cam Reddish misses driving floating jump shot
nba,2020,401161241,2020-01-14,Brooklyn Nets,Utah Jazz,BKN,UTAH,18-21,28-12,107,118,FALSE,Utah Jazz,28-12,NA,NA,NA,NA,NA,NA,NA,NA,NA,NA,Utah Jazz,28-12,Brooklyn Nets,18-21,0.434,0.5660000000000001,0.575,0.26086956521739113,0.7391304347826089,429,0,0,1,24,40116124138,38,1,8:02,2642,44.03333333333333,12,7,12,7,5,Kyrie Irving makes technical free throw
nba,2020,401161239,2020-01-13,Los Angeles Lakers,Cleveland Cavaliers,LAL,CLE,33-7,12-28,128,99,TRUE,Los Angeles Lakers,33-7,NA,NA,NA,NA,NA,NA,NA,NA,NA,NA,Los Angeles Lakers,33-7,Cleveland Cavaliers,12-28,0.938,0.938,0.508,0.8779527559055117,0.1220472440944883,480,0,0,2,135,401161239205,205,2,8:25,1945,32.416666666666664,23,36,36,23,13,Kevin Love makes free throw 2 of 3
nba,2020,401161237,2020-01-13,Portland Trail Blazers,Charlotte Hornets,POR,CHA,17-24,15-28,115,112,TRUE,Portland Trail Blazers,17-24,NA,NA,NA,NA,NA,NA,NA,NA,NA,NA,Portland Trail Blazers,17-24,Charlotte Hornets,15-28,0.824,0.824,0.5609999999999999,0.6862745098039215,0.31372549019607854,445,0,0,1,327,401161237471,471,3,28.9,748.9,12.481666666666666,86,89,89,86,3,Damian Lillard misses 24-foot three point jumper
nba,2020,401161238,2020-01-13,Sacramento Kings,Orlando Magic,SAC,ORL,15-25,19-21,112,114,FALSE,Sacramento Kings,15-25,NA,NA,NA,NA,NA,NA,NA,NA,NA,NA,Orlando Magic,19-21,Sacramento Kings,15-25,0.517,0.517,0.663,0.49170437405731526,0.5082956259426847,452,0,0,1,429,401161238597,597,4,15.8,15.8,0.26333333333333336,111,111,111,111,0,Wes Iwundu enters the game for Terrence Ross
nba,2020,401161236,2020-01-13,Minnesota Timberwolves,Oklahoma City Thunder,MIN,OKC,15-24,23-17,104,117,FALSE,Oklahoma City Thunder,23-17,NA,NA,NA,NA,NA,NA,NA,NA,NA,NA,Oklahoma City Thunder,23-17,Minnesota Timberwolves,15-24,0.494,0.506,0.724,0.6187845303867403,0.3812154696132597,457,0,0,1,164,401161236236,236,2,7:11,1871,31.183333333333337,46,38,46,38,8,Treveon Graham makes tip shot
nba,2020,401161235,2020-01-13,Boston Celtics,Chicago Bulls,BOS,CHI,27-11,14-27,113,101,TRUE,Boston Celtics,27-11,NA,NA,NA,NA,NA,NA,NA,NA,NA,NA,Boston Celtics,27-11,Chicago Bulls,14-27,0.827,0.827,0.21899999999999997,0.21004566210045628,0.7899543378995437,463,0,0,1,20,40116123530,30,1,8:56,2696,44.93333333333333,4,6,6,4,2,Lauri Markkanen personal foul
nba,2020,401161233,2020-01-13,Detroit Pistons,New Orleans Pelicans,DET,NO,14-27,15-26,110,117,FALSE,Detroit Pistons,14-27,NA,NA,NA,NA,NA,NA,NA,NA,NA,NA,New Orleans Pelicans,15-26,Detroit Pistons,14-27,0.579,0.579,0.646,0.4520123839009289,0.5479876160990711,530,0,0,1,15,40116123323,23,1,10:03,3063,51.05,7,4,7,4,3,Sekou Doumbouya makes 4-foot two point shot (Bruce Brown assists)
nba,2020,401161234,2020-01-13,Indiana Pacers,Philadelphia 76ers,IND,PHI,25-15,25-16,101,95,TRUE,Indiana Pacers,25-15,NA,NA,NA,NA,NA,NA,NA,NA,NA,NA,Indiana Pacers,25-15,Philadelphia 76ers,25-16,0.571,0.571,0.868,0.8479262672811059,0.15207373271889413,471,0,0,1,291,401161234399,399,3,5:18,1038,17.3,52,62,62,52,10,Matisse Thybulle misses free throw 1 of 2
nba,2020,401161231,2020-01-12,Denver Nuggets,LA Clippers,DEN,LAC,27-12,27-13,114,104,TRUE,Denver Nuggets,27-12,NA,NA,NA,NA,NA,NA,NA,NA,NA,NA,Denver Nuggets,27-12,LA Clippers,27-13,0.511,0.511,0.669,0.5052316890881914,0.4947683109118086,498,0,0,1,45,40116123167,67,1,5:56,2516,41.93333333333333,11,18,18,11,7,Lou Williams makes 16-foot two point shot
nba,2020,401161232,2020-01-12,Phoenix Suns,Charlotte Hornets,PHX,CHA,16-23,15-27,100,92,TRUE,Phoenix Suns,16-23,NA,NA,NA,NA,NA,NA,NA,NA,NA,NA,Phoenix Suns,16-23,Charlotte Hornets,15-27,0.771,0.771,0.712,0.678370786516854,0.321629213483146,455,0,0,1,129,401161232181,181,2,9:13,1993,33.21666666666667,22,36,36,22,14,Dwayne Bacon makes 6-foot two point shot
nba,2020,401161228,2020-01-12,Brooklyn Nets,Atlanta Hawks,BKN,ATL,18-20,8-32,108,86,TRUE,Brooklyn Nets,18-20,NA,NA,NA,NA,NA,NA,NA,NA,NA,NA,Brooklyn Nets,18-20,Atlanta Hawks,8-32,0.767,0.767,0.233,0,1,494,0,0,1,1,4011612284,4,1,12:00,2880,48,0,0,0,0,0,John Collins vs. Jarrett Allen (Spencer Dinwiddie gains possession)
nba,2020,401161229,2020-01-12,Toronto Raptors,San Antonio Spurs,TOR,SA,25-14,17-21,104,105,FALSE,Toronto Raptors,25-14,NA,NA,NA,NA,NA,NA,NA,NA,NA,NA,San Antonio Spurs,17-21,Toronto Raptors,25-14,0.779,0.779,0.981,0.980632008154944,0.019367991845056,469,0,0,3,301,401161229428,428,3,4:16,976,16.266666666666666,74,56,74,56,18,Rondae Hollis-Jefferson makes layup (Kyle Lowry assists)
nba,2020,401161230,2020-01-12,Memphis Grizzlies,Golden State Warriors,MEM,GS,18-22,9-32,122,102,TRUE,Memphis Grizzlies,18-22,NA,NA,NA,NA,NA,NA,NA,NA,NA,NA,Memphis Grizzlies,18-22,Golden State Warriors,9-32,0.646,0.646,0.565,0.3734513274336283,0.6265486725663717,510,0,0,1,23,40116123036,36,1,8:56,2696,44.93333333333333,2,9,9,2,7,Omari Spellman defensive rebound
nba,2020,401161226,2020-01-12,New York Knicks,Miami Heat,NY,MIA,11-29,27-12,124,121,TRUE,Miami Heat,27-12,NA,NA,NA,NA,NA,NA,NA,NA,NA,NA,New York Knicks,11-29,Miami Heat,27-12,0.271,0.729,0.951,0.9484752891692954,0.05152471083070464,458,0,0,3,301,401161226427,427,3,2:47,887,14.783333333333331,75,87,87,75,12,Meyers Leonard makes free throw 1 of 2
nba,2020,401161227,2020-01-12,Washington Wizards,Utah Jazz,WSH,UTAH,13-26,27-12,116,127,FALSE,Utah Jazz,27-12,NA,NA,NA,NA,NA,NA,NA,NA,NA,NA,Utah Jazz,27-12,Washington Wizards,13-26,0.293,0.7070000000000001,0.889,0.875140607424072,0.12485939257592804,441,0,0,1,224,401161227329,329,3,8:25,1225,20.416666666666668,77,62,77,62,15,Bradley Beal makes 17-foot step back jumpshot (Ian Mahinmi assists)
nba,2020,401161225,2020-01-11,Portland Trail Blazers,Milwaukee Bucks,POR,MIL,16-24,35-6,101,122,FALSE,Milwaukee Bucks,35-6,NA,NA,NA,NA,NA,NA,NA,NA,NA,NA,Milwaukee Bucks,35-6,Portland Trail Blazers,16-24,0.294,0.706,0.419,0.29832935560859175,0.7016706443914082,502,0,0,1,24,40116122536,36,1,9:31,2731,45.516666666666666,6,2,6,2,4,Eric Bledsoe lost ball turnover (Kent Bazemore steals)
nba,2020,401161224,2020-01-11,Denver Nuggets,Cleveland Cavaliers,DEN,CLE,26-12,12-27,103,111,FALSE,Denver Nuggets,26-12,NA,NA,NA,NA,NA,NA,NA,NA,NA,NA,Cleveland Cavaliers,12-27,Denver Nuggets,26-12,0.905,0.905,0.908,0.8986784140969164,0.1013215859030836,441,0,0,1,2,4011612247,7,1,11:37,2857,47.61666666666667,0,0,0,0,0,Darius Garland misses 23-foot three point jumper
nba,2020,401161223,2020-01-11,Dallas Mavericks,Philadelphia 76ers,DAL,PHI,24-15,25-15,109,91,TRUE,Dallas Mavericks,24-15,NA,NA,NA,NA,NA,NA,NA,NA,NA,NA,Dallas Mavericks,24-15,Philadelphia 76ers,25-15,0.597,0.597,0.812,0.7684729064039411,0.23152709359605897,470,0,0,1,217,401161223302,302,2,54.2,1494.2,24.903333333333332,38,50,50,38,12,Josh Richardson makes free throw 1 of 1
nba,2020,401161222,2020-01-11,Oklahoma City Thunder,Los Angeles Lakers,OKC,LAL,22-17,32-7,110,125,FALSE,Los Angeles Lakers,32-7,NA,NA,NA,NA,NA,NA,NA,NA,NA,NA,Los Angeles Lakers,32-7,Oklahoma City Thunder,22-17,0.421,0.579,0.435,0.03218390804597693,0.9678160919540232,448,0,0,1,2,4011612227,7,1,11:49,2869,47.81666666666667,0,0,0,0,0,JaVale McGee misses 12-foot two point shot
nba,2020,401161220,2020-01-11,Boston Celtics,New Orleans Pelicans,BOS,NO,26-11,14-26,140,105,TRUE,Boston Celtics,26-11,NA,NA,NA,NA,NA,NA,NA,NA,NA,NA,Boston Celtics,26-11,New Orleans Pelicans,14-26,0.802,0.802,0.254,0.22047244094488205,0.779527559055118,478,0,0,2,39,40116122056,56,1,8:58,2698,44.96666666666667,5,7,7,5,2,Josh Hart defensive rebound
nba,2020,401161221,2020-01-11,Detroit Pistons,Chicago Bulls,DET,CHI,14-26,14-26,99,108,FALSE,Detroit Pistons,14-26,NA,NA,NA,NA,NA,NA,NA,NA,NA,NA,Chicago Bulls,14-26,Detroit Pistons,14-26,0.655,0.655,0.751,0.6684420772303594,0.3315579227696406,452,0,0,1,16,40116122124,24,1,9:16,2716,45.266666666666666,7,2,7,2,5,Kris Dunn misses 6-foot two point shot
nba,2020,401161219,2020-01-11,Houston Rockets,Minnesota Timberwolves,HOU,MIN,26-12,15-23,139,109,TRUE,Houston Rockets,26-12,NA,NA,NA,NA,NA,NA,NA,NA,NA,NA,Houston Rockets,26-12,Minnesota Timberwolves,15-23,0.793,0.793,0.348,0.40517241379310354,0.5948275862068965,537,0,0,1,115,401161219155,155,1,1:29,2249,37.483333333333334,15,17,17,15,2,Russell Westbrook shooting foul
nba,2020,401161218,2020-01-10,LA Clippers,Golden State Warriors,LAC,GS,27-12,9-31,109,100,TRUE,LA Clippers,27-12,NA,NA,NA,NA,NA,NA,NA,NA,NA,NA,LA Clippers,27-12,Golden State Warriors,9-31,0.908,0.908,0.887,0.8962795941375423,0.10372040586245768,503,0,0,1,364,401161218516,516,3,5.8,725.8,12.096666666666666,73,83,83,73,10,JaMychal Green shooting foul
nba,2020,401161217,2020-01-10,Sacramento Kings,Milwaukee Bucks,SAC,MIL,15-24,34-6,106,127,FALSE,Milwaukee Bucks,34-6,NA,NA,NA,NA,NA,NA,NA,NA,NA,NA,Milwaukee Bucks,34-6,Sacramento Kings,15-24,0.251,0.749,0.494,0.4919028340080972,0.5080971659919028,490,0,0,1,291,401161217411,411,3,6:56,1136,18.933333333333337,63,60,63,60,3,Harry Giles III makes layup (Nemanja Bjelica assists)
nba,2020,401161214,2020-01-10,Dallas Mavericks,Los Angeles Lakers,DAL,LAL,23-15,31-7,114,129,FALSE,Dallas Mavericks,23-15,NA,NA,NA,NA,NA,NA,NA,NA,NA,NA,Los Angeles Lakers,31-7,Dallas Mavericks,23-15,0.51,0.51,0.559,0.21109123434704857,0.7889087656529514,525,0,0,1,4,4011612149,9,1,11:31,2851,47.516666666666666,2,0,2,0,2,Dwight Powell makes 3-foot alley oop dunk shot (Luka Doncic assists)
nba,2020,401161215,2020-01-10,Phoenix Suns,Orlando Magic,PHX,ORL,15-23,18-21,98,94,TRUE,Phoenix Suns,15-23,NA,NA,NA,NA,NA,NA,NA,NA,NA,NA,Phoenix Suns,15-23,Orlando Magic,18-21,0.545,0.545,0.815,0.7730061349693251,0.22699386503067487,480,0,0,1,458,401161215653,653,4,58.1,58.1,0.9683333333333334,90,94,94,90,4,Suns Full timeout
nba,2020,401161216,2020-01-10,Utah Jazz,Charlotte Hornets,UTAH,CHA,26-12,15-26,109,92,TRUE,Utah Jazz,26-12,NA,NA,NA,NA,NA,NA,NA,NA,NA,NA,Utah Jazz,26-12,Charlotte Hornets,15-26,0.894,0.894,0.15900000000000003,0.3333333333333336,0.6666666666666664,409,0,0,1,25,40116121640,40,1,8:04,2644,44.06666666666667,5,7,7,5,2,Miles Bridges defensive rebound
nba,2020,401161212,2020-01-10,Chicago Bulls,Indiana Pacers,CHI,IND,13-26,24-15,105,116,FALSE,Indiana Pacers,24-15,NA,NA,NA,NA,NA,NA,NA,NA,NA,NA,Indiana Pacers,24-15,Chicago Bulls,13-26,0.457,0.5429999999999999,0.561,0.2174688057041001,0.7825311942958999,408,0,0,2,4,40116121210,10,1,10:58,2818,46.96666666666667,5,0,5,0,5,Tomas Satoransky makes 8-foot driving floating jump shot
nba,2020,401161213,2020-01-10,Memphis Grizzlies,San Antonio Spurs,MEM,SA,17-22,16-21,134,121,TRUE,Memphis Grizzlies,17-22,NA,NA,NA,NA,NA,NA,NA,NA,NA,NA,Memphis Grizzlies,17-22,San Antonio Spurs,16-21,0.505,0.505,0.5680000000000001,0.23943661971831,0.76056338028169,463,0,0,1,17,40116121325,25,1,9:56,2756,45.93333333333333,3,6,6,3,3,DeMar DeRozan makes two point shot
nba,2020,401161210,2020-01-10,Brooklyn Nets,Miami Heat,BKN,MIA,17-20,27-11,117,113,TRUE,Miami Heat,27-11,NA,NA,NA,NA,NA,NA,NA,NA,NA,NA,Brooklyn Nets,17-20,Miami Heat,27-11,0.446,0.554,0.95,0.9473684210526316,0.05263157894736836,446,0,0,1,391,401161210555,555,4,4:49,289,4.816666666666666,100,109,109,100,9,Duncan Robinson defensive rebound
nba,2020,401161211,2020-01-10,New York Knicks,New Orleans Pelicans,NY,NO,10-29,14-25,111,123,FALSE,New Orleans Pelicans,14-25,NA,NA,NA,NA,NA,NA,NA,NA,NA,NA,New Orleans Pelicans,14-25,New York Knicks,10-29,0.418,0.5820000000000001,0.535,0.2186915887850469,0.7813084112149531,461,0,0,2,75,401161211108,108,1,4:11,2411,40.18333333333333,23,20,23,20,3,Jaxson Hayes misses free throw 2 of 2
nba,2020,401161209,2020-01-10,Washington Wizards,Atlanta Hawks,WSH,ATL,13-25,8-31,111,101,TRUE,Washington Wizards,13-25,NA,NA,NA,NA,NA,NA,NA,NA,NA,NA,Washington Wizards,13-25,Atlanta Hawks,8-31,0.665,0.665,0.813,0.7699876998769988,0.2300123001230012,548,0,0,1,461,401161209641,641,4,8:21,501,8.35,83,89,89,83,6,Alex Len defensive rebound
nba,2020,401161208,2020-01-09,Oklahoma City Thunder,Houston Rockets,OKC,HOU,22-16,25-12,113,92,TRUE,Oklahoma City Thunder,22-16,NA,NA,NA,NA,NA,NA,NA,NA,NA,NA,Oklahoma City Thunder,22-16,Houston Rockets,25-12,0.5,0.5,0.593,0.3136593591905563,0.6863406408094437,445,0,0,2,16,40116120825,25,1,9:58,2758,45.96666666666667,4,6,6,4,2,James Harden makes free throw 1 of 2
nba,2020,401161207,2020-01-09,Minnesota Timberwolves,Portland Trail Blazers,MIN,POR,15-22,16-23,116,102,TRUE,Minnesota Timberwolves,15-22,NA,NA,NA,NA,NA,NA,NA,NA,NA,NA,Minnesota Timberwolves,15-22,Portland Trail Blazers,16-23,0.517,0.517,0.7110000000000001,0.5935302390998596,0.4064697609001404,501,0,0,1,117,401161207161,161,1,1:47,2267,37.78333333333333,21,29,29,21,8,Noah Vonleh lost ball turnover (Mario Hezonja steals)
nba,2020,401161205,2020-01-09,Detroit Pistons,Cleveland Cavaliers,DET,CLE,14-25,11-27,112,115,FALSE,Detroit Pistons,14-25,NA,NA,NA,NA,NA,NA,NA,NA,NA,NA,Cleveland Cavaliers,11-27,Detroit Pistons,14-25,0.767,0.767,0.96,0.9583333333333331,0.04166666666666674,501,0,0,1,400,401161205574,574,4,4:27,567,9.45,99,92,99,92,7,Tristan Thompson shooting foul
nba,2020,401161206,2020-01-09,Philadelphia 76ers,Boston Celtics,PHI,BOS,25-14,25-11,109,98,TRUE,Philadelphia 76ers,25-14,NA,NA,NA,NA,NA,NA,NA,NA,NA,NA,Philadelphia 76ers,25-14,Boston Celtics,25-11,0.627,0.627,0.852,0.8262910798122065,0.1737089201877935,435,0,0,1,165,401161206239,239,2,6:20,1820,30.333333333333332,33,47,47,33,14,Jayson Tatum makes free throw 1 of 2
nba,2020,401161204,2020-01-08,Golden State Warriors,Milwaukee Bucks,GS,MIL,9-30,33-6,98,107,FALSE,Milwaukee Bucks,33-6,NA,NA,NA,NA,NA,NA,NA,NA,NA,NA,Milwaukee Bucks,33-6,Golden State Warriors,9-30,0.167,0.833,0.276,0.3949275362318839,0.6050724637681161,503,0,0,1,108,401161204152,152,1,42.0,2202,36.7,19,17,19,17,2,Jacob Evans defensive rebound
nba,2020,401161203,2020-01-08,Utah Jazz,New York Knicks,UTAH,NY,25-12,10-28,128,104,TRUE,Utah Jazz,25-12,NA,NA,NA,NA,NA,NA,NA,NA,NA,NA,Utah Jazz,25-12,New York Knicks,10-28,0.891,0.891,0.127,0.141732283464567,0.858267716535433,440,0,0,1,10,40116120316,16,1,10:44,2804,46.733333333333334,2,4,4,2,2,Reggie Bullock makes 19-foot pullup jump shot
nba,2020,401161202,2020-01-08,New Orleans Pelicans,Chicago Bulls,NO,CHI,13-25,13-25,123,108,TRUE,New Orleans Pelicans,13-25,NA,NA,NA,NA,NA,NA,NA,NA,NA,NA,New Orleans Pelicans,13-25,Chicago Bulls,13-25,0.624,0.624,0.644,0.44720496894409933,0.5527950310559007,479,0,0,1,250,401161202346,346,3,10:28,1348,22.466666666666665,50,56,56,50,6,Kris Dunn makes 25-foot three point jumper (Thaddeus Young assists)
nba,2020,401161200,2020-01-08,Atlanta Hawks,Houston Rockets,ATL,HOU,8-30,25-11,115,122,FALSE,Houston Rockets,25-11,NA,NA,NA,NA,NA,NA,NA,NA,NA,NA,Houston Rockets,25-11,Atlanta Hawks,8-30,0.183,0.817,0.307,0.40390879478827346,0.5960912052117265,557,0,0,5,482,401161200674,674,4,4:51,291,4.85,105,108,105,108,-3,Kevin Huerter defensive rebound
nba,2020,401161201,2020-01-08,Dallas Mavericks,Denver Nuggets,DAL,DEN,23-14,26-11,106,107,FALSE,Dallas Mavericks,23-14,NA,NA,NA,NA,NA,NA,NA,NA,NA,NA,Denver Nuggets,26-11,Dallas Mavericks,23-14,0.671,0.671,0.858,0.8344988344988344,0.16550116550116556,441,0,0,1,410,401161201595,595,4,2:20,140,2.3333333333333335,106,101,106,101,5,Tim Hardaway Jr. makes 16-foot pullup jump shot (Dorian Finney-Smith assists)
nba,2020,401161196,2020-01-08,Boston Celtics,San Antonio Spurs,BOS,SA,25-10,16-20,114,129,FALSE,Boston Celtics,25-10,NA,NA,NA,NA,NA,NA,NA,NA,NA,NA,San Antonio Spurs,16-20,Boston Celtics,25-10,0.754,0.754,0.754,0.6737400530503979,0.32625994694960214,479,0,0,1,1,4011611964,4,1,12:00,2880,48,0,0,0,0,0,LaMarcus Aldridge vs. Daniel Theis (Dejounte Murray gains possession)
nba,2020,401161197,2020-01-08,Charlotte Hornets,Toronto Raptors,CHA,TOR,15-25,25-13,110,112,FALSE,Toronto Raptors,25-13,NA,NA,NA,NA,NA,NA,NA,NA,NA,NA,Toronto Raptors,25-13,Charlotte Hornets,15-25,0.242,0.758,0.956,0.9539748953974896,0.04602510460251041,499,0,0,1,395,401161197575,575,4,5:38,638,10.633333333333333,94,84,94,84,10,Terence Davis misses 25-foot three point jumper
nba,2020,401161198,2020-01-08,Indiana Pacers,Miami Heat,IND,MIA,23-15,27-10,108,122,FALSE,Indiana Pacers,23-15,NA,NA,NA,NA,NA,NA,NA,NA,NA,NA,Miami Heat,27-10,Indiana Pacers,23-15,0.548,0.548,0.617,0.3792544570502432,0.6207455429497568,438,0,0,1,10,40116119818,18,1,10:14,2774,46.233333333333334,5,2,5,2,3,Myles Turner makes 24-foot three point jumper (Domantas Sabonis assists)
nba,2020,401161199,2020-01-08,Orlando Magic,Washington Wizards,ORL,WSH,18-20,12-25,123,89,TRUE,Orlando Magic,18-20,NA,NA,NA,NA,NA,NA,NA,NA,NA,NA,Orlando Magic,18-20,Washington Wizards,12-25,0.752,0.752,0.43400000000000005,0.4285714285714286,0.5714285714285714,477,0,0,1,150,401161199219,219,2,7:20,1880,31.333333333333332,38,42,42,38,4,Ish Smith makes step back jumpshot
nba,2020,401161195,2020-01-07,Los Angeles Lakers,New York Knicks,LAL,NY,30-7,10-27,117,87,TRUE,Los Angeles Lakers,30-7,NA,NA,NA,NA,NA,NA,NA,NA,NA,NA,Los Angeles Lakers,30-7,New York Knicks,10-27,0.919,0.919,0.129,0.3720930232558143,0.6279069767441857,468,0,0,1,131,401161195192,192,2,10:43,2083,34.71666666666667,28,26,26,28,-2,Kevin Knox II defensive rebound
nba,2020,401161194,2020-01-07,Phoenix Suns,Sacramento Kings,PHX,SAC,14-23,15-23,103,114,FALSE,Phoenix Suns,14-23,NA,NA,NA,NA,NA,NA,NA,NA,NA,NA,Sacramento Kings,15-23,Phoenix Suns,14-23,0.629,0.629,0.988,0.9878542510121456,0.01214574898785425,476,0,0,1,303,401161194434,434,3,4:25,985,16.416666666666668,83,62,83,62,21,Elie Okobo makes 25-foot three point jumper (Dario Saric assists)
nba,2020,401161193,2020-01-07,Memphis Grizzlies,Minnesota Timberwolves,MEM,MIN,16-22,14-22,119,112,TRUE,Memphis Grizzlies,16-22,NA,NA,NA,NA,NA,NA,NA,NA,NA,NA,Memphis Grizzlies,16-22,Minnesota Timberwolves,14-22,0.569,0.569,0.899,0.8876529477196886,0.1123470522803114,477,0,0,2,398,401161193568,568,4,7:58,478,7.966666666666667,86,94,94,86,8,Jonas Valanciunas steps out of bounds turnover
nba,2020,401161192,2020-01-07,Brooklyn Nets,Oklahoma City Thunder,BKN,OKC,16-20,21-16,103,111,FALSE,Brooklyn Nets,16-20,NA,NA,NA,NA,NA,NA,NA,NA,NA,NA,Oklahoma City Thunder,21-16,Brooklyn Nets,16-20,0.53,0.53,0.919,0.911860718171926,0.08813928182807396,517,0,0,1,442,401161192615,615,4,3:30,510,8.5,96,89,96,89,7,Spencer Dinwiddie personal foul
nba,2020,401161190,2020-01-07,Cleveland Cavaliers,Detroit Pistons,CLE,DET,10-27,14-24,113,115,FALSE,Detroit Pistons,14-24,NA,NA,NA,NA,NA,NA,NA,NA,NA,NA,Detroit Pistons,14-24,Cleveland Cavaliers,10-27,0.399,0.601,0.957,0.955067920585162,0.04493207941483801,453,0,0,2,311,401161190457,457,3,27.5,747.5,12.458333333333334,94,81,94,81,13,Darius Garland makes free throw 1 of 2
nba,2020,401161191,2020-01-07,Toronto Raptors,Portland Trail Blazers,TOR,POR,24-13,16-22,99,101,FALSE,Toronto Raptors,24-13,NA,NA,NA,NA,NA,NA,NA,NA,NA,NA,Portland Trail Blazers,16-22,Toronto Raptors,24-13,0.759,0.759,0.972,0.97119341563786,0.02880658436213989,468,0,0,1,390,401161191544,544,4,8:01,481,8.016666666666667,85,73,85,73,12,Chris Boucher defensive rebound
nba,2020,401161189,2020-01-06,Sacramento Kings,Golden State Warriors,SAC,GS,14-23,9-29,111,98,TRUE,Sacramento Kings,14-23,NA,NA,NA,NA,NA,NA,NA,NA,NA,NA,Sacramento Kings,14-23,Golden State Warriors,9-29,0.675,0.675,0.48,0.32291666666666674,0.6770833333333333,491,0,0,1,21,40116118936,36,1,9:18,2718,45.3,3,8,8,3,5,Glenn Robinson III defensive rebound
nba,2020,401161187,2020-01-06,Dallas Mavericks,Chicago Bulls,DAL,CHI,23-13,13-24,118,110,TRUE,Dallas Mavericks,23-13,NA,NA,NA,NA,NA,NA,NA,NA,NA,NA,Dallas Mavericks,23-13,Chicago Bulls,13-24,0.818,0.818,0.4,0.5449999999999999,0.45500000000000007,442,0,0,1,283,401161187406,406,3,5:48,1068,17.8,69,68,68,69,-1,Dorian Finney-Smith shooting foul
nba,2020,401161188,2020-01-06,San Antonio Spurs,Milwaukee Bucks,SA,MIL,15-20,32-6,126,104,TRUE,Milwaukee Bucks,32-6,NA,NA,NA,NA,NA,NA,NA,NA,NA,NA,San Antonio Spurs,15-20,Milwaukee Bucks,32-6,0.251,0.749,0.844,0.8151658767772512,0.18483412322274884,463,0,0,1,11,40116118818,18,1,10:08,2768,46.13333333333333,2,9,9,2,7,Eric Bledsoe makes step back jumpshot
nba,2020,401161186,2020-01-06,New Orleans Pelicans,Utah Jazz,NO,UTAH,12-25,24-12,126,128,FALSE,Utah Jazz,24-12,NA,NA,NA,NA,NA,NA,NA,NA,NA,NA,Utah Jazz,24-12,New Orleans Pelicans,12-25,0.411,0.589,0.654,0.4709480122324159,0.5290519877675841,481,0,0,1,369,401161186512,512,4,11:24,684,11.4,99,95,99,95,4,E'Twaun Moore makes 5-foot hook shot
nba,2020,401161185,2020-01-06,Atlanta Hawks,Denver Nuggets,ATL,DEN,8-29,25-11,115,123,FALSE,Denver Nuggets,25-11,NA,NA,NA,NA,NA,NA,NA,NA,NA,NA,Denver Nuggets,25-11,Atlanta Hawks,8-29,0.288,0.712,0.457,0.3698030634573304,0.6301969365426696,475,0,0,2,397,401161185584,584,4,8:00,480,8,100,101,100,101,-1,Jamal Murray bad pass (De'Andre Hunter steals)
nba,2020,401161181,2020-01-06,Charlotte Hornets,Indiana Pacers,CHA,IND,15-24,23-14,104,115,FALSE,Indiana Pacers,23-14,NA,NA,NA,NA,NA,NA,NA,NA,NA,NA,Indiana Pacers,23-14,Charlotte Hornets,15-24,0.307,0.6930000000000001,0.549,0.44080145719489994,0.5591985428051001,429,0,0,1,95,401161181134,134,1,43.2,2203.2,36.72,28,22,28,22,6,Goga Bitadze shooting foul
nba,2020,401161182,2020-01-06,Orlando Magic,Brooklyn Nets,ORL,BKN,17-20,16-19,101,89,TRUE,Orlando Magic,17-20,NA,NA,NA,NA,NA,NA,NA,NA,NA,NA,Orlando Magic,17-20,Brooklyn Nets,16-19,0.631,0.631,0.554,0.3339350180505416,0.6660649819494584,492,0,0,1,389,401161182529,529,4,8:57,537,8.95,76,78,78,76,2,Wilson Chandler makes 6-foot driving floating jump shot
nba,2020,401161183,2020-01-06,Philadelphia 76ers,Oklahoma City Thunder,PHI,OKC,24-14,20-16,120,113,TRUE,Philadelphia 76ers,24-14,NA,NA,NA,NA,NA,NA,NA,NA,NA,NA,Philadelphia 76ers,24-14,Oklahoma City Thunder,20-16,0.725,0.725,0.468,0.41239316239316226,0.5876068376068377,499,0,0,1,372,401161183535,535,4,10:06,606,10.1,92,90,90,92,-2,James Ennis III shooting foul
nba,2020,401161184,2020-01-06,Washington Wizards,Boston Celtics,WSH,BOS,12-24,25-9,99,94,TRUE,Boston Celtics,25-9,NA,NA,NA,NA,NA,NA,NA,NA,NA,NA,Washington Wizards,12-24,Boston Celtics,25-9,0.25,0.75,0.75,0.6666666666666667,0.33333333333333326,490,0,0,1,1,4011611844,4,1,12:00,2880,48,0,0,0,0,0,Daniel Theis vs. Ian Mahinmi (Marcus Smart gains possession)
nba,2020,401161180,2020-01-05,Los Angeles Lakers,Detroit Pistons,LAL,DET,29-7,13-24,106,99,TRUE,Los Angeles Lakers,29-7,NA,NA,NA,NA,NA,NA,NA,NA,NA,NA,Los Angeles Lakers,29-7,Detroit Pistons,13-24,0.859,0.859,0.654,0.7844036697247706,0.2155963302752294,494,0,0,1,368,401161180542,542,4,12:00,720,12,75,79,79,75,4,Frank Vogel technical foul (1st technical foul)
nba,2020,401161179,2020-01-05,Phoenix Suns,Memphis Grizzlies,PHX,MEM,14-22,15-22,114,121,FALSE,Phoenix Suns,14-22,NA,NA,NA,NA,NA,NA,NA,NA,NA,NA,Memphis Grizzlies,15-22,Phoenix Suns,14-22,0.714,0.714,0.871,0.8518943742824341,0.14810562571756591,471,0,0,1,75,401161179112,112,1,2:53,2333,38.88333333333333,26,15,26,15,11,Devin Booker makes 16-foot pullup jump shot
nba,2020,401161178,2020-01-05,Cleveland Cavaliers,Minnesota Timberwolves,CLE,MIN,10-26,14-21,103,118,FALSE,Minnesota Timberwolves,14-21,NA,NA,NA,NA,NA,NA,NA,NA,NA,NA,Minnesota Timberwolves,14-21,Cleveland Cavaliers,10-26,0.387,0.613,0.506,0.2351778656126482,0.7648221343873518,448,0,0,3,371,401161178529,529,4,8:29,509,8.483333333333333,97,96,97,96,1,Dante Exum makes 29-foot three point jumper
nba,2020,401161177,2020-01-05,Miami Heat,Portland Trail Blazers,MIA,POR,26-10,15-22,122,111,TRUE,Miami Heat,26-10,NA,NA,NA,NA,NA,NA,NA,NA,NA,NA,Miami Heat,26-10,Portland Trail Blazers,15-22,0.698,0.698,0.32199999999999995,0.0621118012422357,0.9378881987577644,436,0,0,1,7,40116117712,12,1,11:10,2830,47.166666666666664,0,0,0,0,0,Hassan Whiteside defensive rebound
nba,2020,401161176,2020-01-05,LA Clippers,New York Knicks,LAC,NY,26-12,10-26,135,132,TRUE,LA Clippers,26-12,NA,NA,NA,NA,NA,NA,NA,NA,NA,NA,LA Clippers,26-12,New York Knicks,10-26,0.902,0.902,0.575,0.8295652173913044,0.1704347826086956,498,0,0,1,111,401161176159,159,2,11:37,2137,35.61666666666667,31,45,45,31,14,Landry Shamet shooting foul
nba,2020,401161175,2020-01-04,Sacramento Kings,New Orleans Pelicans,SAC,NO,13-23,12-24,115,117,FALSE,Sacramento Kings,13-23,NA,NA,NA,NA,NA,NA,NA,NA,NA,NA,New Orleans Pelicans,12-24,Sacramento Kings,13-23,0.612,0.612,0.823,0.7849331713244228,0.21506682867557725,536,0,0,1,180,401161175260,260,2,6:43,1843,30.716666666666665,39,30,39,30,9,Richaun Holmes defensive rebound
nba,2020,401161172,2020-01-04,Dallas Mavericks,Charlotte Hornets,DAL,CHA,22-13,15-23,120,123,FALSE,Dallas Mavericks,22-13,NA,NA,NA,NA,NA,NA,NA,NA,NA,NA,Charlotte Hornets,15-23,Dallas Mavericks,22-13,0.912,0.912,0.973,0.972250770811922,0.02774922918807809,511,0,0,1,356,401161172507,507,4,8:48,828,13.8,94,82,94,82,12,Miles Bridges misses 8-foot two point shot
nba,2020,401161173,2020-01-04,Milwaukee Bucks,San Antonio Spurs,MIL,SA,32-5,14-20,127,118,TRUE,Milwaukee Bucks,32-5,NA,NA,NA,NA,NA,NA,NA,NA,NA,NA,Milwaukee Bucks,32-5,San Antonio Spurs,14-20,0.897,0.897,0.415,0.7518072289156628,0.24819277108433724,504,0,0,1,86,401161173116,116,1,2:32,2312,38.53333333333333,17,28,28,17,11,Patty Mills makes free throw 2 of 3
nba,2020,401161174,2020-01-04,Golden State Warriors,Detroit Pistons,GS,DET,9-28,13-23,104,111,FALSE,Golden State Warriors,9-28,NA,NA,NA,NA,NA,NA,NA,NA,NA,NA,Detroit Pistons,13-23,Golden State Warriors,9-28,0.536,0.536,0.696,0.5632183908045976,0.4367816091954024,460,0,0,1,227,401161174342,342,3,10:32,1352,22.533333333333335,59,56,59,56,3,Andre Drummond shooting foul
nba,2020,401161170,2020-01-04,Washington Wizards,Denver Nuggets,WSH,DEN,11-24,24-11,128,114,TRUE,Denver Nuggets,24-11,NA,NA,NA,NA,NA,NA,NA,NA,NA,NA,Washington Wizards,11-24,Denver Nuggets,24-11,0.29,0.71,0.859,0.8358556461001163,0.1641443538998837,487,0,0,1,45,40116117062,62,1,7:16,2596,43.266666666666666,4,11,11,4,7,Jordan McRae personal foul
nba,2020,401161171,2020-01-04,Chicago Bulls,Boston Celtics,CHI,BOS,13-23,25-8,104,111,FALSE,Boston Celtics,25-8,NA,NA,NA,NA,NA,NA,NA,NA,NA,NA,Boston Celtics,25-8,Chicago Bulls,13-23,0.367,0.633,0.676,0.5207100591715976,0.47928994082840243,460,0,0,1,42,40116117159,59,1,6:19,2539,42.31666666666667,18,6,18,6,12,Lauri Markkanen makes 24-foot three point jumper (Tomas Satoransky assists)
nba,2020,401161168,2020-01-04,Atlanta Hawks,Indiana Pacers,ATL,IND,8-28,22-14,116,111,TRUE,Indiana Pacers,22-14,NA,NA,NA,NA,NA,NA,NA,NA,NA,NA,Atlanta Hawks,8-28,Indiana Pacers,22-14,0.274,0.726,0.751,0.6684420772303594,0.3315579227696406,498,0,0,1,316,401161168464,464,3,3:04,904,15.066666666666666,85,89,89,85,4,Trae Young lost ball turnover (T.J. McConnell steals)
nba,2020,401161169,2020-01-04,Cleveland Cavaliers,Oklahoma City Thunder,CLE,OKC,10-25,20-15,106,121,FALSE,Oklahoma City Thunder,20-15,NA,NA,NA,NA,NA,NA,NA,NA,NA,NA,Oklahoma City Thunder,20-15,Cleveland Cavaliers,10-25,0.339,0.661,0.497,0.31790744466800813,0.6820925553319919,478,0,0,1,23,40116116934,34,1,8:37,2677,44.61666666666667,10,5,10,5,5,Tristan Thompson defensive rebound
nba,2020,401161167,2020-01-04,Orlando Magic,Utah Jazz,ORL,UTAH,16-20,23-12,96,109,FALSE,Utah Jazz,23-12,NA,NA,NA,NA,NA,NA,NA,NA,NA,NA,Utah Jazz,23-12,Orlando Magic,16-20,0.462,0.538,0.556,0.2014388489208634,0.7985611510791366,431,0,0,1,313,401161167440,440,3,37.3,757.3,12.621666666666666,75,74,75,74,1,Emmanuel Mudiay misses driving layup
nba,2020,401161166,2020-01-04,Brooklyn Nets,Toronto Raptors,BKN,TOR,16-18,24-12,102,121,FALSE,Toronto Raptors,24-12,NA,NA,NA,NA,NA,NA,NA,NA,NA,NA,Toronto Raptors,24-12,Brooklyn Nets,16-18,0.428,0.5720000000000001,0.883,0.8674971687429218,0.13250283125707818,493,0,0,1,207,401161166298,298,2,3:38,1658,27.633333333333333,52,36,52,36,16,Taurean Prince makes 25-foot three point jumper (Joe Harris assists)
nba,2020,401161165,2020-01-04,LA Clippers,Memphis Grizzlies,LAC,MEM,25-12,14-22,114,140,FALSE,LA Clippers,25-12,NA,NA,NA,NA,NA,NA,NA,NA,NA,NA,Memphis Grizzlies,14-22,LA Clippers,25-12,0.903,0.903,0.911,0.902305159165752,0.09769484083424795,499,0,0,1,4,4011611659,9,1,11:32,2852,47.53333333333333,2,0,2,0,2,Ivica Zubac makes tip shot
nba,2020,401161164,2020-01-03,Los Angeles Lakers,New Orleans Pelicans,LAL,NO,28-7,11-24,123,113,TRUE,Los Angeles Lakers,28-7,NA,NA,NA,NA,NA,NA,NA,NA,NA,NA,Los Angeles Lakers,28-7,New Orleans Pelicans,11-24,0.818,0.818,0.241,0.24481327800829855,0.7551867219917014,455,0,0,1,17,40116116433,33,1,10:04,2764,46.06666666666667,6,8,8,6,2,LeBron James out of bounds lost ball turnover
nba,2020,401161163,2020-01-03,Phoenix Suns,New York Knicks,PHX,NY,14-21,10-25,120,112,TRUE,Phoenix Suns,14-21,NA,NA,NA,NA,NA,NA,NA,NA,NA,NA,Phoenix Suns,14-21,New York Knicks,10-25,0.75,0.75,0.743,0.6635262449528937,0.3364737550471063,518,0,0,1,248,401161163347,347,2,2.5,1442.5,24.041666666666668,51,60,60,51,9,Kelly Oubre Jr. shooting foul
nba,2020,401161162,2020-01-03,Houston Rockets,Philadelphia 76ers,HOU,PHI,24-11,23-14,118,108,TRUE,Houston Rockets,24-11,NA,NA,NA,NA,NA,NA,NA,NA,NA,NA,Houston Rockets,24-11,Philadelphia 76ers,23-14,0.621,0.621,0.663,0.49170437405731526,0.5082956259426847,487,0,0,1,101,401161162138,138,1,1:52,2272,37.86666666666667,12,22,22,12,10,Al Horford makes 26-foot three point jumper (Trey Burke assists)
nba,2020,401161159,2020-01-03,Boston Celtics,Atlanta Hawks,BOS,ATL,24-8,7-28,109,106,TRUE,Boston Celtics,24-8,NA,NA,NA,NA,NA,NA,NA,NA,NA,NA,Boston Celtics,24-8,Atlanta Hawks,7-28,0.908,0.908,0.603,0.8474295190713101,0.15257048092868986,490,0,0,1,116,401161159169,169,1,36.0,2196,36.6,14,32,32,14,18,Brandon Goodwin makes 30-foot three point jumper (Jabari Parker assists)
nba,2020,401161160,2020-01-03,Orlando Magic,Miami Heat,ORL,MIA,16-19,25-10,105,85,TRUE,Orlando Magic,16-19,NA,NA,NA,NA,NA,NA,NA,NA,NA,NA,Orlando Magic,16-19,Miami Heat,25-10,0.523,0.523,0.5860000000000001,0.2935153583617749,0.7064846416382251,451,0,0,1,80,401161160120,120,1,2:25,2305,38.416666666666664,19,22,22,19,3,Meyers Leonard defensive rebound
nba,2020,401161161,2020-01-03,Washington Wizards,Portland Trail Blazers,WSH,POR,10-24,15-21,103,122,FALSE,Portland Trail Blazers,15-21,NA,NA,NA,NA,NA,NA,NA,NA,NA,NA,Portland Trail Blazers,15-21,Washington Wizards,10-24,0.455,0.5449999999999999,0.625,0.3999999999999999,0.6000000000000001,493,0,0,1,121,401161161178,178,2,10:02,2042,34.03333333333333,37,32,37,32,5,Anzejs Pasecniks defensive rebound
nba,2020,401161158,2020-01-02,LA Clippers,Detroit Pistons,LAC,DET,25-11,12-23,126,112,TRUE,LA Clippers,25-11,NA,NA,NA,NA,NA,NA,NA,NA,NA,NA,LA Clippers,25-11,Detroit Pistons,12-23,0.835,0.835,0.506,0.6739130434782608,0.32608695652173925,498,0,0,1,142,401161158205,205,2,9:23,2003,33.38333333333333,34,43,43,34,9,Lou Williams bad pass (Andre Drummond steals)
nba,2020,401161157,2020-01-02,Sacramento Kings,Memphis Grizzlies,SAC,MEM,13-22,13-22,128,123,TRUE,Sacramento Kings,13-22,NA,NA,NA,NA,NA,NA,NA,NA,NA,NA,Sacramento Kings,13-22,Memphis Grizzlies,13-22,0.612,0.612,0.908,0.8986784140969164,0.1013215859030836,498,0,0,1,126,401161157183,183,2,10:29,2069,34.483333333333334,26,46,46,26,20,Bogdan Bogdanovic misses driving layup
nba,2020,401161155,2020-01-02,Dallas Mavericks,Brooklyn Nets,DAL,BKN,22-12,16-17,123,111,TRUE,Dallas Mavericks,22-12,NA,NA,NA,NA,NA,NA,NA,NA,NA,NA,Dallas Mavericks,22-12,Brooklyn Nets,16-17,0.784,0.784,0.6910000000000001,0.6874095513748192,0.3125904486251808,466,0,0,1,222,401161155318,318,2,1:21,1521,25.35,53,62,62,53,9,Justin Jackson enters the game for Dwight Powell
nba,2020,401161156,2020-01-02,San Antonio Spurs,Oklahoma City Thunder,SA,OKC,14-19,19-15,103,109,FALSE,San Antonio Spurs,14-19,NA,NA,NA,NA,NA,NA,NA,NA,NA,NA,Oklahoma City Thunder,19-15,San Antonio Spurs,14-19,0.594,0.594,0.89,0.8764044943820224,0.1235955056179776,441,0,0,4,148,401161156214,214,2,7:20,1880,31.333333333333332,43,30,43,30,13,LaMarcus Aldridge makes free throw 1 of 2
nba,2020,401161153,2020-01-02,Chicago Bulls,Utah Jazz,CHI,UTAH,13-22,22-12,98,102,FALSE,Utah Jazz,22-12,NA,NA,NA,NA,NA,NA,NA,NA,NA,NA,Utah Jazz,22-12,Chicago Bulls,13-22,0.423,0.577,0.808,0.7623762376237624,0.2376237623762376,454,0,0,2,223,401161153310,310,3,10:23,1343,22.383333333333333,58,47,58,47,11,Zach LaVine makes driving layup
nba,2020,401161154,2020-01-02,Minnesota Timberwolves,Golden State Warriors,MIN,GS,13-21,9-27,99,84,TRUE,Minnesota Timberwolves,13-21,NA,NA,NA,NA,NA,NA,NA,NA,NA,NA,Minnesota Timberwolves,13-21,Golden State Warriors,9-27,0.641,0.641,0.43700000000000006,0.17848970251716256,0.8215102974828374,466,0,0,1,19,40116115432,32,1,9:29,2729,45.483333333333334,5,8,8,5,3,Damion Lee makes tip shot
nba,2020,401161152,2020-01-02,Miami Heat,Toronto Raptors,MIA,TOR,25-9,23-12,84,76,TRUE,Miami Heat,25-9,NA,NA,NA,NA,NA,NA,NA,NA,NA,NA,Miami Heat,25-9,Toronto Raptors,23-12,0.592,0.592,0.577,0.29289428076256485,0.7071057192374351,434,0,0,1,132,401161152190,190,2,9:50,2030,33.833333333333336,21,25,25,21,4,Chris Boucher defensive rebound
nba,2020,401161150,2020-01-02,Cleveland Cavaliers,Charlotte Hornets,CLE,CHA,10-24,14-23,106,109,FALSE,Cleveland Cavaliers,10-24,NA,NA,NA,NA,NA,NA,NA,NA,NA,NA,Charlotte Hornets,14-23,Cleveland Cavaliers,10-24,0.606,0.606,0.966,0.9648033126293996,0.03519668737060044,430,0,0,1,364,401161150512,512,4,6:00,360,6,98,88,98,88,10,Dante Exum defensive rebound
nba,2020,401161151,2020-01-02,Indiana Pacers,Denver Nuggets,IND,DEN,22-13,24-10,116,124,FALSE,Indiana Pacers,22-13,NA,NA,NA,NA,NA,NA,NA,NA,NA,NA,Denver Nuggets,24-10,Indiana Pacers,22-13,0.561,0.561,0.866,0.8452655889145497,0.15473441108545027,443,0,0,2,49,40116115180,80,1,4:51,2451,40.85,26,13,26,13,13,Nikola Jokic shooting foul
nba,2020,401161149,2020-01-01,Los Angeles Lakers,Phoenix Suns,LAL,PHX,27-7,13-21,117,107,TRUE,Los Angeles Lakers,27-7,NA,NA,NA,NA,NA,NA,NA,NA,NA,NA,Los Angeles Lakers,27-7,Phoenix Suns,13-21,0.85,0.85,0.15000000000000002,0,1,500,0,0,1,1,4011611494,4,1,12:00,2880,48,0,0,0,0,0,Aron Baynes vs. JaVale McGee
nba,2020,401161148,2020-01-01,Milwaukee Bucks,Minnesota Timberwolves,MIL,MIN,56-17,19-45,106,104,TRUE,Milwaukee Bucks,56-17,NA,NA,NA,NA,NA,NA,NA,NA,NA,NA,Milwaukee Bucks,56-17,Minnesota Timberwolves,19-45,0.928,0.928,0.422,0.8293838862559243,0.1706161137440757,532,0,0,1,514,401161148729,729,4,46.2,46.2,0.77,106,104,104,106,-2,Gorgui Dieng makes free throw 1 of 2
nba,2020,401161147,2020-01-01,New York Knicks,Portland Trail Blazers,NY,POR,10-24,14-21,117,93,TRUE,Portland Trail Blazers,14-21,NA,NA,NA,NA,NA,NA,NA,NA,NA,NA,New York Knicks,10-24,Portland Trail Blazers,14-21,0.398,0.602,0.766,0.6945169712793733,0.3054830287206267,449,0,0,1,66,40116114788,88,1,5:40,2500,41.666666666666664,9,16,16,9,7,Elfrid Payton misses 17-foot jumper
nba,2020,401161146,2020-01-01,Washington Wizards,Orlando Magic,WSH,ORL,10-23,15-19,101,122,FALSE,Orlando Magic,15-19,NA,NA,NA,NA,NA,NA,NA,NA,NA,NA,Orlando Magic,15-19,Washington Wizards,10-23,0.476,0.524,0.526,0.0988593155893538,0.9011406844106462,492,0,0,1,153,401161146223,223,2,7:14,1874,31.233333333333334,39,38,39,38,1,Evan Fournier bad pass (Isaac Bonga steals)
nba,2020,401161145,2019-12-31,Oklahoma City Thunder,Dallas Mavericks,OKC,DAL,18-15,21-12,106,101,TRUE,Dallas Mavericks,21-12,NA,NA,NA,NA,NA,NA,NA,NA,NA,NA,Oklahoma City Thunder,18-15,Dallas Mavericks,21-12,0.425,0.575,0.907,0.8974641675854467,0.10253583241455332,512,0,0,1,473,401161145655,655,4,2:57,177,2.95,92,99,99,92,7,Luka Doncic makes 28-foot three point jumper (Maxi Kleber assists)
nba,2020,401161142,2019-12-31,Toronto Raptors,Cleveland Cavaliers,TOR,CLE,23-11,10-23,117,97,TRUE,Toronto Raptors,23-11,NA,NA,NA,NA,NA,NA,NA,NA,NA,NA,Toronto Raptors,23-11,Cleveland Cavaliers,10-23,0.884,0.884,0.19599999999999995,0.40816326530612235,0.5918367346938777,449,0,0,1,100,401161142140,140,1,58.9,2218.9,36.98166666666667,24,23,23,24,-1,Oshae Brissett shooting foul
nba,2020,401161143,2019-12-31,Houston Rockets,Denver Nuggets,HOU,DEN,23-11,23-10,130,104,TRUE,Houston Rockets,23-11,NA,NA,NA,NA,NA,NA,NA,NA,NA,NA,Houston Rockets,23-11,Denver Nuggets,23-10,0.624,0.624,0.506,0.2569169960474308,0.7430830039525692,475,0,0,2,18,40116114326,26,1,9:28,2728,45.46666666666667,3,7,7,3,4,James Harden misses free throw 2 of 2
nba,2020,401161144,2019-12-31,San Antonio Spurs,Golden State Warriors,SA,GS,14-18,9-26,117,113,TRUE,San Antonio Spurs,14-18,NA,NA,NA,NA,NA,NA,NA,NA,NA,NA,San Antonio Spurs,14-18,Golden State Warriors,9-26,0.723,0.723,0.732,0.6338797814207651,0.36612021857923494,482,0,0,1,397,401161144580,580,4,4:26,566,9.433333333333334,89,93,93,89,4,Damion Lee makes 34-foot three point jumper (Glenn Robinson III assists)
nba,2020,401161141,2019-12-31,Sacramento Kings,LA Clippers,SAC,LAC,12-22,24-11,87,105,FALSE,LA Clippers,24-11,NA,NA,NA,NA,NA,NA,NA,NA,NA,NA,LA Clippers,24-11,Sacramento Kings,12-22,0.306,0.694,0.433,0.29330254041570425,0.7066974595842958,461,0,0,1,12,40116114121,21,1,10:31,2791,46.516666666666666,5,0,5,0,5,Nemanja Bjelica defensive rebound
nba,2020,401161139,2019-12-31,Charlotte Hornets,Boston Celtics,CHA,BOS,13-23,23-8,92,109,FALSE,Boston Celtics,23-8,NA,NA,NA,NA,NA,NA,NA,NA,NA,NA,Boston Celtics,23-8,Charlotte Hornets,13-23,0.186,0.8140000000000001,0.292,0.3630136986301371,0.6369863013698629,460,0,0,1,36,40116113953,53,1,7:01,2581,43.016666666666666,12,7,12,7,5,Miles Bridges makes two point shot
nba,2020,401161140,2019-12-31,Indiana Pacers,Philadelphia 76ers,IND,PHI,22-12,23-13,115,97,TRUE,Indiana Pacers,22-12,NA,NA,NA,NA,NA,NA,NA,NA,NA,NA,Indiana Pacers,22-12,Philadelphia 76ers,23-13,0.525,0.525,0.581,0.27882960413080893,0.7211703958691911,458,0,0,1,13,40116114023,23,1,9:53,2753,45.88333333333333,3,8,8,3,5,Josh Richardson makes 27-foot three point jumper (Ben Simmons assists)
nba,2020,401161138,2019-12-30,Portland Trail Blazers,Phoenix Suns,POR,PHX,14-20,13-20,116,122,FALSE,Portland Trail Blazers,14-20,NA,NA,NA,NA,NA,NA,NA,NA,NA,NA,Phoenix Suns,13-20,Portland Trail Blazers,14-20,0.689,0.689,0.954,0.9517819706498952,0.04821802935010488,470,0,0,3,123,401161138174,174,2,10:55,2095,34.916666666666664,41,22,41,22,19,Kelly Oubre Jr. misses driving floating jump shot
nba,2020,401161137,2019-12-30,Utah Jazz,Detroit Pistons,UTAH,DET,21-12,12-22,104,81,TRUE,Utah Jazz,21-12,NA,NA,NA,NA,NA,NA,NA,NA,NA,NA,Utah Jazz,21-12,Detroit Pistons,12-22,0.762,0.762,0.591,0.5972927241962775,0.40270727580372245,453,0,0,1,199,401161137278,278,2,2:29,1589,26.483333333333334,31,38,38,31,7,Sviatoslav Mykhailiuk defensive rebound
nba,2020,401161135,2019-12-30,Chicago Bulls,Milwaukee Bucks,CHI,MIL,13-21,30-5,102,123,FALSE,Milwaukee Bucks,30-5,NA,NA,NA,NA,NA,NA,NA,NA,NA,NA,Milwaukee Bucks,30-5,Chicago Bulls,13-21,0.208,0.792,0.373,0.4423592493297588,0.5576407506702412,488,0,0,1,239,401161135338,338,2,1:37,1537,25.616666666666667,52,51,52,51,1,Eric Bledsoe misses driving layup
nba,2020,401161136,2019-12-30,Minnesota Timberwolves,Brooklyn Nets,MIN,BKN,12-20,16-16,122,115,TRUE,Minnesota Timberwolves,12-20,NA,NA,NA,NA,NA,NA,NA,NA,NA,NA,Minnesota Timberwolves,12-20,Brooklyn Nets,16-16,0.521,0.521,0.918,0.9106753812636166,0.08932461873638342,562,0,0,1,474,401161136666,666,4,2:06,426,7.1,96,100,100,96,4,Shabazz Napier shooting foul
nba,2020,401161133,2019-12-30,Orlando Magic,Atlanta Hawks,ORL,ATL,14-19,7-27,93,101,FALSE,Orlando Magic,14-19,NA,NA,NA,NA,NA,NA,NA,NA,NA,NA,Atlanta Hawks,7-27,Orlando Magic,14-19,0.802,0.802,0.962,0.9604989604989604,0.03950103950103956,478,0,0,5,199,401161133289,289,2,2:33,1593,26.55,55,38,55,38,17,D.J. Augustin makes 30-foot three point jumper
nba,2020,401161134,2019-12-30,Washington Wizards,Miami Heat,WSH,MIA,10-22,24-9,123,105,TRUE,Miami Heat,24-9,NA,NA,NA,NA,NA,NA,NA,NA,NA,NA,Washington Wizards,10-22,Miami Heat,24-9,0.321,0.679,0.897,0.8851727982162765,0.11482720178372352,478,0,0,1,90,401161134138,138,1,1:37,2257,37.61666666666667,24,36,36,24,12,Bam Adebayo makes free throw 1 of 2
nba,2020,401161132,2019-12-29,Los Angeles Lakers,Dallas Mavericks,LAL,DAL,26-7,21-11,108,95,TRUE,Los Angeles Lakers,26-7,NA,NA,NA,NA,NA,NA,NA,NA,NA,NA,Los Angeles Lakers,26-7,Dallas Mavericks,21-11,0.614,0.614,0.461,0.16268980477223416,0.8373101952277658,479,0,0,2,92,401161132133,133,1,2:26,2306,38.43333333333333,16,17,17,16,1,Luka Doncic makes free throw 1 of 2
nba,2020,401161129,2019-12-29,Memphis Grizzlies,Charlotte Hornets,MEM,CHA,13-21,13-22,117,104,TRUE,Memphis Grizzlies,13-21,NA,NA,NA,NA,NA,NA,NA,NA,NA,NA,Memphis Grizzlies,13-21,Charlotte Hornets,13-22,0.656,0.656,0.372,0.07526881720430112,0.9247311827956988,492,0,0,1,2,4011611297,7,1,11:55,2875,47.916666666666664,0,2,2,0,2,Terry Rozier makes two point shot
nba,2020,401161130,2019-12-29,New Orleans Pelicans,Houston Rockets,NO,HOU,11-23,22-11,127,112,TRUE,Houston Rockets,22-11,NA,NA,NA,NA,NA,NA,NA,NA,NA,NA,New Orleans Pelicans,11-23,Houston Rockets,22-11,0.339,0.661,0.905,0.8950276243093922,0.1049723756906078,443,0,0,1,340,401161130486,486,4,11:29,689,11.483333333333333,86,95,95,86,9,Lonzo Ball bad pass (Eric Gordon steals)
nba,2020,401161131,2019-12-29,Denver Nuggets,Sacramento Kings,DEN,SAC,23-9,12-21,120,115,TRUE,Denver Nuggets,23-9,NA,NA,NA,NA,NA,NA,NA,NA,NA,NA,Denver Nuggets,23-9,Sacramento Kings,12-21,0.799,0.799,0.49,0.589795918367347,0.410204081632653,455,0,0,1,135,401161131199,199,2,7:02,1862,31.033333333333335,41,47,47,41,6,Nemanja Bjelica defensive rebound
nba,2020,401161128,2019-12-29,Toronto Raptors,Oklahoma City Thunder,TOR,OKC,22-11,17-15,97,98,FALSE,Toronto Raptors,22-11,NA,NA,NA,NA,NA,NA,NA,NA,NA,NA,Oklahoma City Thunder,17-15,Toronto Raptors,22-11,0.718,0.718,0.829,0.7937273823884197,0.20627261761158033,434,0,0,3,183,401161128262,262,2,3:29,1649,27.483333333333334,42,34,42,34,8,OG Anunoby personal foul
nba,2020,401161127,2019-12-28,LA Clippers,Utah Jazz,LAC,UTAH,23-11,20-12,107,120,FALSE,LA Clippers,23-11,NA,NA,NA,NA,NA,NA,NA,NA,NA,NA,Utah Jazz,20-12,LA Clippers,23-11,0.754,0.754,0.914,0.9059080962800876,0.09409190371991238,471,0,0,1,103,401161127137,137,1,1:49,2269,37.81666666666667,30,17,30,17,13,Landry Shamet makes 23-foot three point jumper (Lou Williams assists)
nba,2020,401161126,2019-12-28,Portland Trail Blazers,Los Angeles Lakers,POR,LAL,14-19,25-7,120,128,FALSE,Los Angeles Lakers,25-7,NA,NA,NA,NA,NA,NA,NA,NA,NA,NA,Los Angeles Lakers,25-7,Portland Trail Blazers,14-19,0.367,0.633,0.522,0.2969348659003832,0.7030651340996168,489,0,0,1,314,401161126454,454,3,4:10,970,16.166666666666668,89,87,89,87,2,Damian Lillard makes 24-foot three point jumper
nba,2020,401161125,2019-12-28,Sacramento Kings,Phoenix Suns,SAC,PHX,12-20,12-20,110,112,FALSE,Sacramento Kings,12-20,NA,NA,NA,NA,NA,NA,NA,NA,NA,NA,Phoenix Suns,12-20,Sacramento Kings,12-20,0.621,0.621,0.723,0.6168741355463347,0.38312586445366525,460,0,0,1,46,40116112567,67,1,6:49,2569,42.81666666666667,14,10,14,10,4,Buddy Hield defensive rebound
nba,2020,401161122,2019-12-28,Milwaukee Bucks,Orlando Magic,MIL,ORL,29-5,14-18,111,100,TRUE,Milwaukee Bucks,29-5,NA,NA,NA,NA,NA,NA,NA,NA,NA,NA,Milwaukee Bucks,29-5,Orlando Magic,14-18,0.883,0.883,0.29400000000000004,0.6020408163265307,0.3979591836734693,458,0,0,1,320,401161122458,458,3,2:43,883,14.716666666666669,71,69,69,71,-2,Evan Fournier defensive rebound
nba,2020,401161123,2019-12-28,San Antonio Spurs,Detroit Pistons,SA,DET,13-18,12-21,136,109,TRUE,San Antonio Spurs,13-18,NA,NA,NA,NA,NA,NA,NA,NA,NA,NA,San Antonio Spurs,13-18,Detroit Pistons,12-21,0.615,0.615,0.614,0.37296416938110744,0.6270358306188926,462,0,0,2,166,401161123229,229,2,7:02,1862,31.033333333333335,40,45,45,40,5,Bruce Brown makes free throw 1 of 2
nba,2020,401161124,2019-12-28,Golden State Warriors,Dallas Mavericks,GS,DAL,9-25,21-10,121,141,FALSE,Dallas Mavericks,21-10,NA,NA,NA,NA,NA,NA,NA,NA,NA,NA,Dallas Mavericks,21-10,Golden State Warriors,9-25,0.25,0.75,0.537,0.5344506517690876,0.4655493482309124,456,0,0,1,180,401161124269,269,2,3:06,1626,27.1,67,62,67,62,5,D'Angelo Russell defensive rebound
nba,2020,401161117,2019-12-28,Miami Heat,Philadelphia 76ers,MIA,PHI,24-8,23-12,117,116,TRUE,Miami Heat,24-8,NA,NA,NA,NA,NA,NA,NA,NA,NA,NA,Miami Heat,24-8,Philadelphia 76ers,23-12,0.584,0.584,0.914,0.9059080962800876,0.09409190371991238,511,0,0,1,433,401161117613,613,4,1:01,361,6.016666666666667,101,106,106,101,5,Derrick Jones Jr. misses 26-foot three point jumper
nba,2020,401161118,2019-12-28,Washington Wizards,New York Knicks,WSH,NY,9-22,9-24,100,107,FALSE,Washington Wizards,9-22,NA,NA,NA,NA,NA,NA,NA,NA,NA,NA,New York Knicks,9-24,Washington Wizards,9-22,0.683,0.683,0.776,0.7113402061855671,0.28865979381443285,523,0,0,2,86,401161118128,128,1,3:51,2391,39.85,18,14,18,14,4,Anzejs Pasecniks makes free throw 1 of 2
nba,2020,401161119,2019-12-28,Chicago Bulls,Atlanta Hawks,CHI,ATL,13-20,6-27,116,81,TRUE,Chicago Bulls,13-20,NA,NA,NA,NA,NA,NA,NA,NA,NA,NA,Chicago Bulls,13-20,Atlanta Hawks,6-27,0.803,0.803,0.29700000000000004,0.33670033670033694,0.6632996632996631,464,0,0,1,7,40116111914,14,1,10:38,2798,46.63333333333333,0,4,4,0,4,Tomas Satoransky bad pass (Bruno Fernando steals)
nba,2020,401161120,2019-12-28,Houston Rockets,Brooklyn Nets,HOU,BKN,22-10,16-15,108,98,TRUE,Houston Rockets,22-10,NA,NA,NA,NA,NA,NA,NA,NA,NA,NA,Houston Rockets,22-10,Brooklyn Nets,16-15,0.79,0.79,0.5429999999999999,0.6132596685082873,0.3867403314917127,491,0,0,1,414,401161120570,570,4,7:08,428,7.133333333333334,91,92,92,91,1,Spencer Dinwiddie defensive rebound
nba,2020,401161121,2019-12-28,Minnesota Timberwolves,Cleveland Cavaliers,MIN,CLE,11-20,10-22,88,94,FALSE,Minnesota Timberwolves,11-20,NA,NA,NA,NA,NA,NA,NA,NA,NA,NA,Cleveland Cavaliers,10-22,Minnesota Timberwolves,11-20,0.76,0.76,0.801,0.7515605493133584,0.24843945068664164,539,0,0,1,7,40116112114,14,1,10:55,2815,46.916666666666664,2,0,2,0,2,Collin Sexton misses 15-foot two point shot
nba,2020,401161115,2019-12-28,Boston Celtics,Toronto Raptors,BOS,TOR,22-8,22-10,97,113,FALSE,Boston Celtics,22-8,NA,NA,NA,NA,NA,NA,NA,NA,NA,NA,Toronto Raptors,22-10,Boston Celtics,22-8,0.629,0.629,0.629,0.410174880763116,0.589825119236884,479,0,0,1,1,4011611154,4,1,12:00,2880,48,0,0,0,0,0,Serge Ibaka vs. Daniel Theis (Jaylen Brown gains possession)
nba,2020,401161116,2019-12-28,New Orleans Pelicans,Indiana Pacers,NO,IND,10-23,21-12,120,98,TRUE,Indiana Pacers,21-12,NA,NA,NA,NA,NA,NA,NA,NA,NA,NA,New Orleans Pelicans,10-23,Indiana Pacers,21-12,0.448,0.552,0.854,0.8290398126463701,0.17096018735362994,466,0,0,1,119,401161116160,160,2,11:46,2146,35.766666666666666,19,32,32,19,13,Domantas Sabonis defensive rebound
nba,2020,401161114,2019-12-28,Denver Nuggets,Memphis Grizzlies,DEN,MEM,22-9,12-21,119,110,TRUE,Denver Nuggets,22-9,NA,NA,NA,NA,NA,NA,NA,NA,NA,NA,Denver Nuggets,22-9,Memphis Grizzlies,12-21,0.88,0.88,0.20299999999999996,0.4088669950738916,0.5911330049261084,489,0,0,1,270,401161114385,385,3,8:07,1207,20.116666666666667,52,49,49,52,-3,Ja Morant makes 10-foot driving floating jump shot
nba,2020,401161113,2019-12-27,Golden State Warriors,Phoenix Suns,GS,PHX,9-24,11-20,105,96,TRUE,Phoenix Suns,11-20,NA,NA,NA,NA,NA,NA,NA,NA,NA,NA,Golden State Warriors,9-24,Phoenix Suns,11-20,0.458,0.542,0.952,0.9495798319327732,0.05042016806722693,482,0,0,1,356,401161113507,507,4,10:54,654,10.9,68,80,80,68,12,Aron Baynes defensive rebound
nba,2020,401161112,2019-12-27,Miami Heat,Indiana Pacers,MIA,IND,23-8,21-11,113,112,TRUE,Miami Heat,23-8,NA,NA,NA,NA,NA,NA,NA,NA,NA,NA,Miami Heat,23-8,Indiana Pacers,21-11,0.636,0.636,0.761,0.6859395532194481,0.3140604467805519,425,0,0,1,389,401161112550,550,4,3:19,199,3.316666666666667,104,108,108,104,4,Jeremy Lamb makes 17-foot pullup jump shot
nba,2020,401161111,2019-12-27,Atlanta Hawks,Milwaukee Bucks,ATL,MIL,6-26,28-5,86,112,FALSE,Milwaukee Bucks,28-5,NA,NA,NA,NA,NA,NA,NA,NA,NA,NA,Milwaukee Bucks,28-5,Atlanta Hawks,6-26,0.141,0.859,0.141,0,1,476,0,0,1,1,4011611114,4,1,12:00,2880,48,0,0,0,0,0,Brook Lopez vs. Bruno Fernando (Donte DiVincenzo gains possession)
nba,2020,401161109,2019-12-27,Charlotte Hornets,Oklahoma City Thunder,CHA,OKC,13-21,16-15,102,104,FALSE,Oklahoma City Thunder,16-15,NA,NA,NA,NA,NA,NA,NA,NA,NA,NA,Oklahoma City Thunder,16-15,Charlotte Hornets,13-21,0.434,0.5660000000000001,0.837,0.8052568697729987,0.1947431302270013,548,0,0,3,433,401161109609,609,4,5:06,606,10.1,83,78,83,78,5,Nerlens Noel offensive goaltending turnover
nba,2020,401161110,2019-12-27,Orlando Magic,Philadelphia 76ers,ORL,PHI,14-17,23-11,98,97,TRUE,Philadelphia 76ers,23-11,NA,NA,NA,NA,NA,NA,NA,NA,NA,NA,Orlando Magic,14-17,Philadelphia 76ers,23-11,0.479,0.521,0.787,0.7293519695044473,0.27064803049555275,489,0,0,2,265,401161110366,366,3,9:13,1273,21.216666666666665,48,55,55,48,7,Tobias Harris makes free throw 1 of 2
nba,2020,401161108,2019-12-27,Boston Celtics,Cleveland Cavaliers,BOS,CLE,22-7,9-22,129,117,TRUE,Boston Celtics,22-7,NA,NA,NA,NA,NA,NA,NA,NA,NA,NA,Boston Celtics,22-7,Cleveland Cavaliers,9-22,0.902,0.902,0.126,0.22222222222222243,0.7777777777777776,461,0,0,4,17,40116110825,25,1,9:51,2751,45.85,4,6,6,4,2,Collin Sexton makes two point shot
nba,2020,401161107,2019-12-26,Utah Jazz,Portland Trail Blazers,UTAH,POR,19-12,14-18,121,115,TRUE,Utah Jazz,19-12,NA,NA,NA,NA,NA,NA,NA,NA,NA,NA,Utah Jazz,19-12,Portland Trail Blazers,14-18,0.681,0.681,0.372,0.14247311827957,0.85752688172043,433,0,0,2,384,401161107526,526,4,4:40,280,4.666666666666667,103,102,102,103,-1,CJ McCollum makes 3-foot two point shot
nba,2020,401161106,2019-12-26,Sacramento Kings,Minnesota Timberwolves,SAC,MIN,12-19,11-19,104,105,FALSE,Sacramento Kings,12-19,NA,NA,NA,NA,NA,NA,NA,NA,NA,NA,Minnesota Timberwolves,11-19,Sacramento Kings,12-19,0.642,0.642,0.879,0.8623435722411832,0.1376564277588168,589,0,0,1,364,401161106499,499,4,11:42,1302,21.7,79,71,79,71,8,Nemanja Bjelica offensive rebound
nba,2020,401161104,2019-12-26,Oklahoma City Thunder,Memphis Grizzlies,OKC,MEM,15-15,12-20,97,110,FALSE,Oklahoma City Thunder,15-15,NA,NA,NA,NA,NA,NA,NA,NA,NA,NA,Memphis Grizzlies,12-20,Oklahoma City Thunder,15-15,0.785,0.785,0.864,0.8425925925925926,0.15740740740740744,440,0,0,1,43,40116110465,65,1,5:40,2500,41.666666666666664,12,6,12,6,6,Jonas Valanciunas misses 5-foot hook shot
nba,2020,401161105,2019-12-26,Dallas Mavericks,San Antonio Spurs,DAL,SA,20-10,12-18,102,98,TRUE,Dallas Mavericks,20-10,NA,NA,NA,NA,NA,NA,NA,NA,NA,NA,Dallas Mavericks,20-10,San Antonio Spurs,12-18,0.827,0.827,0.385,0.5506493506493506,0.4493506493506494,439,0,0,1,237,401161105334,334,3,8:51,1251,20.85,55,56,56,55,1,Luka Doncic misses 25-foot three point jumper
nba,2020,401161103,2019-12-26,Brooklyn Nets,New York Knicks,BKN,NY,16-14,8-24,82,94,FALSE,Brooklyn Nets,16-14,NA,NA,NA,NA,NA,NA,NA,NA,NA,NA,New York Knicks,8-24,Brooklyn Nets,16-14,0.833,0.833,0.895,0.8826815642458101,0.11731843575418988,489,0,0,1,18,40116110327,27,1,9:47,2747,45.78333333333333,8,2,8,2,6,Taj Gibson misses 19-foot jumper
nba,2020,401161102,2019-12-26,Detroit Pistons,Washington Wizards,DET,WSH,12-20,9-21,132,102,TRUE,Detroit Pistons,12-20,NA,NA,NA,NA,NA,NA,NA,NA,NA,NA,Detroit Pistons,12-20,Washington Wizards,9-21,0.661,0.661,0.373,0.09115281501340489,0.9088471849865952,479,0,0,1,21,40116110227,27,1,9:37,2737,45.61666666666667,2,4,4,2,2,Bradley Beal makes driving layup
nba,2020,401161101,2019-12-25,Denver Nuggets,New Orleans Pelicans,DEN,NO,21-9,9-23,100,112,FALSE,Denver Nuggets,21-9,NA,NA,NA,NA,NA,NA,NA,NA,NA,NA,New Orleans Pelicans,9-23,Denver Nuggets,21-9,0.837,0.837,0.847,0.8193624557260921,0.18063754427390788,458,0,0,3,3,4011611018,8,1,11:47,2867,47.78333333333333,0,0,0,0,0,Will Barton defensive rebound
nba,2020,401161100,2019-12-25,Los Angeles Lakers,LA Clippers,LAL,LAC,24-7,23-10,106,111,FALSE,Los Angeles Lakers,24-7,NA,NA,NA,NA,NA,NA,NA,NA,NA,NA,LA Clippers,23-10,Los Angeles Lakers,24-7,0.584,0.584,0.927,0.9212513484358144,0.07874865156418553,502,0,0,1,284,401161100411,411,3,9:26,1286,21.433333333333337,68,53,68,53,15,Avery Bradley makes two point shot (Anthony Davis assists)
nba,2020,401161099,2019-12-25,Golden State Warriors,Houston Rockets,GS,HOU,8-24,21-10,116,104,TRUE,Houston Rockets,21-10,NA,NA,NA,NA,NA,NA,NA,NA,NA,NA,Golden State Warriors,8-24,Houston Rockets,21-10,0.281,0.719,0.918,0.9106753812636166,0.08932461873638342,488,0,0,5,199,401161099284,284,2,5:47,1787,29.783333333333335,40,53,53,40,13,Draymond Green personal foul
nba,2020,401161098,2019-12-25,Philadelphia 76ers,Milwaukee Bucks,PHI,MIL,23-10,27-5,121,109,TRUE,Milwaukee Bucks,27-5,NA,NA,NA,NA,NA,NA,NA,NA,NA,NA,Philadelphia 76ers,23-10,Milwaukee Bucks,27-5,0.383,0.617,0.6990000000000001,0.5693848354792561,0.4306151645207439,456,0,0,1,34,40116109853,53,1,7:37,2617,43.61666666666667,11,14,14,11,3,Giannis Antetokounmpo defensive rebound
nba,2020,401161097,2019-12-25,Toronto Raptors,Boston Celtics,TOR,BOS,21-10,21-7,102,118,FALSE,Toronto Raptors,21-10,NA,NA,NA,NA,NA,NA,NA,NA,NA,NA,Boston Celtics,21-7,Toronto Raptors,21-10,0.539,0.539,0.75,0.6666666666666667,0.33333333333333326,450,0,0,2,17,40116109724,24,1,10:04,2764,46.06666666666667,10,0,10,0,10,Kyle Lowry makes 27-foot three point jumper (Serge Ibaka assists)
nba,2020,401161096,2019-12-23,Golden State Warriors,Minnesota Timberwolves,GS,MIN,7-24,10-19,113,104,TRUE,Golden State Warriors,7-24,NA,NA,NA,NA,NA,NA,NA,NA,NA,NA,Golden State Warriors,7-24,Minnesota Timberwolves,10-19,0.563,0.563,0.5660000000000001,0.23321554770318031,0.7667844522968197,510,0,0,1,136,401161096190,190,2,10:59,2099,34.983333333333334,22,26,26,22,4,Jeff Teague makes driving floating jump shot
nba,2020,401161094,2019-12-23,Portland Trail Blazers,New Orleans Pelicans,POR,NO,14-17,8-23,94,102,FALSE,Portland Trail Blazers,14-17,NA,NA,NA,NA,NA,NA,NA,NA,NA,NA,New Orleans Pelicans,8-23,Portland Trail Blazers,14-17,0.725,0.725,0.878,0.8610478359908884,0.1389521640091116,468,0,0,1,216,401161094296,296,2,3:20,1640,27.333333333333332,54,44,54,44,10,Nassir Little defensive rebound
nba,2020,401161095,2019-12-23,Sacramento Kings,Houston Rockets,SAC,HOU,12-18,21-9,104,113,FALSE,Houston Rockets,21-9,NA,NA,NA,NA,NA,NA,NA,NA,NA,NA,Houston Rockets,21-9,Sacramento Kings,12-18,0.367,0.633,0.385,0.04675324675324677,0.9532467532467532,460,0,0,1,9,40116109517,17,1,10:47,2807,46.78333333333333,2,2,2,2,0,Clint Capela misses layup
nba,2020,401161093,2019-12-23,Phoenix Suns,Denver Nuggets,PHX,DEN,11-19,21-8,111,113,FALSE,Denver Nuggets,21-8,NA,NA,NA,NA,NA,NA,NA,NA,NA,NA,Denver Nuggets,21-8,Phoenix Suns,11-19,0.423,0.577,0.941,0.9373007438894791,0.06269925611052085,447,0,0,1,403,401161093593,593,4,3:57,237,3.95,105,98,105,98,7,Gary Harris shooting foul
nba,2020,401161092,2019-12-23,Memphis Grizzlies,San Antonio Spurs,MEM,SA,11-20,12-17,115,145,FALSE,San Antonio Spurs,12-17,NA,NA,NA,NA,NA,NA,NA,NA,NA,NA,San Antonio Spurs,12-17,Memphis Grizzlies,11-20,0.489,0.511,0.539,0.14471243042671622,0.8552875695732838,440,0,0,1,11,40116109219,19,1,10:36,2796,46.6,6,4,6,4,2,Ja Morant makes 27-foot running pullup jump shot
nba,2020,401161091,2019-12-23,Miami Heat,Utah Jazz,MIA,UTAH,22-8,18-12,107,104,TRUE,Miami Heat,22-8,NA,NA,NA,NA,NA,NA,NA,NA,NA,NA,Miami Heat,22-8,Utah Jazz,18-12,0.657,0.657,0.76,0.6842105263157894,0.3157894736842106,474,0,0,1,352,401161091491,491,3,14.3,734.3,12.238333333333332,74,81,81,74,7,Jeff Green makes 4-foot dunk (Emmanuel Mudiay assists)
nba,2020,401161086,2019-12-23,Cleveland Cavaliers,Atlanta Hawks,CLE,ATL,9-21,6-25,121,118,TRUE,Cleveland Cavaliers,9-21,NA,NA,NA,NA,NA,NA,NA,NA,NA,NA,Cleveland Cavaliers,9-21,Atlanta Hawks,6-25,0.613,0.613,0.6819999999999999,0.533724340175953,0.46627565982404695,480,0,0,1,353,401161086503,503,3,1:17,797,13.283333333333331,90,94,94,90,4,Kevin Porter Jr. palming turnover
nba,2020,401161087,2019-12-23,Detroit Pistons,Philadelphia 76ers,DET,PHI,11-20,22-10,109,125,FALSE,Philadelphia 76ers,22-10,NA,NA,NA,NA,NA,NA,NA,NA,NA,NA,Philadelphia 76ers,22-10,Detroit Pistons,11-20,0.402,0.598,0.464,0.13362068965517238,0.8663793103448276,443,0,0,1,245,401161087365,365,3,8:06,1206,20.1,65,67,65,67,-2,Tobias Harris shooting foul
nba,2020,401161088,2019-12-23,Indiana Pacers,Toronto Raptors,IND,TOR,21-10,21-9,120,115,TRUE,Indiana Pacers,21-10,NA,NA,NA,NA,NA,NA,NA,NA,NA,NA,Indiana Pacers,21-10,Toronto Raptors,21-9,0.554,0.554,0.911,0.902305159165752,0.09769484083424795,487,0,0,1,427,401161088618,618,4,2:00,420,7,99,103,103,99,4,OG Anunoby makes free throw 1 of 2
nba,2020,401161089,2019-12-23,New York Knicks,Washington Wizards,NY,WSH,7-24,9-20,115,121,FALSE,Washington Wizards,9-20,NA,NA,NA,NA,NA,NA,NA,NA,NA,NA,Washington Wizards,9-20,New York Knicks,7-24,0.476,0.524,0.814,0.7714987714987713,0.22850122850122867,486,0,0,1,91,401161089130,130,1,3:15,2355,39.25,33,20,33,20,13,Bradley Beal misses 18-foot two point shot
nba,2020,401161090,2019-12-23,Orlando Magic,Chicago Bulls,ORL,CHI,13-17,12-20,103,95,TRUE,Orlando Magic,13-17,NA,NA,NA,NA,NA,NA,NA,NA,NA,NA,Orlando Magic,13-17,Chicago Bulls,12-20,0.708,0.708,0.649,0.5500770416024653,0.4499229583975347,436,0,0,1,232,401161090332,332,3,9:52,1312,21.866666666666667,54,60,60,54,6,Kris Dunn defensive rebound
nba,2020,401161085,2019-12-22,Los Angeles Lakers,Denver Nuggets,LAL,DEN,24-6,20-8,104,128,FALSE,Los Angeles Lakers,24-6,NA,NA,NA,NA,NA,NA,NA,NA,NA,NA,Denver Nuggets,20-8,Los Angeles Lakers,24-6,0.728,0.728,0.796,0.7437185929648242,0.25628140703517577,478,0,0,1,127,401161085185,185,2,11:44,2144,35.733333333333334,28,23,28,23,5,Mason Plumlee bad pass (Kyle Kuzma steals)
nba,2020,401161083,2019-12-22,Milwaukee Bucks,Indiana Pacers,MIL,IND,27-4,20-10,117,89,TRUE,Milwaukee Bucks,27-4,NA,NA,NA,NA,NA,NA,NA,NA,NA,NA,Milwaukee Bucks,27-4,Indiana Pacers,20-10,0.779,0.779,0.479,0.5386221294363257,0.4613778705636743,475,0,0,1,54,40116108385,85,1,4:56,2456,40.93333333333333,10,19,19,10,9,T.J. Warren blocks Ersan Ilyasova's layup
nba,2020,401161084,2019-12-22,Oklahoma City Thunder,LA Clippers,OKC,LAC,15-14,22-10,118,112,TRUE,LA Clippers,22-10,NA,NA,NA,NA,NA,NA,NA,NA,NA,NA,Oklahoma City Thunder,15-14,LA Clippers,22-10,0.408,0.5920000000000001,0.945,0.9417989417989416,0.05820105820105836,483,0,0,1,184,401161084260,260,2,5:14,1754,29.233333333333334,35,53,53,35,18,Shai Gilgeous-Alexander misses driving layup
nba,2020,401161082,2019-12-22,Boston Celtics,Charlotte Hornets,BOS,CHA,20-7,13-20,119,93,TRUE,Boston Celtics,20-7,NA,NA,NA,NA,NA,NA,NA,NA,NA,NA,Boston Celtics,20-7,Charlotte Hornets,13-20,0.914,0.914,0.418,0.7942583732057418,0.20574162679425825,448,0,0,4,146,401161082218,218,2,7:49,1909,31.816666666666663,37,45,45,37,8,Romeo Langford personal foul
nba,2020,401161081,2019-12-22,Toronto Raptors,Dallas Mavericks,TOR,DAL,21-8,19-10,110,107,TRUE,Toronto Raptors,21-8,NA,NA,NA,NA,NA,NA,NA,NA,NA,NA,Toronto Raptors,21-8,Dallas Mavericks,19-10,0.551,0.551,0.999,0.9989989989989988,0.00100100100100108,503,0,0,50,296,401161081409,409,3,4:33,993,16.55,50,77,77,50,27,Nick Nurse technical foul (1st technical foul)
nba,2020,401161080,2019-12-21,Portland Trail Blazers,Minnesota Timberwolves,POR,MIN,14-16,10-18,113,106,TRUE,Portland Trail Blazers,14-16,NA,NA,NA,NA,NA,NA,NA,NA,NA,NA,Portland Trail Blazers,14-16,Minnesota Timberwolves,10-18,0.716,0.716,0.491,0.42158859470468424,0.5784114052953158,473,0,0,4,370,401161080531,531,4,9:27,567,9.45,85,85,85,85,0,CJ McCollum offensive foul
nba,2020,401161079,2019-12-21,Phoenix Suns,Houston Rockets,PHX,HOU,11-18,20-9,125,139,FALSE,Houston Rockets,20-9,NA,NA,NA,NA,NA,NA,NA,NA,NA,NA,Houston Rockets,20-9,Phoenix Suns,11-18,0.371,0.629,0.502,0.26095617529880477,0.7390438247011952,460,0,0,1,51,40116107978,78,1,4:56,2456,40.93333333333333,23,18,23,18,5,Aron Baynes makes tip shot
nba,2020,401161078,2019-12-21,San Antonio Spurs,LA Clippers,SA,LAC,11-17,22-9,109,134,FALSE,LA Clippers,22-9,NA,NA,NA,NA,NA,NA,NA,NA,NA,NA,LA Clippers,22-9,San Antonio Spurs,11-17,0.35,0.65,0.461,0.2407809110629068,0.7592190889370932,457,0,0,1,122,401161078178,178,2,9:25,2005,33.416666666666664,42,40,42,40,2,Marco Belinelli defensive rebound
nba,2020,401161077,2019-12-21,Memphis Grizzlies,Sacramento Kings,MEM,SAC,11-19,12-17,119,115,TRUE,Sacramento Kings,12-17,NA,NA,NA,NA,NA,NA,NA,NA,NA,NA,Memphis Grizzlies,11-19,Sacramento Kings,12-17,0.487,0.513,0.6930000000000001,0.5569985569985572,0.4430014430014429,497,0,0,5,74,401161077105,105,1,4:48,2448,40.8,7,13,13,7,6,Marvin Bagley III makes free throw 1 of 2
nba,2020,401161076,2019-12-21,New York Knicks,Milwaukee Bucks,NY,MIL,7-23,26-4,102,123,FALSE,Milwaukee Bucks,26-4,NA,NA,NA,NA,NA,NA,NA,NA,NA,NA,Milwaukee Bucks,26-4,New York Knicks,7-23,0.097,0.903,0.106,0.0849056603773587,0.9150943396226412,519,0,0,1,3,4011610768,8,1,11:45,2865,47.75,0,0,0,0,0,Taj Gibson defensive rebound
nba,2020,401161074,2019-12-21,Detroit Pistons,Chicago Bulls,DET,CHI,11-19,12-19,107,119,FALSE,Detroit Pistons,11-19,NA,NA,NA,NA,NA,NA,NA,NA,NA,NA,Chicago Bulls,12-19,Detroit Pistons,11-19,0.61,0.61,0.766,0.6945169712793733,0.3054830287206267,424,0,0,1,153,401161074228,228,2,6:45,1845,30.75,43,37,43,37,6,Tim Frazier makes free throw 1 of 2
nba,2020,401161075,2019-12-21,Philadelphia 76ers,Washington Wizards,PHI,WSH,21-10,8-20,125,108,TRUE,Philadelphia 76ers,21-10,NA,NA,NA,NA,NA,NA,NA,NA,NA,NA,Philadelphia 76ers,21-10,Washington Wizards,8-20,0.831,0.831,0.21899999999999997,0.2283105022831048,0.7716894977168952,496,0,0,1,367,401161075518,518,3,2:20,860,14.333333333333334,82,77,77,82,-5,Bradley Beal defensive rebound
nba,2020,401161073,2019-12-21,Brooklyn Nets,Atlanta Hawks,BKN,ATL,16-13,6-24,122,112,TRUE,Brooklyn Nets,16-13,NA,NA,NA,NA,NA,NA,NA,NA,NA,NA,Brooklyn Nets,16-13,Atlanta Hawks,6-24,0.795,0.795,0.949,0.946259220231823,0.05374077976817704,546,0,0,1,413,401161073572,572,4,11:21,681,11.35,85,98,98,85,13,Garrett Temple personal foul
nba,2020,401161072,2019-12-21,Charlotte Hornets,Utah Jazz,CHA,UTAH,13-19,18-11,107,114,FALSE,Utah Jazz,18-11,NA,NA,NA,NA,NA,NA,NA,NA,NA,NA,Utah Jazz,18-11,Charlotte Hornets,13-19,0.317,0.683,0.86,0.8372093023255813,0.16279069767441867,461,0,0,1,237,401161072350,350,3,9:35,1295,21.583333333333332,70,58,70,58,12,Devonte' Graham technical foul (1st technical foul)
nba,2020,401161071,2019-12-20,Golden State Warriors,New Orleans Pelicans,GS,NO,6-24,7-23,106,102,TRUE,Golden State Warriors,6-24,NA,NA,NA,NA,NA,NA,NA,NA,NA,NA,Golden State Warriors,6-24,New Orleans Pelicans,7-23,0.564,0.564,0.931,0.9258861439312568,0.07411385606874332,489,0,0,1,393,401161071591,591,4,4:51,291,4.85,86,92,92,86,6,D'Angelo Russell misses driving floating jump shot
nba,2020,401161070,2019-12-20,Portland Trail Blazers,Orlando Magic,POR,ORL,13-16,12-17,118,103,TRUE,Portland Trail Blazers,13-16,NA,NA,NA,NA,NA,NA,NA,NA,NA,NA,Portland Trail Blazers,13-16,Orlando Magic,12-17,0.622,0.622,0.4300000000000001,0.12093023255813962,0.8790697674418604,503,0,0,1,12,40116107021,21,1,10:09,2769,46.15,2,4,4,2,2,Evan Fournier makes driving layup
nba,2020,401161069,2019-12-20,Denver Nuggets,Minnesota Timberwolves,DEN,MIN,19-8,10-17,109,100,TRUE,Denver Nuggets,19-8,NA,NA,NA,NA,NA,NA,NA,NA,NA,NA,Denver Nuggets,19-8,Minnesota Timberwolves,10-17,0.821,0.821,0.31799999999999995,0.4371069182389935,0.5628930817610065,475,0,0,2,323,401161069480,480,3,4:09,969,16.15,72,70,70,72,-2,Jordan Bell offensive rebound
nba,2020,401161066,2019-12-20,Miami Heat,New York Knicks,MIA,NY,21-8,7-22,129,114,TRUE,Miami Heat,21-8,NA,NA,NA,NA,NA,NA,NA,NA,NA,NA,Miami Heat,21-8,New York Knicks,7-22,0.875,0.875,0.134,0.0671641791044777,0.9328358208955224,474,0,0,1,13,40116106620,20,1,9:56,2756,45.93333333333333,4,4,4,4,0,Julius Randle makes two point shot
nba,2020,401161067,2019-12-20,Philadelphia 76ers,Dallas Mavericks,PHI,DAL,20-10,19-9,98,117,FALSE,Philadelphia 76ers,20-10,NA,NA,NA,NA,NA,NA,NA,NA,NA,NA,Dallas Mavericks,19-9,Philadelphia 76ers,20-10,0.551,0.551,0.735,0.6394557823129252,0.3605442176870748,467,0,0,2,38,40116106759,59,1,6:54,2574,42.9,13,5,13,5,8,Ben Simmons makes two point shot
nba,2020,401161068,2019-12-20,Oklahoma City Thunder,Phoenix Suns,OKC,PHX,14-14,11-17,126,108,TRUE,Oklahoma City Thunder,14-14,NA,NA,NA,NA,NA,NA,NA,NA,NA,NA,Oklahoma City Thunder,14-14,Phoenix Suns,11-17,0.623,0.623,0.5,0.246,0.754,483,0,0,1,6,40116106812,12,1,10:55,2815,46.916666666666664,0,5,5,0,5,Kelly Oubre Jr. makes 25-foot three point jumper (Ricky Rubio assists)
nba,2020,401161064,2019-12-20,Boston Celtics,Detroit Pistons,BOS,DET,19-7,11-18,114,93,TRUE,Boston Celtics,19-7,NA,NA,NA,NA,NA,NA,NA,NA,NA,NA,Boston Celtics,19-7,Detroit Pistons,11-18,0.79,0.79,0.30900000000000005,0.3203883495145633,0.6796116504854367,467,0,0,1,118,401161064170,170,2,10:41,2081,34.68333333333333,30,31,31,30,1,Brad Wanamaker lost ball turnover (Thon Maker steals)
nba,2020,401161065,2019-12-20,Toronto Raptors,Washington Wizards,TOR,WSH,20-8,8-19,122,118,TRUE,Toronto Raptors,20-8,NA,NA,NA,NA,NA,NA,NA,NA,NA,NA,Toronto Raptors,20-8,Washington Wizards,8-19,0.846,0.846,0.493,0.6876267748478702,0.31237322515212984,495,0,0,1,444,401161065625,625,4,3:24,204,3.4,109,109,109,109,0,Kyle Lowry lost ball turnover (Isaiah Thomas steals)
nba,2020,401161062,2019-12-20,Cleveland Cavaliers,Memphis Grizzlies,CLE,MEM,8-21,10-19,114,107,TRUE,Memphis Grizzlies,10-19,NA,NA,NA,NA,NA,NA,NA,NA,NA,NA,Cleveland Cavaliers,8-21,Memphis Grizzlies,10-19,0.495,0.505,0.96,0.9583333333333331,0.04166666666666674,467,0,0,1,344,401161062499,499,4,10:24,624,10.4,81,93,93,81,12,John Henson personal foul
nba,2020,401161063,2019-12-20,Indiana Pacers,Sacramento Kings,IND,SAC,20-9,12-16,119,105,TRUE,Indiana Pacers,20-9,NA,NA,NA,NA,NA,NA,NA,NA,NA,NA,Indiana Pacers,20-9,Sacramento Kings,12-16,0.731,0.731,0.485,0.445360824742268,0.554639175257732,428,0,0,1,80,401161063125,125,1,1:26,2246,37.43333333333333,24,30,30,24,6,Marvin Bagley III defensive rebound
nba,2020,401161061,2019-12-19,LA Clippers,Houston Rockets,LAC,HOU,21-9,19-9,117,122,FALSE,LA Clippers,21-9,NA,NA,NA,NA,NA,NA,NA,NA,NA,NA,Houston Rockets,19-9,LA Clippers,21-9,0.649,0.649,0.954,0.9517819706498952,0.04821802935010488,471,0,0,2,214,401161061310,310,2,20.2,1460.2,24.336666666666662,69,52,69,52,17,Kawhi Leonard defensive rebound
nba,2020,401161060,2019-12-19,San Antonio Spurs,Brooklyn Nets,SA,BKN,11-16,15-13,118,105,TRUE,San Antonio Spurs,11-16,NA,NA,NA,NA,NA,NA,NA,NA,NA,NA,San Antonio Spurs,11-16,Brooklyn Nets,15-13,0.597,0.597,0.887,0.8726042841037205,0.12739571589627952,493,0,0,6,289,401161060408,408,3,5:22,1042,17.366666666666667,62,73,73,62,11,Jarrett Allen makes free throw 1 of 2
nba,2020,401161059,2019-12-19,Milwaukee Bucks,Los Angeles Lakers,MIL,LAL,25-4,24-5,111,104,TRUE,Milwaukee Bucks,25-4,NA,NA,NA,NA,NA,NA,NA,NA,NA,NA,Milwaukee Bucks,25-4,Los Angeles Lakers,24-5,0.702,0.702,0.372,0.19892473118279563,0.8010752688172044,491,0,0,1,4,40116105910,10,1,11:23,2843,47.38333333333333,0,3,3,0,3,Anthony Davis defensive rebound
nba,2020,401161058,2019-12-19,Atlanta Hawks,Utah Jazz,ATL,UTAH,6-23,17-11,106,111,FALSE,Utah Jazz,17-11,NA,NA,NA,NA,NA,NA,NA,NA,NA,NA,Utah Jazz,17-11,Atlanta Hawks,6-23,0.301,0.6990000000000001,0.751,0.6684420772303594,0.3315579227696406,505,0,0,4,394,401161058557,557,4,9:32,572,9.533333333333331,93,87,93,87,6,Jazz Full timeout
nba,2020,401161057,2019-12-18,Portland Trail Blazers,Golden State Warriors,POR,GS,12-16,5-24,122,112,TRUE,Portland Trail Blazers,12-16,NA,NA,NA,NA,NA,NA,NA,NA,NA,NA,Portland Trail Blazers,12-16,Golden State Warriors,5-24,0.732,0.732,0.43500000000000005,0.3839080459770115,0.6160919540229884,524,0,0,1,451,401161057630,630,4,6:27,387,6.45,105,102,102,105,-3,Carmelo Anthony shooting foul
nba,2020,401161055,2019-12-18,Dallas Mavericks,Boston Celtics,DAL,BOS,18-9,18-7,103,109,FALSE,Dallas Mavericks,18-9,NA,NA,NA,NA,NA,NA,NA,NA,NA,NA,Boston Celtics,18-7,Dallas Mavericks,18-9,0.569,0.569,0.829,0.7937273823884197,0.20627261761158033,498,0,0,1,206,401161055290,290,2,3:30,1650,27.5,48,38,48,38,10,Jalen Brunson defensive rebound
nba,2020,401161056,2019-12-18,Denver Nuggets,Orlando Magic,DEN,ORL,18-8,12-16,113,104,TRUE,Denver Nuggets,18-8,NA,NA,NA,NA,NA,NA,NA,NA,NA,NA,Denver Nuggets,18-8,Orlando Magic,12-16,0.778,0.778,0.94,0.9361702127659576,0.06382978723404253,456,0,0,1,257,401161056378,378,3,9:16,1276,21.266666666666666,50,69,69,50,19,Nikola Vucevic blocks Jamal Murray 's 3-foot driving layup
nba,2020,401161053,2019-12-18,Minnesota Timberwolves,New Orleans Pelicans,MIN,NO,10-16,7-22,99,107,FALSE,Minnesota Timberwolves,10-16,NA,NA,NA,NA,NA,NA,NA,NA,NA,NA,New Orleans Pelicans,7-22,Minnesota Timberwolves,10-16,0.733,0.733,0.843,0.8137603795966786,0.18623962040332143,495,0,0,1,13,40116105322,22,1,10:02,2762,46.03333333333333,7,0,7,0,7,Jrue Holiday misses 8-foot two point shot
nba,2020,401161054,2019-12-18,Oklahoma City Thunder,Memphis Grizzlies,OKC,MEM,13-14,10-18,126,122,TRUE,Oklahoma City Thunder,13-14,NA,NA,NA,NA,NA,NA,NA,NA,NA,NA,Oklahoma City Thunder,13-14,Memphis Grizzlies,10-18,0.735,0.735,0.985,0.984771573604061,0.01522842639593902,475,0,0,1,269,401161054378,378,3,7:10,1150,19.166666666666668,65,89,89,65,24,Jaren Jackson Jr. makes 24-foot three point jumper (Dillon Brooks assists)
nba,2020,401161049,2019-12-18,Cleveland Cavaliers,Charlotte Hornets,CLE,CHA,7-21,13-18,100,98,TRUE,Cleveland Cavaliers,7-21,NA,NA,NA,NA,NA,NA,NA,NA,NA,NA,Cleveland Cavaliers,7-21,Charlotte Hornets,13-18,0.621,0.621,0.398,0.04773869346733672,0.9522613065326632,461,0,0,1,4,40116104910,10,1,11:45,2865,47.75,0,0,0,0,0,Cedi Osman bad pass (Cody Zeller steals)
nba,2020,401161050,2019-12-18,Detroit Pistons,Toronto Raptors,DET,TOR,11-17,19-8,99,112,FALSE,Toronto Raptors,19-8,NA,NA,NA,NA,NA,NA,NA,NA,NA,NA,Toronto Raptors,19-8,Detroit Pistons,11-17,0.431,0.569,0.535,0.194392523364486,0.805607476635514,481,0,0,1,181,401161050273,273,2,5:22,1762,29.366666666666667,50,48,50,48,2,Luke Kennard makes technical free throw
nba,2020,401161051,2019-12-18,Washington Wizards,Chicago Bulls,WSH,CHI,8-18,11-19,109,110,FALSE,Washington Wizards,8-18,NA,NA,NA,NA,NA,NA,NA,NA,NA,NA,Chicago Bulls,11-19,Washington Wizards,8-18,0.546,0.546,1,1,0,541,0,0,2,489,401161051696,696,4,0.5,300.5,5.008333333333334,98,96,98,96,2,Isaac Bonga loose ball foul
nba,2020,401161052,2019-12-18,Philadelphia 76ers,Miami Heat,PHI,MIA,20-9,20-8,104,108,FALSE,Philadelphia 76ers,20-9,NA,NA,NA,NA,NA,NA,NA,NA,NA,NA,Miami Heat,20-8,Philadelphia 76ers,20-9,0.64,0.64,0.875,0.8571428571428572,0.1428571428571428,446,0,0,1,93,401161052131,131,1,1:36,2256,37.6,27,15,27,15,12,Tyler Herro bad pass (Mike Scott steals)
nba,2020,401161048,2019-12-17,LA Clippers,Phoenix Suns,LAC,PHX,21-8,11-16,120,99,TRUE,LA Clippers,21-8,NA,NA,NA,NA,NA,NA,NA,NA,NA,NA,LA Clippers,21-8,Phoenix Suns,11-16,0.863,0.863,0.20799999999999996,0.34134615384615363,0.6586538461538464,479,0,0,1,20,40116104829,29,1,9:25,2725,45.416666666666664,5,8,8,5,3,Dario Saric defensive rebound
nba,2020,401161047,2019-12-17,Utah Jazz,Orlando Magic,UTAH,ORL,16-11,12-15,109,102,TRUE,Utah Jazz,16-11,NA,NA,NA,NA,NA,NA,NA,NA,NA,NA,Utah Jazz,16-11,Orlando Magic,12-15,0.744,0.744,0.921,0.9142236699239956,0.08577633007600438,450,0,0,1,411,401161047570,570,4,3:53,233,3.8833333333333337,92,98,98,92,6,Evan Fournier makes free throw 1 of 2
nba,2020,401161046,2019-12-17,New Orleans Pelicans,Brooklyn Nets,NO,BKN,6-22,15-12,101,108,FALSE,Brooklyn Nets,15-12,NA,NA,NA,NA,NA,NA,NA,NA,NA,NA,Brooklyn Nets,15-12,New Orleans Pelicans,6-22,0.469,0.531,0.816,0.7745098039215685,0.22549019607843143,530,0,0,1,393,401161046553,553,4,9:32,872,14.533333333333331,70,63,70,63,7,Jrue Holiday makes two point shot
nba,2020,401161045,2019-12-17,New York Knicks,Atlanta Hawks,NY,ATL,7-21,6-22,143,120,TRUE,New York Knicks,7-21,NA,NA,NA,NA,NA,NA,NA,NA,NA,NA,New York Knicks,7-21,Atlanta Hawks,6-22,0.532,0.532,0.522,0.10344827586206906,0.8965517241379309,499,0,0,1,9,40116104514,14,1,11:07,2827,47.11666666666667,0,3,3,0,3,Kevin Huerter makes 26-foot three point jumper (Jabari Parker assists)
nba,2020,401161043,2019-12-17,Charlotte Hornets,Sacramento Kings,CHA,SAC,13-17,12-15,110,102,TRUE,Sacramento Kings,12-15,NA,NA,NA,NA,NA,NA,NA,NA,NA,NA,Charlotte Hornets,13-17,Sacramento Kings,12-15,0.409,0.591,0.653,0.46860643185298634,0.5313935681470137,462,0,0,4,46,40116104369,69,1,6:28,2548,42.46666666666667,7,9,9,7,2,Bismack Biyombo offensive foul
nba,2020,401161044,2019-12-17,Indiana Pacers,Los Angeles Lakers,IND,LAL,19-9,24-4,105,102,TRUE,Los Angeles Lakers,24-4,NA,NA,NA,NA,NA,NA,NA,NA,NA,NA,Indiana Pacers,19-9,Los Angeles Lakers,24-4,0.451,0.5489999999999999,0.8180000000000001,0.7775061124694378,0.2224938875305622,466,0,0,1,418,401161044606,606,4,3:28,208,3.466666666666667,95,100,100,95,5,Dwight Howard makes alley oop dunk shot (LeBron James assists)
nba,2020,401161042,2019-12-16,Phoenix Suns,Portland Trail Blazers,PHX,POR,11-15,11-16,110,111,FALSE,Portland Trail Blazers,11-16,NA,NA,NA,NA,NA,NA,NA,NA,NA,NA,Portland Trail Blazers,11-16,Phoenix Suns,11-15,0.497,0.503,0.89,0.8764044943820224,0.1235955056179776,481,0,0,1,181,401161042269,269,2,6:51,1851,30.85,49,33,49,33,16,Frank Kaminsky makes 10-foot driving floating jump shot
nba,2020,401161038,2019-12-16,Houston Rockets,San Antonio Spurs,HOU,SA,18-9,10-16,109,107,TRUE,Houston Rockets,18-9,NA,NA,NA,NA,NA,NA,NA,NA,NA,NA,Houston Rockets,18-9,San Antonio Spurs,10-16,0.802,0.802,0.965,0.9637305699481864,0.0362694300518136,502,0,0,1,232,401161038318,318,2,1:30,1530,25.5,44,69,69,44,25,Dejounte Murray makes 2-foot dunk (LaMarcus Aldridge assists)
nba,2020,401161039,2019-12-16,Memphis Grizzlies,Miami Heat,MEM,MIA,10-17,19-8,118,111,TRUE,Miami Heat,19-8,NA,NA,NA,NA,NA,NA,NA,NA,NA,NA,Memphis Grizzlies,10-17,Miami Heat,19-8,0.317,0.683,0.734,0.6376021798365121,0.3623978201634878,485,0,0,1,417,401161039605,605,4,5:18,318,5.3,104,107,107,104,3,Ja Morant misses 25-foot three point jumper
nba,2020,401161040,2019-12-16,Milwaukee Bucks,Dallas Mavericks,MIL,DAL,24-4,18-8,116,120,FALSE,Milwaukee Bucks,24-4,NA,NA,NA,NA,NA,NA,NA,NA,NA,NA,Dallas Mavericks,18-8,Milwaukee Bucks,24-4,0.761,0.761,0.859,0.8358556461001163,0.1641443538998837,540,0,0,1,24,40116104035,35,1,9:41,2741,45.68333333333333,8,1,8,1,7,Dorian Finney-Smith misses two point shot
nba,2020,401161041,2019-12-16,Oklahoma City Thunder,Chicago Bulls,OKC,CHI,12-14,10-19,109,106,TRUE,Oklahoma City Thunder,12-14,NA,NA,NA,NA,NA,NA,NA,NA,NA,NA,Oklahoma City Thunder,12-14,Chicago Bulls,10-19,0.699,0.699,0.981,0.980632008154944,0.019367991845056,442,0,0,2,266,401161041395,395,3,5:53,1073,17.883333333333333,62,83,83,62,21,Shai Gilgeous-Alexander bad pass (Zach LaVine steals)
nba,2020,401161037,2019-12-16,Toronto Raptors,Cleveland Cavaliers,TOR,CLE,18-8,6-21,133,113,TRUE,Toronto Raptors,18-8,NA,NA,NA,NA,NA,NA,NA,NA,NA,NA,Toronto Raptors,18-8,Cleveland Cavaliers,6-21,0.9,0.9,0.131,0.23664122137404597,0.763358778625954,415,0,0,1,4,4011610379,9,1,11:34,2854,47.56666666666667,0,3,3,0,3,Kevin Love makes 26-foot three point jumper (Collin Sexton assists)
nba,2020,401161036,2019-12-16,Detroit Pistons,Washington Wizards,DET,WSH,11-16,8-17,119,133,FALSE,Detroit Pistons,11-16,NA,NA,NA,NA,NA,NA,NA,NA,NA,NA,Washington Wizards,8-17,Detroit Pistons,11-16,0.742,0.742,0.786,0.727735368956743,0.27226463104325704,480,0,0,2,8,40116103620,20,1,10:14,2774,46.233333333333334,4,2,4,2,2,Thon Maker makes free throw 1 of 2
nba,2020,401161035,2019-12-15,Golden State Warriors,Sacramento Kings,GS,SAC,5-23,12-14,79,100,FALSE,Golden State Warriors,5-23,NA,NA,NA,NA,NA,NA,NA,NA,NA,NA,Sacramento Kings,12-14,Golden State Warriors,5-23,0.502,0.502,0.604,0.3443708609271523,0.6556291390728477,415,0,0,2,31,40116103548,48,1,6:47,2567,42.78333333333333,11,8,11,8,3,Cory Joseph bad pass (Willie Cauley-Stein steals)
nba,2020,401161034,2019-12-15,Denver Nuggets,New York Knicks,DEN,NY,17-8,6-21,111,105,TRUE,Denver Nuggets,17-8,NA,NA,NA,NA,NA,NA,NA,NA,NA,NA,Denver Nuggets,17-8,New York Knicks,6-21,0.904,0.904,0.746,0.871313672922252,0.12868632707774796,446,0,0,3,369,401161034516,516,4,7:11,431,7.183333333333334,93,97,97,93,4,Julius Randle makes free throw 1 of 2
nba,2020,401161032,2019-12-15,Atlanta Hawks,Los Angeles Lakers,ATL,LAL,6-21,24-3,96,101,FALSE,Los Angeles Lakers,24-3,NA,NA,NA,NA,NA,NA,NA,NA,NA,NA,Los Angeles Lakers,24-3,Atlanta Hawks,6-21,0.181,0.819,0.363,0.5013774104683194,0.4986225895316806,536,0,0,1,292,401161032426,426,3,9:19,1279,21.316666666666663,57,57,57,57,0,JaVale McGee traveling
nba,2020,401161033,2019-12-15,Brooklyn Nets,Philadelphia 76ers,BKN,PHI,14-12,20-8,109,89,TRUE,Philadelphia 76ers,20-8,NA,NA,NA,NA,NA,NA,NA,NA,NA,NA,Brooklyn Nets,14-12,Philadelphia 76ers,20-8,0.396,0.604,0.6859999999999999,0.542274052478134,0.457725947521866,484,0,0,1,44,40116103367,67,1,7:06,2586,43.1,9,12,12,9,3,Tobias Harris makes technical free throw
nba,2020,401161031,2019-12-15,Indiana Pacers,Charlotte Hornets,IND,CHA,18-9,12-17,107,85,TRUE,Indiana Pacers,18-9,NA,NA,NA,NA,NA,NA,NA,NA,NA,NA,Indiana Pacers,18-9,Charlotte Hornets,12-17,0.858,0.858,0.21399999999999997,0.33644859813084094,0.6635514018691591,496,0,0,1,20,40116103127,27,1,9:55,2755,45.916666666666664,0,5,5,0,5,Miles Bridges makes 23-foot three point jumper (Bismack Biyombo assists)
nba,2020,401161030,2019-12-15,New Orleans Pelicans,Orlando Magic,NO,ORL,6-21,12-14,119,130,FALSE,New Orleans Pelicans,6-21,NA,NA,NA,NA,NA,NA,NA,NA,NA,NA,Orlando Magic,12-14,New Orleans Pelicans,6-21,0.502,0.502,0.699,0.5693848354792559,0.4306151645207441,447,0,0,1,91,401161030137,137,1,1:17,2237,37.28333333333333,28,21,28,21,7,Lonzo Ball defensive rebound
nba,2020,401161028,2019-12-14,Houston Rockets,Detroit Pistons,HOU,DET,17-9,11-15,107,115,FALSE,Houston Rockets,17-9,NA,NA,NA,NA,NA,NA,NA,NA,NA,NA,Detroit Pistons,11-15,Houston Rockets,17-9,0.779,0.779,0.837,0.8052568697729987,0.1947431302270013,490,0,0,1,14,40116102823,23,1,9:56,2756,45.93333333333333,6,2,6,2,4,Blake Griffin lost ball turnover (Ben McLemore steals)
nba,2020,401161029,2019-12-14,Denver Nuggets,Oklahoma City Thunder,DEN,OKC,16-8,11-14,110,102,TRUE,Denver Nuggets,16-8,NA,NA,NA,NA,NA,NA,NA,NA,NA,NA,Denver Nuggets,16-8,Oklahoma City Thunder,11-14,0.724,0.724,0.30200000000000005,0.08609271523178819,0.9139072847682118,472,0,0,2,232,401161029335,335,3,10:14,1334,22.233333333333334,54,51,51,54,-3,Will Barton offensive charge
nba,2020,401161026,2019-12-14,Dallas Mavericks,Miami Heat,DAL,MIA,17-8,19-7,118,122,FALSE,Dallas Mavericks,17-8,NA,NA,NA,NA,NA,NA,NA,NA,NA,NA,Miami Heat,19-7,Dallas Mavericks,17-8,0.67,0.67,0.864,0.8425925925925926,0.15740740740740744,518,0,0,1,476,401161026676,676,5,2:09,129,2.15,118,114,118,114,4,Jimmy Butler bad pass (Kristaps Porzingis steals)
nba,2020,401161027,2019-12-14,Milwaukee Bucks,Cleveland Cavaliers,MIL,CLE,24-3,6-20,125,108,TRUE,Milwaukee Bucks,24-3,NA,NA,NA,NA,NA,NA,NA,NA,NA,NA,Milwaukee Bucks,24-3,Cleveland Cavaliers,6-20,0.958,0.958,0.139,0.6978417266187048,0.3021582733812952,456,0,0,1,141,401161027194,194,2,8:31,1951,32.516666666666666,33,35,35,33,2,Giannis Antetokounmpo misses driving layup
nba,2020,401161024,2019-12-14,Chicago Bulls,LA Clippers,CHI,LAC,10-18,20-8,109,106,TRUE,LA Clippers,20-8,NA,NA,NA,NA,NA,NA,NA,NA,NA,NA,Chicago Bulls,10-18,LA Clippers,20-8,0.287,0.7130000000000001,0.935,0.93048128342246,0.06951871657753994,470,0,0,1,174,401161024247,247,2,5:09,1749,29.15,36,50,50,36,14,Patrick Patterson makes free throw 1 of 2
nba,2020,401161025,2019-12-14,Memphis Grizzlies,Washington Wizards,MEM,WSH,9-17,7-17,128,111,TRUE,Washington Wizards,7-17,NA,NA,NA,NA,NA,NA,NA,NA,NA,NA,Memphis Grizzlies,9-17,Washington Wizards,7-17,0.494,0.506,0.7,0.5714285714285714,0.4285714285714286,491,0,0,1,22,40116102532,32,1,8:13,2653,44.21666666666667,6,13,13,6,7,Isaac Bonga offensive rebound
nba,2020,401161023,2019-12-14,Toronto Raptors,Brooklyn Nets,TOR,BKN,17-8,13-12,110,102,TRUE,Toronto Raptors,17-8,NA,NA,NA,NA,NA,NA,NA,NA,NA,NA,Toronto Raptors,17-8,Brooklyn Nets,13-12,0.753,0.753,0.472,0.4766949152542373,0.5233050847457628,521,0,0,1,15,40116102327,27,1,10:08,2768,46.13333333333333,3,12,12,3,9,Pascal Siakam makes free throw 2 of 2
nba,2020,401161022,2019-12-14,Phoenix Suns,San Antonio Spurs,PHX,SA,11-14,10-15,119,121,FALSE,Phoenix Suns,11-14,NA,NA,NA,NA,NA,NA,NA,NA,NA,NA,San Antonio Spurs,10-15,Phoenix Suns,11-14,0.649,0.649,0.945,0.9417989417989416,0.05820105820105836,579,0,0,1,562,401161022789,789,5,9.2,9.2,0.15333333333333332,119,117,119,117,2,LaMarcus Aldridge personal take foul
nba,2020,401161020,2019-12-13,Sacramento Kings,New York Knicks,SAC,NY,11-14,6-20,101,103,FALSE,Sacramento Kings,11-14,NA,NA,NA,NA,NA,NA,NA,NA,NA,NA,New York Knicks,6-20,Sacramento Kings,11-14,0.804,0.804,0.976,0.975409836065574,0.02459016393442614,441,0,0,2,276,401161020391,391,3,4:24,984,16.4,77,61,77,61,16,Cory Joseph defensive rebound
nba,2020,401161019,2019-12-13,Minnesota Timberwolves,LA Clippers,MIN,LAC,10-15,20-7,117,124,FALSE,LA Clippers,20-7,NA,NA,NA,NA,NA,NA,NA,NA,NA,NA,LA Clippers,20-7,Minnesota Timberwolves,10-15,0.316,0.6839999999999999,0.399,0.2080200501253132,0.7919799498746868,512,0,0,1,206,401161019286,286,2,3:45,1665,27.75,51,50,51,50,1,Karl-Anthony Towns makes 26-foot step back jumpshot
nba,2020,401161021,2019-12-13,Utah Jazz,Golden State Warriors,UTAH,GS,15-11,5-22,114,106,TRUE,Utah Jazz,15-11,NA,NA,NA,NA,NA,NA,NA,NA,NA,NA,Utah Jazz,15-11,Golden State Warriors,5-22,0.823,0.823,0.744,0.7620967741935483,0.2379032258064517,487,0,0,1,207,401161021296,296,2,2:21,1581,26.35,39,52,52,39,13,Jacob Evans blocks Joe Ingles 's 8-foot jumper
nba,2020,401161017,2019-12-13,Chicago Bulls,Charlotte Hornets,CHI,CHA,9-18,12-16,73,83,FALSE,Chicago Bulls,9-18,NA,NA,NA,NA,NA,NA,NA,NA,NA,NA,Charlotte Hornets,12-16,Chicago Bulls,9-18,0.73,0.73,0.741,0.6504723346828609,0.3495276653171391,467,0,0,1,2,4011610177,7,1,11:39,2859,47.65,0,0,0,0,0,Miles Bridges misses 4-foot jumper
nba,2020,401161018,2019-12-13,Memphis Grizzlies,Milwaukee Bucks,MEM,MIL,8-17,23-3,114,127,FALSE,Milwaukee Bucks,23-3,NA,NA,NA,NA,NA,NA,NA,NA,NA,NA,Milwaukee Bucks,23-3,Memphis Grizzlies,8-17,0.139,0.861,0.806,0.8275434243176178,0.17245657568238215,529,0,0,4,359,401161018503,503,3,2:48,888,14.8,92,83,92,83,9,Jae Crowder makes free throw 1 of 2
nba,2020,401161015,2019-12-13,Atlanta Hawks,Indiana Pacers,ATL,IND,6-20,17-9,100,110,FALSE,Indiana Pacers,17-9,NA,NA,NA,NA,NA,NA,NA,NA,NA,NA,Indiana Pacers,17-9,Atlanta Hawks,6-20,0.334,0.6659999999999999,0.424,0.212264150943396,0.787735849056604,494,0,0,1,367,401161015522,522,4,11:46,706,11.766666666666667,83,86,83,86,-3,Domantas Sabonis personal foul
nba,2020,401161013,2019-12-13,Orlando Magic,Houston Rockets,ORL,HOU,11-14,17-8,107,130,FALSE,Houston Rockets,17-8,NA,NA,NA,NA,NA,NA,NA,NA,NA,NA,Houston Rockets,17-8,Orlando Magic,11-14,0.423,0.577,0.576,0.2656249999999999,0.7343750000000001,423,0,0,1,34,40116101355,55,1,7:26,2606,43.43333333333333,11,7,11,7,4,Evan Fournier makes free throw 1 of 2
nba,2020,401161014,2019-12-13,Philadelphia 76ers,New Orleans Pelicans,PHI,NO,20-7,6-20,116,109,TRUE,Philadelphia 76ers,20-7,NA,NA,NA,NA,NA,NA,NA,NA,NA,NA,Philadelphia 76ers,20-7,New Orleans Pelicans,6-20,0.83,0.83,0.377,0.5490716180371351,0.4509283819628649,521,0,0,1,292,401161014410,410,3,5:59,1079,17.983333333333334,70,71,71,70,1,Kenrich Williams makes 23-foot three point jumper (Jrue Holiday assists)
nba,2020,401161016,2019-12-13,Miami Heat,Los Angeles Lakers,MIA,LAL,18-7,23-3,110,113,FALSE,Miami Heat,18-7,NA,NA,NA,NA,NA,NA,NA,NA,NA,NA,Los Angeles Lakers,23-3,Miami Heat,18-7,0.517,0.517,0.888,0.8738738738738738,0.12612612612612617,468,0,0,1,193,401161016275,275,2,2:13,1573,26.216666666666665,56,42,56,42,14,Rajon Rondo misses 23-foot three point jumper
nba,2020,401161012,2019-12-12,Denver Nuggets,Portland Trail Blazers,DEN,POR,15-8,10-16,114,99,TRUE,Denver Nuggets,15-8,NA,NA,NA,NA,NA,NA,NA,NA,NA,NA,Denver Nuggets,15-8,Portland Trail Blazers,10-16,0.727,0.727,0.395,0.30886075949367087,0.6911392405063291,426,0,0,2,40,40116101255,55,1,6:41,2561,42.68333333333333,13,18,18,13,5,Carmelo Anthony makes 25-foot three point jumper
nba,2020,401161011,2019-12-12,Detroit Pistons,Dallas Mavericks,DET,DAL,10-15,17-7,111,122,FALSE,Dallas Mavericks,17-7,NA,NA,NA,NA,NA,NA,NA,NA,NA,NA,Dallas Mavericks,17-7,Detroit Pistons,10-15,0.393,0.607,0.649,0.45916795069337457,0.5408320493066254,458,0,0,2,194,401161011270,270,2,3:02,1622,27.033333333333335,58,51,58,51,7,Tony Snell makes 26-foot three point jumper (Blake Griffin assists)
nba,2020,401161010,2019-12-12,San Antonio Spurs,Cleveland Cavaliers,SA,CLE,9-15,6-19,109,117,FALSE,San Antonio Spurs,9-15,NA,NA,NA,NA,NA,NA,NA,NA,NA,NA,Cleveland Cavaliers,6-19,San Antonio Spurs,9-15,0.85,0.85,0.961,0.9594172736732568,0.04058272632674309,493,0,0,3,429,401161010601,601,4,20.1,320.1,5.335,102,98,102,98,4,Patty Mills makes free throw 1 of 2
nba,2020,401161009,2019-12-12,Boston Celtics,Philadelphia 76ers,BOS,PHI,17-7,19-7,109,115,FALSE,Boston Celtics,17-7,NA,NA,NA,NA,NA,NA,NA,NA,NA,NA,Philadelphia 76ers,19-7,Boston Celtics,17-7,0.584,0.584,0.815,0.7730061349693251,0.22699386503067487,463,0,0,4,187,401161009283,283,2,2:36,1596,26.6,55,47,55,47,8,76ers Full timeout
nba,2020,401161008,2019-12-11,Golden State Warriors,New York Knicks,GS,NY,5-21,5-20,122,124,FALSE,Golden State Warriors,5-21,NA,NA,NA,NA,NA,NA,NA,NA,NA,NA,New York Knicks,5-20,Golden State Warriors,5-21,0.758,0.758,0.758,0.6807387862796834,0.3192612137203166,551,0,0,1,1,4011610084,4,1,12:00,3180,53,0,0,0,0,0,Taj Gibson vs. Willie Cauley-Stein (Draymond Green gains possession)
nba,2020,401161007,2019-12-11,Sacramento Kings,Oklahoma City Thunder,SAC,OKC,11-13,11-13,94,93,TRUE,Sacramento Kings,11-13,NA,NA,NA,NA,NA,NA,NA,NA,NA,NA,Sacramento Kings,11-13,Oklahoma City Thunder,11-13,0.557,0.557,0.951,0.9484752891692954,0.05152471083070464,446,0,0,1,383,401161007545,545,4,7:14,434,7.233333333333333,75,86,86,75,11,Danilo Gallinari makes 27-foot three point jumper (Chris Paul assists)
nba,2020,401161006,2019-12-11,Milwaukee Bucks,New Orleans Pelicans,MIL,NO,22-3,6-19,127,112,TRUE,Milwaukee Bucks,22-3,NA,NA,NA,NA,NA,NA,NA,NA,NA,NA,Milwaukee Bucks,22-3,New Orleans Pelicans,6-19,0.932,0.932,0.08699999999999997,0.21839080459770144,0.7816091954022986,465,0,0,1,11,40116100621,21,1,10:01,2761,46.016666666666666,7,7,7,7,0,Eric Bledsoe shooting foul
nba,2020,401161005,2019-12-11,Phoenix Suns,Memphis Grizzlies,PHX,MEM,11-13,8-16,108,115,FALSE,Phoenix Suns,11-13,NA,NA,NA,NA,NA,NA,NA,NA,NA,NA,Memphis Grizzlies,8-16,Phoenix Suns,11-13,0.763,0.763,0.903,0.8925802879291251,0.10741971207087486,504,0,0,1,21,40116100531,31,1,9:42,2742,45.7,11,0,11,0,11,Frank Kaminsky makes 25-foot three point jumper (Ricky Rubio assists)
nba,2020,401161003,2019-12-11,Chicago Bulls,Atlanta Hawks,CHI,ATL,9-17,6-19,136,102,TRUE,Chicago Bulls,9-17,NA,NA,NA,NA,NA,NA,NA,NA,NA,NA,Chicago Bulls,9-17,Atlanta Hawks,6-19,0.676,0.676,0.5549999999999999,0.4162162162162162,0.5837837837837838,487,0,0,1,78,401161003120,120,1,2:46,2326,38.766666666666666,23,31,31,23,8,Alex Len makes driving layup (Allen Crabbe assists)
nba,2020,401161004,2019-12-11,Minnesota Timberwolves,Utah Jazz,MIN,UTAH,10-14,14-11,116,127,FALSE,Utah Jazz,14-11,NA,NA,NA,NA,NA,NA,NA,NA,NA,NA,Utah Jazz,14-11,Minnesota Timberwolves,10-14,0.456,0.544,0.5,0.08800000000000008,0.912,463,0,0,1,86,401161004120,120,1,2:51,2331,38.85,16,17,16,17,-1,Emmanuel Mudiay personal foul
nba,2020,401161002,2019-12-11,Brooklyn Nets,Charlotte Hornets,BKN,CHA,13-11,11-16,108,113,FALSE,Brooklyn Nets,13-11,NA,NA,NA,NA,NA,NA,NA,NA,NA,NA,Charlotte Hornets,11-16,Brooklyn Nets,13-11,0.833,0.833,0.98,0.979591836734694,0.02040816326530614,507,0,0,1,157,401161002216,216,2,7:19,1879,31.316666666666663,52,32,52,32,20,Theo Pinson blocks Miles Bridges 's 10-foot layup
nba,2020,401160998,2019-12-11,Cleveland Cavaliers,Houston Rockets,CLE,HOU,5-19,16-8,110,116,FALSE,Houston Rockets,16-8,NA,NA,NA,NA,NA,NA,NA,NA,NA,NA,Houston Rockets,16-8,Cleveland Cavaliers,5-19,0.19,0.81,0.922,0.915401301518438,0.08459869848156187,408,0,0,1,340,401160998502,502,4,8:19,499,8.316666666666666,99,88,99,88,11,Kevin Porter Jr. makes two point shot (Matthew Dellavedova assists)
nba,2020,401160999,2019-12-11,Indiana Pacers,Boston Celtics,IND,BOS,16-9,17-6,122,117,TRUE,Boston Celtics,17-6,NA,NA,NA,NA,NA,NA,NA,NA,NA,NA,Indiana Pacers,16-9,Boston Celtics,17-6,0.493,0.507,0.914,0.9059080962800876,0.09409190371991238,487,0,0,1,351,401160999505,505,4,11:26,686,11.433333333333334,84,94,94,84,10,Enes Kanter defensive rebound
nba,2020,401161000,2019-12-11,Orlando Magic,Los Angeles Lakers,ORL,LAL,11-13,22-3,87,96,FALSE,Los Angeles Lakers,22-3,NA,NA,NA,NA,NA,NA,NA,NA,NA,NA,Los Angeles Lakers,22-3,Orlando Magic,11-13,0.334,0.6659999999999999,0.439,0.2391799544419133,0.7608200455580867,455,0,0,1,358,401161000525,525,4,10:48,648,10.8,71,71,71,71,0,Michael Carter-Williams makes 24-foot three point jumper (Aaron Gordon assists)
nba,2020,401161001,2019-12-11,Toronto Raptors,LA Clippers,TOR,LAC,16-8,19-7,92,112,FALSE,Toronto Raptors,16-8,NA,NA,NA,NA,NA,NA,NA,NA,NA,NA,LA Clippers,19-7,Toronto Raptors,16-8,0.551,0.551,0.693,0.5569985569985569,0.44300144300144306,503,0,0,2,112,401161001166,166,1,3.0,2163,36.05,32,27,32,27,5,Lou Williams misses free throw 2 of 2
nba,2020,401160997,2019-12-10,Portland Trail Blazers,New York Knicks,POR,NY,10-15,4-20,115,87,TRUE,Portland Trail Blazers,10-15,NA,NA,NA,NA,NA,NA,NA,NA,NA,NA,Portland Trail Blazers,10-15,New York Knicks,4-20,0.804,0.804,0.28300000000000003,0.30742049469964683,0.6925795053003532,481,0,0,1,15,40116099723,23,1,9:51,2751,45.85,2,7,7,2,5,Frank Ntilikina makes driving layup (Taj Gibson assists)
nba,2020,401160995,2019-12-10,Philadelphia 76ers,Denver Nuggets,PHI,DEN,18-7,14-8,97,92,TRUE,Philadelphia 76ers,18-7,NA,NA,NA,NA,NA,NA,NA,NA,NA,NA,Philadelphia 76ers,18-7,Denver Nuggets,14-8,0.609,0.609,0.633,0.4202211690363349,0.5797788309636651,450,0,0,4,271,401160995397,397,3,6:59,1139,18.983333333333334,61,66,66,61,5,Nikola Jokic makes 1-foot dunk (Gary Harris assists)
nba,2020,401160996,2019-12-10,Miami Heat,Atlanta Hawks,MIA,ATL,18-6,6-18,135,121,TRUE,Miami Heat,18-6,NA,NA,NA,NA,NA,NA,NA,NA,NA,NA,Miami Heat,18-6,Atlanta Hawks,6-18,0.839,0.839,0.917,0.9094874591057798,0.09051254089422024,525,0,0,4,446,401160996658,658,4,59.9,359.9,5.998333333333333,111,117,117,111,6,Alex Len makes dunk (Trae Young assists)
nba,2020,401160994,2019-12-10,Charlotte Hornets,Washington Wizards,CHA,WSH,10-16,7-16,114,107,TRUE,Washington Wizards,7-16,NA,NA,NA,NA,NA,NA,NA,NA,NA,NA,Charlotte Hornets,10-16,Washington Wizards,7-16,0.489,0.511,0.795,0.7421383647798743,0.25786163522012573,497,0,0,1,443,401160994641,641,4,3:52,232,3.8666666666666663,95,99,99,95,4,Terry Rozier misses 25-foot three point jumper
nba,2020,401160993,2019-12-09,Golden State Warriors,Memphis Grizzlies,GS,MEM,5-20,7-16,102,110,FALSE,Golden State Warriors,5-20,NA,NA,NA,NA,NA,NA,NA,NA,NA,NA,Memphis Grizzlies,7-16,Golden State Warriors,5-20,0.689,0.689,0.743,0.6541049798115748,0.3458950201884252,482,0,0,1,17,40116099326,26,1,10:24,2784,46.4,4,2,4,2,2,Willie Cauley-Stein defensive rebound
nba,2020,401160991,2019-12-09,Phoenix Suns,Minnesota Timberwolves,PHX,MIN,11-12,10-13,125,109,TRUE,Phoenix Suns,11-12,NA,NA,NA,NA,NA,NA,NA,NA,NA,NA,Phoenix Suns,11-12,Minnesota Timberwolves,10-13,0.66,0.66,0.625,0.45600000000000007,0.5439999999999999,491,0,0,1,204,401160991301,301,2,2:18,1578,26.3,54,61,61,54,7,Andrew Wiggins makes 26-foot three point jumper (Jeff Teague assists)
nba,2020,401160992,2019-12-09,Utah Jazz,Oklahoma City Thunder,UTAH,OKC,13-11,11-12,90,104,FALSE,Utah Jazz,13-11,NA,NA,NA,NA,NA,NA,NA,NA,NA,NA,Oklahoma City Thunder,11-12,Utah Jazz,13-11,0.739,0.739,0.82,0.7804878048780488,0.2195121951219512,454,0,0,2,11,40116099218,18,1,10:24,2784,46.4,6,2,6,2,4,Rudy Gobert defensive rebound
nba,2020,401160987,2019-12-09,Chicago Bulls,Toronto Raptors,CHI,TOR,8-17,16-7,92,93,FALSE,Toronto Raptors,16-7,NA,NA,NA,NA,NA,NA,NA,NA,NA,NA,Toronto Raptors,16-7,Chicago Bulls,8-17,0.332,0.6679999999999999,0.912,0.9035087719298248,0.0964912280701753,475,0,0,1,407,401160987569,569,4,6:12,372,6.2,85,77,85,77,8,Denzel Valentine defensive rebound
nba,2020,401160988,2019-12-09,Houston Rockets,Sacramento Kings,HOU,SAC,15-8,10-13,118,119,FALSE,Houston Rockets,15-8,NA,NA,NA,NA,NA,NA,NA,NA,NA,NA,Sacramento Kings,10-13,Houston Rockets,15-8,0.825,0.825,0.97,0.9690721649484536,0.0309278350515465,455,0,0,4,449,401160988639,639,4,1.0,1,0.01666666666666666,118,116,118,116,2,Russell Westbrook makes 2-foot two point shot
nba,2020,401160989,2019-12-09,Milwaukee Bucks,Orlando Magic,MIL,ORL,21-3,11-12,110,101,TRUE,Milwaukee Bucks,21-3,NA,NA,NA,NA,NA,NA,NA,NA,NA,NA,Milwaukee Bucks,21-3,Orlando Magic,11-12,0.873,0.873,0.20699999999999996,0.38647342995169065,0.6135265700483093,498,0,0,1,44,40116098961,61,1,7:02,2582,43.03333333333333,9,12,12,9,3,Khris Middleton misses 14-foot step back jumpshot
nba,2020,401160990,2019-12-09,New Orleans Pelicans,Detroit Pistons,NO,DET,6-18,10-14,103,105,FALSE,Detroit Pistons,10-14,NA,NA,NA,NA,NA,NA,NA,NA,NA,NA,Detroit Pistons,10-14,New Orleans Pelicans,6-18,0.472,0.528,0.777,0.712998712998713,0.287001287001287,497,0,0,1,477,401160990663,663,4,50.5,50.5,0.8416666666666667,103,101,103,101,2,Luke Kennard misses 23-foot three point jumper
nba,2020,401160986,2019-12-09,Boston Celtics,Cleveland Cavaliers,BOS,CLE,17-5,5-18,110,88,TRUE,Boston Celtics,17-5,NA,NA,NA,NA,NA,NA,NA,NA,NA,NA,Boston Celtics,17-5,Cleveland Cavaliers,5-18,0.919,0.919,0.109,0.25688073394495436,0.7431192660550456,432,0,0,1,167,401160986247,247,2,4:06,1686,28.1,44,37,37,44,-7,Jayson Tatum enters the game for Semi Ojeleye
nba,2020,401160985,2019-12-09,Indiana Pacers,LA Clippers,IND,LAC,15-9,18-7,99,110,FALSE,Indiana Pacers,15-9,NA,NA,NA,NA,NA,NA,NA,NA,NA,NA,LA Clippers,18-7,Indiana Pacers,15-9,0.535,0.535,0.668,0.5029940119760481,0.4970059880239519,520,0,0,2,71,40116098592,92,1,5:03,2463,41.05,11,6,11,6,5,Myles Turner kicked ball violation
nba,2020,401160984,2019-12-08,Los Angeles Lakers,Minnesota Timberwolves,LAL,MIN,21-3,10-12,142,125,TRUE,Los Angeles Lakers,21-3,NA,NA,NA,NA,NA,NA,NA,NA,NA,NA,Los Angeles Lakers,21-3,Minnesota Timberwolves,10-12,0.849,0.849,0.4260000000000001,0.6455399061032864,0.3544600938967136,460,0,0,2,190,401160984284,284,2,4:16,1696,28.266666666666666,53,57,57,53,4,Josh Okogie makes free throw 2 of 3
nba,2020,401160983,2019-12-08,Portland Trail Blazers,Oklahoma City Thunder,POR,OKC,9-15,10-12,96,108,FALSE,Portland Trail Blazers,9-15,NA,NA,NA,NA,NA,NA,NA,NA,NA,NA,Oklahoma City Thunder,10-12,Portland Trail Blazers,9-15,0.637,0.637,0.699,0.5693848354792559,0.4306151645207441,521,0,0,1,6,40116098313,13,1,11:10,2830,47.166666666666664,2,0,2,0,2,Hassan Whiteside defensive rebound
nba,2020,401160982,2019-12-08,Dallas Mavericks,Sacramento Kings,DAL,SAC,16-7,9-13,106,110,FALSE,Dallas Mavericks,16-7,NA,NA,NA,NA,NA,NA,NA,NA,NA,NA,Sacramento Kings,9-13,Dallas Mavericks,16-7,0.784,0.784,0.793,0.7389659520807061,0.26103404791929385,405,0,0,1,7,40116098214,14,1,11:00,2820,47,3,3,3,3,0,Kristaps Porzingis defensive rebound
nba,2020,401160979,2019-12-08,Miami Heat,Chicago Bulls,MIA,CHI,17-6,8-16,110,105,TRUE,Miami Heat,17-6,NA,NA,NA,NA,NA,NA,NA,NA,NA,NA,Miami Heat,17-6,Chicago Bulls,8-16,0.805,0.805,0.788,0.7525380710659899,0.2474619289340101,508,0,0,1,480,401160979690,690,5,2:11,131,2.183333333333333,102,105,105,102,3,Tyler Herro misses 26-foot three point jumper
nba,2020,401160980,2019-12-08,Philadelphia 76ers,Toronto Raptors,PHI,TOR,17-7,15-7,110,104,TRUE,Philadelphia 76ers,17-7,NA,NA,NA,NA,NA,NA,NA,NA,NA,NA,Philadelphia 76ers,17-7,Toronto Raptors,15-7,0.545,0.545,0.619,0.38449111470113073,0.6155088852988693,466,0,0,2,52,40116098076,76,1,5:54,2514,41.9,10,15,15,10,5,Raptors defensive team rebound
nba,2020,401160981,2019-12-08,Washington Wizards,LA Clippers,WSH,LAC,7-15,17-7,119,135,FALSE,LA Clippers,17-7,NA,NA,NA,NA,NA,NA,NA,NA,NA,NA,LA Clippers,17-7,Washington Wizards,7-15,0.296,0.704,0.467,0.36616702355460384,0.6338329764453962,506,0,0,2,179,401160981263,263,2,6:20,1820,30.333333333333332,48,44,48,44,4,Troy Brown Jr. personal foul
nba,2020,401160978,2019-12-08,Charlotte Hornets,Atlanta Hawks,CHA,ATL,9-16,6-17,107,122,FALSE,Atlanta Hawks,6-17,NA,NA,NA,NA,NA,NA,NA,NA,NA,NA,Atlanta Hawks,6-17,Charlotte Hornets,9-16,0.485,0.515,0.719,0.6091794158553545,0.3908205841446455,487,0,0,5,183,401160978266,266,2,5:15,1755,29.25,43,37,43,37,6,Devonte' Graham enters the game for Dwayne Bacon
nba,2020,401160977,2019-12-08,Brooklyn Nets,Denver Nuggets,BKN,DEN,13-10,14-7,105,102,TRUE,Denver Nuggets,14-7,NA,NA,NA,NA,NA,NA,NA,NA,NA,NA,Brooklyn Nets,13-10,Denver Nuggets,14-7,0.447,0.5529999999999999,0.722,0.6149584487534625,0.3850415512465375,464,0,0,1,399,401160977565,565,4,6:23,383,6.383333333333334,89,92,92,89,3,Mason Plumlee defensive rebound
nba,2020,401160976,2019-12-07,Utah Jazz,Memphis Grizzlies,UTAH,MEM,13-10,6-16,126,112,TRUE,Utah Jazz,13-10,NA,NA,NA,NA,NA,NA,NA,NA,NA,NA,Utah Jazz,13-10,Memphis Grizzlies,6-16,0.851,0.851,0.373,0.6005361930294906,0.3994638069705094,450,0,0,1,92,401160976142,142,1,52.6,2212.6,36.876666666666665,30,36,36,30,6,Solomon Hill makes free throw 1 of 2
nba,2020,401160975,2019-12-07,Houston Rockets,Phoenix Suns,HOU,PHX,15-7,10-12,115,109,TRUE,Houston Rockets,15-7,NA,NA,NA,NA,NA,NA,NA,NA,NA,NA,Houston Rockets,15-7,Phoenix Suns,10-12,0.8,0.8,0.546,0.6336996336996339,0.3663003663003661,534,0,0,1,78,401160975109,109,1,3:55,2395,39.916666666666664,9,20,20,9,11,shot clock turnover
nba,2020,401160973,2019-12-07,New York Knicks,Indiana Pacers,NY,IND,4-19,15-8,103,104,FALSE,Indiana Pacers,15-8,NA,NA,NA,NA,NA,NA,NA,NA,NA,NA,Indiana Pacers,15-8,New York Knicks,4-19,0.255,0.745,0.565,0.5486725663716814,0.4513274336283186,450,0,0,3,380,401160973555,555,4,6:13,373,6.216666666666667,97,98,97,98,-1,T.J. Warren shooting foul
nba,2020,401160974,2019-12-07,Philadelphia 76ers,Cleveland Cavaliers,PHI,CLE,16-7,5-17,141,94,TRUE,Philadelphia 76ers,16-7,NA,NA,NA,NA,NA,NA,NA,NA,NA,NA,Philadelphia 76ers,16-7,Cleveland Cavaliers,5-17,0.897,0.897,0.112,0.0803571428571429,0.9196428571428572,452,0,0,1,3,4011609748,8,1,11:38,2858,47.63333333333333,0,0,0,0,0,Darius Garland defensive rebound
nba,2020,401160972,2019-12-07,Dallas Mavericks,New Orleans Pelicans,DAL,NO,16-6,6-17,130,84,TRUE,Dallas Mavericks,16-6,NA,NA,NA,NA,NA,NA,NA,NA,NA,NA,Dallas Mavericks,16-6,New Orleans Pelicans,6-17,0.839,0.839,0.30800000000000005,0.4772727272727273,0.5227272727272727,470,0,0,1,132,401160972183,183,2,8:17,1937,32.28333333333333,36,38,38,36,2,Maxi Kleber misses three point jumper
nba,2020,401160971,2019-12-06,Portland Trail Blazers,Los Angeles Lakers,POR,LAL,9-14,20-3,113,136,FALSE,Los Angeles Lakers,20-3,NA,NA,NA,NA,NA,NA,NA,NA,NA,NA,Los Angeles Lakers,20-3,Portland Trail Blazers,9-14,0.424,0.5760000000000001,0.521,0.1861804222648754,0.8138195777351246,492,0,0,2,85,401160971134,134,1,1:56,2276,37.93333333333333,31,29,31,29,2,Alex Caruso shooting foul
nba,2020,401160969,2019-12-06,Milwaukee Bucks,LA Clippers,MIL,LAC,20-3,16-7,119,91,TRUE,Milwaukee Bucks,20-3,NA,NA,NA,NA,NA,NA,NA,NA,NA,NA,Milwaukee Bucks,20-3,LA Clippers,16-7,0.694,0.694,0.4469999999999999,0.315436241610738,0.684563758389262,509,0,0,1,44,40116096955,55,1,6:32,2552,42.53333333333333,6,10,10,6,4,Maurice Harkless defensive rebound
nba,2020,401160970,2019-12-06,San Antonio Spurs,Sacramento Kings,SA,SAC,9-14,8-13,105,104,TRUE,San Antonio Spurs,9-14,NA,NA,NA,NA,NA,NA,NA,NA,NA,NA,San Antonio Spurs,9-14,Sacramento Kings,8-13,0.634,0.634,0.981,0.980632008154944,0.019367991845056,520,0,0,1,434,401160970628,628,4,1:50,410,6.833333333333333,89,98,98,89,9,Cory Joseph makes 26-foot three point jumper (Harrison Barnes assists)
nba,2020,401160965,2019-12-06,Boston Celtics,Denver Nuggets,BOS,DEN,16-5,14-6,108,95,TRUE,Boston Celtics,16-5,NA,NA,NA,NA,NA,NA,NA,NA,NA,NA,Boston Celtics,16-5,Denver Nuggets,14-6,0.646,0.646,0.354,0,1,438,0,0,1,1,4011609654,4,1,12:00,2880,48,0,0,0,0,0,Nikola Jokic vs. Daniel Theis (Jaylen Brown gains possession)
nba,2020,401160966,2019-12-06,Miami Heat,Washington Wizards,MIA,WSH,16-6,7-14,112,103,TRUE,Miami Heat,16-6,NA,NA,NA,NA,NA,NA,NA,NA,NA,NA,Miami Heat,16-6,Washington Wizards,7-14,0.832,0.832,0.556,0.6978417266187049,0.3021582733812951,441,0,0,1,123,401160966183,183,2,10:03,2043,34.05,29,40,40,29,11,Davis Bertans blocks Kelly Olynyk 's 3-foot layup
nba,2020,401160967,2019-12-06,Chicago Bulls,Golden State Warriors,CHI,GS,8-15,5-19,98,100,FALSE,Chicago Bulls,8-15,NA,NA,NA,NA,NA,NA,NA,NA,NA,NA,Golden State Warriors,5-19,Chicago Bulls,8-15,0.613,0.613,0.878,0.8610478359908884,0.1389521640091116,431,0,0,1,316,401160967473,473,4,11:20,680,11.333333333333334,86,77,86,77,9,Denzel Valentine makes 26-foot three point jumper (Ryan Arcidiacono assists)
nba,2020,401160968,2019-12-06,Oklahoma City Thunder,Minnesota Timberwolves,OKC,MIN,9-12,10-11,139,127,TRUE,Oklahoma City Thunder,9-12,NA,NA,NA,NA,NA,NA,NA,NA,NA,NA,Oklahoma City Thunder,9-12,Minnesota Timberwolves,10-11,0.608,0.608,0.993,0.9929506545820744,0.00704934541792545,521,0,0,1,464,401160968695,695,4,1.1,301.1,5.0183333333333335,119,121,121,119,2,Chris Paul personal foul
nba,2020,401160962,2019-12-06,Charlotte Hornets,Brooklyn Nets,CHA,BKN,9-15,12-10,104,111,FALSE,Brooklyn Nets,12-10,NA,NA,NA,NA,NA,NA,NA,NA,NA,NA,Brooklyn Nets,12-10,Charlotte Hornets,9-15,0.372,0.628,0.661,0.48714069591528,0.51285930408472,445,0,0,1,158,401160962239,239,2,6:22,1822,30.366666666666667,43,36,43,36,7,Spencer Dinwiddie out of bounds bad pass turnover
nba,2020,401160963,2019-12-06,Cleveland Cavaliers,Orlando Magic,CLE,ORL,5-16,11-11,87,93,FALSE,Orlando Magic,11-11,NA,NA,NA,NA,NA,NA,NA,NA,NA,NA,Orlando Magic,11-11,Cleveland Cavaliers,5-16,0.383,0.617,0.74,0.6486486486486487,0.3513513513513513,447,0,0,1,289,401160963422,422,3,3:30,930,15.5,68,62,68,62,6,Cedi Osman defensive rebound
nba,2020,401160964,2019-12-06,Detroit Pistons,Indiana Pacers,DET,IND,9-14,14-8,108,101,TRUE,Indiana Pacers,14-8,NA,NA,NA,NA,NA,NA,NA,NA,NA,NA,Detroit Pistons,9-14,Indiana Pacers,14-8,0.475,0.525,0.8260000000000001,0.7893462469733656,0.21065375302663436,466,0,0,1,323,401160964458,458,3,1:02,782,13.033333333333331,68,75,75,68,7,Justin Holiday defensive rebound
nba,2020,401160961,2019-12-05,New Orleans Pelicans,Phoenix Suns,NO,PHX,6-16,10-11,132,139,FALSE,New Orleans Pelicans,6-16,NA,NA,NA,NA,NA,NA,NA,NA,NA,NA,Phoenix Suns,10-11,New Orleans Pelicans,6-16,0.584,0.584,0.744,0.6559139784946237,0.34408602150537626,558,0,0,5,85,401160961129,129,1,3:43,2683,44.71666666666667,35,27,35,27,8,Jrue Holiday makes two point shot
nba,2020,401160959,2019-12-05,New York Knicks,Denver Nuggets,NY,DEN,4-18,14-5,92,129,FALSE,Denver Nuggets,14-5,NA,NA,NA,NA,NA,NA,NA,NA,NA,NA,Denver Nuggets,14-5,New York Knicks,4-18,0.254,0.746,0.451,0.4368070953436807,0.5631929046563193,435,0,0,1,45,40116095968,68,1,5:17,2477,41.28333333333333,18,12,18,12,6,Jamal Murray misses layup
nba,2020,401160960,2019-12-05,Toronto Raptors,Houston Rockets,TOR,HOU,15-6,14-7,109,119,FALSE,Toronto Raptors,15-6,NA,NA,NA,NA,NA,NA,NA,NA,NA,NA,Houston Rockets,14-7,Toronto Raptors,15-6,0.605,0.605,0.675,0.5185185185185186,0.4814814814814814,498,0,0,1,325,401160960476,476,3,3:01,901,15.016666666666667,85,83,85,83,2,Serge Ibaka enters the game for Marc Gasol
nba,2020,401160958,2019-12-05,Washington Wizards,Philadelphia 76ers,WSH,PHI,7-13,15-7,119,113,TRUE,Philadelphia 76ers,15-7,NA,NA,NA,NA,NA,NA,NA,NA,NA,NA,Washington Wizards,7-13,Philadelphia 76ers,15-7,0.288,0.712,0.883,0.8674971687429218,0.13250283125707818,466,0,0,1,114,401160958176,176,1,6.8,2166.8,36.11333333333334,22,33,33,22,11,Mike Scott defensive rebound
nba,2020,401160957,2019-12-04,Portland Trail Blazers,Sacramento Kings,POR,SAC,9-13,8-12,127,116,TRUE,Portland Trail Blazers,9-13,NA,NA,NA,NA,NA,NA,NA,NA,NA,NA,Portland Trail Blazers,9-13,Sacramento Kings,8-12,0.653,0.653,0.61,0.43114754098360664,0.5688524590163934,438,0,0,1,125,401160957182,182,2,9:23,2003,33.38333333333333,35,43,43,35,8,Yogi Ferrell makes 26-foot three pointer
nba,2020,401160956,2019-12-04,Utah Jazz,Los Angeles Lakers,UTAH,LAL,12-10,19-3,96,121,FALSE,Utah Jazz,12-10,NA,NA,NA,NA,NA,NA,NA,NA,NA,NA,Los Angeles Lakers,19-3,Utah Jazz,12-10,0.565,0.565,0.705,0.5815602836879432,0.4184397163120568,479,0,0,1,8,40116095615,15,1,11:12,2832,47.2,6,0,6,0,6,Bojan Bogdanovic makes three point jumper (Joe Ingles assists)
nba,2020,401160955,2019-12-04,Dallas Mavericks,Minnesota Timberwolves,DAL,MIN,15-6,10-10,121,114,TRUE,Dallas Mavericks,15-6,NA,NA,NA,NA,NA,NA,NA,NA,NA,NA,Dallas Mavericks,15-6,Minnesota Timberwolves,10-10,0.75,0.75,0.8160000000000001,0.7745098039215688,0.22549019607843124,478,0,0,1,281,401160955400,400,3,7:39,1179,19.65,62,73,73,62,11,Luka Doncic bad pass (Robert Covington steals)
nba,2020,401160953,2019-12-04,Chicago Bulls,Memphis Grizzlies,CHI,MEM,8-14,6-15,106,99,TRUE,Chicago Bulls,8-14,NA,NA,NA,NA,NA,NA,NA,NA,NA,NA,Chicago Bulls,8-14,Memphis Grizzlies,6-15,0.684,0.684,0.34199999999999997,0.07602339181286555,0.9239766081871345,509,0,0,2,454,401160953666,666,4,4:29,269,4.483333333333333,88,87,87,88,-1,Jae Crowder makes 22-foot three point jumper (De'Anthony Melton assists)
nba,2020,401160954,2019-12-04,Oklahoma City Thunder,Indiana Pacers,OKC,IND,8-12,14-7,100,107,FALSE,Oklahoma City Thunder,8-12,NA,NA,NA,NA,NA,NA,NA,NA,NA,NA,Indiana Pacers,14-7,Oklahoma City Thunder,8-12,0.511,0.511,0.794,0.7405541561712847,0.2594458438287153,422,0,0,2,261,401160954382,382,3,3:11,911,15.183333333333334,73,66,73,66,7,T.J. McConnell misses 12-foot pullup jump shot
nba,2020,401160951,2019-12-04,Atlanta Hawks,Brooklyn Nets,ATL,BKN,5-17,11-10,118,130,FALSE,Brooklyn Nets,11-10,NA,NA,NA,NA,NA,NA,NA,NA,NA,NA,Brooklyn Nets,11-10,Atlanta Hawks,5-17,0.419,0.581,0.631,0.41521394611727414,0.5847860538827259,489,0,0,1,36,40116095154,54,1,7:17,2597,43.28333333333333,15,7,15,7,8,Damian Jones makes dunk (DeAndre' Bembry assists)
nba,2020,401160952,2019-12-04,Boston Celtics,Miami Heat,BOS,MIA,15-5,15-6,112,93,TRUE,Boston Celtics,15-5,NA,NA,NA,NA,NA,NA,NA,NA,NA,NA,Boston Celtics,15-5,Miami Heat,15-6,0.672,0.672,0.732,0.6338797814207651,0.36612021857923494,450,0,0,1,134,401160952184,184,2,8:14,1934,32.233333333333334,24,35,35,24,11,Jayson Tatum bad pass (Kendrick Nunn steals)
nba,2020,401160948,2019-12-04,Charlotte Hornets,Golden State Warriors,CHA,GS,9-14,4-19,106,91,TRUE,Golden State Warriors,4-19,NA,NA,NA,NA,NA,NA,NA,NA,NA,NA,Charlotte Hornets,9-14,Golden State Warriors,4-19,0.482,0.518,0.56,0.2142857142857144,0.7857142857142856,434,0,0,1,253,401160948383,383,3,6:53,1133,18.883333333333333,68,68,68,68,0,Draymond Green makes free throw 1 of 2
nba,2020,401160949,2019-12-04,Detroit Pistons,Milwaukee Bucks,DET,MIL,8-14,19-3,103,127,FALSE,Milwaukee Bucks,19-3,NA,NA,NA,NA,NA,NA,NA,NA,NA,NA,Milwaukee Bucks,19-3,Detroit Pistons,8-14,0.274,0.726,0.434,0.3686635944700461,0.631336405529954,493,0,0,1,108,401160949156,156,1,36.4,2196.4,36.60666666666667,24,20,24,20,4,shot clock turnover
nba,2020,401160950,2019-12-04,Orlando Magic,Phoenix Suns,ORL,PHX,10-11,9-11,128,114,TRUE,Orlando Magic,10-11,NA,NA,NA,NA,NA,NA,NA,NA,NA,NA,Orlando Magic,10-11,Phoenix Suns,9-11,0.594,0.594,0.688,0.5465116279069766,0.4534883720930234,445,0,0,1,105,401160950160,160,1,30.5,2190.5,36.50833333333333,27,37,37,27,10,Cheick Diallo makes 23-foot three point jumper (Ty Jerome assists)
nba,2020,401160947,2019-12-03,LA Clippers,Portland Trail Blazers,LAC,POR,16-6,8-13,117,97,TRUE,LA Clippers,16-6,NA,NA,NA,NA,NA,NA,NA,NA,NA,NA,LA Clippers,16-6,Portland Trail Blazers,8-13,0.712,0.712,0.478,0.39748953974895385,0.6025104602510462,468,0,0,1,132,401160947181,181,2,10:44,2084,34.733333333333334,31,35,35,31,4,Skal Labissiere defensive rebound
nba,2020,401160946,2019-12-03,Denver Nuggets,Los Angeles Lakers,DEN,LAL,13-5,18-3,96,105,FALSE,Denver Nuggets,13-5,NA,NA,NA,NA,NA,NA,NA,NA,NA,NA,Los Angeles Lakers,18-3,Denver Nuggets,13-5,0.616,0.616,0.706,0.58356940509915,0.41643059490085,481,0,0,1,5,40116094613,13,1,11:05,2825,47.083333333333336,5,0,5,0,5,Will Barton makes two point shot (Nikola Jokic assists)
nba,2020,401160945,2019-12-03,San Antonio Spurs,Houston Rockets,SA,HOU,8-14,13-7,135,133,TRUE,Houston Rockets,13-7,NA,NA,NA,NA,NA,NA,NA,NA,NA,NA,San Antonio Spurs,8-14,Houston Rockets,13-7,0.363,0.637,0.995,0.9949748743718594,0.00502512562814061,615,0,0,1,353,401160945500,500,3,1:55,1435,23.916666666666668,74,95,95,74,21,Lonnie Walker IV makes free throw 2 of 2
nba,2020,401160943,2019-12-03,Toronto Raptors,Miami Heat,TOR,MIA,15-5,15-5,110,121,FALSE,Toronto Raptors,15-5,NA,NA,NA,NA,NA,NA,NA,NA,NA,NA,Miami Heat,15-5,Toronto Raptors,15-5,0.66,0.66,0.754,0.6737400530503979,0.32625994694960214,518,0,0,1,19,40116094328,28,1,9:16,3016,50.266666666666666,7,2,7,2,5,Marc Gasol makes 27-foot three point jumper (Kyle Lowry assists)
nba,2020,401160944,2019-12-03,New Orleans Pelicans,Dallas Mavericks,NO,DAL,6-15,14-6,97,118,FALSE,Dallas Mavericks,14-6,NA,NA,NA,NA,NA,NA,NA,NA,NA,NA,Dallas Mavericks,14-6,New Orleans Pelicans,6-15,0.372,0.628,0.752,0.6702127659574468,0.32978723404255317,463,0,0,1,173,401160944240,240,2,8:20,1940,32.333333333333336,37,26,37,26,11,Brandon Ingram defensive rebound
nba,2020,401160941,2019-12-03,Cleveland Cavaliers,Detroit Pistons,CLE,DET,5-15,8-13,94,127,FALSE,Detroit Pistons,8-13,NA,NA,NA,NA,NA,NA,NA,NA,NA,NA,Detroit Pistons,8-13,Cleveland Cavaliers,5-15,0.494,0.506,0.624,0.39743589743589736,0.6025641025641026,420,0,0,1,92,401160941143,143,1,1:04,2224,37.06666666666667,28,24,28,24,4,Langston Galloway misses 24-foot three point jumper
nba,2020,401160942,2019-12-03,Washington Wizards,Orlando Magic,WSH,ORL,6-13,9-11,120,127,FALSE,Orlando Magic,9-11,NA,NA,NA,NA,NA,NA,NA,NA,NA,NA,Orlando Magic,9-11,Washington Wizards,6-13,0.468,0.532,0.51,0.08235294117647063,0.9176470588235294,459,0,0,1,247,401160942340,340,3,8:14,1214,20.233333333333334,75,74,75,74,1,Bradley Beal makes 29-foot three point jumper (Isaiah Thomas assists)
nba,2020,401160940,2019-12-02,Sacramento Kings,Chicago Bulls,SAC,CHI,8-11,7-14,106,113,FALSE,Sacramento Kings,8-11,NA,NA,NA,NA,NA,NA,NA,NA,NA,NA,Chicago Bulls,7-14,Sacramento Kings,8-11,0.66,0.66,0.849,0.8221436984687869,0.17785630153121312,448,0,0,1,63,40116094086,86,1,4:23,2423,40.38333333333333,19,9,19,9,10,Nemanja Bjelica defensive rebound
nba,2020,401160938,2019-12-02,Memphis Grizzlies,Indiana Pacers,MEM,IND,6-14,13-7,104,117,FALSE,Indiana Pacers,13-7,NA,NA,NA,NA,NA,NA,NA,NA,NA,NA,Indiana Pacers,13-7,Memphis Grizzlies,6-14,0.304,0.696,0.518,0.4131274131274131,0.5868725868725869,464,0,0,1,138,401160938184,184,2,9:05,1985,33.083333333333336,31,25,31,25,6,Solomon Hill makes 11-foot driving floating jump shot (Bruno Caboclo assists)
nba,2020,401160939,2019-12-02,Milwaukee Bucks,New York Knicks,MIL,NY,18-3,4-17,132,88,TRUE,Milwaukee Bucks,18-3,NA,NA,NA,NA,NA,NA,NA,NA,NA,NA,Milwaukee Bucks,18-3,New York Knicks,4-17,0.954,0.954,0.05100000000000004,0.0980392156862745,0.9019607843137256,508,0,0,1,32,40116093946,46,1,8:32,2672,44.53333333333333,7,5,5,7,-2,Taj Gibson defensive rebound
nba,2020,401160937,2019-12-02,Atlanta Hawks,Golden State Warriors,ATL,GS,5-16,4-18,104,79,TRUE,Atlanta Hawks,5-16,NA,NA,NA,NA,NA,NA,NA,NA,NA,NA,Atlanta Hawks,5-16,Golden State Warriors,4-18,0.53,0.53,0.6659999999999999,0.4984984984984984,0.5015015015015016,454,0,0,1,86,401160937129,129,1,2:47,2327,38.78333333333333,14,21,21,14,7,Cam Reddish misses three point jumper
nba,2020,401160935,2019-12-02,Charlotte Hornets,Phoenix Suns,CHA,PHX,8-14,9-10,104,109,FALSE,Phoenix Suns,9-10,NA,NA,NA,NA,NA,NA,NA,NA,NA,NA,Phoenix Suns,9-10,Charlotte Hornets,8-14,0.36,0.64,0.97,0.9690721649484536,0.0309278350515465,485,0,0,1,454,401160935655,655,4,1:11,71,1.1833333333333331,103,97,103,97,6,Devonte' Graham makes free throw 1 of 2
nba,2020,401160936,2019-12-02,Philadelphia 76ers,Utah Jazz,PHI,UTAH,15-6,12-9,103,94,TRUE,Philadelphia 76ers,15-6,NA,NA,NA,NA,NA,NA,NA,NA,NA,NA,Philadelphia 76ers,15-6,Utah Jazz,12-9,0.641,0.641,0.489,0.2658486707566462,0.7341513292433538,486,0,0,1,15,40116093625,25,1,9:49,2749,45.81666666666667,4,8,8,4,4,Tobias Harris shooting foul
nba,2020,401160934,2019-12-01,LA Clippers,Washington Wizards,LAC,WSH,15-6,6-12,150,125,TRUE,LA Clippers,15-6,NA,NA,NA,NA,NA,NA,NA,NA,NA,NA,LA Clippers,15-6,Washington Wizards,6-12,0.865,0.865,0.17000000000000004,0.20588235294117663,0.7941176470588234,534,0,0,1,124,401160934168,168,1,29.0,2189,36.483333333333334,37,35,35,37,-2,Lou Williams misses 21-foot jumper
nba,2020,401160932,2019-12-01,Orlando Magic,Golden State Warriors,ORL,GS,8-11,4-17,100,96,TRUE,Orlando Magic,8-11,NA,NA,NA,NA,NA,NA,NA,NA,NA,NA,Orlando Magic,8-11,Golden State Warriors,4-17,0.68,0.68,0.7150000000000001,0.6013986013986015,0.39860139860139854,482,0,0,1,354,401160932505,505,4,10:23,623,10.383333333333333,72,76,76,72,4,Evan Fournier personal foul
nba,2020,401160933,2019-12-01,Toronto Raptors,Utah Jazz,TOR,UTAH,15-4,12-8,130,110,TRUE,Toronto Raptors,15-4,NA,NA,NA,NA,NA,NA,NA,NA,NA,NA,Toronto Raptors,15-4,Utah Jazz,12-8,0.663,0.663,0.4459999999999999,0.24439461883408076,0.7556053811659192,482,0,0,1,33,40116093344,44,1,8:09,2649,44.15,5,9,9,5,4,Bojan Bogdanovic makes 6-foot two point shot
nba,2020,401160930,2019-12-01,Detroit Pistons,San Antonio Spurs,DET,SA,7-13,7-14,132,98,TRUE,Detroit Pistons,7-13,NA,NA,NA,NA,NA,NA,NA,NA,NA,NA,Detroit Pistons,7-13,San Antonio Spurs,7-14,0.538,0.538,0.466,0.00858369098712452,0.9914163090128756,440,0,0,1,62,40116093087,87,1,3:56,2396,39.93333333333333,20,20,20,20,0,Blake Griffin misses 25-foot three point jumper
nba,2020,401160931,2019-12-01,New Orleans Pelicans,Oklahoma City Thunder,NO,OKC,6-14,8-11,104,107,FALSE,New Orleans Pelicans,6-14,NA,NA,NA,NA,NA,NA,NA,NA,NA,NA,Oklahoma City Thunder,8-11,New Orleans Pelicans,6-14,0.562,0.562,0.8,0.75,0.25,433,0,0,1,381,401160931554,554,4,5:15,315,5.25,94,89,94,89,5,Lonzo Ball makes three point jumper (Brandon Ingram assists)
nba,2020,401160929,2019-12-01,Los Angeles Lakers,Dallas Mavericks,LAL,DAL,17-3,13-6,100,114,FALSE,Los Angeles Lakers,17-3,NA,NA,NA,NA,NA,NA,NA,NA,NA,NA,Dallas Mavericks,13-6,Los Angeles Lakers,17-3,0.684,0.684,0.859,0.8358556461001163,0.1641443538998837,467,0,0,1,44,40116092967,67,1,6:38,2558,42.63333333333333,15,5,15,5,10,Anthony Davis defensive rebound
nba,2020,401160927,2019-12-01,New York Knicks,Boston Celtics,NY,BOS,4-16,14-5,104,113,FALSE,Boston Celtics,14-5,NA,NA,NA,NA,NA,NA,NA,NA,NA,NA,Boston Celtics,14-5,New York Knicks,4-16,0.24,0.76,0.793,0.7389659520807061,0.26103404791929385,486,0,0,3,406,401160927575,575,4,8:01,481,8.016666666666667,92,87,92,87,5,Julius Randle makes free throw 1 of 2
nba,2020,401160928,2019-12-01,Minnesota Timberwolves,Memphis Grizzlies,MIN,MEM,10-9,6-13,107,115,FALSE,Minnesota Timberwolves,10-9,NA,NA,NA,NA,NA,NA,NA,NA,NA,NA,Memphis Grizzlies,6-13,Minnesota Timberwolves,10-9,0.816,0.816,0.867,0.8465974625144175,0.15340253748558252,520,0,0,1,47,40116092866,66,1,6:23,2543,42.38333333333333,12,7,12,7,5,Jeff Teague defensive rebound
nba,2020,401160926,2019-12-01,Brooklyn Nets,Miami Heat,BKN,MIA,10-10,14-5,106,109,FALSE,Miami Heat,14-5,NA,NA,NA,NA,NA,NA,NA,NA,NA,NA,Miami Heat,14-5,Brooklyn Nets,10-10,0.454,0.546,0.934,0.929336188436831,0.07066381156316903,485,0,0,1,453,401160926615,615,4,1:45,105,1.75,106,99,106,99,7,Joe Harris makes 23-foot three point jumper (Taurean Prince assists)
nba,2020,401160924,2019-11-30,Houston Rockets,Atlanta Hawks,HOU,ATL,13-6,4-16,158,111,TRUE,Houston Rockets,13-6,NA,NA,NA,NA,NA,NA,NA,NA,NA,NA,Houston Rockets,13-6,Atlanta Hawks,4-16,0.898,0.898,0.14,0.2714285714285717,0.7285714285714283,496,0,0,1,8,40116092417,17,1,10:23,2783,46.38333333333333,2,5,5,2,3,Damian Jones makes dunk (Jabari Parker assists)
nba,2020,401160925,2019-11-30,Milwaukee Bucks,Charlotte Hornets,MIL,CHA,17-3,8-13,137,96,TRUE,Milwaukee Bucks,17-3,NA,NA,NA,NA,NA,NA,NA,NA,NA,NA,Milwaukee Bucks,17-3,Charlotte Hornets,8-13,0.944,0.944,0.09899999999999998,0.4343434343434337,0.5656565656565663,463,0,0,1,147,401160925212,212,2,8:17,1937,32.28333333333333,42,39,39,42,-3,Robin Lopez misses 4-foot hook shot
nba,2020,401160923,2019-11-30,Philadelphia 76ers,Indiana Pacers,PHI,IND,14-6,12-7,119,116,TRUE,Philadelphia 76ers,14-6,NA,NA,NA,NA,NA,NA,NA,NA,NA,NA,Philadelphia 76ers,14-6,Indiana Pacers,12-7,0.665,0.665,0.725,0.6206896551724137,0.3793103448275863,448,0,0,1,298,401160923446,446,3,3:27,927,15.45,79,86,86,79,7,T.J. Warren makes 10-foot driving floating jump shot (Malcolm Brogdon assists)
nba,2020,401160922,2019-11-30,Sacramento Kings,Denver Nuggets,SAC,DEN,8-10,13-4,100,97,TRUE,Denver Nuggets,13-4,NA,NA,NA,NA,NA,NA,NA,NA,NA,NA,Sacramento Kings,8-10,Denver Nuggets,13-4,0.38,0.62,0.991,0.9909182643794148,0.00908173562058523,511,0,0,1,392,401160922564,564,4,6:52,712,11.866666666666667,73,87,87,73,14,Jerami Grant defensive rebound
nba,2020,401160921,2019-11-29,Los Angeles Lakers,Washington Wizards,LAL,WSH,17-2,6-11,125,103,TRUE,Los Angeles Lakers,17-2,NA,NA,NA,NA,NA,NA,NA,NA,NA,NA,Los Angeles Lakers,17-2,Washington Wizards,6-11,0.847,0.847,0.384,0.6015625,0.3984375,477,0,0,2,30,40116092148,48,1,7:46,2626,43.766666666666666,4,15,15,4,11,Rui Hachimura makes two point shot (Troy Brown Jr. assists)
nba,2020,401160920,2019-11-29,Portland Trail Blazers,Chicago Bulls,POR,CHI,8-12,6-14,107,103,TRUE,Portland Trail Blazers,8-12,NA,NA,NA,NA,NA,NA,NA,NA,NA,NA,Portland Trail Blazers,8-12,Chicago Bulls,6-14,0.77,0.77,0.465,0.5053763440860215,0.4946236559139785,493,0,0,1,383,401160920538,538,4,10:54,654,10.9,81,80,80,81,-1,Hassan Whiteside enters the game for Skal Labissiere
nba,2020,401160919,2019-11-29,Phoenix Suns,Dallas Mavericks,PHX,DAL,8-10,12-6,113,120,FALSE,Dallas Mavericks,12-6,NA,NA,NA,NA,NA,NA,NA,NA,NA,NA,Dallas Mavericks,12-6,Phoenix Suns,8-10,0.432,0.5680000000000001,0.83,0.7951807228915662,0.20481927710843384,502,0,0,1,310,401160919440,440,3,5:08,1028,17.133333333333333,74,64,74,64,10,Ricky Rubio makes 26-foot three point jumper (Frank Kaminsky assists)
nba,2020,401160918,2019-11-29,San Antonio Spurs,LA Clippers,SA,LAC,7-13,14-6,107,97,TRUE,LA Clippers,14-6,NA,NA,NA,NA,NA,NA,NA,NA,NA,NA,San Antonio Spurs,7-13,LA Clippers,14-6,0.359,0.641,0.795,0.7421383647798743,0.25786163522012573,456,0,0,1,86,401160918126,126,1,1:33,2253,37.55,22,28,28,22,6,Marco Belinelli enters the game for DeMar DeRozan
nba,2020,401160914,2019-11-29,Indiana Pacers,Atlanta Hawks,IND,ATL,12-6,4-15,105,104,TRUE,Indiana Pacers,12-6,NA,NA,NA,NA,NA,NA,NA,NA,NA,NA,Indiana Pacers,12-6,Atlanta Hawks,4-15,0.832,0.832,0.8280000000000001,0.7971014492753623,0.2028985507246377,529,0,0,4,203,401160914282,282,2,3:48,1968,32.8,33,50,50,33,17,Domantas Sabonis misses free throw 2 of 2
nba,2020,401160915,2019-11-29,Miami Heat,Golden State Warriors,MIA,GS,13-5,4-16,122,105,TRUE,Miami Heat,13-5,NA,NA,NA,NA,NA,NA,NA,NA,NA,NA,Miami Heat,13-5,Golden State Warriors,4-16,0.79,0.79,0.20999999999999996,0,1,478,0,0,1,1,4011609154,4,1,12:00,2880,48,0,0,0,0,0,Willie Cauley-Stein vs. Bam Adebayo (Kendrick Nunn gains possession)
nba,2020,401160916,2019-11-29,Memphis Grizzlies,Utah Jazz,MEM,UTAH,5-13,12-7,94,103,FALSE,Utah Jazz,12-7,NA,NA,NA,NA,NA,NA,NA,NA,NA,NA,Utah Jazz,12-7,Memphis Grizzlies,5-13,0.264,0.736,0.872,0.8532110091743119,0.14678899082568808,475,0,0,1,243,401160916335,335,3,11:29,1409,23.483333333333334,55,40,55,40,15,Mike Conley misses driving floating jump shot
nba,2020,401160917,2019-11-29,Oklahoma City Thunder,New Orleans Pelicans,OKC,NO,7-11,6-13,109,104,TRUE,Oklahoma City Thunder,7-11,NA,NA,NA,NA,NA,NA,NA,NA,NA,NA,Oklahoma City Thunder,7-11,New Orleans Pelicans,6-13,0.65,0.65,0.873,0.8545246277205041,0.14547537227949592,445,0,0,1,359,401160917496,496,4,9:30,570,9.5,84,92,92,84,8,Jrue Holiday defensive rebound
nba,2020,401160912,2019-11-29,Cleveland Cavaliers,Milwaukee Bucks,CLE,MIL,5-14,16-3,110,119,FALSE,Milwaukee Bucks,16-3,NA,NA,NA,NA,NA,NA,NA,NA,NA,NA,Milwaukee Bucks,16-3,Cleveland Cavaliers,5-14,0.167,0.833,0.297,0.4377104377104376,0.5622895622895624,451,0,0,1,392,401160912563,563,4,4:49,289,4.816666666666666,102,107,102,107,-5,Jordan Clarkson defensive rebound
nba,2020,401160913,2019-11-29,New York Knicks,Philadelphia 76ers,NY,PHI,4-15,13-6,95,101,FALSE,Philadelphia 76ers,13-6,NA,NA,NA,NA,NA,NA,NA,NA,NA,NA,Philadelphia 76ers,13-6,New York Knicks,4-15,0.234,0.766,0.87,0.8505747126436782,0.14942528735632177,508,0,0,1,221,401160913328,328,2,1:26,1526,25.433333333333337,51,35,51,35,16,Frank Ntilikina defensive rebound
nba,2020,401160910,2019-11-29,Detroit Pistons,Charlotte Hornets,DET,CHA,6-13,8-12,107,110,FALSE,Detroit Pistons,6-13,NA,NA,NA,NA,NA,NA,NA,NA,NA,NA,Charlotte Hornets,8-12,Detroit Pistons,6-13,0.771,0.771,0.915,0.907103825136612,0.09289617486338786,428,0,0,1,375,401160910541,541,4,5:25,325,5.416666666666667,103,95,103,95,8,Luke Kennard makes 16-foot jumper
nba,2020,401160911,2019-11-29,Orlando Magic,Toronto Raptors,ORL,TOR,7-11,14-4,83,90,FALSE,Toronto Raptors,14-4,NA,NA,NA,NA,NA,NA,NA,NA,NA,NA,Toronto Raptors,14-4,Orlando Magic,7-11,0.408,0.5920000000000001,0.811,0.7669543773119607,0.2330456226880393,484,0,0,1,263,401160911375,375,3,10:24,1344,22.4,51,40,51,40,11,Aaron Gordon makes dunk (Evan Fournier assists)
nba,2020,401160909,2019-11-29,Brooklyn Nets,Boston Celtics,BKN,BOS,10-9,13-5,112,107,TRUE,Boston Celtics,13-5,NA,NA,NA,NA,NA,NA,NA,NA,NA,NA,Brooklyn Nets,10-9,Boston Celtics,13-5,0.41,0.5900000000000001,0.6,0.33333333333333326,0.6666666666666667,491,0,0,1,167,401160909239,239,2,6:01,1801,30.016666666666666,36,36,36,36,0,Marcus Smart makes free throw 1 of 2
nba,2020,401160908,2019-11-27,Golden State Warriors,Chicago Bulls,GS,CHI,4-15,6-13,104,90,TRUE,Golden State Warriors,4-15,NA,NA,NA,NA,NA,NA,NA,NA,NA,NA,Golden State Warriors,4-15,Chicago Bulls,6-13,0.605,0.605,0.5860000000000001,0.3259385665529011,0.6740614334470989,476,0,0,1,29,40116090844,44,1,9:11,2711,45.18333333333333,1,9,9,1,8,Zach LaVine makes dunk (Tomas Satoransky assists)
nba,2020,401160907,2019-11-27,Portland Trail Blazers,Oklahoma City Thunder,POR,OKC,7-12,6-11,136,119,TRUE,Portland Trail Blazers,7-12,NA,NA,NA,NA,NA,NA,NA,NA,NA,NA,Portland Trail Blazers,7-12,Oklahoma City Thunder,6-11,0.677,0.677,0.32299999999999995,0,1,487,0,0,1,1,4011609074,4,1,12:00,2880,48,0,0,0,0,0,Steven Adams vs. Hassan Whiteside (Rodney Hood gains possession)
nba,2020,401160906,2019-11-27,New Orleans Pelicans,Los Angeles Lakers,NO,LAL,6-12,16-2,110,114,FALSE,Los Angeles Lakers,16-2,NA,NA,NA,NA,NA,NA,NA,NA,NA,NA,Los Angeles Lakers,16-2,New Orleans Pelicans,6-12,0.362,0.638,0.963,0.9615784008307372,0.03842159916926269,490,0,0,1,329,401160906481,481,3,2:35,875,14.583333333333334,85,70,85,70,15,Kenrich Williams misses free throw 1 of 2
nba,2020,401160905,2019-11-27,Phoenix Suns,Washington Wizards,PHX,WSH,8-9,6-10,132,140,FALSE,Phoenix Suns,8-9,NA,NA,NA,NA,NA,NA,NA,NA,NA,NA,Washington Wizards,6-10,Phoenix Suns,8-9,0.756,0.756,0.778,0.7146529562982005,0.28534704370179953,455,0,0,1,73,401160905110,110,1,4:12,2412,40.2,21,18,21,18,3,Cheick Diallo makes dunk (Devin Booker assists)
nba,2020,401160904,2019-11-27,San Antonio Spurs,Minnesota Timberwolves,SA,MIN,6-13,10-8,101,113,FALSE,San Antonio Spurs,6-13,NA,NA,NA,NA,NA,NA,NA,NA,NA,NA,Minnesota Timberwolves,10-8,San Antonio Spurs,6-13,0.62,0.62,0.67,0.5074626865671643,0.4925373134328357,478,0,0,1,87,401160904125,125,1,2:55,2335,38.916666666666664,19,16,19,16,3,Dejounte Murray makes two point shot
nba,2020,401160901,2019-11-27,Houston Rockets,Miami Heat,HOU,MIA,12-6,12-5,117,108,TRUE,Houston Rockets,12-6,NA,NA,NA,NA,NA,NA,NA,NA,NA,NA,Houston Rockets,12-6,Miami Heat,12-5,0.659,0.659,0.44099999999999995,0.22675736961451243,0.7732426303854876,469,0,0,1,12,40116090119,19,1,10:31,2791,46.516666666666666,0,3,3,0,3,Bam Adebayo offensive rebound
nba,2020,401160902,2019-11-27,Memphis Grizzlies,LA Clippers,MEM,LAC,5-12,14-5,119,121,FALSE,LA Clippers,14-5,NA,NA,NA,NA,NA,NA,NA,NA,NA,NA,LA Clippers,14-5,Memphis Grizzlies,5-12,0.227,0.773,0.958,0.9561586638830896,0.04384133611691032,520,0,0,1,437,401160902630,630,4,6:48,408,6.8,107,98,107,98,9,Montrezl Harrell shooting foul
nba,2020,401160903,2019-11-27,Milwaukee Bucks,Atlanta Hawks,MIL,ATL,15-3,4-14,111,102,TRUE,Milwaukee Bucks,15-3,NA,NA,NA,NA,NA,NA,NA,NA,NA,NA,Milwaukee Bucks,15-3,Atlanta Hawks,4-14,0.934,0.934,0.5609999999999999,0.8823529411764707,0.11764705882352933,526,0,0,1,340,401160903504,504,3,3:59,959,15.983333333333333,77,82,82,77,5,DeAndre' Bembry makes free throw 1 of 2
nba,2020,401160900,2019-11-27,Toronto Raptors,New York Knicks,TOR,NY,13-4,4-14,126,98,TRUE,Toronto Raptors,13-4,NA,NA,NA,NA,NA,NA,NA,NA,NA,NA,Toronto Raptors,13-4,New York Knicks,4-14,0.872,0.872,0.472,0.728813559322034,0.27118644067796605,468,0,0,1,122,401160900166,166,2,11:33,2133,35.55,21,31,31,21,10,Wayne Ellington makes free throw 2 of 3
nba,2020,401160895,2019-11-27,Boston Celtics,Brooklyn Nets,BOS,BKN,13-4,9-9,121,110,TRUE,Boston Celtics,13-4,NA,NA,NA,NA,NA,NA,NA,NA,NA,NA,Boston Celtics,13-4,Brooklyn Nets,9-9,0.766,0.766,0.64,0.634375,0.365625,498,0,0,1,230,401160895329,329,3,10:05,1325,22.083333333333332,61,69,69,61,8,Taurean Prince makes three point jumper (Jarrett Allen assists)
nba,2020,401160896,2019-11-27,Charlotte Hornets,Detroit Pistons,CHA,DET,7-12,6-12,102,101,TRUE,Detroit Pistons,6-12,NA,NA,NA,NA,NA,NA,NA,NA,NA,NA,Charlotte Hornets,7-12,Detroit Pistons,6-12,0.418,0.5820000000000001,0.724,0.6187845303867403,0.3812154696132597,448,0,0,1,139,401160896202,202,2,7:54,1914,31.9,39,44,44,39,5,Cody Martin shooting foul
nba,2020,401160897,2019-11-27,Cleveland Cavaliers,Orlando Magic,CLE,ORL,5-13,7-10,104,116,FALSE,Orlando Magic,7-10,NA,NA,NA,NA,NA,NA,NA,NA,NA,NA,Orlando Magic,7-10,Cleveland Cavaliers,5-13,0.417,0.583,0.513,0.1871345029239766,0.8128654970760234,447,0,0,2,43,40116089760,60,1,6:32,2552,42.53333333333333,15,14,15,14,1,Jonathan Isaac shooting foul
nba,2020,401160898,2019-11-27,Indiana Pacers,Utah Jazz,IND,UTAH,11-6,11-7,121,102,TRUE,Indiana Pacers,11-6,NA,NA,NA,NA,NA,NA,NA,NA,NA,NA,Indiana Pacers,11-6,Utah Jazz,11-7,0.529,0.529,0.5569999999999999,0.2046678635547574,0.7953321364452426,472,0,0,1,35,40116089846,46,1,7:26,2606,43.43333333333333,6,9,9,6,3,Bojan Bogdanovic defensive rebound
nba,2020,401160899,2019-11-27,Philadelphia 76ers,Sacramento Kings,PHI,SAC,12-6,7-10,97,91,TRUE,Philadelphia 76ers,12-6,NA,NA,NA,NA,NA,NA,NA,NA,NA,NA,Philadelphia 76ers,12-6,Sacramento Kings,7-10,0.783,0.783,0.407,0.4668304668304669,0.5331695331695331,450,0,0,1,219,401160899308,308,2,1:00,1500,25,41,41,41,41,0,Ben Simmons personal foul
nba,2020,401160894,2019-11-26,Denver Nuggets,Washington Wizards,DEN,WSH,13-3,5-10,117,104,TRUE,Denver Nuggets,13-3,NA,NA,NA,NA,NA,NA,NA,NA,NA,NA,Denver Nuggets,13-3,Washington Wizards,5-10,0.834,0.834,0.26,0.3615384615384615,0.6384615384615385,473,0,0,1,122,401160894171,171,2,11:17,2117,35.28333333333333,25,27,27,25,2,Moritz Wagner makes free throw 1 of 1
nba,2020,401160893,2019-11-26,Dallas Mavericks,LA Clippers,DAL,LAC,11-6,13-5,99,114,FALSE,Dallas Mavericks,11-6,NA,NA,NA,NA,NA,NA,NA,NA,NA,NA,LA Clippers,13-5,Dallas Mavericks,11-6,0.55,0.55,0.627,0.40510366826156297,0.594896331738437,521,0,0,2,6,40116089310,10,1,11:17,2837,47.28333333333333,3,0,3,0,3,Kristaps Porzingis defensive rebound
nba,2020,401160892,2019-11-25,Golden State Warriors,Oklahoma City Thunder,GS,OKC,3-15,6-10,97,100,FALSE,Golden State Warriors,3-15,NA,NA,NA,NA,NA,NA,NA,NA,NA,NA,Oklahoma City Thunder,6-10,Golden State Warriors,3-15,0.52,0.52,0.982,0.9816700610997964,0.01832993890020362,442,0,0,1,353,401160892539,539,4,8:36,516,8.6,92,78,92,78,14,Nerlens Noel lost ball turnover (Glenn Robinson III steals)
nba,2020,401160891,2019-11-25,San Antonio Spurs,Los Angeles Lakers,SA,LAL,6-12,15-2,104,114,FALSE,Los Angeles Lakers,15-2,NA,NA,NA,NA,NA,NA,NA,NA,NA,NA,Los Angeles Lakers,15-2,San Antonio Spurs,6-12,0.403,0.597,0.671,0.5096870342771982,0.4903129657228018,450,0,0,1,241,401160891351,351,3,8:11,1211,20.183333333333337,69,63,69,63,6,Bryn Forbes makes 26-foot three point jumper (Jakob Poeltl assists)
nba,2020,401160889,2019-11-25,Chicago Bulls,Portland Trail Blazers,CHI,POR,6-12,6-12,94,117,FALSE,Chicago Bulls,6-12,NA,NA,NA,NA,NA,NA,NA,NA,NA,NA,Portland Trail Blazers,6-12,Chicago Bulls,6-12,0.5,0.5,0.575,0.26086956521739113,0.7391304347826089,476,0,0,1,42,40116088962,62,1,6:52,2572,42.86666666666667,14,12,14,12,2,CJ McCollum shooting foul
nba,2020,401160890,2019-11-25,Milwaukee Bucks,Utah Jazz,MIL,UTAH,14-3,11-6,122,118,TRUE,Milwaukee Bucks,14-3,NA,NA,NA,NA,NA,NA,NA,NA,NA,NA,Milwaukee Bucks,14-3,Utah Jazz,11-6,0.74,0.74,0.787,0.7293519695044473,0.27064803049555275,481,0,0,1,216,401160890309,309,2,3:01,1621,27.016666666666666,36,49,49,36,13,Brook Lopez misses two point shot
nba,2020,401160885,2019-11-25,Atlanta Hawks,Minnesota Timberwolves,ATL,MIN,4-13,9-8,113,125,FALSE,Minnesota Timberwolves,9-8,NA,NA,NA,NA,NA,NA,NA,NA,NA,NA,Minnesota Timberwolves,9-8,Atlanta Hawks,4-13,0.49,0.51,0.873,0.8545246277205041,0.14547537227949592,538,0,0,1,276,401160885410,410,3,9:20,1280,21.333333333333332,71,59,71,59,12,Jarrett Culver misses 27-foot three point pullup jump shot
nba,2020,401160886,2019-11-25,Boston Celtics,Sacramento Kings,BOS,SAC,12-4,7-9,103,102,TRUE,Boston Celtics,12-4,NA,NA,NA,NA,NA,NA,NA,NA,NA,NA,Boston Celtics,12-4,Sacramento Kings,7-9,0.843,0.843,0.5780000000000001,0.7283737024221453,0.2716262975778547,432,0,0,6,157,401160886226,226,2,6:31,1831,30.516666666666666,28,39,39,28,11,Harrison Barnes makes 26-foot three point jumper (Bogdan Bogdanovic assists)
nba,2020,401160887,2019-11-25,Miami Heat,Charlotte Hornets,MIA,CHA,12-4,6-12,117,100,TRUE,Miami Heat,12-4,NA,NA,NA,NA,NA,NA,NA,NA,NA,NA,Miami Heat,12-4,Charlotte Hornets,6-12,0.875,0.875,0.21899999999999997,0.4292237442922374,0.5707762557077626,483,0,0,1,8,40116088715,15,1,10:50,2810,46.833333333333336,0,7,7,0,7,Terry Rozier makes 7-foot two point shot
nba,2020,401160888,2019-11-25,Toronto Raptors,Philadelphia 76ers,TOR,PHI,12-4,11-6,101,96,TRUE,Toronto Raptors,12-4,NA,NA,NA,NA,NA,NA,NA,NA,NA,NA,Toronto Raptors,12-4,Philadelphia 76ers,11-6,0.625,0.625,0.879,0.8623435722411832,0.1376564277588168,457,0,0,1,411,401160888583,583,4,4:39,279,4.65,88,94,94,88,6,(04:39) [76ers] COACH'S CHALLENGE (REPLAY SUPPORTS CALL) [76ers] charged with a timeout
nba,2020,401160882,2019-11-25,Cleveland Cavaliers,Brooklyn Nets,CLE,BKN,5-12,9-8,106,108,FALSE,Brooklyn Nets,9-8,NA,NA,NA,NA,NA,NA,NA,NA,NA,NA,Brooklyn Nets,9-8,Cleveland Cavaliers,5-12,0.459,0.5409999999999999,0.654,0.4709480122324159,0.5290519877675841,462,0,0,1,450,401160882640,640,4,21.5,21.5,0.35833333333333334,106,106,106,106,0,Collin Sexton makes free throw 1 of 2
nba,2020,401160883,2019-11-25,Detroit Pistons,Orlando Magic,DET,ORL,6-11,6-10,103,88,TRUE,Detroit Pistons,6-11,NA,NA,NA,NA,NA,NA,NA,NA,NA,NA,Detroit Pistons,6-11,Orlando Magic,6-10,0.537,0.537,0.772,0.7046632124352332,0.2953367875647668,459,0,0,2,223,401160883323,323,2,58.6,1498.6,24.976666666666667,48,55,55,48,7,Andre Drummond personal foul
nba,2020,401160884,2019-11-25,Indiana Pacers,Memphis Grizzlies,IND,MEM,10-6,5-11,126,114,TRUE,Indiana Pacers,10-6,NA,NA,NA,NA,NA,NA,NA,NA,NA,NA,Indiana Pacers,10-6,Memphis Grizzlies,5-11,0.841,0.841,0.269,0.4089219330855018,0.5910780669144983,440,0,0,1,46,40116088474,74,1,6:04,2524,42.06666666666667,11,16,16,11,5,Brandon Clarke makes pullup jump shot
nba,2020,401160881,2019-11-24,LA Clippers,New Orleans Pelicans,LAC,NO,12-5,6-11,134,109,TRUE,LA Clippers,12-5,NA,NA,NA,NA,NA,NA,NA,NA,NA,NA,LA Clippers,12-5,New Orleans Pelicans,6-11,0.819,0.819,0.251,0.2788844621513942,0.7211155378486058,508,0,0,1,22,40116088133,33,1,8:58,2698,44.96666666666667,6,10,10,6,4,JJ Redick makes 25-foot three pointer (Jaxson Hayes assists)
nba,2020,401160880,2019-11-24,Denver Nuggets,Phoenix Suns,DEN,PHX,12-3,8-8,116,104,TRUE,Denver Nuggets,12-3,NA,NA,NA,NA,NA,NA,NA,NA,NA,NA,Denver Nuggets,12-3,Phoenix Suns,8-8,0.781,0.781,0.647,0.661514683153014,0.338485316846986,422,0,0,1,213,401160880295,295,3,11:45,1425,23.75,52,59,59,52,7,Will Barton shooting foul
nba,2020,401160878,2019-11-24,New York Knicks,Brooklyn Nets,NY,BKN,4-13,8-8,101,103,FALSE,Brooklyn Nets,8-8,NA,NA,NA,NA,NA,NA,NA,NA,NA,NA,Brooklyn Nets,8-8,New York Knicks,4-13,0.378,0.622,0.541,0.3012939001848429,0.6987060998151571,474,0,0,1,36,40116087850,50,1,7:48,2628,43.8,12,7,12,7,5,Kevin Knox II defensive rebound
nba,2020,401160879,2019-11-24,Washington Wizards,Sacramento Kings,WSH,SAC,5-9,7-8,106,113,FALSE,Washington Wizards,5-9,NA,NA,NA,NA,NA,NA,NA,NA,NA,NA,Sacramento Kings,7-8,Washington Wizards,5-9,0.563,0.563,0.751,0.6684420772303594,0.3315579227696406,446,0,0,1,201,401160879283,283,2,3:45,1665,27.75,52,45,52,45,7,Nemanja Bjelica misses 9-foot hook shot
nba,2020,401160877,2019-11-24,Houston Rockets,Dallas Mavericks,HOU,DAL,11-6,11-5,123,137,FALSE,Houston Rockets,11-6,NA,NA,NA,NA,NA,NA,NA,NA,NA,NA,Dallas Mavericks,11-5,Houston Rockets,11-6,0.665,0.665,0.665,0.4962406015037595,0.5037593984962405,532,0,0,1,1,4011608774,4,1,12:00,2880,48,0,0,0,0,0,Kristaps Porzingis vs. Clint Capela (PJ Tucker gains possession)
nba,2020,401160876,2019-11-23,Utah Jazz,New Orleans Pelicans,UTAH,NO,11-5,6-10,128,120,TRUE,Utah Jazz,11-5,NA,NA,NA,NA,NA,NA,NA,NA,NA,NA,Utah Jazz,11-5,New Orleans Pelicans,6-10,0.777,0.777,0.223,0,1,490,0,0,1,1,4011608764,4,1,12:00,2880,48,0,0,0,0,0,Jaxson Hayes vs. Tony Bradley (Donovan Mitchell gains possession)
nba,2020,401160875,2019-11-23,Milwaukee Bucks,Detroit Pistons,MIL,DET,13-3,5-11,104,90,TRUE,Milwaukee Bucks,13-3,NA,NA,NA,NA,NA,NA,NA,NA,NA,NA,Milwaukee Bucks,13-3,Detroit Pistons,5-11,0.9,0.9,0.17600000000000005,0.4318181818181821,0.5681818181818179,470,0,0,1,237,401160875343,343,3,11:14,1394,23.233333333333334,54,50,50,54,-4,Luke Kennard defensive rebound
nba,2020,401160873,2019-11-23,Cleveland Cavaliers,Portland Trail Blazers,CLE,POR,5-11,5-12,110,104,TRUE,Portland Trail Blazers,5-12,NA,NA,NA,NA,NA,NA,NA,NA,NA,NA,Cleveland Cavaliers,5-11,Portland Trail Blazers,5-12,0.369,0.631,0.772,0.7046632124352332,0.2953367875647668,458,0,0,3,30,40116087341,41,1,7:28,2608,43.46666666666667,4,10,10,4,6,Anthony Tolliver defensive rebound
nba,2020,401160874,2019-11-23,Memphis Grizzlies,Los Angeles Lakers,MEM,LAL,5-10,14-2,108,109,FALSE,Los Angeles Lakers,14-2,NA,NA,NA,NA,NA,NA,NA,NA,NA,NA,Los Angeles Lakers,14-2,Memphis Grizzlies,5-10,0.278,0.722,0.897,0.8851727982162765,0.11482720178372352,474,0,0,1,441,401160874639,639,4,2:48,168,2.8,105,100,105,100,5,Brandon Clarke defensive rebound
nba,2020,401160870,2019-11-23,Atlanta Hawks,Toronto Raptors,ATL,TOR,4-12,11-4,116,119,FALSE,Toronto Raptors,11-4,NA,NA,NA,NA,NA,NA,NA,NA,NA,NA,Toronto Raptors,11-4,Atlanta Hawks,4-12,0.217,0.783,0.766,0.7167101827676241,0.2832898172323759,472,0,0,1,261,401160870384,384,3,7:31,1171,19.516666666666666,72,62,72,62,10,Norman Powell misses two point shot
nba,2020,401160871,2019-11-23,New York Knicks,San Antonio Spurs,NY,SA,4-12,6-11,104,111,FALSE,San Antonio Spurs,6-11,NA,NA,NA,NA,NA,NA,NA,NA,NA,NA,San Antonio Spurs,6-11,New York Knicks,4-12,0.447,0.5529999999999999,0.447,0,1,464,0,0,1,1,4011608714,4,1,12:00,2880,48,0,0,0,0,0,Jakob Poeltl vs. Taj Gibson (LaMarcus Aldridge gains possession)
nba,2020,401160872,2019-11-23,Philadelphia 76ers,Miami Heat,PHI,MIA,11-5,11-4,113,86,TRUE,Philadelphia 76ers,11-5,NA,NA,NA,NA,NA,NA,NA,NA,NA,NA,Philadelphia 76ers,11-5,Miami Heat,11-4,0.594,0.594,0.4260000000000001,0.04694835680751175,0.9530516431924884,446,0,0,1,3,4011608729,9,1,11:29,2849,47.483333333333334,0,0,0,0,0,Duncan Robinson defensive rebound
nba,2020,401160868,2019-11-23,Charlotte Hornets,Chicago Bulls,CHA,CHI,6-11,6-11,115,116,FALSE,Chicago Bulls,6-11,NA,NA,NA,NA,NA,NA,NA,NA,NA,NA,Chicago Bulls,6-11,Charlotte Hornets,6-11,0.451,0.5489999999999999,0.987,0.9868287740628164,0.01317122593718345,452,0,0,2,427,401160868618,618,4,55.9,55.9,0.9316666666666666,108,100,108,100,8,Bismack Biyombo blocks Zach LaVine's two point shot
nba,2020,401160869,2019-11-23,Indiana Pacers,Orlando Magic,IND,ORL,9-6,6-9,111,106,TRUE,Indiana Pacers,9-6,NA,NA,NA,NA,NA,NA,NA,NA,NA,NA,Indiana Pacers,9-6,Orlando Magic,6-9,0.709,0.709,0.6779999999999999,0.570796460176991,0.42920353982300896,423,0,0,4,292,401160869428,428,3,1:59,839,13.983333333333333,76,80,80,76,4,D.J. Augustin makes free throw 1 of 2
nba,2020,401160867,2019-11-23,Minnesota Timberwolves,Phoenix Suns,MIN,PHX,8-8,8-7,98,100,FALSE,Minnesota Timberwolves,8-8,NA,NA,NA,NA,NA,NA,NA,NA,NA,NA,Phoenix Suns,8-7,Minnesota Timberwolves,8-8,0.601,0.601,0.786,0.727735368956743,0.27226463104325704,486,0,0,1,43,40116086765,65,1,7:01,2581,43.016666666666666,16,9,16,9,7,Kelly Oubre Jr. personal foul
nba,2020,401160866,2019-11-22,LA Clippers,Houston Rockets,LAC,HOU,11-5,11-5,122,119,TRUE,LA Clippers,11-5,NA,NA,NA,NA,NA,NA,NA,NA,NA,NA,LA Clippers,11-5,Houston Rockets,11-5,0.625,0.625,0.912,0.9035087719298248,0.0964912280701753,512,0,0,1,483,401160866683,683,4,1:26,86,1.4333333333333331,109,115,115,109,6,Clint Capela makes two point shot
nba,2020,401160864,2019-11-22,Denver Nuggets,Boston Celtics,DEN,BOS,11-3,11-4,96,92,TRUE,Denver Nuggets,11-3,NA,NA,NA,NA,NA,NA,NA,NA,NA,NA,Denver Nuggets,11-3,Boston Celtics,11-4,0.593,0.593,0.453,0.10154525386313452,0.8984547461368655,453,0,0,1,394,401160864577,577,4,4:15,255,4.25,77,76,76,77,-1,Gary Harris misses 21-foot pullup jump shot
nba,2020,401160865,2019-11-22,Utah Jazz,Golden State Warriors,UTAH,GS,10-5,3-14,113,109,TRUE,Utah Jazz,10-5,NA,NA,NA,NA,NA,NA,NA,NA,NA,NA,Utah Jazz,10-5,Golden State Warriors,3-14,0.836,0.836,0.258,0.3643410852713177,0.6356589147286823,445,0,0,1,14,40116086525,25,1,9:45,2745,45.75,5,10,10,5,5,Alec Burks makes 26-foot three pointer
nba,2020,401160863,2019-11-22,Dallas Mavericks,Cleveland Cavaliers,DAL,CLE,10-5,4-11,143,101,TRUE,Dallas Mavericks,10-5,NA,NA,NA,NA,NA,NA,NA,NA,NA,NA,Dallas Mavericks,10-5,Cleveland Cavaliers,4-11,0.815,0.815,0.31200000000000006,0.40705128205128194,0.5929487179487181,417,0,0,3,62,40116086387,87,1,3:50,2390,39.833333333333336,17,20,20,17,3,Maxi Kleber enters the game for Kristaps Porzingis
nba,2020,401160860,2019-11-22,Philadelphia 76ers,San Antonio Spurs,PHI,SA,10-5,5-11,115,104,TRUE,Philadelphia 76ers,10-5,NA,NA,NA,NA,NA,NA,NA,NA,NA,NA,Philadelphia 76ers,10-5,San Antonio Spurs,5-11,0.738,0.738,0.352,0.2556818181818181,0.7443181818181819,453,0,0,1,281,401160860401,401,3,4:47,1007,16.783333333333335,74,73,73,74,-1,LaMarcus Aldridge makes 13-foot two point shot
nba,2020,401160861,2019-11-22,Chicago Bulls,Miami Heat,CHI,MIA,5-11,11-3,108,116,FALSE,Miami Heat,11-3,NA,NA,NA,NA,NA,NA,NA,NA,NA,NA,Miami Heat,11-3,Chicago Bulls,5-11,0.371,0.629,0.371,0,1,467,0,0,1,1,4011608614,4,1,12:00,2880,48,0,0,0,0,0,Bam Adebayo vs. Wendell Carter Jr. (Lauri Markkanen gains possession)
nba,2020,401160862,2019-11-22,Oklahoma City Thunder,Los Angeles Lakers,OKC,LAL,5-10,13-2,127,130,FALSE,Los Angeles Lakers,13-2,NA,NA,NA,NA,NA,NA,NA,NA,NA,NA,Los Angeles Lakers,13-2,Oklahoma City Thunder,5-10,0.375,0.625,0.62,0.3951612903225806,0.6048387096774194,484,0,0,2,219,401160862323,323,2,1:10,1510,25.166666666666668,61,57,61,57,4,Chris Paul makes free throw 1 of 2
nba,2020,401160859,2019-11-22,Brooklyn Nets,Sacramento Kings,BKN,SAC,7-8,6-8,116,97,TRUE,Brooklyn Nets,7-8,NA,NA,NA,NA,NA,NA,NA,NA,NA,NA,Brooklyn Nets,7-8,Sacramento Kings,6-8,0.577,0.577,0.4449999999999999,0.04943820224719086,0.9505617977528092,473,0,0,1,9,40116085916,16,1,10:35,2795,46.583333333333336,0,0,0,0,0,Taurean Prince lost ball turnover (Cory Joseph steals)
nba,2020,401160857,2019-11-22,Detroit Pistons,Atlanta Hawks,DET,ATL,5-10,4-11,128,103,TRUE,Detroit Pistons,5-10,NA,NA,NA,NA,NA,NA,NA,NA,NA,NA,Detroit Pistons,5-10,Atlanta Hawks,4-11,0.679,0.679,0.63,0.4904761904761905,0.5095238095238095,454,0,0,1,43,40116085761,61,1,6:28,2548,42.46666666666667,7,17,17,7,10,Trae Young defensive rebound
nba,2020,401160858,2019-11-22,Washington Wizards,Charlotte Hornets,WSH,CHA,5-8,6-10,125,118,TRUE,Washington Wizards,5-8,NA,NA,NA,NA,NA,NA,NA,NA,NA,NA,Washington Wizards,5-8,Charlotte Hornets,6-10,0.71,0.71,0.964,0.962655601659751,0.03734439834024905,432,0,0,1,341,401160858496,496,4,9:10,550,9.166666666666666,94,107,107,94,13,Davis Bertans misses 28-foot three point jumper
nba,2020,401160856,2019-11-21,Phoenix Suns,New Orleans Pelicans,PHX,NO,7-7,6-9,121,124,FALSE,Phoenix Suns,7-7,NA,NA,NA,NA,NA,NA,NA,NA,NA,NA,New Orleans Pelicans,6-9,Phoenix Suns,7-7,0.66,0.66,0.794,0.7405541561712847,0.2594458438287153,481,0,0,5,257,401160856361,361,2,0.0,1440,24,66,59,66,59,7,End of the 2nd Quarter
nba,2020,401160855,2019-11-21,Milwaukee Bucks,Portland Trail Blazers,MIL,POR,12-3,5-11,137,129,TRUE,Milwaukee Bucks,12-3,NA,NA,NA,NA,NA,NA,NA,NA,NA,NA,Milwaukee Bucks,12-3,Portland Trail Blazers,5-11,0.818,0.818,0.358,0.4916201117318434,0.5083798882681566,508,0,0,1,430,401160855628,628,4,7:14,434,7.233333333333333,117,115,115,117,-2,Anthony Tolliver defensive rebound
nba,2020,401160854,2019-11-20,LA Clippers,Boston Celtics,LAC,BOS,10-5,11-3,107,104,TRUE,LA Clippers,10-5,NA,NA,NA,NA,NA,NA,NA,NA,NA,NA,LA Clippers,10-5,Boston Celtics,11-3,0.614,0.614,0.937,0.9327641408751336,0.06723585912486651,531,0,0,1,408,401160854584,584,4,6:13,673,11.216666666666669,76,86,86,76,10,Clippers Full timeout
nba,2020,401160853,2019-11-20,Denver Nuggets,Houston Rockets,DEN,HOU,10-3,11-4,105,95,TRUE,Denver Nuggets,10-3,NA,NA,NA,NA,NA,NA,NA,NA,NA,NA,Denver Nuggets,10-3,Houston Rockets,11-4,0.616,0.616,0.579,0.33678756476683935,0.6632124352331606,467,0,0,1,33,40116085349,49,1,7:17,2597,43.28333333333333,9,15,15,9,6,Clint Capela defensive rebound
nba,2020,401160851,2019-11-20,Chicago Bulls,Detroit Pistons,CHI,DET,5-10,4-10,109,89,TRUE,Chicago Bulls,5-10,NA,NA,NA,NA,NA,NA,NA,NA,NA,NA,Chicago Bulls,5-10,Detroit Pistons,4-10,0.528,0.528,0.618,0.3818770226537216,0.6181229773462784,513,0,0,1,108,401160851160,160,2,11:22,2122,35.36666666666667,30,34,34,30,4,Blake Griffin defensive rebound
nba,2020,401160852,2019-11-20,Minnesota Timberwolves,Utah Jazz,MIN,UTAH,8-7,9-5,95,103,FALSE,Utah Jazz,9-5,NA,NA,NA,NA,NA,NA,NA,NA,NA,NA,Utah Jazz,9-5,Minnesota Timberwolves,8-7,0.43,0.5700000000000001,0.784,0.7244897959183674,0.2755102040816326,491,0,0,1,400,401160852554,554,4,9:23,563,9.383333333333333,79,73,79,73,6,Karl-Anthony Towns makes 25-foot step back jumpshot
nba,2020,401160846,2019-11-20,Atlanta Hawks,Milwaukee Bucks,ATL,MIL,4-10,11-3,127,135,FALSE,Milwaukee Bucks,11-3,NA,NA,NA,NA,NA,NA,NA,NA,NA,NA,Milwaukee Bucks,11-3,Atlanta Hawks,4-10,0.205,0.795,0.563,0.635879218472469,0.364120781527531,555,0,0,1,242,401160846365,365,2,30.2,1470.2,24.503333333333337,61,55,61,55,6,De'Andre Hunter defensive rebound
nba,2020,401160847,2019-11-20,Brooklyn Nets,Charlotte Hornets,BKN,CHA,6-8,6-9,101,91,TRUE,Brooklyn Nets,6-8,NA,NA,NA,NA,NA,NA,NA,NA,NA,NA,Brooklyn Nets,6-8,Charlotte Hornets,6-9,0.766,0.766,0.31599999999999995,0.2594936708860759,0.7405063291139241,487,0,0,3,124,401160847171,171,1,37.3,2197.3,36.62166666666667,23,23,23,23,0,Bismack Biyombo makes free throw 1 of 2
nba,2020,401160848,2019-11-20,Miami Heat,Cleveland Cavaliers,MIA,CLE,10-3,4-10,124,100,TRUE,Miami Heat,10-3,NA,NA,NA,NA,NA,NA,NA,NA,NA,NA,Miami Heat,10-3,Cleveland Cavaliers,4-10,0.873,0.873,0.17000000000000004,0.25294117647058845,0.7470588235294116,464,0,0,1,9,40116084817,17,1,10:44,2804,46.733333333333334,2,4,4,2,2,Kendrick Nunn bad pass (Cedi Osman steals)
nba,2020,401160849,2019-11-20,Toronto Raptors,Orlando Magic,TOR,ORL,10-4,6-8,113,97,TRUE,Toronto Raptors,10-4,NA,NA,NA,NA,NA,NA,NA,NA,NA,NA,Toronto Raptors,10-4,Orlando Magic,6-8,0.719,0.719,0.536,0.4757462686567164,0.5242537313432836,469,0,0,2,48,40116084972,72,1,4:51,2451,40.85,14,21,21,14,7,D.J. Augustin enters the game for Evan Fournier
nba,2020,401160850,2019-11-20,Dallas Mavericks,Golden State Warriors,DAL,GS,43-32,15-50,142,94,TRUE,Dallas Mavericks,43-32,NA,NA,NA,NA,NA,NA,NA,NA,NA,NA,Dallas Mavericks,43-32,Golden State Warriors,15-50,0.737,0.737,0.263,0,1,455,0,0,1,1,4011608504,4,1,12:00,2880,48,0,0,0,0,0,Willie Cauley-Stein vs. Kristaps Porzingis (Dwight Powell gains possession)
nba,2020,401160844,2019-11-20,Philadelphia 76ers,New York Knicks,PHI,NY,9-5,4-11,109,104,TRUE,Philadelphia 76ers,9-5,NA,NA,NA,NA,NA,NA,NA,NA,NA,NA,Philadelphia 76ers,9-5,New York Knicks,4-11,0.895,0.895,0.947,0.9440337909186904,0.05596620908130956,464,0,0,1,286,401160844431,431,3,3:52,952,15.866666666666667,60,77,77,60,17,Mitchell Robinson defensive rebound
nba,2020,401160845,2019-11-20,Washington Wizards,San Antonio Spurs,WSH,SA,4-8,5-10,138,132,TRUE,Washington Wizards,4-8,NA,NA,NA,NA,NA,NA,NA,NA,NA,NA,Washington Wizards,4-8,San Antonio Spurs,5-10,0.519,0.519,0.8160000000000001,0.7745098039215688,0.22549019607843124,450,0,0,1,247,401160845363,363,3,8:42,1242,20.7,72,82,82,72,10,Patty Mills makes 26-foot three point jumper (LaMarcus Aldridge assists)
nba,2020,401160843,2019-11-19,Los Angeles Lakers,Oklahoma City Thunder,LAL,OKC,12-2,5-9,112,107,TRUE,Los Angeles Lakers,12-2,NA,NA,NA,NA,NA,NA,NA,NA,NA,NA,Los Angeles Lakers,12-2,Oklahoma City Thunder,5-9,0.814,0.814,0.33399999999999996,0.4431137724550897,0.5568862275449104,462,0,0,1,445,401160843658,658,4,1:24,84,1.4,109,106,106,109,-3,Danilo Gallinari makes free throw 1 of 2
nba,2020,401160842,2019-11-19,Sacramento Kings,Phoenix Suns,SAC,PHX,6-7,7-6,120,116,TRUE,Sacramento Kings,6-7,NA,NA,NA,NA,NA,NA,NA,NA,NA,NA,Sacramento Kings,6-7,Phoenix Suns,7-6,0.559,0.559,0.4419999999999999,0.00226244343891401,0.997737556561086,476,0,0,1,38,40116084256,56,1,8:05,2645,44.083333333333336,6,5,5,6,-1,Frank Kaminsky makes free throw 1 of 2
nba,2020,401160840,2019-11-19,Memphis Grizzlies,Golden State Warriors,MEM,GS,5-9,3-12,95,114,FALSE,Golden State Warriors,3-12,NA,NA,NA,NA,NA,NA,NA,NA,NA,NA,Golden State Warriors,3-12,Memphis Grizzlies,5-9,0.496,0.504,0.578,0.2698961937716262,0.7301038062283738,494,0,0,2,107,401160840157,157,1,1:12,2232,37.2,27,25,27,25,2,Brandon Clarke makes free throw 1 of 2
nba,2020,401160841,2019-11-19,New Orleans Pelicans,Portland Trail Blazers,NO,POR,5-9,5-10,115,104,TRUE,New Orleans Pelicans,5-9,NA,NA,NA,NA,NA,NA,NA,NA,NA,NA,New Orleans Pelicans,5-9,Portland Trail Blazers,5-10,0.505,0.505,0.647,0.4544049459041733,0.5455950540958268,474,0,0,1,236,401160841332,332,2,47.0,1487,24.783333333333335,50,54,54,50,4,Nassir Little defensive rebound
nba,2020,401160839,2019-11-18,LA Clippers,Oklahoma City Thunder,LAC,OKC,9-5,5-8,90,88,TRUE,LA Clippers,9-5,NA,NA,NA,NA,NA,NA,NA,NA,NA,NA,LA Clippers,9-5,Oklahoma City Thunder,5-8,0.79,0.79,0.755,0.7218543046357616,0.2781456953642384,477,0,0,1,455,401160839657,657,4,31.3,31.3,0.5216666666666667,86,87,87,86,1,Chris Paul makes free throw 1 of 2
nba,2020,401160837,2019-11-18,Phoenix Suns,Boston Celtics,PHX,BOS,7-5,11-2,85,99,FALSE,Phoenix Suns,7-5,NA,NA,NA,NA,NA,NA,NA,NA,NA,NA,Boston Celtics,11-2,Phoenix Suns,7-5,0.549,0.549,0.7,0.5714285714285714,0.4285714285714286,462,0,0,1,70,40116083797,97,1,4:48,2448,40.8,16,9,16,9,7,Dario Saric makes 26-foot three point jumper (Devin Booker assists)
nba,2020,401160838,2019-11-18,Utah Jazz,Minnesota Timberwolves,UTAH,MIN,8-5,8-6,102,112,FALSE,Utah Jazz,8-5,NA,NA,NA,NA,NA,NA,NA,NA,NA,NA,Minnesota Timberwolves,8-6,Utah Jazz,8-5,0.843,0.843,0.897,0.8851727982162765,0.11482720178372352,502,0,0,2,79,401160838108,108,1,3:30,2370,39.5,29,22,29,22,7,Karl-Anthony Towns misses 8-foot jumper
nba,2020,401160836,2019-11-18,Dallas Mavericks,San Antonio Spurs,DAL,SA,8-5,5-9,117,110,TRUE,Dallas Mavericks,8-5,NA,NA,NA,NA,NA,NA,NA,NA,NA,NA,Dallas Mavericks,8-5,San Antonio Spurs,5-9,0.657,0.657,0.359,0.04456824512534818,0.9554317548746518,460,0,0,1,6,40116083613,13,1,11:35,2855,47.583333333333336,2,1,1,2,-1,DeMar DeRozan makes free throw 1 of 2
nba,2020,401160834,2019-11-18,Chicago Bulls,Milwaukee Bucks,CHI,MIL,4-10,10-3,101,115,FALSE,Milwaukee Bucks,10-3,NA,NA,NA,NA,NA,NA,NA,NA,NA,NA,Milwaukee Bucks,10-3,Chicago Bulls,4-10,0.227,0.773,0.565,0.5982300884955752,0.4017699115044248,499,0,0,3,423,401160834609,609,4,6:03,363,6.05,99,98,99,98,1,Giannis Antetokounmpo offensive foul
nba,2020,401160835,2019-11-18,Houston Rockets,Portland Trail Blazers,HOU,POR,11-3,5-9,132,108,TRUE,Houston Rockets,11-3,NA,NA,NA,NA,NA,NA,NA,NA,NA,NA,Houston Rockets,11-3,Portland Trail Blazers,5-9,0.691,0.691,0.43899999999999995,0.29612756264236884,0.7038724373576312,511,0,0,1,14,40116083524,24,1,10:05,2765,46.083333333333336,0,5,5,0,5,Hassan Whiteside defensive rebound
nba,2020,401160832,2019-11-18,Brooklyn Nets,Indiana Pacers,BKN,IND,5-8,8-6,86,115,FALSE,Brooklyn Nets,5-8,NA,NA,NA,NA,NA,NA,NA,NA,NA,NA,Indiana Pacers,8-6,Brooklyn Nets,5-8,0.574,0.574,0.738,0.6449864498644986,0.3550135501355014,489,0,0,1,41,40116083255,55,1,6:57,2577,42.95,14,6,14,6,8,Spencer Dinwiddie defensive rebound
nba,2020,401160833,2019-11-18,Toronto Raptors,Charlotte Hornets,TOR,CHA,9-4,6-8,132,96,TRUE,Toronto Raptors,9-4,NA,NA,NA,NA,NA,NA,NA,NA,NA,NA,Toronto Raptors,9-4,Charlotte Hornets,6-8,0.874,0.874,0.28900000000000003,0.5640138408304498,0.4359861591695502,456,0,0,1,214,401160833312,312,2,1:12,1512,25.2,53,52,52,53,-1,Fred VanVleet shooting foul
nba,2020,401160831,2019-11-18,New York Knicks,Cleveland Cavaliers,NY,CLE,4-10,4-9,123,105,TRUE,New York Knicks,4-10,NA,NA,NA,NA,NA,NA,NA,NA,NA,NA,New York Knicks,4-10,Cleveland Cavaliers,4-9,0.544,0.544,0.465,0.01935483870967747,0.9806451612903224,508,0,0,1,25,40116083133,33,1,9:36,2736,45.6,4,2,2,4,-2,Frank Ntilikina shooting foul
nba,2020,401160830,2019-11-17,Los Angeles Lakers,Atlanta Hawks,LAL,ATL,11-2,4-9,122,101,TRUE,Los Angeles Lakers,11-2,NA,NA,NA,NA,NA,NA,NA,NA,NA,NA,Los Angeles Lakers,11-2,Atlanta Hawks,4-9,0.891,0.891,0.123,0.11382113821138218,0.8861788617886178,473,0,0,1,8,40116083015,15,1,10:44,2804,46.733333333333334,2,2,2,2,0,Damian Jones defensive rebound
nba,2020,401160829,2019-11-17,New Orleans Pelicans,Golden State Warriors,NO,GS,4-9,2-12,108,100,TRUE,New Orleans Pelicans,4-9,NA,NA,NA,NA,NA,NA,NA,NA,NA,NA,New Orleans Pelicans,4-9,Golden State Warriors,2-12,0.576,0.576,0.459,0.07625272331154664,0.9237472766884534,472,0,0,1,83,401160829116,116,1,3:20,2360,39.333333333333336,18,17,17,18,-1,Glenn Robinson III defensive rebound
nba,2020,401160827,2019-11-17,Orlando Magic,Washington Wizards,ORL,WSH,6-7,3-8,125,121,TRUE,Orlando Magic,6-7,NA,NA,NA,NA,NA,NA,NA,NA,NA,NA,Orlando Magic,6-7,Washington Wizards,3-8,0.732,0.732,0.33799999999999997,0.20710059171597617,0.7928994082840238,445,0,0,1,12,40116082721,21,1,10:17,2777,46.28333333333333,2,4,4,2,2,Bradley Beal defensive rebound
nba,2020,401160828,2019-11-17,Memphis Grizzlies,Denver Nuggets,MEM,DEN,5-8,9-3,114,131,FALSE,Denver Nuggets,9-3,NA,NA,NA,NA,NA,NA,NA,NA,NA,NA,Denver Nuggets,9-3,Memphis Grizzlies,5-8,0.263,0.737,0.572,0.5402097902097902,0.4597902097902098,453,0,0,1,51,40116082873,73,1,5:47,2507,41.78333333333333,23,12,23,12,11,Ja Morant makes 26-foot step back jumpshot
nba,2020,401160826,2019-11-17,Sacramento Kings,Boston Celtics,SAC,BOS,5-7,10-2,100,99,TRUE,Boston Celtics,10-2,NA,NA,NA,NA,NA,NA,NA,NA,NA,NA,Sacramento Kings,5-7,Boston Celtics,10-2,0.39,0.61,0.9,0.8888888888888888,0.11111111111111116,440,0,0,1,413,401160826606,606,4,2:58,178,2.966666666666667,91,93,93,91,2,Richaun Holmes personal foul
nba,2020,401160825,2019-11-17,Cleveland Cavaliers,Philadelphia 76ers,CLE,PHI,4-8,8-5,95,114,FALSE,Philadelphia 76ers,8-5,NA,NA,NA,NA,NA,NA,NA,NA,NA,NA,Philadelphia 76ers,8-5,Cleveland Cavaliers,4-8,0.363,0.637,0.499,0.27254509018036077,0.7274549098196392,465,0,0,1,28,40116082541,41,1,8:00,2640,44,14,9,14,9,5,Darius Garland makes 26-foot step back jumpshot
nba,2020,401160824,2019-11-16,LA Clippers,Atlanta Hawks,LAC,ATL,8-5,4-8,150,101,TRUE,LA Clippers,8-5,NA,NA,NA,NA,NA,NA,NA,NA,NA,NA,LA Clippers,8-5,Atlanta Hawks,4-8,0.83,0.83,0.19499999999999995,0.12820512820512775,0.8717948717948723,547,0,0,1,189,401160824275,275,2,6:30,1830,30.5,51,47,47,51,-4,Damian Jones defensive rebound
nba,2020,401160822,2019-11-16,Dallas Mavericks,Toronto Raptors,DAL,TOR,7-5,8-4,110,102,TRUE,Toronto Raptors,8-4,NA,NA,NA,NA,NA,NA,NA,NA,NA,NA,Dallas Mavericks,7-5,Toronto Raptors,8-4,0.454,0.546,0.786,0.727735368956743,0.27226463104325704,465,0,0,1,238,401160822335,335,2,35.4,1475.4,24.59,51,60,60,51,9,Fred VanVleet makes 27-foot three pointer
nba,2020,401160823,2019-11-16,San Antonio Spurs,Portland Trail Blazers,SA,POR,5-8,5-8,116,121,FALSE,Portland Trail Blazers,5-8,NA,NA,NA,NA,NA,NA,NA,NA,NA,NA,Portland Trail Blazers,5-8,San Antonio Spurs,5-8,0.497,0.503,0.982,0.9816700610997964,0.01832993890020362,474,0,0,1,368,401160823510,510,4,8:32,512,8.533333333333333,106,91,106,91,15,DeMar DeRozan makes 10-foot two point shot
nba,2020,401160820,2019-11-16,Miami Heat,New Orleans Pelicans,MIA,NO,9-3,3-9,109,94,TRUE,Miami Heat,9-3,NA,NA,NA,NA,NA,NA,NA,NA,NA,NA,Miami Heat,9-3,New Orleans Pelicans,3-9,0.789,0.789,0.39,0.4589743589743591,0.5410256410256409,387,0,0,1,247,401160820348,348,3,6:30,1110,18.5,61,60,60,61,-1,E'Twaun Moore makes free throw 1 of 2
nba,2020,401160821,2019-11-16,Minnesota Timberwolves,Houston Rockets,MIN,HOU,7-6,10-3,105,125,FALSE,Houston Rockets,10-3,NA,NA,NA,NA,NA,NA,NA,NA,NA,NA,Houston Rockets,10-3,Minnesota Timberwolves,7-6,0.409,0.591,0.724,0.6187845303867403,0.3812154696132597,476,0,0,1,49,40116082175,75,1,5:40,2500,41.666666666666664,21,10,21,10,11,James Harden misses driving layup
nba,2020,401160819,2019-11-16,New York Knicks,Charlotte Hornets,NY,CHA,3-10,6-7,102,103,FALSE,New York Knicks,3-10,NA,NA,NA,NA,NA,NA,NA,NA,NA,NA,Charlotte Hornets,6-7,New York Knicks,3-10,0.624,0.624,0.943,0.9395546129374336,0.0604453870625663,470,0,0,1,299,401160819428,428,3,5:44,1064,17.733333333333334,69,55,69,55,14,Marcus Morris Sr. defensive rebound
nba,2020,401160818,2019-11-16,Indiana Pacers,Milwaukee Bucks,IND,MIL,7-6,9-3,83,102,FALSE,Milwaukee Bucks,9-3,NA,NA,NA,NA,NA,NA,NA,NA,NA,NA,Milwaukee Bucks,9-3,Indiana Pacers,7-6,0.399,0.601,0.536,0.2555970149253731,0.7444029850746269,475,0,0,1,85,401160818116,116,1,2:53,2333,38.88333333333333,20,16,20,16,4,T.J. Warren defensive rebound
nba,2020,401160817,2019-11-16,Chicago Bulls,Brooklyn Nets,CHI,BKN,4-9,5-7,111,117,FALSE,Chicago Bulls,4-9,NA,NA,NA,NA,NA,NA,NA,NA,NA,NA,Brooklyn Nets,5-7,Chicago Bulls,4-9,0.517,0.517,0.824,0.7864077669902911,0.2135922330097089,542,0,0,1,262,401160817369,369,2,1:40,1540,25.666666666666668,54,43,54,43,11,Zach LaVine makes 29-foot three point jumper
nba,2020,401160815,2019-11-15,Golden State Warriors,Boston Celtics,GS,BOS,2-11,10-1,100,105,FALSE,Boston Celtics,10-1,NA,NA,NA,NA,NA,NA,NA,NA,NA,NA,Boston Celtics,10-1,Golden State Warriors,2-11,0.333,0.667,0.833,0.7995198079231691,0.20048019207683088,497,0,0,1,458,401160815645,645,4,2:37,157,2.6166666666666667,97,92,97,92,5,Willie Cauley-Stein makes alley oop layup (Ky Bowman assists)
nba,2020,401160816,2019-11-15,Los Angeles Lakers,Sacramento Kings,LAL,SAC,10-2,4-7,99,97,TRUE,Los Angeles Lakers,10-2,NA,NA,NA,NA,NA,NA,NA,NA,NA,NA,Los Angeles Lakers,10-2,Sacramento Kings,4-7,0.791,0.791,0.663,0.6847662141779789,0.3152337858220211,434,0,0,2,147,401160816221,221,2,7:59,1919,31.983333333333334,29,42,42,29,13,Yogi Ferrell makes 28-foot three pointer (Harry Giles III assists)
nba,2020,401160811,2019-11-15,Houston Rockets,Indiana Pacers,HOU,IND,9-3,7-5,111,102,TRUE,Houston Rockets,9-3,NA,NA,NA,NA,NA,NA,NA,NA,NA,NA,Houston Rockets,9-3,Indiana Pacers,7-5,0.615,0.615,0.714,0.599439775910364,0.400560224089636,482,0,0,2,184,401160811258,258,2,5:00,1740,29,38,46,46,38,8,T.J. Warren makes free throw 1 of 2
nba,2020,401160812,2019-11-15,Memphis Grizzlies,Utah Jazz,MEM,UTAH,5-7,8-4,107,106,TRUE,Utah Jazz,8-4,NA,NA,NA,NA,NA,NA,NA,NA,NA,NA,Memphis Grizzlies,5-7,Utah Jazz,8-4,0.222,0.778,0.894,0.8814317673378076,0.1185682326621924,483,0,0,3,82,401160812118,118,1,2:49,2329,38.81666666666667,15,24,24,15,9,Grizzlies Full timeout
nba,2020,401160813,2019-11-15,Minnesota Timberwolves,Washington Wizards,MIN,WSH,7-5,3-7,116,137,FALSE,Minnesota Timberwolves,7-5,NA,NA,NA,NA,NA,NA,NA,NA,NA,NA,Washington Wizards,3-7,Minnesota Timberwolves,7-5,0.75,0.75,0.78,0.7179487179487181,0.28205128205128194,502,0,0,2,5,40116081312,12,1,10:56,2816,46.93333333333333,4,2,4,2,2,Isaiah Thomas misses 7-foot two point shot
nba,2020,401160814,2019-11-15,Oklahoma City Thunder,Philadelphia 76ers,OKC,PHI,5-7,7-5,127,119,TRUE,Philadelphia 76ers,7-5,NA,NA,NA,NA,NA,NA,NA,NA,NA,NA,Oklahoma City Thunder,5-7,Philadelphia 76ers,7-5,0.43,0.5700000000000001,0.915,0.907103825136612,0.09289617486338786,496,0,0,1,390,401160814568,568,4,7:06,726,12.1,85,94,94,85,9,"Furkan Korkmaz defensive 3-seconds (technical foul)
"
nba,2020,401160809,2019-11-15,Charlotte Hornets,Detroit Pistons,CHA,DET,5-7,4-9,109,106,TRUE,Detroit Pistons,4-9,NA,NA,NA,NA,NA,NA,NA,NA,NA,NA,Charlotte Hornets,5-7,Detroit Pistons,4-9,0.409,0.591,0.914,0.9059080962800876,0.09409190371991238,447,0,0,1,229,401160809328,328,2,9.3,1449.3,24.155,51,65,65,51,14,shot clock turnover
nba,2020,401160810,2019-11-15,Orlando Magic,San Antonio Spurs,ORL,SA,5-7,5-7,111,109,TRUE,Orlando Magic,5-7,NA,NA,NA,NA,NA,NA,NA,NA,NA,NA,Orlando Magic,5-7,San Antonio Spurs,5-7,0.599,0.599,0.877,0.8597491448118586,0.1402508551881414,464,0,0,1,401,401160810568,568,4,4:42,282,4.7,92,99,99,92,7,LaMarcus Aldridge makes 26-foot three point jumper (Dejounte Murray assists)
nba,2020,401160808,2019-11-14,Denver Nuggets,Brooklyn Nets,DEN,BKN,8-3,4-7,101,93,TRUE,Denver Nuggets,8-3,NA,NA,NA,NA,NA,NA,NA,NA,NA,NA,Denver Nuggets,8-3,Brooklyn Nets,4-7,0.744,0.744,0.893,0.8801791713325868,0.11982082866741316,460,0,0,1,239,401160808332,332,3,10:06,1326,22.1,51,66,66,51,15,Jarrett Allen makes free throw 1 of 2
nba,2020,401160807,2019-11-14,Phoenix Suns,Atlanta Hawks,PHX,ATL,7-4,4-7,128,112,TRUE,Phoenix Suns,7-4,NA,NA,NA,NA,NA,NA,NA,NA,NA,NA,Phoenix Suns,7-4,Atlanta Hawks,4-7,0.701,0.701,0.562,0.4679715302491103,0.5320284697508897,540,0,0,1,56,40116080786,86,1,6:07,2527,42.11666666666667,10,19,19,10,9,Cam Reddish defensive rebound
nba,2020,401160804,2019-11-14,New York Knicks,Dallas Mavericks,NY,DAL,3-9,6-5,106,103,TRUE,Dallas Mavericks,6-5,NA,NA,NA,NA,NA,NA,NA,NA,NA,NA,New York Knicks,3-9,Dallas Mavericks,6-5,0.294,0.706,0.706,0.58356940509915,0.41643059490085,504,0,0,1,1,4011608044,4,1,12:00,2880,48,0,0,0,0,0,Kristaps Porzingis vs. Taj Gibson (Dwight Powell gains possession)
nba,2020,401160805,2019-11-14,Milwaukee Bucks,Chicago Bulls,MIL,CHI,8-3,4-8,124,115,TRUE,Milwaukee Bucks,8-3,NA,NA,NA,NA,NA,NA,NA,NA,NA,NA,Milwaukee Bucks,8-3,Chicago Bulls,4-8,0.914,0.914,0.536,0.8395522388059702,0.1604477611940298,552,0,0,1,300,401160805422,422,3,8:41,1241,20.683333333333337,70,77,77,70,7,Eric Bledsoe out of bounds bad pass turnover
nba,2020,401160806,2019-11-14,New Orleans Pelicans,LA Clippers,NO,LAC,3-8,7-5,132,127,TRUE,LA Clippers,7-5,NA,NA,NA,NA,NA,NA,NA,NA,NA,NA,New Orleans Pelicans,3-8,LA Clippers,7-5,0.41,0.5900000000000001,0.784,0.7244897959183674,0.2755102040816326,500,0,0,1,137,401160806197,197,2,9:42,2022,33.7,36,43,43,36,7,Rodney McGruder makes free throw 2 of 3
nba,2020,401160803,2019-11-14,Cleveland Cavaliers,Miami Heat,CLE,MIA,4-7,8-3,97,108,FALSE,Miami Heat,8-3,NA,NA,NA,NA,NA,NA,NA,NA,NA,NA,Miami Heat,8-3,Cleveland Cavaliers,4-7,0.354,0.646,0.373,0.05093833780160861,0.9490616621983914,424,0,0,1,3,4011608038,8,1,11:33,2853,47.55,0,0,0,0,0,Cedi Osman defensive rebound
nba,2020,401160801,2019-11-13,Los Angeles Lakers,Golden State Warriors,LAL,GS,9-2,2-10,120,94,TRUE,Los Angeles Lakers,9-2,NA,NA,NA,NA,NA,NA,NA,NA,NA,NA,Los Angeles Lakers,9-2,Golden State Warriors,2-10,0.792,0.792,0.235,0.11489361702127664,0.8851063829787233,457,0,0,1,17,40116080129,29,1,9:17,2717,45.28333333333333,9,9,9,9,0,Kyle Kuzma traveling
nba,2020,401160802,2019-11-13,Portland Trail Blazers,Toronto Raptors,POR,TOR,4-8,8-3,106,114,FALSE,Portland Trail Blazers,4-8,NA,NA,NA,NA,NA,NA,NA,NA,NA,NA,Toronto Raptors,8-3,Portland Trail Blazers,4-8,0.507,0.507,0.794,0.7405541561712847,0.2594458438287153,457,0,0,1,32,40116080243,43,1,7:32,2612,43.53333333333333,14,2,14,2,12,Damian Lillard makes technical free throw
nba,2020,401160800,2019-11-13,Minnesota Timberwolves,San Antonio Spurs,MIN,SA,7-4,5-6,129,114,TRUE,Minnesota Timberwolves,7-4,NA,NA,NA,NA,NA,NA,NA,NA,NA,NA,Minnesota Timberwolves,7-4,San Antonio Spurs,5-6,0.573,0.573,0.628,0.40764331210191074,0.5923566878980893,502,0,0,1,281,401160800402,402,3,8:41,1241,20.683333333333337,70,73,73,70,3,Dejounte Murray makes free throw 1 of 2
nba,2020,401160798,2019-11-13,Boston Celtics,Washington Wizards,BOS,WSH,9-1,2-7,140,133,TRUE,Boston Celtics,9-1,NA,NA,NA,NA,NA,NA,NA,NA,NA,NA,Boston Celtics,9-1,Washington Wizards,2-7,0.843,0.843,0.382,0.5890052356020942,0.41099476439790583,488,0,0,1,143,401160798202,202,2,9:33,2013,33.55,38,43,43,38,5,Davis Bertans defensive rebound
nba,2020,401160799,2019-11-13,Houston Rockets,LA Clippers,HOU,LAC,8-3,7-4,102,93,TRUE,Houston Rockets,8-3,NA,NA,NA,NA,NA,NA,NA,NA,NA,NA,Houston Rockets,8-3,LA Clippers,7-4,0.556,0.556,0.78,0.7179487179487181,0.28205128205128194,493,0,0,3,426,401160799591,591,4,6:13,373,6.216666666666667,80,84,84,80,4,Clint Capela personal foul
nba,2020,401160796,2019-11-13,Charlotte Hornets,Memphis Grizzlies,CHA,MEM,4-7,4-7,117,119,FALSE,Charlotte Hornets,4-7,NA,NA,NA,NA,NA,NA,NA,NA,NA,NA,Memphis Grizzlies,4-7,Charlotte Hornets,4-7,0.608,0.608,0.913,0.904709748083242,0.095290251916758,455,0,0,1,312,401160796453,453,3,3:10,910,15.166666666666666,91,79,91,79,12,PJ Washington makes 2-foot alley oop dunk shot (Terry Rozier assists)
nba,2020,401160797,2019-11-13,Orlando Magic,Philadelphia 76ers,ORL,PHI,4-7,7-4,112,97,TRUE,Philadelphia 76ers,7-4,NA,NA,NA,NA,NA,NA,NA,NA,NA,NA,Orlando Magic,4-7,Philadelphia 76ers,7-4,0.475,0.525,0.792,0.7373737373737375,0.26262626262626254,493,0,0,3,299,401160797427,427,3,4:54,1014,16.9,63,71,71,63,8,Magic Full timeout
nba,2020,401160795,2019-11-12,Sacramento Kings,Portland Trail Blazers,SAC,POR,4-6,4-7,107,99,TRUE,Sacramento Kings,4-6,NA,NA,NA,NA,NA,NA,NA,NA,NA,NA,Sacramento Kings,4-6,Portland Trail Blazers,4-7,0.524,0.524,0.776,0.7113402061855671,0.28865979381443285,474,0,0,1,62,40116079589,89,1,4:54,2454,40.9,5,16,16,5,11,CJ McCollum defensive rebound
nba,2020,401160792,2019-11-12,Denver Nuggets,Atlanta Hawks,DEN,ATL,7-3,4-6,121,125,FALSE,Denver Nuggets,7-3,NA,NA,NA,NA,NA,NA,NA,NA,NA,NA,Atlanta Hawks,4-6,Denver Nuggets,7-3,0.834,0.834,0.936,0.9316239316239316,0.06837606837606836,512,0,0,1,23,40116079238,38,1,9:11,2711,45.18333333333333,12,0,12,0,12,Will Barton makes 26-foot three point jumper (Nikola Jokic assists)
nba,2020,401160793,2019-11-12,Phoenix Suns,Los Angeles Lakers,PHX,LAL,6-4,8-2,115,123,FALSE,Los Angeles Lakers,8-2,NA,NA,NA,NA,NA,NA,NA,NA,NA,NA,Los Angeles Lakers,8-2,Phoenix Suns,6-4,0.447,0.5529999999999999,0.701,0.5734664764621968,0.4265335235378032,464,0,0,1,92,401160793136,136,1,1:07,2227,37.11666666666667,29,20,29,20,9,Tyler Johnson makes 6-foot driving floating jump shot
nba,2020,401160794,2019-11-12,Utah Jazz,Brooklyn Nets,UTAH,BKN,8-3,4-6,119,114,TRUE,Utah Jazz,8-3,NA,NA,NA,NA,NA,NA,NA,NA,NA,NA,Utah Jazz,8-3,Brooklyn Nets,4-6,0.779,0.779,0.858,0.8344988344988344,0.16550116550116556,505,0,0,1,259,401160794368,368,3,11:48,1428,23.8,53,68,68,53,15,Donovan Mitchell bad pass (Taurean Prince steals)
nba,2020,401160791,2019-11-12,Chicago Bulls,New York Knicks,CHI,NY,4-7,2-9,120,102,TRUE,Chicago Bulls,4-7,NA,NA,NA,NA,NA,NA,NA,NA,NA,NA,Chicago Bulls,4-7,New York Knicks,2-9,0.729,0.729,0.563,0.5186500888099466,0.48134991119005344,511,0,0,1,390,401160791561,561,4,11:09,669,11.15,87,88,88,87,1,Kevin Knox II makes free throw 1 of 2
nba,2020,401160790,2019-11-12,Miami Heat,Detroit Pistons,MIA,DET,7-3,4-8,117,108,TRUE,Miami Heat,7-3,NA,NA,NA,NA,NA,NA,NA,NA,NA,NA,Miami Heat,7-3,Detroit Pistons,4-8,0.818,0.818,0.18200000000000005,0,1,484,0,0,1,1,4011607904,4,1,12:00,2880,48,0,0,0,0,0,Andre Drummond vs. Bam Adebayo (Markieff Morris gains possession)
nba,2020,401160788,2019-11-12,Indiana Pacers,Oklahoma City Thunder,IND,OKC,7-4,4-7,111,85,TRUE,Indiana Pacers,7-4,NA,NA,NA,NA,NA,NA,NA,NA,NA,NA,Indiana Pacers,7-4,Oklahoma City Thunder,4-7,0.667,0.667,0.38,0.12368421052631597,0.876315789473684,459,0,0,1,43,40116078857,57,1,6:30,2550,42.5,10,12,12,10,2,Steven Adams makes 8-foot two point shot (Chris Paul assists)
nba,2020,401160789,2019-11-12,Philadelphia 76ers,Cleveland Cavaliers,PHI,CLE,7-3,4-6,98,97,TRUE,Philadelphia 76ers,7-3,NA,NA,NA,NA,NA,NA,NA,NA,NA,NA,Philadelphia 76ers,7-3,Cleveland Cavaliers,4-6,0.842,0.842,0.94,0.9361702127659576,0.06382978723404253,460,0,0,1,431,401160789616,616,4,2:46,166,2.7666666666666666,92,97,97,92,5,Tobias Harris personal foul
nba,2020,401160786,2019-11-11,Golden State Warriors,Utah Jazz,GS,UTAH,2-9,7-3,108,122,FALSE,Utah Jazz,7-3,NA,NA,NA,NA,NA,NA,NA,NA,NA,NA,Utah Jazz,7-3,Golden State Warriors,2-9,0.349,0.651,0.5,0.30200000000000005,0.698,463,0,0,1,66,40116078698,98,1,4:32,2432,40.53333333333333,22,17,22,17,5,D'Angelo Russell makes 26-foot running pullup jump shot (Glenn Robinson III assists)
nba,2020,401160787,2019-11-11,LA Clippers,Toronto Raptors,LAC,TOR,7-3,7-3,98,88,TRUE,LA Clippers,7-3,NA,NA,NA,NA,NA,NA,NA,NA,NA,NA,LA Clippers,7-3,Toronto Raptors,7-3,0.691,0.691,0.725,0.6206896551724137,0.3793103448275863,488,0,0,1,365,401160787519,519,4,10:55,655,10.916666666666666,75,79,79,75,4,Pascal Siakam makes free throw 1 of 2
nba,2020,401160784,2019-11-11,New Orleans Pelicans,Houston Rockets,NO,HOU,2-8,7-3,116,122,FALSE,Houston Rockets,7-3,NA,NA,NA,NA,NA,NA,NA,NA,NA,NA,Houston Rockets,7-3,New Orleans Pelicans,2-8,0.389,0.611,0.535,0.2728971962616823,0.7271028037383177,509,0,0,1,63,40116078492,92,1,4:34,2434,40.56666666666667,17,13,17,13,4,Austin Rivers lost ball turnover (Josh Hart steals)
nba,2020,401160783,2019-11-11,Boston Celtics,Dallas Mavericks,BOS,DAL,8-1,6-4,116,106,TRUE,Boston Celtics,8-1,NA,NA,NA,NA,NA,NA,NA,NA,NA,NA,Boston Celtics,8-1,Dallas Mavericks,6-4,0.71,0.71,0.642,0.5482866043613707,0.45171339563862933,483,0,0,2,410,401160783597,597,4,5:52,352,5.866666666666666,90,92,92,90,2,Daniel Theis enters the game for Grant Williams
nba,2020,401160785,2019-11-11,San Antonio Spurs,Memphis Grizzlies,SA,MEM,5-5,3-7,109,113,FALSE,San Antonio Spurs,5-5,NA,NA,NA,NA,NA,NA,NA,NA,NA,NA,Memphis Grizzlies,3-7,San Antonio Spurs,5-5,0.821,0.821,0.831,0.7966305655836341,0.2033694344163659,464,0,0,1,3,4011607858,8,1,11:36,2856,47.6,0,0,0,0,0,DeMar DeRozan defensive rebound
nba,2020,401160782,2019-11-11,Detroit Pistons,Minnesota Timberwolves,DET,MIN,4-7,6-4,114,120,FALSE,Detroit Pistons,4-7,NA,NA,NA,NA,NA,NA,NA,NA,NA,NA,Minnesota Timberwolves,6-4,Detroit Pistons,4-7,0.621,0.621,0.72,0.6111111111111112,0.3888888888888888,488,0,0,1,16,40116078228,28,1,10:15,2775,46.25,5,2,5,2,3,Blake Griffin makes free throw 1 of 2
nba,2020,401160781,2019-11-10,Los Angeles Lakers,Toronto Raptors,LAL,TOR,7-2,7-2,104,113,FALSE,Los Angeles Lakers,7-2,NA,NA,NA,NA,NA,NA,NA,NA,NA,NA,Toronto Raptors,7-2,Los Angeles Lakers,7-2,0.666,0.666,0.881,0.8649262202043133,0.1350737797956867,477,0,0,3,211,401160781310,310,2,1:33,1533,25.55,59,48,59,48,11,Lakers defensive team rebound
nba,2020,401160780,2019-11-10,Portland Trail Blazers,Atlanta Hawks,POR,ATL,4-6,3-6,124,113,TRUE,Portland Trail Blazers,4-6,NA,NA,NA,NA,NA,NA,NA,NA,NA,NA,Portland Trail Blazers,4-6,Atlanta Hawks,3-6,0.757,0.757,0.77,0.7012987012987013,0.2987012987012987,574,0,0,1,431,401160780617,617,4,6:26,686,11.433333333333334,90,94,94,90,4,Kent Bazemore enters the game for Anfernee Simons
nba,2020,401160779,2019-11-10,Phoenix Suns,Brooklyn Nets,PHX,BKN,6-3,4-5,138,112,TRUE,Phoenix Suns,6-3,NA,NA,NA,NA,NA,NA,NA,NA,NA,NA,Phoenix Suns,6-3,Brooklyn Nets,4-5,0.61,0.61,0.43700000000000006,0.10755148741418774,0.8924485125858123,467,0,0,1,7,40116077914,14,1,11:25,2845,47.416666666666664,0,1,1,0,1,Jarrett Allen makes free throw 1 of 2
nba,2020,401160778,2019-11-10,New York Knicks,Cleveland Cavaliers,NY,CLE,2-8,4-5,87,108,FALSE,New York Knicks,2-8,NA,NA,NA,NA,NA,NA,NA,NA,NA,NA,Cleveland Cavaliers,4-5,New York Knicks,2-8,0.577,0.577,0.577,0.266897746967071,0.733102253032929,497,0,0,3,1,4011607784,4,1,12:00,2880,48,0,0,0,0,0,Tristan Thompson vs. Taj Gibson (Frank Ntilikina gains possession)
nba,2020,401160777,2019-11-10,Oklahoma City Thunder,Milwaukee Bucks,OKC,MIL,4-6,7-3,119,121,FALSE,Milwaukee Bucks,7-3,NA,NA,NA,NA,NA,NA,NA,NA,NA,NA,Milwaukee Bucks,7-3,Oklahoma City Thunder,4-6,0.269,0.731,0.727,0.6299862448418156,0.3700137551581843,458,0,0,1,227,401160777346,346,3,10:11,1331,22.183333333333337,62,54,62,54,8,Nerlens Noel makes free throw 1 of 2
nba,2020,401160775,2019-11-10,Orlando Magic,Indiana Pacers,ORL,IND,3-7,6-4,102,109,FALSE,Orlando Magic,3-7,NA,NA,NA,NA,NA,NA,NA,NA,NA,NA,Indiana Pacers,6-4,Orlando Magic,3-7,0.572,0.572,0.88,0.8636363636363635,0.13636363636363646,392,0,0,2,176,401160775268,268,2,2:31,1591,26.516666666666666,58,47,58,47,11,Malcolm Brogdon loose ball foul
nba,2020,401160776,2019-11-10,Philadelphia 76ers,Charlotte Hornets,PHI,CHA,6-3,4-6,114,106,TRUE,Philadelphia 76ers,6-3,NA,NA,NA,NA,NA,NA,NA,NA,NA,NA,Philadelphia 76ers,6-3,Charlotte Hornets,4-6,0.918,0.918,0.393,0.791348600508906,0.208651399491094,447,0,0,2,228,401160776325,325,2,4.1,1444.1,24.06833333333333,53,57,57,53,4,Devonte' Graham makes free throw 1 of 3
nba,2020,401160774,2019-11-10,Minnesota Timberwolves,Denver Nuggets,MIN,DEN,5-4,7-2,98,100,FALSE,Denver Nuggets,7-2,NA,NA,NA,NA,NA,NA,NA,NA,NA,NA,Denver Nuggets,7-2,Minnesota Timberwolves,5-4,0.434,0.5660000000000001,0.753,0.6719787516600266,0.32802124833997337,571,0,0,1,218,401160774316,316,2,3:58,1978,32.96666666666667,44,35,44,35,9,Jake Layman offensive rebound
nba,2020,401160771,2019-11-09,Chicago Bulls,Houston Rockets,CHI,HOU,3-7,6-3,94,117,FALSE,Houston Rockets,6-3,NA,NA,NA,NA,NA,NA,NA,NA,NA,NA,Houston Rockets,6-3,Chicago Bulls,3-7,0.421,0.579,0.684,0.5380116959064329,0.46198830409356706,503,0,0,1,135,401160771197,197,2,10:21,2061,34.35,31,22,31,22,9,Thaddeus Young makes dunk (Coby White assists)
nba,2020,401160772,2019-11-09,Memphis Grizzlies,Dallas Mavericks,MEM,DAL,2-7,6-3,122,138,FALSE,Dallas Mavericks,6-3,NA,NA,NA,NA,NA,NA,NA,NA,NA,NA,Dallas Mavericks,6-3,Memphis Grizzlies,2-7,0.348,0.652,0.546,0.3626373626373627,0.6373626373626373,468,0,0,1,125,401160772185,185,2,11:38,2138,35.63333333333333,35,31,35,31,4,Jonas Valanciunas makes free throw 1 of 2
nba,2020,401160773,2019-11-09,Oklahoma City Thunder,Golden State Warriors,OKC,GS,4-5,2-8,114,108,TRUE,Oklahoma City Thunder,4-5,NA,NA,NA,NA,NA,NA,NA,NA,NA,NA,Oklahoma City Thunder,4-5,Golden State Warriors,2-8,0.648,0.648,0.5509999999999999,0.36116152450090744,0.6388384754990926,426,0,0,1,328,401160773471,471,4,10:33,633,10.55,86,88,88,86,2,Willie Cauley-Stein makes 7-foot jumper (Jordan Poole assists)
nba,2020,401160770,2019-11-09,Charlotte Hornets,New Orleans Pelicans,CHA,NO,4-5,2-7,110,115,FALSE,New Orleans Pelicans,2-7,NA,NA,NA,NA,NA,NA,NA,NA,NA,NA,New Orleans Pelicans,2-7,Charlotte Hornets,4-5,0.482,0.518,0.805,0.7577639751552796,0.2422360248447204,519,0,0,1,275,401160770416,416,3,11:00,1380,23,64,55,64,55,9,Cody Zeller defensive rebound
nba,2020,401160769,2019-11-09,San Antonio Spurs,Boston Celtics,SA,BOS,5-4,7-1,115,135,FALSE,San Antonio Spurs,5-4,NA,NA,NA,NA,NA,NA,NA,NA,NA,NA,Boston Celtics,7-1,San Antonio Spurs,5-4,0.523,0.523,0.695,0.5611510791366905,0.4388489208633095,528,0,0,1,11,40116076918,18,1,10:38,2798,46.63333333333333,7,0,7,0,7,Jayson Tatum out of bounds bad pass turnover
nba,2020,401160768,2019-11-08,Los Angeles Lakers,Miami Heat,LAL,MIA,7-1,6-3,95,80,TRUE,Los Angeles Lakers,7-1,NA,NA,NA,NA,NA,NA,NA,NA,NA,NA,Los Angeles Lakers,7-1,Miami Heat,6-3,0.691,0.691,0.418,0.2607655502392344,0.7392344497607656,452,0,0,1,190,401160768275,275,2,2:41,1601,26.683333333333337,41,40,40,41,-1,Danny Green shooting foul
nba,2020,401160767,2019-11-08,Portland Trail Blazers,Brooklyn Nets,POR,BKN,3-6,4-4,115,119,FALSE,Portland Trail Blazers,3-6,NA,NA,NA,NA,NA,NA,NA,NA,NA,NA,Brooklyn Nets,4-4,Portland Trail Blazers,3-6,0.612,0.612,0.771,0.7029831387808041,0.2970168612191959,515,0,0,1,456,401160767617,617,4,5:45,345,5.75,103,98,103,98,5,Nassir Little makes 2-foot dunk (Hassan Whiteside assists)
nba,2020,401160765,2019-11-08,Denver Nuggets,Philadelphia 76ers,DEN,PHI,6-2,5-3,100,97,TRUE,Denver Nuggets,6-2,NA,NA,NA,NA,NA,NA,NA,NA,NA,NA,Denver Nuggets,6-2,Philadelphia 76ers,5-3,0.621,0.621,0.995,0.9949748743718594,0.00502512562814061,461,0,0,1,353,401160765522,522,4,11:01,661,11.016666666666667,65,86,86,65,21,Mike Scott makes two point shot
nba,2020,401160766,2019-11-08,Utah Jazz,Milwaukee Bucks,UTAH,MIL,6-3,6-3,103,100,TRUE,Utah Jazz,6-3,NA,NA,NA,NA,NA,NA,NA,NA,NA,NA,Utah Jazz,6-3,Milwaukee Bucks,6-3,0.506,0.506,0.53,0.11320754716981152,0.8867924528301885,548,0,0,1,467,401160766643,643,4,5:47,347,5.783333333333333,88,89,89,88,1,Giannis Antetokounmpo makes two point shot
nba,2020,401160764,2019-11-08,Dallas Mavericks,New York Knicks,DAL,NY,5-3,2-7,102,106,FALSE,Dallas Mavericks,5-3,NA,NA,NA,NA,NA,NA,NA,NA,NA,NA,New York Knicks,2-7,Dallas Mavericks,5-3,0.829,0.829,0.865,0.8439306358381502,0.1560693641618498,501,0,0,1,35,40116076451,51,1,7:08,2588,43.13333333333333,17,13,17,13,4,Luka Doncic defensive rebound
nba,2020,401160762,2019-11-08,Minnesota Timberwolves,Golden State Warriors,MIN,GS,5-3,2-7,125,119,TRUE,Minnesota Timberwolves,5-3,NA,NA,NA,NA,NA,NA,NA,NA,NA,NA,Minnesota Timberwolves,5-3,Golden State Warriors,2-7,0.594,0.594,0.907,0.8974641675854467,0.10253583241455332,595,0,0,1,519,401160762740,740,4,26.9,326.9,5.448333333333333,106,110,110,106,4,Robert Covington misses three point jumper
nba,2020,401160763,2019-11-08,New Orleans Pelicans,Toronto Raptors,NO,TOR,1-7,6-2,104,122,FALSE,Toronto Raptors,6-2,NA,NA,NA,NA,NA,NA,NA,NA,NA,NA,Toronto Raptors,6-2,New Orleans Pelicans,1-7,0.472,0.528,0.576,0.26388888888888884,0.7361111111111112,517,0,0,1,103,401160763144,144,1,59.3,2219.3,36.98833333333334,28,25,28,25,3,Pascal Siakam misses layup
nba,2020,401160761,2019-11-08,Atlanta Hawks,Sacramento Kings,ATL,SAC,3-5,3-6,109,121,FALSE,Atlanta Hawks,3-5,NA,NA,NA,NA,NA,NA,NA,NA,NA,NA,Sacramento Kings,3-6,Atlanta Hawks,3-5,0.586,0.586,0.722,0.6149584487534625,0.3850415512465375,425,0,0,1,19,40116076128,28,1,10:10,2770,46.166666666666664,6,0,6,0,6,Alex Len makes dunk (Trae Young assists)
nba,2020,401160758,2019-11-08,Indiana Pacers,Detroit Pistons,IND,DET,5-4,4-6,112,106,TRUE,Indiana Pacers,5-4,NA,NA,NA,NA,NA,NA,NA,NA,NA,NA,Indiana Pacers,5-4,Detroit Pistons,4-6,0.688,0.688,0.745,0.6577181208053691,0.34228187919463093,447,0,0,1,88,401160758134,134,1,1:31,2251,37.516666666666666,17,32,32,17,15,Sviatoslav Mykhailiuk makes 23-foot three point jumper (Luke Kennard assists)
nba,2020,401160759,2019-11-08,Orlando Magic,Memphis Grizzlies,ORL,MEM,3-6,2-6,118,86,TRUE,Orlando Magic,3-6,NA,NA,NA,NA,NA,NA,NA,NA,NA,NA,Orlando Magic,3-6,Memphis Grizzlies,2-6,0.733,0.733,0.5389999999999999,0.5046382189239331,0.4953617810760669,475,0,0,2,201,401160759288,288,2,2:51,1611,26.85,38,43,43,38,5,Markelle Fultz traveling
nba,2020,401160760,2019-11-08,Washington Wizards,Cleveland Cavaliers,WSH,CLE,2-6,3-5,100,113,FALSE,Washington Wizards,2-6,NA,NA,NA,NA,NA,NA,NA,NA,NA,NA,Cleveland Cavaliers,3-5,Washington Wizards,2-6,0.598,0.598,0.598,0.3277591973244147,0.6722408026755853,475,0,0,1,1,4011607604,4,1,12:00,2880,48,0,0,0,0,0,Tristan Thompson vs. Thomas Bryant (Kevin Love gains possession)
nba,2020,401160757,2019-11-07,LA Clippers,Portland Trail Blazers,LAC,POR,6-3,3-5,107,101,TRUE,LA Clippers,6-3,NA,NA,NA,NA,NA,NA,NA,NA,NA,NA,LA Clippers,6-3,Portland Trail Blazers,3-5,0.627,0.627,0.8240000000000001,0.7864077669902914,0.21359223300970864,512,0,0,2,390,401160757538,538,4,10:50,650,10.833333333333334,72,80,80,72,8,Anfernee Simons makes 6-foot two point shot
nba,2020,401160756,2019-11-07,Phoenix Suns,Miami Heat,PHX,MIA,34-39,44-29,108,124,FALSE,Phoenix Suns,34-39,NA,NA,NA,NA,NA,NA,NA,NA,NA,NA,Miami Heat,44-29,Phoenix Suns,34-39,0.524,0.524,0.546,0.16849816849816857,0.8315018315018314,479,0,0,1,3,4011607568,8,1,11:20,2840,47.333333333333336,3,2,3,2,1,Aron Baynes makes 26-foot three point jumper (Devin Booker assists)
nba,2020,401160755,2019-11-07,San Antonio Spurs,Oklahoma City Thunder,SA,OKC,5-3,3-5,121,112,TRUE,San Antonio Spurs,5-3,NA,NA,NA,NA,NA,NA,NA,NA,NA,NA,San Antonio Spurs,5-3,Oklahoma City Thunder,3-5,0.68,0.68,0.5840000000000001,0.4520547945205481,0.5479452054794519,446,0,0,1,177,401160755260,260,2,5:49,1789,29.816666666666663,39,46,46,39,7,Dennis Schroder makes 26-foot three point jumper (Danilo Gallinari assists)
nba,2020,401160754,2019-11-07,Charlotte Hornets,Boston Celtics,CHA,BOS,4-4,6-1,87,108,FALSE,Boston Celtics,6-1,NA,NA,NA,NA,NA,NA,NA,NA,NA,NA,Boston Celtics,6-1,Charlotte Hornets,4-4,0.274,0.726,0.428,0.3598130841121495,0.6401869158878505,491,0,0,1,32,40116075442,42,1,8:22,2662,44.36666666666667,7,2,7,2,5,Cody Zeller defensive rebound
nba,2020,401160753,2019-11-06,LA Clippers,Milwaukee Bucks,LAC,MIL,5-3,6-2,124,129,FALSE,LA Clippers,5-3,NA,NA,NA,NA,NA,NA,NA,NA,NA,NA,Milwaukee Bucks,6-2,LA Clippers,5-3,0.543,0.543,0.618,0.3818770226537216,0.6181229773462784,572,0,0,1,141,401160753196,196,2,11:11,2111,35.18333333333333,31,29,31,29,2,Maurice Harkless makes free throw 1 of 2
nba,2020,401160752,2019-11-06,Utah Jazz,Philadelphia 76ers,UTAH,PHI,5-3,5-2,106,104,TRUE,Utah Jazz,5-3,NA,NA,NA,NA,NA,NA,NA,NA,NA,NA,Utah Jazz,5-3,Philadelphia 76ers,5-2,0.635,0.635,0.652,0.4662576687116564,0.5337423312883436,488,0,0,1,132,401160752188,188,2,7:52,1912,31.866666666666667,36,44,44,36,8,Mike Conley misses 15-foot two point shot
nba,2020,401160751,2019-11-06,Dallas Mavericks,Orlando Magic,DAL,ORL,43-32,33-40,107,106,TRUE,Dallas Mavericks,43-32,NA,NA,NA,NA,NA,NA,NA,NA,NA,NA,Dallas Mavericks,43-32,Orlando Magic,33-40,0.743,0.743,0.8009999999999999,0.7515605493133581,0.24843945068664183,492,0,0,1,298,401160751430,430,3,6:19,1099,18.316666666666663,60,71,71,60,11,Markelle Fultz makes free throw 1 of 1
nba,2020,401160750,2019-11-06,Memphis Grizzlies,Minnesota Timberwolves,MEM,MIN,2-5,4-3,137,121,TRUE,Minnesota Timberwolves,4-3,NA,NA,NA,NA,NA,NA,NA,NA,NA,NA,Memphis Grizzlies,2-5,Minnesota Timberwolves,4-3,0.394,0.606,0.719,0.6091794158553545,0.3908205841446455,505,0,0,2,36,40116075054,54,1,7:40,2620,43.666666666666664,10,15,15,10,5,Jaren Jackson Jr. turnover
nba,2020,401160747,2019-11-06,Atlanta Hawks,Chicago Bulls,ATL,CHI,3-4,3-6,93,113,FALSE,Atlanta Hawks,3-4,NA,NA,NA,NA,NA,NA,NA,NA,NA,NA,Chicago Bulls,3-6,Atlanta Hawks,3-4,0.682,0.682,0.758,0.6807387862796834,0.3192612137203166,515,0,0,1,12,40116074721,21,1,10:43,2803,46.71666666666667,5,2,5,2,3,Alex Len makes free throw 1 of 2
nba,2020,401160748,2019-11-06,Toronto Raptors,Sacramento Kings,TOR,SAC,5-2,2-6,124,120,TRUE,Toronto Raptors,5-2,NA,NA,NA,NA,NA,NA,NA,NA,NA,NA,Toronto Raptors,5-2,Sacramento Kings,2-6,0.791,0.791,0.346,0.3959537572254336,0.6040462427745664,462,0,0,1,25,40116074834,34,1,9:08,2708,45.13333333333333,2,8,8,2,6,De'Aaron Fox makes 9-foot driving floating jump shot
nba,2020,401160749,2019-11-06,Houston Rockets,Golden State Warriors,HOU,GS,5-3,2-6,129,112,TRUE,Houston Rockets,5-3,NA,NA,NA,NA,NA,NA,NA,NA,NA,NA,Houston Rockets,5-3,Golden State Warriors,2-6,0.699,0.699,0.526,0.4277566539923954,0.5722433460076046,489,0,0,3,180,401160749255,255,2,4:33,1713,28.55,42,46,46,42,4,Willie Cauley-Stein kicked ball violation
nba,2020,401160745,2019-11-06,Detroit Pistons,New York Knicks,DET,NY,4-5,1-7,122,102,TRUE,Detroit Pistons,4-5,NA,NA,NA,NA,NA,NA,NA,NA,NA,NA,Detroit Pistons,4-5,New York Knicks,1-7,0.705,0.705,0.406,0.27339901477832507,0.7266009852216749,434,0,0,2,33,40116074550,50,1,7:14,2594,43.233333333333334,9,12,12,9,3,Marcus Morris Sr. defensive rebound
nba,2020,401160746,2019-11-06,Indiana Pacers,Washington Wizards,IND,WSH,4-4,2-5,121,106,TRUE,Indiana Pacers,4-4,NA,NA,NA,NA,NA,NA,NA,NA,NA,NA,Indiana Pacers,4-4,Washington Wizards,2-5,0.736,0.736,0.43799999999999994,0.39726027397260266,0.6027397260273973,496,0,0,1,97,401160746139,139,1,26.2,2186.2,36.43666666666666,22,26,26,22,4,T.J. McConnell misses two point shot
nba,2020,401160744,2019-11-05,Denver Nuggets,Miami Heat,DEN,MIA,5-2,5-2,109,89,TRUE,Denver Nuggets,5-2,NA,NA,NA,NA,NA,NA,NA,NA,NA,NA,Denver Nuggets,5-2,Miami Heat,5-2,0.643,0.643,0.5489999999999999,0.3497267759562841,0.6502732240437159,480,0,0,1,134,401160744201,201,2,8:15,1935,32.25,36,40,40,36,4,Justise Winslow defensive rebound
nba,2020,401160742,2019-11-05,Chicago Bulls,Los Angeles Lakers,CHI,LAL,2-6,6-1,112,118,FALSE,Los Angeles Lakers,6-1,NA,NA,NA,NA,NA,NA,NA,NA,NA,NA,Los Angeles Lakers,6-1,Chicago Bulls,2-6,0.288,0.712,0.969,0.9680082559339525,0.03199174406604754,474,0,0,1,302,401160742427,427,3,4:21,981,16.35,85,67,85,67,18,shot clock turnover
nba,2020,401160743,2019-11-05,Oklahoma City Thunder,Orlando Magic,OKC,ORL,3-4,2-5,102,94,TRUE,Oklahoma City Thunder,3-4,NA,NA,NA,NA,NA,NA,NA,NA,NA,NA,Oklahoma City Thunder,3-4,Orlando Magic,2-5,0.602,0.602,0.512,0.22265625,0.77734375,469,0,0,1,368,401160743530,530,4,11:10,670,11.166666666666666,81,81,81,81,0,Magic defensive team rebound
nba,2020,401160741,2019-11-05,Atlanta Hawks,San Antonio Spurs,ATL,SA,3-3,4-3,108,100,TRUE,Atlanta Hawks,3-3,NA,NA,NA,NA,NA,NA,NA,NA,NA,NA,Atlanta Hawks,3-3,San Antonio Spurs,4-3,0.528,0.528,0.877,0.8597491448118586,0.1402508551881414,494,0,0,1,359,401160741531,531,3,32.7,752.7,12.545,68,78,78,68,10,Derrick White makes 26-foot three pointer
nba,2020,401160739,2019-11-05,Charlotte Hornets,Indiana Pacers,CHA,IND,4-3,3-4,122,120,TRUE,Indiana Pacers,3-4,NA,NA,NA,NA,NA,NA,NA,NA,NA,NA,Charlotte Hornets,4-3,Indiana Pacers,3-4,0.384,0.616,0.969,0.9680082559339525,0.03199174406604754,499,0,0,1,326,401160739478,478,4,11:40,1000,16.666666666666668,78,92,92,78,14,Terry Rozier misses layup
nba,2020,401160740,2019-11-05,Cleveland Cavaliers,Boston Celtics,CLE,BOS,2-5,5-1,113,119,FALSE,Boston Celtics,5-1,NA,NA,NA,NA,NA,NA,NA,NA,NA,NA,Boston Celtics,5-1,Cleveland Cavaliers,2-5,0.245,0.755,0.405,0.3950617283950618,0.6049382716049382,457,0,0,1,441,401160740633,633,4,55.2,55.2,0.92,113,116,113,116,-3,Marcus Smart personal foul
nba,2020,401160738,2019-11-04,Golden State Warriors,Portland Trail Blazers,GS,POR,2-5,3-4,127,118,TRUE,Portland Trail Blazers,3-4,NA,NA,NA,NA,NA,NA,NA,NA,NA,NA,Golden State Warriors,2-5,Portland Trail Blazers,3-4,0.462,0.538,0.694,0.5590778097982707,0.4409221902017293,484,0,0,1,213,401160738312,312,3,11:14,1394,23.233333333333334,60,65,65,60,5,Willie Cauley-Stein misses 19-foot jumper
nba,2020,401160737,2019-11-04,Phoenix Suns,Philadelphia 76ers,PHX,PHI,5-2,5-1,114,109,TRUE,Philadelphia 76ers,5-1,NA,NA,NA,NA,NA,NA,NA,NA,NA,NA,Phoenix Suns,5-2,Philadelphia 76ers,5-1,0.409,0.591,0.7989999999999999,0.7484355444305382,0.25156445556946183,491,0,0,1,234,401160737353,353,3,11:46,1426,23.766666666666666,55,62,62,55,7,Al Horford makes free throw 1 of 2
nba,2020,401160735,2019-11-04,Memphis Grizzlies,Houston Rockets,MEM,HOU,1-5,4-3,100,107,FALSE,Houston Rockets,4-3,NA,NA,NA,NA,NA,NA,NA,NA,NA,NA,Houston Rockets,4-3,Memphis Grizzlies,1-5,0.331,0.669,0.579,0.4283246977547496,0.5716753022452504,530,0,0,3,199,401160735285,285,2,4:39,1719,28.65,50,44,50,44,6,Tyus Jones makes two point shot
nba,2020,401160736,2019-11-04,Minnesota Timberwolves,Milwaukee Bucks,MIN,MIL,4-2,5-2,106,134,FALSE,Milwaukee Bucks,5-2,NA,NA,NA,NA,NA,NA,NA,NA,NA,NA,Milwaukee Bucks,5-2,Minnesota Timberwolves,4-2,0.39,0.61,0.39,0,1,542,0,0,1,1,4011607368,8,1,12:00,2880,48,0,0,0,0,0,Brook Lopez vs. Gorgui Dieng (Giannis Antetokounmpo gains possession)
nba,2020,401160734,2019-11-04,Brooklyn Nets,New Orleans Pelicans,BKN,NO,3-4,1-6,135,125,TRUE,Brooklyn Nets,3-4,NA,NA,NA,NA,NA,NA,NA,NA,NA,NA,Brooklyn Nets,3-4,New Orleans Pelicans,1-6,0.648,0.648,0.4290000000000001,0.17948717948717963,0.8205128205128204,503,0,0,1,186,401160734266,266,2,5:52,1792,29.866666666666667,38,38,38,38,0,Jarrett Allen out of bounds bad pass turnover
nba,2020,401160733,2019-11-04,Washington Wizards,Detroit Pistons,WSH,DET,2-4,3-5,115,99,TRUE,Detroit Pistons,3-5,NA,NA,NA,NA,NA,NA,NA,NA,NA,NA,Washington Wizards,2-4,Detroit Pistons,3-5,0.487,0.513,0.628,0.40764331210191074,0.5923566878980893,481,0,0,1,5,40116073312,12,1,11:05,2825,47.083333333333336,0,3,3,0,3,Rui Hachimura shooting foul
nba,2020,401160732,2019-11-03,LA Clippers,Utah Jazz,LAC,UTAH,5-2,4-3,105,94,TRUE,LA Clippers,5-2,NA,NA,NA,NA,NA,NA,NA,NA,NA,NA,LA Clippers,5-2,Utah Jazz,4-3,0.596,0.596,0.852,0.8262910798122065,0.1737089201877935,508,0,0,1,319,401160732454,454,3,3:42,942,15.7,51,61,61,51,10,Maurice Harkless misses driving layup
nba,2020,401160731,2019-11-03,Cleveland Cavaliers,Dallas Mavericks,CLE,DAL,2-4,4-2,111,131,FALSE,Dallas Mavericks,4-2,NA,NA,NA,NA,NA,NA,NA,NA,NA,NA,Dallas Mavericks,4-2,Cleveland Cavaliers,2-4,0.39,0.61,0.617,0.3792544570502432,0.6207455429497568,477,0,0,1,43,40116073169,69,1,5:08,2468,41.13333333333333,23,15,23,15,8,Kevin Love makes layup
nba,2020,401160730,2019-11-03,San Antonio Spurs,Los Angeles Lakers,SA,LAL,4-2,5-1,96,103,FALSE,San Antonio Spurs,4-2,NA,NA,NA,NA,NA,NA,NA,NA,NA,NA,Los Angeles Lakers,5-1,San Antonio Spurs,4-2,0.532,0.532,0.657,0.47792998477929993,0.5220700152207001,476,0,0,1,20,40116073033,33,1,9:22,2722,45.36666666666667,5,0,5,0,5,DeMar DeRozan offensive rebound
nba,2020,401160728,2019-11-03,Miami Heat,Houston Rockets,MIA,HOU,5-1,3-3,129,100,TRUE,Miami Heat,5-1,NA,NA,NA,NA,NA,NA,NA,NA,NA,NA,Miami Heat,5-1,Houston Rockets,3-3,0.591,0.591,0.412,0.00728155339805824,0.9927184466019418,472,0,0,1,7,40116072813,13,1,10:50,2810,46.833333333333336,0,0,0,0,0,Clint Capela defensive rebound
nba,2020,401160729,2019-11-03,New York Knicks,Sacramento Kings,NY,SAC,1-6,2-5,92,113,FALSE,New York Knicks,1-6,NA,NA,NA,NA,NA,NA,NA,NA,NA,NA,Sacramento Kings,2-5,New York Knicks,1-6,0.544,0.544,0.645,0.4496124031007753,0.5503875968992247,482,0,0,1,14,40116072921,21,1,10:04,2764,46.06666666666667,7,2,7,2,5,Frank Ntilikina personal foul
nba,2020,401160727,2019-11-03,Indiana Pacers,Chicago Bulls,IND,CHI,45-28,22-43,108,95,TRUE,Indiana Pacers,45-28,NA,NA,NA,NA,NA,NA,NA,NA,NA,NA,Indiana Pacers,45-28,Chicago Bulls,22-43,0.729,0.729,0.30700000000000005,0.11726384364820852,0.8827361563517915,496,0,0,2,10,40116072720,20,1,9:58,2758,45.96666666666667,5,6,6,5,1,Zach LaVine offensive rebound
nba,2020,401160726,2019-11-02,Portland Trail Blazers,Philadelphia 76ers,POR,PHI,3-3,5-0,128,129,FALSE,Philadelphia 76ers,5-0,NA,NA,NA,NA,NA,NA,NA,NA,NA,NA,Philadelphia 76ers,5-0,Portland Trail Blazers,3-3,0.487,0.513,0.985,0.984771573604061,0.01522842639593902,468,0,0,1,304,401160726429,429,3,5:04,1024,17.066666666666666,93,72,93,72,21,Damian Lillard makes 25-foot three pointer
nba,2020,401160725,2019-11-02,Golden State Warriors,Charlotte Hornets,GS,CHA,1-5,3-3,87,93,FALSE,Golden State Warriors,1-5,NA,NA,NA,NA,NA,NA,NA,NA,NA,NA,Charlotte Hornets,3-3,Golden State Warriors,1-5,0.739,0.739,0.885,0.8700564971751412,0.12994350282485878,458,0,0,1,287,401160725408,408,3,4:02,962,16.033333333333335,68,60,68,60,8,PJ Washington shooting foul
nba,2020,401160722,2019-11-02,Washington Wizards,Minnesota Timberwolves,WSH,MIN,1-4,4-1,109,131,FALSE,Washington Wizards,1-4,NA,NA,NA,NA,NA,NA,NA,NA,NA,NA,Minnesota Timberwolves,4-1,Washington Wizards,1-4,0.505,0.505,0.506,0.02371541501976293,0.9762845849802372,486,0,0,1,5,40116072210,10,1,11:30,2850,47.5,0,0,0,0,0,Thomas Bryant defensive rebound
nba,2020,401160723,2019-11-02,Memphis Grizzlies,Phoenix Suns,MEM,PHX,1-4,4-2,105,114,FALSE,Phoenix Suns,4-2,NA,NA,NA,NA,NA,NA,NA,NA,NA,NA,Phoenix Suns,4-2,Memphis Grizzlies,1-4,0.44,0.56,0.624,0.39743589743589736,0.6025641025641026,477,0,0,1,264,401160723390,390,3,10:11,1331,22.183333333333337,52,48,52,48,4,Devin Booker misses two point shot
nba,2020,401160724,2019-11-02,Milwaukee Bucks,Toronto Raptors,MIL,TOR,4-2,4-2,115,105,TRUE,Milwaukee Bucks,4-2,NA,NA,NA,NA,NA,NA,NA,NA,NA,NA,Milwaukee Bucks,4-2,Toronto Raptors,4-2,0.678,0.678,0.34099999999999997,0.05571847507331384,0.9442815249266862,494,0,0,1,3,4011607248,8,1,11:38,2858,47.63333333333333,0,0,0,0,0,Marc Gasol defensive rebound
nba,2020,401160720,2019-11-02,Detroit Pistons,Brooklyn Nets,DET,BKN,3-4,2-4,113,109,TRUE,Detroit Pistons,3-4,NA,NA,NA,NA,NA,NA,NA,NA,NA,NA,Detroit Pistons,3-4,Brooklyn Nets,2-4,0.563,0.563,0.918,0.9106753812636166,0.08932461873638342,479,0,0,1,263,401160720366,366,3,7:31,1171,19.516666666666666,50,64,64,50,14,Taurean Prince defensive rebound
nba,2020,401160721,2019-11-02,Orlando Magic,Denver Nuggets,ORL,DEN,2-4,4-2,87,91,FALSE,Denver Nuggets,4-2,NA,NA,NA,NA,NA,NA,NA,NA,NA,NA,Denver Nuggets,4-2,Orlando Magic,2-4,0.419,0.581,0.796,0.7437185929648242,0.25628140703517577,472,0,0,1,121,401160721170,170,2,9:56,2036,33.93333333333333,29,17,29,17,12,Al-Farouq Aminu defensive rebound
nba,2020,401160719,2019-11-02,Oklahoma City Thunder,New Orleans Pelicans,OKC,NO,2-4,1-5,115,104,TRUE,Oklahoma City Thunder,2-4,NA,NA,NA,NA,NA,NA,NA,NA,NA,NA,Oklahoma City Thunder,2-4,New Orleans Pelicans,1-5,0.638,0.638,0.623,0.4189406099518459,0.5810593900481541,497,0,0,2,223,401160719325,325,2,4:40,1720,28.666666666666668,42,47,47,42,5,Nicolo Melli makes free throw 1 of 2
nba,2020,401160718,2019-11-01,Golden State Warriors,San Antonio Spurs,GS,SA,1-4,4-1,110,127,FALSE,Golden State Warriors,1-4,NA,NA,NA,NA,NA,NA,NA,NA,NA,NA,San Antonio Spurs,4-1,Golden State Warriors,1-4,0.562,0.562,0.718,0.607242339832869,0.392757660167131,471,0,0,1,60,40116071880,80,1,5:08,2468,41.13333333333333,17,11,17,11,6,Bryn Forbes misses 27-foot three point jumper
nba,2020,401160717,2019-11-01,Sacramento Kings,Utah Jazz,SAC,UTAH,1-5,4-2,102,101,TRUE,Utah Jazz,4-2,NA,NA,NA,NA,NA,NA,NA,NA,NA,NA,Sacramento Kings,1-5,Utah Jazz,4-2,0.295,0.7050000000000001,0.905,0.8950276243093922,0.1049723756906078,453,0,0,1,444,401160717639,639,4,2.9,2.9,0.04833333333333333,100,101,101,100,1,Nemanja Bjelica misses 22-foot three point jumper
nba,2020,401160716,2019-11-01,Dallas Mavericks,Los Angeles Lakers,DAL,LAL,3-2,4-1,110,119,FALSE,Los Angeles Lakers,4-1,NA,NA,NA,NA,NA,NA,NA,NA,NA,NA,Los Angeles Lakers,4-1,Dallas Mavericks,3-2,0.48,0.52,0.944,0.9406779661016949,0.05932203389830515,528,0,0,1,464,401160716665,665,4,6.4,306.4,5.1066666666666665,102,100,102,100,2,Dwight Powell misses free throw 1 of 2
nba,2020,401160715,2019-11-01,Chicago Bulls,Detroit Pistons,CHI,DET,2-4,2-4,112,106,TRUE,Chicago Bulls,2-4,NA,NA,NA,NA,NA,NA,NA,NA,NA,NA,Chicago Bulls,2-4,Detroit Pistons,2-4,0.518,0.518,0.512,0.05859375,0.94140625,478,0,0,1,9,40116071515,15,1,11:02,2822,47.03333333333333,0,2,2,0,2,Tony Snell makes dunk (Tim Frazier assists)
nba,2020,401160714,2019-11-01,Boston Celtics,New York Knicks,BOS,NY,4-1,1-5,104,102,TRUE,Boston Celtics,4-1,NA,NA,NA,NA,NA,NA,NA,NA,NA,NA,Boston Celtics,4-1,New York Knicks,1-5,0.852,0.852,0.5409999999999999,0.7264325323475045,0.2735674676524955,481,0,0,1,409,401160714561,561,4,5:32,332,5.533333333333333,84,86,86,84,2,Frank Ntilikina makes two point shot (RJ Barrett assists)
nba,2020,401160711,2019-11-01,Brooklyn Nets,Houston Rockets,BKN,HOU,2-3,3-2,123,116,TRUE,Houston Rockets,3-2,NA,NA,NA,NA,NA,NA,NA,NA,NA,NA,Brooklyn Nets,2-3,Houston Rockets,3-2,0.455,0.5449999999999999,0.883,0.8674971687429218,0.13250283125707818,502,0,0,1,157,401160711230,230,2,8:21,1941,32.35,30,45,45,30,15,Danuel House Jr. makes driving layup (PJ Tucker assists)
nba,2020,401160712,2019-11-01,Indiana Pacers,Cleveland Cavaliers,IND,CLE,2-3,2-3,102,95,TRUE,Indiana Pacers,2-3,NA,NA,NA,NA,NA,NA,NA,NA,NA,NA,Indiana Pacers,2-3,Cleveland Cavaliers,2-3,0.787,0.787,0.523,0.592734225621415,0.407265774378585,498,0,0,1,99,401160712139,139,1,2:16,2296,38.266666666666666,17,26,26,17,9,Tristan Thompson defensive rebound
nba,2020,401160713,2019-11-01,Orlando Magic,Milwaukee Bucks,ORL,MIL,2-3,3-2,91,123,FALSE,Milwaukee Bucks,3-2,NA,NA,NA,NA,NA,NA,NA,NA,NA,NA,Milwaukee Bucks,3-2,Orlando Magic,2-3,0.422,0.5780000000000001,0.788,0.7309644670050761,0.2690355329949239,480,0,0,2,35,40116071357,57,1,7:24,2604,43.4,20,7,20,7,13,Markelle Fultz enters the game for D.J. Augustin
nba,2020,401160710,2019-10-31,LA Clippers,San Antonio Spurs,LAC,SA,4-2,3-1,103,97,TRUE,LA Clippers,4-2,NA,NA,NA,NA,NA,NA,NA,NA,NA,NA,LA Clippers,4-2,San Antonio Spurs,3-1,0.655,0.655,0.453,0.2384105960264901,0.7615894039735099,499,0,0,1,102,401160710139,139,1,28.6,2188.6,36.47666666666667,23,24,24,23,1,Rudy Gay makes free throw 1 of 2
nba,2020,401160709,2019-10-31,New Orleans Pelicans,Denver Nuggets,NO,DEN,1-4,3-2,122,107,TRUE,Denver Nuggets,3-2,NA,NA,NA,NA,NA,NA,NA,NA,NA,NA,New Orleans Pelicans,1-4,Denver Nuggets,3-2,0.394,0.606,0.644,0.44720496894409933,0.5527950310559007,459,0,0,1,79,401160709118,118,1,2:38,2318,38.63333333333333,22,24,24,22,2,Jerami Grant defensive rebound
nba,2020,401160708,2019-10-31,Atlanta Hawks,Miami Heat,ATL,MIA,2-3,4-1,97,106,FALSE,Miami Heat,4-1,NA,NA,NA,NA,NA,NA,NA,NA,NA,NA,Miami Heat,4-1,Atlanta Hawks,2-3,0.483,0.517,0.647,0.4544049459041733,0.5455950540958268,475,0,0,1,45,40116070863,63,1,6:27,2547,42.45,14,8,14,8,6,Kevin Huerter defensive rebound
nba,2020,401160707,2019-10-30,Golden State Warriors,Phoenix Suns,GS,PHX,1-3,3-2,110,121,FALSE,Golden State Warriors,1-3,NA,NA,NA,NA,NA,NA,NA,NA,NA,NA,Phoenix Suns,3-2,Golden State Warriors,1-3,0.654,0.654,0.688,0.5465116279069766,0.4534883720930234,493,0,0,1,25,40116070739,39,1,8:51,2691,44.85,10,9,10,9,1,D'Angelo Russell defensive rebound
nba,2020,401160705,2019-10-30,Utah Jazz,LA Clippers,UTAH,LAC,4-1,3-2,110,96,TRUE,Utah Jazz,4-1,NA,NA,NA,NA,NA,NA,NA,NA,NA,NA,Utah Jazz,4-1,LA Clippers,3-2,0.624,0.624,0.5369999999999999,0.2998137802607075,0.7001862197392925,433,0,0,1,225,401160705337,337,3,10:48,1368,22.8,52,55,55,52,3,Patrick Beverley makes 11-foot two point shot
nba,2020,401160706,2019-10-30,Sacramento Kings,Charlotte Hornets,SAC,CHA,0-5,2-3,111,118,FALSE,Sacramento Kings,0-5,NA,NA,NA,NA,NA,NA,NA,NA,NA,NA,Charlotte Hornets,2-3,Sacramento Kings,0-5,0.721,0.721,0.917,0.9094874591057798,0.09051254089422024,438,0,0,3,153,401160706222,222,2,7:52,1912,31.866666666666667,49,35,49,35,14,Richaun Holmes makes 2-foot dunk (Cory Joseph assists)
nba,2020,401160703,2019-10-30,Washington Wizards,Houston Rockets,WSH,HOU,1-3,3-1,158,159,FALSE,Houston Rockets,3-1,NA,NA,NA,NA,NA,NA,NA,NA,NA,NA,Houston Rockets,3-1,Washington Wizards,1-3,0.383,0.617,0.98,0.979591836734694,0.02040816326530614,508,0,0,3,447,401160703650,650,4,4:27,267,4.45,146,136,146,136,10,Rockets Full timeout
nba,2020,401160704,2019-10-30,Oklahoma City Thunder,Portland Trail Blazers,OKC,POR,1-4,3-2,99,102,FALSE,Portland Trail Blazers,3-2,NA,NA,NA,NA,NA,NA,NA,NA,NA,NA,Portland Trail Blazers,3-2,Oklahoma City Thunder,1-4,0.472,0.528,0.808,0.7623762376237624,0.2376237623762376,513,0,0,1,439,401160704598,598,4,6:44,404,6.733333333333333,81,76,81,76,5,CJ McCollum misses two point shot
nba,2020,401160700,2019-10-30,Boston Celtics,Milwaukee Bucks,BOS,MIL,3-1,2-2,116,105,TRUE,Boston Celtics,3-1,NA,NA,NA,NA,NA,NA,NA,NA,NA,NA,Boston Celtics,3-1,Milwaukee Bucks,2-2,0.567,0.567,0.933,0.9281886387995713,0.07181136120042875,485,0,0,1,290,401160700405,405,3,6:59,1139,18.983333333333334,54,69,69,54,15,Khris Middleton defensive rebound
nba,2020,401160701,2019-10-30,Brooklyn Nets,Indiana Pacers,BKN,IND,1-3,1-3,108,118,FALSE,Brooklyn Nets,1-3,NA,NA,NA,NA,NA,NA,NA,NA,NA,NA,Indiana Pacers,1-3,Brooklyn Nets,1-3,0.619,0.619,0.775,0.7096774193548387,0.29032258064516125,509,0,0,2,166,401160701226,226,2,8:55,1975,32.916666666666664,42,35,42,35,7,Jeremy Lamb misses free throw 2 of 2
nba,2020,401160702,2019-10-30,Toronto Raptors,Detroit Pistons,TOR,DET,4-1,2-3,125,113,TRUE,Toronto Raptors,4-1,NA,NA,NA,NA,NA,NA,NA,NA,NA,NA,Toronto Raptors,4-1,Detroit Pistons,2-3,0.727,0.727,0.366,0.25409836065573765,0.7459016393442623,439,0,0,1,40,40116070258,58,1,7:23,2603,43.38333333333333,7,11,11,7,4,Tony Snell makes three point shot (Markieff Morris assists)
nba,2020,401160697,2019-10-30,Cleveland Cavaliers,Chicago Bulls,CLE,CHI,2-2,1-4,117,111,TRUE,Cleveland Cavaliers,2-2,NA,NA,NA,NA,NA,NA,NA,NA,NA,NA,Cleveland Cavaliers,2-2,Chicago Bulls,1-4,0.54,0.54,0.758,0.6807387862796834,0.3192612137203166,479,0,0,1,204,401160697289,289,2,3:38,1658,27.633333333333333,37,45,45,37,8,Lauri Markkanen makes free throw 1 of 2
nba,2020,401160698,2019-10-30,Orlando Magic,New York Knicks,ORL,NY,2-2,1-4,95,83,TRUE,Orlando Magic,2-2,NA,NA,NA,NA,NA,NA,NA,NA,NA,NA,Orlando Magic,2-2,New York Knicks,1-4,0.759,0.759,0.5409999999999999,0.55452865064695,0.44547134935305,398,0,0,1,329,401160698527,527,4,7:48,468,7.8,79,80,80,79,1,Bobby Portis defensive rebound
nba,2020,401160699,2019-10-30,Philadelphia 76ers,Minnesota Timberwolves,PHI,MIN,4-0,3-1,117,95,TRUE,Philadelphia 76ers,4-0,NA,NA,NA,NA,NA,NA,NA,NA,NA,NA,Philadelphia 76ers,4-0,Minnesota Timberwolves,3-1,0.712,0.712,0.374,0.22994652406417104,0.770053475935829,445,0,0,1,34,40116069949,49,1,7:45,2625,43.75,6,9,9,6,3,Robert Covington blocks Ben Simmons 's 3-foot layup
nba,2020,401160696,2019-10-29,Los Angeles Lakers,Memphis Grizzlies,LAL,MEM,3-1,1-3,120,91,TRUE,Los Angeles Lakers,3-1,NA,NA,NA,NA,NA,NA,NA,NA,NA,NA,Los Angeles Lakers,3-1,Memphis Grizzlies,1-3,0.837,0.837,0.5569999999999999,0.7073608617594254,0.29263913824057464,522,0,0,1,303,401160696420,420,3,7:02,1142,19.033333333333335,59,65,65,59,6,Ja Morant makes 11-foot two point shot
nba,2020,401160695,2019-10-29,Denver Nuggets,Dallas Mavericks,DEN,DAL,3-1,3-1,106,109,FALSE,Denver Nuggets,3-1,NA,NA,NA,NA,NA,NA,NA,NA,NA,NA,Dallas Mavericks,3-1,Denver Nuggets,3-1,0.7,0.7,0.912,0.9035087719298248,0.0964912280701753,457,0,0,1,293,401160695421,421,3,2:07,847,14.116666666666667,84,73,84,73,11,Will Barton makes 3-foot two point shot (Monte Morris assists)
nba,2020,401160694,2019-10-29,Miami Heat,Atlanta Hawks,MIA,ATL,3-1,2-2,112,97,TRUE,Miami Heat,3-1,NA,NA,NA,NA,NA,NA,NA,NA,NA,NA,Miami Heat,3-1,Atlanta Hawks,2-2,0.718,0.718,0.34299999999999997,0.1778425655976675,0.8221574344023325,515,0,0,2,112,401160694165,165,2,10:57,2097,34.95,31,31,31,31,0,Justise Winslow offensive foul
nba,2020,401160693,2019-10-28,LA Clippers,Charlotte Hornets,LAC,CHA,3-1,1-3,111,96,TRUE,LA Clippers,3-1,NA,NA,NA,NA,NA,NA,NA,NA,NA,NA,LA Clippers,3-1,Charlotte Hornets,1-3,0.924,0.924,0.31999999999999995,0.7625000000000001,0.23749999999999993,470,0,0,1,179,401160693261,261,2,4:44,1724,28.733333333333334,43,48,48,43,5,Cody Zeller defensive rebound
nba,2020,401160691,2019-10-28,Phoenix Suns,Utah Jazz,PHX,UTAH,2-2,3-1,95,96,FALSE,Utah Jazz,3-1,NA,NA,NA,NA,NA,NA,NA,NA,NA,NA,Utah Jazz,3-1,Phoenix Suns,2-2,0.386,0.614,0.855,0.8304093567251463,0.16959064327485374,507,0,0,1,410,401160691588,588,4,9:22,562,9.366666666666667,78,71,78,71,7,Mike Conley personal foul
nba,2020,401160692,2019-10-28,Sacramento Kings,Denver Nuggets,SAC,DEN,0-4,3-0,94,101,FALSE,Denver Nuggets,3-0,NA,NA,NA,NA,NA,NA,NA,NA,NA,NA,Denver Nuggets,3-0,Sacramento Kings,0-4,0.329,0.671,0.693,0.5569985569985569,0.44300144300144306,497,0,0,1,225,401160692331,331,2,1:07,1507,25.116666666666667,53,45,53,45,8,Nikola Jokic bad pass (Bogdan Bogdanovic steals)
nba,2020,401160690,2019-10-28,San Antonio Spurs,Portland Trail Blazers,SA,POR,3-0,2-2,113,110,TRUE,San Antonio Spurs,3-0,NA,NA,NA,NA,NA,NA,NA,NA,NA,NA,San Antonio Spurs,3-0,Portland Trail Blazers,2-2,0.594,0.594,0.873,0.8545246277205041,0.14547537227949592,506,0,0,1,115,401160690170,170,2,11:24,2124,35.4,19,36,36,19,17,Rudy Gay traveling
nba,2020,401160687,2019-10-28,Houston Rockets,Oklahoma City Thunder,HOU,OKC,2-1,1-3,116,112,TRUE,Houston Rockets,2-1,NA,NA,NA,NA,NA,NA,NA,NA,NA,NA,Houston Rockets,2-1,Oklahoma City Thunder,1-3,0.774,0.774,0.764,0.7041884816753927,0.2958115183246073,521,0,0,1,254,401160687365,365,2,5.8,1445.8,24.096666666666668,50,62,62,50,12,James Harden misses 27-foot step back jumpshot
nba,2020,401160688,2019-10-28,Milwaukee Bucks,Cleveland Cavaliers,MIL,CLE,2-1,1-2,129,112,TRUE,Milwaukee Bucks,2-1,NA,NA,NA,NA,NA,NA,NA,NA,NA,NA,Milwaukee Bucks,2-1,Cleveland Cavaliers,1-2,0.883,0.883,0.231,0.49350649350649345,0.5064935064935066,488,0,0,2,90,401160688125,125,1,2:42,2322,38.7,24,27,27,24,3,Robin Lopez traveling
nba,2020,401160689,2019-10-28,New Orleans Pelicans,Golden State Warriors,NO,GS,0-4,1-2,123,134,FALSE,New Orleans Pelicans,0-4,NA,NA,NA,NA,NA,NA,NA,NA,NA,NA,Golden State Warriors,1-2,New Orleans Pelicans,0-4,0.555,0.555,0.555,0.1981981981981984,0.8018018018018016,530,0,0,1,1,4011606894,4,1,12:00,2880,48,0,0,0,0,0,Draymond Green vs. Jahlil Okafor (Glenn Robinson III gains possession)
nba,2020,401160685,2019-10-28,Atlanta Hawks,Philadelphia 76ers,ATL,PHI,2-1,3-0,103,105,FALSE,Philadelphia 76ers,3-0,NA,NA,NA,NA,NA,NA,NA,NA,NA,NA,Philadelphia 76ers,3-0,Atlanta Hawks,2-1,0.404,0.596,0.914,0.9059080962800876,0.09409190371991238,556,0,0,4,480,401160685717,717,4,4:53,293,4.883333333333334,98,90,98,90,8,76ers Full timeout
nba,2020,401160686,2019-10-28,Toronto Raptors,Orlando Magic,TOR,ORL,3-1,1-2,104,95,TRUE,Toronto Raptors,3-1,NA,NA,NA,NA,NA,NA,NA,NA,NA,NA,Toronto Raptors,3-1,Orlando Magic,1-2,0.66,0.66,0.609,0.44170771756978655,0.5582922824302134,477,0,0,3,435,401160686619,619,4,4:18,258,4.3,87,89,89,87,2,Terrence Ross makes 24-foot three point shot (Evan Fournier assists)
nba,2020,401160683,2019-10-28,Detroit Pistons,Indiana Pacers,DET,IND,2-2,0-3,96,94,TRUE,Detroit Pistons,2-2,NA,NA,NA,NA,NA,NA,NA,NA,NA,NA,Detroit Pistons,2-2,Indiana Pacers,0-3,0.551,0.551,0.804,0.7562189054726369,0.24378109452736307,451,0,0,1,419,401160683602,602,4,1:42,102,1.7,90,94,94,90,4,T.J. Warren makes 23-foot three point jumper (Malcolm Brogdon assists)
nba,2020,401160684,2019-10-28,New York Knicks,Chicago Bulls,NY,CHI,1-3,1-3,105,98,TRUE,New York Knicks,1-3,NA,NA,NA,NA,NA,NA,NA,NA,NA,NA,New York Knicks,1-3,Chicago Bulls,1-3,0.53,0.53,0.958,0.9561586638830896,0.04384133611691032,492,0,0,2,267,401160684377,377,3,8:26,1226,20.433333333333337,49,66,66,49,17,Wendell Carter Jr. makes free throw 1 of 2
nba,2020,401160682,2019-10-27,Los Angeles Lakers,Charlotte Hornets,LAL,CHA,2-1,1-2,120,101,TRUE,Los Angeles Lakers,2-1,NA,NA,NA,NA,NA,NA,NA,NA,NA,NA,Los Angeles Lakers,2-1,Charlotte Hornets,1-2,0.882,0.882,0.31799999999999995,0.6289308176100629,0.37106918238993714,480,0,0,1,220,401160682331,331,2,1:56,1556,25.933333333333337,55,56,56,55,1,PJ Washington makes free throw 1 of 2
nba,2020,401160680,2019-10-27,Dallas Mavericks,Portland Trail Blazers,DAL,POR,2-1,2-1,119,121,FALSE,Dallas Mavericks,2-1,NA,NA,NA,NA,NA,NA,NA,NA,NA,NA,Portland Trail Blazers,2-1,Dallas Mavericks,2-1,0.57,0.57,0.93,0.924731182795699,0.07526881720430101,514,0,0,2,211,401160680293,293,2,2:30,1590,26.5,67,51,67,51,16,Justin Jackson offensive rebound
nba,2020,401160681,2019-10-27,Minnesota Timberwolves,Miami Heat,MIN,MIA,3-0,2-1,116,109,TRUE,Minnesota Timberwolves,3-0,NA,NA,NA,NA,NA,NA,NA,NA,NA,NA,Minnesota Timberwolves,3-0,Miami Heat,2-1,0.56,0.56,0.888,0.8738738738738738,0.12612612612612617,481,0,0,1,347,401160681488,488,3,59.4,779.4,12.99,74,84,84,74,10,Jake Layman misses 24-foot three point jumper
nba,2020,401160679,2019-10-27,Memphis Grizzlies,Brooklyn Nets,MEM,BKN,1-2,1-2,134,133,TRUE,Memphis Grizzlies,1-2,NA,NA,NA,NA,NA,NA,NA,NA,NA,NA,Memphis Grizzlies,1-2,Brooklyn Nets,1-2,0.543,0.543,0.944,0.9406779661016949,0.05932203389830515,533,0,0,1,446,401160679700,700,4,3:20,500,8.333333333333334,110,118,118,110,8,Kyrie Irving makes 23-foot three point jumper (Spencer Dinwiddie assists)
nba,2020,401160678,2019-10-27,Oklahoma City Thunder,Golden State Warriors,OKC,GS,1-2,0-2,120,92,TRUE,Golden State Warriors,0-2,NA,NA,NA,NA,NA,NA,NA,NA,NA,NA,Oklahoma City Thunder,1-2,Golden State Warriors,0-2,0.426,0.5740000000000001,0.632,0.4177215189873418,0.5822784810126582,264,0,0,1,2,4011606787,7,1,11:42,2862,47.7,0,0,0,0,0,Marquese Chriss shooting foul
nba,2020,401160677,2019-10-26,Phoenix Suns,LA Clippers,PHX,LAC,2-1,2-1,130,122,TRUE,LA Clippers,2-1,NA,NA,NA,NA,NA,NA,NA,NA,NA,NA,Phoenix Suns,2-1,LA Clippers,2-1,0.326,0.6739999999999999,0.7170000000000001,0.6052998605299862,0.3947001394700138,542,0,0,1,6,40116067711,11,1,11:16,2836,47.266666666666666,0,3,3,0,3,Kawhi Leonard makes 26-foot step back jumpshot
nba,2020,401160676,2019-10-26,Utah Jazz,Sacramento Kings,UTAH,SAC,2-1,0-3,113,81,TRUE,Utah Jazz,2-1,NA,NA,NA,NA,NA,NA,NA,NA,NA,NA,Utah Jazz,2-1,Sacramento Kings,0-3,0.789,0.789,0.28500000000000003,0.2596491228070178,0.7403508771929822,426,0,0,1,22,40116067634,34,1,9:29,2729,45.483333333333334,2,6,6,2,4,Dewayne Dedmon makes 23-foot three point jumper (De'Aaron Fox assists)
nba,2020,401160675,2019-10-26,San Antonio Spurs,Washington Wizards,SA,WSH,2-0,1-2,124,122,TRUE,San Antonio Spurs,2-0,NA,NA,NA,NA,NA,NA,NA,NA,NA,NA,San Antonio Spurs,2-0,Washington Wizards,1-2,0.818,0.818,0.76,0.7605263157894736,0.2394736842105264,474,0,0,1,423,401160675601,601,4,5:32,332,5.533333333333333,107,112,112,107,5,Davis Bertans makes 26-foot three point jumper (Rui Hachimura assists)
nba,2020,401160672,2019-10-26,Cleveland Cavaliers,Indiana Pacers,CLE,IND,1-1,0-2,110,99,TRUE,Indiana Pacers,0-2,NA,NA,NA,NA,NA,NA,NA,NA,NA,NA,Cleveland Cavaliers,1-1,Indiana Pacers,0-2,0.362,0.638,0.727,0.6244841815680879,0.37551581843191206,465,0,0,1,5,40116067214,14,1,11:09,2829,47.15,0,5,5,0,5,Malcolm Brogdon personal foul
nba,2020,401160673,2019-10-26,Chicago Bulls,Toronto Raptors,CHI,TOR,1-2,2-1,84,108,FALSE,Toronto Raptors,2-1,NA,NA,NA,NA,NA,NA,NA,NA,NA,NA,Toronto Raptors,2-1,Chicago Bulls,1-2,0.472,0.528,0.636,0.4276729559748429,0.5723270440251571,287,0,0,4,66,401160673195,195,2,10:19,2059,34.31666666666667,29,24,29,24,5,Stanley Johnson traveling
nba,2020,401160674,2019-10-26,Houston Rockets,New Orleans Pelicans,HOU,NO,1-1,0-3,126,123,TRUE,Houston Rockets,1-1,NA,NA,NA,NA,NA,NA,NA,NA,NA,NA,Houston Rockets,1-1,New Orleans Pelicans,0-3,0.807,0.807,0.759,0.7457180500658762,0.2542819499341238,514,0,0,1,374,401160674541,541,3,44.7,764.7,12.745,92,100,100,92,8,Jahlil Okafor makes two point shot
nba,2020,401160670,2019-10-26,Atlanta Hawks,Orlando Magic,ATL,ORL,2-0,1-1,103,99,TRUE,Atlanta Hawks,2-0,NA,NA,NA,NA,NA,NA,NA,NA,NA,NA,Atlanta Hawks,2-0,Orlando Magic,1-1,0.517,0.517,0.78,0.7179487179487181,0.28205128205128194,509,0,0,8,418,401160670611,611,4,6:43,403,6.716666666666667,85,90,90,85,5,Michael Carter-Williams makes dunk
nba,2020,401160671,2019-10-26,New York Knicks,Boston Celtics,NY,BOS,0-3,2-1,95,118,FALSE,Boston Celtics,2-1,NA,NA,NA,NA,NA,NA,NA,NA,NA,NA,Boston Celtics,2-1,New York Knicks,0-3,0.341,0.659,0.692,0.5549132947976878,0.4450867052023122,533,0,0,1,44,40116067164,64,1,7:12,2592,43.2,16,4,16,4,12,Jaylen Brown bad pass (Elfrid Payton steals)
nba,2020,401160669,2019-10-26,Detroit Pistons,Philadelphia 76ers,DET,PHI,1-2,2-0,111,117,FALSE,Philadelphia 76ers,2-0,NA,NA,NA,NA,NA,NA,NA,NA,NA,NA,Philadelphia 76ers,2-0,Detroit Pistons,1-2,0.382,0.618,0.886,0.8713318284424378,0.12866817155756216,525,0,0,1,310,401160669446,446,3,8:08,1208,20.133333333333333,70,57,70,57,13,Pistons defensive team rebound
nba,2020,401160668,2019-10-26,Milwaukee Bucks,Miami Heat,MIL,MIA,1-1,2-0,126,131,FALSE,Milwaukee Bucks,1-1,NA,NA,NA,NA,NA,NA,NA,NA,NA,NA,Miami Heat,2-0,Milwaukee Bucks,1-1,0.723,0.723,0.979,0.9785495403472932,0.02145045965270675,626,0,0,1,274,401160668409,409,3,10:58,1678,27.966666666666665,74,53,74,53,21,Giannis Antetokounmpo makes two point shot
nba,2020,401160667,2019-10-25,Los Angeles Lakers,Utah Jazz,LAL,UTAH,1-1,1-1,95,86,TRUE,Los Angeles Lakers,1-1,NA,NA,NA,NA,NA,NA,NA,NA,NA,NA,Los Angeles Lakers,1-1,Utah Jazz,1-1,0.591,0.591,0.515,0.2058252427184466,0.7941747572815534,459,0,0,1,17,40116066728,28,1,9:01,2701,45.016666666666666,5,8,8,5,3,Donovan Mitchell defensive rebound
nba,2020,401160666,2019-10-25,Sacramento Kings,Portland Trail Blazers,SAC,POR,0-2,1-1,112,122,FALSE,Portland Trail Blazers,1-1,NA,NA,NA,NA,NA,NA,NA,NA,NA,NA,Portland Trail Blazers,1-1,Sacramento Kings,0-2,0.488,0.512,0.729,0.6282578875171467,0.37174211248285327,471,0,0,2,200,401160666285,285,2,2:49,1609,26.816666666666663,52,45,52,45,7,Damian Lillard out of bounds bad pass turnover
nba,2020,401160665,2019-10-25,Denver Nuggets,Phoenix Suns,DEN,PHX,2-0,1-1,108,107,TRUE,Denver Nuggets,2-0,NA,NA,NA,NA,NA,NA,NA,NA,NA,NA,Denver Nuggets,2-0,Phoenix Suns,1-1,0.805,0.805,0.722,0.7299168975069252,0.27008310249307477,549,0,0,1,179,401160665255,255,2,4:55,2035,33.916666666666664,25,39,39,25,14,Aron Baynes makes tip shot
nba,2020,401160662,2019-10-25,Memphis Grizzlies,Chicago Bulls,MEM,CHI,0-2,1-1,102,110,FALSE,Memphis Grizzlies,0-2,NA,NA,NA,NA,NA,NA,NA,NA,NA,NA,Chicago Bulls,1-1,Memphis Grizzlies,0-2,0.54,0.54,0.906,0.8962472406181017,0.10375275938189832,512,0,0,2,316,401160662447,447,3,6:01,1081,18.016666666666666,71,59,71,59,12,Tomas Satoransky lost ball turnover (Ja Morant steals)
nba,2020,401160663,2019-10-25,New Orleans Pelicans,Dallas Mavericks,NO,DAL,0-2,2-0,116,123,FALSE,New Orleans Pelicans,0-2,NA,NA,NA,NA,NA,NA,NA,NA,NA,NA,Dallas Mavericks,2-0,New Orleans Pelicans,0-2,0.56,0.56,0.889,0.875140607424072,0.12485939257592804,480,0,0,1,109,401160663168,168,2,11:36,2136,35.6,43,27,43,27,16,Josh Hart makes two point shot
nba,2020,401160664,2019-10-25,Oklahoma City Thunder,Washington Wizards,OKC,WSH,0-2,1-1,85,97,FALSE,Oklahoma City Thunder,0-2,NA,NA,NA,NA,NA,NA,NA,NA,NA,NA,Washington Wizards,1-1,Oklahoma City Thunder,0-2,0.701,0.701,0.844,0.8151658767772512,0.18483412322274884,475,0,0,1,41,40116066459,59,1,6:35,2555,42.583333333333336,16,9,16,9,7,Isaac Bonga shooting foul
nba,2020,401160661,2019-10-25,Brooklyn Nets,New York Knicks,BKN,NY,35-37,21-45,113,109,TRUE,Brooklyn Nets,35-37,NA,NA,NA,NA,NA,NA,NA,NA,NA,NA,Brooklyn Nets,35-37,New York Knicks,21-45,0.743,0.743,0.8140000000000001,0.7714987714987716,0.22850122850122845,523,0,0,1,507,401160661721,721,4,1:20,80,1.3333333333333333,106,109,109,106,3,Knicks Full timeout
nba,2020,401160659,2019-10-25,Boston Celtics,Toronto Raptors,BOS,TOR,1-1,1-1,112,106,TRUE,Boston Celtics,1-1,NA,NA,NA,NA,NA,NA,NA,NA,NA,NA,Boston Celtics,1-1,Toronto Raptors,1-1,0.579,0.579,0.847,0.8193624557260921,0.18063754427390788,493,0,0,1,395,401160659554,554,4,9:28,568,9.466666666666669,82,89,89,82,7,Pascal Siakam defensive rebound
nba,2020,401160660,2019-10-25,Charlotte Hornets,Minnesota Timberwolves,CHA,MIN,1-1,2-0,99,121,FALSE,Minnesota Timberwolves,2-0,NA,NA,NA,NA,NA,NA,NA,NA,NA,NA,Minnesota Timberwolves,2-0,Charlotte Hornets,1-1,0.439,0.5609999999999999,0.805,0.7577639751552796,0.2422360248447204,519,0,0,1,52,40116066078,78,1,6:33,2553,42.55,21,8,21,8,13,Robert Covington shooting foul
nba,2020,401160658,2019-10-24,Golden State Warriors,LA Clippers,GS,LAC,0-1,2-0,122,141,FALSE,Golden State Warriors,0-1,NA,NA,NA,NA,NA,NA,NA,NA,NA,NA,LA Clippers,2-0,Golden State Warriors,0-1,0.567,0.567,0.586,0.29351535836177467,0.7064846416382253,493,0,0,1,3,4011606589,9,1,11:36,2856,47.6,0,0,0,0,0,Kevon Looney defensive rebound
nba,2020,401160657,2019-10-24,Houston Rockets,Milwaukee Bucks,HOU,MIL,0-1,1-0,111,117,FALSE,Houston Rockets,0-1,NA,NA,NA,NA,NA,NA,NA,NA,NA,NA,Milwaukee Bucks,1-0,Houston Rockets,0-1,0.576,0.576,0.956,0.9539748953974896,0.04602510460251041,544,0,0,1,316,401160657471,471,3,6:50,1130,18.833333333333332,75,59,75,59,16,PJ Tucker defensive rebound
nba,2020,401160656,2019-10-24,Detroit Pistons,Atlanta Hawks,DET,ATL,1-1,1-0,100,117,FALSE,Detroit Pistons,1-1,NA,NA,NA,NA,NA,NA,NA,NA,NA,NA,Atlanta Hawks,1-0,Detroit Pistons,1-1,0.604,0.604,0.705,0.5815602836879432,0.4184397163120568,473,0,0,4,262,401160656371,371,3,7:54,1194,19.9,67,62,67,62,5,Markieff Morris makes dunk (Langston Galloway assists)
nba,2020,401160654,2019-10-23,Phoenix Suns,Sacramento Kings,PHX,SAC,1-0,0-1,124,95,TRUE,Sacramento Kings,0-1,NA,NA,NA,NA,NA,NA,NA,NA,NA,NA,Phoenix Suns,1-0,Sacramento Kings,0-1,0.498,0.502,0.8089999999999999,0.7639060568603213,0.23609394313967869,515,0,0,2,192,401160654271,271,2,4:26,1706,28.433333333333337,39,50,50,39,11,Harrison Barnes makes driving layup
nba,2020,401160655,2019-10-23,Portland Trail Blazers,Denver Nuggets,POR,DEN,0-1,1-0,100,108,FALSE,Portland Trail Blazers,0-1,NA,NA,NA,NA,NA,NA,NA,NA,NA,NA,Denver Nuggets,1-0,Portland Trail Blazers,0-1,0.535,0.535,0.81,0.7654320987654322,0.23456790123456783,495,0,0,1,72,40116065599,99,1,4:59,2459,40.983333333333334,18,7,18,7,11,Malik Beasley shooting foul
nba,2020,401160653,2019-10-23,Utah Jazz,Oklahoma City Thunder,UTAH,OKC,1-0,0-1,100,95,TRUE,Utah Jazz,1-0,NA,NA,NA,NA,NA,NA,NA,NA,NA,NA,Utah Jazz,1-0,Oklahoma City Thunder,0-1,0.81,0.81,0.833,0.7995198079231691,0.20048019207683088,511,0,0,1,376,401160653523,523,4,10:42,642,10.7,68,76,76,68,8,Darius Bazley defensive rebound
nba,2020,401160631,2019-10-23,Dallas Mavericks,Washington Wizards,DAL,WSH,1-0,0-1,108,100,TRUE,Dallas Mavericks,1-0,NA,NA,NA,NA,NA,NA,NA,NA,NA,NA,Dallas Mavericks,1-0,Washington Wizards,0-1,0.771,0.771,0.471,0.5138004246284501,0.4861995753715499,500,0,0,1,95,401160631139,139,1,2:36,2316,38.6,15,21,21,15,6,Moritz Wagner makes free throw 1 of 2
nba,2020,401160632,2019-10-23,San Antonio Spurs,New York Knicks,SA,NY,1-0,0-1,120,111,TRUE,San Antonio Spurs,1-0,NA,NA,NA,NA,NA,NA,NA,NA,NA,NA,San Antonio Spurs,1-0,New York Knicks,0-1,0.8,0.8,0.763,0.7378768020969857,0.2621231979030143,491,0,0,1,385,401160632551,551,4,9:29,569,9.483333333333333,89,95,95,89,6,Elfrid Payton defensive rebound
nba,2020,401160628,2019-10-23,Brooklyn Nets,Minnesota Timberwolves,BKN,MIN,0-1,1-0,126,127,FALSE,Brooklyn Nets,0-1,NA,NA,NA,NA,NA,NA,NA,NA,NA,NA,Minnesota Timberwolves,1-0,Brooklyn Nets,0-1,0.647,0.647,0.891,0.877665544332211,0.122334455667789,560,0,0,1,395,401160628563,563,4,9:34,874,14.566666666666666,98,90,98,90,8,Joe Harris defensive rebound
nba,2020,401160629,2019-10-23,Miami Heat,Memphis Grizzlies,MIA,MEM,1-0,0-1,120,101,TRUE,Miami Heat,1-0,NA,NA,NA,NA,NA,NA,NA,NA,NA,NA,Miami Heat,1-0,Memphis Grizzlies,0-1,0.748,0.748,0.669,0.6233183856502242,0.37668161434977576,559,0,0,2,247,401160629353,353,2,1:33,1533,25.55,48,56,56,48,8,Jonas Valanciunas makes free throw 1 of 2
nba,2020,401160630,2019-10-23,Philadelphia 76ers,Boston Celtics,PHI,BOS,1-0,0-1,107,93,TRUE,Philadelphia 76ers,1-0,NA,NA,NA,NA,NA,NA,NA,NA,NA,NA,Philadelphia 76ers,1-0,Boston Celtics,0-1,0.625,0.625,0.6990000000000001,0.5693848354792561,0.4306151645207439,559,0,0,1,200,401160630277,277,2,5:29,1769,29.483333333333334,33,40,40,33,7,Ben Simmons personal foul
nba,2020,401160625,2019-10-23,Charlotte Hornets,Chicago Bulls,CHA,CHI,1-0,0-1,126,125,TRUE,Chicago Bulls,0-1,NA,NA,NA,NA,NA,NA,NA,NA,NA,NA,Charlotte Hornets,1-0,Chicago Bulls,0-1,0.469,0.531,0.969,0.9680082559339525,0.03199174406604754,500,0,0,1,427,401160625611,611,4,5:19,319,5.316666666666666,108,118,118,108,10,PJ Washington lost ball turnover (Kris Dunn steals)
nba,2020,401160626,2019-10-23,Indiana Pacers,Detroit Pistons,IND,DET,0-1,1-0,110,119,FALSE,Indiana Pacers,0-1,NA,NA,NA,NA,NA,NA,NA,NA,NA,NA,Detroit Pistons,1-0,Indiana Pacers,0-1,0.69,0.69,0.879,0.8623435722411832,0.1376564277588168,495,0,0,1,322,401160626466,466,3,4:57,1017,16.95,73,64,73,64,9,Andre Drummond out of bounds lost ball turnover
nba,2020,401160627,2019-10-23,Orlando Magic,Cleveland Cavaliers,ORL,CLE,1-0,0-1,94,85,TRUE,Orlando Magic,1-0,NA,NA,NA,NA,NA,NA,NA,NA,NA,NA,Orlando Magic,1-0,Cleveland Cavaliers,0-1,0.794,0.794,0.28500000000000003,0.27719298245614055,0.7228070175438595,464,0,0,1,29,40116062749,49,1,7:11,2591,43.18333333333333,12,14,14,12,2,Kevin Love defensive rebound
nba,2020,401160624,2019-10-22,LA Clippers,Los Angeles Lakers,LAC,LAL,1-0,0-1,112,102,TRUE,LA Clippers,1-0,NA,NA,NA,NA,NA,NA,NA,NA,NA,NA,LA Clippers,1-0,Los Angeles Lakers,0-1,0.618,0.618,0.6819999999999999,0.533724340175953,0.46627565982404695,469,0,0,2,34,40116062449,49,1,8:10,2650,44.166666666666664,2,13,13,2,11,LeBron James defensive rebound
nba,2020,401160623,2019-10-22,Toronto Raptors,New Orleans Pelicans,TOR,NO,1-0,0-1,130,122,TRUE,Toronto Raptors,1-0,NA,NA,NA,NA,NA,NA,NA,NA,NA,NA,Toronto Raptors,1-0,New Orleans Pelicans,0-1,0.684,0.684,0.885,0.8700564971751412,0.12994350282485878,577,0,0,3,477,401160623663,663,4,4:09,549,9.15,103,109,109,103,6,Pascal Siakam traveling
