league,season,game_id,game_date,home_team,away_team,home_team_abbr,away_team_abbr,home_record,away_record,home_final,away_final,home_won,favorite_team,favorite_record,pregame_favorite_side_odds,pregame_favorite_team_abbr_odds,pregame_spread_abs,pregame_total_line,pregame_home_moneyline,pregame_away_moneyline,pregame_home_spread_odds,pregame_away_spread_odds,pregame_odds_n_providers,pregame_odds_source,winner_team,winner_record,loser_team,loser_record,starting_wp_home,starting_wp_favored,max_wp_loser,pit_u,pit_tail_prob,n_updates,n_missing_time,prop_missing_time,peak_rows,peak_first_update_index,peak_first_play_id,peak_first_sequence_number,peak_first_period_number,peak_first_clock_display,peak_first_game_seconds_remaining,peak_first_minutes_remaining,peak_first_home_score,peak_first_away_score,peak_first_loser_score,peak_first_winner_score,peak_first_loser_score_margin,peak_first_play_text
nba,2023,401469379,2023-04-09,Dallas Mavericks,San Antonio Spurs,DAL,SA,38-44,22-60,117,138,FALSE,Dallas Mavericks,38-44,NA,NA,NA,NA,NA,NA,NA,NA,NA,NA,San Antonio Spurs,22-60,Dallas Mavericks,38-44,0.714,0.714,0.714,0.599439775910364,0.400560224089636,507,0,0,1,1,4014693794,4,1,12:00,2880,48,0,0,0,0,0,Sandro Mamukelashvili vs. Markieff Morris (Frank Ntilikina gains possession)
nba,2023,401469380,2023-04-09,Minnesota Timberwolves,New Orleans Pelicans,MIN,NO,42-40,42-40,113,108,TRUE,Minnesota Timberwolves,42-40,NA,NA,NA,NA,NA,NA,NA,NA,NA,NA,Minnesota Timberwolves,42-40,New Orleans Pelicans,42-40,0.521,0.521,0.899,0.8876529477196886,0.1123470522803114,502,0,0,1,251,401469380370,370,3,10:50,1370,22.833333333333332,47,60,60,47,13,Herbert Jones makes free throw 1 of 2
nba,2023,401469381,2023-04-09,Oklahoma City Thunder,Memphis Grizzlies,OKC,MEM,40-42,51-31,115,100,TRUE,Memphis Grizzlies,51-31,NA,NA,NA,NA,NA,NA,NA,NA,NA,NA,Oklahoma City Thunder,40-42,Memphis Grizzlies,51-31,0.313,0.687,0.794,0.7405541561712847,0.2594458438287153,427,0,0,1,115,401469381152,152,2,11:28,2128,35.46666666666667,20,26,26,20,6,Aaron Wiggins misses 24-foot three point jumper
nba,2023,401469382,2023-04-09,Denver Nuggets,Sacramento Kings,DEN,SAC,53-29,48-34,109,95,TRUE,Denver Nuggets,53-29,NA,NA,NA,NA,NA,NA,NA,NA,NA,NA,Denver Nuggets,53-29,Sacramento Kings,48-34,0.613,0.613,0.857,0.8331388564760793,0.16686114352392067,442,0,0,1,114,401469382174,174,1,26.1,2186.1,36.434999999999995,26,43,43,26,17,Trey Lyles defensive rebound
nba,2023,401469383,2023-04-09,Los Angeles Lakers,Utah Jazz,LAL,UTAH,43-39,37-45,128,117,TRUE,Los Angeles Lakers,43-39,NA,NA,NA,NA,NA,NA,NA,NA,NA,NA,Los Angeles Lakers,43-39,Utah Jazz,37-45,0.854,0.854,0.31299999999999994,0.5335463258785942,0.4664536741214058,444,0,0,1,328,401469383469,469,3,55.1,775.1,12.918333333333331,94,93,93,94,-1,Simone Fontecchio makes 28-foot three point jumper (Kris Dunn assists)
nba,2023,401469384,2023-04-09,Phoenix Suns,LA Clippers,PHX,LAC,45-37,44-38,114,119,FALSE,LA Clippers,44-38,NA,NA,NA,NA,NA,NA,NA,NA,NA,NA,LA Clippers,44-38,Phoenix Suns,45-37,0.272,0.728,0.856,0.8317757009345794,0.16822429906542058,477,0,0,1,347,401469384482,482,3,1:33,813,13.55,81,71,81,71,10,Norman Powell misses layup
nba,2023,401469385,2023-04-09,Portland Trail Blazers,Golden State Warriors,POR,GS,33-49,44-38,101,157,FALSE,Golden State Warriors,44-38,NA,NA,NA,NA,NA,NA,NA,NA,NA,NA,Golden State Warriors,44-38,Portland Trail Blazers,33-49,0.194,0.806,0.194,3.3306690738754696e-16,0.9999999999999996,455,0,0,1,1,4014693854,4,1,12:00,2880,48,0,0,0,0,0,Kevon Looney vs. Kevin Knox II (Draymond Green gains possession)
nba,2023,401469371,2023-04-09,Boston Celtics,Atlanta Hawks,BOS,ATL,57-25,41-41,120,114,TRUE,Boston Celtics,57-25,NA,NA,NA,NA,NA,NA,NA,NA,NA,NA,Boston Celtics,57-25,Atlanta Hawks,41-41,0.906,0.906,0.43999999999999995,0.7863636363636364,0.2136363636363636,430,0,0,1,204,401469371288,288,2,2:40,1600,26.666666666666668,52,59,59,52,7,AJ Griffin defensive rebound
nba,2023,401469372,2023-04-09,Brooklyn Nets,Philadelphia 76ers,BKN,PHI,45-37,54-28,105,134,FALSE,Brooklyn Nets,45-37,NA,NA,NA,NA,NA,NA,NA,NA,NA,NA,Philadelphia 76ers,54-28,Brooklyn Nets,45-37,0.81,0.81,0.861,0.8385598141695703,0.16144018583042974,475,0,0,1,8,40146937216,16,1,11:08,2828,47.13333333333333,3,0,3,0,3,Day'Ron Sharpe defensive rebound
nba,2023,401469373,2023-04-09,Cleveland Cavaliers,Charlotte Hornets,CLE,CHA,51-31,27-55,95,106,FALSE,Cleveland Cavaliers,51-31,NA,NA,NA,NA,NA,NA,NA,NA,NA,NA,Charlotte Hornets,27-55,Cleveland Cavaliers,51-31,0.91,0.91,0.952,0.9495798319327732,0.05042016806722693,462,0,0,3,39,40146937359,59,1,6:11,2531,42.18333333333333,10,2,10,2,8,Ricky Rubio kicked ball violation
nba,2023,401469374,2023-04-09,Miami Heat,Orlando Magic,MIA,ORL,44-38,34-48,123,110,TRUE,Miami Heat,44-38,NA,NA,NA,NA,NA,NA,NA,NA,NA,NA,Miami Heat,44-38,Orlando Magic,34-48,0.76,0.76,0.622,0.6141479099678457,0.38585209003215426,449,0,0,1,287,401469374419,419,3,5:08,1028,17.133333333333333,66,70,70,66,4,Caleb Houstan misses free throw 1 of 2
nba,2023,401469375,2023-04-09,New York Knicks,Indiana Pacers,NY,IND,47-35,35-47,136,141,FALSE,New York Knicks,47-35,NA,NA,NA,NA,NA,NA,NA,NA,NA,NA,Indiana Pacers,35-47,New York Knicks,47-35,0.829,0.829,0.971,0.9701338825952626,0.02986611740473743,516,0,0,1,338,401469375491,491,3,4:25,985,16.416666666666668,99,83,99,83,16,Obi Toppin makes 23-foot three point shot (Quentin Grimes assists)
nba,2023,401469376,2023-04-09,Toronto Raptors,Milwaukee Bucks,TOR,MIL,41-41,58-24,121,105,TRUE,Toronto Raptors,41-41,NA,NA,NA,NA,NA,NA,NA,NA,NA,NA,Toronto Raptors,41-41,Milwaukee Bucks,58-24,0.76,0.76,0.32299999999999995,0.2569659442724458,0.7430340557275542,434,0,0,1,21,40146937631,31,1,8:39,2679,44.65,7,10,10,7,3,Jae Crowder defensive rebound
nba,2023,401469377,2023-04-09,Washington Wizards,Houston Rockets,WSH,HOU,35-47,22-60,109,114,FALSE,Houston Rockets,22-60,NA,NA,NA,NA,NA,NA,NA,NA,NA,NA,Houston Rockets,22-60,Washington Wizards,35-47,0.414,0.5860000000000001,0.893,0.8801791713325868,0.11982082866741316,468,0,0,1,217,401469377307,307,2,7.1,1447.1,24.118333333333332,66,53,66,53,13,Josh Christopher shooting foul
nba,2023,401469378,2023-04-09,Chicago Bulls,Detroit Pistons,CHI,DET,40-42,17-65,103,81,TRUE,Chicago Bulls,40-42,NA,NA,NA,NA,NA,NA,NA,NA,NA,NA,Chicago Bulls,40-42,Detroit Pistons,17-65,0.932,0.932,0.32799999999999996,0.7926829268292684,0.20731707317073156,451,0,0,1,316,401469378428,428,3,1:23,803,13.383333333333333,64,62,62,64,-2,Dalen Terry personal foul
nba,2023,401469369,2023-04-08,San Antonio Spurs,Minnesota Timberwolves,SA,MIN,22-60,42-40,131,151,FALSE,Minnesota Timberwolves,42-40,NA,NA,NA,NA,NA,NA,NA,NA,NA,NA,Minnesota Timberwolves,42-40,San Antonio Spurs,22-60,0.164,0.836,0.332,0.506024096385542,0.493975903614458,481,0,0,1,106,401469369156,156,1,52.1,2212.1,36.86833333333333,35,30,35,30,5,Keita Bates-Diop makes two point shot (Dominick Barlow assists)
nba,2023,401469370,2023-04-08,LA Clippers,Portland Trail Blazers,LAC,POR,43-38,33-48,136,125,TRUE,LA Clippers,43-38,NA,NA,NA,NA,NA,NA,NA,NA,NA,NA,LA Clippers,43-38,Portland Trail Blazers,33-48,0.965,0.965,0.4320000000000001,0.9189814814814814,0.0810185185185186,460,0,0,1,208,401469370306,306,2,1:53,1553,25.883333333333333,57,67,67,57,10,Jabari Walker offensive rebound
nba,2023,401469368,2023-04-08,Utah Jazz,Denver Nuggets,UTAH,DEN,37-44,52-29,118,114,TRUE,Denver Nuggets,52-29,NA,NA,NA,NA,NA,NA,NA,NA,NA,NA,Utah Jazz,37-44,Denver Nuggets,52-29,0.182,0.8180000000000001,0.936,0.9316239316239316,0.06837606837606836,490,0,0,1,390,401469368552,552,4,8:33,513,8.55,93,102,102,93,9,Simone Fontecchio misses 26-foot three point jumper
nba,2023,401469367,2023-04-07,Los Angeles Lakers,Phoenix Suns,LAL,PHX,42-39,45-36,121,107,TRUE,Los Angeles Lakers,42-39,NA,NA,NA,NA,NA,NA,NA,NA,NA,NA,Los Angeles Lakers,42-39,Phoenix Suns,45-36,0.82,0.82,0.5589999999999999,0.6779964221824686,0.3220035778175314,465,0,0,2,227,401469367325,325,2,43.0,1483,24.716666666666665,55,61,61,55,6,Josh Okogie makes free throw 1 of 2
nba,2023,401469366,2023-04-07,Sacramento Kings,Golden State Warriors,SAC,GS,48-33,43-38,97,119,FALSE,Golden State Warriors,43-38,NA,NA,NA,NA,NA,NA,NA,NA,NA,NA,Golden State Warriors,43-38,Sacramento Kings,48-33,0.419,0.581,0.439,0.04555808656036442,0.9544419134396356,480,0,0,4,2,4014693667,7,1,11:46,2866,47.766666666666666,0,0,0,0,0,Alex Len kicked ball violation
nba,2023,401469365,2023-04-07,Dallas Mavericks,Chicago Bulls,DAL,CHI,38-43,39-42,112,115,FALSE,Dallas Mavericks,38-43,NA,NA,NA,NA,NA,NA,NA,NA,NA,NA,Chicago Bulls,39-42,Dallas Mavericks,38-43,0.624,0.624,0.944,0.9406779661016949,0.05932203389830515,422,0,0,1,333,401469365476,476,4,10:19,619,10.316666666666666,96,85,96,85,11,McKinley Wright IV defensive rebound
nba,2023,401469363,2023-04-07,Milwaukee Bucks,Memphis Grizzlies,MIL,MEM,58-23,51-30,114,137,FALSE,Memphis Grizzlies,51-30,NA,NA,NA,NA,NA,NA,NA,NA,NA,NA,Memphis Grizzlies,51-30,Milwaukee Bucks,58-23,0.179,0.821,0.517,0.6537717601547388,0.3462282398452612,452,0,0,1,215,401469363318,318,2,57.0,1497,24.95,71,66,71,66,5,Xavier Tillman shooting foul
nba,2023,401469364,2023-04-07,New Orleans Pelicans,New York Knicks,NO,NY,42-39,47-34,113,105,TRUE,New Orleans Pelicans,42-39,NA,NA,NA,NA,NA,NA,NA,NA,NA,NA,New Orleans Pelicans,42-39,New York Knicks,47-34,0.701,0.701,0.585,0.4888888888888888,0.5111111111111112,420,0,0,1,370,401469364523,523,4,5:59,359,5.983333333333333,97,98,98,97,1,Brandon Ingram bad pass (Evan Fournier steals)
nba,2023,401469360,2023-04-07,Atlanta Hawks,Philadelphia 76ers,ATL,PHI,41-40,53-28,131,136,FALSE,Atlanta Hawks,41-40,NA,NA,NA,NA,NA,NA,NA,NA,NA,NA,Philadelphia 76ers,53-28,Atlanta Hawks,41-40,0.935,0.935,0.972,0.97119341563786,0.02880658436213989,529,0,0,2,246,401469360356,356,3,11:13,1693,28.216666666666665,68,53,68,53,15,John Collins makes alley oop dunk shot (Clint Capela assists)
nba,2023,401469361,2023-04-07,Boston Celtics,Toronto Raptors,BOS,TOR,56-25,40-41,121,102,TRUE,Boston Celtics,56-25,NA,NA,NA,NA,NA,NA,NA,NA,NA,NA,Boston Celtics,56-25,Toronto Raptors,40-41,0.604,0.604,0.471,0.15923566878980888,0.8407643312101911,427,0,0,1,11,40146936120,20,1,10:25,2785,46.416666666666664,0,2,2,0,2,Robert Williams III lost ball turnover (Pascal Siakam steals)
nba,2023,401469362,2023-04-07,Brooklyn Nets,Orlando Magic,BKN,ORL,45-36,34-47,101,84,TRUE,Brooklyn Nets,45-36,NA,NA,NA,NA,NA,NA,NA,NA,NA,NA,Brooklyn Nets,45-36,Orlando Magic,34-47,0.875,0.875,0.20499999999999996,0.3902439024390243,0.6097560975609757,466,0,0,1,19,40146936228,28,1,9:55,2755,45.916666666666664,0,4,4,0,4,Goga Bitadze defensive rebound
nba,2023,401469357,2023-04-07,Charlotte Hornets,Houston Rockets,CHA,HOU,26-55,21-60,109,112,FALSE,Houston Rockets,21-60,NA,NA,NA,NA,NA,NA,NA,NA,NA,NA,Houston Rockets,21-60,Charlotte Hornets,26-55,0.318,0.6819999999999999,0.575,0.44695652173913025,0.5530434782608697,493,0,0,1,27,40146935740,40,1,8:54,2694,44.9,13,4,13,4,9,JT Thor blocks Jalen Green 's 4-foot driving floating jump shot
nba,2023,401469358,2023-04-07,Indiana Pacers,Detroit Pistons,IND,DET,34-47,17-64,115,122,FALSE,Indiana Pacers,34-47,NA,NA,NA,NA,NA,NA,NA,NA,NA,NA,Detroit Pistons,17-64,Indiana Pacers,34-47,0.768,0.768,0.909,0.8998899889988998,0.10011001100110016,464,0,0,1,37,40146935860,60,1,7:35,2615,43.583333333333336,17,6,17,6,11,Aaron Nesmith defensive rebound
nba,2023,401469359,2023-04-07,Washington Wizards,Miami Heat,WSH,MIA,35-46,43-38,114,108,TRUE,Washington Wizards,35-46,NA,NA,NA,NA,NA,NA,NA,NA,NA,NA,Washington Wizards,35-46,Miami Heat,43-38,0.641,0.641,0.521,0.3109404990403072,0.6890595009596928,478,0,0,1,25,40146935936,36,1,8:22,2662,44.36666666666667,6,12,12,6,6,Haywood Highsmith makes 27-foot three point jumper (Gabe Vincent assists)
nba,2023,401469356,2023-04-06,Phoenix Suns,Denver Nuggets,PHX,DEN,45-35,52-28,119,115,TRUE,Phoenix Suns,45-35,NA,NA,NA,NA,NA,NA,NA,NA,NA,NA,Phoenix Suns,45-35,Denver Nuggets,52-28,0.754,0.754,0.755,0.6754966887417218,0.32450331125827825,409,0,0,1,336,401469356485,485,4,8:34,514,8.566666666666666,93,99,99,93,6,Zeke Nnaji makes 27-foot three point jumper (Ish Smith assists)
nba,2023,401469355,2023-04-06,Utah Jazz,Oklahoma City Thunder,UTAH,OKC,36-44,39-42,98,114,FALSE,Oklahoma City Thunder,39-42,NA,NA,NA,NA,NA,NA,NA,NA,NA,NA,Oklahoma City Thunder,39-42,Utah Jazz,36-44,0.242,0.758,0.355,0.3183098591549296,0.6816901408450704,485,0,0,1,283,401469355395,395,3,9:00,1260,21,58,59,58,59,-1,Jalen Williams misses driving floating jump shot
nba,2023,401469354,2023-04-06,San Antonio Spurs,Portland Trail Blazers,SA,POR,21-59,33-47,129,127,TRUE,San Antonio Spurs,21-59,NA,NA,NA,NA,NA,NA,NA,NA,NA,NA,San Antonio Spurs,21-59,Portland Trail Blazers,33-47,0.643,0.643,0.945,0.9417989417989416,0.05820105820105836,506,0,0,1,441,401469354661,661,4,5:11,311,5.183333333333334,110,119,119,110,9,Julian Champagnie misses layup
nba,2023,401469353,2023-04-06,Philadelphia 76ers,Miami Heat,PHI,MIA,52-28,43-37,101,129,FALSE,Philadelphia 76ers,52-28,NA,NA,NA,NA,NA,NA,NA,NA,NA,NA,Miami Heat,43-37,Philadelphia 76ers,52-28,0.688,0.688,0.705,0.5815602836879432,0.4184397163120568,392,0,0,1,27,40146935342,42,1,8:15,2655,44.25,10,9,10,9,1,Joel Embiid defensive rebound
nba,2023,401469352,2023-04-06,Orlando Magic,Cleveland Cavaliers,ORL,CLE,34-46,51-30,94,118,FALSE,Orlando Magic,34-46,NA,NA,NA,NA,NA,NA,NA,NA,NA,NA,Cleveland Cavaliers,51-30,Orlando Magic,34-46,0.788,0.788,0.916,0.9082969432314412,0.09170305676855885,429,0,0,1,71,401469352112,112,1,4:28,2428,40.46666666666667,27,17,27,17,10,Mamadi Diakite shooting foul
nba,2023,401469351,2023-04-05,LA Clippers,Los Angeles Lakers,LAC,LAL,42-38,41-39,125,118,TRUE,LA Clippers,42-38,NA,NA,NA,NA,NA,NA,NA,NA,NA,NA,LA Clippers,42-38,Los Angeles Lakers,41-39,0.67,0.67,0.368,0.10326086956521752,0.8967391304347825,447,0,0,1,85,401469351119,119,1,2:27,2307,38.45,25,26,26,25,1,Troy Brown Jr. makes 23-foot three point shot (D'Angelo Russell assists)
nba,2023,401469350,2023-04-05,Dallas Mavericks,Sacramento Kings,DAL,SAC,38-42,48-32,123,119,TRUE,Dallas Mavericks,38-42,NA,NA,NA,NA,NA,NA,NA,NA,NA,NA,Dallas Mavericks,38-42,Sacramento Kings,48-32,0.52,0.52,0.887,0.8726042841037205,0.12739571589627952,477,0,0,1,245,401469350348,348,3,11:12,1392,23.2,60,73,73,60,13,Kevin Huerter defensive rebound
nba,2023,401469349,2023-04-05,New Orleans Pelicans,Memphis Grizzlies,NO,MEM,41-39,50-30,138,131,TRUE,Memphis Grizzlies,50-30,NA,NA,NA,NA,NA,NA,NA,NA,NA,NA,New Orleans Pelicans,41-39,Memphis Grizzlies,50-30,0.483,0.517,0.969,0.9680082559339525,0.03199174406604754,538,0,0,1,361,401469349519,519,4,9:38,878,14.633333333333333,87,101,101,87,14,Kennedy Chandler makes two point shot
nba,2023,401469346,2023-04-05,Atlanta Hawks,Washington Wizards,ATL,WSH,41-39,34-46,134,116,TRUE,Atlanta Hawks,41-39,NA,NA,NA,NA,NA,NA,NA,NA,NA,NA,Atlanta Hawks,41-39,Washington Wizards,34-46,0.869,0.869,0.31699999999999995,0.586750788643533,0.41324921135646697,493,0,0,1,138,401469346190,190,2,9:19,1999,33.31666666666667,39,42,42,39,3,Onyeka Okongwu shooting foul
nba,2023,401469347,2023-04-05,Boston Celtics,Toronto Raptors,BOS,TOR,55-25,40-40,97,93,TRUE,Toronto Raptors,40-40,NA,NA,NA,NA,NA,NA,NA,NA,NA,NA,Boston Celtics,55-25,Toronto Raptors,40-40,0.447,0.5529999999999999,0.716,0.6033519553072626,0.3966480446927374,456,0,0,1,49,40146934773,73,1,5:25,2485,41.416666666666664,13,20,20,13,7,Scottie Barnes makes 27-foot three point jumper (O.G. Anunoby assists)
nba,2023,401469348,2023-04-05,Milwaukee Bucks,Chicago Bulls,MIL,CHI,58-24,40-42,105,92,TRUE,Milwaukee Bucks,58-24,NA,NA,NA,NA,NA,NA,NA,NA,NA,NA,Milwaukee Bucks,58-24,Chicago Bulls,40-42,0.519,0.519,0.843,0.8137603795966786,0.18623962040332143,433,0,0,1,239,401469348340,340,3,7:44,1184,19.733333333333334,51,61,61,51,10,Patrick Williams defensive rebound
nba,2023,401469344,2023-04-05,Detroit Pistons,Brooklyn Nets,DET,BKN,16-64,44-36,108,123,FALSE,Brooklyn Nets,44-36,NA,NA,NA,NA,NA,NA,NA,NA,NA,NA,Brooklyn Nets,44-36,Detroit Pistons,16-64,0.12,0.88,0.254,0.5275590551181102,0.4724409448818898,424,0,0,1,47,40146934471,71,1,6:08,2528,42.13333333333333,25,18,25,18,7,Jalen Duren makes dunk (James Wiseman assists)
nba,2023,401469345,2023-04-05,Indiana Pacers,New York Knicks,IND,NY,34-46,47-33,129,138,FALSE,New York Knicks,47-33,NA,NA,NA,NA,NA,NA,NA,NA,NA,NA,New York Knicks,47-33,Indiana Pacers,34-46,0.406,0.594,0.762,0.6876640419947506,0.3123359580052494,478,0,0,1,378,401469345539,539,4,8:51,531,8.85,111,106,111,106,5,Obi Toppin misses 24-foot three point jumper
nba,2023,401469342,2023-04-04,Golden State Warriors,Oklahoma City Thunder,GS,OKC,42-38,38-42,136,125,TRUE,Golden State Warriors,42-38,NA,NA,NA,NA,NA,NA,NA,NA,NA,NA,Golden State Warriors,42-38,Oklahoma City Thunder,38-42,0.652,0.652,0.785,0.7261146496815287,0.2738853503184713,517,0,0,1,261,401469342368,368,3,10:41,1361,22.683333333333337,72,82,82,72,10,Donte DiVincenzo out of bounds bad pass turnover
nba,2023,401469343,2023-04-04,Phoenix Suns,San Antonio Spurs,PHX,SA,44-35,20-59,115,94,TRUE,Phoenix Suns,44-35,NA,NA,NA,NA,NA,NA,NA,NA,NA,NA,Phoenix Suns,44-35,San Antonio Spurs,20-59,0.958,0.958,0.06699999999999995,0.3731343283582079,0.6268656716417921,459,0,0,1,276,401469343412,412,3,5:46,1066,17.766666666666666,83,74,74,83,-9,Keita Bates-Diop blocks Kevin Durant 's 11-foot two point shot
nba,2023,401469341,2023-04-04,Utah Jazz,Los Angeles Lakers,UTAH,LAL,36-43,41-38,133,135,FALSE,Los Angeles Lakers,41-38,NA,NA,NA,NA,NA,NA,NA,NA,NA,NA,Los Angeles Lakers,41-38,Utah Jazz,36-43,0.194,0.806,0.749,0.7409879839786382,0.2590120160213618,523,0,0,1,502,401469341723,723,5,1:39,99,1.65,132,129,132,129,3,Kelly Olynyk makes 28-foot three point jumper (Ochai Agbaji assists)
nba,2023,401469336,2023-04-04,Philadelphia 76ers,Boston Celtics,PHI,BOS,52-27,54-25,103,101,TRUE,Philadelphia 76ers,52-27,NA,NA,NA,NA,NA,NA,NA,NA,NA,NA,Philadelphia 76ers,52-27,Boston Celtics,54-25,0.589,0.589,0.81,0.7654320987654322,0.23456790123456783,438,0,0,1,375,401469336540,540,4,5:00,300,5,84,88,88,84,4,shot clock turnover
nba,2023,401469337,2023-04-04,Chicago Bulls,Atlanta Hawks,CHI,ATL,38-41,40-39,105,123,FALSE,Chicago Bulls,38-41,NA,NA,NA,NA,NA,NA,NA,NA,NA,NA,Atlanta Hawks,40-39,Chicago Bulls,38-41,0.732,0.732,0.767,0.6962190352020861,0.30378096479791394,443,0,0,1,6,40146933711,11,1,11:24,2844,47.4,2,0,2,0,2,Zach LaVine makes 4-foot two point shot
nba,2023,401469338,2023-04-04,Houston Rockets,Denver Nuggets,HOU,DEN,20-60,52-27,124,103,TRUE,Denver Nuggets,52-27,NA,NA,NA,NA,NA,NA,NA,NA,NA,NA,Houston Rockets,20-60,Denver Nuggets,52-27,0.215,0.785,0.894,0.8814317673378076,0.1185682326621924,481,0,0,4,153,401469338226,226,2,6:46,1846,30.766666666666666,37,46,46,37,9,DeAndre Jordan makes free throw 1 of 2
nba,2023,401469339,2023-04-04,Memphis Grizzlies,Portland Trail Blazers,MEM,POR,50-29,33-46,119,109,TRUE,Memphis Grizzlies,50-29,NA,NA,NA,NA,NA,NA,NA,NA,NA,NA,Memphis Grizzlies,50-29,Portland Trail Blazers,33-46,0.906,0.906,0.656,0.8567073170731707,0.14329268292682928,445,0,0,2,367,401469339517,517,4,8:58,538,8.966666666666667,96,101,101,96,5,Grizzlies Full timeout
nba,2023,401469340,2023-04-04,New Orleans Pelicans,Sacramento Kings,NO,SAC,40-39,48-31,103,121,FALSE,New Orleans Pelicans,40-39,NA,NA,NA,NA,NA,NA,NA,NA,NA,NA,Sacramento Kings,48-31,New Orleans Pelicans,40-39,0.534,0.534,0.771,0.7029831387808041,0.2970168612191959,462,0,0,1,35,40146934046,46,1,7:54,2634,43.9,14,4,14,4,10,CJ McCollum defensive rebound
nba,2023,401469335,2023-04-04,Brooklyn Nets,Minnesota Timberwolves,BKN,MIN,43-36,40-40,102,107,FALSE,Brooklyn Nets,43-36,NA,NA,NA,NA,NA,NA,NA,NA,NA,NA,Minnesota Timberwolves,40-40,Brooklyn Nets,43-36,0.717,0.717,0.886,0.8713318284424378,0.12866817155756216,436,0,0,1,252,401469335358,358,3,8:40,1240,20.666666666666668,62,51,62,51,11,Mikal Bridges makes two point shot (Cameron Johnson assists)
nba,2023,401469331,2023-04-04,Charlotte Hornets,Toronto Raptors,CHA,TOR,26-54,40-39,100,120,FALSE,Toronto Raptors,40-39,NA,NA,NA,NA,NA,NA,NA,NA,NA,NA,Toronto Raptors,40-39,Charlotte Hornets,26-54,0.049,0.951,0.305,0.8393442622950819,0.16065573770491814,449,0,0,1,156,401469331227,227,2,7:23,1883,31.383333333333333,40,32,40,32,8,Theo Maledon defensive rebound
nba,2023,401469332,2023-04-04,Detroit Pistons,Miami Heat,DET,MIA,16-63,42-37,105,118,FALSE,Miami Heat,42-37,NA,NA,NA,NA,NA,NA,NA,NA,NA,NA,Miami Heat,42-37,Detroit Pistons,16-63,0.08,0.92,0.662,0.8791540785498491,0.12084592145015094,415,0,0,1,359,401469332522,522,4,6:22,382,6.366666666666666,97,94,97,94,3,Eugene Omoruyi defensive rebound
nba,2023,401469333,2023-04-04,Orlando Magic,Cleveland Cavaliers,ORL,CLE,34-45,50-30,113,117,FALSE,Cleveland Cavaliers,50-30,NA,NA,NA,NA,NA,NA,NA,NA,NA,NA,Cleveland Cavaliers,50-30,Orlando Magic,34-45,0.339,0.661,0.68,0.5294117647058825,0.47058823529411753,429,0,0,1,177,401469333251,251,2,4:48,1728,28.8,47,38,47,38,9,Wendell Carter Jr. makes alley oop layup (Markelle Fultz assists)
nba,2023,401469334,2023-04-04,Washington Wizards,Milwaukee Bucks,WSH,MIL,34-45,57-22,128,140,FALSE,Milwaukee Bucks,57-22,NA,NA,NA,NA,NA,NA,NA,NA,NA,NA,Milwaukee Bucks,57-22,Washington Wizards,34-45,0.146,0.854,0.222,0.3423423423423423,0.6576576576576577,493,0,0,1,162,401469334232,232,2,9:11,1991,33.18333333333333,41,42,41,42,-1,Jay Huff defensive rebound
nba,2023,401469330,2023-04-02,Denver Nuggets,Golden State Warriors,DEN,GS,52-26,41-38,112,110,TRUE,Denver Nuggets,52-26,NA,NA,NA,NA,NA,NA,NA,NA,NA,NA,Denver Nuggets,52-26,Golden State Warriors,41-38,0.522,0.522,0.878,0.8610478359908884,0.1389521640091116,506,0,0,1,145,401469330216,216,2,8:51,1971,32.85,31,46,46,31,15,Jamal Murray bad pass (Anthony Lamb steals)
nba,2023,401469328,2023-04-02,Cleveland Cavaliers,Indiana Pacers,CLE,IND,49-30,34-45,115,105,TRUE,Cleveland Cavaliers,49-30,NA,NA,NA,NA,NA,NA,NA,NA,NA,NA,Cleveland Cavaliers,49-30,Indiana Pacers,34-45,0.876,0.876,0.599,0.7929883138564273,0.20701168614357268,487,0,0,1,285,401469328404,404,3,7:26,1166,19.433333333333337,66,74,74,66,8,Isaiah Jackson personal foul
nba,2023,401469329,2023-04-02,Milwaukee Bucks,Philadelphia 76ers,MIL,PHI,56-22,51-27,117,104,TRUE,Milwaukee Bucks,56-22,NA,NA,NA,NA,NA,NA,NA,NA,NA,NA,Milwaukee Bucks,56-22,Philadelphia 76ers,51-27,0.553,0.553,0.4469999999999999,0,1,427,0,0,1,1,4014693294,4,1,12:00,2880,48,0,0,0,0,0,Joel Embiid vs. Brook Lopez (Giannis Antetokounmpo gains possession)
nba,2023,401469326,2023-04-02,Houston Rockets,Los Angeles Lakers,HOU,LAL,19-60,40-38,109,134,FALSE,Los Angeles Lakers,40-38,NA,NA,NA,NA,NA,NA,NA,NA,NA,NA,Los Angeles Lakers,40-38,Houston Rockets,19-60,0.201,0.7989999999999999,0.223,0.0986547085201791,0.9013452914798208,451,0,0,1,2,4014693267,7,1,11:42,2862,47.7,2,0,2,0,2,Jalen Green makes two point shot (Alperen Sengun assists)
nba,2023,401469327,2023-04-02,Oklahoma City Thunder,Phoenix Suns,OKC,PHX,38-41,43-35,118,128,FALSE,Phoenix Suns,43-35,NA,NA,NA,NA,NA,NA,NA,NA,NA,NA,Phoenix Suns,43-35,Oklahoma City Thunder,38-41,0.393,0.607,0.601,0.34608985024958394,0.6539101497504161,490,0,0,1,17,40146932725,25,1,9:03,2703,45.05,9,2,9,2,7,Jaylin Williams defensive rebound
nba,2023,401469322,2023-04-02,Atlanta Hawks,Dallas Mavericks,ATL,DAL,39-39,37-42,132,130,TRUE,Atlanta Hawks,39-39,NA,NA,NA,NA,NA,NA,NA,NA,NA,NA,Atlanta Hawks,39-39,Dallas Mavericks,37-42,0.555,0.555,0.753,0.6719787516600266,0.32802124833997337,518,0,0,1,458,401469322632,632,4,0.1,300.1,5.001666666666667,123,122,122,123,-1,Clint Capela personal foul
nba,2023,401469323,2023-04-02,New York Knicks,Washington Wizards,NY,WSH,46-33,34-44,118,109,TRUE,New York Knicks,46-33,NA,NA,NA,NA,NA,NA,NA,NA,NA,NA,New York Knicks,46-33,Washington Wizards,34-44,0.916,0.916,0.5660000000000001,0.8515901060070672,0.1484098939929328,416,0,0,1,219,401469323313,313,3,9:38,1298,21.633333333333333,55,64,64,55,9,Corey Kispert makes 26-foot three pointer
nba,2023,401469324,2023-04-02,Orlando Magic,Detroit Pistons,ORL,DET,34-44,16-62,128,102,TRUE,Orlando Magic,34-44,NA,NA,NA,NA,NA,NA,NA,NA,NA,NA,Orlando Magic,34-44,Detroit Pistons,16-62,0.907,0.907,0.113,0.17699115044247804,0.823008849557522,480,0,0,1,108,401469324166,166,1,54.0,2214,36.9,33,28,28,33,-5,Franz Wagner personal foul
nba,2023,401469325,2023-04-02,Sacramento Kings,San Antonio Spurs,SAC,SA,47-31,20-58,134,142,FALSE,Sacramento Kings,47-31,NA,NA,NA,NA,NA,NA,NA,NA,NA,NA,San Antonio Spurs,20-58,Sacramento Kings,47-31,0.937,0.937,0.945,0.9417989417989416,0.05820105820105836,548,0,0,2,22,40146932534,34,1,9:14,3014,50.233333333333334,7,5,7,5,2,Zach Collins out of bounds bad pass turnover
nba,2023,401469319,2023-04-02,Brooklyn Nets,Utah Jazz,BKN,UTAH,43-35,36-42,111,110,TRUE,Brooklyn Nets,43-35,NA,NA,NA,NA,NA,NA,NA,NA,NA,NA,Brooklyn Nets,43-35,Utah Jazz,36-42,0.758,0.758,0.33099999999999996,0.2688821752265861,0.7311178247734139,500,0,0,3,484,401469319668,668,4,7.2,7.2,0.12,111,109,109,111,-2,Talen Horton-Tucker makes free throw 1 of 2
nba,2023,401469320,2023-04-02,Chicago Bulls,Memphis Grizzlies,CHI,MEM,38-40,49-29,128,107,TRUE,Chicago Bulls,38-40,NA,NA,NA,NA,NA,NA,NA,NA,NA,NA,Chicago Bulls,38-40,Memphis Grizzlies,49-29,0.516,0.516,0.964,0.962655601659751,0.03734439834024905,438,0,0,1,158,401469320230,230,2,5:07,1747,29.116666666666667,38,61,61,38,23,Luke Kennard makes 25-foot three point jumper (Dillon Brooks assists)
nba,2023,401469321,2023-04-02,Minnesota Timberwolves,Portland Trail Blazers,MIN,POR,39-40,33-45,105,107,FALSE,Minnesota Timberwolves,39-40,NA,NA,NA,NA,NA,NA,NA,NA,NA,NA,Portland Trail Blazers,33-45,Minnesota Timberwolves,39-40,0.92,0.92,0.949,0.946259220231823,0.05374077976817704,458,0,0,1,304,401469321444,444,3,3:37,937,15.616666666666667,84,72,84,72,12,Anthony Edwards makes 1-foot dunk
nba,2023,401469318,2023-04-02,Charlotte Hornets,Toronto Raptors,CHA,TOR,26-53,39-39,108,128,FALSE,Toronto Raptors,39-39,NA,NA,NA,NA,NA,NA,NA,NA,NA,NA,Toronto Raptors,39-39,Charlotte Hornets,26-53,0.135,0.865,0.192,0.296875,0.703125,429,0,0,1,41,40146931859,59,1,7:10,2590,43.166666666666664,13,11,13,11,2,Mark Williams kicked ball violation
nba,2023,401469317,2023-04-01,New Orleans Pelicans,LA Clippers,NO,LAC,40-38,41-38,122,114,TRUE,New Orleans Pelicans,40-38,NA,NA,NA,NA,NA,NA,NA,NA,NA,NA,New Orleans Pelicans,40-38,LA Clippers,41-38,0.617,0.617,0.754,0.6737400530503979,0.32625994694960214,454,0,0,1,108,401469317152,152,1,26.1,2186.1,36.434999999999995,19,30,30,19,11,Kawhi Leonard makes free throw 1 of 2
nba,2023,401469316,2023-04-01,Miami Heat,Dallas Mavericks,MIA,DAL,41-37,37-41,129,122,TRUE,Dallas Mavericks,37-41,NA,NA,NA,NA,NA,NA,NA,NA,NA,NA,Miami Heat,41-37,Dallas Mavericks,37-41,0.397,0.603,0.756,0.6772486772486772,0.3227513227513228,416,0,0,2,38,40146931653,53,1,7:36,2616,43.6,12,20,20,12,8,Tim Hardaway Jr. makes 25-foot three point shot (Kyrie Irving assists)
nba,2023,401469315,2023-03-31,Phoenix Suns,Denver Nuggets,PHX,DEN,42-35,51-26,100,93,TRUE,Phoenix Suns,42-35,NA,NA,NA,NA,NA,NA,NA,NA,NA,NA,Phoenix Suns,42-35,Denver Nuggets,51-26,0.917,0.917,0.19599999999999995,0.5765306122448981,0.4234693877551019,469,0,0,1,443,401469315622,622,4,3:04,184,3.066666666666667,95,91,91,95,-4,Peyton Watson defensive rebound
nba,2023,401469313,2023-03-31,Golden State Warriors,San Antonio Spurs,GS,SA,41-37,19-58,130,115,TRUE,Golden State Warriors,41-37,NA,NA,NA,NA,NA,NA,NA,NA,NA,NA,Golden State Warriors,41-37,San Antonio Spurs,19-58,0.926,0.926,0.531,0.8606403013182675,0.13935969868173248,497,0,0,1,343,401469313504,504,3,1:50,830,13.833333333333334,81,86,86,81,5,Gorgui Dieng makes 12-foot two point shot
nba,2023,401469314,2023-03-31,Portland Trail Blazers,Sacramento Kings,POR,SAC,32-45,47-30,114,138,FALSE,Sacramento Kings,47-30,NA,NA,NA,NA,NA,NA,NA,NA,NA,NA,Sacramento Kings,47-30,Portland Trail Blazers,32-45,0.109,0.891,0.156,0.3012820512820513,0.6987179487179487,454,0,0,1,20,40146931432,32,1,9:24,2724,45.4,7,4,7,4,3,Harrison Barnes misses driving layup
nba,2023,401469310,2023-03-31,Houston Rockets,Detroit Pistons,HOU,DET,19-59,16-61,121,115,TRUE,Houston Rockets,19-59,NA,NA,NA,NA,NA,NA,NA,NA,NA,NA,Houston Rockets,19-59,Detroit Pistons,16-61,0.758,0.758,0.6859999999999999,0.6472303206997084,0.35276967930029157,505,0,0,2,220,401469310323,323,2,1:49,1549,25.816666666666663,51,59,59,51,8,Jabari Smith Jr. loose ball foul
nba,2023,401469311,2023-03-31,Memphis Grizzlies,LA Clippers,MEM,LAC,49-28,41-37,108,94,TRUE,Memphis Grizzlies,49-28,NA,NA,NA,NA,NA,NA,NA,NA,NA,NA,Memphis Grizzlies,49-28,LA Clippers,41-37,0.725,0.725,0.86,0.8372093023255813,0.16279069767441867,463,0,0,1,118,401469311164,164,1,1:14,2234,37.233333333333334,14,33,33,14,19,Mason Plumlee makes free throw 1 of 2
nba,2023,401469312,2023-03-31,Minnesota Timberwolves,Los Angeles Lakers,MIN,LAL,39-39,39-38,111,123,FALSE,Los Angeles Lakers,39-38,NA,NA,NA,NA,NA,NA,NA,NA,NA,NA,Los Angeles Lakers,39-38,Minnesota Timberwolves,39-39,0.495,0.505,0.884,0.8687782805429864,0.13122171945701355,500,0,0,1,240,401469312342,342,3,11:33,1413,23.55,68,55,68,55,13,Anthony Edwards kicked ball violation
nba,2023,401469307,2023-03-31,Boston Celtics,Utah Jazz,BOS,UTAH,54-24,36-41,122,114,TRUE,Boston Celtics,54-24,NA,NA,NA,NA,NA,NA,NA,NA,NA,NA,Boston Celtics,54-24,Utah Jazz,36-41,0.878,0.878,0.28800000000000003,0.576388888888889,0.42361111111111105,464,0,0,1,130,401469307181,181,2,10:36,2076,34.6,27,31,31,27,4,Johnny Juzang defensive rebound
nba,2023,401469308,2023-03-31,Brooklyn Nets,Atlanta Hawks,BKN,ATL,42-35,38-39,124,107,TRUE,Brooklyn Nets,42-35,NA,NA,NA,NA,NA,NA,NA,NA,NA,NA,Brooklyn Nets,42-35,Atlanta Hawks,38-39,0.586,0.586,0.687,0.5443959243085881,0.4556040756914119,438,0,0,1,136,401469308188,188,2,8:51,1971,32.85,37,45,45,37,8,Jalen Johnson defensive rebound
nba,2023,401469309,2023-03-31,Cleveland Cavaliers,New York Knicks,CLE,NY,48-30,45-33,116,130,FALSE,Cleveland Cavaliers,48-30,NA,NA,NA,NA,NA,NA,NA,NA,NA,NA,New York Knicks,45-33,Cleveland Cavaliers,48-30,0.644,0.644,0.794,0.7405541561712847,0.2594458438287153,422,0,0,1,99,401469309147,147,1,9.1,2169.1,36.151666666666664,47,39,47,39,8,Cedi Osman makes 24-foot three point jumper (Donovan Mitchell assists)
nba,2023,401469303,2023-03-31,Charlotte Hornets,Chicago Bulls,CHA,CHI,26-52,37-40,91,121,FALSE,Chicago Bulls,37-40,NA,NA,NA,NA,NA,NA,NA,NA,NA,NA,Chicago Bulls,37-40,Charlotte Hornets,26-52,0.121,0.879,0.146,0.1712328767123288,0.8287671232876712,417,0,0,1,174,401469303259,259,2,4:04,1684,28.066666666666663,42,48,42,48,-6,Bryce McGowens makes free throw 1 of 2
nba,2023,401469304,2023-03-31,Indiana Pacers,Oklahoma City Thunder,IND,OKC,34-44,38-40,121,117,TRUE,Oklahoma City Thunder,38-40,NA,NA,NA,NA,NA,NA,NA,NA,NA,NA,Indiana Pacers,34-44,Oklahoma City Thunder,38-40,0.359,0.641,0.898,0.8864142538975501,0.11358574610244988,536,0,0,1,350,401469304510,510,3,2:41,881,14.683333333333334,81,90,90,81,9,Shai Gilgeous-Alexander makes free throw 1 of 2
nba,2023,401469305,2023-03-31,Philadelphia 76ers,Toronto Raptors,PHI,TOR,51-26,38-39,117,110,TRUE,Philadelphia 76ers,51-26,NA,NA,NA,NA,NA,NA,NA,NA,NA,NA,Philadelphia 76ers,51-26,Toronto Raptors,38-39,0.665,0.665,0.395,0.15189873417721533,0.8481012658227847,415,0,0,1,73,401469305103,103,1,3:14,2354,39.233333333333334,21,22,22,21,1,Jalen McDaniels out of bounds bad pass turnover
nba,2023,401469306,2023-03-31,Washington Wizards,Orlando Magic,WSH,ORL,34-43,33-44,109,116,FALSE,Orlando Magic,33-44,NA,NA,NA,NA,NA,NA,NA,NA,NA,NA,Orlando Magic,33-44,Washington Wizards,34-43,0.327,0.673,0.917,0.9094874591057798,0.09051254089422024,474,0,0,1,347,401469306488,488,4,11:51,711,11.85,96,85,96,85,11,Jalen Suggs out of bounds bad pass turnover
nba,2023,401469302,2023-03-30,Denver Nuggets,New Orleans Pelicans,DEN,NO,51-25,39-38,88,107,FALSE,Denver Nuggets,51-25,NA,NA,NA,NA,NA,NA,NA,NA,NA,NA,New Orleans Pelicans,39-38,Denver Nuggets,51-25,0.687,0.687,0.725,0.6206896551724137,0.3793103448275863,460,0,0,3,11,40146930218,18,1,11:07,2827,47.11666666666667,3,2,3,2,1,Brandon Ingram lost ball turnover (Kentavious Caldwell-Pope steals)
nba,2023,401469301,2023-03-30,Milwaukee Bucks,Boston Celtics,MIL,BOS,55-22,53-24,99,140,FALSE,Boston Celtics,53-24,NA,NA,NA,NA,NA,NA,NA,NA,NA,NA,Boston Celtics,53-24,Milwaukee Bucks,55-22,0.435,0.565,0.497,0.12474849094567396,0.875251509054326,465,0,0,1,65,40146930195,95,1,4:35,2435,40.583333333333336,18,17,18,17,1,Brook Lopez makes free throw 1 of 2
nba,2023,401469299,2023-03-29,Phoenix Suns,Minnesota Timberwolves,PHX,MIN,41-35,39-38,107,100,TRUE,Phoenix Suns,41-35,NA,NA,NA,NA,NA,NA,NA,NA,NA,NA,Phoenix Suns,41-35,Minnesota Timberwolves,39-38,0.733,0.733,0.774,0.7080103359173127,0.29198966408268734,482,0,0,1,267,401469299371,371,3,7:38,1178,19.633333333333333,54,62,62,54,8,Josh Okogie personal foul
nba,2023,401469300,2023-03-29,Portland Trail Blazers,Sacramento Kings,POR,SAC,32-44,46-30,80,120,FALSE,Sacramento Kings,46-30,NA,NA,NA,NA,NA,NA,NA,NA,NA,NA,Sacramento Kings,46-30,Portland Trail Blazers,32-44,0.09,0.91,0.186,0.5161290322580647,0.4838709677419353,460,0,0,1,110,401469300153,153,1,1:02,2222,37.03333333333333,20,19,20,19,1,Alex Len personal foul
nba,2023,401469295,2023-03-29,Chicago Bulls,Los Angeles Lakers,CHI,LAL,36-40,38-38,110,121,FALSE,Chicago Bulls,36-40,NA,NA,NA,NA,NA,NA,NA,NA,NA,NA,Los Angeles Lakers,38-38,Chicago Bulls,36-40,0.7,0.7,0.717,0.605299860529986,0.394700139470014,456,0,0,1,149,401469295214,214,2,7:19,1879,31.316666666666663,37,34,37,34,3,D'Angelo Russell misses 27-foot three point jumper
nba,2023,401469296,2023-03-29,Memphis Grizzlies,LA Clippers,MEM,LAC,48-28,41-36,132,141,FALSE,Memphis Grizzlies,48-28,NA,NA,NA,NA,NA,NA,NA,NA,NA,NA,LA Clippers,41-36,Memphis Grizzlies,48-28,0.573,0.573,0.841,0.8109393579072532,0.18906064209274676,454,0,0,1,41,40146929662,62,1,6:46,2566,42.766666666666666,18,5,18,5,13,Dillon Brooks makes 28-foot three point jumper (Ja Morant assists)
nba,2023,401469297,2023-03-29,Oklahoma City Thunder,Detroit Pistons,OKC,DET,38-39,16-60,107,106,TRUE,Oklahoma City Thunder,38-39,NA,NA,NA,NA,NA,NA,NA,NA,NA,NA,Oklahoma City Thunder,38-39,Detroit Pistons,16-60,0.833,0.833,0.996,0.9959839357429718,0.00401606425702816,452,0,0,1,446,401469297654,654,4,0.0,0,0,105,106,106,105,1,Jalen Williams offensive rebound
nba,2023,401469298,2023-03-29,San Antonio Spurs,Utah Jazz,SA,UTAH,19-57,36-40,117,128,FALSE,San Antonio Spurs,19-57,NA,NA,NA,NA,NA,NA,NA,NA,NA,NA,Utah Jazz,36-40,San Antonio Spurs,19-57,0.549,0.549,0.606,0.34983498349834985,0.6501650165016502,467,0,0,2,151,401469298217,217,2,8:51,1971,32.85,40,41,40,41,-1,Malaki Branham makes free throw 1 of 2
nba,2023,401469292,2023-03-29,Brooklyn Nets,Houston Rockets,BKN,HOU,41-35,18-59,123,114,TRUE,Brooklyn Nets,41-35,NA,NA,NA,NA,NA,NA,NA,NA,NA,NA,Brooklyn Nets,41-35,Houston Rockets,18-59,0.871,0.871,0.897,0.8851727982162765,0.11482720178372352,456,0,0,1,417,401469292588,588,4,3:40,220,3.6666666666666665,103,108,108,103,5,Jalen Green makes free throw 1 of 2
nba,2023,401469293,2023-03-29,New York Knicks,Miami Heat,NY,MIA,44-33,40-37,101,92,TRUE,New York Knicks,44-33,NA,NA,NA,NA,NA,NA,NA,NA,NA,NA,New York Knicks,44-33,Miami Heat,40-37,0.718,0.718,0.625,0.5488,0.4512000000000001,405,0,0,3,147,401469293200,200,2,9:10,1990,33.166666666666664,20,30,30,20,10,Bam Adebayo makes two point shot
nba,2023,401469294,2023-03-29,Philadelphia 76ers,Dallas Mavericks,PHI,DAL,50-26,37-40,116,108,TRUE,Philadelphia 76ers,50-26,NA,NA,NA,NA,NA,NA,NA,NA,NA,NA,Philadelphia 76ers,50-26,Dallas Mavericks,37-40,0.628,0.628,0.8,0.75,0.25,441,0,0,1,194,401469294276,276,2,3:37,1657,27.616666666666667,46,56,56,46,10,James Harden shooting foul
nba,2023,401469291,2023-03-29,Indiana Pacers,Milwaukee Bucks,IND,MIL,33-44,55-21,136,149,FALSE,Milwaukee Bucks,55-21,NA,NA,NA,NA,NA,NA,NA,NA,NA,NA,Milwaukee Bucks,55-21,Indiana Pacers,33-44,0.144,0.856,0.3,0.5199999999999999,0.4800000000000001,503,0,0,1,269,401469291397,397,3,8:08,1208,20.133333333333333,84,84,84,84,0,Aaron Nesmith makes 27-foot three point jumper (Andrew Nembhard assists)
nba,2023,401469290,2023-03-28,Golden State Warriors,New Orleans Pelicans,GS,NO,40-37,38-38,120,109,TRUE,Golden State Warriors,40-37,NA,NA,NA,NA,NA,NA,NA,NA,NA,NA,Golden State Warriors,40-37,New Orleans Pelicans,38-38,0.675,0.675,0.936,0.9316239316239316,0.06837606837606836,463,0,0,1,219,401469290334,334,2,38.1,1478.1,24.635,43,63,63,43,20,Brandon Ingram makes 28-foot running pullup jump shot
nba,2023,401469288,2023-03-28,Memphis Grizzlies,Orlando Magic,MEM,ORL,48-27,32-44,113,108,TRUE,Memphis Grizzlies,48-27,NA,NA,NA,NA,NA,NA,NA,NA,NA,NA,Memphis Grizzlies,48-27,Orlando Magic,32-44,0.738,0.738,0.368,0.2880434782608695,0.7119565217391305,480,0,0,1,30,40146928845,45,1,7:59,2639,43.983333333333334,7,10,10,7,3,Desmond Bane out of bounds bad pass turnover
nba,2023,401469289,2023-03-28,Oklahoma City Thunder,Charlotte Hornets,OKC,CHA,37-39,26-51,134,137,FALSE,Oklahoma City Thunder,37-39,NA,NA,NA,NA,NA,NA,NA,NA,NA,NA,Charlotte Hornets,26-51,Oklahoma City Thunder,37-39,0.804,0.804,0.939,0.9350372736954208,0.06496272630457933,512,0,0,1,269,401469289388,388,3,11:20,1400,23.333333333333332,69,57,69,57,12,Isaiah Joe makes free throw 1 of 2
nba,2023,401469286,2023-03-28,Atlanta Hawks,Cleveland Cavaliers,ATL,CLE,38-38,48-29,120,118,TRUE,Cleveland Cavaliers,48-29,NA,NA,NA,NA,NA,NA,NA,NA,NA,NA,Atlanta Hawks,38-38,Cleveland Cavaliers,48-29,0.471,0.529,0.768,0.6979166666666667,0.30208333333333326,480,0,0,1,37,40146928657,57,1,5:25,2485,41.416666666666664,9,19,19,9,10,Trae Young misses driving floating jump shot
nba,2023,401469287,2023-03-28,Toronto Raptors,Miami Heat,TOR,MIA,38-38,40-36,106,92,TRUE,Toronto Raptors,38-38,NA,NA,NA,NA,NA,NA,NA,NA,NA,NA,Toronto Raptors,38-38,Miami Heat,40-36,0.692,0.692,0.5860000000000001,0.4744027303754266,0.5255972696245734,412,0,0,1,32,40146928746,46,1,8:04,2644,44.06666666666667,4,14,14,4,10,Kevin Love defensive rebound
nba,2023,401469285,2023-03-28,Washington Wizards,Boston Celtics,WSH,BOS,34-42,52-24,130,111,TRUE,Boston Celtics,52-24,NA,NA,NA,NA,NA,NA,NA,NA,NA,NA,Washington Wizards,34-42,Boston Celtics,52-24,0.133,0.867,0.892,0.8789237668161436,0.1210762331838564,429,0,0,1,34,40146928549,49,1,7:34,2614,43.56666666666667,10,13,13,10,3,Jayson Tatum defensive rebound
nba,2023,401469284,2023-03-27,LA Clippers,Chicago Bulls,LAC,CHI,40-36,36-39,124,112,TRUE,Chicago Bulls,36-39,NA,NA,NA,NA,NA,NA,NA,NA,NA,NA,LA Clippers,40-36,Chicago Bulls,36-39,0.492,0.508,0.6579999999999999,0.4802431610942248,0.5197568389057752,416,0,0,2,109,401469284162,162,2,11:07,2107,35.11666666666667,29,34,34,29,5,Russell Westbrook misses free throw 2 of 2
nba,2023,401469282,2023-03-27,Portland Trail Blazers,New Orleans Pelicans,POR,NO,32-43,38-37,90,124,FALSE,New Orleans Pelicans,38-37,NA,NA,NA,NA,NA,NA,NA,NA,NA,NA,New Orleans Pelicans,38-37,Portland Trail Blazers,32-43,0.122,0.878,0.137,0.1094890510948906,0.8905109489051094,431,0,0,1,2,4014692827,7,1,11:45,2865,47.75,2,0,2,0,2,Nassir Little makes 12-foot pullup jump shot
nba,2023,401469283,2023-03-27,Sacramento Kings,Minnesota Timberwolves,SAC,MIN,45-30,39-37,115,119,FALSE,Sacramento Kings,45-30,NA,NA,NA,NA,NA,NA,NA,NA,NA,NA,Minnesota Timberwolves,39-37,Sacramento Kings,45-30,0.747,0.747,0.762,0.6876640419947506,0.3123359580052494,492,0,0,1,8,40146928315,15,1,10:27,2787,46.45,4,2,4,2,2,Domantas Sabonis makes two point shot
nba,2023,401469281,2023-03-27,Denver Nuggets,Philadelphia 76ers,DEN,PHI,51-24,49-26,116,111,TRUE,Denver Nuggets,51-24,NA,NA,NA,NA,NA,NA,NA,NA,NA,NA,Denver Nuggets,51-24,Philadelphia 76ers,49-26,0.692,0.692,0.379,0.18733509234828483,0.8126649076517152,436,0,0,1,10,40146928118,18,1,10:33,2793,46.55,2,5,5,2,3,Tobias Harris makes 7-foot driving floating jump shot
nba,2023,401469280,2023-03-27,Utah Jazz,Phoenix Suns,UTAH,PHX,35-40,40-35,103,117,FALSE,Phoenix Suns,40-35,NA,NA,NA,NA,NA,NA,NA,NA,NA,NA,Phoenix Suns,40-35,Utah Jazz,35-40,0.392,0.608,0.617,0.3792544570502432,0.6207455429497568,489,0,0,1,318,401469280455,455,3,3:49,949,15.816666666666666,78,74,78,74,4,Lauri Markkanen makes two point shot
nba,2023,401469279,2023-03-27,New York Knicks,Houston Rockets,NY,HOU,43-33,18-58,137,115,TRUE,New York Knicks,43-33,NA,NA,NA,NA,NA,NA,NA,NA,NA,NA,New York Knicks,43-33,Houston Rockets,18-58,0.933,0.933,0.19299999999999995,0.6528497409326426,0.3471502590673574,454,0,0,1,198,401469279288,288,2,3:07,1627,27.116666666666667,55,54,54,55,-1,Jalen Green makes free throw 1 of 2
nba,2023,401469277,2023-03-27,Detroit Pistons,Milwaukee Bucks,DET,MIL,16-59,54-21,117,126,FALSE,Milwaukee Bucks,54-21,NA,NA,NA,NA,NA,NA,NA,NA,NA,NA,Milwaukee Bucks,54-21,Detroit Pistons,16-59,0.149,0.851,0.31,0.5193548387096774,0.48064516129032264,513,0,0,1,512,401469277737,737,4,12:00,720,12,91,94,91,94,-3,Joe Ingles technical foul (1st technical foul)
nba,2023,401469278,2023-03-27,Indiana Pacers,Dallas Mavericks,IND,DAL,33-43,37-39,104,127,FALSE,Dallas Mavericks,37-39,NA,NA,NA,NA,NA,NA,NA,NA,NA,NA,Dallas Mavericks,37-39,Indiana Pacers,33-43,0.204,0.796,0.359,0.4317548746518107,0.5682451253481893,445,0,0,1,71,401469278100,100,1,4:42,2442,40.7,19,14,19,14,5,T.J. McConnell defensive rebound
nba,2023,401469276,2023-03-26,Golden State Warriors,Minnesota Timberwolves,GS,MIN,39-37,38-37,96,99,FALSE,Golden State Warriors,39-37,NA,NA,NA,NA,NA,NA,NA,NA,NA,NA,Minnesota Timberwolves,38-37,Golden State Warriors,39-37,0.633,0.633,0.798,0.7468671679197996,0.25313283208020043,475,0,0,1,439,401469276644,644,4,2:03,123,2.05,93,91,93,91,2,Kevon Looney makes free throw 1 of 2
nba,2023,401469275,2023-03-26,Portland Trail Blazers,Oklahoma City Thunder,POR,OKC,32-42,37-38,112,118,FALSE,Oklahoma City Thunder,37-38,NA,NA,NA,NA,NA,NA,NA,NA,NA,NA,Oklahoma City Thunder,37-38,Portland Trail Blazers,32-42,0.186,0.8140000000000001,0.697,0.733142037302726,0.266857962697274,479,0,0,1,395,401469275559,559,4,8:20,500,8.333333333333334,102,100,102,100,2,Aaron Wiggins shooting foul
nba,2023,401469270,2023-03-26,Atlanta Hawks,Memphis Grizzlies,ATL,MEM,37-38,47-27,119,123,FALSE,Memphis Grizzlies,47-27,NA,NA,NA,NA,NA,NA,NA,NA,NA,NA,Memphis Grizzlies,47-27,Atlanta Hawks,37-38,0.363,0.637,0.472,0.23093220338983045,0.7690677966101696,469,0,0,1,56,40146927078,78,1,6:10,2530,42.166666666666664,14,12,14,12,2,Dejounte Murray makes free throw 2 of 3
nba,2023,401469271,2023-03-26,Boston Celtics,San Antonio Spurs,BOS,SA,52-23,19-56,137,93,TRUE,Boston Celtics,52-23,NA,NA,NA,NA,NA,NA,NA,NA,NA,NA,Boston Celtics,52-23,San Antonio Spurs,19-56,0.948,0.948,0.24,0.7833333333333331,0.2166666666666669,471,0,0,1,118,401469271173,173,2,10:19,2059,34.31666666666667,30,38,38,30,8,Devin Vassell makes 26-foot three pointer (Tre Jones assists)
nba,2023,401469272,2023-03-26,Cleveland Cavaliers,Houston Rockets,CLE,HOU,48-28,18-57,108,91,TRUE,Cleveland Cavaliers,48-28,NA,NA,NA,NA,NA,NA,NA,NA,NA,NA,Cleveland Cavaliers,48-28,Houston Rockets,18-57,0.935,0.935,0.18799999999999992,0.6542553191489364,0.3457446808510636,438,0,0,1,303,401469272426,426,3,59.1,779.1,12.985,83,77,77,83,-6,Darius Garland loose ball foul
nba,2023,401469273,2023-03-26,Orlando Magic,Brooklyn Nets,ORL,BKN,32-43,40-35,119,106,TRUE,Orlando Magic,32-43,NA,NA,NA,NA,NA,NA,NA,NA,NA,NA,Orlando Magic,32-43,Brooklyn Nets,40-35,0.528,0.528,0.587,0.29642248722316866,0.7035775127768313,471,0,0,1,47,40146927363,63,1,5:58,2518,41.96666666666667,6,11,11,6,5,Mikal Bridges makes 15-foot pullup jump shot
nba,2023,401469274,2023-03-26,Toronto Raptors,Washington Wizards,TOR,WSH,37-38,33-42,114,104,TRUE,Toronto Raptors,37-38,NA,NA,NA,NA,NA,NA,NA,NA,NA,NA,Toronto Raptors,37-38,Washington Wizards,33-42,0.815,0.815,0.32899999999999996,0.43768996960486295,0.562310030395137,469,0,0,1,331,401469274454,454,3,2:16,856,14.266666666666667,80,79,79,80,-1,Johnny Davis makes 24-foot three point shot (Jordan Goodwin assists)
nba,2023,401469269,2023-03-26,Los Angeles Lakers,Chicago Bulls,LAL,CHI,37-38,36-38,108,118,FALSE,Los Angeles Lakers,37-38,NA,NA,NA,NA,NA,NA,NA,NA,NA,NA,Chicago Bulls,36-38,Los Angeles Lakers,37-38,0.521,0.521,0.642,0.442367601246106,0.557632398753894,438,0,0,1,13,40146926922,22,1,10:25,2785,46.416666666666664,4,0,4,0,4,Anthony Davis makes free throw 1 of 2
nba,2023,401469268,2023-03-26,Charlotte Hornets,Dallas Mavericks,CHA,DAL,25-51,36-39,110,104,TRUE,Dallas Mavericks,36-39,NA,NA,NA,NA,NA,NA,NA,NA,NA,NA,Charlotte Hornets,25-51,Dallas Mavericks,36-39,0.198,0.802,0.802,0.7531172069825438,0.2468827930174562,468,0,0,1,1,4014692684,4,1,12:00,2880,48,0,0,0,0,0,Dwight Powell vs. Mark Williams (P.J. Washington gains possession)
nba,2023,401469267,2023-03-25,LA Clippers,New Orleans Pelicans,LAC,NO,39-36,37-37,110,131,FALSE,LA Clippers,39-36,NA,NA,NA,NA,NA,NA,NA,NA,NA,NA,New Orleans Pelicans,37-37,LA Clippers,39-36,0.737,0.737,0.753,0.6719787516600266,0.32802124833997337,428,0,0,2,2,4014692677,7,1,11:59,2879,47.983333333333334,0,0,0,0,0,Jonas Valanciunas loose ball foul
nba,2023,401469265,2023-03-25,Phoenix Suns,Philadelphia 76ers,PHX,PHI,39-35,49-25,125,105,TRUE,Philadelphia 76ers,49-25,NA,NA,NA,NA,NA,NA,NA,NA,NA,NA,Phoenix Suns,39-35,Philadelphia 76ers,49-25,0.413,0.587,0.6970000000000001,0.5652797704447634,0.4347202295552366,450,0,0,1,61,40146926584,84,1,5:26,2486,41.43333333333333,8,12,12,8,4,Jalen McDaniels defensive rebound
nba,2023,401469266,2023-03-25,Sacramento Kings,Utah Jazz,SAC,UTAH,45-29,35-39,121,113,TRUE,Sacramento Kings,45-29,NA,NA,NA,NA,NA,NA,NA,NA,NA,NA,Sacramento Kings,45-29,Utah Jazz,35-39,0.835,0.835,0.518,0.6814671814671813,0.3185328185328187,459,0,0,1,239,401469266338,338,2,4.0,1444,24.066666666666663,55,61,61,55,6,Kevin Huerter misses 29-foot three point jumper
nba,2023,401469264,2023-03-25,Denver Nuggets,Milwaukee Bucks,DEN,MIL,50-24,53-21,129,106,TRUE,Denver Nuggets,50-24,NA,NA,NA,NA,NA,NA,NA,NA,NA,NA,Denver Nuggets,50-24,Milwaukee Bucks,53-21,0.634,0.634,0.758,0.6807387862796834,0.3192612137203166,473,0,0,1,183,401469264270,270,2,3:42,1662,27.7,50,60,60,50,10,Bobby Portis defensive rebound
nba,2023,401469263,2023-03-25,Miami Heat,Brooklyn Nets,MIA,BKN,40-35,40-34,100,129,FALSE,Miami Heat,40-35,NA,NA,NA,NA,NA,NA,NA,NA,NA,NA,Brooklyn Nets,40-34,Miami Heat,40-35,0.687,0.687,0.908,0.8986784140969164,0.1013215859030836,425,0,0,1,139,401469263210,210,2,7:44,1904,31.733333333333334,51,37,51,37,14,Max Strus makes driving layup (Jimmy Butler assists)
nba,2023,401469262,2023-03-25,Atlanta Hawks,Indiana Pacers,ATL,IND,37-37,33-42,143,130,TRUE,Atlanta Hawks,37-37,NA,NA,NA,NA,NA,NA,NA,NA,NA,NA,Atlanta Hawks,37-37,Indiana Pacers,33-42,0.769,0.769,0.567,0.5925925925925926,0.40740740740740744,445,0,0,1,201,401469262297,297,2,1:11,1511,25.183333333333337,66,71,71,66,5,Jordan Nwora makes free throw 1 of 2
nba,2023,401469261,2023-03-24,Los Angeles Lakers,Oklahoma City Thunder,LAL,OKC,37-37,36-38,116,111,TRUE,Los Angeles Lakers,37-37,NA,NA,NA,NA,NA,NA,NA,NA,NA,NA,Los Angeles Lakers,37-37,Oklahoma City Thunder,36-38,0.571,0.571,0.479,0.10438413361169084,0.8956158663883091,475,0,0,1,7,40146926113,13,1,11:01,2821,47.016666666666666,0,2,2,0,2,Josh Giddey makes 6-foot two point shot
nba,2023,401469258,2023-03-24,Golden State Warriors,Philadelphia 76ers,GS,PHI,44-38,54-28,120,112,TRUE,Golden State Warriors,44-38,NA,NA,NA,NA,NA,NA,NA,NA,NA,NA,Golden State Warriors,44-38,Philadelphia 76ers,54-28,0.514,0.514,0.931,0.9258861439312568,0.07411385606874332,469,0,0,1,350,401469258496,496,4,11:03,663,11.05,79,90,90,79,11,Jordan Poole misses 26-foot three point jumper
nba,2023,401469259,2023-03-24,Portland Trail Blazers,Chicago Bulls,POR,CHI,32-41,35-38,96,124,FALSE,Chicago Bulls,35-38,NA,NA,NA,NA,NA,NA,NA,NA,NA,NA,Chicago Bulls,35-38,Portland Trail Blazers,32-41,0.139,0.861,0.224,0.3794642857142857,0.6205357142857143,421,0,0,1,105,401469259150,150,1,32.0,2192,36.53333333333333,26,24,26,24,2,Keon Johnson makes driving layup
nba,2023,401469260,2023-03-24,Sacramento Kings,Phoenix Suns,SAC,PHX,44-29,38-35,135,127,TRUE,Sacramento Kings,44-29,NA,NA,NA,NA,NA,NA,NA,NA,NA,NA,Sacramento Kings,44-29,Phoenix Suns,38-35,0.692,0.692,0.84,0.8095238095238095,0.1904761904761905,478,0,0,2,192,401469260287,287,2,1:20,1520,25.333333333333332,51,64,64,51,13,Keegan Murray shooting foul
nba,2023,401469257,2023-03-24,Utah Jazz,Milwaukee Bucks,UTAH,MIL,35-38,53-20,116,144,FALSE,Milwaukee Bucks,53-20,NA,NA,NA,NA,NA,NA,NA,NA,NA,NA,Milwaukee Bucks,53-20,Utah Jazz,35-38,0.26,0.74,0.26,0,1,515,0,0,1,1,4014692574,4,1,12:00,2880,48,0,0,0,0,0,Brook Lopez vs. Walker Kessler (Giannis Antetokounmpo gains possession)
nba,2023,401469256,2023-03-24,Dallas Mavericks,Charlotte Hornets,DAL,CHA,36-38,24-51,109,117,FALSE,Dallas Mavericks,36-38,NA,NA,NA,NA,NA,NA,NA,NA,NA,NA,Charlotte Hornets,24-51,Dallas Mavericks,36-38,0.912,0.912,0.92,0.9130434782608696,0.08695652173913038,472,0,0,1,2,4014692567,7,1,11:45,2865,47.75,2,0,2,0,2,Luka Doncic makes 7-foot two point shot (Dwight Powell assists)
nba,2023,401469255,2023-03-24,Memphis Grizzlies,Houston Rockets,MEM,HOU,46-27,18-56,151,114,TRUE,Memphis Grizzlies,46-27,NA,NA,NA,NA,NA,NA,NA,NA,NA,NA,Memphis Grizzlies,46-27,Houston Rockets,18-56,0.899,0.899,0.16800000000000004,0.39880952380952406,0.6011904761904759,422,0,0,1,16,40146925526,26,1,10:12,2772,46.2,2,7,7,2,5,Jaren Jackson Jr. misses 25-foot three point jumper
nba,2023,401469254,2023-03-24,Toronto Raptors,Detroit Pistons,TOR,DET,36-38,16-58,118,97,TRUE,Toronto Raptors,36-38,NA,NA,NA,NA,NA,NA,NA,NA,NA,NA,Toronto Raptors,36-38,Detroit Pistons,16-58,0.942,0.942,0.09199999999999996,0.36956521739130355,0.6304347826086965,462,0,0,1,12,40146925421,21,1,10:54,2814,46.9,1,3,3,1,2,Jakob Poeltl shooting foul
nba,2023,401469252,2023-03-24,Boston Celtics,Indiana Pacers,BOS,IND,51-23,33-41,120,95,TRUE,Boston Celtics,51-23,NA,NA,NA,NA,NA,NA,NA,NA,NA,NA,Boston Celtics,51-23,Indiana Pacers,33-41,0.806,0.806,0.279,0.3046594982078855,0.6953405017921145,457,0,0,5,155,401469252232,232,2,6:39,1839,30.65,44,44,44,44,0,Buddy Hield makes dunk
nba,2023,401469253,2023-03-24,Washington Wizards,San Antonio Spurs,WSH,SA,33-41,19-55,136,124,TRUE,Washington Wizards,33-41,NA,NA,NA,NA,NA,NA,NA,NA,NA,NA,Washington Wizards,33-41,San Antonio Spurs,19-55,0.768,0.768,0.55,0.5781818181818182,0.42181818181818176,445,0,0,1,296,401469253441,441,3,4:45,1005,16.75,83,87,87,83,4,Keldon Johnson makes 26-foot three point jumper (Dominick Barlow assists)
nba,2023,401469251,2023-03-23,LA Clippers,Oklahoma City Thunder,LAC,OKC,39-35,36-37,127,105,TRUE,LA Clippers,39-35,NA,NA,NA,NA,NA,NA,NA,NA,NA,NA,LA Clippers,39-35,Oklahoma City Thunder,36-37,0.702,0.702,0.5369999999999999,0.44506517690875214,0.5549348230912479,427,0,0,3,251,401469251357,357,3,9:15,1275,21.25,58,61,61,58,3,Jaylin Williams defensive rebound
nba,2023,401469250,2023-03-23,New Orleans Pelicans,Charlotte Hornets,NO,CHA,36-37,23-51,115,96,TRUE,New Orleans Pelicans,36-37,NA,NA,NA,NA,NA,NA,NA,NA,NA,NA,New Orleans Pelicans,36-37,Charlotte Hornets,23-51,0.811,0.811,0.28800000000000003,0.3437500000000002,0.6562499999999998,444,0,0,1,293,401469250413,413,3,3:41,941,15.683333333333334,81,78,78,81,-3,Jonas Valanciunas bad pass (Gordon Hayward steals)
nba,2023,401469249,2023-03-23,Brooklyn Nets,Cleveland Cavaliers,BKN,CLE,39-34,47-28,114,116,FALSE,Cleveland Cavaliers,47-28,NA,NA,NA,NA,NA,NA,NA,NA,NA,NA,Cleveland Cavaliers,47-28,Brooklyn Nets,39-34,0.378,0.622,0.96,0.9583333333333331,0.04166666666666674,457,0,0,1,407,401469249584,584,4,4:28,268,4.466666666666667,107,98,107,98,9,Royce O'Neale defensive rebound
nba,2023,401469248,2023-03-23,Orlando Magic,New York Knicks,ORL,NY,31-43,42-33,111,106,TRUE,New York Knicks,42-33,NA,NA,NA,NA,NA,NA,NA,NA,NA,NA,Orlando Magic,31-43,New York Knicks,42-33,0.426,0.5740000000000001,0.644,0.44720496894409933,0.5527950310559007,453,0,0,2,81,401469248110,110,1,4:00,2400,40,12,16,16,12,4,Quentin Grimes makes two point shot
nba,2023,401469247,2023-03-22,Los Angeles Lakers,Phoenix Suns,LAL,PHX,36-37,38-34,122,111,TRUE,Los Angeles Lakers,36-37,NA,NA,NA,NA,NA,NA,NA,NA,NA,NA,Los Angeles Lakers,36-37,Phoenix Suns,38-34,0.537,0.537,0.601,0.3361064891846921,0.6638935108153079,478,0,0,1,25,40146924737,37,1,8:51,2691,44.85,4,10,10,4,6,Chris Paul makes 25-foot three pointer
nba,2023,401469246,2023-03-22,Utah Jazz,Portland Trail Blazers,UTAH,POR,35-37,32-40,115,127,FALSE,Utah Jazz,35-37,NA,NA,NA,NA,NA,NA,NA,NA,NA,NA,Portland Trail Blazers,32-40,Utah Jazz,35-37,0.643,0.643,0.844,0.8151658767772512,0.18483412322274884,493,0,0,2,115,401469246161,161,1,1:10,2230,37.166666666666664,31,22,31,22,9,Udoka Azubuike makes free throw 1 of 2
nba,2023,401469242,2023-03-22,Chicago Bulls,Philadelphia 76ers,CHI,PHI,34-38,49-23,91,116,FALSE,Philadelphia 76ers,49-23,NA,NA,NA,NA,NA,NA,NA,NA,NA,NA,Philadelphia 76ers,49-23,Chicago Bulls,34-38,0.48,0.52,0.495,0.03030303030303027,0.9696969696969696,469,0,0,1,2,4014692427,7,1,11:45,2865,47.75,0,0,0,0,0,Tobias Harris misses 26-foot three point jumper
nba,2023,401469243,2023-03-22,Memphis Grizzlies,Houston Rockets,MEM,HOU,45-27,18-55,130,125,TRUE,Memphis Grizzlies,45-27,NA,NA,NA,NA,NA,NA,NA,NA,NA,NA,Memphis Grizzlies,45-27,Houston Rockets,18-55,0.85,0.85,0.542,0.7232472324723247,0.2767527675276753,488,0,0,3,414,401469243598,598,4,4:20,260,4.333333333333333,113,113,113,113,0,Alperen Sengun makes free throw 1 of 2
nba,2023,401469244,2023-03-22,Milwaukee Bucks,San Antonio Spurs,MIL,SA,52-20,19-54,130,94,TRUE,Milwaukee Bucks,52-20,NA,NA,NA,NA,NA,NA,NA,NA,NA,NA,Milwaukee Bucks,52-20,San Antonio Spurs,19-54,0.969,0.969,0.10699999999999998,0.7102803738317753,0.28971962616822466,509,0,0,3,233,401469244340,340,2,2:41,1601,26.683333333333337,51,48,48,51,-3,Pat Connaughton shooting foul
nba,2023,401469245,2023-03-22,Minnesota Timberwolves,Atlanta Hawks,MIN,ATL,37-37,36-37,125,124,TRUE,Minnesota Timberwolves,37-37,NA,NA,NA,NA,NA,NA,NA,NA,NA,NA,Minnesota Timberwolves,37-37,Atlanta Hawks,36-37,0.76,0.76,0.938,0.9339019189765458,0.06609808102345416,483,0,0,1,391,401469245564,564,4,8:04,484,8.066666666666666,98,109,109,98,11,Saddiq Bey makes 25-foot step back jumpshot
nba,2023,401469239,2023-03-22,Miami Heat,New York Knicks,MIA,NY,40-34,42-32,127,120,TRUE,New York Knicks,42-32,NA,NA,NA,NA,NA,NA,NA,NA,NA,NA,Miami Heat,40-34,New York Knicks,42-32,0.456,0.544,0.7,0.5714285714285714,0.4285714285714286,436,0,0,2,79,401469239116,116,1,2:25,2305,38.416666666666664,23,29,29,23,6,Immanuel Quickley defensive rebound
nba,2023,401469240,2023-03-22,Toronto Raptors,Indiana Pacers,TOR,IND,35-38,33-40,114,118,FALSE,Toronto Raptors,35-38,NA,NA,NA,NA,NA,NA,NA,NA,NA,NA,Indiana Pacers,33-40,Toronto Raptors,35-38,0.786,0.786,0.796,0.7437185929648242,0.25628140703517577,472,0,0,2,351,401469240513,513,4,9:14,554,9.233333333333333,89,86,89,86,3,Isaiah Jackson shooting foul
nba,2023,401469241,2023-03-22,Dallas Mavericks,Golden State Warriors,DAL,GS,36-37,38-36,125,127,FALSE,Dallas Mavericks,36-37,NA,NA,NA,NA,NA,NA,NA,NA,NA,NA,Golden State Warriors,38-36,Dallas Mavericks,36-37,0.539,0.539,0.73,0.6301369863013699,0.36986301369863006,464,0,0,1,69,401469241103,103,1,4:14,2414,40.233333333333334,22,14,22,14,8,Justin Holiday makes dunk (Luka Doncic assists)
nba,2023,401469238,2023-03-22,Washington Wizards,Denver Nuggets,WSH,DEN,32-41,49-24,104,118,FALSE,Denver Nuggets,49-24,NA,NA,NA,NA,NA,NA,NA,NA,NA,NA,Denver Nuggets,49-24,Washington Wizards,32-41,0.215,0.785,0.515,0.5825242718446603,0.4174757281553398,419,0,0,1,205,401469238287,287,2,1:31,1531,25.516666666666666,55,50,55,50,5,Jamal Murray misses 11-foot two point shot
nba,2023,401469237,2023-03-21,LA Clippers,Oklahoma City Thunder,LAC,OKC,38-35,36-36,100,101,FALSE,LA Clippers,38-35,NA,NA,NA,NA,NA,NA,NA,NA,NA,NA,Oklahoma City Thunder,36-36,LA Clippers,38-35,0.795,0.795,0.949,0.946259220231823,0.05374077976817704,466,0,0,1,39,40146923761,61,1,6:53,2573,42.88333333333333,18,4,18,4,14,Ivica Zubac makes free throw 1 of 2
nba,2023,401469236,2023-03-21,Sacramento Kings,Boston Celtics,SAC,BOS,43-29,50-23,109,132,FALSE,Boston Celtics,50-23,NA,NA,NA,NA,NA,NA,NA,NA,NA,NA,Boston Celtics,50-23,Sacramento Kings,43-29,0.307,0.6930000000000001,0.58,0.4706896551724139,0.5293103448275861,452,0,0,1,126,401469236175,175,2,10:18,2058,34.3,36,30,36,30,6,De'Aaron Fox makes free throw 1 of 2
nba,2023,401469235,2023-03-21,New Orleans Pelicans,San Antonio Spurs,NO,SA,35-37,19-53,119,84,TRUE,New Orleans Pelicans,35-37,NA,NA,NA,NA,NA,NA,NA,NA,NA,NA,New Orleans Pelicans,35-37,San Antonio Spurs,19-53,0.866,0.866,0.18700000000000008,0.28342245989304826,0.7165775401069517,465,0,0,1,36,40146923558,58,1,6:41,2561,42.68333333333333,13,14,14,13,1,Sandro Mamukelashvili defensive rebound
nba,2023,401469233,2023-03-21,Atlanta Hawks,Detroit Pistons,ATL,DET,36-36,16-57,129,107,TRUE,Atlanta Hawks,36-36,NA,NA,NA,NA,NA,NA,NA,NA,NA,NA,Atlanta Hawks,36-36,Detroit Pistons,16-57,0.898,0.898,0.21699999999999997,0.5299539170506913,0.4700460829493087,501,0,0,1,186,401469233260,260,2,5:22,1762,29.366666666666667,49,49,49,49,0,Trae Young bad pass (R.J. Hampton steals)
nba,2023,401469234,2023-03-21,Brooklyn Nets,Cleveland Cavaliers,BKN,CLE,39-33,46-28,109,115,FALSE,Cleveland Cavaliers,46-28,NA,NA,NA,NA,NA,NA,NA,NA,NA,NA,Cleveland Cavaliers,46-28,Brooklyn Nets,39-33,0.388,0.612,0.624,0.39743589743589736,0.6025641025641026,467,0,0,1,99,401469234141,141,1,1.1,2161.1,36.01833333333333,30,23,30,23,7,Joe Harris defensive rebound
nba,2023,401469232,2023-03-21,Orlando Magic,Washington Wizards,ORL,WSH,30-43,32-40,122,112,TRUE,Orlando Magic,30-43,NA,NA,NA,NA,NA,NA,NA,NA,NA,NA,Orlando Magic,30-43,Washington Wizards,32-40,0.598,0.598,0.7150000000000001,0.6013986013986015,0.39860139860139854,437,0,0,1,146,401469232218,218,2,6:37,1837,30.616666666666667,37,45,45,37,8,Deni Avdija makes free throw 1 of 2
nba,2023,401469231,2023-03-20,Utah Jazz,Sacramento Kings,UTAH,SAC,35-36,43-28,128,120,TRUE,Sacramento Kings,43-28,NA,NA,NA,NA,NA,NA,NA,NA,NA,NA,Utah Jazz,35-36,Sacramento Kings,43-28,0.322,0.6779999999999999,0.756,0.6772486772486772,0.3227513227513228,474,0,0,1,416,401469231605,605,4,5:14,314,5.233333333333333,108,111,111,108,3,Simone Fontecchio misses layup
nba,2023,401469229,2023-03-20,Houston Rockets,Golden State Warriors,HOU,GS,18-54,37-36,108,121,FALSE,Golden State Warriors,37-36,NA,NA,NA,NA,NA,NA,NA,NA,NA,NA,Golden State Warriors,37-36,Houston Rockets,18-54,0.194,0.806,0.467,0.5845824411134906,0.41541755888650944,461,0,0,2,296,401469229401,401,3,5:34,1054,17.566666666666666,68,67,68,67,1,Draymond Green shooting foul
nba,2023,401469230,2023-03-20,Memphis Grizzlies,Dallas Mavericks,MEM,DAL,44-27,36-36,112,108,TRUE,Memphis Grizzlies,44-27,NA,NA,NA,NA,NA,NA,NA,NA,NA,NA,Memphis Grizzlies,44-27,Dallas Mavericks,36-36,0.628,0.628,0.976,0.975409836065574,0.02459016393442614,457,0,0,1,334,401469230472,472,3,45.1,765.1,12.751666666666669,80,96,96,80,16,Davis Bertans defensive rebound
nba,2023,401469228,2023-03-20,New York Knicks,Minnesota Timberwolves,NY,MIN,42-31,36-37,134,140,FALSE,New York Knicks,42-31,NA,NA,NA,NA,NA,NA,NA,NA,NA,NA,Minnesota Timberwolves,36-37,New York Knicks,42-31,0.85,0.85,0.88,0.8636363636363635,0.13636363636363646,455,0,0,1,3,4014692289,9,1,11:40,2860,47.666666666666664,2,0,2,0,2,Kyle Anderson shooting foul
nba,2023,401469226,2023-03-20,Charlotte Hornets,Indiana Pacers,CHA,IND,23-50,32-40,115,109,TRUE,Indiana Pacers,32-40,NA,NA,NA,NA,NA,NA,NA,NA,NA,NA,Charlotte Hornets,23-50,Indiana Pacers,32-40,0.441,0.5589999999999999,0.963,0.9615784008307372,0.03842159916926269,505,0,0,2,173,401469226252,252,2,8:22,1942,32.36666666666667,29,50,50,29,21,Isaiah Jackson makes free throw 1 of 2
nba,2023,401469227,2023-03-20,Philadelphia 76ers,Chicago Bulls,PHI,CHI,48-23,34-37,105,109,FALSE,Philadelphia 76ers,48-23,NA,NA,NA,NA,NA,NA,NA,NA,NA,NA,Chicago Bulls,34-37,Philadelphia 76ers,48-23,0.71,0.71,0.838,0.8066825775656323,0.19331742243436767,513,0,0,1,107,401469227150,150,2,9:40,2620,43.666666666666664,27,19,27,19,8,Jalen McDaniels defensive rebound
nba,2023,401469225,2023-03-19,Los Angeles Lakers,Orlando Magic,LAL,ORL,35-37,29-43,111,105,TRUE,Los Angeles Lakers,35-37,NA,NA,NA,NA,NA,NA,NA,NA,NA,NA,Los Angeles Lakers,35-37,Orlando Magic,29-43,0.58,0.58,0.648,0.45679012345679015,0.5432098765432098,481,0,0,1,39,40146922556,56,1,5:43,2503,41.71666666666667,11,20,20,11,9,Gary Harris makes 27-foot three point jumper (Markelle Fultz assists)
nba,2023,401469224,2023-03-19,Portland Trail Blazers,LA Clippers,POR,LAC,31-40,38-34,102,117,FALSE,LA Clippers,38-34,NA,NA,NA,NA,NA,NA,NA,NA,NA,NA,LA Clippers,38-34,Portland Trail Blazers,31-40,0.403,0.597,0.452,0.1084070796460177,0.8915929203539823,441,0,0,1,167,401469224241,241,2,5:20,1760,29.333333333333332,46,46,46,46,0,Marcus Morris Sr. lost ball turnover (Trendon Watford steals)
nba,2023,401469223,2023-03-19,Milwaukee Bucks,Toronto Raptors,MIL,TOR,51-20,35-37,118,111,TRUE,Milwaukee Bucks,51-20,NA,NA,NA,NA,NA,NA,NA,NA,NA,NA,Milwaukee Bucks,51-20,Toronto Raptors,35-37,0.603,0.603,0.837,0.8052568697729987,0.1947431302270013,441,0,0,1,306,401469223443,443,3,8.1,728.1,12.135,87,94,94,87,7,Joe Ingles shooting foul
nba,2023,401469222,2023-03-19,Houston Rockets,New Orleans Pelicans,HOU,NO,18-53,34-37,107,117,FALSE,New Orleans Pelicans,34-37,NA,NA,NA,NA,NA,NA,NA,NA,NA,NA,New Orleans Pelicans,34-37,Houston Rockets,18-53,0.387,0.613,0.492,0.21341463414634143,0.7865853658536586,458,0,0,1,33,40146922248,48,1,9:29,2729,45.483333333333334,8,5,8,5,3,Jalen Green makes technical free throw
nba,2023,401469221,2023-03-19,Detroit Pistons,Miami Heat,DET,MIA,16-56,39-34,100,112,FALSE,Miami Heat,39-34,NA,NA,NA,NA,NA,NA,NA,NA,NA,NA,Miami Heat,39-34,Detroit Pistons,16-56,0.136,0.864,0.762,0.821522309711286,0.17847769028871396,408,0,0,1,308,401469221442,442,4,11:38,698,11.633333333333333,81,74,81,74,7,Pistons offensive team rebound
nba,2023,401469220,2023-03-19,San Antonio Spurs,Atlanta Hawks,SA,ATL,19-52,35-36,126,118,TRUE,Atlanta Hawks,35-36,NA,NA,NA,NA,NA,NA,NA,NA,NA,NA,San Antonio Spurs,19-52,Atlanta Hawks,35-36,0.221,0.779,0.991,0.9909182643794148,0.00908173562058523,465,0,0,1,242,401469220354,354,3,11:29,1409,23.483333333333334,61,85,85,61,24,Clint Capela makes 2-foot alley oop dunk shot (Trae Young assists)
nba,2023,401469218,2023-03-19,Brooklyn Nets,Denver Nuggets,BKN,DEN,39-32,48-24,102,108,FALSE,Denver Nuggets,48-24,NA,NA,NA,NA,NA,NA,NA,NA,NA,NA,Denver Nuggets,48-24,Brooklyn Nets,39-32,0.467,0.5329999999999999,0.541,0.1515711645101665,0.8484288354898335,404,0,0,1,10,40146921815,15,1,10:50,2810,46.833333333333336,2,0,2,0,2,Dorian Finney-Smith defensive rebound
nba,2023,401469219,2023-03-19,Oklahoma City Thunder,Phoenix Suns,OKC,PHX,35-36,38-33,124,120,TRUE,Oklahoma City Thunder,35-36,NA,NA,NA,NA,NA,NA,NA,NA,NA,NA,Oklahoma City Thunder,35-36,Phoenix Suns,38-33,0.574,0.574,0.917,0.9094874591057798,0.09051254089422024,519,0,0,1,412,401469219597,597,4,10:08,608,10.133333333333333,90,100,100,90,10,Cameron Payne defensive rebound
nba,2023,401469217,2023-03-18,Utah Jazz,Boston Celtics,UTAH,BOS,34-36,49-23,118,117,TRUE,Boston Celtics,49-23,NA,NA,NA,NA,NA,NA,NA,NA,NA,NA,Utah Jazz,34-36,Boston Celtics,49-23,0.441,0.5589999999999999,0.942,0.9384288747346072,0.06157112526539277,452,0,0,1,411,401469217596,596,4,4:36,276,4.6,104,111,111,104,7,Malcolm Brogdon makes free throw 1 of 2
nba,2023,401469214,2023-03-18,Washington Wizards,Sacramento Kings,WSH,SAC,32-39,43-27,118,132,FALSE,Sacramento Kings,43-27,NA,NA,NA,NA,NA,NA,NA,NA,NA,NA,Sacramento Kings,43-27,Washington Wizards,32-39,0.386,0.614,0.694,0.5590778097982707,0.4409221902017293,460,0,0,1,64,40146921497,97,1,4:57,2457,40.95,25,15,25,15,10,Kyle Kuzma defensive rebound
nba,2023,401469215,2023-03-18,Chicago Bulls,Miami Heat,CHI,MIA,33-37,38-34,113,99,TRUE,Chicago Bulls,33-37,NA,NA,NA,NA,NA,NA,NA,NA,NA,NA,Chicago Bulls,33-37,Miami Heat,38-34,0.567,0.567,0.47,0.078723404255318985,0.921276595744681,398,0,0,1,17,40146921526,26,1,9:39,2739,45.65,2,3,3,2,1,Tyler Herro defensive rebound
nba,2023,401469216,2023-03-18,Memphis Grizzlies,Golden State Warriors,MEM,GS,43-27,36-36,133,119,TRUE,Memphis Grizzlies,43-27,NA,NA,NA,NA,NA,NA,NA,NA,NA,NA,Memphis Grizzlies,43-27,Golden State Warriors,36-36,0.525,0.525,0.5489999999999999,0.17850637522768653,0.8214936247723135,504,0,0,1,6,40146921613,13,1,11:06,2826,47.1,0,2,2,0,2,Stephen Curry defensive rebound
nba,2023,401469212,2023-03-18,Indiana Pacers,Philadelphia 76ers,IND,PHI,32-39,48-22,121,141,FALSE,Philadelphia 76ers,48-22,NA,NA,NA,NA,NA,NA,NA,NA,NA,NA,Philadelphia 76ers,48-22,Indiana Pacers,32-39,0.349,0.651,0.564,0.38120567375886527,0.6187943262411347,421,0,0,2,25,40146921237,37,1,8:03,2643,44.05,12,4,12,4,8,Jordan Nwora makes 25-foot three point shot (Aaron Nesmith assists)
nba,2023,401469213,2023-03-18,Toronto Raptors,Minnesota Timberwolves,TOR,MIN,41-41,42-40,122,107,TRUE,Toronto Raptors,41-41,NA,NA,NA,NA,NA,NA,NA,NA,NA,NA,Toronto Raptors,41-41,Minnesota Timberwolves,42-40,0.836,0.836,0.525,0.6876190476190476,0.3123809523809524,468,0,0,1,302,401469213430,430,3,3:42,942,15.7,77,80,80,77,3,Naz Reid defensive rebound
nba,2023,401469211,2023-03-18,LA Clippers,Orlando Magic,LAC,ORL,37-34,29-42,108,113,FALSE,LA Clippers,37-34,NA,NA,NA,NA,NA,NA,NA,NA,NA,NA,Orlando Magic,29-42,LA Clippers,37-34,0.787,0.787,0.887,0.8726042841037205,0.12739571589627952,467,0,0,1,352,401469211506,506,3,1.1,721.1,12.018333333333334,82,74,82,74,8,Cole Anthony misses 27-foot step back jumpshot
nba,2023,401469210,2023-03-18,New York Knicks,Denver Nuggets,NY,DEN,42-30,47-24,116,110,TRUE,New York Knicks,42-30,NA,NA,NA,NA,NA,NA,NA,NA,NA,NA,New York Knicks,42-30,Denver Nuggets,47-24,0.588,0.588,0.902,0.8913525498891353,0.10864745011086474,421,0,0,1,257,401469210365,365,3,6:33,1113,18.55,71,84,84,71,13,Jalen Brunson misses driving floating jump shot
nba,2023,401469209,2023-03-17,Los Angeles Lakers,Dallas Mavericks,LAL,DAL,34-37,36-35,110,111,FALSE,Los Angeles Lakers,34-37,NA,NA,NA,NA,NA,NA,NA,NA,NA,NA,Dallas Mavericks,36-35,Los Angeles Lakers,34-37,0.611,0.611,0.919,0.911860718171926,0.08813928182807396,472,0,0,1,454,401469209664,664,4,6.1,6.1,0.10166666666666666,109,108,109,108,1,Josh Green personal take foul
nba,2023,401469208,2023-03-17,Portland Trail Blazers,Boston Celtics,POR,BOS,31-39,49-22,112,126,FALSE,Boston Celtics,49-22,NA,NA,NA,NA,NA,NA,NA,NA,NA,NA,Boston Celtics,49-22,Portland Trail Blazers,31-39,0.412,0.5880000000000001,0.489,0.15746421267893673,0.8425357873210633,490,0,0,1,21,40146920829,29,1,9:42,2742,45.7,5,3,5,3,2,Al Horford shooting foul
nba,2023,401469205,2023-03-17,Chicago Bulls,Minnesota Timberwolves,CHI,MIN,32-37,35-36,139,131,TRUE,Chicago Bulls,32-37,NA,NA,NA,NA,NA,NA,NA,NA,NA,NA,Chicago Bulls,32-37,Minnesota Timberwolves,35-36,0.772,0.772,0.902,0.8913525498891353,0.10864745011086474,530,0,0,1,338,401469205485,485,4,9:53,1193,19.883333333333333,85,95,95,85,10,Rudy Gobert defensive rebound
nba,2023,401469206,2023-03-17,Houston Rockets,New Orleans Pelicans,HOU,NO,18-52,33-37,114,112,TRUE,New Orleans Pelicans,33-37,NA,NA,NA,NA,NA,NA,NA,NA,NA,NA,Houston Rockets,18-52,New Orleans Pelicans,33-37,0.379,0.621,0.986,0.9858012170385396,0.01419878296146048,454,0,0,1,346,401469206485,485,4,9:11,551,9.183333333333334,84,99,99,84,15,Josh Christopher misses 14-foot two point shot
nba,2023,401469207,2023-03-17,San Antonio Spurs,Memphis Grizzlies,SA,MEM,18-52,42-27,120,126,FALSE,Memphis Grizzlies,42-27,NA,NA,NA,NA,NA,NA,NA,NA,NA,NA,Memphis Grizzlies,42-27,San Antonio Spurs,18-52,0.262,0.738,0.997,0.9969909729187564,0.00300902708124373,536,0,0,4,277,401469207402,402,3,7:36,1476,24.6,84,55,84,55,29,Dillon Brooks misses 25-foot three point jumper
nba,2023,401469203,2023-03-17,Atlanta Hawks,Golden State Warriors,ATL,GS,35-35,36-35,127,119,TRUE,Atlanta Hawks,35-35,NA,NA,NA,NA,NA,NA,NA,NA,NA,NA,Atlanta Hawks,35-35,Golden State Warriors,36-35,0.811,0.811,0.48,0.6062500000000002,0.3937499999999998,503,0,0,1,32,40146920347,47,1,8:17,2657,44.28333333333333,4,16,16,4,12,Kevon Looney makes two point shot
nba,2023,401469204,2023-03-17,Cleveland Cavaliers,Washington Wizards,CLE,WSH,45-28,32-38,117,94,TRUE,Cleveland Cavaliers,45-28,NA,NA,NA,NA,NA,NA,NA,NA,NA,NA,Cleveland Cavaliers,45-28,Washington Wizards,32-38,0.732,0.732,0.276,0.02898550724637683,0.9710144927536232,432,0,0,1,64,40146920497,97,1,4:06,2406,40.1,20,18,18,20,-2,Kristaps Porzingis defensive rebound
nba,2023,401469202,2023-03-17,Charlotte Hornets,Philadelphia 76ers,CHA,PHI,22-50,47-22,82,121,FALSE,Philadelphia 76ers,47-22,NA,NA,NA,NA,NA,NA,NA,NA,NA,NA,Philadelphia 76ers,47-22,Charlotte Hornets,22-50,0.135,0.865,0.269,0.4981412639405205,0.5018587360594795,463,0,0,2,32,40146920248,48,1,7:52,2632,43.86666666666667,14,9,14,9,5,Kelly Oubre Jr. makes free throw 2 of 3
nba,2023,401469201,2023-03-16,Phoenix Suns,Orlando Magic,PHX,ORL,38-32,28-42,116,113,TRUE,Phoenix Suns,38-32,NA,NA,NA,NA,NA,NA,NA,NA,NA,NA,Phoenix Suns,38-32,Orlando Magic,28-42,0.69,0.69,0.573,0.4589877835951133,0.5410122164048867,462,0,0,2,201,401469201300,300,2,2:26,1586,26.433333333333337,51,56,56,51,5,Devin Booker out of bounds lost ball turnover
nba,2023,401469200,2023-03-16,Milwaukee Bucks,Indiana Pacers,MIL,IND,50-20,32-38,123,139,FALSE,Milwaukee Bucks,50-20,NA,NA,NA,NA,NA,NA,NA,NA,NA,NA,Indiana Pacers,32-38,Milwaukee Bucks,50-20,0.756,0.756,0.943,0.9395546129374336,0.0604453870625663,468,0,0,3,257,401469200379,379,3,9:04,1264,21.066666666666663,77,63,77,63,14,Myles Turner misses driving layup
nba,2023,401469198,2023-03-16,Brooklyn Nets,Sacramento Kings,BKN,SAC,39-31,42-27,96,101,FALSE,Brooklyn Nets,39-31,NA,NA,NA,NA,NA,NA,NA,NA,NA,NA,Sacramento Kings,42-27,Brooklyn Nets,39-31,0.6,0.6,0.778,0.7146529562982005,0.28534704370179953,472,0,0,2,51,40146919872,72,1,5:00,2460,41,19,10,19,10,9,Spencer Dinwiddie makes two point shot
nba,2023,401469199,2023-03-16,Toronto Raptors,Oklahoma City Thunder,TOR,OKC,34-36,34-36,128,111,TRUE,Toronto Raptors,34-36,NA,NA,NA,NA,NA,NA,NA,NA,NA,NA,Toronto Raptors,34-36,Oklahoma City Thunder,34-36,0.722,0.722,0.522,0.4674329501915708,0.5325670498084292,498,0,0,2,95,401469199126,126,1,2:31,2311,38.516666666666666,19,26,26,19,7,Chris Boucher misses 23-foot three point jumper
nba,2023,401469197,2023-03-16,Detroit Pistons,Denver Nuggets,DET,DEN,16-55,47-23,100,119,FALSE,Denver Nuggets,47-23,NA,NA,NA,NA,NA,NA,NA,NA,NA,NA,Denver Nuggets,47-23,Detroit Pistons,16-55,0.066,0.934,0.651,0.8986175115207372,0.1013824884792628,449,0,0,2,353,401469197509,509,4,10:10,610,10.166666666666666,91,86,91,86,5,Bruce Brown misses layup
nba,2023,401469196,2023-03-15,LA Clippers,Golden State Warriors,LAC,GS,37-33,36-34,134,126,TRUE,LA Clippers,37-33,NA,NA,NA,NA,NA,NA,NA,NA,NA,NA,LA Clippers,37-33,Golden State Warriors,36-34,0.746,0.746,0.5329999999999999,0.523452157598499,0.47654784240150105,473,0,0,1,245,401469196357,357,3,9:41,1301,21.683333333333337,64,68,68,64,4,Paul George misses 9-foot pullup jump shot
nba,2023,401469195,2023-03-15,San Antonio Spurs,Dallas Mavericks,SA,DAL,18-51,35-35,128,137,FALSE,Dallas Mavericks,35-35,NA,NA,NA,NA,NA,NA,NA,NA,NA,NA,Dallas Mavericks,35-35,San Antonio Spurs,18-51,0.382,0.618,0.934,0.929336188436831,0.07066381156316903,549,0,0,1,437,401469195625,625,4,4:31,571,9.516666666666667,114,105,114,105,9,Tre Jones makes driving layup
nba,2023,401469192,2023-03-15,Chicago Bulls,Sacramento Kings,CHI,SAC,31-37,41-27,114,117,FALSE,Chicago Bulls,31-37,NA,NA,NA,NA,NA,NA,NA,NA,NA,NA,Sacramento Kings,41-27,Chicago Bulls,31-37,0.614,0.614,0.907,0.8974641675854467,0.10253583241455332,498,0,0,1,143,401469192217,217,2,9:13,1993,33.21666666666667,45,29,45,29,16,DeMar DeRozan makes 25-foot three point jumper (Coby White assists)
nba,2023,401469193,2023-03-15,Houston Rockets,Los Angeles Lakers,HOU,LAL,17-52,34-36,114,110,TRUE,Houston Rockets,17-52,NA,NA,NA,NA,NA,NA,NA,NA,NA,NA,Houston Rockets,17-52,Los Angeles Lakers,34-36,0.53,0.53,0.493,0.04665314401622722,0.9533468559837728,498,0,0,1,3,40146919310,10,1,11:44,2864,47.733333333333334,0,0,0,0,0,D'Angelo Russell misses free throw 1 of 2
nba,2023,401469194,2023-03-15,Minnesota Timberwolves,Boston Celtics,MIN,BOS,35-35,48-22,102,104,FALSE,Boston Celtics,48-22,NA,NA,NA,NA,NA,NA,NA,NA,NA,NA,Boston Celtics,48-22,Minnesota Timberwolves,35-35,0.327,0.673,0.453,0.2781456953642385,0.7218543046357615,474,0,0,1,95,401469194138,138,1,1:40,2260,37.666666666666664,23,19,23,19,4,Anthony Edwards makes 2-foot two point shot
nba,2023,401469190,2023-03-15,Cleveland Cavaliers,Philadelphia 76ers,CLE,PHI,44-28,46-22,109,118,FALSE,Philadelphia 76ers,46-22,NA,NA,NA,NA,NA,NA,NA,NA,NA,NA,Philadelphia 76ers,46-22,Cleveland Cavaliers,44-28,0.407,0.593,0.88,0.8636363636363635,0.13636363636363646,440,0,0,1,258,401469190366,366,3,9:22,1282,21.366666666666667,70,57,70,57,13,P.J. Tucker misses 7-foot two point shot
nba,2023,401469191,2023-03-15,Miami Heat,Memphis Grizzlies,MIA,MEM,38-33,41-27,138,119,TRUE,Miami Heat,38-33,NA,NA,NA,NA,NA,NA,NA,NA,NA,NA,Miami Heat,38-33,Memphis Grizzlies,41-27,0.645,0.645,0.534,0.33520599250936334,0.6647940074906367,439,0,0,3,73,401469191100,100,1,3:41,2381,39.68333333333333,16,20,20,16,4,Omer Yurtseven personal foul
nba,2023,401469188,2023-03-14,Phoenix Suns,Milwaukee Bucks,PHX,MIL,37-32,50-19,104,116,FALSE,Milwaukee Bucks,50-19,NA,NA,NA,NA,NA,NA,NA,NA,NA,NA,Milwaukee Bucks,50-19,Phoenix Suns,37-32,0.495,0.505,0.685,0.5401459854014599,0.45985401459854014,491,0,0,1,380,401469188554,554,4,9:47,587,9.783333333333331,92,89,92,89,3,Terrence Ross defensive rebound
nba,2023,401469189,2023-03-14,Portland Trail Blazers,New York Knicks,POR,NY,31-38,41-30,107,123,FALSE,New York Knicks,41-30,NA,NA,NA,NA,NA,NA,NA,NA,NA,NA,New York Knicks,41-30,Portland Trail Blazers,31-38,0.387,0.613,0.826,0.7893462469733656,0.21065375302663436,470,0,0,1,126,401469189183,183,2,11:34,2134,35.56666666666667,36,20,36,20,16,Shaedon Sharpe makes 27-foot three pointer (Drew Eubanks assists)
nba,2023,401469185,2023-03-14,New Orleans Pelicans,Los Angeles Lakers,NO,LAL,33-36,34-35,108,123,FALSE,New Orleans Pelicans,33-36,NA,NA,NA,NA,NA,NA,NA,NA,NA,NA,Los Angeles Lakers,34-35,New Orleans Pelicans,33-36,0.668,0.668,0.668,0.5029940119760481,0.4970059880239519,491,0,0,1,1,4014691854,4,1,12:00,2880,48,0,0,0,0,0,Anthony Davis vs. Jonas Valanciunas (Trey Murphy III gains possession)
nba,2023,401469186,2023-03-14,Oklahoma City Thunder,Brooklyn Nets,OKC,BKN,34-35,39-30,121,107,TRUE,Oklahoma City Thunder,34-35,NA,NA,NA,NA,NA,NA,NA,NA,NA,NA,Oklahoma City Thunder,34-35,Brooklyn Nets,39-30,0.504,0.504,0.919,0.911860718171926,0.08813928182807396,498,0,0,1,232,401469186330,330,2,1:23,1523,25.383333333333333,46,61,61,46,15,Spencer Dinwiddie makes free throw 1 of 2
nba,2023,401469187,2023-03-14,San Antonio Spurs,Orlando Magic,SA,ORL,18-50,28-41,132,114,TRUE,Orlando Magic,28-41,NA,NA,NA,NA,NA,NA,NA,NA,NA,NA,San Antonio Spurs,18-50,Orlando Magic,28-41,0.309,0.6910000000000001,0.8049999999999999,0.7577639751552794,0.24223602484472065,452,0,0,1,14,40146918724,24,1,10:00,2760,46,2,8,8,2,6,Wendell Carter Jr. defensive rebound
nba,2023,401469184,2023-03-14,Toronto Raptors,Denver Nuggets,TOR,DEN,33-36,46-23,125,110,TRUE,Toronto Raptors,33-36,NA,NA,NA,NA,NA,NA,NA,NA,NA,NA,Toronto Raptors,33-36,Denver Nuggets,46-23,0.559,0.559,0.457,0.03501094091903722,0.9649890590809628,434,0,0,2,4,40146918411,11,1,10:54,2814,46.9,2,2,2,2,0,Pascal Siakam misses 13-foot step back jumpshot
nba,2023,401469182,2023-03-14,Charlotte Hornets,Cleveland Cavaliers,CHA,CLE,22-49,44-27,104,120,FALSE,Cleveland Cavaliers,44-27,NA,NA,NA,NA,NA,NA,NA,NA,NA,NA,Cleveland Cavaliers,44-27,Charlotte Hornets,22-49,0.322,0.6779999999999999,0.493,0.34685598377281934,0.6531440162271807,416,0,0,1,99,401469182143,143,1,59.0,2219,36.983333333333334,27,22,27,22,5,Kelly Oubre Jr. makes 26-foot three point shot (Dennis Smith Jr. assists)
nba,2023,401469183,2023-03-14,Washington Wizards,Detroit Pistons,WSH,DET,32-37,16-54,117,97,TRUE,Washington Wizards,32-37,NA,NA,NA,NA,NA,NA,NA,NA,NA,NA,Washington Wizards,32-37,Detroit Pistons,16-54,0.936,0.936,0.07099999999999995,0.09859154929577484,0.9014084507042252,440,0,0,1,16,40146918326,26,1,9:58,2758,45.96666666666667,6,5,5,6,-1,R.J. Hampton defensive rebound
nba,2023,401469180,2023-03-13,Golden State Warriors,Phoenix Suns,GS,PHX,36-33,37-31,123,112,TRUE,Golden State Warriors,36-33,NA,NA,NA,NA,NA,NA,NA,NA,NA,NA,Golden State Warriors,36-33,Phoenix Suns,37-31,0.539,0.539,0.461,0,1,489,0,0,1,1,4014691804,4,1,12:00,2880,48,0,0,0,0,0,Deandre Ayton vs. Kevon Looney (Draymond Green gains possession)
nba,2023,401469181,2023-03-13,Sacramento Kings,Milwaukee Bucks,SAC,MIL,40-27,49-19,124,133,FALSE,Milwaukee Bucks,49-19,NA,NA,NA,NA,NA,NA,NA,NA,NA,NA,Milwaukee Bucks,49-19,Sacramento Kings,40-27,0.43,0.5700000000000001,0.873,0.8545246277205041,0.14547537227949592,473,0,0,1,153,401469181219,219,2,6:30,1830,30.5,49,33,49,33,16,Malik Monk makes dunk (Domantas Sabonis assists)
nba,2023,401469179,2023-03-13,Houston Rockets,Boston Celtics,HOU,BOS,16-52,47-22,111,109,TRUE,Boston Celtics,47-22,NA,NA,NA,NA,NA,NA,NA,NA,NA,NA,Houston Rockets,16-52,Boston Celtics,47-22,0.111,0.889,0.932,0.927038626609442,0.07296137339055808,481,0,0,1,16,40146917925,25,1,10:03,2763,46.05,0,5,5,0,5,Jayson Tatum makes free throw 1 of 2
nba,2023,401469176,2023-03-13,Atlanta Hawks,Minnesota Timberwolves,ATL,MIN,34-35,35-34,115,136,FALSE,Atlanta Hawks,34-35,NA,NA,NA,NA,NA,NA,NA,NA,NA,NA,Minnesota Timberwolves,35-34,Atlanta Hawks,34-35,0.671,0.671,0.707,0.5855728429985856,0.4144271570014144,485,0,0,3,42,40146917660,60,1,6:42,2562,42.7,12,12,12,12,0,Mike Conley shooting foul
nba,2023,401469177,2023-03-13,Miami Heat,Utah Jazz,MIA,UTAH,37-33,33-36,119,115,TRUE,Miami Heat,37-33,NA,NA,NA,NA,NA,NA,NA,NA,NA,NA,Miami Heat,37-33,Utah Jazz,33-36,0.745,0.745,0.6950000000000001,0.6330935251798562,0.3669064748201438,462,0,0,1,279,401469177405,405,3,6:18,1098,18.3,69,76,76,69,7,Kelly Olynyk blocks Jimmy Butler 's 11-foot driving floating jump shot
nba,2023,401469178,2023-03-13,Dallas Mavericks,Memphis Grizzlies,DAL,MEM,34-35,41-26,88,104,FALSE,Memphis Grizzlies,41-26,NA,NA,NA,NA,NA,NA,NA,NA,NA,NA,Memphis Grizzlies,41-26,Dallas Mavericks,34-35,0.312,0.688,0.504,0.3809523809523808,0.6190476190476192,441,0,0,1,171,401469178251,251,2,4:24,1704,28.4,43,40,43,40,3,Jaren Jackson Jr. bad pass (McKinley Wright IV steals)
nba,2023,401469175,2023-03-13,Detroit Pistons,Indiana Pacers,DET,IND,16-53,31-38,117,97,TRUE,Indiana Pacers,31-38,NA,NA,NA,NA,NA,NA,NA,NA,NA,NA,Detroit Pistons,16-53,Indiana Pacers,31-38,0.341,0.659,0.675,0.5185185185185186,0.4814814814814814,463,0,0,2,7,40146917513,13,1,10:51,2811,46.85,2,3,3,2,1,Aaron Nesmith makes 25-foot three point jumper (Andrew Nembhard assists)
nba,2023,401469174,2023-03-12,Los Angeles Lakers,New York Knicks,LAL,NY,33-35,40-30,108,112,FALSE,New York Knicks,40-30,NA,NA,NA,NA,NA,NA,NA,NA,NA,NA,New York Knicks,40-30,Los Angeles Lakers,33-35,0.423,0.577,0.637,0.4301412872841443,0.5698587127158556,445,0,0,1,64,40146917498,98,1,3:41,2381,39.68333333333333,22,15,22,15,7,Anthony Davis offensive rebound
nba,2023,401469172,2023-03-12,New Orleans Pelicans,Portland Trail Blazers,NO,POR,33-35,31-37,127,110,TRUE,New Orleans Pelicans,33-35,NA,NA,NA,NA,NA,NA,NA,NA,NA,NA,New Orleans Pelicans,33-35,Portland Trail Blazers,31-37,0.609,0.609,0.481,0.187110187110187,0.812889812889813,466,0,0,1,23,40146917236,36,1,8:20,2660,44.333333333333336,5,8,8,5,3,Jerami Grant defensive rebound
nba,2023,401469173,2023-03-12,San Antonio Spurs,Oklahoma City Thunder,SA,OKC,17-50,33-35,90,102,FALSE,Oklahoma City Thunder,33-35,NA,NA,NA,NA,NA,NA,NA,NA,NA,NA,Oklahoma City Thunder,33-35,San Antonio Spurs,17-50,0.357,0.643,0.496,0.280241935483871,0.719758064516129,489,0,0,1,24,40146917336,36,1,9:12,2712,45.2,7,2,7,2,5,Zach Collins defensive rebound
nba,2023,401469171,2023-03-12,Philadelphia 76ers,Washington Wizards,PHI,WSH,45-22,31-37,112,93,TRUE,Philadelphia 76ers,45-22,NA,NA,NA,NA,NA,NA,NA,NA,NA,NA,Philadelphia 76ers,45-22,Washington Wizards,31-37,0.791,0.791,0.245,0.14693877551020418,0.8530612244897958,439,0,0,1,162,401469171232,232,2,5:56,1796,29.933333333333337,36,33,33,36,-3,Bradley Beal defensive rebound
nba,2023,401469170,2023-03-12,Charlotte Hornets,Cleveland Cavaliers,CHA,CLE,22-48,43-27,108,114,FALSE,Cleveland Cavaliers,43-27,NA,NA,NA,NA,NA,NA,NA,NA,NA,NA,Cleveland Cavaliers,43-27,Charlotte Hornets,22-48,0.176,0.8240000000000001,0.943,0.9395546129374336,0.0604453870625663,472,0,0,1,323,401469170468,468,3,2:28,868,14.466666666666669,89,73,89,73,16,Hornets Full timeout
nba,2023,401469169,2023-03-12,Denver Nuggets,Brooklyn Nets,DEN,BKN,46-22,39-29,120,122,FALSE,Denver Nuggets,46-22,NA,NA,NA,NA,NA,NA,NA,NA,NA,NA,Brooklyn Nets,39-29,Denver Nuggets,46-22,0.685,0.685,0.86,0.8372093023255813,0.16279069767441867,461,0,0,1,221,401469169332,332,3,11:17,1397,23.283333333333335,71,64,71,64,7,Cameron Johnson makes free throw 1 of 1
nba,2023,401469168,2023-03-11,Phoenix Suns,Sacramento Kings,PHX,SAC,37-30,40-26,119,128,FALSE,Phoenix Suns,37-30,NA,NA,NA,NA,NA,NA,NA,NA,NA,NA,Sacramento Kings,40-26,Phoenix Suns,37-30,0.577,0.577,0.782,0.7212276214833759,0.27877237851662406,492,0,0,1,46,40146916867,67,1,6:35,2555,42.583333333333336,17,8,17,8,9,Harrison Barnes makes 9-foot two point shot
nba,2023,401469166,2023-03-11,New Orleans Pelicans,Oklahoma City Thunder,NO,OKC,32-35,32-35,96,110,FALSE,New Orleans Pelicans,32-35,NA,NA,NA,NA,NA,NA,NA,NA,NA,NA,Oklahoma City Thunder,32-35,New Orleans Pelicans,32-35,0.546,0.546,0.622,0.392282958199357,0.607717041800643,466,0,0,1,12,40146916621,21,1,10:49,2809,46.81666666666667,4,1,4,1,3,Jaylin Williams makes free throw 2 of 2
nba,2023,401469167,2023-03-11,Golden State Warriors,Milwaukee Bucks,GS,MIL,35-33,48-19,125,116,TRUE,Milwaukee Bucks,48-19,NA,NA,NA,NA,NA,NA,NA,NA,NA,NA,Golden State Warriors,35-33,Milwaukee Bucks,48-19,0.477,0.523,0.97,0.9690721649484536,0.0309278350515465,532,0,0,1,449,401469167663,663,4,2:43,463,7.716666666666667,97,105,105,97,8,Donte DiVincenzo personal foul
nba,2023,401469164,2023-03-11,Houston Rockets,Chicago Bulls,HOU,CHI,15-52,31-36,111,119,FALSE,Chicago Bulls,31-36,NA,NA,NA,NA,NA,NA,NA,NA,NA,NA,Chicago Bulls,31-36,Houston Rockets,15-52,0.182,0.8180000000000001,0.868,0.8479262672811059,0.15207373271889413,445,0,0,1,297,401469164444,444,3,8.1,728.1,12.135,95,84,95,84,11,Kevin Porter Jr. makes 27-foot step back jumpshot
nba,2023,401469165,2023-03-11,Memphis Grizzlies,Dallas Mavericks,MEM,DAL,40-26,34-34,112,108,TRUE,Memphis Grizzlies,40-26,NA,NA,NA,NA,NA,NA,NA,NA,NA,NA,Memphis Grizzlies,40-26,Dallas Mavericks,34-34,0.699,0.699,0.914,0.9059080962800876,0.09409190371991238,442,0,0,1,350,401469165493,493,4,9:21,561,9.35,80,90,90,80,10,Santi Aldama misses 24-foot step back jumpshot
nba,2023,401469163,2023-03-11,Atlanta Hawks,Boston Celtics,ATL,BOS,34-34,47-21,125,134,FALSE,Boston Celtics,47-21,NA,NA,NA,NA,NA,NA,NA,NA,NA,NA,Boston Celtics,47-21,Atlanta Hawks,34-34,0.385,0.615,0.544,0.29227941176470595,0.707720588235294,446,0,0,1,8,40146916313,13,1,10:50,2810,46.833333333333336,7,0,7,0,7,Clint Capela makes hook shot (Trae Young assists)
nba,2023,401469160,2023-03-11,Charlotte Hornets,Utah Jazz,CHA,UTAH,22-47,33-35,111,119,FALSE,Utah Jazz,33-35,NA,NA,NA,NA,NA,NA,NA,NA,NA,NA,Utah Jazz,33-35,Charlotte Hornets,22-47,0.408,0.5920000000000001,0.42,0.02857142857142869,0.9714285714285712,467,0,0,1,130,401469160176,176,2,10:08,2048,34.13333333333333,34,36,34,36,-2,Bryce McGowens makes free throw 1 of 2
nba,2023,401469161,2023-03-11,Detroit Pistons,Indiana Pacers,DET,IND,15-53,31-37,115,121,FALSE,Indiana Pacers,31-37,NA,NA,NA,NA,NA,NA,NA,NA,NA,NA,Indiana Pacers,31-37,Detroit Pistons,15-53,0.358,0.642,0.551,0.35027223230490023,0.6497277676950998,501,0,0,1,388,401469161540,540,4,10:39,639,10.65,94,92,94,92,2,Cory Joseph makes 17-foot pullup jump shot
nba,2023,401469162,2023-03-11,Orlando Magic,Miami Heat,ORL,MIA,28-40,36-33,126,114,TRUE,Orlando Magic,28-40,NA,NA,NA,NA,NA,NA,NA,NA,NA,NA,Orlando Magic,28-40,Miami Heat,36-33,0.57,0.57,0.673,0.5141158989598813,0.4858841010401187,488,0,0,1,199,401469162288,288,2,2:15,1875,31.25,47,53,53,47,6,Heat defensive team rebound
nba,2023,401469159,2023-03-11,LA Clippers,New York Knicks,LAC,NY,36-33,39-30,106,95,TRUE,LA Clippers,36-33,NA,NA,NA,NA,NA,NA,NA,NA,NA,NA,LA Clippers,36-33,New York Knicks,39-30,0.694,0.694,0.608,0.4967105263157894,0.5032894736842106,451,0,0,1,238,401469159336,336,3,9:57,1317,21.95,50,55,55,50,5,Mitchell Robinson blocks Russell Westbrook 's 2-foot driving dunk
nba,2023,401469158,2023-03-10,Los Angeles Lakers,Toronto Raptors,LAL,TOR,33-34,32-36,122,112,TRUE,Toronto Raptors,32-36,NA,NA,NA,NA,NA,NA,NA,NA,NA,NA,Los Angeles Lakers,33-34,Toronto Raptors,32-36,0.32,0.6799999999999999,0.935,0.93048128342246,0.06951871657753994,416,0,0,1,277,401469158424,424,3,4:58,1018,16.966666666666665,75,86,86,75,11,Austin Reaves shooting foul
nba,2023,401469155,2023-03-10,Miami Heat,Cleveland Cavaliers,MIA,CLE,36-32,42-27,119,115,TRUE,Cleveland Cavaliers,42-27,NA,NA,NA,NA,NA,NA,NA,NA,NA,NA,Miami Heat,36-32,Cleveland Cavaliers,42-27,0.406,0.594,0.952,0.9495798319327732,0.05042016806722693,458,0,0,1,303,401469155434,434,3,3:00,900,15,70,84,84,70,14,Jarrett Allen blocks Cody Zeller 's 3-foot driving layup
nba,2023,401469156,2023-03-10,Minnesota Timberwolves,Brooklyn Nets,MIN,BKN,34-34,38-29,123,124,FALSE,Minnesota Timberwolves,34-34,NA,NA,NA,NA,NA,NA,NA,NA,NA,NA,Brooklyn Nets,38-29,Minnesota Timberwolves,34-34,0.588,0.588,0.87,0.8505747126436782,0.14942528735632177,541,0,0,1,186,401469156269,269,2,4:16,1996,33.266666666666666,60,48,60,48,12,Naz Reid defensive rebound
nba,2023,401469157,2023-03-10,San Antonio Spurs,Denver Nuggets,SA,DEN,17-49,46-21,128,120,TRUE,Denver Nuggets,46-21,NA,NA,NA,NA,NA,NA,NA,NA,NA,NA,San Antonio Spurs,17-49,Denver Nuggets,46-21,0.147,0.853,0.963,0.9615784008307372,0.03842159916926269,451,0,0,2,107,401469157167,167,2,11:27,2127,35.45,26,41,41,26,15,Zach Collins bad pass (Bruce Brown steals)
nba,2023,401469153,2023-03-10,Philadelphia 76ers,Portland Trail Blazers,PHI,POR,44-22,31-36,120,119,TRUE,Philadelphia 76ers,44-22,NA,NA,NA,NA,NA,NA,NA,NA,NA,NA,Philadelphia 76ers,44-22,Portland Trail Blazers,31-36,0.762,0.762,0.98,0.979591836734694,0.02040816326530614,446,0,0,4,364,401469153514,514,4,6:33,393,6.55,98,109,109,98,11,Paul Reed shooting foul
nba,2023,401469154,2023-03-10,Washington Wizards,Atlanta Hawks,WSH,ATL,31-36,34-33,107,114,FALSE,Washington Wizards,31-36,NA,NA,NA,NA,NA,NA,NA,NA,NA,NA,Atlanta Hawks,34-33,Washington Wizards,31-36,0.509,0.509,0.713,0.5974754558204769,0.4025245441795231,474,0,0,1,132,401469154188,188,2,10:08,2048,34.13333333333333,33,26,33,26,7,Kyle Kuzma defensive rebound
nba,2023,401469152,2023-03-09,Sacramento Kings,New York Knicks,SAC,NY,39-26,39-29,122,117,TRUE,Sacramento Kings,39-26,NA,NA,NA,NA,NA,NA,NA,NA,NA,NA,Sacramento Kings,39-26,New York Knicks,39-29,0.507,0.507,0.599,0.330550918196995,0.669449081803005,521,0,0,1,11,40146915218,18,1,10:54,2814,46.9,1,5,5,1,4,Julius Randle defensive rebound
nba,2023,401469150,2023-03-09,Milwaukee Bucks,Brooklyn Nets,MIL,BKN,48-18,37-29,118,113,TRUE,Milwaukee Bucks,48-18,NA,NA,NA,NA,NA,NA,NA,NA,NA,NA,Milwaukee Bucks,48-18,Brooklyn Nets,37-29,0.851,0.851,0.494,0.6983805668016194,0.3016194331983806,500,0,0,1,448,401469150633,633,4,4:31,271,4.516666666666667,99,97,97,99,-2,Bucks Coach's Challenge
nba,2023,401469151,2023-03-09,Memphis Grizzlies,Golden State Warriors,MEM,GS,39-26,34-33,131,110,TRUE,Memphis Grizzlies,39-26,NA,NA,NA,NA,NA,NA,NA,NA,NA,NA,Memphis Grizzlies,39-26,Golden State Warriors,34-33,0.536,0.536,0.464,0,1,473,0,0,1,1,4014691514,4,1,12:00,2880,48,0,0,0,0,0,Draymond Green vs. Jaren Jackson Jr. (Tyus Jones gains possession)
nba,2023,401469147,2023-03-09,Detroit Pistons,Charlotte Hornets,DET,CHA,15-52,22-46,103,113,FALSE,Charlotte Hornets,22-46,NA,NA,NA,NA,NA,NA,NA,NA,NA,NA,Charlotte Hornets,22-46,Detroit Pistons,15-52,0.318,0.6819999999999999,0.386,0.17616580310880814,0.8238341968911919,474,0,0,1,7,40146914713,13,1,11:26,2846,47.43333333333333,3,0,3,0,3,Jaden Ivey makes 26-foot three point jumper (Rodney McGruder assists)
nba,2023,401469148,2023-03-09,Indiana Pacers,Houston Rockets,IND,HOU,30-37,15-51,134,125,TRUE,Indiana Pacers,30-37,NA,NA,NA,NA,NA,NA,NA,NA,NA,NA,Indiana Pacers,30-37,Houston Rockets,15-51,0.85,0.85,0.633,0.7630331753554502,0.23696682464454977,526,0,0,1,431,401469148615,615,4,4:10,550,9.166666666666666,108,109,109,108,1,Myles Turner shooting foul
nba,2023,401469149,2023-03-09,Orlando Magic,Utah Jazz,ORL,UTAH,27-40,32-35,124,131,FALSE,Orlando Magic,27-40,NA,NA,NA,NA,NA,NA,NA,NA,NA,NA,Utah Jazz,32-35,Orlando Magic,27-40,0.557,0.557,0.779,0.7163029525032092,0.2836970474967908,450,0,0,1,300,401469149459,459,3,2:08,848,14.133333333333333,93,87,93,87,6,Kris Dunn misses 7-foot two point shot
nba,2023,401469146,2023-03-08,LA Clippers,Toronto Raptors,LAC,TOR,35-33,32-35,108,100,TRUE,LA Clippers,35-33,NA,NA,NA,NA,NA,NA,NA,NA,NA,NA,LA Clippers,35-33,Toronto Raptors,32-35,0.697,0.697,0.635,0.5228346456692913,0.4771653543307087,439,0,0,1,96,401469146138,138,1,35.1,2195.1,36.585,15,24,24,15,9,Fred VanVleet makes free throw 1 of 2
nba,2023,401469144,2023-03-08,Denver Nuggets,Chicago Bulls,DEN,CHI,46-20,30-36,96,117,FALSE,Denver Nuggets,46-20,NA,NA,NA,NA,NA,NA,NA,NA,NA,NA,Chicago Bulls,30-36,Denver Nuggets,46-20,0.698,0.698,0.869,0.8492520138089759,0.15074798619102414,434,0,0,1,30,40146914442,42,1,7:39,2619,43.65,14,4,14,4,10,DeMar DeRozan misses 23-foot three point jumper
nba,2023,401469145,2023-03-08,Phoenix Suns,Oklahoma City Thunder,PHX,OKC,37-29,31-35,132,101,TRUE,Phoenix Suns,37-29,NA,NA,NA,NA,NA,NA,NA,NA,NA,NA,Phoenix Suns,37-29,Oklahoma City Thunder,31-35,0.846,0.846,0.18700000000000008,0.17647058823529427,0.8235294117647057,456,0,0,1,176,401469145262,262,2,5:26,1766,29.433333333333337,43,39,39,43,-4,Jeremiah Robinson-Earl offensive rebound
nba,2023,401469141,2023-03-08,Boston Celtics,Portland Trail Blazers,BOS,POR,46-21,31-35,115,93,TRUE,Boston Celtics,46-21,NA,NA,NA,NA,NA,NA,NA,NA,NA,NA,Boston Celtics,46-21,Portland Trail Blazers,31-35,0.768,0.768,0.30700000000000005,0.2442996742671012,0.7557003257328988,456,0,0,1,11,40146914123,23,1,9:56,2756,45.93333333333333,5,8,8,5,3,Cam Reddish defensive rebound
nba,2023,401469142,2023-03-08,Miami Heat,Cleveland Cavaliers,MIA,CLE,35-32,42-26,100,104,FALSE,Cleveland Cavaliers,42-26,NA,NA,NA,NA,NA,NA,NA,NA,NA,NA,Cleveland Cavaliers,42-26,Miami Heat,35-32,0.403,0.597,0.626,0.4025559105431309,0.5974440894568691,443,0,0,1,115,401469142176,176,2,10:55,2095,34.916666666666664,32,26,32,26,6,Cody Zeller defensive rebound
nba,2023,401469143,2023-03-08,New Orleans Pelicans,Dallas Mavericks,NO,DAL,32-34,34-33,113,106,TRUE,Dallas Mavericks,34-33,NA,NA,NA,NA,NA,NA,NA,NA,NA,NA,New Orleans Pelicans,32-34,Dallas Mavericks,34-33,0.453,0.5469999999999999,0.739,0.6468200270635995,0.35317997293640047,441,0,0,1,36,40146914355,55,1,7:23,2603,43.38333333333333,6,14,14,6,8,CJ McCollum lost ball turnover (Tim Hardaway Jr. steals)
nba,2023,401469140,2023-03-08,Washington Wizards,Atlanta Hawks,WSH,ATL,31-35,33-33,120,122,FALSE,Atlanta Hawks,33-33,NA,NA,NA,NA,NA,NA,NA,NA,NA,NA,Atlanta Hawks,33-33,Washington Wizards,31-35,0.437,0.563,0.926,0.920086393088553,0.079913606911447,442,0,0,1,249,401469140380,380,3,6:17,1097,18.283333333333335,83,68,83,68,15,Kyle Kuzma makes two point shot
nba,2023,401469139,2023-03-07,Los Angeles Lakers,Memphis Grizzlies,LAL,MEM,32-34,38-26,112,103,TRUE,Memphis Grizzlies,38-26,NA,NA,NA,NA,NA,NA,NA,NA,NA,NA,Los Angeles Lakers,32-34,Memphis Grizzlies,38-26,0.407,0.593,0.863,0.8412514484356894,0.15874855156431056,498,0,0,1,418,401469139591,591,4,8:08,488,8.133333333333333,88,93,93,88,5,Anthony Davis shooting foul
nba,2023,401469138,2023-03-07,Dallas Mavericks,Utah Jazz,DAL,UTAH,34-32,31-35,120,116,TRUE,Dallas Mavericks,34-32,NA,NA,NA,NA,NA,NA,NA,NA,NA,NA,Dallas Mavericks,34-32,Utah Jazz,31-35,0.845,0.845,0.598,0.7408026755852842,0.25919732441471577,494,0,0,1,439,401469138624,624,4,3:12,192,3.2,107,108,108,107,1,Kelly Olynyk defensive rebound
nba,2023,401469136,2023-03-07,Houston Rockets,Brooklyn Nets,HOU,BKN,15-50,37-28,96,118,FALSE,Brooklyn Nets,37-28,NA,NA,NA,NA,NA,NA,NA,NA,NA,NA,Brooklyn Nets,37-28,Houston Rockets,15-50,0.299,0.7010000000000001,0.603,0.504145936981758,0.495854063018242,460,0,0,1,64,40146913685,85,1,4:51,2451,40.85,23,12,23,12,11,Jabari Smith Jr. makes 27-foot three point jumper (Alperen Sengun assists)
nba,2023,401469137,2023-03-07,Oklahoma City Thunder,Golden State Warriors,OKC,GS,31-34,34-32,137,128,TRUE,Oklahoma City Thunder,31-34,NA,NA,NA,NA,NA,NA,NA,NA,NA,NA,Oklahoma City Thunder,31-34,Golden State Warriors,34-32,0.548,0.548,0.657,0.47792998477929993,0.5220700152207001,474,0,0,1,270,401469137401,401,3,7:52,1192,19.866666666666667,76,80,80,76,4,shot clock turnover
nba,2023,401469134,2023-03-07,New York Knicks,Charlotte Hornets,NY,CHA,39-28,21-46,105,112,FALSE,New York Knicks,39-28,NA,NA,NA,NA,NA,NA,NA,NA,NA,NA,Charlotte Hornets,21-46,New York Knicks,39-28,0.904,0.904,0.973,0.972250770811922,0.02774922918807809,448,0,0,2,221,401469134307,307,3,8:54,1254,20.9,74,59,74,59,15,Mark Williams offensive foul
nba,2023,401469135,2023-03-07,Minnesota Timberwolves,Philadelphia 76ers,MIN,PHI,34-33,43-22,94,117,FALSE,Minnesota Timberwolves,34-33,NA,NA,NA,NA,NA,NA,NA,NA,NA,NA,Philadelphia 76ers,43-22,Minnesota Timberwolves,34-33,0.538,0.538,0.671,0.5096870342771982,0.4903129657228018,441,0,0,1,58,40146913585,85,1,4:08,2408,40.13333333333333,22,17,22,17,5,Rudy Gobert defensive rebound
nba,2023,401469133,2023-03-07,Orlando Magic,Milwaukee Bucks,ORL,MIL,27-39,47-18,123,134,FALSE,Milwaukee Bucks,47-18,NA,NA,NA,NA,NA,NA,NA,NA,NA,NA,Milwaukee Bucks,47-18,Orlando Magic,27-39,0.384,0.616,0.449,0.14476614699331847,0.8552338530066815,467,0,0,2,162,401469133238,238,2,6:21,1821,30.35,49,49,49,49,0,Bol Bol kicked ball violation
nba,2023,401526670,2023-03-07,Detroit Pistons,Washington Wizards,DET,WSH,15-51,31-34,117,119,FALSE,Washington Wizards,31-34,NA,NA,NA,NA,NA,NA,NA,NA,NA,NA,Washington Wizards,31-34,Detroit Pistons,15-51,0.115,0.885,0.728,0.842032967032967,0.15796703296703296,415,0,0,1,404,401526670587,587,4,50.0,50,0.8333333333333334,116,115,116,115,1,Jaden Ivey makes free throw 1 of 2
nba,2023,401469131,2023-03-06,Sacramento Kings,New Orleans Pelicans,SAC,NO,38-26,31-34,123,108,TRUE,Sacramento Kings,38-26,NA,NA,NA,NA,NA,NA,NA,NA,NA,NA,Sacramento Kings,38-26,New Orleans Pelicans,31-34,0.677,0.677,0.5349999999999999,0.39626168224299063,0.6037383177570094,423,0,0,3,83,401469131132,132,1,1:27,2247,37.45,25,32,32,25,7,Jaxson Hayes makes dunk (Naji Marshall assists)
nba,2023,401469130,2023-03-06,Denver Nuggets,Toronto Raptors,DEN,TOR,46-19,32-34,118,113,TRUE,Denver Nuggets,46-19,NA,NA,NA,NA,NA,NA,NA,NA,NA,NA,Denver Nuggets,46-19,Toronto Raptors,32-34,0.646,0.646,0.916,0.9082969432314412,0.09170305676855885,439,0,0,1,360,401469130524,524,4,6:06,366,6.1,95,103,103,95,8,Precious Achiuwa defensive rebound
nba,2023,401469129,2023-03-06,Miami Heat,Atlanta Hawks,MIA,ATL,35-31,32-33,130,128,TRUE,Miami Heat,35-31,NA,NA,NA,NA,NA,NA,NA,NA,NA,NA,Miami Heat,35-31,Atlanta Hawks,32-33,0.508,0.508,0.879,0.8623435722411832,0.1376564277588168,462,0,0,1,106,401469129164,164,2,10:59,2099,34.983333333333334,32,47,47,32,15,Bogdan Bogdanovic makes free throw 2 of 3
nba,2023,401469126,2023-03-06,Cleveland Cavaliers,Boston Celtics,CLE,BOS,41-26,45-21,118,114,TRUE,Cleveland Cavaliers,41-26,NA,NA,NA,NA,NA,NA,NA,NA,NA,NA,Cleveland Cavaliers,41-26,Boston Celtics,45-21,0.821,0.821,0.981,0.980632008154944,0.019367991845056,543,0,0,1,412,401469126592,592,4,4:34,574,9.566666666666666,91,102,102,91,11,Luke Kornet offensive rebound
nba,2023,401469127,2023-03-06,Indiana Pacers,Philadelphia 76ers,IND,PHI,29-37,42-22,143,147,FALSE,Philadelphia 76ers,42-22,NA,NA,NA,NA,NA,NA,NA,NA,NA,NA,Philadelphia 76ers,42-22,Indiana Pacers,29-37,0.285,0.7150000000000001,0.594,0.5202020202020203,0.47979797979797967,467,0,0,1,240,401469127367,367,3,11:16,1396,23.266666666666666,84,78,84,78,6,Jordan Nwora makes two point shot
nba,2023,401469132,2023-03-06,Detroit Pistons,Portland Trail Blazers,DET,POR,15-50,31-34,104,110,FALSE,Portland Trail Blazers,31-34,NA,NA,NA,NA,NA,NA,NA,NA,NA,NA,Portland Trail Blazers,31-34,Detroit Pistons,15-50,0.311,0.6890000000000001,0.33,0.05757575757575783,0.9424242424242422,433,0,0,1,3,4014691328,8,1,11:30,2850,47.5,0,0,0,0,0,James Wiseman defensive rebound
nba,2023,401469125,2023-03-05,LA Clippers,Memphis Grizzlies,LAC,MEM,34-33,38-25,135,129,TRUE,LA Clippers,34-33,NA,NA,NA,NA,NA,NA,NA,NA,NA,NA,LA Clippers,34-33,Memphis Grizzlies,38-25,0.855,0.855,0.971,0.9701338825952626,0.02986611740473743,452,0,0,2,363,401469125523,523,4,8:59,539,8.983333333333333,107,120,120,107,13,Mason Plumlee shooting foul
nba,2023,401469124,2023-03-05,Boston Celtics,New York Knicks,BOS,NY,45-20,39-27,129,131,FALSE,Boston Celtics,45-20,NA,NA,NA,NA,NA,NA,NA,NA,NA,NA,New York Knicks,39-27,Boston Celtics,45-20,0.578,0.578,0.926,0.920086393088553,0.079913606911447,549,0,0,1,294,401469124397,397,3,6:27,1707,28.45,77,63,77,63,14,Grant Williams makes 26-foot three point jumper (Jaylen Brown assists)
nba,2023,401469128,2023-03-05,Washington Wizards,Milwaukee Bucks,WSH,MIL,30-34,46-18,111,117,FALSE,Milwaukee Bucks,46-18,NA,NA,NA,NA,NA,NA,NA,NA,NA,NA,Milwaukee Bucks,46-18,Washington Wizards,30-34,0.288,0.712,0.589,0.5110356536502546,0.4889643463497454,472,0,0,1,372,401469128520,520,4,10:04,604,10.066666666666666,86,83,86,83,3,Daniel Gafford makes two point shot
nba,2023,401469122,2023-03-05,Houston Rockets,San Antonio Spurs,HOU,SA,15-49,16-49,142,110,TRUE,Houston Rockets,15-49,NA,NA,NA,NA,NA,NA,NA,NA,NA,NA,Houston Rockets,15-49,San Antonio Spurs,16-49,0.651,0.651,0.536,0.34888059701492546,0.6511194029850745,462,0,0,1,13,40146912224,24,1,10:03,2763,46.05,2,10,10,2,8,Keita Bates-Diop makes 27-foot three point jumper (Keldon Johnson assists)
nba,2023,401469123,2023-03-05,Oklahoma City Thunder,Utah Jazz,OKC,UTAH,30-34,31-34,129,119,TRUE,Oklahoma City Thunder,30-34,NA,NA,NA,NA,NA,NA,NA,NA,NA,NA,Oklahoma City Thunder,30-34,Utah Jazz,31-34,0.757,0.757,0.243,0,1,484,0,0,1,1,4014691234,4,1,12:00,2880,48,0,0,0,0,0,Walker Kessler vs. Jaylin Williams (Jalen Williams gains possession)
nba,2023,401469120,2023-03-05,Brooklyn Nets,Charlotte Hornets,BKN,CHA,36-28,20-46,102,86,TRUE,Brooklyn Nets,36-28,NA,NA,NA,NA,NA,NA,NA,NA,NA,NA,Brooklyn Nets,36-28,Charlotte Hornets,20-46,0.828,0.828,0.23,0.252173913043478,0.747826086956522,455,0,0,1,17,40146912028,28,1,9:39,2739,45.65,4,7,7,4,3,Mark Williams makes 6-foot two point shot (Terry Rozier assists)
nba,2023,401469121,2023-03-05,Orlando Magic,Portland Trail Blazers,ORL,POR,27-38,30-34,119,122,FALSE,Orlando Magic,27-38,NA,NA,NA,NA,NA,NA,NA,NA,NA,NA,Portland Trail Blazers,30-34,Orlando Magic,27-38,0.63,0.63,0.732,0.6338797814207651,0.36612021857923494,474,0,0,1,237,401469121348,348,3,10:21,1341,22.35,63,60,63,60,3,Matisse Thybulle shooting foul
nba,2023,401469119,2023-03-05,Los Angeles Lakers,Golden State Warriors,LAL,GS,31-34,34-31,113,105,TRUE,Golden State Warriors,34-31,NA,NA,NA,NA,NA,NA,NA,NA,NA,NA,Los Angeles Lakers,31-34,Golden State Warriors,34-31,0.271,0.729,0.778,0.7146529562982005,0.28534704370179953,484,0,0,1,11,40146911921,21,1,10:29,2789,46.483333333333334,4,6,6,4,2,Klay Thompson makes free throw 1 of 2
nba,2023,401469118,2023-03-05,Chicago Bulls,Indiana Pacers,CHI,IND,29-36,29-36,122,125,FALSE,Chicago Bulls,29-36,NA,NA,NA,NA,NA,NA,NA,NA,NA,NA,Indiana Pacers,29-36,Chicago Bulls,29-36,0.721,0.721,0.882,0.8662131519274376,0.13378684807256236,419,0,0,1,26,40146911843,43,1,8:41,2681,44.68333333333333,14,5,14,5,9,Zach LaVine makes free throw 1 of 2
nba,2023,401469117,2023-03-05,Dallas Mavericks,Phoenix Suns,DAL,PHX,33-32,36-29,126,130,FALSE,Dallas Mavericks,33-32,NA,NA,NA,NA,NA,NA,NA,NA,NA,NA,Phoenix Suns,36-29,Dallas Mavericks,33-32,0.638,0.638,0.863,0.8412514484356894,0.15874855156431056,460,0,0,2,287,401469117394,394,3,5:07,1027,17.116666666666667,85,77,85,77,8,Devin Booker shooting foul
nba,2023,401469116,2023-03-04,Sacramento Kings,Minnesota Timberwolves,SAC,MIN,37-26,34-32,134,138,FALSE,Sacramento Kings,37-26,NA,NA,NA,NA,NA,NA,NA,NA,NA,NA,Minnesota Timberwolves,34-32,Sacramento Kings,37-26,0.623,0.623,0.659,0.4825493171471929,0.5174506828528072,455,0,0,2,35,40146911650,50,1,8:38,2678,44.63333333333333,10,8,10,8,2,Kevin Huerter makes 25-foot three point jumper (De'Aaron Fox assists)
nba,2023,401469115,2023-03-04,Milwaukee Bucks,Philadelphia 76ers,MIL,PHI,45-18,41-22,130,133,FALSE,Milwaukee Bucks,45-18,NA,NA,NA,NA,NA,NA,NA,NA,NA,NA,Philadelphia 76ers,41-22,Milwaukee Bucks,45-18,0.653,0.653,0.982,0.9816700610997964,0.01832993890020362,470,0,0,1,296,401469115427,427,3,2:02,842,14.033333333333331,95,78,95,78,17,Brook Lopez offensive rebound
nba,2023,401469113,2023-03-04,Miami Heat,Atlanta Hawks,MIA,ATL,34-31,32-32,117,109,TRUE,Miami Heat,34-31,NA,NA,NA,NA,NA,NA,NA,NA,NA,NA,Miami Heat,34-31,Atlanta Hawks,32-32,0.515,0.515,0.5920000000000001,0.31081081081081097,0.689189189189189,446,0,0,1,12,40146911318,18,1,10:38,2798,46.63333333333333,0,4,4,0,4,Tyler Herro bad pass (Trae Young steals)
nba,2023,401469114,2023-03-04,San Antonio Spurs,Houston Rockets,SA,HOU,16-48,14-49,110,122,FALSE,San Antonio Spurs,16-48,NA,NA,NA,NA,NA,NA,NA,NA,NA,NA,Houston Rockets,14-49,San Antonio Spurs,16-48,0.538,0.538,0.707,0.5855728429985856,0.4144271570014144,464,0,0,4,178,401469114268,268,2,4:59,1739,28.983333333333334,59,54,59,54,5,Tari Eason shooting foul
nba,2023,401469112,2023-03-04,Cleveland Cavaliers,Detroit Pistons,CLE,DET,40-26,15-49,114,90,TRUE,Cleveland Cavaliers,40-26,NA,NA,NA,NA,NA,NA,NA,NA,NA,NA,Cleveland Cavaliers,40-26,Detroit Pistons,15-49,0.977,0.977,0.09299999999999996,0.7526881720430104,0.2473118279569896,459,0,0,1,175,401469112251,251,2,5:13,1753,29.216666666666665,37,37,37,37,0,Darius Garland misses driving floating jump shot
nba,2023,401469111,2023-03-04,Washington Wizards,Toronto Raptors,WSH,TOR,30-33,32-33,109,116,FALSE,Toronto Raptors,32-33,NA,NA,NA,NA,NA,NA,NA,NA,NA,NA,Toronto Raptors,32-33,Washington Wizards,30-33,0.426,0.5740000000000001,0.715,0.6013986013986012,0.3986013986013987,443,0,0,3,166,401469111256,256,2,4:47,2027,33.78333333333333,45,38,45,38,7,Delon Wright makes free throw 1 of 2
nba,2023,401469110,2023-03-03,Los Angeles Lakers,Minnesota Timberwolves,LAL,MIN,30-34,33-32,102,110,FALSE,Minnesota Timberwolves,33-32,NA,NA,NA,NA,NA,NA,NA,NA,NA,NA,Minnesota Timberwolves,33-32,Los Angeles Lakers,30-34,0.406,0.594,0.612,0.36601307189542487,0.6339869281045751,458,0,0,1,58,40146911091,91,1,5:37,2497,41.61666666666667,21,14,21,14,7,Lakers defensive team rebound
nba,2023,401469107,2023-03-03,Denver Nuggets,Memphis Grizzlies,DEN,MEM,45-19,38-24,113,97,TRUE,Denver Nuggets,45-19,NA,NA,NA,NA,NA,NA,NA,NA,NA,NA,Denver Nuggets,45-19,Memphis Grizzlies,38-24,0.62,0.62,0.777,0.712998712998713,0.287001287001287,503,0,0,1,249,401469107367,367,3,11:46,1426,23.766666666666666,50,58,58,50,8,Nikola Jokic shooting foul
nba,2023,401469108,2023-03-03,Golden State Warriors,New Orleans Pelicans,GS,NO,34-30,31-33,108,99,TRUE,Golden State Warriors,34-30,NA,NA,NA,NA,NA,NA,NA,NA,NA,NA,Golden State Warriors,34-30,New Orleans Pelicans,31-33,0.604,0.604,0.84,0.8095238095238095,0.1904761904761905,443,0,0,2,86,401469108132,132,1,50.1,2210.1,36.835,16,32,32,16,16,Brandon Ingram defensive rebound
nba,2023,401469109,2023-03-03,Sacramento Kings,LA Clippers,SAC,LAC,37-25,33-33,128,127,TRUE,Sacramento Kings,37-25,NA,NA,NA,NA,NA,NA,NA,NA,NA,NA,Sacramento Kings,37-25,LA Clippers,33-33,0.721,0.721,0.714,0.6092436974789915,0.39075630252100846,464,0,0,1,455,401469109671,671,4,8.1,8.1,0.13499999999999998,126,127,127,126,1,De'Aaron Fox misses 16-foot pullup jump shot
nba,2023,401469104,2023-03-03,Miami Heat,New York Knicks,MIA,NY,33-31,38-27,120,122,FALSE,New York Knicks,38-27,NA,NA,NA,NA,NA,NA,NA,NA,NA,NA,New York Knicks,38-27,Miami Heat,33-31,0.32,0.6799999999999999,0.605,0.47107438016528913,0.5289256198347109,426,0,0,1,389,401469104569,569,4,3:35,215,3.5833333333333335,112,112,112,112,0,Jimmy Butler makes free throw 1 of 2
nba,2023,401469105,2023-03-03,Chicago Bulls,Phoenix Suns,CHI,PHX,29-35,35-29,104,125,FALSE,Chicago Bulls,29-35,NA,NA,NA,NA,NA,NA,NA,NA,NA,NA,Phoenix Suns,35-29,Chicago Bulls,29-35,0.566,0.566,0.693,0.5569985569985569,0.44300144300144306,447,0,0,1,225,401469105324,324,3,10:57,1377,22.95,67,62,67,62,5,DeMar DeRozan makes three point jumper (Zach LaVine assists)
nba,2023,401469106,2023-03-03,Oklahoma City Thunder,Utah Jazz,OKC,UTAH,29-34,31-33,130,103,TRUE,Oklahoma City Thunder,29-34,NA,NA,NA,NA,NA,NA,NA,NA,NA,NA,Oklahoma City Thunder,29-34,Utah Jazz,31-33,0.535,0.535,0.522,0.10919540229885072,0.8908045977011493,466,0,0,1,70,401469106112,112,1,3:08,2348,39.13333333333333,24,25,25,24,1,Kris Dunn defensive rebound
nba,2023,401469102,2023-03-03,Atlanta Hawks,Portland Trail Blazers,ATL,POR,32-31,29-34,129,111,TRUE,Atlanta Hawks,32-31,NA,NA,NA,NA,NA,NA,NA,NA,NA,NA,Atlanta Hawks,32-31,Portland Trail Blazers,29-34,0.744,0.744,0.256,0,1,452,0,0,1,1,4014691024,4,1,12:00,2880,48,0,0,0,0,0,Drew Eubanks vs. Clint Capela (John Collins gains possession)
nba,2023,401469103,2023-03-03,Boston Celtics,Brooklyn Nets,BOS,BKN,45-19,35-28,105,115,FALSE,Boston Celtics,45-19,NA,NA,NA,NA,NA,NA,NA,NA,NA,NA,Brooklyn Nets,35-28,Boston Celtics,45-19,0.796,0.796,0.995,0.9949748743718594,0.00502512562814061,477,0,0,4,160,401469103225,225,2,7:23,1883,31.383333333333333,51,23,51,23,28,Cameron Johnson shooting foul
nba,2023,401469101,2023-03-03,Charlotte Hornets,Orlando Magic,CHA,ORL,20-45,27-37,106,117,FALSE,Orlando Magic,27-37,NA,NA,NA,NA,NA,NA,NA,NA,NA,NA,Orlando Magic,27-37,Charlotte Hornets,20-45,0.348,0.652,0.381,0.08661417322834652,0.9133858267716536,449,0,0,1,19,40146910129,29,1,8:56,2696,44.93333333333333,8,7,8,7,1,Paolo Banchero misses 26-foot three point jumper
nba,2023,401469100,2023-03-02,Golden State Warriors,LA Clippers,GS,LAC,33-30,33-32,115,91,TRUE,LA Clippers,33-32,NA,NA,NA,NA,NA,NA,NA,NA,NA,NA,Golden State Warriors,33-30,LA Clippers,33-32,0.39,0.61,0.89,0.8764044943820224,0.1235955056179776,498,0,0,2,259,401469100374,374,3,10:21,1341,22.35,49,60,60,49,11,Paul George makes free throw 1 of 2
nba,2023,401469099,2023-03-02,San Antonio Spurs,Indiana Pacers,SA,IND,16-47,28-36,110,99,TRUE,Indiana Pacers,28-36,NA,NA,NA,NA,NA,NA,NA,NA,NA,NA,San Antonio Spurs,16-47,Indiana Pacers,28-36,0.355,0.645,0.872,0.8532110091743119,0.14678899082568808,462,0,0,1,163,401469099238,238,2,6:36,1836,30.6,33,44,44,33,11,Jordan Nwora defensive rebound
nba,2023,401469098,2023-03-02,Dallas Mavericks,Philadelphia 76ers,DAL,PHI,33-31,40-22,133,126,TRUE,Dallas Mavericks,33-31,NA,NA,NA,NA,NA,NA,NA,NA,NA,NA,Dallas Mavericks,33-31,Philadelphia 76ers,40-22,0.621,0.621,0.46,0.1760869565217391,0.8239130434782609,443,0,0,2,175,401469098260,260,2,5:13,1753,29.216666666666665,54,54,54,54,0,Reggie Bullock shooting foul
nba,2023,401469097,2023-03-02,Washington Wizards,Toronto Raptors,WSH,TOR,30-32,31-33,119,108,TRUE,Toronto Raptors,31-33,NA,NA,NA,NA,NA,NA,NA,NA,NA,NA,Washington Wizards,30-32,Toronto Raptors,31-33,0.425,0.575,0.734,0.6376021798365121,0.3623978201634878,442,0,0,1,67,40146909794,94,1,3:18,2358,39.3,12,18,18,12,6,Precious Achiuwa defensive rebound
nba,2023,401469096,2023-03-01,Portland Trail Blazers,New Orleans Pelicans,POR,NO,29-33,31-32,110,121,FALSE,Portland Trail Blazers,29-33,NA,NA,NA,NA,NA,NA,NA,NA,NA,NA,New Orleans Pelicans,31-32,Portland Trail Blazers,29-33,0.603,0.603,0.793,0.7389659520807061,0.26103404791929385,443,0,0,2,261,401469096367,367,3,8:17,1217,20.283333333333335,67,59,67,59,8,Damian Lillard makes 27-foot three point shot (Anfernee Simons assists)
nba,2023,401469093,2023-03-01,Houston Rockets,Memphis Grizzlies,HOU,MEM,13-49,38-23,99,113,FALSE,Memphis Grizzlies,38-23,NA,NA,NA,NA,NA,NA,NA,NA,NA,NA,Memphis Grizzlies,38-23,Houston Rockets,13-49,0.188,0.812,0.382,0.5078534031413614,0.4921465968586386,461,0,0,1,191,401469093271,271,2,5:14,1754,29.233333333333334,36,35,36,35,1,Santi Aldama shooting foul
nba,2023,401469094,2023-03-01,Milwaukee Bucks,Orlando Magic,MIL,ORL,45-17,26-37,139,117,TRUE,Milwaukee Bucks,45-17,NA,NA,NA,NA,NA,NA,NA,NA,NA,NA,Milwaukee Bucks,45-17,Orlando Magic,26-37,0.767,0.767,0.4459999999999999,0.4775784753363228,0.5224215246636772,487,0,0,1,170,401469094236,236,2,6:52,1852,30.866666666666667,46,50,50,46,4,Brook Lopez misses 23-foot three point jumper
nba,2023,401469095,2023-03-01,Oklahoma City Thunder,Los Angeles Lakers,OKC,LAL,28-34,30-33,117,123,FALSE,Oklahoma City Thunder,28-34,NA,NA,NA,NA,NA,NA,NA,NA,NA,NA,Los Angeles Lakers,30-33,Oklahoma City Thunder,28-34,0.682,0.682,0.829,0.7937273823884197,0.20627261761158033,498,0,0,1,219,401469095319,319,2,55.1,1495.1,24.918333333333333,59,52,59,52,7,Dennis Schroder shooting foul
nba,2023,401469090,2023-03-01,Boston Celtics,Cleveland Cavaliers,BOS,CLE,45-18,39-26,117,113,TRUE,Boston Celtics,45-18,NA,NA,NA,NA,NA,NA,NA,NA,NA,NA,Boston Celtics,45-18,Cleveland Cavaliers,39-26,0.638,0.638,0.5589999999999999,0.35241502683363146,0.6475849731663685,441,0,0,1,123,401469090178,178,2,9:32,2012,33.53333333333333,28,31,31,28,3,Sam Hauser shooting foul
nba,2023,401469091,2023-03-01,Miami Heat,Philadelphia 76ers,MIA,PHI,33-30,40-21,96,119,FALSE,Philadelphia 76ers,40-21,NA,NA,NA,NA,NA,NA,NA,NA,NA,NA,Philadelphia 76ers,40-21,Miami Heat,33-30,0.497,0.503,0.672,0.5119047619047621,0.4880952380952379,418,0,0,1,31,40146909151,51,1,7:45,2625,43.75,16,10,16,10,6,P.J. Tucker shooting foul
nba,2023,401469092,2023-03-01,New York Knicks,Brooklyn Nets,NY,BKN,37-27,34-28,142,118,TRUE,New York Knicks,37-27,NA,NA,NA,NA,NA,NA,NA,NA,NA,NA,New York Knicks,37-27,Brooklyn Nets,34-28,0.834,0.834,0.19799999999999995,0.1616161616161612,0.8383838383838388,457,0,0,1,2,4014690927,7,1,11:45,2865,47.75,0,3,3,0,3,Cameron Johnson makes 27-foot three point jumper (Mikal Bridges assists)
nba,2023,401469088,2023-03-01,Charlotte Hornets,Phoenix Suns,CHA,PHX,20-44,34-29,91,105,FALSE,Phoenix Suns,34-29,NA,NA,NA,NA,NA,NA,NA,NA,NA,NA,Phoenix Suns,34-29,Charlotte Hornets,20-44,0.19,0.81,0.219,0.13242009132420118,0.8675799086757988,469,0,0,1,77,401469088108,108,1,3:11,2351,39.18333333333333,16,17,16,17,-1,Mark Williams defensive rebound
nba,2023,401469089,2023-03-01,Detroit Pistons,Chicago Bulls,DET,CHI,15-48,29-34,115,117,FALSE,Chicago Bulls,29-34,NA,NA,NA,NA,NA,NA,NA,NA,NA,NA,Chicago Bulls,29-34,Detroit Pistons,15-48,0.217,0.783,0.534,0.5936329588014981,0.40636704119850187,460,0,0,1,435,401469089622,622,4,1:24,84,1.4,112,112,112,112,0,Cory Joseph defensive rebound
nba,2023,401469086,2023-02-28,Golden State Warriors,Portland Trail Blazers,GS,POR,32-30,29-32,123,105,TRUE,Golden State Warriors,32-30,NA,NA,NA,NA,NA,NA,NA,NA,NA,NA,Golden State Warriors,32-30,Portland Trail Blazers,29-32,0.566,0.566,0.973,0.972250770811922,0.02774922918807809,459,0,0,1,214,401469086310,310,2,2:09,1569,26.15,40,63,63,40,23,Draymond Green bad pass (Damian Lillard steals)
nba,2023,401469087,2023-02-28,LA Clippers,Minnesota Timberwolves,LAC,MIN,33-31,32-32,101,108,FALSE,LA Clippers,33-31,NA,NA,NA,NA,NA,NA,NA,NA,NA,NA,Minnesota Timberwolves,32-32,LA Clippers,33-31,0.841,0.841,0.938,0.9339019189765458,0.06609808102345416,469,0,0,3,73,401469087105,105,1,4:12,2412,40.2,24,14,24,14,10,Jaden McDaniels personal foul
nba,2023,401469085,2023-02-28,Utah Jazz,San Antonio Spurs,UTAH,SA,31-32,15-47,94,102,FALSE,Utah Jazz,31-32,NA,NA,NA,NA,NA,NA,NA,NA,NA,NA,San Antonio Spurs,15-47,Utah Jazz,31-32,0.811,0.811,0.916,0.9082969432314412,0.09170305676855885,511,0,0,1,332,401469085475,475,3,4:04,964,16.066666666666666,68,58,68,58,10,Rudy Gay defensive rebound
nba,2023,401469084,2023-02-28,Dallas Mavericks,Indiana Pacers,DAL,IND,32-31,28-35,122,124,FALSE,Dallas Mavericks,32-31,NA,NA,NA,NA,NA,NA,NA,NA,NA,NA,Indiana Pacers,28-35,Dallas Mavericks,32-31,0.734,0.734,0.849,0.8221436984687869,0.17785630153121312,483,0,0,1,92,401469084134,134,1,2:58,2338,38.96666666666667,27,20,27,20,7,Luka Doncic makes free throw 1 of 2
nba,2023,401469081,2023-02-28,Houston Rockets,Denver Nuggets,HOU,DEN,13-48,44-19,112,133,FALSE,Denver Nuggets,44-19,NA,NA,NA,NA,NA,NA,NA,NA,NA,NA,Denver Nuggets,44-19,Houston Rockets,13-48,0.143,0.857,0.15,0.04666666666666652,0.9533333333333336,427,0,0,1,142,401469081215,215,2,8:36,1956,32.6,40,45,40,45,-5,Jabari Smith Jr. defensive rebound
nba,2023,401469083,2023-02-28,Oklahoma City Thunder,Sacramento Kings,OKC,SAC,28-33,36-25,117,123,FALSE,Sacramento Kings,36-25,NA,NA,NA,NA,NA,NA,NA,NA,NA,NA,Sacramento Kings,36-25,Oklahoma City Thunder,28-33,0.404,0.596,0.536,0.24626865671641796,0.753731343283582,499,0,0,1,428,401469083606,606,4,7:47,467,7.783333333333333,98,98,98,98,0,Josh Giddey offensive rebound
nba,2023,401469078,2023-02-28,Atlanta Hawks,Washington Wizards,ATL,WSH,31-31,29-32,116,119,FALSE,Atlanta Hawks,31-31,NA,NA,NA,NA,NA,NA,NA,NA,NA,NA,Washington Wizards,29-32,Atlanta Hawks,31-31,0.768,0.768,0.922,0.915401301518438,0.08459869848156187,453,0,0,2,345,401469078477,477,4,10:14,614,10.233333333333333,98,90,98,90,8,Bogdan Bogdanovic makes free throw 1 of 2
nba,2023,401469079,2023-02-28,Brooklyn Nets,Milwaukee Bucks,BKN,MIL,34-27,44-17,104,118,FALSE,Milwaukee Bucks,44-17,NA,NA,NA,NA,NA,NA,NA,NA,NA,NA,Milwaukee Bucks,44-17,Brooklyn Nets,34-27,0.401,0.599,0.807,0.7608426270136308,0.2391573729863692,500,0,0,1,86,401469079131,131,1,2:52,2332,38.86666666666667,28,13,28,13,15,Bobby Portis misses 6-foot two point shot
nba,2023,401469080,2023-02-28,Toronto Raptors,Chicago Bulls,TOR,CHI,31-32,28-34,104,98,TRUE,Toronto Raptors,31-32,NA,NA,NA,NA,NA,NA,NA,NA,NA,NA,Toronto Raptors,31-32,Chicago Bulls,28-34,0.622,0.622,0.745,0.6577181208053691,0.34228187919463093,432,0,0,1,224,401469080328,328,3,9:32,1292,21.533333333333335,50,57,57,50,7,Zach LaVine makes free throw 1 of 2
nba,2023,401469082,2023-02-28,Memphis Grizzlies,Los Angeles Lakers,MEM,LAL,37-23,29-33,121,109,TRUE,Memphis Grizzlies,37-23,NA,NA,NA,NA,NA,NA,NA,NA,NA,NA,Memphis Grizzlies,37-23,Los Angeles Lakers,29-33,0.825,0.825,0.528,0.668560606060606,0.33143939393939403,511,0,0,1,281,401469082392,392,3,10:20,1340,22.333333333333332,49,55,55,49,6,Dennis Schroder makes two point shot (Malik Beasley assists)
nba,2023,401469077,2023-02-27,New Orleans Pelicans,Orlando Magic,NO,ORL,30-32,26-36,93,101,FALSE,New Orleans Pelicans,30-32,NA,NA,NA,NA,NA,NA,NA,NA,NA,NA,Orlando Magic,26-36,New Orleans Pelicans,30-32,0.65,0.65,0.694,0.5590778097982707,0.4409221902017293,449,0,0,1,6,40146907713,13,1,11:11,2831,47.18333333333333,5,2,5,2,3,Brandon Ingram makes 25-foot three point jumper (CJ McCollum assists)
nba,2023,401469076,2023-02-27,New York Knicks,Boston Celtics,NY,BOS,36-27,44-18,109,94,TRUE,New York Knicks,36-27,NA,NA,NA,NA,NA,NA,NA,NA,NA,NA,New York Knicks,36-27,Boston Celtics,44-18,0.65,0.65,0.42,0.16666666666666685,0.8333333333333331,442,0,0,1,4,40146907610,10,1,11:29,2849,47.483333333333334,0,3,3,0,3,Al Horford makes 24-foot three point jumper (Jayson Tatum assists)
nba,2023,401469074,2023-02-27,Charlotte Hornets,Detroit Pistons,CHA,DET,20-43,15-47,117,106,TRUE,Charlotte Hornets,20-43,NA,NA,NA,NA,NA,NA,NA,NA,NA,NA,Charlotte Hornets,20-43,Detroit Pistons,15-47,0.773,0.773,0.353,0.35694050991501414,0.6430594900849859,454,0,0,1,21,40146907436,36,1,8:57,2697,44.95,7,13,13,7,6,James Wiseman makes two point shot
nba,2023,401469075,2023-02-27,Philadelphia 76ers,Miami Heat,PHI,MIA,39-21,33-29,99,101,FALSE,Philadelphia 76ers,39-21,NA,NA,NA,NA,NA,NA,NA,NA,NA,NA,Miami Heat,33-29,Philadelphia 76ers,39-21,0.729,0.729,0.767,0.6962190352020861,0.30378096479791394,444,0,0,1,2,4014690757,7,1,11:40,2860,47.666666666666664,3,0,3,0,3,De'Anthony Melton makes 26-foot three point jumper (James Harden assists)
nba,2023,401469073,2023-02-26,Denver Nuggets,LA Clippers,DEN,LAC,43-19,33-30,134,124,TRUE,LA Clippers,33-30,NA,NA,NA,NA,NA,NA,NA,NA,NA,NA,Denver Nuggets,43-19,LA Clippers,33-30,0.35,0.65,0.729,0.6282578875171467,0.37174211248285327,507,0,0,1,441,401469073636,636,4,58.2,358.2,5.97,117,118,118,117,1,Mason Plumlee makes free throw 1 of 2
nba,2023,401469072,2023-02-26,Portland Trail Blazers,Houston Rockets,POR,HOU,29-31,13-47,131,114,TRUE,Portland Trail Blazers,29-31,NA,NA,NA,NA,NA,NA,NA,NA,NA,NA,Portland Trail Blazers,29-31,Houston Rockets,13-47,0.806,0.806,0.29300000000000004,0.33788395904436885,0.6621160409556311,496,0,0,1,125,401469072170,170,2,11:42,2142,35.7,32,32,32,32,0,Boban Marjanovic makes free throw 1 of 2
nba,2023,401469071,2023-02-26,Golden State Warriors,Minnesota Timberwolves,GS,MIN,31-30,31-32,109,104,TRUE,Golden State Warriors,31-30,NA,NA,NA,NA,NA,NA,NA,NA,NA,NA,Golden State Warriors,31-30,Minnesota Timberwolves,31-32,0.508,0.508,0.934,0.9293361884368307,0.07066381156316925,503,0,0,1,391,401469071554,554,4,11:06,666,11.1,79,90,90,79,11,Jordan Poole makes free throw 2 of 2
nba,2023,401469070,2023-02-26,Oklahoma City Thunder,Sacramento Kings,OKC,SAC,28-32,35-25,115,124,FALSE,Sacramento Kings,35-25,NA,NA,NA,NA,NA,NA,NA,NA,NA,NA,Sacramento Kings,35-25,Oklahoma City Thunder,28-32,0.375,0.625,0.389,0.03598971722365041,0.9640102827763496,486,0,0,1,343,401469070496,496,3,33.1,753.1,12.551666666666668,90,91,90,91,-1,Jalen Williams makes 7-foot two point shot
nba,2023,401469069,2023-02-26,Cleveland Cavaliers,Toronto Raptors,CLE,TOR,39-25,30-32,118,93,TRUE,Cleveland Cavaliers,39-25,NA,NA,NA,NA,NA,NA,NA,NA,NA,NA,Cleveland Cavaliers,39-25,Toronto Raptors,30-32,0.801,0.801,0.30100000000000005,0.33887043189368793,0.6611295681063121,438,0,0,1,10,40146906918,18,1,10:24,2784,46.4,2,7,7,2,5,Scottie Barnes personal foul
nba,2023,401469067,2023-02-26,Chicago Bulls,Washington Wizards,CHI,WSH,28-33,28-32,102,82,TRUE,Chicago Bulls,28-33,NA,NA,NA,NA,NA,NA,NA,NA,NA,NA,Chicago Bulls,28-33,Washington Wizards,28-32,0.728,0.728,0.546,0.5018315018315018,0.4981684981684982,434,0,0,1,224,401469067321,321,3,9:30,1290,21.5,49,52,52,49,3,Bradley Beal makes free throw 1 of 2
nba,2023,401469068,2023-02-26,Dallas Mavericks,Los Angeles Lakers,DAL,LAL,32-30,29-32,108,111,FALSE,Dallas Mavericks,32-30,NA,NA,NA,NA,NA,NA,NA,NA,NA,NA,Los Angeles Lakers,29-32,Dallas Mavericks,32-30,0.776,0.776,0.992,0.9919354838709676,0.00806451612903225,507,0,0,1,181,401469068246,246,2,5:42,1782,29.7,50,24,50,24,26,Austin Reaves bad pass (Markieff Morris steals)
nba,2023,401469066,2023-02-26,Atlanta Hawks,Brooklyn Nets,ATL,BKN,31-30,34-26,129,127,TRUE,Atlanta Hawks,31-30,NA,NA,NA,NA,NA,NA,NA,NA,NA,NA,Atlanta Hawks,31-30,Brooklyn Nets,34-26,0.643,0.643,0.648,0.45679012345679015,0.5432098765432098,481,0,0,2,289,401469066403,403,3,6:46,1126,18.766666666666666,73,77,77,73,4,Cameron Johnson makes free throw 1 of 2
nba,2023,401469065,2023-02-26,Milwaukee Bucks,Phoenix Suns,MIL,PHX,43-17,33-29,104,101,TRUE,Milwaukee Bucks,43-17,NA,NA,NA,NA,NA,NA,NA,NA,NA,NA,Milwaukee Bucks,43-17,Phoenix Suns,33-29,0.728,0.728,0.909,0.8998899889988998,0.10011001100110016,504,0,0,1,433,401469065601,601,4,5:03,303,5.05,87,94,94,87,7,Jrue Holiday personal foul
nba,2023,401469064,2023-02-25,Utah Jazz,San Antonio Spurs,UTAH,SA,31-31,14-47,118,102,TRUE,Utah Jazz,31-31,NA,NA,NA,NA,NA,NA,NA,NA,NA,NA,Utah Jazz,31-31,San Antonio Spurs,14-47,0.853,0.853,0.763,0.8073394495412844,0.19266055045871555,495,0,0,1,278,401469064405,405,3,9:43,1303,21.716666666666665,59,70,70,59,11,Keita Bates-Diop makes free throw 1 of 2
nba,2023,401469063,2023-02-25,Philadelphia 76ers,Boston Celtics,PHI,BOS,39-20,44-17,107,110,FALSE,Boston Celtics,44-17,NA,NA,NA,NA,NA,NA,NA,NA,NA,NA,Boston Celtics,44-17,Philadelphia 76ers,39-20,0.448,0.552,0.931,0.9258861439312568,0.07411385606874332,429,0,0,1,239,401469063345,345,3,8:03,1203,20.05,67,52,67,52,15,P.J. Tucker defensive rebound
nba,2023,401469062,2023-02-25,Memphis Grizzlies,Denver Nuggets,MEM,DEN,36-23,42-19,112,94,TRUE,Memphis Grizzlies,36-23,NA,NA,NA,NA,NA,NA,NA,NA,NA,NA,Memphis Grizzlies,36-23,Denver Nuggets,42-19,0.546,0.546,0.6,0.33333333333333326,0.6666666666666667,433,0,0,1,20,40146906234,34,1,10:02,2762,46.03333333333333,2,6,6,2,4,Kentavious Caldwell-Pope makes free throw 1 of 2
nba,2023,401469061,2023-02-25,New York Knicks,New Orleans Pelicans,NY,NO,35-27,30-31,128,106,TRUE,New York Knicks,35-27,NA,NA,NA,NA,NA,NA,NA,NA,NA,NA,New York Knicks,35-27,New Orleans Pelicans,30-31,0.758,0.758,0.242,0,1,476,0,0,1,1,4014690614,4,1,12:00,2880,48,0,0,0,0,0,Jonas Valanciunas vs. Mitchell Robinson (Jalen Brunson gains possession)
nba,2023,401469059,2023-02-25,Charlotte Hornets,Miami Heat,CHA,MIA,19-43,32-29,108,103,TRUE,Miami Heat,32-29,NA,NA,NA,NA,NA,NA,NA,NA,NA,NA,Charlotte Hornets,19-43,Miami Heat,32-29,0.377,0.623,0.648,0.45679012345679015,0.5432098765432098,490,0,0,1,8,40146905913,13,1,11:06,2826,47.1,0,2,2,0,2,Jimmy Butler makes driving layup
nba,2023,401469060,2023-02-25,Orlando Magic,Indiana Pacers,ORL,IND,25-36,27-35,108,121,FALSE,Orlando Magic,25-36,NA,NA,NA,NA,NA,NA,NA,NA,NA,NA,Indiana Pacers,27-35,Orlando Magic,25-36,0.564,0.564,0.669,0.5052316890881914,0.4947683109118086,493,0,0,1,219,401469060321,321,2,2:43,1603,26.716666666666665,47,44,47,44,3,Markelle Fultz makes free throw 1 of 2
nba,2023,401469058,2023-02-25,Detroit Pistons,Toronto Raptors,DET,TOR,15-46,30-31,91,95,FALSE,Toronto Raptors,30-31,NA,NA,NA,NA,NA,NA,NA,NA,NA,NA,Toronto Raptors,30-31,Detroit Pistons,15-46,0.294,0.706,0.729,0.6282578875171467,0.37174211248285327,498,0,0,1,358,401469058498,498,3,1:10,790,13.166666666666666,70,65,70,65,5,Marvin Bagley III makes free throw 1 of 2
nba,2023,401469057,2023-02-24,LA Clippers,Sacramento Kings,LAC,SAC,33-29,34-25,175,176,FALSE,LA Clippers,33-29,NA,NA,NA,NA,NA,NA,NA,NA,NA,NA,Sacramento Kings,34-25,LA Clippers,33-29,0.769,0.769,0.998,0.997995991983968,0.00200400801603195,560,0,0,1,406,401469057598,598,4,4:03,843,14.05,145,131,145,131,14,Paul George defensive rebound
nba,2023,401469054,2023-02-24,Phoenix Suns,Oklahoma City Thunder,PHX,OKC,33-28,28-31,124,115,TRUE,Phoenix Suns,33-28,NA,NA,NA,NA,NA,NA,NA,NA,NA,NA,Phoenix Suns,33-28,Oklahoma City Thunder,28-31,0.795,0.795,0.498,0.5883534136546186,0.4116465863453814,489,0,0,1,287,401469054411,411,3,8:00,1200,20,74,78,78,74,4,Jaylin Williams makes 27-foot three point jumper
nba,2023,401469056,2023-02-24,Golden State Warriors,Houston Rockets,GS,HOU,30-30,13-46,116,101,TRUE,Golden State Warriors,30-30,NA,NA,NA,NA,NA,NA,NA,NA,NA,NA,Golden State Warriors,30-30,Houston Rockets,13-46,0.74,0.74,0.453,0.4260485651214128,0.5739514348785872,451,0,0,1,23,40146905635,35,1,8:43,2683,44.71666666666667,5,11,11,5,6,Jonathan Kuminga shooting foul
nba,2023,401469053,2023-02-24,Minnesota Timberwolves,Charlotte Hornets,MIN,CHA,31-31,18-43,113,121,FALSE,Minnesota Timberwolves,31-31,NA,NA,NA,NA,NA,NA,NA,NA,NA,NA,Charlotte Hornets,18-43,Minnesota Timberwolves,31-31,0.76,0.76,0.816,0.7745098039215685,0.22549019607843143,475,0,0,1,21,40146905329,29,1,9:44,2744,45.733333333333334,8,5,8,5,3,Mark Williams shooting foul
nba,2023,401469055,2023-02-24,Chicago Bulls,Brooklyn Nets,CHI,BKN,27-33,34-25,131,87,TRUE,Chicago Bulls,27-33,NA,NA,NA,NA,NA,NA,NA,NA,NA,NA,Chicago Bulls,27-33,Brooklyn Nets,34-25,0.526,0.526,0.474,0,1,441,0,0,2,1,4014690554,4,1,12:00,2880,48,0,0,0,0,0,Nic Claxton vs. Nikola Vucevic (Spencer Dinwiddie gains possession)
nba,2023,401469051,2023-02-24,Atlanta Hawks,Cleveland Cavaliers,ATL,CLE,30-30,38-25,136,119,TRUE,Cleveland Cavaliers,38-25,NA,NA,NA,NA,NA,NA,NA,NA,NA,NA,Atlanta Hawks,30-30,Cleveland Cavaliers,38-25,0.459,0.5409999999999999,0.706,0.58356940509915,0.41643059490085,463,0,0,1,41,40146905159,59,1,8:13,2653,44.21666666666667,6,12,12,6,6,Isaac Okoro misses free throw 1 of 2
nba,2023,401469052,2023-02-24,Milwaukee Bucks,Miami Heat,MIL,MIA,42-17,32-28,128,99,TRUE,Milwaukee Bucks,42-17,NA,NA,NA,NA,NA,NA,NA,NA,NA,NA,Milwaukee Bucks,42-17,Miami Heat,32-28,0.67,0.67,0.412,0.19902912621359237,0.8009708737864076,485,0,0,1,23,40146905231,31,1,9:37,2737,45.61666666666667,3,7,7,3,4,Jimmy Butler makes two point shot
nba,2023,401469050,2023-02-24,Washington Wizards,New York Knicks,WSH,NY,28-31,34-27,109,115,FALSE,New York Knicks,34-27,NA,NA,NA,NA,NA,NA,NA,NA,NA,NA,New York Knicks,34-27,Washington Wizards,28-31,0.442,0.558,0.918,0.9106753812636166,0.08932461873638342,429,0,0,1,150,401469050215,215,2,5:55,1795,29.916666666666668,57,38,57,38,19,Kyle Kuzma makes 15-foot pullup jump shot (Kristaps Porzingis assists)
nba,2023,401469048,2023-02-23,Los Angeles Lakers,Golden State Warriors,LAL,GS,28-32,29-30,124,111,TRUE,Los Angeles Lakers,28-32,NA,NA,NA,NA,NA,NA,NA,NA,NA,NA,Los Angeles Lakers,28-32,Golden State Warriors,29-30,0.661,0.661,0.421,0.19477434679334937,0.8052256532066506,503,0,0,1,28,40146904843,43,1,8:05,2645,44.083333333333336,10,13,13,10,3,Klay Thompson makes 26-foot three point jumper (Jonathan Kuminga assists)
nba,2023,401469049,2023-02-23,Sacramento Kings,Portland Trail Blazers,SAC,POR,33-25,28-31,133,116,TRUE,Sacramento Kings,33-25,NA,NA,NA,NA,NA,NA,NA,NA,NA,NA,Sacramento Kings,33-25,Portland Trail Blazers,28-31,0.922,0.922,0.4469999999999999,0.825503355704698,0.17449664429530198,466,0,0,1,87,401469049133,133,1,1:39,2259,37.65,19,33,33,19,14,Terence Davis misses pullup jump shot
nba,2023,401469047,2023-02-23,Utah Jazz,Oklahoma City Thunder,UTAH,OKC,30-31,28-30,120,119,TRUE,Utah Jazz,30-31,NA,NA,NA,NA,NA,NA,NA,NA,NA,NA,Utah Jazz,30-31,Oklahoma City Thunder,28-30,0.601,0.601,0.927,0.9212513484358144,0.07874865156418553,572,0,0,5,560,401469047782,782,5,4.1,4.1,0.06833333333333333,117,119,119,117,2,Thunder Full timeout
nba,2023,401469046,2023-02-23,Dallas Mavericks,San Antonio Spurs,DAL,SA,32-29,14-46,142,116,TRUE,Dallas Mavericks,32-29,NA,NA,NA,NA,NA,NA,NA,NA,NA,NA,Dallas Mavericks,32-29,San Antonio Spurs,14-46,0.91,0.91,0.141,0.3617021276595748,0.6382978723404252,462,0,0,2,195,401469046279,279,2,3:48,1668,27.8,57,52,52,57,-5,Reggie Bullock shooting foul
nba,2023,401469044,2023-02-23,Philadelphia 76ers,Memphis Grizzlies,PHI,MEM,54-28,51-31,110,105,TRUE,Philadelphia 76ers,54-28,NA,NA,NA,NA,NA,NA,NA,NA,NA,NA,Philadelphia 76ers,54-28,Memphis Grizzlies,51-31,0.604,0.604,0.96,0.9583333333333331,0.04166666666666674,517,0,0,2,438,401469044621,621,4,6:07,367,6.116666666666666,86,97,97,86,11,David Roddy makes dunk (Xavier Tillman assists)
nba,2023,401469045,2023-02-23,Toronto Raptors,New Orleans Pelicans,TOR,NO,29-31,30-30,115,110,TRUE,Toronto Raptors,29-31,NA,NA,NA,NA,NA,NA,NA,NA,NA,NA,Toronto Raptors,29-31,New Orleans Pelicans,30-30,0.691,0.691,0.376,0.17819148936170204,0.821808510638298,465,0,0,2,43,40146904559,59,1,6:32,2552,42.53333333333333,6,7,7,6,1,Brandon Ingram makes free throw 1 of 2
nba,2023,401469041,2023-02-23,Cleveland Cavaliers,Denver Nuggets,CLE,DEN,38-24,42-18,109,115,FALSE,Cleveland Cavaliers,38-24,NA,NA,NA,NA,NA,NA,NA,NA,NA,NA,Denver Nuggets,42-18,Cleveland Cavaliers,38-24,0.653,0.653,0.818,0.7775061124694376,0.22249388753056243,448,0,0,1,367,401469041536,536,4,9:40,580,9.666666666666666,97,92,97,92,5,Thomas Bryant loose ball foul
nba,2023,401469042,2023-02-23,Indiana Pacers,Boston Celtics,IND,BOS,26-35,43-17,138,142,FALSE,Boston Celtics,43-17,NA,NA,NA,NA,NA,NA,NA,NA,NA,NA,Boston Celtics,43-17,Indiana Pacers,26-35,0.239,0.761,0.683,0.6500732064421669,0.34992679355783307,489,0,0,1,443,401469042651,651,5,4:19,259,4.316666666666666,130,127,130,127,3,Bennedict Mathurin makes 24-foot three point jumper (Tyrese Haliburton assists)
nba,2023,401469043,2023-02-23,Orlando Magic,Detroit Pistons,ORL,DET,25-35,15-45,108,106,TRUE,Orlando Magic,25-35,NA,NA,NA,NA,NA,NA,NA,NA,NA,NA,Orlando Magic,25-35,Detroit Pistons,15-45,0.781,0.781,0.5800000000000001,0.6224137931034484,0.3775862068965517,481,0,0,1,379,401469043548,548,4,8:24,504,8.4,85,88,88,85,3,James Wiseman makes two point shot
nba,2023,401469040,2023-02-16,Phoenix Suns,LA Clippers,PHX,LAC,32-28,33-28,107,116,FALSE,LA Clippers,33-28,NA,NA,NA,NA,NA,NA,NA,NA,NA,NA,LA Clippers,33-28,Phoenix Suns,32-28,0.37,0.63,0.529,0.3005671077504727,0.6994328922495273,457,0,0,2,270,401469040398,398,3,7:38,1178,19.633333333333333,68,67,68,67,1,Devin Booker makes free throw 1 of 2
nba,2023,401469039,2023-02-16,Minnesota Timberwolves,Washington Wizards,MIN,WSH,31-30,28-30,106,114,FALSE,Minnesota Timberwolves,31-30,NA,NA,NA,NA,NA,NA,NA,NA,NA,NA,Washington Wizards,28-30,Minnesota Timberwolves,31-30,0.546,0.546,0.99,0.9898989898989898,0.01010101010101016,475,0,0,1,327,401469039462,462,3,1:35,815,13.583333333333334,87,69,87,69,18,Deni Avdija loose ball foul
nba,2023,401469038,2023-02-16,Chicago Bulls,Milwaukee Bucks,CHI,MIL,26-33,41-17,100,112,FALSE,Milwaukee Bucks,41-17,NA,NA,NA,NA,NA,NA,NA,NA,NA,NA,Milwaukee Bucks,41-17,Chicago Bulls,26-33,0.387,0.613,0.512,0.244140625,0.755859375,471,0,0,1,12,40146903822,22,1,10:46,2806,46.766666666666666,5,0,5,0,5,Nikola Vucevic makes 23-foot jumper (Patrick Williams assists)
nba,2023,401469037,2023-02-15,Los Angeles Lakers,New Orleans Pelicans,LAL,NO,27-32,30-29,120,102,TRUE,Los Angeles Lakers,27-32,NA,NA,NA,NA,NA,NA,NA,NA,NA,NA,Los Angeles Lakers,27-32,New Orleans Pelicans,30-29,0.613,0.613,0.396,0.0227272727272727,0.9772727272727272,505,0,0,1,249,401469037357,357,3,10:33,1353,22.55,56,55,55,56,-1,Brandon Ingram makes 17-foot pullup jump shot
nba,2023,401469036,2023-02-15,Denver Nuggets,Dallas Mavericks,DEN,DAL,41-18,31-29,118,109,TRUE,Denver Nuggets,41-18,NA,NA,NA,NA,NA,NA,NA,NA,NA,NA,Denver Nuggets,41-18,Dallas Mavericks,31-29,0.709,0.709,0.354,0.1779661016949151,0.8220338983050849,419,0,0,1,104,401469036154,154,1,6.1,2166.1,36.10166666666667,25,25,25,25,0,Ish Smith misses 17-foot pullup jump shot
nba,2023,401469034,2023-02-15,Memphis Grizzlies,Utah Jazz,MEM,UTAH,35-22,29-31,117,111,TRUE,Memphis Grizzlies,35-22,NA,NA,NA,NA,NA,NA,NA,NA,NA,NA,Memphis Grizzlies,35-22,Utah Jazz,29-31,0.763,0.763,0.344,0.311046511627907,0.688953488372093,518,0,0,1,484,401469034682,682,4,1:28,88,1.4666666666666666,111,110,110,111,-1,Ochai Agbaji makes dunk (Jordan Clarkson assists)
nba,2023,401469035,2023-02-15,Oklahoma City Thunder,Houston Rockets,OKC,HOU,28-29,13-45,133,96,TRUE,Oklahoma City Thunder,28-29,NA,NA,NA,NA,NA,NA,NA,NA,NA,NA,Oklahoma City Thunder,28-29,Houston Rockets,13-45,0.802,0.802,0.21999999999999997,0.10000000000000007,0.8999999999999999,547,0,0,1,13,40146903521,21,1,10:42,2802,46.7,2,2,2,2,0,Jalen Green makes free throw 2 of 3
nba,2023,401469030,2023-02-15,Philadelphia 76ers,Cleveland Cavaliers,PHI,CLE,38-19,38-23,118,112,TRUE,Cleveland Cavaliers,38-23,NA,NA,NA,NA,NA,NA,NA,NA,NA,NA,Philadelphia 76ers,38-19,Cleveland Cavaliers,38-23,0.473,0.527,0.527,0.10246679316888052,0.8975332068311195,432,0,0,1,1,4014690304,4,1,12:00,2880,48,0,0,0,0,0,Jarrett Allen vs. Joel Embiid (Darius Garland gains possession)
nba,2023,401469031,2023-02-15,Atlanta Hawks,New York Knicks,ATL,NY,29-30,33-27,101,122,FALSE,New York Knicks,33-27,NA,NA,NA,NA,NA,NA,NA,NA,NA,NA,New York Knicks,33-27,Atlanta Hawks,29-30,0.486,0.514,0.486,0,1,477,0,0,1,1,4014690314,4,1,12:00,2880,48,0,0,0,0,0,Jericho Sims vs. Clint Capela (Quentin Grimes gains possession)
nba,2023,401469032,2023-02-15,Boston Celtics,Detroit Pistons,BOS,DET,42-17,15-44,127,109,TRUE,Boston Celtics,42-17,NA,NA,NA,NA,NA,NA,NA,NA,NA,NA,Boston Celtics,42-17,Detroit Pistons,15-44,0.865,0.865,0.20199999999999996,0.33168316831683153,0.6683168316831685,423,0,0,1,294,401469032422,422,3,3:13,913,15.216666666666669,85,80,80,85,-5,Pistons defensive team rebound
nba,2023,401469033,2023-02-15,Brooklyn Nets,Miami Heat,BKN,MIA,34-24,32-27,116,105,TRUE,Brooklyn Nets,34-24,NA,NA,NA,NA,NA,NA,NA,NA,NA,NA,Brooklyn Nets,34-24,Miami Heat,32-27,0.7,0.7,0.641,0.53198127925117,0.46801872074883,440,0,0,1,248,401469033353,353,3,10:06,1326,22.1,54,60,60,54,6,Bam Adebayo defensive rebound
nba,2023,401469028,2023-02-15,Charlotte Hornets,San Antonio Spurs,CHA,SA,17-43,14-45,120,110,TRUE,Charlotte Hornets,17-43,NA,NA,NA,NA,NA,NA,NA,NA,NA,NA,Charlotte Hornets,17-43,San Antonio Spurs,14-45,0.694,0.694,0.613,0.5008156606851548,0.4991843393148452,535,0,0,1,45,40146902861,61,1,6:20,2540,42.333333333333336,8,18,18,8,10,Jeremy Sochan defensive rebound
nba,2023,401469029,2023-02-15,Indiana Pacers,Chicago Bulls,IND,CHI,26-34,26-32,117,113,TRUE,Indiana Pacers,26-34,NA,NA,NA,NA,NA,NA,NA,NA,NA,NA,Indiana Pacers,26-34,Chicago Bulls,26-32,0.572,0.572,0.984,0.983739837398374,0.0162601626016261,452,0,0,1,245,401469029361,361,3,9:44,1304,21.733333333333334,46,69,69,46,23,Zach LaVine makes technical free throw
nba,2023,401469026,2023-02-14,LA Clippers,Golden State Warriors,LAC,GS,32-28,29-29,134,124,TRUE,LA Clippers,32-28,NA,NA,NA,NA,NA,NA,NA,NA,NA,NA,LA Clippers,32-28,Golden State Warriors,29-29,0.921,0.921,0.421,0.812351543942993,0.18764845605700697,466,0,0,4,223,401469026319,319,2,11.0,1451,24.183333333333337,59,64,64,59,5,Donte DiVincenzo makes free throw 1 of 2
nba,2023,401469027,2023-02-14,Portland Trail Blazers,Washington Wizards,POR,WSH,28-30,27-30,101,126,FALSE,Washington Wizards,27-30,NA,NA,NA,NA,NA,NA,NA,NA,NA,NA,Washington Wizards,27-30,Portland Trail Blazers,28-30,0.493,0.507,0.536,0.1343283582089554,0.8656716417910446,452,0,0,3,61,40146902789,89,1,5:08,2468,41.13333333333333,13,13,13,13,0,Corey Kispert shooting foul
nba,2023,401469025,2023-02-14,Phoenix Suns,Sacramento Kings,PHX,SAC,32-27,32-25,120,109,TRUE,Phoenix Suns,32-27,NA,NA,NA,NA,NA,NA,NA,NA,NA,NA,Phoenix Suns,32-27,Sacramento Kings,32-25,0.558,0.558,0.632,0.4177215189873418,0.5822784810126582,457,0,0,2,145,401469025213,213,2,9:00,1980,33,34,39,39,34,5,Devin Booker misses free throw 2 of 2
nba,2023,401469023,2023-02-14,Toronto Raptors,Orlando Magic,TOR,ORL,28-31,24-35,123,113,TRUE,Toronto Raptors,28-31,NA,NA,NA,NA,NA,NA,NA,NA,NA,NA,Toronto Raptors,28-31,Orlando Magic,24-35,0.728,0.728,0.556,0.5107913669064748,0.4892086330935253,418,0,0,2,184,401469023282,282,2,33.0,1473,24.55,63,67,67,63,4,Markelle Fultz makes free throw 1 of 2
nba,2023,401469024,2023-02-14,Milwaukee Bucks,Boston Celtics,MIL,BOS,40-17,41-17,131,125,TRUE,Milwaukee Bucks,40-17,NA,NA,NA,NA,NA,NA,NA,NA,NA,NA,Milwaukee Bucks,40-17,Boston Celtics,41-17,0.798,0.798,0.921,0.9142236699239956,0.08577633007600438,533,0,0,1,325,401469024470,470,3,2:55,1195,19.916666666666668,76,89,89,76,13,Malcolm Brogdon makes free throw 1 of 2
nba,2023,401469021,2023-02-13,Golden State Warriors,Washington Wizards,GS,WSH,29-28,26-30,135,126,TRUE,Golden State Warriors,29-28,NA,NA,NA,NA,NA,NA,NA,NA,NA,NA,Golden State Warriors,29-28,Washington Wizards,26-30,0.554,0.554,0.838,0.8066825775656323,0.19331742243436767,429,0,0,1,104,401469021157,157,2,10:51,2091,34.85,29,44,44,29,15,Kendrick Nunn makes driving floating jump shot (Daniel Gafford assists)
nba,2023,401469022,2023-02-13,Portland Trail Blazers,Los Angeles Lakers,POR,LAL,28-29,26-32,127,115,TRUE,Portland Trail Blazers,28-29,NA,NA,NA,NA,NA,NA,NA,NA,NA,NA,Portland Trail Blazers,28-29,Los Angeles Lakers,26-32,0.62,0.62,0.622,0.392282958199357,0.607717041800643,453,0,0,3,49,40146902264,64,1,6:52,2572,42.86666666666667,5,12,12,5,7,Trail Blazers Full timeout
nba,2023,401469020,2023-02-13,Dallas Mavericks,Minnesota Timberwolves,DAL,MIN,31-28,31-29,121,124,FALSE,Dallas Mavericks,31-28,NA,NA,NA,NA,NA,NA,NA,NA,NA,NA,Minnesota Timberwolves,31-29,Dallas Mavericks,31-28,0.686,0.686,0.743,0.6541049798115748,0.3458950201884252,454,0,0,2,3,4014690209,9,1,11:12,2832,47.2,3,0,3,0,3,Anthony Edwards misses driving layup
nba,2023,401469018,2023-02-13,Chicago Bulls,Orlando Magic,CHI,ORL,26-31,24-34,91,100,FALSE,Chicago Bulls,26-31,NA,NA,NA,NA,NA,NA,NA,NA,NA,NA,Orlando Magic,24-34,Chicago Bulls,26-31,0.606,0.606,0.671,0.5096870342771982,0.4903129657228018,445,0,0,1,6,40146901813,13,1,10:59,2819,46.983333333333334,2,0,2,0,2,Patrick Williams defensive rebound
nba,2023,401469019,2023-02-13,Oklahoma City Thunder,New Orleans Pelicans,OKC,NO,27-29,30-28,100,103,FALSE,Oklahoma City Thunder,27-29,NA,NA,NA,NA,NA,NA,NA,NA,NA,NA,New Orleans Pelicans,30-28,Oklahoma City Thunder,27-29,0.541,0.541,0.541,0.1515711645101665,0.8484288354898335,448,0,0,1,1,4014690194,4,1,12:00,2880,48,0,0,0,0,0,Jonas Valanciunas vs. Jaylin Williams (Brandon Ingram gains possession)
nba,2023,401469016,2023-02-13,Miami Heat,Denver Nuggets,MIA,DEN,32-26,40-18,108,112,FALSE,Denver Nuggets,40-18,NA,NA,NA,NA,NA,NA,NA,NA,NA,NA,Denver Nuggets,40-18,Miami Heat,32-26,0.469,0.531,0.768,0.6979166666666667,0.30208333333333326,407,0,0,1,82,401469016127,127,1,1:15,2235,37.25,31,20,31,20,11,Thomas Bryant misses layup
nba,2023,401469017,2023-02-13,New York Knicks,Brooklyn Nets,NY,BKN,32-27,33-24,124,106,TRUE,New York Knicks,32-27,NA,NA,NA,NA,NA,NA,NA,NA,NA,NA,New York Knicks,32-27,Brooklyn Nets,33-24,0.593,0.593,0.583,0.3018867924528301,0.6981132075471699,455,0,0,1,208,401469017286,286,2,9.1,1449.1,24.151666666666664,58,61,61,58,3,Mikal Bridges defensive rebound
nba,2023,401469012,2023-02-13,Charlotte Hornets,Atlanta Hawks,CHA,ATL,16-43,29-29,144,138,TRUE,Atlanta Hawks,29-29,NA,NA,NA,NA,NA,NA,NA,NA,NA,NA,Charlotte Hornets,16-43,Atlanta Hawks,29-29,0.334,0.6659999999999999,0.6659999999999999,0.4984984984984984,0.5015015015015016,463,0,0,1,1,4014690124,4,1,12:00,2880,48,0,0,0,0,0,Clint Capela vs. Mark Williams (P.J. Washington gains possession)
nba,2023,401469013,2023-02-13,Cleveland Cavaliers,San Antonio Spurs,CLE,SA,38-22,14-44,117,109,TRUE,Cleveland Cavaliers,38-22,NA,NA,NA,NA,NA,NA,NA,NA,NA,NA,Cleveland Cavaliers,38-22,San Antonio Spurs,14-44,0.958,0.958,0.18300000000000005,0.7704918032786884,0.2295081967213116,435,0,0,1,355,401469013521,521,4,8:48,528,8.8,95,91,91,95,-4,Donovan Mitchell misses layup
nba,2023,401469014,2023-02-13,Indiana Pacers,Utah Jazz,IND,UTAH,25-34,29-30,117,123,FALSE,Utah Jazz,29-30,NA,NA,NA,NA,NA,NA,NA,NA,NA,NA,Utah Jazz,29-30,Indiana Pacers,25-34,0.43,0.5700000000000001,0.731,0.6320109439124486,0.3679890560875514,459,0,0,2,284,401469014416,416,3,5:33,1053,17.55,76,69,76,69,7,Bennedict Mathurin makes 9-foot pullup jump shot
nba,2023,401469015,2023-02-13,Philadelphia 76ers,Houston Rockets,PHI,HOU,37-19,13-44,123,104,TRUE,Philadelphia 76ers,37-19,NA,NA,NA,NA,NA,NA,NA,NA,NA,NA,Philadelphia 76ers,37-19,Houston Rockets,13-44,0.907,0.907,0.244,0.6188524590163935,0.3811475409836065,447,0,0,1,189,401469015262,262,2,4:28,1708,28.466666666666665,43,44,44,43,1,Usman Garuba offensive rebound
nba,2023,401469011,2023-02-12,Toronto Raptors,Detroit Pistons,TOR,DET,27-31,15-43,119,118,TRUE,Toronto Raptors,27-31,NA,NA,NA,NA,NA,NA,NA,NA,NA,NA,Toronto Raptors,27-31,Detroit Pistons,15-43,0.847,0.847,0.43799999999999994,0.6506849315068493,0.34931506849315075,493,0,0,1,215,401469011299,299,2,1:19,1519,25.316666666666663,47,51,51,47,4,Alec Burks defensive rebound
nba,2023,401469010,2023-02-12,Boston Celtics,Memphis Grizzlies,BOS,MEM,41-16,34-22,119,109,TRUE,Boston Celtics,41-16,NA,NA,NA,NA,NA,NA,NA,NA,NA,NA,Boston Celtics,41-16,Memphis Grizzlies,34-22,0.595,0.595,0.6839999999999999,0.5380116959064327,0.4619883040935673,450,0,0,1,78,401469010121,121,1,3:00,2340,39,15,23,23,15,8,Ja Morant makes free throw 1 of 2
nba,2023,401469009,2023-02-11,Sacramento Kings,Dallas Mavericks,SAC,DAL,32-24,31-27,133,128,TRUE,Dallas Mavericks,31-27,NA,NA,NA,NA,NA,NA,NA,NA,NA,NA,Sacramento Kings,32-24,Dallas Mavericks,31-27,0.472,0.528,0.8200000000000001,0.7804878048780488,0.2195121951219512,476,0,0,1,356,401469009495,495,4,7:33,753,12.55,95,100,100,95,5,Domantas Sabonis loose ball foul
nba,2023,401469008,2023-02-11,Golden State Warriors,Los Angeles Lakers,GS,LAL,28-28,26-31,103,109,FALSE,Golden State Warriors,28-28,NA,NA,NA,NA,NA,NA,NA,NA,NA,NA,Los Angeles Lakers,26-31,Golden State Warriors,28-28,0.689,0.689,0.808,0.7623762376237624,0.2376237623762376,481,0,0,8,161,401469008223,223,2,8:09,1929,32.15,37,29,37,29,8,Klay Thompson makes 26-foot running pullup jump shot (Draymond Green assists)
nba,2023,401469007,2023-02-11,Cleveland Cavaliers,Chicago Bulls,CLE,CHI,37-22,26-30,97,89,TRUE,Cleveland Cavaliers,37-22,NA,NA,NA,NA,NA,NA,NA,NA,NA,NA,Cleveland Cavaliers,37-22,Chicago Bulls,26-30,0.78,0.78,0.845,0.8165680473372781,0.18343195266272191,430,0,0,1,256,401469007379,379,3,5:53,1073,17.883333333333333,53,64,64,53,11,DeMar DeRozan makes free throw 1 of 2
nba,2023,401469005,2023-02-11,Atlanta Hawks,San Antonio Spurs,ATL,SA,29-28,14-43,125,106,TRUE,Atlanta Hawks,29-28,NA,NA,NA,NA,NA,NA,NA,NA,NA,NA,Atlanta Hawks,29-28,San Antonio Spurs,14-43,0.919,0.919,0.393,0.7938931297709925,0.20610687022900753,490,0,0,1,207,401469005293,293,2,4:04,1684,28.066666666666663,45,51,51,45,6,John Collins shooting foul
nba,2023,401469006,2023-02-11,New York Knicks,Utah Jazz,NY,UTAH,31-27,28-30,126,120,TRUE,New York Knicks,31-27,NA,NA,NA,NA,NA,NA,NA,NA,NA,NA,New York Knicks,31-27,Utah Jazz,28-30,0.711,0.711,0.5349999999999999,0.4598130841121494,0.5401869158878506,491,0,0,1,269,401469006369,369,3,8:29,1229,20.483333333333334,64,66,66,64,2,Collin Sexton makes free throw 1 of 2
nba,2023,401469002,2023-02-11,Charlotte Hornets,Denver Nuggets,CHA,DEN,15-43,39-18,105,119,FALSE,Denver Nuggets,39-18,NA,NA,NA,NA,NA,NA,NA,NA,NA,NA,Denver Nuggets,39-18,Charlotte Hornets,15-43,0.271,0.729,0.791,0.7357774968394437,0.2642225031605563,480,0,0,1,198,401469002281,281,2,5:24,1764,29.4,52,37,52,37,15,LaMelo Ball makes 28-foot three pointer
nba,2023,401469003,2023-02-11,Orlando Magic,Miami Heat,ORL,MIA,23-34,32-25,103,107,FALSE,Orlando Magic,23-34,NA,NA,NA,NA,NA,NA,NA,NA,NA,NA,Miami Heat,32-25,Orlando Magic,23-34,0.7,0.7,0.973,0.972250770811922,0.02774922918807809,494,0,0,1,422,401469003611,611,4,2:34,454,7.566666666666666,95,86,95,86,9,Markelle Fultz makes 18-foot jumper (Wendell Carter Jr. assists)
nba,2023,401469004,2023-02-11,Washington Wizards,Indiana Pacers,WSH,IND,26-29,25-33,127,113,TRUE,Washington Wizards,26-29,NA,NA,NA,NA,NA,NA,NA,NA,NA,NA,Washington Wizards,26-29,Indiana Pacers,25-33,0.622,0.622,0.454,0.1674008810572687,0.8325991189427313,427,0,0,1,12,40146900420,20,1,9:42,2742,45.7,4,7,7,4,3,Myles Turner makes alley oop layup (Andrew Nembhard assists)
nba,2023,401469001,2023-02-11,Brooklyn Nets,Philadelphia 76ers,BKN,PHI,33-23,36-19,98,101,FALSE,Brooklyn Nets,33-23,NA,NA,NA,NA,NA,NA,NA,NA,NA,NA,Philadelphia 76ers,36-19,Brooklyn Nets,33-23,0.621,0.621,0.926,0.920086393088553,0.079913606911447,440,0,0,1,294,401469001409,409,3,3:16,916,15.266666666666667,76,65,76,65,11,Georges Niang shooting foul
nba,2023,401469000,2023-02-10,LA Clippers,Milwaukee Bucks,LAC,MIL,31-28,39-17,106,119,FALSE,LA Clippers,31-28,NA,NA,NA,NA,NA,NA,NA,NA,NA,NA,Milwaukee Bucks,39-17,LA Clippers,31-28,0.646,0.646,0.8,0.75,0.25,426,0,0,1,176,401469000259,259,2,4:25,1705,28.416666666666668,44,37,44,37,7,Ivica Zubac defensive rebound
nba,2023,401468997,2023-02-10,New Orleans Pelicans,Cleveland Cavaliers,NO,CLE,29-28,36-22,107,118,FALSE,Cleveland Cavaliers,36-22,NA,NA,NA,NA,NA,NA,NA,NA,NA,NA,Cleveland Cavaliers,36-22,New Orleans Pelicans,29-28,0.429,0.571,0.505,0.1504950495049504,0.8495049504950496,434,0,0,1,7,40146899716,16,1,10:24,2784,46.4,7,4,7,4,3,Evan Mobley misses alley oop layup
nba,2023,401468998,2023-02-10,Portland Trail Blazers,Oklahoma City Thunder,POR,OKC,27-29,27-28,129,138,FALSE,Portland Trail Blazers,27-29,NA,NA,NA,NA,NA,NA,NA,NA,NA,NA,Oklahoma City Thunder,27-28,Portland Trail Blazers,27-29,0.596,0.596,0.913,0.904709748083242,0.095290251916758,472,0,0,1,370,401468998541,541,4,9:45,585,9.75,112,103,112,103,9,Isaiah Joe out of bounds bad pass turnover
nba,2023,401468999,2023-02-10,Sacramento Kings,Dallas Mavericks,SAC,DAL,31-24,31-26,114,122,FALSE,Sacramento Kings,31-24,NA,NA,NA,NA,NA,NA,NA,NA,NA,NA,Dallas Mavericks,31-26,Sacramento Kings,31-24,0.759,0.759,0.759,0.6824769433465085,0.31752305665349145,430,0,0,1,1,4014689994,4,1,12:00,2880,48,0,0,0,0,0,Dwight Powell vs. Domantas Sabonis (Harrison Barnes gains possession)
nba,2023,401468995,2023-02-10,Miami Heat,Houston Rockets,MIA,HOU,31-25,13-43,97,95,TRUE,Miami Heat,31-25,NA,NA,NA,NA,NA,NA,NA,NA,NA,NA,Miami Heat,31-25,Houston Rockets,13-43,0.821,0.821,0.882,0.8662131519274376,0.13378684807256236,480,0,0,1,430,401468995635,635,4,2:37,157,2.6166666666666667,84,89,89,84,5,Jae'Sean Tate defensive rebound
nba,2023,401468996,2023-02-10,Memphis Grizzlies,Minnesota Timberwolves,MEM,MIN,34-21,30-29,128,107,TRUE,Memphis Grizzlies,34-21,NA,NA,NA,NA,NA,NA,NA,NA,NA,NA,Memphis Grizzlies,34-21,Minnesota Timberwolves,30-29,0.698,0.698,0.521,0.420345489443378,0.579654510556622,468,0,0,1,124,401468996190,190,2,10:49,2089,34.81666666666667,33,38,38,33,5,Jaren Jackson Jr. lost ball turnover (Mike Conley steals)
nba,2023,401468993,2023-02-10,Boston Celtics,Charlotte Hornets,BOS,CHA,40-16,15-42,127,116,TRUE,Boston Celtics,40-16,NA,NA,NA,NA,NA,NA,NA,NA,NA,NA,Boston Celtics,40-16,Charlotte Hornets,15-42,0.84,0.84,0.19999999999999996,0.1999999999999996,0.8000000000000004,468,0,0,1,82,401468993119,119,1,3:31,2371,39.516666666666666,20,19,19,20,-1,Malcolm Brogdon lost ball turnover (Dennis Smith Jr. steals)
nba,2023,401468994,2023-02-10,Toronto Raptors,Utah Jazz,TOR,UTAH,26-31,28-29,116,122,FALSE,Toronto Raptors,26-31,NA,NA,NA,NA,NA,NA,NA,NA,NA,NA,Utah Jazz,28-29,Toronto Raptors,26-31,0.709,0.709,0.989,0.9888776541961576,0.0111223458038423,498,0,0,2,444,401468994642,642,4,4:53,293,4.883333333333334,112,100,112,100,12,Jakob Poeltl makes free throw 1 of 2
nba,2023,401468990,2023-02-10,Detroit Pistons,San Antonio Spurs,DET,SA,15-42,14-42,138,131,TRUE,Detroit Pistons,15-42,NA,NA,NA,NA,NA,NA,NA,NA,NA,NA,Detroit Pistons,15-42,San Antonio Spurs,14-42,0.725,0.725,0.88,0.8636363636363635,0.13636363636363646,625,0,0,1,565,401468990780,780,5,18.1,318.1,5.301666666666667,121,125,125,121,4,Pistons Full timeout
nba,2023,401468991,2023-02-10,Indiana Pacers,Phoenix Suns,IND,PHX,25-32,31-27,104,117,FALSE,Indiana Pacers,25-32,NA,NA,NA,NA,NA,NA,NA,NA,NA,NA,Phoenix Suns,31-27,Indiana Pacers,25-32,0.632,0.632,0.694,0.5590778097982707,0.4409221902017293,478,0,0,1,10,40146899122,22,1,10:23,2783,46.38333333333333,7,5,7,5,2,Tyrese Haliburton defensive rebound
nba,2023,401468992,2023-02-10,Philadelphia 76ers,New York Knicks,PHI,NY,35-19,30-27,119,108,TRUE,Philadelphia 76ers,35-19,NA,NA,NA,NA,NA,NA,NA,NA,NA,NA,Philadelphia 76ers,35-19,New York Knicks,30-27,0.67,0.67,0.846,0.8179669030732861,0.18203309692671388,412,0,0,1,265,401468992376,376,3,6:25,1105,18.416666666666668,74,86,86,74,12,Julius Randle makes 26-foot three point jumper (Jalen Brunson assists)
nba,2023,401468989,2023-02-09,Los Angeles Lakers,Milwaukee Bucks,LAL,MIL,25-31,38-17,106,115,FALSE,Milwaukee Bucks,38-17,NA,NA,NA,NA,NA,NA,NA,NA,NA,NA,Milwaukee Bucks,38-17,Los Angeles Lakers,25-31,0.322,0.6779999999999999,0.713,0.5974754558204769,0.4025245441795231,484,0,0,1,284,401468989406,406,3,7:10,1150,19.166666666666668,71,63,71,63,8,Lonnie Walker IV makes pullup jump shot (Dennis Schroder assists)
nba,2023,401468987,2023-02-09,Atlanta Hawks,Phoenix Suns,ATL,PHX,28-28,30-27,116,107,TRUE,Atlanta Hawks,28-28,NA,NA,NA,NA,NA,NA,NA,NA,NA,NA,Atlanta Hawks,28-28,Phoenix Suns,30-27,0.752,0.752,0.28300000000000003,0.12367491166077749,0.8763250883392225,493,0,0,1,19,40146898728,28,1,9:25,2725,45.416666666666664,5,6,6,5,1,Jock Landale offensive rebound
nba,2023,401468988,2023-02-09,Brooklyn Nets,Chicago Bulls,BKN,CHI,33-22,26-29,116,105,TRUE,Brooklyn Nets,33-22,NA,NA,NA,NA,NA,NA,NA,NA,NA,NA,Brooklyn Nets,33-22,Chicago Bulls,26-29,0.605,0.605,0.802,0.7531172069825438,0.2468827930174562,463,0,0,1,119,401468988161,161,2,10:35,2075,34.583333333333336,19,32,32,19,13,Andre Drummond offensive rebound
nba,2023,401468986,2023-02-09,Orlando Magic,Denver Nuggets,ORL,DEN,23-33,38-18,115,104,TRUE,Denver Nuggets,38-18,NA,NA,NA,NA,NA,NA,NA,NA,NA,NA,Orlando Magic,23-33,Denver Nuggets,38-18,0.355,0.645,0.865,0.8439306358381502,0.1560693641618498,456,0,0,3,30,40146898642,42,1,8:51,2691,44.85,0,12,12,0,12,Aaron Gordon defensive rebound
nba,2023,401468984,2023-02-08,LA Clippers,Dallas Mavericks,LAC,DAL,31-27,30-26,104,110,FALSE,LA Clippers,31-27,NA,NA,NA,NA,NA,NA,NA,NA,NA,NA,Dallas Mavericks,30-26,LA Clippers,31-27,0.854,0.854,0.854,0.8290398126463701,0.17096018735362994,431,0,0,1,1,4014689844,4,1,12:00,2880,48,0,0,0,0,0,Dwight Powell vs. Ivica Zubac (Marcus Morris Sr. gains possession)
nba,2023,401468985,2023-02-08,Portland Trail Blazers,Golden State Warriors,POR,GS,27-28,28-27,125,122,TRUE,Portland Trail Blazers,27-28,NA,NA,NA,NA,NA,NA,NA,NA,NA,NA,Portland Trail Blazers,27-28,Golden State Warriors,28-27,0.657,0.657,0.732,0.6338797814207651,0.36612021857923494,448,0,0,5,269,401468985383,383,3,6:56,1136,18.933333333333337,75,82,82,75,7,Gary Payton II offensive foul
nba,2023,401468983,2023-02-08,Utah Jazz,Minnesota Timberwolves,UTAH,MIN,27-29,30-28,118,143,FALSE,Utah Jazz,27-29,NA,NA,NA,NA,NA,NA,NA,NA,NA,NA,Minnesota Timberwolves,30-28,Utah Jazz,27-29,0.612,0.612,0.613,0.3686786296900488,0.6313213703099512,449,0,0,1,5,40146898310,10,1,11:18,2838,47.3,3,2,3,2,1,Lauri Markkanen makes 24-foot three point jumper (Collin Sexton assists)
nba,2023,401468982,2023-02-08,Houston Rockets,Sacramento Kings,HOU,SAC,13-42,31-23,128,130,FALSE,Sacramento Kings,31-23,NA,NA,NA,NA,NA,NA,NA,NA,NA,NA,Sacramento Kings,31-23,Houston Rockets,13-42,0.231,0.769,0.979,0.9785495403472932,0.02145045965270675,471,0,0,1,458,401468982665,665,4,1.1,1.1,0.01833333333333333,128,127,128,127,1,Malik Monk personal take foul
nba,2023,401468979,2023-02-08,Boston Celtics,Philadelphia 76ers,BOS,PHI,39-16,34-19,106,99,TRUE,Boston Celtics,39-16,NA,NA,NA,NA,NA,NA,NA,NA,NA,NA,Boston Celtics,39-16,Philadelphia 76ers,34-19,0.528,0.528,0.6619999999999999,0.4894259818731117,0.5105740181268883,413,0,0,1,41,40146897960,60,1,6:08,2528,42.13333333333333,11,18,18,11,7,Jaylen Brown out of bounds bad pass turnover
nba,2023,401468980,2023-02-08,Miami Heat,Indiana Pacers,MIA,IND,30-25,25-31,116,111,TRUE,Miami Heat,30-25,NA,NA,NA,NA,NA,NA,NA,NA,NA,NA,Miami Heat,30-25,Indiana Pacers,25-31,0.599,0.599,0.745,0.6577181208053691,0.34228187919463093,460,0,0,1,244,401468980376,376,3,7:12,1152,19.2,67,75,75,67,8,Myles Turner makes two point shot
nba,2023,401468981,2023-02-08,Toronto Raptors,San Antonio Spurs,TOR,SA,26-30,14-41,112,98,TRUE,Toronto Raptors,26-30,NA,NA,NA,NA,NA,NA,NA,NA,NA,NA,Toronto Raptors,26-30,San Antonio Spurs,14-41,0.863,0.863,0.28200000000000003,0.5141843971631206,0.4858156028368794,466,0,0,1,186,401468981272,272,2,4:47,1727,28.783333333333335,45,47,47,45,2,Malaki Branham makes jump bank shot (Stanley Johnson assists)
nba,2023,401468977,2023-02-08,Cleveland Cavaliers,Detroit Pistons,CLE,DET,35-22,14-42,113,85,TRUE,Cleveland Cavaliers,35-22,NA,NA,NA,NA,NA,NA,NA,NA,NA,NA,Cleveland Cavaliers,35-22,Detroit Pistons,14-42,0.774,0.774,0.33299999999999996,0.3213213213213213,0.6786786786786787,439,0,0,2,289,401468977432,432,3,3:27,927,15.45,64,61,61,64,-3,Bojan Bogdanovic makes free throw 1 of 2
nba,2023,401468978,2023-02-08,Washington Wizards,Charlotte Hornets,WSH,CHA,25-29,15-41,118,104,TRUE,Washington Wizards,25-29,NA,NA,NA,NA,NA,NA,NA,NA,NA,NA,Washington Wizards,25-29,Charlotte Hornets,15-41,0.573,0.573,0.718,0.607242339832869,0.392757660167131,450,0,0,1,166,401468978247,247,2,6:29,1829,30.483333333333334,41,50,50,41,9,Gordon Hayward makes two point shot (Jalen McDaniels assists)
nba,2023,401468976,2023-02-07,Los Angeles Lakers,Oklahoma City Thunder,LAL,OKC,25-30,26-28,130,133,FALSE,Los Angeles Lakers,25-30,NA,NA,NA,NA,NA,NA,NA,NA,NA,NA,Oklahoma City Thunder,26-28,Los Angeles Lakers,25-30,0.692,0.692,0.75,0.6666666666666667,0.33333333333333326,477,0,0,2,55,40146897680,80,1,5:47,2507,41.78333333333333,15,13,15,13,2,Josh Giddey personal foul
nba,2023,401468975,2023-02-07,Denver Nuggets,Minnesota Timberwolves,DEN,MIN,38-17,29-28,146,112,TRUE,Denver Nuggets,38-17,NA,NA,NA,NA,NA,NA,NA,NA,NA,NA,Denver Nuggets,38-17,Minnesota Timberwolves,29-28,0.685,0.685,0.388,0.18814432989690733,0.8118556701030927,443,0,0,1,23,40146897545,45,1,8:55,2695,44.916666666666664,9,10,10,9,1,Anthony Edwards makes free throw 1 of 2
nba,2023,401468974,2023-02-07,Memphis Grizzlies,Chicago Bulls,MEM,CHI,33-21,26-28,104,89,TRUE,Memphis Grizzlies,33-21,NA,NA,NA,NA,NA,NA,NA,NA,NA,NA,Memphis Grizzlies,33-21,Chicago Bulls,26-28,0.754,0.754,0.793,0.7389659520807061,0.26103404791929385,469,0,0,1,331,401468974480,480,3,2:00,840,14,64,72,72,64,8,Andre Drummond defensive rebound
nba,2023,401468972,2023-02-07,Brooklyn Nets,Phoenix Suns,BKN,PHX,32-22,30-26,112,116,FALSE,Phoenix Suns,30-26,NA,NA,NA,NA,NA,NA,NA,NA,NA,NA,Phoenix Suns,30-26,Brooklyn Nets,32-22,0.324,0.6759999999999999,0.517,0.37330754352030937,0.6266924564796906,504,0,0,1,214,401468972310,310,2,1:50,1550,25.833333333333332,51,48,51,48,3,Deandre Ayton misses 7-foot two point shot
nba,2023,401468973,2023-02-07,New Orleans Pelicans,Atlanta Hawks,NO,ATL,29-27,27-28,116,107,TRUE,Atlanta Hawks,27-28,NA,NA,NA,NA,NA,NA,NA,NA,NA,NA,New Orleans Pelicans,29-27,Atlanta Hawks,27-28,0.496,0.504,0.635,0.4251968503937009,0.5748031496062991,460,0,0,1,118,401468973167,167,2,11:20,2120,35.333333333333336,33,37,37,33,4,Jose Alvarado misses 23-foot three point jumper
nba,2023,401468971,2023-02-07,Orlando Magic,New York Knicks,ORL,NY,22-33,30-26,98,102,FALSE,New York Knicks,30-26,NA,NA,NA,NA,NA,NA,NA,NA,NA,NA,New York Knicks,30-26,Orlando Magic,22-33,0.486,0.514,0.834,0.8009592326139088,0.1990407673860912,439,0,0,4,158,401468971224,224,2,5:50,1790,29.833333333333332,41,30,41,30,11,Franz Wagner makes free throw 1 of 2
nba,2023,401468969,2023-02-06,Golden State Warriors,Oklahoma City Thunder,GS,OKC,28-26,25-28,141,114,TRUE,Golden State Warriors,28-26,NA,NA,NA,NA,NA,NA,NA,NA,NA,NA,Golden State Warriors,28-26,Oklahoma City Thunder,25-28,0.572,0.572,0.692,0.5549132947976878,0.4450867052023122,437,0,0,1,133,401468969194,194,2,8:36,1956,32.6,36,44,44,36,8,Moses Moody misses 27-foot three point jumper
nba,2023,401468970,2023-02-06,Portland Trail Blazers,Milwaukee Bucks,POR,MIL,26-28,37-17,108,127,FALSE,Portland Trail Blazers,26-28,NA,NA,NA,NA,NA,NA,NA,NA,NA,NA,Milwaukee Bucks,37-17,Portland Trail Blazers,26-28,0.551,0.551,0.551,0.1851179673321235,0.8148820326678765,490,0,0,1,1,4014689704,4,1,12:00,2880,48,0,0,0,0,0,Brook Lopez vs. Drew Eubanks (Giannis Antetokounmpo gains possession)
nba,2023,401468968,2023-02-06,Utah Jazz,Dallas Mavericks,UTAH,DAL,27-28,29-26,111,124,FALSE,Utah Jazz,27-28,NA,NA,NA,NA,NA,NA,NA,NA,NA,NA,Dallas Mavericks,29-26,Utah Jazz,27-28,0.864,0.864,0.962,0.9604989604989604,0.03950103950103956,485,0,0,1,94,401468968131,131,1,1:43,2263,37.71666666666667,32,18,32,18,14,Collin Sexton makes free throw 1 of 2
nba,2023,401468966,2023-02-06,Chicago Bulls,San Antonio Spurs,CHI,SA,26-27,14-40,128,104,TRUE,Chicago Bulls,26-27,NA,NA,NA,NA,NA,NA,NA,NA,NA,NA,Chicago Bulls,26-27,San Antonio Spurs,14-40,0.87,0.87,0.5640000000000001,0.7695035460992908,0.23049645390070916,448,0,0,1,303,401468966426,426,3,2:46,886,14.766666666666667,79,83,83,79,4,Zach Collins defensive rebound
nba,2023,401468967,2023-02-06,Houston Rockets,Sacramento Kings,HOU,SAC,13-41,30-23,120,140,FALSE,Sacramento Kings,30-23,NA,NA,NA,NA,NA,NA,NA,NA,NA,NA,Sacramento Kings,30-23,Houston Rockets,13-41,0.288,0.712,0.344,0.16279069767441845,0.8372093023255816,447,0,0,1,23,40146896733,33,1,9:26,2726,45.43333333333333,6,5,6,5,1,Kenyon Martin Jr. defensive rebound
nba,2023,401468965,2023-02-06,Brooklyn Nets,LA Clippers,BKN,LAC,32-21,31-26,116,124,FALSE,LA Clippers,31-26,NA,NA,NA,NA,NA,NA,NA,NA,NA,NA,LA Clippers,31-26,Brooklyn Nets,32-21,0.309,0.6910000000000001,0.879,0.8623435722411832,0.1376564277588168,472,0,0,4,401,401468965563,563,4,6:20,380,6.333333333333333,107,99,107,99,8,Edmond Sumner makes 26-foot three point jumper (Yuta Watanabe assists)
nba,2023,401468963,2023-02-06,Detroit Pistons,Boston Celtics,DET,BOS,14-41,38-16,99,111,FALSE,Boston Celtics,38-16,NA,NA,NA,NA,NA,NA,NA,NA,NA,NA,Boston Celtics,38-16,Detroit Pistons,14-41,0.228,0.772,0.308,0.2597402597402598,0.7402597402597402,439,0,0,1,115,401468963161,161,2,10:53,2093,34.88333333333333,29,28,29,28,1,Isaiah Stewart makes layup (Saddiq Bey assists)
nba,2023,401468964,2023-02-06,Washington Wizards,Cleveland Cavaliers,WSH,CLE,24-29,34-22,91,114,FALSE,Cleveland Cavaliers,34-22,NA,NA,NA,NA,NA,NA,NA,NA,NA,NA,Cleveland Cavaliers,34-22,Washington Wizards,24-29,0.338,0.6619999999999999,0.357,0.05322128851540586,0.946778711484594,420,0,0,2,3,4014689649,9,1,11:41,2861,47.68333333333333,0,0,0,0,0,Kristaps Porzingis defensive rebound
nba,2023,401468961,2023-02-05,Minnesota Timberwolves,Denver Nuggets,MIN,DEN,29-27,37-17,128,98,TRUE,Minnesota Timberwolves,29-27,NA,NA,NA,NA,NA,NA,NA,NA,NA,NA,Minnesota Timberwolves,29-27,Denver Nuggets,37-17,0.82,0.82,0.223,0.192825112107623,0.807174887892377,457,0,0,1,91,401468961128,128,1,1:02,2222,37.03333333333333,25,21,21,25,-4,Peyton Watson defensive rebound
nba,2023,401468962,2023-02-05,New Orleans Pelicans,Sacramento Kings,NO,SAC,28-27,29-23,136,104,TRUE,Sacramento Kings,29-23,NA,NA,NA,NA,NA,NA,NA,NA,NA,NA,New Orleans Pelicans,28-27,Sacramento Kings,29-23,0.402,0.598,0.616,0.37662337662337664,0.6233766233766234,467,0,0,1,3,4014689629,9,1,11:32,2852,47.53333333333333,0,0,0,0,0,Domantas Sabonis defensive rebound
nba,2023,401468959,2023-02-05,New York Knicks,Philadelphia 76ers,NY,PHI,29-26,34-18,108,97,TRUE,Philadelphia 76ers,34-18,NA,NA,NA,NA,NA,NA,NA,NA,NA,NA,New York Knicks,29-26,Philadelphia 76ers,34-18,0.34,0.6599999999999999,0.955,0.9528795811518324,0.047120418848167533,472,0,0,1,86,401468959121,121,1,1:41,2261,37.68333333333333,15,35,35,15,20,Joel Embiid defensive rebound
nba,2023,401468960,2023-02-05,Memphis Grizzlies,Toronto Raptors,MEM,TOR,32-21,25-30,103,106,FALSE,Memphis Grizzlies,32-21,NA,NA,NA,NA,NA,NA,NA,NA,NA,NA,Toronto Raptors,25-30,Memphis Grizzlies,32-21,0.519,0.519,0.957,0.955067920585162,0.04493207941483801,474,0,0,3,307,401468960441,441,3,4:44,1004,16.733333333333334,80,66,80,66,14,Pascal Siakam loose ball foul
nba,2023,401468958,2023-02-05,Indiana Pacers,Cleveland Cavaliers,IND,CLE,25-30,33-22,103,122,FALSE,Cleveland Cavaliers,33-22,NA,NA,NA,NA,NA,NA,NA,NA,NA,NA,Cleveland Cavaliers,33-22,Indiana Pacers,25-30,0.394,0.606,0.548,0.281021897810219,0.718978102189781,465,0,0,1,13,40146895824,24,1,10:10,2770,46.166666666666664,8,2,8,2,6,Donovan Mitchell misses three point jumper
nba,2023,401468957,2023-02-05,Charlotte Hornets,Orlando Magic,CHA,ORL,15-40,22-32,113,119,FALSE,Charlotte Hornets,15-40,NA,NA,NA,NA,NA,NA,NA,NA,NA,NA,Orlando Magic,22-32,Charlotte Hornets,15-40,0.543,0.543,0.786,0.727735368956743,0.27226463104325704,462,0,0,3,184,401468957265,265,2,5:22,1762,29.366666666666667,50,42,50,42,8,Dennis Smith Jr. makes free throw 1 of 2
nba,2023,401468956,2023-02-04,Denver Nuggets,Atlanta Hawks,DEN,ATL,37-16,27-27,128,108,TRUE,Denver Nuggets,37-16,NA,NA,NA,NA,NA,NA,NA,NA,NA,NA,Denver Nuggets,37-16,Atlanta Hawks,27-27,0.781,0.781,0.33999999999999997,0.35588235294117654,0.6441176470588235,463,0,0,1,56,40146895682,82,1,4:42,2442,40.7,20,23,23,20,3,Clint Capela defensive rebound
nba,2023,401468955,2023-02-04,Golden State Warriors,Dallas Mavericks,GS,DAL,27-26,28-26,119,113,TRUE,Golden State Warriors,27-26,NA,NA,NA,NA,NA,NA,NA,NA,NA,NA,Golden State Warriors,27-26,Dallas Mavericks,28-26,0.747,0.747,0.266,0.04887218045112784,0.9511278195488722,453,0,0,2,2,4014689557,7,1,11:46,2866,47.766666666666666,0,0,0,0,0,Klay Thompson misses 21-foot pullup jump shot
nba,2023,401468951,2023-02-04,Chicago Bulls,Portland Trail Blazers,CHI,POR,25-27,26-27,129,121,TRUE,Chicago Bulls,25-27,NA,NA,NA,NA,NA,NA,NA,NA,NA,NA,Chicago Bulls,25-27,Portland Trail Blazers,26-27,0.579,0.579,0.949,0.946259220231823,0.05374077976817704,418,0,0,1,242,401468951345,345,3,6:38,1118,18.633333333333333,63,80,80,63,17,Damian Lillard makes three point jumper (Josh Hart assists)
nba,2023,401468952,2023-02-04,Milwaukee Bucks,Miami Heat,MIL,MIA,36-17,29-25,123,115,TRUE,Milwaukee Bucks,36-17,NA,NA,NA,NA,NA,NA,NA,NA,NA,NA,Milwaukee Bucks,36-17,Miami Heat,29-25,0.668,0.668,0.554,0.4007220216606499,0.59927797833935,483,0,0,1,348,401468952475,475,3,2:12,852,14.2,88,90,90,88,2,Dewayne Dedmon blocks Khris Middleton 's 8-foot driving layup
nba,2023,401468954,2023-02-04,Oklahoma City Thunder,Houston Rockets,OKC,HOU,25-27,13-40,153,121,TRUE,Oklahoma City Thunder,25-27,NA,NA,NA,NA,NA,NA,NA,NA,NA,NA,Oklahoma City Thunder,25-27,Houston Rockets,13-40,0.825,0.825,0.17500000000000004,0,1,462,0,0,1,1,4014689544,4,1,12:00,2880,48,0,0,0,0,0,Jabari Smith Jr. vs. Mike Muscala (Daishen Nix gains possession)
nba,2023,401468949,2023-02-04,Detroit Pistons,Phoenix Suns,DET,PHX,14-40,29-26,100,116,FALSE,Phoenix Suns,29-26,NA,NA,NA,NA,NA,NA,NA,NA,NA,NA,Phoenix Suns,29-26,Detroit Pistons,14-40,0.383,0.617,0.441,0.1315192743764172,0.8684807256235828,457,0,0,1,143,401468949208,208,2,9:09,1989,33.15,31,31,31,31,0,Saddiq Bey defensive rebound
nba,2023,401468950,2023-02-04,New York Knicks,LA Clippers,NY,LAC,28-26,30-26,128,134,FALSE,LA Clippers,30-26,NA,NA,NA,NA,NA,NA,NA,NA,NA,NA,LA Clippers,30-26,New York Knicks,28-26,0.392,0.608,0.953,0.9506820566631689,0.04931794333683115,504,0,0,1,425,401468950599,599,4,3.1,303.1,5.051666666666667,115,112,115,112,3,Ivica Zubac offensive rebound
nba,2023,401468948,2023-02-04,Brooklyn Nets,Washington Wizards,BKN,WSH,32-20,24-28,125,123,TRUE,Brooklyn Nets,32-20,NA,NA,NA,NA,NA,NA,NA,NA,NA,NA,Brooklyn Nets,32-20,Washington Wizards,24-28,0.534,0.534,0.975,0.9743589743589742,0.02564102564102577,501,0,0,2,283,401468948407,407,3,8:32,1232,20.533333333333335,64,84,84,64,20,Kristaps Porzingis vs. Royce O'Neale
nba,2023,401468953,2023-02-04,New Orleans Pelicans,Los Angeles Lakers,NO,LAL,27-27,25-29,131,126,TRUE,New Orleans Pelicans,27-27,NA,NA,NA,NA,NA,NA,NA,NA,NA,NA,New Orleans Pelicans,27-27,Los Angeles Lakers,25-29,0.616,0.616,0.841,0.8109393579072532,0.18906064209274676,487,0,0,1,283,401468953395,395,3,8:09,1209,20.15,72,84,84,72,12,LeBron James makes layup (Dennis Schroder assists)
nba,2023,401468947,2023-02-03,Utah Jazz,Atlanta Hawks,UTAH,ATL,27-27,27-26,108,115,FALSE,Utah Jazz,27-27,NA,NA,NA,NA,NA,NA,NA,NA,NA,NA,Atlanta Hawks,27-26,Utah Jazz,27-27,0.537,0.537,0.589,0.3022071307300509,0.6977928692699491,471,0,0,1,6,40146894711,11,1,11:26,2846,47.43333333333333,2,0,2,0,2,Mike Conley defensive rebound
nba,2023,401468944,2023-02-03,Houston Rockets,Toronto Raptors,HOU,TOR,13-39,24-30,111,117,FALSE,Toronto Raptors,24-30,NA,NA,NA,NA,NA,NA,NA,NA,NA,NA,Toronto Raptors,24-30,Houston Rockets,13-39,0.303,0.6970000000000001,0.675,0.5511111111111112,0.4488888888888888,477,0,0,1,55,40146894478,78,1,5:24,2484,41.4,19,6,19,6,13,Precious Achiuwa misses 23-foot three point jumper
nba,2023,401468945,2023-02-03,Minnesota Timberwolves,Orlando Magic,MIN,ORL,28-27,21-32,120,127,FALSE,Minnesota Timberwolves,28-27,NA,NA,NA,NA,NA,NA,NA,NA,NA,NA,Orlando Magic,21-32,Minnesota Timberwolves,28-27,0.652,0.652,0.848,0.820754716981132,0.179245283018868,526,0,0,5,92,401468945129,129,1,2:22,2302,38.36666666666667,26,17,26,17,9,Anthony Edwards makes free throw 1 of 2
nba,2023,401468946,2023-02-03,San Antonio Spurs,Philadelphia 76ers,SA,PHI,14-39,34-17,125,137,FALSE,Philadelphia 76ers,34-17,NA,NA,NA,NA,NA,NA,NA,NA,NA,NA,Philadelphia 76ers,34-17,San Antonio Spurs,14-39,0.135,0.865,0.287,0.5296167247386758,0.4703832752613242,456,0,0,1,52,40146894677,77,1,5:55,2515,41.916666666666664,15,9,15,9,6,James Harden misses 15-foot step back jumpshot
nba,2023,401468943,2023-02-03,Boston Celtics,Phoenix Suns,BOS,PHX,37-16,28-26,94,106,FALSE,Boston Celtics,37-16,NA,NA,NA,NA,NA,NA,NA,NA,NA,NA,Phoenix Suns,28-26,Boston Celtics,37-16,0.863,0.863,0.919,0.911860718171926,0.08813928182807396,457,0,0,4,37,40146894346,46,1,8:08,2648,44.13333333333333,7,0,7,0,7,Al Horford defensive rebound
nba,2023,401468940,2023-02-03,Detroit Pistons,Charlotte Hornets,DET,CHA,14-39,15-39,118,112,TRUE,Detroit Pistons,14-39,NA,NA,NA,NA,NA,NA,NA,NA,NA,NA,Detroit Pistons,14-39,Charlotte Hornets,15-39,0.535,0.535,0.878,0.8610478359908884,0.1389521640091116,483,0,0,1,405,401468940584,584,4,6:04,364,6.066666666666666,99,104,104,99,5,Killian Hayes shooting foul
nba,2023,401468941,2023-02-03,Indiana Pacers,Sacramento Kings,IND,SAC,25-29,29-22,107,104,TRUE,Sacramento Kings,29-22,NA,NA,NA,NA,NA,NA,NA,NA,NA,NA,Indiana Pacers,25-29,Sacramento Kings,29-22,0.498,0.502,0.5549999999999999,0.19819819819819795,0.801801801801802,461,0,0,2,172,401468941247,247,2,7:38,1898,31.633333333333333,37,39,39,37,2,Trey Lyles makes layup (Domantas Sabonis assists)
nba,2023,401468942,2023-02-03,Washington Wizards,Portland Trail Blazers,WSH,POR,24-27,26-26,116,124,FALSE,Washington Wizards,24-27,NA,NA,NA,NA,NA,NA,NA,NA,NA,NA,Portland Trail Blazers,26-26,Washington Wizards,24-27,0.592,0.592,0.967,0.965873836608066,0.03412616339193386,427,0,0,1,196,401468942278,278,2,1:41,1541,25.683333333333337,63,43,63,43,20,Monte Morris defensive rebound
nba,2023,401468939,2023-02-02,Milwaukee Bucks,LA Clippers,MIL,LAC,35-17,29-26,106,105,TRUE,LA Clippers,29-26,NA,NA,NA,NA,NA,NA,NA,NA,NA,NA,Milwaukee Bucks,35-17,LA Clippers,29-26,0.48,0.52,0.985,0.984771573604061,0.01522842639593902,484,0,0,1,266,401468939361,361,3,7:26,1166,19.433333333333337,55,75,75,55,20,Giannis Antetokounmpo shooting foul
nba,2023,401468938,2023-02-02,Denver Nuggets,Golden State Warriors,DEN,GS,36-16,26-26,134,117,TRUE,Denver Nuggets,36-16,NA,NA,NA,NA,NA,NA,NA,NA,NA,NA,Denver Nuggets,36-16,Golden State Warriors,26-26,0.653,0.653,0.752,0.6702127659574468,0.32978723404255317,459,0,0,1,161,401468938239,239,2,6:54,1854,30.9,44,55,55,44,11,JaMychal Green defensive rebound
nba,2023,401468937,2023-02-02,Dallas Mavericks,New Orleans Pelicans,DAL,NO,28-25,26-27,111,106,TRUE,Dallas Mavericks,28-25,NA,NA,NA,NA,NA,NA,NA,NA,NA,NA,Dallas Mavericks,28-25,New Orleans Pelicans,26-27,0.633,0.633,0.419,0.12410501193317436,0.8758949880668256,469,0,0,1,4,40146893710,10,1,11:18,2838,47.3,0,2,2,0,2,CJ McCollum defensive rebound
nba,2023,401468936,2023-02-02,Chicago Bulls,Charlotte Hornets,CHI,CHA,24-27,15-38,114,98,TRUE,Chicago Bulls,24-27,NA,NA,NA,NA,NA,NA,NA,NA,NA,NA,Chicago Bulls,24-27,Charlotte Hornets,15-38,0.691,0.691,0.419,0.26252983293556076,0.7374701670644392,450,0,0,1,18,40146893631,31,1,9:16,2716,45.266666666666666,5,9,9,5,4,LaMelo Ball defensive rebound
nba,2023,401468934,2023-02-02,Cleveland Cavaliers,Memphis Grizzlies,CLE,MEM,32-22,32-20,128,113,TRUE,Cleveland Cavaliers,32-22,NA,NA,NA,NA,NA,NA,NA,NA,NA,NA,Cleveland Cavaliers,32-22,Memphis Grizzlies,32-20,0.752,0.752,0.408,0.3921568627450981,0.6078431372549019,483,0,0,1,187,401468934271,271,2,5:49,1789,29.816666666666663,45,46,46,45,1,Santi Aldama makes free throw 2 of 3
nba,2023,401468935,2023-02-02,New York Knicks,Miami Heat,NY,MIA,28-25,29-24,106,104,TRUE,New York Knicks,28-25,NA,NA,NA,NA,NA,NA,NA,NA,NA,NA,New York Knicks,28-25,Miami Heat,29-24,0.54,0.54,0.645,0.4496124031007753,0.5503875968992247,432,0,0,1,185,401468935267,267,2,4:43,1723,28.716666666666665,37,42,42,37,5,Gabe Vincent defensive rebound
nba,2023,401468933,2023-02-02,Indiana Pacers,Los Angeles Lakers,IND,LAL,24-29,25-28,111,112,FALSE,Indiana Pacers,24-29,NA,NA,NA,NA,NA,NA,NA,NA,NA,NA,Los Angeles Lakers,25-28,Indiana Pacers,24-29,0.503,0.503,0.967,0.965873836608066,0.03412616339193386,468,0,0,1,340,401468933484,484,4,11:17,677,11.283333333333331,98,84,98,84,14,Isaiah Jackson blocks Russell Westbrook 's 4-foot two point shot
nba,2023,401468932,2023-02-01,Phoenix Suns,Atlanta Hawks,PHX,ATL,27-26,26-26,100,132,FALSE,Phoenix Suns,27-26,NA,NA,NA,NA,NA,NA,NA,NA,NA,NA,Atlanta Hawks,26-26,Phoenix Suns,27-26,0.544,0.544,0.544,0.16176470588235303,0.838235294117647,444,0,0,1,1,4014689324,4,1,12:00,2880,48,0,0,0,0,0,Clint Capela vs. Deandre Ayton (Torrey Craig gains possession)
nba,2023,401468931,2023-02-01,Utah Jazz,Toronto Raptors,UTAH,TOR,27-26,23-30,131,128,TRUE,Utah Jazz,27-26,NA,NA,NA,NA,NA,NA,NA,NA,NA,NA,Utah Jazz,27-26,Toronto Raptors,23-30,0.627,0.627,0.569,0.34446397188049205,0.655536028119508,497,0,0,1,415,401468931590,590,4,6:17,377,6.283333333333333,104,105,105,104,1,Malik Beasley misses 25-foot three point jumper
nba,2023,401468928,2023-02-01,Houston Rockets,Oklahoma City Thunder,HOU,OKC,13-38,24-27,112,106,TRUE,Oklahoma City Thunder,24-27,NA,NA,NA,NA,NA,NA,NA,NA,NA,NA,Houston Rockets,13-38,Oklahoma City Thunder,24-27,0.401,0.599,0.798,0.7468671679197996,0.25313283208020043,554,0,0,1,372,401468928527,527,3,53.2,773.2,12.886666666666668,80,85,85,80,5,Tari Eason shooting foul
nba,2023,401468929,2023-02-01,Minnesota Timberwolves,Golden State Warriors,MIN,GS,28-26,26-25,119,114,TRUE,Golden State Warriors,26-25,NA,NA,NA,NA,NA,NA,NA,NA,NA,NA,Minnesota Timberwolves,28-26,Golden State Warriors,26-25,0.434,0.5660000000000001,0.966,0.9648033126293996,0.03519668737060044,549,0,0,1,395,401468929551,551,4,10:31,931,15.516666666666667,85,98,98,85,13,Draymond Green defensive rebound
nba,2023,401468930,2023-02-01,San Antonio Spurs,Sacramento Kings,SA,SAC,14-38,29-21,109,119,FALSE,Sacramento Kings,29-21,NA,NA,NA,NA,NA,NA,NA,NA,NA,NA,Sacramento Kings,29-21,San Antonio Spurs,14-38,0.291,0.7090000000000001,0.384,0.24218750000000025,0.7578124999999998,426,0,0,1,335,401468930495,495,4,9:54,594,9.9,88,89,88,89,-1,Doug McDermott makes 3-foot layup (Keita Bates-Diop assists)
nba,2023,401468927,2023-02-01,Boston Celtics,Brooklyn Nets,BOS,BKN,37-15,31-20,139,96,TRUE,Boston Celtics,37-15,NA,NA,NA,NA,NA,NA,NA,NA,NA,NA,Boston Celtics,37-15,Brooklyn Nets,31-20,0.761,0.761,0.256,0.06640625000000011,0.93359375,401,0,0,1,5,40146892710,10,1,11:26,2846,47.43333333333333,0,0,0,0,0,Nic Claxton offensive rebound
nba,2023,401468925,2023-02-01,Philadelphia 76ers,Orlando Magic,PHI,ORL,33-17,20-32,105,94,TRUE,Philadelphia 76ers,33-17,NA,NA,NA,NA,NA,NA,NA,NA,NA,NA,Philadelphia 76ers,33-17,Orlando Magic,20-32,0.859,0.859,0.344,0.5901162790697674,0.4098837209302326,471,0,0,1,396,401468925553,553,4,9:30,570,9.5,85,83,83,85,-2,Paolo Banchero offensive rebound
nba,2023,401468926,2023-02-01,Memphis Grizzlies,Portland Trail Blazers,MEM,POR,32-19,25-26,112,122,FALSE,Memphis Grizzlies,32-19,NA,NA,NA,NA,NA,NA,NA,NA,NA,NA,Portland Trail Blazers,25-26,Memphis Grizzlies,32-19,0.612,0.612,0.868,0.8479262672811059,0.15207373271889413,473,0,0,1,381,401468926553,553,4,9:19,559,9.316666666666666,97,90,97,90,7,Danny Green defensive rebound
nba,2023,401468923,2023-01-31,Denver Nuggets,New Orleans Pelicans,DEN,NO,35-16,26-26,122,113,TRUE,Denver Nuggets,35-16,NA,NA,NA,NA,NA,NA,NA,NA,NA,NA,Denver Nuggets,35-16,New Orleans Pelicans,26-26,0.743,0.743,0.747,0.6613119143239625,0.3386880856760375,468,0,0,1,174,401468923271,271,2,3:55,1675,27.916666666666668,41,53,53,41,12,Brandon Ingram defensive rebound
nba,2023,401468921,2023-01-31,Chicago Bulls,LA Clippers,CHI,LAC,23-27,29-25,103,108,FALSE,Chicago Bulls,23-27,NA,NA,NA,NA,NA,NA,NA,NA,NA,NA,LA Clippers,29-25,Chicago Bulls,23-27,0.504,0.504,0.924,0.9177489177489178,0.08225108225108224,455,0,0,1,132,401468921193,193,2,7:22,1882,31.366666666666667,46,27,46,27,19,Zach LaVine makes two point shot (Alex Caruso assists)
nba,2023,401468922,2023-01-31,Milwaukee Bucks,Charlotte Hornets,MIL,CHA,34-17,15-37,124,115,TRUE,Milwaukee Bucks,34-17,NA,NA,NA,NA,NA,NA,NA,NA,NA,NA,Milwaukee Bucks,34-17,Charlotte Hornets,15-37,0.784,0.784,0.598,0.6387959866220736,0.3612040133779264,569,0,0,1,352,401468922496,496,3,3:40,940,15.666666666666666,81,85,85,81,4,Mark Williams defensive rebound
nba,2023,401468920,2023-01-31,New York Knicks,Los Angeles Lakers,NY,LAL,27-25,24-28,123,129,FALSE,New York Knicks,27-25,NA,NA,NA,NA,NA,NA,NA,NA,NA,NA,Los Angeles Lakers,24-28,New York Knicks,27-25,0.751,0.751,0.834,0.8009592326139088,0.1990407673860912,511,0,0,4,204,401468920281,281,2,2:29,1889,31.483333333333334,51,43,51,43,8,Isaiah Hartenstein makes 4-foot two point shot (Quentin Grimes assists)
nba,2023,401468919,2023-01-31,Cleveland Cavaliers,Miami Heat,CLE,MIA,31-22,29-23,97,100,FALSE,Cleveland Cavaliers,31-22,NA,NA,NA,NA,NA,NA,NA,NA,NA,NA,Miami Heat,29-23,Cleveland Cavaliers,31-22,0.7,0.7,0.879,0.8623435722411832,0.1376564277588168,441,0,0,1,40,40146891958,58,1,6:16,2536,42.266666666666666,16,5,16,5,11,Kyle Lowry bad pass (Donovan Mitchell steals)
nba,2023,401468918,2023-01-30,Portland Trail Blazers,Atlanta Hawks,POR,ATL,24-26,25-26,129,125,TRUE,Portland Trail Blazers,24-26,NA,NA,NA,NA,NA,NA,NA,NA,NA,NA,Portland Trail Blazers,24-26,Atlanta Hawks,25-26,0.68,0.68,0.552,0.42028985507246386,0.5797101449275361,456,0,0,1,414,401468918581,581,4,1:06,66,1.1,119,118,118,119,-1,Dejounte Murray makes free throw 1 of 2
nba,2023,401468917,2023-01-30,Phoenix Suns,Toronto Raptors,PHX,TOR,27-25,23-29,114,106,TRUE,Phoenix Suns,27-25,NA,NA,NA,NA,NA,NA,NA,NA,NA,NA,Phoenix Suns,27-25,Toronto Raptors,23-29,0.556,0.556,0.785,0.7261146496815287,0.2738853503184713,451,0,0,1,264,401468917382,382,3,6:56,1136,18.933333333333337,66,73,73,66,7,Fred VanVleet makes free throw 1 of 2
nba,2023,401468916,2023-01-30,Dallas Mavericks,Detroit Pistons,DAL,DET,27-25,13-39,111,105,TRUE,Dallas Mavericks,27-25,NA,NA,NA,NA,NA,NA,NA,NA,NA,NA,Dallas Mavericks,27-25,Detroit Pistons,13-39,0.791,0.791,0.782,0.7327365728900257,0.2672634271099743,463,0,0,4,291,401468916397,397,3,6:16,1096,18.266666666666666,63,74,74,63,11,Bojan Bogdanovic makes 23-foot three point jumper (Alec Burks assists)
nba,2023,401468913,2023-01-30,Minnesota Timberwolves,Sacramento Kings,MIN,SAC,27-26,28-21,111,118,FALSE,Sacramento Kings,28-21,NA,NA,NA,NA,NA,NA,NA,NA,NA,NA,Sacramento Kings,28-21,Minnesota Timberwolves,27-26,0.472,0.528,0.843,0.8137603795966786,0.18623962040332143,512,0,0,1,247,401468913342,342,3,10:43,1663,27.716666666666665,61,51,61,51,10,Domantas Sabonis shooting foul
nba,2023,401468914,2023-01-30,Oklahoma City Thunder,Golden State Warriors,OKC,GS,24-26,26-24,120,128,FALSE,Golden State Warriors,26-24,NA,NA,NA,NA,NA,NA,NA,NA,NA,NA,Golden State Warriors,26-24,Oklahoma City Thunder,24-26,0.34,0.6599999999999999,0.37,0.08108108108108081,0.9189189189189192,482,0,0,1,25,40146891437,37,1,8:35,2675,44.583333333333336,8,7,8,7,1,Josh Giddey makes driving layup
nba,2023,401468915,2023-01-30,San Antonio Spurs,Washington Wizards,SA,WSH,14-37,24-26,106,127,FALSE,Washington Wizards,24-26,NA,NA,NA,NA,NA,NA,NA,NA,NA,NA,Washington Wizards,24-26,San Antonio Spurs,14-37,0.367,0.633,0.617,0.40518638573743926,0.5948136142625607,470,0,0,1,126,401468915186,186,2,11:53,2153,35.88333333333333,36,30,36,30,6,Kendrick Nunn technical foul (1st technical foul)
nba,2023,401468912,2023-01-30,Brooklyn Nets,Los Angeles Lakers,BKN,LAL,31-19,23-28,121,104,TRUE,Brooklyn Nets,31-19,NA,NA,NA,NA,NA,NA,NA,NA,NA,NA,Brooklyn Nets,31-19,Los Angeles Lakers,23-28,0.759,0.759,0.7,0.6557142857142857,0.3442857142857143,506,0,0,1,361,401468912504,504,3,2:32,872,14.533333333333331,75,82,82,75,7,Lonnie Walker IV makes 25-foot three point jumper (Troy Brown Jr. assists)
nba,2023,401468911,2023-01-30,Philadelphia 76ers,Orlando Magic,PHI,ORL,32-17,20-31,109,119,FALSE,Philadelphia 76ers,32-17,NA,NA,NA,NA,NA,NA,NA,NA,NA,NA,Orlando Magic,20-31,Philadelphia 76ers,32-17,0.853,0.853,0.984,0.983739837398374,0.0162601626016261,491,0,0,2,193,401468911273,273,2,5:37,1777,29.616666666666667,47,27,47,27,20,Joel Embiid makes free throw 1 of 2
nba,2023,401468910,2023-01-29,Milwaukee Bucks,New Orleans Pelicans,MIL,NO,33-17,26-25,135,110,TRUE,Milwaukee Bucks,33-17,NA,NA,NA,NA,NA,NA,NA,NA,NA,NA,Milwaukee Bucks,33-17,New Orleans Pelicans,26-25,0.735,0.735,0.265,0,1,481,0,0,1,1,4014689104,4,1,12:00,2880,48,0,0,0,0,0,Jonas Valanciunas vs. Brook Lopez (Naji Marshall gains possession)
nba,2023,401468909,2023-01-29,Cleveland Cavaliers,LA Clippers,CLE,LAC,31-21,28-25,122,99,TRUE,Cleveland Cavaliers,31-21,NA,NA,NA,NA,NA,NA,NA,NA,NA,NA,Cleveland Cavaliers,31-21,LA Clippers,28-25,0.793,0.793,0.20899999999999996,0.00956937799043067,0.9904306220095692,435,0,0,1,4,4014689099,9,1,11:29,2849,47.483333333333334,0,0,0,0,0,Jarrett Allen bad pass (Norman Powell steals)
nba,2023,401468908,2023-01-29,Memphis Grizzlies,Indiana Pacers,MEM,IND,32-18,24-28,112,100,TRUE,Memphis Grizzlies,32-18,NA,NA,NA,NA,NA,NA,NA,NA,NA,NA,Memphis Grizzlies,32-18,Indiana Pacers,24-28,0.757,0.757,0.903,0.8925802879291251,0.10741971207087486,447,0,0,2,179,401468908257,257,2,3:58,1678,27.966666666666665,37,56,56,37,19,Oshae Brissett offensive rebound
nba,2023,401468907,2023-01-29,Charlotte Hornets,Miami Heat,CHA,MIA,15-36,28-23,122,117,TRUE,Miami Heat,28-23,NA,NA,NA,NA,NA,NA,NA,NA,NA,NA,Charlotte Hornets,15-36,Miami Heat,28-23,0.404,0.596,0.9,0.8888888888888888,0.11111111111111116,458,0,0,2,267,401468907383,383,3,8:32,1232,20.533333333333335,59,72,72,59,13,Bam Adebayo makes 13-foot pullup jump shot
nba,2023,401468906,2023-01-28,Portland Trail Blazers,Toronto Raptors,POR,TOR,23-26,23-28,105,123,FALSE,Portland Trail Blazers,23-26,NA,NA,NA,NA,NA,NA,NA,NA,NA,NA,Toronto Raptors,23-28,Portland Trail Blazers,23-26,0.667,0.667,0.675,0.5185185185185186,0.4814814814814814,422,0,0,1,10,40146890616,16,1,10:41,2801,46.68333333333333,1,2,1,2,-1,Damian Lillard makes free throw 1 of 2
nba,2023,401468905,2023-01-28,Utah Jazz,Dallas Mavericks,UTAH,DAL,26-26,26-25,108,100,TRUE,Utah Jazz,26-26,NA,NA,NA,NA,NA,NA,NA,NA,NA,NA,Utah Jazz,26-26,Dallas Mavericks,26-25,0.778,0.778,0.29400000000000004,0.24489795918367363,0.7551020408163264,445,0,0,1,22,40146890536,36,1,9:03,2703,45.05,5,8,8,5,3,Spencer Dinwiddie makes 27-foot three pointer (Dorian Finney-Smith assists)
nba,2023,401468904,2023-01-28,Boston Celtics,Los Angeles Lakers,BOS,LAL,36-15,23-27,125,121,TRUE,Boston Celtics,36-15,NA,NA,NA,NA,NA,NA,NA,NA,NA,NA,Boston Celtics,36-15,Los Angeles Lakers,23-27,0.788,0.788,0.933,0.9281886387995713,0.07181136120042875,521,0,0,1,447,401468904619,619,4,4.0,304,5.066666666666666,102,105,105,102,3,Jaylen Brown offensive rebound
nba,2023,401468901,2023-01-28,Minnesota Timberwolves,Sacramento Kings,MIN,SAC,27-25,27-21,117,110,TRUE,Sacramento Kings,27-21,NA,NA,NA,NA,NA,NA,NA,NA,NA,NA,Minnesota Timberwolves,27-25,Sacramento Kings,27-21,0.365,0.635,0.6819999999999999,0.533724340175953,0.46627565982404695,473,0,0,1,242,401468901345,345,3,10:33,1353,22.55,59,62,62,59,3,Jaden McDaniels misses 24-foot three point jumper
nba,2023,401468902,2023-01-28,New Orleans Pelicans,Washington Wizards,NO,WSH,26-24,23-26,103,113,FALSE,New Orleans Pelicans,26-24,NA,NA,NA,NA,NA,NA,NA,NA,NA,NA,Washington Wizards,23-26,New Orleans Pelicans,26-24,0.606,0.606,0.737,0.6431478968792401,0.3568521031207599,481,0,0,1,21,40146890229,29,1,8:59,2699,44.983333333333334,8,2,8,2,6,Bradley Beal misses 9-foot pullup jump shot
nba,2023,401468903,2023-01-28,San Antonio Spurs,Phoenix Suns,SA,PHX,14-36,26-25,118,128,FALSE,Phoenix Suns,26-25,NA,NA,NA,NA,NA,NA,NA,NA,NA,NA,Phoenix Suns,26-25,San Antonio Spurs,14-36,0.384,0.616,0.543,0.2928176795580111,0.7071823204419889,509,0,0,1,446,401468903626,626,4,23.2,323.2,5.386666666666667,110,110,110,110,0,Spurs Full timeout
nba,2023,401468900,2023-01-28,Atlanta Hawks,LA Clippers,ATL,LAC,25-25,28-24,113,120,FALSE,Atlanta Hawks,25-25,NA,NA,NA,NA,NA,NA,NA,NA,NA,NA,LA Clippers,28-24,Atlanta Hawks,25-25,0.556,0.556,0.817,0.7760097919216646,0.22399020807833536,431,0,0,1,121,401468900168,168,2,8:36,1956,32.6,41,30,41,30,11,Dejounte Murray makes 10-foot driving floating jump shot
nba,2023,401468898,2023-01-28,Detroit Pistons,Houston Rockets,DET,HOU,13-38,12-38,114,117,FALSE,Detroit Pistons,13-38,NA,NA,NA,NA,NA,NA,NA,NA,NA,NA,Houston Rockets,12-38,Detroit Pistons,13-38,0.661,0.661,0.909,0.8998899889988998,0.10011001100110016,502,0,0,2,101,401468898142,142,1,2:01,2281,38.016666666666666,34,20,34,20,14,Killian Hayes makes free throw 1 of 2
nba,2023,401468899,2023-01-28,Orlando Magic,Chicago Bulls,ORL,CHI,19-31,23-26,109,128,FALSE,Chicago Bulls,23-26,NA,NA,NA,NA,NA,NA,NA,NA,NA,NA,Chicago Bulls,23-26,Orlando Magic,19-31,0.444,0.556,0.499,0.11022044088176364,0.8897795591182364,420,0,0,1,7,40146889915,15,1,10:42,2802,46.7,2,0,2,0,2,Paolo Banchero defensive rebound
nba,2023,401468897,2023-01-28,Brooklyn Nets,New York Knicks,BKN,NY,30-19,27-24,122,115,TRUE,Brooklyn Nets,30-19,NA,NA,NA,NA,NA,NA,NA,NA,NA,NA,Brooklyn Nets,30-19,New York Knicks,27-24,0.568,0.568,0.474,0.08860759493670867,0.9113924050632912,422,0,0,1,8,40146889713,13,1,11:06,2826,47.1,0,0,0,0,0,Joe Harris shooting foul
nba,2023,401468896,2023-01-28,Philadelphia 76ers,Denver Nuggets,PHI,DEN,32-16,34-16,126,119,TRUE,Philadelphia 76ers,32-16,NA,NA,NA,NA,NA,NA,NA,NA,NA,NA,Philadelphia 76ers,32-16,Denver Nuggets,34-16,0.768,0.768,0.959,0.957247132429614,0.04275286757038588,433,0,0,1,302,401468896441,441,3,1:59,839,13.983333333333333,84,99,99,84,15,James Harden technical foul (1st technical foul)
nba,2023,401468895,2023-01-27,Golden State Warriors,Toronto Raptors,GS,TOR,25-24,22-28,129,117,TRUE,Golden State Warriors,25-24,NA,NA,NA,NA,NA,NA,NA,NA,NA,NA,Golden State Warriors,25-24,Toronto Raptors,22-28,0.63,0.63,0.673,0.5141158989598813,0.4858841010401187,462,0,0,2,161,401468895229,229,2,7:33,1893,31.55,39,46,46,39,7,Donte DiVincenzo shooting foul
nba,2023,401468893,2023-01-27,Miami Heat,Orlando Magic,MIA,ORL,28-22,19-30,110,105,TRUE,Miami Heat,28-22,NA,NA,NA,NA,NA,NA,NA,NA,NA,NA,Miami Heat,28-22,Orlando Magic,19-30,0.743,0.743,0.793,0.7389659520807061,0.26103404791929385,445,0,0,1,328,401468893469,469,4,11:42,702,11.7,73,81,81,73,8,Moritz Wagner makes 3-foot dunk (Jalen Suggs assists)
nba,2023,401468894,2023-01-27,Oklahoma City Thunder,Cleveland Cavaliers,OKC,CLE,24-25,30-21,112,100,TRUE,Cleveland Cavaliers,30-21,NA,NA,NA,NA,NA,NA,NA,NA,NA,NA,Oklahoma City Thunder,24-25,Cleveland Cavaliers,30-21,0.356,0.644,0.86,0.8372093023255813,0.16279069767441867,442,0,0,1,208,401468894305,305,2,57.0,1497,24.95,42,52,52,42,10,Dean Wade defensive rebound
nba,2023,401468892,2023-01-27,Minnesota Timberwolves,Memphis Grizzlies,MIN,MEM,26-25,31-18,111,100,TRUE,Minnesota Timberwolves,26-25,NA,NA,NA,NA,NA,NA,NA,NA,NA,NA,Minnesota Timberwolves,26-25,Memphis Grizzlies,31-18,0.513,0.513,0.49,0.00612244897959179,0.9938775510204082,460,0,0,1,11,40146889221,21,1,10:02,2762,46.03333333333333,6,7,7,6,1,Ja Morant makes 4-foot two point shot
nba,2023,401468891,2023-01-27,Indiana Pacers,Milwaukee Bucks,IND,MIL,24-27,32-17,131,141,FALSE,Milwaukee Bucks,32-17,NA,NA,NA,NA,NA,NA,NA,NA,NA,NA,Milwaukee Bucks,32-17,Indiana Pacers,24-27,0.347,0.653,0.395,0.12151898734177224,0.8784810126582278,507,0,0,1,6,40146889111,11,1,11:24,2844,47.4,2,0,2,0,2,Myles Turner makes two point shot
nba,2023,401468890,2023-01-26,LA Clippers,San Antonio Spurs,LAC,SA,27-24,14-35,138,100,TRUE,LA Clippers,27-24,NA,NA,NA,NA,NA,NA,NA,NA,NA,NA,LA Clippers,27-24,San Antonio Spurs,14-35,0.886,0.886,0.119,0.04201680672268915,0.9579831932773109,442,0,0,1,11,40146889018,18,1,10:39,2799,46.65,3,3,3,3,0,Keita Bates-Diop makes 26-foot three point jumper (Keldon Johnson assists)
nba,2023,401468889,2023-01-26,Phoenix Suns,Dallas Mavericks,PHX,DAL,25-25,26-24,95,99,FALSE,Phoenix Suns,25-25,NA,NA,NA,NA,NA,NA,NA,NA,NA,NA,Dallas Mavericks,26-24,Phoenix Suns,25-25,0.565,0.565,0.779,0.7163029525032092,0.2836970474967908,445,0,0,1,70,401468889101,101,1,3:32,2372,39.53333333333333,28,19,28,19,9,Chris Paul defensive rebound
nba,2023,401468888,2023-01-26,Houston Rockets,Cleveland Cavaliers,HOU,CLE,11-38,30-20,95,113,FALSE,Cleveland Cavaliers,30-20,NA,NA,NA,NA,NA,NA,NA,NA,NA,NA,Cleveland Cavaliers,30-20,Houston Rockets,11-38,0.165,0.835,0.214,0.2289719626168223,0.7710280373831777,439,0,0,2,43,40146888870,70,1,6:51,2571,42.85,14,15,14,15,-1,Caris LeVert shooting foul
nba,2023,401468885,2023-01-26,Boston Celtics,New York Knicks,BOS,NY,35-15,27-23,117,120,FALSE,Boston Celtics,35-15,NA,NA,NA,NA,NA,NA,NA,NA,NA,NA,New York Knicks,27-23,Boston Celtics,35-15,0.805,0.805,0.944,0.9406779661016949,0.05932203389830515,497,0,0,2,41,40146888555,55,1,6:35,2855,47.583333333333336,22,7,22,7,15,Jayson Tatum makes 12-foot driving floating jump shot
nba,2023,401468886,2023-01-26,Brooklyn Nets,Detroit Pistons,BKN,DET,29-19,13-37,122,130,FALSE,Brooklyn Nets,29-19,NA,NA,NA,NA,NA,NA,NA,NA,NA,NA,Detroit Pistons,13-37,Brooklyn Nets,29-19,0.76,0.76,0.796,0.7437185929648242,0.25628140703517577,491,0,0,1,36,40146888659,59,1,6:50,2570,42.833333333333336,17,14,17,14,3,Kyrie Irving makes free throw flagrant 1 of 1
nba,2023,401468887,2023-01-26,Charlotte Hornets,Chicago Bulls,CHA,CHI,14-36,22-26,111,96,TRUE,Chicago Bulls,22-26,NA,NA,NA,NA,NA,NA,NA,NA,NA,NA,Charlotte Hornets,14-36,Chicago Bulls,22-26,0.434,0.5660000000000001,0.849,0.8221436984687869,0.17785630153121312,478,0,0,1,286,401468887399,399,3,5:52,1072,17.866666666666667,61,71,71,61,10,Ayo Dosunmu makes 11-foot pullup jump shot
nba,2023,401468884,2023-01-25,Los Angeles Lakers,San Antonio Spurs,LAL,SA,23-26,14-34,113,104,TRUE,Los Angeles Lakers,23-26,NA,NA,NA,NA,NA,NA,NA,NA,NA,NA,Los Angeles Lakers,23-26,San Antonio Spurs,14-34,0.665,0.665,0.761,0.6859395532194481,0.3140604467805519,521,0,0,1,364,401468884518,518,3,27.1,747.1,12.451666666666666,76,82,82,76,6,Rui Hachimura misses free throw 2 of 2
nba,2023,401468881,2023-01-25,Golden State Warriors,Memphis Grizzlies,GS,MEM,24-24,31-17,122,120,TRUE,Golden State Warriors,24-24,NA,NA,NA,NA,NA,NA,NA,NA,NA,NA,Golden State Warriors,24-24,Memphis Grizzlies,31-17,0.568,0.568,0.949,0.946259220231823,0.05374077976817704,532,0,0,1,439,401468881646,646,4,5:11,311,5.183333333333334,102,111,111,102,9,Klay Thompson misses 26-foot three point pullup jump shot
nba,2023,401468882,2023-01-25,Portland Trail Blazers,Utah Jazz,POR,UTAH,23-25,25-26,134,124,TRUE,Portland Trail Blazers,23-25,NA,NA,NA,NA,NA,NA,NA,NA,NA,NA,Portland Trail Blazers,23-25,Utah Jazz,25-26,0.672,0.672,0.752,0.6702127659574468,0.32978723404255317,428,0,0,1,130,401468882186,186,2,8:15,1935,32.25,29,41,41,29,12,Jerami Grant misses 28-foot three point jumper
nba,2023,401468883,2023-01-25,Sacramento Kings,Toronto Raptors,SAC,TOR,27-20,22-27,95,113,FALSE,Sacramento Kings,27-20,NA,NA,NA,NA,NA,NA,NA,NA,NA,NA,Toronto Raptors,22-27,Sacramento Kings,27-20,0.652,0.652,0.729,0.6282578875171467,0.37174211248285327,406,0,0,2,60,40146888395,95,1,3:32,2372,39.53333333333333,20,16,20,16,4,Domantas Sabonis defensive rebound
nba,2023,401468877,2023-01-25,Houston Rockets,Washington Wizards,HOU,WSH,11-37,22-26,103,108,FALSE,Washington Wizards,22-26,NA,NA,NA,NA,NA,NA,NA,NA,NA,NA,Washington Wizards,22-26,Houston Rockets,11-37,0.499,0.501,0.95,0.9473684210526316,0.05263157894736836,490,0,0,4,212,401468877312,312,2,2:10,1570,26.166666666666668,55,36,55,36,19,Rockets offensive team rebound
nba,2023,401468878,2023-01-25,Milwaukee Bucks,Denver Nuggets,MIL,DEN,31-17,34-15,107,99,TRUE,Milwaukee Bucks,31-17,NA,NA,NA,NA,NA,NA,NA,NA,NA,NA,Milwaukee Bucks,31-17,Denver Nuggets,34-15,0.859,0.859,0.412,0.6577669902912622,0.3422330097087378,484,0,0,2,200,401468878274,274,2,3:33,1653,27.55,45,49,49,45,4,Vlatko Cancar makes free throw 1 of 2
nba,2023,401468879,2023-01-25,New Orleans Pelicans,Minnesota Timberwolves,NO,MIN,26-23,25-25,102,111,FALSE,New Orleans Pelicans,26-23,NA,NA,NA,NA,NA,NA,NA,NA,NA,NA,Minnesota Timberwolves,25-25,New Orleans Pelicans,26-23,0.503,0.503,0.83,0.7951807228915662,0.20481927710843384,466,0,0,5,175,401468879255,255,2,4:35,1715,28.583333333333332,48,36,48,36,12,CJ McCollum makes 26-foot three point jumper (Jose Alvarado assists)
nba,2023,401468880,2023-01-25,Oklahoma City Thunder,Atlanta Hawks,OKC,ATL,23-25,25-24,132,137,FALSE,Atlanta Hawks,25-24,NA,NA,NA,NA,NA,NA,NA,NA,NA,NA,Atlanta Hawks,25-24,Oklahoma City Thunder,23-25,0.43,0.5700000000000001,0.666,0.4984984984984986,0.5015015015015014,486,0,0,1,324,401468880463,463,3,4:07,967,16.116666666666667,97,92,97,92,5,Jalen Williams makes dunk (Josh Giddey assists)
nba,2023,401468876,2023-01-25,Philadelphia 76ers,Brooklyn Nets,PHI,BKN,31-16,29-18,137,133,TRUE,Philadelphia 76ers,31-16,NA,NA,NA,NA,NA,NA,NA,NA,NA,NA,Philadelphia 76ers,31-16,Brooklyn Nets,29-18,0.727,0.727,0.422,0.3530805687203792,0.6469194312796208,441,0,0,1,401,401468876591,591,4,4:06,246,4.1,120,120,120,120,0,Seth Curry makes 26-foot three pointer
nba,2023,401468875,2023-01-25,Orlando Magic,Indiana Pacers,ORL,IND,19-29,24-26,126,120,TRUE,Orlando Magic,19-29,NA,NA,NA,NA,NA,NA,NA,NA,NA,NA,Orlando Magic,19-29,Indiana Pacers,24-26,0.691,0.691,0.33999999999999997,0.09117647058823508,0.9088235294117648,464,0,0,1,209,401468875310,310,2,2:31,1591,26.516666666666666,62,60,60,62,-2,Isaiah Jackson blocks Paolo Banchero's layup
nba,2023,401468874,2023-01-24,Los Angeles Lakers,LA Clippers,LAL,LAC,22-26,26-24,115,133,FALSE,LA Clippers,26-24,NA,NA,NA,NA,NA,NA,NA,NA,NA,NA,LA Clippers,26-24,Los Angeles Lakers,22-26,0.322,0.6779999999999999,0.322,0,1,442,0,0,1,1,4014688744,4,1,12:00,2880,48,0,0,0,0,0,Ivica Zubac vs. Thomas Bryant (Terance Mann gains possession)
nba,2023,401468873,2023-01-24,Phoenix Suns,Charlotte Hornets,PHX,CHA,25-24,13-36,128,97,TRUE,Phoenix Suns,25-24,NA,NA,NA,NA,NA,NA,NA,NA,NA,NA,Phoenix Suns,25-24,Charlotte Hornets,13-36,0.797,0.797,0.226,0.10176991150442484,0.8982300884955752,464,0,0,1,9,40146887317,17,1,11:15,2835,47.25,0,2,2,0,2,Jalen McDaniels makes 20-foot jumper (Bryce McGowens assists)
nba,2023,401468872,2023-01-24,Dallas Mavericks,Washington Wizards,DAL,WSH,25-24,21-26,126,127,FALSE,Dallas Mavericks,25-24,NA,NA,NA,NA,NA,NA,NA,NA,NA,NA,Washington Wizards,21-26,Dallas Mavericks,25-24,0.707,0.707,0.806,0.7593052109181142,0.2406947890818858,489,0,0,1,133,401468872192,192,2,7:53,1913,31.883333333333333,47,40,47,40,7,Josh Green makes 23-foot three point jumper (Dwight Powell assists)
nba,2023,401468871,2023-01-24,New Orleans Pelicans,Denver Nuggets,NO,DEN,26-22,34-14,98,99,FALSE,Denver Nuggets,34-14,NA,NA,NA,NA,NA,NA,NA,NA,NA,NA,Denver Nuggets,34-14,New Orleans Pelicans,26-22,0.478,0.522,0.666,0.4984984984984986,0.5015015015015014,422,0,0,1,410,401468871585,585,4,36.2,36.2,0.6033333333333334,97,97,97,97,0,Willy Hernangomez makes free throw 1 of 2
nba,2023,401468869,2023-01-24,Miami Heat,Boston Celtics,MIA,BOS,27-22,35-14,98,95,TRUE,Miami Heat,27-22,NA,NA,NA,NA,NA,NA,NA,NA,NA,NA,Miami Heat,27-22,Boston Celtics,35-14,0.55,0.55,0.913,0.904709748083242,0.095290251916758,465,0,0,3,387,401468869540,540,4,8:47,527,8.783333333333333,77,87,87,77,10,Robert Williams III makes 2-foot alley oop dunk shot (Derrick White assists)
nba,2023,401468870,2023-01-24,New York Knicks,Cleveland Cavaliers,NY,CLE,26-23,29-20,105,103,TRUE,Cleveland Cavaliers,29-20,NA,NA,NA,NA,NA,NA,NA,NA,NA,NA,New York Knicks,26-23,Cleveland Cavaliers,29-20,0.385,0.615,0.817,0.7760097919216646,0.22399020807833536,432,0,0,4,263,401468870390,390,3,4:58,1018,16.966666666666665,61,69,69,61,8,Jarrett Allen makes tip shot
nba,2023,401468868,2023-01-24,Indiana Pacers,Chicago Bulls,IND,CHI,24-25,22-25,116,110,TRUE,Chicago Bulls,22-25,NA,NA,NA,NA,NA,NA,NA,NA,NA,NA,Indiana Pacers,24-25,Chicago Bulls,22-25,0.479,0.521,0.972,0.97119341563786,0.02880658436213989,492,0,0,1,217,401468868303,303,2,1:40,1540,25.666666666666668,41,61,61,41,20,Aaron Nesmith shooting foul
nba,2023,401468867,2023-01-23,Sacramento Kings,Memphis Grizzlies,SAC,MEM,27-19,31-16,133,100,TRUE,Sacramento Kings,27-19,NA,NA,NA,NA,NA,NA,NA,NA,NA,NA,Sacramento Kings,27-19,Memphis Grizzlies,31-16,0.633,0.633,0.5349999999999999,0.3140186915887849,0.6859813084112151,461,0,0,1,248,401468867364,364,3,8:33,1233,20.55,71,73,73,71,2,Domantas Sabonis out of bounds bad pass turnover
nba,2023,401468866,2023-01-23,Portland Trail Blazers,San Antonio Spurs,POR,SA,22-25,14-33,147,127,TRUE,Portland Trail Blazers,22-25,NA,NA,NA,NA,NA,NA,NA,NA,NA,NA,Portland Trail Blazers,22-25,San Antonio Spurs,14-33,0.769,0.769,0.514,0.5505836575875487,0.4494163424124513,456,0,0,1,198,401468866298,298,2,2:59,1619,26.983333333333334,61,65,65,61,4,Damian Lillard shooting foul
nba,2023,401468865,2023-01-23,Utah Jazz,Charlotte Hornets,UTAH,CHA,25-25,13-35,120,102,TRUE,Utah Jazz,25-25,NA,NA,NA,NA,NA,NA,NA,NA,NA,NA,Utah Jazz,25-25,Charlotte Hornets,13-35,0.791,0.791,0.368,0.4320652173913044,0.5679347826086956,498,0,0,1,107,401468865157,157,2,11:36,2136,35.6,21,24,24,21,3,Malik Beasley bad pass (Mark Williams steals)
nba,2023,401468863,2023-01-23,Chicago Bulls,Atlanta Hawks,CHI,ATL,22-24,24-24,111,100,TRUE,Chicago Bulls,22-24,NA,NA,NA,NA,NA,NA,NA,NA,NA,NA,Chicago Bulls,22-24,Atlanta Hawks,24-24,0.506,0.506,0.646,0.4520123839009289,0.5479876160990711,464,0,0,1,127,401468863177,177,2,11:40,2140,35.666666666666664,17,23,23,17,6,Dejounte Murray makes two point shot (Bogdan Bogdanovic assists)
nba,2023,401468864,2023-01-23,Houston Rockets,Minnesota Timberwolves,HOU,MIN,11-36,24-25,119,114,TRUE,Minnesota Timberwolves,24-25,NA,NA,NA,NA,NA,NA,NA,NA,NA,NA,Houston Rockets,11-36,Minnesota Timberwolves,24-25,0.297,0.7030000000000001,0.788,0.7309644670050761,0.2690355329949239,507,0,0,1,188,401468864267,267,2,3:32,1652,27.533333333333335,42,47,47,42,5,Rudy Gobert misses free throw 1 of 2
nba,2023,401468861,2023-01-23,Detroit Pistons,Milwaukee Bucks,DET,MIL,12-37,30-17,130,150,FALSE,Milwaukee Bucks,30-17,NA,NA,NA,NA,NA,NA,NA,NA,NA,NA,Milwaukee Bucks,30-17,Detroit Pistons,12-37,0.259,0.741,0.275,0.05818181818181822,0.9418181818181818,518,0,0,1,3,4014688618,8,1,11:46,2866,47.766666666666666,0,0,0,0,0,Isaiah Livers defensive rebound
nba,2023,401468862,2023-01-23,Orlando Magic,Boston Celtics,ORL,BOS,18-29,35-13,113,98,TRUE,Boston Celtics,35-13,NA,NA,NA,NA,NA,NA,NA,NA,NA,NA,Orlando Magic,18-29,Boston Celtics,35-13,0.273,0.727,0.754,0.6737400530503979,0.32625994694960214,429,0,0,1,230,401468862330,330,3,10:52,1372,22.866666666666667,55,60,60,55,5,Jaylen Brown makes 29-foot three pointer
nba,2023,401468860,2023-01-22,Portland Trail Blazers,Los Angeles Lakers,POR,LAL,21-25,22-25,112,121,FALSE,Portland Trail Blazers,21-25,NA,NA,NA,NA,NA,NA,NA,NA,NA,NA,Los Angeles Lakers,22-25,Portland Trail Blazers,21-25,0.66,0.66,0.993,0.9929506545820744,0.00704934541792545,457,0,0,2,243,401468860350,350,3,9:18,1278,21.3,76,53,76,53,23,Thomas Bryant shooting foul
nba,2023,401468859,2023-01-22,Golden State Warriors,Brooklyn Nets,GS,BKN,23-24,29-17,116,120,FALSE,Golden State Warriors,23-24,NA,NA,NA,NA,NA,NA,NA,NA,NA,NA,Brooklyn Nets,29-17,Golden State Warriors,23-24,0.675,0.675,0.976,0.975409836065574,0.02459016393442614,492,0,0,1,414,401468859610,610,4,6:57,417,6.95,106,93,106,93,13,Klay Thompson makes 20-foot pullup jump shot (Donte DiVincenzo assists)
nba,2023,401468857,2023-01-22,Denver Nuggets,Oklahoma City Thunder,DEN,OKC,33-14,23-24,99,101,FALSE,Denver Nuggets,33-14,NA,NA,NA,NA,NA,NA,NA,NA,NA,NA,Oklahoma City Thunder,23-24,Denver Nuggets,33-14,0.71,0.71,0.71,0.5915492957746478,0.40845070422535223,466,0,0,1,1,4014688574,4,1,12:00,2880,48,0,0,0,0,0,Mike Muscala vs. Zeke Nnaji (Shai Gilgeous-Alexander gains possession)
nba,2023,401468858,2023-01-22,Phoenix Suns,Memphis Grizzlies,PHX,MEM,24-24,31-15,112,110,TRUE,Memphis Grizzlies,31-15,NA,NA,NA,NA,NA,NA,NA,NA,NA,NA,Phoenix Suns,24-24,Memphis Grizzlies,31-15,0.325,0.675,0.6910000000000001,0.5528219971056441,0.44717800289435594,511,0,0,1,3,4014688589,9,1,11:51,2871,47.85,0,0,0,0,0,Steven Adams defensive rebound
nba,2023,401468855,2023-01-22,Toronto Raptors,New York Knicks,TOR,NY,21-27,25-23,125,116,TRUE,Toronto Raptors,21-27,NA,NA,NA,NA,NA,NA,NA,NA,NA,NA,Toronto Raptors,21-27,New York Knicks,25-23,0.504,0.504,0.649,0.45916795069337457,0.5408320493066254,468,0,0,1,334,401468855470,470,3,59.1,779.1,12.985,83,85,85,83,2,Julius Randle makes free throw 1 of 2
nba,2023,401468854,2023-01-22,Miami Heat,New Orleans Pelicans,MIA,NO,26-22,26-21,100,96,TRUE,Miami Heat,26-22,NA,NA,NA,NA,NA,NA,NA,NA,NA,NA,Miami Heat,26-22,New Orleans Pelicans,26-21,0.698,0.698,0.881,0.8649262202043133,0.1350737797956867,461,0,0,1,192,401468854279,279,2,2:20,1580,26.333333333333332,31,47,47,31,16,Larry Nance Jr. defensive rebound
nba,2023,401468856,2023-01-22,Dallas Mavericks,LA Clippers,DAL,LAC,25-23,25-24,98,112,FALSE,LA Clippers,25-24,NA,NA,NA,NA,NA,NA,NA,NA,NA,NA,LA Clippers,25-24,Dallas Mavericks,25-23,0.489,0.511,0.82,0.7804878048780488,0.2195121951219512,448,0,0,1,184,401468856253,253,2,3:13,1633,27.216666666666665,45,36,45,36,9,Ivica Zubac shooting foul
nba,2023,401468853,2023-01-21,Sacramento Kings,Philadelphia 76ers,SAC,PHI,26-19,30-16,127,129,FALSE,Sacramento Kings,26-19,NA,NA,NA,NA,NA,NA,NA,NA,NA,NA,Philadelphia 76ers,30-16,Sacramento Kings,26-19,0.535,0.535,0.967,0.965873836608066,0.03412616339193386,478,0,0,1,201,401468853299,299,2,1:50,1550,25.833333333333332,73,52,73,52,21,De'Anthony Melton misses 13-foot pullup jump shot
nba,2023,401468852,2023-01-21,Phoenix Suns,Indiana Pacers,PHX,IND,23-24,23-25,112,107,TRUE,Phoenix Suns,23-24,NA,NA,NA,NA,NA,NA,NA,NA,NA,NA,Phoenix Suns,23-24,Indiana Pacers,23-25,0.603,0.603,0.645,0.4496124031007753,0.5503875968992247,538,0,0,1,311,401468852452,452,3,5:24,1044,17.4,71,75,75,71,4,Aaron Nesmith defensive rebound
nba,2023,401468851,2023-01-21,Minnesota Timberwolves,Houston Rockets,MIN,HOU,24-24,10-36,113,104,TRUE,Minnesota Timberwolves,24-24,NA,NA,NA,NA,NA,NA,NA,NA,NA,NA,Minnesota Timberwolves,24-24,Houston Rockets,10-36,0.792,0.792,0.793,0.7389659520807061,0.26103404791929385,480,0,0,2,295,401468851412,412,3,7:19,1159,19.316666666666663,59,69,69,59,10,Alperen Sengun makes free throw 1 of 2
nba,2023,401468849,2023-01-21,Atlanta Hawks,Charlotte Hornets,ATL,CHA,24-23,13-34,118,122,FALSE,Atlanta Hawks,24-23,NA,NA,NA,NA,NA,NA,NA,NA,NA,NA,Charlotte Hornets,13-34,Atlanta Hawks,24-23,0.782,0.782,0.978,0.9775051124744376,0.02249488752556239,450,0,0,1,218,401468849323,323,3,10:51,1371,22.85,69,51,69,51,18,John Collins makes free throw 1 of 2
nba,2023,401468850,2023-01-21,Cleveland Cavaliers,Milwaukee Bucks,CLE,MIL,29-19,29-17,114,102,TRUE,Cleveland Cavaliers,29-19,NA,NA,NA,NA,NA,NA,NA,NA,NA,NA,Cleveland Cavaliers,29-19,Milwaukee Bucks,29-17,0.604,0.604,0.5920000000000001,0.33108108108108114,0.6689189189189189,428,0,0,1,32,40146885047,47,1,7:43,2623,43.71666666666667,6,13,13,6,7,Evan Mobley palming turnover
nba,2023,401468848,2023-01-21,Washington Wizards,Orlando Magic,WSH,ORL,20-26,17-29,138,118,TRUE,Washington Wizards,20-26,NA,NA,NA,NA,NA,NA,NA,NA,NA,NA,Washington Wizards,20-26,Orlando Magic,17-29,0.73,0.73,0.29200000000000004,0.07534246575342474,0.9246575342465752,472,0,0,1,58,40146884886,86,1,11:11,2831,47.18333333333333,0,0,0,0,0,Daniel Gafford bad pass (Markelle Fultz steals)
nba,2023,401468847,2023-01-21,Toronto Raptors,Boston Celtics,TOR,BOS,20-27,35-12,104,106,FALSE,Toronto Raptors,20-27,NA,NA,NA,NA,NA,NA,NA,NA,NA,NA,Boston Celtics,35-12,Toronto Raptors,20-27,0.543,0.543,0.825,0.7878787878787878,0.21212121212121215,404,0,0,1,208,401468847322,322,3,10:22,1342,22.366666666666667,62,53,62,53,9,Pascal Siakam defensive rebound
nba,2023,401468845,2023-01-20,Los Angeles Lakers,Memphis Grizzlies,LAL,MEM,21-25,31-14,122,121,TRUE,Memphis Grizzlies,31-14,NA,NA,NA,NA,NA,NA,NA,NA,NA,NA,Los Angeles Lakers,21-25,Memphis Grizzlies,31-14,0.332,0.6679999999999999,0.956,0.9539748953974896,0.04602510460251041,593,0,0,1,394,401468845557,557,3,45.0,765,12.75,75,88,88,75,13,LeBron James misses driving layup
nba,2023,401468846,2023-01-20,Sacramento Kings,Oklahoma City Thunder,SAC,OKC,26-18,22-24,118,113,TRUE,Sacramento Kings,26-18,NA,NA,NA,NA,NA,NA,NA,NA,NA,NA,Sacramento Kings,26-18,Oklahoma City Thunder,22-24,0.748,0.748,0.669,0.6233183856502242,0.37668161434977576,454,0,0,1,211,401468846295,295,2,21.0,1461,24.35,57,66,66,57,9,Shai Gilgeous-Alexander makes 26-foot three point shot
nba,2023,401468843,2023-01-20,Denver Nuggets,Indiana Pacers,DEN,IND,33-13,23-24,134,111,TRUE,Denver Nuggets,33-13,NA,NA,NA,NA,NA,NA,NA,NA,NA,NA,Denver Nuggets,33-13,Indiana Pacers,23-24,0.712,0.712,0.31000000000000005,0.07096774193548394,0.929032258064516,480,0,0,1,9,40146884315,15,1,10:57,2817,46.95,2,2,2,2,0,Zeke Nnaji shooting foul
nba,2023,401468844,2023-01-20,Utah Jazz,Brooklyn Nets,UTAH,BKN,24-25,28-17,106,117,FALSE,Utah Jazz,24-25,NA,NA,NA,NA,NA,NA,NA,NA,NA,NA,Brooklyn Nets,28-17,Utah Jazz,24-25,0.636,0.636,0.746,0.6595174262734584,0.34048257372654156,445,0,0,1,251,401468844362,362,3,8:05,1205,20.083333333333332,67,61,67,61,6,Walker Kessler makes 3-foot dunk (Mike Conley assists)
nba,2023,401468842,2023-01-20,San Antonio Spurs,LA Clippers,SA,LAC,14-32,24-24,126,131,FALSE,LA Clippers,24-24,NA,NA,NA,NA,NA,NA,NA,NA,NA,NA,LA Clippers,24-24,San Antonio Spurs,14-32,0.306,0.694,0.737,0.6431478968792401,0.3568521031207599,399,0,0,1,194,401468842278,278,2,15.2,1455.2,24.253333333333337,71,63,71,63,8,Ivica Zubac shooting foul
nba,2023,401468839,2023-01-20,Atlanta Hawks,New York Knicks,ATL,NY,24-22,25-22,139,124,TRUE,Atlanta Hawks,24-22,NA,NA,NA,NA,NA,NA,NA,NA,NA,NA,Atlanta Hawks,24-22,New York Knicks,25-22,0.649,0.649,0.619,0.43295638126009695,0.567043618739903,424,0,0,3,122,401468839173,173,2,9:28,2008,33.46666666666667,39,45,45,39,6,RJ Barrett makes free throw 1 of 2
nba,2023,401468840,2023-01-20,Cleveland Cavaliers,Golden State Warriors,CLE,GS,28-19,23-23,114,120,FALSE,Cleveland Cavaliers,28-19,NA,NA,NA,NA,NA,NA,NA,NA,NA,NA,Golden State Warriors,23-23,Cleveland Cavaliers,28-19,0.879,0.879,0.911,0.902305159165752,0.09769484083424795,459,0,0,1,14,40146884024,24,1,10:02,2762,46.03333333333333,8,3,8,3,5,Darius Garland makes 21-foot pullup jump shot
nba,2023,401468841,2023-01-20,Dallas Mavericks,Miami Heat,DAL,MIA,25-22,25-22,115,90,TRUE,Dallas Mavericks,25-22,NA,NA,NA,NA,NA,NA,NA,NA,NA,NA,Dallas Mavericks,25-22,Miami Heat,25-22,0.514,0.514,0.5349999999999999,0.1308411214953269,0.8691588785046731,434,0,0,1,8,40146884113,13,1,11:06,2826,47.1,0,2,2,0,2,Kyle Lowry makes layup
nba,2023,401468838,2023-01-20,Orlando Magic,New Orleans Pelicans,ORL,NO,17-28,26-20,123,110,TRUE,New Orleans Pelicans,26-20,NA,NA,NA,NA,NA,NA,NA,NA,NA,NA,Orlando Magic,17-28,New Orleans Pelicans,26-20,0.476,0.524,0.856,0.8317757009345794,0.16822429906542058,449,0,0,2,86,401468838124,124,1,2:35,2315,38.583333333333336,11,24,24,11,13,Moritz Wagner shooting foul
nba,2023,401468836,2023-01-19,Phoenix Suns,Brooklyn Nets,PHX,BKN,22-24,27-17,117,112,TRUE,Brooklyn Nets,27-17,NA,NA,NA,NA,NA,NA,NA,NA,NA,NA,Phoenix Suns,22-24,Brooklyn Nets,27-17,0.447,0.5529999999999999,0.708,0.5875706214689265,0.41242937853107353,520,0,0,2,17,40146883629,29,1,9:54,2754,45.9,4,9,9,4,5,Dario Saric shooting foul
nba,2023,401468837,2023-01-19,Portland Trail Blazers,Philadelphia 76ers,POR,PHI,21-24,29-16,95,105,FALSE,Philadelphia 76ers,29-16,NA,NA,NA,NA,NA,NA,NA,NA,NA,NA,Philadelphia 76ers,29-16,Portland Trail Blazers,21-24,0.407,0.593,0.411,0.00973236009732347,0.9902676399026764,453,0,0,1,12,40146883719,19,1,10:42,2802,46.7,0,0,0,0,0,Trail Blazers offensive team rebound
nba,2023,401468835,2023-01-19,Minnesota Timberwolves,Toronto Raptors,MIN,TOR,23-24,20-26,128,126,TRUE,Toronto Raptors,20-26,NA,NA,NA,NA,NA,NA,NA,NA,NA,NA,Minnesota Timberwolves,23-24,Toronto Raptors,20-26,0.332,0.6679999999999999,0.984,0.983739837398374,0.0162601626016261,460,0,0,1,387,401468835566,566,4,8:31,511,8.516666666666667,107,119,119,107,12,Jaden McDaniels shooting foul
nba,2023,401468834,2023-01-19,Boston Celtics,Golden State Warriors,BOS,GS,34-12,22-23,121,118,TRUE,Boston Celtics,34-12,NA,NA,NA,NA,NA,NA,NA,NA,NA,NA,Boston Celtics,34-12,Golden State Warriors,22-23,0.753,0.753,0.889,0.875140607424072,0.12485939257592804,554,0,0,1,438,401468834618,618,4,6:35,695,11.583333333333334,89,97,97,89,8,Jayson Tatum traveling
nba,2023,401468833,2023-01-19,Detroit Pistons,Chicago Bulls,DET,CHI,12-36,21-24,108,126,FALSE,Chicago Bulls,21-24,NA,NA,NA,NA,NA,NA,NA,NA,NA,NA,Chicago Bulls,21-24,Detroit Pistons,12-36,0.275,0.725,0.484,0.43181818181818177,0.5681818181818182,482,0,0,1,106,401468833156,156,2,11:27,2127,35.45,31,27,31,27,4,Hamidou Diallo makes free throw 1 of 2
nba,2023,401468832,2023-01-18,Los Angeles Lakers,Sacramento Kings,LAL,SAC,20-25,25-18,111,116,FALSE,Sacramento Kings,25-18,NA,NA,NA,NA,NA,NA,NA,NA,NA,NA,Sacramento Kings,25-18,Los Angeles Lakers,20-25,0.474,0.526,0.83,0.7951807228915662,0.20481927710843384,465,0,0,1,98,401468832142,142,1,48.1,2208.1,36.80166666666666,37,23,37,23,14,KZ Okpala misses 25-foot three point jumper
nba,2023,401468831,2023-01-18,Denver Nuggets,Minnesota Timberwolves,DEN,MIN,32-13,22-24,122,118,TRUE,Denver Nuggets,32-13,NA,NA,NA,NA,NA,NA,NA,NA,NA,NA,Denver Nuggets,32-13,Minnesota Timberwolves,22-24,0.795,0.795,0.827,0.7908101571946795,0.2091898428053205,477,0,0,1,448,401468831666,666,4,2:51,171,2.85,113,118,118,113,5,D'Angelo Russell makes 26-foot three point jumper (Naz Reid assists)
nba,2023,401468830,2023-01-18,Utah Jazz,LA Clippers,UTAH,LAC,24-24,23-24,126,103,TRUE,Utah Jazz,24-24,NA,NA,NA,NA,NA,NA,NA,NA,NA,NA,Utah Jazz,24-24,LA Clippers,23-24,0.709,0.709,0.29100000000000004,0,1,459,0,0,1,1,4014688304,4,1,12:00,2880,48,0,0,0,0,0,Ivica Zubac vs. Walker Kessler (Mike Conley gains possession)
nba,2023,401468826,2023-01-18,Houston Rockets,Charlotte Hornets,HOU,CHA,10-35,12-34,117,122,FALSE,Charlotte Hornets,12-34,NA,NA,NA,NA,NA,NA,NA,NA,NA,NA,Charlotte Hornets,12-34,Houston Rockets,10-35,0.464,0.536,0.762,0.6876640419947506,0.3123359580052494,485,0,0,1,230,401468826335,335,3,11:40,1420,23.666666666666668,61,53,61,53,8,Kenyon Martin Jr. defensive rebound
nba,2023,401468827,2023-01-18,Memphis Grizzlies,Cleveland Cavaliers,MEM,CLE,31-13,28-18,115,114,TRUE,Memphis Grizzlies,31-13,NA,NA,NA,NA,NA,NA,NA,NA,NA,NA,Memphis Grizzlies,31-13,Cleveland Cavaliers,28-18,0.744,0.744,0.802,0.7531172069825438,0.2468827930174562,460,0,0,1,444,401468827622,622,4,1:14,74,1.2333333333333334,111,114,114,111,3,Cavaliers delay of game violation
nba,2023,401468828,2023-01-18,New Orleans Pelicans,Miami Heat,NO,MIA,26-19,25-21,98,124,FALSE,Miami Heat,25-21,NA,NA,NA,NA,NA,NA,NA,NA,NA,NA,Miami Heat,25-21,New Orleans Pelicans,26-19,0.473,0.527,0.493,0.04056795131845847,0.9594320486815416,436,0,0,2,3,4014688288,8,1,11:38,2858,47.63333333333333,0,0,0,0,0,Naji Marshall defensive rebound
nba,2023,401468829,2023-01-18,Oklahoma City Thunder,Indiana Pacers,OKC,IND,22-23,23-23,126,106,TRUE,Oklahoma City Thunder,22-23,NA,NA,NA,NA,NA,NA,NA,NA,NA,NA,Oklahoma City Thunder,22-23,Indiana Pacers,23-23,0.601,0.601,0.399,0,1,505,0,0,1,1,4014688294,4,1,11:58,2878,47.96666666666667,0,0,0,0,0,Myles Turner jump ball violation
nba,2023,401468824,2023-01-18,New York Knicks,Washington Wizards,NY,WSH,25-21,19-26,105,116,FALSE,New York Knicks,25-21,NA,NA,NA,NA,NA,NA,NA,NA,NA,NA,Washington Wizards,19-26,New York Knicks,25-21,0.739,0.739,0.739,0.6468200270635995,0.35317997293640047,495,0,0,1,1,4014688244,4,1,12:00,2880,48,0,0,0,0,0,Kristaps Porzingis vs. Mitchell Robinson (Kyle Kuzma gains possession)
nba,2023,401468825,2023-01-18,Dallas Mavericks,Atlanta Hawks,DAL,ATL,24-22,23-22,122,130,FALSE,Dallas Mavericks,24-22,NA,NA,NA,NA,NA,NA,NA,NA,NA,NA,Atlanta Hawks,23-22,Dallas Mavericks,24-22,0.593,0.593,0.849,0.8221436984687869,0.17785630153121312,441,0,0,1,267,401468825387,387,3,6:42,1122,18.7,83,73,83,73,10,Christian Wood makes 24-foot three point jumper (Luka Doncic assists)
nba,2023,401468823,2023-01-17,LA Clippers,Philadelphia 76ers,LAC,PHI,23-23,28-16,110,120,FALSE,Philadelphia 76ers,28-16,NA,NA,NA,NA,NA,NA,NA,NA,NA,NA,Philadelphia 76ers,28-16,LA Clippers,23-23,0.483,0.517,0.698,0.5673352435530086,0.4326647564469914,441,0,0,2,289,401468823421,421,3,2:05,845,14.083333333333334,85,81,85,81,4,Kawhi Leonard makes technical free throw
nba,2023,401468822,2023-01-17,Denver Nuggets,Portland Trail Blazers,DEN,POR,31-13,21-23,122,113,TRUE,Denver Nuggets,31-13,NA,NA,NA,NA,NA,NA,NA,NA,NA,NA,Denver Nuggets,31-13,Portland Trail Blazers,21-23,0.647,0.647,0.507,0.3037475345167653,0.6962524654832347,457,0,0,1,18,40146882229,29,1,9:34,2734,45.56666666666667,4,9,9,4,5,Trail Blazers offensive team rebound
nba,2023,401468821,2023-01-17,San Antonio Spurs,Brooklyn Nets,SA,BKN,14-31,27-16,106,98,TRUE,Brooklyn Nets,27-16,NA,NA,NA,NA,NA,NA,NA,NA,NA,NA,San Antonio Spurs,14-31,Brooklyn Nets,27-16,0.434,0.5660000000000001,0.773,0.7063389391979302,0.2936610608020698,523,0,0,4,235,401468821332,332,2,1:50,1550,25.833333333333332,44,49,49,44,5,Zach Collins offensive charge
nba,2023,401468820,2023-01-17,Milwaukee Bucks,Toronto Raptors,MIL,TOR,29-16,20-25,130,122,TRUE,Toronto Raptors,20-25,NA,NA,NA,NA,NA,NA,NA,NA,NA,NA,Milwaukee Bucks,29-16,Toronto Raptors,20-25,0.47,0.53,0.823,0.7849331713244228,0.21506682867557725,467,0,0,1,239,401468820353,353,3,10:30,1350,22.5,67,76,76,67,9,Pat Connaughton bad pass (Scottie Barnes steals)
nba,2023,401468819,2023-01-16,Los Angeles Lakers,Houston Rockets,LAL,HOU,20-24,10-34,140,132,TRUE,Los Angeles Lakers,20-24,NA,NA,NA,NA,NA,NA,NA,NA,NA,NA,Los Angeles Lakers,20-24,Houston Rockets,10-34,0.732,0.732,0.362,0.2596685082872927,0.7403314917127073,501,0,0,1,465,401468819676,676,4,1:32,92,1.5333333333333334,131,129,129,131,-2,Jalen Green defensive rebound
nba,2023,401468818,2023-01-16,Memphis Grizzlies,Phoenix Suns,MEM,PHX,30-13,21-24,136,106,TRUE,Memphis Grizzlies,30-13,NA,NA,NA,NA,NA,NA,NA,NA,NA,NA,Memphis Grizzlies,30-13,Phoenix Suns,21-24,0.772,0.772,0.602,0.6212624584717608,0.3787375415282392,464,0,0,1,94,401468818137,137,1,1:07,2227,37.11666666666667,25,35,35,25,10,Brandon Clarke shooting foul
nba,2023,401468817,2023-01-16,Minnesota Timberwolves,Utah Jazz,MIN,UTAH,22-23,23-24,125,126,FALSE,Minnesota Timberwolves,22-23,NA,NA,NA,NA,NA,NA,NA,NA,NA,NA,Utah Jazz,23-24,Minnesota Timberwolves,22-23,0.572,0.572,0.894,0.8814317673378076,0.1185682326621924,471,0,0,1,364,401468817515,515,4,11:47,707,11.783333333333331,97,87,97,87,10,Austin Rivers makes 3-foot two point shot (D'Angelo Russell assists)
nba,2023,401468816,2023-01-16,Atlanta Hawks,Miami Heat,ATL,MIA,22-22,24-21,121,113,TRUE,Atlanta Hawks,22-22,NA,NA,NA,NA,NA,NA,NA,NA,NA,NA,Atlanta Hawks,22-22,Miami Heat,24-21,0.556,0.556,0.45,0.0133333333333333,0.9866666666666668,441,0,0,1,21,40146881631,31,1,9:46,2746,45.766666666666666,4,4,4,4,0,Jimmy Butler defensive rebound
nba,2023,401468813,2023-01-16,Cleveland Cavaliers,New Orleans Pelicans,CLE,NO,28-17,26-18,113,103,TRUE,Cleveland Cavaliers,28-17,NA,NA,NA,NA,NA,NA,NA,NA,NA,NA,Cleveland Cavaliers,28-17,New Orleans Pelicans,26-18,0.757,0.757,0.728,0.6662087912087913,0.3337912087912087,440,0,0,1,162,401468813235,235,2,5:02,1742,29.033333333333335,31,43,43,31,12,Donovan Mitchell misses 26-foot step back jumpshot
nba,2023,401468814,2023-01-16,New York Knicks,Toronto Raptors,NY,TOR,25-20,20-24,121,123,FALSE,New York Knicks,25-20,NA,NA,NA,NA,NA,NA,NA,NA,NA,NA,Toronto Raptors,20-24,New York Knicks,25-20,0.584,0.584,0.946,0.9429175475687104,0.05708245243128962,538,0,0,1,406,401468814566,566,4,5:26,626,10.433333333333334,101,92,101,92,9,Pascal Siakam misses 26-foot three point jumper
nba,2023,401468815,2023-01-16,Washington Wizards,Golden State Warriors,WSH,GS,18-26,22-22,118,127,FALSE,Washington Wizards,18-26,NA,NA,NA,NA,NA,NA,NA,NA,NA,NA,Golden State Warriors,22-22,Washington Wizards,18-26,0.536,0.536,0.894,0.8814317673378076,0.1185682326621924,459,0,0,1,364,401468815526,526,4,9:17,557,9.283333333333331,106,98,106,98,8,Wizards defensive team rebound
nba,2023,401468812,2023-01-16,Milwaukee Bucks,Indiana Pacers,MIL,IND,28-16,23-22,132,119,TRUE,Milwaukee Bucks,28-16,NA,NA,NA,NA,NA,NA,NA,NA,NA,NA,Milwaukee Bucks,28-16,Indiana Pacers,23-22,0.667,0.667,0.883,0.8674971687429218,0.13250283125707818,431,0,0,2,290,401468812417,417,3,5:32,1052,17.533333333333335,78,90,90,78,12,Andrew Nembhard kicked ball violation
nba,2023,401468811,2023-01-16,Charlotte Hornets,Boston Celtics,CHA,BOS,11-34,33-12,118,130,FALSE,Boston Celtics,33-12,NA,NA,NA,NA,NA,NA,NA,NA,NA,NA,Boston Celtics,33-12,Charlotte Hornets,11-34,0.269,0.731,0.37,0.27297297297297296,0.727027027027027,454,0,0,3,371,401468811524,524,4,9:33,573,9.55,95,98,95,98,-3,Jalen McDaniels makes free throw 2 of 3
nba,2023,401468810,2023-01-15,Los Angeles Lakers,Philadelphia 76ers,LAL,PHI,19-24,27-16,112,113,FALSE,Philadelphia 76ers,27-16,NA,NA,NA,NA,NA,NA,NA,NA,NA,NA,Philadelphia 76ers,27-16,Los Angeles Lakers,19-24,0.32,0.6799999999999999,0.659,0.5144157814871015,0.48558421851289846,429,0,0,2,287,401468810423,423,3,4:00,960,16,76,72,76,72,4,Tyrese Maxey shooting foul
nba,2023,401468809,2023-01-15,Portland Trail Blazers,Dallas Mavericks,POR,DAL,21-22,24-21,140,123,TRUE,Portland Trail Blazers,21-22,NA,NA,NA,NA,NA,NA,NA,NA,NA,NA,Portland Trail Blazers,21-22,Dallas Mavericks,24-21,0.738,0.738,0.473,0.4460887949260042,0.5539112050739958,501,0,0,1,264,401468809378,378,3,9:25,1285,21.416666666666668,65,66,66,65,1,Drew Eubanks shooting foul
nba,2023,401468808,2023-01-15,Denver Nuggets,Orlando Magic,DEN,ORL,30-13,16-28,119,116,TRUE,Denver Nuggets,30-13,NA,NA,NA,NA,NA,NA,NA,NA,NA,NA,Denver Nuggets,30-13,Orlando Magic,16-28,0.821,0.821,0.853,0.8276670574443141,0.17233294255568588,464,0,0,1,439,401468808637,637,4,1:53,113,1.8833333333333333,109,113,113,109,4,Franz Wagner defensive rebound
nba,2023,401468807,2023-01-15,San Antonio Spurs,Sacramento Kings,SA,SAC,13-31,24-18,119,132,FALSE,Sacramento Kings,24-18,NA,NA,NA,NA,NA,NA,NA,NA,NA,NA,Sacramento Kings,24-18,San Antonio Spurs,13-31,0.304,0.696,0.555,0.4522522522522522,0.5477477477477478,462,0,0,3,144,401468807221,221,2,7:11,1871,31.183333333333337,48,43,48,43,5,Jakob Poeltl makes free throw 1 of 2
nba,2023,401468806,2023-01-15,Brooklyn Nets,Oklahoma City Thunder,BKN,OKC,27-15,21-23,102,112,FALSE,Brooklyn Nets,27-15,NA,NA,NA,NA,NA,NA,NA,NA,NA,NA,Oklahoma City Thunder,21-23,Brooklyn Nets,27-15,0.75,0.75,0.916,0.9082969432314412,0.09170305676855885,493,0,0,1,336,401468806481,481,3,2:19,859,14.316666666666666,78,68,78,68,10,Nets defensive team rebound
nba,2023,401468805,2023-01-15,Chicago Bulls,Golden State Warriors,CHI,GS,20-24,21-22,132,118,TRUE,Golden State Warriors,21-22,NA,NA,NA,NA,NA,NA,NA,NA,NA,NA,Chicago Bulls,20-24,Golden State Warriors,21-22,0.427,0.573,0.8089999999999999,0.7639060568603213,0.23609394313967869,480,0,0,1,256,401468805378,378,3,10:43,1363,22.716666666666665,59,67,67,59,8,Andrew Wiggins defensive rebound
nba,2023,401468804,2023-01-15,LA Clippers,Houston Rockets,LAC,HOU,23-22,10-33,121,100,TRUE,LA Clippers,23-22,NA,NA,NA,NA,NA,NA,NA,NA,NA,NA,LA Clippers,23-22,Houston Rockets,10-33,0.781,0.781,0.661,0.6686838124054464,0.3313161875945536,462,0,0,1,252,401468804356,356,3,8:17,1217,20.283333333333335,66,74,74,66,8,Kenyon Martin Jr. makes 2-foot two point shot (Alperen Sengun assists)
nba,2023,401468803,2023-01-15,Detroit Pistons,New York Knicks,DET,NY,12-35,25-19,104,117,FALSE,New York Knicks,25-19,NA,NA,NA,NA,NA,NA,NA,NA,NA,NA,New York Knicks,25-19,Detroit Pistons,12-35,0.226,0.774,0.226,1.1102230246251563e-16,1,431,0,0,1,1,4014688034,4,1,12:00,2880,48,0,0,0,0,0,Mitchell Robinson vs. Isaiah Stewart (Jalen Brunson gains possession)
nba,2023,401468802,2023-01-14,Portland Trail Blazers,Dallas Mavericks,POR,DAL,20-22,24-20,136,119,TRUE,Portland Trail Blazers,20-22,NA,NA,NA,NA,NA,NA,NA,NA,NA,NA,Portland Trail Blazers,20-22,Dallas Mavericks,24-20,0.595,0.595,0.5609999999999999,0.2780748663101603,0.7219251336898397,430,0,0,1,17,40146880226,26,1,9:39,2739,45.65,2,8,8,2,6,Spencer Dinwiddie makes 26-foot three pointer
nba,2023,401468801,2023-01-14,Utah Jazz,Philadelphia 76ers,UTAH,PHI,22-24,26-16,117,118,FALSE,Philadelphia 76ers,26-16,NA,NA,NA,NA,NA,NA,NA,NA,NA,NA,Philadelphia 76ers,26-16,Utah Jazz,22-24,0.287,0.7130000000000001,0.539,0.4675324675324677,0.5324675324675323,463,0,0,5,449,401468801633,633,4,33.2,33.2,0.5533333333333333,115,114,115,114,1,Walker Kessler makes tip shot
nba,2023,401468800,2023-01-14,Minnesota Timberwolves,Cleveland Cavaliers,MIN,CLE,22-22,27-17,110,102,TRUE,Cleveland Cavaliers,27-17,NA,NA,NA,NA,NA,NA,NA,NA,NA,NA,Minnesota Timberwolves,22-22,Cleveland Cavaliers,27-17,0.334,0.6659999999999999,0.935,0.93048128342246,0.06951871657753994,419,0,0,1,252,401468800370,370,3,8:23,1223,20.383333333333333,53,66,66,53,13,Jarrett Allen makes free throw 1 of 2
nba,2023,401468799,2023-01-14,Toronto Raptors,Atlanta Hawks,TOR,ATL,19-24,21-22,103,114,FALSE,Toronto Raptors,19-24,NA,NA,NA,NA,NA,NA,NA,NA,NA,NA,Atlanta Hawks,21-22,Toronto Raptors,19-24,0.777,0.777,0.777,0.712998712998713,0.287001287001287,450,0,0,1,1,4014687994,4,1,12:00,2880,48,0,0,0,0,0,Onyeka Okongwu vs. Scottie Barnes (Fred VanVleet gains possession)
nba,2023,401468797,2023-01-14,Charlotte Hornets,Boston Celtics,CHA,BOS,11-33,32-12,106,122,FALSE,Boston Celtics,32-12,NA,NA,NA,NA,NA,NA,NA,NA,NA,NA,Boston Celtics,32-12,Charlotte Hornets,11-33,0.295,0.7050000000000001,0.846,0.8179669030732861,0.18203309692671388,440,0,0,1,179,401468797260,260,2,3:23,1643,27.383333333333333,62,47,62,47,15,Marcus Smart misses 27-foot three point jumper
nba,2023,401468798,2023-01-14,Indiana Pacers,Memphis Grizzlies,IND,MEM,23-21,29-13,112,130,FALSE,Memphis Grizzlies,29-13,NA,NA,NA,NA,NA,NA,NA,NA,NA,NA,Memphis Grizzlies,29-13,Indiana Pacers,23-21,0.258,0.742,0.39,0.3384615384615385,0.6615384615384615,518,0,0,4,147,401468798212,212,2,9:57,2037,33.95,39,38,39,38,1,Chris Duarte makes free throw 1 of 2
nba,2023,401468796,2023-01-14,Miami Heat,Milwaukee Bucks,MIA,MIL,24-20,27-16,111,95,TRUE,Miami Heat,24-20,NA,NA,NA,NA,NA,NA,NA,NA,NA,NA,Miami Heat,24-20,Milwaukee Bucks,27-16,0.558,0.558,0.503,0.12127236580516908,0.8787276341948309,414,0,0,1,4,4014687969,9,1,11:21,2841,47.35,0,0,0,0,0,Bam Adebayo shooting foul
nba,2023,401468794,2023-01-13,LA Clippers,Denver Nuggets,LAC,DEN,22-22,29-13,103,115,FALSE,LA Clippers,22-22,NA,NA,NA,NA,NA,NA,NA,NA,NA,NA,Denver Nuggets,29-13,LA Clippers,22-22,0.694,0.694,0.797,0.7452948557089085,0.2547051442910915,412,0,0,1,132,401468794190,190,2,7:19,1879,31.316666666666663,48,41,48,41,7,Norman Powell makes driving layup
nba,2023,401468795,2023-01-13,Sacramento Kings,Houston Rockets,SAC,HOU,23-18,10-32,139,114,TRUE,Sacramento Kings,23-18,NA,NA,NA,NA,NA,NA,NA,NA,NA,NA,Sacramento Kings,23-18,Houston Rockets,10-32,0.806,0.806,0.416,0.5336538461538463,0.46634615384615374,499,0,0,1,263,401468795379,379,2,6:57,1857,30.95,44,49,49,44,5,Jalen Green misses 3-foot tip shot
nba,2023,401468793,2023-01-13,Utah Jazz,Orlando Magic,UTAH,ORL,22-23,16-27,112,108,TRUE,Utah Jazz,22-23,NA,NA,NA,NA,NA,NA,NA,NA,NA,NA,Utah Jazz,22-23,Orlando Magic,16-27,0.697,0.697,0.589,0.48556876061120535,0.5144312393887946,515,0,0,1,314,401468793444,444,3,6:12,1092,18.2,68,71,71,68,3,Wendell Carter Jr. makes free throw 1 of 2
nba,2023,401468791,2023-01-13,Chicago Bulls,Oklahoma City Thunder,CHI,OKC,19-24,20-23,110,124,FALSE,Chicago Bulls,19-24,NA,NA,NA,NA,NA,NA,NA,NA,NA,NA,Oklahoma City Thunder,20-23,Chicago Bulls,19-24,0.64,0.64,0.771,0.7029831387808041,0.2970168612191959,466,0,0,1,140,401468791205,205,2,9:24,2004,33.4,42,36,42,36,6,Patrick Williams defensive rebound
nba,2023,401468792,2023-01-13,Minnesota Timberwolves,Phoenix Suns,MIN,PHX,21-22,21-23,121,116,TRUE,Minnesota Timberwolves,21-22,NA,NA,NA,NA,NA,NA,NA,NA,NA,NA,Minnesota Timberwolves,21-22,Phoenix Suns,21-23,0.633,0.633,0.395,0.07088607594936713,0.9291139240506328,466,0,0,1,3,40146879210,10,1,11:40,2860,47.666666666666664,0,2,2,0,2,Mikal Bridges makes 16-foot pullup jump shot (Deandre Ayton assists)
nba,2023,401468790,2023-01-13,San Antonio Spurs,Golden State Warriors,SA,GS,13-30,21-21,113,144,FALSE,Golden State Warriors,21-21,NA,NA,NA,NA,NA,NA,NA,NA,NA,NA,Golden State Warriors,21-21,San Antonio Spurs,13-30,0.28,0.72,0.324,0.1358024691358024,0.8641975308641976,504,0,0,1,16,40146879024,24,1,10:44,2804,46.733333333333334,2,1,2,1,1,Tre Jones defensive rebound
nba,2023,401468787,2023-01-13,Detroit Pistons,New Orleans Pelicans,DET,NO,12-34,26-17,110,116,FALSE,New Orleans Pelicans,26-17,NA,NA,NA,NA,NA,NA,NA,NA,NA,NA,New Orleans Pelicans,26-17,Detroit Pistons,12-34,0.346,0.654,0.448,0.2276785714285715,0.7723214285714285,482,0,0,1,174,401468787239,239,2,7:22,1882,31.366666666666667,42,41,42,41,1,CJ McCollum out of bounds lost ball turnover
nba,2023,401468788,2023-01-13,Indiana Pacers,Atlanta Hawks,IND,ATL,23-20,20-22,111,113,FALSE,Atlanta Hawks,20-22,NA,NA,NA,NA,NA,NA,NA,NA,NA,NA,Atlanta Hawks,20-22,Indiana Pacers,23-20,0.457,0.5429999999999999,0.905,0.8950276243093922,0.1049723756906078,519,0,0,1,421,401468788613,613,4,8:38,518,8.633333333333333,99,90,99,90,9,Bogdan Bogdanovic misses step back jumpshot
nba,2023,401468789,2023-01-13,Washington Wizards,New York Knicks,WSH,NY,18-25,24-19,108,112,FALSE,New York Knicks,24-19,NA,NA,NA,NA,NA,NA,NA,NA,NA,NA,New York Knicks,24-19,Washington Wizards,18-25,0.36,0.64,0.668,0.5029940119760481,0.4970059880239519,497,0,0,3,222,401468789300,300,2,1:08,1508,25.133333333333333,47,41,47,41,6,Jalen Brunson shooting foul
nba,2023,401468785,2023-01-12,Los Angeles Lakers,Dallas Mavericks,LAL,DAL,19-23,24-19,115,119,FALSE,Dallas Mavericks,24-19,NA,NA,NA,NA,NA,NA,NA,NA,NA,NA,Dallas Mavericks,24-19,Los Angeles Lakers,19-23,0.488,0.512,0.896,0.8839285714285714,0.1160714285714286,544,0,0,1,442,401468785621,621,4,11.1,611.1,10.185,100,98,100,98,2,Russell Westbrook makes free throw 1 of 2
nba,2023,401468786,2023-01-12,Portland Trail Blazers,Cleveland Cavaliers,POR,CLE,19-22,27-16,113,119,FALSE,Cleveland Cavaliers,27-16,NA,NA,NA,NA,NA,NA,NA,NA,NA,NA,Cleveland Cavaliers,27-16,Portland Trail Blazers,19-22,0.495,0.505,0.867,0.8465974625144175,0.15340253748558252,347,0,0,1,164,401468786236,236,2,6:57,1857,30.95,45,31,45,31,14,Jusuf Nurkic defensive rebound
nba,2023,401468782,2023-01-12,Brooklyn Nets,Boston Celtics,BKN,BOS,27-14,31-12,98,109,FALSE,Brooklyn Nets,27-14,NA,NA,NA,NA,NA,NA,NA,NA,NA,NA,Boston Celtics,31-12,Brooklyn Nets,27-14,0.61,0.61,0.809,0.7639060568603215,0.2360939431396785,437,0,0,1,122,401468782189,189,2,9:12,1992,33.2,40,33,40,33,7,Payton Pritchard shooting foul
nba,2023,401468783,2023-01-12,Miami Heat,Milwaukee Bucks,MIA,MIL,23-20,27-15,108,102,TRUE,Miami Heat,23-20,NA,NA,NA,NA,NA,NA,NA,NA,NA,NA,Miami Heat,23-20,Milwaukee Bucks,27-15,0.616,0.616,0.819,0.7789987789987789,0.2210012210012211,447,0,0,1,132,401468783183,183,2,9:04,1984,33.06666666666667,17,32,32,17,15,Heat Full timeout
nba,2023,401468784,2023-01-12,Toronto Raptors,Charlotte Hornets,TOR,CHA,19-23,11-32,124,114,TRUE,Toronto Raptors,19-23,NA,NA,NA,NA,NA,NA,NA,NA,NA,NA,Toronto Raptors,19-23,Charlotte Hornets,11-32,0.783,0.783,0.21999999999999997,0.01363636363636366,0.9863636363636364,474,0,0,1,3,4014687848,8,1,11:20,2840,47.333333333333336,2,2,2,2,0,Jalen McDaniels makes 9-foot two point shot
nba,2023,401468781,2023-01-12,Philadelphia 76ers,Oklahoma City Thunder,PHI,OKC,25-16,19-23,114,133,FALSE,Philadelphia 76ers,25-16,NA,NA,NA,NA,NA,NA,NA,NA,NA,NA,Oklahoma City Thunder,19-23,Philadelphia 76ers,25-16,0.879,0.879,0.905,0.8950276243093922,0.1049723756906078,494,0,0,1,4,4014687819,9,1,11:32,2852,47.53333333333333,3,0,3,0,3,James Harden makes 26-foot three pointer (Tobias Harris assists)
nba,2023,401468779,2023-01-11,Denver Nuggets,Phoenix Suns,DEN,PHX,28-13,21-22,126,97,TRUE,Denver Nuggets,28-13,NA,NA,NA,NA,NA,NA,NA,NA,NA,NA,Denver Nuggets,28-13,Phoenix Suns,21-22,0.87,0.87,0.17200000000000004,0.24418604651162812,0.7558139534883719,442,0,0,1,88,401468779135,135,1,1:36,2256,37.6,29,26,26,29,-3,Zeke Nnaji personal foul
nba,2023,401468780,2023-01-11,Sacramento Kings,Houston Rockets,SAC,HOU,22-18,10-31,135,115,TRUE,Sacramento Kings,22-18,NA,NA,NA,NA,NA,NA,NA,NA,NA,NA,Sacramento Kings,22-18,Houston Rockets,10-31,0.788,0.788,0.5660000000000001,0.6254416961130743,0.3745583038869257,496,0,0,1,364,401468780518,518,3,5.0,725,12.083333333333334,93,94,94,93,1,Domantas Sabonis shooting foul
nba,2023,401468778,2023-01-11,Memphis Grizzlies,San Antonio Spurs,MEM,SA,28-13,13-29,135,129,TRUE,Memphis Grizzlies,28-13,NA,NA,NA,NA,NA,NA,NA,NA,NA,NA,Memphis Grizzlies,28-13,San Antonio Spurs,13-29,0.893,0.893,0.29200000000000004,0.6335616438356165,0.3664383561643834,517,0,0,1,136,401468778193,193,2,11:33,2133,35.55,32,37,37,32,5,Doug McDermott defensive rebound
nba,2023,401468775,2023-01-11,Atlanta Hawks,Milwaukee Bucks,ATL,MIL,19-22,27-14,105,114,FALSE,Milwaukee Bucks,27-14,NA,NA,NA,NA,NA,NA,NA,NA,NA,NA,Milwaukee Bucks,27-14,Atlanta Hawks,19-22,0.378,0.622,0.639,0.43505477308294216,0.5649452269170578,454,0,0,1,412,401468775589,589,4,3:12,192,3.2,103,101,103,101,2,Bogdan Bogdanovic makes pullup jump shot
nba,2023,401468776,2023-01-11,Boston Celtics,New Orleans Pelicans,BOS,NO,30-12,25-17,125,114,TRUE,Boston Celtics,30-12,NA,NA,NA,NA,NA,NA,NA,NA,NA,NA,Boston Celtics,30-12,New Orleans Pelicans,25-17,0.765,0.765,0.32399999999999995,0.27469135802469125,0.7253086419753088,434,0,0,1,16,40146877625,25,1,10:07,2767,46.11666666666667,3,6,6,3,3,Jonas Valanciunas makes free throw 1 of 2
nba,2023,401468777,2023-01-11,New York Knicks,Indiana Pacers,NY,IND,23-19,23-19,119,113,TRUE,New York Knicks,23-19,NA,NA,NA,NA,NA,NA,NA,NA,NA,NA,New York Knicks,23-19,Indiana Pacers,23-19,0.617,0.617,0.383,0,1,469,0,0,1,1,4014687774,4,1,12:00,2880,48,0,0,0,0,0,Jalen Smith vs. Mitchell Robinson (Andrew Nembhard gains possession)
nba,2023,401468773,2023-01-11,Detroit Pistons,Minnesota Timberwolves,DET,MIN,12-33,20-22,135,118,TRUE,Minnesota Timberwolves,20-22,NA,NA,NA,NA,NA,NA,NA,NA,NA,NA,Detroit Pistons,12-33,Minnesota Timberwolves,20-22,0.253,0.747,0.899,0.8876529477196886,0.1123470522803114,453,0,0,1,19,40146877329,29,1,9:45,2745,45.75,0,10,10,0,10,Rudy Gobert defensive rebound
nba,2023,401468774,2023-01-11,Washington Wizards,Chicago Bulls,WSH,CHI,18-24,19-23,100,97,TRUE,Chicago Bulls,19-23,NA,NA,NA,NA,NA,NA,NA,NA,NA,NA,Washington Wizards,18-24,Chicago Bulls,19-23,0.465,0.5349999999999999,0.926,0.920086393088553,0.079913606911447,434,0,0,1,232,401468774324,324,3,11:18,1398,23.3,46,62,62,46,16,Zach LaVine makes 25-foot three pointer
nba,2023,401468772,2023-01-10,LA Clippers,Dallas Mavericks,LAC,DAL,22-21,23-19,113,101,TRUE,LA Clippers,22-21,NA,NA,NA,NA,NA,NA,NA,NA,NA,NA,LA Clippers,22-21,Dallas Mavericks,23-19,0.632,0.632,0.37,0.00540540540540546,0.9945945945945944,451,0,0,1,141,401468772193,193,2,9:30,2010,33.5,35,33,33,35,-2,Robert Covington misses free throw 3 of 3
nba,2023,401468770,2023-01-10,Golden State Warriors,Phoenix Suns,GS,PHX,20-21,21-21,113,125,FALSE,Golden State Warriors,20-21,NA,NA,NA,NA,NA,NA,NA,NA,NA,NA,Phoenix Suns,21-21,Golden State Warriors,20-21,0.879,0.879,0.897,0.8851727982162765,0.11482720178372352,537,0,0,1,4,4014687709,9,1,11:30,2850,47.5,3,0,3,0,3,Klay Thompson makes 26-foot three point jumper (Andrew Wiggins assists)
nba,2023,401468771,2023-01-10,Portland Trail Blazers,Orlando Magic,POR,ORL,19-21,16-26,106,109,FALSE,Portland Trail Blazers,19-21,NA,NA,NA,NA,NA,NA,NA,NA,NA,NA,Orlando Magic,16-26,Portland Trail Blazers,19-21,0.753,0.753,0.753,0.6719787516600266,0.32802124833997337,447,0,0,1,1,4014687714,4,1,12:00,2880,48,0,0,0,0,0,Wendell Carter Jr. vs. Jusuf Nurkic (Damian Lillard gains possession)
nba,2023,401468769,2023-01-10,Utah Jazz,Cleveland Cavaliers,UTAH,CLE,21-23,26-16,116,114,TRUE,Cleveland Cavaliers,26-16,NA,NA,NA,NA,NA,NA,NA,NA,NA,NA,Utah Jazz,21-23,Cleveland Cavaliers,26-16,0.43,0.5700000000000001,0.892,0.8789237668161436,0.1210762331838564,483,0,0,1,441,401468769625,625,4,2:10,130,2.1666666666666665,102,107,107,102,5,Darius Garland defensive rebound
nba,2023,401468766,2023-01-10,Miami Heat,Oklahoma City Thunder,MIA,OKC,22-20,18-23,112,111,TRUE,Oklahoma City Thunder,18-23,NA,NA,NA,NA,NA,NA,NA,NA,NA,NA,Miami Heat,22-20,Oklahoma City Thunder,18-23,0.483,0.517,0.922,0.915401301518438,0.08459869848156187,507,0,0,1,484,401468766689,689,4,53.0,53,0.8833333333333333,106,111,111,106,5,Thunder Full timeout
nba,2023,401468768,2023-01-10,Toronto Raptors,Charlotte Hornets,TOR,CHA,18-23,11-31,132,120,TRUE,Toronto Raptors,18-23,NA,NA,NA,NA,NA,NA,NA,NA,NA,NA,Toronto Raptors,18-23,Charlotte Hornets,11-31,0.778,0.778,0.489,0.5460122699386504,0.4539877300613496,441,0,0,1,307,401468768440,440,3,1:06,786,13.1,92,94,94,92,2,Cody Martin makes two point shot
nba,2023,401468767,2023-01-10,Philadelphia 76ers,Detroit Pistons,PHI,DET,25-15,11-33,147,116,TRUE,Philadelphia 76ers,25-15,NA,NA,NA,NA,NA,NA,NA,NA,NA,NA,Philadelphia 76ers,25-15,Detroit Pistons,11-33,0.923,0.923,0.09399999999999996,0.18085106382978744,0.8191489361702126,485,0,0,1,132,401468767203,203,2,9:35,2015,33.583333333333336,33,29,29,33,-4,Rodney McGruder makes 26-foot three point jumper (Jaden Ivey assists)
nba,2023,401468765,2023-01-09,Sacramento Kings,Orlando Magic,SAC,ORL,21-18,15-26,136,111,TRUE,Sacramento Kings,21-18,NA,NA,NA,NA,NA,NA,NA,NA,NA,NA,Sacramento Kings,21-18,Orlando Magic,15-26,0.735,0.735,0.31399999999999995,0.1560509554140126,0.8439490445859874,454,0,0,1,7,40146876513,13,1,10:56,2816,46.93333333333333,0,2,2,0,2,Paolo Banchero defensive rebound
nba,2023,401468764,2023-01-09,Denver Nuggets,Los Angeles Lakers,DEN,LAL,27-13,19-22,122,109,TRUE,Denver Nuggets,27-13,NA,NA,NA,NA,NA,NA,NA,NA,NA,NA,Denver Nuggets,27-13,Los Angeles Lakers,19-22,0.869,0.869,0.18100000000000005,0.2762430939226521,0.7237569060773479,491,0,0,1,49,40146876469,69,1,5:32,2492,41.53333333333333,12,13,13,12,1,Russell Westbrook defensive rebound
nba,2023,401468763,2023-01-09,Memphis Grizzlies,San Antonio Spurs,MEM,SA,27-13,13-28,121,113,TRUE,Memphis Grizzlies,27-13,NA,NA,NA,NA,NA,NA,NA,NA,NA,NA,Memphis Grizzlies,27-13,San Antonio Spurs,13-28,0.837,0.837,0.742,0.7803234501347709,0.2196765498652291,504,0,0,3,398,401468763568,568,4,9:03,543,9.05,98,103,103,98,5,Kennedy Chandler personal foul
nba,2023,401468761,2023-01-09,Boston Celtics,Chicago Bulls,BOS,CHI,29-12,19-22,107,99,TRUE,Boston Celtics,29-12,NA,NA,NA,NA,NA,NA,NA,NA,NA,NA,Boston Celtics,29-12,Chicago Bulls,19-22,0.761,0.761,0.374,0.3609625668449198,0.6390374331550802,423,0,0,1,157,401468761221,221,2,6:38,1838,30.633333333333333,42,43,43,42,1,Nikola Vucevic defensive rebound
nba,2023,401468762,2023-01-09,New York Knicks,Milwaukee Bucks,NY,MIL,22-19,26-14,107,111,FALSE,New York Knicks,22-19,NA,NA,NA,NA,NA,NA,NA,NA,NA,NA,Milwaukee Bucks,26-14,New York Knicks,22-19,0.594,0.594,0.973,0.972250770811922,0.02774922918807809,475,0,0,1,300,401468762416,416,3,4:45,1005,16.75,70,53,70,53,17,Jalen Brunson defensive rebound
nba,2023,401468760,2023-01-09,Washington Wizards,New Orleans Pelicans,WSH,NO,17-24,25-16,112,132,FALSE,Washington Wizards,17-24,NA,NA,NA,NA,NA,NA,NA,NA,NA,NA,New Orleans Pelicans,25-16,Washington Wizards,17-24,0.575,0.575,0.789,0.7325728770595692,0.2674271229404308,478,0,0,1,14,40146876024,24,1,9:46,2746,45.766666666666666,10,0,10,0,10,Naji Marshall misses 8-foot two point shot
nba,2023,401468759,2023-01-08,LA Clippers,Atlanta Hawks,LAC,ATL,21-21,19-21,108,112,FALSE,LA Clippers,21-21,NA,NA,NA,NA,NA,NA,NA,NA,NA,NA,Atlanta Hawks,19-21,LA Clippers,21-21,0.68,0.68,0.967,0.965873836608066,0.03412616339193386,482,0,0,1,408,401468759570,570,4,6:31,391,6.516666666666667,102,91,102,91,11,Dejounte Murray misses 25-foot three point jumper
nba,2023,401468758,2023-01-08,Phoenix Suns,Cleveland Cavaliers,PHX,CLE,20-21,26-15,98,112,FALSE,Cleveland Cavaliers,26-15,NA,NA,NA,NA,NA,NA,NA,NA,NA,NA,Cleveland Cavaliers,26-15,Phoenix Suns,20-21,0.293,0.7070000000000001,0.514,0.4299610894941635,0.5700389105058364,399,0,0,1,290,401468758412,412,3,53.1,773.1,12.885,79,78,79,78,1,Mikal Bridges defensive rebound
nba,2023,401468756,2023-01-08,Houston Rockets,Minnesota Timberwolves,HOU,MIN,10-30,20-21,96,104,FALSE,Minnesota Timberwolves,20-21,NA,NA,NA,NA,NA,NA,NA,NA,NA,NA,Minnesota Timberwolves,20-21,Houston Rockets,10-30,0.416,0.5840000000000001,0.932,0.927038626609442,0.07296137339055786,451,0,0,1,180,401468756261,261,2,4:02,1682,28.033333333333335,60,42,60,42,18,Alperen Sengun makes free throw 1 of 2
nba,2023,401468757,2023-01-08,Oklahoma City Thunder,Dallas Mavericks,OKC,DAL,18-22,23-18,120,109,TRUE,Oklahoma City Thunder,18-22,NA,NA,NA,NA,NA,NA,NA,NA,NA,NA,Oklahoma City Thunder,18-22,Dallas Mavericks,23-18,0.618,0.618,0.71,0.5915492957746478,0.40845070422535223,489,0,0,1,91,401468757133,133,1,2:59,2339,38.983333333333334,20,31,31,20,11,Shai Gilgeous-Alexander misses free throw 2 of 2
nba,2023,401468754,2023-01-08,Miami Heat,Brooklyn Nets,MIA,BKN,21-20,27-13,101,102,FALSE,Brooklyn Nets,27-13,NA,NA,NA,NA,NA,NA,NA,NA,NA,NA,Brooklyn Nets,27-13,Miami Heat,21-20,0.357,0.643,0.896,0.8839285714285714,0.1160714285714286,448,0,0,1,363,401468754537,537,4,9:01,541,9.016666666666667,90,81,90,81,9,Royce O'Neale misses driving layup
nba,2023,401468755,2023-01-08,Memphis Grizzlies,Utah Jazz,MEM,UTAH,26-13,20-23,123,118,TRUE,Memphis Grizzlies,26-13,NA,NA,NA,NA,NA,NA,NA,NA,NA,NA,Memphis Grizzlies,26-13,Utah Jazz,20-23,0.653,0.653,0.496,0.3004032258064516,0.6995967741935484,498,0,0,1,125,401468755192,192,2,11:24,2124,35.4,23,26,26,23,3,Walker Kessler defensive rebound
nba,2023,401468753,2023-01-08,Indiana Pacers,Charlotte Hornets,IND,CHA,23-18,11-30,116,111,TRUE,Indiana Pacers,23-18,NA,NA,NA,NA,NA,NA,NA,NA,NA,NA,Indiana Pacers,23-18,Charlotte Hornets,11-30,0.717,0.717,0.85,0.8235294117647058,0.17647058823529416,504,0,0,1,386,401468753557,557,4,10:19,619,10.316666666666666,76,85,85,76,9,P.J. Washington makes 27-foot three point jumper (LaMelo Ball assists)
nba,2023,401468752,2023-01-08,Toronto Raptors,Portland Trail Blazers,TOR,POR,17-23,19-20,117,105,TRUE,Toronto Raptors,17-23,NA,NA,NA,NA,NA,NA,NA,NA,NA,NA,Toronto Raptors,17-23,Portland Trail Blazers,19-20,0.62,0.62,0.5609999999999999,0.3226381461675578,0.6773618538324422,496,0,0,1,13,40146875223,23,1,9:50,2750,45.833333333333336,4,10,10,4,6,Anfernee Simons makes free throw 2 of 3
nba,2023,401468751,2023-01-08,Detroit Pistons,Philadelphia 76ers,DET,PHI,11-32,24-15,111,123,FALSE,Philadelphia 76ers,24-15,NA,NA,NA,NA,NA,NA,NA,NA,NA,NA,Philadelphia 76ers,24-15,Detroit Pistons,11-32,0.303,0.6970000000000001,0.376,0.1941489361702129,0.8058510638297871,455,0,0,1,10,40146875119,19,1,10:32,2792,46.53333333333333,3,2,3,2,1,Isaiah Stewart defensive rebound
nba,2023,401468750,2023-01-07,Sacramento Kings,Los Angeles Lakers,SAC,LAL,20-18,19-21,134,136,FALSE,Sacramento Kings,20-18,NA,NA,NA,NA,NA,NA,NA,NA,NA,NA,Los Angeles Lakers,19-21,Sacramento Kings,20-18,0.762,0.762,0.875,0.8571428571428572,0.1428571428571428,507,0,0,2,197,401468750290,290,2,5:29,1769,29.483333333333334,62,54,62,54,8,Thomas Bryant shooting foul
nba,2023,401468749,2023-01-07,Golden State Warriors,Orlando Magic,GS,ORL,20-20,15-25,101,115,FALSE,Golden State Warriors,20-20,NA,NA,NA,NA,NA,NA,NA,NA,NA,NA,Orlando Magic,15-25,Golden State Warriors,20-20,0.696,0.696,0.825,0.7878787878787878,0.21212121212121215,460,0,0,1,68,40146874992,92,1,3:03,2343,39.05,24,17,24,17,7,Anthony Lamb defensive rebound
nba,2023,401468747,2023-01-07,Chicago Bulls,Utah Jazz,CHI,UTAH,19-21,20-22,126,118,TRUE,Utah Jazz,20-22,NA,NA,NA,NA,NA,NA,NA,NA,NA,NA,Chicago Bulls,19-21,Utah Jazz,20-22,0.458,0.542,0.831,0.7966305655836341,0.2033694344163659,453,0,0,2,344,401468747482,482,3,30.1,750.1,12.501666666666669,82,89,89,82,7,DeMar DeRozan misses free throw 2 of 2
nba,2023,401468748,2023-01-07,Dallas Mavericks,New Orleans Pelicans,DAL,NO,23-17,24-16,127,117,TRUE,Dallas Mavericks,23-17,NA,NA,NA,NA,NA,NA,NA,NA,NA,NA,Dallas Mavericks,23-17,New Orleans Pelicans,24-16,0.761,0.761,0.28400000000000003,0.15845070422535223,0.8415492957746478,507,0,0,1,4,40146874810,10,1,11:13,2833,47.21666666666667,0,2,2,0,2,Jonas Valanciunas defensive rebound
nba,2023,401468746,2023-01-07,San Antonio Spurs,Boston Celtics,SA,BOS,13-27,28-12,116,121,FALSE,Boston Celtics,28-12,NA,NA,NA,NA,NA,NA,NA,NA,NA,NA,Boston Celtics,28-12,San Antonio Spurs,13-27,0.063,0.937,0.474,0.8670886075949368,0.13291139240506322,482,0,0,3,461,401468746666,666,4,37.1,37.1,0.6183333333333334,116,116,116,116,0,Josh Richardson makes 25-foot three pointer (Tre Jones assists)
nba,2023,401468745,2023-01-06,Los Angeles Lakers,Atlanta Hawks,LAL,ATL,18-21,18-21,130,114,TRUE,Atlanta Hawks,18-21,NA,NA,NA,NA,NA,NA,NA,NA,NA,NA,Los Angeles Lakers,18-21,Atlanta Hawks,18-21,0.463,0.5369999999999999,0.5369999999999999,0.13780260707634984,0.8621973929236502,473,0,0,1,1,4014687454,4,1,12:00,2880,48,0,0,0,0,0,Onyeka Okongwu vs. Thomas Bryant (LeBron James gains possession)
nba,2023,401468744,2023-01-06,Phoenix Suns,Miami Heat,PHX,MIA,20-20,21-19,96,104,FALSE,Phoenix Suns,20-20,NA,NA,NA,NA,NA,NA,NA,NA,NA,NA,Miami Heat,21-19,Phoenix Suns,20-20,0.586,0.586,0.704,0.5795454545454544,0.4204545454545456,447,0,0,1,9,40146874416,16,1,10:53,2813,46.88333333333333,5,0,5,0,5,Mikal Bridges defensive rebound
nba,2023,401468742,2023-01-06,Minnesota Timberwolves,LA Clippers,MIN,LAC,19-21,21-20,128,115,TRUE,Minnesota Timberwolves,19-21,NA,NA,NA,NA,NA,NA,NA,NA,NA,NA,Minnesota Timberwolves,19-21,LA Clippers,21-20,0.594,0.594,0.408,0.0049019607843137,0.9950980392156864,493,0,0,1,6,40146874212,12,1,11:14,2834,47.233333333333334,2,2,2,2,0,Marcus Morris Sr. personal foul
nba,2023,401468743,2023-01-06,Denver Nuggets,Cleveland Cavaliers,DEN,CLE,26-13,25-15,121,108,TRUE,Denver Nuggets,26-13,NA,NA,NA,NA,NA,NA,NA,NA,NA,NA,Denver Nuggets,26-13,Cleveland Cavaliers,25-15,0.64,0.64,0.577,0.3760831889081455,0.6239168110918545,477,0,0,1,193,401468743283,283,2,5:29,1769,29.483333333333334,45,49,49,45,4,Jarrett Allen makes free throw 1 of 2
nba,2023,401468738,2023-01-06,Milwaukee Bucks,Charlotte Hornets,MIL,CHA,25-14,11-29,109,138,FALSE,Milwaukee Bucks,25-14,NA,NA,NA,NA,NA,NA,NA,NA,NA,NA,Charlotte Hornets,11-29,Milwaukee Bucks,25-14,0.792,0.792,0.838,0.8066825775656323,0.19331742243436767,472,0,0,1,4,40146873810,10,1,11:27,2847,47.45,3,0,3,0,3,Giannis Antetokounmpo defensive rebound
nba,2023,401468739,2023-01-06,Oklahoma City Thunder,Washington Wizards,OKC,WSH,17-22,17-23,127,110,TRUE,Washington Wizards,17-23,NA,NA,NA,NA,NA,NA,NA,NA,NA,NA,Oklahoma City Thunder,17-22,Washington Wizards,17-23,0.446,0.554,0.624,0.39743589743589736,0.6025641025641026,479,0,0,1,11,40146873919,19,1,10:47,2807,46.78333333333333,2,5,5,2,3,Kyle Kuzma makes 25-foot three point jumper (Monte Morris assists)
nba,2023,401468740,2023-01-06,San Antonio Spurs,Detroit Pistons,SA,DET,13-26,11-31,121,109,TRUE,San Antonio Spurs,13-26,NA,NA,NA,NA,NA,NA,NA,NA,NA,NA,San Antonio Spurs,13-26,Detroit Pistons,11-31,0.59,0.59,0.597,0.32495812395309875,0.6750418760469012,452,0,0,1,172,401468740247,247,2,5:00,1740,29,38,42,42,38,4,Jalen Duren defensive rebound
nba,2023,401468737,2023-01-06,Toronto Raptors,New York Knicks,TOR,NY,16-23,22-18,108,112,FALSE,Toronto Raptors,16-23,NA,NA,NA,NA,NA,NA,NA,NA,NA,NA,New York Knicks,22-18,Toronto Raptors,16-23,0.538,0.538,0.584,0.28767123287671215,0.7123287671232879,470,0,0,1,18,40146873726,26,1,9:57,2757,45.95,5,3,5,3,2,Fred VanVleet makes 25-foot step back jumpshot
nba,2023,401468741,2023-01-06,New Orleans Pelicans,Brooklyn Nets,NO,BKN,24-15,26-13,102,108,FALSE,Brooklyn Nets,26-13,NA,NA,NA,NA,NA,NA,NA,NA,NA,NA,Brooklyn Nets,26-13,New Orleans Pelicans,24-15,0.343,0.657,0.831,0.7966305655836341,0.2033694344163659,482,0,0,1,145,401468741211,211,2,7:54,1914,31.9,42,28,42,28,14,Naji Marshall makes free throw 1 of 2
nba,2023,401468735,2023-01-06,Indiana Pacers,Portland Trail Blazers,IND,POR,22-18,19-19,108,99,TRUE,Indiana Pacers,22-18,NA,NA,NA,NA,NA,NA,NA,NA,NA,NA,Indiana Pacers,22-18,Portland Trail Blazers,19-19,0.631,0.631,0.752,0.6702127659574468,0.32978723404255317,468,0,0,1,413,401468735581,581,4,6:02,362,6.033333333333333,93,97,97,93,4,Jusuf Nurkic offensive rebound
nba,2023,401468736,2023-01-06,Philadelphia 76ers,Chicago Bulls,PHI,CHI,23-15,18-21,112,126,FALSE,Philadelphia 76ers,23-15,NA,NA,NA,NA,NA,NA,NA,NA,NA,NA,Chicago Bulls,18-21,Philadelphia 76ers,23-15,0.717,0.717,0.904,0.8938053097345133,0.10619469026548668,428,0,0,1,150,401468736214,214,2,7:07,1867,31.116666666666667,44,31,44,31,13,Montrezl Harrell makes two point shot
nba,2023,401468734,2023-01-05,Denver Nuggets,LA Clippers,DEN,LAC,25-13,21-19,122,91,TRUE,Denver Nuggets,25-13,NA,NA,NA,NA,NA,NA,NA,NA,NA,NA,Denver Nuggets,25-13,LA Clippers,21-19,0.556,0.556,0.464,0.0431034482758621,0.956896551724138,446,0,0,1,3,4014687348,8,1,11:42,2862,47.7,0,0,0,0,0,Ivica Zubac defensive rebound
nba,2023,401468733,2023-01-05,Houston Rockets,Utah Jazz,HOU,UTAH,10-29,20-21,114,131,FALSE,Utah Jazz,20-21,NA,NA,NA,NA,NA,NA,NA,NA,NA,NA,Utah Jazz,20-21,Houston Rockets,10-29,0.274,0.726,0.452,0.3938053097345132,0.6061946902654868,480,0,0,1,347,401468733490,490,3,2:21,861,14.35,86,85,86,85,1,Jae'Sean Tate makes 26-foot three point jumper (Tari Eason assists)
nba,2023,401468732,2023-01-05,Dallas Mavericks,Boston Celtics,DAL,BOS,22-17,27-12,95,124,FALSE,Boston Celtics,27-12,NA,NA,NA,NA,NA,NA,NA,NA,NA,NA,Boston Celtics,27-12,Dallas Mavericks,22-17,0.389,0.611,0.458,0.1506550218340611,0.8493449781659389,472,0,0,1,49,40146873273,73,1,6:34,2554,42.56666666666667,9,7,9,7,2,Luka Doncic defensive rebound
nba,2023,401468731,2023-01-05,Orlando Magic,Memphis Grizzlies,ORL,MEM,14-25,25-13,115,123,FALSE,Memphis Grizzlies,25-13,NA,NA,NA,NA,NA,NA,NA,NA,NA,NA,Memphis Grizzlies,25-13,Orlando Magic,14-25,0.315,0.685,0.507,0.3786982248520712,0.6213017751479288,466,0,0,1,82,401468731111,111,1,3:25,2365,39.416666666666664,15,9,15,9,6,Santi Aldama misses 23-foot three point jumper
nba,2023,401468728,2023-01-04,Golden State Warriors,Detroit Pistons,GS,DET,20-19,11-30,119,122,FALSE,Golden State Warriors,20-19,NA,NA,NA,NA,NA,NA,NA,NA,NA,NA,Detroit Pistons,11-30,Golden State Warriors,20-19,0.709,0.709,0.709,0.5895627644569816,0.4104372355430184,446,0,0,1,1,4014687284,4,1,12:00,2880,48,0,0,0,0,0,Jalen Duren vs. Kevon Looney (Draymond Green gains possession)
nba,2023,401468729,2023-01-04,Los Angeles Lakers,Miami Heat,LAL,MIA,17-21,20-19,112,109,TRUE,Miami Heat,20-19,NA,NA,NA,NA,NA,NA,NA,NA,NA,NA,Los Angeles Lakers,17-21,Miami Heat,20-19,0.299,0.7010000000000001,0.8180000000000001,0.7775061124694378,0.2224938875305622,491,0,0,1,384,401468729555,555,4,8:09,489,8.15,83,89,89,83,6,Tyler Herro makes 29-foot three point jumper (Victor Oladipo assists)
nba,2023,401468730,2023-01-04,Sacramento Kings,Atlanta Hawks,SAC,ATL,20-17,18-20,117,120,FALSE,Sacramento Kings,20-17,NA,NA,NA,NA,NA,NA,NA,NA,NA,NA,Atlanta Hawks,18-20,Sacramento Kings,20-17,0.576,0.576,0.89,0.8764044943820224,0.1235955056179776,460,0,0,3,431,401468730619,619,4,1:16,76,1.2666666666666666,116,113,116,113,3,John Collins shooting foul
nba,2023,401468725,2023-01-04,Chicago Bulls,Brooklyn Nets,CHI,BKN,17-21,25-13,121,112,TRUE,Brooklyn Nets,25-13,NA,NA,NA,NA,NA,NA,NA,NA,NA,NA,Chicago Bulls,17-21,Brooklyn Nets,25-13,0.38,0.62,0.646,0.4520123839009289,0.5479876160990711,455,0,0,1,6,40146872511,11,1,11:18,2838,47.3,0,2,2,0,2,Kyrie Irving makes driving floating jump shot
nba,2023,401468726,2023-01-04,Minnesota Timberwolves,Portland Trail Blazers,MIN,POR,18-21,19-18,113,106,TRUE,Minnesota Timberwolves,18-21,NA,NA,NA,NA,NA,NA,NA,NA,NA,NA,Minnesota Timberwolves,18-21,Portland Trail Blazers,19-18,0.528,0.528,0.5820000000000001,0.2817869415807561,0.7182130584192439,502,0,0,1,13,40146872619,19,1,10:29,2789,46.483333333333334,0,2,2,0,2,Rudy Gobert shooting foul
nba,2023,401468727,2023-01-04,New Orleans Pelicans,Houston Rockets,NO,HOU,24-14,10-28,119,108,TRUE,New Orleans Pelicans,24-14,NA,NA,NA,NA,NA,NA,NA,NA,NA,NA,New Orleans Pelicans,24-14,Houston Rockets,10-28,0.759,0.759,0.251,0.03984063745019928,0.9601593625498008,486,0,0,1,3,4014687278,8,1,11:16,2836,47.266666666666666,2,0,0,2,-2,Trey Murphy III shooting foul
nba,2023,401468723,2023-01-04,New York Knicks,San Antonio Spurs,NY,SA,21-18,12-26,117,114,TRUE,New York Knicks,21-18,NA,NA,NA,NA,NA,NA,NA,NA,NA,NA,New York Knicks,21-18,San Antonio Spurs,12-26,0.842,0.842,0.656,0.7591463414634145,0.24085365853658547,493,0,0,2,435,401468723611,611,4,4:21,261,4.35,107,108,108,107,1,Tre Jones makes free throw 1 of 2
nba,2023,401468724,2023-01-04,Toronto Raptors,Milwaukee Bucks,TOR,MIL,16-22,25-13,101,104,FALSE,Toronto Raptors,16-22,NA,NA,NA,NA,NA,NA,NA,NA,NA,NA,Milwaukee Bucks,25-13,Toronto Raptors,16-22,0.689,0.689,0.689,0.5486211901306239,0.45137880986937606,578,0,0,1,1,4014687244,4,1,12:00,3180,53,0,0,0,0,0,Brook Lopez vs. Scottie Barnes (O.G. Anunoby gains possession)
nba,2023,401468719,2023-01-04,Charlotte Hornets,Memphis Grizzlies,CHA,MEM,10-29,24-13,107,131,FALSE,Memphis Grizzlies,24-13,NA,NA,NA,NA,NA,NA,NA,NA,NA,NA,Memphis Grizzlies,24-13,Charlotte Hornets,10-29,0.277,0.723,0.358,0.22625698324022336,0.7737430167597766,515,0,0,1,47,40146871965,65,1,7:09,2589,43.15,15,14,15,14,1,Terry Rozier makes free throw 1 of 2
nba,2023,401468720,2023-01-04,Cleveland Cavaliers,Phoenix Suns,CLE,PHX,25-14,20-19,90,88,TRUE,Cleveland Cavaliers,25-14,NA,NA,NA,NA,NA,NA,NA,NA,NA,NA,Cleveland Cavaliers,25-14,Phoenix Suns,20-19,0.693,0.693,0.892,0.8789237668161436,0.1210762331838564,439,0,0,1,387,401468720557,557,4,5:36,336,5.6,74,80,80,74,6,Mikal Bridges makes free throw 1 of 2
nba,2023,401468721,2023-01-04,Orlando Magic,Oklahoma City Thunder,ORL,OKC,14-24,16-22,126,115,TRUE,Orlando Magic,14-24,NA,NA,NA,NA,NA,NA,NA,NA,NA,NA,Orlando Magic,14-24,Oklahoma City Thunder,16-22,0.533,0.533,0.5800000000000001,0.27586206896551735,0.7241379310344827,487,0,0,2,63,40146872187,87,1,4:49,2449,40.81666666666667,13,16,16,13,3,Shai Gilgeous-Alexander makes free throw 1 of 2
nba,2023,401468722,2023-01-04,Philadelphia 76ers,Indiana Pacers,PHI,IND,23-14,21-18,129,126,TRUE,Philadelphia 76ers,23-14,NA,NA,NA,NA,NA,NA,NA,NA,NA,NA,Philadelphia 76ers,23-14,Indiana Pacers,21-18,0.719,0.719,0.896,0.8839285714285714,0.1160714285714286,491,0,0,1,426,401468722620,620,4,46.1,346.1,5.7683333333333335,116,120,120,116,4,Tyrese Haliburton defensive rebound
nba,2023,401468718,2023-01-03,Utah Jazz,Sacramento Kings,UTAH,SAC,19-21,20-16,115,117,FALSE,Utah Jazz,19-21,NA,NA,NA,NA,NA,NA,NA,NA,NA,NA,Sacramento Kings,20-16,Utah Jazz,19-21,0.621,0.621,0.689,0.5486211901306239,0.45137880986937606,486,0,0,1,38,40146871852,52,1,8:12,2652,44.2,14,10,14,10,4,Jordan Clarkson makes 26-foot three pointer (Mike Conley assists)
nba,2023,401468716,2023-01-03,Milwaukee Bucks,Washington Wizards,MIL,WSH,24-13,17-22,123,113,TRUE,Milwaukee Bucks,24-13,NA,NA,NA,NA,NA,NA,NA,NA,NA,NA,Milwaukee Bucks,24-13,Washington Wizards,17-22,0.634,0.634,0.544,0.32720588235294124,0.6727941176470588,488,0,0,1,194,401468716283,283,2,3:27,1647,27.45,46,49,49,46,3,Corey Kispert defensive rebound
nba,2023,401468717,2023-01-03,Oklahoma City Thunder,Boston Celtics,OKC,BOS,16-21,26-12,150,117,TRUE,Boston Celtics,26-12,NA,NA,NA,NA,NA,NA,NA,NA,NA,NA,Oklahoma City Thunder,16-21,Boston Celtics,26-12,0.128,0.872,0.89,0.8764044943820224,0.1235955056179776,477,0,0,1,8,40146871714,14,1,11:01,2821,47.016666666666666,0,2,2,0,2,Jayson Tatum defensive rebound
nba,2023,401468715,2023-01-02,LA Clippers,Miami Heat,LAC,MIA,21-18,20-18,100,110,FALSE,LA Clippers,21-18,NA,NA,NA,NA,NA,NA,NA,NA,NA,NA,Miami Heat,20-18,LA Clippers,21-18,0.64,0.64,0.737,0.6431478968792401,0.3568521031207599,434,0,0,1,26,40146871542,42,1,8:02,2642,44.03333333333333,12,7,12,7,5,Paul George makes dunk
nba,2023,401468713,2023-01-02,Golden State Warriors,Atlanta Hawks,GS,ATL,20-18,17-20,143,141,TRUE,Golden State Warriors,20-18,NA,NA,NA,NA,NA,NA,NA,NA,NA,NA,Golden State Warriors,20-18,Atlanta Hawks,17-20,0.508,0.508,0.978,0.9775051124744376,0.02249488752556239,609,0,0,1,494,401468713701,701,4,1.1,601.1,10.018333333333334,118,121,121,118,3,Donte DiVincenzo offensive rebound
nba,2023,401468714,2023-01-02,Portland Trail Blazers,Detroit Pistons,POR,DET,19-17,10-30,135,106,TRUE,Portland Trail Blazers,19-17,NA,NA,NA,NA,NA,NA,NA,NA,NA,NA,Portland Trail Blazers,19-17,Detroit Pistons,10-30,0.767,0.767,0.5369999999999999,0.5661080074487895,0.43389199255121047,509,0,0,2,204,401468714298,298,2,3:06,1626,27.1,46,51,51,46,5,Jaden Ivey makes free throw 1 of 2
nba,2023,401468711,2023-01-02,Houston Rockets,Dallas Mavericks,HOU,DAL,10-27,22-16,106,111,FALSE,Dallas Mavericks,22-16,NA,NA,NA,NA,NA,NA,NA,NA,NA,NA,Dallas Mavericks,22-16,Houston Rockets,10-27,0.26,0.74,0.934,0.929336188436831,0.07066381156316903,479,0,0,1,250,401468711358,358,3,9:30,1290,21.5,67,49,67,49,18,Luka Doncic misses 13-foot two point shot
nba,2023,401468712,2023-01-02,Minnesota Timberwolves,Denver Nuggets,MIN,DEN,17-21,24-13,124,111,TRUE,Denver Nuggets,24-13,NA,NA,NA,NA,NA,NA,NA,NA,NA,NA,Minnesota Timberwolves,17-21,Denver Nuggets,24-13,0.422,0.5780000000000001,0.6619999999999999,0.4894259818731117,0.5105740181268883,464,0,0,1,319,401468712458,458,3,3:09,909,15.15,80,83,83,80,3,Michael Porter Jr. blocks Matt Ryan 's 26-foot three point jumper
nba,2023,401468710,2023-01-02,Brooklyn Nets,San Antonio Spurs,BKN,SA,25-12,12-25,139,103,TRUE,Brooklyn Nets,25-12,NA,NA,NA,NA,NA,NA,NA,NA,NA,NA,Brooklyn Nets,25-12,San Antonio Spurs,12-25,0.829,0.829,0.18400000000000005,0.07065217391304357,0.9293478260869564,449,0,0,2,2,4014687107,7,1,11:43,2863,47.71666666666667,0,0,0,0,0,Nic Claxton bad pass (Jeremy Sochan steals)
nba,2023,401468706,2023-01-02,Charlotte Hornets,Los Angeles Lakers,CHA,LAL,10-28,16-21,115,121,FALSE,Charlotte Hornets,10-28,NA,NA,NA,NA,NA,NA,NA,NA,NA,NA,Los Angeles Lakers,16-21,Charlotte Hornets,10-28,0.569,0.569,0.619,0.38449111470113073,0.6155088852988693,509,0,0,1,5,40146870612,12,1,11:07,2827,47.11666666666667,2,0,2,0,2,LeBron James out of bounds bad pass turnover
nba,2023,401468707,2023-01-02,Cleveland Cavaliers,Chicago Bulls,CLE,CHI,24-14,16-21,145,134,TRUE,Cleveland Cavaliers,24-14,NA,NA,NA,NA,NA,NA,NA,NA,NA,NA,Cleveland Cavaliers,24-14,Chicago Bulls,16-21,0.682,0.682,0.948,0.9451476793248944,0.05485232067510548,547,0,0,3,201,401468707295,295,2,1:50,1850,30.833333333333332,39,59,59,39,20,DeMar DeRozan makes free throw 1 of 2
nba,2023,401468708,2023-01-02,Indiana Pacers,Toronto Raptors,IND,TOR,21-17,16-21,122,114,TRUE,Indiana Pacers,21-17,NA,NA,NA,NA,NA,NA,NA,NA,NA,NA,Indiana Pacers,21-17,Toronto Raptors,16-21,0.614,0.614,0.8260000000000001,0.7893462469733656,0.21065375302663436,482,0,0,1,302,401468708433,433,3,3:53,953,15.883333333333333,75,83,83,75,8,Scottie Barnes makes free throw 1 of 2
nba,2023,401468709,2023-01-02,Philadelphia 76ers,New Orleans Pelicans,PHI,NO,22-14,23-14,120,111,TRUE,Philadelphia 76ers,22-14,NA,NA,NA,NA,NA,NA,NA,NA,NA,NA,Philadelphia 76ers,22-14,New Orleans Pelicans,23-14,0.684,0.684,0.481,0.3430353430353431,0.6569646569646569,462,0,0,3,365,401468709519,519,4,9:38,578,9.633333333333333,89,88,88,89,-1,Devonte' Graham makes free throw 1 of 2
nba,2023,401468705,2023-01-02,New York Knicks,Phoenix Suns,NY,PHX,20-18,20-18,102,83,TRUE,New York Knicks,20-18,NA,NA,NA,NA,NA,NA,NA,NA,NA,NA,New York Knicks,20-18,Phoenix Suns,20-18,0.56,0.56,0.552,0.2028985507246378,0.7971014492753622,403,0,0,1,20,40146870527,27,1,9:29,2729,45.483333333333334,0,4,4,0,4,Landry Shamet defensive rebound
nba,2023,401468702,2023-01-01,Memphis Grizzlies,Sacramento Kings,MEM,SAC,23-13,19-16,118,108,TRUE,Memphis Grizzlies,23-13,NA,NA,NA,NA,NA,NA,NA,NA,NA,NA,Memphis Grizzlies,23-13,Sacramento Kings,19-16,0.59,0.59,0.661,0.48714069591528,0.51285930408472,508,0,0,1,315,401468702450,450,3,8:39,1239,20.65,68,72,72,68,4,De'Aaron Fox makes free throw 1 of 2
nba,2023,401468703,2023-01-01,Milwaukee Bucks,Washington Wizards,MIL,WSH,23-13,17-21,95,118,FALSE,Washington Wizards,17-21,NA,NA,NA,NA,NA,NA,NA,NA,NA,NA,Washington Wizards,17-21,Milwaukee Bucks,23-13,0.409,0.591,0.433,0.0554272517321015,0.9445727482678984,466,0,0,1,11,40146870322,22,1,10:17,2777,46.28333333333333,5,4,5,4,1,Jevon Carter makes 27-foot three point shot (Grayson Allen assists)
nba,2023,401468704,2023-01-01,Denver Nuggets,Boston Celtics,DEN,BOS,24-12,26-11,123,111,TRUE,Boston Celtics,26-11,NA,NA,NA,NA,NA,NA,NA,NA,NA,NA,Denver Nuggets,24-12,Boston Celtics,26-11,0.313,0.687,0.742,0.6522911051212938,0.34770889487870615,434,0,0,1,9,40146870417,17,1,10:33,2793,46.55,2,5,5,2,3,Jaylen Brown makes driving layup (Jayson Tatum assists)
nba,2023,401468701,2022-12-31,Utah Jazz,Miami Heat,UTAH,MIA,19-20,19-18,123,126,FALSE,Utah Jazz,19-20,NA,NA,NA,NA,NA,NA,NA,NA,NA,NA,Miami Heat,19-18,Utah Jazz,19-20,0.691,0.691,0.842,0.8123515439429929,0.18764845605700708,510,0,0,1,351,401468701522,522,3,58.0,778,12.966666666666669,98,91,98,91,7,Duncan Robinson misses 25-foot three point jumper
nba,2023,401468698,2022-12-31,Memphis Grizzlies,New Orleans Pelicans,MEM,NO,22-13,23-13,116,101,TRUE,Memphis Grizzlies,22-13,NA,NA,NA,NA,NA,NA,NA,NA,NA,NA,Memphis Grizzlies,22-13,New Orleans Pelicans,23-13,0.698,0.698,0.473,0.361522198731501,0.6384778012684991,532,0,0,1,244,401468698350,350,2,51.1,1491.1,24.851666666666667,49,50,50,49,1,Desmond Bane shooting foul
nba,2023,401468699,2022-12-31,Minnesota Timberwolves,Detroit Pistons,MIN,DET,16-21,10-29,104,116,FALSE,Minnesota Timberwolves,16-21,NA,NA,NA,NA,NA,NA,NA,NA,NA,NA,Detroit Pistons,10-29,Minnesota Timberwolves,16-21,0.703,0.703,0.944,0.9406779661016949,0.05932203389830515,468,0,0,1,78,401468699113,113,1,3:55,2395,39.916666666666664,30,12,30,12,18,Cory Joseph misses 9-foot two point shot
nba,2023,401468700,2022-12-31,Oklahoma City Thunder,Philadelphia 76ers,OKC,PHI,15-21,21-14,96,115,FALSE,Philadelphia 76ers,21-14,NA,NA,NA,NA,NA,NA,NA,NA,NA,NA,Philadelphia 76ers,21-14,Oklahoma City Thunder,15-21,0.436,0.5640000000000001,0.436,1.1102230246251563e-16,1,504,0,0,2,1,4014687004,4,1,12:00,2880,48,0,0,0,0,0,Joel Embiid vs. Jaylin Williams (Shake Milton gains possession)
nba,2023,401468694,2022-12-31,Charlotte Hornets,Brooklyn Nets,CHA,BKN,10-27,24-12,106,123,FALSE,Brooklyn Nets,24-12,NA,NA,NA,NA,NA,NA,NA,NA,NA,NA,Brooklyn Nets,24-12,Charlotte Hornets,10-27,0.379,0.621,0.38,0.00263157894736842,0.9973684210526316,448,0,0,1,5,40146869411,11,1,11:36,2856,47.6,0,0,0,0,0,P.J. Washington defensive rebound
nba,2023,401468695,2022-12-31,Chicago Bulls,Cleveland Cavaliers,CHI,CLE,16-20,23-14,102,103,FALSE,Cleveland Cavaliers,23-14,NA,NA,NA,NA,NA,NA,NA,NA,NA,NA,Cleveland Cavaliers,23-14,Chicago Bulls,16-20,0.42,0.5800000000000001,0.538,0.2193308550185875,0.7806691449814125,460,0,0,1,116,401468695182,182,2,11:28,2128,35.46666666666667,32,28,32,28,4,Andre Drummond makes two point shot (DeMar DeRozan assists)
nba,2023,401468696,2022-12-31,Houston Rockets,New York Knicks,HOU,NY,10-26,19-18,88,108,FALSE,New York Knicks,19-18,NA,NA,NA,NA,NA,NA,NA,NA,NA,NA,New York Knicks,19-18,Houston Rockets,10-26,0.343,0.657,0.698,0.5673352435530086,0.4326647564469914,490,0,0,1,166,401468696229,229,2,6:43,1843,30.716666666666665,44,35,44,35,9,Tari Eason defensive rebound
nba,2023,401468697,2022-12-31,San Antonio Spurs,Dallas Mavericks,SA,DAL,12-24,21-16,125,126,FALSE,Dallas Mavericks,21-16,NA,NA,NA,NA,NA,NA,NA,NA,NA,NA,Dallas Mavericks,21-16,San Antonio Spurs,12-24,0.352,0.648,0.566,0.37809187279151946,0.6219081272084805,468,0,0,1,38,40146869754,54,1,6:40,2560,42.666666666666664,16,9,16,9,7,Reggie Bullock misses 26-foot three point jumper
nba,2023,401468693,2022-12-31,Indiana Pacers,LA Clippers,IND,LAC,20-17,21-17,131,130,TRUE,LA Clippers,21-17,NA,NA,NA,NA,NA,NA,NA,NA,NA,NA,Indiana Pacers,20-17,LA Clippers,21-17,0.466,0.534,0.855,0.8304093567251463,0.16959064327485374,454,0,0,1,383,401468693564,564,4,5:27,327,5.45,110,115,115,110,5,Reggie Jackson makes free throw 1 of 2
nba,2023,401468691,2022-12-30,Golden State Warriors,Portland Trail Blazers,GS,POR,19-18,18-17,118,112,TRUE,Portland Trail Blazers,18-17,NA,NA,NA,NA,NA,NA,NA,NA,NA,NA,Golden State Warriors,19-18,Portland Trail Blazers,18-17,0.458,0.542,0.945,0.9417989417989416,0.05820105820105836,495,0,0,1,441,401468691630,630,4,4:35,275,4.583333333333333,102,110,110,102,8,Donte DiVincenzo personal foul
nba,2023,401468692,2022-12-30,Sacramento Kings,Utah Jazz,SAC,UTAH,19-15,19-19,126,125,TRUE,Sacramento Kings,19-15,NA,NA,NA,NA,NA,NA,NA,NA,NA,NA,Sacramento Kings,19-15,Utah Jazz,19-19,0.55,0.55,0.835,0.8023952095808382,0.1976047904191618,462,0,0,1,443,401468692650,650,4,26.1,26.1,0.435,123,124,124,123,1,De'Aaron Fox personal take foul
nba,2023,401468690,2022-12-30,Denver Nuggets,Miami Heat,DEN,MIA,23-12,18-18,124,119,TRUE,Denver Nuggets,23-12,NA,NA,NA,NA,NA,NA,NA,NA,NA,NA,Denver Nuggets,23-12,Miami Heat,18-18,0.707,0.707,0.882,0.8662131519274376,0.13378684807256236,448,0,0,1,361,401468690518,518,4,8:51,531,8.85,92,100,100,92,8,Bones Hyland lost ball turnover (Jimmy Butler steals)
nba,2023,401468689,2022-12-30,New Orleans Pelicans,Philadelphia 76ers,NO,PHI,23-12,20-14,127,116,TRUE,Philadelphia 76ers,20-14,NA,NA,NA,NA,NA,NA,NA,NA,NA,NA,New Orleans Pelicans,23-12,Philadelphia 76ers,20-14,0.418,0.5820000000000001,0.7989999999999999,0.7484355444305382,0.25156445556946183,459,0,0,1,44,40146868963,63,1,6:42,2562,42.7,6,16,16,6,10,Naji Marshall misses driving floating jump shot
nba,2023,401468687,2022-12-30,Chicago Bulls,Detroit Pistons,CHI,DET,16-19,9-29,132,118,TRUE,Chicago Bulls,16-19,NA,NA,NA,NA,NA,NA,NA,NA,NA,NA,Chicago Bulls,16-19,Detroit Pistons,9-29,0.752,0.752,0.493,0.4969574036511156,0.5030425963488844,439,0,0,1,247,401468687352,352,3,6:15,1095,18.25,74,76,76,74,2,Isaiah Stewart defensive rebound
nba,2023,401468688,2022-12-30,Milwaukee Bucks,Minnesota Timberwolves,MIL,MIN,23-12,16-20,123,114,TRUE,Milwaukee Bucks,23-12,NA,NA,NA,NA,NA,NA,NA,NA,NA,NA,Milwaukee Bucks,23-12,Minnesota Timberwolves,16-20,0.716,0.716,0.8109999999999999,0.7669543773119605,0.23304562268803952,541,0,0,1,273,401468688372,372,2,1:08,1508,25.133333333333333,47,59,59,47,12,AJ Green shooting foul
nba,2023,401468685,2022-12-30,Atlanta Hawks,Los Angeles Lakers,ATL,LAL,17-19,15-21,121,130,FALSE,Atlanta Hawks,17-19,NA,NA,NA,NA,NA,NA,NA,NA,NA,NA,Los Angeles Lakers,15-21,Atlanta Hawks,17-19,0.608,0.608,0.907,0.8974641675854467,0.10253583241455332,480,0,0,1,189,401468685264,264,2,5:13,1753,29.216666666666665,57,42,57,42,15,Jalen Johnson makes 24-foot three point jumper (Dejounte Murray assists)
nba,2023,401468686,2022-12-30,Toronto Raptors,Phoenix Suns,TOR,PHX,16-20,20-17,113,104,TRUE,Phoenix Suns,20-17,NA,NA,NA,NA,NA,NA,NA,NA,NA,NA,Toronto Raptors,16-20,Phoenix Suns,20-17,0.486,0.514,0.677,0.5228951255539145,0.4771048744460855,436,0,0,1,385,401468686563,563,4,4:13,253,4.216666666666667,99,100,100,99,1,Mikal Bridges makes free throw 1 of 2
nba,2023,401468684,2022-12-30,Orlando Magic,Washington Wizards,ORL,WSH,13-24,16-21,100,119,FALSE,Washington Wizards,16-21,NA,NA,NA,NA,NA,NA,NA,NA,NA,NA,Washington Wizards,16-21,Orlando Magic,13-24,0.31,0.69,0.508,0.3897637795275589,0.6102362204724411,464,0,0,3,135,401468684197,197,2,8:54,1974,32.9,32,27,32,27,5,Wizards Full timeout
nba,2023,401468683,2022-12-29,Dallas Mavericks,Houston Rockets,DAL,HOU,20-16,10-25,129,114,TRUE,Dallas Mavericks,20-16,NA,NA,NA,NA,NA,NA,NA,NA,NA,NA,Dallas Mavericks,20-16,Houston Rockets,10-25,0.812,0.812,0.21599999999999997,0.12962962962962976,0.8703703703703702,491,0,0,4,134,401468683191,191,2,10:26,2066,34.43333333333333,36,33,33,36,-3,Eric Gordon makes free throw 1 of 2
nba,2023,401468682,2022-12-29,San Antonio Spurs,New York Knicks,SA,NY,12-23,18-18,122,115,TRUE,New York Knicks,18-18,NA,NA,NA,NA,NA,NA,NA,NA,NA,NA,San Antonio Spurs,12-23,New York Knicks,18-18,0.321,0.679,0.758,0.6807387862796834,0.3192612137203166,499,0,0,2,71,401468682100,100,1,4:19,2419,40.31666666666667,20,23,23,20,3,Stanley Johnson personal foul
nba,2023,401468680,2022-12-29,Boston Celtics,LA Clippers,BOS,LAC,26-10,21-16,116,110,TRUE,Boston Celtics,26-10,NA,NA,NA,NA,NA,NA,NA,NA,NA,NA,Boston Celtics,26-10,LA Clippers,21-16,0.737,0.737,0.601,0.562396006655574,0.437603993344426,453,0,0,1,339,401468680478,478,4,10:35,635,10.583333333333334,88,89,89,88,1,Derrick White shooting foul
nba,2023,401468681,2022-12-29,Toronto Raptors,Memphis Grizzlies,TOR,MEM,15-20,21-13,106,119,FALSE,Memphis Grizzlies,21-13,NA,NA,NA,NA,NA,NA,NA,NA,NA,NA,Memphis Grizzlies,21-13,Toronto Raptors,15-20,0.436,0.5640000000000001,0.465,0.06236559139784958,0.9376344086021504,482,0,0,1,2,4014686817,7,1,11:45,2865,47.75,2,0,2,0,2,Pascal Siakam makes 15-foot two point shot
nba,2023,401468678,2022-12-29,Charlotte Hornets,Oklahoma City Thunder,CHA,OKC,10-26,15-20,121,113,TRUE,Charlotte Hornets,10-26,NA,NA,NA,NA,NA,NA,NA,NA,NA,NA,Charlotte Hornets,10-26,Oklahoma City Thunder,15-20,0.65,0.65,0.5349999999999999,0.3457943925233644,0.6542056074766356,495,0,0,1,428,401468678610,610,4,4:48,288,4.8,101,101,101,101,0,Mason Plumlee bad pass (Jalen Williams steals)
nba,2023,401468679,2022-12-29,Indiana Pacers,Cleveland Cavaliers,IND,CLE,19-17,22-14,135,126,TRUE,Cleveland Cavaliers,22-14,NA,NA,NA,NA,NA,NA,NA,NA,NA,NA,Indiana Pacers,19-17,Cleveland Cavaliers,22-14,0.353,0.647,0.842,0.8123515439429929,0.18764845605700708,437,0,0,2,336,401468679487,487,4,9:29,569,9.483333333333333,101,108,108,101,7,Jarrett Allen makes dunk (Isaac Okoro assists)
nba,2023,401468676,2022-12-28,Golden State Warriors,Utah Jazz,GS,UTAH,18-18,19-18,112,107,TRUE,Utah Jazz,19-18,NA,NA,NA,NA,NA,NA,NA,NA,NA,NA,Golden State Warriors,18-18,Utah Jazz,19-18,0.279,0.721,0.911,0.902305159165752,0.09769484083424795,500,0,0,1,320,401468676454,454,3,2:45,885,14.75,76,86,86,76,10,Jordan Clarkson defensive rebound
nba,2023,401468677,2022-12-28,Sacramento Kings,Denver Nuggets,SAC,DEN,18-15,22-12,127,126,TRUE,Sacramento Kings,18-15,NA,NA,NA,NA,NA,NA,NA,NA,NA,NA,Sacramento Kings,18-15,Denver Nuggets,22-12,0.563,0.563,0.978,0.9775051124744376,0.02249488752556239,454,0,0,1,316,401468677473,473,3,3:26,926,15.433333333333334,81,100,100,81,19,Davon Reed makes 14-foot pullup jump shot
nba,2023,401468674,2022-12-28,Chicago Bulls,Milwaukee Bucks,CHI,MIL,15-19,22-12,119,113,TRUE,Chicago Bulls,15-19,NA,NA,NA,NA,NA,NA,NA,NA,NA,NA,Chicago Bulls,15-19,Milwaukee Bucks,22-12,0.5,0.5,0.995,0.9949748743718594,0.00502512562814061,572,0,0,2,476,401468674668,668,4,2:41,461,7.683333333333334,93,104,104,93,11,Wesley Matthews offensive rebound
nba,2023,401468675,2022-12-28,New Orleans Pelicans,Minnesota Timberwolves,NO,MIN,22-12,16-19,119,118,TRUE,New Orleans Pelicans,22-12,NA,NA,NA,NA,NA,NA,NA,NA,NA,NA,New Orleans Pelicans,22-12,Minnesota Timberwolves,16-19,0.654,0.654,0.86,0.8372093023255813,0.16279069767441867,508,0,0,1,474,401468675673,673,4,3:02,182,3.033333333333333,105,110,110,105,5,Anthony Edwards defensive rebound
nba,2023,401468672,2022-12-28,Atlanta Hawks,Brooklyn Nets,ATL,BKN,17-18,23-12,107,108,FALSE,Brooklyn Nets,23-12,NA,NA,NA,NA,NA,NA,NA,NA,NA,NA,Brooklyn Nets,23-12,Atlanta Hawks,17-18,0.241,0.759,0.794,0.7405541561712847,0.2594458438287153,436,0,0,1,161,401468672233,233,2,4:28,1708,28.466666666666665,58,43,58,43,15,Bogdan Bogdanovic makes 27-foot running pullup jump shot
nba,2023,401468673,2022-12-28,Miami Heat,Los Angeles Lakers,MIA,LAL,18-17,14-21,112,98,TRUE,Miami Heat,18-17,NA,NA,NA,NA,NA,NA,NA,NA,NA,NA,Miami Heat,18-17,Los Angeles Lakers,14-21,0.707,0.707,0.526,0.44296577946768056,0.5570342205323194,433,0,0,2,164,401468673234,234,2,6:22,1822,30.366666666666667,37,40,40,37,3,Tyler Herro shooting foul
nba,2023,401468670,2022-12-28,Detroit Pistons,Orlando Magic,DET,ORL,9-28,13-23,121,101,TRUE,Detroit Pistons,9-28,NA,NA,NA,NA,NA,NA,NA,NA,NA,NA,Detroit Pistons,9-28,Orlando Magic,13-23,0.507,0.507,0.721,0.6130374479889042,0.38696255201109575,503,0,0,1,27,40146867039,39,1,8:31,2671,44.516666666666666,0,9,9,0,9,Moritz Wagner kicked ball violation
nba,2023,401468671,2022-12-28,Washington Wizards,Phoenix Suns,WSH,PHX,15-21,20-16,127,102,TRUE,Washington Wizards,15-21,NA,NA,NA,NA,NA,NA,NA,NA,NA,NA,Washington Wizards,15-21,Phoenix Suns,20-16,0.527,0.527,0.503,0.05964214711729632,0.9403578528827036,446,0,0,1,2,4014686717,7,1,11:42,2862,47.7,0,2,2,0,2,Deandre Ayton makes 19-foot jumper (Chris Paul assists)
nba,2023,401468668,2022-12-27,Golden State Warriors,Charlotte Hornets,GS,CHA,17-18,9-26,110,105,TRUE,Golden State Warriors,17-18,NA,NA,NA,NA,NA,NA,NA,NA,NA,NA,Golden State Warriors,17-18,Charlotte Hornets,9-26,0.654,0.654,0.565,0.3876106194690266,0.6123893805309735,496,0,0,1,459,401468668651,651,4,3:09,189,3.15,101,101,101,101,0,LaMelo Ball defensive rebound
nba,2023,401468669,2022-12-27,Sacramento Kings,Denver Nuggets,SAC,DEN,17-15,22-11,106,113,FALSE,Denver Nuggets,22-11,NA,NA,NA,NA,NA,NA,NA,NA,NA,NA,Denver Nuggets,22-11,Sacramento Kings,17-15,0.491,0.509,0.934,0.929336188436831,0.07066381156316903,447,0,0,1,154,401468669227,227,2,6:38,1838,30.633333333333333,44,24,44,24,20,Kevin Huerter makes 25-foot step back jumpshot (Davion Mitchell assists)
nba,2023,401468667,2022-12-27,Dallas Mavericks,New York Knicks,DAL,NY,19-16,18-17,126,121,TRUE,Dallas Mavericks,19-16,NA,NA,NA,NA,NA,NA,NA,NA,NA,NA,Dallas Mavericks,19-16,New York Knicks,18-17,0.611,0.611,0.999,0.9989989989989988,0.00100100100100108,516,0,0,1,409,401468667559,559,4,33.2,333.2,5.553333333333333,103,111,111,103,8,Miles McBride makes free throw 1 of 2
nba,2023,401468665,2022-12-27,Memphis Grizzlies,Phoenix Suns,MEM,PHX,20-13,20-15,108,125,FALSE,Memphis Grizzlies,20-13,NA,NA,NA,NA,NA,NA,NA,NA,NA,NA,Phoenix Suns,20-15,Memphis Grizzlies,20-13,0.707,0.707,0.853,0.8276670574443141,0.17233294255568588,497,0,0,1,25,40146866538,38,1,9:26,2726,45.43333333333333,8,0,8,0,8,Dillon Brooks defensive rebound
nba,2023,401468666,2022-12-27,Oklahoma City Thunder,San Antonio Spurs,OKC,SA,15-19,11-23,130,114,TRUE,Oklahoma City Thunder,15-19,NA,NA,NA,NA,NA,NA,NA,NA,NA,NA,Oklahoma City Thunder,15-19,San Antonio Spurs,11-23,0.75,0.75,0.377,0.33687002652519893,0.6631299734748011,483,0,0,1,71,401468666105,105,1,3:58,2398,39.96666666666667,21,25,25,21,4,Zach Collins makes tip shot
nba,2023,401468662,2022-12-27,Boston Celtics,Houston Rockets,BOS,HOU,25-10,10-24,126,102,TRUE,Boston Celtics,25-10,NA,NA,NA,NA,NA,NA,NA,NA,NA,NA,Boston Celtics,25-10,Houston Rockets,10-24,0.957,0.957,0.17700000000000005,0.7570621468926553,0.24293785310734473,459,0,0,1,202,401468662281,281,2,3:00,1620,27,42,43,43,42,1,TyTy Washington Jr. defensive rebound
nba,2023,401468663,2022-12-27,Indiana Pacers,Atlanta Hawks,IND,ATL,18-17,17-17,129,114,TRUE,Indiana Pacers,18-17,NA,NA,NA,NA,NA,NA,NA,NA,NA,NA,Indiana Pacers,18-17,Atlanta Hawks,17-17,0.508,0.508,0.653,0.46860643185298634,0.5313935681470137,481,0,0,1,35,40146866347,47,1,8:06,2646,44.1,5,11,11,5,6,John Collins defensive rebound
nba,2023,401468664,2022-12-27,Toronto Raptors,LA Clippers,TOR,LAC,15-19,21-15,113,124,FALSE,Toronto Raptors,15-19,NA,NA,NA,NA,NA,NA,NA,NA,NA,NA,LA Clippers,21-15,Toronto Raptors,15-19,0.623,0.623,0.728,0.6263736263736264,0.3736263736263736,451,0,0,1,15,40146866425,25,1,9:41,2741,45.68333333333333,7,3,7,3,4,Fred VanVleet defensive rebound
nba,2023,401468660,2022-12-27,Orlando Magic,Los Angeles Lakers,ORL,LAL,13-22,14-20,110,129,FALSE,Orlando Magic,13-22,NA,NA,NA,NA,NA,NA,NA,NA,NA,NA,Los Angeles Lakers,14-20,Orlando Magic,13-22,0.59,0.59,0.647,0.4544049459041733,0.5455950540958268,449,0,0,1,86,401468660114,114,1,4:17,2417,40.28333333333333,21,18,21,18,3,Markelle Fultz makes 24-foot three point jumper (Cole Anthony assists)
nba,2023,401468661,2022-12-27,Washington Wizards,Philadelphia 76ers,WSH,PHI,14-21,20-13,116,111,TRUE,Philadelphia 76ers,20-13,NA,NA,NA,NA,NA,NA,NA,NA,NA,NA,Washington Wizards,14-21,Philadelphia 76ers,20-13,0.376,0.624,0.733,0.635743519781719,0.36425648021828105,490,0,0,1,19,40146866129,29,1,9:43,2743,45.71666666666667,2,8,8,2,6,Tobias Harris makes 6-foot layup (James Harden assists)
nba,2023,401468659,2022-12-26,Portland Trail Blazers,Charlotte Hornets,POR,CHA,18-16,9-25,124,113,TRUE,Portland Trail Blazers,18-16,NA,NA,NA,NA,NA,NA,NA,NA,NA,NA,Portland Trail Blazers,18-16,Charlotte Hornets,9-25,0.596,0.596,0.854,0.8290398126463701,0.17096018735362994,488,0,0,1,217,401468659314,314,2,1:22,1522,25.366666666666667,55,67,67,55,12,Jusuf Nurkic shooting foul
nba,2023,401468658,2022-12-26,San Antonio Spurs,Utah Jazz,SA,UTAH,11-22,19-17,126,122,TRUE,Utah Jazz,19-17,NA,NA,NA,NA,NA,NA,NA,NA,NA,NA,San Antonio Spurs,11-22,Utah Jazz,19-17,0.299,0.7010000000000001,0.752,0.6702127659574468,0.32978723404255317,519,0,0,1,12,40146865821,21,1,10:11,2771,46.18333333333333,2,5,5,2,3,Mike Conley makes three point jumper (Jordan Clarkson assists)
nba,2023,401468656,2022-12-26,Chicago Bulls,Houston Rockets,CHI,HOU,14-19,10-23,118,133,FALSE,Chicago Bulls,14-19,NA,NA,NA,NA,NA,NA,NA,NA,NA,NA,Houston Rockets,10-23,Chicago Bulls,14-19,0.744,0.744,0.817,0.7760097919216646,0.22399020807833536,448,0,0,2,244,401468656354,354,3,9:36,1296,21.6,74,67,74,67,7,Nikola Vucevic makes 12-foot driving floating jump shot (DeMar DeRozan assists)
nba,2023,401468657,2022-12-26,New Orleans Pelicans,Indiana Pacers,NO,IND,21-12,17-17,113,93,TRUE,New Orleans Pelicans,21-12,NA,NA,NA,NA,NA,NA,NA,NA,NA,NA,New Orleans Pelicans,21-12,Indiana Pacers,17-17,0.537,0.537,0.739,0.6468200270635995,0.35317997293640047,470,0,0,1,54,40146865779,79,1,5:49,2509,41.81666666666667,6,16,16,6,10,Jaxson Hayes misses 23-foot three point jumper
nba,2023,401468655,2022-12-26,Miami Heat,Minnesota Timberwolves,MIA,MIN,17-17,16-18,113,110,TRUE,Miami Heat,17-17,NA,NA,NA,NA,NA,NA,NA,NA,NA,NA,Miami Heat,17-17,Minnesota Timberwolves,16-18,0.521,0.521,0.5609999999999999,0.21746880570409963,0.7825311942959003,440,0,0,2,25,40146865536,36,1,9:27,2727,45.45,5,8,8,5,3,Rudy Gobert defensive rebound
nba,2023,401468653,2022-12-26,Cleveland Cavaliers,Brooklyn Nets,CLE,BKN,22-13,22-12,117,125,FALSE,Cleveland Cavaliers,22-13,NA,NA,NA,NA,NA,NA,NA,NA,NA,NA,Brooklyn Nets,22-12,Cleveland Cavaliers,22-13,0.665,0.665,0.731,0.6320109439124486,0.3679890560875514,444,0,0,1,4,40146865310,10,1,11:18,2838,47.3,3,0,3,0,3,Darius Garland defensive rebound
nba,2023,401468654,2022-12-26,Detroit Pistons,LA Clippers,DET,LAC,8-28,20-15,131,142,FALSE,LA Clippers,20-15,NA,NA,NA,NA,NA,NA,NA,NA,NA,NA,LA Clippers,20-15,Detroit Pistons,8-28,0.346,0.654,0.999,0.9989989989989988,0.00100100100100108,534,0,0,1,435,401468654621,621,4,3:01,481,8.016666666666667,126,112,126,112,14,Jalen Duren offensive rebound
nba,2023,401468652,2022-12-25,Denver Nuggets,Phoenix Suns,DEN,PHX,21-11,19-15,128,125,TRUE,Denver Nuggets,21-11,NA,NA,NA,NA,NA,NA,NA,NA,NA,NA,Denver Nuggets,21-11,Phoenix Suns,19-15,0.59,0.59,0.932,0.927038626609442,0.07296137339055808,529,0,0,1,416,401468652605,605,4,5:03,603,10.05,98,106,106,98,8,Deandre Ayton defensive rebound
nba,2023,401468651,2022-12-25,Golden State Warriors,Memphis Grizzlies,GS,MEM,16-18,20-12,123,109,TRUE,Memphis Grizzlies,20-12,NA,NA,NA,NA,NA,NA,NA,NA,NA,NA,Golden State Warriors,16-18,Memphis Grizzlies,20-12,0.261,0.739,0.772,0.7046632124352332,0.2953367875647668,513,0,0,1,3,4014686519,9,1,11:34,2854,47.56666666666667,0,2,2,0,2,Klay Thompson misses 24-foot three point jumper
nba,2023,401468650,2022-12-25,Boston Celtics,Milwaukee Bucks,BOS,MIL,24-10,22-11,139,118,TRUE,Boston Celtics,24-10,NA,NA,NA,NA,NA,NA,NA,NA,NA,NA,Boston Celtics,24-10,Milwaukee Bucks,22-11,0.74,0.74,0.353,0.26345609065155806,0.7365439093484419,443,0,0,2,223,401468650325,325,2,0.1,1440.1,24.001666666666665,62,61,61,62,-1,Jaylen Brown misses free throw 3 of 3
nba,2023,401468649,2022-12-25,Dallas Mavericks,Los Angeles Lakers,DAL,LAL,18-16,13-20,124,115,TRUE,Dallas Mavericks,18-16,NA,NA,NA,NA,NA,NA,NA,NA,NA,NA,Dallas Mavericks,18-16,Los Angeles Lakers,13-20,0.755,0.755,0.793,0.7389659520807061,0.26103404791929385,462,0,0,1,194,401468649265,265,2,1:27,1527,25.45,37,51,51,37,14,Russell Westbrook makes 24-foot three point jumper (LeBron James assists)
nba,2023,401468648,2022-12-25,New York Knicks,Philadelphia 76ers,NY,PHI,18-16,20-12,112,119,FALSE,New York Knicks,18-16,NA,NA,NA,NA,NA,NA,NA,NA,NA,NA,Philadelphia 76ers,20-12,New York Knicks,18-16,0.514,0.514,0.844,0.8151658767772512,0.18483412322274884,418,0,0,3,79,401468648114,114,1,3:17,2357,39.28333333333333,30,16,30,16,14,Jalen Brunson defensive rebound
nba,2023,401468647,2022-12-23,Los Angeles Lakers,Charlotte Hornets,LAL,CHA,13-19,9-24,130,134,FALSE,Los Angeles Lakers,13-19,NA,NA,NA,NA,NA,NA,NA,NA,NA,NA,Charlotte Hornets,9-24,Los Angeles Lakers,13-19,0.512,0.512,0.74,0.6486486486486487,0.3513513513513513,480,0,0,1,99,401468647142,142,1,1:56,2276,37.93333333333333,25,18,25,18,7,Theo Maledon personal foul
nba,2023,401468645,2022-12-23,Phoenix Suns,Memphis Grizzlies,PHX,MEM,19-14,20-11,100,125,FALSE,Memphis Grizzlies,20-11,NA,NA,NA,NA,NA,NA,NA,NA,NA,NA,Memphis Grizzlies,20-11,Phoenix Suns,19-14,0.481,0.519,0.501,0.03992015968063878,0.9600798403193612,510,0,0,2,3,4014686458,8,1,11:41,2861,47.68333333333333,0,0,0,0,0,Deandre Ayton defensive rebound
nba,2023,401468646,2022-12-23,Sacramento Kings,Washington Wizards,SAC,WSH,17-14,13-21,111,125,FALSE,Sacramento Kings,17-14,NA,NA,NA,NA,NA,NA,NA,NA,NA,NA,Washington Wizards,13-21,Sacramento Kings,17-14,0.746,0.746,0.851,0.8249118683901293,0.1750881316098707,475,0,0,1,27,40146864638,38,1,8:53,2693,44.88333333333333,10,3,10,3,7,Domantas Sabonis defensive rebound
nba,2023,401468644,2022-12-23,Denver Nuggets,Portland Trail Blazers,DEN,POR,20-11,17-16,120,107,TRUE,Denver Nuggets,20-11,NA,NA,NA,NA,NA,NA,NA,NA,NA,NA,Denver Nuggets,20-11,Portland Trail Blazers,17-16,0.745,0.745,0.634,0.5977917981072556,0.4022082018927444,449,0,0,1,244,401468644355,355,3,9:26,1286,21.433333333333337,62,68,68,62,6,Josh Hart defensive rebound
nba,2023,401468641,2022-12-23,Miami Heat,Indiana Pacers,MIA,IND,16-17,17-16,108,111,FALSE,Miami Heat,16-17,NA,NA,NA,NA,NA,NA,NA,NA,NA,NA,Indiana Pacers,17-16,Miami Heat,16-17,0.712,0.712,0.827,0.7908101571946795,0.2091898428053205,446,0,0,2,282,401468641415,415,3,4:39,999,16.65,74,68,74,68,6,Jimmy Butler makes free throw 1 of 2
nba,2023,401468642,2022-12-23,Houston Rockets,Dallas Mavericks,HOU,DAL,9-23,17-16,106,112,FALSE,Dallas Mavericks,17-16,NA,NA,NA,NA,NA,NA,NA,NA,NA,NA,Dallas Mavericks,17-16,Houston Rockets,9-23,0.273,0.727,0.638,0.5721003134796239,0.42789968652037613,469,0,0,1,374,401468642550,550,4,9:55,595,9.916666666666666,88,84,88,84,4,TyTy Washington Jr. makes 11-foot two point shot
nba,2023,401468643,2022-12-23,Oklahoma City Thunder,New Orleans Pelicans,OKC,NO,14-19,20-12,125,128,FALSE,Oklahoma City Thunder,14-19,NA,NA,NA,NA,NA,NA,NA,NA,NA,NA,New Orleans Pelicans,20-12,Oklahoma City Thunder,14-19,0.556,0.556,0.967,0.965873836608066,0.03412616339193386,560,0,0,1,470,401468643675,675,4,2:38,458,7.633333333333334,110,102,110,102,8,CJ McCollum bad pass (Aleksej Pokusevski steals)
nba,2023,401468636,2022-12-23,Atlanta Hawks,Detroit Pistons,ATL,DET,17-16,8-27,130,105,TRUE,Atlanta Hawks,17-16,NA,NA,NA,NA,NA,NA,NA,NA,NA,NA,Atlanta Hawks,17-16,Detroit Pistons,8-27,0.821,0.821,0.4330000000000001,0.5866050808314087,0.4133949191685913,466,0,0,1,239,401468636335,335,3,11:30,1410,23.5,62,66,66,62,4,Bojan Bogdanovic makes 26-foot three point jumper (Killian Hayes assists)
nba,2023,401468637,2022-12-23,Boston Celtics,Minnesota Timberwolves,BOS,MIN,23-10,16-17,121,109,TRUE,Boston Celtics,23-10,NA,NA,NA,NA,NA,NA,NA,NA,NA,NA,Boston Celtics,23-10,Minnesota Timberwolves,16-17,0.816,0.816,0.706,0.7393767705382435,0.26062322946175653,476,0,0,1,279,401468637398,398,3,7:46,1186,19.766666666666666,62,70,70,62,8,Derrick White shooting foul
nba,2023,401468638,2022-12-23,Brooklyn Nets,Milwaukee Bucks,BKN,MIL,21-12,22-10,118,100,TRUE,Brooklyn Nets,21-12,NA,NA,NA,NA,NA,NA,NA,NA,NA,NA,Brooklyn Nets,21-12,Milwaukee Bucks,22-10,0.568,0.568,0.502,0.1394422310756971,0.8605577689243029,464,0,0,1,6,40146863812,12,1,11:24,2844,47.4,0,2,2,0,2,Kyrie Irving shooting foul
nba,2023,401468639,2022-12-23,Cleveland Cavaliers,Toronto Raptors,CLE,TOR,22-12,15-18,107,118,FALSE,Cleveland Cavaliers,22-12,NA,NA,NA,NA,NA,NA,NA,NA,NA,NA,Toronto Raptors,15-18,Cleveland Cavaliers,22-12,0.733,0.733,0.768,0.6979166666666667,0.30208333333333326,436,0,0,1,14,40146863924,24,1,10:19,2779,46.31666666666667,4,2,4,2,2,Evan Mobley defensive rebound
nba,2023,401468640,2022-12-23,New York Knicks,Chicago Bulls,NY,CHI,18-15,14-18,117,118,FALSE,New York Knicks,18-15,NA,NA,NA,NA,NA,NA,NA,NA,NA,NA,Chicago Bulls,14-18,New York Knicks,18-15,0.728,0.728,0.923,0.9165763813651138,0.08342361863488623,444,0,0,1,431,401468640590,590,4,6.1,6.1,0.10166666666666666,117,116,117,116,1,Ayo Dosunmu personal take foul
nba,2023,401468634,2022-12-23,Orlando Magic,San Antonio Spurs,ORL,SA,13-21,10-22,133,113,TRUE,Orlando Magic,13-21,NA,NA,NA,NA,NA,NA,NA,NA,NA,NA,Orlando Magic,13-21,San Antonio Spurs,10-22,0.703,0.703,0.737,0.6431478968792401,0.3568521031207599,467,0,0,1,308,401468634455,455,3,4:30,990,16.5,74,81,81,74,7,Spurs Full timeout
nba,2023,401468635,2022-12-23,Philadelphia 76ers,LA Clippers,PHI,LAC,19-12,19-15,119,114,TRUE,Philadelphia 76ers,19-12,NA,NA,NA,NA,NA,NA,NA,NA,NA,NA,Philadelphia 76ers,19-12,LA Clippers,19-15,0.719,0.719,0.928,0.9224137931034484,0.0775862068965516,415,0,0,1,148,401468635220,220,2,4:40,1720,28.666666666666668,36,55,55,36,19,Shake Milton shooting foul
nba,2023,401468633,2022-12-22,Utah Jazz,Washington Wizards,UTAH,WSH,19-16,12-21,120,112,TRUE,Utah Jazz,19-16,NA,NA,NA,NA,NA,NA,NA,NA,NA,NA,Utah Jazz,19-16,Washington Wizards,12-21,0.739,0.739,0.6950000000000001,0.6244604316546762,0.37553956834532376,428,0,0,1,232,401468633334,334,3,10:21,1341,22.35,62,70,70,62,8,Lauri Markkanen lost ball turnover (Kyle Kuzma steals)
nba,2023,401468632,2022-12-22,New Orleans Pelicans,San Antonio Spurs,NO,SA,19-12,10-21,126,117,TRUE,New Orleans Pelicans,19-12,NA,NA,NA,NA,NA,NA,NA,NA,NA,NA,New Orleans Pelicans,19-12,San Antonio Spurs,10-21,0.781,0.781,0.266,0.17669172932330846,0.8233082706766915,513,0,0,1,10,40146863215,15,1,10:33,2793,46.55,0,2,2,0,2,Romeo Langford offensive rebound
nba,2023,401468631,2022-12-21,LA Clippers,Charlotte Hornets,LAC,CHA,19-14,8-24,126,105,TRUE,LA Clippers,19-14,NA,NA,NA,NA,NA,NA,NA,NA,NA,NA,LA Clippers,19-14,Charlotte Hornets,8-24,0.649,0.649,0.402,0.1268656716417912,0.8731343283582088,489,0,0,1,26,40146863143,43,1,9:37,2737,45.61666666666667,5,6,6,5,1,Mason Plumlee offensive rebound
nba,2023,401468630,2022-12-21,Sacramento Kings,Los Angeles Lakers,SAC,LAL,17-13,13-18,134,120,TRUE,Sacramento Kings,17-13,NA,NA,NA,NA,NA,NA,NA,NA,NA,NA,Sacramento Kings,17-13,Los Angeles Lakers,13-18,0.735,0.735,0.392,0.32397959183673464,0.6760204081632654,500,0,0,1,156,401468630229,229,2,8:31,1951,32.516666666666666,34,36,36,34,2,Harrison Barnes misses 24-foot three point jumper
nba,2023,401468627,2022-12-21,Houston Rockets,Orlando Magic,HOU,ORL,9-22,12-21,110,116,FALSE,Houston Rockets,9-22,NA,NA,NA,NA,NA,NA,NA,NA,NA,NA,Orlando Magic,12-21,Houston Rockets,9-22,0.562,0.562,0.93,0.924731182795699,0.07526881720430101,476,0,0,1,270,401468627374,374,3,8:09,1209,20.15,77,62,77,62,15,"Jabari Smith Jr. defensive 3-seconds (technical foul)
"
nba,2023,401468628,2022-12-21,Minnesota Timberwolves,Dallas Mavericks,MIN,DAL,16-16,16-16,99,104,FALSE,Dallas Mavericks,16-16,NA,NA,NA,NA,NA,NA,NA,NA,NA,NA,Dallas Mavericks,16-16,Minnesota Timberwolves,16-16,0.475,0.525,0.719,0.6091794158553545,0.3908205841446455,422,0,0,1,292,401468628407,407,3,2:30,870,14.5,70,66,70,66,4,Anthony Edwards makes free throw 1 of 2
nba,2023,401468629,2022-12-21,Oklahoma City Thunder,Portland Trail Blazers,OKC,POR,14-18,17-15,101,98,TRUE,Oklahoma City Thunder,14-18,NA,NA,NA,NA,NA,NA,NA,NA,NA,NA,Oklahoma City Thunder,14-18,Portland Trail Blazers,17-15,0.528,0.528,0.849,0.8221436984687869,0.17785630153121312,448,0,0,1,119,401468629182,182,2,9:49,2029,33.81666666666667,22,36,36,22,14,Jerami Grant defensive rebound
nba,2023,401468623,2022-12-21,Atlanta Hawks,Chicago Bulls,ATL,CHI,16-16,13-18,108,110,FALSE,Atlanta Hawks,16-16,NA,NA,NA,NA,NA,NA,NA,NA,NA,NA,Chicago Bulls,13-18,Atlanta Hawks,16-16,0.687,0.687,0.934,0.929336188436831,0.07066381156316903,442,0,0,1,401,401468623560,560,4,4:47,287,4.783333333333333,100,92,100,92,8,Zach LaVine misses 21-foot pullup jump shot
nba,2023,401468624,2022-12-21,Boston Celtics,Indiana Pacers,BOS,IND,22-10,16-16,112,117,FALSE,Boston Celtics,22-10,NA,NA,NA,NA,NA,NA,NA,NA,NA,NA,Indiana Pacers,16-16,Boston Celtics,22-10,0.846,0.846,0.894,0.8814317673378076,0.1185682326621924,491,0,0,2,31,40146862442,42,1,8:55,2695,44.916666666666664,8,2,8,2,6,Jaylen Brown makes 17-foot pullup jump shot (Derrick White assists)
nba,2023,401468625,2022-12-21,Brooklyn Nets,Golden State Warriors,BKN,GS,20-12,15-18,143,113,TRUE,Brooklyn Nets,20-12,NA,NA,NA,NA,NA,NA,NA,NA,NA,NA,Brooklyn Nets,20-12,Golden State Warriors,15-18,0.817,0.817,0.18300000000000005,0,1,431,0,0,1,1,4014686254,4,1,12:00,2880,48,0,0,0,0,0,Kevon Looney vs. Nic Claxton (Draymond Green gains possession)
nba,2023,401468626,2022-12-21,New York Knicks,Toronto Raptors,NY,TOR,18-14,14-18,106,113,FALSE,New York Knicks,18-14,NA,NA,NA,NA,NA,NA,NA,NA,NA,NA,Toronto Raptors,14-18,New York Knicks,18-14,0.602,0.602,0.705,0.5815602836879432,0.4184397163120568,428,0,0,1,23,40146862633,33,1,8:53,2693,44.88333333333333,9,6,9,6,3,Juancho Hernangomez shooting foul
nba,2023,401468621,2022-12-21,Cleveland Cavaliers,Milwaukee Bucks,CLE,MIL,22-11,22-9,114,106,TRUE,Cleveland Cavaliers,22-11,NA,NA,NA,NA,NA,NA,NA,NA,NA,NA,Cleveland Cavaliers,22-11,Milwaukee Bucks,22-9,0.64,0.64,0.463,0.22246220302375808,0.7775377969762419,481,0,0,1,11,40146862117,17,1,11:25,2845,47.416666666666664,0,4,4,0,4,Giannis Antetokounmpo defensive rebound
nba,2023,401468622,2022-12-21,Philadelphia 76ers,Detroit Pistons,PHI,DET,18-12,8-26,113,93,TRUE,Philadelphia 76ers,18-12,NA,NA,NA,NA,NA,NA,NA,NA,NA,NA,Philadelphia 76ers,18-12,Detroit Pistons,8-26,0.911,0.911,0.16400000000000003,0.457317073170732,0.542682926829268,480,0,0,1,22,40146862234,34,1,9:41,2741,45.68333333333333,4,8,8,4,4,Jaden Ivey makes free throw 1 of 2
nba,2023,401468620,2022-12-20,Denver Nuggets,Memphis Grizzlies,DEN,MEM,19-11,19-11,105,91,TRUE,Memphis Grizzlies,19-11,NA,NA,NA,NA,NA,NA,NA,NA,NA,NA,Denver Nuggets,19-11,Memphis Grizzlies,19-11,0.46,0.54,0.554,0.19494584837545137,0.8050541516245486,478,0,0,1,2,4014686207,7,1,11:41,2861,47.68333333333333,0,0,0,0,0,Aaron Gordon misses layup
nba,2023,401468619,2022-12-20,Phoenix Suns,Washington Wizards,PHX,WSH,19-13,12-20,110,113,FALSE,Phoenix Suns,19-13,NA,NA,NA,NA,NA,NA,NA,NA,NA,NA,Washington Wizards,12-20,Phoenix Suns,19-13,0.656,0.656,0.958,0.9561586638830896,0.04384133611691032,474,0,0,3,390,401468619562,562,4,6:00,360,6,96,86,96,86,10,Ish Wainright defensive rebound
nba,2023,401468617,2022-12-20,Miami Heat,Chicago Bulls,MIA,CHI,16-16,12-18,103,113,FALSE,Miami Heat,16-16,NA,NA,NA,NA,NA,NA,NA,NA,NA,NA,Chicago Bulls,12-18,Miami Heat,16-16,0.522,0.522,0.761,0.6859395532194481,0.3140604467805519,408,0,0,1,205,401468617295,295,3,11:35,1415,23.583333333333332,60,52,60,52,8,Tyler Herro makes 25-foot three point jumper (Victor Oladipo assists)
nba,2023,401468618,2022-12-20,New York Knicks,Golden State Warriors,NY,GS,18-13,15-17,132,94,TRUE,New York Knicks,18-13,NA,NA,NA,NA,NA,NA,NA,NA,NA,NA,New York Knicks,18-13,Golden State Warriors,15-17,0.728,0.728,0.31100000000000005,0.12540192926045024,0.8745980707395498,426,0,0,1,56,40146861879,79,1,5:49,2509,41.81666666666667,12,12,12,12,0,Julius Randle misses 25-foot three point jumper
nba,2023,401468616,2022-12-20,Detroit Pistons,Utah Jazz,DET,UTAH,8-25,18-16,111,126,FALSE,Utah Jazz,18-16,NA,NA,NA,NA,NA,NA,NA,NA,NA,NA,Utah Jazz,18-16,Detroit Pistons,8-25,0.384,0.616,0.552,0.30434782608695654,0.6956521739130435,453,0,0,2,178,401468616256,256,2,4:00,1680,28,49,46,49,46,3,Jordan Clarkson out of bounds lost ball turnover
nba,2023,401468615,2022-12-19,Sacramento Kings,Charlotte Hornets,SAC,CHA,16-13,8-23,119,125,FALSE,Sacramento Kings,16-13,NA,NA,NA,NA,NA,NA,NA,NA,NA,NA,Charlotte Hornets,8-23,Sacramento Kings,16-13,0.735,0.735,0.854,0.8290398126463701,0.17096018735362994,513,0,0,2,40,40146861562,62,1,7:34,2614,43.56666666666667,18,11,18,11,7,LaMelo Ball shooting foul
nba,2023,401468614,2022-12-19,Phoenix Suns,Los Angeles Lakers,PHX,LAL,19-12,13-17,130,104,TRUE,Phoenix Suns,19-12,NA,NA,NA,NA,NA,NA,NA,NA,NA,NA,Phoenix Suns,19-12,Los Angeles Lakers,13-17,0.824,0.824,0.228,0.2280701754385962,0.7719298245614038,437,0,0,1,17,40146861430,30,1,8:49,2689,44.81666666666667,10,13,13,10,3,Thomas Bryant makes 26-foot three point jumper (Troy Brown Jr. assists)
nba,2023,401468610,2022-12-19,Houston Rockets,San Antonio Spurs,HOU,SA,9-21,10-20,105,124,FALSE,Houston Rockets,9-21,NA,NA,NA,NA,NA,NA,NA,NA,NA,NA,San Antonio Spurs,10-20,Houston Rockets,9-21,0.615,0.615,0.739,0.6468200270635995,0.35317997293640047,490,0,0,1,260,401468610370,370,2,29.0,1469,24.483333333333334,62,57,62,57,5,Jabari Smith Jr. defensive rebound
nba,2023,401468611,2022-12-19,Minnesota Timberwolves,Dallas Mavericks,MIN,DAL,16-15,15-16,116,106,TRUE,Dallas Mavericks,15-16,NA,NA,NA,NA,NA,NA,NA,NA,NA,NA,Minnesota Timberwolves,16-15,Dallas Mavericks,15-16,0.238,0.762,0.879,0.8623435722411832,0.1376564277588168,468,0,0,1,103,401468611147,147,1,17.1,2177.1,36.285,21,30,30,21,9,Kemba Walker defensive rebound
nba,2023,401468612,2022-12-19,New Orleans Pelicans,Milwaukee Bucks,NO,MIL,18-12,22-8,119,128,FALSE,New Orleans Pelicans,18-12,NA,NA,NA,NA,NA,NA,NA,NA,NA,NA,Milwaukee Bucks,22-8,New Orleans Pelicans,18-12,0.519,0.519,0.664,0.493975903614458,0.506024096385542,508,0,0,1,6,40146861215,15,1,11:01,2821,47.016666666666666,6,0,6,0,6,Jonas Valanciunas makes 23-foot three point jumper (Zion Williamson assists)
nba,2023,401468613,2022-12-19,Oklahoma City Thunder,Portland Trail Blazers,OKC,POR,13-18,17-14,123,121,TRUE,Portland Trail Blazers,17-14,NA,NA,NA,NA,NA,NA,NA,NA,NA,NA,Oklahoma City Thunder,13-18,Portland Trail Blazers,17-14,0.468,0.532,0.794,0.7405541561712847,0.2594458438287153,499,0,0,1,88,401468613133,133,1,2:41,2321,38.68333333333333,16,26,26,16,10,Shaedon Sharpe defensive rebound
nba,2023,401468609,2022-12-19,Atlanta Hawks,Orlando Magic,ATL,ORL,16-15,11-21,126,125,TRUE,Atlanta Hawks,16-15,NA,NA,NA,NA,NA,NA,NA,NA,NA,NA,Atlanta Hawks,16-15,Orlando Magic,11-21,0.819,0.819,0.8260000000000001,0.7893462469733656,0.21065375302663436,461,0,0,4,450,401468609655,655,4,3.1,3.1,0.05166666666666666,124,125,125,124,1,Markelle Fultz makes two point shot
nba,2023,401468607,2022-12-19,Cleveland Cavaliers,Utah Jazz,CLE,UTAH,21-11,17-16,122,99,TRUE,Cleveland Cavaliers,21-11,NA,NA,NA,NA,NA,NA,NA,NA,NA,NA,Cleveland Cavaliers,21-11,Utah Jazz,17-16,0.732,0.732,0.31899999999999995,0.15987460815047003,0.84012539184953,448,0,0,1,12,40146860719,19,1,10:20,2780,46.333333333333336,2,3,3,2,1,Jordan Clarkson defensive rebound
nba,2023,401468608,2022-12-19,Philadelphia 76ers,Toronto Raptors,PHI,TOR,17-12,13-18,104,101,TRUE,Philadelphia 76ers,17-12,NA,NA,NA,NA,NA,NA,NA,NA,NA,NA,Philadelphia 76ers,17-12,Toronto Raptors,13-18,0.79,0.79,0.878,0.8610478359908884,0.1389521640091116,468,0,0,1,386,401468608549,549,4,4:15,555,9.25,89,96,96,89,7,O.G. Anunoby makes 15-foot driving floating jump shot (Fred VanVleet assists)
nba,2023,401468606,2022-12-18,Los Angeles Lakers,Washington Wizards,LAL,WSH,13-16,11-20,119,117,TRUE,Los Angeles Lakers,13-16,NA,NA,NA,NA,NA,NA,NA,NA,NA,NA,Los Angeles Lakers,13-16,Washington Wizards,11-20,0.539,0.539,0.869,0.8492520138089759,0.15074798619102414,473,0,0,1,363,401468606518,518,4,10:46,646,10.766666666666667,87,95,95,87,8,Daniel Gafford defensive rebound
nba,2023,401468605,2022-12-18,Denver Nuggets,Charlotte Hornets,DEN,CHA,18-11,7-23,119,115,TRUE,Denver Nuggets,18-11,NA,NA,NA,NA,NA,NA,NA,NA,NA,NA,Denver Nuggets,18-11,Charlotte Hornets,7-23,0.645,0.645,0.758,0.6807387862796834,0.3192612137203166,504,0,0,1,157,401468605210,210,2,9:06,1986,33.1,24,36,36,24,12,LaMelo Ball makes technical free throw
nba,2023,401468604,2022-12-18,Minnesota Timberwolves,Chicago Bulls,MIN,CHI,15-15,11-18,150,126,TRUE,Chicago Bulls,11-18,NA,NA,NA,NA,NA,NA,NA,NA,NA,NA,Minnesota Timberwolves,15-15,Chicago Bulls,11-18,0.492,0.508,0.641,0.43993759750390016,0.5600624024960998,431,0,0,1,39,40146860461,61,1,6:38,2558,42.63333333333333,10,16,16,10,6,Alex Caruso makes 25-foot three point jumper (DeMar DeRozan assists)
nba,2023,401468602,2022-12-18,Detroit Pistons,Brooklyn Nets,DET,BKN,8-24,19-12,121,124,FALSE,Brooklyn Nets,19-12,NA,NA,NA,NA,NA,NA,NA,NA,NA,NA,Brooklyn Nets,19-12,Detroit Pistons,8-24,0.282,0.718,0.929,0.9235737351991388,0.07642626480086112,461,0,0,1,210,401468602303,303,2,35.1,1475.1,24.584999999999997,71,52,71,52,19,Kevin Durant bad pass (Jaden Ivey steals)
nba,2023,401468603,2022-12-18,Toronto Raptors,Golden State Warriors,TOR,GS,13-17,15-16,110,126,FALSE,Toronto Raptors,13-17,NA,NA,NA,NA,NA,NA,NA,NA,NA,NA,Golden State Warriors,15-16,Toronto Raptors,13-17,0.757,0.757,0.792,0.7373737373737375,0.26262626262626254,484,0,0,1,2,4014686037,7,1,11:46,2866,47.766666666666666,3,0,3,0,3,Pascal Siakam makes 25-foot three pointer
nba,2023,401468601,2022-12-18,Indiana Pacers,New York Knicks,IND,NY,15-16,17-13,106,109,FALSE,New York Knicks,17-13,NA,NA,NA,NA,NA,NA,NA,NA,NA,NA,New York Knicks,17-13,Indiana Pacers,15-16,0.498,0.502,0.934,0.929336188436831,0.07066381156316903,488,0,0,1,417,401468601578,578,4,4:53,293,4.883333333333334,99,93,99,93,6,Immanuel Quickley shooting foul
nba,2023,401468600,2022-12-18,Boston Celtics,Orlando Magic,BOS,ORL,22-9,11-20,92,95,FALSE,Boston Celtics,22-9,NA,NA,NA,NA,NA,NA,NA,NA,NA,NA,Orlando Magic,11-20,Boston Celtics,22-9,0.861,0.861,0.871,0.8518943742824341,0.14810562571756591,460,0,0,1,24,40146860037,37,1,9:08,2708,45.13333333333333,6,4,6,4,2,Marcus Smart makes 24-foot three point jumper (Derrick White assists)
nba,2023,401468599,2022-12-17,Phoenix Suns,New Orleans Pelicans,PHX,NO,18-12,18-11,118,114,TRUE,Phoenix Suns,18-12,NA,NA,NA,NA,NA,NA,NA,NA,NA,NA,Phoenix Suns,18-12,New Orleans Pelicans,18-11,0.581,0.581,0.989,0.9888776541961576,0.0111223458038423,451,0,0,1,251,401468599377,377,3,7:14,1154,19.233333333333334,59,83,83,59,24,Herbert Jones makes 23-foot three point jumper (Zion Williamson assists)
nba,2023,401468595,2022-12-17,Cleveland Cavaliers,Dallas Mavericks,CLE,DAL,20-11,15-15,100,99,TRUE,Cleveland Cavaliers,20-11,NA,NA,NA,NA,NA,NA,NA,NA,NA,NA,Cleveland Cavaliers,20-11,Dallas Mavericks,15-15,0.847,0.847,0.802,0.8092269326683291,0.19077306733167088,508,0,0,1,342,401468595470,470,4,11:35,995,16.583333333333332,67,75,75,67,8,Darius Garland misses 26-foot step back jumpshot
nba,2023,401468596,2022-12-17,Houston Rockets,Portland Trail Blazers,HOU,POR,9-20,17-13,95,107,FALSE,Portland Trail Blazers,17-13,NA,NA,NA,NA,NA,NA,NA,NA,NA,NA,Portland Trail Blazers,17-13,Houston Rockets,9-20,0.485,0.515,0.534,0.12734082397003754,0.8726591760299625,491,0,0,1,4,4014685969,9,1,11:30,2850,47.5,2,0,2,0,2,Alperen Sengun makes two point shot (Jalen Green assists)
nba,2023,401468597,2022-12-17,Milwaukee Bucks,Utah Jazz,MIL,UTAH,21-8,17-15,123,97,TRUE,Utah Jazz,17-15,NA,NA,NA,NA,NA,NA,NA,NA,NA,NA,Milwaukee Bucks,21-8,Utah Jazz,17-15,0.395,0.605,0.646,0.4520123839009289,0.5479876160990711,417,0,0,1,15,40146859721,21,1,9:57,2757,45.95,4,5,5,4,1,Jarred Vanderbilt defensive rebound
nba,2023,401468598,2022-12-17,Oklahoma City Thunder,Memphis Grizzlies,OKC,MEM,12-18,19-10,115,109,TRUE,Memphis Grizzlies,19-10,NA,NA,NA,NA,NA,NA,NA,NA,NA,NA,Oklahoma City Thunder,12-18,Memphis Grizzlies,19-10,0.143,0.857,0.905,0.8950276243093922,0.1049723756906078,525,0,0,1,18,40146859826,26,1,10:01,2761,46.016666666666666,4,9,9,4,5,Ja Morant defensive rebound
nba,2023,401468594,2022-12-17,San Antonio Spurs,Miami Heat,SA,MIA,9-20,16-15,101,111,FALSE,Miami Heat,16-15,NA,NA,NA,NA,NA,NA,NA,NA,NA,NA,Miami Heat,16-15,San Antonio Spurs,9-20,0.409,0.591,0.723,0.6168741355463347,0.38312586445366525,475,0,0,1,293,401468594437,437,3,6:16,1096,18.266666666666666,67,61,67,61,6,shot clock turnover
nba,2023,401468593,2022-12-17,LA Clippers,Washington Wizards,LAC,WSH,18-14,11-19,102,93,TRUE,LA Clippers,18-14,NA,NA,NA,NA,NA,NA,NA,NA,NA,NA,LA Clippers,18-14,Washington Wizards,11-19,0.583,0.583,0.86,0.8372093023255813,0.16279069767441867,461,0,0,4,172,401468593244,244,2,3:54,1674,27.9,37,52,52,37,15,Corey Kispert makes dunk (Jordan Goodwin assists)
nba,2023,401468592,2022-12-16,Los Angeles Lakers,Denver Nuggets,LAL,DEN,12-16,17-11,126,108,TRUE,Denver Nuggets,17-11,NA,NA,NA,NA,NA,NA,NA,NA,NA,NA,Los Angeles Lakers,12-16,Denver Nuggets,17-11,0.38,0.62,0.893,0.8801791713325868,0.11982082866741316,478,0,0,1,286,401468592408,408,3,8:03,1203,20.05,67,79,79,67,12,Jamal Murray makes 27-foot step back jumpshot (Nikola Jokic assists)
nba,2023,401468591,2022-12-16,Dallas Mavericks,Portland Trail Blazers,DAL,POR,15-14,16-13,130,110,TRUE,Dallas Mavericks,15-14,NA,NA,NA,NA,NA,NA,NA,NA,NA,NA,Dallas Mavericks,15-14,Portland Trail Blazers,16-13,0.691,0.691,0.536,0.42350746268656714,0.5764925373134329,445,0,0,1,32,40146859147,47,1,7:27,2607,43.45,8,16,16,8,8,Jusuf Nurkic defensive rebound
nba,2023,401468589,2022-12-16,Chicago Bulls,New York Knicks,CHI,NY,11-17,16-13,91,114,FALSE,Chicago Bulls,11-17,NA,NA,NA,NA,NA,NA,NA,NA,NA,NA,New York Knicks,16-13,Chicago Bulls,11-17,0.537,0.537,0.754,0.6737400530503979,0.32625994694960214,458,0,0,2,179,401468589261,261,2,3:30,1650,27.5,48,41,48,41,7,Mitchell Robinson offensive foul
nba,2023,401468590,2022-12-16,Oklahoma City Thunder,Minnesota Timberwolves,OKC,MIN,11-18,14-15,110,112,FALSE,Oklahoma City Thunder,11-18,NA,NA,NA,NA,NA,NA,NA,NA,NA,NA,Minnesota Timberwolves,14-15,Oklahoma City Thunder,11-18,0.594,0.594,0.724,0.6187845303867403,0.3812154696132597,503,0,0,2,146,401468590214,214,2,9:41,2021,33.68333333333333,39,34,39,34,5,Josh Giddey defensive rebound
nba,2023,401468585,2022-12-16,Boston Celtics,Orlando Magic,BOS,ORL,22-8,10-20,109,117,FALSE,Boston Celtics,22-8,NA,NA,NA,NA,NA,NA,NA,NA,NA,NA,Orlando Magic,10-20,Boston Celtics,22-8,0.957,0.957,0.98,0.979591836734694,0.02040816326530614,492,0,0,1,34,40146858550,50,1,7:54,2634,43.9,14,4,14,4,10,Al Horford blocks Franz Wagner 's 10-foot driving layup
nba,2023,401468586,2022-12-16,Cleveland Cavaliers,Indiana Pacers,CLE,IND,19-11,15-15,118,112,TRUE,Cleveland Cavaliers,19-11,NA,NA,NA,NA,NA,NA,NA,NA,NA,NA,Cleveland Cavaliers,19-11,Indiana Pacers,15-15,0.799,0.799,0.946,0.9429175475687104,0.05708245243128962,406,0,0,1,330,401468586485,485,4,9:05,545,9.083333333333334,90,103,103,90,13,Aaron Nesmith makes 24-foot three point jumper (T.J. McConnell assists)
nba,2023,401468587,2022-12-16,Philadelphia 76ers,Golden State Warriors,PHI,GS,16-12,14-16,118,106,TRUE,Philadelphia 76ers,16-12,NA,NA,NA,NA,NA,NA,NA,NA,NA,NA,Philadelphia 76ers,16-12,Golden State Warriors,14-16,0.872,0.872,0.511,0.7495107632093934,0.25048923679060664,468,0,0,2,244,401468587346,346,3,8:37,1237,20.616666666666667,62,68,68,62,6,Jordan Poole makes 27-foot three point shot (Donte DiVincenzo assists)
nba,2023,401468588,2022-12-16,Toronto Raptors,Brooklyn Nets,TOR,BKN,13-16,18-12,116,119,FALSE,Brooklyn Nets,18-12,NA,NA,NA,NA,NA,NA,NA,NA,NA,NA,Brooklyn Nets,18-12,Toronto Raptors,13-16,0.465,0.5349999999999999,0.927,0.9212513484358144,0.07874865156418553,444,0,0,1,213,401468588308,308,2,1:17,1517,25.283333333333335,62,44,62,44,18,Pascal Siakam makes 26-foot three point jumper (Scottie Barnes assists)
nba,2023,401468583,2022-12-16,Charlotte Hornets,Atlanta Hawks,CHA,ATL,7-22,15-15,106,125,FALSE,Charlotte Hornets,7-22,NA,NA,NA,NA,NA,NA,NA,NA,NA,NA,Atlanta Hawks,15-15,Charlotte Hornets,7-22,0.658,0.658,0.742,0.6522911051212938,0.34770889487870615,487,0,0,1,15,40146858322,22,1,10:29,2789,46.483333333333334,6,2,6,2,4,Hornets defensive team rebound
nba,2023,401468584,2022-12-16,Detroit Pistons,Sacramento Kings,DET,SAC,8-23,16-12,113,122,FALSE,Sacramento Kings,16-12,NA,NA,NA,NA,NA,NA,NA,NA,NA,NA,Sacramento Kings,16-12,Detroit Pistons,8-23,0.348,0.652,0.715,0.6013986013986012,0.3986013986013987,477,0,0,1,240,401468584343,343,2,14.1,1454.1,24.235,63,55,63,55,8,Cory Joseph offensive rebound
nba,2023,401468582,2022-12-15,LA Clippers,Phoenix Suns,LAC,PHX,17-14,17-12,95,111,FALSE,Phoenix Suns,17-12,NA,NA,NA,NA,NA,NA,NA,NA,NA,NA,Phoenix Suns,17-12,LA Clippers,17-14,0.299,0.7010000000000001,0.375,0.20266666666666688,0.7973333333333331,473,0,0,1,10,40146858215,15,1,10:25,2785,46.416666666666664,4,0,4,0,4,Terance Mann makes 12-foot pullup jump shot
nba,2023,401468581,2022-12-15,Utah Jazz,New Orleans Pelicans,UTAH,NO,17-14,18-10,132,129,TRUE,Utah Jazz,17-14,NA,NA,NA,NA,NA,NA,NA,NA,NA,NA,Utah Jazz,17-14,New Orleans Pelicans,18-10,0.572,0.572,0.897,0.8851727982162765,0.11482720178372352,558,0,0,1,295,401468581416,416,3,5:10,1330,22.166666666666668,77,89,89,77,12,Kelly Olynyk out of bounds lost ball turnover
nba,2023,401468579,2022-12-15,Houston Rockets,Miami Heat,HOU,MIA,9-19,15-15,108,111,FALSE,Houston Rockets,9-19,NA,NA,NA,NA,NA,NA,NA,NA,NA,NA,Miami Heat,15-15,Houston Rockets,9-19,0.648,0.648,0.82,0.7804878048780488,0.2195121951219512,471,0,0,2,83,401468579112,112,1,3:07,2347,39.11666666666667,23,15,23,15,8,Haywood Highsmith shooting foul
nba,2023,401468580,2022-12-15,Memphis Grizzlies,Milwaukee Bucks,MEM,MIL,19-9,20-8,142,101,TRUE,Memphis Grizzlies,19-9,NA,NA,NA,NA,NA,NA,NA,NA,NA,NA,Memphis Grizzlies,19-9,Milwaukee Bucks,20-8,0.626,0.626,0.394,0.05076142131979699,0.949238578680203,495,0,0,1,3,4014685808,8,1,11:29,2849,47.483333333333334,0,0,0,0,0,Grayson Allen defensive rebound
nba,2023,401468578,2022-12-14,LA Clippers,Minnesota Timberwolves,LAC,MIN,17-13,13-15,99,88,TRUE,LA Clippers,17-13,NA,NA,NA,NA,NA,NA,NA,NA,NA,NA,LA Clippers,17-13,Minnesota Timberwolves,13-15,0.703,0.703,0.671,0.5573770491803278,0.4426229508196722,471,0,0,1,274,401468578374,374,3,6:55,1135,18.916666666666668,45,51,51,45,6,Rudy Gobert offensive rebound
nba,2023,401468576,2022-12-14,Dallas Mavericks,Cleveland Cavaliers,DAL,CLE,14-14,18-11,90,105,FALSE,Dallas Mavericks,14-14,NA,NA,NA,NA,NA,NA,NA,NA,NA,NA,Cleveland Cavaliers,18-11,Dallas Mavericks,14-14,0.556,0.556,0.556,0.2014388489208634,0.7985611510791366,423,0,0,1,1,4014685764,4,1,12:00,2880,48,0,0,0,0,0,Jarrett Allen vs. Dwight Powell (Evan Mobley gains possession)
nba,2023,401468577,2022-12-14,Denver Nuggets,Washington Wizards,DEN,WSH,17-10,11-18,141,128,TRUE,Denver Nuggets,17-10,NA,NA,NA,NA,NA,NA,NA,NA,NA,NA,Denver Nuggets,17-10,Washington Wizards,11-18,0.81,0.81,0.451,0.5787139689578715,0.4212860310421285,472,0,0,1,180,401468577270,270,2,3:48,1668,27.8,57,60,60,57,3,Kentavious Caldwell-Pope shooting foul
nba,2023,401468574,2022-12-14,Oklahoma City Thunder,Miami Heat,OKC,MIA,11-17,14-15,108,110,FALSE,Oklahoma City Thunder,11-17,NA,NA,NA,NA,NA,NA,NA,NA,NA,NA,Miami Heat,14-15,Oklahoma City Thunder,11-17,0.531,0.531,0.906,0.8962472406181017,0.10375275938189832,446,0,0,1,410,401468574591,591,4,2:32,152,2.533333333333333,106,101,106,101,5,Josh Giddey defensive rebound
nba,2023,401468575,2022-12-14,San Antonio Spurs,Portland Trail Blazers,SA,POR,9-19,16-12,112,128,FALSE,Portland Trail Blazers,16-12,NA,NA,NA,NA,NA,NA,NA,NA,NA,NA,Portland Trail Blazers,16-12,San Antonio Spurs,9-19,0.307,0.6930000000000001,0.358,0.14245810055865937,0.8575418994413406,460,0,0,1,49,40146857568,68,1,7:00,2580,43,13,14,13,14,-1,Anfernee Simons shooting foul
nba,2023,401468572,2022-12-14,Toronto Raptors,Sacramento Kings,TOR,SAC,13-15,15-12,123,124,FALSE,Toronto Raptors,13-15,NA,NA,NA,NA,NA,NA,NA,NA,NA,NA,Sacramento Kings,15-12,Toronto Raptors,13-15,0.625,0.625,0.922,0.915401301518438,0.08459869848156187,465,0,0,1,122,401468572166,166,2,10:03,2043,34.05,39,23,39,23,16,Chimezie Metu lost ball turnover (Christian Koloko steals)
nba,2023,401468573,2022-12-14,Chicago Bulls,New York Knicks,CHI,NY,11-16,15-13,120,128,FALSE,Chicago Bulls,11-16,NA,NA,NA,NA,NA,NA,NA,NA,NA,NA,New York Knicks,15-13,Chicago Bulls,11-16,0.575,0.575,0.589,0.3022071307300509,0.6977928692699491,467,0,0,1,331,401468573488,488,4,10:48,948,15.8,93,92,93,92,1,RJ Barrett misses driving layup
nba,2023,401468569,2022-12-14,Charlotte Hornets,Detroit Pistons,CHA,DET,7-21,8-22,134,141,FALSE,Charlotte Hornets,7-21,NA,NA,NA,NA,NA,NA,NA,NA,NA,NA,Detroit Pistons,8-22,Charlotte Hornets,7-21,0.682,0.682,0.839,0.8081048867699643,0.19189511323003572,558,0,0,2,204,401468569284,284,2,5:56,2096,34.93333333333333,58,50,58,50,8,Mason Plumlee makes free throw 1 of 2
nba,2023,401468570,2022-12-14,Indiana Pacers,Golden State Warriors,IND,GS,15-14,14-15,125,119,TRUE,Indiana Pacers,15-14,NA,NA,NA,NA,NA,NA,NA,NA,NA,NA,Indiana Pacers,15-14,Golden State Warriors,14-15,0.638,0.638,0.634,0.42902208201892744,0.5709779179810726,486,0,0,1,68,40146857094,94,1,4:22,2422,40.36666666666667,11,20,20,11,9,Stephen Curry defensive rebound
nba,2023,401468571,2022-12-14,Orlando Magic,Atlanta Hawks,ORL,ATL,9-20,14-15,135,124,TRUE,Atlanta Hawks,14-15,NA,NA,NA,NA,NA,NA,NA,NA,NA,NA,Orlando Magic,9-20,Atlanta Hawks,14-15,0.471,0.529,0.5489999999999999,0.17850637522768653,0.8214936247723135,474,0,0,1,6,40146857113,13,1,11:27,2847,47.45,0,0,0,0,0,shot clock turnover
nba,2023,401468568,2022-12-13,Los Angeles Lakers,Boston Celtics,LAL,BOS,11-16,22-7,118,122,FALSE,Boston Celtics,22-7,NA,NA,NA,NA,NA,NA,NA,NA,NA,NA,Boston Celtics,22-7,Los Angeles Lakers,11-16,0.315,0.685,0.993,0.9929506545820744,0.00704934541792545,496,0,0,1,413,401468568581,581,4,4:06,546,9.1,106,93,106,93,13,Anthony Davis defensive rebound
nba,2023,401468567,2022-12-13,Utah Jazz,New Orleans Pelicans,UTAH,NO,16-14,18-9,121,100,TRUE,Utah Jazz,16-14,NA,NA,NA,NA,NA,NA,NA,NA,NA,NA,Utah Jazz,16-14,New Orleans Pelicans,18-9,0.562,0.562,0.595,0.31932773109243695,0.680672268907563,516,0,0,1,12,40146856720,20,1,10:40,2800,46.666666666666664,0,7,7,0,7,Jonas Valanciunas makes two point shot
nba,2023,401468566,2022-12-13,Houston Rockets,Phoenix Suns,HOU,PHX,9-18,16-12,111,97,TRUE,Phoenix Suns,16-12,NA,NA,NA,NA,NA,NA,NA,NA,NA,NA,Houston Rockets,9-18,Phoenix Suns,16-12,0.284,0.716,0.716,0.6033519553072626,0.3966480446927374,509,0,0,1,1,4014685664,4,1,12:00,2880,48,0,0,0,0,0,Deandre Ayton vs. Alperen Sengun (Chris Paul gains possession)
nba,2023,401468565,2022-12-13,Milwaukee Bucks,Golden State Warriors,MIL,GS,20-7,14-14,128,111,TRUE,Milwaukee Bucks,20-7,NA,NA,NA,NA,NA,NA,NA,NA,NA,NA,Milwaukee Bucks,20-7,Golden State Warriors,14-14,0.605,0.605,0.575,0.31304347826086953,0.6869565217391305,499,0,0,1,12,40146856520,20,1,10:10,2770,46.166666666666664,0,7,7,0,7,Klay Thompson makes 19-foot jumper
nba,2023,401468564,2022-12-13,Philadelphia 76ers,Sacramento Kings,PHI,SAC,15-12,14-12,123,103,TRUE,Philadelphia 76ers,15-12,NA,NA,NA,NA,NA,NA,NA,NA,NA,NA,Philadelphia 76ers,15-12,Sacramento Kings,14-12,0.748,0.748,0.372,0.32258064516129026,0.6774193548387097,486,0,0,1,26,40146856441,41,1,9:27,2727,45.45,4,8,8,4,4,Domantas Sabonis defensive rebound
nba,2023,401468563,2022-12-12,LA Clippers,Boston Celtics,LAC,BOS,16-13,21-7,113,93,TRUE,Boston Celtics,21-7,NA,NA,NA,NA,NA,NA,NA,NA,NA,NA,LA Clippers,16-13,Boston Celtics,21-7,0.37,0.63,0.746,0.6595174262734584,0.34048257372654156,464,0,0,1,34,40146856351,51,1,8:05,2645,44.083333333333336,8,12,12,8,4,Reggie Jackson shooting foul
nba,2023,401468562,2022-12-12,Portland Trail Blazers,Minnesota Timberwolves,POR,MIN,15-12,13-14,133,112,TRUE,Portland Trail Blazers,15-12,NA,NA,NA,NA,NA,NA,NA,NA,NA,NA,Portland Trail Blazers,15-12,Minnesota Timberwolves,13-14,0.618,0.618,0.407,0.06142506142506143,0.9385749385749386,460,0,0,2,8,40146856217,17,1,10:32,2792,46.53333333333333,4,4,4,4,0,Rudy Gobert kicked ball violation
nba,2023,401468560,2022-12-12,Dallas Mavericks,Oklahoma City Thunder,DAL,OKC,14-13,11-16,121,114,TRUE,Dallas Mavericks,14-13,NA,NA,NA,NA,NA,NA,NA,NA,NA,NA,Dallas Mavericks,14-13,Oklahoma City Thunder,11-16,0.818,0.818,0.423,0.5697399527186761,0.43026004728132394,478,0,0,3,116,401468560153,153,1,16.1,2176.1,36.26833333333333,21,27,27,21,6,Shai Gilgeous-Alexander makes free throw 1 of 2
nba,2023,401468561,2022-12-12,San Antonio Spurs,Cleveland Cavaliers,SA,CLE,9-18,17-11,112,111,TRUE,Cleveland Cavaliers,17-11,NA,NA,NA,NA,NA,NA,NA,NA,NA,NA,San Antonio Spurs,9-18,Cleveland Cavaliers,17-11,0.231,0.769,0.8109999999999999,0.7669543773119605,0.23304562268803952,469,0,0,2,7,40146856116,16,1,10:25,2785,46.416666666666664,2,5,5,2,3,Tre Jones misses two point shot
nba,2023,401468559,2022-12-12,Memphis Grizzlies,Atlanta Hawks,MEM,ATL,18-9,14-14,128,103,TRUE,Memphis Grizzlies,18-9,NA,NA,NA,NA,NA,NA,NA,NA,NA,NA,Memphis Grizzlies,18-9,Atlanta Hawks,14-14,0.866,0.866,0.225,0.4044444444444444,0.5955555555555556,479,0,0,1,86,401468559132,132,1,2:20,2300,38.333333333333336,27,29,29,27,2,Kennedy Chandler traveling
nba,2023,401468557,2022-12-12,Indiana Pacers,Miami Heat,IND,MIA,14-14,13-15,82,87,FALSE,Indiana Pacers,14-14,NA,NA,NA,NA,NA,NA,NA,NA,NA,NA,Miami Heat,13-15,Indiana Pacers,14-14,0.567,0.567,0.743,0.6541049798115748,0.3458950201884252,445,0,0,1,285,401468557415,415,3,4:44,1004,16.733333333333334,62,57,62,57,5,Tyrese Haliburton makes technical free throw
nba,2023,401468558,2022-12-12,Washington Wizards,Brooklyn Nets,WSH,BKN,11-17,17-12,100,112,FALSE,Brooklyn Nets,17-12,NA,NA,NA,NA,NA,NA,NA,NA,NA,NA,Brooklyn Nets,17-12,Washington Wizards,11-17,0.457,0.5429999999999999,0.674,0.5163204747774481,0.48367952522255186,453,0,0,1,149,401468558210,210,2,7:46,1906,31.766666666666666,41,36,41,36,5,Joe Harris shooting foul
nba,2023,401468556,2022-12-11,Houston Rockets,Milwaukee Bucks,HOU,MIL,8-18,19-7,97,92,TRUE,Milwaukee Bucks,19-7,NA,NA,NA,NA,NA,NA,NA,NA,NA,NA,Houston Rockets,8-18,Milwaukee Bucks,19-7,0.223,0.777,0.91,0.9010989010989012,0.09890109890109876,466,0,0,1,400,401468556574,574,4,4:48,288,4.8,83,89,89,83,6,Giannis Antetokounmpo defensive rebound
nba,2023,401468555,2022-12-11,Atlanta Hawks,Chicago Bulls,ATL,CHI,14-13,11-15,123,122,TRUE,Atlanta Hawks,14-13,NA,NA,NA,NA,NA,NA,NA,NA,NA,NA,Atlanta Hawks,14-13,Chicago Bulls,11-15,0.602,0.602,0.986,0.9858012170385396,0.01419878296146048,525,0,0,1,515,401468555736,736,5,0.1,0.1,0.00166666666666666,121,122,122,121,1,DeMar DeRozan makes free throw 3 of 3
nba,2023,401468551,2022-12-11,Detroit Pistons,Los Angeles Lakers,DET,LAL,7-22,11-15,117,124,FALSE,Los Angeles Lakers,11-15,NA,NA,NA,NA,NA,NA,NA,NA,NA,NA,Los Angeles Lakers,11-15,Detroit Pistons,7-22,0.449,0.5509999999999999,0.5,0.10199999999999988,0.8980000000000001,444,0,0,1,13,40146855121,21,1,10:45,2805,46.75,1,0,1,0,1,Killian Hayes defensive rebound
nba,2023,401468552,2022-12-11,New York Knicks,Sacramento Kings,NY,SAC,14-13,14-11,112,99,TRUE,New York Knicks,14-13,NA,NA,NA,NA,NA,NA,NA,NA,NA,NA,New York Knicks,14-13,Sacramento Kings,14-11,0.574,0.574,0.467,0.08779443254817976,0.9122055674518202,495,0,0,1,29,40146855239,39,1,7:58,2638,43.96666666666667,6,7,7,6,1,Domantas Sabonis defensive rebound
nba,2023,401468553,2022-12-11,Orlando Magic,Toronto Raptors,ORL,TOR,8-20,13-14,111,99,TRUE,Toronto Raptors,13-14,NA,NA,NA,NA,NA,NA,NA,NA,NA,NA,Orlando Magic,8-20,Toronto Raptors,13-14,0.283,0.7170000000000001,0.8260000000000001,0.7893462469733656,0.21065375302663436,457,0,0,1,56,40146855383,83,1,5:11,2471,41.18333333333333,6,13,13,6,7,Markelle Fultz misses 26-foot three point jumper
nba,2023,401468554,2022-12-11,Philadelphia 76ers,Charlotte Hornets,PHI,CHA,14-12,7-20,131,113,TRUE,Philadelphia 76ers,14-12,NA,NA,NA,NA,NA,NA,NA,NA,NA,NA,Philadelphia 76ers,14-12,Charlotte Hornets,7-20,0.849,0.849,0.393,0.6157760814249363,0.38422391857506366,508,0,0,2,97,401468554136,136,1,1:12,2232,37.2,15,21,21,15,6,Matisse Thybulle personal foul
nba,2023,401468550,2022-12-11,New Orleans Pelicans,Phoenix Suns,NO,PHX,18-8,16-11,129,124,TRUE,New Orleans Pelicans,18-8,NA,NA,NA,NA,NA,NA,NA,NA,NA,NA,New Orleans Pelicans,18-8,Phoenix Suns,16-11,0.594,0.594,0.6619999999999999,0.4894259818731117,0.5105740181268883,528,0,0,1,101,401468550151,151,1,28.1,2488.1,41.468333333333334,27,36,36,27,9,Damion Lee makes 23-foot three point jumper (Josh Okogie assists)
nba,2023,401468549,2022-12-10,Portland Trail Blazers,Minnesota Timberwolves,POR,MIN,14-12,13-13,124,118,TRUE,Portland Trail Blazers,14-12,NA,NA,NA,NA,NA,NA,NA,NA,NA,NA,Portland Trail Blazers,14-12,Minnesota Timberwolves,13-13,0.637,0.637,0.834,0.8009592326139088,0.1990407673860912,451,0,0,1,305,401468549435,435,3,4:48,1008,16.8,76,85,85,76,9,Naz Reid makes free throw 1 of 2
nba,2023,401468548,2022-12-10,Denver Nuggets,Utah Jazz,DEN,UTAH,16-10,15-14,115,110,TRUE,Denver Nuggets,16-10,NA,NA,NA,NA,NA,NA,NA,NA,NA,NA,Denver Nuggets,16-10,Utah Jazz,15-14,0.808,0.808,0.638,0.6990595611285267,0.30094043887147326,427,0,0,1,371,401468548534,534,4,4:53,293,4.883333333333334,104,105,105,104,1,Nickeil Alexander-Walker makes free throw 1 of 2
nba,2023,401468547,2022-12-10,Golden State Warriors,Boston Celtics,GS,BOS,14-13,21-6,123,107,TRUE,Boston Celtics,21-6,NA,NA,NA,NA,NA,NA,NA,NA,NA,NA,Golden State Warriors,14-13,Boston Celtics,21-6,0.393,0.607,0.628,0.40764331210191074,0.5923566878980893,468,0,0,1,39,40146854754,54,1,7:40,2620,43.666666666666664,8,9,9,8,1,Jaylen Brown defensive rebound
nba,2023,401468546,2022-12-10,Chicago Bulls,Dallas Mavericks,CHI,DAL,11-14,13-13,144,115,TRUE,Chicago Bulls,11-14,NA,NA,NA,NA,NA,NA,NA,NA,NA,NA,Chicago Bulls,11-14,Dallas Mavericks,13-13,0.605,0.605,0.4479999999999999,0.11830357142857129,0.8816964285714287,430,0,0,1,4,40146854610,10,1,11:25,2845,47.416666666666664,0,2,2,0,2,Spencer Dinwiddie defensive rebound
nba,2023,401468545,2022-12-10,Cleveland Cavaliers,Oklahoma City Thunder,CLE,OKC,17-10,11-15,110,102,TRUE,Cleveland Cavaliers,17-10,NA,NA,NA,NA,NA,NA,NA,NA,NA,NA,Cleveland Cavaliers,17-10,Oklahoma City Thunder,11-15,0.658,0.658,0.43400000000000005,0.2119815668202767,0.7880184331797233,443,0,0,1,378,401468545534,534,4,7:05,425,7.083333333333333,89,89,89,89,0,Jalen Williams makes driving layup (Aleksej Pokusevski assists)
nba,2023,401468543,2022-12-10,Indiana Pacers,Brooklyn Nets,IND,BKN,14-13,16-12,133,136,FALSE,Indiana Pacers,14-13,NA,NA,NA,NA,NA,NA,NA,NA,NA,NA,Brooklyn Nets,16-12,Indiana Pacers,14-13,0.781,0.781,0.945,0.9417989417989416,0.05820105820105836,497,0,0,5,297,401468543413,413,3,6:26,1106,18.433333333333337,94,80,94,80,14,Tyrese Haliburton makes 26-foot three pointer
nba,2023,401468544,2022-12-10,Washington Wizards,LA Clippers,WSH,LAC,11-16,15-13,107,114,FALSE,LA Clippers,15-13,NA,NA,NA,NA,NA,NA,NA,NA,NA,NA,LA Clippers,15-13,Washington Wizards,11-16,0.448,0.552,0.899,0.8876529477196886,0.1123470522803114,446,0,0,1,285,401468544410,410,3,4:54,1014,16.9,84,71,84,71,13,Kristaps Porzingis makes 30-foot step back jumpshot (Deni Avdija assists)
nba,2023,401468542,2022-12-10,Miami Heat,San Antonio Spurs,MIA,SA,12-15,8-18,111,115,FALSE,Miami Heat,12-15,NA,NA,NA,NA,NA,NA,NA,NA,NA,NA,San Antonio Spurs,8-18,Miami Heat,12-15,0.856,0.856,0.908,0.8986784140969164,0.1013215859030836,472,0,0,1,72,401468542101,101,1,4:05,2405,40.083333333333336,21,13,21,13,8,Max Strus makes alley oop layup (Kyle Lowry assists)
nba,2023,401468541,2022-12-09,Dallas Mavericks,Milwaukee Bucks,DAL,MIL,13-12,19-6,105,106,FALSE,Dallas Mavericks,13-12,NA,NA,NA,NA,NA,NA,NA,NA,NA,NA,Milwaukee Bucks,19-6,Dallas Mavericks,13-12,0.578,0.578,0.942,0.9384288747346072,0.06157112526539277,491,0,0,1,353,401468541506,506,3,7.1,727.1,12.118333333333334,84,73,84,73,11,Luka Doncic makes free throw 1 of 2
nba,2023,401468540,2022-12-09,Utah Jazz,Minnesota Timberwolves,UTAH,MIN,15-13,13-12,108,118,FALSE,Utah Jazz,15-13,NA,NA,NA,NA,NA,NA,NA,NA,NA,NA,Minnesota Timberwolves,13-12,Utah Jazz,15-13,0.648,0.648,0.676,0.5207100591715976,0.47928994082840243,459,0,0,2,35,40146854052,52,1,6:18,2538,42.3,17,15,17,15,2,Nickeil Alexander-Walker makes 23-foot three point jumper (Jordan Clarkson assists)
nba,2023,401468539,2022-12-09,New Orleans Pelicans,Phoenix Suns,NO,PHX,17-8,16-10,128,117,TRUE,Phoenix Suns,16-10,NA,NA,NA,NA,NA,NA,NA,NA,NA,NA,New Orleans Pelicans,17-8,Phoenix Suns,16-10,0.481,0.519,0.732,0.6338797814207651,0.36612021857923494,467,0,0,2,86,401468539126,126,1,2:12,2292,38.2,15,23,23,15,8,Zion Williamson makes free throw 1 of 1
nba,2023,401468538,2022-12-09,Memphis Grizzlies,Detroit Pistons,MEM,DET,17-9,7-21,114,103,TRUE,Memphis Grizzlies,17-9,NA,NA,NA,NA,NA,NA,NA,NA,NA,NA,Memphis Grizzlies,17-9,Detroit Pistons,7-21,0.838,0.838,0.29800000000000004,0.4563758389261745,0.5436241610738255,525,0,0,1,164,401468538240,240,2,7:13,1873,31.216666666666665,40,42,42,40,2,Kevin Knox II makes 9-foot two point shot (Alec Burks assists)
nba,2023,401468535,2022-12-09,Brooklyn Nets,Atlanta Hawks,BKN,ATL,15-12,13-13,120,116,TRUE,Brooklyn Nets,15-12,NA,NA,NA,NA,NA,NA,NA,NA,NA,NA,Brooklyn Nets,15-12,Atlanta Hawks,13-13,0.723,0.723,0.757,0.678996036988111,0.32100396301188905,459,0,0,1,394,401468535569,569,4,5:14,314,5.233333333333333,103,107,107,103,4,Seth Curry misses 22-foot pullup jump shot
nba,2023,401468536,2022-12-09,Cleveland Cavaliers,Sacramento Kings,CLE,SAC,16-10,14-10,95,106,FALSE,Cleveland Cavaliers,16-10,NA,NA,NA,NA,NA,NA,NA,NA,NA,NA,Sacramento Kings,14-10,Cleveland Cavaliers,16-10,0.676,0.676,0.908,0.8986784140969164,0.1013215859030836,452,0,0,1,401,401468536578,578,4,4:50,290,4.833333333333333,95,87,95,87,8,Cedi Osman makes two point shot (Evan Mobley assists)
nba,2023,401468537,2022-12-09,Philadelphia 76ers,Los Angeles Lakers,PHI,LAL,13-12,10-15,133,122,TRUE,Philadelphia 76ers,13-12,NA,NA,NA,NA,NA,NA,NA,NA,NA,NA,Philadelphia 76ers,13-12,Los Angeles Lakers,10-15,0.799,0.799,0.802,0.7531172069825438,0.2468827930174562,515,0,0,1,463,401468537695,695,4,3.1,303.1,5.051666666666667,120,120,120,120,0,Anthony Davis makes free throw 1 of 2
nba,2023,401468532,2022-12-09,Charlotte Hornets,New York Knicks,CHA,NY,7-19,13-13,102,121,FALSE,New York Knicks,13-13,NA,NA,NA,NA,NA,NA,NA,NA,NA,NA,New York Knicks,13-13,Charlotte Hornets,7-19,0.426,0.5740000000000001,0.553,0.2296564195298374,0.7703435804701626,499,0,0,1,137,401468532194,194,2,9:22,2002,33.36666666666667,29,26,29,26,3,Julius Randle misses driving layup
nba,2023,401468533,2022-12-09,Indiana Pacers,Washington Wizards,IND,WSH,14-12,11-15,121,111,TRUE,Indiana Pacers,14-12,NA,NA,NA,NA,NA,NA,NA,NA,NA,NA,Indiana Pacers,14-12,Washington Wizards,11-15,0.627,0.627,0.7050000000000001,0.5815602836879434,0.41843971631205656,448,0,0,1,222,401468533326,326,3,9:05,1265,21.083333333333332,70,75,75,70,5,Andrew Nembhard shooting foul
nba,2023,401468534,2022-12-09,Orlando Magic,Toronto Raptors,ORL,TOR,7-20,13-13,113,109,TRUE,Toronto Raptors,13-13,NA,NA,NA,NA,NA,NA,NA,NA,NA,NA,Orlando Magic,7-20,Toronto Raptors,13-13,0.246,0.754,0.79,0.7341772151898736,0.26582278481012644,429,0,0,1,2,4014685347,7,1,11:41,2861,47.68333333333333,0,3,3,0,3,Pascal Siakam makes 27-foot three point jumper (Fred VanVleet assists)
nba,2023,401468531,2022-12-08,Portland Trail Blazers,Denver Nuggets,POR,DEN,13-12,15-10,120,121,FALSE,Denver Nuggets,15-10,NA,NA,NA,NA,NA,NA,NA,NA,NA,NA,Denver Nuggets,15-10,Portland Trail Blazers,13-12,0.446,0.554,0.931,0.9258861439312568,0.07411385606874332,462,0,0,1,377,401468531534,534,4,9:26,566,9.433333333333334,102,92,102,92,10,Christian Braun loose ball foul
nba,2023,401468530,2022-12-08,San Antonio Spurs,Houston Rockets,SA,HOU,7-18,7-18,118,109,TRUE,San Antonio Spurs,7-18,NA,NA,NA,NA,NA,NA,NA,NA,NA,NA,San Antonio Spurs,7-18,Houston Rockets,7-18,0.511,0.511,0.753,0.6719787516600266,0.32802124833997337,457,0,0,1,230,401468530330,330,3,9:43,1303,21.716666666666665,56,63,63,56,7,Eric Gordon blocks Romeo Langford 's 8-foot layup
nba,2023,401468529,2022-12-08,Miami Heat,LA Clippers,MIA,LAC,12-14,14-13,115,110,TRUE,Miami Heat,12-14,NA,NA,NA,NA,NA,NA,NA,NA,NA,NA,Miami Heat,12-14,LA Clippers,14-13,0.594,0.594,0.716,0.6033519553072626,0.3966480446927374,423,0,0,1,107,401468529157,157,2,10:18,2058,34.3,24,34,34,24,10,Reggie Jackson makes 17-foot pullup jump shot
nba,2023,401468528,2022-12-07,Phoenix Suns,Boston Celtics,PHX,BOS,16-9,21-5,98,125,FALSE,Phoenix Suns,16-9,NA,NA,NA,NA,NA,NA,NA,NA,NA,NA,Boston Celtics,21-5,Phoenix Suns,16-9,0.541,0.541,0.593,0.3136593591905563,0.6863406408094437,466,0,0,1,58,40146852880,80,1,5:09,2469,41.15,16,13,16,13,3,Chris Paul makes 16-foot pullup jump shot
nba,2023,401468527,2022-12-07,Utah Jazz,Golden State Warriors,UTAH,GS,15-12,13-13,124,123,TRUE,Utah Jazz,15-12,NA,NA,NA,NA,NA,NA,NA,NA,NA,NA,Utah Jazz,15-12,Golden State Warriors,13-13,0.731,0.731,0.967,0.965873836608066,0.03412616339193386,482,0,0,1,468,401468527667,667,4,13.3,13.3,0.22166666666666668,119,122,122,119,3,Simone Fontecchio personal foul
nba,2023,401468522,2022-12-07,Chicago Bulls,Washington Wizards,CHI,WSH,10-14,11-14,115,111,TRUE,Chicago Bulls,10-14,NA,NA,NA,NA,NA,NA,NA,NA,NA,NA,Chicago Bulls,10-14,Washington Wizards,11-14,0.581,0.581,0.786,0.727735368956743,0.27226463104325704,483,0,0,1,399,401468522577,577,4,8:00,480,8,84,90,90,84,6,Kyle Kuzma makes 24-foot three point jumper (Monte Morris assists)
nba,2023,401468523,2022-12-07,Memphis Grizzlies,Oklahoma City Thunder,MEM,OKC,16-9,11-14,123,102,TRUE,Memphis Grizzlies,16-9,NA,NA,NA,NA,NA,NA,NA,NA,NA,NA,Memphis Grizzlies,16-9,Oklahoma City Thunder,11-14,0.816,0.816,0.31599999999999995,0.4177215189873416,0.5822784810126584,488,0,0,1,150,401468523215,215,2,11:10,2110,35.166666666666664,27,30,30,27,3,Jalen Williams makes tip shot
nba,2023,401468524,2022-12-07,Milwaukee Bucks,Sacramento Kings,MIL,SAC,18-6,13-10,126,113,TRUE,Milwaukee Bucks,18-6,NA,NA,NA,NA,NA,NA,NA,NA,NA,NA,Milwaukee Bucks,18-6,Sacramento Kings,13-10,0.675,0.675,0.527,0.38330170777988626,0.6166982922201137,470,0,0,1,9,40146852416,16,1,10:28,2788,46.46666666666667,0,8,8,0,8,Brook Lopez misses 29-foot three point jumper
nba,2023,401468525,2022-12-07,Minnesota Timberwolves,Indiana Pacers,MIN,IND,12-12,13-12,121,115,TRUE,Minnesota Timberwolves,12-12,NA,NA,NA,NA,NA,NA,NA,NA,NA,NA,Minnesota Timberwolves,12-12,Indiana Pacers,13-12,0.67,0.67,0.765,0.6928104575163399,0.30718954248366015,478,0,0,2,315,401468525447,447,3,6:27,1107,18.45,72,80,80,72,8,Andrew Nembhard offensive rebound
nba,2023,401468526,2022-12-07,New Orleans Pelicans,Detroit Pistons,NO,DET,16-8,7-20,104,98,TRUE,New Orleans Pelicans,16-8,NA,NA,NA,NA,NA,NA,NA,NA,NA,NA,New Orleans Pelicans,16-8,Detroit Pistons,7-20,0.85,0.85,0.30800000000000005,0.512987012987013,0.487012987012987,482,0,0,1,151,401468526200,200,2,9:21,2001,33.35,30,33,33,30,3,Zion Williamson out of bounds lost ball turnover
nba,2023,401468519,2022-12-07,Brooklyn Nets,Charlotte Hornets,BKN,CHA,14-12,7-18,122,116,TRUE,Brooklyn Nets,14-12,NA,NA,NA,NA,NA,NA,NA,NA,NA,NA,Brooklyn Nets,14-12,Charlotte Hornets,7-18,0.755,0.755,0.355,0.3098591549295775,0.6901408450704225,445,0,0,2,388,401468519560,560,4,6:02,362,6.033333333333333,109,107,107,109,-2,Nic Claxton misses free throw 2 of 2
nba,2023,401468520,2022-12-07,New York Knicks,Atlanta Hawks,NY,ATL,12-13,13-12,113,89,TRUE,New York Knicks,12-13,NA,NA,NA,NA,NA,NA,NA,NA,NA,NA,New York Knicks,12-13,Atlanta Hawks,13-12,0.508,0.508,0.521,0.08061420345489445,0.9193857965451055,463,0,0,1,2,4014685207,7,1,11:42,2862,47.7,0,2,2,0,2,Trae Young makes 4-foot two point shot
nba,2023,401468521,2022-12-07,Toronto Raptors,Los Angeles Lakers,TOR,LAL,13-12,10-14,126,113,TRUE,Toronto Raptors,13-12,NA,NA,NA,NA,NA,NA,NA,NA,NA,NA,Toronto Raptors,13-12,Los Angeles Lakers,10-14,0.87,0.87,0.14300000000000002,0.09090909090909094,0.9090909090909092,504,0,0,2,172,401468521232,232,2,6:53,1853,30.883333333333333,46,41,41,46,-5,Gary Trent Jr. misses 23-foot three point jumper
nba,2023,401468518,2022-12-07,Orlando Magic,LA Clippers,ORL,LAC,6-20,14-12,116,111,TRUE,LA Clippers,14-12,NA,NA,NA,NA,NA,NA,NA,NA,NA,NA,Orlando Magic,6-20,LA Clippers,14-12,0.314,0.6859999999999999,0.971,0.9701338825952626,0.02986611740473743,530,0,0,1,301,401468518440,440,3,4:11,1271,21.183333333333337,55,72,72,55,17,Kawhi Leonard makes 28-foot running pullup jump shot
nba,2023,401468517,2022-12-06,Denver Nuggets,Dallas Mavericks,DEN,DAL,14-10,13-11,115,116,FALSE,Denver Nuggets,14-10,NA,NA,NA,NA,NA,NA,NA,NA,NA,NA,Dallas Mavericks,13-11,Denver Nuggets,14-10,0.572,0.572,0.735,0.6394557823129252,0.3605442176870748,469,0,0,2,9,40146851718,18,1,10:33,2793,46.55,8,0,8,0,8,Aaron Gordon makes 25-foot running pullup jump shot (Nikola Jokic assists)
nba,2023,401468515,2022-12-06,Cleveland Cavaliers,Los Angeles Lakers,CLE,LAL,16-9,10-13,116,102,TRUE,Cleveland Cavaliers,16-9,NA,NA,NA,NA,NA,NA,NA,NA,NA,NA,Cleveland Cavaliers,16-9,Los Angeles Lakers,10-13,0.716,0.716,0.599,0.5258764607679465,0.4741235392320535,463,0,0,1,330,401468515459,459,3,42.7,762.7,12.711666666666668,81,83,83,81,2,LeBron James makes free throw 1 of 2
nba,2023,401468516,2022-12-06,Miami Heat,Detroit Pistons,MIA,DET,11-14,7-19,96,116,FALSE,Miami Heat,11-14,NA,NA,NA,NA,NA,NA,NA,NA,NA,NA,Detroit Pistons,7-19,Miami Heat,11-14,0.607,0.607,0.845,0.8165680473372781,0.18343195266272191,431,0,0,1,44,40146851663,63,1,5:18,2478,41.3,17,6,17,6,11,Bojan Bogdanovic lost ball turnover (Kyle Lowry steals)
nba,2023,401468514,2022-12-05,Golden State Warriors,Indiana Pacers,GS,IND,13-12,13-11,104,112,FALSE,Golden State Warriors,13-12,NA,NA,NA,NA,NA,NA,NA,NA,NA,NA,Indiana Pacers,13-11,Golden State Warriors,13-12,0.865,0.865,0.865,0.8439306358381502,0.1560693641618498,476,0,0,1,1,4014685144,4,1,12:00,2880,48,0,0,0,0,0,Jalen Smith vs. Kevon Looney (Stephen Curry gains possession)
nba,2023,401468513,2022-12-05,Dallas Mavericks,Phoenix Suns,DAL,PHX,12-11,16-8,130,111,TRUE,Dallas Mavericks,12-11,NA,NA,NA,NA,NA,NA,NA,NA,NA,NA,Dallas Mavericks,12-11,Phoenix Suns,16-8,0.624,0.624,0.4290000000000001,0.12354312354312368,0.8764568764568763,454,0,0,1,6,40146851312,12,1,11:13,2833,47.21666666666667,0,2,2,0,2,Deandre Ayton defensive rebound
nba,2023,401468511,2022-12-05,Houston Rockets,Philadelphia 76ers,HOU,PHI,7-17,12-12,132,123,TRUE,Philadelphia 76ers,12-12,NA,NA,NA,NA,NA,NA,NA,NA,NA,NA,Houston Rockets,7-17,Philadelphia 76ers,12-12,0.221,0.779,0.918,0.9106753812636166,0.08932461873638342,586,0,0,1,523,401468511753,753,5,2.9,302.9,5.048333333333333,116,117,117,116,1,(00:02.9) [76ers] COACH'S CHALLENGE (CALL STANDS) [76ers] charged with a timeout
nba,2023,401468512,2022-12-05,Memphis Grizzlies,Miami Heat,MEM,MIA,15-9,11-13,101,93,TRUE,Memphis Grizzlies,15-9,NA,NA,NA,NA,NA,NA,NA,NA,NA,NA,Memphis Grizzlies,15-9,Miami Heat,11-13,0.558,0.558,0.757,0.678996036988111,0.32100396301188905,422,0,0,1,53,40146851281,81,1,4:20,2420,40.333333333333336,17,28,28,17,11,Dewayne Dedmon defensive rebound
nba,2023,401468509,2022-12-05,Atlanta Hawks,Oklahoma City Thunder,ATL,OKC,13-11,11-13,114,121,FALSE,Atlanta Hawks,13-11,NA,NA,NA,NA,NA,NA,NA,NA,NA,NA,Oklahoma City Thunder,11-13,Atlanta Hawks,13-11,0.782,0.782,0.952,0.9495798319327732,0.05042016806722693,508,0,0,1,280,401468509397,397,3,6:47,1127,18.783333333333335,73,59,73,59,14,Isaiah Joe misses 25-foot three point jumper
nba,2023,401468510,2022-12-05,Toronto Raptors,Boston Celtics,TOR,BOS,12-12,20-5,110,116,FALSE,Toronto Raptors,12-12,NA,NA,NA,NA,NA,NA,NA,NA,NA,NA,Boston Celtics,20-5,Toronto Raptors,12-12,0.504,0.504,0.803,0.7546699875467,0.2453300124533,458,0,0,1,208,401468510279,279,2,2:53,1613,26.883333333333333,54,45,54,45,9,Pascal Siakam makes free throw 1 of 2
nba,2023,401468507,2022-12-05,Charlotte Hornets,LA Clippers,CHA,LAC,7-17,14-11,117,119,FALSE,LA Clippers,14-11,NA,NA,NA,NA,NA,NA,NA,NA,NA,NA,LA Clippers,14-11,Charlotte Hornets,7-17,0.43,0.5700000000000001,0.839,0.8081048867699643,0.19189511323003572,479,0,0,4,299,401468507431,431,3,4:01,961,16.016666666666666,80,71,80,71,9,(04:01) [Hornets] COACH'S CHALLENGE (REPLAY SUPPORTS CALL) [Hornets] charged with a timeout
nba,2023,401468508,2022-12-05,Orlando Magic,Milwaukee Bucks,ORL,MIL,5-20,17-6,102,109,FALSE,Milwaukee Bucks,17-6,NA,NA,NA,NA,NA,NA,NA,NA,NA,NA,Milwaukee Bucks,17-6,Orlando Magic,5-20,0.217,0.783,0.365,0.40547945205479463,0.5945205479452054,508,0,0,2,35,40146850856,56,1,8:48,2688,44.8,11,5,11,5,6,Jrue Holiday offensive foul
nba,2023,401468506,2022-12-04,Portland Trail Blazers,Indiana Pacers,POR,IND,13-11,12-11,116,100,TRUE,Portland Trail Blazers,13-11,NA,NA,NA,NA,NA,NA,NA,NA,NA,NA,Portland Trail Blazers,13-11,Indiana Pacers,12-11,0.547,0.547,0.6890000000000001,0.5486211901306242,0.45137880986937584,464,0,0,1,52,40146850681,81,1,6:40,2560,42.666666666666664,9,17,17,9,8,Pacers defensive team rebound
nba,2023,401468501,2022-12-04,Brooklyn Nets,Boston Celtics,BKN,BOS,13-12,19-5,92,103,FALSE,Boston Celtics,19-5,NA,NA,NA,NA,NA,NA,NA,NA,NA,NA,Boston Celtics,19-5,Brooklyn Nets,13-12,0.339,0.661,0.554,0.38808664259927805,0.611913357400722,457,0,0,1,13,40146850123,23,1,9:36,2736,45.6,11,2,11,2,9,Kevin Durant makes 8-foot pullup jump shot
nba,2023,401468502,2022-12-04,Detroit Pistons,Memphis Grizzlies,DET,MEM,6-19,14-9,112,122,FALSE,Memphis Grizzlies,14-9,NA,NA,NA,NA,NA,NA,NA,NA,NA,NA,Memphis Grizzlies,14-9,Detroit Pistons,6-19,0.317,0.683,0.335,0.05373134328358231,0.9462686567164176,486,0,0,1,3,4014685028,8,1,11:41,2861,47.68333333333333,0,0,0,0,0,Marvin Bagley III defensive rebound
nba,2023,401468503,2022-12-04,New York Knicks,Cleveland Cavaliers,NY,CLE,11-13,15-9,92,81,TRUE,Cleveland Cavaliers,15-9,NA,NA,NA,NA,NA,NA,NA,NA,NA,NA,New York Knicks,11-13,Cleveland Cavaliers,15-9,0.405,0.595,0.614,0.37133550488599343,0.6286644951140066,465,0,0,1,2,4014685037,7,1,11:49,2869,47.81666666666667,0,0,0,0,0,RJ Barrett traveling
nba,2023,401468504,2022-12-04,Washington Wizards,Los Angeles Lakers,WSH,LAL,11-13,10-12,119,130,FALSE,Washington Wizards,11-13,NA,NA,NA,NA,NA,NA,NA,NA,NA,NA,Los Angeles Lakers,10-12,Washington Wizards,11-13,0.672,0.672,0.763,0.689384010484928,0.31061598951507197,490,0,0,2,49,40146850476,76,1,7:01,2581,43.016666666666666,14,10,14,10,4,Kyle Kuzma makes free throw 1 of 2
nba,2023,401468505,2022-12-04,Sacramento Kings,Chicago Bulls,SAC,CHI,13-9,9-14,110,101,TRUE,Sacramento Kings,13-9,NA,NA,NA,NA,NA,NA,NA,NA,NA,NA,Sacramento Kings,13-9,Chicago Bulls,9-14,0.634,0.634,0.5740000000000001,0.3623693379790942,0.6376306620209058,448,0,0,1,63,40146850586,86,1,4:15,2415,40.25,14,20,20,14,6,Nikola Vucevic defensive rebound
nba,2023,401468500,2022-12-04,San Antonio Spurs,Phoenix Suns,SA,PHX,6-18,16-7,95,133,FALSE,Phoenix Suns,16-7,NA,NA,NA,NA,NA,NA,NA,NA,NA,NA,Phoenix Suns,16-7,San Antonio Spurs,6-18,0.236,0.764,0.413,0.4285714285714286,0.5714285714285714,464,0,0,1,25,40146850037,37,1,8:09,2649,44.15,11,4,11,4,7,Devin Booker misses 11-foot two point shot
nba,2023,401468499,2022-12-04,New Orleans Pelicans,Denver Nuggets,NO,DEN,15-8,14-9,121,106,TRUE,New Orleans Pelicans,15-8,NA,NA,NA,NA,NA,NA,NA,NA,NA,NA,New Orleans Pelicans,15-8,Denver Nuggets,14-9,0.552,0.552,0.821,0.7819732034104749,0.21802679658952503,475,0,0,3,76,401468499112,112,1,3:06,2346,39.1,16,29,29,16,13,Nikola Jokic makes free throw 1 of 2
nba,2023,401468498,2022-12-03,Utah Jazz,Portland Trail Blazers,UTAH,POR,14-12,12-11,111,116,FALSE,Utah Jazz,14-12,NA,NA,NA,NA,NA,NA,NA,NA,NA,NA,Portland Trail Blazers,12-11,Utah Jazz,14-12,0.718,0.718,0.753,0.6719787516600266,0.32802124833997337,461,0,0,1,286,401468498399,399,3,4:42,1002,16.7,85,81,85,81,4,Jazz defensive team rebound
nba,2023,401468497,2022-12-03,Golden State Warriors,Houston Rockets,GS,HOU,13-11,6-17,120,101,TRUE,Golden State Warriors,13-11,NA,NA,NA,NA,NA,NA,NA,NA,NA,NA,Golden State Warriors,13-11,Houston Rockets,6-17,0.837,0.837,0.238,0.31512605042016795,0.684873949579832,450,0,0,4,379,401468497548,548,4,6:59,419,6.983333333333333,100,95,95,100,-5,Josh Christopher makes free throw 1 of 2
nba,2023,401468495,2022-12-03,Toronto Raptors,Orlando Magic,TOR,ORL,12-11,5-19,121,108,TRUE,Toronto Raptors,12-11,NA,NA,NA,NA,NA,NA,NA,NA,NA,NA,Toronto Raptors,12-11,Orlando Magic,5-19,0.859,0.859,0.14800000000000002,0.04729729729729737,0.9527027027027026,442,0,0,1,9,40146849517,17,1,10:37,2797,46.61666666666667,2,3,3,2,1,Moritz Wagner makes driving layup (Paolo Banchero assists)
nba,2023,401468496,2022-12-03,Minnesota Timberwolves,Oklahoma City Thunder,MIN,OKC,11-12,10-13,128,135,FALSE,Minnesota Timberwolves,11-12,NA,NA,NA,NA,NA,NA,NA,NA,NA,NA,Oklahoma City Thunder,10-13,Minnesota Timberwolves,11-12,0.672,0.672,0.847,0.8193624557260921,0.18063754427390788,525,0,0,1,382,401468496548,548,3,37.7,757.7,12.628333333333334,99,92,99,92,7,Kyle Anderson defensive rebound
nba,2023,401468494,2022-12-03,Charlotte Hornets,Milwaukee Bucks,CHA,MIL,7-16,16-6,96,105,FALSE,Charlotte Hornets,7-16,NA,NA,NA,NA,NA,NA,NA,NA,NA,NA,Milwaukee Bucks,16-6,Charlotte Hornets,7-16,0.571,0.571,0.607,0.35255354200988465,0.6474464579901154,483,0,0,1,70,401468494107,107,1,4:21,2421,40.35,16,15,16,15,1,Jalen McDaniels defensive rebound
nba,2023,401468493,2022-12-03,LA Clippers,Sacramento Kings,LAC,SAC,13-11,12-9,96,123,FALSE,Sacramento Kings,12-9,NA,NA,NA,NA,NA,NA,NA,NA,NA,NA,Sacramento Kings,12-9,LA Clippers,13-11,0.423,0.577,0.473,0.10570824524312884,0.8942917547568712,514,0,0,1,6,40146849313,13,1,11:27,2847,47.45,2,0,2,0,2,Kings offensive team rebound
nba,2023,401468492,2022-12-03,New York Knicks,Dallas Mavericks,NY,DAL,10-13,11-11,100,121,FALSE,Dallas Mavericks,11-11,NA,NA,NA,NA,NA,NA,NA,NA,NA,NA,Dallas Mavericks,11-11,New York Knicks,10-13,0.455,0.5449999999999999,0.855,0.8304093567251463,0.16959064327485374,460,0,0,1,129,401468492184,184,2,10:00,2040,34,38,23,38,23,15,Dorian Finney-Smith misses 5-foot two point shot
nba,2023,401468491,2022-12-02,Golden State Warriors,Chicago Bulls,GS,CHI,12-11,9-13,119,111,TRUE,Golden State Warriors,12-11,NA,NA,NA,NA,NA,NA,NA,NA,NA,NA,Golden State Warriors,12-11,Chicago Bulls,9-13,0.75,0.75,0.34199999999999997,0.26900584795321636,0.7309941520467836,500,0,0,2,431,401468491630,630,4,6:14,374,6.233333333333333,105,101,101,105,-4,Klay Thompson shooting foul
nba,2023,401468489,2022-12-02,Phoenix Suns,Houston Rockets,PHX,HOU,15-7,6-16,121,122,FALSE,Phoenix Suns,15-7,NA,NA,NA,NA,NA,NA,NA,NA,NA,NA,Houston Rockets,6-16,Phoenix Suns,15-7,0.836,0.836,0.978,0.9775051124744376,0.02249488752556239,482,0,0,1,314,401468489455,455,3,3:42,942,15.7,89,73,89,73,16,Tari Eason out of bounds bad pass turnover
nba,2023,401468490,2022-12-02,Utah Jazz,Indiana Pacers,UTAH,IND,14-11,12-10,139,119,TRUE,Utah Jazz,14-11,NA,NA,NA,NA,NA,NA,NA,NA,NA,NA,Utah Jazz,14-11,Indiana Pacers,12-10,0.685,0.685,0.368,0.14402173913043492,0.8559782608695651,527,0,0,1,30,40146849047,47,1,10:30,2790,46.5,2,4,4,2,2,Jarred Vanderbilt 3 second turnover
nba,2023,401468487,2022-12-02,Memphis Grizzlies,Philadelphia 76ers,MEM,PHI,13-9,12-11,117,109,TRUE,Memphis Grizzlies,13-9,NA,NA,NA,NA,NA,NA,NA,NA,NA,NA,Memphis Grizzlies,13-9,Philadelphia 76ers,12-11,0.594,0.594,0.604,0.3443708609271523,0.6556291390728477,476,0,0,1,89,401468487130,130,1,1:28,2248,37.46666666666667,21,28,28,21,7,Georges Niang makes two point shot
nba,2023,401468488,2022-12-02,San Antonio Spurs,New Orleans Pelicans,SA,NO,6-17,14-8,99,117,FALSE,New Orleans Pelicans,14-8,NA,NA,NA,NA,NA,NA,NA,NA,NA,NA,New Orleans Pelicans,14-8,San Antonio Spurs,6-17,0.261,0.739,0.607,0.5700164744645799,0.4299835255354201,499,0,0,1,319,401468488449,449,3,3:55,955,15.916666666666666,67,63,67,63,4,Spurs offensive team rebound
nba,2023,401468482,2022-12-02,Atlanta Hawks,Denver Nuggets,ATL,DEN,13-10,14-8,117,109,TRUE,Denver Nuggets,14-8,NA,NA,NA,NA,NA,NA,NA,NA,NA,NA,Atlanta Hawks,13-10,Denver Nuggets,14-8,0.43,0.5700000000000001,0.581,0.27882960413080893,0.7211703958691911,411,0,0,1,256,401468482366,366,3,3:34,934,15.566666666666666,75,75,75,75,0,Jamal Murray makes free throw 1 of 2
nba,2023,401468483,2022-12-02,Boston Celtics,Miami Heat,BOS,MIA,18-5,11-12,116,120,FALSE,Boston Celtics,18-5,NA,NA,NA,NA,NA,NA,NA,NA,NA,NA,Miami Heat,11-12,Boston Celtics,18-5,0.849,0.849,0.96,0.9583333333333331,0.04166666666666674,514,0,0,1,329,401468483452,452,3,3:16,1216,20.266666666666666,83,70,83,70,13,Jaylen Brown defensive rebound
nba,2023,401468484,2022-12-02,Brooklyn Nets,Toronto Raptors,BKN,TOR,13-11,11-11,114,105,TRUE,Brooklyn Nets,13-11,NA,NA,NA,NA,NA,NA,NA,NA,NA,NA,Brooklyn Nets,13-11,Toronto Raptors,11-11,0.571,0.571,0.4300000000000001,0.00232558139534888,0.9976744186046512,480,0,0,1,7,40146848413,13,1,11:20,2840,47.333333333333336,3,3,3,3,0,Pascal Siakam makes three point jumper (Fred VanVleet assists)
nba,2023,401468485,2022-12-02,Cleveland Cavaliers,Orlando Magic,CLE,ORL,15-8,5-18,107,96,TRUE,Cleveland Cavaliers,15-8,NA,NA,NA,NA,NA,NA,NA,NA,NA,NA,Cleveland Cavaliers,15-8,Orlando Magic,5-18,0.901,0.901,0.19199999999999995,0.484375,0.515625,408,0,0,1,154,401468485223,223,2,6:20,1820,30.333333333333332,37,36,36,37,-1,Kevon Harris defensive rebound
nba,2023,401468486,2022-12-02,Milwaukee Bucks,Los Angeles Lakers,MIL,LAL,15-6,9-12,129,133,FALSE,Milwaukee Bucks,15-6,NA,NA,NA,NA,NA,NA,NA,NA,NA,NA,Los Angeles Lakers,9-12,Milwaukee Bucks,15-6,0.732,0.732,0.817,0.7760097919216646,0.22399020807833536,471,0,0,1,17,40146848626,26,1,10:00,2760,46,7,1,7,1,6,Jrue Holiday makes driving layup
nba,2023,401468481,2022-12-02,Charlotte Hornets,Washington Wizards,CHA,WSH,7-15,11-12,117,116,TRUE,Washington Wizards,11-12,NA,NA,NA,NA,NA,NA,NA,NA,NA,NA,Charlotte Hornets,7-15,Washington Wizards,11-12,0.419,0.581,0.61,0.360655737704918,0.639344262295082,499,0,0,1,9,40146848116,16,1,10:25,2785,46.416666666666664,4,5,5,4,1,Bradley Beal defensive rebound
nba,2023,401468480,2022-12-01,Detroit Pistons,Dallas Mavericks,DET,DAL,6-18,10-11,131,125,TRUE,Dallas Mavericks,10-11,NA,NA,NA,NA,NA,NA,NA,NA,NA,NA,Detroit Pistons,6-18,Dallas Mavericks,10-11,0.245,0.755,0.842,0.8123515439429929,0.18764845605700708,503,0,0,1,30,40146848048,48,1,7:06,2886,48.1,13,20,20,13,7,Luka Doncic makes 27-foot three point jumper
nba,2023,401468479,2022-11-30,Los Angeles Lakers,Portland Trail Blazers,LAL,POR,8-12,11-11,128,109,TRUE,Los Angeles Lakers,8-12,NA,NA,NA,NA,NA,NA,NA,NA,NA,NA,Los Angeles Lakers,8-12,Portland Trail Blazers,11-11,0.663,0.663,0.679,0.5272459499263624,0.4727540500736376,480,0,0,1,57,40146847975,75,1,5:00,2460,41,6,17,17,6,11,Trendon Watford defensive rebound
nba,2023,401468478,2022-11-30,Sacramento Kings,Indiana Pacers,SAC,IND,11-9,12-9,137,114,TRUE,Sacramento Kings,11-9,NA,NA,NA,NA,NA,NA,NA,NA,NA,NA,Sacramento Kings,11-9,Indiana Pacers,12-9,0.632,0.632,0.4449999999999999,0.17303370786516847,0.8269662921348315,531,0,0,2,7,40146847814,14,1,11:14,2834,47.233333333333334,1,5,5,1,4,Andrew Nembhard makes driving layup (Tyrese Haliburton assists)
nba,2023,401468475,2022-11-30,Denver Nuggets,Houston Rockets,DEN,HOU,14-7,5-16,120,100,TRUE,Denver Nuggets,14-7,NA,NA,NA,NA,NA,NA,NA,NA,NA,NA,Denver Nuggets,14-7,Houston Rockets,5-16,0.847,0.847,0.15300000000000002,0,1,456,0,0,1,1,4014684754,4,1,12:00,2880,48,0,0,0,0,0,Alperen Sengun vs. Nikola Jokic (Jamal Murray gains possession)
nba,2023,401468476,2022-11-30,Phoenix Suns,Chicago Bulls,PHX,CHI,15-6,9-12,132,113,TRUE,Phoenix Suns,15-6,NA,NA,NA,NA,NA,NA,NA,NA,NA,NA,Phoenix Suns,15-6,Chicago Bulls,9-12,0.703,0.703,0.31499999999999995,0.05714285714285683,0.9428571428571432,466,0,0,1,3,4014684768,8,1,11:44,2864,47.733333333333334,0,0,0,0,0,DeMar DeRozan defensive rebound
nba,2023,401468477,2022-11-30,Utah Jazz,LA Clippers,UTAH,LAC,13-11,13-10,125,112,TRUE,Utah Jazz,13-11,NA,NA,NA,NA,NA,NA,NA,NA,NA,NA,Utah Jazz,13-11,LA Clippers,13-10,0.705,0.705,0.518,0.4305019305019304,0.5694980694980696,494,0,0,1,226,401468477332,332,3,11:05,1385,23.083333333333332,60,63,63,60,3,Marcus Morris Sr. defensive rebound
nba,2023,401468472,2022-11-30,Minnesota Timberwolves,Memphis Grizzlies,MIN,MEM,11-11,12-9,109,101,TRUE,Memphis Grizzlies,12-9,NA,NA,NA,NA,NA,NA,NA,NA,NA,NA,Minnesota Timberwolves,11-11,Memphis Grizzlies,12-9,0.437,0.563,0.783,0.722860791826309,0.277139208173691,509,0,0,1,34,40146847250,50,1,7:44,2624,43.733333333333334,2,11,11,2,9,Steven Adams defensive rebound
nba,2023,401468473,2022-11-30,New Orleans Pelicans,Toronto Raptors,NO,TOR,13-8,11-10,126,108,TRUE,New Orleans Pelicans,13-8,NA,NA,NA,NA,NA,NA,NA,NA,NA,NA,New Orleans Pelicans,13-8,Toronto Raptors,11-10,0.519,0.519,0.633,0.4202211690363349,0.5797788309636651,464,0,0,1,12,40146847320,20,1,10:00,2760,46,3,9,9,3,6,Pascal Siakam makes two point shot
nba,2023,401468474,2022-11-30,Oklahoma City Thunder,San Antonio Spurs,OKC,SA,9-13,6-16,119,111,TRUE,Oklahoma City Thunder,9-13,NA,NA,NA,NA,NA,NA,NA,NA,NA,NA,Oklahoma City Thunder,9-13,San Antonio Spurs,6-16,0.604,0.604,0.953,0.9506820566631689,0.04931794333683115,502,0,0,1,245,401468474374,374,3,11:47,1427,23.783333333333335,60,80,80,60,20,Devin Vassell makes 28-foot three point jumper (Keldon Johnson assists)
nba,2023,401468469,2022-11-30,Boston Celtics,Miami Heat,BOS,MIA,18-4,10-12,134,121,TRUE,Boston Celtics,18-4,NA,NA,NA,NA,NA,NA,NA,NA,NA,NA,Boston Celtics,18-4,Miami Heat,10-12,0.844,0.844,0.33899999999999997,0.5398230088495575,0.4601769911504425,427,0,0,1,341,401468469496,496,4,10:36,636,10.6,102,100,100,102,-2,Malcolm Brogdon traveling
nba,2023,401468470,2022-11-30,Brooklyn Nets,Washington Wizards,BKN,WSH,12-11,11-11,113,107,TRUE,Brooklyn Nets,12-11,NA,NA,NA,NA,NA,NA,NA,NA,NA,NA,Brooklyn Nets,12-11,Washington Wizards,11-11,0.59,0.59,0.512,0.19921875,0.80078125,491,0,0,1,158,401468470218,218,2,7:31,1891,31.516666666666666,35,37,37,35,2,Daniel Gafford offensive rebound
nba,2023,401468471,2022-11-30,New York Knicks,Milwaukee Bucks,NY,MIL,10-12,15-5,103,109,FALSE,Milwaukee Bucks,15-5,NA,NA,NA,NA,NA,NA,NA,NA,NA,NA,Milwaukee Bucks,15-5,New York Knicks,10-12,0.416,0.5840000000000001,0.639,0.43505477308294216,0.5649452269170578,492,0,0,1,464,401468471648,648,4,47.6,47.6,0.7933333333333333,102,103,102,103,-1,Jrue Holiday shooting foul
nba,2023,401468467,2022-11-30,Cleveland Cavaliers,Philadelphia 76ers,CLE,PHI,14-8,12-10,113,85,TRUE,Cleveland Cavaliers,14-8,NA,NA,NA,NA,NA,NA,NA,NA,NA,NA,Cleveland Cavaliers,14-8,Philadelphia 76ers,12-10,0.51,0.51,0.6639999999999999,0.49397590361445776,0.5060240963855422,388,0,0,1,19,40146846731,31,1,9:10,2710,45.166666666666664,2,9,9,2,7,Darius Garland misses pullup jump shot
nba,2023,401468468,2022-11-30,Orlando Magic,Atlanta Hawks,ORL,ATL,5-17,12-10,108,125,FALSE,Atlanta Hawks,12-10,NA,NA,NA,NA,NA,NA,NA,NA,NA,NA,Atlanta Hawks,12-10,Orlando Magic,5-17,0.274,0.726,0.301,0.08970099667774079,0.9102990033222592,449,0,0,1,4,40146846810,10,1,11:13,2833,47.21666666666667,4,2,4,2,2,Markelle Fultz makes 8-foot hook shot
nba,2023,401468466,2022-11-29,Portland Trail Blazers,LA Clippers,POR,LAC,11-10,13-9,112,118,FALSE,Portland Trail Blazers,11-10,NA,NA,NA,NA,NA,NA,NA,NA,NA,NA,LA Clippers,13-9,Portland Trail Blazers,11-10,0.572,0.572,0.986,0.9858012170385396,0.01419878296146048,462,0,0,6,306,401468466432,432,3,3:13,913,15.216666666666669,91,71,91,71,20,Anfernee Simons makes 26-foot three pointer
nba,2023,401468465,2022-11-29,Dallas Mavericks,Golden State Warriors,DAL,GS,10-10,11-11,116,113,TRUE,Dallas Mavericks,10-10,NA,NA,NA,NA,NA,NA,NA,NA,NA,NA,Dallas Mavericks,10-10,Golden State Warriors,11-11,0.559,0.559,0.727,0.6244841815680879,0.37551581843191206,501,0,0,1,405,401468465576,576,4,9:25,565,9.416666666666666,96,100,100,96,4,Jordan Poole defensive rebound
nba,2023,401468464,2022-11-29,Detroit Pistons,New York Knicks,DET,NY,5-18,10-11,110,140,FALSE,New York Knicks,10-11,NA,NA,NA,NA,NA,NA,NA,NA,NA,NA,New York Knicks,10-11,Detroit Pistons,5-18,0.348,0.652,0.417,0.16546762589928057,0.8345323741007195,446,0,0,1,124,401468464181,181,2,8:08,1928,32.13333333333333,45,44,45,44,1,Jalen Duren makes 4-foot dunk (Cory Joseph assists)
nba,2023,401468463,2022-11-28,Los Angeles Lakers,Indiana Pacers,LAL,IND,7-12,12-8,115,116,FALSE,Los Angeles Lakers,7-12,NA,NA,NA,NA,NA,NA,NA,NA,NA,NA,Indiana Pacers,12-8,Los Angeles Lakers,7-12,0.556,0.556,0.992,0.9919354838709676,0.00806451612903225,509,0,0,1,403,401468463564,564,4,9:45,585,9.75,101,84,101,84,17,LeBron James defensive rebound
nba,2023,401468462,2022-11-28,Sacramento Kings,Phoenix Suns,SAC,PHX,10-9,14-6,117,122,FALSE,Sacramento Kings,10-9,NA,NA,NA,NA,NA,NA,NA,NA,NA,NA,Phoenix Suns,14-6,Sacramento Kings,10-9,0.516,0.516,0.72,0.6111111111111112,0.3888888888888888,448,0,0,2,388,401468462573,573,4,6:14,374,6.233333333333333,103,101,103,101,2,Malik Monk makes free throw 1 of 2
nba,2023,401468460,2022-11-28,Denver Nuggets,Houston Rockets,DEN,HOU,13-7,5-15,129,113,TRUE,Denver Nuggets,13-7,NA,NA,NA,NA,NA,NA,NA,NA,NA,NA,Denver Nuggets,13-7,Houston Rockets,5-15,0.827,0.827,0.32899999999999996,0.47416413373860167,0.5258358662613983,459,0,0,1,146,401468460209,209,2,8:14,1934,32.233333333333334,46,47,47,46,1,DeAndre Jordan shooting foul
nba,2023,401468461,2022-11-28,Utah Jazz,Chicago Bulls,UTAH,CHI,12-11,9-11,107,114,FALSE,Utah Jazz,12-11,NA,NA,NA,NA,NA,NA,NA,NA,NA,NA,Chicago Bulls,9-11,Utah Jazz,12-11,0.586,0.586,0.858,0.8344988344988344,0.16550116550116556,447,0,0,1,161,401468461228,228,2,5:16,1756,29.266666666666666,48,38,48,38,10,Patrick Williams shooting foul
nba,2023,401468459,2022-11-28,New Orleans Pelicans,Oklahoma City Thunder,NO,OKC,12-8,8-13,105,101,TRUE,New Orleans Pelicans,12-8,NA,NA,NA,NA,NA,NA,NA,NA,NA,NA,New Orleans Pelicans,12-8,Oklahoma City Thunder,8-13,0.75,0.75,0.646,0.6130030959752322,0.38699690402476783,492,0,0,1,463,401468459645,645,4,1:28,88,1.4666666666666666,97,97,97,97,0,Shai Gilgeous-Alexander makes free throw 1 of 2
nba,2023,401468456,2022-11-28,Boston Celtics,Charlotte Hornets,BOS,CHA,17-4,6-15,140,105,TRUE,Boston Celtics,17-4,NA,NA,NA,NA,NA,NA,NA,NA,NA,NA,Boston Celtics,17-4,Charlotte Hornets,6-15,0.836,0.836,0.16800000000000004,0.02380952380952383,0.9761904761904762,418,0,0,1,12,40146845620,20,1,10:05,2765,46.083333333333336,5,4,4,5,-1,Marcus Smart misses 27-foot three point jumper
nba,2023,401468457,2022-11-28,Brooklyn Nets,Orlando Magic,BKN,ORL,11-11,5-16,109,102,TRUE,Brooklyn Nets,11-11,NA,NA,NA,NA,NA,NA,NA,NA,NA,NA,Brooklyn Nets,11-11,Orlando Magic,5-16,0.88,0.88,0.422,0.7156398104265403,0.28436018957345965,429,0,0,1,89,401468457125,125,1,1:56,2276,37.93333333333333,18,28,28,18,10,Gary Harris offensive rebound
nba,2023,401468458,2022-11-28,Toronto Raptors,Cleveland Cavaliers,TOR,CLE,11-9,13-8,100,88,TRUE,Toronto Raptors,11-9,NA,NA,NA,NA,NA,NA,NA,NA,NA,NA,Toronto Raptors,11-9,Cleveland Cavaliers,13-8,0.63,0.63,0.472,0.21610169491525424,0.7838983050847458,443,0,0,1,50,40146845867,67,1,5:45,2505,41.75,11,14,14,11,3,Isaac Okoro offensive rebound
nba,2023,401468454,2022-11-28,Philadelphia 76ers,Atlanta Hawks,PHI,ATL,12-9,11-10,104,101,TRUE,Philadelphia 76ers,12-9,NA,NA,NA,NA,NA,NA,NA,NA,NA,NA,Philadelphia 76ers,12-9,Atlanta Hawks,11-10,0.562,0.562,0.896,0.8839285714285714,0.1160714285714286,463,0,0,1,196,401468454293,293,2,3:32,1652,27.533333333333335,36,51,51,36,15,Clint Capela makes free throw 1 of 2
nba,2023,401468455,2022-11-28,Washington Wizards,Minnesota Timberwolves,WSH,MIN,11-10,10-11,142,127,TRUE,Washington Wizards,11-10,NA,NA,NA,NA,NA,NA,NA,NA,NA,NA,Washington Wizards,11-10,Minnesota Timberwolves,10-11,0.571,0.571,0.4290000000000001,0,1,495,0,0,1,1,4014684554,4,1,12:00,2880,48,0,0,0,0,0,Rudy Gobert vs. Kristaps Porzingis (Kyle Kuzma gains possession)
nba,2023,401468453,2022-11-27,Milwaukee Bucks,Dallas Mavericks,MIL,DAL,14-5,9-10,124,115,TRUE,Milwaukee Bucks,14-5,NA,NA,NA,NA,NA,NA,NA,NA,NA,NA,Milwaukee Bucks,14-5,Dallas Mavericks,9-10,0.661,0.661,0.38,0.10789473684210538,0.8921052631578946,452,0,0,1,261,401468453390,390,3,5:56,1076,17.933333333333334,86,85,85,86,-1,Spencer Dinwiddie makes driving layup
nba,2023,401468449,2022-11-27,Boston Celtics,Washington Wizards,BOS,WSH,16-4,10-10,130,121,TRUE,Boston Celtics,16-4,NA,NA,NA,NA,NA,NA,NA,NA,NA,NA,Boston Celtics,16-4,Washington Wizards,10-10,0.746,0.746,0.30400000000000005,0.16447368421052644,0.8355263157894736,436,0,0,1,50,40146844971,71,1,6:15,2535,42.25,14,16,16,14,2,Kristaps Porzingis makes two point shot (Bradley Beal assists)
nba,2023,401468450,2022-11-27,Detroit Pistons,Cleveland Cavaliers,DET,CLE,5-17,13-7,94,102,FALSE,Cleveland Cavaliers,13-7,NA,NA,NA,NA,NA,NA,NA,NA,NA,NA,Cleveland Cavaliers,13-7,Detroit Pistons,5-17,0.211,0.789,0.708,0.7019774011299436,0.29802259887005644,474,0,0,1,349,401468450496,496,3,29.2,749.2,12.486666666666668,77,73,77,73,4,Dean Wade loose ball foul
nba,2023,401468451,2022-11-27,New York Knicks,Memphis Grizzlies,NY,MEM,9-11,12-8,123,127,FALSE,Memphis Grizzlies,12-8,NA,NA,NA,NA,NA,NA,NA,NA,NA,NA,Memphis Grizzlies,12-8,New York Knicks,9-11,0.423,0.577,0.66,0.48484848484848486,0.5151515151515151,500,0,0,1,474,401468451675,675,4,15.8,15.8,0.26333333333333336,123,122,123,122,1,Mitchell Robinson blocks Ja Morant 's 3-foot driving layup
nba,2023,401468452,2022-11-27,Orlando Magic,Philadelphia 76ers,ORL,PHI,5-15,11-9,103,133,FALSE,Philadelphia 76ers,11-9,NA,NA,NA,NA,NA,NA,NA,NA,NA,NA,Philadelphia 76ers,11-9,Orlando Magic,5-15,0.427,0.573,0.637,0.4301412872841443,0.5698587127158556,422,0,0,2,79,401468452118,118,1,2:34,2314,38.56666666666667,29,23,29,23,6,Georges Niang shooting foul
nba,2023,401468448,2022-11-27,Atlanta Hawks,Miami Heat,ATL,MIA,11-9,10-11,98,106,FALSE,Atlanta Hawks,11-9,NA,NA,NA,NA,NA,NA,NA,NA,NA,NA,Miami Heat,10-11,Atlanta Hawks,11-9,0.689,0.689,0.867,0.8465974625144175,0.15340253748558252,419,0,0,1,189,401468448272,272,2,2:19,1579,26.316666666666663,56,45,56,45,11,John Collins makes 10-foot two point shot (Trae Young assists)
nba,2023,401468447,2022-11-27,LA Clippers,Indiana Pacers,LAC,IND,12-9,11-8,114,100,TRUE,LA Clippers,12-9,NA,NA,NA,NA,NA,NA,NA,NA,NA,NA,LA Clippers,12-9,Indiana Pacers,11-8,0.533,0.533,0.683,0.5358711566617864,0.4641288433382136,514,0,0,1,79,401468447120,120,1,3:16,2356,39.266666666666666,19,27,27,19,8,Myles Turner makes 23-foot three point jumper (T.J. McConnell assists)
nba,2023,401468446,2022-11-27,Minnesota Timberwolves,Golden State Warriors,MIN,GS,10-10,11-10,114,137,FALSE,Golden State Warriors,11-10,NA,NA,NA,NA,NA,NA,NA,NA,NA,NA,Golden State Warriors,11-10,Minnesota Timberwolves,10-10,0.455,0.5449999999999999,0.48,0.05208333333333315,0.9479166666666669,480,0,0,1,34,40146844650,50,1,7:51,2631,43.85,13,12,13,12,1,Anthony Edwards makes 7-foot driving floating jump shot
nba,2023,401468445,2022-11-27,Brooklyn Nets,Portland Trail Blazers,BKN,POR,10-11,11-9,111,97,TRUE,Brooklyn Nets,10-11,NA,NA,NA,NA,NA,NA,NA,NA,NA,NA,Brooklyn Nets,10-11,Portland Trail Blazers,11-9,0.773,0.773,0.508,0.5531496062992127,0.4468503937007873,417,0,0,1,155,401468445223,223,2,5:32,1772,29.533333333333335,37,42,42,37,5,Cam Thomas shooting foul
nba,2023,401468444,2022-11-26,Phoenix Suns,Utah Jazz,PHX,UTAH,13-6,12-10,113,112,TRUE,Phoenix Suns,13-6,NA,NA,NA,NA,NA,NA,NA,NA,NA,NA,Phoenix Suns,13-6,Utah Jazz,12-10,0.674,0.674,0.694,0.5590778097982707,0.4409221902017293,451,0,0,1,100,401468444142,142,1,36.7,2196.7,36.611666666666665,22,32,32,22,10,Lauri Markkanen makes free throw 1 of 2
nba,2023,401468442,2022-11-26,Houston Rockets,Oklahoma City Thunder,HOU,OKC,5-14,8-12,118,105,TRUE,Houston Rockets,5-14,NA,NA,NA,NA,NA,NA,NA,NA,NA,NA,Houston Rockets,5-14,Oklahoma City Thunder,8-12,0.514,0.514,0.554,0.19494584837545137,0.8050541516245486,479,0,0,2,92,401468442126,126,1,1:19,2239,37.31666666666667,20,20,20,20,0,Usman Garuba personal foul
nba,2023,401468443,2022-11-26,San Antonio Spurs,Los Angeles Lakers,SA,LAL,6-15,7-11,138,143,FALSE,Los Angeles Lakers,7-11,NA,NA,NA,NA,NA,NA,NA,NA,NA,NA,Los Angeles Lakers,7-11,San Antonio Spurs,6-15,0.488,0.512,0.784,0.7244897959183674,0.2755102040816326,512,0,0,1,161,401468443238,238,2,7:24,1884,31.4,52,41,52,41,11,Malaki Branham makes 24-foot three point jumper (Romeo Langford assists)
nba,2023,401468441,2022-11-26,Toronto Raptors,Dallas Mavericks,TOR,DAL,10-9,9-9,105,100,TRUE,Dallas Mavericks,9-9,NA,NA,NA,NA,NA,NA,NA,NA,NA,NA,Toronto Raptors,10-9,Dallas Mavericks,9-9,0.401,0.599,0.895,0.8826815642458101,0.11731843575418988,457,0,0,1,55,40146844182,82,1,4:54,2454,40.9,7,21,21,7,14,Christian Koloko shooting foul
nba,2023,401468440,2022-11-25,LA Clippers,Denver Nuggets,LAC,DEN,11-9,12-7,104,114,FALSE,Denver Nuggets,12-7,NA,NA,NA,NA,NA,NA,NA,NA,NA,NA,Denver Nuggets,12-7,LA Clippers,11-9,0.497,0.503,0.527,0.10246679316888052,0.8975332068311195,446,0,0,2,2,4014684407,7,1,11:36,2856,47.6,2,0,2,0,2,Marcus Morris Sr. makes 19-foot pullup jump shot (Amir Coffey assists)
nba,2023,401468439,2022-11-25,Golden State Warriors,Utah Jazz,GS,UTAH,10-10,12-9,129,118,TRUE,Golden State Warriors,10-10,NA,NA,NA,NA,NA,NA,NA,NA,NA,NA,Golden State Warriors,10-10,Utah Jazz,12-9,0.692,0.692,0.44099999999999995,0.3015873015873014,0.6984126984126986,457,0,0,1,261,401468439380,380,3,7:26,1166,19.433333333333337,70,71,71,70,1,Lauri Markkanen makes three point jumper (Collin Sexton assists)
nba,2023,401468438,2022-11-25,Phoenix Suns,Detroit Pistons,PHX,DET,12-6,5-16,108,102,TRUE,Phoenix Suns,12-6,NA,NA,NA,NA,NA,NA,NA,NA,NA,NA,Phoenix Suns,12-6,Detroit Pistons,5-16,0.886,0.886,0.486,0.7654320987654322,0.23456790123456783,466,0,0,1,406,401468438566,566,4,4:34,274,4.566666666666666,95,93,93,95,-2,Mikal Bridges personal foul
nba,2023,401468430,2022-11-25,Boston Celtics,Sacramento Kings,BOS,SAC,15-4,10-8,122,104,TRUE,Boston Celtics,15-4,NA,NA,NA,NA,NA,NA,NA,NA,NA,NA,Boston Celtics,15-4,Sacramento Kings,10-8,0.775,0.775,0.679,0.6686303387334316,0.3313696612665684,482,0,0,3,330,401468430470,470,3,3:50,950,15.833333333333334,78,84,84,78,6,Jayson Tatum offensive charge
nba,2023,401468431,2022-11-25,Indiana Pacers,Brooklyn Nets,IND,BKN,11-7,9-11,128,117,TRUE,Brooklyn Nets,9-11,NA,NA,NA,NA,NA,NA,NA,NA,NA,NA,Indiana Pacers,11-7,Brooklyn Nets,9-11,0.431,0.569,0.883,0.8674971687429218,0.13250283125707818,457,0,0,1,309,401468431446,446,3,51.8,771.8,12.863333333333332,84,94,94,84,10,Seth Curry makes 13-foot pullup jump shot
nba,2023,401468432,2022-11-25,Miami Heat,Washington Wizards,MIA,WSH,9-11,10-9,110,107,TRUE,Miami Heat,9-11,NA,NA,NA,NA,NA,NA,NA,NA,NA,NA,Miami Heat,9-11,Washington Wizards,10-9,0.562,0.562,0.8160000000000001,0.7745098039215688,0.22549019607843124,468,0,0,1,386,401468432571,571,4,7:25,445,7.416666666666667,91,96,96,91,5,Kristaps Porzingis defensive rebound
nba,2023,401468433,2022-11-25,Houston Rockets,Atlanta Hawks,HOU,ATL,4-14,11-8,128,122,TRUE,Atlanta Hawks,11-8,NA,NA,NA,NA,NA,NA,NA,NA,NA,NA,Houston Rockets,4-14,Atlanta Hawks,11-8,0.346,0.654,0.962,0.9604989604989604,0.03950103950103956,519,0,0,2,300,401468433433,433,3,6:35,1115,18.583333333333332,74,90,90,74,16,Double technical foul: Jabari Smith Jr. and Dejounte Murray
nba,2023,401468434,2022-11-25,Memphis Grizzlies,New Orleans Pelicans,MEM,NO,11-8,11-8,132,111,TRUE,Memphis Grizzlies,11-8,NA,NA,NA,NA,NA,NA,NA,NA,NA,NA,Memphis Grizzlies,11-8,New Orleans Pelicans,11-8,0.558,0.558,0.462,0.04329004329004338,0.9567099567099566,480,0,0,1,4,4014684349,9,1,11:37,2857,47.61666666666667,0,0,0,0,0,Jonas Valanciunas defensive rebound
nba,2023,401468435,2022-11-25,Milwaukee Bucks,Cleveland Cavaliers,MIL,CLE,13-5,12-7,117,102,TRUE,Cleveland Cavaliers,12-7,NA,NA,NA,NA,NA,NA,NA,NA,NA,NA,Milwaukee Bucks,13-5,Cleveland Cavaliers,12-7,0.473,0.527,0.913,0.904709748083242,0.095290251916758,471,0,0,1,195,401468435286,286,2,4:33,1713,28.55,35,51,51,35,16,Dean Wade defensive rebound
nba,2023,401468436,2022-11-25,Oklahoma City Thunder,Chicago Bulls,OKC,CHI,8-11,8-11,123,119,TRUE,Chicago Bulls,8-11,NA,NA,NA,NA,NA,NA,NA,NA,NA,NA,Oklahoma City Thunder,8-11,Chicago Bulls,8-11,0.46,0.54,0.873,0.8545246277205041,0.14547537227949592,531,0,0,2,450,401468436649,649,4,2:20,440,7.333333333333333,104,108,108,104,4,Alex Caruso kicked ball violation
nba,2023,401468437,2022-11-25,San Antonio Spurs,Los Angeles Lakers,SA,LAL,6-14,6-11,94,105,FALSE,Los Angeles Lakers,6-11,NA,NA,NA,NA,NA,NA,NA,NA,NA,NA,Los Angeles Lakers,6-11,San Antonio Spurs,6-14,0.393,0.607,0.393,0,1,487,0,0,1,1,4014684374,4,1,12:00,2880,48,0,0,0,0,0,Anthony Davis vs. Jakob Poeltl (LeBron James gains possession)
nba,2023,401468429,2022-11-25,New York Knicks,Portland Trail Blazers,NY,POR,9-10,11-8,129,132,FALSE,New York Knicks,9-10,NA,NA,NA,NA,NA,NA,NA,NA,NA,NA,Portland Trail Blazers,11-8,New York Knicks,9-10,0.69,0.69,0.919,0.911860718171926,0.08813928182807396,552,0,0,3,169,401468429244,244,2,6:25,2125,35.416666666666664,50,37,50,37,13,Josh Hart shooting foul
nba,2023,401468428,2022-11-25,Orlando Magic,Philadelphia 76ers,ORL,PHI,5-14,10-9,99,107,FALSE,Philadelphia 76ers,10-9,NA,NA,NA,NA,NA,NA,NA,NA,NA,NA,Philadelphia 76ers,10-9,Orlando Magic,5-14,0.465,0.5349999999999999,0.701,0.5734664764621968,0.4265335235378032,430,0,0,1,212,401468428313,313,3,10:59,1379,22.983333333333334,58,52,58,52,6,Tobias Harris misses 27-foot three point pullup jump shot
nba,2023,401468427,2022-11-25,Charlotte Hornets,Minnesota Timberwolves,CHA,MIN,6-14,10-9,110,108,TRUE,Minnesota Timberwolves,10-9,NA,NA,NA,NA,NA,NA,NA,NA,NA,NA,Charlotte Hornets,6-14,Minnesota Timberwolves,10-9,0.441,0.5589999999999999,0.858,0.8344988344988344,0.16550116550116556,504,0,0,1,205,401468427291,291,2,3:50,1670,27.833333333333332,41,53,53,41,12,Karl-Anthony Towns blocks Terry Rozier's driving layup
nba,2023,401468426,2022-11-23,Golden State Warriors,LA Clippers,GS,LAC,9-10,11-8,124,107,TRUE,Golden State Warriors,9-10,NA,NA,NA,NA,NA,NA,NA,NA,NA,NA,Golden State Warriors,9-10,LA Clippers,11-8,0.769,0.769,0.34099999999999997,0.32258064516129026,0.6774193548387097,475,0,0,2,43,40146842667,67,1,5:41,2501,41.68333333333333,15,17,17,15,2,Reggie Jackson makes free throw 1 of 2
nba,2023,401468425,2022-11-23,Utah Jazz,Detroit Pistons,UTAH,DET,12-8,5-15,116,125,FALSE,Utah Jazz,12-8,NA,NA,NA,NA,NA,NA,NA,NA,NA,NA,Detroit Pistons,5-15,Utah Jazz,12-8,0.844,0.844,0.844,0.8151658767772512,0.18483412322274884,431,0,0,1,1,4014684254,4,1,12:00,2880,48,0,0,0,0,0,Marvin Bagley III vs. Kelly Olynyk (Killian Hayes gains possession)
nba,2023,401468422,2022-11-23,Milwaukee Bucks,Chicago Bulls,MIL,CHI,12-5,8-10,113,118,FALSE,Milwaukee Bucks,12-5,NA,NA,NA,NA,NA,NA,NA,NA,NA,NA,Chicago Bulls,8-10,Milwaukee Bucks,12-5,0.726,0.726,0.889,0.875140607424072,0.12485939257592804,482,0,0,1,173,401468422254,254,2,6:30,1830,30.5,50,38,50,38,12,Wesley Matthews makes 27-foot three point shot (Jevon Carter assists)
nba,2023,401468423,2022-11-23,Oklahoma City Thunder,Denver Nuggets,OKC,DEN,7-11,11-7,126,131,FALSE,Denver Nuggets,11-7,NA,NA,NA,NA,NA,NA,NA,NA,NA,NA,Denver Nuggets,11-7,Oklahoma City Thunder,7-11,0.492,0.508,0.967,0.965873836608066,0.03412616339193386,540,0,0,1,358,401468423517,517,4,11:43,1003,16.716666666666665,99,84,99,84,15,Josh Giddey makes driving layup
nba,2023,401468424,2022-11-23,San Antonio Spurs,New Orleans Pelicans,SA,NO,6-13,11-7,110,129,FALSE,New Orleans Pelicans,11-7,NA,NA,NA,NA,NA,NA,NA,NA,NA,NA,New Orleans Pelicans,11-7,San Antonio Spurs,6-13,0.271,0.729,0.274,0.01094890510948909,0.9890510948905108,490,0,0,1,7,40146842412,12,1,11:25,2845,47.416666666666664,0,0,0,0,0,Jakob Poeltl defensive rebound
nba,2023,401468418,2022-11-23,Atlanta Hawks,Sacramento Kings,ATL,SAC,11-7,10-7,115,106,TRUE,Atlanta Hawks,11-7,NA,NA,NA,NA,NA,NA,NA,NA,NA,NA,Atlanta Hawks,11-7,Sacramento Kings,10-7,0.648,0.648,0.423,0.1678486997635935,0.8321513002364065,488,0,0,1,16,40146841824,24,1,9:54,2754,45.9,2,4,4,2,2,John Collins misses 24-foot three point jumper
nba,2023,401468419,2022-11-23,Boston Celtics,Dallas Mavericks,BOS,DAL,14-4,9-8,125,112,TRUE,Boston Celtics,14-4,NA,NA,NA,NA,NA,NA,NA,NA,NA,NA,Boston Celtics,14-4,Dallas Mavericks,9-8,0.638,0.638,0.392,0.07653061224489799,0.923469387755102,430,0,0,1,4,40146841910,10,1,11:10,2830,47.166666666666664,3,5,5,3,2,Reggie Bullock makes 27-foot three point jumper (Luka Doncic assists)
nba,2023,401468420,2022-11-23,Miami Heat,Washington Wizards,MIA,WSH,8-11,10-8,113,105,TRUE,Washington Wizards,10-8,NA,NA,NA,NA,NA,NA,NA,NA,NA,NA,Miami Heat,8-11,Washington Wizards,10-8,0.471,0.529,0.746,0.6595174262734584,0.34048257372654156,465,0,0,1,24,40146842037,37,1,9:11,2711,45.18333333333333,2,11,11,2,9,Kyle Lowry bad pass (Corey Kispert steals)
nba,2023,401468421,2022-11-23,Toronto Raptors,Brooklyn Nets,TOR,BKN,9-9,9-10,98,112,FALSE,Toronto Raptors,9-9,NA,NA,NA,NA,NA,NA,NA,NA,NA,NA,Brooklyn Nets,9-10,Toronto Raptors,9-9,0.597,0.597,0.639,0.43505477308294216,0.5649452269170578,472,0,0,1,18,40146842128,28,1,10:00,2760,46,6,5,6,5,1,Thaddeus Young defensive rebound
nba,2023,401468415,2022-11-23,Charlotte Hornets,Philadelphia 76ers,CHA,PHI,5-14,9-9,107,101,TRUE,Charlotte Hornets,5-14,NA,NA,NA,NA,NA,NA,NA,NA,NA,NA,Charlotte Hornets,5-14,Philadelphia 76ers,9-9,0.589,0.589,0.8,0.75,0.25,469,0,0,1,129,401468415182,182,2,10:34,2074,34.56666666666667,24,37,37,24,13,P.J. Tucker defensive rebound
nba,2023,401468416,2022-11-23,Cleveland Cavaliers,Portland Trail Blazers,CLE,POR,12-6,10-8,114,96,TRUE,Cleveland Cavaliers,12-6,NA,NA,NA,NA,NA,NA,NA,NA,NA,NA,Cleveland Cavaliers,12-6,Portland Trail Blazers,10-8,0.834,0.834,0.31599999999999995,0.4746835443037972,0.5253164556962028,420,0,0,5,36,40146841653,53,1,5:41,2501,41.68333333333333,10,15,15,10,5,Jerami Grant kicked ball violation
nba,2023,401468417,2022-11-23,Indiana Pacers,Minnesota Timberwolves,IND,MIN,10-7,10-8,101,115,FALSE,Minnesota Timberwolves,10-8,NA,NA,NA,NA,NA,NA,NA,NA,NA,NA,Minnesota Timberwolves,10-8,Indiana Pacers,10-7,0.495,0.505,0.517,0.06576402321083186,0.934235976789168,452,0,0,1,206,401468417307,307,2,2:24,1584,26.4,46,45,46,45,1,Buddy Hield makes 24-foot three point shot (Tyrese Haliburton assists)
nba,2023,401468414,2022-11-22,Phoenix Suns,Los Angeles Lakers,PHX,LAL,11-6,5-11,115,105,TRUE,Phoenix Suns,11-6,NA,NA,NA,NA,NA,NA,NA,NA,NA,NA,Phoenix Suns,11-6,Los Angeles Lakers,5-11,0.807,0.807,0.477,0.5953878406708597,0.4046121593291403,477,0,0,1,226,401468414316,316,2,7.5,1447.5,24.125,51,54,54,51,3,Anthony Davis makes free throw 2 of 3
nba,2023,401468413,2022-11-22,Denver Nuggets,Detroit Pistons,DEN,DET,10-7,4-15,108,110,FALSE,Denver Nuggets,10-7,NA,NA,NA,NA,NA,NA,NA,NA,NA,NA,Detroit Pistons,4-15,Denver Nuggets,10-7,0.838,0.838,0.871,0.8518943742824341,0.14810562571756591,462,0,0,1,59,40146841388,88,1,4:28,2428,40.46666666666667,21,16,21,16,5,Nikola Jokic makes two point shot (Michael Porter Jr. assists)
nba,2023,401468412,2022-11-22,Memphis Grizzlies,Sacramento Kings,MEM,SAC,10-8,10-6,109,113,FALSE,Memphis Grizzlies,10-8,NA,NA,NA,NA,NA,NA,NA,NA,NA,NA,Sacramento Kings,10-6,Memphis Grizzlies,10-8,0.574,0.574,0.736,0.6413043478260869,0.3586956521739131,542,0,0,1,45,40146841264,64,1,7:13,2593,43.21666666666667,16,8,16,8,8,Santi Aldama makes 23-foot three point shot (Ja Morant assists)
nba,2023,401468411,2022-11-22,Philadelphia 76ers,Brooklyn Nets,PHI,BKN,9-8,8-10,115,106,TRUE,Brooklyn Nets,8-10,NA,NA,NA,NA,NA,NA,NA,NA,NA,NA,Philadelphia 76ers,9-8,Brooklyn Nets,8-10,0.457,0.5429999999999999,0.687,0.5443959243085881,0.4556040756914119,438,0,0,1,22,40146841137,37,1,8:36,2676,44.6,4,9,9,4,5,Ben Simmons makes free throw 1 of 2
nba,2023,401468410,2022-11-21,LA Clippers,Utah Jazz,LAC,UTAH,11-7,12-7,121,114,TRUE,LA Clippers,11-7,NA,NA,NA,NA,NA,NA,NA,NA,NA,NA,LA Clippers,11-7,Utah Jazz,12-7,0.559,0.559,0.8160000000000001,0.7745098039215688,0.22549019607843124,460,0,0,1,336,401468410485,485,4,11:43,703,11.716666666666669,88,93,93,88,5,Reggie Jackson shooting foul
nba,2023,401468405,2022-11-21,Chicago Bulls,Boston Celtics,CHI,BOS,7-10,13-4,121,107,TRUE,Boston Celtics,13-4,NA,NA,NA,NA,NA,NA,NA,NA,NA,NA,Chicago Bulls,7-10,Boston Celtics,13-4,0.253,0.747,0.7969999999999999,0.7452948557089083,0.2547051442910917,454,0,0,1,15,40146840522,22,1,10:21,2781,46.35,0,3,3,0,3,Jayson Tatum defensive rebound
nba,2023,401468406,2022-11-21,Milwaukee Bucks,Portland Trail Blazers,MIL,POR,12-4,10-7,119,111,TRUE,Milwaukee Bucks,12-4,NA,NA,NA,NA,NA,NA,NA,NA,NA,NA,Milwaukee Bucks,12-4,Portland Trail Blazers,10-7,0.763,0.763,0.523,0.5468451242829828,0.4531548757170172,471,0,0,4,162,401468406242,242,2,5:18,1758,29.3,46,50,50,46,4,Grayson Allen loose ball foul
nba,2023,401468407,2022-11-21,Minnesota Timberwolves,Miami Heat,MIN,MIA,9-8,7-11,105,101,TRUE,Minnesota Timberwolves,9-8,NA,NA,NA,NA,NA,NA,NA,NA,NA,NA,Minnesota Timberwolves,9-8,Miami Heat,7-11,0.773,0.773,0.898,0.8864142538975501,0.11358574610244988,494,0,0,1,273,401468407404,404,3,8:28,1228,20.466666666666665,53,67,67,53,14,Karl-Anthony Towns personal foul
nba,2023,401468408,2022-11-21,New Orleans Pelicans,Golden State Warriors,NO,GS,10-7,8-10,128,83,TRUE,New Orleans Pelicans,10-7,NA,NA,NA,NA,NA,NA,NA,NA,NA,NA,New Orleans Pelicans,10-7,Golden State Warriors,8-10,0.835,0.835,0.21099999999999997,0.21800947867298548,0.7819905213270145,440,0,0,1,6,40146840812,12,1,11:21,2841,47.35,0,2,2,0,2,Jonas Valanciunas shooting foul
nba,2023,401468409,2022-11-21,Oklahoma City Thunder,New York Knicks,OKC,NY,7-10,9-9,119,129,FALSE,Oklahoma City Thunder,7-10,NA,NA,NA,NA,NA,NA,NA,NA,NA,NA,New York Knicks,9-9,Oklahoma City Thunder,7-10,0.51,0.51,0.582,0.2817869415807559,0.7182130584192441,492,0,0,1,11,40146840921,21,1,10:07,2767,46.11666666666667,6,4,6,4,2,Josh Giddey defensive rebound
nba,2023,401468403,2022-11-21,Cleveland Cavaliers,Atlanta Hawks,CLE,ATL,11-6,10-7,114,102,TRUE,Cleveland Cavaliers,11-6,NA,NA,NA,NA,NA,NA,NA,NA,NA,NA,Cleveland Cavaliers,11-6,Atlanta Hawks,10-7,0.59,0.59,0.6659999999999999,0.4984984984984984,0.5015015015015016,435,0,0,1,240,401468403356,356,3,8:19,1219,20.316666666666663,66,71,71,66,5,Donovan Mitchell misses 24-foot three point jumper
nba,2023,401468404,2022-11-21,Indiana Pacers,Orlando Magic,IND,ORL,10-6,5-13,123,102,TRUE,Indiana Pacers,10-6,NA,NA,NA,NA,NA,NA,NA,NA,NA,NA,Indiana Pacers,10-6,Orlando Magic,5-13,0.721,0.721,0.458,0.390829694323144,0.609170305676856,485,0,0,1,134,401468404184,184,2,10:43,2083,34.71666666666667,27,31,31,27,4,Franz Wagner defensive rebound
nba,2023,401468402,2022-11-20,Los Angeles Lakers,San Antonio Spurs,LAL,SA,5-10,6-12,123,92,TRUE,Los Angeles Lakers,5-10,NA,NA,NA,NA,NA,NA,NA,NA,NA,NA,Los Angeles Lakers,5-10,San Antonio Spurs,6-12,0.698,0.698,0.361,0.1634349030470913,0.8365650969529087,468,0,0,1,23,40146840231,31,1,9:13,2713,45.21666666666667,2,4,4,2,2,Jeremy Sochan defensive rebound
nba,2023,401468401,2022-11-20,Dallas Mavericks,Denver Nuggets,DAL,DEN,9-7,10-6,97,98,FALSE,Dallas Mavericks,9-7,NA,NA,NA,NA,NA,NA,NA,NA,NA,NA,Denver Nuggets,10-6,Dallas Mavericks,9-7,0.846,0.846,0.875,0.8571428571428572,0.1428571428571428,430,0,0,1,9,40146840119,19,1,10:44,2804,46.733333333333334,2,0,2,0,2,Mavericks defensive team rebound
nba,2023,401468398,2022-11-20,Brooklyn Nets,Memphis Grizzlies,BKN,MEM,8-9,10-7,127,115,TRUE,Brooklyn Nets,8-9,NA,NA,NA,NA,NA,NA,NA,NA,NA,NA,Brooklyn Nets,8-9,Memphis Grizzlies,10-7,0.715,0.715,0.5569999999999999,0.4883303411131058,0.5116696588868942,488,0,0,1,244,401468398358,358,3,10:31,1351,22.516666666666666,62,67,67,62,5,Dillon Brooks makes two point shot
nba,2023,401468399,2022-11-20,Cleveland Cavaliers,Miami Heat,CLE,MIA,10-6,7-10,113,87,TRUE,Cleveland Cavaliers,10-6,NA,NA,NA,NA,NA,NA,NA,NA,NA,NA,Cleveland Cavaliers,10-6,Miami Heat,7-10,0.756,0.756,0.478,0.4895397489539749,0.5104602510460251,438,0,0,1,52,40146839975,75,1,5:52,2512,41.86666666666667,8,17,17,8,9,Bam Adebayo makes 11-foot pullup jump shot
nba,2023,401468400,2022-11-20,Houston Rockets,Golden State Warriors,HOU,GS,3-14,8-9,120,127,FALSE,Golden State Warriors,8-9,NA,NA,NA,NA,NA,NA,NA,NA,NA,NA,Golden State Warriors,8-9,Houston Rockets,3-14,0.222,0.778,0.645,0.6558139534883721,0.3441860465116279,458,0,0,1,199,401468400293,293,2,1:51,1551,25.85,60,53,60,53,7,Jalen Green makes free throw 1 of 2
nba,2023,401468396,2022-11-20,Washington Wizards,Charlotte Hornets,WSH,CHA,10-7,4-14,106,102,TRUE,Washington Wizards,10-7,NA,NA,NA,NA,NA,NA,NA,NA,NA,NA,Washington Wizards,10-7,Charlotte Hornets,4-14,0.673,0.673,0.626,0.4776357827476039,0.5223642172523961,505,0,0,1,344,401468396502,502,3,21.3,741.3,12.355,75,79,79,75,4,P.J. Washington makes layup (Dennis Smith Jr. assists)
nba,2023,401468397,2022-11-20,Sacramento Kings,Detroit Pistons,SAC,DET,9-6,3-15,137,129,TRUE,Sacramento Kings,9-6,NA,NA,NA,NA,NA,NA,NA,NA,NA,NA,Sacramento Kings,9-6,Detroit Pistons,3-15,0.854,0.854,0.835,0.8251497005988023,0.17485029940119767,466,0,0,2,375,401468397531,531,4,8:00,480,8,110,117,117,110,7,Kevin Knox II defensive rebound
nba,2023,401468395,2022-11-20,Phoenix Suns,New York Knicks,PHX,NY,10-6,8-9,116,95,TRUE,Phoenix Suns,10-6,NA,NA,NA,NA,NA,NA,NA,NA,NA,NA,Phoenix Suns,10-6,New York Knicks,8-9,0.679,0.679,0.4459999999999999,0.28026905829596416,0.7197309417040358,468,0,0,1,262,401468395365,365,3,8:53,1253,20.883333333333333,60,60,60,60,0,Knicks defensive team rebound
nba,2023,401468394,2022-11-19,LA Clippers,San Antonio Spurs,LAC,SA,10-7,6-11,119,97,TRUE,LA Clippers,10-7,NA,NA,NA,NA,NA,NA,NA,NA,NA,NA,LA Clippers,10-7,San Antonio Spurs,6-11,0.786,0.786,0.23,0.06956521739130439,0.9304347826086956,431,0,0,1,3,4014683948,8,1,11:30,2850,47.5,0,0,0,0,0,Jakob Poeltl defensive rebound
nba,2023,401468393,2022-11-19,Portland Trail Blazers,Utah Jazz,POR,UTAH,10-6,12-6,113,118,FALSE,Portland Trail Blazers,10-6,NA,NA,NA,NA,NA,NA,NA,NA,NA,NA,Utah Jazz,12-6,Portland Trail Blazers,10-6,0.534,0.534,0.818,0.7775061124694376,0.22249388753056243,467,0,0,1,67,40146839398,98,1,4:18,2418,40.3,21,9,21,9,12,Lauri Markkanen bad pass (Drew Eubanks steals)
nba,2023,401468392,2022-11-19,Philadelphia 76ers,Minnesota Timberwolves,PHI,MIN,8-8,8-8,109,112,FALSE,Philadelphia 76ers,8-8,NA,NA,NA,NA,NA,NA,NA,NA,NA,NA,Minnesota Timberwolves,8-8,Philadelphia 76ers,8-8,0.529,0.529,0.692,0.5549132947976878,0.4450867052023122,470,0,0,1,27,40146839240,40,1,8:05,2645,44.083333333333336,10,5,10,5,5,Rudy Gobert shooting foul
nba,2023,401468391,2022-11-19,Indiana Pacers,Orlando Magic,IND,ORL,9-6,5-12,114,113,TRUE,Indiana Pacers,9-6,NA,NA,NA,NA,NA,NA,NA,NA,NA,NA,Indiana Pacers,9-6,Orlando Magic,5-12,0.715,0.715,0.795,0.7421383647798743,0.25786163522012573,472,0,0,1,449,401468391634,634,4,1:43,103,1.7166666666666666,109,113,113,109,4,Franz Wagner makes 28-foot step back jumpshot
nba,2023,401468390,2022-11-19,Atlanta Hawks,Toronto Raptors,ATL,TOR,10-6,9-8,124,122,TRUE,Atlanta Hawks,10-6,NA,NA,NA,NA,NA,NA,NA,NA,NA,NA,Atlanta Hawks,10-6,Toronto Raptors,9-8,0.677,0.677,0.962,0.9604989604989604,0.03950103950103956,535,0,0,1,443,401468390643,643,4,2:36,456,7.6,101,108,108,101,7,Trae Young shooting foul
nba,2023,401468389,2022-11-18,Los Angeles Lakers,Detroit Pistons,LAL,DET,4-10,3-14,128,121,TRUE,Los Angeles Lakers,4-10,NA,NA,NA,NA,NA,NA,NA,NA,NA,NA,Los Angeles Lakers,4-10,Detroit Pistons,3-14,0.772,0.772,0.721,0.6837725381414702,0.3162274618585298,497,0,0,1,158,401468389232,232,2,8:19,1939,32.31666666666667,37,51,51,37,14,Killian Hayes makes 27-foot three point jumper
nba,2023,401468388,2022-11-18,Golden State Warriors,New York Knicks,GS,NY,7-9,8-8,111,101,TRUE,Golden State Warriors,7-9,NA,NA,NA,NA,NA,NA,NA,NA,NA,NA,Golden State Warriors,7-9,New York Knicks,8-8,0.741,0.741,0.32099999999999995,0.1931464174454827,0.8068535825545173,505,0,0,1,8,40146838814,14,1,11:22,2842,47.36666666666667,0,2,2,0,2,Jalen Brunson defensive rebound
nba,2023,401468387,2022-11-18,Utah Jazz,Phoenix Suns,UTAH,PHX,11-6,9-6,134,133,TRUE,Utah Jazz,11-6,NA,NA,NA,NA,NA,NA,NA,NA,NA,NA,Utah Jazz,11-6,Phoenix Suns,9-6,0.594,0.594,0.5409999999999999,0.24953789279112737,0.7504621072088726,489,0,0,1,412,401468387608,608,4,7:01,421,7.016666666666667,120,121,121,120,1,Jordan Clarkson misses 16-foot two point shot
nba,2023,401468385,2022-11-18,Dallas Mavericks,Denver Nuggets,DAL,DEN,9-6,9-6,127,99,TRUE,Dallas Mavericks,9-6,NA,NA,NA,NA,NA,NA,NA,NA,NA,NA,Dallas Mavericks,9-6,Denver Nuggets,9-6,0.827,0.827,0.30600000000000005,0.4346405228758169,0.5653594771241831,432,0,0,1,52,40146838576,76,1,4:59,2459,40.983333333333334,11,16,16,11,5,Jeff Green makes layup (Bones Hyland assists)
nba,2023,401468386,2022-11-18,New Orleans Pelicans,Boston Celtics,NO,BOS,9-7,13-3,109,117,FALSE,Boston Celtics,13-3,NA,NA,NA,NA,NA,NA,NA,NA,NA,NA,Boston Celtics,13-3,New Orleans Pelicans,9-7,0.432,0.5680000000000001,0.466,0.07296137339055808,0.927038626609442,420,0,0,1,6,40146838613,13,1,10:51,2811,46.85,4,3,4,3,1,Jonas Valanciunas defensive rebound
nba,2023,401468382,2022-11-18,Chicago Bulls,Orlando Magic,CHI,ORL,6-10,5-11,107,108,FALSE,Chicago Bulls,6-10,NA,NA,NA,NA,NA,NA,NA,NA,NA,NA,Orlando Magic,5-11,Chicago Bulls,6-10,0.719,0.719,0.934,0.929336188436831,0.07066381156316903,456,0,0,1,446,401468382648,648,4,12.2,12.2,0.2033333333333333,107,105,107,105,2,Gary Harris personal foul
nba,2023,401468383,2022-11-18,Houston Rockets,Indiana Pacers,HOU,IND,3-13,8-6,91,99,FALSE,Indiana Pacers,8-6,NA,NA,NA,NA,NA,NA,NA,NA,NA,NA,Indiana Pacers,8-6,Houston Rockets,3-13,0.37,0.63,0.898,0.8864142538975501,0.11358574610244988,522,0,0,1,137,401468383201,201,2,10:23,2063,34.38333333333333,30,10,30,10,20,Eric Gordon makes two point shot
nba,2023,401468384,2022-11-18,Memphis Grizzlies,Oklahoma City Thunder,MEM,OKC,10-6,7-9,121,110,TRUE,Memphis Grizzlies,10-6,NA,NA,NA,NA,NA,NA,NA,NA,NA,NA,Memphis Grizzlies,10-6,Oklahoma City Thunder,7-9,0.782,0.782,0.30400000000000005,0.2828947368421054,0.7171052631578946,502,0,0,1,223,401468384322,322,2,3:37,1657,27.616666666666667,51,51,51,51,0,Aaron Wiggins makes finger roll layup (Jalen Williams assists)
nba,2023,401468380,2022-11-18,Cleveland Cavaliers,Charlotte Hornets,CLE,CHA,9-6,4-13,132,122,TRUE,Cleveland Cavaliers,9-6,NA,NA,NA,NA,NA,NA,NA,NA,NA,NA,Cleveland Cavaliers,9-6,Charlotte Hornets,4-13,0.799,0.799,0.892,0.8789237668161436,0.1210762331838564,586,0,0,1,523,401468380763,763,5,15.8,315.8,5.263333333333334,117,120,120,117,3,Donovan Mitchell misses 28-foot three point jumper
nba,2023,401468381,2022-11-18,Philadelphia 76ers,Milwaukee Bucks,PHI,MIL,8-7,11-4,110,102,TRUE,Philadelphia 76ers,8-7,NA,NA,NA,NA,NA,NA,NA,NA,NA,NA,Philadelphia 76ers,8-7,Milwaukee Bucks,11-4,0.603,0.603,0.792,0.7373737373737375,0.26262626262626254,471,0,0,1,98,401468381146,146,1,31.9,2191.9,36.531666666666666,20,32,32,20,12,Shake Milton shooting foul
nba,2023,401468379,2022-11-18,Washington Wizards,Miami Heat,WSH,MIA,9-7,7-9,107,106,TRUE,Washington Wizards,9-7,NA,NA,NA,NA,NA,NA,NA,NA,NA,NA,Washington Wizards,9-7,Miami Heat,7-9,0.628,0.628,0.921,0.9142236699239956,0.08577633007600438,501,0,0,1,310,401468379436,436,3,3:39,1239,20.65,72,85,85,72,13,Heat offensive team rebound
nba,2023,401468378,2022-11-17,LA Clippers,Detroit Pistons,LAC,DET,9-7,3-13,96,91,TRUE,LA Clippers,9-7,NA,NA,NA,NA,NA,NA,NA,NA,NA,NA,LA Clippers,9-7,Detroit Pistons,3-13,0.811,0.811,0.663,0.7149321266968327,0.2850678733031673,487,0,0,1,329,401468378451,451,3,2:49,889,14.816666666666666,59,63,63,59,4,Clippers Coach's Challenge
nba,2023,401468376,2022-11-17,Portland Trail Blazers,Brooklyn Nets,POR,BKN,10-5,7-9,107,109,FALSE,Portland Trail Blazers,10-5,NA,NA,NA,NA,NA,NA,NA,NA,NA,NA,Brooklyn Nets,7-9,Portland Trail Blazers,10-5,0.554,0.554,0.903,0.8925802879291251,0.10741971207087486,494,0,0,1,299,401468376447,447,3,3:22,922,15.366666666666667,82,71,82,71,11,Drew Eubanks defensive rebound
nba,2023,401468377,2022-11-17,Sacramento Kings,San Antonio Spurs,SAC,SA,8-6,6-10,130,112,TRUE,Sacramento Kings,8-6,NA,NA,NA,NA,NA,NA,NA,NA,NA,NA,Sacramento Kings,8-6,San Antonio Spurs,6-10,0.793,0.793,0.4280000000000001,0.516355140186916,0.483644859813084,435,0,0,5,304,401468377456,456,3,2:09,849,14.15,80,80,80,80,0,(02:09) [Spurs] COACH'S CHALLENGE (CALL OVERTURNED) [Spurs] retain their timeout
nba,2023,401468374,2022-11-16,Denver Nuggets,New York Knicks,DEN,NY,9-5,8-7,103,106,FALSE,Denver Nuggets,9-5,NA,NA,NA,NA,NA,NA,NA,NA,NA,NA,New York Knicks,8-7,Denver Nuggets,9-5,0.573,0.573,0.947,0.9440337909186904,0.05596620908130956,458,0,0,1,375,401468374529,529,4,7:46,466,7.766666666666667,96,86,96,86,10,Bones Hyland defensive rebound
nba,2023,401468375,2022-11-16,Phoenix Suns,Golden State Warriors,PHX,GS,9-5,6-9,130,119,TRUE,Golden State Warriors,6-9,NA,NA,NA,NA,NA,NA,NA,NA,NA,NA,Phoenix Suns,9-5,Golden State Warriors,6-9,0.496,0.504,0.627,0.40510366826156297,0.594896331738437,473,0,0,2,16,40146837526,26,1,10:07,2767,46.11666666666667,2,6,6,2,4,Stephen Curry makes free throw 1 of 2
nba,2023,401468373,2022-11-16,Dallas Mavericks,Houston Rockets,DAL,HOU,8-6,3-12,92,101,FALSE,Dallas Mavericks,8-6,NA,NA,NA,NA,NA,NA,NA,NA,NA,NA,Houston Rockets,3-12,Dallas Mavericks,8-6,0.752,0.752,0.871,0.8518943742824341,0.14810562571756591,476,0,0,1,209,401468373304,304,2,3:48,1668,27.8,51,42,51,42,9,Dorian Finney-Smith kicked ball violation
nba,2023,401468371,2022-11-16,Milwaukee Bucks,Cleveland Cavaliers,MIL,CLE,11-3,8-6,113,98,TRUE,Milwaukee Bucks,11-3,NA,NA,NA,NA,NA,NA,NA,NA,NA,NA,Milwaukee Bucks,11-3,Cleveland Cavaliers,8-6,0.568,0.568,0.754,0.6737400530503979,0.32625994694960214,465,0,0,2,137,401468371208,208,2,9:16,1996,33.266666666666666,37,47,47,37,10,MarJon Beauchamp misses 24-foot step back jumpshot
nba,2023,401468372,2022-11-16,New Orleans Pelicans,Chicago Bulls,NO,CHI,9-6,6-9,124,110,TRUE,New Orleans Pelicans,9-6,NA,NA,NA,NA,NA,NA,NA,NA,NA,NA,New Orleans Pelicans,9-6,Chicago Bulls,6-9,0.619,0.619,0.5880000000000001,0.3520408163265307,0.6479591836734693,451,0,0,2,125,401468372177,177,2,9:58,2038,33.96666666666667,32,37,37,32,5,Jose Alvarado offensive foul
nba,2023,401468369,2022-11-16,Atlanta Hawks,Boston Celtics,ATL,BOS,9-6,12-3,101,126,FALSE,Boston Celtics,12-3,NA,NA,NA,NA,NA,NA,NA,NA,NA,NA,Boston Celtics,12-3,Atlanta Hawks,9-6,0.488,0.512,0.561,0.2174688057041001,0.7825311942958999,443,0,0,1,10,40146836915,15,1,10:29,2789,46.483333333333334,2,0,2,0,2,Trae Young defensive rebound
nba,2023,401468370,2022-11-16,Toronto Raptors,Miami Heat,TOR,MIA,9-7,7-8,112,104,TRUE,Toronto Raptors,9-7,NA,NA,NA,NA,NA,NA,NA,NA,NA,NA,Toronto Raptors,9-7,Miami Heat,7-8,0.562,0.562,0.83,0.7951807228915662,0.20481927710843384,421,0,0,1,234,401468370336,336,3,8:52,1252,20.866666666666667,59,70,70,59,11,Jimmy Butler makes 1-foot dunk (Caleb Martin assists)
nba,2023,401468366,2022-11-16,Charlotte Hornets,Indiana Pacers,CHA,IND,4-12,7-6,113,125,FALSE,Charlotte Hornets,4-12,NA,NA,NA,NA,NA,NA,NA,NA,NA,NA,Indiana Pacers,7-6,Charlotte Hornets,4-12,0.637,0.637,0.905,0.8950276243093922,0.1049723756906078,469,0,0,1,221,401468366328,328,2,2:56,1616,26.933333333333337,62,49,62,49,13,Mason Plumlee defensive rebound
nba,2023,401468367,2022-11-16,Orlando Magic,Minnesota Timberwolves,ORL,MIN,4-11,7-8,108,126,FALSE,Minnesota Timberwolves,7-8,NA,NA,NA,NA,NA,NA,NA,NA,NA,NA,Minnesota Timberwolves,7-8,Orlando Magic,4-11,0.298,0.702,0.323,0.07739938080495345,0.9226006191950464,470,0,0,1,17,40146836724,24,1,9:49,2749,45.81666666666667,4,4,4,4,0,Chuma Okeke defensive rebound
nba,2023,401468368,2022-11-16,Washington Wizards,Oklahoma City Thunder,WSH,OKC,8-7,7-8,120,121,FALSE,Washington Wizards,8-7,NA,NA,NA,NA,NA,NA,NA,NA,NA,NA,Oklahoma City Thunder,7-8,Washington Wizards,8-7,0.75,0.75,0.957,0.955067920585162,0.04493207941483801,454,0,0,1,201,401468368308,308,2,30.9,1470.9,24.515,67,51,67,51,16,Deni Avdija defensive rebound
nba,2023,401468364,2022-11-15,Portland Trail Blazers,San Antonio Spurs,POR,SA,10-4,6-9,117,110,TRUE,Portland Trail Blazers,10-4,NA,NA,NA,NA,NA,NA,NA,NA,NA,NA,Portland Trail Blazers,10-4,San Antonio Spurs,6-9,0.738,0.738,0.873,0.8545246277205041,0.14547537227949592,455,0,0,1,406,401468364600,600,4,5:11,311,5.183333333333334,100,106,106,100,6,Jeremy Sochan defensive rebound
nba,2023,401468365,2022-11-15,Sacramento Kings,Brooklyn Nets,SAC,BKN,7-6,6-9,153,121,TRUE,Sacramento Kings,7-6,NA,NA,NA,NA,NA,NA,NA,NA,NA,NA,Sacramento Kings,7-6,Brooklyn Nets,6-9,0.563,0.563,0.505,0.13465346534653455,0.8653465346534654,473,0,0,1,9,40146836516,16,1,10:47,2807,46.78333333333333,0,2,2,0,2,Kevin Huerter misses 9-foot pullup jump shot
nba,2023,401468363,2022-11-15,Utah Jazz,New York Knicks,UTAH,NY,10-6,7-7,111,118,FALSE,Utah Jazz,10-6,NA,NA,NA,NA,NA,NA,NA,NA,NA,NA,New York Knicks,7-7,Utah Jazz,10-6,0.729,0.729,0.863,0.8412514484356894,0.15874855156431056,483,0,0,1,344,401468363493,493,3,1:38,818,13.633333333333333,82,76,82,76,6,Jericho Sims personal foul
nba,2023,401468362,2022-11-15,Dallas Mavericks,LA Clippers,DAL,LAC,8-5,8-7,103,101,TRUE,Dallas Mavericks,8-5,NA,NA,NA,NA,NA,NA,NA,NA,NA,NA,Dallas Mavericks,8-5,LA Clippers,8-7,0.755,0.755,0.739,0.6684709066305818,0.33152909336941816,436,0,0,1,398,401468362584,584,4,3:02,182,3.033333333333333,90,92,92,90,2,Marcus Morris Sr. makes free throw 1 of 2
nba,2023,401468361,2022-11-15,New Orleans Pelicans,Memphis Grizzlies,NO,MEM,8-6,9-6,113,102,TRUE,New Orleans Pelicans,8-6,NA,NA,NA,NA,NA,NA,NA,NA,NA,NA,New Orleans Pelicans,8-6,Memphis Grizzlies,9-6,0.537,0.537,0.708,0.5875706214689265,0.41242937853107353,461,0,0,2,242,401468361352,352,3,10:55,1375,22.916666666666668,59,66,66,59,7,Dillon Brooks makes 26-foot running pullup jump shot (John Konchar assists)
nba,2023,401468360,2022-11-14,Golden State Warriors,San Antonio Spurs,GS,SA,6-8,6-8,132,95,TRUE,Golden State Warriors,6-8,NA,NA,NA,NA,NA,NA,NA,NA,NA,NA,Golden State Warriors,6-8,San Antonio Spurs,6-8,0.715,0.715,0.348,0.18103448275862055,0.8189655172413794,482,0,0,1,74,401468360107,107,1,3:40,2380,39.666666666666664,19,20,20,19,1,Stephen Curry out of bounds bad pass turnover
nba,2023,401468358,2022-11-14,Houston Rockets,LA Clippers,HOU,LAC,2-12,8-6,106,122,FALSE,LA Clippers,8-6,NA,NA,NA,NA,NA,NA,NA,NA,NA,NA,LA Clippers,8-6,Houston Rockets,2-12,0.385,0.615,0.499,0.22845691382765532,0.7715430861723447,485,0,0,1,33,40146835849,49,1,6:47,2567,42.78333333333333,12,9,12,9,3,Reggie Jackson out of bounds bad pass turnover
nba,2023,401468359,2022-11-14,Milwaukee Bucks,Atlanta Hawks,MIL,ATL,10-3,9-5,106,121,FALSE,Atlanta Hawks,9-5,NA,NA,NA,NA,NA,NA,NA,NA,NA,NA,Atlanta Hawks,9-5,Milwaukee Bucks,10-3,0.444,0.556,0.539,0.17625231910946215,0.8237476808905378,522,0,0,1,63,40146835989,89,1,4:45,2445,40.75,20,17,20,17,3,Bobby Portis defensive rebound
nba,2023,401468356,2022-11-14,Boston Celtics,Oklahoma City Thunder,BOS,OKC,11-3,6-8,126,122,TRUE,Boston Celtics,11-3,NA,NA,NA,NA,NA,NA,NA,NA,NA,NA,Boston Celtics,11-3,Oklahoma City Thunder,6-8,0.894,0.894,0.918,0.9106753812636166,0.08932461873638342,514,0,0,1,328,401468356459,459,3,4:33,993,16.55,73,88,88,73,15,Jaylen Brown shooting foul
nba,2023,401468357,2022-11-14,Miami Heat,Phoenix Suns,MIA,PHX,7-7,8-5,113,112,TRUE,Miami Heat,7-7,NA,NA,NA,NA,NA,NA,NA,NA,NA,NA,Miami Heat,7-7,Phoenix Suns,8-5,0.598,0.598,0.979,0.9785495403472932,0.02145045965270675,436,0,0,2,363,401468357515,515,4,7:44,464,7.733333333333333,89,102,102,89,13,Bam Adebayo out of bounds lost ball turnover
nba,2023,401468354,2022-11-14,Detroit Pistons,Toronto Raptors,DET,TOR,3-12,8-7,111,115,FALSE,Toronto Raptors,8-7,NA,NA,NA,NA,NA,NA,NA,NA,NA,NA,Toronto Raptors,8-7,Detroit Pistons,3-12,0.432,0.5680000000000001,0.545,0.20733944954128455,0.7926605504587154,477,0,0,1,28,40146835443,43,1,8:31,2671,44.516666666666666,10,6,10,6,4,Isaiah Stewart defensive rebound
nba,2023,401468355,2022-11-14,Orlando Magic,Charlotte Hornets,ORL,CHA,4-10,4-11,105,112,FALSE,Charlotte Hornets,4-11,NA,NA,NA,NA,NA,NA,NA,NA,NA,NA,Charlotte Hornets,4-11,Orlando Magic,4-10,0.403,0.597,0.403,0,1,477,0,0,1,1,4014683554,4,1,12:00,2880,48,0,0,0,0,0,Mason Plumlee vs. Bol Bol (LaMelo Ball gains possession)
nba,2023,401468353,2022-11-13,Los Angeles Lakers,Brooklyn Nets,LAL,BKN,3-10,6-8,116,103,TRUE,Los Angeles Lakers,3-10,NA,NA,NA,NA,NA,NA,NA,NA,NA,NA,Los Angeles Lakers,3-10,Brooklyn Nets,6-8,0.513,0.513,0.509,0.04322200392927311,0.9567779960707268,471,0,0,1,11,40146835320,20,1,10:49,2809,46.81666666666667,2,2,2,2,0,Kevin Durant defensive rebound
nba,2023,401468352,2022-11-13,Sacramento Kings,Golden State Warriors,SAC,GS,6-6,5-8,122,115,TRUE,Golden State Warriors,5-8,NA,NA,NA,NA,NA,NA,NA,NA,NA,NA,Sacramento Kings,6-6,Golden State Warriors,5-8,0.446,0.554,0.868,0.8479262672811059,0.15207373271889413,470,0,0,1,107,401468352154,154,1,35.9,2195.9,36.598333333333336,24,39,39,24,15,Jordan Poole makes 28-foot three point jumper (Kevon Looney assists)
nba,2023,401468351,2022-11-13,Chicago Bulls,Denver Nuggets,CHI,DEN,6-8,9-4,103,126,FALSE,Denver Nuggets,9-4,NA,NA,NA,NA,NA,NA,NA,NA,NA,NA,Denver Nuggets,9-4,Chicago Bulls,6-8,0.449,0.5509999999999999,0.449,0,1,420,0,0,1,1,4014683514,4,1,12:00,2880,48,0,0,0,0,0,Nikola Jokic vs. Nikola Vucevic (Patrick Williams gains possession)
nba,2023,401468350,2022-11-13,Philadelphia 76ers,Utah Jazz,PHI,UTAH,7-7,10-5,105,98,TRUE,Philadelphia 76ers,7-7,NA,NA,NA,NA,NA,NA,NA,NA,NA,NA,Philadelphia 76ers,7-7,Utah Jazz,10-5,0.589,0.589,0.853,0.8276670574443141,0.17233294255568588,485,0,0,8,163,401468350231,231,2,6:07,1807,30.116666666666667,34,48,48,34,14,Walker Kessler offensive rebound
nba,2023,401468348,2022-11-13,Cleveland Cavaliers,Minnesota Timberwolves,CLE,MIN,8-5,6-8,124,129,FALSE,Cleveland Cavaliers,8-5,NA,NA,NA,NA,NA,NA,NA,NA,NA,NA,Minnesota Timberwolves,6-8,Cleveland Cavaliers,8-5,0.625,0.625,0.717,0.605299860529986,0.394700139470014,529,0,0,1,19,40146834828,28,1,9:31,2731,45.516666666666666,6,4,6,4,2,Rudy Gobert shooting foul
nba,2023,401468349,2022-11-13,Washington Wizards,Memphis Grizzlies,WSH,MEM,8-6,9-5,102,92,TRUE,Memphis Grizzlies,9-5,NA,NA,NA,NA,NA,NA,NA,NA,NA,NA,Washington Wizards,8-6,Memphis Grizzlies,9-5,0.464,0.536,0.778,0.7146529562982005,0.28534704370179953,478,0,0,1,195,401468349273,273,2,4:11,1691,28.183333333333337,38,47,47,38,9,Jake LaRavia personal foul
nba,2023,401468347,2022-11-13,New York Knicks,Oklahoma City Thunder,NY,OKC,6-7,6-7,135,145,FALSE,New York Knicks,6-7,NA,NA,NA,NA,NA,NA,NA,NA,NA,NA,Oklahoma City Thunder,6-7,New York Knicks,6-7,0.712,0.712,0.899,0.8876529477196886,0.1123470522803114,475,0,0,1,116,401468347171,171,2,11:30,2130,35.5,48,36,48,36,12,Obi Toppin defensive rebound
nba,2023,401468345,2022-11-12,Dallas Mavericks,Portland Trail Blazers,DAL,POR,7-5,9-4,117,112,TRUE,Dallas Mavericks,7-5,NA,NA,NA,NA,NA,NA,NA,NA,NA,NA,Dallas Mavericks,7-5,Portland Trail Blazers,9-4,0.748,0.748,0.823,0.7849331713244228,0.21506682867557725,462,0,0,1,396,401468345546,546,4,6:40,400,6.666666666666667,92,98,98,92,6,Jerami Grant blocks Luka Doncic 's 10-foot driving floating jump shot
nba,2023,401468346,2022-11-12,New Orleans Pelicans,Houston Rockets,NO,HOU,7-6,2-11,119,106,TRUE,New Orleans Pelicans,7-6,NA,NA,NA,NA,NA,NA,NA,NA,NA,NA,New Orleans Pelicans,7-6,Houston Rockets,2-11,0.841,0.841,0.859,0.8358556461001163,0.1641443538998837,476,0,0,1,379,401468346567,567,4,9:00,540,9,90,97,97,90,7,Jonas Valanciunas shooting foul
nba,2023,401468344,2022-11-12,Miami Heat,Charlotte Hornets,MIA,CHA,6-7,3-11,132,115,TRUE,Miami Heat,6-7,NA,NA,NA,NA,NA,NA,NA,NA,NA,NA,Miami Heat,6-7,Charlotte Hornets,3-11,0.724,0.724,0.5329999999999999,0.48217636022514054,0.5178236397748595,448,0,0,1,221,401468344319,319,2,10.7,1450.7,24.178333333333335,54,59,59,54,5,Theo Maledon makes 4-foot driving floating jump shot (Terry Rozier assists)
nba,2023,401468343,2022-11-12,Philadelphia 76ers,Atlanta Hawks,PHI,ATL,6-7,8-5,121,109,TRUE,Philadelphia 76ers,6-7,NA,NA,NA,NA,NA,NA,NA,NA,NA,NA,Philadelphia 76ers,6-7,Atlanta Hawks,8-5,0.568,0.568,0.504,0.1428571428571428,0.8571428571428572,467,0,0,1,7,40146834315,15,1,10:57,2817,46.95,2,4,4,2,2,John Collins makes free throw 1 of 2
nba,2023,401468341,2022-11-12,Detroit Pistons,Boston Celtics,DET,BOS,3-11,10-3,108,117,FALSE,Boston Celtics,10-3,NA,NA,NA,NA,NA,NA,NA,NA,NA,NA,Boston Celtics,10-3,Detroit Pistons,3-11,0.253,0.747,0.603,0.5804311774461028,0.4195688225538971,467,0,0,1,263,401468341381,381,3,10:18,1338,22.3,63,57,63,57,6,Jayson Tatum misses 25-foot three point jumper
nba,2023,401468342,2022-11-12,Indiana Pacers,Toronto Raptors,IND,TOR,6-6,7-7,118,104,TRUE,Indiana Pacers,6-6,NA,NA,NA,NA,NA,NA,NA,NA,NA,NA,Indiana Pacers,6-6,Toronto Raptors,7-7,0.573,0.573,0.91,0.9010989010989012,0.09890109890109876,490,0,0,1,281,401468342403,403,3,10:45,1365,22.75,52,67,67,52,15,O.G. Anunoby defensive rebound
nba,2023,401468340,2022-11-12,Washington Wizards,Utah Jazz,WSH,UTAH,7-6,10-4,121,112,TRUE,Utah Jazz,10-4,NA,NA,NA,NA,NA,NA,NA,NA,NA,NA,Washington Wizards,7-6,Utah Jazz,10-4,0.353,0.647,0.819,0.7789987789987789,0.2210012210012211,435,0,0,1,154,401468340236,236,2,6:06,1806,30.1,40,49,49,40,9,Lauri Markkanen makes 26-foot three point jumper (Mike Conley assists)
nba,2023,401468339,2022-11-12,LA Clippers,Brooklyn Nets,LAC,BKN,7-6,6-7,95,110,FALSE,LA Clippers,7-6,NA,NA,NA,NA,NA,NA,NA,NA,NA,NA,Brooklyn Nets,6-7,LA Clippers,7-6,0.556,0.556,0.643,0.4447900466562986,0.5552099533437014,460,0,0,1,283,401468339406,406,3,7:06,1146,19.1,64,62,64,62,2,Nic Claxton shooting foul
nba,2023,401468338,2022-11-11,Los Angeles Lakers,Sacramento Kings,LAL,SAC,2-10,5-6,114,120,FALSE,Sacramento Kings,5-6,NA,NA,NA,NA,NA,NA,NA,NA,NA,NA,Sacramento Kings,5-6,Los Angeles Lakers,2-10,0.369,0.631,0.841,0.8109393579072532,0.18906064209274676,472,0,0,1,225,401468338324,324,2,1:42,1542,25.7,55,42,55,42,13,Russell Westbrook offensive rebound
nba,2023,401468337,2022-11-11,Golden State Warriors,Cleveland Cavaliers,GS,CLE,5-7,8-4,106,101,TRUE,Golden State Warriors,5-7,NA,NA,NA,NA,NA,NA,NA,NA,NA,NA,Golden State Warriors,5-7,Cleveland Cavaliers,8-4,0.523,0.523,0.923,0.9165763813651138,0.08342361863488623,485,0,0,1,404,401468337590,590,4,4:38,278,4.633333333333334,87,95,95,87,8,Jarrett Allen makes dunk (Donovan Mitchell assists)
nba,2023,401468336,2022-11-11,Memphis Grizzlies,Minnesota Timberwolves,MEM,MIN,9-4,5-8,114,103,TRUE,Memphis Grizzlies,9-4,NA,NA,NA,NA,NA,NA,NA,NA,NA,NA,Memphis Grizzlies,9-4,Minnesota Timberwolves,5-8,0.641,0.641,0.4429999999999999,0.1896162528216704,0.8103837471783296,465,0,0,2,111,401468336158,158,1,1:22,2242,37.36666666666667,29,30,30,29,1,Timberwolves defensive team rebound
nba,2023,401468334,2022-11-11,Oklahoma City Thunder,Toronto Raptors,OKC,TOR,5-7,7-6,132,113,TRUE,Toronto Raptors,7-6,NA,NA,NA,NA,NA,NA,NA,NA,NA,NA,Oklahoma City Thunder,5-7,Toronto Raptors,7-6,0.319,0.681,0.7170000000000001,0.6052998605299862,0.3947001394700138,476,0,0,2,36,40146833454,54,1,7:57,2637,43.95,6,8,8,6,2,Aleksej Pokusevski traveling
nba,2023,401468335,2022-11-11,San Antonio Spurs,Milwaukee Bucks,SA,MIL,6-7,10-2,111,93,TRUE,San Antonio Spurs,6-7,NA,NA,NA,NA,NA,NA,NA,NA,NA,NA,San Antonio Spurs,6-7,Milwaukee Bucks,10-2,0.564,0.564,0.528,0.1742424242424242,0.8257575757575758,505,0,0,1,69,401468335100,100,1,3:50,2390,39.833333333333336,18,21,21,18,3,Wesley Matthews blocks Doug McDermott 's 8-foot two point shot
nba,2023,401468333,2022-11-11,New York Knicks,Detroit Pistons,NY,DET,6-6,3-10,121,112,TRUE,New York Knicks,6-6,NA,NA,NA,NA,NA,NA,NA,NA,NA,NA,New York Knicks,6-6,Detroit Pistons,3-10,0.744,0.744,0.367,0.3024523160762943,0.6975476839237057,500,0,0,1,72,401468333102,102,1,4:13,2413,40.21666666666667,16,20,20,16,4,Bojan Bogdanovic makes 13-foot pullup jump shot
nba,2023,401468331,2022-11-11,Boston Celtics,Denver Nuggets,BOS,DEN,9-3,8-4,131,112,TRUE,Boston Celtics,9-3,NA,NA,NA,NA,NA,NA,NA,NA,NA,NA,Boston Celtics,9-3,Denver Nuggets,8-4,0.637,0.637,0.459,0.20915032679738552,0.7908496732026145,446,0,0,1,271,401468331388,388,3,3:23,923,15.383333333333333,87,85,85,87,-2,Grant Williams shooting foul
nba,2023,401468332,2022-11-11,Orlando Magic,Phoenix Suns,ORL,PHX,4-9,8-4,114,97,TRUE,Phoenix Suns,8-4,NA,NA,NA,NA,NA,NA,NA,NA,NA,NA,Orlando Magic,4-9,Phoenix Suns,8-4,0.271,0.729,0.763,0.689384010484928,0.31061598951507197,416,0,0,1,10,40146833220,20,1,10:04,2764,46.06666666666667,2,4,4,2,2,Deandre Ayton defensive rebound
nba,2023,401468330,2022-11-10,New Orleans Pelicans,Portland Trail Blazers,NO,POR,6-6,9-3,95,106,FALSE,New Orleans Pelicans,6-6,NA,NA,NA,NA,NA,NA,NA,NA,NA,NA,Portland Trail Blazers,9-3,New Orleans Pelicans,6-6,0.753,0.753,0.894,0.8814317673378076,0.1185682326621924,442,0,0,2,149,401468330208,208,2,7:01,1861,31.016666666666666,43,33,43,33,10,Drew Eubanks shooting foul
nba,2023,401468328,2022-11-10,Atlanta Hawks,Philadelphia 76ers,ATL,PHI,8-4,5-7,104,95,TRUE,Atlanta Hawks,8-4,NA,NA,NA,NA,NA,NA,NA,NA,NA,NA,Atlanta Hawks,8-4,Philadelphia 76ers,5-7,0.524,0.524,0.5389999999999999,0.14471243042671578,0.8552875695732842,493,0,0,5,74,40146832898,98,1,3:27,2367,39.45,18,20,20,18,2,Trae Young out of bounds bad pass turnover
nba,2023,401468329,2022-11-10,Miami Heat,Charlotte Hornets,MIA,CHA,5-7,3-10,117,112,TRUE,Miami Heat,5-7,NA,NA,NA,NA,NA,NA,NA,NA,NA,NA,Miami Heat,5-7,Charlotte Hornets,3-10,0.775,0.775,0.815,0.7730061349693251,0.22699386503067487,514,0,0,1,426,401468329602,602,4,3:57,537,8.95,93,98,98,93,5,Heat Full timeout
nba,2023,401468327,2022-11-10,Washington Wizards,Dallas Mavericks,WSH,DAL,6-6,6-5,113,105,TRUE,Dallas Mavericks,6-5,NA,NA,NA,NA,NA,NA,NA,NA,NA,NA,Washington Wizards,6-6,Dallas Mavericks,6-5,0.444,0.556,0.841,0.8109393579072532,0.18906064209274676,450,0,0,1,43,40146832765,65,1,6:42,2562,42.7,8,22,22,8,14,Dwight Powell makes tip shot
nba,2023,401468325,2022-11-09,LA Clippers,Los Angeles Lakers,LAC,LAL,7-5,2-9,114,101,TRUE,LA Clippers,7-5,NA,NA,NA,NA,NA,NA,NA,NA,NA,NA,LA Clippers,7-5,Los Angeles Lakers,2-9,0.628,0.628,0.486,0.23456790123456783,0.7654320987654322,464,0,0,1,20,40146832532,32,1,9:02,2702,45.03333333333333,6,10,10,6,4,LeBron James defensive rebound
nba,2023,401468326,2022-11-09,Sacramento Kings,Cleveland Cavaliers,SAC,CLE,4-6,8-3,127,120,TRUE,Cleveland Cavaliers,8-3,NA,NA,NA,NA,NA,NA,NA,NA,NA,NA,Sacramento Kings,4-6,Cleveland Cavaliers,8-3,0.365,0.635,0.851,0.8249118683901293,0.1750881316098707,445,0,0,1,358,401468326511,511,4,8:13,493,8.216666666666667,99,104,104,99,5,Jarrett Allen makes free throw 1 of 2
nba,2023,401468321,2022-11-09,Chicago Bulls,New Orleans Pelicans,CHI,NO,6-7,6-5,111,115,FALSE,New Orleans Pelicans,6-5,NA,NA,NA,NA,NA,NA,NA,NA,NA,NA,New Orleans Pelicans,6-5,Chicago Bulls,6-7,0.406,0.594,0.778,0.7146529562982005,0.28534704370179953,471,0,0,1,143,401468321206,206,2,7:51,1911,31.85,39,28,39,28,11,Alex Caruso defensive rebound
nba,2023,401468322,2022-11-09,Minnesota Timberwolves,Phoenix Suns,MIN,PHX,5-7,8-3,117,129,FALSE,Minnesota Timberwolves,5-7,NA,NA,NA,NA,NA,NA,NA,NA,NA,NA,Phoenix Suns,8-3,Minnesota Timberwolves,5-7,0.578,0.578,0.666,0.4984984984984986,0.5015015015015014,459,0,0,2,50,40146832268,68,1,6:42,2562,42.7,14,11,14,11,3,Rudy Gobert defensive rebound
nba,2023,401468323,2022-11-09,Oklahoma City Thunder,Milwaukee Bucks,OKC,MIL,4-7,10-1,132,136,FALSE,Oklahoma City Thunder,4-7,NA,NA,NA,NA,NA,NA,NA,NA,NA,NA,Milwaukee Bucks,10-1,Oklahoma City Thunder,4-7,0.549,0.549,0.99,0.9898989898989898,0.01010101010101016,602,0,0,3,516,401468323765,765,5,0.2,300.2,5.003333333333333,126,125,126,125,1,Bucks offensive team rebound
nba,2023,401468324,2022-11-09,San Antonio Spurs,Memphis Grizzlies,SA,MEM,5-7,8-4,122,124,FALSE,Memphis Grizzlies,8-4,NA,NA,NA,NA,NA,NA,NA,NA,NA,NA,Memphis Grizzlies,8-4,San Antonio Spurs,5-7,0.342,0.6579999999999999,0.715,0.6013986013986012,0.3986013986013987,499,0,0,2,319,401468324447,447,3,50.2,1070.2,17.836666666666666,92,87,92,87,5,Brandon Clarke offensive foul
nba,2023,401468317,2022-11-09,Atlanta Hawks,Utah Jazz,ATL,UTAH,7-4,10-3,119,125,FALSE,Atlanta Hawks,7-4,NA,NA,NA,NA,NA,NA,NA,NA,NA,NA,Utah Jazz,10-3,Atlanta Hawks,7-4,0.552,0.552,0.888,0.8738738738738738,0.12612612612612617,476,0,0,5,322,401468317448,448,3,3:16,916,15.266666666666667,86,76,86,76,10,Hawks Full timeout
nba,2023,401468318,2022-11-09,Boston Celtics,Detroit Pistons,BOS,DET,8-3,3-9,128,112,TRUE,Boston Celtics,8-3,NA,NA,NA,NA,NA,NA,NA,NA,NA,NA,Boston Celtics,8-3,Detroit Pistons,3-9,0.918,0.918,0.13,0.3692307692307696,0.6307692307692304,477,0,0,1,197,401468318275,275,2,5:12,1752,29.2,42,39,39,42,-3,Saddiq Bey makes driving layup
nba,2023,401468319,2022-11-09,Brooklyn Nets,New York Knicks,BKN,NY,5-7,5-6,112,85,TRUE,Brooklyn Nets,5-7,NA,NA,NA,NA,NA,NA,NA,NA,NA,NA,Brooklyn Nets,5-7,New York Knicks,5-6,0.633,0.633,0.367,0,1,471,0,0,1,1,4014683194,4,1,12:00,2880,48,0,0,0,0,0,Jericho Sims vs. Nic Claxton (Kevin Durant gains possession)
nba,2023,401468320,2022-11-09,Toronto Raptors,Houston Rockets,TOR,HOU,7-5,2-10,116,109,TRUE,Toronto Raptors,7-5,NA,NA,NA,NA,NA,NA,NA,NA,NA,NA,Toronto Raptors,7-5,Houston Rockets,2-10,0.83,0.83,0.5900000000000001,0.711864406779661,0.288135593220339,490,0,0,1,108,401468320164,164,2,11:13,2113,35.21666666666667,29,41,41,29,12,Dalano Banton misses 23-foot three point jumper
nba,2023,401468314,2022-11-09,Charlotte Hornets,Portland Trail Blazers,CHA,POR,3-9,8-3,95,105,FALSE,Charlotte Hornets,3-9,NA,NA,NA,NA,NA,NA,NA,NA,NA,NA,Portland Trail Blazers,8-3,Charlotte Hornets,3-9,0.634,0.634,0.896,0.8839285714285714,0.1160714285714286,473,0,0,4,278,401468314394,394,3,7:11,1151,19.183333333333337,72,60,72,60,12,Terry Rozier makes 26-foot three point shot (Mason Plumlee assists)
nba,2023,401468315,2022-11-09,Indiana Pacers,Denver Nuggets,IND,DEN,5-6,8-3,119,122,FALSE,Denver Nuggets,8-3,NA,NA,NA,NA,NA,NA,NA,NA,NA,NA,Denver Nuggets,8-3,Indiana Pacers,5-6,0.4,0.6,0.963,0.9615784008307372,0.03842159916926269,489,0,0,1,293,401468315423,423,3,6:43,1123,18.716666666666665,87,69,87,69,18,Aaron Gordon bad pass (Tyrese Haliburton steals)
nba,2023,401468316,2022-11-09,Orlando Magic,Dallas Mavericks,ORL,DAL,3-9,6-4,94,87,TRUE,Dallas Mavericks,6-4,NA,NA,NA,NA,NA,NA,NA,NA,NA,NA,Orlando Magic,3-9,Dallas Mavericks,6-4,0.283,0.7170000000000001,0.865,0.8439306358381502,0.1560693641618498,433,0,0,3,121,401468316184,184,2,9:44,2024,33.733333333333334,24,34,34,24,10,Spencer Dinwiddie makes driving layup (Tim Hardaway Jr. assists)
nba,2023,401468313,2022-11-07,LA Clippers,Cleveland Cavaliers,LAC,CLE,6-5,8-2,119,117,TRUE,Cleveland Cavaliers,8-2,NA,NA,NA,NA,NA,NA,NA,NA,NA,NA,LA Clippers,6-5,Cleveland Cavaliers,8-2,0.317,0.683,0.992,0.9919354838709676,0.00806451612903225,455,0,0,2,355,401468313506,506,4,4:50,290,4.833333333333333,98,111,111,98,13,(04:50) [Cavaliers] COACH'S CHALLENGE (REPLAY SUPPORTS CALL) [Cavaliers] charged with a timeout
nba,2023,401468312,2022-11-07,Utah Jazz,Los Angeles Lakers,UTAH,LAL,9-3,2-8,139,116,TRUE,Utah Jazz,9-3,NA,NA,NA,NA,NA,NA,NA,NA,NA,NA,Utah Jazz,9-3,Los Angeles Lakers,2-8,0.824,0.824,0.267,0.340823970037453,0.659176029962547,483,0,0,2,186,401468312273,273,2,3:30,1650,27.5,62,60,60,62,-2,Malik Beasley shooting foul
nba,2023,401468311,2022-11-07,Golden State Warriors,Sacramento Kings,GS,SAC,4-7,3-6,116,113,TRUE,Golden State Warriors,4-7,NA,NA,NA,NA,NA,NA,NA,NA,NA,NA,Golden State Warriors,4-7,Sacramento Kings,3-6,0.727,0.727,0.927,0.9212513484358144,0.07874865156418553,494,0,0,3,394,401468311559,559,4,10:06,606,10.1,82,92,92,82,10,De'Aaron Fox makes free throw 1 of 2
nba,2023,401468310,2022-11-07,Dallas Mavericks,Brooklyn Nets,DAL,BKN,6-3,4-7,96,94,TRUE,Dallas Mavericks,6-3,NA,NA,NA,NA,NA,NA,NA,NA,NA,NA,Dallas Mavericks,6-3,Brooklyn Nets,4-7,0.752,0.752,0.726,0.6584022038567493,0.3415977961432507,458,0,0,1,338,401468310489,489,4,10:09,609,10.15,72,76,76,72,4,Cam Thomas makes free throw 1 of 2
nba,2023,401468309,2022-11-07,San Antonio Spurs,Denver Nuggets,SA,DEN,5-6,7-3,109,115,FALSE,Denver Nuggets,7-3,NA,NA,NA,NA,NA,NA,NA,NA,NA,NA,Denver Nuggets,7-3,San Antonio Spurs,5-6,0.324,0.6759999999999999,0.583,0.4442538593481988,0.5557461406518012,465,0,0,2,280,401468309410,410,3,9:23,1283,21.383333333333333,73,68,73,68,5,Keldon Johnson makes 26-foot three point shot (Tre Jones assists)
nba,2023,401468308,2022-11-07,Minnesota Timberwolves,New York Knicks,MIN,NY,5-6,5-5,107,120,FALSE,Minnesota Timberwolves,5-6,NA,NA,NA,NA,NA,NA,NA,NA,NA,NA,New York Knicks,5-5,Minnesota Timberwolves,5-6,0.616,0.616,0.706,0.58356940509915,0.41643059490085,479,0,0,1,25,40146830840,40,1,9:26,2726,45.43333333333333,5,0,5,0,5,Jaden McDaniels personal foul
nba,2023,401468307,2022-11-07,Memphis Grizzlies,Boston Celtics,MEM,BOS,7-4,7-3,106,109,FALSE,Boston Celtics,7-3,NA,NA,NA,NA,NA,NA,NA,NA,NA,NA,Boston Celtics,7-3,Memphis Grizzlies,7-4,0.365,0.635,0.656,0.47560975609756095,0.524390243902439,461,0,0,1,122,401468307181,181,2,11:04,2104,35.06666666666667,40,31,40,31,9,Santi Aldama makes 24-foot three point jumper (Desmond Bane assists)
nba,2023,401468306,2022-11-07,Chicago Bulls,Toronto Raptors,CHI,TOR,6-6,6-5,111,97,TRUE,Toronto Raptors,6-5,NA,NA,NA,NA,NA,NA,NA,NA,NA,NA,Chicago Bulls,6-6,Toronto Raptors,6-5,0.406,0.594,0.785,0.7261146496815287,0.2738853503184713,470,0,0,2,44,40146830665,65,1,7:51,2631,43.85,4,12,12,4,8,O.G. Anunoby makes free throw 1 of 2
nba,2023,401468305,2022-11-07,Miami Heat,Portland Trail Blazers,MIA,POR,4-7,7-3,107,110,FALSE,Miami Heat,4-7,NA,NA,NA,NA,NA,NA,NA,NA,NA,NA,Portland Trail Blazers,7-3,Miami Heat,4-7,0.77,0.77,0.962,0.9604989604989604,0.03950103950103956,412,0,0,4,239,401468305352,352,3,6:30,1110,18.5,75,60,75,60,15,Josh Hart bad pass (Jimmy Butler steals)
nba,2023,401468304,2022-11-07,Atlanta Hawks,Milwaukee Bucks,ATL,MIL,7-3,9-1,117,98,TRUE,Atlanta Hawks,7-3,NA,NA,NA,NA,NA,NA,NA,NA,NA,NA,Atlanta Hawks,7-3,Milwaukee Bucks,9-1,0.553,0.553,0.8089999999999999,0.7639060568603213,0.23609394313967869,477,0,0,1,98,401468304142,142,1,32.3,2192.3,36.538333333333334,22,36,36,22,14,Jrue Holiday makes 26-foot three pointer
nba,2023,401468303,2022-11-07,Philadelphia 76ers,Phoenix Suns,PHI,PHX,5-6,7-3,100,88,TRUE,Philadelphia 76ers,5-6,NA,NA,NA,NA,NA,NA,NA,NA,NA,NA,Philadelphia 76ers,5-6,Phoenix Suns,7-3,0.511,0.511,0.571,0.24868651488616456,0.7513134851138354,451,0,0,1,16,40146830324,24,1,9:48,2748,45.8,2,5,5,2,3,Devin Booker defensive rebound
nba,2023,401468302,2022-11-07,Indiana Pacers,New Orleans Pelicans,IND,NO,5-5,5-5,129,122,TRUE,New Orleans Pelicans,5-5,NA,NA,NA,NA,NA,NA,NA,NA,NA,NA,Indiana Pacers,5-5,New Orleans Pelicans,5-5,0.374,0.626,0.706,0.58356940509915,0.41643059490085,456,0,0,1,174,401468302258,258,2,4:20,1700,28.333333333333332,47,51,51,47,4,Myles Turner out of bounds bad pass turnover
nba,2023,401468301,2022-11-07,Detroit Pistons,Oklahoma City Thunder,DET,OKC,3-8,4-6,112,103,TRUE,Detroit Pistons,3-8,NA,NA,NA,NA,NA,NA,NA,NA,NA,NA,Detroit Pistons,3-8,Oklahoma City Thunder,4-6,0.54,0.54,0.924,0.9177489177489178,0.08225108225108224,517,0,0,1,256,401468301355,355,2,38.5,1478.5,24.641666666666666,44,60,60,44,16,Cade Cunningham lost ball turnover (Luguentz Dort steals)
nba,2023,401468300,2022-11-07,Orlando Magic,Houston Rockets,ORL,HOU,2-9,2-9,127,134,FALSE,Orlando Magic,2-9,NA,NA,NA,NA,NA,NA,NA,NA,NA,NA,Houston Rockets,2-9,Orlando Magic,2-9,0.658,0.658,0.748,0.6631016042780749,0.33689839572192515,485,0,0,3,71,401468300109,109,1,2:17,2297,38.28333333333333,26,21,26,21,5,Kenyon Martin Jr. misses 26-foot three point jumper
nba,2023,401468299,2022-11-07,Charlotte Hornets,Washington Wizards,CHA,WSH,3-8,5-6,100,108,FALSE,Charlotte Hornets,3-8,NA,NA,NA,NA,NA,NA,NA,NA,NA,NA,Washington Wizards,5-6,Charlotte Hornets,3-8,0.597,0.597,0.709,0.5895627644569816,0.4104372355430184,489,0,0,1,290,401468299416,416,3,7:31,1171,19.516666666666666,60,56,60,56,4,Mason Plumlee offensive rebound
nba,2023,401468298,2022-11-06,LA Clippers,Utah Jazz,LAC,UTAH,5-5,8-3,102,110,FALSE,Utah Jazz,8-3,NA,NA,NA,NA,NA,NA,NA,NA,NA,NA,Utah Jazz,8-3,LA Clippers,5-5,0.498,0.502,0.751,0.6684420772303594,0.3315579227696406,438,0,0,1,380,401468298543,543,4,5:35,335,5.583333333333333,95,92,95,92,3,Paul George makes free throw 1 of 2
nba,2023,401468296,2022-11-06,Toronto Raptors,Chicago Bulls,TOR,CHI,6-4,5-6,113,104,TRUE,Toronto Raptors,6-4,NA,NA,NA,NA,NA,NA,NA,NA,NA,NA,Toronto Raptors,6-4,Chicago Bulls,5-6,0.708,0.708,0.747,0.6613119143239625,0.3386880856760375,465,0,0,1,375,401468296551,551,4,9:59,599,9.983333333333333,83,89,89,83,6,Dalen Terry makes 22-foot pullup jump shot
nba,2023,401468297,2022-11-06,Memphis Grizzlies,Washington Wizards,MEM,WSH,7-3,4-6,103,97,TRUE,Memphis Grizzlies,7-3,NA,NA,NA,NA,NA,NA,NA,NA,NA,NA,Memphis Grizzlies,7-3,Washington Wizards,4-6,0.717,0.717,0.625,0.5471999999999999,0.4528000000000001,472,0,0,2,392,401468297559,559,4,7:42,462,7.7,85,87,87,85,2,Wizards defensive team rebound
nba,2023,401468295,2022-11-06,Los Angeles Lakers,Cleveland Cavaliers,LAL,CLE,2-7,8-1,100,114,FALSE,Cleveland Cavaliers,8-1,NA,NA,NA,NA,NA,NA,NA,NA,NA,NA,Cleveland Cavaliers,8-1,Los Angeles Lakers,2-7,0.392,0.608,0.744,0.6559139784946237,0.34408602150537626,499,0,0,4,60,40146829582,82,1,5:44,2504,41.733333333333334,21,9,21,9,12,Evan Mobley shooting foul
nba,2023,401468294,2022-11-05,Phoenix Suns,Portland Trail Blazers,PHX,POR,7-2,6-3,102,82,TRUE,Phoenix Suns,7-2,NA,NA,NA,NA,NA,NA,NA,NA,NA,NA,Phoenix Suns,7-2,Portland Trail Blazers,6-3,0.858,0.858,0.19599999999999995,0.2755102040816324,0.7244897959183676,464,0,0,1,13,40146829422,22,1,10:06,2766,46.1,4,8,8,4,4,Shaedon Sharpe makes two point shot (Josh Hart assists)
nba,2023,401468293,2022-11-05,Denver Nuggets,San Antonio Spurs,DEN,SA,6-3,5-5,126,101,TRUE,Denver Nuggets,6-3,NA,NA,NA,NA,NA,NA,NA,NA,NA,NA,Denver Nuggets,6-3,San Antonio Spurs,5-5,0.826,0.826,0.233,0.25321888412017146,0.7467811158798285,418,0,0,1,18,40146829336,36,1,7:48,2628,43.8,10,13,13,10,3,Tre Jones makes 4-foot two point shot
nba,2023,401468291,2022-11-05,Milwaukee Bucks,Oklahoma City Thunder,MIL,OKC,9-0,4-5,108,94,TRUE,Milwaukee Bucks,9-0,NA,NA,NA,NA,NA,NA,NA,NA,NA,NA,Milwaukee Bucks,9-0,Oklahoma City Thunder,4-5,0.738,0.738,0.511,0.48727984344422703,0.512720156555773,479,0,0,1,86,401468291121,121,1,2:46,2326,38.766666666666666,24,32,32,24,8,Darius Bazley makes 25-foot three point jumper (Shai Gilgeous-Alexander assists)
nba,2023,401468292,2022-11-05,Minnesota Timberwolves,Houston Rockets,MIN,HOU,5-5,1-9,129,117,TRUE,Minnesota Timberwolves,5-5,NA,NA,NA,NA,NA,NA,NA,NA,NA,NA,Minnesota Timberwolves,5-5,Houston Rockets,1-9,0.746,0.746,0.354,0.28248587570621464,0.7175141242937854,477,0,0,1,67,401468292104,104,1,4:09,2409,40.15,23,25,25,23,2,Kenyon Martin Jr. defensive rebound
nba,2023,401468289,2022-11-05,Atlanta Hawks,New Orleans Pelicans,ATL,NO,6-3,5-4,124,121,TRUE,Atlanta Hawks,6-3,NA,NA,NA,NA,NA,NA,NA,NA,NA,NA,Atlanta Hawks,6-3,New Orleans Pelicans,5-4,0.574,0.574,0.8069999999999999,0.7608426270136306,0.2391573729863694,549,0,0,1,477,401468289664,664,4,36.8,336.8,5.613333333333333,107,109,109,107,2,Zion Williamson defensive rebound
nba,2023,401468290,2022-11-05,New York Knicks,Boston Celtics,NY,BOS,4-5,6-3,118,133,FALSE,Boston Celtics,6-3,NA,NA,NA,NA,NA,NA,NA,NA,NA,NA,Boston Celtics,6-3,New York Knicks,4-5,0.381,0.619,0.539,0.29313543599257885,0.7068645640074211,413,0,0,1,224,401468290325,325,3,10:37,1357,22.616666666666667,72,69,72,69,3,Jalen Brunson makes 19-foot step back jumpshot
nba,2023,401468288,2022-11-05,Charlotte Hornets,Brooklyn Nets,CHA,BKN,3-7,4-6,94,98,FALSE,Brooklyn Nets,4-6,NA,NA,NA,NA,NA,NA,NA,NA,NA,NA,Brooklyn Nets,4-6,Charlotte Hornets,3-7,0.49,0.51,0.635,0.4251968503937009,0.5748031496062991,304,0,0,1,303,401468288438,438,3,4:35,995,16.583333333333332,61,59,61,59,2,Kelly Oubre Jr. makes free throw 2 of 3
nba,2023,401468287,2022-11-05,Orlando Magic,Sacramento Kings,ORL,SAC,2-8,3-5,123,126,FALSE,Sacramento Kings,3-5,NA,NA,NA,NA,NA,NA,NA,NA,NA,NA,Sacramento Kings,3-5,Orlando Magic,2-8,0.378,0.622,0.952,0.9495798319327732,0.05042016806722693,496,0,0,1,227,401468287336,336,3,11:00,1680,28,67,47,67,47,20,Paolo Banchero makes 8-foot driving floating jump shot (Jalen Suggs assists)
nba,2023,401468286,2022-11-04,Los Angeles Lakers,Utah Jazz,LAL,UTAH,2-6,7-3,116,130,FALSE,Utah Jazz,7-3,NA,NA,NA,NA,NA,NA,NA,NA,NA,NA,Utah Jazz,7-3,Los Angeles Lakers,2-6,0.41,0.5900000000000001,0.513,0.20077972709551672,0.7992202729044833,468,0,0,1,5,40146828611,11,1,11:21,2841,47.35,5,0,5,0,5,Anthony Davis makes layup (LeBron James assists)
nba,2023,401468284,2022-11-04,Minnesota Timberwolves,Milwaukee Bucks,MIN,MIL,4-5,8-0,102,115,FALSE,Minnesota Timberwolves,4-5,NA,NA,NA,NA,NA,NA,NA,NA,NA,NA,Milwaukee Bucks,8-0,Minnesota Timberwolves,4-5,0.624,0.624,0.625,0.3999999999999999,0.6000000000000001,500,0,0,1,5,40146828411,11,1,11:16,2836,47.266666666666666,3,2,3,2,1,D'Angelo Russell makes 25-foot three pointer
nba,2023,401468285,2022-11-04,Phoenix Suns,Portland Trail Blazers,PHX,POR,6-2,6-2,106,108,FALSE,Phoenix Suns,6-2,NA,NA,NA,NA,NA,NA,NA,NA,NA,NA,Portland Trail Blazers,6-2,Phoenix Suns,6-2,0.888,0.888,0.942,0.9384288747346072,0.06157112526539277,456,0,0,1,41,40146828563,63,1,6:33,2553,42.55,17,9,17,9,8,Devin Booker defensive rebound
nba,2023,401468282,2022-11-04,Dallas Mavericks,Toronto Raptors,DAL,TOR,5-3,5-4,111,110,TRUE,Dallas Mavericks,5-3,NA,NA,NA,NA,NA,NA,NA,NA,NA,NA,Dallas Mavericks,5-3,Toronto Raptors,5-4,0.68,0.68,0.4449999999999999,0.2808988764044944,0.7191011235955056,462,0,0,1,101,401468282138,138,1,2:03,2283,38.05,22,26,26,22,4,Pascal Siakam makes 8-foot two point shot
nba,2023,401468283,2022-11-04,New Orleans Pelicans,Golden State Warriors,NO,GS,5-3,3-7,114,105,TRUE,New Orleans Pelicans,5-3,NA,NA,NA,NA,NA,NA,NA,NA,NA,NA,New Orleans Pelicans,5-3,Golden State Warriors,3-7,0.854,0.854,0.408,0.642156862745098,0.357843137254902,457,0,0,1,294,401468283424,424,3,5:29,1049,17.483333333333334,66,67,67,66,1,Jonas Valanciunas bad pass (Jonathan Kuminga steals)
nba,2023,401468280,2022-11-04,Memphis Grizzlies,Charlotte Hornets,MEM,CHA,6-3,3-6,130,99,TRUE,Memphis Grizzlies,6-3,NA,NA,NA,NA,NA,NA,NA,NA,NA,NA,Memphis Grizzlies,6-3,Charlotte Hornets,3-6,0.758,0.758,0.266,0.09022556390977454,0.9097744360902256,488,0,0,1,21,40146828031,31,1,10:04,2764,46.06666666666667,4,4,4,4,0,Mason Plumlee defensive rebound
nba,2023,401468281,2022-11-04,San Antonio Spurs,LA Clippers,SA,LAC,5-4,5-4,106,113,FALSE,San Antonio Spurs,5-4,NA,NA,NA,NA,NA,NA,NA,NA,NA,NA,LA Clippers,5-4,San Antonio Spurs,5-4,0.53,0.53,0.854,0.8290398126463701,0.17096018735362994,445,0,0,1,246,401468281359,359,3,7:48,1188,19.8,69,59,69,59,10,Tre Jones defensive rebound
nba,2023,401468279,2022-11-04,Boston Celtics,Chicago Bulls,BOS,CHI,5-3,5-5,123,119,TRUE,Boston Celtics,5-3,NA,NA,NA,NA,NA,NA,NA,NA,NA,NA,Boston Celtics,5-3,Chicago Bulls,5-5,0.809,0.809,0.468,0.591880341880342,0.408119658119658,489,0,0,2,94,401468279141,141,1,41.0,2201,36.68333333333333,23,31,31,23,8,Grant Williams offensive foul
nba,2023,401468275,2022-11-04,Detroit Pistons,Cleveland Cavaliers,DET,CLE,2-8,7-1,88,112,FALSE,Cleveland Cavaliers,7-1,NA,NA,NA,NA,NA,NA,NA,NA,NA,NA,Cleveland Cavaliers,7-1,Detroit Pistons,2-8,0.286,0.714,0.448,0.3616071428571428,0.6383928571428572,436,0,0,1,84,401468275110,110,1,3:02,2342,39.03333333333333,19,14,19,14,5,Saddiq Bey makes 27-foot three point jumper (Cade Cunningham assists)
nba,2023,401468276,2022-11-04,Indiana Pacers,Miami Heat,IND,MIA,4-5,4-6,101,99,TRUE,Indiana Pacers,4-5,NA,NA,NA,NA,NA,NA,NA,NA,NA,NA,Indiana Pacers,4-5,Miami Heat,4-6,0.502,0.502,0.702,0.5754985754985753,0.4245014245014247,464,0,0,2,55,40146827679,79,1,5:56,2516,41.93333333333333,13,20,20,13,7,Bam Adebayo offensive rebound
nba,2023,401468277,2022-11-04,Philadelphia 76ers,New York Knicks,PHI,NY,4-6,4-4,104,106,FALSE,Philadelphia 76ers,4-6,NA,NA,NA,NA,NA,NA,NA,NA,NA,NA,New York Knicks,4-4,Philadelphia 76ers,4-6,0.663,0.663,0.96,0.9583333333333331,0.04166666666666674,511,0,0,1,415,401468277608,608,4,6:05,365,6.083333333333333,91,81,91,81,10,Paul Reed defensive rebound
nba,2023,401468278,2022-11-04,Washington Wizards,Brooklyn Nets,WSH,BKN,4-5,3-6,86,128,FALSE,Washington Wizards,4-5,NA,NA,NA,NA,NA,NA,NA,NA,NA,NA,Brooklyn Nets,3-6,Washington Wizards,4-5,0.691,0.691,0.807,0.7608426270136308,0.2391573729863692,433,0,0,1,37,40146827849,49,1,7:35,2615,43.583333333333336,16,11,16,11,5,Kyle Kuzma makes free throw 1 of 2
nba,2023,401468274,2022-11-03,Oklahoma City Thunder,Denver Nuggets,OKC,DEN,4-4,5-3,110,122,FALSE,Denver Nuggets,5-3,NA,NA,NA,NA,NA,NA,NA,NA,NA,NA,Denver Nuggets,5-3,Oklahoma City Thunder,4-4,0.299,0.7010000000000001,0.575,0.4800000000000001,0.5199999999999999,453,0,0,1,343,401468274487,487,4,11:47,707,11.783333333333331,95,93,95,93,2,Jeff Green bad pass (Aleksej Pokusevski steals)
nba,2023,401468273,2022-11-03,Orlando Magic,Golden State Warriors,ORL,GS,2-7,3-6,130,129,TRUE,Golden State Warriors,3-6,NA,NA,NA,NA,NA,NA,NA,NA,NA,NA,Orlando Magic,2-7,Golden State Warriors,3-6,0.243,0.757,0.966,0.9648033126293996,0.03519668737060044,507,0,0,2,276,401468273408,408,3,8:25,1225,20.416666666666668,62,78,78,62,16,Wendell Carter Jr. offensive foul
nba,2023,401468272,2022-11-02,Los Angeles Lakers,New Orleans Pelicans,LAL,NO,2-5,4-3,120,117,TRUE,New Orleans Pelicans,4-3,NA,NA,NA,NA,NA,NA,NA,NA,NA,NA,Los Angeles Lakers,2-5,New Orleans Pelicans,4-3,0.437,0.563,0.996,0.9959839357429718,0.00401606425702816,508,0,0,1,458,401468272647,647,4,1.6,301.6,5.026666666666667,108,111,111,108,3,Anthony Davis personal foul
nba,2023,401468271,2022-11-02,Portland Trail Blazers,Memphis Grizzlies,POR,MEM,5-2,5-3,106,111,FALSE,Memphis Grizzlies,5-3,NA,NA,NA,NA,NA,NA,NA,NA,NA,NA,Memphis Grizzlies,5-3,Portland Trail Blazers,5-2,0.409,0.591,0.572,0.2849650349650349,0.7150349650349651,479,0,0,1,435,401468271611,611,4,2:27,147,2.45,100,100,100,100,0,Jerami Grant defensive rebound
nba,2023,401468270,2022-11-02,Dallas Mavericks,Utah Jazz,DAL,UTAH,4-3,6-3,103,100,TRUE,Dallas Mavericks,4-3,NA,NA,NA,NA,NA,NA,NA,NA,NA,NA,Dallas Mavericks,4-3,Utah Jazz,6-3,0.69,0.69,0.89,0.8764044943820224,0.1235955056179776,433,0,0,1,251,401468270366,366,3,8:23,1223,20.383333333333333,49,64,64,49,15,Jordan Clarkson makes 25-foot three point jumper (Mike Conley assists)
nba,2023,401468266,2022-11-02,Chicago Bulls,Charlotte Hornets,CHI,CHA,5-4,3-5,106,88,TRUE,Chicago Bulls,5-4,NA,NA,NA,NA,NA,NA,NA,NA,NA,NA,Chicago Bulls,5-4,Charlotte Hornets,3-5,0.572,0.572,0.587,0.29642248722316866,0.7035775127768313,479,0,0,1,81,401468266119,119,1,3:11,2351,39.18333333333333,14,20,20,14,6,Nick Richards makes dunk (Theo Maledon assists)
nba,2023,401468267,2022-11-02,Houston Rockets,LA Clippers,HOU,LAC,1-8,4-4,101,109,FALSE,LA Clippers,4-4,NA,NA,NA,NA,NA,NA,NA,NA,NA,NA,LA Clippers,4-4,Houston Rockets,1-8,0.388,0.612,0.552,0.2971014492753623,0.7028985507246377,458,0,0,1,259,401468267358,358,3,8:42,1242,20.7,63,61,63,61,2,Jalen Green defensive rebound
nba,2023,401468268,2022-11-02,Milwaukee Bucks,Detroit Pistons,MIL,DET,7-0,2-7,116,91,TRUE,Milwaukee Bucks,7-0,NA,NA,NA,NA,NA,NA,NA,NA,NA,NA,Milwaukee Bucks,7-0,Detroit Pistons,2-7,0.8,0.8,0.245,0.1836734693877553,0.8163265306122447,467,0,0,3,56,40146826876,76,1,6:25,2545,42.416666666666664,13,13,13,13,0,Saddiq Bey makes free throw 1 of 2
nba,2023,401468269,2022-11-02,San Antonio Spurs,Toronto Raptors,SA,TOR,5-3,5-3,100,143,FALSE,Toronto Raptors,5-3,NA,NA,NA,NA,NA,NA,NA,NA,NA,NA,Toronto Raptors,5-3,San Antonio Spurs,5-3,0.377,0.623,0.453,0.16777041942604853,0.8322295805739515,485,0,0,1,140,401468269209,209,2,9:11,1991,33.18333333333333,38,37,38,37,1,Doug McDermott defensive rebound
nba,2023,401468262,2022-11-02,Cleveland Cavaliers,Boston Celtics,CLE,BOS,6-1,4-3,114,113,TRUE,Boston Celtics,4-3,NA,NA,NA,NA,NA,NA,NA,NA,NA,NA,Cleveland Cavaliers,6-1,Boston Celtics,4-3,0.493,0.507,0.878,0.8610478359908884,0.1389521640091116,521,0,0,1,273,401468262393,393,3,9:05,1565,26.083333333333332,54,65,65,54,11,Marcus Smart makes free throw 1 of 2
nba,2023,401468264,2022-11-02,Miami Heat,Sacramento Kings,MIA,SAC,4-5,2-5,110,107,TRUE,Miami Heat,4-5,NA,NA,NA,NA,NA,NA,NA,NA,NA,NA,Miami Heat,4-5,Sacramento Kings,2-5,0.666,0.666,0.836,0.8038277511961722,0.19617224880382775,438,0,0,1,379,401468264555,555,4,5:52,352,5.866666666666666,88,94,94,88,6,Gabe Vincent misses 23-foot three point jumper
nba,2023,401468265,2022-11-02,New York Knicks,Atlanta Hawks,NY,ATL,3-4,5-3,99,112,FALSE,Atlanta Hawks,5-3,NA,NA,NA,NA,NA,NA,NA,NA,NA,NA,Atlanta Hawks,5-3,New York Knicks,3-4,0.481,0.519,0.964,0.962655601659751,0.03734439834024905,493,0,0,1,197,401468265269,269,2,6:44,1844,30.733333333333334,51,28,51,28,23,RJ Barrett defensive rebound
nba,2023,401468263,2022-11-02,Philadelphia 76ers,Washington Wizards,PHI,WSH,4-5,4-4,111,121,FALSE,Philadelphia 76ers,4-5,NA,NA,NA,NA,NA,NA,NA,NA,NA,NA,Washington Wizards,4-4,Philadelphia 76ers,4-5,0.762,0.762,0.816,0.7745098039215685,0.22549019607843143,432,0,0,1,21,40146826337,37,1,8:59,2699,44.983333333333334,12,8,12,8,4,Tyrese Maxey makes 26-foot three point jumper (Tobias Harris assists)
nba,2023,401468261,2022-11-01,Phoenix Suns,Minnesota Timberwolves,PHX,MIN,6-1,4-4,116,107,TRUE,Phoenix Suns,6-1,NA,NA,NA,NA,NA,NA,NA,NA,NA,NA,Phoenix Suns,6-1,Minnesota Timberwolves,4-4,0.638,0.638,0.518,0.3011583011583012,0.6988416988416988,485,0,0,1,34,40146826147,47,1,8:20,2660,44.333333333333336,2,6,6,2,4,Devin Booker shooting foul
nba,2023,401468260,2022-11-01,Oklahoma City Thunder,Orlando Magic,OKC,ORL,4-3,1-7,116,108,TRUE,Oklahoma City Thunder,4-3,NA,NA,NA,NA,NA,NA,NA,NA,NA,NA,Oklahoma City Thunder,4-3,Orlando Magic,1-7,0.633,0.633,0.961,0.9594172736732568,0.04058272632674309,476,0,0,1,413,401468260601,601,4,7:01,421,7.016666666666667,93,104,104,93,11,Shai Gilgeous-Alexander bad pass (Wendell Carter Jr. steals)
nba,2023,401468258,2022-11-01,Brooklyn Nets,Chicago Bulls,BKN,CHI,2-6,4-4,99,108,FALSE,Brooklyn Nets,2-6,NA,NA,NA,NA,NA,NA,NA,NA,NA,NA,Chicago Bulls,4-4,Brooklyn Nets,2-6,0.558,0.558,0.906,0.8962472406181017,0.10375275938189832,441,0,0,1,310,401468258433,433,3,3:43,943,15.716666666666669,76,65,76,65,11,Edmond Sumner defensive rebound
nba,2023,401468259,2022-11-01,Miami Heat,Golden State Warriors,MIA,GS,3-5,3-5,116,109,TRUE,Miami Heat,3-5,NA,NA,NA,NA,NA,NA,NA,NA,NA,NA,Miami Heat,3-5,Golden State Warriors,3-5,0.553,0.553,0.887,0.8726042841037205,0.12739571589627952,456,0,0,1,337,401468259510,510,3,41.0,761,12.683333333333334,86,94,94,86,8,Duncan Robinson away from play foul
nba,2023,401468257,2022-10-31,LA Clippers,Houston Rockets,LAC,HOU,3-4,1-7,95,93,TRUE,LA Clippers,3-4,NA,NA,NA,NA,NA,NA,NA,NA,NA,NA,LA Clippers,3-4,Houston Rockets,1-7,0.727,0.727,0.94,0.9361702127659576,0.06382978723404253,472,0,0,2,445,401468257629,629,4,1:27,87,1.45,88,93,93,88,5,Jalen Green makes free throw 1 of 2
nba,2023,401468256,2022-10-31,Utah Jazz,Memphis Grizzlies,UTAH,MEM,6-2,4-3,121,105,TRUE,Utah Jazz,6-2,NA,NA,NA,NA,NA,NA,NA,NA,NA,NA,Utah Jazz,6-2,Memphis Grizzlies,4-3,0.573,0.573,0.554,0.22924187725631773,0.7707581227436823,529,0,0,1,12,40146825620,20,1,10:37,2797,46.61666666666667,0,4,4,0,4,Dillon Brooks misses free throw 1 of 2
nba,2023,401468255,2022-10-31,Milwaukee Bucks,Detroit Pistons,MIL,DET,6-0,2-6,110,108,TRUE,Milwaukee Bucks,6-0,NA,NA,NA,NA,NA,NA,NA,NA,NA,NA,Milwaukee Bucks,6-0,Detroit Pistons,2-6,0.865,0.865,0.4489999999999999,0.6993318485523385,0.30066815144766146,495,0,0,1,478,401468255659,659,4,57.6,57.6,0.96,105,105,105,105,0,Isaiah Stewart makes layup (Cade Cunningham assists)
nba,2023,401468253,2022-10-31,Brooklyn Nets,Indiana Pacers,BKN,IND,2-5,3-5,116,109,TRUE,Brooklyn Nets,2-5,NA,NA,NA,NA,NA,NA,NA,NA,NA,NA,Brooklyn Nets,2-5,Indiana Pacers,3-5,0.705,0.705,0.48,0.3854166666666665,0.6145833333333335,471,0,0,1,405,401468253612,612,4,6:28,388,6.466666666666667,100,100,100,100,0,Kyrie Irving misses 27-foot three point jumper
nba,2023,401468254,2022-10-31,Toronto Raptors,Atlanta Hawks,TOR,ATL,4-3,4-3,139,109,TRUE,Atlanta Hawks,4-3,NA,NA,NA,NA,NA,NA,NA,NA,NA,NA,Toronto Raptors,4-3,Atlanta Hawks,4-3,0.499,0.501,0.5860000000000001,0.2935153583617749,0.7064846416382251,492,0,0,1,181,401468254261,261,2,6:03,1803,30.05,42,44,44,42,2,John Collins defensive rebound
nba,2023,401468251,2022-10-31,Charlotte Hornets,Sacramento Kings,CHA,SAC,3-4,2-4,108,115,FALSE,Charlotte Hornets,3-4,NA,NA,NA,NA,NA,NA,NA,NA,NA,NA,Sacramento Kings,2-4,Charlotte Hornets,3-4,0.541,0.541,0.927,0.9212513484358144,0.07874865156418553,482,0,0,1,235,401468251348,348,2,49.7,1489.7,24.828333333333333,65,50,65,50,15,Alex Len shooting foul
nba,2023,401468252,2022-10-31,Washington Wizards,Philadelphia 76ers,WSH,PHI,3-4,4-4,111,118,FALSE,Philadelphia 76ers,4-4,NA,NA,NA,NA,NA,NA,NA,NA,NA,NA,Philadelphia 76ers,4-4,Washington Wizards,3-4,0.335,0.665,0.557,0.3985637342908439,0.6014362657091561,430,0,0,1,196,401468252289,289,2,1:57,1557,25.95,52,47,52,47,5,Will Barton makes layup (Bradley Beal assists)
nba,2023,401468250,2022-10-30,Los Angeles Lakers,Denver Nuggets,LAL,DEN,1-5,4-3,121,110,TRUE,Denver Nuggets,4-3,NA,NA,NA,NA,NA,NA,NA,NA,NA,NA,Los Angeles Lakers,1-5,Denver Nuggets,4-3,0.445,0.5549999999999999,0.839,0.8081048867699643,0.19189511323003572,483,0,0,3,329,401468250475,475,3,3:30,930,15.5,75,83,83,75,8,Aaron Gordon defensive rebound
nba,2023,401468249,2022-10-30,Phoenix Suns,Houston Rockets,PHX,HOU,5-1,1-6,124,109,TRUE,Phoenix Suns,5-1,NA,NA,NA,NA,NA,NA,NA,NA,NA,NA,Phoenix Suns,5-1,Houston Rockets,1-6,0.856,0.856,0.4310000000000001,0.665893271461717,0.33410672853828305,489,0,0,2,349,401468249510,510,3,36.6,756.6,12.61,87,86,86,87,-1,Torrey Craig personal foul
nba,2023,401468248,2022-10-30,Dallas Mavericks,Orlando Magic,DAL,ORL,3-3,1-6,114,105,TRUE,Dallas Mavericks,3-3,NA,NA,NA,NA,NA,NA,NA,NA,NA,NA,Dallas Mavericks,3-3,Orlando Magic,1-6,0.865,0.865,0.5860000000000001,0.7696245733788396,0.2303754266211604,453,0,0,1,157,401468248225,225,2,5:55,1795,29.916666666666668,40,51,51,40,11,Kevon Harris defensive rebound
nba,2023,401468247,2022-10-30,San Antonio Spurs,Minnesota Timberwolves,SA,MIN,5-2,4-3,107,98,TRUE,Minnesota Timberwolves,4-3,NA,NA,NA,NA,NA,NA,NA,NA,NA,NA,San Antonio Spurs,5-2,Minnesota Timberwolves,4-3,0.338,0.6619999999999999,0.785,0.7261146496815287,0.2738853503184713,518,0,0,2,9,40146824717,17,1,10:19,2779,46.31666666666667,0,6,6,0,6,Keita Bates-Diop offensive charge
nba,2023,401468244,2022-10-30,Boston Celtics,Washington Wizards,BOS,WSH,4-2,3-3,112,94,TRUE,Boston Celtics,4-2,NA,NA,NA,NA,NA,NA,NA,NA,NA,NA,Boston Celtics,4-2,Washington Wizards,3-3,0.768,0.768,0.232,0,1,451,0,0,1,1,4014682444,4,1,12:00,2880,48,0,0,0,0,0,Kristaps Porzingis vs. Al Horford (Derrick White gains possession)
nba,2023,401468245,2022-10-30,Cleveland Cavaliers,New York Knicks,CLE,NY,5-1,3-3,121,108,TRUE,Cleveland Cavaliers,5-1,NA,NA,NA,NA,NA,NA,NA,NA,NA,NA,Cleveland Cavaliers,5-1,New York Knicks,3-3,0.678,0.678,0.895,0.8826815642458101,0.11731843575418988,476,0,0,1,374,401468245542,542,4,10:10,610,10.166666666666666,84,93,93,84,9,Kevin Love loose ball foul
nba,2023,401468246,2022-10-30,Detroit Pistons,Golden State Warriors,DET,GS,2-5,3-4,128,114,TRUE,Golden State Warriors,3-4,NA,NA,NA,NA,NA,NA,NA,NA,NA,NA,Detroit Pistons,2-5,Golden State Warriors,3-4,0.368,0.632,0.832,0.7980769230769231,0.20192307692307687,502,0,0,1,144,401468246201,201,2,11:02,2102,35.03333333333333,29,39,39,29,10,Saddiq Bey misses layup
nba,2023,401468243,2022-10-30,LA Clippers,New Orleans Pelicans,LAC,NO,2-4,4-2,91,112,FALSE,New Orleans Pelicans,4-2,NA,NA,NA,NA,NA,NA,NA,NA,NA,NA,New Orleans Pelicans,4-2,LA Clippers,2-4,0.475,0.525,0.785,0.7261146496815287,0.2738853503184713,438,0,0,1,138,401468243199,199,2,7:42,1902,31.7,36,25,36,25,11,Norman Powell makes 18-foot pullup jump shot
nba,2023,401468241,2022-10-29,Dallas Mavericks,Oklahoma City Thunder,DAL,OKC,2-3,3-3,111,117,FALSE,Dallas Mavericks,2-3,NA,NA,NA,NA,NA,NA,NA,NA,NA,NA,Oklahoma City Thunder,3-3,Dallas Mavericks,2-3,0.882,0.882,0.998,0.997995991983968,0.00200400801603195,551,0,0,7,425,401468241627,627,4,5:12,612,10.2,95,79,95,79,16,Aaron Wiggins misses tip shot
nba,2023,401468242,2022-10-29,Utah Jazz,Memphis Grizzlies,UTAH,MEM,5-2,4-2,124,123,TRUE,Utah Jazz,5-2,NA,NA,NA,NA,NA,NA,NA,NA,NA,NA,Utah Jazz,5-2,Memphis Grizzlies,4-2,0.536,0.536,0.889,0.875140607424072,0.12485939257592804,465,0,0,1,440,401468242651,651,4,2:41,161,2.683333333333333,113,117,117,113,4,Desmond Bane makes free throw 1 of 2
nba,2023,401468239,2022-10-29,Chicago Bulls,Philadelphia 76ers,CHI,PHI,3-4,3-4,109,114,FALSE,Philadelphia 76ers,3-4,NA,NA,NA,NA,NA,NA,NA,NA,NA,NA,Philadelphia 76ers,3-4,Chicago Bulls,3-4,0.267,0.733,0.691,0.6136034732272069,0.3863965267727931,470,0,0,1,421,401468239615,615,4,3:40,220,3.6666666666666665,107,105,107,105,2,Nikola Vucevic defensive rebound
nba,2023,401468240,2022-10-29,Milwaukee Bucks,Atlanta Hawks,MIL,ATL,5-0,4-2,123,115,TRUE,Atlanta Hawks,4-2,NA,NA,NA,NA,NA,NA,NA,NA,NA,NA,Milwaukee Bucks,5-0,Atlanta Hawks,4-2,0.496,0.504,0.677,0.5228951255539145,0.4771048744460855,483,0,0,1,37,40146824050,50,1,7:56,2636,43.93333333333333,4,11,11,4,7,John Collins makes 8-foot two point shot
nba,2023,401468238,2022-10-29,Brooklyn Nets,Indiana Pacers,BKN,IND,1-5,3-4,116,125,FALSE,Brooklyn Nets,1-5,NA,NA,NA,NA,NA,NA,NA,NA,NA,NA,Indiana Pacers,3-4,Brooklyn Nets,1-5,0.789,0.789,0.901,0.8901220865704773,0.10987791342952268,472,0,0,2,157,401468238227,227,2,9:01,1981,33.016666666666666,36,26,36,26,10,Tyrese Haliburton misses 16-foot pullup jump shot
nba,2023,401468237,2022-10-29,Charlotte Hornets,Golden State Warriors,CHA,GS,3-3,3-3,120,113,TRUE,Golden State Warriors,3-3,NA,NA,NA,NA,NA,NA,NA,NA,NA,NA,Charlotte Hornets,3-3,Golden State Warriors,3-3,0.315,0.685,0.808,0.7623762376237624,0.2376237623762376,524,0,0,3,464,401468237660,660,4,1:02,362,6.033333333333333,103,107,107,103,4,Andrew Wiggins makes 2-foot dunk (Draymond Green assists)
nba,2023,401468236,2022-10-29,Sacramento Kings,Miami Heat,SAC,MIA,1-4,2-5,119,113,TRUE,Miami Heat,2-5,NA,NA,NA,NA,NA,NA,NA,NA,NA,NA,Sacramento Kings,1-4,Miami Heat,2-5,0.44,0.56,0.56,0.2142857142857144,0.7857142857142856,501,0,0,2,1,4014682364,4,1,12:00,2880,48,0,0,0,0,0,Bam Adebayo vs. Domantas Sabonis (Kyle Lowry gains possession)
nba,2023,401468234,2022-10-28,Phoenix Suns,New Orleans Pelicans,PHX,NO,4-1,3-2,124,111,TRUE,Phoenix Suns,4-1,NA,NA,NA,NA,NA,NA,NA,NA,NA,NA,Phoenix Suns,4-1,New Orleans Pelicans,3-2,0.762,0.762,0.521,0.5431861804222649,0.45681381957773515,453,0,0,1,87,401468234128,128,1,1:09,2229,37.15,19,27,27,19,8,Landry Shamet misses 23-foot three point jumper
nba,2023,401468235,2022-10-28,Portland Trail Blazers,Houston Rockets,POR,HOU,5-1,1-5,125,111,TRUE,Portland Trail Blazers,5-1,NA,NA,NA,NA,NA,NA,NA,NA,NA,NA,Portland Trail Blazers,5-1,Houston Rockets,1-5,0.64,0.64,0.36,0,1,488,0,0,1,1,4014682354,4,1,12:00,2880,48,0,0,0,0,0,Kevin Porter Jr. vs. Jusuf Nurkic (Alperen Sengun gains possession)
nba,2023,401468233,2022-10-28,Denver Nuggets,Utah Jazz,DEN,UTAH,4-2,4-2,117,101,TRUE,Denver Nuggets,4-2,NA,NA,NA,NA,NA,NA,NA,NA,NA,NA,Denver Nuggets,4-2,Utah Jazz,4-2,0.611,0.611,0.5489999999999999,0.29143897996357004,0.70856102003643,481,0,0,1,19,40146823332,32,1,9:06,2706,45.1,6,12,12,6,6,Lauri Markkanen makes 27-foot three point jumper (Mike Conley assists)
nba,2023,401468232,2022-10-28,San Antonio Spurs,Chicago Bulls,SA,CHI,4-2,3-3,129,124,TRUE,San Antonio Spurs,4-2,NA,NA,NA,NA,NA,NA,NA,NA,NA,NA,San Antonio Spurs,4-2,Chicago Bulls,3-3,0.516,0.516,0.89,0.8764044943820224,0.1235955056179776,509,0,0,1,413,401468232593,593,4,6:15,375,6.25,105,112,112,105,7,Keldon Johnson misses 27-foot three point jumper
nba,2023,401468230,2022-10-28,Milwaukee Bucks,New York Knicks,MIL,NY,4-0,3-2,119,108,TRUE,Milwaukee Bucks,4-0,NA,NA,NA,NA,NA,NA,NA,NA,NA,NA,Milwaukee Bucks,4-0,New York Knicks,3-2,0.662,0.662,0.423,0.20094562647754155,0.7990543735224584,546,0,0,1,126,401468230174,174,1,53.0,2213,36.88333333333333,22,24,24,22,2,Immanuel Quickley makes 26-foot step back jumpshot
nba,2023,401468231,2022-10-28,Minnesota Timberwolves,Los Angeles Lakers,MIN,LAL,4-2,0-5,111,102,TRUE,Minnesota Timberwolves,4-2,NA,NA,NA,NA,NA,NA,NA,NA,NA,NA,Minnesota Timberwolves,4-2,Los Angeles Lakers,0-5,0.783,0.783,0.423,0.4869976359338063,0.5130023640661937,532,0,0,1,267,401468231394,394,3,8:48,1248,20.8,56,57,57,56,1,Damian Jones defensive rebound
nba,2023,401468227,2022-10-28,Boston Celtics,Cleveland Cavaliers,BOS,CLE,3-2,4-1,123,132,FALSE,Boston Celtics,3-2,NA,NA,NA,NA,NA,NA,NA,NA,NA,NA,Cleveland Cavaliers,4-1,Boston Celtics,3-2,0.706,0.706,0.944,0.9406779661016949,0.05932203389830515,506,0,0,1,283,401468227404,404,3,8:27,1527,25.45,81,67,81,67,14,Luke Kornet offensive rebound
nba,2023,401468228,2022-10-28,Toronto Raptors,Philadelphia 76ers,TOR,PHI,3-3,2-4,90,112,FALSE,Toronto Raptors,3-3,NA,NA,NA,NA,NA,NA,NA,NA,NA,NA,Philadelphia 76ers,2-4,Toronto Raptors,3-3,0.5,0.5,0.505,0.01980198019801982,0.9801980198019802,451,0,0,3,79,401468228118,118,1,2:01,2281,38.016666666666666,20,20,20,20,0,Danuel House Jr. offensive foul
nba,2023,401468229,2022-10-28,Washington Wizards,Indiana Pacers,WSH,IND,3-2,2-4,117,127,FALSE,Washington Wizards,3-2,NA,NA,NA,NA,NA,NA,NA,NA,NA,NA,Indiana Pacers,2-4,Washington Wizards,3-2,0.698,0.698,0.784,0.7244897959183674,0.2755102040816326,469,0,0,1,28,40146822940,40,1,8:44,2684,44.733333333333334,13,8,13,8,5,Buddy Hield misses 24-foot three point pullup jump shot
nba,2023,401468225,2022-10-28,Detroit Pistons,Atlanta Hawks,DET,ATL,1-5,4-1,112,136,FALSE,Atlanta Hawks,4-1,NA,NA,NA,NA,NA,NA,NA,NA,NA,NA,Atlanta Hawks,4-1,Detroit Pistons,1-5,0.255,0.745,0.435,0.4137931034482758,0.5862068965517242,486,0,0,1,272,401468225382,382,3,10:35,1355,22.583333333333332,71,69,71,69,2,Saddiq Bey makes 19-foot pullup jump shot
nba,2023,401468226,2022-10-28,Orlando Magic,Charlotte Hornets,ORL,CHA,1-5,2-3,113,93,TRUE,Charlotte Hornets,2-3,NA,NA,NA,NA,NA,NA,NA,NA,NA,NA,Orlando Magic,1-5,Charlotte Hornets,2-3,0.381,0.619,0.743,0.6541049798115748,0.3458950201884252,466,0,0,1,76,401468226110,110,1,3:03,2343,39.05,14,19,19,14,5,Chuma Okeke shooting foul
nba,2023,401468223,2022-10-27,Golden State Warriors,Miami Heat,GS,MIA,3-2,2-4,123,110,TRUE,Golden State Warriors,3-2,NA,NA,NA,NA,NA,NA,NA,NA,NA,NA,Golden State Warriors,3-2,Miami Heat,2-4,0.658,0.658,0.5820000000000001,0.41237113402061865,0.5876288659793814,445,0,0,1,288,401468223411,411,3,5:30,1050,17.5,74,77,77,74,3,Kyle Lowry defensive rebound
nba,2023,401468224,2022-10-27,Sacramento Kings,Memphis Grizzlies,SAC,MEM,0-4,4-1,110,125,FALSE,Memphis Grizzlies,4-1,NA,NA,NA,NA,NA,NA,NA,NA,NA,NA,Memphis Grizzlies,4-1,Sacramento Kings,0-4,0.465,0.5349999999999999,0.748,0.6631016042780749,0.33689839572192515,461,0,0,1,57,40146822483,83,1,4:46,2446,40.766666666666666,23,13,23,13,10,Harrison Barnes defensive rebound
nba,2023,401468222,2022-10-27,Oklahoma City Thunder,LA Clippers,OKC,LAC,2-3,2-3,118,110,TRUE,LA Clippers,2-3,NA,NA,NA,NA,NA,NA,NA,NA,NA,NA,Oklahoma City Thunder,2-3,LA Clippers,2-3,0.398,0.602,0.788,0.7309644670050761,0.2690355329949239,446,0,0,1,221,401468222331,331,3,11:17,1397,23.283333333333335,53,60,60,53,7,Tre Mann misses two point shot
nba,2023,401468221,2022-10-27,Brooklyn Nets,Dallas Mavericks,BKN,DAL,1-4,2-2,125,129,FALSE,Dallas Mavericks,2-2,NA,NA,NA,NA,NA,NA,NA,NA,NA,NA,Dallas Mavericks,2-2,Brooklyn Nets,1-4,0.385,0.615,0.837,0.8052568697729987,0.1947431302270013,515,0,0,1,425,401468221603,603,4,3:11,491,8.183333333333334,110,106,110,106,4,Mavericks Full timeout
nba,2023,401468219,2022-10-26,Denver Nuggets,Los Angeles Lakers,DEN,LAL,3-2,0-4,110,99,TRUE,Denver Nuggets,3-2,NA,NA,NA,NA,NA,NA,NA,NA,NA,NA,Denver Nuggets,3-2,Los Angeles Lakers,0-4,0.765,0.765,0.458,0.48689956331877726,0.5131004366812227,464,0,0,1,240,401468219338,338,3,10:40,1360,22.666666666666668,54,56,56,54,2,Jamal Murray bad pass (Anthony Davis steals)
nba,2023,401468220,2022-10-26,Portland Trail Blazers,Miami Heat,POR,MIA,4-1,2-3,98,119,FALSE,Miami Heat,2-3,NA,NA,NA,NA,NA,NA,NA,NA,NA,NA,Miami Heat,2-3,Portland Trail Blazers,4-1,0.461,0.5389999999999999,0.73,0.6301369863013699,0.36986301369863006,451,0,0,1,177,401468220266,266,2,5:17,1757,29.283333333333335,49,41,49,41,8,Nikola Jovic misses layup
nba,2023,401468218,2022-10-26,Utah Jazz,Houston Rockets,UTAH,HOU,4-1,1-4,109,101,TRUE,Utah Jazz,4-1,NA,NA,NA,NA,NA,NA,NA,NA,NA,NA,Utah Jazz,4-1,Houston Rockets,1-4,0.829,0.829,0.29700000000000004,0.4242424242424242,0.5757575757575758,537,0,0,1,444,401468218642,642,4,7:20,440,7.333333333333333,92,89,89,92,-3,Jae'Sean Tate defensive rebound
nba,2023,401468216,2022-10-26,Chicago Bulls,Indiana Pacers,CHI,IND,3-2,1-4,124,109,TRUE,Chicago Bulls,3-2,NA,NA,NA,NA,NA,NA,NA,NA,NA,NA,Chicago Bulls,3-2,Indiana Pacers,1-4,0.646,0.646,0.455,0.22197802197802197,0.778021978021978,491,0,0,1,5,40146821612,12,1,11:16,2836,47.266666666666666,0,5,5,0,5,Buddy Hield makes 26-foot three point jumper (Tyrese Haliburton assists)
nba,2023,401468217,2022-10-26,Minnesota Timberwolves,San Antonio Spurs,MIN,SA,3-2,3-2,134,122,TRUE,Minnesota Timberwolves,3-2,NA,NA,NA,NA,NA,NA,NA,NA,NA,NA,Minnesota Timberwolves,3-2,San Antonio Spurs,3-2,0.778,0.778,0.256,0.1328125000000001,0.8671874999999999,448,0,0,1,28,40146821746,46,1,8:21,2661,44.35,12,12,12,12,0,Spurs defensive team rebound
nba,2023,401468213,2022-10-26,New York Knicks,Charlotte Hornets,NY,CHA,3-1,2-2,134,131,TRUE,New York Knicks,3-1,NA,NA,NA,NA,NA,NA,NA,NA,NA,NA,New York Knicks,3-1,Charlotte Hornets,2-2,0.693,0.693,0.899,0.8876529477196886,0.1123470522803114,521,0,0,1,437,401468213636,636,4,2:07,427,7.116666666666666,115,120,120,115,5,Mason Plumlee blocks RJ Barrett's driving layup
nba,2023,401468214,2022-10-26,Toronto Raptors,Philadelphia 76ers,TOR,PHI,3-2,1-4,119,109,TRUE,Philadelphia 76ers,1-4,NA,NA,NA,NA,NA,NA,NA,NA,NA,NA,Toronto Raptors,3-2,Philadelphia 76ers,1-4,0.426,0.5740000000000001,0.663,0.49170437405731526,0.5082956259426847,395,0,0,1,9,40146821417,17,1,10:42,2802,46.7,0,4,4,0,4,Joel Embiid makes 13-foot two point shot (James Harden assists)
nba,2023,401468215,2022-10-26,Milwaukee Bucks,Brooklyn Nets,MIL,BKN,3-0,1-3,110,99,TRUE,Milwaukee Bucks,3-0,NA,NA,NA,NA,NA,NA,NA,NA,NA,NA,Milwaukee Bucks,3-0,Brooklyn Nets,1-3,0.576,0.576,0.862,0.839907192575406,0.16009280742459395,520,0,0,1,283,401468215415,415,3,8:45,1245,20.75,50,62,62,50,12,Jrue Holiday misses 27-foot three point pullup jump shot
nba,2023,401468211,2022-10-26,Cleveland Cavaliers,Orlando Magic,CLE,ORL,3-1,0-5,103,92,TRUE,Cleveland Cavaliers,3-1,NA,NA,NA,NA,NA,NA,NA,NA,NA,NA,Cleveland Cavaliers,3-1,Orlando Magic,0-5,0.844,0.844,0.385,0.5948051948051947,0.4051948051948054,484,0,0,1,202,401468211310,310,2,2:08,1568,26.133333333333333,46,50,50,46,4,Wendell Carter Jr. makes alley oop dunk shot (Cole Anthony assists)
nba,2023,401468212,2022-10-26,Detroit Pistons,Atlanta Hawks,DET,ATL,1-4,3-1,113,118,FALSE,Atlanta Hawks,3-1,NA,NA,NA,NA,NA,NA,NA,NA,NA,NA,Atlanta Hawks,3-1,Detroit Pistons,1-4,0.221,0.779,0.75,0.7053333333333334,0.29466666666666663,480,0,0,4,302,401468212423,423,3,4:06,966,16.1,81,73,81,73,8,John Collins traveling
nba,2023,401468210,2022-10-25,Phoenix Suns,Golden State Warriors,PHX,GS,3-1,2-2,134,105,TRUE,Phoenix Suns,3-1,NA,NA,NA,NA,NA,NA,NA,NA,NA,NA,Phoenix Suns,3-1,Golden State Warriors,2-2,0.587,0.587,0.542,0.2380073800738007,0.7619926199261993,509,0,0,1,22,40146821033,33,1,9:39,2739,45.65,4,8,8,4,4,Andrew Wiggins defensive rebound
nba,2023,401468209,2022-10-25,Oklahoma City Thunder,LA Clippers,OKC,LAC,1-3,2-2,108,94,TRUE,LA Clippers,2-2,NA,NA,NA,NA,NA,NA,NA,NA,NA,NA,Oklahoma City Thunder,1-3,LA Clippers,2-2,0.404,0.596,0.645,0.4496124031007753,0.5503875968992247,497,0,0,3,161,401468209222,222,2,6:40,1840,30.666666666666668,29,30,30,29,1,Mike Muscala personal foul
nba,2023,401468208,2022-10-25,New Orleans Pelicans,Dallas Mavericks,NO,DAL,3-1,1-2,113,111,TRUE,Dallas Mavericks,1-2,NA,NA,NA,NA,NA,NA,NA,NA,NA,NA,New Orleans Pelicans,3-1,Dallas Mavericks,1-2,0.398,0.602,0.853,0.8276670574443141,0.17233294255568588,421,0,0,1,328,401468208483,483,4,10:29,629,10.483333333333333,87,94,94,87,7,Mavericks offensive team rebound
nba,2023,401468207,2022-10-25,Washington Wizards,Detroit Pistons,WSH,DET,3-1,1-3,120,99,TRUE,Washington Wizards,3-1,NA,NA,NA,NA,NA,NA,NA,NA,NA,NA,Washington Wizards,3-1,Detroit Pistons,1-3,0.754,0.754,0.391,0.370843989769821,0.629156010230179,473,0,0,1,66,40146820792,92,1,3:24,2364,39.4,18,23,23,18,5,Jaden Ivey makes driving layup (Isaiah Stewart assists)
nba,2023,401468206,2022-10-24,Portland Trail Blazers,Denver Nuggets,POR,DEN,4-0,2-2,135,110,TRUE,Denver Nuggets,2-2,NA,NA,NA,NA,NA,NA,NA,NA,NA,NA,Portland Trail Blazers,4-0,Denver Nuggets,2-2,0.342,0.6579999999999999,0.908,0.8986784140969164,0.1013215859030836,464,0,0,1,180,401468206256,256,2,4:03,1683,28.05,40,53,53,40,13,Josh Hart out of bounds bad pass turnover
nba,2023,401468202,2022-10-24,Chicago Bulls,Boston Celtics,CHI,BOS,2-2,3-1,120,102,TRUE,Boston Celtics,3-1,NA,NA,NA,NA,NA,NA,NA,NA,NA,NA,Chicago Bulls,2-2,Boston Celtics,3-1,0.263,0.737,0.953,0.9506820566631689,0.04931794333683115,490,0,0,1,67,40146820299,99,1,3:32,2372,39.53333333333333,16,35,35,16,19,Marcus Smart makes 28-foot three point jumper (Malcolm Brogdon assists)
nba,2023,401468203,2022-10-24,Houston Rockets,Utah Jazz,HOU,UTAH,1-3,3-1,114,108,TRUE,Utah Jazz,3-1,NA,NA,NA,NA,NA,NA,NA,NA,NA,NA,Houston Rockets,1-3,Utah Jazz,3-1,0.293,0.7070000000000001,0.7070000000000001,0.5855728429985858,0.4144271570014142,498,0,0,1,1,4014682034,4,1,12:00,2880,48,0,0,0,0,0,Kelly Olynyk vs. Jabari Smith Jr. (Jordan Clarkson gains possession)
nba,2023,401468204,2022-10-24,Memphis Grizzlies,Brooklyn Nets,MEM,BKN,3-1,1-2,134,124,TRUE,Memphis Grizzlies,3-1,NA,NA,NA,NA,NA,NA,NA,NA,NA,NA,Memphis Grizzlies,3-1,Brooklyn Nets,1-2,0.527,0.527,0.734,0.6376021798365121,0.3623978201634878,488,0,0,1,255,401468204377,377,2,32.6,1472.6,24.543333333333333,62,69,69,62,7,Kevin Durant defensive rebound
nba,2023,401468205,2022-10-24,Minnesota Timberwolves,San Antonio Spurs,MIN,SA,2-2,3-1,106,115,FALSE,Minnesota Timberwolves,2-2,NA,NA,NA,NA,NA,NA,NA,NA,NA,NA,San Antonio Spurs,3-1,Minnesota Timberwolves,2-2,0.744,0.744,0.798,0.7468671679197996,0.25313283208020043,490,0,0,1,4,40146820510,10,1,11:26,2846,47.43333333333333,3,0,3,0,3,Anthony Edwards defensive rebound
nba,2023,401468200,2022-10-24,Miami Heat,Toronto Raptors,MIA,TOR,1-3,2-2,90,98,FALSE,Miami Heat,1-3,NA,NA,NA,NA,NA,NA,NA,NA,NA,NA,Toronto Raptors,2-2,Miami Heat,1-3,0.617,0.617,0.895,0.8826815642458101,0.11731843575418988,457,0,0,1,383,401468200528,528,4,9:01,541,9.016666666666667,81,73,81,73,8,Bam Adebayo defensive rebound
nba,2023,401468201,2022-10-24,New York Knicks,Orlando Magic,NY,ORL,2-1,0-4,115,102,TRUE,New York Knicks,2-1,NA,NA,NA,NA,NA,NA,NA,NA,NA,NA,New York Knicks,2-1,Orlando Magic,0-4,0.783,0.783,0.4320000000000001,0.49768518518518534,0.5023148148148147,482,0,0,1,300,401468201411,411,3,7:32,1172,19.533333333333335,71,73,73,71,2,Wendell Carter Jr. makes 26-foot three point jumper (Franz Wagner assists)
nba,2023,401468199,2022-10-24,Philadelphia 76ers,Indiana Pacers,PHI,IND,1-3,1-3,120,106,TRUE,Philadelphia 76ers,1-3,NA,NA,NA,NA,NA,NA,NA,NA,NA,NA,Philadelphia 76ers,1-3,Indiana Pacers,1-3,0.882,0.882,0.19699999999999995,0.4010152284263958,0.5989847715736042,482,0,0,1,18,40146819929,29,1,9:02,2702,45.03333333333333,5,9,9,5,4,Jalen Smith blocks Tyrese Maxey 's 5-foot layup
nba,2023,401468198,2022-10-23,LA Clippers,Phoenix Suns,LAC,PHX,2-1,2-1,95,112,FALSE,Phoenix Suns,2-1,NA,NA,NA,NA,NA,NA,NA,NA,NA,NA,Phoenix Suns,2-1,LA Clippers,2-1,0.44,0.56,0.461,0.04555314533622579,0.9544468546637742,456,0,0,1,3,4014681988,8,1,11:37,2857,47.61666666666667,0,0,0,0,0,Ivica Zubac defensive rebound
nba,2023,401468197,2022-10-23,Golden State Warriors,Sacramento Kings,GS,SAC,2-1,0-3,130,125,TRUE,Golden State Warriors,2-1,NA,NA,NA,NA,NA,NA,NA,NA,NA,NA,Golden State Warriors,2-1,Sacramento Kings,0-3,0.799,0.799,0.265,0.24150943396226432,0.7584905660377357,516,0,0,1,117,401468197169,169,1,28.7,2188.7,36.47833333333333,37,35,35,37,-2,James Wiseman shooting foul
nba,2023,401468196,2022-10-23,Oklahoma City Thunder,Minnesota Timberwolves,OKC,MIN,0-3,2-1,106,116,FALSE,Minnesota Timberwolves,2-1,NA,NA,NA,NA,NA,NA,NA,NA,NA,NA,Minnesota Timberwolves,2-1,Oklahoma City Thunder,0-3,0.214,0.786,0.339,0.368731563421829,0.631268436578171,465,0,0,1,317,401468196445,445,3,2:47,887,14.783333333333331,74,75,74,75,-1,Mike Muscala makes 21-foot jumper (Jeremiah Robinson-Earl assists)
nba,2023,401468194,2022-10-23,Cleveland Cavaliers,Washington Wizards,CLE,WSH,2-1,2-1,117,107,TRUE,Cleveland Cavaliers,2-1,NA,NA,NA,NA,NA,NA,NA,NA,NA,NA,Cleveland Cavaliers,2-1,Washington Wizards,2-1,0.611,0.611,0.789,0.7325728770595692,0.2674271229404308,497,0,0,1,464,401468194665,665,5,2:03,123,2.05,105,106,106,105,1,Caris LeVert shooting foul
nba,2023,401468195,2022-10-23,New Orleans Pelicans,Utah Jazz,NO,UTAH,2-1,3-0,121,122,FALSE,New Orleans Pelicans,2-1,NA,NA,NA,NA,NA,NA,NA,NA,NA,NA,Utah Jazz,3-0,New Orleans Pelicans,2-1,0.628,0.628,0.788,0.7309644670050761,0.2690355329949239,549,0,0,1,492,401468195733,733,4,53.0,353,5.883333333333334,110,107,110,107,3,CJ McCollum makes 25-foot three point jumper (Larry Nance Jr. assists)
nba,2023,401468193,2022-10-23,Atlanta Hawks,Charlotte Hornets,ATL,CHA,2-1,2-1,109,126,FALSE,Atlanta Hawks,2-1,NA,NA,NA,NA,NA,NA,NA,NA,NA,NA,Charlotte Hornets,2-1,Atlanta Hawks,2-1,0.811,0.811,0.938,0.9339019189765458,0.06609808102345416,512,0,0,1,83,401468193115,115,1,3:39,2379,39.65,22,9,22,9,13,Jalen Johnson defensive rebound
nba,2023,401468192,2022-10-23,Los Angeles Lakers,Portland Trail Blazers,LAL,POR,0-3,3-0,104,106,FALSE,Los Angeles Lakers,0-3,NA,NA,NA,NA,NA,NA,NA,NA,NA,NA,Portland Trail Blazers,3-0,Los Angeles Lakers,0-3,0.547,0.547,0.953,0.9506820566631689,0.04931794333683115,491,0,0,1,443,401468192642,642,4,4:26,266,4.433333333333334,98,90,98,90,8,(04:26) [Lakers] COACH'S CHALLENGE (CALL OVERTURNED) [Lakers] retain their timeout
nba,2023,401468191,2022-10-22,Sacramento Kings,LA Clippers,SAC,LAC,0-2,2-0,109,111,FALSE,Sacramento Kings,0-2,NA,NA,NA,NA,NA,NA,NA,NA,NA,NA,LA Clippers,2-0,Sacramento Kings,0-2,0.559,0.559,0.754,0.6737400530503979,0.32625994694960214,471,0,0,1,203,401468191292,292,2,2:04,1564,26.066666666666663,50,44,50,44,6,Paul George technical foul (1st technical foul)
nba,2023,401468190,2022-10-22,Denver Nuggets,Oklahoma City Thunder,DEN,OKC,2-1,0-2,122,117,TRUE,Denver Nuggets,2-1,NA,NA,NA,NA,NA,NA,NA,NA,NA,NA,Denver Nuggets,2-1,Oklahoma City Thunder,0-2,0.805,0.805,0.552,0.6467391304347827,0.3532608695652173,534,0,0,4,402,401468190596,596,4,9:46,586,9.766666666666667,91,94,94,91,3,Jeremiah Robinson-Earl makes 24-foot three point jumper (Kenrich Williams assists)
nba,2023,401468189,2022-10-22,Dallas Mavericks,Memphis Grizzlies,DAL,MEM,1-1,2-1,137,96,TRUE,Dallas Mavericks,1-1,NA,NA,NA,NA,NA,NA,NA,NA,NA,NA,Dallas Mavericks,1-1,Memphis Grizzlies,2-1,0.707,0.707,0.29300000000000004,0,1,480,0,0,1,1,4014681894,4,1,12:00,2880,48,0,0,0,0,0,Steven Adams vs. JaVale McGee (John Konchar gains possession)
nba,2023,401468186,2022-10-22,Miami Heat,Toronto Raptors,MIA,TOR,1-2,1-2,112,109,TRUE,Miami Heat,1-2,NA,NA,NA,NA,NA,NA,NA,NA,NA,NA,Miami Heat,1-2,Toronto Raptors,1-2,0.619,0.619,0.481,0.2079002079002079,0.7920997920997921,471,0,0,1,14,40146818626,26,1,10:43,2803,46.71666666666667,0,3,3,0,3,Scottie Barnes makes free throw 1 of 2
nba,2023,401468187,2022-10-22,Chicago Bulls,Cleveland Cavaliers,CHI,CLE,1-2,1-1,96,128,FALSE,Cleveland Cavaliers,1-1,NA,NA,NA,NA,NA,NA,NA,NA,NA,NA,Cleveland Cavaliers,1-1,Chicago Bulls,1-2,0.4,0.6,0.614,0.37133550488599343,0.6286644951140066,459,0,0,4,21,40146818733,33,1,8:15,2655,44.25,10,2,10,2,8,Nikola Vucevic makes 7-foot two point shot (Ayo Dosunmu assists)
nba,2023,401468188,2022-10-22,Milwaukee Bucks,Houston Rockets,MIL,HOU,2-0,0-3,125,105,TRUE,Milwaukee Bucks,2-0,NA,NA,NA,NA,NA,NA,NA,NA,NA,NA,Milwaukee Bucks,2-0,Houston Rockets,0-3,0.854,0.854,0.15800000000000003,0.07594936708860767,0.9240506329113924,489,0,0,1,3,4014681888,8,1,11:40,2860,47.666666666666664,0,0,0,0,0,Jalen Green defensive rebound
nba,2023,401468184,2022-10-22,Indiana Pacers,Detroit Pistons,IND,DET,1-2,1-2,124,115,TRUE,Indiana Pacers,1-2,NA,NA,NA,NA,NA,NA,NA,NA,NA,NA,Indiana Pacers,1-2,Detroit Pistons,1-2,0.627,0.627,0.762,0.6876640419947506,0.3123359580052494,522,0,0,1,150,401468184208,208,2,9:43,2023,33.71666666666667,27,40,40,27,13,Isaiah Livers makes layup (Cory Joseph assists)
nba,2023,401468185,2022-10-22,Orlando Magic,Boston Celtics,ORL,BOS,0-3,3-0,120,126,FALSE,Boston Celtics,3-0,NA,NA,NA,NA,NA,NA,NA,NA,NA,NA,Boston Celtics,3-0,Orlando Magic,0-3,0.213,0.787,0.628,0.660828025477707,0.339171974522293,477,0,0,1,412,401468185593,593,4,5:21,321,5.35,109,109,109,109,0,Derrick White shooting foul
nba,2023,401468183,2022-10-22,Philadelphia 76ers,San Antonio Spurs,PHI,SA,0-3,2-1,105,114,FALSE,Philadelphia 76ers,0-3,NA,NA,NA,NA,NA,NA,NA,NA,NA,NA,San Antonio Spurs,2-1,Philadelphia 76ers,0-3,0.906,0.906,0.945,0.9417989417989416,0.05820105820105836,463,0,0,3,74,401468183119,119,1,3:13,2353,39.21666666666667,20,12,20,12,8,Tobias Harris defensive rebound
nba,2023,401468181,2022-10-21,Golden State Warriors,Denver Nuggets,GS,DEN,1-1,1-1,123,128,FALSE,Golden State Warriors,1-1,NA,NA,NA,NA,NA,NA,NA,NA,NA,NA,Denver Nuggets,1-1,Golden State Warriors,1-1,0.661,0.661,0.742,0.6522911051212938,0.34770889487870615,479,0,0,1,35,40146818154,54,1,7:22,2602,43.36666666666667,15,13,15,13,2,Michael Porter Jr. shooting foul
nba,2023,401468182,2022-10-21,Portland Trail Blazers,Phoenix Suns,POR,PHX,2-0,1-1,113,111,TRUE,Phoenix Suns,1-1,NA,NA,NA,NA,NA,NA,NA,NA,NA,NA,Portland Trail Blazers,2-0,Phoenix Suns,1-1,0.368,0.632,0.893,0.8801791713325868,0.11982082866741316,512,0,0,3,209,401468182307,307,2,1:52,1852,30.866666666666667,37,49,49,37,12,Damian Lillard offensive charge
nba,2023,401468179,2022-10-21,Houston Rockets,Memphis Grizzlies,HOU,MEM,0-2,2-0,122,129,FALSE,Memphis Grizzlies,2-0,NA,NA,NA,NA,NA,NA,NA,NA,NA,NA,Memphis Grizzlies,2-0,Houston Rockets,0-2,0.281,0.719,0.809,0.7639060568603215,0.2360939431396785,523,0,0,3,131,401468179181,181,2,9:51,2031,33.85,41,26,41,26,15,Eric Gordon makes free throw 1 of 2
nba,2023,401468180,2022-10-21,Minnesota Timberwolves,Utah Jazz,MIN,UTAH,1-1,2-0,126,132,FALSE,Minnesota Timberwolves,1-1,NA,NA,NA,NA,NA,NA,NA,NA,NA,NA,Utah Jazz,2-0,Minnesota Timberwolves,1-1,0.628,0.628,0.918,0.9106753812636166,0.08932461873638342,573,0,0,2,195,401468180278,278,2,5:19,2059,34.31666666666667,57,41,57,41,16,Jaden McDaniels makes dunk (D'Angelo Russell assists)
nba,2023,401468175,2022-10-21,Atlanta Hawks,Orlando Magic,ATL,ORL,2-0,0-2,108,98,TRUE,Atlanta Hawks,2-0,NA,NA,NA,NA,NA,NA,NA,NA,NA,NA,Atlanta Hawks,2-0,Orlando Magic,0-2,0.865,0.865,0.641,0.7893915756630265,0.2106084243369735,460,0,0,2,362,401468175515,515,4,11:10,670,11.166666666666666,80,84,84,80,4,Onyeka Okongwu personal foul
nba,2023,401468176,2022-10-21,Brooklyn Nets,Toronto Raptors,BKN,TOR,1-1,1-1,109,105,TRUE,Brooklyn Nets,1-1,NA,NA,NA,NA,NA,NA,NA,NA,NA,NA,Brooklyn Nets,1-1,Toronto Raptors,1-1,0.597,0.597,0.883,0.8674971687429218,0.13250283125707818,458,0,0,1,321,401468176472,472,3,2:35,875,14.583333333333334,69,78,78,69,9,Markieff Morris personal foul
nba,2023,401468177,2022-10-21,Miami Heat,Boston Celtics,MIA,BOS,0-2,2-0,104,111,FALSE,Boston Celtics,2-0,NA,NA,NA,NA,NA,NA,NA,NA,NA,NA,Boston Celtics,2-0,Miami Heat,0-2,0.428,0.5720000000000001,0.574,0.2578397212543553,0.7421602787456447,429,0,0,1,272,401468177393,393,3,5:21,1041,17.35,71,69,71,69,2,Jaylen Brown steps out of bounds turnover
nba,2023,401468178,2022-10-21,New York Knicks,Detroit Pistons,NY,DET,1-1,1-1,130,106,TRUE,New York Knicks,1-1,NA,NA,NA,NA,NA,NA,NA,NA,NA,NA,New York Knicks,1-1,Detroit Pistons,1-1,0.76,0.76,0.30300000000000005,0.2079207920792081,0.7920792079207919,495,0,0,1,6,40146817813,13,1,10:46,2806,46.766666666666666,3,6,6,3,3,Bojan Bogdanovic makes 23-foot three point jumper (Jaden Ivey assists)
nba,2023,401468172,2022-10-21,Charlotte Hornets,New Orleans Pelicans,CHA,NO,1-1,2-0,112,124,FALSE,New Orleans Pelicans,2-0,NA,NA,NA,NA,NA,NA,NA,NA,NA,NA,New Orleans Pelicans,2-0,Charlotte Hornets,1-1,0.43,0.5700000000000001,0.432,0.00462962962962976,0.9953703703703702,498,0,0,1,9,40146817216,16,1,10:51,2811,46.85,2,2,2,2,0,Kelly Oubre Jr. defensive rebound
nba,2023,401468173,2022-10-21,Indiana Pacers,San Antonio Spurs,IND,SA,0-2,1-1,134,137,FALSE,Indiana Pacers,0-2,NA,NA,NA,NA,NA,NA,NA,NA,NA,NA,San Antonio Spurs,1-1,Indiana Pacers,0-2,0.571,0.571,0.571,0.24868651488616456,0.7513134851138354,536,0,0,1,1,4014681734,4,1,12:00,2880,48,0,0,0,0,0,Jakob Poeltl vs. Jalen Smith (Tre Jones gains possession)
nba,2023,401468174,2022-10-21,Washington Wizards,Chicago Bulls,WSH,CHI,2-0,1-1,102,100,TRUE,Washington Wizards,2-0,NA,NA,NA,NA,NA,NA,NA,NA,NA,NA,Washington Wizards,2-0,Chicago Bulls,1-1,0.674,0.674,0.552,0.4094202898550726,0.5905797101449274,439,0,0,1,146,401468174213,213,2,6:40,1840,30.666666666666668,34,39,39,34,5,Ayo Dosunmu defensive rebound
nba,2023,401468171,2022-10-20,Los Angeles Lakers,LA Clippers,LAL,LAC,0-2,1-0,97,103,FALSE,Los Angeles Lakers,0-2,NA,NA,NA,NA,NA,NA,NA,NA,NA,NA,LA Clippers,1-0,Los Angeles Lakers,0-2,0.509,0.509,0.633,0.4202211690363349,0.5797788309636651,506,0,0,1,281,401468171397,397,3,7:52,1192,19.866666666666667,65,63,65,63,2,Marcus Morris Sr. shooting foul
nba,2023,401468170,2022-10-20,Philadelphia 76ers,Milwaukee Bucks,PHI,MIL,0-2,1-0,88,90,FALSE,Philadelphia 76ers,0-2,NA,NA,NA,NA,NA,NA,NA,NA,NA,NA,Milwaukee Bucks,1-0,Philadelphia 76ers,0-2,0.74,0.74,0.8,0.75,0.25,448,0,0,1,7,40146817014,14,1,11:04,2824,47.06666666666667,4,2,4,2,2,Brook Lopez shooting foul
nba,2023,401468028,2022-10-19,Phoenix Suns,Dallas Mavericks,PHX,DAL,1-0,0-1,107,105,TRUE,Phoenix Suns,1-0,NA,NA,NA,NA,NA,NA,NA,NA,NA,NA,Phoenix Suns,1-0,Dallas Mavericks,0-1,0.575,0.575,0.982,0.9816700610997964,0.01832993890020362,474,0,0,3,399,401468028570,570,4,8:31,511,8.516666666666667,78,93,93,78,15,Christian Wood makes 30-foot three point jumper (Tim Hardaway Jr. assists)
nba,2023,401468029,2022-10-19,Sacramento Kings,Portland Trail Blazers,SAC,POR,0-1,1-0,108,115,FALSE,Sacramento Kings,0-1,NA,NA,NA,NA,NA,NA,NA,NA,NA,NA,Portland Trail Blazers,1-0,Sacramento Kings,0-1,0.643,0.643,0.882,0.8662131519274376,0.13378684807256236,485,0,0,1,310,401468029446,446,3,5:19,1039,17.316666666666666,76,66,76,66,10,Damian Lillard misses 25-foot three point shot
nba,2023,401468027,2022-10-19,Utah Jazz,Denver Nuggets,UTAH,DEN,1-0,0-1,123,102,TRUE,Utah Jazz,1-0,NA,NA,NA,NA,NA,NA,NA,NA,NA,NA,Utah Jazz,1-0,Denver Nuggets,0-1,0.506,0.506,0.615,0.3739837398373984,0.6260162601626016,484,0,0,1,15,40146802727,27,1,9:43,2743,45.71666666666667,4,9,9,4,5,Aaron Gordon makes dunk (Kentavious Caldwell-Pope assists)
nba,2023,401468025,2022-10-19,Minnesota Timberwolves,Oklahoma City Thunder,MIN,OKC,1-0,0-1,115,108,TRUE,Minnesota Timberwolves,1-0,NA,NA,NA,NA,NA,NA,NA,NA,NA,NA,Minnesota Timberwolves,1-0,Oklahoma City Thunder,0-1,0.855,0.855,0.704,0.7940340909090908,0.20596590909090917,557,0,0,4,367,401468025516,516,3,40.2,760.2,12.67,81,87,87,81,6,Darius Bazley kicked ball violation
nba,2023,401468026,2022-10-19,San Antonio Spurs,Charlotte Hornets,SA,CHA,0-1,1-0,102,129,FALSE,Charlotte Hornets,1-0,NA,NA,NA,NA,NA,NA,NA,NA,NA,NA,Charlotte Hornets,1-0,San Antonio Spurs,0-1,0.48,0.52,0.48,0,1,503,0,0,2,1,4014680264,4,1,12:00,2880,48,0,0,0,0,0,Mason Plumlee vs. Jakob Poeltl (Terry Rozier gains possession)
nba,2023,401468020,2022-10-19,Atlanta Hawks,Houston Rockets,ATL,HOU,1-0,0-1,117,107,TRUE,Atlanta Hawks,1-0,NA,NA,NA,NA,NA,NA,NA,NA,NA,NA,Atlanta Hawks,1-0,Houston Rockets,0-1,0.876,0.876,0.30300000000000005,0.5907590759075908,0.4092409240924092,459,0,0,2,372,401468020518,518,4,8:17,497,8.283333333333333,91,88,88,91,-3,Onyeka Okongwu loose ball foul
nba,2023,401468021,2022-10-19,Brooklyn Nets,New Orleans Pelicans,BKN,NO,0-1,1-0,108,130,FALSE,Brooklyn Nets,0-1,NA,NA,NA,NA,NA,NA,NA,NA,NA,NA,New Orleans Pelicans,1-0,Brooklyn Nets,0-1,0.582,0.582,0.582,0.2817869415807559,0.7182130584192441,526,0,0,1,1,4014680214,4,1,12:00,2880,48,0,0,0,0,0,Jonas Valanciunas vs. Nic Claxton (Royce O'Neale gains possession)
nba,2023,401468022,2022-10-19,Miami Heat,Chicago Bulls,MIA,CHI,0-1,1-0,108,116,FALSE,Miami Heat,0-1,NA,NA,NA,NA,NA,NA,NA,NA,NA,NA,Chicago Bulls,1-0,Miami Heat,0-1,0.786,0.786,0.898,0.8864142538975501,0.11358574610244988,495,0,0,1,31,40146802245,45,1,8:15,2655,44.25,13,4,13,4,9,Bam Adebayo defensive rebound
nba,2023,401468023,2022-10-19,Toronto Raptors,Cleveland Cavaliers,TOR,CLE,1-0,0-1,108,105,TRUE,Cleveland Cavaliers,0-1,NA,NA,NA,NA,NA,NA,NA,NA,NA,NA,Toronto Raptors,1-0,Cleveland Cavaliers,0-1,0.478,0.522,0.876,0.8584474885844748,0.14155251141552516,480,0,0,2,418,401468023607,607,4,4:55,295,4.916666666666667,92,97,97,92,5,Dean Wade makes free throw 1 of 2
nba,2023,401468024,2022-10-19,Memphis Grizzlies,New York Knicks,MEM,NY,1-0,0-1,115,112,TRUE,Memphis Grizzlies,1-0,NA,NA,NA,NA,NA,NA,NA,NA,NA,NA,Memphis Grizzlies,1-0,New York Knicks,0-1,0.653,0.653,0.5389999999999999,0.3562152133580705,0.6437847866419295,563,0,0,3,520,401468024734,734,5,3:30,210,3.5,110,110,110,110,0,RJ Barrett defensive rebound
nba,2023,401468018,2022-10-19,Detroit Pistons,Orlando Magic,DET,ORL,1-0,0-1,113,109,TRUE,Detroit Pistons,1-0,NA,NA,NA,NA,NA,NA,NA,NA,NA,NA,Detroit Pistons,1-0,Orlando Magic,0-1,0.571,0.571,0.812,0.7684729064039411,0.23152709359605897,478,0,0,1,52,40146801885,85,1,4:54,2454,40.9,8,22,22,8,14,Paolo Banchero makes free throw 1 of 2
nba,2023,401468019,2022-10-19,Indiana Pacers,Washington Wizards,IND,WSH,0-1,1-0,107,114,FALSE,Washington Wizards,1-0,NA,NA,NA,NA,NA,NA,NA,NA,NA,NA,Washington Wizards,1-0,Indiana Pacers,0-1,0.452,0.548,0.452,1.1102230246251563e-16,1,499,0,0,3,1,4014680194,4,1,12:00,2880,48,0,0,0,0,0,Kristaps Porzingis vs. Jalen Smith (Kyle Kuzma gains possession)
nba,2023,401468017,2022-10-18,Golden State Warriors,Los Angeles Lakers,GS,LAL,1-0,0-1,123,109,TRUE,Golden State Warriors,1-0,NA,NA,NA,NA,NA,NA,NA,NA,NA,NA,Golden State Warriors,1-0,Los Angeles Lakers,0-1,0.661,0.661,0.39,0.13076923076923086,0.8692307692307691,531,0,0,1,5,40146801711,11,1,11:17,2837,47.28333333333333,0,2,2,0,2,Russell Westbrook defensive rebound
nba,2023,401468016,2022-10-18,Boston Celtics,Philadelphia 76ers,BOS,PHI,1-0,0-1,126,117,TRUE,Philadelphia 76ers,0-1,NA,NA,NA,NA,NA,NA,NA,NA,NA,NA,Boston Celtics,1-0,Philadelphia 76ers,0-1,0.495,0.505,0.73,0.6301369863013699,0.36986301369863006,449,0,0,1,196,401468016286,286,2,4:17,1697,28.283333333333335,47,55,55,47,8,Joel Embiid makes 27-foot three point jumper (Tyrese Maxey assists)
