league,season,game_id,game_date,home_team,away_team,home_team_abbr,away_team_abbr,home_record,away_record,home_final,away_final,home_won,favorite_team,favorite_record,pregame_favorite_side_odds,pregame_favorite_team_abbr_odds,pregame_spread_abs,pregame_total_line,pregame_home_moneyline,pregame_away_moneyline,pregame_home_spread_odds,pregame_away_spread_odds,pregame_odds_n_providers,pregame_odds_source,winner_team,winner_record,loser_team,loser_record,starting_wp_home,starting_wp_favored,max_wp_loser,pit_u,pit_tail_prob,n_updates,n_missing_time,prop_missing_time,peak_rows,peak_first_update_index,peak_first_play_id,peak_first_sequence_number,peak_first_period_number,peak_first_clock_display,peak_first_game_seconds_remaining,peak_first_minutes_remaining,peak_first_home_score,peak_first_away_score,peak_first_loser_score,peak_first_winner_score,peak_first_loser_score_margin,peak_first_play_text,had_bad_1,n_bad_1_rows,n_bad_1_runs,had_bad_0,n_bad_0_rows,n_bad_0_runs,had_extreme_patch
nba,2024,401585821,2024-04-14,Memphis Grizzlies,Denver Nuggets,MEM,DEN,27-55,57-25,111,126,FALSE,Denver Nuggets,57-25,NA,NA,NA,NA,NA,NA,NA,NA,NA,NA,Denver Nuggets,57-25,Memphis Grizzlies,27-55,0.273,0.727,0.382,0.2853403141361256,0.7146596858638744,463,0,0,1,133,401585821180,180,2,10:15,2055,34.25,33,32,33,32,1,GG Jackson defensive rebound,FALSE,0,0,FALSE,0,0,FALSE
nba,2024,401585822,2024-04-14,Minnesota Timberwolves,Phoenix Suns,MIN,PHX,56-26,49-33,106,125,FALSE,Minnesota Timberwolves,56-26,NA,NA,NA,NA,NA,NA,NA,NA,NA,NA,Phoenix Suns,49-33,Minnesota Timberwolves,56-26,0.627,0.627,0.646,0.4520123839009289,0.5479876160990711,447,0,0,1,3,4015858229,9,1,11:12,2832,47.2,3,2,3,2,1,Mike Conley makes 22-foot three point jumper (Anthony Edwards assists),FALSE,0,0,FALSE,0,0,FALSE
nba,2024,401585823,2024-04-14,New Orleans Pelicans,Los Angeles Lakers,NO,LAL,49-33,47-35,108,124,FALSE,New Orleans Pelicans,49-33,NA,NA,NA,NA,NA,NA,NA,NA,NA,NA,Los Angeles Lakers,47-35,New Orleans Pelicans,49-33,0.697,0.697,0.697,0.5652797704447632,0.4347202295552368,450,0,0,1,1,4015858234,4,1,12:00,2880,48,0,0,0,0,0,Anthony Davis vs. Jonas Valanciunas (CJ McCollum gains possession),FALSE,0,0,FALSE,0,0,FALSE
nba,2024,401585824,2024-04-14,Oklahoma City Thunder,Dallas Mavericks,OKC,DAL,57-25,50-32,135,86,TRUE,Oklahoma City Thunder,57-25,NA,NA,NA,NA,NA,NA,NA,NA,NA,NA,Oklahoma City Thunder,57-25,Dallas Mavericks,50-32,0.916,0.916,0.08799999999999997,0.04545454545454552,0.9545454545454544,475,0,0,1,6,40158582415,15,1,11:08,2828,47.13333333333333,0,0,0,0,0,Jaden Hardy defensive rebound,FALSE,0,0,FALSE,0,0,FALSE
nba,2024,401585825,2024-04-14,San Antonio Spurs,Detroit Pistons,SA,DET,22-60,14-68,123,95,TRUE,San Antonio Spurs,22-60,NA,NA,NA,NA,NA,NA,NA,NA,NA,NA,San Antonio Spurs,22-60,Detroit Pistons,14-68,0.605,0.605,0.504,0.21626984126984128,0.7837301587301587,444,0,0,1,35,40158582551,51,1,8:14,2654,44.233333333333334,7,10,10,7,3,Blake Wesley shooting foul,FALSE,0,0,FALSE,0,0,FALSE
nba,2024,401585826,2024-04-14,Golden State Warriors,Utah Jazz,GS,UTAH,46-36,31-51,123,116,TRUE,Golden State Warriors,46-36,NA,NA,NA,NA,NA,NA,NA,NA,NA,NA,Golden State Warriors,46-36,Utah Jazz,31-51,0.807,0.807,0.653,0.7044410413476264,0.2955589586523736,445,0,0,2,260,401585826399,399,3,6:33,1113,18.55,74,80,80,74,6,Johnny Juzang makes free throw 1 of 2,FALSE,0,0,FALSE,0,0,FALSE
nba,2024,401585827,2024-04-14,LA Clippers,Houston Rockets,LAC,HOU,51-31,41-41,105,116,FALSE,Houston Rockets,41-41,NA,NA,NA,NA,NA,NA,NA,NA,NA,NA,Houston Rockets,41-41,LA Clippers,51-31,0.41,0.5900000000000001,0.653,0.46860643185298634,0.5313935681470137,485,0,0,1,253,401585827354,354,3,10:13,1333,22.216666666666665,55,50,55,50,5,Mason Plumlee defensive rebound,FALSE,0,0,FALSE,0,0,FALSE
nba,2024,401585828,2024-04-14,Sacramento Kings,Portland Trail Blazers,SAC,POR,46-36,21-61,121,82,TRUE,Sacramento Kings,46-36,NA,NA,NA,NA,NA,NA,NA,NA,NA,NA,Sacramento Kings,46-36,Portland Trail Blazers,21-61,0.907,0.907,0.112,0.16964285714285743,0.8303571428571426,486,0,0,1,7,40158582814,14,1,11:35,2855,47.583333333333336,0,1,1,0,1,Kris Murray makes free throw 1 of 2,FALSE,0,0,FALSE,0,0,FALSE
nba,2024,401585814,2024-04-14,Boston Celtics,Washington Wizards,BOS,WSH,64-18,15-67,132,122,TRUE,Boston Celtics,64-18,NA,NA,NA,NA,NA,NA,NA,NA,NA,NA,Boston Celtics,64-18,Washington Wizards,15-67,0.878,0.878,0.30900000000000005,0.6051779935275081,0.3948220064724919,447,0,0,1,155,401585814231,231,2,8:51,1971,32.85,35,39,39,35,4,Neemias Queta misses 6-foot two point shot,FALSE,0,0,FALSE,0,0,FALSE
nba,2024,401585815,2024-04-14,Cleveland Cavaliers,Charlotte Hornets,CLE,CHA,48-34,21-61,110,120,FALSE,Cleveland Cavaliers,48-34,NA,NA,NA,NA,NA,NA,NA,NA,NA,NA,Charlotte Hornets,21-61,Cleveland Cavaliers,48-34,0.819,0.819,0.967,0.965873836608066,0.03412616339193386,403,0,0,1,319,401585815480,480,4,10:09,609,10.15,103,90,103,90,13,Damian Jones makes 13-foot two point shot,FALSE,0,0,FALSE,0,0,FALSE
nba,2024,401585816,2024-04-14,Indiana Pacers,Atlanta Hawks,IND,ATL,47-35,36-46,157,115,TRUE,Indiana Pacers,47-35,NA,NA,NA,NA,NA,NA,NA,NA,NA,NA,Indiana Pacers,47-35,Atlanta Hawks,36-46,0.719,0.719,0.393,0.28498727735368956,0.7150127226463104,456,0,0,1,182,401585816271,271,2,4:50,1730,28.833333333333332,62,62,62,62,0,Dejounte Murray makes free throw 1 of 2,FALSE,0,0,FALSE,0,0,FALSE
nba,2024,401585817,2024-04-14,Miami Heat,Toronto Raptors,MIA,TOR,46-36,25-57,118,103,TRUE,Miami Heat,46-36,NA,NA,NA,NA,NA,NA,NA,NA,NA,NA,Miami Heat,46-36,Toronto Raptors,25-57,0.897,0.897,0.255,0.5960784313725491,0.4039215686274509,452,0,0,1,148,401585817213,213,2,9:03,1983,33.05,29,31,31,29,2,Thomas Bryant shooting foul,FALSE,0,0,FALSE,0,0,FALSE
nba,2024,401585818,2024-04-14,New York Knicks,Chicago Bulls,NY,CHI,50-32,39-43,120,119,TRUE,New York Knicks,50-32,NA,NA,NA,NA,NA,NA,NA,NA,NA,NA,New York Knicks,50-32,Chicago Bulls,39-43,0.727,0.727,0.877,0.8597491448118586,0.1402508551881414,486,0,0,1,358,401585818508,508,4,8:03,783,13.05,85,92,92,85,7,Isaiah Hartenstein shooting foul,FALSE,0,0,FALSE,0,0,FALSE
nba,2024,401585819,2024-04-14,Orlando Magic,Milwaukee Bucks,ORL,MIL,47-35,49-33,113,88,TRUE,Orlando Magic,47-35,NA,NA,NA,NA,NA,NA,NA,NA,NA,NA,Orlando Magic,47-35,Milwaukee Bucks,49-33,0.746,0.746,0.652,0.6104294478527608,0.3895705521472392,423,0,0,1,154,401585819219,219,2,7:06,1866,31.1,28,39,39,28,11,Bobby Portis makes 27-foot three point jumper (Khris Middleton assists),FALSE,0,0,FALSE,0,0,FALSE
nba,2024,401585820,2024-04-14,Philadelphia 76ers,Brooklyn Nets,PHI,BKN,47-35,32-50,107,86,TRUE,Philadelphia 76ers,47-35,NA,NA,NA,NA,NA,NA,NA,NA,NA,NA,Philadelphia 76ers,47-35,Brooklyn Nets,32-50,0.74,0.74,0.389,0.3316195372750642,0.6683804627249358,441,0,0,1,113,401585820160,160,2,11:15,2115,35.25,22,25,25,22,3,Lonnie Walker IV makes two point shot,FALSE,0,0,FALSE,0,0,FALSE
nba,2024,401585812,2024-04-12,LA Clippers,Utah Jazz,LAC,UTAH,51-30,31-50,109,110,FALSE,LA Clippers,51-30,NA,NA,NA,NA,NA,NA,NA,NA,NA,NA,Utah Jazz,31-50,LA Clippers,51-30,0.872,0.872,0.957,0.955067920585162,0.04493207941483801,456,0,0,2,98,401585812144,144,1,33.0,2193,36.55,38,25,38,25,13,Mason Plumlee defensive rebound,FALSE,0,0,FALSE,0,0,FALSE
nba,2024,401585813,2024-04-12,Sacramento Kings,Phoenix Suns,SAC,PHX,45-36,48-33,107,108,FALSE,Phoenix Suns,48-33,NA,NA,NA,NA,NA,NA,NA,NA,NA,NA,Phoenix Suns,48-33,Sacramento Kings,45-36,0.459,0.5409999999999999,0.932,0.927038626609442,0.07296137339055786,427,0,0,1,239,401585813350,350,3,7:49,1189,19.816666666666663,70,54,70,54,16,Keon Ellis makes two point shot (De'Aaron Fox assists),FALSE,0,0,FALSE,0,0,FALSE
nba,2024,401585810,2024-04-12,Golden State Warriors,New Orleans Pelicans,GS,NO,45-36,49-32,109,114,FALSE,Golden State Warriors,45-36,NA,NA,NA,NA,NA,NA,NA,NA,NA,NA,New Orleans Pelicans,49-32,Golden State Warriors,45-36,0.527,0.527,0.807,0.7608426270136308,0.2391573729863692,453,0,0,1,84,401585810116,116,1,3:45,2385,39.75,21,10,21,10,11,Brandin Podziemski defensive rebound,FALSE,0,0,FALSE,0,0,FALSE
nba,2024,401585811,2024-04-12,Portland Trail Blazers,Houston Rockets,POR,HOU,21-60,40-41,107,116,FALSE,Houston Rockets,40-41,NA,NA,NA,NA,NA,NA,NA,NA,NA,NA,Houston Rockets,40-41,Portland Trail Blazers,21-60,0.405,0.595,0.678,0.5250737463126844,0.4749262536873155,465,0,0,1,48,40158581170,70,1,4:58,2458,40.96666666666667,19,11,19,11,8,Jock Landale shooting foul,FALSE,0,0,FALSE,0,0,FALSE
nba,2024,401585809,2024-04-12,Dallas Mavericks,Detroit Pistons,DAL,DET,50-31,14-67,89,107,FALSE,Dallas Mavericks,50-31,NA,NA,NA,NA,NA,NA,NA,NA,NA,NA,Detroit Pistons,14-67,Dallas Mavericks,50-31,0.897,0.897,0.912,0.9035087719298248,0.0964912280701753,415,0,0,1,4,4015858099,9,1,11:32,2852,47.53333333333333,2,0,2,0,2,P.J. Washington makes dunk (Dante Exum assists),FALSE,0,0,FALSE,0,0,FALSE
nba,2024,401585804,2024-04-12,Miami Heat,Toronto Raptors,MIA,TOR,45-36,25-56,125,103,TRUE,Miami Heat,45-36,NA,NA,NA,NA,NA,NA,NA,NA,NA,NA,Miami Heat,45-36,Toronto Raptors,25-56,0.865,0.865,0.16000000000000003,0.1562500000000001,0.8437499999999999,425,0,0,1,45,40158580463,63,1,6:09,2529,42.15,14,13,13,14,-1,Immanuel Quickley defensive rebound,FALSE,0,0,FALSE,0,0,FALSE
nba,2024,401585805,2024-04-12,Memphis Grizzlies,Los Angeles Lakers,MEM,LAL,27-54,46-35,120,123,FALSE,Los Angeles Lakers,46-35,NA,NA,NA,NA,NA,NA,NA,NA,NA,NA,Los Angeles Lakers,46-35,Memphis Grizzlies,27-54,0.274,0.726,0.787,0.7293519695044473,0.27064803049555275,485,0,0,1,293,401585805424,424,3,4:54,1014,16.9,89,80,89,80,9,Anthony Davis misses layup,FALSE,0,0,FALSE,0,0,FALSE
nba,2024,401585806,2024-04-12,Minnesota Timberwolves,Atlanta Hawks,MIN,ATL,56-25,36-45,109,106,TRUE,Minnesota Timberwolves,56-25,NA,NA,NA,NA,NA,NA,NA,NA,NA,NA,Minnesota Timberwolves,56-25,Atlanta Hawks,36-45,0.722,0.722,0.698,0.6017191977077363,0.3982808022922637,488,0,0,1,444,401585806648,648,4,2:47,167,2.783333333333333,98,100,100,98,2,Rudy Gobert lost ball turnover (Garrison Mathews steals),FALSE,0,0,FALSE,0,0,FALSE
nba,2024,401585807,2024-04-12,Oklahoma City Thunder,Milwaukee Bucks,OKC,MIL,56-25,49-32,125,107,TRUE,Oklahoma City Thunder,56-25,NA,NA,NA,NA,NA,NA,NA,NA,NA,NA,Oklahoma City Thunder,56-25,Milwaukee Bucks,49-32,0.857,0.857,0.19399999999999995,0.26288659793814406,0.7371134020618559,434,0,0,1,15,40158580725,25,1,10:00,2760,46,4,7,7,4,3,Double technical foul: Luguentz Dort and Bobby Portis,FALSE,0,0,FALSE,0,0,FALSE
nba,2024,401585808,2024-04-12,San Antonio Spurs,Denver Nuggets,SA,DEN,21-60,56-25,121,120,TRUE,Denver Nuggets,56-25,NA,NA,NA,NA,NA,NA,NA,NA,NA,NA,San Antonio Spurs,21-60,Denver Nuggets,56-25,0.368,0.632,0.992,0.9919354838709676,0.00806451612903225,450,0,0,1,347,401585808498,498,4,9:35,575,9.583333333333334,90,107,107,90,17,Sandro Mamukelashvili misses driving layup,FALSE,0,0,FALSE,0,0,FALSE
nba,2024,401585801,2024-04-12,Boston Celtics,Charlotte Hornets,BOS,CHA,63-18,20-61,131,98,TRUE,Boston Celtics,63-18,NA,NA,NA,NA,NA,NA,NA,NA,NA,NA,Boston Celtics,63-18,Charlotte Hornets,20-61,0.698,0.698,0.402,0.2487562189054726,0.7512437810945274,439,0,0,1,17,40158580127,27,1,9:27,2727,45.45,4,8,8,4,4,Vasilije Micic makes driving layup (Tre Mann assists),FALSE,0,0,FALSE,0,0,FALSE
nba,2024,401585802,2024-04-12,Cleveland Cavaliers,Indiana Pacers,CLE,IND,48-33,46-35,129,120,TRUE,Cleveland Cavaliers,48-33,NA,NA,NA,NA,NA,NA,NA,NA,NA,NA,Cleveland Cavaliers,48-33,Indiana Pacers,46-35,0.615,0.615,0.475,0.18947368421052624,0.8105263157894738,456,0,0,1,8,40158580215,15,1,11:10,2830,47.166666666666664,0,2,2,0,2,Evan Mobley shooting foul,FALSE,0,0,FALSE,0,0,FALSE
nba,2024,401585803,2024-04-12,New York Knicks,Brooklyn Nets,NY,BKN,49-32,32-49,111,107,TRUE,New York Knicks,49-32,NA,NA,NA,NA,NA,NA,NA,NA,NA,NA,New York Knicks,49-32,Brooklyn Nets,32-49,0.704,0.704,0.852,0.8262910798122065,0.1737089201877935,417,0,0,1,153,401585803218,218,2,5:25,1765,29.416666666666668,31,47,47,31,16,Lonnie Walker IV defensive rebound,FALSE,0,0,FALSE,0,0,FALSE
nba,2024,401585799,2024-04-12,Philadelphia 76ers,Orlando Magic,PHI,ORL,46-35,46-35,125,113,TRUE,Philadelphia 76ers,46-35,NA,NA,NA,NA,NA,NA,NA,NA,NA,NA,Philadelphia 76ers,46-35,Orlando Magic,46-35,0.67,0.67,0.43400000000000005,0.23963133640553017,0.7603686635944699,488,0,0,1,24,40158579937,37,1,9:25,2725,45.416666666666664,3,7,7,3,4,Franz Wagner makes two point shot,FALSE,0,0,FALSE,0,0,FALSE
nba,2024,401585800,2024-04-12,Washington Wizards,Chicago Bulls,WSH,CHI,15-66,39-42,127,129,FALSE,Chicago Bulls,39-42,NA,NA,NA,NA,NA,NA,NA,NA,NA,NA,Chicago Bulls,39-42,Washington Wizards,15-66,0.42,0.5800000000000001,0.835,0.8023952095808382,0.1976047904191618,500,0,0,2,437,401585800651,651,4,4:18,258,4.3,114,110,114,110,4,Tristan Vukcevic makes free throw 1 of 2,FALSE,0,0,FALSE,0,0,FALSE
nba,2024,401585797,2024-04-11,Portland Trail Blazers,Golden State Warriors,POR,GS,21-59,45-35,92,100,FALSE,Golden State Warriors,45-35,NA,NA,NA,NA,NA,NA,NA,NA,NA,NA,Golden State Warriors,45-35,Portland Trail Blazers,21-59,0.197,0.8029999999999999,0.783,0.7484035759897828,0.2515964240102172,448,0,0,1,370,401585797523,523,4,8:30,510,8.5,85,79,85,79,6,Trail Blazers defensive team rebound,FALSE,0,0,FALSE,0,0,FALSE
nba,2024,401585798,2024-04-11,Sacramento Kings,New Orleans Pelicans,SAC,NO,45-35,48-32,123,135,FALSE,New Orleans Pelicans,48-32,NA,NA,NA,NA,NA,NA,NA,NA,NA,NA,New Orleans Pelicans,48-32,Sacramento Kings,45-35,0.483,0.517,0.483,0,1,436,0,0,1,1,4015857984,4,1,12:00,2880,48,0,0,0,0,0,Jonas Valanciunas vs. Domantas Sabonis (CJ McCollum gains possession),FALSE,0,0,FALSE,0,0,FALSE
nba,2024,401585796,2024-04-11,Utah Jazz,Houston Rockets,UTAH,HOU,30-50,39-41,124,121,TRUE,Houston Rockets,39-41,NA,NA,NA,NA,NA,NA,NA,NA,NA,NA,Utah Jazz,30-50,Houston Rockets,39-41,0.26,0.74,0.895,0.8826815642458101,0.11731843575418988,474,0,0,1,110,401585796162,162,2,11:38,2138,35.63333333333333,28,40,40,28,12,Jabari Smith Jr. makes two point shot (Cam Whitmore assists),FALSE,0,0,FALSE,0,0,FALSE
nba,2024,401585795,2024-04-11,Boston Celtics,New York Knicks,BOS,NY,62-18,48-32,109,118,FALSE,Boston Celtics,62-18,NA,NA,NA,NA,NA,NA,NA,NA,NA,NA,New York Knicks,48-32,Boston Celtics,62-18,0.758,0.758,0.792,0.7373737373737375,0.26262626262626254,422,0,0,1,3,40158579511,11,1,11:15,2835,47.25,2,0,2,0,2,OG Anunoby bad pass (Jayson Tatum steals),FALSE,0,0,FALSE,0,0,FALSE
nba,2024,401585794,2024-04-11,Detroit Pistons,Chicago Bulls,DET,CHI,13-67,38-42,105,127,FALSE,Chicago Bulls,38-42,NA,NA,NA,NA,NA,NA,NA,NA,NA,NA,Chicago Bulls,38-42,Detroit Pistons,13-67,0.254,0.746,0.386,0.34196891191709844,0.6580310880829016,442,0,0,1,24,40158579439,39,1,7:35,2615,43.583333333333336,14,10,14,10,4,Chimezie Metu defensive rebound,FALSE,0,0,FALSE,0,0,FALSE
nba,2024,401585793,2024-04-10,LA Clippers,Phoenix Suns,LAC,PHX,51-29,47-33,108,124,FALSE,Phoenix Suns,47-33,NA,NA,NA,NA,NA,NA,NA,NA,NA,NA,Phoenix Suns,47-33,LA Clippers,51-29,0.238,0.762,0.759,0.686429512516469,0.313570487483531,439,0,0,1,346,401585793484,484,4,8:18,498,8.3,104,98,104,98,6,Xavier Moon makes 12-foot two point shot (Mason Plumlee assists),FALSE,0,0,FALSE,0,0,FALSE
nba,2024,401585792,2024-04-10,Denver Nuggets,Minnesota Timberwolves,DEN,MIN,56-24,55-25,116,107,TRUE,Minnesota Timberwolves,55-25,NA,NA,NA,NA,NA,NA,NA,NA,NA,NA,Denver Nuggets,56-24,Minnesota Timberwolves,55-25,0.435,0.565,0.774,0.7080103359173127,0.29198966408268734,454,0,0,1,225,401585792333,333,3,8:31,1231,20.516666666666666,58,64,64,58,6,Anthony Edwards makes free throw 1 of 2,FALSE,0,0,FALSE,0,0,FALSE
nba,2024,401585790,2024-04-10,Milwaukee Bucks,Orlando Magic,MIL,ORL,49-31,46-34,117,99,TRUE,Orlando Magic,46-34,NA,NA,NA,NA,NA,NA,NA,NA,NA,NA,Milwaukee Bucks,49-31,Orlando Magic,46-34,0.48,0.52,0.639,0.43505477308294216,0.5649452269170578,441,0,0,1,9,40158579014,14,1,10:53,2813,46.88333333333333,0,5,5,0,5,Wendell Carter Jr. makes 27-foot three point jumper (Paolo Banchero assists),FALSE,0,0,FALSE,0,0,FALSE
nba,2024,401585791,2024-04-10,Oklahoma City Thunder,San Antonio Spurs,OKC,SA,55-25,20-60,127,89,TRUE,Oklahoma City Thunder,55-25,NA,NA,NA,NA,NA,NA,NA,NA,NA,NA,Oklahoma City Thunder,55-25,San Antonio Spurs,20-60,0.945,0.945,0.05800000000000005,0.05172413793103447,0.9482758620689656,492,0,0,1,62,40158579182,82,1,5:23,2483,41.38333333333333,15,11,11,15,-4,Zach Collins defensive rebound,FALSE,0,0,FALSE,0,0,FALSE
nba,2024,401585787,2024-04-10,Atlanta Hawks,Charlotte Hornets,ATL,CHA,36-44,20-60,114,115,FALSE,Atlanta Hawks,36-44,NA,NA,NA,NA,NA,NA,NA,NA,NA,NA,Charlotte Hornets,20-60,Atlanta Hawks,36-44,0.722,0.722,0.988,0.9878542510121456,0.01214574898785425,428,0,0,1,294,401585787443,443,3,1:25,805,13.416666666666666,92,75,92,75,17,Bruno Fernando makes free throw 1 of 2,FALSE,0,0,FALSE,0,0,FALSE
nba,2024,401585788,2024-04-10,Brooklyn Nets,Toronto Raptors,BKN,TOR,32-48,25-55,106,102,TRUE,Brooklyn Nets,32-48,NA,NA,NA,NA,NA,NA,NA,NA,NA,NA,Brooklyn Nets,32-48,Toronto Raptors,25-55,0.878,0.878,0.743,0.8358008075370121,0.16419919246298786,485,0,0,1,373,401585788535,535,4,9:43,583,9.716666666666669,81,86,86,81,5,Jordan Nwora makes free throw 1 of 2,FALSE,0,0,FALSE,0,0,FALSE
nba,2024,401585789,2024-04-10,Miami Heat,Dallas Mavericks,MIA,DAL,44-36,50-30,92,111,FALSE,Miami Heat,44-36,NA,NA,NA,NA,NA,NA,NA,NA,NA,NA,Dallas Mavericks,50-30,Miami Heat,44-36,0.501,0.501,0.6,0.33333333333333326,0.6666666666666667,422,0,0,3,31,40158578945,45,1,7:34,2614,43.56666666666667,13,10,13,10,3,Luka Doncic bad pass (Jimmy Butler steals),FALSE,0,0,FALSE,0,0,FALSE
nba,2024,401585786,2024-04-10,Cleveland Cavaliers,Memphis Grizzlies,CLE,MEM,47-33,27-53,110,98,TRUE,Cleveland Cavaliers,47-33,NA,NA,NA,NA,NA,NA,NA,NA,NA,NA,Cleveland Cavaliers,47-33,Memphis Grizzlies,27-53,0.929,0.929,0.43400000000000005,0.8364055299539171,0.16359447004608285,463,0,0,1,259,401585786371,371,3,9:00,1260,21,50,56,56,50,6,Scotty Pippen Jr. personal foul,FALSE,0,0,FALSE,0,0,FALSE
nba,2024,401585783,2024-04-09,Los Angeles Lakers,Golden State Warriors,LAL,GS,45-35,44-35,120,134,FALSE,Golden State Warriors,44-35,NA,NA,NA,NA,NA,NA,NA,NA,NA,NA,Golden State Warriors,44-35,Los Angeles Lakers,45-35,0.427,0.573,0.468,0.08760683760683752,0.9123931623931624,457,0,0,1,31,40158578347,47,1,7:48,2628,43.8,9,8,9,8,1,Rui Hachimura defensive rebound,FALSE,0,0,FALSE,0,0,FALSE
nba,2024,401585784,2024-04-09,Phoenix Suns,LA Clippers,PHX,LAC,46-33,51-28,92,105,FALSE,Phoenix Suns,46-33,NA,NA,NA,NA,NA,NA,NA,NA,NA,NA,LA Clippers,51-28,Phoenix Suns,46-33,0.657,0.657,0.657,0.47792998477929993,0.5220700152207001,460,0,0,1,1,4015857844,4,1,12:00,2880,48,0,0,0,0,0,Ivica Zubac vs. Drew Eubanks (Bradley Beal gains possession),FALSE,0,0,FALSE,0,0,FALSE
nba,2024,401585785,2024-04-09,Portland Trail Blazers,New Orleans Pelicans,POR,NO,21-58,47-32,100,110,FALSE,New Orleans Pelicans,47-32,NA,NA,NA,NA,NA,NA,NA,NA,NA,NA,New Orleans Pelicans,47-32,Portland Trail Blazers,21-58,0.155,0.845,0.596,0.7399328859060402,0.2600671140939598,436,0,0,1,161,401585785227,227,2,3:54,1674,27.9,51,41,51,41,10,Zion Williamson misses driving floating jump shot,FALSE,0,0,FALSE,0,0,FALSE
nba,2024,401585782,2024-04-09,Utah Jazz,Denver Nuggets,UTAH,DEN,29-50,55-24,95,111,FALSE,Denver Nuggets,55-24,NA,NA,NA,NA,NA,NA,NA,NA,NA,NA,Denver Nuggets,55-24,Utah Jazz,29-50,0.227,0.773,0.266,0.14661654135338353,0.8533834586466165,426,0,0,1,299,401585782422,422,3,1:26,806,13.433333333333334,77,80,77,80,-3,Talen Horton-Tucker makes 26-foot three pointer (Keyonte George assists),FALSE,0,0,FALSE,0,0,FALSE
nba,2024,401585777,2024-04-09,Chicago Bulls,New York Knicks,CHI,NY,37-42,47-32,117,128,FALSE,New York Knicks,47-32,NA,NA,NA,NA,NA,NA,NA,NA,NA,NA,New York Knicks,47-32,Chicago Bulls,37-42,0.342,0.6579999999999999,0.37,0.07567567567567546,0.9243243243243244,412,0,0,1,2,4015857777,7,1,11:42,2862,47.7,2,0,2,0,2,Coby White makes 14-foot step back jumpshot,FALSE,0,0,FALSE,0,0,FALSE
nba,2024,401585778,2024-04-09,Houston Rockets,Orlando Magic,HOU,ORL,39-40,46-33,118,106,TRUE,Houston Rockets,39-40,NA,NA,NA,NA,NA,NA,NA,NA,NA,NA,Houston Rockets,39-40,Orlando Magic,46-33,0.597,0.597,0.512,0.212890625,0.787109375,451,0,0,2,14,40158577824,24,1,9:38,2738,45.63333333333333,5,10,10,5,5,Markelle Fultz makes two point shot (Paolo Banchero assists),FALSE,0,0,FALSE,0,0,FALSE
nba,2024,401585779,2024-04-09,Memphis Grizzlies,San Antonio Spurs,MEM,SA,27-52,20-59,87,102,FALSE,San Antonio Spurs,20-59,NA,NA,NA,NA,NA,NA,NA,NA,NA,NA,San Antonio Spurs,20-59,Memphis Grizzlies,27-52,0.434,0.5660000000000001,0.801,0.7515605493133584,0.24843945068664164,447,0,0,5,72,401585779101,101,1,2:44,2324,38.733333333333334,23,9,23,9,14,Scotty Pippen Jr. makes two point shot,FALSE,0,0,FALSE,0,0,FALSE
nba,2024,401585780,2024-04-09,Minnesota Timberwolves,Washington Wizards,MIN,WSH,55-24,15-65,130,121,TRUE,Minnesota Timberwolves,55-24,NA,NA,NA,NA,NA,NA,NA,NA,NA,NA,Minnesota Timberwolves,55-24,Washington Wizards,15-65,0.951,0.951,0.626,0.9217252396166132,0.07827476038338665,472,0,0,1,129,401585780189,189,2,10:52,2092,34.86666666666667,28,47,47,28,19,Eugene Omoruyi makes free throw 1 of 2,FALSE,0,0,FALSE,0,0,FALSE
nba,2024,401585781,2024-04-09,Oklahoma City Thunder,Sacramento Kings,OKC,SAC,54-25,45-34,112,105,TRUE,Oklahoma City Thunder,54-25,NA,NA,NA,NA,NA,NA,NA,NA,NA,NA,Oklahoma City Thunder,54-25,Sacramento Kings,45-34,0.741,0.741,0.935,0.93048128342246,0.06951871657753994,516,0,0,1,235,401585781330,330,2,25.1,1465.1,24.418333333333333,44,64,64,44,20,Chet Holmgren misses 24-foot three point jumper,FALSE,0,0,FALSE,0,0,FALSE
nba,2024,401585775,2024-04-09,Atlanta Hawks,Miami Heat,ATL,MIA,36-43,44-35,111,117,FALSE,Miami Heat,44-35,NA,NA,NA,NA,NA,NA,NA,NA,NA,NA,Miami Heat,44-35,Atlanta Hawks,36-43,0.356,0.644,0.852,0.8262910798122065,0.1737089201877935,509,0,0,1,453,401585775654,654,5,1:18,378,6.3,107,104,107,104,3,Dejounte Murray defensive rebound,FALSE,0,0,FALSE,0,0,FALSE
nba,2024,401585776,2024-04-09,Milwaukee Bucks,Boston Celtics,MIL,BOS,48-31,62-17,104,91,TRUE,Boston Celtics,62-17,NA,NA,NA,NA,NA,NA,NA,NA,NA,NA,Milwaukee Bucks,48-31,Boston Celtics,62-17,0.314,0.6859999999999999,0.727,0.6244841815680879,0.37551581843191206,374,0,0,1,7,40158577614,14,1,11:06,2826,47.1,2,3,3,2,1,Khris Middleton lost ball turnover (Derrick White steals),FALSE,0,0,FALSE,0,0,FALSE
nba,2024,401585772,2024-04-09,Charlotte Hornets,Dallas Mavericks,CHA,DAL,19-60,49-30,104,130,FALSE,Dallas Mavericks,49-30,NA,NA,NA,NA,NA,NA,NA,NA,NA,NA,Dallas Mavericks,49-30,Charlotte Hornets,19-60,0.132,0.868,0.167,0.20958083832335328,0.7904191616766467,469,0,0,1,21,40158577231,31,1,9:29,2729,45.483333333333334,6,5,6,5,1,Luka Doncic misses 31-foot three point jumper,FALSE,0,0,FALSE,0,0,FALSE
nba,2024,401585773,2024-04-09,Philadelphia 76ers,Detroit Pistons,PHI,DET,45-35,13-66,120,102,TRUE,Philadelphia 76ers,45-35,NA,NA,NA,NA,NA,NA,NA,NA,NA,NA,Philadelphia 76ers,45-35,Detroit Pistons,13-66,0.861,0.861,0.32199999999999995,0.5683229813664595,0.43167701863354047,474,0,0,1,279,401585773398,398,3,5:58,1078,17.966666666666665,71,70,70,71,-1,Chimezie Metu offensive rebound,FALSE,0,0,FALSE,0,0,FALSE
nba,2024,401585774,2024-04-09,Toronto Raptors,Indiana Pacers,TOR,IND,25-54,46-34,123,140,FALSE,Indiana Pacers,46-34,NA,NA,NA,NA,NA,NA,NA,NA,NA,NA,Indiana Pacers,46-34,Toronto Raptors,25-54,0.136,0.864,0.511,0.7338551859099804,0.26614481409001955,506,0,0,1,106,401585774148,148,1,14.1,2174.1,36.235,35,23,35,23,12,T.J. McConnell misses driving layup,FALSE,0,0,FALSE,0,0,FALSE
nba,2024,401585771,2024-04-07,Los Angeles Lakers,Minnesota Timberwolves,LAL,MIN,45-34,54-24,117,127,FALSE,Minnesota Timberwolves,54-24,NA,NA,NA,NA,NA,NA,NA,NA,NA,NA,Minnesota Timberwolves,54-24,Los Angeles Lakers,45-34,0.346,0.654,0.57,0.3929824561403509,0.6070175438596491,466,0,0,1,63,40158577191,91,1,4:16,2416,40.266666666666666,29,22,29,22,7,shot clock turnover,FALSE,0,0,FALSE,0,0,FALSE
nba,2024,401585770,2024-04-07,Golden State Warriors,Utah Jazz,GS,UTAH,43-35,29-49,118,110,TRUE,Golden State Warriors,43-35,NA,NA,NA,NA,NA,NA,NA,NA,NA,NA,Golden State Warriors,43-35,Utah Jazz,29-49,0.866,0.866,0.237,0.43459915611814337,0.5654008438818566,420,0,0,1,12,40158577021,21,1,9:59,2759,45.983333333333334,2,8,8,2,6,Keyonte George makes 26-foot three pointer,FALSE,0,0,FALSE,0,0,FALSE
nba,2024,401585769,2024-04-07,Brooklyn Nets,Sacramento Kings,BKN,SAC,31-48,45-33,77,107,FALSE,Sacramento Kings,45-33,NA,NA,NA,NA,NA,NA,NA,NA,NA,NA,Sacramento Kings,45-33,Brooklyn Nets,31-48,0.339,0.661,0.521,0.34932821497120925,0.65067178502879075,456,0,0,1,61,40158576985,85,1,5:47,2507,41.78333333333333,14,7,14,7,7,Noah Clowney makes 3-foot layup (Dennis Schroder assists),FALSE,0,0,FALSE,0,0,FALSE
nba,2024,401585767,2024-04-07,Milwaukee Bucks,New York Knicks,MIL,NY,47-31,46-32,109,122,FALSE,Milwaukee Bucks,47-31,NA,NA,NA,NA,NA,NA,NA,NA,NA,NA,New York Knicks,46-32,Milwaukee Bucks,47-31,0.512,0.512,0.834,0.8009592326139088,0.1990407673860912,445,0,0,2,248,401585767351,351,2,0.0,1440,24,61,50,61,50,11,End of the 2nd Quarter,FALSE,0,0,FALSE,0,0,FALSE
nba,2024,401585768,2024-04-07,San Antonio Spurs,Philadelphia 76ers,SA,PHI,19-59,44-35,126,133,FALSE,San Antonio Spurs,19-59,NA,NA,NA,NA,NA,NA,NA,NA,NA,NA,Philadelphia 76ers,44-35,San Antonio Spurs,19-59,0.517,0.517,0.938,0.9339019189765458,0.06609808102345416,553,0,0,3,391,401585768553,553,4,8:13,1093,18.216666666666665,91,83,91,83,8,Spurs Full timeout,FALSE,0,0,FALSE,0,0,FALSE
nba,2024,401585762,2024-04-07,Boston Celtics,Portland Trail Blazers,BOS,POR,62-16,21-57,124,107,TRUE,Boston Celtics,62-16,NA,NA,NA,NA,NA,NA,NA,NA,NA,NA,Boston Celtics,62-16,Portland Trail Blazers,21-57,0.986,0.986,0.128,0.8906249999999999,0.10937500000000012,427,0,0,1,316,401585762455,455,3,1:41,821,13.683333333333334,85,81,81,85,-4,Payton Pritchard misses 26-foot three point pullup jump shot,FALSE,0,0,FALSE,0,0,FALSE
nba,2024,401585763,2024-04-07,Charlotte Hornets,Oklahoma City Thunder,CHA,OKC,19-59,53-25,118,121,FALSE,Oklahoma City Thunder,53-25,NA,NA,NA,NA,NA,NA,NA,NA,NA,NA,Oklahoma City Thunder,53-25,Charlotte Hornets,19-59,0.172,0.8280000000000001,0.819,0.7899877899877901,0.21001221001220993,448,0,0,1,400,401585763610,610,4,3:11,191,3.183333333333333,111,107,111,107,4,Miles Bridges defensive rebound,FALSE,0,0,FALSE,0,0,FALSE
nba,2024,401585764,2024-04-07,Orlando Magic,Chicago Bulls,ORL,CHI,46-32,37-41,113,98,TRUE,Orlando Magic,46-32,NA,NA,NA,NA,NA,NA,NA,NA,NA,NA,Orlando Magic,46-32,Chicago Bulls,37-41,0.692,0.692,0.30800000000000005,0,1,443,0,0,1,1,4015857644,4,1,12:00,2880,48,0,0,0,0,0,Nikola Vucevic vs. Wendell Carter Jr. (Jalen Suggs gains possession),FALSE,0,0,FALSE,0,0,FALSE
nba,2024,401585765,2024-04-07,Toronto Raptors,Washington Wizards,TOR,WSH,25-53,15-64,130,122,TRUE,Toronto Raptors,25-53,NA,NA,NA,NA,NA,NA,NA,NA,NA,NA,Toronto Raptors,25-53,Washington Wizards,15-64,0.623,0.623,0.4280000000000001,0.1191588785046731,0.8808411214953269,514,0,0,1,8,40158576516,16,1,10:35,2795,46.583333333333336,2,3,3,2,1,Tristan Vukcevic defensive rebound,FALSE,0,0,FALSE,0,0,FALSE
nba,2024,401585766,2024-04-07,Phoenix Suns,New Orleans Pelicans,PHX,NO,46-32,46-32,105,113,FALSE,Phoenix Suns,46-32,NA,NA,NA,NA,NA,NA,NA,NA,NA,NA,New Orleans Pelicans,46-32,Phoenix Suns,46-32,0.649,0.649,0.882,0.8662131519274376,0.13378684807256236,440,0,0,1,119,401585766169,169,2,10:11,2051,34.18333333333333,32,19,32,19,13,Bradley Beal makes 18-foot pullup jump shot (Jusuf Nurkic assists),FALSE,0,0,FALSE,0,0,FALSE
nba,2024,401585761,2024-04-07,Indiana Pacers,Miami Heat,IND,MIA,45-34,43-35,117,115,TRUE,Miami Heat,43-35,NA,NA,NA,NA,NA,NA,NA,NA,NA,NA,Indiana Pacers,45-34,Miami Heat,43-35,0.492,0.508,0.5489999999999999,0.17850637522768653,0.8214936247723135,463,0,0,1,17,40158576125,25,1,9:36,2736,45.6,4,4,4,4,0,Pascal Siakam shooting foul,FALSE,0,0,FALSE,0,0,FALSE
nba,2024,401585759,2024-04-07,Dallas Mavericks,Houston Rockets,DAL,HOU,48-30,38-40,147,136,TRUE,Dallas Mavericks,48-30,NA,NA,NA,NA,NA,NA,NA,NA,NA,NA,Dallas Mavericks,48-30,Houston Rockets,38-40,0.727,0.727,0.978,0.9775051124744376,0.02249488752556239,558,0,0,1,499,401585759739,739,4,8.1,308.1,5.135000000000001,126,129,129,126,3,Derrick Jones Jr. personal take foul,FALSE,0,0,FALSE,0,0,FALSE
nba,2024,401585760,2024-04-07,LA Clippers,Cleveland Cavaliers,LAC,CLE,50-28,46-33,120,118,TRUE,LA Clippers,50-28,NA,NA,NA,NA,NA,NA,NA,NA,NA,NA,LA Clippers,50-28,Cleveland Cavaliers,46-33,0.667,0.667,0.994,0.9939637826961772,0.00603621730382286,469,0,0,2,273,401585760403,403,3,6:35,1115,18.583333333333332,68,94,94,68,26,Jarrett Allen makes two point shot (Max Strus assists),FALSE,0,0,FALSE,0,0,FALSE
nba,2024,401585758,2024-04-06,Denver Nuggets,Atlanta Hawks,DEN,ATL,54-24,36-42,142,110,TRUE,Denver Nuggets,54-24,NA,NA,NA,NA,NA,NA,NA,NA,NA,NA,Denver Nuggets,54-24,Atlanta Hawks,36-42,0.745,0.745,0.31499999999999995,0.19047619047619035,0.8095238095238096,457,0,0,1,2,4015857584,4,1,11:44,2864,47.733333333333334,0,3,3,0,3,Dejounte Murray makes 22-foot three point jumper (Jalen Johnson assists),FALSE,0,0,FALSE,0,0,FALSE
nba,2024,401585757,2024-04-06,Memphis Grizzlies,Philadelphia 76ers,MEM,PHI,27-51,43-35,96,116,FALSE,Philadelphia 76ers,43-35,NA,NA,NA,NA,NA,NA,NA,NA,NA,NA,Philadelphia 76ers,43-35,Memphis Grizzlies,27-51,0.149,0.851,0.183,0.18579234972677583,0.8142076502732242,450,0,0,1,78,401585757109,109,1,3:06,2346,39.1,16,19,16,19,-3,Buddy Hield shooting foul,FALSE,0,0,FALSE,0,0,FALSE
nba,2024,401585756,2024-04-06,Brooklyn Nets,Detroit Pistons,BKN,DET,31-47,13-65,113,103,TRUE,Brooklyn Nets,31-47,NA,NA,NA,NA,NA,NA,NA,NA,NA,NA,Brooklyn Nets,31-47,Detroit Pistons,13-65,0.814,0.814,0.987,0.9868287740628164,0.01317122593718345,428,0,0,1,346,401585756497,497,4,7:28,448,7.466666666666667,84,99,99,84,15,Cam Thomas misses driving floating jump shot,FALSE,0,0,FALSE,0,0,FALSE
nba,2024,401585755,2024-04-06,Los Angeles Lakers,Cleveland Cavaliers,LAL,CLE,45-33,46-32,116,97,TRUE,Cleveland Cavaliers,46-32,NA,NA,NA,NA,NA,NA,NA,NA,NA,NA,Los Angeles Lakers,45-33,Cleveland Cavaliers,46-32,0.432,0.5680000000000001,0.722,0.6149584487534625,0.3850415512465375,435,0,0,1,268,401585755389,389,3,5:42,1062,17.7,69,72,72,69,3,Anthony Davis shooting foul,FALSE,0,0,FALSE,0,0,FALSE
nba,2024,401585754,2024-04-05,LA Clippers,Utah Jazz,LAC,UTAH,49-28,29-48,131,102,TRUE,LA Clippers,49-28,NA,NA,NA,NA,NA,NA,NA,NA,NA,NA,LA Clippers,49-28,Utah Jazz,29-48,0.858,0.858,0.14200000000000002,0,1,460,0,0,1,1,4015857544,4,1,12:00,2880,48,0,0,0,0,0,Omer Yurtseven vs. Ivica Zubac (James Harden gains possession),FALSE,0,0,FALSE,0,0,FALSE
nba,2024,401585753,2024-04-05,Phoenix Suns,Minnesota Timberwolves,PHX,MIN,46-31,53-24,97,87,TRUE,Phoenix Suns,46-31,NA,NA,NA,NA,NA,NA,NA,NA,NA,NA,Phoenix Suns,46-31,Minnesota Timberwolves,53-24,0.517,0.517,0.503,0.03976143141153088,0.9602385685884692,460,0,0,1,2,4015857537,7,1,11:35,2855,47.583333333333336,0,0,0,0,0,Jusuf Nurkic bad pass (Naz Reid steals),FALSE,0,0,FALSE,0,0,FALSE
nba,2024,401585725,2024-04-05,Dallas Mavericks,Golden State Warriors,DAL,GS,47-30,42-35,108,106,TRUE,Dallas Mavericks,47-30,NA,NA,NA,NA,NA,NA,NA,NA,NA,NA,Dallas Mavericks,47-30,Golden State Warriors,42-35,0.516,0.516,0.619,0.38449111470113073,0.6155088852988693,486,0,0,1,232,401585725348,348,3,11:33,1413,23.55,52,56,56,52,4,Klay Thompson makes 22-foot jumper (Chris Paul assists),FALSE,0,0,FALSE,0,0,FALSE
nba,2024,401585747,2024-04-05,Chicago Bulls,New York Knicks,CHI,NY,37-40,45-32,108,100,TRUE,New York Knicks,45-32,NA,NA,NA,NA,NA,NA,NA,NA,NA,NA,Chicago Bulls,37-40,New York Knicks,45-32,0.484,0.516,0.516,0.0620155038759691,0.9379844961240308,460,0,0,1,1,4015857474,4,1,12:00,2880,48,0,0,0,0,0,Isaiah Hartenstein vs. Nikola Vucevic (Ayo Dosunmu gains possession),FALSE,0,0,FALSE,0,0,FALSE
nba,2024,401585748,2024-04-05,Houston Rockets,Miami Heat,HOU,MIA,38-39,43-34,104,119,FALSE,Houston Rockets,38-39,NA,NA,NA,NA,NA,NA,NA,NA,NA,NA,Miami Heat,43-34,Houston Rockets,38-39,0.503,0.503,0.665,0.4962406015037595,0.5037593984962405,461,0,0,1,51,40158574877,77,1,5:33,2493,41.55,18,11,18,11,7,Dillon Brooks makes 25-foot three point jumper (Jabari Smith Jr. assists),FALSE,0,0,FALSE,0,0,FALSE
nba,2024,401585749,2024-04-05,Memphis Grizzlies,Detroit Pistons,MEM,DET,27-50,13-64,108,90,TRUE,Detroit Pistons,13-64,NA,NA,NA,NA,NA,NA,NA,NA,NA,NA,Memphis Grizzlies,27-50,Detroit Pistons,13-64,0.452,0.548,0.718,0.607242339832869,0.392757660167131,444,0,0,2,52,40158574977,77,1,5:11,2471,41.18333333333333,13,19,19,13,6,Tosan Evbuomwan makes free throw 1 of 2,FALSE,0,0,FALSE,0,0,FALSE
nba,2024,401585750,2024-04-05,Milwaukee Bucks,Toronto Raptors,MIL,TOR,47-30,24-53,111,117,FALSE,Milwaukee Bucks,47-30,NA,NA,NA,NA,NA,NA,NA,NA,NA,NA,Toronto Raptors,24-53,Milwaukee Bucks,47-30,0.874,0.874,0.928,0.9224137931034484,0.0775862068965516,482,0,0,1,140,401585750196,196,2,7:01,1861,31.016666666666666,40,30,40,30,10,Jordan Nwora misses driving floating jump shot,FALSE,0,0,FALSE,0,0,FALSE
nba,2024,401585751,2024-04-05,New Orleans Pelicans,San Antonio Spurs,NO,SA,45-32,19-58,109,111,FALSE,New Orleans Pelicans,45-32,NA,NA,NA,NA,NA,NA,NA,NA,NA,NA,San Antonio Spurs,19-58,New Orleans Pelicans,45-32,0.86,0.86,0.957,0.955067920585162,0.04493207941483801,419,0,0,1,180,401585751272,272,2,2:32,1592,26.533333333333335,53,38,53,38,15,Jonas Valanciunas makes 9-foot driving floating jump shot,FALSE,0,0,FALSE,0,0,FALSE
nba,2024,401585746,2024-04-05,Boston Celtics,Sacramento Kings,BOS,SAC,61-16,44-33,101,100,TRUE,Boston Celtics,61-16,NA,NA,NA,NA,NA,NA,NA,NA,NA,NA,Boston Celtics,61-16,Sacramento Kings,44-33,0.943,0.943,0.71,0.9197183098591548,0.08028169014084519,454,0,0,1,443,401585746612,612,4,11.0,11,0.18333333333333332,99,100,100,99,1,Keegan Murray defensive rebound,FALSE,0,0,FALSE,0,0,FALSE
nba,2024,401585743,2024-04-05,Charlotte Hornets,Orlando Magic,CHA,ORL,19-58,45-32,124,115,TRUE,Orlando Magic,45-32,NA,NA,NA,NA,NA,NA,NA,NA,NA,NA,Charlotte Hornets,19-58,Orlando Magic,45-32,0.17,0.83,0.83,0.7951807228915662,0.20481927710843384,440,0,0,1,1,4015857434,4,1,12:00,2880,48,0,0,0,0,0,Wendell Carter Jr. vs. Grant Williams (Jalen Suggs gains possession),FALSE,0,0,FALSE,0,0,FALSE
nba,2024,401585744,2024-04-05,Indiana Pacers,Oklahoma City Thunder,IND,OKC,44-34,52-25,126,112,TRUE,Indiana Pacers,44-34,NA,NA,NA,NA,NA,NA,NA,NA,NA,NA,Indiana Pacers,44-34,Oklahoma City Thunder,52-25,0.536,0.536,0.734,0.6376021798365121,0.3623978201634878,462,0,0,3,82,401585744119,119,1,2:16,2296,38.266666666666666,22,30,30,22,8,T.J. McConnell loose ball foul,FALSE,0,0,FALSE,0,0,FALSE
nba,2024,401585745,2024-04-05,Washington Wizards,Portland Trail Blazers,WSH,POR,15-63,21-56,102,108,FALSE,Washington Wizards,15-63,NA,NA,NA,NA,NA,NA,NA,NA,NA,NA,Portland Trail Blazers,21-56,Washington Wizards,15-63,0.593,0.593,0.722,0.6149584487534625,0.3850415512465375,492,0,0,1,49,40158574577,77,1,6:31,2551,42.516666666666666,16,10,16,10,6,Johnny Davis makes 23-foot three point jumper (Jordan Poole assists),FALSE,0,0,FALSE,0,0,FALSE
nba,2024,401585742,2024-04-04,LA Clippers,Denver Nuggets,LAC,DEN,48-28,53-24,102,100,TRUE,LA Clippers,48-28,NA,NA,NA,NA,NA,NA,NA,NA,NA,NA,LA Clippers,48-28,Denver Nuggets,53-24,0.603,0.603,0.823,0.7849331713244228,0.21506682867557725,480,0,0,1,70,401585742100,100,1,4:13,2413,40.21666666666667,8,25,25,8,17,Nikola Jokic makes 11-foot two point shot (Kentavious Caldwell-Pope assists),FALSE,0,0,FALSE,0,0,FALSE
nba,2024,401585741,2024-04-04,Houston Rockets,Golden State Warriors,HOU,GS,38-38,42-34,110,133,FALSE,Golden State Warriors,42-34,NA,NA,NA,NA,NA,NA,NA,NA,NA,NA,Golden State Warriors,42-34,Houston Rockets,38-38,0.475,0.525,0.496,0.04233870967741937,0.9576612903225806,467,0,0,1,12,40158574120,20,1,10:13,2773,46.21666666666667,2,2,2,2,0,Rockets defensive team rebound,FALSE,0,0,FALSE,0,0,FALSE
nba,2024,401585739,2024-04-04,Miami Heat,Philadelphia 76ers,MIA,PHI,42-34,42-35,105,109,FALSE,Miami Heat,42-34,NA,NA,NA,NA,NA,NA,NA,NA,NA,NA,Philadelphia 76ers,42-35,Miami Heat,42-34,0.717,0.717,0.924,0.9177489177489178,0.08225108225108224,444,0,0,1,389,401585739571,571,4,6:28,388,6.466666666666667,101,94,101,94,7,Jimmy Butler makes free throw 1 of 2,FALSE,0,0,FALSE,0,0,FALSE
nba,2024,401585740,2024-04-04,New York Knicks,Sacramento Kings,NY,SAC,45-31,44-32,120,109,TRUE,New York Knicks,45-31,NA,NA,NA,NA,NA,NA,NA,NA,NA,NA,New York Knicks,45-31,Sacramento Kings,44-32,0.695,0.695,0.904,0.8938053097345133,0.10619469026548668,458,0,0,6,117,401585740174,174,2,8:42,1962,32.7,25,46,46,25,21,De'Aaron Fox makes 25-foot three pointer,FALSE,0,0,FALSE,0,0,FALSE
nba,2024,401585752,2024-04-04,Dallas Mavericks,Atlanta Hawks,DAL,ATL,46-30,36-41,109,95,TRUE,Dallas Mavericks,46-30,NA,NA,NA,NA,NA,NA,NA,NA,NA,NA,Dallas Mavericks,46-30,Atlanta Hawks,36-41,0.824,0.824,0.457,0.6148796498905907,0.38512035010940926,493,0,0,1,152,401585752212,212,2,10:26,2066,34.43333333333333,28,35,35,28,7,Bruno Fernando defensive rebound,FALSE,0,0,FALSE,0,0,FALSE
nba,2024,401585738,2024-04-03,Phoenix Suns,Cleveland Cavaliers,PHX,CLE,45-31,46-31,122,101,TRUE,Phoenix Suns,45-31,NA,NA,NA,NA,NA,NA,NA,NA,NA,NA,Phoenix Suns,45-31,Cleveland Cavaliers,46-31,0.599,0.599,0.513,0.21832358674463936,0.7816764132553606,433,0,0,1,18,40158573829,29,1,8:50,2690,44.833333333333336,7,12,12,7,5,Donovan Mitchell makes 25-foot step back jumpshot (Max Strus assists),FALSE,0,0,FALSE,0,0,FALSE
nba,2024,401585735,2024-04-03,Milwaukee Bucks,Memphis Grizzlies,MIL,MEM,47-29,26-50,101,111,FALSE,Milwaukee Bucks,47-29,NA,NA,NA,NA,NA,NA,NA,NA,NA,NA,Memphis Grizzlies,26-50,Milwaukee Bucks,47-29,0.757,0.757,0.887,0.8726042841037205,0.12739571589627952,446,0,0,1,259,401585735367,367,3,6:25,1105,18.416666666666668,69,59,69,59,10,Brook Lopez makes 1-foot layup (Giannis Antetokounmpo assists),FALSE,0,0,FALSE,0,0,FALSE
nba,2024,401585736,2024-04-03,Minnesota Timberwolves,Toronto Raptors,MIN,TOR,53-23,23-53,133,85,TRUE,Minnesota Timberwolves,53-23,NA,NA,NA,NA,NA,NA,NA,NA,NA,NA,Minnesota Timberwolves,53-23,Toronto Raptors,23-53,0.943,0.943,0.113,0.4955752212389376,0.5044247787610624,462,0,0,1,85,401585736112,112,1,2:53,2333,38.88333333333333,14,16,16,14,2,Javon Freeman-Liberty makes two point shot (Jordan Nwora assists),FALSE,0,0,FALSE,0,0,FALSE
nba,2024,401585737,2024-04-03,New Orleans Pelicans,Orlando Magic,NO,ORL,45-31,45-31,108,117,FALSE,New Orleans Pelicans,45-31,NA,NA,NA,NA,NA,NA,NA,NA,NA,NA,Orlando Magic,45-31,New Orleans Pelicans,45-31,0.679,0.679,0.84,0.8095238095238095,0.1904761904761905,459,0,0,1,98,401585737137,137,1,1:59,2279,37.983333333333334,23,16,23,16,7,Markelle Fultz personal foul,FALSE,0,0,FALSE,0,0,FALSE
nba,2024,401585732,2024-04-03,Atlanta Hawks,Detroit Pistons,ATL,DET,36-40,13-63,121,113,TRUE,Atlanta Hawks,36-40,NA,NA,NA,NA,NA,NA,NA,NA,NA,NA,Atlanta Hawks,36-40,Detroit Pistons,13-63,0.8,0.8,0.33799999999999997,0.40828402366863914,0.5917159763313609,448,0,0,1,178,401585732259,259,2,5:37,1777,29.616666666666667,41,42,42,41,1,Dejounte Murray misses 6-foot pullup jump shot,FALSE,0,0,FALSE,0,0,FALSE
nba,2024,401585733,2024-04-03,Boston Celtics,Oklahoma City Thunder,BOS,OKC,60-16,52-24,135,100,TRUE,Boston Celtics,60-16,NA,NA,NA,NA,NA,NA,NA,NA,NA,NA,Boston Celtics,60-16,Oklahoma City Thunder,52-24,0.886,0.886,0.19899999999999995,0.42713567839195976,0.5728643216080402,454,0,0,3,76,401585733108,108,1,3:12,2352,39.2,19,20,20,19,1,Cason Wallace makes free throw 1 of 2,FALSE,0,0,FALSE,0,0,FALSE
nba,2024,401585734,2024-04-03,Brooklyn Nets,Indiana Pacers,BKN,IND,30-47,43-34,115,111,TRUE,Indiana Pacers,43-34,NA,NA,NA,NA,NA,NA,NA,NA,NA,NA,Brooklyn Nets,30-47,Indiana Pacers,43-34,0.395,0.605,0.886,0.8713318284424378,0.12866817155756216,497,0,0,1,115,401585734179,179,1,6.1,2166.1,36.10166666666667,19,31,31,19,12,Mikal Bridges personal foul,FALSE,0,0,FALSE,0,0,FALSE
nba,2024,401585730,2024-04-03,Charlotte Hornets,Portland Trail Blazers,CHA,POR,18-58,20-56,86,89,FALSE,Charlotte Hornets,18-58,NA,NA,NA,NA,NA,NA,NA,NA,NA,NA,Portland Trail Blazers,20-56,Charlotte Hornets,18-58,0.525,0.525,0.623,0.3948635634028892,0.6051364365971108,447,0,0,1,406,401585730566,566,4,3:35,215,3.5833333333333335,81,79,81,79,2,Brandon Miller makes two point shot,FALSE,0,0,FALSE,0,0,FALSE
nba,2024,401585731,2024-04-03,Washington Wizards,Los Angeles Lakers,WSH,LAL,15-62,44-33,120,125,FALSE,Los Angeles Lakers,44-33,NA,NA,NA,NA,NA,NA,NA,NA,NA,NA,Los Angeles Lakers,44-33,Washington Wizards,15-62,0.271,0.729,0.564,0.5195035460992907,0.4804964539007093,474,0,0,2,27,40158573141,41,1,7:54,2634,43.9,19,8,19,8,11,Kyle Kuzma makes 21-foot running pullup jump shot,FALSE,0,0,FALSE,0,0,FALSE
nba,2024,401585729,2024-04-02,Sacramento Kings,LA Clippers,SAC,LAC,44-31,47-28,109,95,TRUE,LA Clippers,47-28,NA,NA,NA,NA,NA,NA,NA,NA,NA,NA,Sacramento Kings,44-31,LA Clippers,47-28,0.41,0.5900000000000001,0.736,0.6413043478260869,0.3586956521739131,467,0,0,1,82,401585729120,120,1,4:17,2417,40.28333333333333,11,16,16,11,5,Paul George makes free throw 2 of 3,FALSE,0,0,FALSE,0,0,FALSE
nba,2024,401636114,2024-04-02,Golden State Warriors,Dallas Mavericks,GS,DAL,41-34,45-30,104,100,TRUE,Golden State Warriors,41-34,NA,NA,NA,NA,NA,NA,NA,NA,NA,NA,Golden State Warriors,41-34,Dallas Mavericks,45-30,0.519,0.519,0.76,0.6842105263157894,0.3157894736842106,464,0,0,1,270,401636114402,402,3,9:05,1265,21.083333333333332,51,59,59,51,8,Luka Doncic makes 19-foot step back jumpshot,FALSE,0,0,FALSE,0,0,FALSE
nba,2024,401585727,2024-04-02,Denver Nuggets,San Antonio Spurs,DEN,SA,53-23,18-58,110,105,TRUE,Denver Nuggets,53-23,NA,NA,NA,NA,NA,NA,NA,NA,NA,NA,Denver Nuggets,53-23,San Antonio Spurs,18-58,0.881,0.881,0.661,0.8199697428139183,0.18003025718608168,489,0,0,1,294,401585727415,415,3,6:31,1111,18.516666666666666,65,74,74,65,9,Sandro Mamukelashvili makes 26-foot three point jumper (Victor Wembanyama assists),FALSE,0,0,FALSE,0,0,FALSE
nba,2024,401585728,2024-04-02,Utah Jazz,Cleveland Cavaliers,UTAH,CLE,29-47,46-30,113,129,FALSE,Cleveland Cavaliers,46-30,NA,NA,NA,NA,NA,NA,NA,NA,NA,NA,Cleveland Cavaliers,46-30,Utah Jazz,29-47,0.208,0.792,0.212,0.01886792452830199,0.981132075471698,440,0,0,1,3,40158572812,12,1,11:09,2829,47.15,2,2,2,2,0,Walker Kessler makes 2-foot layup (Brice Sensabaugh assists),FALSE,0,0,FALSE,0,0,FALSE
nba,2024,401585726,2024-04-02,Minnesota Timberwolves,Houston Rockets,MIN,HOU,52-23,38-37,113,106,TRUE,Minnesota Timberwolves,52-23,NA,NA,NA,NA,NA,NA,NA,NA,NA,NA,Minnesota Timberwolves,52-23,Houston Rockets,38-37,0.708,0.708,0.7050000000000001,0.5858156028368795,0.4141843971631205,448,0,0,1,118,401585726170,170,2,11:17,2117,35.28333333333333,16,27,27,16,11,Cam Whitmore makes free throw 1 of 2,FALSE,0,0,FALSE,0,0,FALSE
nba,2024,401585721,2024-04-02,Philadelphia 76ers,Oklahoma City Thunder,PHI,OKC,41-35,52-23,109,105,TRUE,Oklahoma City Thunder,52-23,NA,NA,NA,NA,NA,NA,NA,NA,NA,NA,Philadelphia 76ers,41-35,Oklahoma City Thunder,52-23,0.337,0.663,0.966,0.9648033126293996,0.03519668737060044,473,0,0,1,383,401585721595,595,4,7:09,429,7.15,83,94,94,83,11,Luguentz Dort blocks Tobias Harris 's 2-foot layup,FALSE,0,0,FALSE,0,0,FALSE
nba,2024,401585724,2024-04-02,Miami Heat,New York Knicks,MIA,NY,42-33,44-31,109,99,TRUE,Miami Heat,42-33,NA,NA,NA,NA,NA,NA,NA,NA,NA,NA,Miami Heat,42-33,New York Knicks,44-31,0.551,0.551,0.522,0.13984674329501923,0.8601532567049808,404,0,0,1,20,40158572434,34,1,8:20,2660,44.333333333333336,10,11,11,10,1,Jalen Brunson makes free throw 1 of 2,FALSE,0,0,FALSE,0,0,FALSE
nba,2024,401585722,2024-04-02,Toronto Raptors,Los Angeles Lakers,TOR,LAL,23-52,43-33,111,128,FALSE,Los Angeles Lakers,43-33,NA,NA,NA,NA,NA,NA,NA,NA,NA,NA,Los Angeles Lakers,43-33,Toronto Raptors,23-52,0.231,0.769,0.423,0.45390070921985815,0.5460992907801419,473,0,0,1,22,40158572234,34,1,9:04,2704,45.06666666666667,12,4,12,4,8,Gradey Dick makes 9-foot two point shot (Immanuel Quickley assists),FALSE,0,0,FALSE,0,0,FALSE
nba,2024,401585723,2024-04-02,Washington Wizards,Milwaukee Bucks,WSH,MIL,15-61,47-28,117,113,TRUE,Milwaukee Bucks,47-28,NA,NA,NA,NA,NA,NA,NA,NA,NA,NA,Washington Wizards,15-61,Milwaukee Bucks,47-28,0.236,0.764,0.821,0.7819732034104749,0.21802679658952503,474,0,0,1,64,40158572391,91,1,5:42,2502,41.7,13,16,16,13,3,Tristan Vukcevic shooting foul,FALSE,0,0,FALSE,0,0,FALSE
nba,2024,401585719,2024-04-01,Chicago Bulls,Atlanta Hawks,CHI,ATL,36-40,35-40,101,113,FALSE,Chicago Bulls,36-40,NA,NA,NA,NA,NA,NA,NA,NA,NA,NA,Atlanta Hawks,35-40,Chicago Bulls,36-40,0.543,0.543,0.787,0.7293519695044473,0.27064803049555275,468,0,0,1,20,40158571929,29,1,9:16,2716,45.266666666666666,11,0,11,0,11,DeMar DeRozan personal foul,FALSE,0,0,FALSE,0,0,FALSE
nba,2024,401585720,2024-04-01,New Orleans Pelicans,Phoenix Suns,NO,PHX,45-30,44-31,111,124,FALSE,New Orleans Pelicans,45-30,NA,NA,NA,NA,NA,NA,NA,NA,NA,NA,Phoenix Suns,44-31,New Orleans Pelicans,45-30,0.609,0.609,0.636,0.4276729559748429,0.5723270440251571,454,0,0,1,2,4015857207,7,1,11:41,2861,47.68333333333333,2,0,2,0,2,Jonas Valanciunas makes 11-foot jumper (Herbert Jones assists),FALSE,0,0,FALSE,0,0,FALSE
nba,2024,401585715,2024-04-01,Charlotte Hornets,Boston Celtics,CHA,BOS,18-57,59-16,104,118,FALSE,Boston Celtics,59-16,NA,NA,NA,NA,NA,NA,NA,NA,NA,NA,Boston Celtics,59-16,Charlotte Hornets,18-57,0.017,0.983,0.115,0.8521739130434781,0.14782608695652188,427,0,0,1,204,401585715280,280,2,1:30,1530,25.5,53,53,53,53,0,Jrue Holiday steps out of bounds turnover,FALSE,0,0,FALSE,0,0,FALSE
nba,2024,401585716,2024-04-01,Detroit Pistons,Memphis Grizzlies,DET,MEM,13-62,25-50,108,110,FALSE,Detroit Pistons,13-62,NA,NA,NA,NA,NA,NA,NA,NA,NA,NA,Memphis Grizzlies,25-50,Detroit Pistons,13-62,0.567,0.567,0.93,0.924731182795699,0.07526881720430101,441,0,0,1,192,401585716281,281,2,48.0,1488,24.8,57,42,57,42,15,Brandon Clarke shooting foul,FALSE,0,0,FALSE,0,0,FALSE
nba,2024,401585717,2024-04-01,Indiana Pacers,Brooklyn Nets,IND,BKN,43-33,29-47,133,111,TRUE,Indiana Pacers,43-33,NA,NA,NA,NA,NA,NA,NA,NA,NA,NA,Indiana Pacers,43-33,Brooklyn Nets,29-47,0.829,0.829,0.224,0.23660714285714268,0.7633928571428573,489,0,0,1,5,40158571711,11,1,11:09,2829,47.15,0,4,4,0,4,Cam Thomas makes 2-foot two point shot,FALSE,0,0,FALSE,0,0,FALSE
nba,2024,401585718,2024-04-01,Orlando Magic,Portland Trail Blazers,ORL,POR,44-31,19-56,104,103,TRUE,Orlando Magic,44-31,NA,NA,NA,NA,NA,NA,NA,NA,NA,NA,Orlando Magic,44-31,Portland Trail Blazers,19-56,0.901,0.901,0.5680000000000001,0.8257042253521127,0.17429577464788726,434,0,0,1,387,401585718564,564,4,5:42,342,5.7,87,89,89,87,2,Dalano Banton makes 25-foot three point jumper (Scoot Henderson assists),FALSE,0,0,FALSE,0,0,FALSE
nba,2024,401585714,2024-03-31,Sacramento Kings,Utah Jazz,SAC,UTAH,43-31,29-46,127,106,TRUE,Sacramento Kings,43-31,NA,NA,NA,NA,NA,NA,NA,NA,NA,NA,Sacramento Kings,43-31,Utah Jazz,29-46,0.783,0.783,0.32999999999999996,0.3424242424242424,0.6575757575757576,466,0,0,2,231,401585714341,341,3,11:09,1389,23.15,58,58,58,58,0,Brice Sensabaugh makes 27-foot three point shot (Keyonte George assists),FALSE,0,0,FALSE,0,0,FALSE
nba,2024,401585710,2024-03-31,New York Knicks,Oklahoma City Thunder,NY,OKC,44-30,52-22,112,113,FALSE,Oklahoma City Thunder,52-22,NA,NA,NA,NA,NA,NA,NA,NA,NA,NA,Oklahoma City Thunder,52-22,New York Knicks,44-30,0.412,0.5880000000000001,0.94,0.9361702127659576,0.06382978723404253,502,0,0,1,316,401585710449,449,3,2:24,864,14.4,81,69,81,69,12,Gordon Hayward shooting foul,FALSE,0,0,FALSE,0,0,FALSE
nba,2024,401585711,2024-03-31,Houston Rockets,Dallas Mavericks,HOU,DAL,38-36,45-29,107,125,FALSE,Houston Rockets,38-36,NA,NA,NA,NA,NA,NA,NA,NA,NA,NA,Dallas Mavericks,45-29,Houston Rockets,38-36,0.51,0.51,0.656,0.47560975609756095,0.524390243902439,451,0,0,2,11,40158571119,19,1,10:40,2800,46.666666666666664,5,0,5,0,5,Derrick Jones Jr. offensive foul,FALSE,0,0,FALSE,0,0,FALSE
nba,2024,401585712,2024-03-31,Minnesota Timberwolves,Chicago Bulls,MIN,CHI,51-23,36-39,101,109,FALSE,Minnesota Timberwolves,51-23,NA,NA,NA,NA,NA,NA,NA,NA,NA,NA,Chicago Bulls,36-39,Minnesota Timberwolves,51-23,0.702,0.702,0.774,0.7080103359173127,0.29198966408268734,416,0,0,1,8,40158571216,16,1,10:25,2785,46.416666666666664,6,3,6,3,3,Anthony Edwards defensive rebound,FALSE,0,0,FALSE,0,0,FALSE
nba,2024,401585713,2024-03-31,San Antonio Spurs,Golden State Warriors,SA,GS,18-57,40-34,113,117,FALSE,Golden State Warriors,40-34,NA,NA,NA,NA,NA,NA,NA,NA,NA,NA,Golden State Warriors,40-34,San Antonio Spurs,18-57,0.219,0.781,0.694,0.6844380403458213,0.31556195965417866,474,0,0,1,212,401585713316,316,2,1:16,1516,25.266666666666666,60,50,60,50,10,Draymond Green bad pass (Julian Champagnie steals),FALSE,0,0,FALSE,0,0,FALSE
nba,2024,401585706,2024-03-31,Brooklyn Nets,Los Angeles Lakers,BKN,LAL,29-46,42-33,104,116,FALSE,Los Angeles Lakers,42-33,NA,NA,NA,NA,NA,NA,NA,NA,NA,NA,Los Angeles Lakers,42-33,Brooklyn Nets,29-46,0.489,0.511,0.489,0,1,453,0,0,2,1,4015857064,4,1,12:00,2880,48,0,0,0,0,0,Anthony Davis vs. Nic Claxton (Cam Thomas gains possession),FALSE,0,0,FALSE,0,0,FALSE
nba,2024,401585707,2024-03-31,Charlotte Hornets,LA Clippers,CHA,LAC,18-56,47-27,118,130,FALSE,LA Clippers,47-27,NA,NA,NA,NA,NA,NA,NA,NA,NA,NA,LA Clippers,47-27,Charlotte Hornets,18-56,0.121,0.879,0.181,0.33149171270718236,0.6685082872928176,420,0,0,2,240,401585707345,345,3,6:41,1121,18.683333333333337,73,78,73,78,-5,Tre Mann kicked ball violation,FALSE,0,0,FALSE,0,0,FALSE
nba,2024,401585708,2024-03-31,Toronto Raptors,Philadelphia 76ers,TOR,PHI,23-51,40-35,120,135,FALSE,Philadelphia 76ers,40-35,NA,NA,NA,NA,NA,NA,NA,NA,NA,NA,Philadelphia 76ers,40-35,Toronto Raptors,23-51,0.299,0.7010000000000001,0.299,2.220446049250313e-16,0.9999999999999998,433,0,0,1,1,4015857084,4,1,12:00,2880,48,0,0,0,0,0,Mo Bamba vs. Kelly Olynyk (Javon Freeman-Liberty gains possession),FALSE,0,0,FALSE,0,0,FALSE
nba,2024,401585709,2024-03-31,Washington Wizards,Miami Heat,WSH,MIA,14-61,41-33,107,119,FALSE,Miami Heat,41-33,NA,NA,NA,NA,NA,NA,NA,NA,NA,NA,Miami Heat,41-33,Washington Wizards,14-61,0.157,0.843,0.452,0.6526548672566371,0.34734513274336287,465,0,0,1,139,401585709209,209,2,8:45,1965,32.75,41,33,41,33,8,Deni Avdija makes two point shot (Jared Butler assists),FALSE,0,0,FALSE,0,0,FALSE
nba,2024,401585705,2024-03-31,Denver Nuggets,Cleveland Cavaliers,DEN,CLE,52-23,45-30,130,101,TRUE,Denver Nuggets,52-23,NA,NA,NA,NA,NA,NA,NA,NA,NA,NA,Denver Nuggets,52-23,Cleveland Cavaliers,45-30,0.529,0.529,0.619,0.38449111470113073,0.6155088852988693,433,0,0,1,170,401585705248,248,2,5:34,1774,29.566666666666663,41,45,45,41,4,Christian Braun bad pass (Max Strus steals),FALSE,0,0,FALSE,0,0,FALSE
nba,2024,401585704,2024-03-30,Atlanta Hawks,Milwaukee Bucks,ATL,MIL,34-40,47-27,113,122,FALSE,Atlanta Hawks,34-40,NA,NA,NA,NA,NA,NA,NA,NA,NA,NA,Milwaukee Bucks,47-27,Atlanta Hawks,34-40,0.547,0.547,0.752,0.6702127659574468,0.32978723404255317,455,0,0,1,28,40158570442,42,1,8:52,2692,44.86666666666667,14,6,14,6,8,Bogdan Bogdanovic offensive rebound,FALSE,0,0,FALSE,0,0,FALSE
nba,2024,401585703,2024-03-30,Orlando Magic,Memphis Grizzlies,ORL,MEM,43-31,24-50,118,88,TRUE,Orlando Magic,43-31,NA,NA,NA,NA,NA,NA,NA,NA,NA,NA,Orlando Magic,43-31,Memphis Grizzlies,24-50,0.816,0.816,0.241,0.23651452282157648,0.7634854771784235,432,0,0,1,12,40158570318,18,1,10:19,2779,46.31666666666667,0,2,2,0,2,Jalen Suggs bad pass (Scotty Pippen Jr. steals),FALSE,0,0,FALSE,0,0,FALSE
nba,2024,401585702,2024-03-30,New Orleans Pelicans,Boston Celtics,NO,BOS,45-29,58-16,92,104,FALSE,Boston Celtics,58-16,NA,NA,NA,NA,NA,NA,NA,NA,NA,NA,Boston Celtics,58-16,New Orleans Pelicans,45-29,0.224,0.776,0.605,0.6297520661157026,0.37024793388429744,419,0,0,1,130,401585702195,195,1,1:06,2226,37.1,34,23,34,23,11,Pelicans delay of game violation,FALSE,0,0,FALSE,0,0,FALSE
nba,2024,401585701,2024-03-29,Sacramento Kings,Dallas Mavericks,SAC,DAL,42-31,44-29,103,107,FALSE,Dallas Mavericks,44-29,NA,NA,NA,NA,NA,NA,NA,NA,NA,NA,Dallas Mavericks,44-29,Sacramento Kings,42-31,0.404,0.596,0.909,0.8998899889988998,0.10011001100110016,457,0,0,1,362,401585701538,538,4,10:24,624,10.4,85,76,85,76,9,De'Aaron Fox makes free throw 1 of 2,FALSE,0,0,FALSE,0,0,FALSE
nba,2024,401585700,2024-03-29,Utah Jazz,Houston Rockets,UTAH,HOU,29-45,38-35,100,101,FALSE,Houston Rockets,38-35,NA,NA,NA,NA,NA,NA,NA,NA,NA,NA,Houston Rockets,38-35,Utah Jazz,29-45,0.333,0.667,0.78,0.7179487179487181,0.28205128205128194,468,0,0,1,206,401585700276,276,2,4:24,1704,28.4,39,26,39,26,13,John Collins makes 23-foot three point shot (Brice Sensabaugh assists),FALSE,0,0,FALSE,0,0,FALSE
nba,2024,401585699,2024-03-29,Denver Nuggets,Minnesota Timberwolves,DEN,MIN,51-23,51-22,98,111,FALSE,Denver Nuggets,51-23,NA,NA,NA,NA,NA,NA,NA,NA,NA,NA,Minnesota Timberwolves,51-22,Denver Nuggets,51-23,0.563,0.563,0.613,0.3686786296900488,0.6313213703099512,485,0,0,1,4,40158569910,10,1,11:24,2844,47.4,2,0,2,0,2,Aaron Gordon defensive rebound,FALSE,0,0,FALSE,0,0,FALSE
nba,2024,401585696,2024-03-29,Miami Heat,Portland Trail Blazers,MIA,POR,40-33,19-55,142,82,TRUE,Miami Heat,40-33,NA,NA,NA,NA,NA,NA,NA,NA,NA,NA,Miami Heat,40-33,Portland Trail Blazers,19-55,0.889,0.889,0.17600000000000005,0.3693181818181821,0.6306818181818179,423,0,0,1,16,40158569630,30,1,9:19,2719,45.31666666666667,4,9,9,4,5,Rayan Rupert makes 3-foot dunk,FALSE,0,0,FALSE,0,0,FALSE
nba,2024,401585697,2024-03-29,Oklahoma City Thunder,Phoenix Suns,OKC,PHX,51-22,43-31,128,103,TRUE,Oklahoma City Thunder,51-22,NA,NA,NA,NA,NA,NA,NA,NA,NA,NA,Oklahoma City Thunder,51-22,Phoenix Suns,43-31,0.579,0.579,0.5760000000000001,0.2690972222222222,0.7309027777777778,438,0,0,1,57,40158569785,85,1,4:46,2446,40.766666666666666,16,22,22,16,6,Kevin Durant makes 10-foot two point shot,FALSE,0,0,FALSE,0,0,FALSE
nba,2024,401585698,2024-03-29,San Antonio Spurs,New York Knicks,SA,NY,18-56,44-29,130,126,TRUE,New York Knicks,44-29,NA,NA,NA,NA,NA,NA,NA,NA,NA,NA,San Antonio Spurs,18-56,New York Knicks,44-29,0.237,0.763,0.763,0.689384010484928,0.31061598951507197,496,0,0,1,1,4015856984,4,1,12:00,3180,53,0,0,0,0,0,Isaiah Hartenstein vs. Victor Wembanyama (Jeremy Sochan gains possession),FALSE,0,0,FALSE,0,0,FALSE
nba,2024,401585694,2024-03-29,Brooklyn Nets,Chicago Bulls,BKN,CHI,29-45,35-39,125,108,TRUE,Chicago Bulls,35-39,NA,NA,NA,NA,NA,NA,NA,NA,NA,NA,Brooklyn Nets,29-45,Chicago Bulls,35-39,0.444,0.556,0.773,0.7063389391979302,0.2936610608020698,451,0,0,1,232,401585694317,317,2,38.2,1478.2,24.636666666666667,44,52,52,44,8,Ayo Dosunmu makes driving layup (Coby White assists),FALSE,0,0,FALSE,0,0,FALSE
nba,2024,401585695,2024-03-29,Cleveland Cavaliers,Philadelphia 76ers,CLE,PHI,45-29,39-35,117,114,TRUE,Cleveland Cavaliers,45-29,NA,NA,NA,NA,NA,NA,NA,NA,NA,NA,Cleveland Cavaliers,45-29,Philadelphia 76ers,39-35,0.751,0.751,0.632,0.6060126582278481,0.3939873417721519,461,0,0,3,340,401585695510,510,3,6.0,726,12.1,85,87,87,85,2,Sam Merrill personal take foul,FALSE,0,0,FALSE,0,0,FALSE
nba,2024,401585690,2024-03-29,Charlotte Hornets,Golden State Warriors,CHA,GS,18-55,39-34,97,115,FALSE,Golden State Warriors,39-34,NA,NA,NA,NA,NA,NA,NA,NA,NA,NA,Golden State Warriors,39-34,Charlotte Hornets,18-55,0.121,0.879,0.209,0.42105263157894735,0.5789473684210527,438,0,0,1,204,401585690294,294,2,20.1,1460.1,24.334999999999997,45,47,45,47,-2,Brandon Miller makes 13-foot two point shot,FALSE,0,0,FALSE,0,0,FALSE
nba,2024,401585691,2024-03-29,Indiana Pacers,Los Angeles Lakers,IND,LAL,42-33,41-33,109,90,TRUE,Indiana Pacers,42-33,NA,NA,NA,NA,NA,NA,NA,NA,NA,NA,Indiana Pacers,42-33,Los Angeles Lakers,41-33,0.535,0.535,0.5700000000000001,0.2456140350877194,0.7543859649122806,437,0,0,1,10,40158569118,18,1,10:41,2801,46.68333333333333,0,5,5,0,5,LeBron James makes 1-foot dunk (Austin Reaves assists),FALSE,0,0,FALSE,0,0,FALSE
nba,2024,401585692,2024-03-29,Orlando Magic,LA Clippers,ORL,LAC,42-31,46-27,97,100,FALSE,LA Clippers,46-27,NA,NA,NA,NA,NA,NA,NA,NA,NA,NA,LA Clippers,46-27,Orlando Magic,42-31,0.48,0.52,0.833,0.7995198079231691,0.20048019207683088,439,0,0,1,394,401585692582,582,4,4:27,267,4.45,94,89,94,89,5,Kawhi Leonard misses 9-foot step back jumpshot,FALSE,0,0,FALSE,0,0,FALSE
nba,2024,401585693,2024-03-29,Washington Wizards,Detroit Pistons,WSH,DET,14-60,13-61,87,96,FALSE,Washington Wizards,14-60,NA,NA,NA,NA,NA,NA,NA,NA,NA,NA,Detroit Pistons,13-61,Washington Wizards,14-60,0.596,0.596,0.61,0.360655737704918,0.639344262295082,446,0,0,2,363,401585693511,511,4,8:22,502,8.366666666666667,81,80,81,80,1,Marvin Bagley III defensive rebound,FALSE,0,0,FALSE,0,0,FALSE
nba,2024,401585689,2024-03-28,New Orleans Pelicans,Milwaukee Bucks,NO,MIL,45-28,46-27,107,100,TRUE,New Orleans Pelicans,45-28,NA,NA,NA,NA,NA,NA,NA,NA,NA,NA,New Orleans Pelicans,45-28,Milwaukee Bucks,46-27,0.618,0.618,0.523,0.26959847036328877,0.7304015296367112,476,0,0,4,42,40158568961,61,1,6:35,2555,42.583333333333336,11,16,16,11,5,Damian Lillard makes two point shot,FALSE,0,0,FALSE,0,0,FALSE
nba,2024,401585688,2024-03-28,Atlanta Hawks,Boston Celtics,ATL,BOS,34-39,57-16,123,122,TRUE,Boston Celtics,57-16,NA,NA,NA,NA,NA,NA,NA,NA,NA,NA,Atlanta Hawks,34-39,Boston Celtics,57-16,0.073,0.927,0.949,0.946259220231823,0.05374077976817704,479,0,0,2,9,40158568817,17,1,10:54,3114,51.9,0,4,4,0,4,Jrue Holiday defensive rebound,FALSE,0,0,FALSE,0,0,FALSE
nba,2024,401585687,2024-03-27,Denver Nuggets,Phoenix Suns,DEN,PHX,51-22,43-30,97,104,FALSE,Denver Nuggets,51-22,NA,NA,NA,NA,NA,NA,NA,NA,NA,NA,Phoenix Suns,43-30,Denver Nuggets,51-22,0.538,0.538,0.583,0.2847341337907374,0.7152658662092626,417,0,0,1,23,40158568736,36,1,8:06,2646,44.1,12,10,12,10,2,Aaron Gordon makes driving layup,FALSE,0,0,FALSE,0,0,FALSE
nba,2024,401585686,2024-03-27,Utah Jazz,San Antonio Spurs,UTAH,SA,29-44,17-56,111,118,FALSE,Utah Jazz,29-44,NA,NA,NA,NA,NA,NA,NA,NA,NA,NA,San Antonio Spurs,17-56,Utah Jazz,29-44,0.708,0.708,0.735,0.6394557823129252,0.3605442176870748,456,0,0,1,14,40158568622,22,1,10:04,2764,46.06666666666667,4,3,4,3,1,Victor Wembanyama misses 26-foot three point jumper,FALSE,0,0,FALSE,0,0,FALSE
nba,2024,401585682,2024-03-27,Chicago Bulls,Indiana Pacers,CHI,IND,35-38,41-33,125,99,TRUE,Indiana Pacers,41-33,NA,NA,NA,NA,NA,NA,NA,NA,NA,NA,Chicago Bulls,35-38,Indiana Pacers,41-33,0.399,0.601,0.6859999999999999,0.542274052478134,0.457725947521866,484,0,0,4,46,40158568265,65,1,6:32,2552,42.53333333333333,9,12,12,9,3,Pascal Siakam makes free throw 1 of 2,FALSE,0,0,FALSE,0,0,FALSE
nba,2024,401585683,2024-03-27,Memphis Grizzlies,Los Angeles Lakers,MEM,LAL,24-49,41-32,124,136,FALSE,Los Angeles Lakers,41-32,NA,NA,NA,NA,NA,NA,NA,NA,NA,NA,Los Angeles Lakers,41-32,Memphis Grizzlies,24-49,0.407,0.593,0.525,0.22476190476190472,0.7752380952380953,488,0,0,3,139,401585683205,205,2,9:26,2006,33.43333333333333,46,44,46,44,2,Taurean Prince shooting foul,FALSE,0,0,FALSE,0,0,FALSE
nba,2024,401585684,2024-03-27,Minnesota Timberwolves,Detroit Pistons,MIN,DET,50-22,12-61,106,91,TRUE,Minnesota Timberwolves,50-22,NA,NA,NA,NA,NA,NA,NA,NA,NA,NA,Minnesota Timberwolves,50-22,Detroit Pistons,12-61,0.917,0.917,0.456,0.817982456140351,0.18201754385964897,428,0,0,1,257,401585684370,370,3,5:57,1077,17.95,55,60,60,55,5,Cade Cunningham makes two point shot,FALSE,0,0,FALSE,0,0,FALSE
nba,2024,401585685,2024-03-27,Oklahoma City Thunder,Houston Rockets,OKC,HOU,50-22,37-35,126,132,FALSE,Oklahoma City Thunder,50-22,NA,NA,NA,NA,NA,NA,NA,NA,NA,NA,Houston Rockets,37-35,Oklahoma City Thunder,50-22,0.609,0.609,0.898,0.8864142538975501,0.11358574610244988,543,0,0,1,465,401585685651,651,4,1:30,390,6.5,109,104,109,104,5,Dillon Brooks misses 23-foot three point jumper,FALSE,0,0,FALSE,0,0,FALSE
nba,2024,401585679,2024-03-27,Atlanta Hawks,Portland Trail Blazers,ATL,POR,33-39,19-54,120,106,TRUE,Atlanta Hawks,33-39,NA,NA,NA,NA,NA,NA,NA,NA,NA,NA,Atlanta Hawks,33-39,Portland Trail Blazers,19-54,0.822,0.822,0.347,0.4870317002881842,0.5129682997118158,434,0,0,1,164,401585679261,261,2,6:41,1841,30.683333333333337,46,49,49,46,3,Dalano Banton makes alley oop layup (Scoot Henderson assists),FALSE,0,0,FALSE,0,0,FALSE
nba,2024,401585680,2024-03-27,Philadelphia 76ers,LA Clippers,PHI,LAC,39-34,45-27,107,108,FALSE,LA Clippers,45-27,NA,NA,NA,NA,NA,NA,NA,NA,NA,NA,LA Clippers,45-27,Philadelphia 76ers,39-34,0.341,0.659,0.868,0.8479262672811059,0.15207373271889413,439,0,0,1,390,401585680547,547,4,4:32,272,4.533333333333333,96,92,96,92,4,Kawhi Leonard shooting foul,FALSE,0,0,FALSE,0,0,FALSE
nba,2024,401585681,2024-03-27,Toronto Raptors,New York Knicks,TOR,NY,23-50,44-28,101,145,FALSE,New York Knicks,44-28,NA,NA,NA,NA,NA,NA,NA,NA,NA,NA,New York Knicks,44-28,Toronto Raptors,23-50,0.17,0.83,0.17,0,1,421,0,0,1,1,4015856814,4,1,12:00,2880,48,0,0,0,0,0,Isaiah Hartenstein vs. Kelly Olynyk (Jalen Brunson gains possession),FALSE,0,0,FALSE,0,0,FALSE
nba,2024,401585676,2024-03-27,Charlotte Hornets,Cleveland Cavaliers,CHA,CLE,18-54,44-29,118,111,TRUE,Cleveland Cavaliers,44-29,NA,NA,NA,NA,NA,NA,NA,NA,NA,NA,Charlotte Hornets,18-54,Cleveland Cavaliers,44-29,0.124,0.876,0.964,0.962655601659751,0.03734439834024905,426,0,0,1,88,401585676131,131,1,51.2,2211.2,36.85333333333333,27,40,40,27,13,Tre Mann personal foul,FALSE,0,0,FALSE,0,0,FALSE
nba,2024,401585677,2024-03-27,Orlando Magic,Golden State Warriors,ORL,GS,42-30,38-34,93,101,FALSE,Orlando Magic,42-30,NA,NA,NA,NA,NA,NA,NA,NA,NA,NA,Golden State Warriors,38-34,Orlando Magic,42-30,0.569,0.569,0.634,0.42271293375394325,0.5772870662460567,457,0,0,1,41,40158567759,59,1,8:07,2647,44.11666666666667,8,6,8,6,2,Wendell Carter Jr. defensive rebound,FALSE,0,0,FALSE,0,0,FALSE
nba,2024,401585678,2024-03-27,Washington Wizards,Brooklyn Nets,WSH,BKN,14-59,28-45,119,122,FALSE,Brooklyn Nets,28-45,NA,NA,NA,NA,NA,NA,NA,NA,NA,NA,Brooklyn Nets,28-45,Washington Wizards,14-59,0.409,0.591,0.622,0.392282958199357,0.607717041800643,478,0,0,1,35,40158567848,48,1,7:09,2889,48.15,14,7,14,7,7,Kyle Kuzma defensive rebound,FALSE,0,0,FALSE,0,0,FALSE
nba,2024,401585675,2024-03-26,Sacramento Kings,Dallas Mavericks,SAC,DAL,42-30,43-29,96,132,FALSE,Sacramento Kings,42-30,NA,NA,NA,NA,NA,NA,NA,NA,NA,NA,Dallas Mavericks,43-29,Sacramento Kings,42-30,0.518,0.518,0.64,0.4375,0.5625,456,0,0,2,13,40158567522,22,1,9:53,2753,45.88333333333333,7,3,7,3,4,Keon Ellis defensive rebound,FALSE,0,0,FALSE,0,0,FALSE
nba,2024,401585674,2024-03-26,New Orleans Pelicans,Oklahoma City Thunder,NO,OKC,44-28,50-21,112,119,FALSE,New Orleans Pelicans,44-28,NA,NA,NA,NA,NA,NA,NA,NA,NA,NA,Oklahoma City Thunder,50-21,New Orleans Pelicans,44-28,0.55,0.55,0.881,0.8649262202043133,0.1350737797956867,437,0,0,1,409,401585674587,587,4,2:41,161,2.683333333333333,112,107,112,107,5,Luguentz Dort misses 22-foot three point jumper,FALSE,0,0,FALSE,0,0,FALSE
nba,2024,401585672,2024-03-26,Miami Heat,Golden State Warriors,MIA,GS,39-33,37-34,92,113,FALSE,Golden State Warriors,37-34,NA,NA,NA,NA,NA,NA,NA,NA,NA,NA,Golden State Warriors,37-34,Miami Heat,39-33,0.412,0.5880000000000001,0.619,0.38449111470113073,0.6155088852988693,434,0,0,1,179,401585672266,266,2,1:27,1527,25.45,49,46,49,46,3,Draymond Green personal foul,FALSE,0,0,FALSE,0,0,FALSE
nba,2024,401585673,2024-03-26,Milwaukee Bucks,Los Angeles Lakers,MIL,LAL,46-26,40-32,124,128,FALSE,Milwaukee Bucks,46-26,NA,NA,NA,NA,NA,NA,NA,NA,NA,NA,Los Angeles Lakers,40-32,Milwaukee Bucks,46-26,0.761,0.761,0.998,0.997995991983968,0.00200400801603195,599,0,0,1,374,401585673517,517,4,8:01,1081,18.016666666666666,94,75,94,75,19,Khris Middleton enters the game for AJ Green,FALSE,0,0,FALSE,0,0,FALSE
nba,2024,401585671,2024-03-25,LA Clippers,Indiana Pacers,LAC,IND,44-27,41-32,116,133,FALSE,LA Clippers,44-27,NA,NA,NA,NA,NA,NA,NA,NA,NA,NA,Indiana Pacers,41-32,LA Clippers,44-27,0.621,0.621,0.773,0.7063389391979302,0.2936610608020698,432,0,0,2,69,401585671104,104,1,2:48,2328,38.8,27,20,27,20,7,P.J. Tucker kicked ball violation,FALSE,0,0,FALSE,0,0,FALSE
nba,2024,401585670,2024-03-25,Sacramento Kings,Philadelphia 76ers,SAC,PHI,42-29,39-33,108,96,TRUE,Sacramento Kings,42-29,NA,NA,NA,NA,NA,NA,NA,NA,NA,NA,Sacramento Kings,42-29,Philadelphia 76ers,39-33,0.715,0.715,0.356,0.1994382022471909,0.8005617977528091,477,0,0,1,178,401585670255,255,2,5:50,1790,29.833333333333332,38,36,36,38,-2,Keon Ellis personal foul,FALSE,0,0,FALSE,0,0,FALSE
nba,2024,401585668,2024-03-25,Denver Nuggets,Memphis Grizzlies,DEN,MEM,51-21,24-48,128,103,TRUE,Denver Nuggets,51-21,NA,NA,NA,NA,NA,NA,NA,NA,NA,NA,Denver Nuggets,51-21,Memphis Grizzlies,24-48,0.838,0.838,0.16300000000000003,0.00613496932515333,0.9938650306748468,485,0,0,2,6,40158566811,11,1,11:12,2832,47.2,0,0,0,0,0,Michael Porter Jr. misses two point shot,FALSE,0,0,FALSE,0,0,FALSE
nba,2024,401585669,2024-03-25,Utah Jazz,Dallas Mavericks,UTAH,DAL,29-43,42-29,105,115,FALSE,Dallas Mavericks,42-29,NA,NA,NA,NA,NA,NA,NA,NA,NA,NA,Dallas Mavericks,42-29,Utah Jazz,29-43,0.384,0.616,0.724,0.6187845303867403,0.3812154696132597,463,0,0,1,268,401585669388,388,3,7:29,1169,19.483333333333334,77,70,77,70,7,Kyrie Irving misses 6-foot two point shot,FALSE,0,0,FALSE,0,0,FALSE
nba,2024,401585665,2024-03-25,Chicago Bulls,Washington Wizards,CHI,WSH,34-38,14-58,105,107,FALSE,Chicago Bulls,34-38,NA,NA,NA,NA,NA,NA,NA,NA,NA,NA,Washington Wizards,14-58,Chicago Bulls,34-38,0.823,0.823,0.83,0.7951807228915662,0.20481927710843384,495,0,0,1,2,4015856657,7,1,11:42,2862,47.7,0,0,0,0,0,Corey Kispert misses 10-foot two point shot,FALSE,0,0,FALSE,0,0,FALSE
nba,2024,401585666,2024-03-25,Houston Rockets,Portland Trail Blazers,HOU,POR,36-35,19-53,110,92,TRUE,Houston Rockets,36-35,NA,NA,NA,NA,NA,NA,NA,NA,NA,NA,Houston Rockets,36-35,Portland Trail Blazers,19-53,0.858,0.858,0.6599999999999999,0.7848484848484848,0.2151515151515152,465,0,0,1,274,401585666384,384,3,7:32,1172,19.533333333333335,55,64,64,55,9,Scoot Henderson makes 25-foot step back jumpshot,FALSE,0,0,FALSE,0,0,FALSE
nba,2024,401585667,2024-03-25,San Antonio Spurs,Phoenix Suns,SA,PHX,16-56,42-30,104,102,TRUE,Phoenix Suns,42-30,NA,NA,NA,NA,NA,NA,NA,NA,NA,NA,San Antonio Spurs,16-56,Phoenix Suns,42-30,0.212,0.788,0.88,0.8636363636363635,0.13636363636363646,432,0,0,1,171,401585667242,242,2,2:53,1613,26.883333333333333,39,48,48,39,9,Tre Jones misses two point shot,FALSE,0,0,FALSE,0,0,FALSE
nba,2024,401585662,2024-03-25,Atlanta Hawks,Boston Celtics,ATL,BOS,32-39,57-15,120,118,TRUE,Boston Celtics,57-15,NA,NA,NA,NA,NA,NA,NA,NA,NA,NA,Atlanta Hawks,32-39,Boston Celtics,57-15,0.096,0.904,0.998,0.997995991983968,0.00200400801603195,445,0,0,10,169,401585662250,250,2,5:13,1753,29.216666666666665,36,65,65,36,29,Dejounte Murray misses 9-foot two point shot,FALSE,0,0,FALSE,0,0,FALSE
nba,2024,401585663,2024-03-25,New York Knicks,Detroit Pistons,NY,DET,43-28,12-60,124,99,TRUE,New York Knicks,43-28,NA,NA,NA,NA,NA,NA,NA,NA,NA,NA,New York Knicks,43-28,Detroit Pistons,12-60,0.883,0.883,0.12,0.02500000000000002,0.975,458,0,0,1,22,40158566335,35,1,8:45,2685,44.75,9,7,7,9,-2,Troy Brown Jr. makes free throw 1 of 2,FALSE,0,0,FALSE,0,0,FALSE
nba,2024,401585664,2024-03-25,Toronto Raptors,Brooklyn Nets,TOR,BKN,23-49,27-45,88,96,FALSE,Brooklyn Nets,27-45,NA,NA,NA,NA,NA,NA,NA,NA,NA,NA,Brooklyn Nets,27-45,Toronto Raptors,23-49,0.367,0.633,0.649,0.45916795069337457,0.5408320493066254,437,0,0,1,330,401585664474,474,4,10:29,629,10.483333333333333,73,70,73,70,3,Trendon Watford bad pass (Kobi Simmons steals),FALSE,0,0,FALSE,0,0,FALSE
nba,2024,401585661,2024-03-25,Cleveland Cavaliers,Charlotte Hornets,CLE,CHA,44-28,17-54,115,92,TRUE,Cleveland Cavaliers,44-28,NA,NA,NA,NA,NA,NA,NA,NA,NA,NA,Cleveland Cavaliers,44-28,Charlotte Hornets,17-54,0.898,0.898,0.259,0.6061776061776063,0.3938223938223937,424,0,0,1,127,401585661186,186,2,9:13,1993,33.21666666666667,20,23,23,20,3,Hornets offensive team rebound,FALSE,0,0,FALSE,0,0,FALSE
nba,2024,401585660,2024-03-24,Los Angeles Lakers,Indiana Pacers,LAL,IND,39-32,40-32,150,145,TRUE,Indiana Pacers,40-32,NA,NA,NA,NA,NA,NA,NA,NA,NA,NA,Los Angeles Lakers,39-32,Indiana Pacers,40-32,0.452,0.548,0.792,0.7373737373737375,0.26262626262626254,502,0,0,1,113,401585660161,161,1,1:23,2243,37.38333333333333,23,34,34,23,11,Doug McDermott makes 25-foot three point jumper (T.J. McConnell assists),FALSE,0,0,FALSE,0,0,FALSE
nba,2024,401585658,2024-03-24,Milwaukee Bucks,Oklahoma City Thunder,MIL,OKC,46-25,49-21,118,93,TRUE,Milwaukee Bucks,46-25,NA,NA,NA,NA,NA,NA,NA,NA,NA,NA,Milwaukee Bucks,46-25,Oklahoma City Thunder,49-21,0.546,0.546,0.6619999999999999,0.4894259818731117,0.5105740181268883,472,0,0,1,46,40158565866,66,1,6:47,2567,42.78333333333333,9,17,17,9,8,Luguentz Dort makes 16-foot pullup jump shot (Josh Giddey assists),FALSE,0,0,FALSE,0,0,FALSE
nba,2024,401585659,2024-03-24,Minnesota Timberwolves,Golden State Warriors,MIN,GS,49-22,36-34,114,110,TRUE,Minnesota Timberwolves,49-22,NA,NA,NA,NA,NA,NA,NA,NA,NA,NA,Minnesota Timberwolves,49-22,Golden State Warriors,36-34,0.557,0.557,0.8160000000000001,0.7745098039215688,0.22549019607843124,474,0,0,1,178,401585659262,262,2,4:57,1737,28.95,31,42,42,31,11,Andrew Wiggins makes free throw 1 of 2,FALSE,0,0,FALSE,0,0,FALSE
nba,2024,401585657,2024-03-24,Miami Heat,Cleveland Cavaliers,MIA,CLE,39-32,43-28,121,84,TRUE,Miami Heat,39-32,NA,NA,NA,NA,NA,NA,NA,NA,NA,NA,Miami Heat,39-32,Cleveland Cavaliers,43-28,0.538,0.538,0.536,0.13805970149253743,0.8619402985074626,420,0,0,1,8,40158565713,13,1,10:55,2815,46.916666666666664,0,3,3,0,3,Evan Mobley makes 26-foot three point jumper (Jarrett Allen assists),FALSE,0,0,FALSE,0,0,FALSE
nba,2024,401585656,2024-03-24,LA Clippers,Philadelphia 76ers,LAC,PHI,44-26,39-32,107,121,FALSE,LA Clippers,44-26,NA,NA,NA,NA,NA,NA,NA,NA,NA,NA,Philadelphia 76ers,39-32,LA Clippers,44-26,0.792,0.792,0.804,0.7562189054726369,0.24378109452736307,403,0,0,1,3,4015856568,8,1,11:39,2859,47.65,0,0,0,0,0,Ivica Zubac defensive rebound,FALSE,0,0,FALSE,0,0,FALSE
nba,2024,401585655,2024-03-24,Detroit Pistons,New Orleans Pelicans,DET,NO,12-59,44-27,101,114,FALSE,New Orleans Pelicans,44-27,NA,NA,NA,NA,NA,NA,NA,NA,NA,NA,New Orleans Pelicans,44-27,Detroit Pistons,12-59,0.159,0.841,0.165,0.03636363636363626,0.9636363636363636,472,0,0,1,9,40158565515,15,1,10:56,2816,46.93333333333333,0,0,0,0,0,Troy Brown Jr. defensive rebound,FALSE,0,0,FALSE,0,0,FALSE
nba,2024,401585654,2024-03-23,Portland Trail Blazers,Denver Nuggets,POR,DEN,19-52,50-21,111,114,FALSE,Denver Nuggets,50-21,NA,NA,NA,NA,NA,NA,NA,NA,NA,NA,Denver Nuggets,50-21,Portland Trail Blazers,19-52,0.226,0.774,0.527,0.5711574952561671,0.4288425047438329,492,0,0,1,391,401585654568,568,4,9:01,541,9.016666666666667,91,89,91,89,2,Scoot Henderson makes 28-foot three point jumper,FALSE,0,0,FALSE,0,0,FALSE
nba,2024,401585650,2024-03-23,Washington Wizards,Toronto Raptors,WSH,TOR,13-58,23-48,112,109,TRUE,Washington Wizards,13-58,NA,NA,NA,NA,NA,NA,NA,NA,NA,NA,Washington Wizards,13-58,Toronto Raptors,23-48,0.686,0.686,0.883,0.8674971687429218,0.13250283125707818,496,0,0,3,298,401585650435,435,3,4:16,976,16.266666666666666,68,79,79,68,11,Jordan Poole shooting foul,FALSE,0,0,FALSE,0,0,FALSE
nba,2024,401585651,2024-03-23,Chicago Bulls,Boston Celtics,CHI,BOS,34-37,57-14,113,124,FALSE,Boston Celtics,57-14,NA,NA,NA,NA,NA,NA,NA,NA,NA,NA,Boston Celtics,57-14,Chicago Bulls,34-37,0.276,0.724,0.473,0.41649048625792806,0.5835095137420719,397,0,0,1,237,401585651357,357,3,6:22,1102,18.366666666666667,77,76,77,76,1,Coby White defensive rebound,FALSE,0,0,FALSE,0,0,FALSE
nba,2024,401585652,2024-03-23,Houston Rockets,Utah Jazz,HOU,UTAH,35-35,29-42,147,119,TRUE,Houston Rockets,35-35,NA,NA,NA,NA,NA,NA,NA,NA,NA,NA,Houston Rockets,35-35,Utah Jazz,29-42,0.773,0.773,0.27,0.15925925925925943,0.8407407407407406,452,0,0,1,4,40158565210,10,1,11:24,2844,47.4,0,2,2,0,2,Keyonte George defensive rebound,FALSE,0,0,FALSE,0,0,FALSE
nba,2024,401585653,2024-03-23,San Antonio Spurs,Phoenix Suns,SA,PHX,15-56,42-29,106,131,FALSE,Phoenix Suns,42-29,NA,NA,NA,NA,NA,NA,NA,NA,NA,NA,Phoenix Suns,42-29,San Antonio Spurs,15-56,0.24,0.76,0.243,0.01234567901234573,0.9876543209876544,419,0,0,1,4,4015856539,9,1,11:22,2842,47.36666666666667,0,0,0,0,0,Spurs defensive team rebound,FALSE,0,0,FALSE,0,0,FALSE
nba,2024,401585649,2024-03-23,Atlanta Hawks,Charlotte Hornets,ATL,CHA,31-39,17-53,132,91,TRUE,Atlanta Hawks,31-39,NA,NA,NA,NA,NA,NA,NA,NA,NA,NA,Atlanta Hawks,31-39,Charlotte Hornets,17-53,0.78,0.78,0.364,0.3956043956043957,0.6043956043956044,419,0,0,1,76,401585649112,112,1,1:37,2257,37.61666666666667,22,26,26,22,4,Aleksej Pokusevski makes driving layup (Tre Mann assists),FALSE,0,0,FALSE,0,0,FALSE
nba,2024,401585648,2024-03-23,Orlando Magic,Sacramento Kings,ORL,SAC,42-29,41-29,107,109,FALSE,Orlando Magic,42-29,NA,NA,NA,NA,NA,NA,NA,NA,NA,NA,Sacramento Kings,41-29,Orlando Magic,42-29,0.638,0.638,0.79,0.7341772151898736,0.26582278481012644,451,0,0,1,238,401585648341,341,3,10:13,1333,22.216666666666665,62,56,62,56,6,De'Aaron Fox shooting foul,FALSE,0,0,FALSE,0,0,FALSE
nba,2024,401585647,2024-03-23,New York Knicks,Brooklyn Nets,NY,BKN,42-28,26-45,105,93,TRUE,New York Knicks,42-28,NA,NA,NA,NA,NA,NA,NA,NA,NA,NA,New York Knicks,42-28,Brooklyn Nets,26-45,0.692,0.692,0.621,0.50402576489533,0.49597423510467,421,0,0,1,280,401585647405,405,3,4:13,973,16.216666666666665,68,72,72,68,4,Dennis Schroder defensive rebound,FALSE,0,0,FALSE,0,0,FALSE
nba,2024,401585646,2024-03-22,Los Angeles Lakers,Philadelphia 76ers,LAL,PHI,38-32,38-32,101,94,TRUE,Los Angeles Lakers,38-32,NA,NA,NA,NA,NA,NA,NA,NA,NA,NA,Los Angeles Lakers,38-32,Philadelphia 76ers,38-32,0.726,0.726,0.742,0.6522911051212938,0.34770889487870615,481,0,0,1,299,401585646412,412,3,5:55,1075,17.916666666666668,59,66,66,59,7,Kelly Oubre Jr. makes free throw 1 of 2,FALSE,0,0,FALSE,0,0,FALSE
nba,2024,401585644,2024-03-22,Golden State Warriors,Indiana Pacers,GS,IND,36-33,40-31,111,123,FALSE,Golden State Warriors,36-33,NA,NA,NA,NA,NA,NA,NA,NA,NA,NA,Indiana Pacers,40-31,Golden State Warriors,36-33,0.631,0.631,0.878,0.8610478359908884,0.1389521640091116,503,0,0,1,181,401585644261,261,2,5:52,1792,29.866666666666667,60,48,60,48,12,(05:52) [Warriors] COACH'S CHALLENGE (CALL OVERTURNED) [Warriors] retain their timeout,FALSE,0,0,FALSE,0,0,FALSE
nba,2024,401585645,2024-03-22,Portland Trail Blazers,LA Clippers,POR,LAC,19-51,44-25,117,125,FALSE,LA Clippers,44-25,NA,NA,NA,NA,NA,NA,NA,NA,NA,NA,LA Clippers,44-25,Portland Trail Blazers,19-51,0.164,0.836,0.179,0.08379888268156399,0.916201117318436,445,0,0,1,20,40158564533,33,1,9:30,2730,45.5,5,4,5,4,1,Toumani Camara makes 23-foot three point jumper (Kris Murray assists),FALSE,0,0,FALSE,0,0,FALSE
nba,2024,401585641,2024-03-22,Miami Heat,New Orleans Pelicans,MIA,NO,38-32,43-27,88,111,FALSE,Miami Heat,38-32,NA,NA,NA,NA,NA,NA,NA,NA,NA,NA,New Orleans Pelicans,43-27,Miami Heat,38-32,0.51,0.51,0.794,0.7405541561712847,0.2594458438287153,400,0,0,1,44,40158564158,58,1,6:00,2520,42,16,5,16,5,11,Bam Adebayo defensive rebound,FALSE,0,0,FALSE,0,0,FALSE
nba,2024,401585642,2024-03-22,Minnesota Timberwolves,Cleveland Cavaliers,MIN,CLE,48-22,43-27,104,91,TRUE,Minnesota Timberwolves,48-22,NA,NA,NA,NA,NA,NA,NA,NA,NA,NA,Minnesota Timberwolves,48-22,Cleveland Cavaliers,43-27,0.704,0.704,0.65,0.5446153846153845,0.4553846153846155,425,0,0,1,249,401585642349,349,3,9:53,1313,21.883333333333333,49,56,56,49,7,Caris LeVert makes 12-foot pullup jump shot,FALSE,0,0,FALSE,0,0,FALSE
nba,2024,401585643,2024-03-22,San Antonio Spurs,Memphis Grizzlies,SA,MEM,15-55,24-47,97,99,FALSE,San Antonio Spurs,15-55,NA,NA,NA,NA,NA,NA,NA,NA,NA,NA,Memphis Grizzlies,24-47,San Antonio Spurs,15-55,0.649,0.649,0.932,0.927038626609442,0.07296137339055786,510,0,0,1,178,401585643249,249,2,7:15,1875,31.25,39,22,39,22,17,Victor Wembanyama makes 25-foot step back jumpshot (Malaki Branham assists),FALSE,0,0,FALSE,0,0,FALSE
nba,2024,401585639,2024-03-22,Detroit Pistons,Boston Celtics,DET,BOS,12-58,56-14,102,129,FALSE,Boston Celtics,56-14,NA,NA,NA,NA,NA,NA,NA,NA,NA,NA,Boston Celtics,56-14,Detroit Pistons,12-58,0.095,0.905,0.248,0.6169354838709679,0.38306451612903214,450,0,0,1,106,401585639152,152,1,26.1,2186.1,36.434999999999995,34,29,34,29,5,Troy Brown Jr. defensive rebound,FALSE,0,0,FALSE,0,0,FALSE
nba,2024,401585640,2024-03-22,Toronto Raptors,Oklahoma City Thunder,TOR,OKC,23-47,49-20,103,123,FALSE,Oklahoma City Thunder,49-20,NA,NA,NA,NA,NA,NA,NA,NA,NA,NA,Oklahoma City Thunder,49-20,Toronto Raptors,23-47,0.095,0.905,0.385,0.7532467532467533,0.24675324675324672,461,0,0,1,67,401585640102,102,1,4:41,2441,40.68333333333333,25,14,25,14,11,Isaiah Joe personal foul,FALSE,0,0,FALSE,0,0,FALSE
nba,2024,401585638,2024-03-21,Phoenix Suns,Atlanta Hawks,PHX,ATL,41-29,30-39,128,115,TRUE,Phoenix Suns,41-29,NA,NA,NA,NA,NA,NA,NA,NA,NA,NA,Phoenix Suns,41-29,Atlanta Hawks,30-39,0.735,0.735,0.6970000000000001,0.6197991391678623,0.38020086083213767,459,0,0,3,62,40158563899,99,1,3:50,2390,39.833333333333336,17,30,30,17,13,Dejounte Murray makes free throw 1 of 2,FALSE,0,0,FALSE,0,0,FALSE
nba,2024,401585637,2024-03-21,Denver Nuggets,New York Knicks,DEN,NY,49-21,41-28,113,100,TRUE,Denver Nuggets,49-21,NA,NA,NA,NA,NA,NA,NA,NA,NA,NA,Denver Nuggets,49-21,New York Knicks,41-28,0.719,0.719,0.5660000000000001,0.5035335689045937,0.49646643109540634,409,0,0,2,157,401585637235,235,2,5:07,1747,29.116666666666667,42,47,47,42,5,Michael Porter Jr. shooting foul,FALSE,0,0,FALSE,0,0,FALSE
nba,2024,401585636,2024-03-21,Dallas Mavericks,Utah Jazz,DAL,UTAH,41-29,29-41,113,97,TRUE,Dallas Mavericks,41-29,NA,NA,NA,NA,NA,NA,NA,NA,NA,NA,Dallas Mavericks,41-29,Utah Jazz,29-41,0.851,0.851,0.33499999999999996,0.5552238805970149,0.4447761194029851,472,0,0,1,100,401585636148,148,1,56.1,2216.1,36.934999999999995,20,24,24,20,4,Maxi Kleber loose ball foul,FALSE,0,0,FALSE,0,0,FALSE
nba,2024,401585634,2024-03-21,Houston Rockets,Chicago Bulls,HOU,CHI,34-35,34-36,127,117,TRUE,Houston Rockets,34-35,NA,NA,NA,NA,NA,NA,NA,NA,NA,NA,Houston Rockets,34-35,Chicago Bulls,34-36,0.656,0.656,0.4479999999999999,0.23214285714285696,0.767857142857143,480,0,0,1,24,40158563436,36,1,9:04,2704,45.06666666666667,4,8,8,4,4,Torrey Craig makes 28-foot three point jumper (Nikola Vucevic assists),FALSE,0,0,FALSE,0,0,FALSE
nba,2024,401585635,2024-03-21,Milwaukee Bucks,Brooklyn Nets,MIL,BKN,45-25,26-44,115,108,TRUE,Milwaukee Bucks,45-25,NA,NA,NA,NA,NA,NA,NA,NA,NA,NA,Milwaukee Bucks,45-25,Brooklyn Nets,26-44,0.745,0.745,0.728,0.6497252747252746,0.35027472527472536,440,0,0,1,380,401585635548,548,4,5:06,306,5.1,90,92,92,90,2,Nic Claxton makes free throw 1 of 2,FALSE,0,0,FALSE,0,0,FALSE
nba,2024,401585632,2024-03-21,Orlando Magic,New Orleans Pelicans,ORL,NO,42-28,42-27,121,106,TRUE,New Orleans Pelicans,42-27,NA,NA,NA,NA,NA,NA,NA,NA,NA,NA,Orlando Magic,42-28,New Orleans Pelicans,42-27,0.437,0.563,0.832,0.7980769230769231,0.20192307692307687,429,0,0,4,61,40158563293,93,1,4:28,2428,40.46666666666667,9,21,21,9,12,Jonas Valanciunas defensive rebound,FALSE,0,0,FALSE,0,0,FALSE
nba,2024,401585633,2024-03-21,Washington Wizards,Sacramento Kings,WSH,SAC,12-58,40-29,109,102,TRUE,Sacramento Kings,40-29,NA,NA,NA,NA,NA,NA,NA,NA,NA,NA,Washington Wizards,12-58,Sacramento Kings,40-29,0.288,0.712,0.759,0.6824769433465085,0.31752305665349145,468,0,0,1,31,40158563349,49,1,8:54,2694,44.9,5,7,7,5,2,Corey Kispert lost ball turnover (De'Aaron Fox steals),FALSE,0,0,FALSE,0,0,FALSE
nba,2024,401585629,2024-03-20,Golden State Warriors,Memphis Grizzlies,GS,MEM,36-32,23-47,137,116,TRUE,Golden State Warriors,36-32,NA,NA,NA,NA,NA,NA,NA,NA,NA,NA,Golden State Warriors,36-32,Memphis Grizzlies,23-47,0.747,0.747,0.398,0.3643216080402011,0.6356783919597989,450,0,0,1,88,401585629129,129,1,1:36,2256,37.6,28,32,32,28,4,GG Jackson makes 26-foot three point jumper (Jaren Jackson Jr. assists),FALSE,0,0,FALSE,0,0,FALSE
nba,2024,401585630,2024-03-20,Phoenix Suns,Philadelphia 76ers,PHX,PHI,40-29,38-31,115,102,TRUE,Phoenix Suns,40-29,NA,NA,NA,NA,NA,NA,NA,NA,NA,NA,Phoenix Suns,40-29,Philadelphia 76ers,38-31,0.783,0.783,0.423,0.4869976359338062,0.5130023640661938,461,0,0,1,39,40158563054,54,1,8:14,2654,44.233333333333334,1,9,9,1,8,Bradley Beal out of bounds bad pass turnover,FALSE,0,0,FALSE,0,0,FALSE
nba,2024,401585631,2024-03-20,Portland Trail Blazers,LA Clippers,POR,LAC,19-50,43-25,103,116,FALSE,LA Clippers,43-25,NA,NA,NA,NA,NA,NA,NA,NA,NA,NA,LA Clippers,43-25,Portland Trail Blazers,19-50,0.192,0.808,0.356,0.4606741573033709,0.5393258426966291,400,0,0,1,37,40158563148,48,1,6:27,2547,42.45,12,6,12,6,6,Deandre Ayton defensive rebound,FALSE,0,0,FALSE,0,0,FALSE
nba,2024,401585628,2024-03-20,Oklahoma City Thunder,Utah Jazz,OKC,UTAH,48-20,29-40,119,107,TRUE,Oklahoma City Thunder,48-20,NA,NA,NA,NA,NA,NA,NA,NA,NA,NA,Oklahoma City Thunder,48-20,Utah Jazz,29-40,0.896,0.896,0.4290000000000001,0.7575757575757577,0.24242424242424232,467,0,0,1,242,401585628350,350,3,9:48,1308,21.8,57,61,61,57,4,Jalen Williams lost ball turnover (Brice Sensabaugh steals),FALSE,0,0,FALSE,0,0,FALSE
nba,2024,401585626,2024-03-20,Boston Celtics,Milwaukee Bucks,BOS,MIL,55-14,44-25,122,119,TRUE,Boston Celtics,55-14,NA,NA,NA,NA,NA,NA,NA,NA,NA,NA,Boston Celtics,55-14,Milwaukee Bucks,44-25,0.884,0.884,0.424,0.7264150943396226,0.2735849056603774,446,0,0,2,415,401585626599,599,4,32.1,32.1,0.535,116,114,114,116,-2,Derrick White shooting foul,FALSE,0,0,FALSE,0,0,FALSE
nba,2024,401585627,2024-03-20,Toronto Raptors,Sacramento Kings,TOR,SAC,23-46,40-28,89,123,FALSE,Sacramento Kings,40-28,NA,NA,NA,NA,NA,NA,NA,NA,NA,NA,Sacramento Kings,40-28,Toronto Raptors,23-46,0.259,0.741,0.288,0.10069444444444432,0.8993055555555557,451,0,0,1,42,40158562763,63,1,6:04,2524,42.06666666666667,17,16,17,16,1,Kelly Olynyk makes two point shot (Bruce Brown assists),FALSE,0,0,FALSE,0,0,FALSE
nba,2024,401585624,2024-03-20,Cleveland Cavaliers,Miami Heat,CLE,MIA,43-26,38-31,104,107,FALSE,Cleveland Cavaliers,43-26,NA,NA,NA,NA,NA,NA,NA,NA,NA,NA,Miami Heat,38-31,Cleveland Cavaliers,43-26,0.687,0.687,0.878,0.8610478359908884,0.1389521640091116,427,0,0,1,399,401585624577,577,4,1:34,94,1.5666666666666669,99,96,99,96,3,Georges Niang makes free throw 1 of 2,FALSE,0,0,FALSE,0,0,FALSE
nba,2024,401585625,2024-03-20,Detroit Pistons,Indiana Pacers,DET,IND,12-57,39-31,103,122,FALSE,Indiana Pacers,39-31,NA,NA,NA,NA,NA,NA,NA,NA,NA,NA,Indiana Pacers,39-31,Detroit Pistons,12-57,0.246,0.754,0.487,0.49486652977412726,0.5051334702258727,464,0,0,1,41,40158562556,56,1,7:16,2596,43.266666666666666,14,6,14,6,8,Myles Turner 3 second turnover,FALSE,0,0,FALSE,0,0,FALSE
nba,2024,401585623,2024-03-19,Minnesota Timberwolves,Denver Nuggets,MIN,DEN,47-22,48-21,112,115,FALSE,Denver Nuggets,48-21,NA,NA,NA,NA,NA,NA,NA,NA,NA,NA,Denver Nuggets,48-21,Minnesota Timberwolves,47-22,0.423,0.577,0.756,0.6772486772486772,0.3227513227513228,447,0,0,7,360,401585623508,508,4,7:10,430,7.166666666666667,92,89,92,89,3,Peyton Watson shooting foul,FALSE,0,0,FALSE,0,0,FALSE
nba,2024,401585622,2024-03-19,San Antonio Spurs,Dallas Mavericks,SA,DAL,15-54,40-29,107,113,FALSE,Dallas Mavericks,40-29,NA,NA,NA,NA,NA,NA,NA,NA,NA,NA,Dallas Mavericks,40-29,San Antonio Spurs,15-54,0.331,0.669,0.632,0.4762658227848102,0.5237341772151898,469,0,0,1,404,401585622600,600,4,6:13,373,6.216666666666667,95,95,95,95,0,Kyrie Irving loose ball foul,FALSE,0,0,FALSE,0,0,FALSE
nba,2024,401585621,2024-03-19,Brooklyn Nets,New Orleans Pelicans,BKN,NO,26-43,42-26,91,104,FALSE,New Orleans Pelicans,42-26,NA,NA,NA,NA,NA,NA,NA,NA,NA,NA,New Orleans Pelicans,42-26,Brooklyn Nets,26-43,0.288,0.712,0.314,0.08280254777070051,0.9171974522292996,446,0,0,1,66,40158562193,93,1,4:19,2419,40.31666666666667,15,15,15,15,0,Day'Ron Sharpe makes tip shot,FALSE,0,0,FALSE,0,0,FALSE
nba,2024,401585619,2024-03-19,Orlando Magic,Charlotte Hornets,ORL,CHA,41-28,17-52,112,92,TRUE,Orlando Magic,41-28,NA,NA,NA,NA,NA,NA,NA,NA,NA,NA,Orlando Magic,41-28,Charlotte Hornets,17-52,0.889,0.889,0.15900000000000003,0.30188679245283045,0.6981132075471695,384,0,0,1,11,40158561919,19,1,9:30,2730,45.5,2,4,4,2,2,Gary Harris steps out of bounds turnover,FALSE,0,0,FALSE,0,0,FALSE
nba,2024,401585620,2024-03-19,Washington Wizards,Houston Rockets,WSH,HOU,11-58,33-35,114,137,FALSE,Houston Rockets,33-35,NA,NA,NA,NA,NA,NA,NA,NA,NA,NA,Houston Rockets,33-35,Washington Wizards,11-58,0.209,0.791,0.526,0.602661596958175,0.397338403041825,487,0,0,1,265,401585620371,371,3,9:25,1285,21.416666666666668,66,62,66,62,4,Jordan Poole makes technical free throw,FALSE,0,0,FALSE,0,0,FALSE
nba,2024,401585618,2024-03-18,Los Angeles Lakers,Atlanta Hawks,LAL,ATL,37-32,30-38,136,105,TRUE,Los Angeles Lakers,37-32,NA,NA,NA,NA,NA,NA,NA,NA,NA,NA,Los Angeles Lakers,37-32,Atlanta Hawks,30-38,0.724,0.724,0.531,0.480225988700565,0.519774011299435,443,0,0,1,23,40158561834,34,1,9:40,2740,45.666666666666664,2,11,11,2,9,D'Angelo Russell bad pass (Dejounte Murray steals),FALSE,0,0,FALSE,0,0,FALSE
nba,2024,401585616,2024-03-18,Golden State Warriors,New York Knicks,GS,NY,35-32,41-27,112,119,FALSE,Golden State Warriors,35-32,NA,NA,NA,NA,NA,NA,NA,NA,NA,NA,New York Knicks,41-27,Golden State Warriors,35-32,0.673,0.673,0.673,0.5141158989598813,0.4858841010401187,449,0,0,1,1,4015856164,4,1,12:00,2880,48,0,0,0,0,0,Isaiah Hartenstein vs. Draymond Green (Josh Hart gains possession),FALSE,0,0,FALSE,0,0,FALSE
nba,2024,401585617,2024-03-18,Sacramento Kings,Memphis Grizzlies,SAC,MEM,39-28,23-46,121,111,TRUE,Sacramento Kings,39-28,NA,NA,NA,NA,NA,NA,NA,NA,NA,NA,Sacramento Kings,39-28,Memphis Grizzlies,23-46,0.824,0.824,0.8160000000000001,0.7843137254901961,0.21568627450980393,549,0,0,1,484,401585617708,708,4,52.1,352.1,5.868333333333334,101,103,103,101,2,Domantas Sabonis shooting foul,FALSE,0,0,FALSE,0,0,FALSE
nba,2024,401585615,2024-03-18,Utah Jazz,Minnesota Timberwolves,UTAH,MIN,29-39,47-21,104,114,FALSE,Minnesota Timberwolves,47-21,NA,NA,NA,NA,NA,NA,NA,NA,NA,NA,Minnesota Timberwolves,47-21,Utah Jazz,29-39,0.482,0.518,0.858,0.8344988344988344,0.16550116550116556,425,0,0,1,88,401585615130,130,1,52.1,2212.1,36.86833333333333,35,19,35,19,16,Collin Sexton makes driving layup,FALSE,0,0,FALSE,0,0,FALSE
nba,2024,401585614,2024-03-18,Chicago Bulls,Portland Trail Blazers,CHI,POR,34-35,19-49,110,107,TRUE,Chicago Bulls,34-35,NA,NA,NA,NA,NA,NA,NA,NA,NA,NA,Chicago Bulls,34-35,Portland Trail Blazers,19-49,0.715,0.715,0.755,0.6754966887417218,0.32450331125827825,488,0,0,1,445,401585614644,644,4,2:35,155,2.5833333333333335,102,104,104,102,2,Deandre Ayton makes free throw 1 of 2,FALSE,0,0,FALSE,0,0,FALSE
nba,2024,401585612,2024-03-18,Boston Celtics,Detroit Pistons,BOS,DET,54-14,12-56,119,94,TRUE,Boston Celtics,54-14,NA,NA,NA,NA,NA,NA,NA,NA,NA,NA,Boston Celtics,54-14,Detroit Pistons,12-56,0.942,0.942,0.10299999999999998,0.4368932038834945,0.5631067961165055,418,0,0,1,42,40158561258,58,1,6:22,2542,42.36666666666667,12,14,14,12,2,Isaiah Stewart defensive rebound,FALSE,0,0,FALSE,0,0,FALSE
nba,2024,401585613,2024-03-18,Philadelphia 76ers,Miami Heat,PHI,MIA,38-30,37-31,98,91,TRUE,Philadelphia 76ers,38-30,NA,NA,NA,NA,NA,NA,NA,NA,NA,NA,Philadelphia 76ers,38-30,Miami Heat,37-31,0.55,0.55,0.5880000000000001,0.2993197278911568,0.7006802721088432,437,0,0,1,171,401585613244,244,2,4:25,1705,28.416666666666668,39,42,42,39,3,Duncan Robinson defensive rebound,FALSE,0,0,FALSE,0,0,FALSE
nba,2024,401585611,2024-03-18,Indiana Pacers,Cleveland Cavaliers,IND,CLE,38-31,43-25,103,108,FALSE,Indiana Pacers,38-31,NA,NA,NA,NA,NA,NA,NA,NA,NA,NA,Cleveland Cavaliers,43-25,Indiana Pacers,38-31,0.606,0.606,0.9,0.8888888888888888,0.11111111111111116,471,0,0,1,156,401585611236,236,2,7:38,1898,31.633333333333333,47,32,47,32,15,T.J. McConnell makes driving layup,FALSE,0,0,FALSE,0,0,FALSE
nba,2024,401585610,2024-03-17,LA Clippers,Atlanta Hawks,LAC,ATL,42-25,30-37,93,110,FALSE,LA Clippers,42-25,NA,NA,NA,NA,NA,NA,NA,NA,NA,NA,Atlanta Hawks,30-37,LA Clippers,42-25,0.824,0.824,0.85,0.8235294117647058,0.17647058823529416,432,0,0,1,4,4015856109,9,1,11:18,2838,47.3,2,0,2,0,2,Kawhi Leonard defensive rebound,FALSE,0,0,FALSE,0,0,FALSE
nba,2024,401585609,2024-03-17,San Antonio Spurs,Brooklyn Nets,SA,BKN,15-53,26-42,122,115,TRUE,Brooklyn Nets,26-42,NA,NA,NA,NA,NA,NA,NA,NA,NA,NA,San Antonio Spurs,15-53,Brooklyn Nets,26-42,0.484,0.516,0.965,0.9637305699481864,0.0362694300518136,518,0,0,1,409,401585609596,596,4,5:59,659,10.983333333333333,93,103,103,93,10,Mikal Bridges defensive rebound,FALSE,0,0,FALSE,0,0,FALSE
nba,2024,401585607,2024-03-17,Orlando Magic,Toronto Raptors,ORL,TOR,40-28,23-45,111,96,TRUE,Orlando Magic,40-28,NA,NA,NA,NA,NA,NA,NA,NA,NA,NA,Orlando Magic,40-28,Toronto Raptors,23-45,0.834,0.834,0.357,0.5350140056022408,0.4649859943977592,450,0,0,1,175,401585607258,258,2,3:00,1620,27,43,45,45,43,2,Cole Anthony misses driving floating jump shot,FALSE,0,0,FALSE,0,0,FALSE
nba,2024,401585608,2024-03-17,Washington Wizards,Boston Celtics,WSH,BOS,11-57,53-14,104,130,FALSE,Boston Celtics,53-14,NA,NA,NA,NA,NA,NA,NA,NA,NA,NA,Boston Celtics,53-14,Washington Wizards,11-57,0.033,0.967,0.053,0.3773584905660372,0.6226415094339628,455,0,0,1,46,40158560869,69,1,6:03,2523,42.05,17,17,17,17,0,Sam Hauser misses 29-foot three point pullup jump shot,FALSE,0,0,FALSE,0,0,FALSE
nba,2024,401585606,2024-03-17,Dallas Mavericks,Denver Nuggets,DAL,DEN,39-29,47-21,107,105,TRUE,Dallas Mavericks,39-29,NA,NA,NA,NA,NA,NA,NA,NA,NA,NA,Dallas Mavericks,39-29,Denver Nuggets,47-21,0.584,0.584,0.878,0.8610478359908884,0.1389521640091116,486,0,0,2,477,401585606675,675,4,26.1,26.1,0.435,102,105,105,102,3,Mavericks Full timeout,FALSE,0,0,FALSE,0,0,FALSE
nba,2024,401585605,2024-03-17,Detroit Pistons,Miami Heat,DET,MIA,12-55,37-30,101,104,FALSE,Miami Heat,37-30,NA,NA,NA,NA,NA,NA,NA,NA,NA,NA,Miami Heat,37-30,Detroit Pistons,12-55,0.373,0.627,0.622,0.4003215434083601,0.5996784565916399,420,0,0,1,139,401585605198,198,2,7:40,1900,31.666666666666668,34,28,34,28,6,James Wiseman defensive rebound,FALSE,0,0,FALSE,0,0,FALSE
nba,2024,401585604,2024-03-17,Milwaukee Bucks,Phoenix Suns,MIL,PHX,44-24,39-29,140,129,TRUE,Milwaukee Bucks,44-24,NA,NA,NA,NA,NA,NA,NA,NA,NA,NA,Milwaukee Bucks,44-24,Phoenix Suns,39-29,0.529,0.529,0.623,0.3948635634028892,0.6051364365971108,406,0,0,1,21,40158560434,34,1,9:38,2738,45.63333333333333,3,8,8,3,5,Grayson Allen makes free throw 2 of 3,FALSE,0,0,FALSE,0,0,FALSE
nba,2024,401585603,2024-03-16,Sacramento Kings,New York Knicks,SAC,NY,38-28,40-27,91,98,FALSE,Sacramento Kings,38-28,NA,NA,NA,NA,NA,NA,NA,NA,NA,NA,New York Knicks,40-27,Sacramento Kings,38-28,0.625,0.625,0.77,0.7012987012987013,0.2987012987012987,468,0,0,1,369,401585603545,545,4,9:01,541,9.016666666666667,79,75,79,75,4,Keegan Murray defensive rebound,FALSE,0,0,FALSE,0,0,FALSE
nba,2024,401585602,2024-03-16,Utah Jazz,Minnesota Timberwolves,UTAH,MIN,29-38,46-21,100,119,FALSE,Minnesota Timberwolves,46-21,NA,NA,NA,NA,NA,NA,NA,NA,NA,NA,Minnesota Timberwolves,46-21,Utah Jazz,29-38,0.32,0.6799999999999999,0.507,0.3688362919132149,0.6311637080867851,449,0,0,1,264,401585602375,375,3,9:20,1280,21.333333333333332,55,53,55,53,2,Taylor Hendricks defensive rebound,FALSE,0,0,FALSE,0,0,FALSE
nba,2024,401585601,2024-03-16,Los Angeles Lakers,Golden State Warriors,LAL,GS,36-32,35-31,121,128,FALSE,Los Angeles Lakers,36-32,NA,NA,NA,NA,NA,NA,NA,NA,NA,NA,Golden State Warriors,35-31,Los Angeles Lakers,36-32,0.542,0.542,0.729,0.6282578875171467,0.37174211248285327,452,0,0,1,114,401585601175,175,2,11:16,2116,35.266666666666666,39,32,39,32,7,Taurean Prince defensive rebound,FALSE,0,0,FALSE,0,0,FALSE
nba,2024,401585599,2024-03-16,Chicago Bulls,Washington Wizards,CHI,WSH,33-35,11-56,127,98,TRUE,Chicago Bulls,33-35,NA,NA,NA,NA,NA,NA,NA,NA,NA,NA,Chicago Bulls,33-35,Washington Wizards,11-56,0.741,0.741,0.274,0.05474452554744535,0.9452554744525546,474,0,0,1,32,40158559944,44,1,9:04,2704,45.06666666666667,5,6,6,5,1,Richaun Holmes makes dunk,FALSE,0,0,FALSE,0,0,FALSE
nba,2024,401585600,2024-03-16,Memphis Grizzlies,Oklahoma City Thunder,MEM,OKC,23-45,47-20,112,118,FALSE,Oklahoma City Thunder,47-20,NA,NA,NA,NA,NA,NA,NA,NA,NA,NA,Oklahoma City Thunder,47-20,Memphis Grizzlies,23-45,0.138,0.862,0.316,0.5632911392405062,0.4367088607594938,465,0,0,1,214,401585600320,320,2,55.1,1495.1,24.918333333333333,52,51,52,51,1,Luke Kennard defensive rebound,FALSE,0,0,FALSE,0,0,FALSE
nba,2024,401585596,2024-03-16,Indiana Pacers,Brooklyn Nets,IND,BKN,38-30,26-41,121,100,TRUE,Indiana Pacers,38-30,NA,NA,NA,NA,NA,NA,NA,NA,NA,NA,Indiana Pacers,38-30,Brooklyn Nets,26-41,0.674,0.674,0.623,0.476725521669342,0.523274478330658,499,0,0,1,103,401585596151,151,1,49.0,2209,36.81666666666667,20,28,28,20,8,Trendon Watford makes free throw 1 of 2,FALSE,0,0,FALSE,0,0,FALSE
nba,2024,401585597,2024-03-16,Philadelphia 76ers,Charlotte Hornets,PHI,CHA,37-30,17-51,109,98,TRUE,Philadelphia 76ers,37-30,NA,NA,NA,NA,NA,NA,NA,NA,NA,NA,Philadelphia 76ers,37-30,Charlotte Hornets,17-51,0.844,0.844,0.5700000000000001,0.7263157894736842,0.27368421052631575,449,0,0,1,380,401585597566,566,4,5:42,342,5.7,88,88,88,88,0,Miles Bridges makes free throw 1 of 2,FALSE,0,0,FALSE,0,0,FALSE
nba,2024,401585598,2024-03-16,New Orleans Pelicans,Portland Trail Blazers,NO,POR,41-26,19-48,126,107,TRUE,New Orleans Pelicans,41-26,NA,NA,NA,NA,NA,NA,NA,NA,NA,NA,New Orleans Pelicans,41-26,Portland Trail Blazers,19-48,0.847,0.847,0.33099999999999996,0.5377643504531721,0.46223564954682794,422,0,0,1,251,401585598392,392,3,5:08,1028,17.133333333333333,87,86,86,87,-1,Trail Blazers defensive team rebound,FALSE,0,0,FALSE,0,0,FALSE
nba,2024,401585595,2024-03-16,Houston Rockets,Cleveland Cavaliers,HOU,CLE,32-35,42-25,117,103,TRUE,Cleveland Cavaliers,42-25,NA,NA,NA,NA,NA,NA,NA,NA,NA,NA,Houston Rockets,32-35,Cleveland Cavaliers,42-25,0.406,0.594,0.61,0.360655737704918,0.639344262295082,452,0,0,1,25,40158559541,41,1,8:12,2652,44.2,12,13,13,12,1,Jalen Green misses 4-foot two point shot,FALSE,0,0,FALSE,0,0,FALSE
nba,2024,401585594,2024-03-15,Utah Jazz,Atlanta Hawks,UTAH,ATL,29-37,29-37,124,122,TRUE,Utah Jazz,29-37,NA,NA,NA,NA,NA,NA,NA,NA,NA,NA,Utah Jazz,29-37,Atlanta Hawks,29-37,0.618,0.618,0.612,0.3758169934640523,0.6241830065359477,466,0,0,1,219,401585594322,322,2,1:34,1534,25.566666666666663,54,58,58,54,4,Dejounte Murray makes free throw 1 of 2,FALSE,0,0,FALSE,0,0,FALSE
nba,2024,401585593,2024-03-15,San Antonio Spurs,Denver Nuggets,SA,DEN,14-53,47-20,106,117,FALSE,Denver Nuggets,47-20,NA,NA,NA,NA,NA,NA,NA,NA,NA,NA,Denver Nuggets,47-20,San Antonio Spurs,14-53,0.204,0.796,0.279,0.2688172043010755,0.7311827956989245,439,0,0,1,43,40158559366,66,1,7:08,2588,43.13333333333333,11,10,11,10,1,Victor Wembanyama makes free throw 1 of 2,FALSE,0,0,FALSE,0,0,FALSE
nba,2024,401585592,2024-03-15,New Orleans Pelicans,LA Clippers,NO,LAC,40-26,42-24,112,104,TRUE,New Orleans Pelicans,40-26,NA,NA,NA,NA,NA,NA,NA,NA,NA,NA,New Orleans Pelicans,40-26,LA Clippers,42-24,0.644,0.644,0.493,0.27789046653144023,0.7221095334685598,426,0,0,1,160,401585592230,230,2,6:12,1812,30.2,31,33,33,31,2,Kawhi Leonard defensive rebound,FALSE,0,0,FALSE,0,0,FALSE
nba,2024,401585591,2024-03-15,Toronto Raptors,Orlando Magic,TOR,ORL,23-44,39-28,103,113,FALSE,Orlando Magic,39-28,NA,NA,NA,NA,NA,NA,NA,NA,NA,NA,Orlando Magic,39-28,Toronto Raptors,23-44,0.271,0.729,0.598,0.5468227424749164,0.4531772575250837,440,0,0,3,134,401585591186,186,2,9:13,1993,33.21666666666667,37,28,37,28,9,Bruce Brown makes 25-foot three point jumper (Immanuel Quickley assists),FALSE,0,0,FALSE,0,0,FALSE
nba,2024,401585589,2024-03-15,Charlotte Hornets,Phoenix Suns,CHA,PHX,17-50,39-28,96,107,FALSE,Phoenix Suns,39-28,NA,NA,NA,NA,NA,NA,NA,NA,NA,NA,Phoenix Suns,39-28,Charlotte Hornets,17-50,0.174,0.8260000000000001,0.34,0.4882352941176473,0.5117647058823527,471,0,0,1,71,40158558993,93,1,4:26,2426,40.43333333333333,17,12,17,12,5,Miles Bridges defensive rebound,FALSE,0,0,FALSE,0,0,FALSE
nba,2024,401585590,2024-03-15,Detroit Pistons,Miami Heat,DET,MIA,12-54,36-30,95,108,FALSE,Miami Heat,36-30,NA,NA,NA,NA,NA,NA,NA,NA,NA,NA,Miami Heat,36-30,Detroit Pistons,12-54,0.326,0.6739999999999999,0.496,0.3427419354838708,0.6572580645161292,441,0,0,1,106,401585590156,156,1,53.1,2213.1,36.885,28,23,28,23,5,Jaden Ivey makes 17-foot pullup jump shot (Evan Fournier assists),FALSE,0,0,FALSE,0,0,FALSE
nba,2024,401585587,2024-03-14,Oklahoma City Thunder,Dallas Mavericks,OKC,DAL,46-20,38-29,126,119,TRUE,Oklahoma City Thunder,46-20,NA,NA,NA,NA,NA,NA,NA,NA,NA,NA,Oklahoma City Thunder,46-20,Dallas Mavericks,38-29,0.832,0.832,0.392,0.5714285714285714,0.4285714285714286,476,0,0,1,176,401585587275,275,2,5:14,1754,29.233333333333334,45,47,47,45,2,Jaylin Williams shooting foul,FALSE,0,0,FALSE,0,0,FALSE
nba,2024,401585588,2024-03-14,Portland Trail Blazers,New York Knicks,POR,NY,19-47,39-27,93,105,FALSE,New York Knicks,39-27,NA,NA,NA,NA,NA,NA,NA,NA,NA,NA,New York Knicks,39-27,Portland Trail Blazers,19-47,0.2,0.8,0.395,0.4936708860759496,0.5063291139240504,445,0,0,1,77,401585588104,104,1,2:56,2336,38.93333333333333,25,18,25,18,7,Matisse Thybulle makes 14-foot driving floating jump shot,FALSE,0,0,FALSE,0,0,FALSE
nba,2024,401585584,2024-03-14,Chicago Bulls,LA Clippers,CHI,LAC,32-35,42-23,111,126,FALSE,LA Clippers,42-23,NA,NA,NA,NA,NA,NA,NA,NA,NA,NA,LA Clippers,42-23,Chicago Bulls,32-35,0.341,0.659,0.47,0.274468085106383,0.725531914893617,405,0,0,1,6,40158558413,13,1,10:37,2797,46.61666666666667,5,0,5,0,5,Ayo Dosunmu defensive rebound,FALSE,0,0,FALSE,0,0,FALSE
nba,2024,401585585,2024-03-14,Houston Rockets,Washington Wizards,HOU,WSH,31-35,11-55,135,119,TRUE,Houston Rockets,31-35,NA,NA,NA,NA,NA,NA,NA,NA,NA,NA,Houston Rockets,31-35,Washington Wizards,11-55,0.789,0.789,0.28600000000000003,0.2622377622377624,0.7377622377622376,470,0,0,2,52,40158558575,75,1,6:14,2534,42.233333333333334,17,17,17,17,0,Jabari Smith Jr. personal foul,FALSE,0,0,FALSE,0,0,FALSE
nba,2024,401585586,2024-03-14,Milwaukee Bucks,Philadelphia 76ers,MIL,PHI,43-24,36-30,114,105,TRUE,Milwaukee Bucks,43-24,NA,NA,NA,NA,NA,NA,NA,NA,NA,NA,Milwaukee Bucks,43-24,Philadelphia 76ers,36-30,0.641,0.641,0.781,0.7195902688860436,0.2804097311139564,395,0,0,1,149,401585586213,213,2,5:08,1748,29.133333333333333,36,48,48,36,12,Brook Lopez misses 26-foot three point jumper,FALSE,0,0,FALSE,0,0,FALSE
nba,2024,401585583,2024-03-14,Boston Celtics,Phoenix Suns,BOS,PHX,52-14,38-28,127,112,TRUE,Boston Celtics,52-14,NA,NA,NA,NA,NA,NA,NA,NA,NA,NA,Boston Celtics,52-14,Phoenix Suns,38-28,0.82,0.82,0.387,0.5348837209302324,0.4651162790697676,425,0,0,1,65,40158558398,98,1,3:53,2393,39.88333333333333,18,26,26,18,8,Devin Booker makes 15-foot running pullup jump shot,FALSE,0,0,FALSE,0,0,FALSE
nba,2024,401585581,2024-03-13,Portland Trail Blazers,Atlanta Hawks,POR,ATL,19-46,29-36,106,102,TRUE,Atlanta Hawks,29-36,NA,NA,NA,NA,NA,NA,NA,NA,NA,NA,Portland Trail Blazers,19-46,Atlanta Hawks,29-36,0.482,0.518,0.902,0.8913525498891353,0.10864745011086474,462,0,0,2,144,401585581210,210,2,8:14,1934,32.233333333333334,19,34,34,19,15,Garrison Mathews makes free throw 1 of 2,FALSE,0,0,FALSE,0,0,FALSE
nba,2024,401585582,2024-03-13,Sacramento Kings,Los Angeles Lakers,SAC,LAL,38-27,36-31,120,107,TRUE,Sacramento Kings,38-27,NA,NA,NA,NA,NA,NA,NA,NA,NA,NA,Sacramento Kings,38-27,Los Angeles Lakers,36-31,0.572,0.572,0.604,0.3443708609271523,0.6556291390728477,434,0,0,1,66,40158558293,93,1,3:01,2341,39.016666666666666,19,24,24,19,5,Spencer Dinwiddie defensive rebound,FALSE,0,0,FALSE,0,0,FALSE
nba,2024,401585580,2024-03-13,Dallas Mavericks,Golden State Warriors,DAL,GS,38-28,34-31,109,99,TRUE,Dallas Mavericks,38-28,NA,NA,NA,NA,NA,NA,NA,NA,NA,NA,Dallas Mavericks,38-28,Golden State Warriors,34-31,0.716,0.716,0.417,0.31894484412470014,0.6810551558752999,476,0,0,1,94,401585580142,142,1,1:06,2226,37.1,23,27,27,23,4,Chris Paul makes 26-foot three point jumper (Brandin Podziemski assists),FALSE,0,0,FALSE,0,0,FALSE
nba,2024,401585578,2024-03-13,Memphis Grizzlies,Charlotte Hornets,MEM,CHA,23-44,17-49,98,110,FALSE,Memphis Grizzlies,23-44,NA,NA,NA,NA,NA,NA,NA,NA,NA,NA,Charlotte Hornets,17-49,Memphis Grizzlies,23-44,0.588,0.588,0.652,0.4662576687116564,0.5337423312883436,431,0,0,1,17,40158557827,27,1,9:33,2733,45.55,6,4,6,4,2,Trey Jemison defensive rebound,FALSE,0,0,FALSE,0,0,FALSE
nba,2024,401585579,2024-03-13,New Orleans Pelicans,Cleveland Cavaliers,NO,CLE,39-26,42-24,95,116,FALSE,New Orleans Pelicans,39-26,NA,NA,NA,NA,NA,NA,NA,NA,NA,NA,Cleveland Cavaliers,42-24,New Orleans Pelicans,39-26,0.698,0.698,0.753,0.6719787516600266,0.32802124833997337,427,0,0,1,8,40158557914,14,1,11:19,2839,47.31666666666667,3,0,3,0,3,Jonas Valanciunas makes 25-foot three point jumper (CJ McCollum assists),FALSE,0,0,FALSE,0,0,FALSE
nba,2024,401585576,2024-03-13,Indiana Pacers,Chicago Bulls,IND,CHI,37-30,32-34,129,132,FALSE,Indiana Pacers,37-30,NA,NA,NA,NA,NA,NA,NA,NA,NA,NA,Chicago Bulls,32-34,Indiana Pacers,37-30,0.629,0.629,0.946,0.9429175475687104,0.05708245243128962,530,0,0,1,456,401585576640,640,4,5.1,305.1,5.085,116,114,116,114,2,Aaron Nesmith makes free throw 1 of 2,FALSE,0,0,FALSE,0,0,FALSE
nba,2024,401585577,2024-03-13,Miami Heat,Denver Nuggets,MIA,DEN,35-30,46-20,88,100,FALSE,Denver Nuggets,46-20,NA,NA,NA,NA,NA,NA,NA,NA,NA,NA,Denver Nuggets,46-20,Miami Heat,35-30,0.496,0.504,0.662,0.4894259818731119,0.5105740181268881,395,0,0,1,298,401585577412,412,3,1:18,798,13.3,71,67,71,67,4,Thomas Bryant makes 6-foot two point shot (Duncan Robinson assists),FALSE,0,0,FALSE,0,0,FALSE
nba,2024,401585574,2024-03-13,Detroit Pistons,Toronto Raptors,DET,TOR,12-53,23-43,113,104,TRUE,Detroit Pistons,12-53,NA,NA,NA,NA,NA,NA,NA,NA,NA,NA,Detroit Pistons,12-53,Toronto Raptors,23-43,0.671,0.671,0.874,0.8558352402745995,0.14416475972540055,493,0,0,1,190,401585574272,272,2,3:13,1633,27.216666666666665,37,52,52,37,15,Immanuel Quickley makes free throw 1 of 2,FALSE,0,0,FALSE,0,0,FALSE
nba,2024,401585575,2024-03-13,Orlando Magic,Brooklyn Nets,ORL,BKN,38-28,26-40,114,106,TRUE,Orlando Magic,38-28,NA,NA,NA,NA,NA,NA,NA,NA,NA,NA,Orlando Magic,38-28,Brooklyn Nets,26-40,0.67,0.67,0.35,0.05714285714285716,0.9428571428571428,458,0,0,1,6,40158557512,12,1,11:19,2839,47.31666666666667,0,0,0,0,0,Nic Claxton defensive rebound,FALSE,0,0,FALSE,0,0,FALSE
nba,2024,401585572,2024-03-12,LA Clippers,Minnesota Timberwolves,LAC,MIN,41-23,45-21,100,118,FALSE,LA Clippers,41-23,NA,NA,NA,NA,NA,NA,NA,NA,NA,NA,Minnesota Timberwolves,45-21,LA Clippers,41-23,0.63,0.63,0.969,0.9680082559339525,0.03199174406604754,443,0,0,1,184,401585572261,261,2,5:13,1753,29.216666666666665,57,35,57,35,22,James Harden makes driving layup,FALSE,0,0,FALSE,0,0,FALSE
nba,2024,401585573,2024-03-12,Sacramento Kings,Milwaukee Bucks,SAC,MIL,37-27,42-24,129,94,TRUE,Sacramento Kings,37-27,NA,NA,NA,NA,NA,NA,NA,NA,NA,NA,Sacramento Kings,37-27,Milwaukee Bucks,42-24,0.522,0.522,0.478,0,1,479,0,0,1,1,4015855734,4,1,12:00,2880,48,0,0,0,0,0,Brook Lopez vs. Domantas Sabonis (Giannis Antetokounmpo gains possession),FALSE,0,0,FALSE,0,0,FALSE
nba,2024,401585571,2024-03-12,Utah Jazz,Boston Celtics,UTAH,BOS,28-37,51-14,107,123,FALSE,Boston Celtics,51-14,NA,NA,NA,NA,NA,NA,NA,NA,NA,NA,Boston Celtics,51-14,Utah Jazz,28-37,0.244,0.756,0.353,0.3087818696883853,0.6912181303116147,427,0,0,1,11,40158557119,19,1,10:25,2785,46.416666666666664,7,2,7,2,5,Keyonte George makes 22-foot pullup jump shot,FALSE,0,0,FALSE,0,0,FALSE
nba,2024,401585570,2024-03-12,San Antonio Spurs,Houston Rockets,SA,HOU,14-52,30-35,101,103,FALSE,Houston Rockets,30-35,NA,NA,NA,NA,NA,NA,NA,NA,NA,NA,Houston Rockets,30-35,San Antonio Spurs,14-52,0.343,0.657,0.605,0.43305785123966944,0.5669421487603306,454,0,0,6,36,40158557050,50,1,6:25,2545,42.416666666666664,18,8,18,8,10,Tre Jones makes layup (Victor Wembanyama assists),FALSE,0,0,FALSE,0,0,FALSE
nba,2024,401585568,2024-03-12,Memphis Grizzlies,Washington Wizards,MEM,WSH,23-43,11-54,109,97,TRUE,Washington Wizards,11-54,NA,NA,NA,NA,NA,NA,NA,NA,NA,NA,Memphis Grizzlies,23-43,Washington Wizards,11-54,0.458,0.542,0.542,0.15498154981549828,0.8450184501845017,461,0,0,1,1,4015855684,4,1,12:00,2880,48,0,0,0,0,0,Kyle Kuzma vs. Trey Jemison (Jordan Goodwin gains possession),FALSE,0,0,FALSE,0,0,FALSE
nba,2024,401585569,2024-03-12,Oklahoma City Thunder,Indiana Pacers,OKC,IND,45-20,37-29,111,121,FALSE,Oklahoma City Thunder,45-20,NA,NA,NA,NA,NA,NA,NA,NA,NA,NA,Indiana Pacers,37-29,Oklahoma City Thunder,45-20,0.741,0.741,0.741,0.6504723346828609,0.3495276653171391,455,0,0,1,1,4015855694,4,1,12:00,2880,48,0,0,0,0,0,Myles Turner vs. Chet Holmgren (Tyrese Haliburton gains possession),FALSE,0,0,FALSE,0,0,FALSE
nba,2024,401585567,2024-03-12,New York Knicks,Philadelphia 76ers,NY,PHI,38-27,36-29,106,79,TRUE,New York Knicks,38-27,NA,NA,NA,NA,NA,NA,NA,NA,NA,NA,New York Knicks,38-27,Philadelphia 76ers,36-29,0.688,0.688,0.31200000000000006,0,1,402,0,0,1,1,4015855674,4,1,12:00,2880,48,0,0,0,0,0,Mo Bamba vs. Isaiah Hartenstein (OG Anunoby gains possession),FALSE,0,0,FALSE,0,0,FALSE
nba,2024,401585566,2024-03-11,Portland Trail Blazers,Boston Celtics,POR,BOS,18-46,50-14,99,121,FALSE,Boston Celtics,50-14,NA,NA,NA,NA,NA,NA,NA,NA,NA,NA,Boston Celtics,50-14,Portland Trail Blazers,18-46,0.118,0.882,0.15,0.21333333333333335,0.7866666666666666,424,0,0,1,13,40158556622,22,1,10:01,2761,46.016666666666666,7,5,7,5,2,Deandre Ayton makes 2-foot dunk,FALSE,0,0,FALSE,0,0,FALSE
nba,2024,401585565,2024-03-11,Denver Nuggets,Toronto Raptors,DEN,TOR,45-20,23-42,125,119,TRUE,Denver Nuggets,45-20,NA,NA,NA,NA,NA,NA,NA,NA,NA,NA,Denver Nuggets,45-20,Toronto Raptors,23-42,0.936,0.936,0.948,0.9451476793248944,0.05485232067510548,449,0,0,1,262,401585565378,378,3,7:37,1177,19.616666666666667,64,84,84,64,20,Nikola Jokic shooting foul,FALSE,0,0,FALSE,0,0,FALSE
nba,2024,401585563,2024-03-11,Chicago Bulls,Dallas Mavericks,CHI,DAL,31-34,37-28,92,127,FALSE,Dallas Mavericks,37-28,NA,NA,NA,NA,NA,NA,NA,NA,NA,NA,Dallas Mavericks,37-28,Chicago Bulls,31-34,0.404,0.596,0.424,0.04716981132075459,0.9528301886792454,453,0,0,1,5,40158556312,12,1,11:31,2851,47.516666666666666,0,0,0,0,0,Nikola Vucevic defensive rebound,FALSE,0,0,FALSE,0,0,FALSE
nba,2024,401585564,2024-03-11,San Antonio Spurs,Golden State Warriors,SA,GS,14-51,34-30,102,112,FALSE,Golden State Warriors,34-30,NA,NA,NA,NA,NA,NA,NA,NA,NA,NA,Golden State Warriors,34-30,San Antonio Spurs,14-51,0.428,0.5720000000000001,0.785,0.7261146496815287,0.2738853503184713,478,0,0,2,246,401585564354,354,3,10:09,1329,22.15,68,58,68,58,10,Devin Vassell makes 22-foot three point shot (Jeremy Sochan assists),FALSE,0,0,FALSE,0,0,FALSE
nba,2024,401585562,2024-03-11,Cleveland Cavaliers,Phoenix Suns,CLE,PHX,41-24,38-27,111,117,FALSE,Phoenix Suns,38-27,NA,NA,NA,NA,NA,NA,NA,NA,NA,NA,Phoenix Suns,38-27,Cleveland Cavaliers,41-24,0.399,0.601,0.917,0.9094874591057798,0.09051254089422024,437,0,0,1,157,401585562239,239,2,4:50,1730,28.833333333333332,63,44,63,44,19,Darius Garland makes 23-foot three point jumper (Damian Jones assists),FALSE,0,0,FALSE,0,0,FALSE
nba,2024,401585561,2024-03-11,Detroit Pistons,Charlotte Hornets,DET,CHA,11-53,16-49,114,97,TRUE,Detroit Pistons,11-53,NA,NA,NA,NA,NA,NA,NA,NA,NA,NA,Detroit Pistons,11-53,Charlotte Hornets,16-49,0.745,0.745,0.30500000000000005,0.16393442622950827,0.8360655737704917,455,0,0,1,185,401585561267,267,2,2:55,1615,26.916666666666668,48,46,46,48,-2,Vasilije Micic defensive rebound,FALSE,0,0,FALSE,0,0,FALSE
nba,2024,401585560,2024-03-10,Los Angeles Lakers,Minnesota Timberwolves,LAL,MIN,36-30,44-21,120,109,TRUE,Los Angeles Lakers,36-30,NA,NA,NA,NA,NA,NA,NA,NA,NA,NA,Los Angeles Lakers,36-30,Minnesota Timberwolves,44-21,0.554,0.554,0.647,0.4544049459041733,0.5455950540958268,465,0,0,1,314,401585560445,445,3,1:46,826,13.766666666666667,86,90,90,86,4,Anthony Edwards makes 25-foot step back jumpshot,FALSE,0,0,FALSE,0,0,FALSE
nba,2024,401585555,2024-03-10,New York Knicks,Philadelphia 76ers,NY,PHI,37-27,36-28,73,79,FALSE,New York Knicks,37-27,NA,NA,NA,NA,NA,NA,NA,NA,NA,NA,Philadelphia 76ers,36-28,New York Knicks,37-27,0.662,0.662,0.755,0.6754966887417218,0.32450331125827825,442,0,0,2,77,401585555103,103,1,1:50,2270,37.833333333333336,15,10,15,10,5,Jericho Sims defensive rebound,FALSE,0,0,FALSE,0,0,FALSE
nba,2024,401585558,2024-03-10,Cleveland Cavaliers,Brooklyn Nets,CLE,BKN,41-23,26-39,101,120,FALSE,Cleveland Cavaliers,41-23,NA,NA,NA,NA,NA,NA,NA,NA,NA,NA,Brooklyn Nets,26-39,Cleveland Cavaliers,41-23,0.78,0.78,0.78,0.7179487179487181,0.28205128205128194,416,0,0,1,1,4015855584,4,1,12:00,2880,48,0,0,0,0,0,Nic Claxton vs. Jarrett Allen (Darius Garland gains possession),FALSE,0,0,FALSE,0,0,FALSE
nba,2024,401585559,2024-03-10,Oklahoma City Thunder,Memphis Grizzlies,OKC,MEM,45-19,22-43,124,93,TRUE,Oklahoma City Thunder,45-19,NA,NA,NA,NA,NA,NA,NA,NA,NA,NA,Oklahoma City Thunder,45-19,Memphis Grizzlies,22-43,0.925,0.925,0.07799999999999996,0.03846153846153855,0.9615384615384616,431,0,0,1,10,40158555922,22,1,11:21,2841,47.35,0,0,0,0,0,Santi Aldama defensive rebound,FALSE,0,0,FALSE,0,0,FALSE
nba,2024,401585553,2024-03-10,Atlanta Hawks,New Orleans Pelicans,ATL,NO,29-35,39-25,103,116,FALSE,New Orleans Pelicans,39-25,NA,NA,NA,NA,NA,NA,NA,NA,NA,NA,New Orleans Pelicans,39-25,Atlanta Hawks,29-35,0.271,0.729,0.355,0.23661971830985903,0.7633802816901409,411,0,0,1,24,40158555338,38,1,8:39,2679,44.65,10,6,10,6,4,Clint Capela makes two point shot (Bogdan Bogdanovic assists),FALSE,0,0,FALSE,0,0,FALSE
nba,2024,401585554,2024-03-10,Miami Heat,Washington Wizards,MIA,WSH,35-29,11-53,108,110,FALSE,Miami Heat,35-29,NA,NA,NA,NA,NA,NA,NA,NA,NA,NA,Washington Wizards,11-53,Miami Heat,35-29,0.854,0.854,0.922,0.915401301518438,0.08459869848156187,453,0,0,2,159,401585554231,231,2,7:14,1874,31.233333333333334,41,30,41,30,11,Patty Mills makes 15-foot pullup jump shot (Jimmy Butler assists),FALSE,0,0,FALSE,0,0,FALSE
nba,2024,401585556,2024-03-10,Orlando Magic,Indiana Pacers,ORL,IND,37-28,36-29,97,111,FALSE,Orlando Magic,37-28,NA,NA,NA,NA,NA,NA,NA,NA,NA,NA,Indiana Pacers,36-29,Orlando Magic,37-28,0.582,0.582,0.893,0.8801791713325868,0.11982082866741316,477,0,0,1,133,401585556187,187,2,9:54,2034,33.9,32,18,32,18,14,Myles Turner shooting foul,FALSE,0,0,FALSE,0,0,FALSE
nba,2024,401585557,2024-03-10,Sacramento Kings,Houston Rockets,SAC,HOU,36-27,29-35,104,112,FALSE,Sacramento Kings,36-27,NA,NA,NA,NA,NA,NA,NA,NA,NA,NA,Houston Rockets,29-35,Sacramento Kings,36-27,0.649,0.649,0.893,0.8801791713325868,0.11982082866741316,461,0,0,3,177,401585557255,255,2,3:08,1628,27.133333333333333,54,41,54,41,13,De'Aaron Fox makes 4-foot two point shot,FALSE,0,0,FALSE,0,0,FALSE
nba,2024,401585552,2024-03-10,LA Clippers,Milwaukee Bucks,LAC,MIL,41-22,42-23,117,124,FALSE,Milwaukee Bucks,42-23,NA,NA,NA,NA,NA,NA,NA,NA,NA,NA,Milwaukee Bucks,42-23,LA Clippers,41-22,0.471,0.529,0.677,0.5228951255539145,0.4771048744460855,463,0,0,1,218,401585552314,314,2,48.2,1488.2,24.803333333333335,62,57,62,57,5,Clippers delay of game violation,FALSE,0,0,FALSE,0,0,FALSE
nba,2024,401585551,2024-03-09,Portland Trail Blazers,Toronto Raptors,POR,TOR,18-45,23-41,128,118,TRUE,Toronto Raptors,23-41,NA,NA,NA,NA,NA,NA,NA,NA,NA,NA,Portland Trail Blazers,18-45,Toronto Raptors,23-41,0.479,0.521,0.5509999999999999,0.18511796733212327,0.8148820326678767,484,0,0,1,2,4015855517,7,1,11:37,3157,52.61666666666667,0,2,2,0,2,Immanuel Quickley makes 2-foot two point shot,FALSE,0,0,FALSE,0,0,FALSE
nba,2024,401585550,2024-03-09,Denver Nuggets,Utah Jazz,DEN,UTAH,44-20,28-36,142,121,TRUE,Denver Nuggets,44-20,NA,NA,NA,NA,NA,NA,NA,NA,NA,NA,Denver Nuggets,44-20,Utah Jazz,28-36,0.796,0.796,0.21799999999999997,0.06422018348623859,0.9357798165137614,441,0,0,1,2,4015855507,7,1,11:41,2861,47.68333333333333,0,0,0,0,0,Nikola Jokic back court turnover,FALSE,0,0,FALSE,0,0,FALSE
nba,2024,401585548,2024-03-09,Phoenix Suns,Boston Celtics,PHX,BOS,37-27,49-14,107,117,FALSE,Boston Celtics,49-14,NA,NA,NA,NA,NA,NA,NA,NA,NA,NA,Boston Celtics,49-14,Phoenix Suns,37-27,0.253,0.747,0.371,0.31805929919137466,0.6819407008086253,432,0,0,1,66,40158554892,92,1,5:40,2500,41.666666666666664,18,14,18,14,4,Kevin Durant makes 11-foot pullup jump shot (Bradley Beal assists),FALSE,0,0,FALSE,0,0,FALSE
nba,2024,401585549,2024-03-09,Golden State Warriors,San Antonio Spurs,GS,SA,33-30,14-50,113,126,FALSE,Golden State Warriors,33-30,NA,NA,NA,NA,NA,NA,NA,NA,NA,NA,San Antonio Spurs,14-50,Golden State Warriors,33-30,0.788,0.788,0.806,0.7593052109181142,0.2406947890818858,501,0,0,1,2,4015855497,7,1,11:46,2866,47.766666666666666,2,0,2,0,2,Chris Paul makes 8-foot pullup jump shot,FALSE,0,0,FALSE,0,0,FALSE
nba,2024,401585546,2024-03-09,Charlotte Hornets,Brooklyn Nets,CHA,BKN,16-48,25-39,110,99,TRUE,Brooklyn Nets,25-39,NA,NA,NA,NA,NA,NA,NA,NA,NA,NA,Charlotte Hornets,16-48,Brooklyn Nets,25-39,0.262,0.738,0.905,0.8950276243093922,0.1049723756906078,446,0,0,3,64,40158554694,94,1,3:57,2397,39.95,16,28,28,16,12,Miles Bridges bad pass (Jalen Wilson steals),FALSE,0,0,FALSE,0,0,FALSE
nba,2024,401585547,2024-03-09,Detroit Pistons,Dallas Mavericks,DET,DAL,10-53,36-28,124,142,FALSE,Dallas Mavericks,36-28,NA,NA,NA,NA,NA,NA,NA,NA,NA,NA,Dallas Mavericks,36-28,Detroit Pistons,10-53,0.271,0.729,0.409,0.3374083129584351,0.6625916870415649,516,0,0,1,187,401585547279,279,2,8:19,1939,32.31666666666667,42,41,42,41,1,Cade Cunningham makes free throw 1 of 2,FALSE,0,0,FALSE,0,0,FALSE
nba,2024,401585545,2024-03-09,LA Clippers,Chicago Bulls,LAC,CHI,41-21,31-33,112,102,TRUE,LA Clippers,41-21,NA,NA,NA,NA,NA,NA,NA,NA,NA,NA,LA Clippers,41-21,Chicago Bulls,31-33,0.741,0.741,0.8220000000000001,0.78345498783455,0.21654501216544997,447,0,0,1,226,401585545329,329,3,11:14,1394,23.233333333333334,46,60,60,46,14,Ayo Dosunmu makes 22-foot three point jumper (Alex Caruso assists),FALSE,0,0,FALSE,0,0,FALSE
nba,2024,401585543,2024-03-08,Los Angeles Lakers,Milwaukee Bucks,LAL,MIL,35-30,41-23,123,122,TRUE,Los Angeles Lakers,35-30,NA,NA,NA,NA,NA,NA,NA,NA,NA,NA,Los Angeles Lakers,35-30,Milwaukee Bucks,41-23,0.518,0.518,0.943,0.9395546129374336,0.0604453870625663,434,0,0,1,408,401585543565,565,4,1:54,114,1.9,112,117,117,112,5,D'Angelo Russell shooting foul,FALSE,0,0,FALSE,0,0,FALSE
nba,2024,401585544,2024-03-08,Portland Trail Blazers,Houston Rockets,POR,HOU,17-45,28-35,107,123,FALSE,Houston Rockets,28-35,NA,NA,NA,NA,NA,NA,NA,NA,NA,NA,Houston Rockets,28-35,Portland Trail Blazers,17-45,0.294,0.706,0.798,0.7468671679197996,0.25313283208020043,476,0,0,1,209,401585544305,305,3,10:49,1369,22.816666666666663,70,58,70,58,12,Dalano Banton makes two point shot,FALSE,0,0,FALSE,0,0,FALSE
nba,2024,401585541,2024-03-08,Memphis Grizzlies,Atlanta Hawks,MEM,ATL,22-42,29-34,92,99,FALSE,Atlanta Hawks,29-34,NA,NA,NA,NA,NA,NA,NA,NA,NA,NA,Atlanta Hawks,29-34,Memphis Grizzlies,22-42,0.429,0.571,0.839,0.8081048867699643,0.19189511323003572,451,0,0,1,118,401585541167,167,2,10:09,2049,34.15,33,20,33,20,13,De'Andre Hunter shooting foul,FALSE,0,0,FALSE,0,0,FALSE
nba,2024,401585542,2024-03-08,Oklahoma City Thunder,Miami Heat,OKC,MIA,44-19,35-28,107,100,TRUE,Oklahoma City Thunder,44-19,NA,NA,NA,NA,NA,NA,NA,NA,NA,NA,Oklahoma City Thunder,44-19,Miami Heat,35-28,0.773,0.773,0.838,0.8066825775656323,0.19331742243436767,439,0,0,1,239,401585542347,347,3,9:31,1291,21.516666666666666,51,65,65,51,14,Duncan Robinson makes 27-foot three point jumper (Jimmy Butler assists),FALSE,0,0,FALSE,0,0,FALSE
nba,2024,401585539,2024-03-08,Cleveland Cavaliers,Minnesota Timberwolves,CLE,MIN,41-22,44-20,113,104,TRUE,Cleveland Cavaliers,41-22,NA,NA,NA,NA,NA,NA,NA,NA,NA,NA,Cleveland Cavaliers,41-22,Minnesota Timberwolves,44-20,0.531,0.531,0.928,0.9224137931034484,0.0775862068965516,520,0,0,1,455,401585539654,654,4,2.0,302,5.033333333333333,97,97,97,97,0,Isaac Okoro personal foul,FALSE,0,0,FALSE,0,0,FALSE
nba,2024,401585540,2024-03-08,New York Knicks,Orlando Magic,NY,ORL,37-26,37-27,98,74,TRUE,Orlando Magic,37-27,NA,NA,NA,NA,NA,NA,NA,NA,NA,NA,New York Knicks,37-26,Orlando Magic,37-27,0.486,0.514,0.514,0.05447470817120625,0.9455252918287936,410,0,0,3,1,4015855404,4,1,12:00,2880,48,0,0,0,0,0,Wendell Carter Jr. vs. Precious Achiuwa (Anthony Black gains possession),FALSE,0,0,FALSE,0,0,FALSE
nba,2024,401585537,2024-03-08,Philadelphia 76ers,New Orleans Pelicans,PHI,NO,35-28,38-25,95,103,FALSE,New Orleans Pelicans,38-25,NA,NA,NA,NA,NA,NA,NA,NA,NA,NA,New Orleans Pelicans,38-25,Philadelphia 76ers,35-28,0.35,0.65,0.407,0.14004914004914004,0.85995085995086,449,0,0,1,16,40158553725,25,1,10:08,2768,46.13333333333333,5,2,5,2,3,Kelly Oubre Jr. makes 22-foot three point shot (Kyle Lowry assists),FALSE,0,0,FALSE,0,0,FALSE
nba,2024,401585538,2024-03-08,Washington Wizards,Charlotte Hornets,WSH,CHA,10-53,15-48,112,100,TRUE,Washington Wizards,10-53,NA,NA,NA,NA,NA,NA,NA,NA,NA,NA,Washington Wizards,10-53,Charlotte Hornets,15-48,0.667,0.667,0.906,0.8962472406181017,0.10375275938189832,464,0,0,1,360,401585538506,506,4,10:51,651,10.85,68,78,78,68,10,Grant Williams offensive rebound,FALSE,0,0,FALSE,0,0,FALSE
nba,2024,401585534,2024-03-07,Denver Nuggets,Boston Celtics,DEN,BOS,43-20,48-14,115,109,TRUE,Boston Celtics,48-14,NA,NA,NA,NA,NA,NA,NA,NA,NA,NA,Denver Nuggets,43-20,Boston Celtics,48-14,0.295,0.7050000000000001,0.798,0.7468671679197996,0.25313283208020043,477,0,0,2,61,40158553494,94,1,4:01,2401,40.016666666666666,18,23,23,18,5,Derrick White defensive rebound,FALSE,0,0,FALSE,0,0,FALSE
nba,2024,401585535,2024-03-07,Golden State Warriors,Chicago Bulls,GS,CHI,33-29,31-32,122,125,FALSE,Golden State Warriors,33-29,NA,NA,NA,NA,NA,NA,NA,NA,NA,NA,Chicago Bulls,31-32,Golden State Warriors,33-29,0.729,0.729,0.902,0.8913525498891353,0.10864745011086474,497,0,0,1,103,401585535142,142,1,1:29,2249,37.483333333333334,31,18,31,18,13,Moses Moody makes two point shot,FALSE,0,0,FALSE,0,0,FALSE
nba,2024,401585536,2024-03-07,Sacramento Kings,San Antonio Spurs,SAC,SA,36-26,13-50,131,129,TRUE,Sacramento Kings,36-26,NA,NA,NA,NA,NA,NA,NA,NA,NA,NA,Sacramento Kings,36-26,San Antonio Spurs,13-50,0.772,0.772,0.918,0.9106753812636166,0.08932461873638342,473,0,0,1,456,401585536674,674,4,57.0,57,0.95,124,128,128,124,4,Malaki Branham makes free throw 1 of 2,FALSE,0,0,FALSE,0,0,FALSE
nba,2024,401585533,2024-03-07,Phoenix Suns,Toronto Raptors,PHX,TOR,37-26,23-40,120,113,TRUE,Phoenix Suns,37-26,NA,NA,NA,NA,NA,NA,NA,NA,NA,NA,Phoenix Suns,37-26,Toronto Raptors,23-40,0.8,0.8,0.28900000000000003,0.3079584775086508,0.6920415224913492,448,0,0,1,322,401585533456,456,3,2:22,862,14.366666666666667,83,79,79,83,-4,Royce O'Neale shooting foul,FALSE,0,0,FALSE,0,0,FALSE
nba,2024,401585532,2024-03-07,Dallas Mavericks,Miami Heat,DAL,MIA,35-28,35-27,114,108,TRUE,Dallas Mavericks,35-28,NA,NA,NA,NA,NA,NA,NA,NA,NA,NA,Dallas Mavericks,35-28,Miami Heat,35-27,0.628,0.628,0.763,0.689384010484928,0.31061598951507197,443,0,0,1,54,40158553284,84,1,4:51,2451,40.85,14,29,29,14,15,Duncan Robinson makes 25-foot three pointer (Jaime Jaquez Jr. assists),FALSE,0,0,FALSE,0,0,FALSE
nba,2024,401585530,2024-03-07,Detroit Pistons,Brooklyn Nets,DET,BKN,10-52,25-38,118,112,TRUE,Detroit Pistons,10-52,NA,NA,NA,NA,NA,NA,NA,NA,NA,NA,Detroit Pistons,10-52,Brooklyn Nets,25-38,0.541,0.541,0.722,0.6149584487534625,0.3850415512465375,447,0,0,1,213,401585530317,317,3,9:43,1303,21.716666666666665,58,64,64,58,6,Nic Claxton defensive rebound,FALSE,0,0,FALSE,0,0,FALSE
nba,2024,401585531,2024-03-07,Indiana Pacers,Minnesota Timberwolves,IND,MIN,35-29,44-19,111,113,FALSE,Minnesota Timberwolves,44-19,NA,NA,NA,NA,NA,NA,NA,NA,NA,NA,Minnesota Timberwolves,44-19,Indiana Pacers,35-29,0.431,0.569,0.606,0.34983498349834985,0.6501650165016502,484,0,0,1,352,401585531512,512,3,26.1,746.1,12.435,83,81,83,81,2,Obi Toppin defensive rebound,FALSE,0,0,FALSE,0,0,FALSE
nba,2024,401585529,2024-03-06,Los Angeles Lakers,Sacramento Kings,LAL,SAC,34-30,35-26,120,130,FALSE,Los Angeles Lakers,34-30,NA,NA,NA,NA,NA,NA,NA,NA,NA,NA,Sacramento Kings,35-26,Los Angeles Lakers,34-30,0.539,0.539,0.922,0.915401301518438,0.08459869848156187,455,0,0,1,96,401585529145,145,1,1:32,2252,37.53333333333333,37,18,37,18,19,"D'Angelo Russell defensive 3-seconds (technical foul)
",FALSE,0,0,FALSE,0,0,FALSE
nba,2024,401585527,2024-03-06,Golden State Warriors,Milwaukee Bucks,GS,MIL,33-28,41-22,125,90,TRUE,Golden State Warriors,33-28,NA,NA,NA,NA,NA,NA,NA,NA,NA,NA,Golden State Warriors,33-28,Milwaukee Bucks,41-22,0.581,0.581,0.569,0.2636203866432336,0.7363796133567664,435,0,0,1,13,40158552722,22,1,11:00,2820,47,0,5,5,0,5,Giannis Antetokounmpo makes free throw 1 of 2,FALSE,0,0,FALSE,0,0,FALSE
nba,2024,401585528,2024-03-06,Portland Trail Blazers,Oklahoma City Thunder,POR,OKC,17-44,43-19,120,128,FALSE,Oklahoma City Thunder,43-19,NA,NA,NA,NA,NA,NA,NA,NA,NA,NA,Oklahoma City Thunder,43-19,Portland Trail Blazers,17-44,0.121,0.879,0.304,0.6019736842105263,0.3980263157894737,460,0,0,1,316,401585528463,463,3,1:26,806,13.433333333333334,86,88,86,88,-2,Dalano Banton defensive rebound,FALSE,0,0,FALSE,0,0,FALSE
nba,2024,401585526,2024-03-06,Utah Jazz,Chicago Bulls,UTAH,CHI,28-35,30-32,117,119,FALSE,Utah Jazz,28-35,NA,NA,NA,NA,NA,NA,NA,NA,NA,NA,Chicago Bulls,30-32,Utah Jazz,28-35,0.502,0.502,0.641,0.43993759750390016,0.5600624024960998,437,0,0,1,396,401585526566,566,4,1:59,119,1.9833333333333336,114,112,114,112,2,Collin Sexton makes 25-foot three point jumper (Jordan Clarkson assists),FALSE,0,0,FALSE,0,0,FALSE
nba,2024,401585523,2024-03-06,Atlanta Hawks,Cleveland Cavaliers,ATL,CLE,28-34,40-22,112,101,TRUE,Cleveland Cavaliers,40-22,NA,NA,NA,NA,NA,NA,NA,NA,NA,NA,Atlanta Hawks,28-34,Cleveland Cavaliers,40-22,0.395,0.605,0.669,0.5052316890881914,0.4947683109118086,437,0,0,2,73,401585523109,109,1,2:51,2331,38.85,20,24,24,20,4,Craig Porter makes driving layup,FALSE,0,0,FALSE,0,0,FALSE
nba,2024,401585524,2024-03-06,Philadelphia 76ers,Memphis Grizzlies,PHI,MEM,35-27,22-41,109,115,FALSE,Philadelphia 76ers,35-27,NA,NA,NA,NA,NA,NA,NA,NA,NA,NA,Memphis Grizzlies,22-41,Philadelphia 76ers,35-27,0.758,0.758,0.959,0.957247132429614,0.04275286757038588,502,0,0,1,302,401585524435,435,3,4:09,969,16.15,87,72,87,72,15,Kelly Oubre Jr. makes driving layup,FALSE,0,0,FALSE,0,0,FALSE
nba,2024,401585525,2024-03-06,Houston Rockets,LA Clippers,HOU,LAC,27-35,40-21,116,122,FALSE,LA Clippers,40-21,NA,NA,NA,NA,NA,NA,NA,NA,NA,NA,LA Clippers,40-21,Houston Rockets,27-35,0.286,0.714,0.9,0.8888888888888888,0.11111111111111116,440,0,0,2,175,401585525244,244,2,5:18,1758,29.3,50,30,50,30,20,Fred VanVleet makes 28-foot three pointer,FALSE,0,0,FALSE,0,0,FALSE
nba,2024,401585522,2024-03-06,Washington Wizards,Orlando Magic,WSH,ORL,9-53,37-26,109,119,FALSE,Orlando Magic,37-26,NA,NA,NA,NA,NA,NA,NA,NA,NA,NA,Orlando Magic,37-26,Washington Wizards,9-53,0.312,0.688,0.916,0.9082969432314412,0.09170305676855885,439,0,0,1,167,401585522242,242,2,4:04,1684,28.066666666666663,57,38,57,38,19,Eugene Omoruyi offensive rebound,FALSE,0,0,FALSE,0,0,FALSE
nba,2024,401585521,2024-03-05,Denver Nuggets,Phoenix Suns,DEN,PHX,42-20,36-26,107,117,FALSE,Denver Nuggets,42-20,NA,NA,NA,NA,NA,NA,NA,NA,NA,NA,Phoenix Suns,36-26,Denver Nuggets,42-20,0.719,0.719,0.892,0.8789237668161436,0.1210762331838564,479,0,0,1,449,401585521643,643,4,4.0,304,5.066666666666666,102,102,102,102,0,Bradley Beal personal foul,FALSE,0,0,FALSE,0,0,FALSE
nba,2024,401585520,2024-03-05,Dallas Mavericks,Indiana Pacers,DAL,IND,34-28,35-28,120,137,FALSE,Dallas Mavericks,34-28,NA,NA,NA,NA,NA,NA,NA,NA,NA,NA,Indiana Pacers,35-28,Dallas Mavericks,34-28,0.64,0.64,0.746,0.6595174262734584,0.34048257372654156,477,0,0,2,25,40158552039,39,1,8:15,2655,44.25,15,9,15,9,6,Kyrie Irving makes two point shot (Luka Doncic assists),FALSE,0,0,FALSE,0,0,FALSE
nba,2024,401585519,2024-03-05,Houston Rockets,San Antonio Spurs,HOU,SA,27-34,13-49,114,101,TRUE,Houston Rockets,27-34,NA,NA,NA,NA,NA,NA,NA,NA,NA,NA,Houston Rockets,27-34,San Antonio Spurs,13-49,0.706,0.706,0.637,0.5384615384615383,0.4615384615384617,453,0,0,1,222,401585519320,320,2,1.1,1441.1,24.01833333333333,47,52,52,47,5,Jabari Smith Jr. loose ball foul,FALSE,0,0,FALSE,0,0,FALSE
nba,2024,401585514,2024-03-05,Cleveland Cavaliers,Boston Celtics,CLE,BOS,40-21,48-13,105,104,TRUE,Boston Celtics,48-13,NA,NA,NA,NA,NA,NA,NA,NA,NA,NA,Cleveland Cavaliers,40-21,Boston Celtics,48-13,0.222,0.778,0.999,0.9989989989989988,0.00100100100100108,430,0,0,2,355,401585514507,507,4,9:01,541,9.016666666666667,71,91,91,71,20,Jayson Tatum offensive rebound,FALSE,0,0,FALSE,0,0,FALSE
nba,2024,401585515,2024-03-05,Brooklyn Nets,Philadelphia 76ers,BKN,PHI,25-37,35-26,112,107,TRUE,Philadelphia 76ers,35-26,NA,NA,NA,NA,NA,NA,NA,NA,NA,NA,Brooklyn Nets,25-37,Philadelphia 76ers,35-26,0.448,0.552,0.882,0.8662131519274376,0.13378684807256236,471,0,0,1,139,401585515201,201,2,9:32,2012,33.53333333333333,24,38,38,24,14,Dennis Smith Jr. out of bounds bad pass turnover,FALSE,0,0,FALSE,0,0,FALSE
nba,2024,401585516,2024-03-05,Miami Heat,Detroit Pistons,MIA,DET,35-26,9-52,118,110,TRUE,Miami Heat,35-26,NA,NA,NA,NA,NA,NA,NA,NA,NA,NA,Miami Heat,35-26,Detroit Pistons,9-52,0.809,0.809,0.471,0.59447983014862,0.4055201698513799,432,0,0,1,227,401585516319,319,3,9:40,1300,21.666666666666668,65,69,69,65,4,Jalen Duren makes 4-foot dunk (Cade Cunningham assists),FALSE,0,0,FALSE,0,0,FALSE
nba,2024,401585517,2024-03-05,New York Knicks,Atlanta Hawks,NY,ATL,36-26,27-34,100,116,FALSE,New York Knicks,36-26,NA,NA,NA,NA,NA,NA,NA,NA,NA,NA,Atlanta Hawks,27-34,New York Knicks,36-26,0.666,0.666,0.682,0.5337243401759533,0.46627565982404673,454,0,0,1,8,40158551717,17,1,11:30,2850,47.5,0,0,0,0,0,Knicks defensive team rebound,FALSE,0,0,FALSE,0,0,FALSE
nba,2024,401585518,2024-03-05,Toronto Raptors,New Orleans Pelicans,TOR,NO,23-39,37-25,98,139,FALSE,New Orleans Pelicans,37-25,NA,NA,NA,NA,NA,NA,NA,NA,NA,NA,New Orleans Pelicans,37-25,Toronto Raptors,23-39,0.241,0.759,0.374,0.35561497326203206,0.6443850267379679,477,0,0,4,35,40158551856,56,1,6:53,2573,42.88333333333333,19,14,19,14,5,RJ Barrett makes two point shot (Kelly Olynyk assists),FALSE,0,0,FALSE,0,0,FALSE
nba,2024,401585513,2024-03-05,Charlotte Hornets,Orlando Magic,CHA,ORL,15-47,36-26,89,101,FALSE,Orlando Magic,36-26,NA,NA,NA,NA,NA,NA,NA,NA,NA,NA,Orlando Magic,36-26,Charlotte Hornets,15-47,0.183,0.817,0.471,0.6114649681528661,0.3885350318471339,396,0,0,1,224,401585513330,330,3,8:34,1234,20.566666666666663,53,50,53,50,3,Tre Mann defensive rebound,FALSE,0,0,FALSE,0,0,FALSE
nba,2024,401585512,2024-03-04,Los Angeles Lakers,Oklahoma City Thunder,LAL,OKC,34-29,42-19,116,104,TRUE,Oklahoma City Thunder,42-19,NA,NA,NA,NA,NA,NA,NA,NA,NA,NA,Los Angeles Lakers,34-29,Oklahoma City Thunder,42-19,0.386,0.614,0.837,0.8052568697729987,0.1947431302270013,468,0,0,10,54,40158551277,77,1,5:57,2517,41.95,6,18,18,6,12,Josh Giddey makes two point shot,FALSE,0,0,FALSE,0,0,FALSE
nba,2024,401585511,2024-03-04,Sacramento Kings,Chicago Bulls,SAC,CHI,34-26,29-32,109,113,FALSE,Sacramento Kings,34-26,NA,NA,NA,NA,NA,NA,NA,NA,NA,NA,Chicago Bulls,29-32,Sacramento Kings,34-26,0.655,0.655,0.993,0.9929506545820744,0.00704934541792545,470,0,0,1,305,401585511450,450,3,2:46,886,14.766666666666667,91,70,91,70,21,Alex Len blocks Andre Drummond 's 6-foot driving layup,FALSE,0,0,FALSE,0,0,FALSE
nba,2024,401585510,2024-03-04,Utah Jazz,Washington Wizards,UTAH,WSH,28-34,9-52,127,115,TRUE,Utah Jazz,28-34,NA,NA,NA,NA,NA,NA,NA,NA,NA,NA,Utah Jazz,28-34,Washington Wizards,9-52,0.716,0.716,0.841,0.8109393579072532,0.18906064209274676,469,0,0,1,318,401585510458,458,3,3:01,901,15.016666666666667,91,101,101,91,10,Jordan Clarkson misses 7-foot two point shot,FALSE,0,0,FALSE,0,0,FALSE
nba,2024,401585508,2024-03-04,Milwaukee Bucks,LA Clippers,MIL,LAC,41-21,39-21,113,106,TRUE,LA Clippers,39-21,NA,NA,NA,NA,NA,NA,NA,NA,NA,NA,Milwaukee Bucks,41-21,LA Clippers,39-21,0.476,0.524,0.943,0.9395546129374336,0.0604453870625663,448,0,0,3,231,401585508331,331,3,7:39,1179,19.65,54,68,68,54,14,Malik Beasley shooting foul,FALSE,0,0,FALSE,0,0,FALSE
nba,2024,401585509,2024-03-04,Minnesota Timberwolves,Portland Trail Blazers,MIN,POR,43-19,17-43,119,114,TRUE,Minnesota Timberwolves,43-19,NA,NA,NA,NA,NA,NA,NA,NA,NA,NA,Minnesota Timberwolves,43-19,Portland Trail Blazers,17-43,0.924,0.924,0.29500000000000004,0.7423728813559324,0.2576271186440676,456,0,0,1,320,401585509467,467,3,1:25,805,13.416666666666666,83,80,80,83,-3,Kyle Anderson personal foul,FALSE,0,0,FALSE,0,0,FALSE
nba,2024,401585507,2024-03-04,Brooklyn Nets,Memphis Grizzlies,BKN,MEM,24-37,21-41,102,106,FALSE,Brooklyn Nets,24-37,NA,NA,NA,NA,NA,NA,NA,NA,NA,NA,Memphis Grizzlies,21-41,Brooklyn Nets,24-37,0.816,0.816,0.879,0.8623435722411832,0.1376564277588168,480,0,0,1,71,401585507104,104,1,3:35,2375,39.583333333333336,24,19,24,19,5,Jake LaRavia personal foul,FALSE,0,0,FALSE,0,0,FALSE
nba,2024,401585506,2024-03-03,Phoenix Suns,Oklahoma City Thunder,PHX,OKC,35-26,42-18,110,118,FALSE,Oklahoma City Thunder,42-18,NA,NA,NA,NA,NA,NA,NA,NA,NA,NA,Oklahoma City Thunder,42-18,Phoenix Suns,35-26,0.35,0.65,0.77,0.7012987012987013,0.2987012987012987,481,0,0,1,406,401585506587,587,4,7:43,463,7.716666666666667,101,96,101,96,5,Jusuf Nurkic defensive rebound,FALSE,0,0,FALSE,0,0,FALSE
nba,2024,401585504,2024-03-03,Cleveland Cavaliers,New York Knicks,CLE,NY,39-21,36-25,98,107,FALSE,Cleveland Cavaliers,39-21,NA,NA,NA,NA,NA,NA,NA,NA,NA,NA,New York Knicks,36-25,Cleveland Cavaliers,39-21,0.685,0.685,0.757,0.678996036988111,0.32100396301188905,400,0,0,1,43,40158550466,66,1,6:25,2545,42.416666666666664,12,7,12,7,5,Darius Garland makes 12-foot pullup jump shot (Evan Mobley assists),FALSE,0,0,FALSE,0,0,FALSE
nba,2024,401585505,2024-03-03,San Antonio Spurs,Indiana Pacers,SA,IND,13-48,34-28,117,105,TRUE,Indiana Pacers,34-28,NA,NA,NA,NA,NA,NA,NA,NA,NA,NA,San Antonio Spurs,13-48,Indiana Pacers,34-28,0.334,0.6659999999999999,0.6779999999999999,0.5250737463126842,0.4749262536873158,454,0,0,1,2,4015855057,7,1,11:45,2865,47.75,0,0,0,0,0,Devin Vassell misses 26-foot three point pullup jump shot,FALSE,0,0,FALSE,0,0,FALSE
nba,2024,401585502,2024-03-03,Orlando Magic,Detroit Pistons,ORL,DET,35-26,9-51,113,91,TRUE,Orlando Magic,35-26,NA,NA,NA,NA,NA,NA,NA,NA,NA,NA,Orlando Magic,35-26,Detroit Pistons,9-51,0.799,0.799,0.31999999999999995,0.37187500000000007,0.6281249999999999,424,0,0,1,92,401585502141,141,1,1:35,2255,37.583333333333336,25,27,27,25,2,Isaiah Stewart defensive rebound,FALSE,0,0,FALSE,0,0,FALSE
nba,2024,401585503,2024-03-03,Toronto Raptors,Charlotte Hornets,TOR,CHA,23-38,15-46,111,106,TRUE,Toronto Raptors,23-38,NA,NA,NA,NA,NA,NA,NA,NA,NA,NA,Toronto Raptors,23-38,Charlotte Hornets,15-46,0.799,0.799,0.529,0.620037807183365,0.379962192816635,463,0,0,1,435,401585503616,616,4,1:06,66,1.1,102,103,103,102,1,Davis Bertans makes 25-foot three point shot (Brandon Miller assists),FALSE,0,0,FALSE,0,0,FALSE
nba,2024,401585500,2024-03-03,Boston Celtics,Golden State Warriors,BOS,GS,48-12,32-28,140,88,TRUE,Boston Celtics,48-12,NA,NA,NA,NA,NA,NA,NA,NA,NA,NA,Boston Celtics,48-12,Golden State Warriors,32-28,0.822,0.822,0.22099999999999995,0.194570135746606,0.805429864253394,436,0,0,1,18,40158550029,29,1,9:38,2738,45.63333333333333,8,10,10,8,2,Moses Moody makes 1-foot dunk (Stephen Curry assists),FALSE,0,0,FALSE,0,0,FALSE
nba,2024,401585501,2024-03-03,Minnesota Timberwolves,LA Clippers,MIN,LAC,42-19,39-20,88,89,FALSE,Minnesota Timberwolves,42-19,NA,NA,NA,NA,NA,NA,NA,NA,NA,NA,LA Clippers,39-20,Minnesota Timberwolves,42-19,0.635,0.635,0.912,0.9035087719298248,0.0964912280701753,423,0,0,1,51,40158550172,72,1,4:51,2451,40.85,23,7,23,7,16,Karl-Anthony Towns defensive rebound,FALSE,0,0,FALSE,0,0,FALSE
nba,2024,401585499,2024-03-03,Dallas Mavericks,Philadelphia 76ers,DAL,PHI,34-27,35-25,116,120,FALSE,Dallas Mavericks,34-27,NA,NA,NA,NA,NA,NA,NA,NA,NA,NA,Philadelphia 76ers,35-25,Dallas Mavericks,34-27,0.724,0.724,0.898,0.8864142538975501,0.11358574610244988,472,0,0,1,15,40158549924,24,1,9:21,2721,45.35,11,0,11,0,11,Josh Green defensive rebound,FALSE,0,0,FALSE,0,0,FALSE
nba,2024,401585498,2024-03-02,Phoenix Suns,Houston Rockets,PHX,HOU,35-25,26-34,109,118,FALSE,Phoenix Suns,35-25,NA,NA,NA,NA,NA,NA,NA,NA,NA,NA,Houston Rockets,26-34,Phoenix Suns,35-25,0.752,0.752,0.78,0.7179487179487181,0.28205128205128194,522,0,0,1,13,40158549821,21,1,10:13,2773,46.21666666666667,4,2,4,2,2,Devin Booker makes 11-foot two point shot,FALSE,0,0,FALSE,0,0,FALSE
nba,2024,401585497,2024-03-02,Los Angeles Lakers,Denver Nuggets,LAL,DEN,33-29,42-19,114,124,FALSE,Los Angeles Lakers,33-29,NA,NA,NA,NA,NA,NA,NA,NA,NA,NA,Denver Nuggets,42-19,Los Angeles Lakers,33-29,0.501,0.501,0.83,0.7951807228915662,0.20481927710843384,388,0,0,1,173,401585497263,263,2,2:55,1615,26.916666666666668,58,47,58,47,11,Christian Braun misses two point shot,FALSE,0,0,FALSE,0,0,FALSE
nba,2024,401585496,2024-03-02,Memphis Grizzlies,Portland Trail Blazers,MEM,POR,20-41,17-42,100,107,FALSE,Memphis Grizzlies,20-41,NA,NA,NA,NA,NA,NA,NA,NA,NA,NA,Portland Trail Blazers,17-42,Memphis Grizzlies,20-41,0.534,0.534,0.992,0.9919354838709676,0.00806451612903225,522,0,0,1,370,401585496528,528,4,9:29,869,14.483333333333333,81,63,81,63,18,Luke Kennard makes 27-foot three pointer,FALSE,0,0,FALSE,0,0,FALSE
nba,2024,401585495,2024-03-02,Miami Heat,Utah Jazz,MIA,UTAH,34-26,27-34,126,120,TRUE,Miami Heat,34-26,NA,NA,NA,NA,NA,NA,NA,NA,NA,NA,Miami Heat,34-26,Utah Jazz,27-34,0.727,0.727,0.79,0.7341772151898736,0.26582278481012644,443,0,0,1,231,401585495337,337,3,10:02,1322,22.033333333333335,58,69,69,58,11,Taylor Hendricks blocks Jimmy Butler 's 4-foot driving layup,FALSE,0,0,FALSE,0,0,FALSE
nba,2024,401585494,2024-03-02,Brooklyn Nets,Atlanta Hawks,BKN,ATL,24-36,26-34,114,102,TRUE,Brooklyn Nets,24-36,NA,NA,NA,NA,NA,NA,NA,NA,NA,NA,Brooklyn Nets,24-36,Atlanta Hawks,26-34,0.597,0.597,0.768,0.6979166666666667,0.30208333333333326,478,0,0,1,102,401585494142,142,1,1:47,2267,37.78333333333333,15,28,28,15,13,Bruno Fernando makes 1-foot dunk (Dejounte Murray assists),FALSE,0,0,FALSE,0,0,FALSE
nba,2024,401585493,2024-03-01,LA Clippers,Washington Wizards,LAC,WSH,38-20,9-51,140,115,TRUE,LA Clippers,38-20,NA,NA,NA,NA,NA,NA,NA,NA,NA,NA,LA Clippers,38-20,Washington Wizards,9-51,0.917,0.917,0.17900000000000005,0.5363128491620115,0.4636871508379885,457,0,0,1,22,40158549336,36,1,8:54,2694,44.9,4,10,10,4,6,Landry Shamet defensive rebound,FALSE,0,0,FALSE,0,0,FALSE
nba,2024,401585492,2024-03-01,Chicago Bulls,Milwaukee Bucks,CHI,MIL,28-32,40-21,97,113,FALSE,Chicago Bulls,28-32,NA,NA,NA,NA,NA,NA,NA,NA,NA,NA,Milwaukee Bucks,40-21,Chicago Bulls,28-32,0.51,0.51,0.51,0.03921568627450989,0.96078431372549,463,0,0,1,1,4015854924,4,1,12:00,2880,48,0,0,0,0,0,Brook Lopez vs. Nikola Vucevic (Damian Lillard gains possession),FALSE,0,0,FALSE,0,0,FALSE
nba,2024,401585489,2024-03-01,Memphis Grizzlies,Portland Trail Blazers,MEM,POR,20-40,16-42,92,122,FALSE,Memphis Grizzlies,20-40,NA,NA,NA,NA,NA,NA,NA,NA,NA,NA,Portland Trail Blazers,16-42,Memphis Grizzlies,20-40,0.575,0.575,0.679,0.5272459499263624,0.4727540500736376,451,0,0,1,114,401585489169,169,1,0.0,2160,36,21,17,21,17,4,Jordan Goodwin blocks Anfernee Simons 's 30-foot three point pullup jump shot,FALSE,0,0,FALSE,0,0,FALSE
nba,2024,401585490,2024-03-01,Minnesota Timberwolves,Sacramento Kings,MIN,SAC,42-18,34-25,120,124,FALSE,Minnesota Timberwolves,42-18,NA,NA,NA,NA,NA,NA,NA,NA,NA,NA,Sacramento Kings,34-25,Minnesota Timberwolves,42-18,0.769,0.769,0.798,0.7468671679197996,0.25313283208020043,511,0,0,1,3,4015854909,9,1,11:15,3135,52.25,2,0,2,0,2,Keegan Murray misses driving layup,FALSE,0,0,FALSE,0,0,FALSE
nba,2024,401585491,2024-03-01,New Orleans Pelicans,Indiana Pacers,NO,IND,36-25,34-27,129,102,TRUE,New Orleans Pelicans,36-25,NA,NA,NA,NA,NA,NA,NA,NA,NA,NA,New Orleans Pelicans,36-25,Indiana Pacers,34-27,0.636,0.636,0.4449999999999999,0.18202247191011223,0.8179775280898878,485,0,0,2,5,40158549113,13,1,10:56,2816,46.93333333333333,2,5,5,2,3,Jonas Valanciunas offensive foul,FALSE,0,0,FALSE,0,0,FALSE
nba,2024,401585487,2024-03-01,Boston Celtics,Dallas Mavericks,BOS,DAL,47-12,34-26,138,110,TRUE,Boston Celtics,47-12,NA,NA,NA,NA,NA,NA,NA,NA,NA,NA,Boston Celtics,47-12,Dallas Mavericks,34-26,0.778,0.778,0.32699999999999996,0.3211009174311926,0.6788990825688074,436,0,0,1,267,401585487371,371,3,5:45,1065,17.75,81,79,79,81,-2,Luka Doncic defensive rebound,FALSE,0,0,FALSE,0,0,FALSE
nba,2024,401585488,2024-03-01,Toronto Raptors,Golden State Warriors,TOR,GS,22-38,32-27,105,120,FALSE,Golden State Warriors,32-27,NA,NA,NA,NA,NA,NA,NA,NA,NA,NA,Golden State Warriors,32-27,Toronto Raptors,22-38,0.433,0.567,0.678,0.5250737463126844,0.4749262536873155,496,0,0,1,151,401585488216,216,2,7:26,1886,31.433333333333337,43,35,43,35,8,Gradey Dick makes 27-foot three point shot (Bruce Brown assists),FALSE,0,0,FALSE,0,0,FALSE
nba,2024,401585485,2024-03-01,Detroit Pistons,Cleveland Cavaliers,DET,CLE,9-50,39-20,100,110,FALSE,Cleveland Cavaliers,39-20,NA,NA,NA,NA,NA,NA,NA,NA,NA,NA,Cleveland Cavaliers,39-20,Detroit Pistons,9-50,0.29,0.71,0.327,0.11314984709480114,0.8868501529051989,487,0,0,1,57,40158548584,84,1,5:52,2512,41.86666666666667,13,14,13,14,-1,Dean Wade shooting foul,FALSE,0,0,FALSE,0,0,FALSE
nba,2024,401585486,2024-03-01,Philadelphia 76ers,Charlotte Hornets,PHI,CHA,34-25,15-45,121,114,TRUE,Philadelphia 76ers,34-25,NA,NA,NA,NA,NA,NA,NA,NA,NA,NA,Philadelphia 76ers,34-25,Charlotte Hornets,15-45,0.901,0.901,0.5529999999999999,0.8209764918625678,0.17902350813743215,423,0,0,1,145,401585486225,225,2,6:44,1844,30.733333333333334,38,49,49,38,11,Cody Martin makes free throw 1 of 2,FALSE,0,0,FALSE,0,0,FALSE
nba,2024,401585484,2024-02-29,Los Angeles Lakers,Washington Wizards,LAL,WSH,33-28,9-50,134,131,TRUE,Los Angeles Lakers,33-28,NA,NA,NA,NA,NA,NA,NA,NA,NA,NA,Los Angeles Lakers,33-28,Washington Wizards,9-50,0.768,0.768,0.879,0.8623435722411832,0.1376564277588168,493,0,0,1,442,401585484640,640,4,4.1,304.1,5.068333333333333,126,126,126,126,0,Austin Reaves personal foul,FALSE,0,0,FALSE,0,0,FALSE
nba,2024,401585483,2024-02-29,Denver Nuggets,Miami Heat,DEN,MIA,41-19,33-26,103,97,TRUE,Denver Nuggets,41-19,NA,NA,NA,NA,NA,NA,NA,NA,NA,NA,Denver Nuggets,41-19,Miami Heat,33-26,0.645,0.645,0.387,0.08268733850129206,0.917312661498708,466,0,0,1,276,401585483406,406,3,7:39,1179,19.65,63,61,61,63,-2,Nikola Jovic defensive rebound,FALSE,0,0,FALSE,0,0,FALSE
nba,2024,401585482,2024-02-29,Phoenix Suns,Houston Rockets,PHX,HOU,35-24,25-34,110,105,TRUE,Phoenix Suns,35-24,NA,NA,NA,NA,NA,NA,NA,NA,NA,NA,Phoenix Suns,35-24,Houston Rockets,25-34,0.759,0.759,0.264,0.08712121212121215,0.9128787878787878,544,0,0,1,11,40158548217,17,1,10:28,2788,46.46666666666667,2,3,3,2,1,Jalen Green makes 24-foot three point shot (Fred VanVleet assists),FALSE,0,0,FALSE,0,0,FALSE
nba,2024,401585481,2024-02-29,San Antonio Spurs,Oklahoma City Thunder,SA,OKC,12-48,41-18,132,118,TRUE,Oklahoma City Thunder,41-18,NA,NA,NA,NA,NA,NA,NA,NA,NA,NA,San Antonio Spurs,12-48,Oklahoma City Thunder,41-18,0.166,0.834,0.884,0.8687782805429864,0.13122171945701355,455,0,0,1,80,401585481121,121,1,3:38,2378,39.63333333333333,24,31,31,24,7,Shai Gilgeous-Alexander makes 23-foot three point jumper (Cason Wallace assists),FALSE,0,0,FALSE,0,0,FALSE
nba,2024,401585479,2024-02-29,Brooklyn Nets,Atlanta Hawks,BKN,ATL,23-36,26-33,124,97,TRUE,Brooklyn Nets,23-36,NA,NA,NA,NA,NA,NA,NA,NA,NA,NA,Brooklyn Nets,23-36,Atlanta Hawks,26-33,0.539,0.539,0.461,1.1102230246251563e-16,1,437,0,0,1,1,4015854794,4,1,12:00,2880,48,0,0,0,0,0,Clint Capela vs. Nic Claxton (Dennis Schroder gains possession),FALSE,0,0,FALSE,0,0,FALSE
nba,2024,401585480,2024-02-29,New York Knicks,Golden State Warriors,NY,GS,35-25,31-27,99,110,FALSE,Golden State Warriors,31-27,NA,NA,NA,NA,NA,NA,NA,NA,NA,NA,Golden State Warriors,31-27,New York Knicks,35-25,0.452,0.548,0.452,1.1102230246251563e-16,1,497,0,0,1,1,4015854804,4,1,12:00,2880,48,0,0,0,0,0,Draymond Green vs. Precious Achiuwa (Jonathan Kuminga gains possession),FALSE,0,0,FALSE,0,0,FALSE
nba,2024,401585477,2024-02-29,Charlotte Hornets,Milwaukee Bucks,CHA,MIL,15-44,39-21,99,111,FALSE,Milwaukee Bucks,39-21,NA,NA,NA,NA,NA,NA,NA,NA,NA,NA,Milwaukee Bucks,39-21,Charlotte Hornets,15-44,0.128,0.872,0.128,0,1,437,0,0,1,1,4015854774,4,1,12:00,2880,48,0,0,0,0,0,Brook Lopez vs. Nick Richards (Miles Bridges gains possession),FALSE,0,0,FALSE,0,0,FALSE
nba,2024,401585478,2024-02-29,Orlando Magic,Utah Jazz,ORL,UTAH,34-26,27-33,115,107,TRUE,Orlando Magic,34-26,NA,NA,NA,NA,NA,NA,NA,NA,NA,NA,Orlando Magic,34-26,Utah Jazz,27-33,0.716,0.716,0.567,0.4991181657848324,0.5008818342151676,439,0,0,1,270,401585478392,392,3,5:14,1034,17.233333333333334,67,71,71,67,4,Lauri Markkanen personal foul,FALSE,0,0,FALSE,0,0,FALSE
nba,2024,401585476,2024-02-28,LA Clippers,Los Angeles Lakers,LAC,LAL,37-20,32-28,112,116,FALSE,LA Clippers,37-20,NA,NA,NA,NA,NA,NA,NA,NA,NA,NA,Los Angeles Lakers,32-28,LA Clippers,37-20,0.677,0.677,0.995,0.9949748743718594,0.00502512562814061,426,0,0,1,330,401585476487,487,4,11:45,705,11.75,98,77,98,77,21,Mason Plumlee makes two point shot,FALSE,0,0,FALSE,0,0,FALSE
nba,2024,401585475,2024-02-28,Denver Nuggets,Sacramento Kings,DEN,SAC,40-19,33-25,117,96,TRUE,Denver Nuggets,40-19,NA,NA,NA,NA,NA,NA,NA,NA,NA,NA,Denver Nuggets,40-19,Sacramento Kings,33-25,0.732,0.732,0.804,0.7562189054726369,0.24378109452736307,445,0,0,3,153,401585475222,222,2,7:42,1902,31.7,32,47,47,32,15,Domantas Sabonis kicked ball violation,FALSE,0,0,FALSE,0,0,FALSE
nba,2024,401585473,2024-02-28,Minnesota Timberwolves,Memphis Grizzlies,MIN,MEM,42-17,20-39,110,101,TRUE,Minnesota Timberwolves,42-17,NA,NA,NA,NA,NA,NA,NA,NA,NA,NA,Minnesota Timberwolves,42-17,Memphis Grizzlies,20-39,0.856,0.856,0.783,0.8160919540229885,0.1839080459770115,455,0,0,1,288,401585473423,423,3,4:31,991,16.516666666666666,67,78,78,67,11,Jaren Jackson Jr. makes 4-foot driving floating jump shot,FALSE,0,0,FALSE,0,0,FALSE
nba,2024,401585474,2024-02-28,Chicago Bulls,Cleveland Cavaliers,CHI,CLE,28-31,38-20,132,123,TRUE,Cleveland Cavaliers,38-20,NA,NA,NA,NA,NA,NA,NA,NA,NA,NA,Chicago Bulls,28-31,Cleveland Cavaliers,38-20,0.259,0.741,0.963,0.9615784008307372,0.03842159916926269,598,0,0,1,411,401585474597,597,4,6:20,980,16.333333333333332,84,94,94,84,10,Onuralp Bitim bad pass (Caris LeVert steals),FALSE,0,0,FALSE,0,0,FALSE
nba,2024,401585471,2024-02-28,Indiana Pacers,New Orleans Pelicans,IND,NO,34-26,35-25,123,114,TRUE,Indiana Pacers,34-26,NA,NA,NA,NA,NA,NA,NA,NA,NA,NA,Indiana Pacers,34-26,New Orleans Pelicans,35-25,0.642,0.642,0.358,0,1,459,0,0,1,1,4015854714,4,1,12:00,2880,48,0,0,0,0,0,Jonas Valanciunas vs. Myles Turner (CJ McCollum gains possession),FALSE,0,0,FALSE,0,0,FALSE
nba,2024,401585472,2024-02-28,Toronto Raptors,Dallas Mavericks,TOR,DAL,22-37,34-25,125,136,FALSE,Dallas Mavericks,34-25,NA,NA,NA,NA,NA,NA,NA,NA,NA,NA,Dallas Mavericks,34-25,Toronto Raptors,22-37,0.413,0.587,0.64,0.4375,0.5625,496,0,0,1,63,40158547295,95,1,4:21,2421,40.35,25,18,25,18,7,Luka Doncic bad pass (Jakob Poeltl steals),FALSE,0,0,FALSE,0,0,FALSE
nba,2024,401585469,2024-02-27,Oklahoma City Thunder,Houston Rockets,OKC,HOU,41-17,25-33,112,95,TRUE,Oklahoma City Thunder,41-17,NA,NA,NA,NA,NA,NA,NA,NA,NA,NA,Oklahoma City Thunder,41-17,Houston Rockets,25-33,0.825,0.825,0.417,0.580335731414868,0.4196642685851319,497,0,0,1,177,401585469255,255,2,6:28,1828,30.466666666666665,39,44,44,39,5,Jalen Williams misses 16-foot step back jumpshot,FALSE,0,0,FALSE,0,0,FALSE
nba,2024,401585470,2024-02-27,Portland Trail Blazers,Miami Heat,POR,MIA,15-42,33-25,96,106,FALSE,Miami Heat,33-25,NA,NA,NA,NA,NA,NA,NA,NA,NA,NA,Miami Heat,33-25,Portland Trail Blazers,15-42,0.268,0.732,0.79,0.7341772151898736,0.26582278481012644,440,0,0,1,179,401585470264,264,2,4:51,1731,28.85,48,34,48,34,14,Terry Rozier misses 23-foot three point jumper,FALSE,0,0,FALSE,0,0,FALSE
nba,2024,401585466,2024-02-27,Minnesota Timberwolves,San Antonio Spurs,MIN,SA,41-17,11-48,114,105,TRUE,Minnesota Timberwolves,41-17,NA,NA,NA,NA,NA,NA,NA,NA,NA,NA,Minnesota Timberwolves,41-17,San Antonio Spurs,11-48,0.887,0.887,0.222,0.4909909909909911,0.5090090090090089,442,0,0,1,59,40158546685,85,1,4:12,2412,40.2,13,15,15,13,2,Nickeil Alexander-Walker shooting foul,FALSE,0,0,FALSE,0,0,FALSE
nba,2024,401585467,2024-02-27,Chicago Bulls,Detroit Pistons,CHI,DET,27-31,9-49,95,105,FALSE,Chicago Bulls,27-31,NA,NA,NA,NA,NA,NA,NA,NA,NA,NA,Detroit Pistons,9-49,Chicago Bulls,27-31,0.762,0.762,0.916,0.9082969432314412,0.09170305676855885,452,0,0,2,146,401585467218,218,2,7:46,1906,31.766666666666666,42,29,42,29,13,Nikola Vucevic makes 6-foot two point shot (Coby White assists),FALSE,0,0,FALSE,0,0,FALSE
nba,2024,401585468,2024-02-27,Milwaukee Bucks,Charlotte Hornets,MIL,CHA,38-21,15-43,123,85,TRUE,Milwaukee Bucks,38-21,NA,NA,NA,NA,NA,NA,NA,NA,NA,NA,Milwaukee Bucks,38-21,Charlotte Hornets,15-43,0.897,0.897,0.19299999999999995,0.46632124352331605,0.533678756476684,426,0,0,1,31,40158546842,42,1,7:48,2628,43.8,4,9,9,4,5,Miles Bridges defensive rebound,FALSE,0,0,FALSE,0,0,FALSE
nba,2024,401585463,2024-02-27,Atlanta Hawks,Utah Jazz,ATL,UTAH,26-32,27-32,124,97,TRUE,Utah Jazz,27-32,NA,NA,NA,NA,NA,NA,NA,NA,NA,NA,Atlanta Hawks,26-32,Utah Jazz,27-32,0.471,0.529,0.529,0.1096408317580342,0.8903591682419658,488,0,0,6,1,4015854634,4,1,12:00,2880,48,0,0,0,0,0,John Collins vs. Clint Capela (Lauri Markkanen gains possession),FALSE,0,0,FALSE,0,0,FALSE
nba,2024,401585464,2024-02-27,Boston Celtics,Philadelphia 76ers,BOS,PHI,46-12,33-25,117,99,TRUE,Boston Celtics,46-12,NA,NA,NA,NA,NA,NA,NA,NA,NA,NA,Boston Celtics,46-12,Philadelphia 76ers,33-25,0.905,0.905,0.33899999999999997,0.7197640117994101,0.2802359882005899,456,0,0,3,172,401585464247,247,2,5:46,1786,29.766666666666666,40,46,46,40,6,Celtics Full timeout,FALSE,0,0,FALSE,0,0,FALSE
nba,2024,401585465,2024-02-27,New York Knicks,New Orleans Pelicans,NY,NO,35-24,35-24,92,115,FALSE,New Orleans Pelicans,35-24,NA,NA,NA,NA,NA,NA,NA,NA,NA,NA,New Orleans Pelicans,35-24,New York Knicks,35-24,0.455,0.5449999999999999,0.559,0.21109123434704857,0.7889087656529514,444,0,0,1,8,40158546515,15,1,10:54,2814,46.9,5,0,5,0,5,Jericho Sims makes 1-foot alley oop dunk shot (Josh Hart assists),FALSE,0,0,FALSE,0,0,FALSE
nba,2024,401585460,2024-02-27,Cleveland Cavaliers,Dallas Mavericks,CLE,DAL,38-19,33-25,121,119,TRUE,Cleveland Cavaliers,38-19,NA,NA,NA,NA,NA,NA,NA,NA,NA,NA,Cleveland Cavaliers,38-19,Dallas Mavericks,33-25,0.726,0.726,0.971,0.9701338825952626,0.02986611740473743,428,0,0,1,381,401585460542,542,4,4:20,260,4.333333333333333,98,108,108,98,10,Darius Garland misses 12-foot pullup jump shot,FALSE,0,0,FALSE,0,0,FALSE
nba,2024,401585461,2024-02-27,Orlando Magic,Brooklyn Nets,ORL,BKN,33-26,22-36,108,81,TRUE,Orlando Magic,33-26,NA,NA,NA,NA,NA,NA,NA,NA,NA,NA,Orlando Magic,33-26,Brooklyn Nets,22-36,0.761,0.761,0.28900000000000003,0.17301038062283747,0.8269896193771625,444,0,0,1,11,40158546120,20,1,10:11,2771,46.18333333333333,3,5,5,3,2,Mikal Bridges defensive rebound,FALSE,0,0,FALSE,0,0,FALSE
nba,2024,401585462,2024-02-27,Washington Wizards,Golden State Warriors,WSH,GS,9-49,30-27,112,123,FALSE,Golden State Warriors,30-27,NA,NA,NA,NA,NA,NA,NA,NA,NA,NA,Golden State Warriors,30-27,Washington Wizards,9-49,0.186,0.8140000000000001,0.489,0.6196319018404909,0.3803680981595091,454,0,0,1,124,401585462179,179,2,10:04,2044,34.06666666666667,33,24,33,24,9,Jordan Poole makes 26-foot three point jumper (Jared Butler assists),FALSE,0,0,FALSE,0,0,FALSE
nba,2024,401585459,2024-02-26,Sacramento Kings,Miami Heat,SAC,MIA,33-24,32-25,110,121,FALSE,Sacramento Kings,33-24,NA,NA,NA,NA,NA,NA,NA,NA,NA,NA,Miami Heat,32-25,Sacramento Kings,33-24,0.66,0.66,0.851,0.8249118683901293,0.1750881316098707,426,0,0,1,156,401585459236,236,2,5:16,1756,29.266666666666666,55,47,55,47,8,Caleb Martin shooting foul,FALSE,0,0,FALSE,0,0,FALSE
nba,2024,401585458,2024-02-26,Memphis Grizzlies,Brooklyn Nets,MEM,BKN,20-38,22-35,86,111,FALSE,Brooklyn Nets,22-35,NA,NA,NA,NA,NA,NA,NA,NA,NA,NA,Brooklyn Nets,22-35,Memphis Grizzlies,20-38,0.487,0.513,0.507,0.03944773175542404,0.960552268244576,456,0,0,1,5,40158545811,11,1,11:27,2847,47.45,0,0,0,0,0,Ziaire Williams defensive rebound,FALSE,0,0,FALSE,0,0,FALSE
nba,2024,401585456,2024-02-26,New York Knicks,Detroit Pistons,NY,DET,35-23,8-49,113,111,TRUE,New York Knicks,35-23,NA,NA,NA,NA,NA,NA,NA,NA,NA,NA,New York Knicks,35-23,Detroit Pistons,8-49,0.79,0.79,0.75,0.72,0.28,440,0,0,1,430,401585456616,616,4,4.2,4.2,0.07,110,111,111,110,1,Ausar Thompson lost ball turnover (Jalen Brunson steals),FALSE,0,0,FALSE,0,0,FALSE
nba,2024,401585457,2024-02-26,Indiana Pacers,Toronto Raptors,IND,TOR,33-26,22-36,122,130,FALSE,Indiana Pacers,33-26,NA,NA,NA,NA,NA,NA,NA,NA,NA,NA,Toronto Raptors,22-36,Indiana Pacers,33-26,0.661,0.661,0.769,0.6996098829648896,0.3003901170351104,464,0,0,1,37,40158545756,56,1,7:31,2611,43.516666666666666,11,7,11,7,4,Gary Trent Jr. shooting foul,FALSE,0,0,FALSE,0,0,FALSE
nba,2024,401585455,2024-02-25,LA Clippers,Sacramento Kings,LAC,SAC,37-19,33-23,107,123,FALSE,LA Clippers,37-19,NA,NA,NA,NA,NA,NA,NA,NA,NA,NA,Sacramento Kings,33-23,LA Clippers,37-19,0.722,0.722,0.792,0.7373737373737375,0.26262626262626254,439,0,0,1,5,40158545513,13,1,11:05,2825,47.083333333333336,4,0,4,0,4,De'Aaron Fox misses 27-foot three point jumper,FALSE,0,0,FALSE,0,0,FALSE
nba,2024,401585454,2024-02-25,Portland Trail Blazers,Charlotte Hornets,POR,CHA,15-41,15-42,80,93,FALSE,Portland Trail Blazers,15-41,NA,NA,NA,NA,NA,NA,NA,NA,NA,NA,Charlotte Hornets,15-42,Portland Trail Blazers,15-41,0.653,0.653,0.701,0.5734664764621968,0.4265335235378032,443,0,0,1,55,40158545478,78,1,5:21,2481,41.35,15,12,15,12,3,Kris Murray makes tip shot,FALSE,0,0,FALSE,0,0,FALSE
nba,2024,401585453,2024-02-25,Utah Jazz,San Antonio Spurs,UTAH,SA,27-31,11-47,128,109,TRUE,Utah Jazz,27-31,NA,NA,NA,NA,NA,NA,NA,NA,NA,NA,Utah Jazz,27-31,San Antonio Spurs,11-47,0.802,0.802,0.344,0.4244186046511629,0.5755813953488371,474,0,0,1,30,40158545349,49,1,9:00,2700,45,2,6,6,2,4,Jazz Full timeout,FALSE,0,0,FALSE,0,0,FALSE
nba,2024,401585449,2024-02-25,Atlanta Hawks,Orlando Magic,ATL,ORL,25-32,32-26,109,92,TRUE,Orlando Magic,32-26,NA,NA,NA,NA,NA,NA,NA,NA,NA,NA,Atlanta Hawks,25-32,Orlando Magic,32-26,0.426,0.5740000000000001,0.756,0.6772486772486772,0.3227513227513228,450,0,0,1,186,401585449262,262,2,6:25,1825,30.416666666666668,28,35,35,28,7,Franz Wagner defensive rebound,FALSE,0,0,FALSE,0,0,FALSE
nba,2024,401585450,2024-02-25,Houston Rockets,Oklahoma City Thunder,HOU,OKC,25-32,40-17,110,123,FALSE,Oklahoma City Thunder,40-17,NA,NA,NA,NA,NA,NA,NA,NA,NA,NA,Oklahoma City Thunder,40-17,Houston Rockets,25-32,0.279,0.721,0.845,0.8165680473372781,0.18343195266272191,496,0,0,1,189,401585450275,275,2,5:00,1740,29,55,40,55,40,15,Isaiah Joe shooting foul,FALSE,0,0,FALSE,0,0,FALSE
nba,2024,401585451,2024-02-25,New Orleans Pelicans,Chicago Bulls,NO,CHI,34-24,27-30,106,114,FALSE,New Orleans Pelicans,34-24,NA,NA,NA,NA,NA,NA,NA,NA,NA,NA,Chicago Bulls,27-30,New Orleans Pelicans,34-24,0.671,0.671,0.924,0.9177489177489178,0.08225108225108224,467,0,0,1,307,401585451434,434,3,2:40,880,14.666666666666666,82,70,82,70,12,Jordan Hawkins makes 6-foot two point shot (Brandon Ingram assists),FALSE,0,0,FALSE,0,0,FALSE
nba,2024,401585452,2024-02-25,Golden State Warriors,Denver Nuggets,GS,DEN,29-27,39-19,103,119,FALSE,Golden State Warriors,29-27,NA,NA,NA,NA,NA,NA,NA,NA,NA,NA,Denver Nuggets,39-19,Golden State Warriors,29-27,0.667,0.667,0.929,0.9235737351991388,0.07642626480086112,484,0,0,1,169,401585452249,249,2,5:46,1786,29.766666666666666,56,40,56,40,16,Lester Quinones makes 27-foot three point jumper (Jonathan Kuminga assists),FALSE,0,0,FALSE,0,0,FALSE
nba,2024,401585448,2024-02-25,Washington Wizards,Cleveland Cavaliers,WSH,CLE,9-48,37-19,105,114,FALSE,Cleveland Cavaliers,37-19,NA,NA,NA,NA,NA,NA,NA,NA,NA,NA,Cleveland Cavaliers,37-19,Washington Wizards,9-48,0.123,0.877,0.741,0.8340080971659919,0.1659919028340081,463,0,0,1,374,401585448560,560,4,8:42,522,8.7,94,88,94,88,6,Landry Shamet defensive rebound,FALSE,0,0,FALSE,0,0,FALSE
nba,2024,401585447,2024-02-25,Indiana Pacers,Dallas Mavericks,IND,DAL,33-25,33-24,133,111,TRUE,Indiana Pacers,33-25,NA,NA,NA,NA,NA,NA,NA,NA,NA,NA,Indiana Pacers,33-25,Dallas Mavericks,33-24,0.566,0.566,0.611,0.3633387888707038,0.6366612111292962,449,0,0,1,96,401585447134,134,1,1:07,2227,37.11666666666667,25,30,30,25,5,Mavericks defensive team rebound,FALSE,0,0,FALSE,0,0,FALSE
nba,2024,401585446,2024-02-25,Phoenix Suns,Los Angeles Lakers,PHX,LAL,34-24,31-28,123,113,TRUE,Phoenix Suns,34-24,NA,NA,NA,NA,NA,NA,NA,NA,NA,NA,Phoenix Suns,34-24,Los Angeles Lakers,31-28,0.695,0.695,0.397,0.23173803526448356,0.7682619647355164,442,0,0,1,11,40158544619,19,1,10:13,2773,46.21666666666667,2,5,5,2,3,LeBron James blocks Devin Booker 's 14-foot pullup jump shot,FALSE,0,0,FALSE,0,0,FALSE
nba,2024,401585445,2024-02-25,Philadelphia 76ers,Milwaukee Bucks,PHI,MIL,33-24,37-21,98,119,FALSE,Philadelphia 76ers,33-24,NA,NA,NA,NA,NA,NA,NA,NA,NA,NA,Milwaukee Bucks,37-21,Philadelphia 76ers,33-24,0.528,0.528,0.557,0.20466786355475783,0.7953321364452421,440,0,0,2,43,40158544572,72,1,6:13,2533,42.21666666666667,17,16,17,16,1,Tobias Harris defensive rebound,FALSE,0,0,FALSE,0,0,FALSE
nba,2024,401585443,2024-02-24,Minnesota Timberwolves,Brooklyn Nets,MIN,BKN,40-17,21-35,101,86,TRUE,Minnesota Timberwolves,40-17,NA,NA,NA,NA,NA,NA,NA,NA,NA,NA,Minnesota Timberwolves,40-17,Brooklyn Nets,21-35,0.753,0.753,0.5549999999999999,0.5549549549549548,0.4450450450450451,498,0,0,1,80,401585443110,110,1,2:42,2322,38.7,12,22,22,12,10,Day'Ron Sharpe makes two point shot,FALSE,0,0,FALSE,0,0,FALSE
nba,2024,401585444,2024-02-24,New York Knicks,Boston Celtics,NY,BOS,34-23,45-12,102,116,FALSE,Boston Celtics,45-12,NA,NA,NA,NA,NA,NA,NA,NA,NA,NA,Boston Celtics,45-12,New York Knicks,34-23,0.265,0.735,0.407,0.3488943488943488,0.6511056511056512,392,0,0,1,201,401585444285,285,3,10:05,1325,22.083333333333332,64,64,64,64,0,Donte DiVincenzo offensive rebound,FALSE,0,0,FALSE,0,0,FALSE
nba,2024,401585442,2024-02-24,Detroit Pistons,Orlando Magic,DET,ORL,8-48,32-25,109,112,FALSE,Orlando Magic,32-25,NA,NA,NA,NA,NA,NA,NA,NA,NA,NA,Orlando Magic,32-25,Detroit Pistons,8-48,0.299,0.7010000000000001,0.567,0.4726631393298061,0.5273368606701939,432,0,0,1,258,401585442380,380,3,6:15,1095,18.25,76,72,76,72,4,Simone Fontecchio makes 1-foot dunk (Quentin Grimes assists),FALSE,0,0,FALSE,0,0,FALSE
nba,2024,401585441,2024-02-23,Los Angeles Lakers,San Antonio Spurs,LAL,SA,31-27,11-46,123,118,TRUE,Los Angeles Lakers,31-27,NA,NA,NA,NA,NA,NA,NA,NA,NA,NA,Los Angeles Lakers,31-27,San Antonio Spurs,11-46,0.765,0.765,0.396,0.4065656565656566,0.5934343434343434,478,0,0,1,45,40158544168,68,1,7:36,2616,43.6,9,15,15,9,6,Victor Wembanyama defensive rebound,FALSE,0,0,FALSE,0,0,FALSE
nba,2024,401585436,2024-02-23,Minnesota Timberwolves,Milwaukee Bucks,MIN,MIL,39-17,36-21,107,112,FALSE,Minnesota Timberwolves,39-17,NA,NA,NA,NA,NA,NA,NA,NA,NA,NA,Milwaukee Bucks,36-21,Minnesota Timberwolves,39-17,0.786,0.786,0.852,0.8262910798122065,0.1737089201877935,470,0,0,1,194,401585436282,282,2,5:14,1754,29.233333333333334,47,39,47,39,8,Anthony Edwards makes 26-foot three pointer,FALSE,0,0,FALSE,0,0,FALSE
nba,2024,401585439,2024-02-23,Golden State Warriors,Charlotte Hornets,GS,CHA,29-26,14-42,97,84,TRUE,Golden State Warriors,29-26,NA,NA,NA,NA,NA,NA,NA,NA,NA,NA,Golden State Warriors,29-26,Charlotte Hornets,14-42,0.933,0.933,0.10499999999999998,0.3619047619047623,0.6380952380952377,470,0,0,1,172,401585439248,248,2,6:41,1841,30.683333333333337,24,20,20,24,-4,Draymond Green bad pass (Miles Bridges steals),FALSE,0,0,FALSE,0,0,FALSE
nba,2024,401585440,2024-02-23,Portland Trail Blazers,Denver Nuggets,POR,DEN,15-40,38-19,112,127,FALSE,Denver Nuggets,38-19,NA,NA,NA,NA,NA,NA,NA,NA,NA,NA,Denver Nuggets,38-19,Portland Trail Blazers,15-40,0.36,0.64,0.493,0.2697768762677485,0.7302231237322515,462,0,0,1,25,40158544037,37,1,9:00,2700,45,8,3,8,3,5,Michael Porter Jr. misses 22-foot three point jumper,FALSE,0,0,FALSE,0,0,FALSE
nba,2024,401585434,2024-02-23,Houston Rockets,Phoenix Suns,HOU,PHX,25-31,33-24,114,110,TRUE,Phoenix Suns,33-24,NA,NA,NA,NA,NA,NA,NA,NA,NA,NA,Houston Rockets,25-31,Phoenix Suns,33-24,0.416,0.5840000000000001,0.882,0.8662131519274376,0.13378684807256236,555,0,0,1,63,40158543486,86,1,5:24,2484,41.4,6,22,22,6,16,Eric Gordon makes 4-foot two point shot (Devin Booker assists),FALSE,0,0,FALSE,0,0,FALSE
nba,2024,401585435,2024-02-23,Memphis Grizzlies,LA Clippers,MEM,LAC,20-37,37-18,95,101,FALSE,LA Clippers,37-18,NA,NA,NA,NA,NA,NA,NA,NA,NA,NA,LA Clippers,37-18,Memphis Grizzlies,20-37,0.204,0.796,0.725,0.7186206896551725,0.28137931034482755,460,0,0,1,405,401585435576,576,4,5:18,318,5.3,87,84,87,84,3,John Konchar defensive rebound,FALSE,0,0,FALSE,0,0,FALSE
nba,2024,401585437,2024-02-23,Oklahoma City Thunder,Washington Wizards,OKC,WSH,39-17,9-47,147,106,TRUE,Oklahoma City Thunder,39-17,NA,NA,NA,NA,NA,NA,NA,NA,NA,NA,Oklahoma City Thunder,39-17,Washington Wizards,9-47,0.924,0.924,0.118,0.3559322033898309,0.6440677966101691,494,0,0,2,53,40158543773,73,1,5:50,2510,41.833333333333336,12,12,12,12,0,Shai Gilgeous-Alexander shooting foul,FALSE,0,0,FALSE,0,0,FALSE
nba,2024,401585438,2024-02-23,New Orleans Pelicans,Miami Heat,NO,MIA,34-23,31-25,95,106,FALSE,New Orleans Pelicans,34-23,NA,NA,NA,NA,NA,NA,NA,NA,NA,NA,Miami Heat,31-25,New Orleans Pelicans,34-23,0.635,0.635,0.635,0.4251968503937009,0.5748031496062991,482,0,0,1,1,4015854384,4,1,12:00,2880,48,0,0,0,0,0,Bam Adebayo vs. Jonas Valanciunas (CJ McCollum gains possession),FALSE,0,0,FALSE,0,0,FALSE
nba,2024,401585432,2024-02-23,Atlanta Hawks,Toronto Raptors,ATL,TOR,24-32,21-36,121,123,FALSE,Atlanta Hawks,24-32,NA,NA,NA,NA,NA,NA,NA,NA,NA,NA,Toronto Raptors,21-36,Atlanta Hawks,24-32,0.707,0.707,0.743,0.6541049798115748,0.3458950201884252,495,0,0,4,281,401585432401,401,3,9:34,1294,21.566666666666663,71,67,71,67,4,Immanuel Quickley offensive foul,FALSE,0,0,FALSE,0,0,FALSE
nba,2024,401585433,2024-02-23,Philadelphia 76ers,Cleveland Cavaliers,PHI,CLE,33-23,36-19,104,97,TRUE,Cleveland Cavaliers,36-19,NA,NA,NA,NA,NA,NA,NA,NA,NA,NA,Philadelphia 76ers,33-23,Cleveland Cavaliers,36-19,0.303,0.6970000000000001,0.8049999999999999,0.7577639751552794,0.24223602484472065,466,0,0,1,75,401585433116,116,1,3:11,2351,39.18333333333333,18,23,23,18,5,Evan Mobley makes free throw 1 of 2,FALSE,0,0,FALSE,0,0,FALSE
nba,2024,401585430,2024-02-22,Golden State Warriors,Los Angeles Lakers,GS,LAL,28-26,30-27,128,110,TRUE,Golden State Warriors,28-26,NA,NA,NA,NA,NA,NA,NA,NA,NA,NA,Golden State Warriors,28-26,Los Angeles Lakers,30-27,0.73,0.73,0.479,0.4363256784968684,0.5636743215031316,489,0,0,1,159,401585430240,240,2,8:30,1950,32.5,38,41,41,38,3,Dario Saric shooting foul,FALSE,0,0,FALSE,0,0,FALSE
nba,2024,401585431,2024-02-22,Sacramento Kings,San Antonio Spurs,SAC,SA,32-23,11-45,127,122,TRUE,Sacramento Kings,32-23,NA,NA,NA,NA,NA,NA,NA,NA,NA,NA,Sacramento Kings,32-23,San Antonio Spurs,11-45,0.802,0.802,0.764,0.7408376963350787,0.2591623036649213,439,0,0,1,418,401585431614,614,4,2:12,132,2.2,116,120,120,116,4,Devin Vassell makes 24-foot three point jumper (Tre Jones assists),FALSE,0,0,FALSE,0,0,FALSE
nba,2024,401585428,2024-02-22,Denver Nuggets,Washington Wizards,DEN,WSH,37-19,9-46,130,110,TRUE,Denver Nuggets,37-19,NA,NA,NA,NA,NA,NA,NA,NA,NA,NA,Denver Nuggets,37-19,Washington Wizards,9-46,0.87,0.87,0.14300000000000002,0.09090909090909094,0.9090909090909092,500,0,0,1,20,40158542831,31,1,9:00,2700,45,7,6,6,7,-1,Michael Porter Jr. bad pass (Kyle Kuzma steals),FALSE,0,0,FALSE,0,0,FALSE
nba,2024,401585429,2024-02-22,Utah Jazz,Charlotte Hornets,UTAH,CHA,26-31,14-41,107,115,FALSE,Utah Jazz,26-31,NA,NA,NA,NA,NA,NA,NA,NA,NA,NA,Charlotte Hornets,14-41,Utah Jazz,26-31,0.893,0.893,0.949,0.946259220231823,0.05374077976817704,487,0,0,1,41,40158542958,58,1,7:09,2589,43.15,14,5,14,5,9,Brandon Miller misses 11-foot hook shot,FALSE,0,0,FALSE,0,0,FALSE
nba,2024,401585425,2024-02-22,Chicago Bulls,Boston Celtics,CHI,BOS,26-30,44-12,112,129,FALSE,Boston Celtics,44-12,NA,NA,NA,NA,NA,NA,NA,NA,NA,NA,Boston Celtics,44-12,Chicago Bulls,26-30,0.209,0.791,0.468,0.5534188034188035,0.44658119658119655,443,0,0,1,215,401585425324,324,3,11:35,1415,23.583333333333332,62,59,62,59,3,Bulls defensive team rebound,FALSE,0,0,FALSE,0,0,FALSE
nba,2024,401585426,2024-02-22,New Orleans Pelicans,Houston Rockets,NO,HOU,34-22,24-31,127,105,TRUE,New Orleans Pelicans,34-22,NA,NA,NA,NA,NA,NA,NA,NA,NA,NA,New Orleans Pelicans,34-22,Houston Rockets,24-31,0.735,0.735,0.357,0.25770308123249297,0.742296918767507,488,0,0,2,77,401585426118,118,1,3:22,2362,39.36666666666667,20,22,22,20,2,Jeff Green offensive rebound,FALSE,0,0,FALSE,0,0,FALSE
nba,2024,401585427,2024-02-22,Oklahoma City Thunder,LA Clippers,OKC,LAC,38-17,36-18,129,107,TRUE,Oklahoma City Thunder,38-17,NA,NA,NA,NA,NA,NA,NA,NA,NA,NA,Oklahoma City Thunder,38-17,LA Clippers,36-18,0.538,0.538,0.675,0.5185185185185186,0.4814814814814814,448,0,0,1,58,40158542789,89,1,4:32,2432,40.53333333333333,16,23,23,16,7,Norman Powell defensive rebound,FALSE,0,0,FALSE,0,0,FALSE
nba,2024,401585424,2024-02-22,Dallas Mavericks,Phoenix Suns,DAL,PHX,33-23,33-23,123,113,TRUE,Dallas Mavericks,33-23,NA,NA,NA,NA,NA,NA,NA,NA,NA,NA,Dallas Mavericks,33-23,Phoenix Suns,33-23,0.551,0.551,0.775,0.7096774193548387,0.29032258064516125,479,0,0,1,164,401585424247,247,2,5:32,1772,29.533333333333335,43,54,54,43,11,Eric Gordon makes 25-foot running pullup jump shot,FALSE,0,0,FALSE,0,0,FALSE
nba,2024,401585420,2024-02-22,Cleveland Cavaliers,Orlando Magic,CLE,ORL,36-18,31-25,109,116,FALSE,Cleveland Cavaliers,36-18,NA,NA,NA,NA,NA,NA,NA,NA,NA,NA,Orlando Magic,31-25,Cleveland Cavaliers,36-18,0.719,0.719,0.774,0.7080103359173127,0.29198966408268734,425,0,0,3,55,40158542079,79,1,4:52,2452,40.86666666666667,19,16,19,16,3,Caris LeVert makes free throw 1 of 2,FALSE,0,0,FALSE,0,0,FALSE
nba,2024,401585421,2024-02-22,Indiana Pacers,Detroit Pistons,IND,DET,32-25,8-47,129,115,TRUE,Indiana Pacers,32-25,NA,NA,NA,NA,NA,NA,NA,NA,NA,NA,Indiana Pacers,32-25,Detroit Pistons,8-47,0.815,0.815,0.249,0.25702811244979895,0.742971887550201,465,0,0,1,34,40158542150,50,1,6:40,2560,42.666666666666664,13,14,14,13,1,Jalen Duren defensive rebound,FALSE,0,0,FALSE,0,0,FALSE
nba,2024,401585422,2024-02-22,Philadelphia 76ers,New York Knicks,PHI,NY,32-23,34-22,96,110,FALSE,Philadelphia 76ers,32-23,NA,NA,NA,NA,NA,NA,NA,NA,NA,NA,New York Knicks,34-22,Philadelphia 76ers,32-23,0.55,0.55,0.577,0.266897746967071,0.733102253032929,449,0,0,2,7,40158542214,14,1,11:03,2823,47.05,3,2,3,2,1,Buddy Hield defensive rebound,FALSE,0,0,FALSE,0,0,FALSE
nba,2024,401585423,2024-02-22,Toronto Raptors,Brooklyn Nets,TOR,BKN,20-36,21-34,121,93,TRUE,Toronto Raptors,20-36,NA,NA,NA,NA,NA,NA,NA,NA,NA,NA,Toronto Raptors,20-36,Brooklyn Nets,21-34,0.555,0.555,0.479,0.07098121085595,0.92901878914405,479,0,0,1,11,40158542319,19,1,10:36,2796,46.6,2,3,3,2,1,Nic Claxton defensive rebound,FALSE,0,0,FALSE,0,0,FALSE
nba,2024,401585419,2024-02-15,Portland Trail Blazers,Minnesota Timberwolves,POR,MIN,15-39,39-16,91,128,FALSE,Minnesota Timberwolves,39-16,NA,NA,NA,NA,NA,NA,NA,NA,NA,NA,Minnesota Timberwolves,39-16,Portland Trail Blazers,15-39,0.188,0.812,0.208,0.09615384615384635,0.9038461538461536,484,0,0,1,2,4015854197,7,1,11:43,2863,47.71666666666667,2,0,2,0,2,Toumani Camara makes driving layup (Anfernee Simons assists),FALSE,0,0,FALSE,0,0,FALSE
nba,2024,401636113,2024-02-15,Utah Jazz,Golden State Warriors,UTAH,GS,26-30,27-26,137,140,FALSE,Golden State Warriors,27-26,NA,NA,NA,NA,NA,NA,NA,NA,NA,NA,Golden State Warriors,27-26,Utah Jazz,26-30,0.493,0.507,0.754,0.6737400530503979,0.32625994694960214,498,0,0,1,73,401636113113,113,1,3:55,2395,39.916666666666664,33,22,33,22,11,Taylor Hendricks makes 23-foot three point jumper (Jordan Clarkson assists),FALSE,0,0,FALSE,0,0,FALSE
nba,2024,401585418,2024-02-15,Memphis Grizzlies,Milwaukee Bucks,MEM,MIL,20-36,35-21,113,110,TRUE,Milwaukee Bucks,35-21,NA,NA,NA,NA,NA,NA,NA,NA,NA,NA,Memphis Grizzlies,20-36,Milwaukee Bucks,35-21,0.264,0.736,0.839,0.8081048867699643,0.19189511323003572,456,0,0,1,80,401585418113,113,1,3:13,2353,39.21666666666667,15,23,23,15,8,Bobby Portis makes two point shot,FALSE,0,0,FALSE,0,0,FALSE
nba,2024,401585417,2024-02-14,Golden State Warriors,LA Clippers,GS,LAC,26-26,36-17,125,130,FALSE,Golden State Warriors,26-26,NA,NA,NA,NA,NA,NA,NA,NA,NA,NA,LA Clippers,36-17,Golden State Warriors,26-26,0.552,0.552,0.965,0.9637305699481864,0.0362694300518136,511,0,0,1,364,401585417509,509,3,26.0,746,12.433333333333334,97,83,97,83,14,Draymond Green defensive rebound,FALSE,0,0,FALSE,0,0,FALSE
nba,2024,401585414,2024-02-14,Denver Nuggets,Sacramento Kings,DEN,SAC,36-19,31-23,98,102,FALSE,Denver Nuggets,36-19,NA,NA,NA,NA,NA,NA,NA,NA,NA,NA,Sacramento Kings,31-23,Denver Nuggets,36-19,0.65,0.65,0.945,0.9417989417989416,0.05820105820105836,468,0,0,1,257,401585414363,363,3,8:50,1250,20.833333333333332,62,46,62,46,16,Nikola Jokic makes 6-foot two point shot (Reggie Jackson assists),FALSE,0,0,FALSE,0,0,FALSE
nba,2024,401585415,2024-02-14,Phoenix Suns,Detroit Pistons,PHX,DET,33-22,8-46,116,100,TRUE,Phoenix Suns,33-22,NA,NA,NA,NA,NA,NA,NA,NA,NA,NA,Phoenix Suns,33-22,Detroit Pistons,8-46,0.861,0.861,0.19699999999999995,0.2944162436548221,0.7055837563451779,546,0,0,1,107,401585415157,157,1,3:10,2350,39.166666666666664,23,23,23,23,0,Shake Milton defensive rebound,FALSE,0,0,FALSE,0,0,FALSE
nba,2024,401585416,2024-02-14,Utah Jazz,Los Angeles Lakers,UTAH,LAL,26-29,30-26,122,138,FALSE,Utah Jazz,26-29,NA,NA,NA,NA,NA,NA,NA,NA,NA,NA,Los Angeles Lakers,30-26,Utah Jazz,26-29,0.659,0.659,0.773,0.7063389391979302,0.2936610608020698,458,0,0,1,29,40158541645,45,1,8:34,2674,44.56666666666667,11,6,11,6,5,Lauri Markkanen defensive rebound,FALSE,0,0,FALSE,0,0,FALSE
nba,2024,401585413,2024-02-14,Dallas Mavericks,San Antonio Spurs,DAL,SA,32-23,11-44,116,93,TRUE,Dallas Mavericks,32-23,NA,NA,NA,NA,NA,NA,NA,NA,NA,NA,Dallas Mavericks,32-23,San Antonio Spurs,11-44,0.801,0.801,0.643,0.6905132192846035,0.3094867807153965,440,0,0,1,85,401585413131,131,1,4:13,2413,40.21666666666667,13,28,28,13,15,Zach Collins defensive rebound,FALSE,0,0,FALSE,0,0,FALSE
nba,2024,401585411,2024-02-14,Memphis Grizzlies,Houston Rockets,MEM,HOU,19-36,24-30,121,113,TRUE,Houston Rockets,24-30,NA,NA,NA,NA,NA,NA,NA,NA,NA,NA,Memphis Grizzlies,19-36,Houston Rockets,24-30,0.432,0.5680000000000001,0.632,0.4177215189873418,0.5822784810126582,519,0,0,1,411,401585411573,573,4,10:07,607,10.116666666666667,87,87,87,87,0,GG Jackson shooting foul,FALSE,0,0,FALSE,0,0,FALSE
nba,2024,401585412,2024-02-14,New Orleans Pelicans,Washington Wizards,NO,WSH,33-22,9-45,133,126,TRUE,New Orleans Pelicans,33-22,NA,NA,NA,NA,NA,NA,NA,NA,NA,NA,New Orleans Pelicans,33-22,Washington Wizards,9-45,0.898,0.898,0.5609999999999999,0.8181818181818182,0.18181818181818177,484,0,0,1,301,401585412454,454,3,5:38,1058,17.633333333333333,81,87,87,81,6,CJ McCollum misses 25-foot three point jumper,FALSE,0,0,FALSE,0,0,FALSE
nba,2024,401585408,2024-02-14,Boston Celtics,Brooklyn Nets,BOS,BKN,43-12,21-33,136,86,TRUE,Boston Celtics,43-12,NA,NA,NA,NA,NA,NA,NA,NA,NA,NA,Boston Celtics,43-12,Brooklyn Nets,21-33,0.798,0.798,0.21699999999999997,0.06912442396313367,0.9308755760368664,405,0,0,1,3,4015854088,8,1,11:41,2861,47.68333333333333,0,0,0,0,0,Nic Claxton defensive rebound,FALSE,0,0,FALSE,0,0,FALSE
nba,2024,401585409,2024-02-14,Cleveland Cavaliers,Chicago Bulls,CLE,CHI,36-17,26-29,108,105,TRUE,Cleveland Cavaliers,36-17,NA,NA,NA,NA,NA,NA,NA,NA,NA,NA,Cleveland Cavaliers,36-17,Chicago Bulls,26-29,0.843,0.843,0.771,0.7963683527885862,0.2036316472114138,436,0,0,1,141,401585409206,206,2,6:14,1814,30.233333333333334,29,46,46,29,17,DeMar DeRozan makes 16-foot two point shot,FALSE,0,0,FALSE,0,0,FALSE
nba,2024,401585410,2024-02-14,Toronto Raptors,Indiana Pacers,TOR,IND,19-36,31-25,125,127,FALSE,Toronto Raptors,19-36,NA,NA,NA,NA,NA,NA,NA,NA,NA,NA,Indiana Pacers,31-25,Toronto Raptors,19-36,0.583,0.583,0.85,0.8235294117647058,0.17647058823529416,496,0,0,1,343,401585410507,507,3,2:05,845,14.083333333333334,99,91,99,91,8,Gradey Dick kicked ball violation,FALSE,0,0,FALSE,0,0,FALSE
nba,2024,401585405,2024-02-14,Charlotte Hornets,Atlanta Hawks,CHA,ATL,13-41,24-31,122,99,TRUE,Atlanta Hawks,24-31,NA,NA,NA,NA,NA,NA,NA,NA,NA,NA,Charlotte Hornets,13-41,Atlanta Hawks,24-31,0.253,0.747,0.784,0.7244897959183674,0.2755102040816326,467,0,0,1,27,40158540540,40,1,9:05,2705,45.083333333333336,4,5,5,4,1,Saddiq Bey makes free throw 1 of 2,FALSE,0,0,FALSE,0,0,FALSE
nba,2024,401585406,2024-02-14,Orlando Magic,New York Knicks,ORL,NY,30-25,33-22,118,100,TRUE,Orlando Magic,30-25,NA,NA,NA,NA,NA,NA,NA,NA,NA,NA,Orlando Magic,30-25,New York Knicks,33-22,0.547,0.547,0.775,0.7096774193548387,0.29032258064516125,397,0,0,1,109,401585406156,156,2,11:13,2113,35.21666666666667,28,39,39,28,11,Moritz Wagner makes free throw 1 of 1,FALSE,0,0,FALSE,0,0,FALSE
nba,2024,401585407,2024-02-14,Philadelphia 76ers,Miami Heat,PHI,MIA,32-22,30-25,104,109,FALSE,Philadelphia 76ers,32-22,NA,NA,NA,NA,NA,NA,NA,NA,NA,NA,Miami Heat,30-25,Philadelphia 76ers,32-22,0.614,0.614,0.789,0.7325728770595692,0.2674271229404308,436,0,0,1,236,401585407343,343,3,10:25,1345,22.416666666666668,66,60,66,60,6,Bam Adebayo shooting foul,FALSE,0,0,FALSE,0,0,FALSE
nba,2024,401585404,2024-02-13,Los Angeles Lakers,Detroit Pistons,LAL,DET,29-26,8-45,125,111,TRUE,Los Angeles Lakers,29-26,NA,NA,NA,NA,NA,NA,NA,NA,NA,NA,Los Angeles Lakers,29-26,Detroit Pistons,8-45,0.777,0.777,0.262,0.14885496183206115,0.85114503816793885,486,0,0,1,8,40158540416,16,1,11:11,2831,47.18333333333333,1,2,2,1,1,Cade Cunningham defensive rebound,FALSE,0,0,FALSE,0,0,FALSE
nba,2024,401585402,2024-02-13,Phoenix Suns,Sacramento Kings,PHX,SAC,32-22,30-23,130,125,TRUE,Phoenix Suns,32-22,NA,NA,NA,NA,NA,NA,NA,NA,NA,NA,Phoenix Suns,32-22,Sacramento Kings,30-23,0.727,0.727,0.8240000000000001,0.7864077669902914,0.21359223300970864,493,0,0,2,294,401585402441,441,3,6:42,1122,18.7,72,82,82,72,10,De'Aaron Fox makes free throw 1 of 2,FALSE,0,0,FALSE,0,0,FALSE
nba,2024,401585403,2024-02-13,Portland Trail Blazers,Minnesota Timberwolves,POR,MIN,15-38,38-16,109,121,FALSE,Minnesota Timberwolves,38-16,NA,NA,NA,NA,NA,NA,NA,NA,NA,NA,Minnesota Timberwolves,38-16,Portland Trail Blazers,15-38,0.242,0.758,0.568,0.573943661971831,0.426056338028169,475,0,0,1,353,401585403500,500,4,11:09,669,11.15,86,84,86,84,2,Jabari Walker offensive rebound,FALSE,0,0,FALSE,0,0,FALSE
nba,2024,401585401,2024-02-13,Milwaukee Bucks,Miami Heat,MIL,MIA,35-20,29-25,97,123,FALSE,Milwaukee Bucks,35-20,NA,NA,NA,NA,NA,NA,NA,NA,NA,NA,Miami Heat,29-25,Milwaukee Bucks,35-20,0.649,0.649,0.649,0.45916795069337457,0.5408320493066254,417,0,0,1,1,4015854014,4,1,12:00,2880,48,0,0,0,0,0,Bam Adebayo vs. Brook Lopez (Giannis Antetokounmpo gains possession),FALSE,0,0,FALSE,0,0,FALSE
nba,2024,401585399,2024-02-13,Brooklyn Nets,Boston Celtics,BKN,BOS,21-32,42-12,110,118,FALSE,Boston Celtics,42-12,NA,NA,NA,NA,NA,NA,NA,NA,NA,NA,Boston Celtics,42-12,Brooklyn Nets,21-32,0.31,0.69,0.384,0.1927083333333333,0.8072916666666667,452,0,0,1,21,40158539931,31,1,8:42,2682,44.7,9,8,9,8,1,Jayson Tatum shooting foul,FALSE,0,0,FALSE,0,0,FALSE
nba,2024,401585400,2024-02-13,Orlando Magic,Oklahoma City Thunder,ORL,OKC,29-25,37-17,113,127,FALSE,Oklahoma City Thunder,37-17,NA,NA,NA,NA,NA,NA,NA,NA,NA,NA,Oklahoma City Thunder,37-17,Orlando Magic,29-25,0.453,0.5469999999999999,0.724,0.6187845303867403,0.3812154696132597,471,0,0,1,57,40158540083,83,1,5:14,2474,41.233333333333334,25,14,25,14,11,Jalen Suggs makes 26-foot three point jumper (Wendell Carter Jr. assists),FALSE,0,0,FALSE,0,0,FALSE
nba,2024,401585398,2024-02-12,LA Clippers,Minnesota Timberwolves,LAC,MIN,35-17,37-16,100,121,FALSE,LA Clippers,35-17,NA,NA,NA,NA,NA,NA,NA,NA,NA,NA,Minnesota Timberwolves,37-16,LA Clippers,35-17,0.628,0.628,0.698,0.5673352435530086,0.4326647564469914,433,0,0,4,208,401585398308,308,2,0.0,1440,24,53,49,53,49,4,End of the 2nd Quarter,FALSE,0,0,FALSE,0,0,FALSE
nba,2024,401585397,2024-02-12,Utah Jazz,Golden State Warriors,UTAH,GS,26-28,26-25,107,129,FALSE,Utah Jazz,26-28,NA,NA,NA,NA,NA,NA,NA,NA,NA,NA,Golden State Warriors,26-25,Utah Jazz,26-28,0.555,0.555,0.606,0.34983498349834985,0.6501650165016502,479,0,0,1,2,4015853977,7,1,11:47,2867,47.78333333333333,3,0,3,0,3,Keyonte George makes 23-foot three point jumper (John Collins assists),FALSE,0,0,FALSE,0,0,FALSE
nba,2024,401585396,2024-02-12,Dallas Mavericks,Washington Wizards,DAL,WSH,31-23,9-44,112,104,TRUE,Dallas Mavericks,31-23,NA,NA,NA,NA,NA,NA,NA,NA,NA,NA,Dallas Mavericks,31-23,Washington Wizards,9-44,0.832,0.832,0.916,0.9082969432314412,0.09170305676855885,529,0,0,1,404,401585396582,582,4,9:59,599,9.983333333333333,82,93,93,82,11,Jaden Hardy misses 25-foot three point pullup jump shot,FALSE,0,0,FALSE,0,0,FALSE
nba,2024,401585393,2024-02-12,Houston Rockets,New York Knicks,HOU,NY,24-29,33-21,105,103,TRUE,New York Knicks,33-21,NA,NA,NA,NA,NA,NA,NA,NA,NA,NA,Houston Rockets,24-29,New York Knicks,33-21,0.465,0.5349999999999999,0.726,0.6225895316804406,0.3774104683195594,465,0,0,1,40,40158539356,56,1,6:24,2544,42.4,8,16,16,8,8,Precious Achiuwa personal foul,FALSE,0,0,FALSE,0,0,FALSE
nba,2024,401585394,2024-02-12,Memphis Grizzlies,New Orleans Pelicans,MEM,NO,18-36,32-22,87,96,FALSE,New Orleans Pelicans,32-22,NA,NA,NA,NA,NA,NA,NA,NA,NA,NA,New Orleans Pelicans,32-22,Memphis Grizzlies,18-36,0.215,0.785,0.479,0.5511482254697286,0.44885177453027136,440,0,0,5,67,40158539499,99,1,3:53,2393,39.88333333333333,20,12,20,12,8,Herbert Jones offensive foul,FALSE,0,0,FALSE,0,0,FALSE
nba,2024,401585395,2024-02-12,Milwaukee Bucks,Denver Nuggets,MIL,DEN,35-19,36-18,112,95,TRUE,Milwaukee Bucks,35-19,NA,NA,NA,NA,NA,NA,NA,NA,NA,NA,Milwaukee Bucks,35-19,Denver Nuggets,36-18,0.575,0.575,0.501,0.15169660678642705,0.848303393213573,449,0,0,1,89,401585395124,124,1,2:16,2296,38.266666666666666,18,21,21,18,3,Nikola Jokic makes layup (Peyton Watson assists),FALSE,0,0,FALSE,0,0,FALSE
nba,2024,401585391,2024-02-12,Atlanta Hawks,Chicago Bulls,ATL,CHI,24-30,26-28,126,136,FALSE,Atlanta Hawks,24-30,NA,NA,NA,NA,NA,NA,NA,NA,NA,NA,Chicago Bulls,26-28,Atlanta Hawks,24-30,0.608,0.608,0.878,0.8610478359908884,0.1389521640091116,480,0,0,3,173,401585391259,259,2,4:59,1739,28.983333333333334,52,40,52,40,12,De'Andre Hunter defensive rebound,FALSE,0,0,FALSE,0,0,FALSE
nba,2024,401585392,2024-02-12,Toronto Raptors,San Antonio Spurs,TOR,SA,19-35,11-43,99,122,FALSE,Toronto Raptors,19-35,NA,NA,NA,NA,NA,NA,NA,NA,NA,NA,San Antonio Spurs,11-43,Toronto Raptors,19-35,0.771,0.771,0.771,0.7029831387808041,0.2970168612191959,479,0,0,1,1,4015853924,4,1,12:00,2880,48,0,0,0,0,0,Victor Wembanyama vs. Jakob Poeltl (Gary Trent Jr. gains possession),FALSE,0,0,FALSE,0,0,FALSE
nba,2024,401585389,2024-02-12,Charlotte Hornets,Indiana Pacers,CHA,IND,12-41,30-25,111,102,TRUE,Indiana Pacers,30-25,NA,NA,NA,NA,NA,NA,NA,NA,NA,NA,Charlotte Hornets,12-41,Indiana Pacers,30-25,0.153,0.847,0.922,0.915401301518438,0.08459869848156187,409,0,0,2,74,401585389107,107,1,3:23,2363,39.38333333333333,14,21,21,14,7,Vasilije Micic personal foul,FALSE,0,0,FALSE,0,0,FALSE
nba,2024,401585390,2024-02-12,Cleveland Cavaliers,Philadelphia 76ers,CLE,PHI,35-17,32-21,121,123,FALSE,Cleveland Cavaliers,35-17,NA,NA,NA,NA,NA,NA,NA,NA,NA,NA,Philadelphia 76ers,32-21,Cleveland Cavaliers,35-17,0.896,0.896,0.918,0.9106753812636166,0.08932461873638342,475,0,0,1,65,401585390102,102,1,3:48,2388,39.8,24,20,24,20,4,Buddy Hield personal foul,FALSE,0,0,FALSE,0,0,FALSE
nba,2024,401585388,2024-02-11,Oklahoma City Thunder,Sacramento Kings,OKC,SAC,36-17,30-22,127,113,TRUE,Oklahoma City Thunder,36-17,NA,NA,NA,NA,NA,NA,NA,NA,NA,NA,Oklahoma City Thunder,36-17,Sacramento Kings,30-22,0.633,0.633,0.4439999999999999,0.1734234234234232,0.8265765765765768,459,0,0,1,10,40158538818,18,1,10:54,2814,46.9,0,4,4,0,4,Keegan Murray makes 18-foot pullup jump shot (Domantas Sabonis assists),FALSE,0,0,FALSE,0,0,FALSE
nba,2024,401585387,2024-02-11,Miami Heat,Boston Celtics,MIA,BOS,28-25,41-12,106,110,FALSE,Boston Celtics,41-12,NA,NA,NA,NA,NA,NA,NA,NA,NA,NA,Boston Celtics,41-12,Miami Heat,28-25,0.296,0.704,0.495,0.40202020202020194,0.5979797979797981,424,0,0,1,401,401585387571,571,4,1:12,72,1.2,104,106,104,106,-2,Jrue Holiday personal foul,FALSE,0,0,FALSE,0,0,FALSE
nba,2024,401585386,2024-02-10,Portland Trail Blazers,New Orleans Pelicans,POR,NO,15-37,31-22,84,93,FALSE,New Orleans Pelicans,31-22,NA,NA,NA,NA,NA,NA,NA,NA,NA,NA,New Orleans Pelicans,31-22,Portland Trail Blazers,15-37,0.199,0.8009999999999999,0.482,0.5871369294605808,0.4128630705394192,410,0,0,1,313,401585386456,456,3,1:08,788,13.133333333333333,63,62,63,62,1,Ibou Badji defensive rebound,FALSE,0,0,FALSE,0,0,FALSE
nba,2024,401585385,2024-02-10,Golden State Warriors,Phoenix Suns,GS,PHX,25-25,31-22,113,112,TRUE,Golden State Warriors,25-25,NA,NA,NA,NA,NA,NA,NA,NA,NA,NA,Golden State Warriors,25-25,Phoenix Suns,31-22,0.541,0.541,0.908,0.8986784140969164,0.1013215859030836,492,0,0,3,475,401585385756,756,4,3.1,3.1,0.05166666666666666,110,112,112,110,2,Stephen Curry defensive rebound,FALSE,0,0,FALSE,0,0,FALSE
nba,2024,401585382,2024-02-10,Atlanta Hawks,Houston Rockets,ATL,HOU,24-29,23-29,122,113,TRUE,Atlanta Hawks,24-29,NA,NA,NA,NA,NA,NA,NA,NA,NA,NA,Atlanta Hawks,24-29,Houston Rockets,23-29,0.606,0.606,0.769,0.6996098829648896,0.3003901170351104,505,0,0,1,123,401585382176,176,2,11:42,2142,35.7,19,31,31,19,12,Jeff Green defensive rebound,FALSE,0,0,FALSE,0,0,FALSE
nba,2024,401585383,2024-02-10,New York Knicks,Indiana Pacers,NY,IND,33-20,30-24,111,125,FALSE,New York Knicks,33-20,NA,NA,NA,NA,NA,NA,NA,NA,NA,NA,Indiana Pacers,30-24,New York Knicks,33-20,0.561,0.561,0.657,0.47792998477929993,0.5220700152207001,413,0,0,1,102,401585383148,148,2,10:59,2099,34.983333333333334,31,28,31,28,3,Isaiah Jackson shooting foul,FALSE,0,0,FALSE,0,0,FALSE
nba,2024,401585384,2024-02-10,Toronto Raptors,Cleveland Cavaliers,TOR,CLE,19-34,35-16,95,119,FALSE,Cleveland Cavaliers,35-16,NA,NA,NA,NA,NA,NA,NA,NA,NA,NA,Cleveland Cavaliers,35-16,Toronto Raptors,19-34,0.213,0.787,0.365,0.4164383561643836,0.5835616438356164,451,0,0,1,44,40158538467,67,1,5:39,2499,41.65,16,13,16,13,3,Cavaliers Full timeout,FALSE,0,0,FALSE,0,0,FALSE
nba,2024,401585379,2024-02-10,Charlotte Hornets,Memphis Grizzlies,CHA,MEM,11-41,18-35,115,106,TRUE,Memphis Grizzlies,18-35,NA,NA,NA,NA,NA,NA,NA,NA,NA,NA,Charlotte Hornets,11-41,Memphis Grizzlies,18-35,0.285,0.7150000000000001,0.813,0.7699876998769988,0.2300123001230012,402,0,0,1,48,40158537970,70,1,4:51,2451,40.85,11,17,17,11,6,Santi Aldama defensive rebound,FALSE,0,0,FALSE,0,0,FALSE
nba,2024,401585380,2024-02-10,Orlando Magic,Chicago Bulls,ORL,CHI,29-24,25-28,114,108,TRUE,Orlando Magic,29-24,NA,NA,NA,NA,NA,NA,NA,NA,NA,NA,Orlando Magic,29-24,Chicago Bulls,25-28,0.639,0.639,0.896,0.8839285714285714,0.1160714285714286,482,0,0,1,302,401585380432,432,3,1:30,1110,18.5,72,83,83,72,11,Alex Caruso blocks Paolo Banchero 's 3-foot driving layup,FALSE,0,0,FALSE,0,0,FALSE
nba,2024,401585381,2024-02-10,Washington Wizards,Philadelphia 76ers,WSH,PHI,9-43,31-21,113,119,FALSE,Philadelphia 76ers,31-21,NA,NA,NA,NA,NA,NA,NA,NA,NA,NA,Philadelphia 76ers,31-21,Washington Wizards,9-43,0.357,0.643,0.527,0.32258064516129037,0.6774193548387096,490,0,0,1,68,401585381104,104,1,4:59,2459,40.983333333333334,19,14,19,14,5,Cameron Payne misses 27-foot three point pullup jump shot,FALSE,0,0,FALSE,0,0,FALSE
nba,2024,401585378,2024-02-10,Brooklyn Nets,San Antonio Spurs,BKN,SA,21-31,10-43,123,103,TRUE,Brooklyn Nets,21-31,NA,NA,NA,NA,NA,NA,NA,NA,NA,NA,Brooklyn Nets,21-31,San Antonio Spurs,10-43,0.755,0.755,0.32699999999999996,0.25076452599388366,0.7492354740061163,456,0,0,3,35,40158537845,45,1,7:33,2613,43.55,7,10,10,7,3,Jeremy Sochan makes two point shot (Tre Jones assists),FALSE,0,0,FALSE,0,0,FALSE
nba,2024,401585377,2024-02-10,LA Clippers,Detroit Pistons,LAC,DET,35-16,8-44,112,106,TRUE,LA Clippers,35-16,NA,NA,NA,NA,NA,NA,NA,NA,NA,NA,LA Clippers,35-16,Detroit Pistons,8-44,0.935,0.935,0.755,0.913907284768212,0.08609271523178796,447,0,0,1,238,401585377340,340,3,8:17,1217,20.283333333333335,51,64,64,51,13,Jalen Duren defensive rebound,FALSE,0,0,FALSE,0,0,FALSE
nba,2024,401585376,2024-02-10,Dallas Mavericks,Oklahoma City Thunder,DAL,OKC,30-23,35-17,146,111,TRUE,Oklahoma City Thunder,35-17,NA,NA,NA,NA,NA,NA,NA,NA,NA,NA,Dallas Mavericks,30-23,Oklahoma City Thunder,35-17,0.461,0.5389999999999999,0.5389999999999999,0.14471243042671578,0.8552875695732842,508,0,0,2,1,4015853764,4,1,12:00,2880,48,0,0,0,0,0,Chet Holmgren vs. Maxi Kleber (Luguentz Dort gains possession),FALSE,0,0,FALSE,0,0,FALSE
nba,2024,401585375,2024-02-09,Los Angeles Lakers,New Orleans Pelicans,LAL,NO,28-26,30-22,139,122,TRUE,New Orleans Pelicans,30-22,NA,NA,NA,NA,NA,NA,NA,NA,NA,NA,Los Angeles Lakers,28-26,New Orleans Pelicans,30-22,0.302,0.698,0.753,0.6719787516600266,0.32802124833997337,474,0,0,1,89,401585375135,135,1,2:11,2291,38.18333333333333,31,34,34,31,3,Taurean Prince shooting foul,FALSE,0,0,FALSE,0,0,FALSE
nba,2024,401585374,2024-02-09,Sacramento Kings,Denver Nuggets,SAC,DEN,30-21,36-17,135,106,TRUE,Sacramento Kings,30-21,NA,NA,NA,NA,NA,NA,NA,NA,NA,NA,Sacramento Kings,30-21,Denver Nuggets,36-17,0.556,0.556,0.692,0.5549132947976878,0.4450867052023122,454,0,0,1,101,401585374148,148,1,25.0,2185,36.416666666666664,26,35,35,26,9,Reggie Jackson makes driving layup,FALSE,0,0,FALSE,0,0,FALSE
nba,2024,401585373,2024-02-09,Milwaukee Bucks,Charlotte Hornets,MIL,CHA,34-19,10-41,120,84,TRUE,Milwaukee Bucks,34-19,NA,NA,NA,NA,NA,NA,NA,NA,NA,NA,Milwaukee Bucks,34-19,Charlotte Hornets,10-41,0.868,0.868,0.18400000000000005,0.28260869565217406,0.7173913043478259,463,0,0,1,16,40158537326,26,1,9:31,2731,45.516666666666666,4,6,6,4,2,Cody Martin makes free throw 1 of 2,FALSE,0,0,FALSE,0,0,FALSE
nba,2024,401585371,2024-02-09,Boston Celtics,Washington Wizards,BOS,WSH,40-12,9-42,133,129,TRUE,Boston Celtics,40-12,NA,NA,NA,NA,NA,NA,NA,NA,NA,NA,Boston Celtics,40-12,Washington Wizards,9-42,0.961,0.961,0.4449999999999999,0.9123595505617976,0.08764044943820237,471,0,0,1,249,401585371343,343,3,11:31,1411,23.516666666666666,64,71,71,64,7,Jayson Tatum shooting foul,FALSE,0,0,FALSE,0,0,FALSE
nba,2024,401585372,2024-02-09,Toronto Raptors,Houston Rockets,TOR,HOU,19-33,23-28,107,104,TRUE,Toronto Raptors,19-33,NA,NA,NA,NA,NA,NA,NA,NA,NA,NA,Toronto Raptors,19-33,Houston Rockets,23-28,0.61,0.61,0.5509999999999999,0.292196007259528,0.707803992740472,467,0,0,1,147,401585372221,221,2,8:43,1963,32.71666666666667,36,38,38,36,2,RJ Barrett shooting foul,FALSE,0,0,FALSE,0,0,FALSE
nba,2024,401585370,2024-02-09,Philadelphia 76ers,Atlanta Hawks,PHI,ATL,30-21,23-29,121,127,FALSE,Philadelphia 76ers,30-21,NA,NA,NA,NA,NA,NA,NA,NA,NA,NA,Atlanta Hawks,23-29,Philadelphia 76ers,30-21,0.628,0.628,0.628,0.40764331210191074,0.5923566878980893,493,0,0,1,1,4015853704,4,1,12:00,2880,48,0,0,0,0,0,Onyeka Okongwu vs. Paul Reed (Saddiq Bey gains possession),FALSE,0,0,FALSE,0,0,FALSE
nba,2024,401585368,2024-02-08,Los Angeles Lakers,Denver Nuggets,LAL,DEN,27-26,36-16,106,114,FALSE,Denver Nuggets,36-16,NA,NA,NA,NA,NA,NA,NA,NA,NA,NA,Denver Nuggets,36-16,Los Angeles Lakers,27-26,0.402,0.598,0.533,0.24577861163227024,0.7542213883677298,439,0,0,1,409,401585368616,616,4,3:44,224,3.7333333333333334,99,100,99,100,-1,LeBron James makes free throw 1 of 2,FALSE,0,0,FALSE,0,0,FALSE
nba,2024,401585369,2024-02-08,Portland Trail Blazers,Detroit Pistons,POR,DET,15-36,8-43,122,128,FALSE,Portland Trail Blazers,15-36,NA,NA,NA,NA,NA,NA,NA,NA,NA,NA,Detroit Pistons,8-43,Portland Trail Blazers,15-36,0.53,0.53,0.993,0.9929506545820744,0.00704934541792545,516,0,0,3,290,401585369414,414,3,4:59,1319,21.983333333333334,91,69,91,69,22,Jaden Ivey technical foul,FALSE,0,0,FALSE,0,0,FALSE
nba,2024,401585367,2024-02-08,Phoenix Suns,Utah Jazz,PHX,UTAH,31-21,26-27,129,115,TRUE,Phoenix Suns,31-21,NA,NA,NA,NA,NA,NA,NA,NA,NA,NA,Phoenix Suns,31-21,Utah Jazz,26-27,0.592,0.592,0.409,0.00244498777506096,0.997555012224939,471,0,0,1,5,40158536711,11,1,11:12,2832,47.2,2,2,2,2,0,Walker Kessler makes 1-foot dunk (Collin Sexton assists),FALSE,0,0,FALSE,0,0,FALSE
nba,2024,401585365,2024-02-08,Memphis Grizzlies,Chicago Bulls,MEM,CHI,18-34,25-27,110,118,FALSE,Chicago Bulls,25-27,NA,NA,NA,NA,NA,NA,NA,NA,NA,NA,Chicago Bulls,25-27,Memphis Grizzlies,18-34,0.438,0.562,0.771,0.7029831387808041,0.2970168612191959,452,0,0,1,340,401585365486,486,4,8:27,507,8.45,93,87,93,87,6,Jaren Jackson Jr. makes 1-foot dunk (John Konchar assists),FALSE,0,0,FALSE,0,0,FALSE
nba,2024,401585366,2024-02-08,Milwaukee Bucks,Minnesota Timberwolves,MIL,MIN,33-19,36-16,105,129,FALSE,Minnesota Timberwolves,36-16,NA,NA,NA,NA,NA,NA,NA,NA,NA,NA,Minnesota Timberwolves,36-16,Milwaukee Bucks,33-19,0.393,0.607,0.507,0.2248520710059171,0.7751479289940829,403,0,0,1,24,40158536637,37,1,8:42,2682,44.7,10,6,10,6,4,Jae Crowder defensive rebound,FALSE,0,0,FALSE,0,0,FALSE
nba,2024,401585363,2024-02-08,Brooklyn Nets,Cleveland Cavaliers,BKN,CLE,20-31,34-16,95,118,FALSE,Cleveland Cavaliers,34-16,NA,NA,NA,NA,NA,NA,NA,NA,NA,NA,Cleveland Cavaliers,34-16,Brooklyn Nets,20-31,0.255,0.745,0.257,0.00778210116731514,0.9922178988326849,436,0,0,1,8,40158536316,16,1,10:38,2798,46.63333333333333,5,5,5,5,0,Donovan Mitchell misses driving layup,FALSE,0,0,FALSE,0,0,FALSE
nba,2024,401585364,2024-02-08,New York Knicks,Dallas Mavericks,NY,DAL,33-19,29-23,108,122,FALSE,Dallas Mavericks,29-23,NA,NA,NA,NA,NA,NA,NA,NA,NA,NA,Dallas Mavericks,29-23,New York Knicks,33-19,0.489,0.511,0.506,0.03359683794466406,0.966403162055336,433,0,0,1,54,40158536485,85,1,4:51,2451,40.85,16,16,16,16,0,Josh Green misses 24-foot three point jumper,FALSE,0,0,FALSE,0,0,FALSE
nba,2024,401585361,2024-02-08,Indiana Pacers,Golden State Warriors,IND,GS,29-24,24-25,109,131,FALSE,Indiana Pacers,29-24,NA,NA,NA,NA,NA,NA,NA,NA,NA,NA,Golden State Warriors,24-25,Indiana Pacers,29-24,0.714,0.714,0.714,0.599439775910364,0.400560224089636,457,0,0,1,1,4015853614,4,1,12:00,2880,48,0,0,0,0,0,Draymond Green vs. Myles Turner (Pascal Siakam gains possession),FALSE,0,0,FALSE,0,0,FALSE
nba,2024,401585362,2024-02-08,Orlando Magic,San Antonio Spurs,ORL,SA,28-24,10-42,127,111,TRUE,Orlando Magic,28-24,NA,NA,NA,NA,NA,NA,NA,NA,NA,NA,Orlando Magic,28-24,San Antonio Spurs,10-42,0.821,0.821,0.236,0.24152542372881336,0.7584745762711866,434,0,0,1,122,401585362175,175,2,10:09,2049,34.15,25,25,25,25,0,Cedi Osman makes 25-foot three point jumper (Tre Jones assists),FALSE,0,0,FALSE,0,0,FALSE
nba,2024,401585359,2024-02-07,LA Clippers,New Orleans Pelicans,LAC,NO,34-16,30-21,106,117,FALSE,LA Clippers,34-16,NA,NA,NA,NA,NA,NA,NA,NA,NA,NA,New Orleans Pelicans,30-21,LA Clippers,34-16,0.687,0.687,0.687,0.5443959243085881,0.4556040756914119,444,0,0,1,1,4015853594,4,1,12:00,2880,48,0,0,0,0,0,Jonas Valanciunas vs. Ivica Zubac (CJ McCollum gains possession),FALSE,0,0,FALSE,0,0,FALSE
nba,2024,401585360,2024-02-07,Sacramento Kings,Detroit Pistons,SAC,DET,29-21,7-43,120,133,FALSE,Sacramento Kings,29-21,NA,NA,NA,NA,NA,NA,NA,NA,NA,NA,Detroit Pistons,7-43,Sacramento Kings,29-21,0.801,0.801,0.906,0.8962472406181017,0.10375275938189832,441,0,0,1,26,40158536047,47,1,8:12,2652,44.2,14,5,14,5,9,Harrison Barnes defensive rebound,FALSE,0,0,FALSE,0,0,FALSE
nba,2024,401585355,2024-02-07,Philadelphia 76ers,Golden State Warriors,PHI,GS,30-20,23-25,104,127,FALSE,Golden State Warriors,23-25,NA,NA,NA,NA,NA,NA,NA,NA,NA,NA,Golden State Warriors,23-25,Philadelphia 76ers,30-20,0.49,0.51,0.76,0.6842105263157894,0.3157894736842106,476,0,0,1,127,401585355199,199,2,11:06,2106,35.1,27,17,27,17,10,Paul Reed makes 13-foot jumper (Tyrese Maxey assists),FALSE,0,0,FALSE,0,0,FALSE
nba,2024,401585357,2024-02-07,Boston Celtics,Atlanta Hawks,BOS,ATL,39-12,22-29,125,117,TRUE,Boston Celtics,39-12,NA,NA,NA,NA,NA,NA,NA,NA,NA,NA,Boston Celtics,39-12,Atlanta Hawks,22-29,0.885,0.885,0.32699999999999996,0.6483180428134556,0.3516819571865444,447,0,0,1,183,401585357264,264,2,4:17,1697,28.283333333333335,58,62,62,58,4,Saddiq Bey makes 24-foot three point jumper (Onyeka Okongwu assists),FALSE,0,0,FALSE,0,0,FALSE
nba,2024,401585358,2024-02-07,Miami Heat,San Antonio Spurs,MIA,SA,28-24,10-41,116,104,TRUE,Miami Heat,28-24,NA,NA,NA,NA,NA,NA,NA,NA,NA,NA,Miami Heat,28-24,San Antonio Spurs,10-41,0.743,0.743,0.528,0.5132575757575757,0.4867424242424243,469,0,0,1,174,401585358268,268,2,4:32,1712,28.533333333333335,38,44,44,38,6,Victor Wembanyama makes two point shot (Devin Vassell assists),FALSE,0,0,FALSE,0,0,FALSE
nba,2024,401585354,2024-02-07,Charlotte Hornets,Toronto Raptors,CHA,TOR,10-40,18-33,117,123,FALSE,Toronto Raptors,18-33,NA,NA,NA,NA,NA,NA,NA,NA,NA,NA,Toronto Raptors,18-33,Charlotte Hornets,10-40,0.23,0.77,0.905,0.8950276243093922,0.1049723756906078,443,0,0,1,240,401585354349,349,3,7:00,1140,19,80,65,80,65,15,Brandon Miller defensive rebound,FALSE,0,0,FALSE,0,0,FALSE
nba,2024,401585356,2024-02-07,Washington Wizards,Cleveland Cavaliers,WSH,CLE,9-41,33-16,106,114,FALSE,Cleveland Cavaliers,33-16,NA,NA,NA,NA,NA,NA,NA,NA,NA,NA,Cleveland Cavaliers,33-16,Washington Wizards,9-41,0.12,0.88,0.626,0.8083067092651757,0.19169329073482433,484,0,0,1,306,401585356439,439,3,3:53,953,15.883333333333333,74,68,74,68,6,Jarrett Allen lost ball turnover (Daniel Gafford steals),FALSE,0,0,FALSE,0,0,FALSE
nba,2024,401585353,2024-02-06,Phoenix Suns,Milwaukee Bucks,PHX,MIL,30-21,33-18,114,106,TRUE,Phoenix Suns,30-21,NA,NA,NA,NA,NA,NA,NA,NA,NA,NA,Phoenix Suns,30-21,Milwaukee Bucks,33-18,0.719,0.719,0.645,0.5643410852713178,0.43565891472868223,486,0,0,1,225,401585353300,300,2,1:33,1533,25.55,41,47,47,41,6,Grayson Allen personal foul,FALSE,0,0,FALSE,0,0,FALSE
nba,2024,401585352,2024-02-06,Utah Jazz,Oklahoma City Thunder,UTAH,OKC,26-26,35-16,124,117,TRUE,Utah Jazz,26-26,NA,NA,NA,NA,NA,NA,NA,NA,NA,NA,Utah Jazz,26-26,Oklahoma City Thunder,35-16,0.508,0.508,0.9,0.8888888888888888,0.11111111111111116,454,0,0,1,275,401585352395,395,3,5:14,1034,17.233333333333334,77,89,89,77,12,Lauri Markkanen misses layup,FALSE,0,0,FALSE,0,0,FALSE
nba,2024,401585351,2024-02-06,Chicago Bulls,Minnesota Timberwolves,CHI,MIN,24-27,35-16,129,123,TRUE,Minnesota Timberwolves,35-16,NA,NA,NA,NA,NA,NA,NA,NA,NA,NA,Chicago Bulls,24-27,Minnesota Timberwolves,35-16,0.299,0.7010000000000001,0.987,0.9868287740628164,0.01317122593718345,528,0,0,4,212,401585351306,306,2,1:19,1819,30.316666666666663,42,65,65,42,23,Karl-Anthony Towns defensive rebound,FALSE,0,0,FALSE,0,0,FALSE
nba,2024,401585348,2024-02-06,Brooklyn Nets,Dallas Mavericks,BKN,DAL,20-30,28-23,107,119,FALSE,Brooklyn Nets,20-30,NA,NA,NA,NA,NA,NA,NA,NA,NA,NA,Dallas Mavericks,28-23,Brooklyn Nets,20-30,0.541,0.541,0.611,0.3633387888707038,0.6366612111292962,429,0,0,1,20,40158534829,29,1,9:34,2734,45.56666666666667,6,4,6,4,2,Nic Claxton makes free throw 1 of 2,FALSE,0,0,FALSE,0,0,FALSE
nba,2024,401585349,2024-02-06,Miami Heat,Orlando Magic,MIA,ORL,27-24,27-24,121,95,TRUE,Miami Heat,27-24,NA,NA,NA,NA,NA,NA,NA,NA,NA,NA,Miami Heat,27-24,Orlando Magic,27-24,0.528,0.528,0.472,0,1,440,0,0,1,1,4015853494,4,1,12:00,2880,48,0,0,0,0,0,Wendell Carter Jr. vs. Bam Adebayo (Jalen Suggs gains possession),FALSE,0,0,FALSE,0,0,FALSE
nba,2024,401585350,2024-02-06,New York Knicks,Memphis Grizzlies,NY,MEM,33-18,18-33,123,113,TRUE,New York Knicks,33-18,NA,NA,NA,NA,NA,NA,NA,NA,NA,NA,New York Knicks,33-18,Memphis Grizzlies,18-33,0.841,0.841,0.15900000000000003,0,1,410,0,0,1,1,4015853504,4,1,12:00,2880,48,0,0,0,0,0,Trey Jemison vs. Isaiah Hartenstein (Precious Achiuwa gains possession),FALSE,0,0,FALSE,0,0,FALSE
nba,2024,401585347,2024-02-06,Indiana Pacers,Houston Rockets,IND,HOU,29-23,23-27,132,129,TRUE,Indiana Pacers,29-23,NA,NA,NA,NA,NA,NA,NA,NA,NA,NA,Indiana Pacers,29-23,Houston Rockets,23-27,0.722,0.722,0.767,0.6962190352020861,0.30378096479791394,458,0,0,2,216,401585347324,324,3,9:33,1293,21.55,75,84,84,75,9,Jabari Smith Jr. makes free throw 1 of 2,FALSE,0,0,FALSE,0,0,FALSE
nba,2024,401585346,2024-02-05,New Orleans Pelicans,Toronto Raptors,NO,TOR,29-21,17-33,138,100,TRUE,New Orleans Pelicans,29-21,NA,NA,NA,NA,NA,NA,NA,NA,NA,NA,New Orleans Pelicans,29-21,Toronto Raptors,17-33,0.757,0.757,0.267,0.08988764044943831,0.9101123595505616,428,0,0,1,2,4015853467,7,1,11:41,2861,47.68333333333333,0,2,2,0,2,Jakob Poeltl makes 1-foot layup (Scottie Barnes assists),FALSE,0,0,FALSE,0,0,FALSE
nba,2024,401585344,2024-02-05,Atlanta Hawks,LA Clippers,ATL,LAC,22-28,34-15,144,149,FALSE,LA Clippers,34-15,NA,NA,NA,NA,NA,NA,NA,NA,NA,NA,LA Clippers,34-15,Atlanta Hawks,22-28,0.346,0.654,0.734,0.6376021798365121,0.3623978201634878,469,0,0,1,328,401585344477,477,4,11:14,674,11.233333333333333,106,102,106,102,4,Norman Powell shooting foul,FALSE,0,0,FALSE,0,0,FALSE
nba,2024,401585345,2024-02-05,Brooklyn Nets,Golden State Warriors,BKN,GS,20-29,22-25,98,109,FALSE,Golden State Warriors,22-25,NA,NA,NA,NA,NA,NA,NA,NA,NA,NA,Golden State Warriors,22-25,Brooklyn Nets,20-29,0.493,0.507,0.772,0.7046632124352332,0.2953367875647668,491,0,0,1,179,401585345263,263,2,5:31,1771,29.516666666666666,37,28,37,28,9,Dennis Smith Jr. defensive rebound,FALSE,0,0,FALSE,0,0,FALSE
nba,2024,401585341,2024-02-05,Charlotte Hornets,Los Angeles Lakers,CHA,LAL,10-39,27-25,118,124,FALSE,Los Angeles Lakers,27-25,NA,NA,NA,NA,NA,NA,NA,NA,NA,NA,Los Angeles Lakers,27-25,Charlotte Hornets,10-39,0.158,0.842,0.294,0.4625850340136053,0.5374149659863947,431,0,0,1,16,40158534124,24,1,9:42,2742,45.7,11,4,11,4,7,Brandon Miller personal foul,FALSE,0,0,FALSE,0,0,FALSE
nba,2024,401585342,2024-02-05,Cleveland Cavaliers,Sacramento Kings,CLE,SAC,32-16,29-20,136,110,TRUE,Cleveland Cavaliers,32-16,NA,NA,NA,NA,NA,NA,NA,NA,NA,NA,Cleveland Cavaliers,32-16,Sacramento Kings,29-20,0.746,0.746,0.33499999999999996,0.24179104477611937,0.7582089552238807,451,0,0,1,67,40158534295,95,1,3:20,2360,39.333333333333336,26,28,28,26,2,Harrison Barnes makes 26-foot step back jumpshot (Domantas Sabonis assists),FALSE,0,0,FALSE,0,0,FALSE
nba,2024,401585343,2024-02-05,Philadelphia 76ers,Dallas Mavericks,PHI,DAL,30-19,27-23,102,118,FALSE,Philadelphia 76ers,30-19,NA,NA,NA,NA,NA,NA,NA,NA,NA,NA,Dallas Mavericks,27-23,Philadelphia 76ers,30-19,0.54,0.54,0.824,0.7864077669902911,0.2135922330097089,472,0,0,1,193,401585343287,287,2,4:10,1690,28.166666666666668,50,40,50,40,10,Mo Bamba defensive rebound,FALSE,0,0,FALSE,0,0,FALSE
nba,2024,401585340,2024-02-04,Denver Nuggets,Portland Trail Blazers,DEN,POR,35-16,15-35,112,103,TRUE,Denver Nuggets,35-16,NA,NA,NA,NA,NA,NA,NA,NA,NA,NA,Denver Nuggets,35-16,Portland Trail Blazers,15-35,0.878,0.878,0.764,0.8403141361256544,0.15968586387434558,413,0,0,2,269,401585340399,399,3,4:17,977,16.283333333333335,75,84,84,75,9,Matisse Thybulle makes free throw 1 of 2,FALSE,0,0,FALSE,0,0,FALSE
nba,2024,401585339,2024-02-04,Utah Jazz,Milwaukee Bucks,UTAH,MIL,25-26,33-17,123,108,TRUE,Utah Jazz,25-26,NA,NA,NA,NA,NA,NA,NA,NA,NA,NA,Utah Jazz,25-26,Milwaukee Bucks,33-17,0.748,0.748,0.964,0.962655601659751,0.03734439834024905,456,0,0,5,306,401585339445,445,3,2:40,880,14.666666666666666,74,89,89,74,15,John Collins shooting foul,FALSE,0,0,FALSE,0,0,FALSE
nba,2024,401585337,2024-02-04,Minnesota Timberwolves,Houston Rockets,MIN,HOU,35-15,23-26,111,90,TRUE,Minnesota Timberwolves,35-15,NA,NA,NA,NA,NA,NA,NA,NA,NA,NA,Minnesota Timberwolves,35-15,Houston Rockets,23-26,0.693,0.693,0.455,0.32527472527472523,0.6747252747252748,522,0,0,1,7,40158533714,14,1,11:01,2821,47.016666666666666,0,6,6,0,6,Fred VanVleet makes 24-foot running pullup jump shot (Jalen Green assists),FALSE,0,0,FALSE,0,0,FALSE
nba,2024,401585338,2024-02-04,Oklahoma City Thunder,Toronto Raptors,OKC,TOR,35-15,17-32,135,127,TRUE,Oklahoma City Thunder,35-15,NA,NA,NA,NA,NA,NA,NA,NA,NA,NA,Oklahoma City Thunder,35-15,Toronto Raptors,17-32,0.75,0.75,0.983,0.982706002034588,0.01729399796541209,513,0,0,2,271,401585338401,401,3,6:44,1724,28.733333333333334,53,76,76,53,23,Scottie Barnes makes 24-foot three point jumper (Jakob Poeltl assists),FALSE,0,0,FALSE,0,0,FALSE
nba,2024,401585336,2024-02-04,Miami Heat,LA Clippers,MIA,LAC,26-24,33-15,95,103,FALSE,LA Clippers,33-15,NA,NA,NA,NA,NA,NA,NA,NA,NA,NA,LA Clippers,33-15,Miami Heat,26-24,0.295,0.7050000000000001,0.606,0.5132013201320134,0.48679867986798664,420,0,0,1,43,40158533655,55,1,6:26,2546,42.43333333333333,16,5,16,5,11,Ivica Zubac misses 11-foot two point shot,FALSE,0,0,FALSE,0,0,FALSE
nba,2024,401585334,2024-02-04,Boston Celtics,Memphis Grizzlies,BOS,MEM,38-12,18-32,131,91,TRUE,Boston Celtics,38-12,NA,NA,NA,NA,NA,NA,NA,NA,NA,NA,Boston Celtics,38-12,Memphis Grizzlies,18-32,0.964,0.964,0.09899999999999998,0.636363636363636,0.363636363636364,456,0,0,2,187,401585334250,250,2,5:19,1759,29.316666666666663,44,41,41,44,-3,Trey Jemison makes free throw 1 of 2,FALSE,0,0,FALSE,0,0,FALSE
nba,2024,401585335,2024-02-04,Charlotte Hornets,Indiana Pacers,CHA,IND,10-38,28-23,99,115,FALSE,Indiana Pacers,28-23,NA,NA,NA,NA,NA,NA,NA,NA,NA,NA,Indiana Pacers,28-23,Charlotte Hornets,10-38,0.18,0.8200000000000001,0.209,0.1387559808612443,0.8612440191387557,464,0,0,1,256,401585335366,366,3,8:33,1233,20.55,59,63,59,63,-4,Ish Smith makes 26-foot three pointer (Nick Richards assists),FALSE,0,0,FALSE,0,0,FALSE
nba,2024,401585333,2024-02-04,Washington Wizards,Phoenix Suns,WSH,PHX,9-40,29-21,112,140,FALSE,Phoenix Suns,29-21,NA,NA,NA,NA,NA,NA,NA,NA,NA,NA,Phoenix Suns,29-21,Washington Wizards,9-40,0.184,0.8160000000000001,0.186,0.01075268817204333,0.9892473118279568,461,0,0,1,5,40158533311,11,1,11:27,2847,47.45,2,2,2,2,0,Daniel Gafford makes driving layup (Tyus Jones assists),FALSE,0,0,FALSE,0,0,FALSE
nba,2024,401585332,2024-02-04,Detroit Pistons,Orlando Magic,DET,ORL,6-43,27-23,99,111,FALSE,Orlando Magic,27-23,NA,NA,NA,NA,NA,NA,NA,NA,NA,NA,Orlando Magic,27-23,Detroit Pistons,6-43,0.386,0.614,0.634,0.42271293375394325,0.5772870662460567,423,0,0,1,75,401585332109,109,1,2:55,2335,38.916666666666664,27,19,27,19,8,Monte Morris defensive rebound,FALSE,0,0,FALSE,0,0,FALSE
nba,2024,401585329,2024-02-03,New York Knicks,Los Angeles Lakers,NY,LAL,32-18,26-25,105,113,FALSE,New York Knicks,32-18,NA,NA,NA,NA,NA,NA,NA,NA,NA,NA,Los Angeles Lakers,26-25,New York Knicks,32-18,0.645,0.645,0.841,0.8109393579072532,0.18906064209274676,440,0,0,1,323,401585329456,456,3,1:12,792,13.2,86,78,86,78,8,Jalen Brunson makes 25-foot running pullup jump shot,FALSE,0,0,FALSE,0,0,FALSE
nba,2024,401585330,2024-02-03,Dallas Mavericks,Milwaukee Bucks,DAL,MIL,26-23,33-16,117,129,FALSE,Milwaukee Bucks,33-16,NA,NA,NA,NA,NA,NA,NA,NA,NA,NA,Milwaukee Bucks,33-16,Dallas Mavericks,26-23,0.422,0.5780000000000001,0.968,0.9669421487603304,0.03305785123966953,453,0,0,3,161,401585330232,232,2,6:33,1833,30.55,56,32,56,32,24,Damian Lillard bad pass (Luka Doncic steals),FALSE,0,0,FALSE,0,0,FALSE
nba,2024,401585331,2024-02-03,San Antonio Spurs,Cleveland Cavaliers,SA,CLE,10-40,31-16,101,117,FALSE,Cleveland Cavaliers,31-16,NA,NA,NA,NA,NA,NA,NA,NA,NA,NA,Cleveland Cavaliers,31-16,San Antonio Spurs,10-40,0.133,0.867,0.177,0.24858757062146888,0.7514124293785311,495,0,0,1,44,40158533165,65,1,6:22,2542,42.36666666666667,11,10,11,10,1,Zach Collins offensive rebound,FALSE,0,0,FALSE,0,0,FALSE
nba,2024,401585328,2024-02-03,Chicago Bulls,Sacramento Kings,CHI,SAC,23-27,29-19,115,123,FALSE,Sacramento Kings,29-19,NA,NA,NA,NA,NA,NA,NA,NA,NA,NA,Sacramento Kings,29-19,Chicago Bulls,23-27,0.49,0.51,0.638,0.432601880877743,0.567398119122257,478,0,0,1,11,40158532823,23,1,9:47,2747,45.78333333333333,7,2,7,2,5,DeMar DeRozan defensive rebound,FALSE,0,0,FALSE,0,0,FALSE
nba,2024,401585327,2024-02-03,Atlanta Hawks,Golden State Warriors,ATL,GS,22-27,21-25,141,134,TRUE,Golden State Warriors,21-25,NA,NA,NA,NA,NA,NA,NA,NA,NA,NA,Atlanta Hawks,22-27,Golden State Warriors,21-25,0.434,0.5660000000000001,0.794,0.7405541561712847,0.2594458438287153,543,0,0,1,454,401585327630,630,4,5:18,618,10.3,104,109,109,104,5,Jonathan Kuminga makes alley oop layup (Brandin Podziemski assists),FALSE,0,0,FALSE,0,0,FALSE
nba,2024,401585326,2024-02-03,Philadelphia 76ers,Brooklyn Nets,PHI,BKN,30-18,20-28,121,136,FALSE,Philadelphia 76ers,30-18,NA,NA,NA,NA,NA,NA,NA,NA,NA,NA,Brooklyn Nets,20-28,Philadelphia 76ers,30-18,0.593,0.593,0.593,0.3136593591905563,0.6863406408094437,488,0,0,1,1,4015853264,4,1,12:00,2880,48,0,0,0,0,0,Nic Claxton vs. Paul Reed (Cameron Johnson gains possession),FALSE,0,0,FALSE,0,0,FALSE
nba,2024,401585325,2024-02-02,Denver Nuggets,Portland Trail Blazers,DEN,POR,34-16,15-34,120,108,TRUE,Denver Nuggets,34-16,NA,NA,NA,NA,NA,NA,NA,NA,NA,NA,Denver Nuggets,34-16,Portland Trail Blazers,15-34,0.878,0.878,0.29700000000000004,0.5892255892255893,0.4107744107744107,438,0,0,2,200,401585325276,276,2,1:33,1533,25.55,54,55,55,54,1,Nikola Jokic misses 4-foot two point shot,FALSE,0,0,FALSE,0,0,FALSE
nba,2024,401585320,2024-02-02,Houston Rockets,Toronto Raptors,HOU,TOR,23-25,17-31,135,106,TRUE,Houston Rockets,23-25,NA,NA,NA,NA,NA,NA,NA,NA,NA,NA,Houston Rockets,23-25,Toronto Raptors,17-31,0.591,0.591,0.471,0.13163481953290856,0.8683651804670914,457,0,0,1,27,40158532041,41,1,8:23,2663,44.38333333333333,4,7,7,4,3,Scottie Barnes personal foul,FALSE,0,0,FALSE,0,0,FALSE
nba,2024,401585321,2024-02-02,Memphis Grizzlies,Golden State Warriors,MEM,GS,18-31,21-24,101,121,FALSE,Golden State Warriors,21-24,NA,NA,NA,NA,NA,NA,NA,NA,NA,NA,Golden State Warriors,21-24,Memphis Grizzlies,18-31,0.274,0.726,0.431,0.3642691415313224,0.6357308584686776,471,0,0,3,70,40158532194,94,1,4:48,2448,40.8,16,12,16,12,4,Steve Kerr technical foul (1st technical foul),FALSE,0,0,FALSE,0,0,FALSE
nba,2024,401585322,2024-02-02,Minnesota Timberwolves,Orlando Magic,MIN,ORL,34-15,26-23,106,108,FALSE,Minnesota Timberwolves,34-15,NA,NA,NA,NA,NA,NA,NA,NA,NA,NA,Orlando Magic,26-23,Minnesota Timberwolves,34-15,0.671,0.671,0.931,0.9258861439312568,0.07411385606874332,443,0,0,1,109,401585322167,167,2,11:07,2107,35.11666666666667,43,26,43,26,17,Kyle Anderson makes 22-foot three point jumper (Jordan McLaughlin assists),FALSE,0,0,FALSE,0,0,FALSE
nba,2024,401585323,2024-02-02,Oklahoma City Thunder,Charlotte Hornets,OKC,CHA,34-15,10-37,126,106,TRUE,Oklahoma City Thunder,34-15,NA,NA,NA,NA,NA,NA,NA,NA,NA,NA,Oklahoma City Thunder,34-15,Charlotte Hornets,10-37,0.931,0.931,0.06899999999999995,0,1,440,0,0,1,1,4015853234,4,1,12:00,2880,48,0,0,0,0,0,Nick Richards vs. Chet Holmgren (Shai Gilgeous-Alexander gains possession),FALSE,0,0,FALSE,0,0,FALSE
nba,2024,401585324,2024-02-02,San Antonio Spurs,New Orleans Pelicans,SA,NO,10-39,28-21,113,114,FALSE,New Orleans Pelicans,28-21,NA,NA,NA,NA,NA,NA,NA,NA,NA,NA,New Orleans Pelicans,28-21,San Antonio Spurs,10-39,0.261,0.739,0.83,0.7951807228915662,0.20481927710843384,487,0,0,1,425,401585324628,628,4,4:22,262,4.366666666666666,105,102,105,102,3,Zion Williamson shooting foul,FALSE,0,0,FALSE,0,0,FALSE
nba,2024,401585318,2024-02-02,Atlanta Hawks,Phoenix Suns,ATL,PHX,21-27,28-21,129,120,TRUE,Phoenix Suns,28-21,NA,NA,NA,NA,NA,NA,NA,NA,NA,NA,Atlanta Hawks,21-27,Phoenix Suns,28-21,0.424,0.5760000000000001,0.6779999999999999,0.5250737463126842,0.4749262536873158,437,0,0,6,291,401585318424,424,3,3:33,933,15.55,86,89,89,86,3,Devin Booker makes technical free throw,FALSE,0,0,FALSE,0,0,FALSE
nba,2024,401585319,2024-02-02,Indiana Pacers,Sacramento Kings,IND,SAC,27-23,28-19,122,133,FALSE,Sacramento Kings,28-19,NA,NA,NA,NA,NA,NA,NA,NA,NA,NA,Sacramento Kings,28-19,Indiana Pacers,27-23,0.499,0.501,0.641,0.43993759750390016,0.5600624024960998,481,0,0,2,128,401585319184,184,2,9:57,2037,33.95,47,43,47,43,4,Jarace Walker defensive rebound,FALSE,0,0,FALSE,0,0,FALSE
nba,2024,401585316,2024-02-02,Detroit Pistons,LA Clippers,DET,LAC,6-42,32-15,125,136,FALSE,LA Clippers,32-15,NA,NA,NA,NA,NA,NA,NA,NA,NA,NA,LA Clippers,32-15,Detroit Pistons,6-42,0.163,0.837,0.568,0.7130281690140845,0.2869718309859155,450,0,0,1,56,40158531677,77,1,4:48,2448,40.8,22,8,22,8,14,Russell Westbrook misses 23-foot three point jumper,FALSE,0,0,FALSE,0,0,FALSE
nba,2024,401585317,2024-02-02,Washington Wizards,Miami Heat,WSH,MIA,9-39,26-23,102,110,FALSE,Miami Heat,26-23,NA,NA,NA,NA,NA,NA,NA,NA,NA,NA,Miami Heat,26-23,Washington Wizards,9-39,0.341,0.659,0.737,0.6431478968792401,0.3568521031207599,496,0,0,1,147,401585317213,213,2,8:05,1925,32.083333333333336,45,34,45,34,11,Bilal Coulibaly defensive rebound,FALSE,0,0,FALSE,0,0,FALSE
nba,2024,401585314,2024-02-01,Utah Jazz,Philadelphia 76ers,UTAH,PHI,24-26,30-17,124,127,FALSE,Utah Jazz,24-26,NA,NA,NA,NA,NA,NA,NA,NA,NA,NA,Philadelphia 76ers,30-17,Utah Jazz,24-26,0.666,0.666,0.812,0.7684729064039411,0.23152709359605897,455,0,0,1,409,401585314599,599,4,2:14,134,2.2333333333333334,120,117,120,117,3,John Collins defensive rebound,FALSE,0,0,FALSE,0,0,FALSE
nba,2024,401585315,2024-02-01,Memphis Grizzlies,Cleveland Cavaliers,MEM,CLE,18-30,30-16,101,108,FALSE,Cleveland Cavaliers,30-16,NA,NA,NA,NA,NA,NA,NA,NA,NA,NA,Cleveland Cavaliers,30-16,Memphis Grizzlies,18-30,0.258,0.742,0.775,0.7096774193548387,0.29032258064516125,462,0,0,2,225,401585315323,323,2,1:00,1500,25,54,43,54,43,11,Vince Williams Jr. makes free throw 1 of 2,FALSE,0,0,FALSE,0,0,FALSE
nba,2024,401585312,2024-02-01,Boston Celtics,Los Angeles Lakers,BOS,LAL,37-12,25-25,105,114,FALSE,Boston Celtics,37-12,NA,NA,NA,NA,NA,NA,NA,NA,NA,NA,Los Angeles Lakers,25-25,Boston Celtics,37-12,0.92,0.92,0.936,0.9316239316239316,0.06837606837606836,469,0,0,1,30,40158531243,43,1,8:56,2696,44.93333333333333,8,4,8,4,4,Derrick White blocks D'Angelo Russell 's 5-foot driving layup,FALSE,0,0,FALSE,0,0,FALSE
nba,2024,401585313,2024-02-01,New York Knicks,Indiana Pacers,NY,IND,32-17,27-22,109,105,TRUE,New York Knicks,32-17,NA,NA,NA,NA,NA,NA,NA,NA,NA,NA,New York Knicks,32-17,Indiana Pacers,27-22,0.53,0.53,0.876,0.8584474885844748,0.14155251141552516,489,0,0,1,174,401585313237,237,2,7:08,1868,31.133333333333333,32,47,47,32,15,Andrew Nembhard defensive rebound,FALSE,0,0,FALSE,0,0,FALSE
nba,2024,401585311,2024-01-31,Portland Trail Blazers,Milwaukee Bucks,POR,MIL,15-33,32-16,119,116,TRUE,Milwaukee Bucks,32-16,NA,NA,NA,NA,NA,NA,NA,NA,NA,NA,Portland Trail Blazers,15-33,Milwaukee Bucks,32-16,0.241,0.759,0.861,0.8385598141695703,0.16144018583042974,444,0,0,1,69,40158531198,98,1,4:04,2404,40.06666666666667,21,29,29,21,8,Jae Crowder makes two point shot,FALSE,0,0,FALSE,0,0,FALSE
nba,2024,401585305,2024-01-31,Brooklyn Nets,Phoenix Suns,BKN,PHX,19-28,28-20,120,136,FALSE,Phoenix Suns,28-20,NA,NA,NA,NA,NA,NA,NA,NA,NA,NA,Phoenix Suns,28-20,Brooklyn Nets,19-28,0.442,0.558,0.613,0.3686786296900488,0.6313213703099512,451,0,0,1,82,401585305123,123,1,3:07,2347,39.11666666666667,27,21,27,21,6,Mikal Bridges makes 25-foot running pullup jump shot,FALSE,0,0,FALSE,0,0,FALSE
nba,2024,401585307,2024-01-31,Houston Rockets,New Orleans Pelicans,HOU,NO,22-25,27-21,99,110,FALSE,New Orleans Pelicans,27-21,NA,NA,NA,NA,NA,NA,NA,NA,NA,NA,New Orleans Pelicans,27-21,Houston Rockets,22-25,0.452,0.548,0.53,0.1471698113207548,0.8528301886792452,463,0,0,1,27,40158530743,43,1,8:33,2673,44.55,5,3,5,3,2,Dillon Brooks makes free throw 1 of 2,FALSE,0,0,FALSE,0,0,FALSE
nba,2024,401585308,2024-01-31,Minnesota Timberwolves,Dallas Mavericks,MIN,DAL,34-14,26-22,121,87,TRUE,Minnesota Timberwolves,34-14,NA,NA,NA,NA,NA,NA,NA,NA,NA,NA,Minnesota Timberwolves,34-14,Dallas Mavericks,26-22,0.848,0.848,0.395,0.6151898734177215,0.38481012658227853,464,0,0,1,185,401585308263,263,2,5:10,1750,29.166666666666668,35,39,39,35,4,Seth Curry defensive rebound,FALSE,0,0,FALSE,0,0,FALSE
nba,2024,401585309,2024-01-31,San Antonio Spurs,Orlando Magic,SA,ORL,10-38,25-23,98,108,FALSE,Orlando Magic,25-23,NA,NA,NA,NA,NA,NA,NA,NA,NA,NA,Orlando Magic,25-23,San Antonio Spurs,10-38,0.359,0.641,0.702,0.5754985754985753,0.4245014245014247,467,0,0,1,72,401585309107,107,1,2:01,2281,38.016666666666666,30,19,30,19,11,Dominick Barlow defensive rebound,FALSE,0,0,FALSE,0,0,FALSE
nba,2024,401585310,2024-01-31,Oklahoma City Thunder,Denver Nuggets,OKC,DEN,33-15,33-16,105,100,TRUE,Oklahoma City Thunder,33-15,NA,NA,NA,NA,NA,NA,NA,NA,NA,NA,Oklahoma City Thunder,33-15,Denver Nuggets,33-16,0.731,0.731,0.762,0.6876640419947506,0.3123359580052494,488,0,0,1,335,401585310472,472,3,2:12,852,14.2,63,70,70,63,7,Vasilije Micic bad pass (Justin Holiday steals),FALSE,0,0,FALSE,0,0,FALSE
nba,2024,401585306,2024-01-31,Miami Heat,Sacramento Kings,MIA,SAC,25-23,27-19,115,106,TRUE,Miami Heat,25-23,NA,NA,NA,NA,NA,NA,NA,NA,NA,NA,Miami Heat,25-23,Sacramento Kings,27-19,0.532,0.532,0.587,0.29642248722316866,0.7035775127768313,444,0,0,1,260,401585306371,371,3,7:49,1189,19.816666666666663,67,70,70,67,3,Domantas Sabonis makes 28-foot three point jumper (Harrison Barnes assists),FALSE,0,0,FALSE,0,0,FALSE
nba,2024,401585302,2024-01-31,Charlotte Hornets,Chicago Bulls,CHA,CHI,10-36,23-26,110,117,FALSE,Chicago Bulls,23-26,NA,NA,NA,NA,NA,NA,NA,NA,NA,NA,Chicago Bulls,23-26,Charlotte Hornets,10-36,0.329,0.671,0.738,0.6449864498644986,0.3550135501355014,447,0,0,1,183,401585302269,269,2,2:44,1604,26.733333333333334,57,47,57,47,10,Cody Martin defensive rebound,FALSE,0,0,FALSE,0,0,FALSE
nba,2024,401585303,2024-01-31,Cleveland Cavaliers,Detroit Pistons,CLE,DET,29-16,6-41,128,121,TRUE,Cleveland Cavaliers,29-16,NA,NA,NA,NA,NA,NA,NA,NA,NA,NA,Cleveland Cavaliers,29-16,Detroit Pistons,6-41,0.907,0.907,0.79,0.8822784810126583,0.11772151898734172,429,0,0,1,370,401585303554,554,4,6:05,365,6.083333333333333,106,110,110,106,4,Alec Burks makes free throw 1 of 2,FALSE,0,0,FALSE,0,0,FALSE
nba,2024,401585304,2024-01-31,Washington Wizards,LA Clippers,WSH,LAC,9-38,31-15,109,125,FALSE,LA Clippers,31-15,NA,NA,NA,NA,NA,NA,NA,NA,NA,NA,LA Clippers,31-15,Washington Wizards,9-38,0.184,0.8160000000000001,0.242,0.2396694214876035,0.7603305785123965,461,0,0,1,4,40158530410,10,1,11:12,2832,47.2,3,0,3,0,3,Deni Avdija defensive rebound,FALSE,0,0,FALSE,0,0,FALSE
nba,2024,401585301,2024-01-30,Golden State Warriors,Philadelphia 76ers,GS,PHI,20-24,29-17,119,107,TRUE,Golden State Warriors,20-24,NA,NA,NA,NA,NA,NA,NA,NA,NA,NA,Golden State Warriors,20-24,Philadelphia 76ers,29-17,0.659,0.659,0.634,0.46214511041009465,0.5378548895899053,448,0,0,1,172,401585301245,245,2,5:39,1779,29.65,36,44,44,36,8,Kelly Oubre Jr. makes driving layup,FALSE,0,0,FALSE,0,0,FALSE
nba,2024,401585300,2024-01-30,Chicago Bulls,Toronto Raptors,CHI,TOR,22-26,17-30,107,118,FALSE,Chicago Bulls,22-26,NA,NA,NA,NA,NA,NA,NA,NA,NA,NA,Toronto Raptors,17-30,Chicago Bulls,22-26,0.567,0.567,0.916,0.9082969432314412,0.09170305676855885,444,0,0,1,179,401585300269,269,2,3:10,1630,27.166666666666668,59,43,59,43,16,Ayo Dosunmu makes 26-foot three point jumper (Nikola Vucevic assists),FALSE,0,0,FALSE,0,0,FALSE
nba,2024,401585297,2024-01-30,Atlanta Hawks,Los Angeles Lakers,ATL,LAL,20-27,24-25,138,122,TRUE,Atlanta Hawks,20-27,NA,NA,NA,NA,NA,NA,NA,NA,NA,NA,Atlanta Hawks,20-27,Los Angeles Lakers,24-25,0.625,0.625,0.5369999999999999,0.3016759776536312,0.6983240223463688,472,0,0,1,41,40158529755,55,1,7:48,2628,43.8,6,12,12,6,6,Taurean Prince makes dunk (LeBron James assists),FALSE,0,0,FALSE,0,0,FALSE
nba,2024,401585298,2024-01-30,Boston Celtics,Indiana Pacers,BOS,IND,37-11,27-21,129,124,TRUE,Boston Celtics,37-11,NA,NA,NA,NA,NA,NA,NA,NA,NA,NA,Boston Celtics,37-11,Indiana Pacers,27-21,0.727,0.727,0.52,0.475,0.525,470,0,0,3,304,401585298437,437,3,4:11,971,16.183333333333334,93,94,94,93,1,Myles Turner makes free throw 1 of 2,FALSE,0,0,FALSE,0,0,FALSE
nba,2024,401585299,2024-01-30,New York Knicks,Utah Jazz,NY,UTAH,31-17,24-25,118,103,TRUE,New York Knicks,31-17,NA,NA,NA,NA,NA,NA,NA,NA,NA,NA,New York Knicks,31-17,Utah Jazz,24-25,0.569,0.569,0.6930000000000001,0.5569985569985572,0.4430014430014429,431,0,0,1,38,40158529954,54,1,7:29,2609,43.483333333333334,6,15,15,6,9,Isaiah Hartenstein out of bounds bad pass turnover,FALSE,0,0,FALSE,0,0,FALSE
nba,2024,401585296,2024-01-29,Portland Trail Blazers,Philadelphia 76ers,POR,PHI,14-33,29-16,130,104,TRUE,Philadelphia 76ers,29-16,NA,NA,NA,NA,NA,NA,NA,NA,NA,NA,Portland Trail Blazers,14-33,Philadelphia 76ers,29-16,0.238,0.762,0.857,0.8331388564760793,0.16686114352392067,469,0,0,5,111,401585296153,153,1,0.0,2160,36,20,28,28,20,8,End of the 1st Quarter,FALSE,0,0,FALSE,0,0,FALSE
nba,2024,401585295,2024-01-29,Denver Nuggets,Milwaukee Bucks,DEN,MIL,33-15,32-15,113,107,TRUE,Denver Nuggets,33-15,NA,NA,NA,NA,NA,NA,NA,NA,NA,NA,Denver Nuggets,33-15,Milwaukee Bucks,32-15,0.601,0.601,0.78,0.7179487179487181,0.28205128205128194,478,0,0,1,125,401585295174,174,1,3:10,2350,39.166666666666664,13,26,26,13,13,Michael Porter Jr. lost ball turnover (Jae Crowder steals),FALSE,0,0,FALSE,0,0,FALSE
nba,2024,401585294,2024-01-29,Dallas Mavericks,Orlando Magic,DAL,ORL,26-21,24-23,131,129,TRUE,Dallas Mavericks,26-21,NA,NA,NA,NA,NA,NA,NA,NA,NA,NA,Dallas Mavericks,26-21,Orlando Magic,24-23,0.589,0.589,0.926,0.920086393088553,0.079913606911447,499,0,0,1,239,401585294356,356,3,9:57,1317,21.95,63,79,79,63,16,Paolo Banchero defensive rebound,FALSE,0,0,FALSE,0,0,FALSE
nba,2024,401585290,2024-01-29,Houston Rockets,Los Angeles Lakers,HOU,LAL,22-24,24-24,135,119,TRUE,Houston Rockets,22-24,NA,NA,NA,NA,NA,NA,NA,NA,NA,NA,Houston Rockets,22-24,Los Angeles Lakers,24-24,0.549,0.549,0.49,0.07959183673469394,0.920408163265306,488,0,0,1,57,40158529085,85,1,4:31,2431,40.516666666666666,24,25,25,24,1,LeBron James defensive rebound,FALSE,0,0,FALSE,0,0,FALSE
nba,2024,401585291,2024-01-29,Memphis Grizzlies,Sacramento Kings,MEM,SAC,18-29,27-18,94,103,FALSE,Sacramento Kings,27-18,NA,NA,NA,NA,NA,NA,NA,NA,NA,NA,Sacramento Kings,27-18,Memphis Grizzlies,18-29,0.297,0.7030000000000001,0.762,0.6876640419947506,0.3123359580052494,440,0,0,1,101,401585291146,146,1,0.1,2160.1,36.001666666666665,33,18,33,18,15,Trey Lyles misses 22-foot three point jumper,FALSE,0,0,FALSE,0,0,FALSE
nba,2024,401585292,2024-01-29,Oklahoma City Thunder,Minnesota Timberwolves,OKC,MIN,32-15,33-14,101,107,FALSE,Oklahoma City Thunder,32-15,NA,NA,NA,NA,NA,NA,NA,NA,NA,NA,Minnesota Timberwolves,33-14,Oklahoma City Thunder,32-15,0.606,0.606,0.754,0.6737400530503979,0.32625994694960214,437,0,0,1,22,40158529235,35,1,9:04,2704,45.06666666666667,9,2,9,2,7,Jalen Williams makes layup (Shai Gilgeous-Alexander assists),FALSE,0,0,FALSE,0,0,FALSE
nba,2024,401585293,2024-01-29,San Antonio Spurs,Washington Wizards,SA,WSH,10-37,9-37,113,118,FALSE,San Antonio Spurs,10-37,NA,NA,NA,NA,NA,NA,NA,NA,NA,NA,Washington Wizards,9-37,San Antonio Spurs,10-37,0.623,0.623,0.944,0.9406779661016949,0.05932203389830515,467,0,0,1,415,401585293633,633,4,5:54,354,5.9,107,98,107,98,9,Kyle Kuzma misses driving floating jump shot,FALSE,0,0,FALSE,0,0,FALSE
nba,2024,401585287,2024-01-29,Boston Celtics,New Orleans Pelicans,BOS,NO,36-11,26-21,118,112,TRUE,Boston Celtics,36-11,NA,NA,NA,NA,NA,NA,NA,NA,NA,NA,Boston Celtics,36-11,New Orleans Pelicans,26-21,0.683,0.683,0.93,0.924731182795699,0.07526881720430101,428,0,0,1,339,401585287484,484,4,10:12,612,10.2,81,91,91,81,10,Oshae Brissett shooting foul,FALSE,0,0,FALSE,0,0,FALSE
nba,2024,401585288,2024-01-29,Brooklyn Nets,Utah Jazz,BKN,UTAH,19-27,24-24,147,114,TRUE,Utah Jazz,24-24,NA,NA,NA,NA,NA,NA,NA,NA,NA,NA,Brooklyn Nets,19-27,Utah Jazz,24-24,0.442,0.558,0.632,0.4177215189873418,0.5822784810126582,490,0,0,1,20,40158528830,30,1,9:54,2754,45.9,3,7,7,3,4,Kris Dunn makes 23-foot three point jumper (Lauri Markkanen assists),FALSE,0,0,FALSE,0,0,FALSE
nba,2024,401585289,2024-01-29,Miami Heat,Phoenix Suns,MIA,PHX,24-23,27-20,105,118,FALSE,Miami Heat,24-23,NA,NA,NA,NA,NA,NA,NA,NA,NA,NA,Phoenix Suns,27-20,Miami Heat,24-23,0.556,0.556,0.731,0.6320109439124486,0.3679890560875514,453,0,0,3,28,40158528945,45,1,8:06,2646,44.1,14,8,14,8,6,Jusuf Nurkic shooting foul,FALSE,0,0,FALSE,0,0,FALSE
nba,2024,401585285,2024-01-29,Charlotte Hornets,New York Knicks,CHA,NY,10-35,30-17,92,113,FALSE,New York Knicks,30-17,NA,NA,NA,NA,NA,NA,NA,NA,NA,NA,New York Knicks,30-17,Charlotte Hornets,10-35,0.196,0.804,0.383,0.48825065274151447,0.5117493472584855,416,0,0,3,183,401585285252,252,2,2:41,1601,26.683333333333337,41,38,41,38,3,Knicks Full timeout,FALSE,0,0,FALSE,0,0,FALSE
nba,2024,401585286,2024-01-29,Cleveland Cavaliers,LA Clippers,CLE,LAC,28-16,30-15,118,108,TRUE,LA Clippers,30-15,NA,NA,NA,NA,NA,NA,NA,NA,NA,NA,Cleveland Cavaliers,28-16,LA Clippers,30-15,0.484,0.516,0.739,0.6468200270635995,0.35317997293640047,461,0,0,1,185,401585286270,270,2,3:24,1644,27.4,42,49,49,42,7,James Harden blocks Isaac Okoro 's 4-foot two point shot,FALSE,0,0,FALSE,0,0,FALSE
nba,2024,401585284,2024-01-28,Portland Trail Blazers,Chicago Bulls,POR,CHI,13-33,22-25,96,104,FALSE,Chicago Bulls,22-25,NA,NA,NA,NA,NA,NA,NA,NA,NA,NA,Chicago Bulls,22-25,Portland Trail Blazers,13-33,0.362,0.638,0.554,0.3465703971119134,0.6534296028880866,445,0,0,1,296,401585284429,429,3,2:12,852,14.2,67,67,67,67,0,Dalen Terry personal foul,FALSE,0,0,FALSE,0,0,FALSE
nba,2024,401585281,2024-01-28,Atlanta Hawks,Toronto Raptors,ATL,TOR,19-27,16-30,126,125,TRUE,Atlanta Hawks,19-27,NA,NA,NA,NA,NA,NA,NA,NA,NA,NA,Atlanta Hawks,19-27,Toronto Raptors,16-30,0.581,0.581,0.941,0.9373007438894791,0.06269925611052085,515,0,0,1,510,401585281714,714,4,1.1,1.1,0.01833333333333333,124,125,125,124,1,Saddiq Bey offensive rebound,FALSE,0,0,FALSE,0,0,FALSE
nba,2024,401585283,2024-01-28,Orlando Magic,Phoenix Suns,ORL,PHX,24-22,26-20,113,98,TRUE,Phoenix Suns,26-20,NA,NA,NA,NA,NA,NA,NA,NA,NA,NA,Orlando Magic,24-22,Phoenix Suns,26-20,0.477,0.523,0.882,0.8662131519274376,0.13378684807256236,465,0,0,2,276,401585283399,399,3,4:33,993,16.55,66,73,73,66,7,Jalen Suggs shooting foul,FALSE,0,0,FALSE,0,0,FALSE
nba,2024,401585280,2024-01-28,Indiana Pacers,Memphis Grizzlies,IND,MEM,27-20,18-28,116,110,TRUE,Indiana Pacers,27-20,NA,NA,NA,NA,NA,NA,NA,NA,NA,NA,Indiana Pacers,27-20,Memphis Grizzlies,18-28,0.743,0.743,0.525,0.5104761904761905,0.4895238095238094,462,0,0,1,106,401585280159,159,2,10:54,2094,34.9,23,30,30,23,7,Santi Aldama offensive rebound,FALSE,0,0,FALSE,0,0,FALSE
nba,2024,401585282,2024-01-28,Detroit Pistons,Oklahoma City Thunder,DET,OKC,6-40,32-14,120,104,TRUE,Oklahoma City Thunder,32-14,NA,NA,NA,NA,NA,NA,NA,NA,NA,NA,Detroit Pistons,6-40,Oklahoma City Thunder,32-14,0.154,0.846,0.933,0.9281886387995713,0.07181136120042875,438,0,0,2,29,40158528241,41,1,8:35,2675,44.583333333333336,5,15,15,5,10,Shai Gilgeous-Alexander makes 22-foot step back jumpshot,FALSE,0,0,FALSE,0,0,FALSE
nba,2024,401585279,2024-01-27,Dallas Mavericks,Sacramento Kings,DAL,SAC,25-21,26-18,115,120,FALSE,Sacramento Kings,26-18,NA,NA,NA,NA,NA,NA,NA,NA,NA,NA,Sacramento Kings,26-18,Dallas Mavericks,25-21,0.447,0.5529999999999999,0.634,0.42271293375394325,0.5772870662460567,495,0,0,1,14,40158527925,25,1,9:54,2754,45.9,10,2,10,2,8,Luka Doncic makes driving layup (Jaden Hardy assists),FALSE,0,0,FALSE,0,0,FALSE
nba,2024,401585277,2024-01-27,San Antonio Spurs,Minnesota Timberwolves,SA,MIN,10-36,32-14,113,112,TRUE,Minnesota Timberwolves,32-14,NA,NA,NA,NA,NA,NA,NA,NA,NA,NA,San Antonio Spurs,10-36,Minnesota Timberwolves,32-14,0.215,0.785,0.948,0.9451476793248944,0.05485232067510548,411,0,0,1,256,401585277389,389,3,5:22,1042,17.366666666666667,64,77,77,64,13,Victor Wembanyama misses 25-foot three point jumper,FALSE,0,0,FALSE,0,0,FALSE
nba,2024,401585278,2024-01-27,Golden State Warriors,Los Angeles Lakers,GS,LAL,19-24,24-23,144,145,FALSE,Golden State Warriors,19-24,NA,NA,NA,NA,NA,NA,NA,NA,NA,NA,Los Angeles Lakers,24-23,Golden State Warriors,19-24,0.675,0.675,0.955,0.9528795811518324,0.047120418848167533,605,0,0,1,286,401585278424,424,3,6:55,1735,28.916666666666668,88,73,88,73,15,Stephen Curry makes technical free throw,FALSE,0,0,FALSE,0,0,FALSE
nba,2024,401585276,2024-01-27,Milwaukee Bucks,New Orleans Pelicans,MIL,NO,32-14,26-20,141,117,TRUE,Milwaukee Bucks,32-14,NA,NA,NA,NA,NA,NA,NA,NA,NA,NA,Milwaukee Bucks,32-14,New Orleans Pelicans,26-20,0.507,0.507,0.6699999999999999,0.5074626865671641,0.4925373134328359,480,0,0,1,27,40158527639,39,1,8:18,2658,44.3,5,11,11,5,6,Brandon Ingram defensive rebound,FALSE,0,0,FALSE,0,0,FALSE
nba,2024,401585274,2024-01-27,Boston Celtics,LA Clippers,BOS,LAC,35-11,30-14,96,115,FALSE,Boston Celtics,35-11,NA,NA,NA,NA,NA,NA,NA,NA,NA,NA,LA Clippers,30-14,Boston Celtics,35-11,0.711,0.711,0.763,0.689384010484928,0.31061598951507197,479,0,0,3,27,40158527438,38,1,8:44,2684,44.733333333333334,7,4,7,4,3,Jrue Holiday defensive rebound,FALSE,0,0,FALSE,0,0,FALSE
nba,2024,401585275,2024-01-27,Charlotte Hornets,Utah Jazz,CHA,UTAH,10-34,24-23,122,134,FALSE,Utah Jazz,24-23,NA,NA,NA,NA,NA,NA,NA,NA,NA,NA,Utah Jazz,24-23,Charlotte Hornets,10-34,0.122,0.878,0.124,0.0161290322580645,0.9838709677419356,442,0,0,1,3,4015852759,9,1,11:32,2852,47.53333333333333,2,2,2,2,0,Miles Bridges makes alley oop dunk shot (Ish Smith assists),FALSE,0,0,FALSE,0,0,FALSE
nba,2024,401585273,2024-01-27,Brooklyn Nets,Houston Rockets,BKN,HOU,18-27,21-24,106,104,TRUE,Brooklyn Nets,18-27,NA,NA,NA,NA,NA,NA,NA,NA,NA,NA,Brooklyn Nets,18-27,Houston Rockets,21-24,0.641,0.641,0.359,0,1,516,0,0,1,1,4015852734,4,1,12:00,2880,48,0,0,0,0,0,Alperen Sengun vs. Nic Claxton (Spencer Dinwiddie gains possession),FALSE,0,0,FALSE,0,0,FALSE
nba,2024,401585272,2024-01-27,Denver Nuggets,Philadelphia 76ers,DEN,PHI,32-15,29-15,111,105,TRUE,Denver Nuggets,32-15,NA,NA,NA,NA,NA,NA,NA,NA,NA,NA,Denver Nuggets,32-15,Philadelphia 76ers,29-15,0.514,0.514,0.593,0.3136593591905563,0.6863406408094437,456,0,0,2,403,401585272582,582,4,4:33,273,4.55,96,96,96,96,0,Kelly Oubre Jr. makes free throw 1 of 2,FALSE,0,0,FALSE,0,0,FALSE
nba,2024,401585271,2024-01-27,New York Knicks,Miami Heat,NY,MIA,29-17,24-22,125,109,TRUE,New York Knicks,29-17,NA,NA,NA,NA,NA,NA,NA,NA,NA,NA,New York Knicks,29-17,Miami Heat,24-22,0.682,0.682,0.598,0.4682274247491639,0.5317725752508361,438,0,0,1,66,40158527192,92,1,4:01,2401,40.016666666666666,9,19,19,9,10,Jimmy Butler makes 1-foot layup (Duncan Robinson assists),FALSE,0,0,FALSE,0,0,FALSE
nba,2024,401585270,2024-01-27,Detroit Pistons,Washington Wizards,DET,WSH,5-40,8-37,104,118,FALSE,Detroit Pistons,5-40,NA,NA,NA,NA,NA,NA,NA,NA,NA,NA,Washington Wizards,8-37,Detroit Pistons,5-40,0.653,0.653,0.864,0.8425925925925926,0.15740740740740744,488,0,0,2,68,401585270105,105,1,4:22,2422,40.36666666666667,26,16,26,16,10,Marvin Bagley III loose ball foul,FALSE,0,0,FALSE,0,0,FALSE
nba,2024,401585269,2024-01-26,San Antonio Spurs,Portland Trail Blazers,SA,POR,9-36,13-32,116,100,TRUE,San Antonio Spurs,9-36,NA,NA,NA,NA,NA,NA,NA,NA,NA,NA,San Antonio Spurs,9-36,Portland Trail Blazers,13-32,0.603,0.603,0.6819999999999999,0.533724340175953,0.46627565982404695,484,0,0,1,104,401585269157,157,1,1:13,2233,37.21666666666667,24,31,31,24,7,Spurs Coach's Challenge,FALSE,0,0,FALSE,0,0,FALSE
nba,2024,401585266,2024-01-26,Memphis Grizzlies,Orlando Magic,MEM,ORL,18-27,23-22,107,106,TRUE,Orlando Magic,23-22,NA,NA,NA,NA,NA,NA,NA,NA,NA,NA,Memphis Grizzlies,18-27,Orlando Magic,23-22,0.353,0.647,0.783,0.722860791826309,0.277139208173691,454,0,0,2,127,401585266182,182,2,9:07,1987,33.11666666666667,33,39,39,33,6,Moritz Wagner makes free throw 1 of 2,FALSE,0,0,FALSE,0,0,FALSE
nba,2024,401585267,2024-01-26,Milwaukee Bucks,Cleveland Cavaliers,MIL,CLE,31-14,27-16,100,112,FALSE,Milwaukee Bucks,31-14,NA,NA,NA,NA,NA,NA,NA,NA,NA,NA,Cleveland Cavaliers,27-16,Milwaukee Bucks,31-14,0.567,0.567,0.744,0.6559139784946237,0.34408602150537626,525,0,0,1,178,401585267244,244,2,8:39,1959,32.65,38,33,38,33,5,Georges Niang shooting foul,FALSE,0,0,FALSE,0,0,FALSE
nba,2024,401585268,2024-01-26,New Orleans Pelicans,Oklahoma City Thunder,NO,OKC,26-19,32-13,83,107,FALSE,New Orleans Pelicans,26-19,NA,NA,NA,NA,NA,NA,NA,NA,NA,NA,Oklahoma City Thunder,32-13,New Orleans Pelicans,26-19,0.571,0.571,0.692,0.5549132947976878,0.4450867052023122,451,0,0,1,24,40158526835,35,1,9:00,2700,45,8,2,8,2,6,Herbert Jones makes 25-foot three point jumper (Brandon Ingram assists),FALSE,0,0,FALSE,0,0,FALSE
nba,2024,401585265,2024-01-26,Toronto Raptors,LA Clippers,TOR,LAC,16-29,29-14,107,127,FALSE,LA Clippers,29-14,NA,NA,NA,NA,NA,NA,NA,NA,NA,NA,LA Clippers,29-14,Toronto Raptors,16-29,0.3,0.7,0.372,0.193548387096774,0.806451612903226,481,0,0,1,5,40158526511,11,1,11:01,2821,47.016666666666666,4,0,4,0,4,RJ Barrett makes 6-foot driving floating jump shot (Thaddeus Young assists),FALSE,0,0,FALSE,0,0,FALSE
nba,2024,401585262,2024-01-26,Atlanta Hawks,Dallas Mavericks,ATL,DAL,18-27,25-20,143,148,FALSE,Atlanta Hawks,18-27,NA,NA,NA,NA,NA,NA,NA,NA,NA,NA,Dallas Mavericks,25-20,Atlanta Hawks,18-27,0.556,0.556,0.716,0.6033519553072626,0.3966480446927374,480,0,0,1,135,401585262193,193,2,8:21,1941,32.35,43,37,43,37,6,Onyeka Okongwu defensive rebound,FALSE,0,0,FALSE,0,0,FALSE
nba,2024,401585263,2024-01-26,Charlotte Hornets,Houston Rockets,CHA,HOU,10-33,21-23,104,138,FALSE,Houston Rockets,21-23,NA,NA,NA,NA,NA,NA,NA,NA,NA,NA,Houston Rockets,21-23,Charlotte Hornets,10-33,0.36,0.64,0.543,0.3370165745856354,0.6629834254143646,490,0,0,1,229,401585263318,318,2,2:17,1577,26.283333333333335,51,48,51,48,3,5 second violation,FALSE,0,0,FALSE,0,0,FALSE
nba,2024,401585264,2024-01-26,Indiana Pacers,Phoenix Suns,IND,PHX,26-20,26-19,133,131,TRUE,Phoenix Suns,26-19,NA,NA,NA,NA,NA,NA,NA,NA,NA,NA,Indiana Pacers,26-20,Phoenix Suns,26-19,0.424,0.5760000000000001,0.949,0.946259220231823,0.05374077976817704,472,0,0,2,369,401585264530,530,4,9:27,567,9.45,107,118,118,107,11,Obi Toppin offensive foul,FALSE,0,0,FALSE,0,0,FALSE
nba,2024,401585261,2024-01-25,Los Angeles Lakers,Chicago Bulls,LAL,CHI,23-23,21-25,141,132,TRUE,Los Angeles Lakers,23-23,NA,NA,NA,NA,NA,NA,NA,NA,NA,NA,Los Angeles Lakers,23-23,Chicago Bulls,21-25,0.592,0.592,0.558,0.26881720430107525,0.7311827956989247,455,0,0,1,121,401585261183,183,2,10:26,2066,34.43333333333333,36,38,38,36,2,Rui Hachimura shooting foul,FALSE,0,0,FALSE,0,0,FALSE
nba,2024,401585260,2024-01-25,Golden State Warriors,Sacramento Kings,GS,SAC,19-23,25-18,133,134,FALSE,Golden State Warriors,19-23,NA,NA,NA,NA,NA,NA,NA,NA,NA,NA,Sacramento Kings,25-18,Golden State Warriors,19-23,0.578,0.578,0.65,0.4615384615384617,0.5384615384615383,446,0,0,1,20,40158526030,30,1,9:52,2752,45.86666666666667,7,3,7,3,4,Dario Saric makes 27-foot three point jumper (Andrew Wiggins assists),FALSE,0,0,FALSE,0,0,FALSE
nba,2024,401585257,2024-01-25,Brooklyn Nets,Minnesota Timberwolves,BKN,MIN,17-27,32-13,94,96,FALSE,Minnesota Timberwolves,32-13,NA,NA,NA,NA,NA,NA,NA,NA,NA,NA,Minnesota Timberwolves,32-13,Brooklyn Nets,17-27,0.476,0.524,0.691,0.5528219971056438,0.44717800289435616,409,0,0,1,37,40158525752,52,1,6:39,2559,42.65,17,9,17,9,8,Nic Claxton defensive goaltending violation,FALSE,0,0,FALSE,0,0,FALSE
nba,2024,401585258,2024-01-25,Miami Heat,Boston Celtics,MIA,BOS,24-21,35-10,110,143,FALSE,Boston Celtics,35-10,NA,NA,NA,NA,NA,NA,NA,NA,NA,NA,Boston Celtics,35-10,Miami Heat,24-21,0.2,0.8,0.235,0.14893617021276606,0.8510638297872339,397,0,0,1,3,4015852588,8,1,11:35,2855,47.583333333333336,2,0,2,0,2,Terry Rozier makes 4-foot two point shot (Jimmy Butler assists),FALSE,0,0,FALSE,0,0,FALSE
nba,2024,401585259,2024-01-25,New York Knicks,Denver Nuggets,NY,DEN,28-17,31-15,122,84,TRUE,Denver Nuggets,31-15,NA,NA,NA,NA,NA,NA,NA,NA,NA,NA,New York Knicks,28-17,Denver Nuggets,31-15,0.49,0.51,0.51,0.03921568627450989,0.96078431372549,425,0,0,1,1,4015852594,4,1,12:00,2880,48,0,0,0,0,0,Nikola Jokic vs. Jericho Sims (Aaron Gordon gains possession),FALSE,0,0,FALSE,0,0,FALSE
nba,2024,401585255,2024-01-25,Indiana Pacers,Philadelphia 76ers,IND,PHI,25-20,29-14,134,122,TRUE,Philadelphia 76ers,29-14,NA,NA,NA,NA,NA,NA,NA,NA,NA,NA,Indiana Pacers,25-20,Philadelphia 76ers,29-14,0.431,0.569,0.569,0.24253075571177485,0.7574692442882252,512,0,0,1,1,4015852554,4,1,12:00,2880,48,0,0,0,0,0,Joel Embiid vs. Myles Turner (Tyrese Maxey gains possession),FALSE,0,0,FALSE,0,0,FALSE
nba,2024,401585256,2024-01-25,Washington Wizards,Utah Jazz,WSH,UTAH,7-37,23-23,108,123,FALSE,Utah Jazz,23-23,NA,NA,NA,NA,NA,NA,NA,NA,NA,NA,Utah Jazz,23-23,Washington Wizards,7-37,0.249,0.751,0.507,0.5088757396449703,0.4911242603550297,443,0,0,1,26,40158525642,42,1,8:26,2666,44.43333333333333,13,4,13,4,9,Collin Sexton out of bounds bad pass turnover,FALSE,0,0,FALSE,0,0,FALSE
nba,2024,401585254,2024-01-24,Golden State Warriors,Atlanta Hawks,GS,ATL,19-22,18-26,134,112,TRUE,Golden State Warriors,19-22,NA,NA,NA,NA,NA,NA,NA,NA,NA,NA,Golden State Warriors,19-22,Atlanta Hawks,18-26,0.804,0.804,0.5349999999999999,0.6336448598130842,0.36635514018691584,480,0,0,1,273,401585254385,385,3,7:50,1190,19.833333333333332,74,78,78,74,4,Klay Thompson bad pass (Bogdan Bogdanovic steals),FALSE,0,0,FALSE,0,0,FALSE
nba,2024,401585250,2024-01-24,San Antonio Spurs,Oklahoma City Thunder,SA,OKC,8-36,31-13,114,140,FALSE,Oklahoma City Thunder,31-13,NA,NA,NA,NA,NA,NA,NA,NA,NA,NA,Oklahoma City Thunder,31-13,San Antonio Spurs,8-36,0.218,0.782,0.289,0.24567474048442903,0.754325259515571,469,0,0,1,58,40158525091,91,1,5:05,2465,41.083333333333336,18,17,18,17,1,Zach Collins defensive rebound,FALSE,0,0,FALSE,0,0,FALSE
nba,2024,401585253,2024-01-24,Dallas Mavericks,Phoenix Suns,DAL,PHX,24-20,26-18,109,132,FALSE,Phoenix Suns,26-18,NA,NA,NA,NA,NA,NA,NA,NA,NA,NA,Phoenix Suns,26-18,Dallas Mavericks,24-20,0.43,0.5700000000000001,0.881,0.8649262202043133,0.1350737797956867,470,0,0,3,163,401585253244,244,2,7:11,1871,31.183333333333337,48,32,48,32,16,Jusuf Nurkic flopping technical foul,FALSE,0,0,FALSE,0,0,FALSE
nba,2024,401585251,2024-01-24,Houston Rockets,Portland Trail Blazers,HOU,POR,20-23,13-31,131,137,FALSE,Houston Rockets,20-23,NA,NA,NA,NA,NA,NA,NA,NA,NA,NA,Portland Trail Blazers,13-31,Houston Rockets,20-23,0.792,0.792,0.985,0.984771573604061,0.01522842639593902,473,0,0,1,408,401585251600,600,4,1.1,301.1,5.0183333333333335,123,121,123,121,2,Aaron Holiday makes free throw 1 of 2,FALSE,0,0,FALSE,0,0,FALSE
nba,2024,401585252,2024-01-24,Milwaukee Bucks,Cleveland Cavaliers,MIL,CLE,31-13,26-16,126,116,TRUE,Milwaukee Bucks,31-13,NA,NA,NA,NA,NA,NA,NA,NA,NA,NA,Milwaukee Bucks,31-13,Cleveland Cavaliers,26-16,0.56,0.56,0.43999999999999995,0,1,460,0,0,1,1,4015852524,4,1,12:00,2880,48,0,0,0,0,0,Jarrett Allen vs. Brook Lopez (Isaac Okoro gains possession),FALSE,0,0,FALSE,0,0,FALSE
nba,2024,401585249,2024-01-24,Miami Heat,Memphis Grizzlies,MIA,MEM,24-20,17-27,96,105,FALSE,Miami Heat,24-20,NA,NA,NA,NA,NA,NA,NA,NA,NA,NA,Memphis Grizzlies,17-27,Miami Heat,24-20,0.808,0.808,0.886,0.8713318284424378,0.12866817155756216,445,0,0,1,55,40158524980,80,1,4:12,2412,40.2,18,11,18,11,7,Jaren Jackson Jr. misses 25-foot three point pullup jump shot,FALSE,0,0,FALSE,0,0,FALSE
nba,2024,401585247,2024-01-24,Detroit Pistons,Charlotte Hornets,DET,CHA,5-39,10-32,113,106,TRUE,Detroit Pistons,5-39,NA,NA,NA,NA,NA,NA,NA,NA,NA,NA,Detroit Pistons,5-39,Charlotte Hornets,10-32,0.647,0.647,0.842,0.8123515439429929,0.18764845605700708,467,0,0,2,419,401585247607,607,4,2:34,154,2.566666666666667,100,103,103,100,3,Cody Martin makes free throw 1 of 2,FALSE,0,0,FALSE,0,0,FALSE
nba,2024,401585248,2024-01-24,Washington Wizards,Minnesota Timberwolves,WSH,MIN,7-36,31-13,107,118,FALSE,Minnesota Timberwolves,31-13,NA,NA,NA,NA,NA,NA,NA,NA,NA,NA,Minnesota Timberwolves,31-13,Washington Wizards,7-36,0.245,0.755,0.584,0.5804794520547945,0.41952054794520555,500,0,0,1,277,401585248407,407,3,9:40,1300,21.666666666666668,64,59,64,59,5,Jordan Poole defensive rebound,FALSE,0,0,FALSE,0,0,FALSE
nba,2024,401585246,2024-01-23,LA Clippers,Los Angeles Lakers,LAC,LAL,28-14,22-23,127,116,TRUE,LA Clippers,28-14,NA,NA,NA,NA,NA,NA,NA,NA,NA,NA,LA Clippers,28-14,Los Angeles Lakers,22-23,0.855,0.855,0.34299999999999997,0.5772594752186588,0.4227405247813411,439,0,0,2,348,401585246505,505,4,9:01,541,9.016666666666667,108,106,106,108,-2,Paul George out of bounds bad pass turnover,FALSE,0,0,FALSE,0,0,FALSE
nba,2024,401585244,2024-01-23,New Orleans Pelicans,Utah Jazz,NO,UTAH,26-18,22-23,153,124,TRUE,New Orleans Pelicans,26-18,NA,NA,NA,NA,NA,NA,NA,NA,NA,NA,New Orleans Pelicans,26-18,Utah Jazz,22-23,0.725,0.725,0.393,0.30025445292620867,0.6997455470737913,476,0,0,1,12,40158524418,18,1,10:40,2800,46.666666666666664,0,4,4,0,4,Jonas Valanciunas traveling,FALSE,0,0,FALSE,0,0,FALSE
nba,2024,401585245,2024-01-23,Oklahoma City Thunder,Portland Trail Blazers,OKC,POR,30-13,12-31,111,109,TRUE,Oklahoma City Thunder,30-13,NA,NA,NA,NA,NA,NA,NA,NA,NA,NA,Oklahoma City Thunder,30-13,Portland Trail Blazers,12-31,0.914,0.914,0.795,0.8918238993710692,0.1081761006289308,487,0,0,1,473,401585245684,684,4,29.2,29.2,0.48666666666666664,106,109,109,106,3,Thunder Full timeout,FALSE,0,0,FALSE,0,0,FALSE
nba,2024,401585243,2024-01-23,Brooklyn Nets,New York Knicks,BKN,NY,17-26,27-17,103,108,FALSE,New York Knicks,27-17,NA,NA,NA,NA,NA,NA,NA,NA,NA,NA,New York Knicks,27-17,Brooklyn Nets,17-26,0.398,0.602,0.881,0.8649262202043133,0.1350737797956867,427,0,0,1,306,401585243442,442,4,11:36,696,11.6,85,76,85,76,9,Dennis Smith Jr. defensive rebound,FALSE,0,0,FALSE,0,0,FALSE
nba,2024,401585242,2024-01-23,Indiana Pacers,Denver Nuggets,IND,DEN,24-20,31-14,109,114,FALSE,Denver Nuggets,31-14,NA,NA,NA,NA,NA,NA,NA,NA,NA,NA,Denver Nuggets,31-14,Indiana Pacers,24-20,0.48,0.52,0.861,0.8385598141695703,0.16144018583042974,433,0,0,1,180,401585242257,257,2,3:17,1637,27.283333333333335,53,40,53,40,13,Myles Turner defensive rebound,FALSE,0,0,FALSE,0,0,FALSE
nba,2024,401585241,2024-01-22,Sacramento Kings,Atlanta Hawks,SAC,ATL,24-18,18-25,122,107,TRUE,Sacramento Kings,24-18,NA,NA,NA,NA,NA,NA,NA,NA,NA,NA,Sacramento Kings,24-18,Atlanta Hawks,18-25,0.656,0.656,0.378,0.08994708994709,0.91005291005291,492,0,0,1,23,40158524133,33,1,9:33,2733,45.55,5,7,7,5,2,Saddiq Bey makes 26-foot three point jumper (Bogdan Bogdanovic assists),FALSE,0,0,FALSE,0,0,FALSE
nba,2024,401585240,2024-01-22,Phoenix Suns,Chicago Bulls,PHX,CHI,25-18,21-24,115,113,TRUE,Phoenix Suns,25-18,NA,NA,NA,NA,NA,NA,NA,NA,NA,NA,Phoenix Suns,25-18,Chicago Bulls,21-24,0.628,0.628,0.986,0.9858012170385396,0.01419878296146048,432,0,0,1,253,401585240362,362,3,7:00,1140,19,59,81,81,59,22,Nikola Vucevic defensive rebound,FALSE,0,0,FALSE,0,0,FALSE
nba,2024,401585239,2024-01-22,Dallas Mavericks,Boston Celtics,DAL,BOS,24-19,34-10,110,119,FALSE,Boston Celtics,34-10,NA,NA,NA,NA,NA,NA,NA,NA,NA,NA,Boston Celtics,34-10,Dallas Mavericks,24-19,0.369,0.631,0.604,0.3890728476821193,0.6109271523178808,467,0,0,1,98,401585239143,143,1,1:24,2244,37.4,24,19,24,19,5,Luke Kornet loose ball foul,FALSE,0,0,FALSE,0,0,FALSE
nba,2024,401585238,2024-01-22,Minnesota Timberwolves,Charlotte Hornets,MIN,CHA,30-13,10-31,125,128,FALSE,Minnesota Timberwolves,30-13,NA,NA,NA,NA,NA,NA,NA,NA,NA,NA,Charlotte Hornets,10-31,Minnesota Timberwolves,30-13,0.888,0.888,0.99,0.9898989898989898,0.01010101010101016,442,0,0,1,321,401585238473,473,3,28.2,748.2,12.47,107,89,107,89,18,Shake Milton makes two point shot (Kyle Anderson assists),FALSE,0,0,FALSE,0,0,FALSE
nba,2024,401585237,2024-01-22,Toronto Raptors,Memphis Grizzlies,TOR,MEM,16-28,16-27,100,108,FALSE,Toronto Raptors,16-28,NA,NA,NA,NA,NA,NA,NA,NA,NA,NA,Memphis Grizzlies,16-27,Toronto Raptors,16-28,0.679,0.679,0.693,0.5569985569985569,0.44300144300144306,439,0,0,1,4,40158523710,10,1,11:02,2822,47.03333333333333,2,2,2,2,0,Luke Kennard bad pass (Immanuel Quickley steals),FALSE,0,0,FALSE,0,0,FALSE
nba,2024,401585234,2024-01-22,Detroit Pistons,Milwaukee Bucks,DET,MIL,4-39,30-13,113,122,FALSE,Milwaukee Bucks,30-13,NA,NA,NA,NA,NA,NA,NA,NA,NA,NA,Milwaukee Bucks,30-13,Detroit Pistons,4-39,0.234,0.766,0.652,0.6411042944785277,0.3588957055214723,499,0,0,1,449,401585234657,657,4,5:26,326,5.433333333333334,109,107,109,107,2,Mike Muscala defensive rebound,FALSE,0,0,FALSE,0,0,FALSE
nba,2024,401585235,2024-01-22,Orlando Magic,Cleveland Cavaliers,ORL,CLE,23-21,26-15,99,126,FALSE,Cleveland Cavaliers,26-15,NA,NA,NA,NA,NA,NA,NA,NA,NA,NA,Cleveland Cavaliers,26-15,Orlando Magic,23-21,0.315,0.685,0.315,2.220446049250313e-16,0.9999999999999998,430,0,0,1,1,4015852354,4,1,12:00,2880,48,0,0,0,0,0,Jarrett Allen vs. Wendell Carter Jr. (Isaac Okoro gains possession),FALSE,0,0,FALSE,0,0,FALSE
nba,2024,401585236,2024-01-22,Philadelphia 76ers,San Antonio Spurs,PHI,SA,29-13,8-35,133,123,TRUE,Philadelphia 76ers,29-13,NA,NA,NA,NA,NA,NA,NA,NA,NA,NA,Philadelphia 76ers,29-13,San Antonio Spurs,8-35,0.875,0.875,0.271,0.5387453874538746,0.46125461254612543,493,0,0,2,15,40158523625,25,1,9:36,2736,45.6,5,14,14,5,9,Devin Vassell makes driving layup (Julian Champagnie assists),FALSE,0,0,FALSE,0,0,FALSE
nba,2024,401585233,2024-01-21,Los Angeles Lakers,Portland Trail Blazers,LAL,POR,22-22,12-30,134,110,TRUE,Los Angeles Lakers,22-22,NA,NA,NA,NA,NA,NA,NA,NA,NA,NA,Los Angeles Lakers,22-22,Portland Trail Blazers,12-30,0.794,0.794,0.258,0.20155038759689936,0.7984496124031006,459,0,0,1,66,40158523398,98,1,3:46,2386,39.766666666666666,24,23,23,24,-1,Malcolm Brogdon makes free throw 1 of 2,FALSE,0,0,FALSE,0,0,FALSE
nba,2024,401585232,2024-01-21,Phoenix Suns,Indiana Pacers,PHX,IND,24-18,24-19,117,110,TRUE,Phoenix Suns,24-18,NA,NA,NA,NA,NA,NA,NA,NA,NA,NA,Phoenix Suns,24-18,Indiana Pacers,24-19,0.592,0.592,0.644,0.44720496894409933,0.5527950310559007,473,0,0,3,431,401585232627,627,4,3:20,200,3.3333333333333335,103,105,105,103,2,Buddy Hield makes 25-foot three point shot (Andrew Nembhard assists),FALSE,0,0,FALSE,0,0,FALSE
nba,2024,401585231,2024-01-21,Houston Rockets,Boston Celtics,HOU,BOS,20-22,33-10,107,116,FALSE,Boston Celtics,33-10,NA,NA,NA,NA,NA,NA,NA,NA,NA,NA,Boston Celtics,33-10,Houston Rockets,20-22,0.203,0.7969999999999999,0.417,0.5131894484412468,0.4868105515587532,491,0,0,1,380,401585231536,536,4,8:42,522,8.7,90,93,90,93,-3,Oshae Brissett shooting foul,FALSE,0,0,FALSE,0,0,FALSE
nba,2024,401585229,2024-01-21,Orlando Magic,Miami Heat,ORL,MIA,23-20,24-19,105,87,TRUE,Miami Heat,24-19,NA,NA,NA,NA,NA,NA,NA,NA,NA,NA,Orlando Magic,23-20,Miami Heat,24-19,0.481,0.519,0.648,0.45679012345679015,0.5432098765432098,452,0,0,1,19,40158522929,29,1,9:32,2732,45.53333333333333,2,8,8,2,6,Caleb Martin makes 25-foot three point jumper (Tyler Herro assists),FALSE,0,0,FALSE,0,0,FALSE
nba,2024,401585230,2024-01-21,Washington Wizards,Denver Nuggets,WSH,DEN,7-35,30-14,104,113,FALSE,Denver Nuggets,30-14,NA,NA,NA,NA,NA,NA,NA,NA,NA,NA,Denver Nuggets,30-14,Washington Wizards,7-35,0.162,0.838,0.299,0.4581939799331103,0.5418060200668897,476,0,0,2,18,40158523029,29,1,9:43,2743,45.71666666666667,10,4,10,4,6,Michael Porter Jr. offensive foul,FALSE,0,0,FALSE,0,0,FALSE
nba,2024,401585228,2024-01-21,LA Clippers,Brooklyn Nets,LAC,BKN,27-14,17-25,125,114,TRUE,LA Clippers,27-14,NA,NA,NA,NA,NA,NA,NA,NA,NA,NA,LA Clippers,27-14,Brooklyn Nets,17-25,0.842,0.842,0.988,0.9878542510121456,0.01214574898785425,450,0,0,1,352,401585228497,497,4,10:54,654,10.9,86,103,103,86,17,Amir Coffey shooting foul,FALSE,0,0,FALSE,0,0,FALSE
nba,2024,401585225,2024-01-20,Chicago Bulls,Memphis Grizzlies,CHI,MEM,21-23,15-27,125,96,TRUE,Chicago Bulls,21-23,NA,NA,NA,NA,NA,NA,NA,NA,NA,NA,Chicago Bulls,21-23,Memphis Grizzlies,15-27,0.556,0.556,0.56,0.2142857142857144,0.7857142857142856,441,0,0,2,31,40158522546,46,1,7:13,2593,43.21666666666667,5,9,9,5,4,Vince Williams Jr. defensive rebound,FALSE,0,0,FALSE,0,0,FALSE
nba,2024,401585226,2024-01-20,Houston Rockets,Utah Jazz,HOU,UTAH,20-21,22-22,127,126,TRUE,Utah Jazz,22-22,NA,NA,NA,NA,NA,NA,NA,NA,NA,NA,Houston Rockets,20-21,Utah Jazz,22-22,0.477,0.523,0.868,0.8479262672811059,0.15207373271889413,573,0,0,1,526,401585226753,753,5,1:59,119,1.9833333333333336,121,124,124,121,3,Walker Kessler makes free throw 1 of 2,FALSE,0,0,FALSE,0,0,FALSE
nba,2024,401585227,2024-01-20,Minnesota Timberwolves,Oklahoma City Thunder,MIN,OKC,30-12,29-13,97,102,FALSE,Oklahoma City Thunder,29-13,NA,NA,NA,NA,NA,NA,NA,NA,NA,NA,Oklahoma City Thunder,29-13,Minnesota Timberwolves,30-12,0.49,0.51,0.945,0.9417989417989416,0.05820105820105836,498,0,0,1,397,401585227571,571,4,7:06,426,7.1,87,79,87,79,8,Jalen Williams shooting foul,FALSE,0,0,FALSE,0,0,FALSE
nba,2024,401585223,2024-01-20,Atlanta Hawks,Cleveland Cavaliers,ATL,CLE,18-24,25-15,95,116,FALSE,Cleveland Cavaliers,25-15,NA,NA,NA,NA,NA,NA,NA,NA,NA,NA,Cleveland Cavaliers,25-15,Atlanta Hawks,18-24,0.245,0.755,0.252,0.02777777777777779,0.9722222222222222,444,0,0,1,102,401585223147,147,1,49.1,2209.1,36.818333333333335,20,22,20,22,-2,"Bogdan Bogdanovic defensive 3-seconds (technical foul)
",FALSE,0,0,FALSE,0,0,FALSE
nba,2024,401585224,2024-01-20,New York Knicks,Toronto Raptors,NY,TOR,26-17,16-27,126,100,TRUE,New York Knicks,26-17,NA,NA,NA,NA,NA,NA,NA,NA,NA,NA,New York Knicks,26-17,Toronto Raptors,16-27,0.661,0.661,0.6719999999999999,0.5119047619047616,0.4880952380952384,473,0,0,2,54,40158522484,84,1,5:09,2469,41.15,16,26,26,16,10,Donte DiVincenzo shooting foul,FALSE,0,0,FALSE,0,0,FALSE
nba,2024,401585221,2024-01-20,Charlotte Hornets,Philadelphia 76ers,CHA,PHI,9-31,28-13,89,97,FALSE,Philadelphia 76ers,28-13,NA,NA,NA,NA,NA,NA,NA,NA,NA,NA,Philadelphia 76ers,28-13,Charlotte Hornets,9-31,0.168,0.832,0.628,0.732484076433121,0.26751592356687903,459,0,0,1,332,401585221459,459,3,1.0,721,12.016666666666667,73,69,73,69,4,Terry Rozier defensive rebound,FALSE,0,0,FALSE,0,0,FALSE
nba,2024,401585222,2024-01-20,Washington Wizards,San Antonio Spurs,WSH,SA,7-34,8-34,127,131,FALSE,Washington Wizards,7-34,NA,NA,NA,NA,NA,NA,NA,NA,NA,NA,San Antonio Spurs,8-34,Washington Wizards,7-34,0.64,0.64,0.977,0.9764585465711362,0.02354145342886382,504,0,0,2,435,401585222630,630,4,5:00,300,5,121,109,121,109,12,Corey Kispert makes 7-foot driving floating jump shot,FALSE,0,0,FALSE,0,0,FALSE
nba,2024,401585220,2024-01-20,Detroit Pistons,Milwaukee Bucks,DET,MIL,4-38,29-13,135,141,FALSE,Milwaukee Bucks,29-13,NA,NA,NA,NA,NA,NA,NA,NA,NA,NA,Milwaukee Bucks,29-13,Detroit Pistons,4-38,0.204,0.796,0.743,0.7254374158815613,0.2745625841184387,508,0,0,3,430,401585220621,621,4,6:49,409,6.816666666666666,120,117,120,117,3,Marcus Sasser makes free throw 1 of 2,FALSE,0,0,FALSE,0,0,FALSE
nba,2024,401585219,2024-01-19,Los Angeles Lakers,Brooklyn Nets,LAL,BKN,21-22,17-24,112,130,FALSE,Los Angeles Lakers,21-22,NA,NA,NA,NA,NA,NA,NA,NA,NA,NA,Brooklyn Nets,17-24,Los Angeles Lakers,21-22,0.612,0.612,0.866,0.8452655889145497,0.15473441108545027,464,0,0,1,155,401585219230,230,2,6:07,1807,30.116666666666667,55,44,55,44,11,Dennis Smith Jr. shooting foul,FALSE,0,0,FALSE,0,0,FALSE
nba,2024,401585218,2024-01-19,Portland Trail Blazers,Indiana Pacers,POR,IND,12-29,24-18,118,115,TRUE,Indiana Pacers,24-18,NA,NA,NA,NA,NA,NA,NA,NA,NA,NA,Portland Trail Blazers,12-29,Indiana Pacers,24-18,0.248,0.752,0.863,0.8412514484356894,0.15874855156431056,493,0,0,1,29,40158521845,45,1,7:43,2623,43.71666666666667,7,14,14,7,7,Myles Turner defensive rebound,FALSE,0,0,FALSE,0,0,FALSE
nba,2024,401585215,2024-01-19,Miami Heat,Atlanta Hawks,MIA,ATL,24-18,18-23,108,109,FALSE,Miami Heat,24-18,NA,NA,NA,NA,NA,NA,NA,NA,NA,NA,Atlanta Hawks,18-23,Miami Heat,24-18,0.671,0.671,0.899,0.8876529477196886,0.1123470522803114,446,0,0,1,434,401585215620,620,4,30.2,30.2,0.5033333333333333,108,104,108,104,4,Caleb Martin blocks Dejounte Murray 's 5-foot driving layup,FALSE,0,0,FALSE,0,0,FALSE
nba,2024,401585216,2024-01-19,New Orleans Pelicans,Phoenix Suns,NO,PHX,25-18,23-18,109,123,FALSE,New Orleans Pelicans,25-18,NA,NA,NA,NA,NA,NA,NA,NA,NA,NA,Phoenix Suns,23-18,New Orleans Pelicans,25-18,0.708,0.708,0.745,0.6577181208053691,0.34228187919463093,475,0,0,1,4,4015852169,9,1,11:35,2855,47.583333333333336,2,0,2,0,2,Brandon Ingram makes 15-foot running pullup jump shot,FALSE,0,0,FALSE,0,0,FALSE
nba,2024,401585214,2024-01-19,Boston Celtics,Denver Nuggets,BOS,DEN,32-10,29-14,100,102,FALSE,Boston Celtics,32-10,NA,NA,NA,NA,NA,NA,NA,NA,NA,NA,Denver Nuggets,29-14,Boston Celtics,32-10,0.727,0.727,0.903,0.8925802879291251,0.10741971207087486,403,0,0,1,169,401585214245,245,2,3:30,1650,27.5,57,46,57,46,11,Jayson Tatum makes free throw 1 of 2,FALSE,0,0,FALSE,0,0,FALSE
nba,2024,401585212,2024-01-19,Charlotte Hornets,San Antonio Spurs,CHA,SA,9-30,7-34,124,120,TRUE,Charlotte Hornets,9-30,NA,NA,NA,NA,NA,NA,NA,NA,NA,NA,Charlotte Hornets,9-30,San Antonio Spurs,7-34,0.562,0.562,0.5820000000000001,0.2817869415807561,0.7182130584192439,434,0,0,2,360,401585212544,544,4,8:36,516,8.6,102,102,102,102,0,Cody Martin shooting foul,FALSE,0,0,FALSE,0,0,FALSE
nba,2024,401585213,2024-01-19,Orlando Magic,Philadelphia 76ers,ORL,PHI,47-35,47-35,109,124,FALSE,Philadelphia 76ers,47-35,NA,NA,NA,NA,NA,NA,NA,NA,NA,NA,Philadelphia 76ers,47-35,Orlando Magic,47-35,0.293,0.7070000000000001,0.498,0.4116465863453817,0.5883534136546184,454,0,0,1,165,401585213237,237,2,6:39,1839,30.65,49,46,49,46,3,Nicolas Batum shooting foul,FALSE,0,0,FALSE,0,0,FALSE
nba,2024,401585210,2024-01-18,Minnesota Timberwolves,Memphis Grizzlies,MIN,MEM,30-11,15-26,118,103,TRUE,Minnesota Timberwolves,30-11,NA,NA,NA,NA,NA,NA,NA,NA,NA,NA,Minnesota Timberwolves,30-11,Memphis Grizzlies,15-26,0.699,0.699,0.778,0.7146529562982005,0.28534704370179953,437,0,0,1,321,401585210469,469,3,31.0,751,12.516666666666667,78,84,84,78,6,Kyle Anderson shooting foul,FALSE,0,0,FALSE,0,0,FALSE
nba,2024,401585211,2024-01-18,Sacramento Kings,Indiana Pacers,SAC,IND,23-18,24-17,121,126,FALSE,Sacramento Kings,23-18,NA,NA,NA,NA,NA,NA,NA,NA,NA,NA,Indiana Pacers,24-17,Sacramento Kings,23-18,0.629,0.629,0.728,0.6263736263736264,0.3736263736263736,472,0,0,1,28,40158521148,48,1,7:05,2585,43.083333333333336,16,12,16,12,4,T.J. McConnell bad pass (De'Aaron Fox steals),FALSE,0,0,FALSE,0,0,FALSE
nba,2024,401585209,2024-01-18,Utah Jazz,Oklahoma City Thunder,UTAH,OKC,22-21,28-13,129,134,FALSE,Oklahoma City Thunder,28-13,NA,NA,NA,NA,NA,NA,NA,NA,NA,NA,Oklahoma City Thunder,28-13,Utah Jazz,22-21,0.479,0.521,0.5,0.04200000000000004,0.958,495,0,0,1,9,40158520915,15,1,10:31,2791,46.516666666666666,2,2,2,2,0,Simone Fontecchio defensive rebound,FALSE,0,0,FALSE,0,0,FALSE
nba,2024,401585207,2024-01-18,New York Knicks,Washington Wizards,NY,WSH,25-17,7-33,113,109,TRUE,New York Knicks,25-17,NA,NA,NA,NA,NA,NA,NA,NA,NA,NA,New York Knicks,25-17,Washington Wizards,7-33,0.817,0.817,0.4459999999999999,0.5896860986547083,0.41031390134529167,469,0,0,2,172,401585207246,246,2,5:05,1745,29.083333333333332,33,39,39,33,6,Jordan Poole makes 23-foot three point shot (Kyle Kuzma assists),FALSE,0,0,FALSE,0,0,FALSE
nba,2024,401585208,2024-01-18,Toronto Raptors,Chicago Bulls,TOR,CHI,16-26,20-23,110,116,FALSE,Toronto Raptors,16-26,NA,NA,NA,NA,NA,NA,NA,NA,NA,NA,Chicago Bulls,20-23,Toronto Raptors,16-26,0.611,0.611,0.77,0.7012987012987013,0.2987012987012987,447,0,0,1,409,401585208604,604,4,4:15,255,4.25,107,103,107,103,4,Bruce Brown makes two point shot (Immanuel Quickley assists),FALSE,0,0,FALSE,0,0,FALSE
nba,2024,401585206,2024-01-17,Portland Trail Blazers,Brooklyn Nets,POR,BKN,11-29,16-24,105,103,TRUE,Brooklyn Nets,16-24,NA,NA,NA,NA,NA,NA,NA,NA,NA,NA,Portland Trail Blazers,11-29,Brooklyn Nets,16-24,0.314,0.6859999999999999,0.931,0.9258861439312568,0.07411385606874332,429,0,0,1,298,401585206424,424,3,12.1,732.1,12.201666666666666,72,82,82,72,10,Cam Thomas makes free throw 1 of 2,FALSE,0,0,FALSE,0,0,FALSE
nba,2024,401585205,2024-01-17,Los Angeles Lakers,Dallas Mavericks,LAL,DAL,21-21,24-18,127,110,TRUE,Los Angeles Lakers,21-21,NA,NA,NA,NA,NA,NA,NA,NA,NA,NA,Los Angeles Lakers,21-21,Dallas Mavericks,24-18,0.502,0.502,0.6579999999999999,0.4802431610942248,0.5197568389057752,464,0,0,1,47,40158520567,67,1,6:52,2572,42.86666666666667,10,17,17,10,7,Derrick Jones Jr. makes 24-foot three point jumper (Luka Doncic assists),FALSE,0,0,FALSE,0,0,FALSE
nba,2024,401585203,2024-01-17,New Orleans Pelicans,Charlotte Hornets,NO,CHA,25-17,8-30,132,112,TRUE,New Orleans Pelicans,25-17,NA,NA,NA,NA,NA,NA,NA,NA,NA,NA,New Orleans Pelicans,25-17,Charlotte Hornets,8-30,0.915,0.915,0.15500000000000003,0.45161290322580683,0.5483870967741932,464,0,0,1,229,401585203340,340,2,5.2,1445.2,24.086666666666662,64,61,61,64,-3,Terry Rozier makes 26-foot step back jumpshot,FALSE,0,0,FALSE,0,0,FALSE
nba,2024,401585198,2024-01-17,Atlanta Hawks,Orlando Magic,ATL,ORL,17-23,22-19,106,104,TRUE,Atlanta Hawks,17-23,NA,NA,NA,NA,NA,NA,NA,NA,NA,NA,Atlanta Hawks,17-23,Orlando Magic,22-19,0.604,0.604,0.752,0.6702127659574468,0.32978723404255317,444,0,0,1,255,401585198370,370,3,6:33,1113,18.55,61,68,68,61,7,Jalen Suggs defensive rebound,FALSE,0,0,FALSE,0,0,FALSE
nba,2024,401585199,2024-01-17,Boston Celtics,San Antonio Spurs,BOS,SA,32-9,7-33,117,98,TRUE,Boston Celtics,32-9,NA,NA,NA,NA,NA,NA,NA,NA,NA,NA,Boston Celtics,32-9,San Antonio Spurs,7-33,0.933,0.933,0.10099999999999998,0.33663366336633704,0.663366336633663,456,0,0,1,116,401585199169,169,2,11:08,2108,35.13333333333333,32,29,29,32,-3,Spurs defensive team rebound,FALSE,0,0,FALSE,0,0,FALSE
nba,2024,401585200,2024-01-17,Cleveland Cavaliers,Milwaukee Bucks,CLE,MIL,24-15,28-13,135,95,TRUE,Cleveland Cavaliers,24-15,NA,NA,NA,NA,NA,NA,NA,NA,NA,NA,Cleveland Cavaliers,24-15,Milwaukee Bucks,28-13,0.533,0.533,0.467,1.1102230246251563e-16,1,432,0,0,1,1,4015852004,4,1,12:00,2880,48,0,0,0,0,0,Brook Lopez vs. Jarrett Allen (Donovan Mitchell gains possession),FALSE,0,0,FALSE,0,0,FALSE
nba,2024,401585201,2024-01-17,New York Knicks,Houston Rockets,NY,HOU,24-17,19-21,109,94,TRUE,New York Knicks,24-17,NA,NA,NA,NA,NA,NA,NA,NA,NA,NA,New York Knicks,24-17,Houston Rockets,19-21,0.673,0.673,0.43500000000000005,0.24827586206896568,0.7517241379310343,459,0,0,1,54,40158520183,83,1,4:50,2450,40.833333333333336,16,19,19,16,3,OG Anunoby makes free throw 2 of 2,FALSE,0,0,FALSE,0,0,FALSE
nba,2024,401585202,2024-01-17,Toronto Raptors,Miami Heat,TOR,MIA,16-25,24-17,121,97,TRUE,Miami Heat,24-17,NA,NA,NA,NA,NA,NA,NA,NA,NA,NA,Toronto Raptors,16-25,Miami Heat,24-17,0.459,0.5409999999999999,0.5409999999999999,0.15157116451016606,0.8484288354898339,433,0,0,1,1,4015852024,4,1,12:00,2880,48,0,0,0,0,0,Bam Adebayo vs. Scottie Barnes (Kyle Lowry gains possession),FALSE,0,0,FALSE,0,0,FALSE
nba,2024,401585197,2024-01-17,Detroit Pistons,Minnesota Timberwolves,DET,MIN,4-37,29-11,117,124,FALSE,Minnesota Timberwolves,29-11,NA,NA,NA,NA,NA,NA,NA,NA,NA,NA,Minnesota Timberwolves,29-11,Detroit Pistons,4-37,0.206,0.794,0.368,0.4402173913043479,0.5597826086956521,461,0,0,1,180,401585197264,264,2,5:55,1795,29.916666666666668,51,49,51,49,2,Jalen Duren defensive rebound,FALSE,0,0,FALSE,0,0,FALSE
nba,2024,401585196,2024-01-16,LA Clippers,Oklahoma City Thunder,LAC,OKC,26-14,27-13,128,117,TRUE,LA Clippers,26-14,NA,NA,NA,NA,NA,NA,NA,NA,NA,NA,LA Clippers,26-14,Oklahoma City Thunder,27-13,0.592,0.592,0.5549999999999999,0.2648648648648647,0.7351351351351353,449,0,0,1,415,401585196605,605,4,3:37,217,3.6166666666666663,114,115,115,114,1,Jalen Williams makes 26-foot three point jumper (Isaiah Joe assists),FALSE,0,0,FALSE,0,0,FALSE
nba,2024,401585195,2024-01-16,Phoenix Suns,Sacramento Kings,PHX,SAC,22-18,23-17,119,117,TRUE,Phoenix Suns,22-18,NA,NA,NA,NA,NA,NA,NA,NA,NA,NA,Phoenix Suns,22-18,Sacramento Kings,23-17,0.621,0.621,0.999,0.9989989989989988,0.00100100100100108,445,0,0,8,373,401585195542,542,4,8:22,502,8.366666666666667,87,109,109,87,22,De'Aaron Fox makes 22-foot three point jumper,FALSE,0,0,FALSE,0,0,FALSE
nba,2024,401585194,2024-01-16,Philadelphia 76ers,Denver Nuggets,PHI,DEN,26-13,28-14,126,121,TRUE,Philadelphia 76ers,26-13,NA,NA,NA,NA,NA,NA,NA,NA,NA,NA,Philadelphia 76ers,26-13,Denver Nuggets,28-14,0.552,0.552,0.778,0.7146529562982005,0.28534704370179953,443,0,0,1,346,401585194494,494,4,8:41,521,8.683333333333334,105,111,111,105,6,Reggie Jackson makes 27-foot step back jumpshot,FALSE,0,0,FALSE,0,0,FALSE
nba,2024,401585193,2024-01-15,Los Angeles Lakers,Oklahoma City Thunder,LAL,OKC,20-21,27-12,112,105,TRUE,Oklahoma City Thunder,27-12,NA,NA,NA,NA,NA,NA,NA,NA,NA,NA,Los Angeles Lakers,20-21,Oklahoma City Thunder,27-12,0.296,0.704,0.8240000000000001,0.7864077669902914,0.21359223300970864,455,0,0,1,23,40158519335,35,1,9:34,2734,45.56666666666667,4,11,11,4,7,Luguentz Dort makes layup (Josh Giddey assists),FALSE,0,0,FALSE,0,0,FALSE
nba,2024,401585192,2024-01-15,Utah Jazz,Indiana Pacers,UTAH,IND,22-20,23-17,132,105,TRUE,Utah Jazz,22-20,NA,NA,NA,NA,NA,NA,NA,NA,NA,NA,Utah Jazz,22-20,Indiana Pacers,23-17,0.713,0.713,0.30100000000000005,0.04651162790697683,0.9534883720930232,483,0,0,1,2,4015851927,7,1,11:37,2857,47.61666666666667,0,0,0,0,0,Simone Fontecchio misses driving layup,FALSE,0,0,FALSE,0,0,FALSE
nba,2024,401585190,2024-01-15,Brooklyn Nets,Miami Heat,BKN,MIA,16-23,24-16,95,96,FALSE,Brooklyn Nets,16-23,NA,NA,NA,NA,NA,NA,NA,NA,NA,NA,Miami Heat,24-16,Brooklyn Nets,16-23,0.565,0.565,0.941,0.9373007438894791,0.06269925611052085,487,0,0,1,233,401585190326,326,3,10:28,1648,27.466666666666665,47,31,47,31,16,Tyler Herro bad pass (Spencer Dinwiddie steals),FALSE,0,0,FALSE,0,0,FALSE
nba,2024,401585191,2024-01-15,Toronto Raptors,Boston Celtics,TOR,BOS,15-25,31-9,96,105,FALSE,Boston Celtics,31-9,NA,NA,NA,NA,NA,NA,NA,NA,NA,NA,Boston Celtics,31-9,Toronto Raptors,15-25,0.323,0.677,0.74,0.6486486486486487,0.3513513513513513,457,0,0,1,267,401585191374,374,3,7:27,1167,19.45,71,64,71,64,7,Al Horford shooting foul,FALSE,0,0,FALSE,0,0,FALSE
nba,2024,401585189,2024-01-15,Cleveland Cavaliers,Chicago Bulls,CLE,CHI,23-15,19-23,109,91,TRUE,Cleveland Cavaliers,23-15,NA,NA,NA,NA,NA,NA,NA,NA,NA,NA,Cleveland Cavaliers,23-15,Chicago Bulls,19-23,0.648,0.648,0.5469999999999999,0.356489945155393,0.643510054844607,460,0,0,1,361,401585189511,511,4,9:40,580,9.666666666666666,80,81,81,80,1,Ayo Dosunmu defensive rebound,FALSE,0,0,FALSE,0,0,FALSE
nba,2024,401585188,2024-01-15,Memphis Grizzlies,Golden State Warriors,MEM,GS,15-25,18-22,116,107,TRUE,Golden State Warriors,18-22,NA,NA,NA,NA,NA,NA,NA,NA,NA,NA,Memphis Grizzlies,15-25,Golden State Warriors,18-22,0.246,0.754,0.878,0.8610478359908884,0.1389521640091116,488,0,0,2,93,401585188140,140,1,1:10,2230,37.166666666666664,18,27,27,18,9,David Roddy misses driving floating jump shot,FALSE,0,0,FALSE,0,0,FALSE
nba,2024,401585187,2024-01-15,Atlanta Hawks,San Antonio Spurs,ATL,SA,16-23,7-32,109,99,TRUE,Atlanta Hawks,16-23,NA,NA,NA,NA,NA,NA,NA,NA,NA,NA,Atlanta Hawks,16-23,San Antonio Spurs,7-32,0.79,0.79,0.227,0.07488986784140983,0.9251101321585902,505,0,0,1,6,40158518712,12,1,11:21,2841,47.35,0,0,0,0,0,Jalen Johnson bad pass (Victor Wembanyama steals),FALSE,0,0,FALSE,0,0,FALSE
nba,2024,401585185,2024-01-15,New York Knicks,Orlando Magic,NY,ORL,23-17,22-18,94,98,FALSE,New York Knicks,23-17,NA,NA,NA,NA,NA,NA,NA,NA,NA,NA,Orlando Magic,22-18,New York Knicks,23-17,0.697,0.697,0.921,0.9142236699239956,0.08577633007600438,449,0,0,1,303,401585185433,433,3,3:18,918,15.3,74,63,74,63,11,Knicks defensive team rebound,FALSE,0,0,FALSE,0,0,FALSE
nba,2024,401585186,2024-01-15,Washington Wizards,Detroit Pistons,WSH,DET,7-32,4-36,117,129,FALSE,Washington Wizards,7-32,NA,NA,NA,NA,NA,NA,NA,NA,NA,NA,Detroit Pistons,4-36,Washington Wizards,7-32,0.657,0.657,0.8,0.75,0.25,449,0,0,1,210,401585186313,313,2,1:45,1545,25.75,60,53,60,53,7,Wizards Full timeout,FALSE,0,0,FALSE,0,0,FALSE
nba,2024,401585184,2024-01-15,Dallas Mavericks,New Orleans Pelicans,DAL,NO,24-17,24-17,125,120,TRUE,New Orleans Pelicans,24-17,NA,NA,NA,NA,NA,NA,NA,NA,NA,NA,Dallas Mavericks,24-17,New Orleans Pelicans,24-17,0.451,0.5489999999999999,0.886,0.8713318284424378,0.12866817155756216,526,0,0,1,379,401585184549,549,3,37.1,757.1,12.618333333333334,89,99,99,89,10,Jordan Hawkins makes 24-foot three point jumper (Dyson Daniels assists),FALSE,0,0,FALSE,0,0,FALSE
nba,2024,401585183,2024-01-15,Philadelphia 76ers,Houston Rockets,PHI,HOU,25-13,19-20,124,115,TRUE,Philadelphia 76ers,25-13,NA,NA,NA,NA,NA,NA,NA,NA,NA,NA,Philadelphia 76ers,25-13,Houston Rockets,19-20,0.745,0.745,0.33199999999999996,0.23192771084337335,0.7680722891566266,498,0,0,1,67,40158518399,99,1,4:07,2407,40.11666666666667,16,17,17,16,1,Jalen Green defensive rebound,FALSE,0,0,FALSE,0,0,FALSE
nba,2024,401585182,2024-01-14,Portland Trail Blazers,Phoenix Suns,POR,PHX,10-29,21-18,116,127,FALSE,Phoenix Suns,21-18,NA,NA,NA,NA,NA,NA,NA,NA,NA,NA,Phoenix Suns,21-18,Portland Trail Blazers,10-29,0.112,0.888,0.363,0.6914600550964187,0.3085399449035813,449,0,0,1,99,401585182139,139,1,1:55,2275,37.916666666666664,30,23,30,23,7,Devin Booker personal foul,FALSE,0,0,FALSE,0,0,FALSE
nba,2024,401585180,2024-01-14,Milwaukee Bucks,Sacramento Kings,MIL,SAC,28-12,23-16,143,142,TRUE,Milwaukee Bucks,28-12,NA,NA,NA,NA,NA,NA,NA,NA,NA,NA,Milwaukee Bucks,28-12,Sacramento Kings,23-16,0.664,0.664,0.979,0.9785495403472932,0.02145045965270675,502,0,0,1,487,401585180689,689,5,18.1,18.1,0.3016666666666667,137,141,141,137,4,Pat Connaughton personal take foul,FALSE,0,0,FALSE,0,0,FALSE
nba,2024,401585181,2024-01-14,Minnesota Timberwolves,LA Clippers,MIN,LAC,28-11,25-14,109,105,TRUE,LA Clippers,25-14,NA,NA,NA,NA,NA,NA,NA,NA,NA,NA,Minnesota Timberwolves,28-11,LA Clippers,25-14,0.452,0.548,0.644,0.44720496894409933,0.5527950310559007,437,0,0,1,7,40158518115,15,1,10:56,2816,46.93333333333333,0,3,3,0,3,Daniel Theis defensive rebound,FALSE,0,0,FALSE,0,0,FALSE
nba,2024,401585179,2024-01-14,Miami Heat,Charlotte Hornets,MIA,CHA,23-16,8-29,104,87,TRUE,Miami Heat,23-16,NA,NA,NA,NA,NA,NA,NA,NA,NA,NA,Miami Heat,23-16,Charlotte Hornets,8-29,0.861,0.861,0.16500000000000004,0.1575757575757577,0.8424242424242423,460,0,0,2,28,40158517936,36,1,9:08,2708,45.13333333333333,2,2,2,2,0,Nick Richards defensive rebound,FALSE,0,0,FALSE,0,0,FALSE
nba,2024,401585178,2024-01-14,Denver Nuggets,Indiana Pacers,DEN,IND,28-13,23-16,117,109,TRUE,Denver Nuggets,28-13,NA,NA,NA,NA,NA,NA,NA,NA,NA,NA,Denver Nuggets,28-13,Indiana Pacers,23-16,0.749,0.749,0.536,0.5317164179104478,0.46828358208955223,454,0,0,1,285,401585178417,417,3,7:22,1162,19.366666666666667,67,71,71,67,4,Myles Turner makes 5-foot two point shot,FALSE,0,0,FALSE,0,0,FALSE
nba,2024,401585177,2024-01-13,Utah Jazz,Los Angeles Lakers,UTAH,LAL,21-20,19-21,132,125,TRUE,Utah Jazz,21-20,NA,NA,NA,NA,NA,NA,NA,NA,NA,NA,Utah Jazz,21-20,Los Angeles Lakers,19-21,0.73,0.73,0.736,0.6413043478260869,0.3586956521739131,490,0,0,1,162,401585177233,233,2,6:36,1836,30.6,41,53,53,41,12,Christian Wood defensive rebound,FALSE,0,0,FALSE,0,0,FALSE
nba,2024,401585175,2024-01-13,Dallas Mavericks,New Orleans Pelicans,DAL,NO,23-17,24-16,108,118,FALSE,New Orleans Pelicans,24-16,NA,NA,NA,NA,NA,NA,NA,NA,NA,NA,New Orleans Pelicans,24-16,Dallas Mavericks,23-17,0.464,0.536,0.661,0.48714069591528,0.51285930408472,454,0,0,1,279,401585175404,404,3,5:53,1073,17.883333333333333,74,69,74,69,5,Kyrie Irving makes 1-foot layup (Dwight Powell assists),FALSE,0,0,FALSE,0,0,FALSE
nba,2024,401585176,2024-01-13,San Antonio Spurs,Chicago Bulls,SA,CHI,7-31,19-22,116,122,FALSE,Chicago Bulls,19-22,NA,NA,NA,NA,NA,NA,NA,NA,NA,NA,Chicago Bulls,19-22,San Antonio Spurs,7-31,0.341,0.659,0.834,0.8009592326139088,0.1990407673860912,471,0,0,1,376,401585176538,538,4,8:49,529,8.816666666666666,106,98,106,98,8,Cedi Osman makes 25-foot three point jumper (Devin Vassell assists),FALSE,0,0,FALSE,0,0,FALSE
nba,2024,401585172,2024-01-13,Memphis Grizzlies,New York Knicks,MEM,NY,14-25,23-16,94,106,FALSE,New York Knicks,23-16,NA,NA,NA,NA,NA,NA,NA,NA,NA,NA,New York Knicks,23-16,Memphis Grizzlies,14-25,0.191,0.8089999999999999,0.501,0.6187624750499001,0.3812375249500999,435,0,0,1,211,401585172312,312,2,34.0,1474,24.566666666666663,57,51,57,51,6,GG Jackson makes dunk (Vince Williams Jr. assists),FALSE,0,0,FALSE,0,0,FALSE
nba,2024,401585173,2024-01-13,Milwaukee Bucks,Golden State Warriors,MIL,GS,27-12,18-21,129,118,TRUE,Milwaukee Bucks,27-12,NA,NA,NA,NA,NA,NA,NA,NA,NA,NA,Milwaukee Bucks,27-12,Golden State Warriors,18-21,0.867,0.867,0.643,0.7931570762052877,0.20684292379471225,462,0,0,1,273,401585173375,375,3,5:59,1079,17.983333333333334,65,72,72,65,7,Brandin Podziemski offensive rebound,FALSE,0,0,FALSE,0,0,FALSE
nba,2024,401585174,2024-01-13,Oklahoma City Thunder,Orlando Magic,OKC,ORL,27-11,21-18,112,100,TRUE,Oklahoma City Thunder,27-11,NA,NA,NA,NA,NA,NA,NA,NA,NA,NA,Oklahoma City Thunder,27-11,Orlando Magic,21-18,0.892,0.892,0.19499999999999995,0.4461538461538461,0.5538461538461539,469,0,0,1,65,40158517493,93,1,3:23,2363,39.38333333333333,16,19,19,16,3,Caleb Houstan makes 23-foot three point shot (Trevelin Queen assists),FALSE,0,0,FALSE,0,0,FALSE
nba,2024,401585171,2024-01-13,Atlanta Hawks,Washington Wizards,ATL,WSH,15-23,7-31,99,127,FALSE,Atlanta Hawks,15-23,NA,NA,NA,NA,NA,NA,NA,NA,NA,NA,Washington Wizards,7-31,Atlanta Hawks,15-23,0.677,0.677,0.754,0.6737400530503979,0.32625994694960214,510,0,0,1,12,40158517118,18,1,10:19,2779,46.31666666666667,3,0,3,0,3,Daniel Gafford out of bounds bad pass turnover,FALSE,0,0,FALSE,0,0,FALSE
nba,2024,401585170,2024-01-13,Boston Celtics,Houston Rockets,BOS,HOU,30-9,19-19,145,113,TRUE,Boston Celtics,30-9,NA,NA,NA,NA,NA,NA,NA,NA,NA,NA,Boston Celtics,30-9,Houston Rockets,19-19,0.894,0.894,0.229,0.537117903930131,0.46288209606986896,493,0,0,1,37,40158517053,53,1,7:43,2623,43.71666666666667,8,14,14,8,6,Alperen Sengun defensive rebound,FALSE,0,0,FALSE,0,0,FALSE
nba,2024,401585167,2024-01-12,Denver Nuggets,New Orleans Pelicans,DEN,NO,27-13,23-16,125,113,TRUE,Denver Nuggets,27-13,NA,NA,NA,NA,NA,NA,NA,NA,NA,NA,Denver Nuggets,27-13,New Orleans Pelicans,23-16,0.639,0.639,0.486,0.257201646090535,0.742798353909465,445,0,0,1,37,40158516756,56,1,6:14,2534,42.233333333333334,13,18,18,13,5,CJ McCollum makes 25-foot step back jumpshot,FALSE,0,0,FALSE,0,0,FALSE
nba,2024,401585168,2024-01-12,Utah Jazz,Toronto Raptors,UTAH,TOR,20-20,15-24,145,113,TRUE,Utah Jazz,20-20,NA,NA,NA,NA,NA,NA,NA,NA,NA,NA,Utah Jazz,20-20,Toronto Raptors,15-24,0.514,0.514,0.608,0.3552631578947367,0.6447368421052633,476,0,0,1,7,40158516813,13,1,11:01,2821,47.016666666666666,0,5,5,0,5,Scottie Barnes makes 9-foot two point shot,FALSE,0,0,FALSE,0,0,FALSE
nba,2024,401585163,2024-01-12,Miami Heat,Orlando Magic,MIA,ORL,22-16,21-17,99,96,TRUE,Miami Heat,22-16,NA,NA,NA,NA,NA,NA,NA,NA,NA,NA,Miami Heat,22-16,Orlando Magic,21-17,0.66,0.66,0.6859999999999999,0.542274052478134,0.457725947521866,469,0,0,3,450,401585163655,655,4,23.0,23,0.38333333333333336,95,96,96,95,1,Magic Full timeout,FALSE,0,0,FALSE,0,0,FALSE
nba,2024,401585164,2024-01-12,Chicago Bulls,Golden State Warriors,CHI,GS,18-22,18-20,131,140,FALSE,Chicago Bulls,18-22,NA,NA,NA,NA,NA,NA,NA,NA,NA,NA,Golden State Warriors,18-20,Chicago Bulls,18-22,0.565,0.565,0.886,0.8713318284424378,0.12866817155756216,448,0,0,2,201,401585164298,298,2,0.0,1440,24,75,62,75,62,13,End of the 2nd Quarter,FALSE,0,0,FALSE,0,0,FALSE
nba,2024,401585165,2024-01-12,Memphis Grizzlies,LA Clippers,MEM,LAC,14-24,25-13,119,128,FALSE,LA Clippers,25-13,NA,NA,NA,NA,NA,NA,NA,NA,NA,NA,LA Clippers,25-13,Memphis Grizzlies,14-24,0.192,0.808,0.39,0.5076923076923079,0.4923076923076921,456,0,0,1,91,401585165128,128,1,2:31,2311,38.516666666666666,22,16,22,16,6,Jaren Jackson Jr. defensive rebound,FALSE,0,0,FALSE,0,0,FALSE
nba,2024,401585166,2024-01-12,Minnesota Timberwolves,Portland Trail Blazers,MIN,POR,27-11,10-28,116,93,TRUE,Minnesota Timberwolves,27-11,NA,NA,NA,NA,NA,NA,NA,NA,NA,NA,Minnesota Timberwolves,27-11,Portland Trail Blazers,10-28,0.923,0.923,0.07699999999999996,0,1,463,0,0,1,1,4015851664,4,1,12:00,2880,48,0,0,0,0,0,Duop Reath vs. Rudy Gobert (Karl-Anthony Towns gains possession),FALSE,0,0,FALSE,0,0,FALSE
nba,2024,401585169,2024-01-12,San Antonio Spurs,Charlotte Hornets,SA,CHA,7-30,8-28,135,99,TRUE,San Antonio Spurs,7-30,NA,NA,NA,NA,NA,NA,NA,NA,NA,NA,San Antonio Spurs,7-30,Charlotte Hornets,8-28,0.581,0.581,0.481,0.1288981288981288,0.8711018711018712,503,0,0,1,6,40158516914,14,1,11:11,2831,47.18333333333333,0,2,2,0,2,(11:11) [Hornets] REF-INITIATED REVIEW (CALL OVERTURNED),FALSE,0,0,FALSE,0,0,FALSE
nba,2024,401585160,2024-01-12,Philadelphia 76ers,Sacramento Kings,PHI,SAC,24-13,23-15,112,93,TRUE,Philadelphia 76ers,24-13,NA,NA,NA,NA,NA,NA,NA,NA,NA,NA,Philadelphia 76ers,24-13,Sacramento Kings,23-15,0.622,0.622,0.43500000000000005,0.13103448275862084,0.8689655172413792,492,0,0,1,23,40158516035,35,1,8:43,2683,44.71666666666667,6,7,7,6,1,De'Anthony Melton back court turnover,FALSE,0,0,FALSE,0,0,FALSE
nba,2024,401585161,2024-01-12,Atlanta Hawks,Indiana Pacers,ATL,IND,15-22,23-15,108,126,FALSE,Atlanta Hawks,15-22,NA,NA,NA,NA,NA,NA,NA,NA,NA,NA,Indiana Pacers,23-15,Atlanta Hawks,15-22,0.544,0.544,0.646,0.4520123839009289,0.5479876160990711,432,0,0,1,8,40158516116,16,1,10:58,2818,46.96666666666667,4,0,4,0,4,Clint Capela defensive rebound,FALSE,0,0,FALSE,0,0,FALSE
nba,2024,401585162,2024-01-12,Detroit Pistons,Houston Rockets,DET,HOU,3-36,19-18,110,112,FALSE,Houston Rockets,19-18,NA,NA,NA,NA,NA,NA,NA,NA,NA,NA,Houston Rockets,19-18,Detroit Pistons,3-36,0.305,0.6950000000000001,0.866,0.8452655889145497,0.15473441108545027,461,0,0,1,419,401585162606,606,4,3:26,206,3.433333333333333,107,102,107,102,5,Alperen Sengun lost ball turnover (Jalen Duren steals),FALSE,0,0,FALSE,0,0,FALSE
nba,2024,401585159,2024-01-11,Los Angeles Lakers,Phoenix Suns,LAL,PHX,19-20,20-18,109,127,FALSE,Phoenix Suns,20-18,NA,NA,NA,NA,NA,NA,NA,NA,NA,NA,Phoenix Suns,20-18,Los Angeles Lakers,19-20,0.469,0.531,0.492,0.0467479674796748,0.9532520325203252,464,0,0,1,12,40158515923,23,1,9:55,2755,45.916666666666664,7,6,7,6,1,LeBron James makes 9-foot two point shot (Austin Reaves assists),FALSE,0,0,FALSE,0,0,FALSE
nba,2024,401585158,2024-01-11,Dallas Mavericks,New York Knicks,DAL,NY,23-16,22-16,128,124,TRUE,New York Knicks,22-16,NA,NA,NA,NA,NA,NA,NA,NA,NA,NA,Dallas Mavericks,23-16,New York Knicks,22-16,0.36,0.64,0.657,0.47792998477929993,0.5220700152207001,485,0,0,2,3,4015851588,8,1,11:38,2858,47.63333333333333,0,0,0,0,0,Isaiah Hartenstein defensive rebound,FALSE,0,0,FALSE,0,0,FALSE
nba,2024,401585157,2024-01-11,Oklahoma City Thunder,Portland Trail Blazers,OKC,POR,57-25,21-61,139,77,TRUE,Oklahoma City Thunder,57-25,NA,NA,NA,NA,NA,NA,NA,NA,NA,NA,Oklahoma City Thunder,57-25,Portland Trail Blazers,21-61,0.895,0.895,0.16400000000000003,0.3597560975609758,0.6402439024390242,467,0,0,1,6,40158515712,12,1,11:21,2841,47.35,0,5,5,0,5,Scoot Henderson makes 25-foot three point jumper (Toumani Camara assists),FALSE,0,0,FALSE,0,0,FALSE
nba,2024,401585156,2024-01-11,Milwaukee Bucks,Boston Celtics,MIL,BOS,26-12,29-9,135,102,TRUE,Boston Celtics,29-9,NA,NA,NA,NA,NA,NA,NA,NA,NA,NA,Milwaukee Bucks,26-12,Boston Celtics,29-9,0.458,0.542,0.542,0.15498154981549828,0.8450184501845017,452,0,0,2,1,4015851564,4,1,12:00,2880,48,0,0,0,0,0,Kristaps Porzingis vs. Brook Lopez (Derrick White gains possession),FALSE,0,0,FALSE,0,0,FALSE
nba,2024,401585155,2024-01-11,Cleveland Cavaliers,Brooklyn Nets,CLE,BKN,22-15,16-22,111,102,TRUE,Cleveland Cavaliers,22-15,NA,NA,NA,NA,NA,NA,NA,NA,NA,NA,Cleveland Cavaliers,22-15,Brooklyn Nets,16-22,0.526,0.526,0.474,0,1,514,0,0,1,1,4015851554,4,1,12:00,2880,48,0,0,0,0,0,Nic Claxton vs. Jarrett Allen (Spencer Dinwiddie gains possession),FALSE,0,0,FALSE,0,0,FALSE
nba,2024,401585154,2024-01-10,LA Clippers,Toronto Raptors,LAC,TOR,24-13,15-23,126,120,TRUE,LA Clippers,24-13,NA,NA,NA,NA,NA,NA,NA,NA,NA,NA,LA Clippers,24-13,Toronto Raptors,15-23,0.797,0.797,0.665,0.6947368421052633,0.3052631578947367,424,0,0,1,293,401585154431,431,3,1:29,809,13.483333333333333,85,90,90,85,5,RJ Barrett defensive rebound,FALSE,0,0,FALSE,0,0,FALSE
nba,2024,401585152,2024-01-10,Utah Jazz,Denver Nuggets,UTAH,DEN,19-20,26-13,124,111,TRUE,Denver Nuggets,26-13,NA,NA,NA,NA,NA,NA,NA,NA,NA,NA,Utah Jazz,19-20,Denver Nuggets,26-13,0.35,0.65,0.675,0.5185185185185186,0.4814814814814814,462,0,0,1,6,40158515211,11,1,11:17,2837,47.28333333333333,0,2,2,0,2,Michael Porter Jr. makes two point shot (Nikola Jokic assists),FALSE,0,0,FALSE,0,0,FALSE
nba,2024,401585153,2024-01-10,Golden State Warriors,New Orleans Pelicans,GS,NO,17-20,23-15,105,141,FALSE,New Orleans Pelicans,23-15,NA,NA,NA,NA,NA,NA,NA,NA,NA,NA,New Orleans Pelicans,23-15,Golden State Warriors,17-20,0.469,0.531,0.489,0.04089979550102252,0.9591002044989776,457,0,0,2,3,4015851536,6,1,11:31,2851,47.516666666666666,0,0,0,0,0,Jonathan Kuminga defensive rebound,FALSE,0,0,FALSE,0,0,FALSE
nba,2024,401585151,2024-01-10,Chicago Bulls,Houston Rockets,CHI,HOU,18-21,18-18,124,119,TRUE,Chicago Bulls,18-21,NA,NA,NA,NA,NA,NA,NA,NA,NA,NA,Chicago Bulls,18-21,Houston Rockets,18-18,0.588,0.588,0.896,0.8839285714285714,0.1160714285714286,506,0,0,1,472,401585151673,673,5,2:37,157,2.6166666666666667,114,119,119,114,5,Coby White lost ball turnover (Fred VanVleet steals),FALSE,0,0,FALSE,0,0,FALSE
nba,2024,401585149,2024-01-10,Atlanta Hawks,Philadelphia 76ers,ATL,PHI,15-21,23-13,139,132,TRUE,Philadelphia 76ers,23-13,NA,NA,NA,NA,NA,NA,NA,NA,NA,NA,Atlanta Hawks,15-21,Philadelphia 76ers,23-13,0.412,0.5880000000000001,0.841,0.8109393579072532,0.18906064209274676,566,0,0,2,538,401585149756,756,5,1:29,89,1.4833333333333334,130,132,132,130,2,Jalen Johnson personal foul,FALSE,0,0,FALSE,0,0,FALSE
nba,2024,401585150,2024-01-10,Miami Heat,Oklahoma City Thunder,MIA,OKC,21-16,25-11,120,128,FALSE,Oklahoma City Thunder,25-11,NA,NA,NA,NA,NA,NA,NA,NA,NA,NA,Oklahoma City Thunder,25-11,Miami Heat,21-16,0.392,0.608,0.682,0.5337243401759533,0.46627565982404673,452,0,0,4,130,401585150190,190,2,7:06,1866,31.1,53,44,53,44,9,Nikola Jovic makes 28-foot three point shot (Josh Richardson assists),FALSE,0,0,FALSE,0,0,FALSE
nba,2024,401585145,2024-01-10,Boston Celtics,Minnesota Timberwolves,BOS,MIN,29-8,26-11,127,120,TRUE,Boston Celtics,29-8,NA,NA,NA,NA,NA,NA,NA,NA,NA,NA,Boston Celtics,29-8,Minnesota Timberwolves,26-11,0.873,0.873,0.949,0.946259220231823,0.05374077976817704,483,0,0,1,393,401585145552,552,4,2:14,434,7.233333333333333,102,109,109,102,7,Nickeil Alexander-Walker offensive rebound,FALSE,0,0,FALSE,0,0,FALSE
nba,2024,401585146,2024-01-10,Charlotte Hornets,Sacramento Kings,CHA,SAC,8-27,23-14,98,123,FALSE,Sacramento Kings,23-14,NA,NA,NA,NA,NA,NA,NA,NA,NA,NA,Sacramento Kings,23-14,Charlotte Hornets,8-27,0.296,0.704,0.473,0.3742071881606765,0.6257928118393236,447,0,0,1,27,40158514640,40,1,8:26,2666,44.43333333333333,8,3,8,3,5,Chris Duarte shooting foul,FALSE,0,0,FALSE,0,0,FALSE
nba,2024,401585147,2024-01-10,Detroit Pistons,San Antonio Spurs,DET,SA,3-35,6-30,108,130,FALSE,Detroit Pistons,3-35,NA,NA,NA,NA,NA,NA,NA,NA,NA,NA,San Antonio Spurs,6-30,Detroit Pistons,3-35,0.506,0.506,0.552,0.18840579710144945,0.8115942028985506,470,0,0,1,33,40158514745,45,1,7:57,2637,43.95,10,8,10,8,2,Jalen Duren makes 2-foot dunk,FALSE,0,0,FALSE,0,0,FALSE
nba,2024,401585148,2024-01-10,Indiana Pacers,Washington Wizards,IND,WSH,22-15,6-31,112,104,TRUE,Indiana Pacers,22-15,NA,NA,NA,NA,NA,NA,NA,NA,NA,NA,Indiana Pacers,22-15,Washington Wizards,6-31,0.815,0.815,0.44099999999999995,0.5804988662131518,0.41950113378684817,482,0,0,1,212,401585148293,293,2,3:54,1674,27.9,38,42,42,38,4,Andrew Nembhard bad pass (Jordan Poole steals),FALSE,0,0,FALSE,0,0,FALSE
nba,2024,401585144,2024-01-09,Los Angeles Lakers,Toronto Raptors,LAL,TOR,19-19,15-22,132,131,TRUE,Toronto Raptors,15-22,NA,NA,NA,NA,NA,NA,NA,NA,NA,NA,Los Angeles Lakers,19-19,Toronto Raptors,15-22,0.436,0.5640000000000001,0.821,0.7819732034104749,0.21802679658952503,464,0,0,1,258,401585144372,372,3,6:12,1092,18.2,62,70,70,62,8,Pascal Siakam defensive rebound,FALSE,0,0,FALSE,0,0,FALSE
nba,2024,401585143,2024-01-09,Dallas Mavericks,Memphis Grizzlies,DAL,MEM,22-16,14-23,103,120,FALSE,Dallas Mavericks,22-16,NA,NA,NA,NA,NA,NA,NA,NA,NA,NA,Memphis Grizzlies,14-23,Dallas Mavericks,22-16,0.76,0.76,0.873,0.8545246277205041,0.14547537227949592,471,0,0,1,40,40158514351,51,1,7:22,2602,43.36666666666667,15,9,15,9,6,Vince Williams Jr. shooting foul,FALSE,0,0,FALSE,0,0,FALSE
nba,2024,401585142,2024-01-09,New York Knicks,Portland Trail Blazers,NY,POR,22-15,10-26,112,84,TRUE,New York Knicks,22-15,NA,NA,NA,NA,NA,NA,NA,NA,NA,NA,New York Knicks,22-15,Portland Trail Blazers,10-26,0.872,0.872,0.136,0.05882352941176472,0.9411764705882352,458,0,0,1,31,40158514246,46,1,7:29,2609,43.483333333333334,12,11,11,12,-1,OG Anunoby misses 22-foot three point jumper,FALSE,0,0,FALSE,0,0,FALSE
nba,2024,401585140,2024-01-09,Detroit Pistons,Sacramento Kings,DET,SAC,3-34,22-14,110,131,FALSE,Sacramento Kings,22-14,NA,NA,NA,NA,NA,NA,NA,NA,NA,NA,Sacramento Kings,22-14,Detroit Pistons,3-34,0.271,0.729,0.882,0.8662131519274376,0.13378684807256236,468,0,0,1,168,401585140254,254,2,7:15,1875,31.25,60,42,60,42,18,Bojan Bogdanovic makes free throw 1 of 2,FALSE,0,0,FALSE,0,0,FALSE
nba,2024,401585141,2024-01-09,Orlando Magic,Minnesota Timberwolves,ORL,MIN,21-16,26-10,92,113,FALSE,Minnesota Timberwolves,26-10,NA,NA,NA,NA,NA,NA,NA,NA,NA,NA,Minnesota Timberwolves,26-10,Orlando Magic,21-16,0.371,0.629,0.373,0.00536193029490617,0.9946380697050938,463,0,0,1,3,4015851418,8,1,11:31,2851,47.516666666666666,0,0,0,0,0,Magic offensive team rebound,FALSE,0,0,FALSE,0,0,FALSE
nba,2024,401585139,2024-01-08,LA Clippers,Phoenix Suns,LAC,PHX,23-13,19-18,138,111,TRUE,LA Clippers,23-13,NA,NA,NA,NA,NA,NA,NA,NA,NA,NA,LA Clippers,23-13,Phoenix Suns,19-18,0.727,0.727,0.482,0.433609958506224,0.566390041493776,438,0,0,1,155,401585139221,221,2,6:18,1818,30.3,46,51,51,46,5,Jusuf Nurkic makes 26-foot three point jumper (Kevin Durant assists),FALSE,0,0,FALSE,0,0,FALSE
nba,2024,401585138,2024-01-08,Milwaukee Bucks,Utah Jazz,MIL,UTAH,25-12,18-20,116,132,FALSE,Milwaukee Bucks,25-12,NA,NA,NA,NA,NA,NA,NA,NA,NA,NA,Utah Jazz,18-20,Milwaukee Bucks,25-12,0.7,0.7,0.7,0.5714285714285714,0.4285714285714286,462,0,0,1,1,4015851384,4,1,12:00,2880,48,0,0,0,0,0,John Collins vs. Brook Lopez (Giannis Antetokounmpo gains possession),FALSE,0,0,FALSE,0,0,FALSE
nba,2024,401585137,2024-01-08,Miami Heat,Houston Rockets,MIA,HOU,21-15,18-17,120,113,TRUE,Miami Heat,21-15,NA,NA,NA,NA,NA,NA,NA,NA,NA,NA,Miami Heat,21-15,Houston Rockets,18-17,0.665,0.665,0.4419999999999999,0.2420814479638008,0.7579185520361992,482,0,0,1,244,401585137358,358,3,11:25,1405,23.416666666666668,59,59,59,59,0,Alperen Sengun defensive rebound,FALSE,0,0,FALSE,0,0,FALSE
nba,2024,401585134,2024-01-08,Charlotte Hornets,Chicago Bulls,CHA,CHI,8-26,17-21,112,119,FALSE,Chicago Bulls,17-21,NA,NA,NA,NA,NA,NA,NA,NA,NA,NA,Chicago Bulls,17-21,Charlotte Hornets,8-26,0.308,0.692,0.543,0.4327808471454879,0.5672191528545121,487,0,0,1,437,401585134639,639,4,23.2,323.2,5.386666666666667,107,107,107,107,0,Hornets Full timeout,FALSE,0,0,FALSE,0,0,FALSE
nba,2024,401585135,2024-01-08,Indiana Pacers,Boston Celtics,IND,BOS,21-15,28-8,133,131,TRUE,Boston Celtics,28-8,NA,NA,NA,NA,NA,NA,NA,NA,NA,NA,Indiana Pacers,21-15,Boston Celtics,28-8,0.476,0.524,0.922,0.915401301518438,0.08459869848156187,474,0,0,1,458,401585135655,655,4,3.0,3,0.05,131,131,131,131,0,Pacers Coach's Challenge,FALSE,0,0,FALSE,0,0,FALSE
nba,2024,401585136,2024-01-08,Washington Wizards,Oklahoma City Thunder,WSH,OKC,6-30,24-11,128,136,FALSE,Oklahoma City Thunder,24-11,NA,NA,NA,NA,NA,NA,NA,NA,NA,NA,Oklahoma City Thunder,24-11,Washington Wizards,6-30,0.162,0.838,0.277,0.4151624548736461,0.5848375451263539,474,0,0,1,337,401585136511,511,3,28.1,748.1,12.468333333333334,97,100,97,100,-3,Shai Gilgeous-Alexander misses 21-foot pullup jump shot,FALSE,0,0,FALSE,0,0,FALSE
nba,2024,401585133,2024-01-07,Los Angeles Lakers,LA Clippers,LAL,LAC,18-19,22-13,106,103,TRUE,LA Clippers,22-13,NA,NA,NA,NA,NA,NA,NA,NA,NA,NA,Los Angeles Lakers,18-19,LA Clippers,22-13,0.299,0.7010000000000001,0.861,0.8385598141695703,0.16144018583042974,451,0,0,1,47,40158513362,62,1,5:56,2516,41.93333333333333,7,16,16,7,9,Cam Reddish steps out of bounds turnover,FALSE,0,0,FALSE,0,0,FALSE
nba,2024,401585132,2024-01-07,Golden State Warriors,Toronto Raptors,GS,TOR,17-19,15-21,118,133,FALSE,Golden State Warriors,17-19,NA,NA,NA,NA,NA,NA,NA,NA,NA,NA,Toronto Raptors,15-21,Golden State Warriors,17-19,0.53,0.53,0.53,0.11320754716981152,0.8867924528301885,443,0,0,1,1,4015851324,4,1,12:00,2880,48,0,0,0,0,0,Jakob Poeltl vs. Trayce Jackson-Davis (Immanuel Quickley gains possession),FALSE,0,0,FALSE,0,0,FALSE
nba,2024,401585130,2024-01-07,Denver Nuggets,Detroit Pistons,DEN,DET,26-12,3-33,131,114,TRUE,Denver Nuggets,26-12,NA,NA,NA,NA,NA,NA,NA,NA,NA,NA,Denver Nuggets,26-12,Detroit Pistons,3-33,0.921,0.921,0.224,0.6473214285714288,0.3526785714285712,469,0,0,6,129,401585130186,186,2,8:09,1929,32.15,37,41,41,37,4,Kevin Knox II makes finger roll layup (Cade Cunningham assists),FALSE,0,0,FALSE,0,0,FALSE
nba,2024,401585131,2024-01-07,Phoenix Suns,Memphis Grizzlies,PHX,MEM,19-17,13-23,115,121,FALSE,Phoenix Suns,19-17,NA,NA,NA,NA,NA,NA,NA,NA,NA,NA,Memphis Grizzlies,13-23,Phoenix Suns,19-17,0.758,0.758,0.961,0.9594172736732568,0.04058272632674309,533,0,0,1,380,401585131561,561,3,19.1,739.1,12.318333333333332,97,84,97,84,13,John Konchar misses 26-foot three point jumper,FALSE,0,0,FALSE,0,0,FALSE
nba,2024,401585129,2024-01-07,Dallas Mavericks,Minnesota Timberwolves,DAL,MIN,22-15,25-10,115,108,TRUE,Dallas Mavericks,22-15,NA,NA,NA,NA,NA,NA,NA,NA,NA,NA,Dallas Mavericks,22-15,Minnesota Timberwolves,25-10,0.506,0.506,0.86,0.8372093023255813,0.16279069767441867,502,0,0,1,452,401585129643,643,4,3:53,233,3.8833333333333337,100,106,106,100,6,Anthony Edwards makes 13-foot two point shot,FALSE,0,0,FALSE,0,0,FALSE
nba,2024,401585127,2024-01-07,Orlando Magic,Atlanta Hawks,ORL,ATL,21-15,14-21,117,110,TRUE,Atlanta Hawks,14-21,NA,NA,NA,NA,NA,NA,NA,NA,NA,NA,Orlando Magic,21-15,Atlanta Hawks,14-21,0.432,0.5680000000000001,0.8160000000000001,0.7745098039215688,0.22549019607843124,519,0,0,1,226,401585127327,327,2,0.0,1740,29,51,60,60,51,9,Trae Young defensive rebound,FALSE,0,0,FALSE,0,0,FALSE
nba,2024,401585128,2024-01-07,Sacramento Kings,New Orleans Pelicans,SAC,NO,21-14,22-15,100,133,FALSE,Sacramento Kings,21-14,NA,NA,NA,NA,NA,NA,NA,NA,NA,NA,New Orleans Pelicans,22-15,Sacramento Kings,21-14,0.564,0.564,0.565,0.23008849557522115,0.7699115044247788,415,0,0,1,6,40158512814,14,1,10:58,2818,46.96666666666667,3,2,3,2,1,De'Aaron Fox makes 27-foot three pointer,FALSE,0,0,FALSE,0,0,FALSE
nba,2024,401585126,2024-01-07,Brooklyn Nets,Portland Trail Blazers,BKN,POR,16-21,10-25,127,134,FALSE,Brooklyn Nets,16-21,NA,NA,NA,NA,NA,NA,NA,NA,NA,NA,Portland Trail Blazers,10-25,Brooklyn Nets,16-21,0.849,0.849,0.914,0.9059080962800876,0.09409190371991238,505,0,0,1,46,40158512671,71,1,5:48,2808,46.8,14,7,14,7,7,Ibou Badji shooting foul,FALSE,0,0,FALSE,0,0,FALSE
nba,2024,401585125,2024-01-07,Cleveland Cavaliers,San Antonio Spurs,CLE,SA,21-15,5-30,117,115,TRUE,Cleveland Cavaliers,21-15,NA,NA,NA,NA,NA,NA,NA,NA,NA,NA,Cleveland Cavaliers,21-15,San Antonio Spurs,5-30,0.888,0.888,0.468,0.7606837606837608,0.23931623931623924,459,0,0,1,72,401585125101,101,1,3:54,2394,39.9,12,26,26,12,14,Tre Jones makes driving layup,FALSE,0,0,FALSE,0,0,FALSE
nba,2024,401585124,2024-01-06,Houston Rockets,Milwaukee Bucks,HOU,MIL,18-16,25-11,112,108,TRUE,Milwaukee Bucks,25-11,NA,NA,NA,NA,NA,NA,NA,NA,NA,NA,Houston Rockets,18-16,Milwaukee Bucks,25-11,0.296,0.704,0.781,0.7195902688860436,0.2804097311139564,493,0,0,1,12,40158512418,18,1,10:24,2784,46.4,0,4,4,0,4,Giannis Antetokounmpo defensive rebound,FALSE,0,0,FALSE,0,0,FALSE
nba,2024,401585123,2024-01-06,Philadelphia 76ers,Utah Jazz,PHI,UTAH,23-12,17-20,109,120,FALSE,Philadelphia 76ers,23-12,NA,NA,NA,NA,NA,NA,NA,NA,NA,NA,Utah Jazz,17-20,Philadelphia 76ers,23-12,0.798,0.798,0.798,0.7468671679197996,0.25313283208020043,482,0,0,1,1,4015851234,4,1,12:00,2880,48,0,0,0,0,0,John Collins vs. Paul Reed (Lauri Markkanen gains possession),FALSE,0,0,FALSE,0,0,FALSE
nba,2024,401585121,2024-01-06,Indiana Pacers,Boston Celtics,IND,BOS,20-15,28-7,101,118,FALSE,Boston Celtics,28-7,NA,NA,NA,NA,NA,NA,NA,NA,NA,NA,Boston Celtics,28-7,Indiana Pacers,20-15,0.336,0.6639999999999999,0.385,0.1272727272727271,0.8727272727272729,479,0,0,1,343,401585121480,480,3,23.0,743,12.383333333333333,81,82,81,82,-1,Buddy Hield makes 23-foot three point shot (T.J. McConnell assists),FALSE,0,0,FALSE,0,0,FALSE
nba,2024,401585122,2024-01-06,Washington Wizards,New York Knicks,WSH,NY,6-29,21-15,105,121,FALSE,New York Knicks,21-15,NA,NA,NA,NA,NA,NA,NA,NA,NA,NA,New York Knicks,21-15,Washington Wizards,6-29,0.228,0.772,0.228,1.1102230246251563e-16,1,456,0,0,1,1,4015851224,4,1,12:00,2880,48,0,0,0,0,0,Isaiah Hartenstein vs. Daniel Gafford (Donte DiVincenzo gains possession),FALSE,0,0,FALSE,0,0,FALSE
nba,2024,401585118,2024-01-05,Golden State Warriors,Detroit Pistons,GS,DET,17-18,3-32,113,109,TRUE,Golden State Warriors,17-18,NA,NA,NA,NA,NA,NA,NA,NA,NA,NA,Golden State Warriors,17-18,Detroit Pistons,3-32,0.835,0.835,0.51,0.676470588235294,0.32352941176470595,478,0,0,1,442,401585118642,642,4,1:41,101,1.6833333333333331,102,103,103,102,1,Bojan Bogdanovic makes 26-foot three point jumper (Alec Burks assists),FALSE,0,0,FALSE,0,0,FALSE
nba,2024,401585119,2024-01-05,Los Angeles Lakers,Memphis Grizzlies,LAL,MEM,17-19,12-23,113,127,FALSE,Los Angeles Lakers,17-19,NA,NA,NA,NA,NA,NA,NA,NA,NA,NA,Memphis Grizzlies,12-23,Los Angeles Lakers,17-19,0.59,0.59,0.877,0.8597491448118586,0.1402508551881414,444,0,0,3,146,401585119212,212,2,7:53,1913,31.883333333333333,45,32,45,32,13,Ziaire Williams offensive foul,FALSE,0,0,FALSE,0,0,FALSE
nba,2024,401585120,2024-01-05,Sacramento Kings,Toronto Raptors,SAC,TOR,21-13,14-21,135,130,TRUE,Sacramento Kings,21-13,NA,NA,NA,NA,NA,NA,NA,NA,NA,NA,Sacramento Kings,21-13,Toronto Raptors,14-21,0.573,0.573,0.459,0.06971677559912848,0.9302832244008716,479,0,0,1,62,40158512087,87,1,5:27,2487,41.45,16,16,16,16,0,Domantas Sabonis traveling,FALSE,0,0,FALSE,0,0,FALSE
nba,2024,401585116,2024-01-05,Denver Nuggets,Orlando Magic,DEN,ORL,25-12,20-15,120,122,FALSE,Denver Nuggets,25-12,NA,NA,NA,NA,NA,NA,NA,NA,NA,NA,Orlando Magic,20-15,Denver Nuggets,25-12,0.802,0.802,0.978,0.9775051124744376,0.02249488752556239,467,0,0,2,263,401585116374,374,3,9:33,1293,21.55,76,58,76,58,18,Paolo Banchero lost ball turnover (Michael Porter Jr. steals),FALSE,0,0,FALSE,0,0,FALSE
nba,2024,401585117,2024-01-05,Phoenix Suns,Miami Heat,PHX,MIA,19-16,20-15,113,97,TRUE,Phoenix Suns,19-16,NA,NA,NA,NA,NA,NA,NA,NA,NA,NA,Phoenix Suns,19-16,Miami Heat,20-15,0.521,0.521,0.605,0.3471074380165289,0.6528925619834711,451,0,0,2,125,401585117184,184,2,8:52,1972,32.86666666666667,35,38,38,35,3,Drew Eubanks shooting foul,FALSE,0,0,FALSE,0,0,FALSE
nba,2024,401585115,2024-01-05,Dallas Mavericks,Portland Trail Blazers,DAL,POR,21-15,9-25,139,103,TRUE,Dallas Mavericks,21-15,NA,NA,NA,NA,NA,NA,NA,NA,NA,NA,Dallas Mavericks,21-15,Portland Trail Blazers,9-25,0.762,0.762,0.357,0.33333333333333337,0.6666666666666666,473,0,0,1,24,40158511539,39,1,7:59,2639,43.983333333333334,12,15,15,12,3,Derrick Jones Jr. shooting foul,FALSE,0,0,FALSE,0,0,FALSE
nba,2024,401585112,2024-01-05,Chicago Bulls,Charlotte Hornets,CHI,CHA,16-21,8-25,104,91,TRUE,Chicago Bulls,16-21,NA,NA,NA,NA,NA,NA,NA,NA,NA,NA,Chicago Bulls,16-21,Charlotte Hornets,8-25,0.776,0.776,0.425,0.4729411764705883,0.5270588235294117,432,0,0,1,123,401585112180,180,2,9:46,2026,33.766666666666666,25,30,30,25,5,Terry Rozier personal foul,FALSE,0,0,FALSE,0,0,FALSE
nba,2024,401585113,2024-01-05,Houston Rockets,Minnesota Timberwolves,HOU,MIN,17-16,25-9,95,122,FALSE,Minnesota Timberwolves,25-9,NA,NA,NA,NA,NA,NA,NA,NA,NA,NA,Minnesota Timberwolves,25-9,Houston Rockets,17-16,0.47,0.53,0.597,0.32495812395309875,0.6750418760469012,450,0,0,1,16,40158511330,30,1,9:38,2738,45.63333333333333,10,6,10,6,4,Rudy Gobert shooting foul,FALSE,0,0,FALSE,0,0,FALSE
nba,2024,401585114,2024-01-05,New Orleans Pelicans,LA Clippers,NO,LAC,21-15,22-12,95,111,FALSE,New Orleans Pelicans,21-15,NA,NA,NA,NA,NA,NA,NA,NA,NA,NA,LA Clippers,22-12,New Orleans Pelicans,21-15,0.514,0.514,0.725,0.6206896551724137,0.3793103448275863,454,0,0,4,67,40158511493,93,1,3:27,2367,39.45,24,16,24,16,8,James Harden out of bounds bad pass turnover,FALSE,0,0,FALSE,0,0,FALSE
nba,2024,401585109,2024-01-05,Brooklyn Nets,Oklahoma City Thunder,BKN,OKC,16-20,23-11,124,115,TRUE,Oklahoma City Thunder,23-11,NA,NA,NA,NA,NA,NA,NA,NA,NA,NA,Brooklyn Nets,16-20,Oklahoma City Thunder,23-11,0.379,0.621,0.656,0.47560975609756095,0.524390243902439,506,0,0,2,31,40158510948,48,1,8:03,2643,44.05,6,8,8,6,2,Chet Holmgren makes 1-foot dunk (Josh Giddey assists),FALSE,0,0,FALSE,0,0,FALSE
nba,2024,401585110,2024-01-05,Cleveland Cavaliers,Washington Wizards,CLE,WSH,20-15,6-28,114,90,TRUE,Cleveland Cavaliers,20-15,NA,NA,NA,NA,NA,NA,NA,NA,NA,NA,Cleveland Cavaliers,20-15,Washington Wizards,6-28,0.802,0.802,0.20399999999999996,0.02941176470588236,0.9705882352941176,437,0,0,1,88,401585110134,134,1,1:09,2229,37.15,29,25,25,29,-4,Tristan Thompson shooting foul,FALSE,0,0,FALSE,0,0,FALSE
nba,2024,401585111,2024-01-05,Philadelphia 76ers,New York Knicks,PHI,NY,23-11,20-15,92,128,FALSE,Philadelphia 76ers,23-11,NA,NA,NA,NA,NA,NA,NA,NA,NA,NA,New York Knicks,20-15,Philadelphia 76ers,23-11,0.758,0.758,0.879,0.8623435722411832,0.1376564277588168,459,0,0,1,74,401585111111,111,1,4:08,2408,40.13333333333333,26,16,26,16,10,Kelly Oubre Jr. makes 25-foot three point jumper (Joel Embiid assists),FALSE,0,0,FALSE,0,0,FALSE
nba,2024,401585107,2024-01-05,Boston Celtics,Utah Jazz,BOS,UTAH,27-7,16-20,126,97,TRUE,Boston Celtics,27-7,NA,NA,NA,NA,NA,NA,NA,NA,NA,NA,Boston Celtics,27-7,Utah Jazz,16-20,0.88,0.88,0.13,0.07692307692307698,0.923076923076923,519,0,0,2,4,40158510711,11,1,11:40,2860,47.666666666666664,0,0,0,0,0,Simone Fontecchio offensive rebound,FALSE,0,0,FALSE,0,0,FALSE
nba,2024,401585108,2024-01-05,Indiana Pacers,Atlanta Hawks,IND,ATL,20-14,14-20,150,116,TRUE,Indiana Pacers,20-14,NA,NA,NA,NA,NA,NA,NA,NA,NA,NA,Indiana Pacers,20-14,Atlanta Hawks,14-20,0.578,0.578,0.5569999999999999,0.2423698384201075,0.7576301615798925,455,0,0,1,5,40158510811,11,1,11:13,2833,47.21666666666667,0,6,6,0,6,Jalen Johnson makes 24-foot three point jumper (Trae Young assists),FALSE,0,0,FALSE,0,0,FALSE
nba,2024,401585106,2024-01-04,Golden State Warriors,Denver Nuggets,GS,DEN,16-18,25-11,127,130,FALSE,Golden State Warriors,16-18,NA,NA,NA,NA,NA,NA,NA,NA,NA,NA,Denver Nuggets,25-11,Golden State Warriors,16-18,0.516,0.516,0.996,0.9959839357429718,0.00401606425702816,437,0,0,4,366,401585106540,540,4,6:51,411,6.85,123,105,123,105,18,Andrew Wiggins makes 13-foot step back jumpshot (Brandin Podziemski assists),FALSE,0,0,FALSE,0,0,FALSE
nba,2024,401585105,2024-01-04,San Antonio Spurs,Milwaukee Bucks,SA,MIL,5-29,25-10,121,125,FALSE,Milwaukee Bucks,25-10,NA,NA,NA,NA,NA,NA,NA,NA,NA,NA,Milwaukee Bucks,25-10,San Antonio Spurs,5-29,0.163,0.837,0.804,0.7972636815920398,0.20273631840796025,452,0,0,1,411,401585105597,597,4,3:41,221,3.683333333333333,117,112,117,112,5,Devin Vassell makes dunk,FALSE,0,0,FALSE,0,0,FALSE
nba,2024,401585103,2024-01-03,Los Angeles Lakers,Miami Heat,LAL,MIA,17-18,20-14,96,110,FALSE,Miami Heat,20-14,NA,NA,NA,NA,NA,NA,NA,NA,NA,NA,Miami Heat,20-14,Los Angeles Lakers,17-18,0.449,0.5509999999999999,0.527,0.14800759013282727,0.8519924098671727,467,0,0,1,25,40158510337,37,1,9:16,2716,45.266666666666666,7,5,7,5,2,Jaime Jaquez Jr. out of bounds lost ball turnover,FALSE,0,0,FALSE,0,0,FALSE
nba,2024,401585104,2024-01-03,Sacramento Kings,Orlando Magic,SAC,ORL,20-13,19-15,138,135,TRUE,Sacramento Kings,20-13,NA,NA,NA,NA,NA,NA,NA,NA,NA,NA,Sacramento Kings,20-13,Orlando Magic,19-15,0.637,0.637,0.852,0.8262910798122065,0.1737089201877935,574,0,0,1,452,401585104681,681,4,6.0,606,10.1,118,118,118,118,0,De'Aaron Fox personal take foul,FALSE,0,0,FALSE,0,0,FALSE
nba,2024,401585101,2024-01-03,Phoenix Suns,LA Clippers,PHX,LAC,18-16,21-12,122,131,FALSE,LA Clippers,21-12,NA,NA,NA,NA,NA,NA,NA,NA,NA,NA,LA Clippers,21-12,Phoenix Suns,18-16,0.397,0.603,0.4,0.00749999999999995,0.9925,451,0,0,1,22,40158510131,31,1,8:57,2697,44.95,4,5,4,5,-1,Chimezie Metu defensive rebound,FALSE,0,0,FALSE,0,0,FALSE
nba,2024,401585102,2024-01-03,Utah Jazz,Detroit Pistons,UTAH,DET,31-51,14-68,154,148,TRUE,Utah Jazz,31-51,NA,NA,NA,NA,NA,NA,NA,NA,NA,NA,Utah Jazz,31-51,Detroit Pistons,14-68,0.805,0.805,0.859,0.8358556461001163,0.1641443538998837,536,0,0,2,382,401585102557,557,4,9:35,875,14.583333333333334,109,117,117,109,8,Killian Hayes defensive rebound,FALSE,0,0,FALSE,0,0,FALSE
nba,2024,401585096,2024-01-03,New York Knicks,Chicago Bulls,NY,CHI,19-15,15-21,116,100,TRUE,New York Knicks,19-15,NA,NA,NA,NA,NA,NA,NA,NA,NA,NA,New York Knicks,19-15,Chicago Bulls,15-21,0.825,0.825,0.617,0.7163695299837924,0.28363047001620756,445,0,0,1,190,401585096279,279,2,2:01,1561,26.016666666666666,44,54,54,44,10,Alex Caruso makes 23-foot three point jumper (Ayo Dosunmu assists),FALSE,0,0,FALSE,0,0,FALSE
nba,2024,401585100,2024-01-03,Dallas Mavericks,Portland Trail Blazers,DAL,POR,20-15,9-24,126,97,TRUE,Dallas Mavericks,20-15,NA,NA,NA,NA,NA,NA,NA,NA,NA,NA,Dallas Mavericks,20-15,Portland Trail Blazers,9-24,0.807,0.807,0.19299999999999995,0,1,507,0,0,1,1,4015851004,4,1,12:00,2880,48,0,0,0,0,0,Ibou Badji vs. Dereck Lively II (Josh Green gains possession),FALSE,0,0,FALSE,0,0,FALSE
nba,2024,401585097,2024-01-03,Houston Rockets,Brooklyn Nets,HOU,BKN,17-15,15-20,112,101,TRUE,Houston Rockets,17-15,NA,NA,NA,NA,NA,NA,NA,NA,NA,NA,Houston Rockets,17-15,Brooklyn Nets,15-20,0.613,0.613,0.63,0.4126984126984128,0.5873015873015872,482,0,0,1,244,401585097358,358,3,7:54,1194,19.9,59,64,64,59,5,Mikal Bridges makes 5-foot driving floating jump shot (Cam Thomas assists),FALSE,0,0,FALSE,0,0,FALSE
nba,2024,401585098,2024-01-03,Memphis Grizzlies,Toronto Raptors,MEM,TOR,11-23,14-20,111,116,FALSE,Toronto Raptors,14-20,NA,NA,NA,NA,NA,NA,NA,NA,NA,NA,Toronto Raptors,14-20,Memphis Grizzlies,11-23,0.371,0.629,0.625,0.4064,0.5936,475,0,0,2,78,401585098117,117,1,2:45,2325,38.75,25,17,25,17,8,Grizzlies Full timeout,FALSE,0,0,FALSE,0,0,FALSE
nba,2024,401585099,2024-01-03,Minnesota Timberwolves,New Orleans Pelicans,MIN,NO,24-9,21-14,106,117,FALSE,Minnesota Timberwolves,24-9,NA,NA,NA,NA,NA,NA,NA,NA,NA,NA,New Orleans Pelicans,21-14,Minnesota Timberwolves,24-9,0.613,0.613,0.676,0.5207100591715976,0.47928994082840243,445,0,0,1,22,40158509934,34,1,9:28,2728,45.46666666666667,6,3,6,3,3,Mike Conley makes two point shot (Jaden McDaniels assists),FALSE,0,0,FALSE,0,0,FALSE
nba,2024,401585095,2024-01-03,Atlanta Hawks,Oklahoma City Thunder,ATL,OKC,14-19,23-10,141,138,TRUE,Atlanta Hawks,14-19,NA,NA,NA,NA,NA,NA,NA,NA,NA,NA,Atlanta Hawks,14-19,Oklahoma City Thunder,23-10,0.5,0.5,0.5,0,1,506,0,0,1,1,4015850954,4,1,12:00,2880,48,0,0,0,0,0,Chet Holmgren vs. Clint Capela (Trae Young gains possession),FALSE,0,0,FALSE,0,0,FALSE
nba,2024,401585093,2024-01-03,Cleveland Cavaliers,Washington Wizards,CLE,WSH,19-15,6-27,140,101,TRUE,Cleveland Cavaliers,19-15,NA,NA,NA,NA,NA,NA,NA,NA,NA,NA,Cleveland Cavaliers,19-15,Washington Wizards,6-27,0.745,0.745,0.393,0.35114503816793896,0.648854961832061,447,0,0,1,39,40158509358,58,1,6:17,2537,42.28333333333333,16,21,21,16,5,Kyle Kuzma makes 13-foot two point shot,FALSE,0,0,FALSE,0,0,FALSE
nba,2024,401585094,2024-01-03,Indiana Pacers,Milwaukee Bucks,IND,MIL,19-14,24-10,142,130,TRUE,Milwaukee Bucks,24-10,NA,NA,NA,NA,NA,NA,NA,NA,NA,NA,Indiana Pacers,19-14,Milwaukee Bucks,24-10,0.45,0.55,0.724,0.6187845303867403,0.3812154696132597,508,0,0,1,210,401585094312,312,2,52.1,1492.1,24.868333333333332,60,65,65,60,5,Aaron Nesmith shooting foul,FALSE,0,0,FALSE,0,0,FALSE
nba,2024,401585091,2024-01-02,Golden State Warriors,Orlando Magic,GS,ORL,16-17,19-14,121,115,TRUE,Golden State Warriors,16-17,NA,NA,NA,NA,NA,NA,NA,NA,NA,NA,Golden State Warriors,16-17,Orlando Magic,19-14,0.63,0.63,0.614,0.39739413680781754,0.6026058631921825,487,0,0,1,22,40158509130,30,1,9:24,2724,45.4,2,11,11,2,9,Paolo Banchero offensive rebound,FALSE,0,0,FALSE,0,0,FALSE
nba,2024,401585092,2024-01-02,Sacramento Kings,Charlotte Hornets,SAC,CHA,19-13,8-24,104,111,FALSE,Sacramento Kings,19-13,NA,NA,NA,NA,NA,NA,NA,NA,NA,NA,Charlotte Hornets,8-24,Sacramento Kings,19-13,0.879,0.879,0.949,0.946259220231823,0.05374077976817704,472,0,0,1,54,40158509281,81,1,5:30,2490,41.5,18,8,18,8,10,Domantas Sabonis defensive rebound,FALSE,0,0,FALSE,0,0,FALSE
nba,2024,401585088,2024-01-02,Memphis Grizzlies,San Antonio Spurs,MEM,SA,11-22,5-28,106,98,TRUE,Memphis Grizzlies,11-22,NA,NA,NA,NA,NA,NA,NA,NA,NA,NA,Memphis Grizzlies,11-22,San Antonio Spurs,5-28,0.81,0.81,0.366,0.4808743169398908,0.5191256830601092,476,0,0,2,246,401585088367,367,3,9:22,1282,21.366666666666667,50,51,51,50,1,Victor Wembanyama makes 30-foot three point shot (Julian Champagnie assists),FALSE,0,0,FALSE,0,0,FALSE
nba,2024,401585089,2024-01-02,New Orleans Pelicans,Brooklyn Nets,NO,BKN,20-14,15-19,112,85,TRUE,New Orleans Pelicans,20-14,NA,NA,NA,NA,NA,NA,NA,NA,NA,NA,New Orleans Pelicans,20-14,Brooklyn Nets,15-19,0.64,0.64,0.36,0,1,453,0,0,1,1,4015850894,4,1,12:00,2880,48,0,0,0,0,0,Nic Claxton vs. Jonas Valanciunas (Spencer Dinwiddie gains possession),FALSE,0,0,FALSE,0,0,FALSE
nba,2024,401585090,2024-01-02,Oklahoma City Thunder,Boston Celtics,OKC,BOS,23-9,26-7,127,123,TRUE,Boston Celtics,26-7,NA,NA,NA,NA,NA,NA,NA,NA,NA,NA,Oklahoma City Thunder,23-9,Boston Celtics,26-7,0.397,0.603,0.665,0.4962406015037595,0.5037593984962405,479,0,0,2,212,401585090320,320,2,1:13,1513,25.216666666666665,54,57,57,54,3,Jrue Holiday defensive rebound,FALSE,0,0,FALSE,0,0,FALSE
nba,2024,401585087,2024-01-02,Philadelphia 76ers,Chicago Bulls,PHI,CHI,23-10,15-20,110,97,TRUE,Philadelphia 76ers,23-10,NA,NA,NA,NA,NA,NA,NA,NA,NA,NA,Philadelphia 76ers,23-10,Chicago Bulls,15-20,0.885,0.885,0.115,1.1102230246251563e-16,1,500,0,0,1,1,4015850874,4,1,12:00,2880,48,0,0,0,0,0,Andre Drummond vs. Joel Embiid (DeMar DeRozan gains possession),FALSE,0,0,FALSE,0,0,FALSE
nba,2024,401585086,2024-01-01,LA Clippers,Miami Heat,LAC,MIA,20-12,19-14,121,104,TRUE,LA Clippers,20-12,NA,NA,NA,NA,NA,NA,NA,NA,NA,NA,LA Clippers,20-12,Miami Heat,19-14,0.672,0.672,0.787,0.7293519695044473,0.27064803049555275,426,0,0,1,116,401585086173,173,2,9:38,2018,33.63333333333333,27,41,41,27,14,Jaime Jaquez Jr. kicked ball violation,FALSE,0,0,FALSE,0,0,FALSE
nba,2024,401585083,2024-01-01,Denver Nuggets,Charlotte Hornets,DEN,CHA,24-11,7-24,111,93,TRUE,Denver Nuggets,24-11,NA,NA,NA,NA,NA,NA,NA,NA,NA,NA,Denver Nuggets,24-11,Charlotte Hornets,7-24,0.942,0.942,0.239,0.7573221757322174,0.24267782426778264,428,0,0,1,164,401585083231,231,2,5:40,1780,29.666666666666668,33,37,37,33,4,Nikola Jokic bad pass (Cody Martin steals),FALSE,0,0,FALSE,0,0,FALSE
nba,2024,401585084,2024-01-01,Phoenix Suns,Portland Trail Blazers,PHX,POR,18-15,9-23,109,88,TRUE,Phoenix Suns,18-15,NA,NA,NA,NA,NA,NA,NA,NA,NA,NA,Phoenix Suns,18-15,Portland Trail Blazers,9-23,0.744,0.744,0.5920000000000001,0.5675675675675675,0.43243243243243246,464,0,0,1,117,401585084169,169,2,11:35,2135,35.583333333333336,20,29,29,20,9,Trail Blazers offensive team rebound,FALSE,0,0,FALSE,0,0,FALSE
nba,2024,401585085,2024-01-01,Utah Jazz,Dallas Mavericks,UTAH,DAL,15-19,19-15,127,90,TRUE,Dallas Mavericks,19-15,NA,NA,NA,NA,NA,NA,NA,NA,NA,NA,Utah Jazz,15-19,Dallas Mavericks,19-15,0.445,0.5549999999999999,0.606,0.34983498349834985,0.6501650165016502,464,0,0,1,26,40158508540,40,1,8:01,2641,44.016666666666666,8,11,11,8,3,Luka Doncic makes 25-foot three pointer,FALSE,0,0,FALSE,0,0,FALSE
nba,2024,401585081,2024-01-01,Houston Rockets,Detroit Pistons,HOU,DET,16-15,3-30,136,113,TRUE,Houston Rockets,16-15,NA,NA,NA,NA,NA,NA,NA,NA,NA,NA,Houston Rockets,16-15,Detroit Pistons,3-30,0.793,0.793,0.27,0.2333333333333335,0.7666666666666665,453,0,0,1,70,401585081101,101,1,3:24,2364,39.4,19,20,20,19,1,Tari Eason misses driving floating jump shot,FALSE,0,0,FALSE,0,0,FALSE
nba,2024,401585082,2024-01-01,Milwaukee Bucks,Indiana Pacers,MIL,IND,24-9,18-14,113,122,FALSE,Milwaukee Bucks,24-9,NA,NA,NA,NA,NA,NA,NA,NA,NA,NA,Indiana Pacers,18-14,Milwaukee Bucks,24-9,0.718,0.718,0.955,0.9528795811518324,0.047120418848167533,504,0,0,1,322,401585082449,449,3,4:31,991,16.516666666666666,82,67,82,67,15,Damian Lillard makes 20-foot pullup jump shot (Giannis Antetokounmpo assists),FALSE,0,0,FALSE,0,0,FALSE
nba,2024,401585080,2024-01-01,Toronto Raptors,Cleveland Cavaliers,TOR,CLE,13-20,18-15,124,121,TRUE,Toronto Raptors,13-20,NA,NA,NA,NA,NA,NA,NA,NA,NA,NA,Toronto Raptors,13-20,Cleveland Cavaliers,18-15,0.624,0.624,0.6910000000000001,0.5528219971056441,0.44717800289435594,512,0,0,1,418,401585080602,602,4,6:24,384,6.4,108,111,111,108,3,Jarrett Allen defensive rebound,FALSE,0,0,FALSE,0,0,FALSE
nba,2024,401585079,2024-01-01,New York Knicks,Minnesota Timberwolves,NY,MIN,18-15,24-8,112,106,TRUE,New York Knicks,18-15,NA,NA,NA,NA,NA,NA,NA,NA,NA,NA,New York Knicks,18-15,Minnesota Timberwolves,24-8,0.504,0.504,0.786,0.727735368956743,0.27226463104325704,476,0,0,1,100,401585079142,142,1,26.1,2186.1,36.434999999999995,21,31,31,21,10,Precious Achiuwa shooting foul,FALSE,0,0,FALSE,0,0,FALSE
nba,2024,401585077,2023-12-31,Memphis Grizzlies,Sacramento Kings,MEM,SAC,10-22,19-12,92,123,FALSE,Memphis Grizzlies,10-22,NA,NA,NA,NA,NA,NA,NA,NA,NA,NA,Sacramento Kings,19-12,Memphis Grizzlies,10-22,0.508,0.508,0.616,0.37662337662337664,0.6233766233766234,466,0,0,1,48,40158507764,64,1,5:19,2479,41.31666666666667,19,14,19,14,5,Jaren Jackson Jr. makes two point shot (Derrick Rose assists),FALSE,0,0,FALSE,0,0,FALSE
nba,2024,401585078,2023-12-31,Phoenix Suns,Orlando Magic,PHX,ORL,17-15,19-13,112,107,TRUE,Phoenix Suns,17-15,NA,NA,NA,NA,NA,NA,NA,NA,NA,NA,Phoenix Suns,17-15,Orlando Magic,19-13,0.671,0.671,0.499,0.340681362725451,0.659318637274549,433,0,0,2,356,401585078509,509,4,9:26,566,9.433333333333334,95,96,96,95,1,Gary Harris makes 25-foot three point jumper (Wendell Carter Jr. assists),FALSE,0,0,FALSE,0,0,FALSE
nba,2024,401585074,2023-12-31,New Orleans Pelicans,Los Angeles Lakers,NO,LAL,19-14,17-17,129,109,TRUE,New Orleans Pelicans,19-14,NA,NA,NA,NA,NA,NA,NA,NA,NA,NA,New Orleans Pelicans,19-14,Los Angeles Lakers,17-17,0.764,0.764,0.269,0.12267657992565062,0.8773234200743494,447,0,0,1,53,40158507482,82,1,5:26,2486,41.43333333333333,21,22,22,21,1,LeBron James makes two point shot (Taurean Prince assists),FALSE,0,0,FALSE,0,0,FALSE
nba,2024,401585075,2023-12-31,Oklahoma City Thunder,Brooklyn Nets,OKC,BKN,22-9,15-18,124,108,TRUE,Oklahoma City Thunder,22-9,NA,NA,NA,NA,NA,NA,NA,NA,NA,NA,Oklahoma City Thunder,22-9,Brooklyn Nets,15-18,0.681,0.681,0.601,0.4692179700499168,0.5307820299500832,501,0,0,1,27,40158507545,45,1,7:34,2614,43.56666666666667,8,18,18,8,10,Chet Holmgren lost ball turnover (Mikal Bridges steals),FALSE,0,0,FALSE,0,0,FALSE
nba,2024,401585076,2023-12-31,San Antonio Spurs,Boston Celtics,SA,BOS,5-27,26-6,101,134,FALSE,Boston Celtics,26-6,NA,NA,NA,NA,NA,NA,NA,NA,NA,NA,Boston Celtics,26-6,San Antonio Spurs,5-27,0.078,0.922,0.117,0.3333333333333337,0.6666666666666663,450,0,0,2,152,401585076216,216,2,5:33,1773,29.55,43,48,43,48,-5,Derrick White shooting foul,FALSE,0,0,FALSE,0,0,FALSE
nba,2024,401585073,2023-12-31,Washington Wizards,Atlanta Hawks,WSH,ATL,6-26,13-19,126,130,FALSE,Atlanta Hawks,13-19,NA,NA,NA,NA,NA,NA,NA,NA,NA,NA,Atlanta Hawks,13-19,Washington Wizards,6-26,0.355,0.645,0.72,0.6111111111111112,0.3888888888888888,501,0,0,1,44,40158507366,66,1,7:25,2605,43.416666666666664,17,4,17,4,13,Saddiq Bey misses driving layup,FALSE,0,0,FALSE,0,0,FALSE
nba,2024,401585072,2023-12-30,Golden State Warriors,Dallas Mavericks,GS,DAL,15-17,19-14,122,132,FALSE,Golden State Warriors,15-17,NA,NA,NA,NA,NA,NA,NA,NA,NA,NA,Dallas Mavericks,19-14,Golden State Warriors,15-17,0.659,0.659,0.752,0.6702127659574468,0.32978723404255317,470,0,0,1,9,40158507217,17,1,10:14,2774,46.233333333333334,4,0,4,0,4,Luka Doncic misses driving floating jump shot,FALSE,0,0,FALSE,0,0,FALSE
nba,2024,401585070,2023-12-30,Chicago Bulls,Philadelphia 76ers,CHI,PHI,15-19,22-10,105,92,TRUE,Philadelphia 76ers,22-10,NA,NA,NA,NA,NA,NA,NA,NA,NA,NA,Chicago Bulls,15-19,Philadelphia 76ers,22-10,0.323,0.677,0.677,0.5228951255539145,0.4771048744460855,467,0,0,1,1,4015850704,4,1,12:00,2880,48,0,0,0,0,0,Paul Reed vs. Andre Drummond (Tyrese Maxey gains possession),FALSE,0,0,FALSE,0,0,FALSE
nba,2024,401585071,2023-12-30,Minnesota Timberwolves,Los Angeles Lakers,MIN,LAL,24-7,17-16,108,106,TRUE,Minnesota Timberwolves,24-7,NA,NA,NA,NA,NA,NA,NA,NA,NA,NA,Minnesota Timberwolves,24-7,Los Angeles Lakers,17-16,0.687,0.687,0.685,0.543065693430657,0.456934306569343,486,0,0,1,127,401585071189,189,2,9:29,2009,33.483333333333334,29,38,38,29,9,Karl-Anthony Towns shooting foul,FALSE,0,0,FALSE,0,0,FALSE
nba,2024,401585069,2023-12-30,Indiana Pacers,New York Knicks,IND,NY,17-14,17-15,140,126,TRUE,Indiana Pacers,17-14,NA,NA,NA,NA,NA,NA,NA,NA,NA,NA,Indiana Pacers,17-14,New York Knicks,17-15,0.699,0.699,0.544,0.4466911764705882,0.5533088235294118,467,0,0,2,33,40158506947,47,1,8:03,2643,44.05,4,13,13,4,9,Jalen Brunson makes 24-foot running pullup jump shot (Julius Randle assists),FALSE,0,0,FALSE,0,0,FALSE
nba,2024,401585068,2023-12-30,Detroit Pistons,Toronto Raptors,DET,TOR,3-29,12-20,129,127,TRUE,Toronto Raptors,12-20,NA,NA,NA,NA,NA,NA,NA,NA,NA,NA,Detroit Pistons,3-29,Toronto Raptors,12-20,0.321,0.679,0.766,0.6945169712793733,0.3054830287206267,494,0,0,2,87,401585068129,129,1,2:33,2313,38.55,15,20,20,15,5,shot clock turnover,FALSE,0,0,FALSE,0,0,FALSE
nba,2024,401585067,2023-12-30,Utah Jazz,Miami Heat,UTAH,MIA,14-19,19-13,117,109,TRUE,Miami Heat,19-13,NA,NA,NA,NA,NA,NA,NA,NA,NA,NA,Utah Jazz,14-19,Miami Heat,19-13,0.412,0.5880000000000001,0.769,0.6996098829648896,0.3003901170351104,486,0,0,1,305,401585067426,426,3,6:27,1107,18.45,65,71,71,65,6,Collin Sexton bad pass (Bam Adebayo steals),FALSE,0,0,FALSE,0,0,FALSE
nba,2024,401585066,2023-12-29,LA Clippers,Memphis Grizzlies,LAC,MEM,19-12,10-21,117,106,TRUE,LA Clippers,19-12,NA,NA,NA,NA,NA,NA,NA,NA,NA,NA,LA Clippers,19-12,Memphis Grizzlies,10-21,0.789,0.789,0.348,0.39367816091954033,0.6063218390804597,467,0,0,1,9,40158506617,17,1,10:20,2780,46.333333333333336,2,8,8,2,6,Ja Morant defensive rebound,FALSE,0,0,FALSE,0,0,FALSE
nba,2024,401585065,2023-12-29,Portland Trail Blazers,San Antonio Spurs,POR,SA,9-22,5-26,134,128,TRUE,Portland Trail Blazers,9-22,NA,NA,NA,NA,NA,NA,NA,NA,NA,NA,Portland Trail Blazers,9-22,San Antonio Spurs,5-26,0.662,0.662,0.503,0.3280318091451293,0.6719681908548707,479,0,0,1,84,401585065122,122,1,3:47,2387,39.78333333333333,15,20,20,15,5,Dominick Barlow defensive rebound,FALSE,0,0,FALSE,0,0,FALSE
nba,2024,401585063,2023-12-29,Denver Nuggets,Oklahoma City Thunder,DEN,OKC,23-11,21-9,93,119,FALSE,Denver Nuggets,23-11,NA,NA,NA,NA,NA,NA,NA,NA,NA,NA,Oklahoma City Thunder,21-9,Denver Nuggets,23-11,0.546,0.546,0.639,0.43505477308294216,0.5649452269170578,451,0,0,2,63,401585063102,102,1,3:42,2382,39.7,25,22,25,22,3,Nikola Jokic defensive rebound,FALSE,0,0,FALSE,0,0,FALSE
nba,2024,401585064,2023-12-29,Phoenix Suns,Charlotte Hornets,PHX,CHA,16-15,7-23,133,119,TRUE,Phoenix Suns,16-15,NA,NA,NA,NA,NA,NA,NA,NA,NA,NA,Phoenix Suns,16-15,Charlotte Hornets,7-23,0.881,0.881,0.251,0.5258964143426295,0.47410358565737054,407,0,0,1,48,40158506468,68,1,5:23,2483,41.38333333333333,15,21,21,15,6,Terry Rozier makes 24-foot step back jumpshot,FALSE,0,0,FALSE,0,0,FALSE
nba,2024,401585062,2023-12-29,Houston Rockets,Philadelphia 76ers,HOU,PHI,15-15,22-9,127,131,FALSE,Philadelphia 76ers,22-9,NA,NA,NA,NA,NA,NA,NA,NA,NA,NA,Philadelphia 76ers,22-9,Houston Rockets,15-15,0.342,0.6579999999999999,0.88,0.8636363636363635,0.13636363636363646,466,0,0,1,334,401585062477,477,3,52.2,772.2,12.87,97,86,97,86,11,Tari Eason makes two point shot,FALSE,0,0,FALSE,0,0,FALSE
nba,2024,401585059,2023-12-29,Atlanta Hawks,Sacramento Kings,ATL,SAC,12-19,18-12,110,117,FALSE,Atlanta Hawks,12-19,NA,NA,NA,NA,NA,NA,NA,NA,NA,NA,Sacramento Kings,18-12,Atlanta Hawks,12-19,0.639,0.639,0.963,0.9615784008307372,0.03842159916926269,469,0,0,1,227,401585059328,328,2,0.1,1440.1,24.001666666666665,70,53,70,53,17,Malik Monk shooting foul,FALSE,0,0,FALSE,0,0,FALSE
nba,2024,401585060,2023-12-29,Boston Celtics,Toronto Raptors,BOS,TOR,25-6,12-19,120,118,TRUE,Boston Celtics,25-6,NA,NA,NA,NA,NA,NA,NA,NA,NA,NA,Boston Celtics,25-6,Toronto Raptors,12-19,0.604,0.604,0.775,0.7096774193548387,0.29032258064516125,467,0,0,1,388,401585060553,553,4,5:10,310,5.166666666666667,105,109,109,105,4,O.G. Anunoby defensive rebound,FALSE,0,0,FALSE,0,0,FALSE
nba,2024,401585061,2023-12-29,Cleveland Cavaliers,Milwaukee Bucks,CLE,MIL,18-14,24-8,111,119,FALSE,Milwaukee Bucks,24-8,NA,NA,NA,NA,NA,NA,NA,NA,NA,NA,Milwaukee Bucks,24-8,Cleveland Cavaliers,18-14,0.319,0.681,0.834,0.8009592326139088,0.1990407673860912,462,0,0,4,172,401585061258,258,2,6:09,1809,30.15,50,35,50,35,15,Cameron Payne traveling,FALSE,0,0,FALSE,0,0,FALSE
nba,2024,401585057,2023-12-29,Orlando Magic,New York Knicks,ORL,NY,19-12,17-14,117,108,TRUE,New York Knicks,17-14,NA,NA,NA,NA,NA,NA,NA,NA,NA,NA,Orlando Magic,19-12,New York Knicks,17-14,0.453,0.5469999999999999,0.63,0.4126984126984128,0.5873015873015872,506,0,0,2,106,401585057159,159,2,11:44,2144,35.733333333333334,26,29,29,26,3,Taj Gibson defensive rebound,FALSE,0,0,FALSE,0,0,FALSE
nba,2024,401585058,2023-12-29,Washington Wizards,Brooklyn Nets,WSH,BKN,6-25,15-17,110,104,TRUE,Brooklyn Nets,15-17,NA,NA,NA,NA,NA,NA,NA,NA,NA,NA,Washington Wizards,6-25,Brooklyn Nets,15-17,0.31,0.69,0.899,0.8876529477196886,0.1123470522803114,459,0,0,2,288,401585058413,413,3,3:07,907,15.116666666666667,73,82,82,73,9,Bilal Coulibaly shooting foul,FALSE,0,0,FALSE,0,0,FALSE
nba,2024,401585056,2023-12-28,Los Angeles Lakers,Charlotte Hornets,LAL,CHA,17-15,7-22,133,112,TRUE,Los Angeles Lakers,17-15,NA,NA,NA,NA,NA,NA,NA,NA,NA,NA,Los Angeles Lakers,17-15,Charlotte Hornets,7-22,0.8,0.8,0.517,0.6131528046421664,0.3868471953578336,461,0,0,1,194,401585056284,284,2,4:07,1687,28.116666666666667,42,48,48,42,6,Nick Richards defensive rebound,FALSE,0,0,FALSE,0,0,FALSE
nba,2024,401585054,2023-12-28,Golden State Warriors,Miami Heat,GS,MIA,15-16,19-12,102,114,FALSE,Golden State Warriors,15-16,NA,NA,NA,NA,NA,NA,NA,NA,NA,NA,Miami Heat,19-12,Golden State Warriors,15-16,0.556,0.556,0.673,0.5141158989598813,0.4858841010401187,472,0,0,1,115,401585054162,162,2,11:47,2147,35.78333333333333,27,22,27,22,5,Andrew Wiggins makes layup (Chris Paul assists),FALSE,0,0,FALSE,0,0,FALSE
nba,2024,401585055,2023-12-28,Portland Trail Blazers,San Antonio Spurs,POR,SA,8-22,5-25,105,118,FALSE,Portland Trail Blazers,8-22,NA,NA,NA,NA,NA,NA,NA,NA,NA,NA,San Antonio Spurs,5-25,Portland Trail Blazers,8-22,0.685,0.685,0.685,0.5401459854014599,0.45985401459854014,516,0,0,1,1,4015850554,4,1,12:00,2880,48,0,0,0,0,0,Victor Wembanyama vs. Moses Brown (Jeremy Sochan gains possession),FALSE,0,0,FALSE,0,0,FALSE
nba,2024,401585053,2023-12-28,Denver Nuggets,Memphis Grizzlies,DEN,MEM,23-10,10-20,142,105,TRUE,Denver Nuggets,23-10,NA,NA,NA,NA,NA,NA,NA,NA,NA,NA,Denver Nuggets,23-10,Memphis Grizzlies,10-20,0.803,0.803,0.419,0.5298329355608593,0.4701670644391407,447,0,0,1,33,40158505346,46,1,7:24,2604,43.4,7,15,15,7,8,Vince Williams Jr. defensive rebound,FALSE,0,0,FALSE,0,0,FALSE
nba,2024,401585050,2023-12-28,Chicago Bulls,Indiana Pacers,CHI,IND,14-19,16-14,104,120,FALSE,Indiana Pacers,16-14,NA,NA,NA,NA,NA,NA,NA,NA,NA,NA,Indiana Pacers,16-14,Chicago Bulls,14-19,0.428,0.5720000000000001,0.693,0.5569985569985569,0.44300144300144306,477,0,0,1,402,401585050583,583,4,7:33,453,7.55,93,90,93,90,3,Andre Drummond defensive rebound,FALSE,0,0,FALSE,0,0,FALSE
nba,2024,401585051,2023-12-28,Minnesota Timberwolves,Dallas Mavericks,MIN,DAL,23-7,18-14,118,110,TRUE,Minnesota Timberwolves,23-7,NA,NA,NA,NA,NA,NA,NA,NA,NA,NA,Minnesota Timberwolves,23-7,Dallas Mavericks,18-14,0.731,0.731,0.463,0.4190064794816415,0.5809935205183585,491,0,0,2,300,401585051444,444,3,6:01,1081,18.016666666666666,73,73,73,73,0,Tim Hardaway Jr. makes free throw 1 of 2,FALSE,0,0,FALSE,0,0,FALSE
nba,2024,401585052,2023-12-28,New Orleans Pelicans,Utah Jazz,NO,UTAH,18-14,13-19,112,105,TRUE,New Orleans Pelicans,18-14,NA,NA,NA,NA,NA,NA,NA,NA,NA,NA,New Orleans Pelicans,18-14,Utah Jazz,13-19,0.768,0.768,0.472,0.5084745762711864,0.4915254237288136,451,0,0,2,264,401585052378,378,3,7:24,1164,19.4,65,66,66,65,1,Talen Horton-Tucker makes free throw 1 of 2,FALSE,0,0,FALSE,0,0,FALSE
nba,2024,401585049,2023-12-28,Boston Celtics,Detroit Pistons,BOS,DET,24-6,2-29,128,122,TRUE,Boston Celtics,24-6,NA,NA,NA,NA,NA,NA,NA,NA,NA,NA,Boston Celtics,24-6,Detroit Pistons,2-29,0.954,0.954,0.863,0.9466975666280416,0.05330243337195828,512,0,0,1,218,401585049307,307,2,45.1,1785.1,29.751666666666665,43,63,63,43,20,Jalen Duren makes free throw 1 of 2,FALSE,0,0,FALSE,0,0,FALSE
nba,2024,401585048,2023-12-27,Dallas Mavericks,Cleveland Cavaliers,DAL,CLE,18-13,18-13,110,113,FALSE,Dallas Mavericks,18-13,NA,NA,NA,NA,NA,NA,NA,NA,NA,NA,Cleveland Cavaliers,18-13,Dallas Mavericks,18-13,0.513,0.513,0.948,0.9451476793248944,0.05485232067510548,487,0,0,2,386,401585048556,556,4,8:24,504,8.4,99,89,99,89,10,Tristan Thompson shooting foul,FALSE,0,0,FALSE,0,0,FALSE
nba,2024,401585046,2023-12-27,Houston Rockets,Phoenix Suns,HOU,PHX,15-14,15-15,113,129,FALSE,Phoenix Suns,15-15,NA,NA,NA,NA,NA,NA,NA,NA,NA,NA,Phoenix Suns,15-15,Houston Rockets,15-14,0.473,0.527,0.57,0.24561403508771917,0.7543859649122808,470,0,0,1,12,40158504618,18,1,10:33,2793,46.55,4,0,4,0,4,Jalen Green makes 15-foot two point shot,FALSE,0,0,FALSE,0,0,FALSE
nba,2024,401585047,2023-12-27,Oklahoma City Thunder,New York Knicks,OKC,NY,20-9,17-13,129,120,TRUE,Oklahoma City Thunder,20-9,NA,NA,NA,NA,NA,NA,NA,NA,NA,NA,Oklahoma City Thunder,20-9,New York Knicks,17-13,0.611,0.611,0.474,0.17932489451476785,0.8206751054852321,465,0,0,1,16,40158504722,22,1,10:41,2801,46.68333333333333,0,1,1,0,1,Luguentz Dort shooting foul,FALSE,0,0,FALSE,0,0,FALSE
nba,2024,401585045,2023-12-27,Brooklyn Nets,Milwaukee Bucks,BKN,MIL,15-16,23-8,122,144,FALSE,Milwaukee Bucks,23-8,NA,NA,NA,NA,NA,NA,NA,NA,NA,NA,Milwaukee Bucks,23-8,Brooklyn Nets,15-16,0.277,0.723,0.435,0.3632183908045976,0.6367816091954024,477,0,0,1,291,401585045412,412,3,5:21,1041,17.35,79,78,79,78,1,Keon Johnson makes 25-foot three point jumper (Dariq Whitehead assists),FALSE,0,0,FALSE,0,0,FALSE
nba,2024,401585043,2023-12-27,Orlando Magic,Philadelphia 76ers,ORL,PHI,18-12,21-9,92,112,FALSE,Philadelphia 76ers,21-9,NA,NA,NA,NA,NA,NA,NA,NA,NA,NA,Philadelphia 76ers,21-9,Orlando Magic,18-12,0.348,0.652,0.519,0.3294797687861273,0.6705202312138727,463,0,0,2,51,40158504377,77,1,5:58,2518,41.96666666666667,16,10,16,10,6,76ers Full timeout,FALSE,0,0,FALSE,0,0,FALSE
nba,2024,401585044,2023-12-27,Washington Wizards,Toronto Raptors,WSH,TOR,5-25,12-18,102,132,FALSE,Toronto Raptors,12-18,NA,NA,NA,NA,NA,NA,NA,NA,NA,NA,Toronto Raptors,12-18,Washington Wizards,5-25,0.319,0.681,0.565,0.43539823008849565,0.5646017699115043,463,0,0,4,48,40158504475,75,1,4:38,2438,40.63333333333333,24,16,24,16,8,Jakob Poeltl offensive foul,FALSE,0,0,FALSE,0,0,FALSE
nba,2024,401585042,2023-12-26,LA Clippers,Charlotte Hornets,LAC,CHA,18-12,7-21,113,104,TRUE,LA Clippers,18-12,NA,NA,NA,NA,NA,NA,NA,NA,NA,NA,LA Clippers,18-12,Charlotte Hornets,7-21,0.9,0.9,0.825,0.8787878787878788,0.12121212121212122,449,0,0,1,352,401585042510,510,4,9:29,569,9.483333333333333,84,91,91,84,7,Daniel Theis technical foul (1st technical foul),FALSE,0,0,FALSE,0,0,FALSE
nba,2024,401585041,2023-12-26,Portland Trail Blazers,Sacramento Kings,POR,SAC,8-21,17-12,130,113,TRUE,Sacramento Kings,17-12,NA,NA,NA,NA,NA,NA,NA,NA,NA,NA,Portland Trail Blazers,8-21,Sacramento Kings,17-12,0.314,0.6859999999999999,0.8260000000000001,0.7893462469733656,0.21065375302663436,461,0,0,1,24,40158504136,36,1,9:47,2747,45.78333333333333,2,10,10,2,8,Domantas Sabonis makes two point shot,FALSE,0,0,FALSE,0,0,FALSE
nba,2024,401585036,2023-12-26,Chicago Bulls,Atlanta Hawks,CHI,ATL,14-18,12-18,118,113,TRUE,Atlanta Hawks,12-18,NA,NA,NA,NA,NA,NA,NA,NA,NA,NA,Chicago Bulls,14-18,Atlanta Hawks,12-18,0.423,0.577,0.894,0.8814317673378076,0.1185682326621924,476,0,0,1,253,401585036352,352,3,10:04,1324,22.066666666666663,52,64,64,52,12,Alex Caruso lost ball turnover (Saddiq Bey steals),FALSE,0,0,FALSE,0,0,FALSE
nba,2024,401585037,2023-12-26,Houston Rockets,Indiana Pacers,HOU,IND,15-13,15-14,117,123,FALSE,Houston Rockets,15-13,NA,NA,NA,NA,NA,NA,NA,NA,NA,NA,Indiana Pacers,15-14,Houston Rockets,15-13,0.532,0.532,0.808,0.7623762376237624,0.2376237623762376,455,0,0,1,167,401585037256,256,2,6:03,1803,30.05,55,45,55,45,10,Fred VanVleet defensive rebound,FALSE,0,0,FALSE,0,0,FALSE
nba,2024,401585038,2023-12-26,New Orleans Pelicans,Memphis Grizzlies,NO,MEM,17-14,10-19,115,116,FALSE,New Orleans Pelicans,17-14,NA,NA,NA,NA,NA,NA,NA,NA,NA,NA,Memphis Grizzlies,10-19,New Orleans Pelicans,17-14,0.714,0.714,0.988,0.9878542510121456,0.01214574898785425,577,0,0,2,501,401585038730,730,4,0.1,300.1,5.001666666666667,103,102,103,102,1,(00:00.4) [Pelicans] COACH'S CHALLENGE (CALL STANDS) [Pelicans] charged with a timeout,FALSE,0,0,FALSE,0,0,FALSE
nba,2024,401585039,2023-12-26,Oklahoma City Thunder,Minnesota Timberwolves,OKC,MIN,19-9,22-7,129,106,TRUE,Oklahoma City Thunder,19-9,NA,NA,NA,NA,NA,NA,NA,NA,NA,NA,Oklahoma City Thunder,19-9,Minnesota Timberwolves,22-7,0.599,0.599,0.481,0.16632016632016622,0.8336798336798338,447,0,0,1,26,40158503939,39,1,9:07,2707,45.11666666666667,6,9,9,6,3,Mike Conley makes 25-foot step back jumpshot (Anthony Edwards assists),FALSE,0,0,FALSE,0,0,FALSE
nba,2024,401585040,2023-12-26,San Antonio Spurs,Utah Jazz,SA,UTAH,4-25,13-18,118,130,FALSE,Utah Jazz,13-18,NA,NA,NA,NA,NA,NA,NA,NA,NA,NA,Utah Jazz,13-18,San Antonio Spurs,4-25,0.358,0.642,0.764,0.6910994764397906,0.30890052356020936,494,0,0,1,76,401585040114,114,1,3:20,2360,39.333333333333336,32,17,32,17,15,Zach Collins makes two point shot,FALSE,0,0,FALSE,0,0,FALSE
nba,2024,401585034,2023-12-26,Detroit Pistons,Brooklyn Nets,DET,BKN,2-28,15-15,112,118,FALSE,Brooklyn Nets,15-15,NA,NA,NA,NA,NA,NA,NA,NA,NA,NA,Brooklyn Nets,15-15,Detroit Pistons,2-28,0.21,0.79,0.714,0.7058823529411765,0.2941176470588235,528,0,0,1,417,401585034603,603,4,7:53,473,7.883333333333334,97,93,97,93,4,Spencer Dinwiddie makes free throw 2 of 2,FALSE,0,0,FALSE,0,0,FALSE
nba,2024,401585035,2023-12-26,Washington Wizards,Orlando Magic,WSH,ORL,5-24,18-11,119,127,FALSE,Orlando Magic,18-11,NA,NA,NA,NA,NA,NA,NA,NA,NA,NA,Orlando Magic,18-11,Washington Wizards,5-24,0.418,0.5820000000000001,0.522,0.1992337164750959,0.8007662835249041,473,0,0,1,96,401585035143,143,1,36.1,2196.1,36.60166666666667,30,28,30,28,2,Delon Wright makes free throw 1 of 2,FALSE,0,0,FALSE,0,0,FALSE
nba,2024,401585033,2023-12-25,Phoenix Suns,Dallas Mavericks,PHX,DAL,14-15,18-12,114,128,FALSE,Phoenix Suns,14-15,NA,NA,NA,NA,NA,NA,NA,NA,NA,NA,Dallas Mavericks,18-12,Phoenix Suns,14-15,0.606,0.606,0.814,0.7714987714987713,0.22850122850122867,487,0,0,2,384,401585033548,548,4,11:06,666,11.1,96,91,96,91,5,Kevin Durant makes free throw 2 of 3,FALSE,0,0,FALSE,0,0,FALSE
nba,2024,401585032,2023-12-25,Miami Heat,Philadelphia 76ers,MIA,PHI,18-12,20-9,119,113,TRUE,Philadelphia 76ers,20-9,NA,NA,NA,NA,NA,NA,NA,NA,NA,NA,Miami Heat,18-12,Philadelphia 76ers,20-9,0.459,0.5409999999999999,0.76,0.6842105263157894,0.3157894736842106,488,0,0,4,67,401585032101,101,1,5:22,2482,41.36666666666667,12,21,21,12,9,Mo Bamba vs. Caleb Martin (Tyrese Maxey gains possession),FALSE,0,0,FALSE,0,0,FALSE
nba,2024,401585031,2023-12-25,Los Angeles Lakers,Boston Celtics,LAL,BOS,16-15,23-6,115,126,FALSE,Boston Celtics,23-6,NA,NA,NA,NA,NA,NA,NA,NA,NA,NA,Boston Celtics,23-6,Los Angeles Lakers,16-15,0.219,0.781,0.442,0.504524886877828,0.495475113122172,461,0,0,1,253,401585031362,362,3,10:14,1334,22.233333333333334,63,62,63,62,1,Cam Reddish makes free throw 1 of 2,FALSE,0,0,FALSE,0,0,FALSE
nba,2024,401585030,2023-12-25,Denver Nuggets,Golden State Warriors,DEN,GS,22-10,15-15,120,114,TRUE,Denver Nuggets,22-10,NA,NA,NA,NA,NA,NA,NA,NA,NA,NA,Denver Nuggets,22-10,Golden State Warriors,15-15,0.677,0.677,0.671,0.518628912071535,0.48137108792846495,469,0,0,1,395,401585030570,570,4,8:22,502,8.366666666666667,94,97,97,94,3,Julian Strawther misses free throw 1 of 1,FALSE,0,0,FALSE,0,0,FALSE
nba,2024,401585029,2023-12-25,New York Knicks,Milwaukee Bucks,NY,MIL,17-12,22-8,129,122,TRUE,Milwaukee Bucks,22-8,NA,NA,NA,NA,NA,NA,NA,NA,NA,NA,New York Knicks,17-12,Milwaukee Bucks,22-8,0.482,0.518,0.622,0.392282958199357,0.607717041800643,469,0,0,1,11,40158502918,18,1,10:10,2770,46.166666666666664,2,6,6,2,4,Khris Middleton defensive rebound,FALSE,0,0,FALSE,0,0,FALSE
nba,2024,401585028,2023-12-23,Sacramento Kings,Minnesota Timberwolves,SAC,MIN,17-11,22-6,98,110,FALSE,Minnesota Timberwolves,22-6,NA,NA,NA,NA,NA,NA,NA,NA,NA,NA,Minnesota Timberwolves,22-6,Sacramento Kings,17-11,0.44,0.56,0.49,0.10204081632653073,0.8979591836734693,437,0,0,1,3,4015850289,9,1,11:34,2854,47.56666666666667,2,0,2,0,2,De'Aaron Fox makes 12-foot running pullup jump shot,FALSE,0,0,FALSE,0,0,FALSE
nba,2024,401585026,2023-12-23,Dallas Mavericks,San Antonio Spurs,DAL,SA,17-12,4-24,144,119,TRUE,Dallas Mavericks,17-12,NA,NA,NA,NA,NA,NA,NA,NA,NA,NA,Dallas Mavericks,17-12,San Antonio Spurs,4-24,0.75,0.75,0.373,0.3297587131367292,0.6702412868632708,493,0,0,1,30,40158502641,41,1,8:49,2689,44.81666666666667,7,12,12,7,5,Malaki Branham makes 3-foot two point shot (Devin Vassell assists),FALSE,0,0,FALSE,0,0,FALSE
nba,2024,401585027,2023-12-23,Golden State Warriors,Portland Trail Blazers,GS,POR,15-14,7-21,126,106,TRUE,Golden State Warriors,15-14,NA,NA,NA,NA,NA,NA,NA,NA,NA,NA,Golden State Warriors,15-14,Portland Trail Blazers,7-21,0.725,0.725,0.631,0.5641838351822503,0.4358161648177497,446,0,0,1,88,401585027149,149,1,1:32,2252,37.53333333333333,19,30,30,19,11,Chris Paul misses 22-foot three point jumper,FALSE,0,0,FALSE,0,0,FALSE
nba,2024,401585024,2023-12-23,Chicago Bulls,Cleveland Cavaliers,CHI,CLE,13-18,17-13,95,109,FALSE,Chicago Bulls,13-18,NA,NA,NA,NA,NA,NA,NA,NA,NA,NA,Cleveland Cavaliers,17-13,Chicago Bulls,13-18,0.672,0.672,0.731,0.6320109439124486,0.3679890560875514,450,0,0,1,6,40158502411,11,1,11:18,2838,47.3,2,0,2,0,2,DeMar DeRozan defensive rebound,FALSE,0,0,FALSE,0,0,FALSE
nba,2024,401585025,2023-12-23,Oklahoma City Thunder,Los Angeles Lakers,OKC,LAL,18-9,16-14,120,129,FALSE,Oklahoma City Thunder,18-9,NA,NA,NA,NA,NA,NA,NA,NA,NA,NA,Los Angeles Lakers,16-14,Oklahoma City Thunder,18-9,0.745,0.745,0.774,0.7080103359173127,0.29198966408268734,458,0,0,1,12,40158502519,19,1,10:24,2784,46.4,6,4,6,4,2,Luguentz Dort makes 10-foot pullup jump shot,FALSE,0,0,FALSE,0,0,FALSE
nba,2024,401585021,2023-12-23,Atlanta Hawks,Memphis Grizzlies,ATL,MEM,12-17,9-19,119,125,FALSE,Atlanta Hawks,12-17,NA,NA,NA,NA,NA,NA,NA,NA,NA,NA,Memphis Grizzlies,9-19,Atlanta Hawks,12-17,0.646,0.646,0.897,0.8851727982162765,0.11482720178372352,488,0,0,2,251,401585021355,355,3,11:32,1412,23.533333333333335,62,50,62,50,12,Clint Capela blocks Bismack Biyombo 's 1-foot two point shot,FALSE,0,0,FALSE,0,0,FALSE
nba,2024,401585022,2023-12-23,Brooklyn Nets,Detroit Pistons,BKN,DET,14-15,2-27,126,115,TRUE,Brooklyn Nets,14-15,NA,NA,NA,NA,NA,NA,NA,NA,NA,NA,Brooklyn Nets,14-15,Detroit Pistons,2-27,0.832,0.832,0.29400000000000004,0.4285714285714285,0.5714285714285715,475,0,0,1,270,401585022404,404,3,6:47,1127,18.783333333333335,77,75,75,77,-2,Ausar Thompson defensive rebound,FALSE,0,0,FALSE,0,0,FALSE
nba,2024,401585023,2023-12-23,Toronto Raptors,Utah Jazz,TOR,UTAH,11-18,12-18,119,126,FALSE,Toronto Raptors,11-18,NA,NA,NA,NA,NA,NA,NA,NA,NA,NA,Utah Jazz,12-18,Toronto Raptors,11-18,0.662,0.662,0.964,0.962655601659751,0.03734439834024905,444,0,0,1,282,401585023430,430,3,5:35,1055,17.583333333333332,86,69,86,69,17,Pascal Siakam makes alley oop dunk shot (Jakob Poeltl assists),FALSE,0,0,FALSE,0,0,FALSE
nba,2024,401585018,2023-12-23,Charlotte Hornets,Denver Nuggets,CHA,DEN,7-20,21-10,95,102,FALSE,Denver Nuggets,21-10,NA,NA,NA,NA,NA,NA,NA,NA,NA,NA,Denver Nuggets,21-10,Charlotte Hornets,7-20,0.229,0.771,0.621,0.6312399355877617,0.3687600644122383,464,0,0,1,208,401585018310,310,2,1:19,1519,25.316666666666663,57,50,57,50,7,Ish Smith makes free throw 1 of 2,FALSE,0,0,FALSE,0,0,FALSE
nba,2024,401585019,2023-12-23,Indiana Pacers,Orlando Magic,IND,ORL,14-14,17-11,110,117,FALSE,Indiana Pacers,14-14,NA,NA,NA,NA,NA,NA,NA,NA,NA,NA,Orlando Magic,17-11,Indiana Pacers,14-14,0.618,0.618,0.676,0.5207100591715976,0.47928994082840243,446,0,0,2,40,40158501961,61,1,7:33,2613,43.55,12,10,12,10,2,Myles Turner defensive rebound,FALSE,0,0,FALSE,0,0,FALSE
nba,2024,401585020,2023-12-23,New Orleans Pelicans,Houston Rockets,NO,HOU,17-13,15-12,104,106,FALSE,New Orleans Pelicans,17-13,NA,NA,NA,NA,NA,NA,NA,NA,NA,NA,Houston Rockets,15-12,New Orleans Pelicans,17-13,0.771,0.771,0.866,0.8452655889145497,0.15473441108545027,488,0,0,1,373,401585020542,542,4,11:46,706,11.766666666666667,85,79,85,79,6,Zion Williamson makes free throw 1 of 2,FALSE,0,0,FALSE,0,0,FALSE
nba,2024,401585017,2023-12-23,LA Clippers,Boston Celtics,LAC,BOS,17-12,22-6,108,145,FALSE,LA Clippers,17-12,NA,NA,NA,NA,NA,NA,NA,NA,NA,NA,Boston Celtics,22-6,LA Clippers,17-12,0.512,0.512,0.57,0.24561403508771917,0.7543859649122808,458,0,0,1,32,40158501746,46,1,7:54,2634,43.9,8,8,8,8,0,Al Horford shooting foul,FALSE,0,0,FALSE,0,0,FALSE
nba,2024,401585016,2023-12-23,New York Knicks,Milwaukee Bucks,NY,MIL,16-12,22-7,111,130,FALSE,New York Knicks,16-12,NA,NA,NA,NA,NA,NA,NA,NA,NA,NA,Milwaukee Bucks,22-7,New York Knicks,16-12,0.53,0.53,0.552,0.18840579710144945,0.8115942028985506,472,0,0,1,29,40158501640,40,1,9:10,2710,45.166666666666664,7,6,7,6,1,Jalen Brunson makes 25-foot three pointer,FALSE,0,0,FALSE,0,0,FALSE
nba,2024,401585014,2023-12-22,Golden State Warriors,Washington Wizards,GS,WSH,14-14,5-23,129,118,TRUE,Golden State Warriors,14-14,NA,NA,NA,NA,NA,NA,NA,NA,NA,NA,Golden State Warriors,14-14,Washington Wizards,5-23,0.797,0.797,0.388,0.4768041237113403,0.5231958762886597,478,0,0,2,46,40158501465,65,1,6:12,2532,42.2,11,17,17,11,6,Chris Paul shooting foul,FALSE,0,0,FALSE,0,0,FALSE
nba,2024,401585015,2023-12-22,Sacramento Kings,Phoenix Suns,SAC,PHX,17-10,14-14,120,105,TRUE,Sacramento Kings,17-10,NA,NA,NA,NA,NA,NA,NA,NA,NA,NA,Sacramento Kings,17-10,Phoenix Suns,14-14,0.632,0.632,0.396,0.07070707070707072,0.9292929292929292,483,0,0,1,2,4015850157,7,1,11:47,2867,47.78333333333333,0,2,2,0,2,Drew Eubanks makes alley oop dunk shot (Devin Booker assists),FALSE,0,0,FALSE,0,0,FALSE
nba,2024,401585012,2023-12-22,Miami Heat,Atlanta Hawks,MIA,ATL,17-12,12-16,122,113,TRUE,Miami Heat,17-12,NA,NA,NA,NA,NA,NA,NA,NA,NA,NA,Miami Heat,17-12,Atlanta Hawks,12-16,0.548,0.548,0.855,0.8304093567251463,0.16959064327485374,483,0,0,1,241,401585012344,344,3,9:00,1260,21,62,73,73,62,11,Dejounte Murray defensive rebound,FALSE,0,0,FALSE,0,0,FALSE
nba,2024,401585013,2023-12-22,Houston Rockets,Dallas Mavericks,HOU,DAL,14-12,16-12,122,96,TRUE,Houston Rockets,14-12,NA,NA,NA,NA,NA,NA,NA,NA,NA,NA,Houston Rockets,14-12,Dallas Mavericks,16-12,0.743,0.743,0.29100000000000004,0.11683848797250872,0.8831615120274913,503,0,0,1,11,40158501317,17,1,10:22,2782,46.36666666666667,2,3,3,2,1,Jalen Green out of bounds lost ball turnover,FALSE,0,0,FALSE,0,0,FALSE
nba,2024,401585011,2023-12-22,Brooklyn Nets,Denver Nuggets,BKN,DEN,13-15,20-10,117,122,FALSE,Denver Nuggets,20-10,NA,NA,NA,NA,NA,NA,NA,NA,NA,NA,Denver Nuggets,20-10,Brooklyn Nets,13-15,0.481,0.519,0.791,0.7357774968394437,0.2642225031605563,475,0,0,2,395,401585011575,575,4,4:50,290,4.833333333333333,104,101,104,101,3,Nikola Jokic shooting foul,FALSE,0,0,FALSE,0,0,FALSE
nba,2024,401585010,2023-12-22,Philadelphia 76ers,Toronto Raptors,PHI,TOR,20-8,11-17,121,111,TRUE,Philadelphia 76ers,20-8,NA,NA,NA,NA,NA,NA,NA,NA,NA,NA,Philadelphia 76ers,20-8,Toronto Raptors,11-17,0.823,0.823,0.5920000000000001,0.7010135135135135,0.2989864864864865,449,0,0,3,67,401585010101,101,1,3:39,2379,39.65,15,29,29,15,14,Jakob Poeltl kicked ball violation,FALSE,0,0,FALSE,0,0,FALSE
nba,2024,401585009,2023-12-21,Portland Trail Blazers,Washington Wizards,POR,WSH,7-20,5-22,117,118,FALSE,Portland Trail Blazers,7-20,NA,NA,NA,NA,NA,NA,NA,NA,NA,NA,Washington Wizards,5-22,Portland Trail Blazers,7-20,0.573,0.573,0.573,0.25479930191972056,0.7452006980802794,499,0,0,1,1,4015850094,4,1,12:00,2880,48,0,0,0,0,0,Daniel Gafford vs. Deandre Ayton (Tyus Jones gains possession),FALSE,0,0,FALSE,0,0,FALSE
nba,2024,401585008,2023-12-21,Minnesota Timberwolves,Los Angeles Lakers,MIN,LAL,21-6,15-14,118,111,TRUE,Minnesota Timberwolves,21-6,NA,NA,NA,NA,NA,NA,NA,NA,NA,NA,Minnesota Timberwolves,21-6,Los Angeles Lakers,15-14,0.772,0.772,0.4439999999999999,0.4864864864864864,0.5135135135135136,458,0,0,1,329,401585008489,489,3,1:01,781,13.016666666666667,81,82,82,81,1,Rui Hachimura makes 24-foot three point jumper (Austin Reaves assists),FALSE,0,0,FALSE,0,0,FALSE
nba,2024,401585004,2023-12-21,Chicago Bulls,San Antonio Spurs,CHI,SA,13-17,4-23,114,95,TRUE,Chicago Bulls,13-17,NA,NA,NA,NA,NA,NA,NA,NA,NA,NA,Chicago Bulls,13-17,San Antonio Spurs,4-23,0.788,0.788,0.422,0.49763033175355453,0.5023696682464455,438,0,0,1,82,401585004120,120,1,3:11,2351,39.18333333333333,16,22,22,16,6,Julian Champagnie defensive rebound,FALSE,0,0,FALSE,0,0,FALSE
nba,2024,401585005,2023-12-21,Memphis Grizzlies,Indiana Pacers,MEM,IND,8-19,14-13,116,103,TRUE,Memphis Grizzlies,8-19,NA,NA,NA,NA,NA,NA,NA,NA,NA,NA,Memphis Grizzlies,8-19,Indiana Pacers,14-13,0.528,0.528,0.5840000000000001,0.2876712328767126,0.7123287671232874,459,0,0,2,234,401585005342,342,3,9:24,1284,21.4,62,65,65,62,3,Tyrese Haliburton makes 25-foot three point shot (Bruce Brown assists),FALSE,0,0,FALSE,0,0,FALSE
nba,2024,401585006,2023-12-21,Milwaukee Bucks,Orlando Magic,MIL,ORL,21-7,16-11,118,114,TRUE,Milwaukee Bucks,21-7,NA,NA,NA,NA,NA,NA,NA,NA,NA,NA,Milwaukee Bucks,21-7,Orlando Magic,16-11,0.798,0.798,0.521,0.6122840690978888,0.3877159309021112,498,0,0,1,139,401585006197,197,2,8:42,1962,32.7,32,41,41,32,9,Moritz Wagner makes layup (Franz Wagner assists),FALSE,0,0,FALSE,0,0,FALSE
nba,2024,401585007,2023-12-21,Oklahoma City Thunder,LA Clippers,OKC,LAC,18-8,17-11,134,115,TRUE,Oklahoma City Thunder,18-8,NA,NA,NA,NA,NA,NA,NA,NA,NA,NA,Oklahoma City Thunder,18-8,LA Clippers,17-11,0.593,0.593,0.482,0.15560165975103724,0.8443983402489628,439,0,0,1,255,401585007369,369,3,9:03,1263,21.05,72,73,73,72,1,Paul George makes 26-foot three point jumper (Ivica Zubac assists),FALSE,0,0,FALSE,0,0,FALSE
nba,2024,401585003,2023-12-21,Cleveland Cavaliers,New Orleans Pelicans,CLE,NO,16-13,17-12,104,123,FALSE,New Orleans Pelicans,17-12,NA,NA,NA,NA,NA,NA,NA,NA,NA,NA,New Orleans Pelicans,17-12,Cleveland Cavaliers,16-13,0.398,0.602,0.467,0.14775160599571735,0.8522483940042828,419,0,0,1,3,4015850039,9,1,11:37,2857,47.61666666666667,2,0,2,0,2,Trey Murphy III shooting foul,FALSE,0,0,FALSE,0,0,FALSE
nba,2024,401585002,2023-12-21,Detroit Pistons,Utah Jazz,DET,UTAH,2-26,11-18,111,119,FALSE,Detroit Pistons,2-26,NA,NA,NA,NA,NA,NA,NA,NA,NA,NA,Utah Jazz,11-18,Detroit Pistons,2-26,0.623,0.623,0.787,0.7293519695044473,0.27064803049555275,464,0,0,1,57,40158500297,97,1,4:24,2424,40.4,27,19,27,19,8,Jaden Ivey blocks Collin Sexton 's 9-foot jumper,FALSE,0,0,FALSE,0,0,FALSE
nba,2024,401585001,2023-12-20,Sacramento Kings,Boston Celtics,SAC,BOS,16-10,21-6,119,144,FALSE,Sacramento Kings,16-10,NA,NA,NA,NA,NA,NA,NA,NA,NA,NA,Boston Celtics,21-6,Sacramento Kings,16-10,0.561,0.561,0.836,0.8038277511961722,0.19617224880382775,448,0,0,1,42,40158500162,62,1,6:38,2558,42.63333333333333,23,11,23,11,12,Jrue Holiday lost ball turnover (De'Aaron Fox steals),FALSE,0,0,FALSE,0,0,FALSE
nba,2024,401585000,2023-12-20,Dallas Mavericks,LA Clippers,DAL,LAC,16-11,17-10,111,120,FALSE,LA Clippers,17-10,NA,NA,NA,NA,NA,NA,NA,NA,NA,NA,LA Clippers,17-10,Dallas Mavericks,16-11,0.366,0.634,0.678,0.5250737463126844,0.4749262536873155,440,0,0,1,401,401585000572,572,4,3:46,226,3.7666666666666666,107,106,107,106,1,James Harden shooting foul,FALSE,0,0,FALSE,0,0,FALSE
nba,2024,401584998,2023-12-20,Chicago Bulls,Los Angeles Lakers,CHI,LAL,12-17,15-13,124,108,TRUE,Chicago Bulls,12-17,NA,NA,NA,NA,NA,NA,NA,NA,NA,NA,Chicago Bulls,12-17,Los Angeles Lakers,15-13,0.549,0.549,0.585,0.29059829059829045,0.7094017094017095,441,0,0,1,21,40158499831,31,1,9:31,2731,45.516666666666666,4,9,9,4,5,Anthony Davis defensive rebound,FALSE,0,0,FALSE,0,0,FALSE
nba,2024,401584999,2023-12-20,Houston Rockets,Atlanta Hawks,HOU,ATL,13-12,12-15,127,134,FALSE,Atlanta Hawks,12-15,NA,NA,NA,NA,NA,NA,NA,NA,NA,NA,Atlanta Hawks,12-15,Houston Rockets,13-12,0.473,0.527,0.686,0.5422740524781342,0.4577259475218658,458,0,0,1,338,401584999479,479,3,1:44,824,13.733333333333333,97,92,97,92,5,Aaron Holiday makes 25-foot three point jumper (Fred VanVleet assists),FALSE,0,0,FALSE,0,0,FALSE
nba,2024,401584996,2023-12-20,Brooklyn Nets,New York Knicks,BKN,NY,13-14,16-11,102,121,FALSE,Brooklyn Nets,13-14,NA,NA,NA,NA,NA,NA,NA,NA,NA,NA,New York Knicks,16-11,Brooklyn Nets,13-14,0.599,0.599,0.6,0.33333333333333326,0.6666666666666667,495,0,0,1,12,40158499620,20,1,10:47,2807,46.78333333333333,3,2,3,2,1,Cameron Johnson makes 25-foot three pointer (Nic Claxton assists),FALSE,0,0,FALSE,0,0,FALSE
nba,2024,401584997,2023-12-20,Toronto Raptors,Denver Nuggets,TOR,DEN,11-16,19-10,104,113,FALSE,Denver Nuggets,19-10,NA,NA,NA,NA,NA,NA,NA,NA,NA,NA,Denver Nuggets,19-10,Toronto Raptors,11-16,0.446,0.554,0.614,0.37133550488599343,0.6286644951140066,414,0,0,1,30,40158499742,42,1,8:18,2658,44.3,9,5,9,5,4,Kentavious Caldwell-Pope shooting foul,FALSE,0,0,FALSE,0,0,FALSE
nba,2024,401584992,2023-12-20,Cleveland Cavaliers,Utah Jazz,CLE,UTAH,16-12,10-18,124,116,TRUE,Cleveland Cavaliers,16-12,NA,NA,NA,NA,NA,NA,NA,NA,NA,NA,Cleveland Cavaliers,16-12,Utah Jazz,10-18,0.628,0.628,0.633,0.4202211690363349,0.5797788309636651,460,0,0,1,316,401584992476,476,3,1:00,780,13,90,93,93,90,3,Ochai Agbaji offensive rebound,FALSE,0,0,FALSE,0,0,FALSE
nba,2024,401584993,2023-12-20,Indiana Pacers,Charlotte Hornets,IND,CHA,14-12,7-19,144,113,TRUE,Indiana Pacers,14-12,NA,NA,NA,NA,NA,NA,NA,NA,NA,NA,Indiana Pacers,14-12,Charlotte Hornets,7-19,0.833,0.833,0.249,0.3293172690763051,0.6706827309236949,450,0,0,6,140,401584993202,202,2,7:36,1896,31.6,43,43,43,43,0,P.J. Washington makes 25-foot three point jumper (Brandon Miller assists),FALSE,0,0,FALSE,0,0,FALSE
nba,2024,401584994,2023-12-20,Orlando Magic,Miami Heat,ORL,MIA,16-10,16-12,106,115,FALSE,Orlando Magic,16-10,NA,NA,NA,NA,NA,NA,NA,NA,NA,NA,Miami Heat,16-12,Orlando Magic,16-10,0.534,0.534,0.661,0.48714069591528,0.51285930408472,449,0,0,1,124,401584994191,191,2,10:06,2046,34.1,30,25,30,25,5,Moritz Wagner makes two point shot,FALSE,0,0,FALSE,0,0,FALSE
nba,2024,401584995,2023-12-20,Philadelphia 76ers,Minnesota Timberwolves,PHI,MIN,19-8,20-6,127,113,TRUE,Philadelphia 76ers,19-8,NA,NA,NA,NA,NA,NA,NA,NA,NA,NA,Philadelphia 76ers,19-8,Minnesota Timberwolves,20-6,0.704,0.704,0.706,0.58356940509915,0.41643059490085,476,0,0,1,268,401584995374,374,3,6:59,1139,18.983333333333334,68,75,75,68,7,Anthony Edwards defensive rebound,FALSE,0,0,FALSE,0,0,FALSE
nba,2024,401584990,2023-12-19,Golden State Warriors,Boston Celtics,GS,BOS,13-14,20-6,132,126,TRUE,Boston Celtics,20-6,NA,NA,NA,NA,NA,NA,NA,NA,NA,NA,Golden State Warriors,13-14,Boston Celtics,20-6,0.363,0.637,0.968,0.9669421487603304,0.03305785123966953,506,0,0,1,322,401584990446,446,3,2:24,1164,19.4,76,91,91,76,15,Neemias Queta defensive rebound,FALSE,0,0,FALSE,0,0,FALSE
nba,2024,401584991,2023-12-19,Portland Trail Blazers,Phoenix Suns,POR,PHX,7-19,14-13,109,104,TRUE,Phoenix Suns,14-13,NA,NA,NA,NA,NA,NA,NA,NA,NA,NA,Portland Trail Blazers,7-19,Phoenix Suns,14-13,0.383,0.617,0.925,0.9189189189189192,0.08108108108108092,469,0,0,1,254,401584991371,371,3,10:46,1366,22.766666666666666,49,64,64,49,15,Nassir Little makes 24-foot three point jumper (Kevin Durant assists),FALSE,0,0,FALSE,0,0,FALSE
nba,2024,401584989,2023-12-19,Milwaukee Bucks,San Antonio Spurs,MIL,SA,20-7,4-22,132,119,TRUE,Milwaukee Bucks,20-7,NA,NA,NA,NA,NA,NA,NA,NA,NA,NA,Milwaukee Bucks,20-7,San Antonio Spurs,4-22,0.938,0.938,0.08199999999999996,0.24390243902438924,0.7560975609756108,493,0,0,1,5,40158498911,11,1,11:18,2838,47.3,0,2,2,0,2,Khris Middleton misses 20-foot jumper,FALSE,0,0,FALSE,0,0,FALSE
nba,2024,401584988,2023-12-19,New Orleans Pelicans,Memphis Grizzlies,NO,MEM,16-12,7-19,113,115,FALSE,New Orleans Pelicans,16-12,NA,NA,NA,NA,NA,NA,NA,NA,NA,NA,Memphis Grizzlies,7-19,New Orleans Pelicans,16-12,0.786,0.786,0.989,0.9888776541961576,0.0111223458038423,476,0,0,1,233,401584988315,315,2,40.0,1480,24.666666666666668,60,36,60,36,24,Cody Zeller makes dunk,FALSE,0,0,FALSE,0,0,FALSE
nba,2024,401584987,2023-12-18,Los Angeles Lakers,New York Knicks,LAL,NY,15-12,15-11,109,114,FALSE,New York Knicks,15-11,NA,NA,NA,NA,NA,NA,NA,NA,NA,NA,New York Knicks,15-11,Los Angeles Lakers,15-12,0.383,0.617,0.643,0.4447900466562986,0.5552099533437014,463,0,0,1,247,401584987349,349,3,11:03,1383,23.05,63,57,63,57,6,LeBron James makes 26-foot three pointer,FALSE,0,0,FALSE,0,0,FALSE
nba,2024,401584986,2023-12-18,Sacramento Kings,Washington Wizards,SAC,WSH,16-9,4-22,143,131,TRUE,Sacramento Kings,16-9,NA,NA,NA,NA,NA,NA,NA,NA,NA,NA,Sacramento Kings,16-9,Washington Wizards,4-22,0.819,0.819,0.355,0.4901408450704223,0.5098591549295777,488,0,0,1,154,401584986242,242,2,7:07,1867,31.116666666666667,37,40,40,37,3,Keegan Murray misses 17-foot step back jumpshot,FALSE,0,0,FALSE,0,0,FALSE
nba,2024,401584984,2023-12-18,Denver Nuggets,Dallas Mavericks,DEN,DAL,18-10,16-10,130,104,TRUE,Denver Nuggets,18-10,NA,NA,NA,NA,NA,NA,NA,NA,NA,NA,Denver Nuggets,18-10,Dallas Mavericks,16-10,0.778,0.778,0.262,0.15267175572519098,0.847328244274809,445,0,0,1,121,401584984172,172,2,9:53,2033,33.88333333333333,30,29,29,30,-1,Seth Curry personal foul,FALSE,0,0,FALSE,0,0,FALSE
nba,2024,401584985,2023-12-18,Utah Jazz,Brooklyn Nets,UTAH,BKN,10-17,13-13,125,108,TRUE,Brooklyn Nets,13-13,NA,NA,NA,NA,NA,NA,NA,NA,NA,NA,Utah Jazz,10-17,Brooklyn Nets,13-13,0.294,0.706,0.804,0.7562189054726369,0.24378109452736307,466,0,0,1,246,401584985348,348,3,11:36,1416,23.6,54,61,61,54,7,Spencer Dinwiddie makes 8-foot two point shot (Cam Thomas assists),FALSE,0,0,FALSE,0,0,FALSE
nba,2024,401584983,2023-12-18,Oklahoma City Thunder,Memphis Grizzlies,OKC,MEM,17-8,6-19,116,97,TRUE,Oklahoma City Thunder,17-8,NA,NA,NA,NA,NA,NA,NA,NA,NA,NA,Oklahoma City Thunder,17-8,Memphis Grizzlies,6-19,0.83,0.83,0.28700000000000003,0.4076655052264808,0.5923344947735192,484,0,0,1,36,40158498355,55,1,7:02,2582,43.03333333333333,14,18,18,14,4,Xavier Tillman defensive rebound,FALSE,0,0,FALSE,0,0,FALSE
nba,2024,401584980,2023-12-18,Atlanta Hawks,Detroit Pistons,ATL,DET,11-15,2-25,130,124,TRUE,Atlanta Hawks,11-15,NA,NA,NA,NA,NA,NA,NA,NA,NA,NA,Atlanta Hawks,11-15,Detroit Pistons,2-25,0.877,0.877,0.17100000000000004,0.2807017543859651,0.7192982456140349,506,0,0,1,399,401584980587,587,4,7:06,426,7.1,111,105,105,111,-6,Jaden Ivey defensive rebound,FALSE,0,0,FALSE,0,0,FALSE
nba,2024,401584981,2023-12-18,Miami Heat,Minnesota Timberwolves,MIA,MIN,15-12,20-5,108,112,FALSE,Miami Heat,15-12,NA,NA,NA,NA,NA,NA,NA,NA,NA,NA,Minnesota Timberwolves,20-5,Miami Heat,15-12,0.57,0.57,0.93,0.924731182795699,0.07526881720430101,444,0,0,6,211,401584981314,314,2,1:49,1549,25.816666666666663,63,46,63,46,17,Tyler Herro makes two point shot,FALSE,0,0,FALSE,0,0,FALSE
nba,2024,401584982,2023-12-18,Toronto Raptors,Charlotte Hornets,TOR,CHA,11-15,7-18,114,99,TRUE,Toronto Raptors,11-15,NA,NA,NA,NA,NA,NA,NA,NA,NA,NA,Toronto Raptors,11-15,Charlotte Hornets,7-18,0.836,0.836,0.646,0.7461300309597523,0.2538699690402477,446,0,0,2,211,401584982300,300,2,1:48,1548,25.8,42,51,51,42,9,P.J. Washington makes free throw 1 of 2,FALSE,0,0,FALSE,0,0,FALSE
nba,2024,401584977,2023-12-18,Cleveland Cavaliers,Houston Rockets,CLE,HOU,15-12,13-11,135,130,TRUE,Cleveland Cavaliers,15-12,NA,NA,NA,NA,NA,NA,NA,NA,NA,NA,Cleveland Cavaliers,15-12,Houston Rockets,13-11,0.654,0.654,0.704,0.5795454545454544,0.4204545454545456,564,0,0,1,221,401584977325,325,2,2:05,1865,31.083333333333332,50,59,59,50,9,Alperen Sengun makes 11-foot two point shot (Fred VanVleet assists),FALSE,0,0,FALSE,0,0,FALSE
nba,2024,401584978,2023-12-18,Indiana Pacers,LA Clippers,IND,LAC,13-12,16-10,127,151,FALSE,LA Clippers,16-10,NA,NA,NA,NA,NA,NA,NA,NA,NA,NA,LA Clippers,16-10,Indiana Pacers,13-12,0.391,0.609,0.621,0.38969404186795487,0.6103059581320451,464,0,0,1,122,401584978193,193,2,10:39,2079,34.65,43,37,43,37,6,T.J. McConnell defensive rebound,FALSE,0,0,FALSE,0,0,FALSE
nba,2024,401584979,2023-12-18,Philadelphia 76ers,Chicago Bulls,PHI,CHI,18-8,11-17,104,108,FALSE,Philadelphia 76ers,18-8,NA,NA,NA,NA,NA,NA,NA,NA,NA,NA,Chicago Bulls,11-17,Philadelphia 76ers,18-8,0.862,0.862,0.951,0.9484752891692954,0.05152471083070464,434,0,0,3,41,40158497961,61,1,6:32,2552,42.53333333333333,16,4,16,4,12,76ers offensive team rebound,FALSE,0,0,FALSE,0,0,FALSE
nba,2024,401584976,2023-12-17,Portland Trail Blazers,Golden State Warriors,POR,GS,6-19,12-14,114,118,FALSE,Golden State Warriors,12-14,NA,NA,NA,NA,NA,NA,NA,NA,NA,NA,Golden State Warriors,12-14,Portland Trail Blazers,6-19,0.377,0.623,0.504,0.251984126984127,0.748015873015873,453,0,0,3,361,401584976523,523,4,8:03,483,8.05,92,93,92,93,-1,Scoot Henderson makes free throw 1 of 2,FALSE,0,0,FALSE,0,0,FALSE
nba,2024,401584975,2023-12-17,Phoenix Suns,Washington Wizards,PHX,WSH,14-12,4-21,112,108,TRUE,Phoenix Suns,14-12,NA,NA,NA,NA,NA,NA,NA,NA,NA,NA,Phoenix Suns,14-12,Washington Wizards,4-21,0.793,0.793,0.89,0.8764044943820224,0.1235955056179776,503,0,0,1,285,401584975415,415,3,6:03,1083,18.05,62,77,77,62,15,Bilal Coulibaly makes 24-foot three point jumper (Deni Avdija assists),FALSE,0,0,FALSE,0,0,FALSE
nba,2024,401584974,2023-12-17,Milwaukee Bucks,Houston Rockets,MIL,HOU,19-7,13-10,128,119,TRUE,Milwaukee Bucks,19-7,NA,NA,NA,NA,NA,NA,NA,NA,NA,NA,Milwaukee Bucks,19-7,Houston Rockets,13-10,0.719,0.719,0.415,0.3228915662650601,0.6771084337349399,473,0,0,1,75,401584974109,109,1,3:58,2398,39.96666666666667,17,20,20,17,3,Jeff Green makes free throw 1 of 2,FALSE,0,0,FALSE,0,0,FALSE
nba,2024,401584973,2023-12-17,San Antonio Spurs,New Orleans Pelicans,SA,NO,4-21,16-11,110,146,FALSE,New Orleans Pelicans,16-11,NA,NA,NA,NA,NA,NA,NA,NA,NA,NA,New Orleans Pelicans,16-11,San Antonio Spurs,4-21,0.232,0.768,0.384,0.39583333333333337,0.6041666666666666,490,0,0,1,19,40158497330,30,1,9:13,2713,45.21666666666667,6,0,6,0,6,Spurs defensive team rebound,FALSE,0,0,FALSE,0,0,FALSE
nba,2024,401584972,2023-12-17,Boston Celtics,Orlando Magic,BOS,ORL,20-5,16-9,114,97,TRUE,Boston Celtics,20-5,NA,NA,NA,NA,NA,NA,NA,NA,NA,NA,Boston Celtics,20-5,Orlando Magic,16-9,0.82,0.82,0.4260000000000001,0.5774647887323944,0.4225352112676056,464,0,0,1,55,40158497272,72,1,5:37,2497,41.61666666666667,6,16,16,6,10,Anthony Black personal foul,FALSE,0,0,FALSE,0,0,FALSE
nba,2024,401584971,2023-12-16,LA Clippers,New York Knicks,LAC,NY,15-10,14-11,144,122,TRUE,LA Clippers,15-10,NA,NA,NA,NA,NA,NA,NA,NA,NA,NA,LA Clippers,15-10,New York Knicks,14-11,0.681,0.681,0.511,0.37573385518591007,0.6242661448140899,473,0,0,1,213,401584971311,311,2,3:37,1657,27.616666666666667,57,61,61,57,4,Jalen Brunson makes 27-foot three pointer,FALSE,0,0,FALSE,0,0,FALSE
nba,2024,401584970,2023-12-16,Sacramento Kings,Utah Jazz,SAC,UTAH,15-9,9-17,125,104,TRUE,Sacramento Kings,15-9,NA,NA,NA,NA,NA,NA,NA,NA,NA,NA,Sacramento Kings,15-9,Utah Jazz,9-17,0.778,0.778,0.238,0.06722689075630262,0.9327731092436974,436,0,0,1,3,4015849708,8,1,11:44,2864,47.733333333333334,0,0,0,0,0,Lauri Markkanen defensive rebound,FALSE,0,0,FALSE,0,0,FALSE
nba,2024,401584968,2023-12-16,Denver Nuggets,Oklahoma City Thunder,DEN,OKC,17-10,16-8,117,118,FALSE,Denver Nuggets,17-10,NA,NA,NA,NA,NA,NA,NA,NA,NA,NA,Oklahoma City Thunder,16-8,Denver Nuggets,17-10,0.564,0.564,0.964,0.962655601659751,0.03734439834024905,481,0,0,1,429,401584968620,620,4,5:23,323,5.383333333333334,107,97,107,97,10,Shai Gilgeous-Alexander bad pass (Nikola Jokic steals),FALSE,0,0,FALSE,0,0,FALSE
nba,2024,401584969,2023-12-16,Portland Trail Blazers,Dallas Mavericks,POR,DAL,6-18,16-9,120,131,FALSE,Dallas Mavericks,16-9,NA,NA,NA,NA,NA,NA,NA,NA,NA,NA,Dallas Mavericks,16-9,Portland Trail Blazers,6-18,0.436,0.5640000000000001,0.679,0.5272459499263624,0.4727540500736376,475,0,0,1,95,401584969134,134,1,1:37,2257,37.61666666666667,35,27,35,27,8,Matisse Thybulle defensive rebound,FALSE,0,0,FALSE,0,0,FALSE
nba,2024,401584967,2023-12-16,Golden State Warriors,Brooklyn Nets,GS,BKN,11-14,13-12,124,120,TRUE,Golden State Warriors,11-14,NA,NA,NA,NA,NA,NA,NA,NA,NA,NA,Golden State Warriors,11-14,Brooklyn Nets,13-12,0.515,0.515,0.647,0.4544049459041733,0.5455950540958268,460,0,0,1,382,401584967558,558,4,8:40,520,8.666666666666666,97,99,99,97,2,(08:40) [Nets] COACH'S CHALLENGE (REPLAY SUPPORTS CALL) [Nets] charged with a timeout,FALSE,0,0,FALSE,0,0,FALSE
nba,2024,401584965,2023-12-16,Miami Heat,Chicago Bulls,MIA,CHI,15-11,10-17,118,116,TRUE,Miami Heat,15-11,NA,NA,NA,NA,NA,NA,NA,NA,NA,NA,Miami Heat,15-11,Chicago Bulls,10-17,0.659,0.659,0.767,0.6962190352020861,0.30378096479791394,437,0,0,1,429,401584965625,625,4,43.0,43,0.7166666666666667,114,116,116,114,2,DeMar DeRozan offensive rebound,FALSE,0,0,FALSE,0,0,FALSE
nba,2024,401584966,2023-12-16,Minnesota Timberwolves,Indiana Pacers,MIN,IND,19-5,13-11,127,109,TRUE,Minnesota Timberwolves,19-5,NA,NA,NA,NA,NA,NA,NA,NA,NA,NA,Minnesota Timberwolves,19-5,Indiana Pacers,13-11,0.716,0.716,0.585,0.5145299145299145,0.4854700854700855,429,0,0,1,172,401584966258,258,2,4:10,1690,28.166666666666668,41,47,47,41,6,Jaden McDaniels personal foul,FALSE,0,0,FALSE,0,0,FALSE
nba,2024,401584964,2023-12-16,Cleveland Cavaliers,Atlanta Hawks,CLE,ATL,14-12,10-15,127,119,TRUE,Cleveland Cavaliers,14-12,NA,NA,NA,NA,NA,NA,NA,NA,NA,NA,Cleveland Cavaliers,14-12,Atlanta Hawks,10-15,0.549,0.549,0.505,0.10693069306930704,0.893069306930693,471,0,0,1,5,40158496412,12,1,11:01,2821,47.016666666666666,2,3,3,2,1,Trae Young defensive rebound,FALSE,0,0,FALSE,0,0,FALSE
nba,2024,401584963,2023-12-16,Charlotte Hornets,Philadelphia 76ers,CHA,PHI,7-17,18-7,82,135,FALSE,Philadelphia 76ers,18-7,NA,NA,NA,NA,NA,NA,NA,NA,NA,NA,Philadelphia 76ers,18-7,Charlotte Hornets,7-17,0.11,0.89,0.117,0.05982905982905995,0.94017094017094,424,0,0,1,2,4015849637,7,1,11:46,2866,47.766666666666666,0,0,0,0,0,Brandon Miller blocks Joel Embiid 's 4-foot layup,FALSE,0,0,FALSE,0,0,FALSE
nba,2024,401584962,2023-12-16,Milwaukee Bucks,Detroit Pistons,MIL,DET,18-7,2-24,146,114,TRUE,Milwaukee Bucks,18-7,NA,NA,NA,NA,NA,NA,NA,NA,NA,NA,Milwaukee Bucks,18-7,Detroit Pistons,2-24,0.925,0.925,0.08199999999999996,0.08536585365853666,0.9146341463414632,485,0,0,1,3,4015849628,8,1,11:35,2855,47.583333333333336,0,0,0,0,0,Killian Hayes defensive rebound,FALSE,0,0,FALSE,0,0,FALSE
nba,2024,401584961,2023-12-15,Phoenix Suns,New York Knicks,PHX,NY,13-12,14-10,122,139,FALSE,Phoenix Suns,13-12,NA,NA,NA,NA,NA,NA,NA,NA,NA,NA,New York Knicks,14-10,Phoenix Suns,13-12,0.605,0.605,0.881,0.8649262202043133,0.1350737797956867,446,0,0,3,266,401584961387,387,3,4:27,987,16.45,92,83,92,83,9,Jericho Sims shooting foul,FALSE,0,0,FALSE,0,0,FALSE
nba,2024,401584960,2023-12-15,Memphis Grizzlies,Houston Rockets,MEM,HOU,6-18,13-9,96,103,FALSE,Houston Rockets,13-9,NA,NA,NA,NA,NA,NA,NA,NA,NA,NA,Houston Rockets,13-9,Memphis Grizzlies,6-18,0.41,0.5900000000000001,0.855,0.8304093567251463,0.16959064327485374,503,0,0,1,108,401584960152,152,1,11.0,2171,36.18333333333333,29,12,29,12,17,Vince Williams Jr. makes 22-foot three point jumper (Jacob Gilyard assists),FALSE,0,0,FALSE,0,0,FALSE
nba,2024,401584957,2023-12-15,Boston Celtics,Orlando Magic,BOS,ORL,19-5,16-8,128,111,TRUE,Boston Celtics,19-5,NA,NA,NA,NA,NA,NA,NA,NA,NA,NA,Boston Celtics,19-5,Orlando Magic,16-8,0.688,0.688,0.499,0.3747494989979959,0.6252505010020041,462,0,0,1,67,40158495799,99,1,5:23,2483,41.38333333333333,9,15,15,9,6,Joe Ingles defensive rebound,FALSE,0,0,FALSE,0,0,FALSE
nba,2024,401584958,2023-12-15,Toronto Raptors,Atlanta Hawks,TOR,ATL,10-15,10-14,104,125,FALSE,Toronto Raptors,10-15,NA,NA,NA,NA,NA,NA,NA,NA,NA,NA,Atlanta Hawks,10-14,Toronto Raptors,10-15,0.539,0.539,0.664,0.493975903614458,0.506024096385542,450,0,0,1,10,40158495818,18,1,10:25,2785,46.416666666666664,5,0,5,0,5,Dennis Schroder defensive rebound,FALSE,0,0,FALSE,0,0,FALSE
nba,2024,401584959,2023-12-15,San Antonio Spurs,Los Angeles Lakers,SA,LAL,4-20,15-11,129,115,TRUE,Los Angeles Lakers,15-11,NA,NA,NA,NA,NA,NA,NA,NA,NA,NA,San Antonio Spurs,4-20,Los Angeles Lakers,15-11,0.338,0.6619999999999999,0.6619999999999999,0.4894259818731117,0.5105740181268883,463,0,0,1,1,4015849594,4,1,12:00,2880,48,0,0,0,0,0,Jaxson Hayes vs. Victor Wembanyama (Keldon Johnson gains possession),FALSE,0,0,FALSE,0,0,FALSE
nba,2024,401584954,2023-12-15,Charlotte Hornets,New Orleans Pelicans,CHA,NO,7-16,15-11,107,112,FALSE,New Orleans Pelicans,15-11,NA,NA,NA,NA,NA,NA,NA,NA,NA,NA,New Orleans Pelicans,15-11,Charlotte Hornets,7-16,0.255,0.745,0.556,0.5413669064748201,0.4586330935251799,487,0,0,1,341,401584954479,479,3,10.1,730.1,12.168333333333331,76,73,76,73,3,Bryce McGowens makes 1-foot two point shot (Terry Rozier assists),FALSE,0,0,FALSE,0,0,FALSE
nba,2024,401584955,2023-12-15,Philadelphia 76ers,Detroit Pistons,PHI,DET,17-7,2-23,124,92,TRUE,Philadelphia 76ers,17-7,NA,NA,NA,NA,NA,NA,NA,NA,NA,NA,Philadelphia 76ers,17-7,Detroit Pistons,2-23,0.946,0.946,0.07799999999999996,0.3076923076923067,0.6923076923076933,497,0,0,1,157,401584955222,222,2,8:01,1921,32.016666666666666,35,30,30,35,-5,Tyrese Maxey misses 25-foot three point pullup jump shot,FALSE,0,0,FALSE,0,0,FALSE
nba,2024,401584956,2023-12-15,Washington Wizards,Indiana Pacers,WSH,IND,4-20,13-10,137,123,TRUE,Indiana Pacers,13-10,NA,NA,NA,NA,NA,NA,NA,NA,NA,NA,Washington Wizards,4-20,Indiana Pacers,13-10,0.294,0.706,0.8180000000000001,0.7775061124694378,0.2224938875305622,508,0,0,3,125,401584956181,181,2,11:33,2133,35.55,32,40,40,32,8,Aaron Nesmith makes 24-foot three point jumper (T.J. McConnell assists),FALSE,0,0,FALSE,0,0,FALSE
nba,2024,401584953,2023-12-14,LA Clippers,Golden State Warriors,LAC,GS,14-10,10-14,121,113,TRUE,LA Clippers,14-10,NA,NA,NA,NA,NA,NA,NA,NA,NA,NA,LA Clippers,14-10,Golden State Warriors,10-14,0.637,0.637,0.5800000000000001,0.3741379310344829,0.6258620689655171,464,0,0,1,27,40158495341,41,1,9:25,2725,45.416666666666664,0,8,8,0,8,Jonathan Kuminga defensive rebound,FALSE,0,0,FALSE,0,0,FALSE
nba,2024,401584951,2023-12-14,Portland Trail Blazers,Utah Jazz,POR,UTAH,6-17,9-16,114,122,FALSE,Portland Trail Blazers,6-17,NA,NA,NA,NA,NA,NA,NA,NA,NA,NA,Utah Jazz,9-16,Portland Trail Blazers,6-17,0.719,0.719,0.767,0.6962190352020861,0.30378096479791394,450,0,0,1,20,40158495132,32,1,9:41,2741,45.68333333333333,7,4,7,4,3,Deandre Ayton makes 3-foot two point shot,FALSE,0,0,FALSE,0,0,FALSE
nba,2024,401584952,2023-12-14,Sacramento Kings,Oklahoma City Thunder,SAC,OKC,14-9,15-8,128,123,TRUE,Oklahoma City Thunder,15-8,NA,NA,NA,NA,NA,NA,NA,NA,NA,NA,Sacramento Kings,14-9,Oklahoma City Thunder,15-8,0.459,0.5409999999999999,0.6699999999999999,0.5074626865671641,0.4925373134328359,543,0,0,1,78,401584952114,114,1,4:37,2437,40.61666666666667,14,20,20,14,6,Luguentz Dort makes 28-foot three point shot (Shai Gilgeous-Alexander assists),FALSE,0,0,FALSE,0,0,FALSE
nba,2024,401584950,2023-12-14,Denver Nuggets,Brooklyn Nets,DEN,BKN,17-9,13-11,124,101,TRUE,Denver Nuggets,17-9,NA,NA,NA,NA,NA,NA,NA,NA,NA,NA,Denver Nuggets,17-9,Brooklyn Nets,13-11,0.643,0.643,0.4,0.10750000000000004,0.8925,487,0,0,4,53,40158495084,84,1,4:34,2434,40.56666666666667,17,17,17,17,0,shot clock turnover,FALSE,0,0,FALSE,0,0,FALSE
nba,2024,401584949,2023-12-14,Dallas Mavericks,Minnesota Timberwolves,DAL,MIN,15-9,18-5,101,119,FALSE,Minnesota Timberwolves,18-5,NA,NA,NA,NA,NA,NA,NA,NA,NA,NA,Minnesota Timberwolves,18-5,Dallas Mavericks,15-9,0.483,0.517,0.825,0.7878787878787878,0.21212121212121215,473,0,0,2,26,40158494939,39,1,8:46,2686,44.766666666666666,16,2,16,2,14,Jaden McDaniels shooting foul,FALSE,0,0,FALSE,0,0,FALSE
nba,2024,401584947,2023-12-14,Boston Celtics,Cleveland Cavaliers,BOS,CLE,18-5,13-12,116,107,TRUE,Boston Celtics,18-5,NA,NA,NA,NA,NA,NA,NA,NA,NA,NA,Boston Celtics,18-5,Cleveland Cavaliers,13-12,0.776,0.776,0.276,0.18840579710144945,0.8115942028985506,424,0,0,6,317,401584947449,449,3,0.0,720,12,90,87,87,90,-3,End of the 3rd Quarter,FALSE,0,0,FALSE,0,0,FALSE
nba,2024,401584948,2023-12-14,Miami Heat,Chicago Bulls,MIA,CHI,14-11,10-16,116,124,FALSE,Miami Heat,14-11,NA,NA,NA,NA,NA,NA,NA,NA,NA,NA,Chicago Bulls,10-16,Miami Heat,14-11,0.606,0.606,0.606,0.34983498349834985,0.6501650165016502,478,0,0,1,1,4015849484,4,1,12:00,2880,48,0,0,0,0,0,Nikola Vucevic vs. Orlando Robinson (Coby White gains possession),FALSE,0,0,FALSE,0,0,FALSE
nba,2024,401584945,2023-12-13,Phoenix Suns,Brooklyn Nets,PHX,BKN,13-11,13-10,112,116,FALSE,Brooklyn Nets,13-10,NA,NA,NA,NA,NA,NA,NA,NA,NA,NA,Brooklyn Nets,13-10,Phoenix Suns,13-11,0.435,0.565,0.775,0.7096774193548387,0.29032258064516125,477,0,0,1,325,401584945464,464,3,3:26,926,15.433333333333334,85,78,85,78,7,Dorian Finney-Smith misses 25-foot three point jumper,FALSE,0,0,FALSE,0,0,FALSE
nba,2024,401584946,2023-12-13,Utah Jazz,New York Knicks,UTAH,NY,8-16,13-10,117,113,TRUE,New York Knicks,13-10,NA,NA,NA,NA,NA,NA,NA,NA,NA,NA,Utah Jazz,8-16,New York Knicks,13-10,0.261,0.739,0.891,0.877665544332211,0.122334455667789,517,0,0,4,102,401584946138,138,1,1:17,2237,37.28333333333333,16,26,26,16,10,Ochai Agbaji shooting foul,FALSE,0,0,FALSE,0,0,FALSE
nba,2024,401584942,2023-12-13,Houston Rockets,Memphis Grizzlies,HOU,MEM,12-9,6-17,117,104,TRUE,Houston Rockets,12-9,NA,NA,NA,NA,NA,NA,NA,NA,NA,NA,Houston Rockets,12-9,Memphis Grizzlies,6-17,0.709,0.709,0.515,0.4349514563106795,0.5650485436893204,516,0,0,1,389,401584942551,551,4,11:38,698,11.633333333333333,82,81,81,82,-1,Jabari Smith Jr. shooting foul,FALSE,0,0,FALSE,0,0,FALSE
nba,2024,401584943,2023-12-13,Milwaukee Bucks,Indiana Pacers,MIL,IND,17-7,13-9,140,126,TRUE,Milwaukee Bucks,17-7,NA,NA,NA,NA,NA,NA,NA,NA,NA,NA,Milwaukee Bucks,17-7,Indiana Pacers,13-9,0.647,0.647,0.591,0.40270727580372245,0.5972927241962775,566,0,0,2,66,40158494395,95,1,5:40,2500,41.666666666666664,14,22,22,14,8,Tyrese Haliburton makes technical free throw,FALSE,0,0,FALSE,0,0,FALSE
nba,2024,401584944,2023-12-13,San Antonio Spurs,Los Angeles Lakers,SA,LAL,3-20,15-10,119,122,FALSE,Los Angeles Lakers,15-10,NA,NA,NA,NA,NA,NA,NA,NA,NA,NA,Los Angeles Lakers,15-10,San Antonio Spurs,3-20,0.364,0.636,0.499,0.2705410821643287,0.7294589178356713,483,0,0,1,449,401584944652,652,4,21.2,21.2,0.35333333333333333,115,117,115,117,-2,Christian Wood shooting foul,FALSE,0,0,FALSE,0,0,FALSE
nba,2024,401584940,2023-12-13,Miami Heat,Charlotte Hornets,MIA,CHA,14-10,7-15,115,104,TRUE,Miami Heat,14-10,NA,NA,NA,NA,NA,NA,NA,NA,NA,NA,Miami Heat,14-10,Charlotte Hornets,7-15,0.738,0.738,0.4330000000000001,0.3949191685912241,0.6050808314087759,414,0,0,4,193,401584940281,281,2,3:06,1626,27.1,43,45,45,43,2,Kyle Lowry offensive foul,FALSE,0,0,FALSE,0,0,FALSE
nba,2024,401584941,2023-12-13,Toronto Raptors,Atlanta Hawks,TOR,ATL,10-14,9-14,135,128,TRUE,Toronto Raptors,10-14,NA,NA,NA,NA,NA,NA,NA,NA,NA,NA,Toronto Raptors,10-14,Atlanta Hawks,9-14,0.526,0.526,0.802,0.7531172069825438,0.2468827930174562,458,0,0,1,124,401584941188,188,2,9:21,2001,33.35,38,50,50,38,12,Trae Young makes 30-foot three pointer,FALSE,0,0,FALSE,0,0,FALSE
nba,2024,401584938,2023-12-13,Detroit Pistons,Philadelphia 76ers,DET,PHI,2-22,16-7,111,129,FALSE,Philadelphia 76ers,16-7,NA,NA,NA,NA,NA,NA,NA,NA,NA,NA,Philadelphia 76ers,16-7,Detroit Pistons,2-22,0.118,0.882,0.148,0.20270270270270271,0.7972972972972973,474,0,0,2,7,40158493815,15,1,10:33,2793,46.55,4,2,4,2,2,De'Anthony Melton misses 14-foot pullup jump shot,FALSE,0,0,FALSE,0,0,FALSE
nba,2024,401584939,2023-12-13,Washington Wizards,New Orleans Pelicans,WSH,NO,3-20,14-11,122,142,FALSE,New Orleans Pelicans,14-11,NA,NA,NA,NA,NA,NA,NA,NA,NA,NA,New Orleans Pelicans,14-11,Washington Wizards,3-20,0.363,0.637,0.783,0.722860791826309,0.277139208173691,459,0,0,1,55,40158493973,73,1,6:16,2536,42.266666666666666,23,8,23,8,15,Kyle Kuzma defensive rebound,FALSE,0,0,FALSE,0,0,FALSE
nba,2024,401584937,2023-12-12,LA Clippers,Sacramento Kings,LAC,SAC,13-10,13-9,119,99,TRUE,LA Clippers,13-10,NA,NA,NA,NA,NA,NA,NA,NA,NA,NA,LA Clippers,13-10,Sacramento Kings,13-9,0.633,0.633,0.45,0.18444444444444452,0.8155555555555555,447,0,0,1,27,40158493741,41,1,8:17,2657,44.28333333333333,8,11,11,8,3,Keegan Murray makes 4-foot two point shot (Domantas Sabonis assists),FALSE,0,0,FALSE,0,0,FALSE
nba,2024,401584936,2023-12-12,Phoenix Suns,Golden State Warriors,PHX,GS,13-10,10-13,119,116,TRUE,Golden State Warriors,10-13,NA,NA,NA,NA,NA,NA,NA,NA,NA,NA,Phoenix Suns,13-10,Golden State Warriors,10-13,0.495,0.505,0.837,0.8052568697729987,0.1947431302270013,520,0,0,4,170,401584936244,244,2,7:53,1913,31.883333333333333,27,40,40,27,13,Jonathan Kuminga makes 1-foot alley oop dunk shot (Chris Paul assists),FALSE,0,0,FALSE,0,0,FALSE
nba,2024,401584935,2023-12-12,Chicago Bulls,Denver Nuggets,CHI,DEN,9-16,16-9,106,114,FALSE,Denver Nuggets,16-9,NA,NA,NA,NA,NA,NA,NA,NA,NA,NA,Denver Nuggets,16-9,Chicago Bulls,9-16,0.372,0.628,0.412,0.09708737864077666,0.9029126213592232,484,0,0,5,52,40158493570,70,1,4:58,2458,40.96666666666667,15,14,15,14,1,Ayo Dosunmu personal foul,FALSE,0,0,FALSE,0,0,FALSE
nba,2024,401584933,2023-12-12,Boston Celtics,Cleveland Cavaliers,BOS,CLE,17-5,13-11,120,113,TRUE,Boston Celtics,17-5,NA,NA,NA,NA,NA,NA,NA,NA,NA,NA,Boston Celtics,17-5,Cleveland Cavaliers,13-11,0.837,0.837,0.657,0.7519025875190258,0.24809741248097417,435,0,0,1,278,401584933401,401,3,5:52,1072,17.866666666666667,74,82,82,74,8,Max Strus makes 25-foot three point jumper (Dean Wade assists),FALSE,0,0,FALSE,0,0,FALSE
nba,2024,401584934,2023-12-12,Dallas Mavericks,Los Angeles Lakers,DAL,LAL,15-8,14-10,127,125,TRUE,Dallas Mavericks,15-8,NA,NA,NA,NA,NA,NA,NA,NA,NA,NA,Dallas Mavericks,15-8,Los Angeles Lakers,14-10,0.511,0.511,0.72,0.6111111111111112,0.3888888888888888,456,0,0,1,367,401584934537,537,4,11:19,679,11.316666666666666,93,97,97,93,4,Austin Reaves defensive rebound,FALSE,0,0,FALSE,0,0,FALSE
nba,2024,401584932,2023-12-11,LA Clippers,Portland Trail Blazers,LAC,POR,12-10,6-16,132,127,TRUE,LA Clippers,12-10,NA,NA,NA,NA,NA,NA,NA,NA,NA,NA,LA Clippers,12-10,Portland Trail Blazers,6-16,0.87,0.87,0.635,0.7952755905511811,0.20472440944881887,453,0,0,1,412,401584932606,606,4,1:30,90,1.5,122,123,123,122,1,Shaedon Sharpe defensive rebound,FALSE,0,0,FALSE,0,0,FALSE
nba,2024,401584931,2023-12-11,Sacramento Kings,Brooklyn Nets,SAC,BKN,13-8,12-10,131,118,TRUE,Brooklyn Nets,12-10,NA,NA,NA,NA,NA,NA,NA,NA,NA,NA,Sacramento Kings,13-8,Brooklyn Nets,12-10,0.459,0.5409999999999999,0.5429999999999999,0.15837937384898693,0.8416206261510131,473,0,0,2,8,40158493115,15,1,11:04,2824,47.06666666666667,2,2,2,2,0,De'Aaron Fox offensive foul,FALSE,0,0,FALSE,0,0,FALSE
nba,2024,401584926,2023-12-11,Houston Rockets,San Antonio Spurs,HOU,SA,11-9,3-19,93,82,TRUE,Houston Rockets,11-9,NA,NA,NA,NA,NA,NA,NA,NA,NA,NA,Houston Rockets,11-9,San Antonio Spurs,3-19,0.798,0.798,0.37,0.4540540540540542,0.5459459459459458,495,0,0,1,286,401584926395,395,3,8:53,1253,20.883333333333333,53,53,53,53,0,Devin Vassell defensive rebound,FALSE,0,0,FALSE,0,0,FALSE
nba,2024,401584927,2023-12-11,Memphis Grizzlies,Dallas Mavericks,MEM,DAL,6-16,14-8,113,120,FALSE,Dallas Mavericks,14-8,NA,NA,NA,NA,NA,NA,NA,NA,NA,NA,Dallas Mavericks,14-8,Memphis Grizzlies,6-16,0.431,0.569,0.583,0.2847341337907374,0.7152658662092626,451,0,0,2,10,40158492720,20,1,9:57,2757,45.95,9,4,9,4,5,Santi Aldama defensive rebound,FALSE,0,0,FALSE,0,0,FALSE
nba,2024,401584928,2023-12-11,Milwaukee Bucks,Chicago Bulls,MIL,CHI,16-7,9-15,133,129,TRUE,Milwaukee Bucks,16-7,NA,NA,NA,NA,NA,NA,NA,NA,NA,NA,Milwaukee Bucks,16-7,Chicago Bulls,9-15,0.837,0.837,0.655,0.7511450381679389,0.24885496183206113,533,0,0,1,466,401584928645,645,5,4:41,281,4.683333333333334,118,118,118,118,0,Brook Lopez shooting foul,FALSE,0,0,FALSE,0,0,FALSE
nba,2024,401584929,2023-12-11,New Orleans Pelicans,Minnesota Timberwolves,NO,MIN,13-11,17-5,121,107,TRUE,New Orleans Pelicans,13-11,NA,NA,NA,NA,NA,NA,NA,NA,NA,NA,New Orleans Pelicans,13-11,Minnesota Timberwolves,17-5,0.557,0.557,0.617,0.3792544570502432,0.6207455429497568,509,0,0,1,183,401584929261,261,2,5:27,1767,29.45,41,45,45,41,4,Karl-Anthony Towns defensive rebound,FALSE,0,0,FALSE,0,0,FALSE
nba,2024,401584930,2023-12-11,Oklahoma City Thunder,Utah Jazz,OKC,UTAH,15-7,7-16,134,120,TRUE,Oklahoma City Thunder,15-7,NA,NA,NA,NA,NA,NA,NA,NA,NA,NA,Oklahoma City Thunder,15-7,Utah Jazz,7-16,0.886,0.886,0.15200000000000002,0.2500000000000002,0.7499999999999998,455,0,0,1,69,401584930103,103,1,3:52,2392,39.86666666666667,18,18,18,18,0,Talen Horton-Tucker makes 15-foot two point shot,FALSE,0,0,FALSE,0,0,FALSE
nba,2024,401584924,2023-12-11,Atlanta Hawks,Denver Nuggets,ATL,DEN,9-13,15-9,122,129,FALSE,Atlanta Hawks,9-13,NA,NA,NA,NA,NA,NA,NA,NA,NA,NA,Denver Nuggets,15-9,Atlanta Hawks,9-13,0.543,0.543,0.823,0.7849331713244228,0.21506682867557725,481,0,0,1,93,401584924136,136,1,34.1,2194.1,36.568333333333335,36,25,36,25,11,Hawks defensive team rebound,FALSE,0,0,FALSE,0,0,FALSE
nba,2024,401584925,2023-12-11,New York Knicks,Toronto Raptors,NY,TOR,13-9,9-14,136,130,TRUE,New York Knicks,13-9,NA,NA,NA,NA,NA,NA,NA,NA,NA,NA,New York Knicks,13-9,Toronto Raptors,9-14,0.611,0.611,0.546,0.2875457875457875,0.7124542124542125,471,0,0,1,281,401584925400,400,3,7:54,1194,19.9,73,76,76,73,3,Pascal Siakam makes 25-foot three point jumper (Dennis Schroder assists),FALSE,0,0,FALSE,0,0,FALSE
nba,2024,401584920,2023-12-11,Charlotte Hornets,Miami Heat,CHA,MIA,7-14,13-10,114,116,FALSE,Miami Heat,13-10,NA,NA,NA,NA,NA,NA,NA,NA,NA,NA,Miami Heat,13-10,Charlotte Hornets,7-14,0.378,0.622,0.463,0.18358531317494609,0.8164146868250539,461,0,0,2,392,401584920576,576,4,4:25,265,4.416666666666667,101,103,101,103,-2,Kevin Love shooting foul,FALSE,0,0,FALSE,0,0,FALSE
nba,2024,401584921,2023-12-11,Detroit Pistons,Indiana Pacers,DET,IND,2-21,13-8,123,131,FALSE,Indiana Pacers,13-8,NA,NA,NA,NA,NA,NA,NA,NA,NA,NA,Indiana Pacers,13-8,Detroit Pistons,2-21,0.244,0.756,0.506,0.5177865612648221,0.48221343873517786,456,0,0,1,207,401584921302,302,2,2:01,1561,26.016666666666666,61,57,61,57,4,Ausar Thompson defensive rebound,FALSE,0,0,FALSE,0,0,FALSE
nba,2024,401584922,2023-12-11,Orlando Magic,Cleveland Cavaliers,ORL,CLE,16-7,13-10,104,94,TRUE,Orlando Magic,16-7,NA,NA,NA,NA,NA,NA,NA,NA,NA,NA,Orlando Magic,16-7,Cleveland Cavaliers,13-10,0.563,0.563,0.663,0.49170437405731526,0.5082956259426847,500,0,0,2,127,401584922179,179,2,11:34,2134,35.56666666666667,22,29,29,22,7,Sam Merrill defensive rebound,FALSE,0,0,FALSE,0,0,FALSE
nba,2024,401584923,2023-12-11,Philadelphia 76ers,Washington Wizards,PHI,WSH,15-7,3-19,146,101,TRUE,Philadelphia 76ers,15-7,NA,NA,NA,NA,NA,NA,NA,NA,NA,NA,Philadelphia 76ers,15-7,Washington Wizards,3-19,0.887,0.887,0.113,1.1102230246251563e-16,1,486,0,0,1,1,4015849234,4,1,12:00,2880,48,0,0,0,0,0,Mike Muscala vs. Joel Embiid (Tyrese Maxey gains possession),FALSE,0,0,FALSE,0,0,FALSE
nba,2024,401607495,2023-12-09,Los Angeles Lakers,Indiana Pacers,LAL,IND,0-0,0-0,123,109,TRUE,Los Angeles Lakers,0-0,NA,NA,NA,NA,NA,NA,NA,NA,NA,NA,Los Angeles Lakers,0-0,Indiana Pacers,0-0,0.545,0.545,0.53,0.14150943396226423,0.8584905660377358,553,0,0,1,10,40160749519,19,1,10:51,2811,46.85,3,5,5,3,2,D'Angelo Russell makes free throw 2 of 2,FALSE,0,0,FALSE,0,0,FALSE
nba,2024,401616479,2023-12-08,Utah Jazz,LA Clippers,UTAH,LAC,7-15,11-10,103,117,FALSE,LA Clippers,11-10,NA,NA,NA,NA,NA,NA,NA,NA,NA,NA,LA Clippers,11-10,Utah Jazz,7-15,0.288,0.712,0.34,0.15294117647058825,0.8470588235294118,449,0,0,1,15,40161647923,23,1,9:59,2759,45.983333333333334,6,5,6,5,1,John Collins defensive rebound,FALSE,0,0,FALSE,0,0,FALSE
nba,2024,401616480,2023-12-08,Portland Trail Blazers,Dallas Mavericks,POR,DAL,6-15,13-8,112,125,FALSE,Dallas Mavericks,13-8,NA,NA,NA,NA,NA,NA,NA,NA,NA,NA,Dallas Mavericks,13-8,Portland Trail Blazers,6-15,0.241,0.759,0.368,0.34510869565217395,0.654891304347826,499,0,0,1,403,401616480576,576,4,9:58,598,9.966666666666669,98,99,98,99,-1,Anfernee Simons makes 11-foot driving floating jump shot,FALSE,0,0,FALSE,0,0,FALSE
nba,2024,401616478,2023-12-08,Denver Nuggets,Houston Rockets,DEN,HOU,14-9,10-9,106,114,FALSE,Denver Nuggets,14-9,NA,NA,NA,NA,NA,NA,NA,NA,NA,NA,Houston Rockets,10-9,Denver Nuggets,14-9,0.761,0.761,0.867,0.8465974625144175,0.15340253748558252,511,0,0,3,49,40161647865,65,1,6:50,2570,42.833333333333336,14,7,14,7,7,Nikola Jokic kicked ball violation,FALSE,0,0,FALSE,0,0,FALSE
nba,2024,401617581,2023-12-08,Phoenix Suns,Sacramento Kings,PHX,SAC,12-10,12-8,106,114,FALSE,Phoenix Suns,12-10,NA,NA,NA,NA,NA,NA,NA,NA,NA,NA,Sacramento Kings,12-8,Phoenix Suns,12-10,0.54,0.54,0.86,0.8372093023255813,0.16279069767441867,470,0,0,2,240,401617581339,339,3,11:06,1386,23.1,61,50,61,50,11,Domantas Sabonis offensive foul,FALSE,0,0,FALSE,0,0,FALSE
nba,2024,401616477,2023-12-08,San Antonio Spurs,Chicago Bulls,SA,CHI,3-18,9-14,112,121,FALSE,Chicago Bulls,9-14,NA,NA,NA,NA,NA,NA,NA,NA,NA,NA,Chicago Bulls,9-14,San Antonio Spurs,3-18,0.416,0.5840000000000001,0.872,0.8532110091743119,0.14678899082568808,476,0,0,1,235,401616477346,346,2,11.0,1451,24.183333333333337,62,50,62,50,12,Patrick Williams shooting foul,FALSE,0,0,FALSE,0,0,FALSE
nba,2024,401616474,2023-12-08,Miami Heat,Cleveland Cavaliers,MIA,CLE,12-10,13-9,99,111,FALSE,Miami Heat,12-10,NA,NA,NA,NA,NA,NA,NA,NA,NA,NA,Cleveland Cavaliers,13-9,Miami Heat,12-10,0.547,0.547,0.896,0.8839285714285714,0.1160714285714286,474,0,0,1,166,401616474244,244,2,8:41,1961,32.68333333333333,39,23,39,23,16,Duncan Robinson personal foul,FALSE,0,0,FALSE,0,0,FALSE
nba,2024,401616475,2023-12-08,Memphis Grizzlies,Minnesota Timberwolves,MEM,MIN,6-15,17-4,103,127,FALSE,Minnesota Timberwolves,17-4,NA,NA,NA,NA,NA,NA,NA,NA,NA,NA,Minnesota Timberwolves,17-4,Memphis Grizzlies,6-15,0.363,0.637,0.511,0.2896281800391389,0.7103718199608611,458,0,0,1,39,40161647557,57,1,7:33,2613,43.55,14,8,14,8,6,Desmond Bane makes 27-foot three pointer,FALSE,0,0,FALSE,0,0,FALSE
nba,2024,401616476,2023-12-08,Oklahoma City Thunder,Golden State Warriors,OKC,GS,14-7,10-12,138,136,TRUE,Oklahoma City Thunder,14-7,NA,NA,NA,NA,NA,NA,NA,NA,NA,NA,Oklahoma City Thunder,14-7,Golden State Warriors,10-12,0.616,0.616,0.94,0.9361702127659576,0.06382978723404253,577,0,0,1,492,401616476693,693,4,7.1,307.1,5.118333333333334,115,118,118,115,3,(00:07.7) [Warriors] COACH'S CHALLENGE (CALL STANDS) [Warriors] charged with a timeout,FALSE,0,0,FALSE,0,0,FALSE
nba,2024,401616473,2023-12-08,Brooklyn Nets,Washington Wizards,BKN,WSH,12-9,3-18,124,97,TRUE,Brooklyn Nets,12-9,NA,NA,NA,NA,NA,NA,NA,NA,NA,NA,Brooklyn Nets,12-9,Washington Wizards,3-18,0.798,0.798,0.31799999999999995,0.3647798742138365,0.6352201257861635,489,0,0,1,146,401616473198,198,2,8:09,1929,32.15,28,30,30,28,2,Danilo Gallinari makes 18-foot pullup jump shot,FALSE,0,0,FALSE,0,0,FALSE
nba,2024,401617579,2023-12-08,Boston Celtics,New York Knicks,BOS,NY,16-5,12-9,133,123,TRUE,Boston Celtics,16-5,NA,NA,NA,NA,NA,NA,NA,NA,NA,NA,Boston Celtics,16-5,New York Knicks,12-9,0.722,0.722,0.494,0.43724696356275294,0.5627530364372471,461,0,0,1,165,401617579227,227,2,6:00,1800,30,47,50,50,47,3,Jalen Brunson makes free throw 2 of 3,FALSE,0,0,FALSE,0,0,FALSE
nba,2024,401616470,2023-12-08,Charlotte Hornets,Toronto Raptors,CHA,TOR,7-13,9-13,119,116,TRUE,Toronto Raptors,9-13,NA,NA,NA,NA,NA,NA,NA,NA,NA,NA,Charlotte Hornets,7-13,Toronto Raptors,9-13,0.378,0.622,0.804,0.7562189054726369,0.24378109452736307,437,0,0,1,367,401616470543,543,4,6:02,362,6.033333333333333,96,101,101,96,5,Terry Rozier misses 22-foot three point jumper,FALSE,0,0,FALSE,0,0,FALSE
nba,2024,401616471,2023-12-08,Orlando Magic,Detroit Pistons,ORL,DET,15-7,2-20,123,91,TRUE,Orlando Magic,15-7,NA,NA,NA,NA,NA,NA,NA,NA,NA,NA,Orlando Magic,15-7,Detroit Pistons,2-20,0.747,0.747,0.4429999999999999,0.4288939051918734,0.5711060948081266,445,0,0,1,46,40161647175,75,1,4:45,2445,40.75,12,18,18,12,6,Marvin Bagley III defensive rebound,FALSE,0,0,FALSE,0,0,FALSE
nba,2024,401616472,2023-12-08,Philadelphia 76ers,Atlanta Hawks,PHI,ATL,14-7,9-12,125,114,TRUE,Philadelphia 76ers,14-7,NA,NA,NA,NA,NA,NA,NA,NA,NA,NA,Philadelphia 76ers,14-7,Atlanta Hawks,9-12,0.825,0.825,0.7110000000000001,0.7538677918424753,0.24613220815752468,498,0,0,1,436,401616472601,601,4,4:45,285,4.75,106,109,109,106,3,Joel Embiid out of bounds lost ball turnover,FALSE,0,0,FALSE,0,0,FALSE
nba,2024,401607493,2023-12-07,Los Angeles Lakers,New Orleans Pelicans,LAL,NO,14-9,12-11,133,89,TRUE,New Orleans Pelicans,12-11,NA,NA,NA,NA,NA,NA,NA,NA,NA,NA,Los Angeles Lakers,14-9,New Orleans Pelicans,12-11,0.494,0.506,0.6639999999999999,0.49397590361445776,0.5060240963855422,470,0,0,1,72,401607493108,108,1,3:11,2351,39.18333333333333,17,22,22,17,5,Naji Marshall defensive rebound,FALSE,0,0,FALSE,0,0,FALSE
nba,2024,401607494,2023-12-07,Milwaukee Bucks,Indiana Pacers,MIL,IND,15-7,12-8,119,128,FALSE,Milwaukee Bucks,15-7,NA,NA,NA,NA,NA,NA,NA,NA,NA,NA,Indiana Pacers,12-8,Milwaukee Bucks,15-7,0.68,0.68,0.8,0.75,0.25,498,0,0,2,325,401607494467,467,3,2:23,863,14.383333333333333,87,82,87,82,5,Giannis Antetokounmpo makes free throw 1 of 2,FALSE,0,0,FALSE,0,0,FALSE
nba,2024,401616468,2023-12-06,Golden State Warriors,Portland Trail Blazers,GS,POR,10-11,6-14,110,106,TRUE,Golden State Warriors,10-11,NA,NA,NA,NA,NA,NA,NA,NA,NA,NA,Golden State Warriors,10-11,Portland Trail Blazers,6-14,0.845,0.845,0.817,0.810281517747858,0.18971848225214205,491,0,0,5,429,401616468599,599,4,5:32,332,5.533333333333333,92,98,98,92,6,Shaedon Sharpe makes driving layup,FALSE,0,0,FALSE,0,0,FALSE
nba,2024,401616469,2023-12-06,LA Clippers,Denver Nuggets,LAC,DEN,10-10,14-8,111,102,TRUE,LA Clippers,10-10,NA,NA,NA,NA,NA,NA,NA,NA,NA,NA,LA Clippers,10-10,Denver Nuggets,14-8,0.559,0.559,0.851,0.8249118683901293,0.1750881316098707,459,0,0,1,95,401616469143,143,1,23.1,2183.1,36.385,21,36,36,21,15,Christian Braun defensive rebound,FALSE,0,0,FALSE,0,0,FALSE
nba,2024,401616467,2023-12-06,Dallas Mavericks,Utah Jazz,DAL,UTAH,12-8,7-14,147,97,TRUE,Dallas Mavericks,12-8,NA,NA,NA,NA,NA,NA,NA,NA,NA,NA,Dallas Mavericks,12-8,Utah Jazz,7-14,0.812,0.812,0.18799999999999992,0,1,453,0,0,1,1,4016164674,4,1,12:00,2880,48,0,0,0,0,0,Omer Yurtseven vs. Dereck Lively II (John Collins gains possession),FALSE,0,0,FALSE,0,0,FALSE
nba,2024,401616465,2023-12-06,Chicago Bulls,Charlotte Hornets,CHI,CHA,8-14,6-13,111,100,TRUE,Chicago Bulls,8-14,NA,NA,NA,NA,NA,NA,NA,NA,NA,NA,Chicago Bulls,8-14,Charlotte Hornets,6-13,0.63,0.63,0.512,0.27734375,0.72265625,491,0,0,1,43,40161646552,52,1,7:58,2638,43.96666666666667,7,13,13,7,6,Nick Richards makes dunk (Gordon Hayward assists),FALSE,0,0,FALSE,0,0,FALSE
nba,2024,401616466,2023-12-06,Houston Rockets,Oklahoma City Thunder,HOU,OKC,9-9,13-7,110,101,TRUE,Oklahoma City Thunder,13-7,NA,NA,NA,NA,NA,NA,NA,NA,NA,NA,Houston Rockets,9-9,Oklahoma City Thunder,13-7,0.38,0.62,0.667,0.5007496251874064,0.4992503748125936,490,0,0,1,8,40161646615,15,1,11:11,2831,47.18333333333333,2,4,4,2,2,Chet Holmgren defensive rebound,FALSE,0,0,FALSE,0,0,FALSE
nba,2024,401616461,2023-12-06,Toronto Raptors,Miami Heat,TOR,MIA,9-12,12-9,103,112,FALSE,Toronto Raptors,9-12,NA,NA,NA,NA,NA,NA,NA,NA,NA,NA,Miami Heat,12-9,Toronto Raptors,9-12,0.565,0.565,0.7,0.5714285714285714,0.4285714285714286,433,0,0,1,194,401616461292,292,2,1:23,1523,25.383333333333333,64,59,64,59,5,Caleb Martin misses 24-foot three point jumper,FALSE,0,0,FALSE,0,0,FALSE
nba,2024,401616463,2023-12-06,Atlanta Hawks,Brooklyn Nets,ATL,BKN,9-11,11-9,113,114,FALSE,Atlanta Hawks,9-11,NA,NA,NA,NA,NA,NA,NA,NA,NA,NA,Brooklyn Nets,11-9,Atlanta Hawks,9-11,0.54,0.54,0.75,0.6666666666666667,0.33333333333333326,490,0,0,2,65,40161646399,99,1,4:50,2450,40.833333333333336,22,15,22,15,7,Mikal Bridges loose ball foul,FALSE,0,0,FALSE,0,0,FALSE
nba,2024,401616464,2023-12-06,Minnesota Timberwolves,San Antonio Spurs,MIN,SA,16-4,3-17,102,94,TRUE,Minnesota Timberwolves,16-4,NA,NA,NA,NA,NA,NA,NA,NA,NA,NA,Minnesota Timberwolves,16-4,San Antonio Spurs,3-17,0.862,0.862,0.5569999999999999,0.7522441651705565,0.24775583482944352,475,0,0,1,247,401616464351,351,3,11:11,1391,23.183333333333337,46,53,53,46,7,Zach Collins offensive rebound,FALSE,0,0,FALSE,0,0,FALSE
nba,2024,401616459,2023-12-06,Cleveland Cavaliers,Orlando Magic,CLE,ORL,12-9,14-7,121,111,TRUE,Cleveland Cavaliers,12-9,NA,NA,NA,NA,NA,NA,NA,NA,NA,NA,Cleveland Cavaliers,12-9,Orlando Magic,14-7,0.667,0.667,0.33499999999999996,0.0059701492537312896,0.9940298507462688,479,0,0,1,3,4016164598,8,1,11:16,2836,47.266666666666666,2,2,2,2,0,Paolo Banchero makes layup,FALSE,0,0,FALSE,0,0,FALSE
nba,2024,401616460,2023-12-06,Detroit Pistons,Memphis Grizzlies,DET,MEM,2-19,6-14,102,116,FALSE,Detroit Pistons,2-19,NA,NA,NA,NA,NA,NA,NA,NA,NA,NA,Memphis Grizzlies,6-14,Detroit Pistons,2-19,0.509,0.509,0.776,0.7113402061855671,0.28865979381443285,438,0,0,2,260,401616460376,376,3,7:28,1168,19.466666666666665,69,61,69,61,8,Bojan Bogdanovic makes 23-foot three point shot (Killian Hayes assists),FALSE,0,0,FALSE,0,0,FALSE
nba,2024,401616462,2023-12-06,Washington Wizards,Philadelphia 76ers,WSH,PHI,3-17,13-7,126,131,FALSE,Philadelphia 76ers,13-7,NA,NA,NA,NA,NA,NA,NA,NA,NA,NA,Philadelphia 76ers,13-7,Washington Wizards,3-17,0.163,0.837,0.682,0.7609970674486803,0.23900293255131969,439,0,0,1,297,401616462448,448,3,2:21,861,14.35,95,89,95,89,6,Tyrese Maxey personal foul,FALSE,0,0,FALSE,0,0,FALSE
nba,2024,401607490,2023-12-05,Los Angeles Lakers,Phoenix Suns,LAL,PHX,13-9,12-9,106,103,TRUE,Los Angeles Lakers,13-9,NA,NA,NA,NA,NA,NA,NA,NA,NA,NA,Los Angeles Lakers,13-9,Phoenix Suns,12-9,0.502,0.502,0.64,0.4375,0.5625,486,0,0,1,314,401607490448,448,3,5:00,1020,17,68,71,71,68,3,Eric Gordon defensive rebound,FALSE,0,0,FALSE,0,0,FALSE
nba,2024,401607489,2023-12-05,Milwaukee Bucks,New York Knicks,MIL,NY,15-6,12-8,146,122,TRUE,Milwaukee Bucks,15-6,NA,NA,NA,NA,NA,NA,NA,NA,NA,NA,Milwaukee Bucks,15-6,New York Knicks,12-8,0.606,0.606,0.506,0.2213438735177865,0.7786561264822135,465,0,0,1,19,40160748930,30,1,9:08,2708,45.13333333333333,4,8,8,4,4,Mitchell Robinson defensive rebound,FALSE,0,0,FALSE,0,0,FALSE
nba,2024,401607492,2023-12-04,Sacramento Kings,New Orleans Pelicans,SAC,NO,11-8,12-10,117,127,FALSE,Sacramento Kings,11-8,NA,NA,NA,NA,NA,NA,NA,NA,NA,NA,New Orleans Pelicans,12-10,Sacramento Kings,11-8,0.549,0.549,0.874,0.8558352402745995,0.14416475972540055,476,0,0,1,76,401607492117,117,1,3:46,2386,39.766666666666666,32,17,32,17,15,Naji Marshall lost ball turnover (Malik Monk steals),FALSE,0,0,FALSE,0,0,FALSE
nba,2024,401607491,2023-12-04,Indiana Pacers,Boston Celtics,IND,BOS,11-8,15-5,122,112,TRUE,Boston Celtics,15-5,NA,NA,NA,NA,NA,NA,NA,NA,NA,NA,Indiana Pacers,11-8,Boston Celtics,15-5,0.4,0.6,0.81,0.7654320987654322,0.23456790123456783,459,0,0,1,217,401607491306,306,2,40.1,1480.1,24.668333333333333,46,55,55,46,9,Jayson Tatum makes 32-foot three point jumper,FALSE,0,0,FALSE,0,0,FALSE
nba,2024,401584919,2023-12-02,Los Angeles Lakers,Houston Rockets,LAL,HOU,12-9,8-9,107,97,TRUE,Los Angeles Lakers,12-9,NA,NA,NA,NA,NA,NA,NA,NA,NA,NA,Los Angeles Lakers,12-9,Houston Rockets,8-9,0.523,0.523,0.733,0.635743519781719,0.36425648021828105,496,0,0,1,61,40158491986,86,1,5:16,2476,41.266666666666666,12,21,21,12,9,Fred VanVleet defensive rebound,FALSE,0,0,FALSE,0,0,FALSE
nba,2024,401584918,2023-12-02,Sacramento Kings,Denver Nuggets,SAC,DEN,11-7,14-7,123,117,TRUE,Sacramento Kings,11-7,NA,NA,NA,NA,NA,NA,NA,NA,NA,NA,Sacramento Kings,11-7,Denver Nuggets,14-7,0.597,0.597,0.6719999999999999,0.5119047619047616,0.4880952380952384,472,0,0,1,101,401584918150,150,1,1:29,2249,37.483333333333334,19,27,27,19,8,DeAndre Jordan offensive rebound,FALSE,0,0,FALSE,0,0,FALSE
nba,2024,401584917,2023-12-02,Utah Jazz,Portland Trail Blazers,UTAH,POR,7-13,6-13,118,113,TRUE,Utah Jazz,7-13,NA,NA,NA,NA,NA,NA,NA,NA,NA,NA,Utah Jazz,7-13,Portland Trail Blazers,6-13,0.561,0.561,0.6930000000000001,0.5569985569985572,0.4430014430014429,504,0,0,1,465,401584917669,669,5,3:39,219,3.65,108,111,111,108,3,Shaedon Sharpe makes 25-foot three point jumper (Malcolm Brogdon assists),FALSE,0,0,FALSE,0,0,FALSE
nba,2024,401584915,2023-12-02,Dallas Mavericks,Oklahoma City Thunder,DAL,OKC,11-8,13-6,120,126,FALSE,Oklahoma City Thunder,13-6,NA,NA,NA,NA,NA,NA,NA,NA,NA,NA,Oklahoma City Thunder,13-6,Dallas Mavericks,11-8,0.349,0.651,0.863,0.8412514484356894,0.15874855156431056,516,0,0,1,487,401584915690,690,4,2:02,122,2.033333333333333,120,116,120,116,4,Seth Curry defensive rebound,FALSE,0,0,FALSE,0,0,FALSE
nba,2024,401584916,2023-12-02,Phoenix Suns,Memphis Grizzlies,PHX,MEM,12-8,5-14,116,109,TRUE,Phoenix Suns,12-8,NA,NA,NA,NA,NA,NA,NA,NA,NA,NA,Phoenix Suns,12-8,Memphis Grizzlies,5-14,0.765,0.765,0.521,0.5489443378119002,0.4510556621880998,520,0,0,1,221,401584916340,340,2,1:43,1543,25.716666666666665,48,51,51,48,3,Yuta Watanabe loose ball foul,FALSE,0,0,FALSE,0,0,FALSE
nba,2024,401584912,2023-12-02,Miami Heat,Indiana Pacers,MIA,IND,11-9,10-8,129,144,FALSE,Miami Heat,11-9,NA,NA,NA,NA,NA,NA,NA,NA,NA,NA,Indiana Pacers,10-8,Miami Heat,11-9,0.561,0.561,0.799,0.7484355444305382,0.25156445556946183,437,0,0,1,170,401584912246,246,2,7:41,1901,31.683333333333337,45,35,45,35,10,Josh Richardson makes 12-foot two point shot,FALSE,0,0,FALSE,0,0,FALSE
nba,2024,401584913,2023-12-02,Chicago Bulls,New Orleans Pelicans,CHI,NO,7-14,11-10,124,118,TRUE,New Orleans Pelicans,11-10,NA,NA,NA,NA,NA,NA,NA,NA,NA,NA,Chicago Bulls,7-14,New Orleans Pelicans,11-10,0.447,0.5529999999999999,0.8140000000000001,0.7714987714987716,0.22850122850122845,467,0,0,1,218,401584913320,320,3,11:35,1415,23.583333333333332,53,63,63,53,10,Herbert Jones makes 4-foot two point shot,FALSE,0,0,FALSE,0,0,FALSE
nba,2024,401584914,2023-12-02,Milwaukee Bucks,Atlanta Hawks,MIL,ATL,14-6,9-10,132,121,TRUE,Milwaukee Bucks,14-6,NA,NA,NA,NA,NA,NA,NA,NA,NA,NA,Milwaukee Bucks,14-6,Atlanta Hawks,9-10,0.626,0.626,0.7070000000000001,0.5855728429985858,0.4144271570014142,455,0,0,1,344,401584914495,495,4,10:10,610,10.166666666666666,101,103,103,101,2,Cameron Payne shooting foul,FALSE,0,0,FALSE,0,0,FALSE
nba,2024,401584910,2023-12-02,Brooklyn Nets,Orlando Magic,BKN,ORL,10-9,14-6,129,101,TRUE,Brooklyn Nets,10-9,NA,NA,NA,NA,NA,NA,NA,NA,NA,NA,Brooklyn Nets,10-9,Orlando Magic,14-6,0.727,0.727,0.30900000000000005,0.1165048543689321,0.8834951456310679,498,0,0,1,32,40158491048,48,1,7:57,2637,43.95,8,9,9,8,1,Franz Wagner makes 22-foot three point jumper (Paolo Banchero assists),FALSE,0,0,FALSE,0,0,FALSE
nba,2024,401584911,2023-12-02,Detroit Pistons,Cleveland Cavaliers,DET,CLE,2-18,11-9,101,110,FALSE,Cleveland Cavaliers,11-9,NA,NA,NA,NA,NA,NA,NA,NA,NA,NA,Cleveland Cavaliers,11-9,Detroit Pistons,2-18,0.306,0.694,0.801,0.7515605493133584,0.24843945068664164,460,0,0,2,304,401584911438,438,3,4:08,968,16.133333333333333,73,65,73,65,8,Bojan Bogdanovic makes free throw 1 of 2,FALSE,0,0,FALSE,0,0,FALSE
nba,2024,401584909,2023-12-02,Charlotte Hornets,Minnesota Timberwolves,CHA,MIN,6-12,15-4,117,123,FALSE,Minnesota Timberwolves,15-4,NA,NA,NA,NA,NA,NA,NA,NA,NA,NA,Minnesota Timberwolves,15-4,Charlotte Hornets,6-12,0.374,0.626,0.713,0.5974754558204769,0.4025245441795231,456,0,0,1,381,401584909554,554,4,4:53,293,4.883333333333334,106,102,106,102,4,Ish Smith makes driving layup,FALSE,0,0,FALSE,0,0,FALSE
nba,2024,401584908,2023-12-02,LA Clippers,Golden State Warriors,LAC,GS,9-10,9-11,113,112,TRUE,LA Clippers,9-10,NA,NA,NA,NA,NA,NA,NA,NA,NA,NA,LA Clippers,9-10,Golden State Warriors,9-11,0.634,0.634,0.968,0.9669421487603304,0.03305785123966953,459,0,0,1,242,401584908355,355,3,8:38,1238,20.633333333333333,58,77,77,58,19,Klay Thompson makes free throw 1 of 2,FALSE,0,0,FALSE,0,0,FALSE
nba,2024,401584907,2023-12-01,Phoenix Suns,Denver Nuggets,PHX,DEN,11-8,14-6,111,119,FALSE,Phoenix Suns,11-8,NA,NA,NA,NA,NA,NA,NA,NA,NA,NA,Denver Nuggets,14-6,Phoenix Suns,11-8,0.519,0.519,0.592,0.31081081081081074,0.6891891891891893,445,0,0,2,23,40158490738,38,1,7:59,2639,43.983333333333334,17,14,17,14,3,Kevin Durant makes 15-foot jumper (Jusuf Nurkic assists),FALSE,0,0,FALSE,0,0,FALSE
nba,2024,401584906,2023-12-01,New Orleans Pelicans,San Antonio Spurs,NO,SA,11-9,3-16,121,106,TRUE,New Orleans Pelicans,11-9,NA,NA,NA,NA,NA,NA,NA,NA,NA,NA,New Orleans Pelicans,11-9,San Antonio Spurs,3-16,0.911,0.911,0.38,0.7657894736842106,0.23421052631578945,458,0,0,1,205,401584906304,304,2,3:34,1654,27.566666666666663,48,54,54,48,6,CJ McCollum misses 28-foot three point jumper,FALSE,0,0,FALSE,0,0,FALSE
nba,2024,401584903,2023-12-01,Boston Celtics,Philadelphia 76ers,BOS,PHI,15-4,12-7,125,119,TRUE,Boston Celtics,15-4,NA,NA,NA,NA,NA,NA,NA,NA,NA,NA,Boston Celtics,15-4,Philadelphia 76ers,12-7,0.686,0.686,0.687,0.5443959243085881,0.4556040756914119,489,0,0,1,378,401584903531,531,4,11:00,660,11,95,99,99,95,4,De'Anthony Melton defensive rebound,FALSE,0,0,FALSE,0,0,FALSE
nba,2024,401584904,2023-12-01,Toronto Raptors,New York Knicks,TOR,NY,9-11,12-7,106,119,FALSE,Toronto Raptors,9-11,NA,NA,NA,NA,NA,NA,NA,NA,NA,NA,New York Knicks,12-7,Toronto Raptors,9-11,0.58,0.58,0.737,0.6431478968792401,0.3568521031207599,461,0,0,2,41,40158490460,60,1,7:10,2590,43.166666666666664,13,7,13,7,6,Pascal Siakam defensive rebound,FALSE,0,0,FALSE,0,0,FALSE
nba,2024,401584905,2023-12-01,Dallas Mavericks,Memphis Grizzlies,DAL,MEM,11-7,5-13,94,108,FALSE,Dallas Mavericks,11-7,NA,NA,NA,NA,NA,NA,NA,NA,NA,NA,Memphis Grizzlies,5-13,Dallas Mavericks,11-7,0.611,0.611,0.675,0.5185185185185186,0.4814814814814814,472,0,0,1,11,40158490517,17,1,10:47,2807,46.78333333333333,3,0,3,0,3,Derrick Jones Jr. makes 23-foot three point jumper (Josh Green assists),FALSE,0,0,FALSE,0,0,FALSE
nba,2024,401584902,2023-12-01,Orlando Magic,Washington Wizards,ORL,WSH,14-5,3-16,130,125,TRUE,Orlando Magic,14-5,NA,NA,NA,NA,NA,NA,NA,NA,NA,NA,Orlando Magic,14-5,Washington Wizards,3-16,0.727,0.727,0.628,0.5652866242038217,0.4347133757961783,503,0,0,2,400,401584902588,588,4,7:22,442,7.366666666666666,106,107,107,106,1,Joe Ingles shooting foul,FALSE,0,0,FALSE,0,0,FALSE
nba,2024,401584901,2023-11-30,Golden State Warriors,LA Clippers,GS,LAC,9-10,8-10,120,114,TRUE,Golden State Warriors,9-10,NA,NA,NA,NA,NA,NA,NA,NA,NA,NA,Golden State Warriors,9-10,LA Clippers,8-10,0.569,0.569,0.5449999999999999,0.2091743119266053,0.7908256880733947,473,0,0,1,57,40158490181,81,1,4:33,2433,40.55,14,18,18,14,4,Kawhi Leonard makes 11-foot driving floating jump shot (Terance Mann assists),FALSE,0,0,FALSE,0,0,FALSE
nba,2024,401584897,2023-11-30,Chicago Bulls,Milwaukee Bucks,CHI,MIL,6-14,13-6,120,113,TRUE,Milwaukee Bucks,13-6,NA,NA,NA,NA,NA,NA,NA,NA,NA,NA,Chicago Bulls,6-14,Milwaukee Bucks,13-6,0.266,0.734,0.95,0.9473684210526316,0.05263157894736836,521,0,0,2,462,401584897674,674,4,5.0,305,5.083333333333333,103,105,105,103,2,Giannis Antetokounmpo makes free throw 1 of 2,FALSE,0,0,FALSE,0,0,FALSE
nba,2024,401584898,2023-11-30,Minnesota Timberwolves,Utah Jazz,MIN,UTAH,14-4,6-13,101,90,TRUE,Minnesota Timberwolves,14-4,NA,NA,NA,NA,NA,NA,NA,NA,NA,NA,Minnesota Timberwolves,14-4,Utah Jazz,6-13,0.839,0.839,0.624,0.7419871794871795,0.2580128205128205,449,0,0,1,136,401584898197,197,2,8:19,1939,32.31666666666667,23,35,35,23,12,Talen Horton-Tucker defensive rebound,FALSE,0,0,FALSE,0,0,FALSE
nba,2024,401584899,2023-11-30,Oklahoma City Thunder,Los Angeles Lakers,OKC,LAL,12-6,11-9,133,110,TRUE,Oklahoma City Thunder,12-6,NA,NA,NA,NA,NA,NA,NA,NA,NA,NA,Oklahoma City Thunder,12-6,Los Angeles Lakers,11-9,0.784,0.784,0.659,0.6722306525037938,0.32776934749620623,483,0,0,1,98,401584899145,145,1,1:58,2278,37.96666666666667,21,35,35,21,14,Anthony Davis defensive rebound,FALSE,0,0,FALSE,0,0,FALSE
nba,2024,401584900,2023-11-30,San Antonio Spurs,Atlanta Hawks,SA,ATL,3-15,9-9,135,137,FALSE,Atlanta Hawks,9-9,NA,NA,NA,NA,NA,NA,NA,NA,NA,NA,Atlanta Hawks,9-9,San Antonio Spurs,3-15,0.221,0.779,0.885,0.8700564971751412,0.12994350282485878,491,0,0,3,327,401584900471,471,3,2:38,878,14.633333333333333,97,86,97,86,11,De'Andre Hunter shooting foul,FALSE,0,0,FALSE,0,0,FALSE
nba,2024,401584894,2023-11-30,Brooklyn Nets,Charlotte Hornets,BKN,CHA,9-9,6-11,128,129,FALSE,Brooklyn Nets,9-9,NA,NA,NA,NA,NA,NA,NA,NA,NA,NA,Charlotte Hornets,6-11,Brooklyn Nets,9-9,0.865,0.865,0.927,0.9212513484358144,0.07874865156418553,447,0,0,1,114,401584894161,161,2,11:26,2126,35.43333333333333,41,31,41,31,10,Trendon Watford makes two point shot,FALSE,0,0,FALSE,0,0,FALSE
nba,2024,401584895,2023-11-30,Miami Heat,Indiana Pacers,MIA,IND,11-8,9-8,142,132,TRUE,Miami Heat,11-8,NA,NA,NA,NA,NA,NA,NA,NA,NA,NA,Miami Heat,11-8,Indiana Pacers,9-8,0.616,0.616,0.8280000000000001,0.7922705314009664,0.20772946859903363,532,0,0,1,335,401584895483,483,3,2:54,894,14.9,90,97,97,90,7,Kevin Love shooting foul,FALSE,0,0,FALSE,0,0,FALSE
nba,2024,401584896,2023-11-30,New York Knicks,Detroit Pistons,NY,DET,11-7,2-17,118,112,TRUE,New York Knicks,11-7,NA,NA,NA,NA,NA,NA,NA,NA,NA,NA,New York Knicks,11-7,Detroit Pistons,2-17,0.888,0.888,0.506,0.7786561264822135,0.2213438735177865,460,0,0,1,344,401584896494,494,3,0.0,720,12,85,87,87,85,2,Jalen Brunson misses 28-foot three point jumper,FALSE,0,0,FALSE,0,0,FALSE
nba,2024,401584893,2023-11-30,Cleveland Cavaliers,Portland Trail Blazers,CLE,POR,10-9,6-12,95,103,FALSE,Cleveland Cavaliers,10-9,NA,NA,NA,NA,NA,NA,NA,NA,NA,NA,Portland Trail Blazers,6-12,Cleveland Cavaliers,10-9,0.852,0.852,0.961,0.9594172736732568,0.04058272632674309,412,0,0,4,144,401584893209,209,2,6:22,1822,30.366666666666667,40,24,40,24,16,Donovan Mitchell makes tip shot,FALSE,0,0,FALSE,0,0,FALSE
nba,2024,401584892,2023-11-29,Sacramento Kings,LA Clippers,SAC,LAC,10-7,8-9,117,131,FALSE,LA Clippers,8-9,NA,NA,NA,NA,NA,NA,NA,NA,NA,NA,LA Clippers,8-9,Sacramento Kings,10-7,0.483,0.517,0.578,0.2698961937716262,0.7301038062283738,471,0,0,1,20,40158489232,32,1,9:14,2714,45.233333333333334,5,3,5,3,2,Ivica Zubac shooting foul,FALSE,0,0,FALSE,0,0,FALSE
nba,2024,401584891,2023-11-29,Denver Nuggets,Houston Rockets,DEN,HOU,13-6,8-8,134,124,TRUE,Denver Nuggets,13-6,NA,NA,NA,NA,NA,NA,NA,NA,NA,NA,Denver Nuggets,13-6,Houston Rockets,8-8,0.781,0.781,0.21899999999999997,0,1,457,0,0,1,1,4015848914,4,1,12:00,2880,48,0,0,0,0,0,Alperen Sengun vs. Nikola Jokic (Aaron Holiday gains possession),FALSE,0,0,FALSE,0,0,FALSE
nba,2024,401584889,2023-11-29,Memphis Grizzlies,Utah Jazz,MEM,UTAH,4-13,6-12,105,91,TRUE,Memphis Grizzlies,4-13,NA,NA,NA,NA,NA,NA,NA,NA,NA,NA,Memphis Grizzlies,4-13,Utah Jazz,6-12,0.619,0.619,0.595,0.35966386554621843,0.6403361344537816,437,0,0,2,32,40158488950,50,1,7:43,2623,43.71666666666667,7,15,15,7,8,John Collins makes 27-foot three point jumper (Jordan Clarkson assists),FALSE,0,0,FALSE,0,0,FALSE
nba,2024,401584890,2023-11-29,New Orleans Pelicans,Philadelphia 76ers,NO,PHI,10-9,12-6,124,114,TRUE,Philadelphia 76ers,12-6,NA,NA,NA,NA,NA,NA,NA,NA,NA,NA,New Orleans Pelicans,10-9,Philadelphia 76ers,12-6,0.376,0.624,0.624,0.39743589743589736,0.6025641025641026,483,0,0,1,1,4015848904,4,1,12:00,2880,48,0,0,0,0,0,Marcus Morris Sr. vs. Jonas Valanciunas (CJ McCollum gains possession),FALSE,0,0,FALSE,0,0,FALSE
nba,2024,401584888,2023-11-29,Toronto Raptors,Phoenix Suns,TOR,PHX,9-10,11-7,112,105,TRUE,Phoenix Suns,11-7,NA,NA,NA,NA,NA,NA,NA,NA,NA,NA,Toronto Raptors,9-10,Phoenix Suns,11-7,0.438,0.562,0.638,0.432601880877743,0.567398119122257,478,0,0,1,14,40158488821,21,1,10:20,2780,46.333333333333336,2,5,5,2,3,Devin Booker defensive rebound,FALSE,0,0,FALSE,0,0,FALSE
nba,2024,401584886,2023-11-29,Detroit Pistons,Los Angeles Lakers,DET,LAL,2-16,11-8,107,133,FALSE,Los Angeles Lakers,11-8,NA,NA,NA,NA,NA,NA,NA,NA,NA,NA,Los Angeles Lakers,11-8,Detroit Pistons,2-16,0.452,0.548,0.558,0.2078853046594984,0.7921146953405016,492,0,0,1,6,40158488614,14,1,11:01,2821,47.016666666666666,5,0,5,0,5,Ausar Thompson makes 2-foot dunk (Cade Cunningham assists),FALSE,0,0,FALSE,0,0,FALSE
nba,2024,401584887,2023-11-29,Orlando Magic,Washington Wizards,ORL,WSH,13-5,3-15,139,120,TRUE,Orlando Magic,13-5,NA,NA,NA,NA,NA,NA,NA,NA,NA,NA,Orlando Magic,13-5,Washington Wizards,3-15,0.727,0.727,0.491,0.44399185336048874,0.5560081466395113,450,0,0,1,21,40158488737,37,1,8:45,2685,44.75,3,9,9,3,6,Jalen Suggs shooting foul,FALSE,0,0,FALSE,0,0,FALSE
nba,2024,401584148,2023-11-28,Sacramento Kings,Golden State Warriors,SAC,GS,10-6,8-10,124,123,TRUE,Sacramento Kings,10-6,NA,NA,NA,NA,NA,NA,NA,NA,NA,NA,Sacramento Kings,10-6,Golden State Warriors,8-10,0.519,0.519,0.983,0.982706002034588,0.01729399796541209,535,0,0,1,234,401584148354,354,2,1:15,1515,25.25,48,72,72,48,24,Warriors delay of game violation,FALSE,0,0,FALSE,0,0,FALSE
nba,2024,401584147,2023-11-28,Dallas Mavericks,Houston Rockets,DAL,HOU,11-6,8-7,121,115,TRUE,Dallas Mavericks,11-6,NA,NA,NA,NA,NA,NA,NA,NA,NA,NA,Dallas Mavericks,11-6,Houston Rockets,8-7,0.642,0.642,0.8220000000000001,0.78345498783455,0.21654501216544997,495,0,0,1,345,401584147509,509,3,1:25,805,13.416666666666666,75,84,84,75,9,Tari Eason makes two point shot (Aaron Holiday assists),FALSE,0,0,FALSE,0,0,FALSE
nba,2024,401584146,2023-11-28,Minnesota Timberwolves,Oklahoma City Thunder,MIN,OKC,13-4,11-6,106,103,TRUE,Minnesota Timberwolves,13-4,NA,NA,NA,NA,NA,NA,NA,NA,NA,NA,Minnesota Timberwolves,13-4,Oklahoma City Thunder,11-6,0.52,0.52,0.8240000000000001,0.7864077669902914,0.21359223300970864,494,0,0,2,200,401584146292,292,2,2:01,1561,26.016666666666666,47,57,57,47,10,Chet Holmgren makes free throw 1 of 2,FALSE,0,0,FALSE,0,0,FALSE
nba,2024,401584141,2023-11-28,Boston Celtics,Chicago Bulls,BOS,CHI,14-4,5-14,124,97,TRUE,Boston Celtics,14-4,NA,NA,NA,NA,NA,NA,NA,NA,NA,NA,Boston Celtics,14-4,Chicago Bulls,5-14,0.789,0.789,0.276,0.23550724637681175,0.7644927536231882,448,0,0,1,30,40158414147,47,1,7:29,2609,43.483333333333334,8,10,10,8,2,DeMar DeRozan defensive rebound,FALSE,0,0,FALSE,0,0,FALSE
nba,2024,401584142,2023-11-28,Brooklyn Nets,Toronto Raptors,BKN,TOR,9-8,8-10,115,103,TRUE,Brooklyn Nets,9-8,NA,NA,NA,NA,NA,NA,NA,NA,NA,NA,Brooklyn Nets,9-8,Toronto Raptors,8-10,0.643,0.643,0.656,0.47560975609756095,0.524390243902439,493,0,0,1,193,401584142277,277,2,3:54,1674,27.9,35,42,42,35,7,Royce O'Neale out of bounds lost ball turnover,FALSE,0,0,FALSE,0,0,FALSE
nba,2024,401584143,2023-11-28,Cleveland Cavaliers,Atlanta Hawks,CLE,ATL,10-8,8-9,128,105,TRUE,Cleveland Cavaliers,10-8,NA,NA,NA,NA,NA,NA,NA,NA,NA,NA,Cleveland Cavaliers,10-8,Atlanta Hawks,8-9,0.565,0.565,0.775,0.7096774193548387,0.29032258064516125,496,0,0,7,147,401584143213,213,2,8:50,1970,32.833333333333336,33,45,45,33,12,Saddiq Bey makes two point shot,FALSE,0,0,FALSE,0,0,FALSE
nba,2024,401584144,2023-11-28,Miami Heat,Milwaukee Bucks,MIA,MIL,10-8,13-5,124,131,FALSE,Milwaukee Bucks,13-5,NA,NA,NA,NA,NA,NA,NA,NA,NA,NA,Milwaukee Bucks,13-5,Miami Heat,10-8,0.434,0.5660000000000001,0.731,0.6320109439124486,0.3679890560875514,461,0,0,1,427,401584144621,621,4,3:11,191,3.183333333333333,118,115,118,115,3,Giannis Antetokounmpo misses 27-foot three point jumper,FALSE,0,0,FALSE,0,0,FALSE
nba,2024,401584145,2023-11-28,New York Knicks,Charlotte Hornets,NY,CHA,10-7,5-11,115,91,TRUE,New York Knicks,10-7,NA,NA,NA,NA,NA,NA,NA,NA,NA,NA,New York Knicks,10-7,Charlotte Hornets,5-11,0.83,0.83,0.32999999999999996,0.48484848484848464,0.5151515151515154,444,0,0,1,253,401584145356,356,3,7:40,1180,19.666666666666668,56,55,55,56,-1,Jalen Brunson personal foul,FALSE,0,0,FALSE,0,0,FALSE
nba,2024,401584885,2023-11-27,LA Clippers,Denver Nuggets,LAC,DEN,7-9,12-6,104,113,FALSE,LA Clippers,7-9,NA,NA,NA,NA,NA,NA,NA,NA,NA,NA,Denver Nuggets,12-6,LA Clippers,7-9,0.827,0.827,0.944,0.9406779661016949,0.05932203389830515,505,0,0,6,352,401584885500,500,3,1:00,780,13,86,75,86,75,11,Kawhi Leonard defensive rebound,FALSE,0,0,FALSE,0,0,FALSE
nba,2024,401584884,2023-11-27,Utah Jazz,New Orleans Pelicans,UTAH,NO,6-11,9-9,114,112,TRUE,New Orleans Pelicans,9-9,NA,NA,NA,NA,NA,NA,NA,NA,NA,NA,Utah Jazz,6-11,New Orleans Pelicans,9-9,0.441,0.5589999999999999,0.628,0.40764331210191074,0.5923566878980893,480,0,0,1,291,401584884417,417,3,5:30,1050,17.5,74,76,76,74,2,Keyonte George misses free throw 2 of 2,FALSE,0,0,FALSE,0,0,FALSE
nba,2024,401584881,2023-11-27,Detroit Pistons,Washington Wizards,DET,WSH,2-15,3-14,107,126,FALSE,Detroit Pistons,2-15,NA,NA,NA,NA,NA,NA,NA,NA,NA,NA,Washington Wizards,3-14,Detroit Pistons,2-15,0.548,0.548,0.719,0.6091794158553545,0.3908205841446455,506,0,0,2,22,40158488135,35,1,9:04,2704,45.06666666666667,10,2,10,2,8,Isaiah Stewart makes 9-foot two point shot (Jalen Duren assists),FALSE,0,0,FALSE,0,0,FALSE
nba,2024,401584882,2023-11-27,Indiana Pacers,Portland Trail Blazers,IND,POR,9-7,5-12,110,114,FALSE,Indiana Pacers,9-7,NA,NA,NA,NA,NA,NA,NA,NA,NA,NA,Portland Trail Blazers,5-12,Indiana Pacers,9-7,0.87,0.87,0.895,0.8826815642458101,0.11731843575418988,490,0,0,1,10,40158488218,18,1,10:10,2770,46.166666666666664,8,4,8,4,4,Tyrese Haliburton makes 26-foot three pointer,FALSE,0,0,FALSE,0,0,FALSE
nba,2024,401584883,2023-11-27,Philadelphia 76ers,Los Angeles Lakers,PHI,LAL,12-5,10-8,138,94,TRUE,Philadelphia 76ers,12-5,NA,NA,NA,NA,NA,NA,NA,NA,NA,NA,Philadelphia 76ers,12-5,Los Angeles Lakers,10-8,0.803,0.803,0.31100000000000005,0.3665594855305469,0.6334405144694532,435,0,0,1,23,40158488338,38,1,8:29,2669,44.483333333333334,8,13,13,8,5,Anthony Davis makes 6-foot two point shot (LeBron James assists),FALSE,0,0,FALSE,0,0,FALSE
nba,2024,401584880,2023-11-26,Denver Nuggets,San Antonio Spurs,DEN,SA,11-6,3-14,132,120,TRUE,Denver Nuggets,11-6,NA,NA,NA,NA,NA,NA,NA,NA,NA,NA,Denver Nuggets,11-6,San Antonio Spurs,3-14,0.807,0.807,0.255,0.24313725490196103,0.756862745098039,496,0,0,2,146,401584880224,224,2,9:40,2020,33.666666666666664,42,40,40,42,-2,DeAndre Jordan shooting foul,FALSE,0,0,FALSE,0,0,FALSE
nba,2024,401584878,2023-11-26,Brooklyn Nets,Chicago Bulls,BKN,CHI,8-8,5-13,118,109,TRUE,Brooklyn Nets,8-8,NA,NA,NA,NA,NA,NA,NA,NA,NA,NA,Brooklyn Nets,8-8,Chicago Bulls,5-13,0.644,0.644,0.905,0.8950276243093922,0.1049723756906078,415,0,0,1,81,401584878117,117,1,1:51,2271,37.85,13,33,33,13,20,Trendon Watford shooting foul,FALSE,0,0,FALSE,0,0,FALSE
nba,2024,401584879,2023-11-26,Cleveland Cavaliers,Toronto Raptors,CLE,TOR,9-8,8-9,105,102,TRUE,Cleveland Cavaliers,9-8,NA,NA,NA,NA,NA,NA,NA,NA,NA,NA,Cleveland Cavaliers,9-8,Toronto Raptors,8-9,0.584,0.584,0.8240000000000001,0.7864077669902914,0.21359223300970864,486,0,0,1,267,401584879376,376,3,7:02,1142,19.033333333333335,54,62,62,54,8,Georges Niang shooting foul,FALSE,0,0,FALSE,0,0,FALSE
nba,2024,401584874,2023-11-26,Boston Celtics,Atlanta Hawks,BOS,ATL,13-4,8-8,113,103,TRUE,Boston Celtics,13-4,NA,NA,NA,NA,NA,NA,NA,NA,NA,NA,Boston Celtics,13-4,Atlanta Hawks,8-8,0.658,0.658,0.346,0.01156069364161849,0.9884393063583816,477,0,0,1,59,40158487486,86,1,5:27,2487,41.45,16,13,13,16,-3,Dalano Banton shooting foul,FALSE,0,0,FALSE,0,0,FALSE
nba,2024,401584875,2023-11-26,New York Knicks,Phoenix Suns,NY,PHX,9-7,11-6,113,116,FALSE,New York Knicks,9-7,NA,NA,NA,NA,NA,NA,NA,NA,NA,NA,Phoenix Suns,11-6,New York Knicks,9-7,0.572,0.572,0.628,0.40764331210191074,0.5923566878980893,486,0,0,1,343,401584875491,491,3,42.1,762.1,12.701666666666666,91,90,91,90,1,Jordan Goodwin shooting foul,FALSE,0,0,FALSE,0,0,FALSE
nba,2024,401584876,2023-11-26,Orlando Magic,Charlotte Hornets,ORL,CHA,12-5,5-10,130,117,TRUE,Orlando Magic,12-5,NA,NA,NA,NA,NA,NA,NA,NA,NA,NA,Orlando Magic,12-5,Charlotte Hornets,5-10,0.72,0.72,0.562,0.501779359430605,0.49822064056939497,480,0,0,1,97,401584876146,146,2,11:42,2142,35.7,25,33,33,25,8,Moritz Wagner misses two point shot,FALSE,0,0,FALSE,0,0,FALSE
nba,2024,401584877,2023-11-26,Memphis Grizzlies,Minnesota Timberwolves,MEM,MIN,3-13,12-4,97,119,FALSE,Minnesota Timberwolves,12-4,NA,NA,NA,NA,NA,NA,NA,NA,NA,NA,Minnesota Timberwolves,12-4,Memphis Grizzlies,3-13,0.333,0.667,0.351,0.05128205128205132,0.9487179487179488,476,0,0,4,65,40158487793,93,1,2:49,2329,38.81666666666667,20,22,20,22,-2,Santi Aldama makes free throw 1 of 2,FALSE,0,0,FALSE,0,0,FALSE
nba,2024,401584873,2023-11-26,Milwaukee Bucks,Portland Trail Blazers,MIL,POR,12-5,4-12,108,102,TRUE,Milwaukee Bucks,12-5,NA,NA,NA,NA,NA,NA,NA,NA,NA,NA,Milwaukee Bucks,12-5,Portland Trail Blazers,4-12,0.882,0.882,0.983,0.982706002034588,0.01729399796541209,517,0,0,1,285,401584873419,419,3,8:26,1226,20.433333333333337,58,82,82,58,24,Deandre Ayton makes free throw 1 of 2,FALSE,0,0,FALSE,0,0,FALSE
nba,2024,401584872,2023-11-25,LA Clippers,Dallas Mavericks,LAC,DAL,7-8,10-6,107,88,TRUE,LA Clippers,7-8,NA,NA,NA,NA,NA,NA,NA,NA,NA,NA,LA Clippers,7-8,Dallas Mavericks,10-6,0.52,0.52,0.5329999999999999,0.12382739212007476,0.8761726078799252,479,0,0,2,4,40158487210,10,1,11:21,2841,47.35,0,2,2,0,2,Luka Doncic defensive rebound,FALSE,0,0,FALSE,0,0,FALSE
nba,2024,401584871,2023-11-25,Utah Jazz,New Orleans Pelicans,UTAH,NO,5-11,9-8,105,100,TRUE,Utah Jazz,5-11,NA,NA,NA,NA,NA,NA,NA,NA,NA,NA,Utah Jazz,5-11,New Orleans Pelicans,9-8,0.511,0.511,0.944,0.9406779661016949,0.05932203389830515,478,0,0,4,332,401584871468,468,3,3:22,922,15.366666666666667,57,71,71,57,14,Keyonte George misses driving layup,FALSE,0,0,FALSE,0,0,FALSE
nba,2024,401584870,2023-11-25,Cleveland Cavaliers,Los Angeles Lakers,CLE,LAL,8-8,10-7,115,121,FALSE,Cleveland Cavaliers,8-8,NA,NA,NA,NA,NA,NA,NA,NA,NA,NA,Los Angeles Lakers,10-7,Cleveland Cavaliers,8-8,0.698,0.698,0.829,0.7937273823884197,0.20627261761158033,456,0,0,1,113,401584870167,167,1,31.1,2191.1,36.51833333333333,39,32,39,32,7,Austin Reaves shooting foul,FALSE,0,0,FALSE,0,0,FALSE
nba,2024,401584869,2023-11-25,Washington Wizards,Atlanta Hawks,WSH,ATL,2-14,8-7,108,136,FALSE,Atlanta Hawks,8-7,NA,NA,NA,NA,NA,NA,NA,NA,NA,NA,Atlanta Hawks,8-7,Washington Wizards,2-14,0.265,0.735,0.309,0.1423948220064725,0.8576051779935275,450,0,0,1,108,401584869168,168,2,11:18,2118,35.3,33,34,33,34,-1,Jalen Johnson misses 27-foot three point jumper,FALSE,0,0,FALSE,0,0,FALSE
nba,2024,401584868,2023-11-25,Brooklyn Nets,Miami Heat,BKN,MIA,7-8,10-7,112,97,TRUE,Brooklyn Nets,7-8,NA,NA,NA,NA,NA,NA,NA,NA,NA,NA,Brooklyn Nets,7-8,Miami Heat,10-7,0.746,0.746,0.281,0.09608540925266906,0.9039145907473308,436,0,0,1,119,401584868176,176,2,10:53,2093,34.88333333333333,28,27,27,28,-1,Jamal Cain makes 22-foot three point jumper (Kevin Love assists),FALSE,0,0,FALSE,0,0,FALSE
nba,2024,401584867,2023-11-25,Oklahoma City Thunder,Philadelphia 76ers,OKC,PHI,11-5,11-5,123,127,FALSE,Oklahoma City Thunder,11-5,NA,NA,NA,NA,NA,NA,NA,NA,NA,NA,Philadelphia 76ers,11-5,Oklahoma City Thunder,11-5,0.537,0.537,0.731,0.6320109439124486,0.3679890560875514,538,0,0,1,162,401584867245,245,2,7:11,1871,31.183333333333337,43,38,43,38,5,Tobias Harris shooting foul,FALSE,0,0,FALSE,0,0,FALSE
nba,2024,401584140,2023-11-24,LA Clippers,New Orleans Pelicans,LAC,NO,6-8,9-7,106,116,FALSE,LA Clippers,6-8,NA,NA,NA,NA,NA,NA,NA,NA,NA,NA,New Orleans Pelicans,9-7,LA Clippers,6-8,0.65,0.65,0.778,0.7146529562982005,0.28534704370179953,483,0,0,1,238,401584140359,359,3,9:57,1317,21.95,65,59,65,59,6,Ivica Zubac defensive rebound,FALSE,0,0,FALSE,0,0,FALSE
nba,2024,401584139,2023-11-24,Golden State Warriors,San Antonio Spurs,GS,SA,8-9,3-13,118,112,TRUE,Golden State Warriors,8-9,NA,NA,NA,NA,NA,NA,NA,NA,NA,NA,Golden State Warriors,8-9,San Antonio Spurs,3-13,0.86,0.86,0.481,0.7089397089397089,0.2910602910602911,486,0,0,1,124,401584139188,188,2,9:38,2018,33.63333333333333,37,46,46,37,9,Tre Jones defensive rebound,FALSE,0,0,FALSE,0,0,FALSE
nba,2024,401584135,2023-11-24,Indiana Pacers,Detroit Pistons,IND,DET,9-6,2-14,136,113,TRUE,Indiana Pacers,9-6,NA,NA,NA,NA,NA,NA,NA,NA,NA,NA,Indiana Pacers,9-6,Detroit Pistons,2-14,0.772,0.772,0.615,0.6292682926829268,0.3707317073170732,484,0,0,3,381,401584135553,553,4,10:14,614,10.233333333333333,99,101,101,99,2,Cade Cunningham makes free throw 1 of 2,FALSE,0,0,FALSE,0,0,FALSE
nba,2024,401584136,2023-11-24,Houston Rockets,Denver Nuggets,HOU,DEN,8-6,10-6,105,86,TRUE,Denver Nuggets,10-6,NA,NA,NA,NA,NA,NA,NA,NA,NA,NA,Houston Rockets,8-6,Denver Nuggets,10-6,0.43,0.5700000000000001,0.6659999999999999,0.4984984984984984,0.5015015015015016,464,0,0,1,5,40158413610,10,1,11:05,2825,47.083333333333336,0,5,5,0,5,Nikola Jokic makes 24-foot three point jumper,FALSE,0,0,FALSE,0,0,FALSE
nba,2024,401584137,2023-11-24,Milwaukee Bucks,Washington Wizards,MIL,WSH,11-5,2-13,131,128,TRUE,Milwaukee Bucks,11-5,NA,NA,NA,NA,NA,NA,NA,NA,NA,NA,Milwaukee Bucks,11-5,Washington Wizards,2-13,0.842,0.842,0.593,0.7335581787521079,0.26644182124789206,499,0,0,1,369,401584137524,524,4,10:47,647,10.783333333333331,94,96,96,94,2,Cameron Payne shooting foul,FALSE,0,0,FALSE,0,0,FALSE
nba,2024,401584138,2023-11-24,Minnesota Timberwolves,Sacramento Kings,MIN,SAC,11-4,9-6,111,124,FALSE,Minnesota Timberwolves,11-4,NA,NA,NA,NA,NA,NA,NA,NA,NA,NA,Sacramento Kings,9-6,Minnesota Timberwolves,11-4,0.669,0.669,0.727,0.6244841815680879,0.37551581843191206,474,0,0,1,3,4015841389,9,1,11:45,2865,47.75,2,0,2,0,2,Domantas Sabonis shooting foul,FALSE,0,0,FALSE,0,0,FALSE
nba,2024,401584133,2023-11-24,New York Knicks,Miami Heat,NY,MIA,9-6,10-6,100,98,TRUE,New York Knicks,9-6,NA,NA,NA,NA,NA,NA,NA,NA,NA,NA,New York Knicks,9-6,Miami Heat,10-6,0.554,0.554,0.995,0.9949748743718594,0.00502512562814061,439,0,0,3,338,401584133468,468,4,10:41,641,10.683333333333334,71,90,90,71,19,Jaime Jaquez Jr. offensive rebound,FALSE,0,0,FALSE,0,0,FALSE
nba,2024,401584134,2023-11-24,Toronto Raptors,Chicago Bulls,TOR,CHI,8-8,5-12,121,108,TRUE,Toronto Raptors,8-8,NA,NA,NA,NA,NA,NA,NA,NA,NA,NA,Toronto Raptors,8-8,Chicago Bulls,5-12,0.696,0.696,0.358,0.15083798882681543,0.8491620111731846,443,0,0,1,14,40158413424,24,1,10:15,2775,46.25,2,5,5,2,3,Coby White makes 26-foot running pullup jump shot,FALSE,0,0,FALSE,0,0,FALSE
nba,2024,401584132,2023-11-24,Memphis Grizzlies,Phoenix Suns,MEM,PHX,3-12,10-6,89,110,FALSE,Phoenix Suns,10-6,NA,NA,NA,NA,NA,NA,NA,NA,NA,NA,Phoenix Suns,10-6,Memphis Grizzlies,3-12,0.318,0.6819999999999999,0.479,0.33611691022964496,0.663883089770355,424,0,0,1,31,40158413244,44,1,8:10,2650,44.166666666666664,11,6,11,6,5,Devin Booker bad pass,FALSE,0,0,FALSE,0,0,FALSE
nba,2024,401584131,2023-11-24,Orlando Magic,Boston Celtics,ORL,BOS,11-5,12-4,113,96,TRUE,Boston Celtics,12-4,NA,NA,NA,NA,NA,NA,NA,NA,NA,NA,Orlando Magic,11-5,Boston Celtics,12-4,0.334,0.6659999999999999,0.904,0.8938053097345133,0.10619469026548668,480,0,0,1,256,401584131365,365,3,9:41,1301,21.683333333333337,50,61,61,50,11,Jayson Tatum makes free throw 1 of 2,FALSE,0,0,FALSE,0,0,FALSE
nba,2024,401584866,2023-11-22,Los Angeles Lakers,Dallas Mavericks,LAL,DAL,9-7,10-5,101,104,FALSE,Dallas Mavericks,10-5,NA,NA,NA,NA,NA,NA,NA,NA,NA,NA,Dallas Mavericks,10-5,Los Angeles Lakers,9-7,0.398,0.602,0.753,0.6719787516600266,0.32802124833997337,464,0,0,1,443,401584866616,616,4,53.1,53.1,0.885,101,99,101,99,2,Taurean Prince defensive rebound,FALSE,0,0,FALSE,0,0,FALSE
nba,2024,401584864,2023-11-22,Phoenix Suns,Golden State Warriors,PHX,GS,9-6,7-9,123,115,TRUE,Phoenix Suns,9-6,NA,NA,NA,NA,NA,NA,NA,NA,NA,NA,Phoenix Suns,9-6,Golden State Warriors,7-9,0.538,0.538,0.653,0.46860643185298634,0.5313935681470137,549,0,0,1,93,401584864135,135,1,2:43,2323,38.71666666666667,20,27,27,20,7,Dario Saric makes 8-foot hook shot (Chris Paul assists),FALSE,0,0,FALSE,0,0,FALSE
nba,2024,401584865,2023-11-22,Portland Trail Blazers,Utah Jazz,POR,UTAH,4-11,4-11,121,105,TRUE,Utah Jazz,4-11,NA,NA,NA,NA,NA,NA,NA,NA,NA,NA,Portland Trail Blazers,4-11,Utah Jazz,4-11,0.443,0.5569999999999999,0.5569999999999999,0.2046678635547574,0.7953321364452426,447,0,0,1,1,4015848654,4,1,12:00,2880,48,0,0,0,0,0,Lauri Markkanen vs. Duop Reath (Jerami Grant gains possession),FALSE,0,0,FALSE,0,0,FALSE
nba,2024,401584859,2023-11-22,Houston Rockets,Memphis Grizzlies,HOU,MEM,7-6,3-11,111,91,TRUE,Houston Rockets,7-6,NA,NA,NA,NA,NA,NA,NA,NA,NA,NA,Houston Rockets,7-6,Memphis Grizzlies,3-11,0.647,0.647,0.6759999999999999,0.5207100591715974,0.4792899408284026,487,0,0,1,252,401584859365,365,3,8:57,1257,20.95,50,57,57,50,7,Desmond Bane makes 24-foot three point jumper (Jacob Gilyard assists),FALSE,0,0,FALSE,0,0,FALSE
nba,2024,401584860,2023-11-22,Minnesota Timberwolves,Philadelphia 76ers,MIN,PHI,11-3,10-5,112,99,TRUE,Minnesota Timberwolves,11-3,NA,NA,NA,NA,NA,NA,NA,NA,NA,NA,Minnesota Timberwolves,11-3,Philadelphia 76ers,10-5,0.663,0.663,0.34099999999999997,0.01173020527859236,0.9882697947214076,494,0,0,1,14,40158486023,23,1,10:23,2783,46.38333333333333,5,5,5,5,0,Marcus Morris Sr. makes tip shot,FALSE,0,0,FALSE,0,0,FALSE
nba,2024,401584861,2023-11-22,New Orleans Pelicans,Sacramento Kings,NO,SAC,8-7,8-6,117,112,TRUE,New Orleans Pelicans,8-7,NA,NA,NA,NA,NA,NA,NA,NA,NA,NA,New Orleans Pelicans,8-7,Sacramento Kings,8-6,0.609,0.609,0.645,0.4496124031007753,0.5503875968992247,509,0,0,1,82,401584861118,118,1,3:23,2363,39.38333333333333,19,26,26,19,7,Domantas Sabonis makes free throw 1 of 2,FALSE,0,0,FALSE,0,0,FALSE
nba,2024,401584862,2023-11-22,Oklahoma City Thunder,Chicago Bulls,OKC,CHI,11-4,5-11,116,102,TRUE,Oklahoma City Thunder,11-4,NA,NA,NA,NA,NA,NA,NA,NA,NA,NA,Oklahoma City Thunder,11-4,Chicago Bulls,5-11,0.781,0.781,0.404,0.457920792079208,0.542079207920792,469,0,0,3,278,401584862400,400,3,5:02,1022,17.033333333333335,67,66,66,67,-1,Jaylin Williams shooting foul,FALSE,0,0,FALSE,0,0,FALSE
nba,2024,401584863,2023-11-22,San Antonio Spurs,LA Clippers,SA,LAC,3-12,6-7,102,109,FALSE,LA Clippers,6-7,NA,NA,NA,NA,NA,NA,NA,NA,NA,NA,LA Clippers,6-7,San Antonio Spurs,3-12,0.211,0.789,0.287,0.264808362369338,0.735191637630662,492,0,0,1,295,401584863413,413,3,7:13,1153,19.216666666666665,62,64,62,64,-2,Keldon Johnson makes 26-foot three point jumper (Jeremy Sochan assists),FALSE,0,0,FALSE,0,0,FALSE
nba,2024,401584855,2023-11-22,Atlanta Hawks,Brooklyn Nets,ATL,BKN,7-7,6-8,147,145,TRUE,Atlanta Hawks,7-7,NA,NA,NA,NA,NA,NA,NA,NA,NA,NA,Atlanta Hawks,7-7,Brooklyn Nets,6-8,0.541,0.541,0.955,0.9528795811518324,0.047120418848167533,588,0,0,3,496,401584855689,689,4,1.0,301,5.016666666666667,130,131,131,130,1,Hawks offensive team rebound,FALSE,0,0,FALSE,0,0,FALSE
nba,2024,401584856,2023-11-22,Boston Celtics,Milwaukee Bucks,BOS,MIL,12-3,10-5,119,116,TRUE,Boston Celtics,12-3,NA,NA,NA,NA,NA,NA,NA,NA,NA,NA,Boston Celtics,12-3,Milwaukee Bucks,10-5,0.602,0.602,0.398,0,1,448,0,0,1,1,4015848564,4,1,12:00,2880,48,0,0,0,0,0,Brook Lopez vs. Kristaps Porzingis (Derrick White gains possession),FALSE,0,0,FALSE,0,0,FALSE
nba,2024,401584857,2023-11-22,Cleveland Cavaliers,Miami Heat,CLE,MIA,8-7,10-5,96,129,FALSE,Cleveland Cavaliers,8-7,NA,NA,NA,NA,NA,NA,NA,NA,NA,NA,Miami Heat,10-5,Cleveland Cavaliers,8-7,0.588,0.588,0.588,0.29931972789115635,0.7006802721088436,429,0,0,1,1,4015848574,4,1,12:00,2880,48,0,0,0,0,0,Thomas Bryant vs. Jarrett Allen (Darius Garland gains possession),FALSE,0,0,FALSE,0,0,FALSE
nba,2024,401584858,2023-11-22,Indiana Pacers,Toronto Raptors,IND,TOR,8-6,7-8,131,132,FALSE,Indiana Pacers,8-6,NA,NA,NA,NA,NA,NA,NA,NA,NA,NA,Toronto Raptors,7-8,Indiana Pacers,8-6,0.631,0.631,0.893,0.8801791713325868,0.11982082866741316,478,0,0,1,412,401584858598,598,4,4:00,240,4,123,116,123,116,7,Tyrese Haliburton makes 25-foot three point jumper (Buddy Hield assists),FALSE,0,0,FALSE,0,0,FALSE
nba,2024,401584853,2023-11-22,Charlotte Hornets,Washington Wizards,CHA,WSH,5-9,2-12,117,114,TRUE,Charlotte Hornets,5-9,NA,NA,NA,NA,NA,NA,NA,NA,NA,NA,Charlotte Hornets,5-9,Washington Wizards,2-12,0.541,0.541,0.976,0.975409836065574,0.02459016393442614,467,0,0,1,290,401584853407,407,3,4:17,977,16.283333333333335,62,81,81,62,19,Kyle Kuzma makes 7-foot driving floating jump shot,FALSE,0,0,FALSE,0,0,FALSE
nba,2024,401584854,2023-11-22,Orlando Magic,Denver Nuggets,ORL,DEN,10-5,10-5,124,119,TRUE,Denver Nuggets,10-5,NA,NA,NA,NA,NA,NA,NA,NA,NA,NA,Orlando Magic,10-5,Denver Nuggets,10-5,0.374,0.626,0.895,0.8826815642458101,0.11731843575418988,464,0,0,1,339,401584854495,495,4,11:36,696,11.6,82,91,91,82,9,Gary Harris misses 27-foot three point jumper,FALSE,0,0,FALSE,0,0,FALSE
nba,2024,401584130,2023-11-21,Los Angeles Lakers,Utah Jazz,LAL,UTAH,9-6,4-10,131,99,TRUE,Los Angeles Lakers,9-6,NA,NA,NA,NA,NA,NA,NA,NA,NA,NA,Los Angeles Lakers,9-6,Utah Jazz,4-10,0.579,0.579,0.4479999999999999,0.06026785714285687,0.9397321428571432,455,0,0,1,22,40158413031,31,1,9:11,2711,45.18333333333333,4,4,4,4,0,Lauri Markkanen defensive rebound,FALSE,0,0,FALSE,0,0,FALSE
nba,2024,401584129,2023-11-21,Phoenix Suns,Portland Trail Blazers,PHX,POR,8-6,3-11,120,107,TRUE,Phoenix Suns,8-6,NA,NA,NA,NA,NA,NA,NA,NA,NA,NA,Phoenix Suns,8-6,Portland Trail Blazers,3-11,0.854,0.854,0.26,0.43846153846153846,0.5615384615384615,442,0,0,1,163,401584129249,249,2,5:41,1781,29.683333333333337,42,42,42,42,0,Kevin Durant out of bounds bad pass turnover,FALSE,0,0,FALSE,0,0,FALSE
nba,2024,401584127,2023-11-21,Atlanta Hawks,Indiana Pacers,ATL,IND,6-7,8-5,152,157,FALSE,Atlanta Hawks,6-7,NA,NA,NA,NA,NA,NA,NA,NA,NA,NA,Indiana Pacers,8-5,Atlanta Hawks,6-7,0.639,0.639,0.968,0.9669421487603304,0.03305785123966953,475,0,0,1,211,401584127313,313,2,3:25,1645,27.416666666666668,78,58,78,58,20,Hawks delay of game violation,FALSE,0,0,FALSE,0,0,FALSE
nba,2024,401584128,2023-11-21,Philadelphia 76ers,Cleveland Cavaliers,PHI,CLE,10-4,8-6,119,122,FALSE,Philadelphia 76ers,10-4,NA,NA,NA,NA,NA,NA,NA,NA,NA,NA,Cleveland Cavaliers,8-6,Philadelphia 76ers,10-4,0.739,0.739,0.82,0.7804878048780488,0.2195121951219512,547,0,0,1,61,40158412884,84,1,5:25,2785,46.416666666666664,17,12,17,12,5,Robert Covington defensive rebound,FALSE,0,0,FALSE,0,0,FALSE
nba,2024,401584126,2023-11-21,Orlando Magic,Toronto Raptors,ORL,TOR,9-5,6-8,126,107,TRUE,Toronto Raptors,6-8,NA,NA,NA,NA,NA,NA,NA,NA,NA,NA,Orlando Magic,9-5,Toronto Raptors,6-8,0.479,0.521,0.573,0.25479930191972056,0.7452006980802794,458,0,0,1,7,40158412614,14,1,10:54,2814,46.9,2,4,4,2,2,Scottie Barnes defensive rebound,FALSE,0,0,FALSE,0,0,FALSE
nba,2024,401584852,2023-11-20,Golden State Warriors,Houston Rockets,GS,HOU,7-8,6-6,121,116,TRUE,Golden State Warriors,7-8,NA,NA,NA,NA,NA,NA,NA,NA,NA,NA,Golden State Warriors,7-8,Houston Rockets,6-6,0.779,0.779,0.398,0.4447236180904523,0.5552763819095476,455,0,0,4,69,40158485298,98,1,4:14,2414,40.233333333333334,17,22,22,17,5,Stephen Curry out of bounds lost ball turnover,FALSE,0,0,FALSE,0,0,FALSE
nba,2024,401584848,2023-11-20,Chicago Bulls,Miami Heat,CHI,MIA,5-10,9-5,100,118,FALSE,Miami Heat,9-5,NA,NA,NA,NA,NA,NA,NA,NA,NA,NA,Miami Heat,9-5,Chicago Bulls,5-10,0.454,0.546,0.46,0.01304347826086971,0.9869565217391304,417,0,0,2,118,401584848173,173,2,9:16,1996,33.266666666666666,37,38,37,38,-1,Patrick Williams defensive rebound,FALSE,0,0,FALSE,0,0,FALSE
nba,2024,401584849,2023-11-20,Minnesota Timberwolves,New York Knicks,MIN,NY,10-3,8-6,117,100,TRUE,Minnesota Timberwolves,10-3,NA,NA,NA,NA,NA,NA,NA,NA,NA,NA,Minnesota Timberwolves,10-3,New York Knicks,8-6,0.564,0.564,0.489,0.10838445807770948,0.8916155419222905,505,0,0,1,3,4015848498,8,1,11:23,2843,47.38333333333333,0,2,2,0,2,Karl-Anthony Towns bad pass (Mitchell Robinson steals),FALSE,0,0,FALSE,0,0,FALSE
nba,2024,401584850,2023-11-20,New Orleans Pelicans,Sacramento Kings,NO,SAC,7-7,8-5,129,93,TRUE,New Orleans Pelicans,7-7,NA,NA,NA,NA,NA,NA,NA,NA,NA,NA,New Orleans Pelicans,7-7,Sacramento Kings,8-5,0.616,0.616,0.577,0.33448873483535524,0.6655112651646448,478,0,0,1,103,401584850149,149,1,24.0,2184,36.4,25,31,31,25,6,Harrison Barnes makes 25-foot three point jumper (Malik Monk assists),FALSE,0,0,FALSE,0,0,FALSE
nba,2024,401584851,2023-11-20,San Antonio Spurs,LA Clippers,SA,LAC,3-11,5-7,99,124,FALSE,LA Clippers,5-7,NA,NA,NA,NA,NA,NA,NA,NA,NA,NA,LA Clippers,5-7,San Antonio Spurs,3-11,0.223,0.777,0.31,0.2806451612903227,0.7193548387096773,456,0,0,1,35,40158485149,49,1,7:40,2620,43.666666666666664,7,4,7,4,3,Keldon Johnson defensive rebound,FALSE,0,0,FALSE,0,0,FALSE
nba,2024,401584845,2023-11-20,Charlotte Hornets,Boston Celtics,CHA,BOS,4-9,11-3,121,118,TRUE,Boston Celtics,11-3,NA,NA,NA,NA,NA,NA,NA,NA,NA,NA,Charlotte Hornets,4-9,Boston Celtics,11-3,0.263,0.737,0.987,0.9868287740628164,0.01317122593718345,512,0,0,1,421,401584845586,586,4,2:03,423,7.05,99,108,108,99,9,Gordon Hayward misses layup,FALSE,0,0,FALSE,0,0,FALSE
nba,2024,401584846,2023-11-20,Detroit Pistons,Denver Nuggets,DET,DEN,2-13,10-4,103,107,FALSE,Denver Nuggets,10-4,NA,NA,NA,NA,NA,NA,NA,NA,NA,NA,Denver Nuggets,10-4,Detroit Pistons,2-13,0.317,0.683,0.747,0.6613119143239625,0.3386880856760375,474,0,0,2,425,401584846615,615,4,3:53,233,3.8833333333333337,96,94,96,94,2,Jaden Ivey makes free throw 1 of 2,FALSE,0,0,FALSE,0,0,FALSE
nba,2024,401584847,2023-11-20,Washington Wizards,Milwaukee Bucks,WSH,MIL,2-11,10-4,129,142,FALSE,Milwaukee Bucks,10-4,NA,NA,NA,NA,NA,NA,NA,NA,NA,NA,Milwaukee Bucks,10-4,Washington Wizards,2-11,0.29,0.71,0.583,0.5025728987993139,0.4974271012006861,448,0,0,2,342,401584847506,506,4,10:02,602,10.033333333333331,108,107,108,107,1,Bobby Portis shooting foul,FALSE,0,0,FALSE,0,0,FALSE
nba,2024,401584844,2023-11-19,Los Angeles Lakers,Houston Rockets,LAL,HOU,8-6,6-5,105,104,TRUE,Los Angeles Lakers,8-6,NA,NA,NA,NA,NA,NA,NA,NA,NA,NA,Los Angeles Lakers,8-6,Houston Rockets,6-5,0.586,0.586,0.765,0.6928104575163399,0.30718954248366015,471,0,0,1,98,401584844140,140,1,1:11,2231,37.18333333333333,17,27,27,17,10,Jaxson Hayes shooting foul,FALSE,0,0,FALSE,0,0,FALSE
nba,2024,401584843,2023-11-19,Portland Trail Blazers,Oklahoma City Thunder,POR,OKC,3-10,10-4,91,134,FALSE,Oklahoma City Thunder,10-4,NA,NA,NA,NA,NA,NA,NA,NA,NA,NA,Oklahoma City Thunder,10-4,Portland Trail Blazers,3-10,0.308,0.692,0.335,0.08059701492537308,0.9194029850746268,433,0,0,1,2,4015848437,7,1,11:45,2865,47.75,2,0,2,0,2,Toumani Camara makes 1-foot driving dunk (Deandre Ayton assists),FALSE,0,0,FALSE,0,0,FALSE
nba,2024,401584841,2023-11-19,Memphis Grizzlies,Boston Celtics,MEM,BOS,3-10,11-2,100,102,FALSE,Boston Celtics,11-2,NA,NA,NA,NA,NA,NA,NA,NA,NA,NA,Boston Celtics,11-2,Memphis Grizzlies,3-10,0.152,0.848,0.625,0.7567999999999999,0.24320000000000008,456,0,0,1,438,401584841634,634,4,1:48,108,1.8,100,98,100,98,2,Desmond Bane makes 25-foot three point jumper (Jaren Jackson Jr. assists),FALSE,0,0,FALSE,0,0,FALSE
nba,2024,401584842,2023-11-19,Utah Jazz,Phoenix Suns,UTAH,PHX,4-9,7-6,137,140,FALSE,Phoenix Suns,7-6,NA,NA,NA,NA,NA,NA,NA,NA,NA,NA,Phoenix Suns,7-6,Utah Jazz,4-9,0.484,0.516,0.92,0.9130434782608696,0.08695652173913038,595,0,0,1,436,401584842626,626,4,5:44,944,15.733333333333333,103,95,103,95,8,Nassir Little misses 28-foot three point jumper,FALSE,0,0,FALSE,0,0,FALSE
nba,2024,401584840,2023-11-19,Dallas Mavericks,Sacramento Kings,DAL,SAC,9-5,8-4,113,129,FALSE,Dallas Mavericks,9-5,NA,NA,NA,NA,NA,NA,NA,NA,NA,NA,Sacramento Kings,8-4,Dallas Mavericks,9-5,0.597,0.597,0.662,0.4894259818731119,0.5105740181268881,469,0,0,1,123,401584840186,186,2,11:45,2145,35.75,36,35,36,35,1,Kings Full timeout,FALSE,0,0,FALSE,0,0,FALSE
nba,2024,401584838,2023-11-19,Cleveland Cavaliers,Denver Nuggets,CLE,DEN,7-6,9-4,121,109,TRUE,Denver Nuggets,9-4,NA,NA,NA,NA,NA,NA,NA,NA,NA,NA,Cleveland Cavaliers,7-6,Denver Nuggets,9-4,0.471,0.529,0.575,0.26086956521739113,0.7391304347826089,451,0,0,1,3,4015848388,8,1,11:23,2843,47.38333333333333,0,2,2,0,2,Nikola Jokic blocks Jarrett Allen's layup,FALSE,0,0,FALSE,0,0,FALSE
nba,2024,401584837,2023-11-19,Indiana Pacers,Orlando Magic,IND,ORL,7-5,8-5,116,128,FALSE,Indiana Pacers,7-5,NA,NA,NA,NA,NA,NA,NA,NA,NA,NA,Orlando Magic,8-5,Indiana Pacers,7-5,0.701,0.701,0.716,0.6033519553072626,0.3966480446927374,528,0,0,1,3,4015848378,8,1,11:34,2854,47.56666666666667,0,0,0,0,0,Bruce Brown defensive rebound,FALSE,0,0,FALSE,0,0,FALSE
nba,2024,401584839,2023-11-19,Toronto Raptors,Detroit Pistons,TOR,DET,6-7,2-12,142,113,TRUE,Toronto Raptors,6-7,NA,NA,NA,NA,NA,NA,NA,NA,NA,NA,Toronto Raptors,6-7,Detroit Pistons,2-12,0.742,0.742,0.272,0.05147058823529416,0.9485294117647058,501,0,0,1,4,40158483911,11,1,11:22,2842,47.36666666666667,2,1,1,2,-1,Kevin Knox II makes free throw 1 of 2,FALSE,0,0,FALSE,0,0,FALSE
nba,2024,401584836,2023-11-19,Brooklyn Nets,Philadelphia 76ers,BKN,PHI,6-7,10-3,99,121,FALSE,Philadelphia 76ers,10-3,NA,NA,NA,NA,NA,NA,NA,NA,NA,NA,Philadelphia 76ers,10-3,Brooklyn Nets,6-7,0.489,0.511,0.6,0.33333333333333326,0.6666666666666667,436,0,0,1,178,401584836256,256,2,4:45,1725,28.75,42,38,42,38,4,Mikal Bridges makes two point shot (Dorian Finney-Smith assists),FALSE,0,0,FALSE,0,0,FALSE
nba,2024,401584835,2023-11-18,Golden State Warriors,Oklahoma City Thunder,GS,OKC,6-8,9-4,123,130,FALSE,Golden State Warriors,6-8,NA,NA,NA,NA,NA,NA,NA,NA,NA,NA,Oklahoma City Thunder,9-4,Golden State Warriors,6-8,0.525,0.525,0.97,0.9690721649484536,0.0309278350515465,505,0,0,2,452,401584835659,659,4,1.1,301.1,5.0183333333333335,117,114,117,114,3,Thunder Full timeout,FALSE,0,0,FALSE,0,0,FALSE
nba,2024,401584832,2023-11-18,Chicago Bulls,Miami Heat,CHI,MIA,5-9,8-5,102,97,TRUE,Miami Heat,8-5,NA,NA,NA,NA,NA,NA,NA,NA,NA,NA,Chicago Bulls,5-9,Miami Heat,8-5,0.365,0.635,0.959,0.957247132429614,0.04275286757038588,441,0,0,2,299,401584832435,435,3,3:35,935,15.583333333333334,58,71,71,58,13,Ayo Dosunmu personal foul,FALSE,0,0,FALSE,0,0,FALSE
nba,2024,401584833,2023-11-18,Milwaukee Bucks,Dallas Mavericks,MIL,DAL,9-4,9-4,132,125,TRUE,Milwaukee Bucks,9-4,NA,NA,NA,NA,NA,NA,NA,NA,NA,NA,Milwaukee Bucks,9-4,Dallas Mavericks,9-4,0.504,0.504,0.946,0.9429175475687104,0.05708245243128962,460,0,0,6,356,401584833518,518,4,9:04,544,9.066666666666666,99,108,108,99,9,Cameron Payne shooting foul,FALSE,0,0,FALSE,0,0,FALSE
nba,2024,401584834,2023-11-18,San Antonio Spurs,Memphis Grizzlies,SA,MEM,3-10,3-9,108,120,FALSE,Memphis Grizzlies,3-9,NA,NA,NA,NA,NA,NA,NA,NA,NA,NA,Memphis Grizzlies,3-9,San Antonio Spurs,3-10,0.374,0.626,0.976,0.975409836065574,0.02459016393442614,505,0,0,3,332,401584834474,474,3,4:26,986,16.433333333333334,85,67,85,67,18,David Roddy shooting foul,FALSE,0,0,FALSE,0,0,FALSE
nba,2024,401584831,2023-11-18,New Orleans Pelicans,Minnesota Timberwolves,NO,MIN,6-7,9-3,120,121,FALSE,Minnesota Timberwolves,9-3,NA,NA,NA,NA,NA,NA,NA,NA,NA,NA,Minnesota Timberwolves,9-3,New Orleans Pelicans,6-7,0.305,0.6950000000000001,0.982,0.9816700610997964,0.01832993890020362,482,0,0,1,379,401584831579,579,4,7:46,466,7.766666666666667,108,94,108,94,14,Anthony Edwards bad pass (Matt Ryan steals),FALSE,0,0,FALSE,0,0,FALSE
nba,2024,401584830,2023-11-18,Charlotte Hornets,New York Knicks,CHA,NY,3-9,8-5,108,122,FALSE,New York Knicks,8-5,NA,NA,NA,NA,NA,NA,NA,NA,NA,NA,New York Knicks,8-5,Charlotte Hornets,3-9,0.327,0.673,0.327,2.220446049250313e-16,0.9999999999999998,427,0,0,1,1,4015848304,4,1,12:00,2880,48,0,0,0,0,0,Mitchell Robinson vs. Mark Williams (Jalen Brunson gains possession),FALSE,0,0,FALSE,0,0,FALSE
nba,2024,401584125,2023-11-17,LA Clippers,Houston Rockets,LAC,HOU,4-7,6-4,106,100,TRUE,LA Clippers,4-7,NA,NA,NA,NA,NA,NA,NA,NA,NA,NA,LA Clippers,4-7,Houston Rockets,6-4,0.711,0.711,0.851,0.8249118683901293,0.1750881316098707,501,0,0,1,462,401584125654,654,4,2:16,136,2.2666666666666666,94,99,99,94,5,Alperen Sengun makes two point shot (Jalen Green assists),FALSE,0,0,FALSE,0,0,FALSE
nba,2024,401584123,2023-11-17,Utah Jazz,Phoenix Suns,UTAH,PHX,4-8,6-6,128,131,FALSE,Phoenix Suns,6-6,NA,NA,NA,NA,NA,NA,NA,NA,NA,NA,Phoenix Suns,6-6,Utah Jazz,4-8,0.489,0.511,0.752,0.6702127659574468,0.32978723404255317,465,0,0,1,315,401584123457,457,3,2:50,890,14.833333333333334,95,91,95,91,4,Drew Eubanks loose ball foul,FALSE,0,0,FALSE,0,0,FALSE
nba,2024,401584124,2023-11-17,Portland Trail Blazers,Los Angeles Lakers,POR,LAL,3-9,7-6,95,107,FALSE,Los Angeles Lakers,7-6,NA,NA,NA,NA,NA,NA,NA,NA,NA,NA,Los Angeles Lakers,7-6,Portland Trail Blazers,3-9,0.367,0.633,0.43,0.1465116279069767,0.8534883720930233,465,0,0,1,267,401584124371,371,3,7:27,1167,19.45,67,68,67,68,-1,Deandre Ayton defensive rebound,FALSE,0,0,FALSE,0,0,FALSE
nba,2024,401584121,2023-11-17,Chicago Bulls,Orlando Magic,CHI,ORL,4-9,7-5,97,103,FALSE,Chicago Bulls,4-9,NA,NA,NA,NA,NA,NA,NA,NA,NA,NA,Orlando Magic,7-5,Chicago Bulls,4-9,0.621,0.621,0.75,0.6666666666666667,0.33333333333333326,450,0,0,1,51,40158412178,78,1,6:09,2529,42.15,11,4,11,4,7,DeMar DeRozan makes 18-foot two point shot (Ayo Dosunmu assists),FALSE,0,0,FALSE,0,0,FALSE
nba,2024,401584122,2023-11-17,New Orleans Pelicans,Denver Nuggets,NO,DEN,6-6,9-3,115,110,TRUE,Denver Nuggets,9-3,NA,NA,NA,NA,NA,NA,NA,NA,NA,NA,New Orleans Pelicans,6-6,Denver Nuggets,9-3,0.418,0.5820000000000001,0.5820000000000001,0.2817869415807561,0.7182130584192439,473,0,0,1,1,4015841224,4,1,12:00,2880,48,0,0,0,0,0,Nikola Jokic vs. Jonas Valanciunas (Aaron Gordon gains possession),FALSE,0,0,FALSE,0,0,FALSE
nba,2024,401584117,2023-11-17,Atlanta Hawks,Philadelphia 76ers,ATL,PHI,6-6,9-3,116,126,FALSE,Atlanta Hawks,6-6,NA,NA,NA,NA,NA,NA,NA,NA,NA,NA,Philadelphia 76ers,9-3,Atlanta Hawks,6-6,0.565,0.565,0.694,0.5590778097982707,0.4409221902017293,475,0,0,2,151,401584117213,213,2,8:22,1942,32.36666666666667,36,30,36,30,6,Saddiq Bey makes 1-foot dunk (Trae Young assists),FALSE,0,0,FALSE,0,0,FALSE
nba,2024,401584118,2023-11-17,Cleveland Cavaliers,Detroit Pistons,CLE,DET,6-6,2-11,108,100,TRUE,Cleveland Cavaliers,6-6,NA,NA,NA,NA,NA,NA,NA,NA,NA,NA,Cleveland Cavaliers,6-6,Detroit Pistons,2-11,0.752,0.752,0.4300000000000001,0.42325581395348855,0.5767441860465115,445,0,0,1,72,401584118100,100,1,4:08,2408,40.13333333333333,16,22,22,16,6,Cade Cunningham makes 18-foot two point shot (Alec Burks assists),FALSE,0,0,FALSE,0,0,FALSE
nba,2024,401584119,2023-11-17,Toronto Raptors,Boston Celtics,TOR,BOS,5-7,10-2,105,108,FALSE,Boston Celtics,10-2,NA,NA,NA,NA,NA,NA,NA,NA,NA,NA,Boston Celtics,10-2,Toronto Raptors,5-7,0.242,0.758,0.725,0.6662068965517242,0.33379310344827584,427,0,0,1,397,401584119566,566,4,2:00,120,2,101,99,101,99,2,Dennis Schroder defensive rebound,FALSE,0,0,FALSE,0,0,FALSE
nba,2024,401584120,2023-11-17,San Antonio Spurs,Sacramento Kings,SA,SAC,3-9,7-4,120,129,FALSE,Sacramento Kings,7-4,NA,NA,NA,NA,NA,NA,NA,NA,NA,NA,Sacramento Kings,7-4,San Antonio Spurs,3-9,0.289,0.7110000000000001,0.779,0.7163029525032092,0.2836970474967908,478,0,0,1,41,40158412061,61,1,6:52,2572,42.86666666666667,23,5,23,5,18,Jeremy Sochan defensive rebound,FALSE,0,0,FALSE,0,0,FALSE
nba,2024,401584115,2023-11-17,Charlotte Hornets,Milwaukee Bucks,CHA,MIL,3-8,8-4,99,130,FALSE,Milwaukee Bucks,8-4,NA,NA,NA,NA,NA,NA,NA,NA,NA,NA,Milwaukee Bucks,8-4,Charlotte Hornets,3-8,0.307,0.6930000000000001,0.762,0.6876640419947506,0.3123359580052494,457,0,0,1,143,401584115199,199,2,9:33,2013,33.55,41,28,41,28,13,Khris Middleton out of bounds lost ball turnover,FALSE,0,0,FALSE,0,0,FALSE
nba,2024,401584116,2023-11-17,Washington Wizards,New York Knicks,WSH,NY,2-10,7-5,99,120,FALSE,New York Knicks,7-5,NA,NA,NA,NA,NA,NA,NA,NA,NA,NA,New York Knicks,7-5,Washington Wizards,2-10,0.384,0.616,0.399,0.03759398496240607,0.962406015037594,451,0,0,1,2,4015841167,7,1,11:45,2865,47.75,0,0,0,0,0,Jalen Brunson misses driving layup,FALSE,0,0,FALSE,0,0,FALSE
nba,2024,401584829,2023-11-16,Golden State Warriors,Oklahoma City Thunder,GS,OKC,6-7,8-4,109,128,FALSE,Oklahoma City Thunder,8-4,NA,NA,NA,NA,NA,NA,NA,NA,NA,NA,Oklahoma City Thunder,8-4,Golden State Warriors,6-7,0.486,0.514,0.638,0.432601880877743,0.567398119122257,484,0,0,1,26,40158482941,41,1,8:48,2688,44.8,10,4,10,4,6,Klay Thompson makes 26-foot three point jumper (Andrew Wiggins assists),FALSE,0,0,FALSE,0,0,FALSE
nba,2024,401584828,2023-11-16,Miami Heat,Brooklyn Nets,MIA,BKN,8-4,6-6,122,115,TRUE,Miami Heat,8-4,NA,NA,NA,NA,NA,NA,NA,NA,NA,NA,Miami Heat,8-4,Brooklyn Nets,6-6,0.542,0.542,0.6679999999999999,0.5029940119760477,0.4970059880239523,449,0,0,1,185,401584828269,269,2,4:13,1693,28.216666666666665,46,51,51,46,5,Kevin Love shooting foul,FALSE,0,0,FALSE,0,0,FALSE
nba,2024,401584826,2023-11-15,Los Angeles Lakers,Sacramento Kings,LAL,SAC,6-6,6-4,110,125,FALSE,Sacramento Kings,6-4,NA,NA,NA,NA,NA,NA,NA,NA,NA,NA,Sacramento Kings,6-4,Los Angeles Lakers,6-6,0.451,0.5489999999999999,0.451,0,1,475,0,0,1,1,4015848264,4,1,12:00,2880,48,0,0,0,0,0,Domantas Sabonis vs. Anthony Davis (De'Aaron Fox gains possession),FALSE,0,0,FALSE,0,0,FALSE
nba,2024,401584827,2023-11-15,Portland Trail Blazers,Cleveland Cavaliers,POR,CLE,3-8,5-6,95,109,FALSE,Cleveland Cavaliers,5-6,NA,NA,NA,NA,NA,NA,NA,NA,NA,NA,Cleveland Cavaliers,5-6,Portland Trail Blazers,3-8,0.225,0.775,0.341,0.340175953079179,0.659824046920821,460,0,0,1,132,401584827196,196,2,9:47,2027,33.78333333333333,34,32,34,32,2,Jerami Grant makes driving layup,FALSE,0,0,FALSE,0,0,FALSE
nba,2024,401584825,2023-11-15,Phoenix Suns,Minnesota Timberwolves,PHX,MIN,5-6,8-3,133,115,TRUE,Phoenix Suns,5-6,NA,NA,NA,NA,NA,NA,NA,NA,NA,NA,Phoenix Suns,5-6,Minnesota Timberwolves,8-3,0.544,0.544,0.515,0.1145631067961166,0.8854368932038834,435,0,0,1,19,40158482533,33,1,8:29,2669,44.483333333333334,10,12,12,10,2,Karl-Anthony Towns defensive rebound,FALSE,0,0,FALSE,0,0,FALSE
nba,2024,401584824,2023-11-15,Chicago Bulls,Orlando Magic,CHI,ORL,4-8,6-5,94,96,FALSE,Chicago Bulls,4-8,NA,NA,NA,NA,NA,NA,NA,NA,NA,NA,Orlando Magic,6-5,Chicago Bulls,4-8,0.654,0.654,0.721,0.6130374479889042,0.38696255201109575,486,0,0,1,4,40158482411,11,1,11:16,2836,47.266666666666666,3,0,3,0,3,Nikola Vucevic defensive rebound,FALSE,0,0,FALSE,0,0,FALSE
nba,2024,401584821,2023-11-15,Atlanta Hawks,New York Knicks,ATL,NY,6-5,6-5,114,116,FALSE,Atlanta Hawks,6-5,NA,NA,NA,NA,NA,NA,NA,NA,NA,NA,New York Knicks,6-5,Atlanta Hawks,6-5,0.566,0.566,0.868,0.8479262672811059,0.15207373271889413,448,0,0,5,378,401584821558,558,4,5:20,320,5.333333333333333,101,94,101,94,7,Saddiq Bey makes dunk,FALSE,0,0,FALSE,0,0,FALSE
nba,2024,401584822,2023-11-15,Philadelphia 76ers,Boston Celtics,PHI,BOS,8-3,9-2,107,117,FALSE,Boston Celtics,9-2,NA,NA,NA,NA,NA,NA,NA,NA,NA,NA,Boston Celtics,9-2,Philadelphia 76ers,8-3,0.481,0.519,0.674,0.5163204747774481,0.48367952522255186,430,0,0,1,223,401584822315,315,3,10:36,1356,22.6,61,57,61,57,4,Joel Embiid makes free throw 1 of 2,FALSE,0,0,FALSE,0,0,FALSE
nba,2024,401584823,2023-11-15,Toronto Raptors,Milwaukee Bucks,TOR,MIL,5-6,7-4,112,128,FALSE,Toronto Raptors,5-6,NA,NA,NA,NA,NA,NA,NA,NA,NA,NA,Milwaukee Bucks,7-4,Toronto Raptors,5-6,0.508,0.508,0.657,0.47792998477929993,0.5220700152207001,488,0,0,2,19,40158482329,29,1,9:54,2754,45.9,8,2,8,2,6,Jakob Poeltl makes 6-foot layup (Dennis Schroder assists),FALSE,0,0,FALSE,0,0,FALSE
nba,2024,401584820,2023-11-15,Washington Wizards,Dallas Mavericks,WSH,DAL,2-9,9-3,117,130,FALSE,Washington Wizards,2-9,NA,NA,NA,NA,NA,NA,NA,NA,NA,NA,Dallas Mavericks,9-3,Washington Wizards,2-9,0.505,0.505,0.534,0.12734082397003754,0.8726591760299625,475,0,0,2,7,40158482015,15,1,11:09,2829,47.15,2,0,2,0,2,Tyus Jones makes 7-foot two point shot,FALSE,0,0,FALSE,0,0,FALSE
nba,2024,401584114,2023-11-14,Los Angeles Lakers,Memphis Grizzlies,LAL,MEM,6-5,2-9,134,107,TRUE,Los Angeles Lakers,6-5,NA,NA,NA,NA,NA,NA,NA,NA,NA,NA,Los Angeles Lakers,6-5,Memphis Grizzlies,2-9,0.588,0.588,0.494,0.165991902834008,0.834008097165992,460,0,0,1,6,40158411414,14,1,11:05,2825,47.083333333333336,0,3,3,0,3,Marcus Smart defensive rebound,FALSE,0,0,FALSE,0,0,FALSE
nba,2024,401584112,2023-11-14,Denver Nuggets,LA Clippers,DEN,LAC,9-2,3-7,111,108,TRUE,Denver Nuggets,9-2,NA,NA,NA,NA,NA,NA,NA,NA,NA,NA,Denver Nuggets,9-2,LA Clippers,3-7,0.628,0.628,0.862,0.839907192575406,0.16009280742459395,452,0,0,1,380,401584112536,536,4,6:01,361,6.016666666666667,92,99,99,92,7,Kawhi Leonard makes 12-foot two point shot,FALSE,0,0,FALSE,0,0,FALSE
nba,2024,401584113,2023-11-14,Golden State Warriors,Minnesota Timberwolves,GS,MIN,6-6,8-2,101,104,FALSE,Minnesota Timberwolves,8-2,NA,NA,NA,NA,NA,NA,NA,NA,NA,NA,Minnesota Timberwolves,8-2,Golden State Warriors,6-6,0.488,0.512,0.914,0.9059080962800876,0.09409190371991238,489,0,0,1,322,401584113484,484,3,3:26,926,15.433333333333334,75,63,75,63,12,Anthony Edwards out of bounds bad pass turnover,FALSE,0,0,FALSE,0,0,FALSE
nba,2024,401584111,2023-11-14,Utah Jazz,Portland Trail Blazers,UTAH,POR,4-7,3-7,115,99,TRUE,Utah Jazz,4-7,NA,NA,NA,NA,NA,NA,NA,NA,NA,NA,Utah Jazz,4-7,Portland Trail Blazers,3-7,0.745,0.745,0.33499999999999996,0.23880597014925364,0.7611940298507464,466,0,0,1,344,401584111492,492,4,11:01,661,11.016666666666667,95,93,93,95,-2,Skylar Mays makes driving layup,FALSE,0,0,FALSE,0,0,FALSE
nba,2024,401584110,2023-11-14,New Orleans Pelicans,Dallas Mavericks,NO,DAL,5-6,8-3,131,110,TRUE,Dallas Mavericks,8-3,NA,NA,NA,NA,NA,NA,NA,NA,NA,NA,New Orleans Pelicans,5-6,Dallas Mavericks,8-3,0.397,0.603,0.727,0.6244841815680879,0.37551581843191206,504,0,0,1,19,40158411030,30,1,9:10,2710,45.166666666666664,2,6,6,2,4,Derrick Jones Jr. makes free throw 1 of 2,FALSE,0,0,FALSE,0,0,FALSE
nba,2024,401584108,2023-11-14,Brooklyn Nets,Orlando Magic,BKN,ORL,6-5,5-5,124,104,TRUE,Brooklyn Nets,6-5,NA,NA,NA,NA,NA,NA,NA,NA,NA,NA,Brooklyn Nets,6-5,Orlando Magic,5-5,0.705,0.705,0.694,0.5749279538904899,0.4250720461095101,449,0,0,1,249,401584108360,360,3,8:52,1252,20.866666666666667,59,66,66,59,7,Cole Anthony offensive rebound,FALSE,0,0,FALSE,0,0,FALSE
nba,2024,401584109,2023-11-14,Oklahoma City Thunder,San Antonio Spurs,OKC,SA,7-4,3-8,123,87,TRUE,Oklahoma City Thunder,7-4,NA,NA,NA,NA,NA,NA,NA,NA,NA,NA,Oklahoma City Thunder,7-4,San Antonio Spurs,3-8,0.823,0.823,0.381,0.5354330708661417,0.46456692913385833,470,0,0,1,208,401584109315,315,2,2:47,1607,26.783333333333335,45,48,48,45,3,Devin Vassell makes pullup jump shot (Jeremy Sochan assists),FALSE,0,0,FALSE,0,0,FALSE
nba,2024,401584105,2023-11-14,Charlotte Hornets,Miami Heat,CHA,MIA,3-7,7-4,105,111,FALSE,Miami Heat,7-4,NA,NA,NA,NA,NA,NA,NA,NA,NA,NA,Miami Heat,7-4,Charlotte Hornets,3-7,0.314,0.6859999999999999,0.664,0.5271084337349397,0.4728915662650603,446,0,0,1,105,401584105150,150,1,20.1,2180.1,36.335,32,21,32,21,11,Ish Smith makes 19-foot pullup jump shot,FALSE,0,0,FALSE,0,0,FALSE
nba,2024,401584106,2023-11-14,Detroit Pistons,Atlanta Hawks,DET,ATL,2-10,6-4,120,126,FALSE,Atlanta Hawks,6-4,NA,NA,NA,NA,NA,NA,NA,NA,NA,NA,Atlanta Hawks,6-4,Detroit Pistons,2-10,0.404,0.596,0.67,0.5074626865671643,0.4925373134328357,470,0,0,1,274,401584106404,404,3,7:19,1159,19.316666666666663,75,70,75,70,5,Dejounte Murray misses two point shot,FALSE,0,0,FALSE,0,0,FALSE
nba,2024,401584107,2023-11-14,Philadelphia 76ers,Indiana Pacers,PHI,IND,8-2,7-4,126,132,FALSE,Philadelphia 76ers,8-2,NA,NA,NA,NA,NA,NA,NA,NA,NA,NA,Indiana Pacers,7-4,Philadelphia 76ers,8-2,0.67,0.67,0.676,0.5207100591715976,0.47928994082840243,514,0,0,1,438,401584107649,649,4,6:46,406,6.766666666666667,109,106,109,106,3,Joel Embiid makes 17-foot jumper,FALSE,0,0,FALSE,0,0,FALSE
nba,2024,401584819,2023-11-13,Sacramento Kings,Cleveland Cavaliers,SAC,CLE,5-4,4-6,132,120,TRUE,Cleveland Cavaliers,4-6,NA,NA,NA,NA,NA,NA,NA,NA,NA,NA,Sacramento Kings,5-4,Cleveland Cavaliers,4-6,0.481,0.519,0.5920000000000001,0.31081081081081097,0.689189189189189,452,0,0,1,60,40158481984,84,1,5:04,2464,41.06666666666667,16,19,19,16,3,Caris LeVert makes 24-foot three point jumper (Georges Niang assists),FALSE,0,0,FALSE,0,0,FALSE
nba,2024,401584818,2023-11-13,Milwaukee Bucks,Chicago Bulls,MIL,CHI,6-4,4-7,118,109,TRUE,Milwaukee Bucks,6-4,NA,NA,NA,NA,NA,NA,NA,NA,NA,NA,Milwaukee Bucks,6-4,Chicago Bulls,4-7,0.762,0.762,0.459,0.4814814814814815,0.5185185185185185,506,0,0,1,311,401584818443,443,3,4:20,980,16.333333333333332,69,70,70,69,1,Brook Lopez misses 27-foot three point jumper,FALSE,0,0,FALSE,0,0,FALSE
nba,2024,401584816,2023-11-13,Boston Celtics,New York Knicks,BOS,NY,8-2,5-5,114,98,TRUE,Boston Celtics,8-2,NA,NA,NA,NA,NA,NA,NA,NA,NA,NA,Boston Celtics,8-2,New York Knicks,5-5,0.819,0.819,0.569,0.6818980667838312,0.31810193321616875,414,0,0,1,182,401584816255,255,2,1:33,1533,25.55,43,51,51,43,8,Quentin Grimes makes 24-foot three point shot (Jalen Brunson assists),FALSE,0,0,FALSE,0,0,FALSE
nba,2024,401584817,2023-11-13,Toronto Raptors,Washington Wizards,TOR,WSH,5-5,2-8,111,107,TRUE,Toronto Raptors,5-5,NA,NA,NA,NA,NA,NA,NA,NA,NA,NA,Toronto Raptors,5-5,Washington Wizards,2-8,0.688,0.688,0.99,0.9898989898989898,0.01010101010101016,447,0,0,4,304,401584817438,438,3,2:30,870,14.5,67,88,88,67,21,Dennis Schroder misses 26-foot three point jumper,FALSE,0,0,FALSE,0,0,FALSE
nba,2024,401584815,2023-11-12,Los Angeles Lakers,Portland Trail Blazers,LAL,POR,5-5,3-6,116,110,TRUE,Los Angeles Lakers,5-5,NA,NA,NA,NA,NA,NA,NA,NA,NA,NA,Los Angeles Lakers,5-5,Portland Trail Blazers,3-6,0.713,0.713,0.587,0.5110732538330494,0.48892674616695064,440,0,0,2,157,401584815223,223,2,8:15,1935,32.25,34,42,42,34,8,Deandre Ayton makes 2-foot two point shot (Shaedon Sharpe assists),FALSE,0,0,FALSE,0,0,FALSE
nba,2024,401584814,2023-11-12,Golden State Warriors,Minnesota Timberwolves,GS,MIN,6-5,7-2,110,116,FALSE,Golden State Warriors,6-5,NA,NA,NA,NA,NA,NA,NA,NA,NA,NA,Minnesota Timberwolves,7-2,Golden State Warriors,6-5,0.587,0.587,0.783,0.722860791826309,0.277139208173691,520,0,0,3,140,401584814211,211,2,9:53,2033,33.88333333333333,37,30,37,30,7,Jonathan Kuminga makes free throw 1 of 2,FALSE,0,0,FALSE,0,0,FALSE
nba,2024,401584813,2023-11-12,Phoenix Suns,Oklahoma City Thunder,PHX,OKC,4-6,6-4,99,111,FALSE,Phoenix Suns,4-6,NA,NA,NA,NA,NA,NA,NA,NA,NA,NA,Oklahoma City Thunder,6-4,Phoenix Suns,4-6,0.529,0.529,0.824,0.7864077669902911,0.2135922330097089,482,0,0,2,333,401584813496,496,3,3.1,723.1,12.051666666666668,86,80,86,80,6,Drew Eubanks makes free throw 1 of 2,FALSE,0,0,FALSE,0,0,FALSE
nba,2024,401584809,2023-11-12,Chicago Bulls,Detroit Pistons,CHI,DET,4-6,2-9,119,108,TRUE,Chicago Bulls,4-6,NA,NA,NA,NA,NA,NA,NA,NA,NA,NA,Chicago Bulls,4-6,Detroit Pistons,2-9,0.686,0.686,0.6799999999999999,0.5382352941176471,0.46176470588235285,474,0,0,2,135,401584809195,195,2,10:56,2096,34.93333333333333,24,34,34,24,10,Ausar Thompson makes free throw 1 of 2,FALSE,0,0,FALSE,0,0,FALSE
nba,2024,401584810,2023-11-12,Houston Rockets,Denver Nuggets,HOU,DEN,6-3,8-2,107,104,TRUE,Denver Nuggets,8-2,NA,NA,NA,NA,NA,NA,NA,NA,NA,NA,Houston Rockets,6-3,Denver Nuggets,8-2,0.421,0.579,0.812,0.7684729064039411,0.23152709359605897,462,0,0,5,282,401584810393,393,3,4:18,978,16.3,60,67,67,60,7,Michael Porter Jr. defensive rebound,FALSE,0,0,FALSE,0,0,FALSE
nba,2024,401584811,2023-11-12,New Orleans Pelicans,Dallas Mavericks,NO,DAL,4-6,8-2,124,136,FALSE,Dallas Mavericks,8-2,NA,NA,NA,NA,NA,NA,NA,NA,NA,NA,Dallas Mavericks,8-2,New Orleans Pelicans,4-6,0.387,0.613,0.501,0.2275449101796407,0.7724550898203593,490,0,0,1,91,401584811127,127,1,1:52,2272,37.86666666666667,25,24,25,24,1,Dante Exum shooting foul,FALSE,0,0,FALSE,0,0,FALSE
nba,2024,401584812,2023-11-12,San Antonio Spurs,Miami Heat,SA,MIA,3-7,6-4,113,118,FALSE,Miami Heat,6-4,NA,NA,NA,NA,NA,NA,NA,NA,NA,NA,Miami Heat,6-4,San Antonio Spurs,3-7,0.374,0.626,0.944,0.9406779661016949,0.05932203389830515,454,0,0,1,376,401584812527,527,4,9:10,550,9.166666666666666,98,86,98,86,12,Malaki Branham makes 26-foot three point jumper (Victor Wembanyama assists),FALSE,0,0,FALSE,0,0,FALSE
nba,2024,401584808,2023-11-12,Philadelphia 76ers,Indiana Pacers,PHI,IND,8-1,6-4,137,126,TRUE,Philadelphia 76ers,8-1,NA,NA,NA,NA,NA,NA,NA,NA,NA,NA,Philadelphia 76ers,8-1,Indiana Pacers,6-4,0.702,0.702,0.529,0.4366729678638941,0.5633270321361059,455,0,0,1,355,401584808520,520,4,10:18,618,10.3,104,105,105,104,1,Patrick Beverley misses 24-foot three point jumper,FALSE,0,0,FALSE,0,0,FALSE
nba,2024,401584807,2023-11-12,LA Clippers,Memphis Grizzlies,LAC,MEM,3-6,2-8,101,105,FALSE,LA Clippers,3-6,NA,NA,NA,NA,NA,NA,NA,NA,NA,NA,Memphis Grizzlies,2-8,LA Clippers,3-6,0.769,0.769,0.781,0.7195902688860436,0.2804097311139564,508,0,0,1,3,4015848078,8,1,11:39,2859,47.65,0,0,0,0,0,Russell Westbrook defensive rebound,FALSE,0,0,FALSE,0,0,FALSE
nba,2024,401584806,2023-11-12,Brooklyn Nets,Washington Wizards,BKN,WSH,5-5,2-7,102,94,TRUE,Brooklyn Nets,5-5,NA,NA,NA,NA,NA,NA,NA,NA,NA,NA,Brooklyn Nets,5-5,Washington Wizards,2-7,0.745,0.745,0.859,0.8358556461001163,0.1641443538998837,500,0,0,1,449,401584806619,619,4,3:50,230,3.8333333333333335,87,92,92,87,5,Tyus Jones defensive rebound,FALSE,0,0,FALSE,0,0,FALSE
nba,2024,401584805,2023-11-12,New York Knicks,Charlotte Hornets,NY,CHA,5-4,3-6,129,107,TRUE,New York Knicks,5-4,NA,NA,NA,NA,NA,NA,NA,NA,NA,NA,New York Knicks,5-4,Charlotte Hornets,3-6,0.79,0.79,0.273,0.23076923076923095,0.769230769230769,467,0,0,7,68,401584805102,102,1,2:55,2335,38.916666666666664,21,22,22,21,1,Hornets Full timeout,FALSE,0,0,FALSE,0,0,FALSE
nba,2024,401584804,2023-11-11,Golden State Warriors,Cleveland Cavaliers,GS,CLE,6-4,4-5,110,118,FALSE,Golden State Warriors,6-4,NA,NA,NA,NA,NA,NA,NA,NA,NA,NA,Cleveland Cavaliers,4-5,Golden State Warriors,6-4,0.638,0.638,0.71,0.5915492957746478,0.40845070422535223,555,0,0,1,77,401584804108,108,1,4:11,2411,40.18333333333333,22,19,22,19,3,Georges Niang bad pass (Chris Paul steals),FALSE,0,0,FALSE,0,0,FALSE
nba,2024,401584803,2023-11-11,Atlanta Hawks,Miami Heat,ATL,MIA,5-4,5-4,109,117,FALSE,Atlanta Hawks,5-4,NA,NA,NA,NA,NA,NA,NA,NA,NA,NA,Miami Heat,5-4,Atlanta Hawks,5-4,0.708,0.708,0.759,0.6824769433465085,0.31752305665349145,450,0,0,1,12,40158480318,18,1,10:31,2791,46.516666666666666,5,2,5,2,3,Dejounte Murray makes 24-foot three point jumper (Trae Young assists),FALSE,0,0,FALSE,0,0,FALSE
nba,2024,401584802,2023-11-11,Boston Celtics,Toronto Raptors,BOS,TOR,7-2,4-5,117,94,TRUE,Boston Celtics,7-2,NA,NA,NA,NA,NA,NA,NA,NA,NA,NA,Boston Celtics,7-2,Toronto Raptors,4-5,0.738,0.738,0.4260000000000001,0.3849765258215963,0.6150234741784036,428,0,0,1,29,40158480249,49,1,8:21,2661,44.35,6,12,12,6,6,O.G. Anunoby defensive rebound,FALSE,0,0,FALSE,0,0,FALSE
nba,2024,401584801,2023-11-11,Orlando Magic,Milwaukee Bucks,ORL,MIL,5-4,5-4,112,97,TRUE,Milwaukee Bucks,5-4,NA,NA,NA,NA,NA,NA,NA,NA,NA,NA,Orlando Magic,5-4,Milwaukee Bucks,5-4,0.377,0.623,0.724,0.6187845303867403,0.3812154696132597,490,0,0,1,5,40158480111,11,1,11:12,2832,47.2,0,3,3,0,3,Paolo Banchero shooting foul,FALSE,0,0,FALSE,0,0,FALSE
nba,2024,401584103,2023-11-10,Phoenix Suns,Los Angeles Lakers,PHX,LAL,4-5,4-5,119,122,FALSE,Phoenix Suns,4-5,NA,NA,NA,NA,NA,NA,NA,NA,NA,NA,Los Angeles Lakers,4-5,Phoenix Suns,4-5,0.542,0.542,0.913,0.904709748083242,0.095290251916758,505,0,0,2,363,401584103523,523,3,1:29,809,13.483333333333333,91,81,91,81,10,D'Angelo Russell shooting foul,FALSE,0,0,FALSE,0,0,FALSE
nba,2024,401584104,2023-11-10,Sacramento Kings,Oklahoma City Thunder,SAC,OKC,4-4,5-4,105,98,TRUE,Oklahoma City Thunder,5-4,NA,NA,NA,NA,NA,NA,NA,NA,NA,NA,Sacramento Kings,4-4,Oklahoma City Thunder,5-4,0.455,0.5449999999999999,0.5449999999999999,0.16513761467889876,0.8348623853211012,488,0,0,1,1,4015841044,4,1,12:00,2880,48,0,0,0,0,0,Chet Holmgren vs. Domantas Sabonis (Josh Giddey gains possession),FALSE,0,0,FALSE,0,0,FALSE
nba,2024,401584102,2023-11-10,Dallas Mavericks,LA Clippers,DAL,LAC,7-2,3-5,144,126,TRUE,Dallas Mavericks,7-2,NA,NA,NA,NA,NA,NA,NA,NA,NA,NA,Dallas Mavericks,7-2,LA Clippers,3-5,0.505,0.505,0.8089999999999999,0.7639060568603213,0.23609394313967869,504,0,0,2,97,401584102136,136,1,1:53,2273,37.88333333333333,19,30,30,19,11,Bones Hyland makes free throw 1 of 2,FALSE,0,0,FALSE,0,0,FALSE
nba,2024,401584099,2023-11-10,Houston Rockets,New Orleans Pelicans,HOU,NO,5-3,4-5,104,101,TRUE,Houston Rockets,5-3,NA,NA,NA,NA,NA,NA,NA,NA,NA,NA,Houston Rockets,5-3,New Orleans Pelicans,4-5,0.604,0.604,0.937,0.9327641408751336,0.06723585912486651,503,0,0,2,435,401584099621,621,4,4:16,256,4.266666666666667,88,95,95,88,7,Alperen Sengun shooting foul,FALSE,0,0,FALSE,0,0,FALSE
nba,2024,401584100,2023-11-10,Memphis Grizzlies,Utah Jazz,MEM,UTAH,1-8,3-7,121,127,FALSE,Memphis Grizzlies,1-8,NA,NA,NA,NA,NA,NA,NA,NA,NA,NA,Utah Jazz,3-7,Memphis Grizzlies,1-8,0.568,0.568,0.734,0.6376021798365121,0.3623978201634878,468,0,0,2,32,40158410044,44,1,7:31,2611,43.516666666666666,13,6,13,6,7,Bismack Biyombo defensive rebound,FALSE,0,0,FALSE,0,0,FALSE
nba,2024,401584101,2023-11-10,San Antonio Spurs,Minnesota Timberwolves,SA,MIN,3-6,6-2,110,117,FALSE,Minnesota Timberwolves,6-2,NA,NA,NA,NA,NA,NA,NA,NA,NA,NA,Minnesota Timberwolves,6-2,San Antonio Spurs,3-6,0.275,0.725,0.629,0.5627980922098569,0.4372019077901431,483,0,0,1,128,401584101183,183,2,10:19,2059,34.31666666666667,34,24,34,24,10,Shake Milton misses driving floating jump shot,FALSE,0,0,FALSE,0,0,FALSE
nba,2024,401584098,2023-11-10,Boston Celtics,Brooklyn Nets,BOS,BKN,6-2,4-5,121,107,TRUE,Boston Celtics,6-2,NA,NA,NA,NA,NA,NA,NA,NA,NA,NA,Boston Celtics,6-2,Brooklyn Nets,4-5,0.73,0.73,0.31100000000000005,0.13183279742765286,0.8681672025723471,464,0,0,1,12,40158409821,21,1,10:27,2787,46.45,4,5,5,4,1,Jayson Tatum misses 28-foot three point jumper,FALSE,0,0,FALSE,0,0,FALSE
nba,2024,401584096,2023-11-10,Detroit Pistons,Philadelphia 76ers,DET,PHI,2-8,7-1,106,114,FALSE,Philadelphia 76ers,7-1,NA,NA,NA,NA,NA,NA,NA,NA,NA,NA,Philadelphia 76ers,7-1,Detroit Pistons,2-8,0.226,0.774,0.821,0.7819732034104749,0.21802679658952503,489,0,0,1,215,401584096313,313,2,2:53,1613,26.883333333333333,56,41,56,41,15,Killian Hayes defensive rebound,FALSE,0,0,FALSE,0,0,FALSE
nba,2024,401584097,2023-11-10,Washington Wizards,Charlotte Hornets,WSH,CHA,2-6,3-5,117,124,FALSE,Washington Wizards,2-6,NA,NA,NA,NA,NA,NA,NA,NA,NA,NA,Charlotte Hornets,3-5,Washington Wizards,2-6,0.654,0.654,0.939,0.9350372736954208,0.06496272630457933,505,0,0,1,373,401584097536,536,4,11:05,665,11.083333333333334,99,88,99,88,11,Bryce McGowens misses 25-foot three point jumper,FALSE,0,0,FALSE,0,0,FALSE
nba,2024,401584800,2023-11-09,Orlando Magic,Atlanta Hawks,ORL,ATL,4-4,5-3,119,120,FALSE,Atlanta Hawks,5-3,NA,NA,NA,NA,NA,NA,NA,NA,NA,NA,Atlanta Hawks,5-3,Orlando Magic,4-4,0.295,0.7050000000000001,0.947,0.9440337909186904,0.05596620908130956,520,0,0,1,442,401584800632,632,4,7:51,471,7.85,111,100,111,100,11,De'Andre Hunter misses driving floating jump shot,FALSE,0,0,FALSE,0,0,FALSE
nba,2024,401584799,2023-11-09,Indiana Pacers,Milwaukee Bucks,IND,MIL,6-3,5-3,126,124,TRUE,Indiana Pacers,6-3,NA,NA,NA,NA,NA,NA,NA,NA,NA,NA,Indiana Pacers,6-3,Milwaukee Bucks,5-3,0.625,0.625,0.963,0.9615784008307372,0.03842159916926269,478,0,0,1,426,401584799621,621,4,5:18,318,5.3,108,117,117,108,9,Andrew Nembhard shooting foul,FALSE,0,0,FALSE,0,0,FALSE
nba,2024,401584797,2023-11-08,Denver Nuggets,Golden State Warriors,DEN,GS,8-1,6-3,108,105,TRUE,Denver Nuggets,8-1,NA,NA,NA,NA,NA,NA,NA,NA,NA,NA,Denver Nuggets,8-1,Golden State Warriors,6-3,0.597,0.597,0.736,0.6413043478260869,0.3586956521739131,471,0,0,1,346,401584797485,485,4,11:13,673,11.216666666666669,76,81,81,76,5,Reggie Jackson misses two point shot,FALSE,0,0,FALSE,0,0,FALSE
nba,2024,401584798,2023-11-08,Sacramento Kings,Portland Trail Blazers,SAC,POR,3-4,3-5,121,118,TRUE,Sacramento Kings,3-4,NA,NA,NA,NA,NA,NA,NA,NA,NA,NA,Sacramento Kings,3-4,Portland Trail Blazers,3-5,0.683,0.683,0.893,0.8801791713325868,0.11982082866741316,553,0,0,2,478,401584798701,701,4,29.1,329.1,5.485,109,111,111,109,2,Harrison Barnes loose ball foul,FALSE,0,0,FALSE,0,0,FALSE
nba,2024,401584796,2023-11-08,Dallas Mavericks,Toronto Raptors,DAL,TOR,6-2,4-4,116,127,FALSE,Dallas Mavericks,6-2,NA,NA,NA,NA,NA,NA,NA,NA,NA,NA,Toronto Raptors,4-4,Dallas Mavericks,6-2,0.618,0.618,0.813,0.7699876998769988,0.2300123001230012,510,0,0,1,61,40158479691,91,1,4:36,2436,40.6,23,15,23,15,8,Luka Doncic makes free throw 1 of 2,FALSE,0,0,FALSE,0,0,FALSE
nba,2024,401584790,2023-11-08,Chicago Bulls,Phoenix Suns,CHI,PHX,3-6,4-4,115,116,FALSE,Chicago Bulls,3-6,NA,NA,NA,NA,NA,NA,NA,NA,NA,NA,Phoenix Suns,4-4,Chicago Bulls,3-6,0.534,0.534,0.875,0.8571428571428572,0.1428571428571428,515,0,0,1,481,401584790726,726,5,1:47,107,1.7833333333333334,113,109,113,109,4,Coby White offensive rebound,FALSE,0,0,FALSE,0,0,FALSE
nba,2024,401584791,2023-11-08,Houston Rockets,Los Angeles Lakers,HOU,LAL,4-3,3-5,128,94,TRUE,Houston Rockets,4-3,NA,NA,NA,NA,NA,NA,NA,NA,NA,NA,Houston Rockets,4-3,Los Angeles Lakers,3-5,0.512,0.512,0.503,0.02982107355864816,0.9701789264413518,464,0,0,1,2,4015847917,7,1,11:43,2863,47.71666666666667,0,0,0,0,0,D'Angelo Russell blocks Dillon Brooks 's 3-foot layup,FALSE,0,0,FALSE,0,0,FALSE
nba,2024,401584792,2023-11-08,Memphis Grizzlies,Miami Heat,MEM,MIA,1-7,4-4,102,108,FALSE,Miami Heat,4-4,NA,NA,NA,NA,NA,NA,NA,NA,NA,NA,Miami Heat,4-4,Memphis Grizzlies,1-7,0.446,0.554,0.667,0.5007496251874064,0.4992503748125936,499,0,0,1,384,401584792558,558,4,10:58,658,10.966666666666669,81,77,81,77,4,Jaren Jackson Jr. makes 7-foot driving floating jump shot,FALSE,0,0,FALSE,0,0,FALSE
nba,2024,401584793,2023-11-08,Milwaukee Bucks,Detroit Pistons,MIL,DET,5-2,2-7,120,118,TRUE,Milwaukee Bucks,5-2,NA,NA,NA,NA,NA,NA,NA,NA,NA,NA,Milwaukee Bucks,5-2,Detroit Pistons,2-7,0.835,0.835,0.949,0.946259220231823,0.05374077976817704,492,0,0,1,421,401584793619,619,4,6:21,381,6.35,101,111,111,101,10,Isaiah Stewart enters the game for Stanley Umude,FALSE,0,0,FALSE,0,0,FALSE
nba,2024,401584794,2023-11-08,Minnesota Timberwolves,New Orleans Pelicans,MIN,NO,5-2,4-4,122,101,TRUE,Minnesota Timberwolves,5-2,NA,NA,NA,NA,NA,NA,NA,NA,NA,NA,Minnesota Timberwolves,5-2,New Orleans Pelicans,4-4,0.786,0.786,0.25,0.14400000000000013,0.8559999999999999,472,0,0,2,21,40158479431,31,1,8:57,2697,44.95,3,4,4,3,1,Pelicans offensive team rebound,FALSE,0,0,FALSE,0,0,FALSE
nba,2024,401584795,2023-11-08,Oklahoma City Thunder,Cleveland Cavaliers,OKC,CLE,5-3,3-5,128,120,TRUE,Oklahoma City Thunder,5-3,NA,NA,NA,NA,NA,NA,NA,NA,NA,NA,Oklahoma City Thunder,5-3,Cleveland Cavaliers,3-5,0.512,0.512,0.629,0.410174880763116,0.589825119236884,510,0,0,1,12,40158479520,20,1,10:36,2796,46.6,2,6,6,2,4,Chet Holmgren shooting foul,FALSE,0,0,FALSE,0,0,FALSE
nba,2024,401584788,2023-11-08,Brooklyn Nets,LA Clippers,BKN,LAC,4-4,3-4,100,93,TRUE,LA Clippers,3-4,NA,NA,NA,NA,NA,NA,NA,NA,NA,NA,Brooklyn Nets,4-4,LA Clippers,3-4,0.446,0.554,0.789,0.7325728770595692,0.2674271229404308,450,0,0,3,112,401584788156,156,1,4.0,2164,36.06666666666667,13,21,21,13,8,Day'Ron Sharpe personal foul,FALSE,0,0,FALSE,0,0,FALSE
nba,2024,401584789,2023-11-08,New York Knicks,San Antonio Spurs,NY,SA,4-4,3-5,126,105,TRUE,New York Knicks,4-4,NA,NA,NA,NA,NA,NA,NA,NA,NA,NA,New York Knicks,4-4,San Antonio Spurs,3-5,0.816,0.816,0.19799999999999995,0.07070707070707027,0.9292929292929296,468,0,0,1,3,4015847898,8,1,11:39,2859,47.65,0,0,0,0,0,Victor Wembanyama defensive rebound,FALSE,0,0,FALSE,0,0,FALSE
nba,2024,401584785,2023-11-08,Charlotte Hornets,Washington Wizards,CHA,WSH,2-5,2-5,116,132,FALSE,Charlotte Hornets,2-5,NA,NA,NA,NA,NA,NA,NA,NA,NA,NA,Washington Wizards,2-5,Charlotte Hornets,2-5,0.534,0.534,0.688,0.5465116279069766,0.4534883720930234,503,0,0,3,33,40158478547,47,1,8:06,2646,44.1,12,6,12,6,6,Mark Williams defensive rebound,FALSE,0,0,FALSE,0,0,FALSE
nba,2024,401584786,2023-11-08,Indiana Pacers,Utah Jazz,IND,UTAH,5-3,2-7,134,118,TRUE,Indiana Pacers,5-3,NA,NA,NA,NA,NA,NA,NA,NA,NA,NA,Indiana Pacers,5-3,Utah Jazz,2-7,0.7,0.7,0.607,0.5057660626029653,0.4942339373970347,482,0,0,1,85,401584786122,122,1,2:39,2319,38.65,19,29,29,19,10,Lauri Markkanen makes tip shot,FALSE,0,0,FALSE,0,0,FALSE
nba,2024,401584787,2023-11-08,Philadelphia 76ers,Boston Celtics,PHI,BOS,6-1,5-2,106,103,TRUE,Philadelphia 76ers,6-1,NA,NA,NA,NA,NA,NA,NA,NA,NA,NA,Philadelphia 76ers,6-1,Boston Celtics,5-2,0.541,0.541,0.768,0.6979166666666667,0.30208333333333326,460,0,0,1,121,401584787168,168,2,10:40,2080,34.666666666666664,24,35,35,24,11,Al Horford makes 26-foot three point jumper (Payton Pritchard assists),FALSE,0,0,FALSE,0,0,FALSE
nba,2024,401584784,2023-11-06,Denver Nuggets,New Orleans Pelicans,DEN,NO,7-1,4-3,134,116,TRUE,Denver Nuggets,7-1,NA,NA,NA,NA,NA,NA,NA,NA,NA,NA,Denver Nuggets,7-1,New Orleans Pelicans,4-3,0.707,0.707,0.89,0.8764044943820224,0.1235955056179776,458,0,0,1,166,401584784243,243,2,4:43,1723,28.716666666666665,41,60,60,41,19,Matt Ryan makes 24-foot three point jumper (Jordan Hawkins assists),FALSE,0,0,FALSE,0,0,FALSE
nba,2024,401584780,2023-11-06,Chicago Bulls,Utah Jazz,CHI,UTAH,3-5,2-6,130,113,TRUE,Chicago Bulls,3-5,NA,NA,NA,NA,NA,NA,NA,NA,NA,NA,Chicago Bulls,3-5,Utah Jazz,2-6,0.571,0.571,0.5429999999999999,0.20994475138121527,0.7900552486187847,458,0,0,4,44,40158478064,64,1,6:03,2523,42.05,16,19,19,16,3,Lauri Markkanen makes free throw 1 of 2,FALSE,0,0,FALSE,0,0,FALSE
nba,2024,401584781,2023-11-06,Houston Rockets,Sacramento Kings,HOU,SAC,3-3,2-4,122,97,TRUE,Houston Rockets,3-3,NA,NA,NA,NA,NA,NA,NA,NA,NA,NA,Houston Rockets,3-3,Sacramento Kings,2-4,0.516,0.516,0.536,0.1343283582089554,0.8656716417910446,435,0,0,1,64,40158478198,98,1,4:00,2400,40,16,15,15,16,-1,Domantas Sabonis makes 3-foot dunk,FALSE,0,0,FALSE,0,0,FALSE
nba,2024,401584782,2023-11-06,Minnesota Timberwolves,Boston Celtics,MIN,BOS,4-2,5-1,114,109,TRUE,Boston Celtics,5-1,NA,NA,NA,NA,NA,NA,NA,NA,NA,NA,Minnesota Timberwolves,4-2,Boston Celtics,5-1,0.452,0.548,0.767,0.6962190352020861,0.30378096479791394,541,0,0,1,215,401584782306,306,2,3:56,1976,32.93333333333333,40,48,48,40,8,Jaden McDaniels misses two point shot,FALSE,0,0,FALSE,0,0,FALSE
nba,2024,401584783,2023-11-06,Oklahoma City Thunder,Atlanta Hawks,OKC,ATL,4-3,4-3,126,117,TRUE,Oklahoma City Thunder,4-3,NA,NA,NA,NA,NA,NA,NA,NA,NA,NA,Oklahoma City Thunder,4-3,Atlanta Hawks,4-3,0.502,0.502,0.498,0,1,522,0,0,1,1,4015847834,4,1,12:00,2880,48,0,0,0,0,0,Clint Capela vs. Chet Holmgren (Josh Giddey gains possession),FALSE,0,0,FALSE,0,0,FALSE
nba,2024,401584777,2023-11-06,Brooklyn Nets,Milwaukee Bucks,BKN,MIL,3-4,4-2,125,129,FALSE,Milwaukee Bucks,4-2,NA,NA,NA,NA,NA,NA,NA,NA,NA,NA,Milwaukee Bucks,4-2,Brooklyn Nets,3-4,0.451,0.5489999999999999,0.855,0.8304093567251463,0.16959064327485374,473,0,0,1,273,401584777384,384,3,4:54,1014,16.9,89,79,89,79,10,Bobby Portis misses 8-foot two point shot,FALSE,0,0,FALSE,0,0,FALSE
nba,2024,401584778,2023-11-06,Miami Heat,Los Angeles Lakers,MIA,LAL,3-4,3-4,108,107,TRUE,Miami Heat,3-4,NA,NA,NA,NA,NA,NA,NA,NA,NA,NA,Miami Heat,3-4,Los Angeles Lakers,3-4,0.624,0.624,0.5740000000000001,0.3449477351916377,0.6550522648083623,430,0,0,1,57,40158477881,81,1,5:29,2489,41.483333333333334,16,23,23,16,7,Austin Reaves makes tip shot,FALSE,0,0,FALSE,0,0,FALSE
nba,2024,401584779,2023-11-06,New York Knicks,LA Clippers,NY,LAC,3-4,3-3,111,97,TRUE,LA Clippers,3-3,NA,NA,NA,NA,NA,NA,NA,NA,NA,NA,New York Knicks,3-4,LA Clippers,3-3,0.413,0.587,0.754,0.6737400530503979,0.32625994694960214,423,0,0,1,206,401584779293,293,3,11:26,1406,23.433333333333337,42,48,48,42,6,RJ Barrett misses 7-foot pullup jump shot,FALSE,0,0,FALSE,0,0,FALSE
nba,2024,401584773,2023-11-06,Detroit Pistons,Golden State Warriors,DET,GS,2-6,6-2,109,120,FALSE,Golden State Warriors,6-2,NA,NA,NA,NA,NA,NA,NA,NA,NA,NA,Golden State Warriors,6-2,Detroit Pistons,2-6,0.249,0.751,0.729,0.6584362139917695,0.34156378600823045,454,0,0,1,349,401584773491,491,4,9:42,582,9.7,92,88,92,88,4,Gary Payton II shooting foul,FALSE,0,0,FALSE,0,0,FALSE
nba,2024,401584774,2023-11-06,Indiana Pacers,San Antonio Spurs,IND,SA,4-3,3-4,152,111,TRUE,Indiana Pacers,4-3,NA,NA,NA,NA,NA,NA,NA,NA,NA,NA,Indiana Pacers,4-3,San Antonio Spurs,3-4,0.811,0.811,0.21199999999999997,0.108490566037736,0.891509433962264,485,0,0,1,15,40158477424,24,1,10:06,2766,46.1,4,4,4,4,0,Victor Wembanyama defensive rebound,FALSE,0,0,FALSE,0,0,FALSE
nba,2024,401584775,2023-11-06,Orlando Magic,Dallas Mavericks,ORL,DAL,4-3,6-1,102,117,FALSE,Dallas Mavericks,6-1,NA,NA,NA,NA,NA,NA,NA,NA,NA,NA,Dallas Mavericks,6-1,Orlando Magic,4-3,0.485,0.515,0.894,0.8814317673378076,0.1185682326621924,466,0,0,1,212,401584775319,319,2,1:38,1538,25.633333333333333,63,48,63,48,15,Goga Bitadze makes 2-foot dunk (Jalen Suggs assists),FALSE,0,0,FALSE,0,0,FALSE
nba,2024,401584776,2023-11-06,Philadelphia 76ers,Washington Wizards,PHI,WSH,5-1,1-5,146,128,TRUE,Philadelphia 76ers,5-1,NA,NA,NA,NA,NA,NA,NA,NA,NA,NA,Philadelphia 76ers,5-1,Washington Wizards,1-5,0.826,0.826,0.33099999999999996,0.4743202416918427,0.5256797583081573,487,0,0,1,58,40158477683,83,1,6:12,2532,42.2,11,18,18,11,7,Daniel Gafford makes layup (Kyle Kuzma assists),FALSE,0,0,FALSE,0,0,FALSE
nba,2024,401584772,2023-11-05,Portland Trail Blazers,Memphis Grizzlies,POR,MEM,3-4,1-6,100,112,FALSE,Portland Trail Blazers,3-4,NA,NA,NA,NA,NA,NA,NA,NA,NA,NA,Memphis Grizzlies,1-6,Portland Trail Blazers,3-4,0.503,0.503,0.955,0.9528795811518324,0.047120418848167533,467,0,0,1,402,401584772576,576,4,8:13,493,8.216666666666667,98,86,98,86,12,Jerami Grant makes 25-foot three point jumper (Malcolm Brogdon assists),FALSE,0,0,FALSE,0,0,FALSE
nba,2024,401584771,2023-11-05,Dallas Mavericks,Charlotte Hornets,DAL,CHA,5-1,2-4,124,118,TRUE,Dallas Mavericks,5-1,NA,NA,NA,NA,NA,NA,NA,NA,NA,NA,Dallas Mavericks,5-1,Charlotte Hornets,2-4,0.811,0.811,0.835,0.8023952095808382,0.1976047904191618,511,0,0,5,310,401584771442,442,3,5:06,1026,17.1,66,76,76,66,10,Dereck Lively II personal foul,FALSE,0,0,FALSE,0,0,FALSE
nba,2024,401584770,2023-11-05,Cleveland Cavaliers,Golden State Warriors,CLE,GS,3-4,5-2,115,104,TRUE,Cleveland Cavaliers,3-4,NA,NA,NA,NA,NA,NA,NA,NA,NA,NA,Cleveland Cavaliers,3-4,Golden State Warriors,5-2,0.506,0.506,0.614,0.37133550488599343,0.6286644951140066,517,0,0,1,80,401584770120,120,1,2:54,2334,38.9,24,28,28,24,4,Chris Paul defensive rebound,FALSE,0,0,FALSE,0,0,FALSE
nba,2024,401584769,2023-11-05,San Antonio Spurs,Toronto Raptors,SA,TOR,3-3,3-4,116,123,FALSE,Toronto Raptors,3-4,NA,NA,NA,NA,NA,NA,NA,NA,NA,NA,Toronto Raptors,3-4,San Antonio Spurs,3-3,0.376,0.624,0.981,0.980632008154944,0.019367991845056,519,0,0,1,352,401584769516,516,4,11:10,970,16.166666666666668,90,73,90,73,17,Keldon Johnson makes 1-foot two point shot,FALSE,0,0,FALSE,0,0,FALSE
nba,2024,401584768,2023-11-05,Detroit Pistons,Phoenix Suns,DET,PHX,2-5,3-4,106,120,FALSE,Detroit Pistons,2-5,NA,NA,NA,NA,NA,NA,NA,NA,NA,NA,Phoenix Suns,3-4,Detroit Pistons,2-5,0.525,0.525,0.599,0.330550918196995,0.669449081803005,469,0,0,1,32,40158476845,45,1,7:12,2592,43.2,10,7,10,7,3,Eric Gordon misses 24-foot three point jumper,FALSE,0,0,FALSE,0,0,FALSE
nba,2024,401584767,2023-11-04,Denver Nuggets,Chicago Bulls,DEN,CHI,6-1,2-5,123,101,TRUE,Denver Nuggets,6-1,NA,NA,NA,NA,NA,NA,NA,NA,NA,NA,Denver Nuggets,6-1,Chicago Bulls,2-5,0.745,0.745,0.5449999999999999,0.5321100917431192,0.4678899082568808,465,0,0,1,171,401584767259,259,2,4:51,1731,28.85,37,43,43,37,6,Torrey Craig defensive rebound,FALSE,0,0,FALSE,0,0,FALSE
nba,2024,401584764,2023-11-04,Brooklyn Nets,Boston Celtics,BKN,BOS,3-3,5-0,114,124,FALSE,Boston Celtics,5-0,NA,NA,NA,NA,NA,NA,NA,NA,NA,NA,Boston Celtics,5-0,Brooklyn Nets,3-3,0.296,0.704,0.524,0.43511450381679384,0.5648854961832062,483,0,0,1,155,401584764222,222,2,9:26,2006,33.43333333333333,41,36,41,36,5,Dorian Finney-Smith defensive rebound,FALSE,0,0,FALSE,0,0,FALSE
nba,2024,401584765,2023-11-04,Houston Rockets,Sacramento Kings,HOU,SAC,2-3,2-3,107,89,TRUE,Sacramento Kings,2-3,NA,NA,NA,NA,NA,NA,NA,NA,NA,NA,Houston Rockets,2-3,Sacramento Kings,2-3,0.461,0.5389999999999999,0.5820000000000001,0.2817869415807561,0.7182130584192439,466,0,0,1,283,401584765394,394,3,3:17,917,15.283333333333331,64,65,65,64,1,Domantas Sabonis defensive rebound,FALSE,0,0,FALSE,0,0,FALSE
nba,2024,401584766,2023-11-04,Minnesota Timberwolves,Utah Jazz,MIN,UTAH,3-2,2-5,123,95,TRUE,Minnesota Timberwolves,3-2,NA,NA,NA,NA,NA,NA,NA,NA,NA,NA,Minnesota Timberwolves,3-2,Utah Jazz,2-5,0.7,0.7,0.527,0.43074003795066407,0.5692599620493359,480,0,0,1,181,401584766265,265,2,4:44,1724,28.733333333333334,40,45,45,40,5,Talen Horton-Tucker makes 26-foot three point jumper (Ochai Agbaji assists),FALSE,0,0,FALSE,0,0,FALSE
nba,2024,401584761,2023-11-04,Indiana Pacers,Charlotte Hornets,IND,CHA,3-3,2-3,124,125,FALSE,Indiana Pacers,3-3,NA,NA,NA,NA,NA,NA,NA,NA,NA,NA,Charlotte Hornets,2-3,Indiana Pacers,3-3,0.629,0.629,0.853,0.8276670574443141,0.17233294255568588,460,0,0,1,351,401584761508,508,4,11:13,673,11.216666666666669,99,92,99,92,7,Jalen Smith defensive rebound,FALSE,0,0,FALSE,0,0,FALSE
nba,2024,401584762,2023-11-04,Orlando Magic,Los Angeles Lakers,ORL,LAL,4-2,3-3,120,101,TRUE,Los Angeles Lakers,3-3,NA,NA,NA,NA,NA,NA,NA,NA,NA,NA,Orlando Magic,4-2,Los Angeles Lakers,3-3,0.416,0.5840000000000001,0.655,0.4732824427480917,0.5267175572519083,483,0,0,1,29,40158476243,43,1,8:55,2695,44.916666666666664,8,12,12,8,4,D'Angelo Russell makes 26-foot step back jumpshot (Anthony Davis assists),FALSE,0,0,FALSE,0,0,FALSE
nba,2024,401584763,2023-11-04,New Orleans Pelicans,Atlanta Hawks,NO,ATL,4-2,4-2,105,123,FALSE,Atlanta Hawks,4-2,NA,NA,NA,NA,NA,NA,NA,NA,NA,NA,Atlanta Hawks,4-2,New Orleans Pelicans,4-2,0.483,0.517,0.825,0.7878787878787878,0.21212121212121215,458,0,0,1,257,401584763369,369,3,10:39,1359,22.65,63,53,63,53,10,Pelicans offensive team rebound,FALSE,0,0,FALSE,0,0,FALSE
nba,2024,401584760,2023-11-04,Philadelphia 76ers,Phoenix Suns,PHI,PHX,4-1,2-4,112,100,TRUE,Philadelphia 76ers,4-1,NA,NA,NA,NA,NA,NA,NA,NA,NA,NA,Philadelphia 76ers,4-1,Phoenix Suns,2-4,0.739,0.739,0.371,0.2964959568733153,0.7035040431266847,489,0,0,1,32,40158476050,50,1,8:38,2678,44.63333333333333,7,12,12,7,5,Eric Gordon makes 27-foot three point jumper (Kevin Durant assists),FALSE,0,0,FALSE,0,0,FALSE
nba,2024,401584094,2023-11-03,Denver Nuggets,Dallas Mavericks,DEN,DAL,5-1,4-1,125,114,TRUE,Denver Nuggets,5-1,NA,NA,NA,NA,NA,NA,NA,NA,NA,NA,Denver Nuggets,5-1,Dallas Mavericks,4-1,0.671,0.671,0.424,0.22405660377358497,0.7759433962264151,468,0,0,1,7,40158409415,15,1,10:39,2799,46.65,2,6,6,2,4,Luka Doncic makes 3-foot two point shot,FALSE,0,0,FALSE,0,0,FALSE
nba,2024,401584095,2023-11-03,Portland Trail Blazers,Memphis Grizzlies,POR,MEM,3-3,0-6,115,113,TRUE,Portland Trail Blazers,3-3,NA,NA,NA,NA,NA,NA,NA,NA,NA,NA,Portland Trail Blazers,3-3,Memphis Grizzlies,0-6,0.529,0.529,0.968,0.9669421487603304,0.03305785123966953,525,0,0,1,435,401584095640,640,4,3:21,501,8.35,90,100,100,90,10,David Roddy makes dunk (Luke Kennard assists),FALSE,0,0,FALSE,0,0,FALSE
nba,2024,401584091,2023-11-03,Miami Heat,Washington Wizards,MIA,WSH,2-4,1-4,121,114,TRUE,Miami Heat,2-4,NA,NA,NA,NA,NA,NA,NA,NA,NA,NA,Miami Heat,2-4,Washington Wizards,1-4,0.752,0.752,0.424,0.41509433962264153,0.5849056603773585,408,0,0,1,53,40158409185,85,1,4:46,2446,40.766666666666666,20,26,26,20,6,Jordan Poole makes 26-foot three point jumper (Deni Avdija assists),FALSE,0,0,FALSE,0,0,FALSE
nba,2024,401584092,2023-11-03,Chicago Bulls,Brooklyn Nets,CHI,BKN,2-4,3-2,107,109,FALSE,Brooklyn Nets,3-2,NA,NA,NA,NA,NA,NA,NA,NA,NA,NA,Brooklyn Nets,3-2,Chicago Bulls,2-4,0.45,0.55,0.792,0.7373737373737375,0.26262626262626254,432,0,0,1,280,401584092392,392,3,3:16,916,15.266666666666667,76,69,76,69,7,Nikola Vucevic defensive rebound,FALSE,0,0,FALSE,0,0,FALSE
nba,2024,401584093,2023-11-03,Oklahoma City Thunder,Golden State Warriors,OKC,GS,3-3,5-1,139,141,FALSE,Golden State Warriors,5-1,NA,NA,NA,NA,NA,NA,NA,NA,NA,NA,Golden State Warriors,5-1,Oklahoma City Thunder,3-3,0.389,0.611,0.843,0.8137603795966786,0.18623962040332143,507,0,0,1,438,401584093632,632,4,4:08,248,4.133333333333334,133,127,133,127,6,Cason Wallace makes 4-foot two point shot (Jaylin Williams assists),FALSE,0,0,FALSE,0,0,FALSE
nba,2024,401584090,2023-11-03,Milwaukee Bucks,New York Knicks,MIL,NY,3-2,2-4,110,105,TRUE,Milwaukee Bucks,3-2,NA,NA,NA,NA,NA,NA,NA,NA,NA,NA,Milwaukee Bucks,3-2,New York Knicks,2-4,0.709,0.709,0.606,0.5198019801980197,0.4801980198019803,495,0,0,2,467,401584090651,651,4,1:10,70,1.1666666666666667,101,103,103,101,2,Jalen Brunson makes 25-foot three point jumper (Julius Randle assists),FALSE,0,0,FALSE,0,0,FALSE
nba,2024,401584089,2023-11-03,Indiana Pacers,Cleveland Cavaliers,IND,CLE,3-2,2-4,121,116,TRUE,Cleveland Cavaliers,2-4,NA,NA,NA,NA,NA,NA,NA,NA,NA,NA,Indiana Pacers,3-2,Cleveland Cavaliers,2-4,0.49,0.51,0.776,0.7113402061855671,0.28865979381443285,474,0,0,2,387,401584089564,564,4,6:21,381,6.35,101,105,105,101,4,Cavaliers Full timeout,FALSE,0,0,FALSE,0,0,FALSE
nba,2024,401584759,2023-11-02,Phoenix Suns,San Antonio Spurs,PHX,SA,2-3,3-2,121,132,FALSE,Phoenix Suns,2-3,NA,NA,NA,NA,NA,NA,NA,NA,NA,NA,San Antonio Spurs,3-2,Phoenix Suns,2-3,0.802,0.802,0.802,0.7531172069825438,0.2468827930174562,450,0,0,1,1,4015847594,4,1,12:00,2880,48,0,0,0,0,0,Victor Wembanyama vs. Jusuf Nurkic (Josh Okogie gains possession),FALSE,0,0,FALSE,0,0,FALSE
nba,2024,401584758,2023-11-02,Utah Jazz,Orlando Magic,UTAH,ORL,2-4,3-2,113,115,FALSE,Utah Jazz,2-4,NA,NA,NA,NA,NA,NA,NA,NA,NA,NA,Orlando Magic,3-2,Utah Jazz,2-4,0.569,0.569,0.808,0.7623762376237624,0.2376237623762376,517,0,0,1,96,401584758146,146,1,3:39,2379,39.65,27,18,27,18,9,Cole Anthony shooting foul,FALSE,0,0,FALSE,0,0,FALSE
nba,2024,401584757,2023-11-02,New Orleans Pelicans,Detroit Pistons,NO,DET,4-1,2-4,125,116,TRUE,New Orleans Pelicans,4-1,NA,NA,NA,NA,NA,NA,NA,NA,NA,NA,New Orleans Pelicans,4-1,Detroit Pistons,2-4,0.631,0.631,0.453,0.185430463576159,0.814569536423841,505,0,0,3,20,40158475736,36,1,7:38,2618,43.63333333333333,15,17,17,15,2,Jonas Valanciunas offensive foul,FALSE,0,0,FALSE,0,0,FALSE
nba,2024,401584756,2023-11-02,Philadelphia 76ers,Toronto Raptors,PHI,TOR,3-1,2-4,114,99,TRUE,Philadelphia 76ers,3-1,NA,NA,NA,NA,NA,NA,NA,NA,NA,NA,Philadelphia 76ers,3-1,Toronto Raptors,2-4,0.79,0.79,0.4280000000000001,0.5093457943925236,0.4906542056074764,477,0,0,1,156,401584756223,223,2,7:45,1905,31.75,35,39,39,35,4,Scottie Barnes defensive rebound,FALSE,0,0,FALSE,0,0,FALSE
nba,2024,401584754,2023-11-01,Golden State Warriors,Sacramento Kings,GS,SAC,4-1,2-2,102,101,TRUE,Golden State Warriors,4-1,NA,NA,NA,NA,NA,NA,NA,NA,NA,NA,Golden State Warriors,4-1,Sacramento Kings,2-2,0.72,0.72,0.821,0.7819732034104749,0.21802679658952503,459,0,0,1,255,401584754378,378,3,7:58,1198,19.966666666666665,58,69,69,58,11,Klay Thompson out of bounds bad pass turnover,FALSE,0,0,FALSE,0,0,FALSE
nba,2024,401584755,2023-11-01,Los Angeles Lakers,LA Clippers,LAL,LAC,3-2,3-2,130,125,TRUE,Los Angeles Lakers,3-2,NA,NA,NA,NA,NA,NA,NA,NA,NA,NA,Los Angeles Lakers,3-2,LA Clippers,3-2,0.574,0.574,0.925,0.9189189189189192,0.08108108108108092,535,0,0,1,231,401584755338,338,3,10:13,1633,27.216666666666665,54,69,69,54,15,Austin Reaves shooting foul,FALSE,0,0,FALSE,0,0,FALSE
nba,2024,401584753,2023-11-01,Utah Jazz,Memphis Grizzlies,UTAH,MEM,2-3,0-5,133,109,TRUE,Utah Jazz,2-3,NA,NA,NA,NA,NA,NA,NA,NA,NA,NA,Utah Jazz,2-3,Memphis Grizzlies,0-5,0.664,0.664,0.368,0.08695652173913049,0.9130434782608696,516,0,0,1,35,40158475352,52,1,8:24,2664,44.4,7,7,7,7,0,Talen Horton-Tucker palming turnover,FALSE,0,0,FALSE,0,0,FALSE
nba,2024,401584752,2023-11-01,Dallas Mavericks,Chicago Bulls,DAL,CHI,4-0,2-3,114,105,TRUE,Dallas Mavericks,4-0,NA,NA,NA,NA,NA,NA,NA,NA,NA,NA,Dallas Mavericks,4-0,Chicago Bulls,2-3,0.668,0.668,0.702,0.5754985754985753,0.4245014245014247,450,0,0,1,352,401584752492,492,4,10:00,600,10,85,90,90,85,5,Jevon Carter makes two point shot,FALSE,0,0,FALSE,0,0,FALSE
nba,2024,401584750,2023-11-01,Houston Rockets,Charlotte Hornets,HOU,CHA,1-3,1-3,128,119,TRUE,Houston Rockets,1-3,NA,NA,NA,NA,NA,NA,NA,NA,NA,NA,Houston Rockets,1-3,Charlotte Hornets,1-3,0.576,0.576,0.583,0.2847341337907374,0.7152658662092626,466,0,0,1,18,40158475030,30,1,8:45,2685,44.75,6,12,12,6,6,P.J. Washington makes 26-foot step back jumpshot,FALSE,0,0,FALSE,0,0,FALSE
nba,2024,401584751,2023-11-01,Minnesota Timberwolves,Denver Nuggets,MIN,DEN,2-2,4-1,110,89,TRUE,Denver Nuggets,4-1,NA,NA,NA,NA,NA,NA,NA,NA,NA,NA,Minnesota Timberwolves,2-2,Denver Nuggets,4-1,0.483,0.517,0.517,0.06576402321083186,0.934235976789168,469,0,0,2,1,4015847514,4,1,12:00,2880,48,0,0,0,0,0,Nikola Jokic vs. Rudy Gobert (Aaron Gordon gains possession),FALSE,0,0,FALSE,0,0,FALSE
nba,2024,401584745,2023-11-01,Atlanta Hawks,Washington Wizards,ATL,WSH,3-2,1-3,130,121,TRUE,Atlanta Hawks,3-2,NA,NA,NA,NA,NA,NA,NA,NA,NA,NA,Atlanta Hawks,3-2,Washington Wizards,1-3,0.791,0.791,0.563,0.6287744227353464,0.3712255772646535,484,0,0,1,125,401584745170,170,2,10:00,2040,34,27,37,37,27,10,Kyle Kuzma makes driving dunk,FALSE,0,0,FALSE,0,0,FALSE
nba,2024,401584746,2023-11-01,Boston Celtics,Indiana Pacers,BOS,IND,4-0,2-2,155,104,TRUE,Boston Celtics,4-0,NA,NA,NA,NA,NA,NA,NA,NA,NA,NA,Boston Celtics,4-0,Indiana Pacers,2-2,0.833,0.833,0.20399999999999996,0.18137254901960753,0.8186274509803925,463,0,0,1,10,40158474620,20,1,10:34,2794,46.56666666666667,4,6,6,4,2,Celtics offensive team rebound,FALSE,0,0,FALSE,0,0,FALSE
nba,2024,401584747,2023-11-01,Miami Heat,Brooklyn Nets,MIA,BKN,1-4,2-2,105,109,FALSE,Miami Heat,1-4,NA,NA,NA,NA,NA,NA,NA,NA,NA,NA,Brooklyn Nets,2-2,Miami Heat,1-4,0.633,0.633,0.951,0.9484752891692954,0.05152471083070464,473,0,0,1,295,401584747434,434,3,5:10,1030,17.166666666666668,71,58,71,58,13,Cam Thomas shooting foul,FALSE,0,0,FALSE,0,0,FALSE
nba,2024,401584748,2023-11-01,New York Knicks,Cleveland Cavaliers,NY,CLE,2-3,2-3,89,95,FALSE,New York Knicks,2-3,NA,NA,NA,NA,NA,NA,NA,NA,NA,NA,Cleveland Cavaliers,2-3,New York Knicks,2-3,0.569,0.569,0.709,0.5895627644569816,0.4104372355430184,482,0,0,2,135,401584748192,192,2,9:32,2012,33.53333333333333,33,28,33,28,5,Isaiah Hartenstein defensive rebound,FALSE,0,0,FALSE,0,0,FALSE
nba,2024,401584749,2023-11-01,Oklahoma City Thunder,New Orleans Pelicans,OKC,NO,3-2,3-1,106,110,FALSE,Oklahoma City Thunder,3-2,NA,NA,NA,NA,NA,NA,NA,NA,NA,NA,New Orleans Pelicans,3-1,Oklahoma City Thunder,3-2,0.649,0.649,0.976,0.975409836065574,0.02459016393442614,550,0,0,4,224,401584749307,307,2,4:32,1712,28.533333333333335,47,25,47,25,22,Thunder offensive team rebound,FALSE,0,0,FALSE,0,0,FALSE
nba,2024,401584743,2023-11-01,Detroit Pistons,Portland Trail Blazers,DET,POR,2-3,2-3,101,110,FALSE,Detroit Pistons,2-3,NA,NA,NA,NA,NA,NA,NA,NA,NA,NA,Portland Trail Blazers,2-3,Detroit Pistons,2-3,0.558,0.558,0.941,0.9373007438894791,0.06269925611052085,467,0,0,1,209,401584743305,305,2,2:17,1577,26.283333333333335,59,41,59,41,18,Marvin Bagley III makes 2-foot dunk (Jaden Ivey assists),FALSE,0,0,FALSE,0,0,FALSE
nba,2024,401584744,2023-11-01,Toronto Raptors,Milwaukee Bucks,TOR,MIL,2-3,2-2,130,111,TRUE,Milwaukee Bucks,2-2,NA,NA,NA,NA,NA,NA,NA,NA,NA,NA,Toronto Raptors,2-3,Milwaukee Bucks,2-2,0.396,0.604,0.622,0.392282958199357,0.607717041800643,475,0,0,1,2,4015847447,7,1,11:48,2868,47.8,0,0,0,0,0,Pascal Siakam double dribble turnover,FALSE,0,0,FALSE,0,0,FALSE
nba,2024,401584742,2023-10-31,LA Clippers,Orlando Magic,LAC,ORL,3-1,2-2,118,102,TRUE,LA Clippers,3-1,NA,NA,NA,NA,NA,NA,NA,NA,NA,NA,LA Clippers,3-1,Orlando Magic,2-2,0.714,0.714,0.6599999999999999,0.5666666666666665,0.43333333333333346,486,0,0,1,192,401584742277,277,2,4:45,1725,28.75,28,37,37,28,9,Bones Hyland misses driving floating jump shot,FALSE,0,0,FALSE,0,0,FALSE
nba,2024,401584741,2023-10-31,Phoenix Suns,San Antonio Spurs,PHX,SA,2-2,2-2,114,115,FALSE,Phoenix Suns,2-2,NA,NA,NA,NA,NA,NA,NA,NA,NA,NA,San Antonio Spurs,2-2,Phoenix Suns,2-2,0.747,0.747,0.985,0.984771573604061,0.01522842639593902,450,0,0,1,256,401584741393,393,3,8:30,1230,20.5,73,53,73,53,20,Grayson Allen defensive rebound,FALSE,0,0,FALSE,0,0,FALSE
nba,2024,401584740,2023-10-31,Cleveland Cavaliers,New York Knicks,CLE,NY,1-3,2-2,91,109,FALSE,Cleveland Cavaliers,1-3,NA,NA,NA,NA,NA,NA,NA,NA,NA,NA,New York Knicks,2-2,Cleveland Cavaliers,1-3,0.543,0.543,0.613,0.3686786296900488,0.6313213703099512,462,0,0,1,10,40158474015,15,1,10:38,2798,46.63333333333333,4,2,4,2,2,Isaac Okoro defensive rebound,FALSE,0,0,FALSE,0,0,FALSE
nba,2024,401584739,2023-10-30,Los Angeles Lakers,Orlando Magic,LAL,ORL,2-2,2-1,106,103,TRUE,Los Angeles Lakers,2-2,NA,NA,NA,NA,NA,NA,NA,NA,NA,NA,Los Angeles Lakers,2-2,Orlando Magic,2-1,0.525,0.525,0.853,0.8276670574443141,0.17233294255568588,453,0,0,1,401,401584739597,597,4,5:22,322,5.366666666666666,91,96,96,91,5,Magic defensive team rebound,FALSE,0,0,FALSE,0,0,FALSE
nba,2024,401584738,2023-10-30,Denver Nuggets,Utah Jazz,DEN,UTAH,4-0,1-3,110,102,TRUE,Denver Nuggets,4-0,NA,NA,NA,NA,NA,NA,NA,NA,NA,NA,Denver Nuggets,4-0,Utah Jazz,1-3,0.686,0.686,0.31999999999999995,0.01875000000000004,0.98125,461,0,0,1,11,40158473817,17,1,10:43,2803,46.71666666666667,2,3,3,2,1,Talen Horton-Tucker makes 3-foot layup (Jordan Clarkson assists),FALSE,0,0,FALSE,0,0,FALSE
nba,2024,401584734,2023-10-30,Memphis Grizzlies,Dallas Mavericks,MEM,DAL,0-4,3-0,110,125,FALSE,Dallas Mavericks,3-0,NA,NA,NA,NA,NA,NA,NA,NA,NA,NA,Dallas Mavericks,3-0,Memphis Grizzlies,0-4,0.48,0.52,0.72,0.6111111111111112,0.3888888888888888,479,0,0,1,127,401584734178,178,2,10:35,2075,34.583333333333336,38,30,38,30,8,John Konchar offensive rebound,FALSE,0,0,FALSE,0,0,FALSE
nba,2024,401584735,2023-10-30,Milwaukee Bucks,Miami Heat,MIL,MIA,2-1,1-3,122,114,TRUE,Milwaukee Bucks,2-1,NA,NA,NA,NA,NA,NA,NA,NA,NA,NA,Milwaukee Bucks,2-1,Miami Heat,1-3,0.665,0.665,0.469,0.2857142857142857,0.7142857142857143,460,0,0,1,58,40158473585,85,1,4:52,2452,40.86666666666667,15,20,20,15,5,Jimmy Butler makes 23-foot three point jumper,FALSE,0,0,FALSE,0,0,FALSE
nba,2024,401584736,2023-10-30,New Orleans Pelicans,Golden State Warriors,NO,GS,2-1,3-1,102,130,FALSE,New Orleans Pelicans,2-1,NA,NA,NA,NA,NA,NA,NA,NA,NA,NA,Golden State Warriors,3-1,New Orleans Pelicans,2-1,0.564,0.564,0.679,0.5272459499263624,0.4727540500736376,509,0,0,1,23,40158473636,36,1,9:08,2708,45.13333333333333,10,5,10,5,5,Zion Williamson makes driving layup,FALSE,0,0,FALSE,0,0,FALSE
nba,2024,401584737,2023-10-30,Oklahoma City Thunder,Detroit Pistons,OKC,DET,3-1,2-2,124,112,TRUE,Oklahoma City Thunder,3-1,NA,NA,NA,NA,NA,NA,NA,NA,NA,NA,Oklahoma City Thunder,3-1,Detroit Pistons,2-2,0.638,0.638,0.407,0.11056511056511054,0.8894348894348895,497,0,0,1,5,40158473713,13,1,11:37,2857,47.61666666666667,0,1,1,0,1,Killian Hayes makes free throw 1 of 2,FALSE,0,0,FALSE,0,0,FALSE
nba,2024,401584732,2023-10-30,Atlanta Hawks,Minnesota Timberwolves,ATL,MIN,2-2,1-2,127,113,TRUE,Atlanta Hawks,2-2,NA,NA,NA,NA,NA,NA,NA,NA,NA,NA,Atlanta Hawks,2-2,Minnesota Timberwolves,1-2,0.531,0.531,0.974,0.973305954825462,0.0266940451745381,436,0,0,1,228,401584732333,333,3,9:08,1268,21.133333333333333,65,86,86,65,21,Mike Conley makes 24-foot three point jumper (Anthony Edwards assists),FALSE,0,0,FALSE,0,0,FALSE
nba,2024,401584733,2023-10-30,Toronto Raptors,Portland Trail Blazers,TOR,POR,1-3,1-3,91,99,FALSE,Toronto Raptors,1-3,NA,NA,NA,NA,NA,NA,NA,NA,NA,NA,Portland Trail Blazers,1-3,Toronto Raptors,1-3,0.772,0.772,0.858,0.8344988344988344,0.16550116550116556,448,0,0,1,14,40158473325,25,1,10:22,2782,46.36666666666667,8,2,8,2,6,Pascal Siakam makes dunk (Dennis Schroder assists),FALSE,0,0,FALSE,0,0,FALSE
nba,2024,401584729,2023-10-30,Charlotte Hornets,Brooklyn Nets,CHA,BKN,1-2,1-2,121,133,FALSE,Brooklyn Nets,1-2,NA,NA,NA,NA,NA,NA,NA,NA,NA,NA,Brooklyn Nets,1-2,Charlotte Hornets,1-2,0.436,0.5640000000000001,0.436,1.1102230246251563e-16,1,470,0,0,1,1,4015847294,4,1,12:00,2880,48,0,0,0,0,0,Ben Simmons vs. Mark Williams (LaMelo Ball gains possession),FALSE,0,0,FALSE,0,0,FALSE
nba,2024,401584730,2023-10-30,Indiana Pacers,Chicago Bulls,IND,CHI,2-1,2-2,105,112,FALSE,Indiana Pacers,2-1,NA,NA,NA,NA,NA,NA,NA,NA,NA,NA,Chicago Bulls,2-2,Indiana Pacers,2-1,0.642,0.642,0.821,0.7819732034104749,0.21802679658952503,489,0,0,1,298,401584730420,420,3,4:01,961,16.016666666666666,79,71,79,71,8,Buddy Hield makes two point shot (Aaron Nesmith assists),FALSE,0,0,FALSE,0,0,FALSE
nba,2024,401584731,2023-10-30,Washington Wizards,Boston Celtics,WSH,BOS,1-2,3-0,107,126,FALSE,Boston Celtics,3-0,NA,NA,NA,NA,NA,NA,NA,NA,NA,NA,Boston Celtics,3-0,Washington Wizards,1-2,0.24,0.76,0.257,0.06614785992217909,0.9338521400778208,463,0,0,1,3,4015847318,8,1,11:41,2861,47.68333333333333,0,0,0,0,0,Deni Avdija defensive rebound,FALSE,0,0,FALSE,0,0,FALSE
nba,2024,401584727,2023-10-29,LA Clippers,San Antonio Spurs,LAC,SA,2-1,1-2,123,83,TRUE,LA Clippers,2-1,NA,NA,NA,NA,NA,NA,NA,NA,NA,NA,LA Clippers,2-1,San Antonio Spurs,1-2,0.814,0.814,0.276,0.326086956521739,0.673913043478261,468,0,0,1,8,40158472717,17,1,10:54,2814,46.9,0,3,3,0,3,Ivica Zubac shooting foul,FALSE,0,0,FALSE,0,0,FALSE
nba,2024,401584728,2023-10-29,Sacramento Kings,Los Angeles Lakers,SAC,LAL,2-1,1-2,132,127,TRUE,Sacramento Kings,2-1,NA,NA,NA,NA,NA,NA,NA,NA,NA,NA,Sacramento Kings,2-1,Los Angeles Lakers,1-2,0.532,0.532,0.732,0.6338797814207651,0.36612021857923494,546,0,0,5,392,401584728570,570,4,8:32,812,13.533333333333331,92,97,97,92,5,D'Angelo Russell makes two point shot (LeBron James assists),FALSE,0,0,FALSE,0,0,FALSE
nba,2024,401584726,2023-10-29,Philadelphia 76ers,Portland Trail Blazers,PHI,POR,2-1,0-3,126,98,TRUE,Philadelphia 76ers,2-1,NA,NA,NA,NA,NA,NA,NA,NA,NA,NA,Philadelphia 76ers,2-1,Portland Trail Blazers,0-3,0.722,0.722,0.5720000000000001,0.513986013986014,0.4860139860139861,490,0,0,2,215,401584726314,314,2,2:38,1598,26.633333333333333,52,58,58,52,6,Tyrese Maxey misses two point shot,FALSE,0,0,FALSE,0,0,FALSE
nba,2024,401584724,2023-10-29,Houston Rockets,Golden State Warriors,HOU,GS,0-3,2-1,95,106,FALSE,Golden State Warriors,2-1,NA,NA,NA,NA,NA,NA,NA,NA,NA,NA,Golden State Warriors,2-1,Houston Rockets,0-3,0.327,0.673,0.699,0.5693848354792559,0.4306151645207441,457,0,0,2,388,401584724559,559,4,6:42,402,6.7,87,85,87,85,2,Klay Thompson shooting foul,FALSE,0,0,FALSE,0,0,FALSE
nba,2024,401584725,2023-10-29,Milwaukee Bucks,Atlanta Hawks,MIL,ATL,1-1,1-2,110,127,FALSE,Milwaukee Bucks,1-1,NA,NA,NA,NA,NA,NA,NA,NA,NA,NA,Atlanta Hawks,1-2,Milwaukee Bucks,1-1,0.67,0.67,0.67,0.5074626865671643,0.4925373134328357,476,0,0,1,1,4015847254,4,1,12:00,2880,48,0,0,0,0,0,Clint Capela vs. Brook Lopez (Giannis Antetokounmpo gains possession),FALSE,0,0,FALSE,0,0,FALSE
nba,2024,401584723,2023-10-29,Oklahoma City Thunder,Denver Nuggets,OKC,DEN,2-1,3-0,95,128,FALSE,Denver Nuggets,3-0,NA,NA,NA,NA,NA,NA,NA,NA,NA,NA,Denver Nuggets,3-0,Oklahoma City Thunder,2-1,0.492,0.508,0.514,0.05447470817120625,0.9455252918287936,429,0,0,1,11,40158472323,23,1,10:10,2770,46.166666666666664,5,4,5,4,1,Chet Holmgren makes 7-foot two point shot (Jalen Williams assists),FALSE,0,0,FALSE,0,0,FALSE
nba,2024,401584722,2023-10-28,Phoenix Suns,Utah Jazz,PHX,UTAH,2-1,1-2,126,104,TRUE,Phoenix Suns,2-1,NA,NA,NA,NA,NA,NA,NA,NA,NA,NA,Phoenix Suns,2-1,Utah Jazz,1-2,0.613,0.613,0.467,0.17130620985010714,0.8286937901498929,460,0,0,1,11,40158472216,16,1,10:19,2779,46.31666666666667,0,4,4,0,4,John Collins makes layup (Jordan Clarkson assists),FALSE,0,0,FALSE,0,0,FALSE
nba,2024,401584721,2023-10-28,Minnesota Timberwolves,Miami Heat,MIN,MIA,1-1,1-2,106,90,TRUE,Minnesota Timberwolves,1-1,NA,NA,NA,NA,NA,NA,NA,NA,NA,NA,Minnesota Timberwolves,1-1,Miami Heat,1-2,0.691,0.691,0.571,0.45884413309982475,0.5411558669001753,427,0,0,1,113,401584721156,156,2,10:58,2098,34.96666666666667,26,33,33,26,7,Shake Milton out of bounds bad pass turnover,FALSE,0,0,FALSE,0,0,FALSE
nba,2024,401584719,2023-10-28,Cleveland Cavaliers,Indiana Pacers,CLE,IND,1-2,2-0,113,125,FALSE,Cleveland Cavaliers,1-2,NA,NA,NA,NA,NA,NA,NA,NA,NA,NA,Indiana Pacers,2-0,Cleveland Cavaliers,1-2,0.532,0.532,0.865,0.8439306358381502,0.1560693641618498,474,0,0,1,78,401584719104,104,1,4:43,2443,40.71666666666667,27,12,27,12,15,Georges Niang defensive rebound,FALSE,0,0,FALSE,0,0,FALSE
nba,2024,401584720,2023-10-28,Toronto Raptors,Philadelphia 76ers,TOR,PHI,1-2,1-1,107,114,FALSE,Philadelphia 76ers,1-1,NA,NA,NA,NA,NA,NA,NA,NA,NA,NA,Philadelphia 76ers,1-1,Toronto Raptors,1-2,0.397,0.603,0.744,0.6559139784946237,0.34408602150537626,436,0,0,1,112,401584720168,168,2,11:02,2102,35.03333333333333,40,29,40,29,11,Malachi Flynn makes technical free throw,FALSE,0,0,FALSE,0,0,FALSE
nba,2024,401584716,2023-10-28,Detroit Pistons,Chicago Bulls,DET,CHI,2-1,1-2,118,102,TRUE,Chicago Bulls,1-2,NA,NA,NA,NA,NA,NA,NA,NA,NA,NA,Detroit Pistons,2-1,Chicago Bulls,1-2,0.476,0.524,0.622,0.392282958199357,0.607717041800643,466,0,0,1,66,40158471698,98,1,3:00,2340,39,20,24,24,20,4,Zach LaVine makes step back jumpshot,FALSE,0,0,FALSE,0,0,FALSE
nba,2024,401584717,2023-10-28,Washington Wizards,Memphis Grizzlies,WSH,MEM,1-1,0-3,113,106,TRUE,Washington Wizards,1-1,NA,NA,NA,NA,NA,NA,NA,NA,NA,NA,Washington Wizards,1-1,Memphis Grizzlies,0-3,0.602,0.602,0.583,0.3173241852487134,0.6826758147512866,475,0,0,1,29,40158471737,37,1,9:01,2701,45.016666666666666,0,6,6,0,6,Jaren Jackson Jr. makes free throw 1 of 2,FALSE,0,0,FALSE,0,0,FALSE
nba,2024,401584718,2023-10-28,New Orleans Pelicans,New York Knicks,NO,NY,2-0,1-2,96,87,TRUE,New Orleans Pelicans,2-0,NA,NA,NA,NA,NA,NA,NA,NA,NA,NA,New Orleans Pelicans,2-0,New York Knicks,1-2,0.589,0.589,0.4429999999999999,0.07223476297968368,0.9277652370203164,478,0,0,1,13,40158471821,21,1,10:32,2792,46.53333333333333,0,2,2,0,2,RJ Barrett makes driving layup (Julius Randle assists),FALSE,0,0,FALSE,0,0,FALSE
nba,2024,401584714,2023-10-27,Portland Trail Blazers,Orlando Magic,POR,ORL,0-2,2-0,97,102,FALSE,Orlando Magic,2-0,NA,NA,NA,NA,NA,NA,NA,NA,NA,NA,Orlando Magic,2-0,Portland Trail Blazers,0-2,0.45,0.55,0.657,0.47792998477929993,0.5220700152207001,466,0,0,1,189,401584714267,267,2,3:15,1635,27.25,52,47,52,47,5,Paolo Banchero misses free throw 2 of 2,FALSE,0,0,FALSE,0,0,FALSE
nba,2024,401584715,2023-10-27,Sacramento Kings,Golden State Warriors,SAC,GS,1-1,1-1,114,122,FALSE,Sacramento Kings,1-1,NA,NA,NA,NA,NA,NA,NA,NA,NA,NA,Golden State Warriors,1-1,Sacramento Kings,1-1,0.556,0.556,0.828,0.7922705314009661,0.20772946859903385,488,0,0,1,126,401584715185,185,2,9:41,2021,33.68333333333333,37,26,37,26,11,Chris Paul misses 20-foot two point shot,FALSE,0,0,FALSE,0,0,FALSE
nba,2024,401584713,2023-10-27,Utah Jazz,LA Clippers,UTAH,LAC,1-1,1-1,120,118,TRUE,LA Clippers,1-1,NA,NA,NA,NA,NA,NA,NA,NA,NA,NA,Utah Jazz,1-1,LA Clippers,1-1,0.487,0.513,0.73,0.6301369863013699,0.36986301369863006,473,0,0,1,421,401584713603,603,4,4:30,270,4.5,105,109,109,105,4,Kawhi Leonard makes 28-foot three point jumper (Paul George assists),FALSE,0,0,FALSE,0,0,FALSE
nba,2024,401584712,2023-10-27,Dallas Mavericks,Brooklyn Nets,DAL,BKN,2-0,0-2,125,120,TRUE,Dallas Mavericks,2-0,NA,NA,NA,NA,NA,NA,NA,NA,NA,NA,Dallas Mavericks,2-0,Brooklyn Nets,0-2,0.573,0.573,0.874,0.8558352402745995,0.14416475972540055,477,0,0,1,445,401584712641,641,4,2:21,141,2.35,113,118,118,113,5,Cam Thomas blocks Tim Hardaway Jr.'s driving floating jump shot,FALSE,0,0,FALSE,0,0,FALSE
nba,2024,401584710,2023-10-27,Chicago Bulls,Toronto Raptors,CHI,TOR,1-1,1-1,104,103,TRUE,Chicago Bulls,1-1,NA,NA,NA,NA,NA,NA,NA,NA,NA,NA,Chicago Bulls,1-1,Toronto Raptors,1-1,0.549,0.549,0.998,0.997995991983968,0.00200400801603195,549,0,0,5,415,401584710600,600,4,4:58,598,9.966666666666669,71,88,88,71,17,Gary Trent Jr. makes layup (Pascal Siakam assists),FALSE,0,0,FALSE,0,0,FALSE
nba,2024,401584711,2023-10-27,San Antonio Spurs,Houston Rockets,SA,HOU,1-1,0-2,126,122,TRUE,San Antonio Spurs,1-1,NA,NA,NA,NA,NA,NA,NA,NA,NA,NA,San Antonio Spurs,1-1,Houston Rockets,0-2,0.522,0.522,0.899,0.8876529477196886,0.1123470522803114,536,0,0,1,326,401584711472,472,3,9.1,1029.1,17.151666666666664,73,83,83,73,10,Cedi Osman misses 29-foot three point jumper,FALSE,0,0,FALSE,0,0,FALSE
nba,2024,401584707,2023-10-27,Atlanta Hawks,New York Knicks,ATL,NY,0-2,1-1,120,126,FALSE,Atlanta Hawks,0-2,NA,NA,NA,NA,NA,NA,NA,NA,NA,NA,New York Knicks,1-1,Atlanta Hawks,0-2,0.588,0.588,0.606,0.34983498349834985,0.6501650165016502,476,0,0,1,3,4015847079,9,1,11:37,2857,47.61666666666667,0,0,0,0,0,Trae Young defensive rebound,FALSE,0,0,FALSE,0,0,FALSE
nba,2024,401584708,2023-10-27,Boston Celtics,Miami Heat,BOS,MIA,2-0,1-1,119,111,TRUE,Boston Celtics,2-0,NA,NA,NA,NA,NA,NA,NA,NA,NA,NA,Boston Celtics,2-0,Miami Heat,1-1,0.711,0.711,0.6819999999999999,0.5762463343108504,0.4237536656891496,468,0,0,1,70,40158470898,98,1,4:52,2452,40.86666666666667,13,26,26,13,13,Sam Hauser misses 26-foot three point jumper,FALSE,0,0,FALSE,0,0,FALSE
nba,2024,401584709,2023-10-27,Cleveland Cavaliers,Oklahoma City Thunder,CLE,OKC,1-1,2-0,105,108,FALSE,Cleveland Cavaliers,1-1,NA,NA,NA,NA,NA,NA,NA,NA,NA,NA,Oklahoma City Thunder,2-0,Cleveland Cavaliers,1-1,0.658,0.658,0.991,0.9909182643794148,0.00908173562058523,510,0,0,1,461,401584709660,660,4,2:25,145,2.4166666666666665,100,90,100,90,10,Shai Gilgeous-Alexander misses 7-foot two point shot,FALSE,0,0,FALSE,0,0,FALSE
nba,2024,401584705,2023-10-27,Charlotte Hornets,Detroit Pistons,CHA,DET,1-1,1-1,99,111,FALSE,Charlotte Hornets,1-1,NA,NA,NA,NA,NA,NA,NA,NA,NA,NA,Detroit Pistons,1-1,Charlotte Hornets,1-1,0.641,0.641,0.672,0.5119047619047621,0.4880952380952379,531,0,0,2,35,40158470562,62,1,7:14,2594,43.233333333333334,9,7,9,7,2,Cade Cunningham misses 14-foot pullup jump shot,FALSE,0,0,FALSE,0,0,FALSE
nba,2024,401584706,2023-10-27,Memphis Grizzlies,Denver Nuggets,MEM,DEN,0-2,2-0,104,108,FALSE,Denver Nuggets,2-0,NA,NA,NA,NA,NA,NA,NA,NA,NA,NA,Denver Nuggets,2-0,Memphis Grizzlies,0-2,0.391,0.609,0.594,0.3417508417508417,0.6582491582491583,486,0,0,1,444,401584706656,656,4,4:09,249,4.15,98,97,98,97,1,Nikola Jokic bad pass (Marcus Smart steals),FALSE,0,0,FALSE,0,0,FALSE
nba,2024,401584704,2023-10-26,Los Angeles Lakers,Phoenix Suns,LAL,PHX,1-1,1-1,100,95,TRUE,Los Angeles Lakers,1-1,NA,NA,NA,NA,NA,NA,NA,NA,NA,NA,Los Angeles Lakers,1-1,Phoenix Suns,1-1,0.685,0.685,0.934,0.929336188436831,0.07066381156316903,481,0,0,1,357,401584704514,514,4,11:36,696,11.6,72,84,84,72,12,Drew Eubanks defensive rebound,FALSE,0,0,FALSE,0,0,FALSE
nba,2024,401584703,2023-10-26,Milwaukee Bucks,Philadelphia 76ers,MIL,PHI,1-0,0-1,118,117,TRUE,Milwaukee Bucks,1-0,NA,NA,NA,NA,NA,NA,NA,NA,NA,NA,Milwaukee Bucks,1-0,Philadelphia 76ers,0-1,0.647,0.647,0.914,0.9059080962800876,0.09409190371991238,486,0,0,1,418,401584703612,612,4,6:35,395,6.583333333333333,94,102,102,94,8,Joel Embiid defensive rebound,FALSE,0,0,FALSE,0,0,FALSE
nba,2024,401584702,2023-10-25,LA Clippers,Portland Trail Blazers,LAC,POR,1-0,0-1,123,111,TRUE,LA Clippers,1-0,NA,NA,NA,NA,NA,NA,NA,NA,NA,NA,LA Clippers,1-0,Portland Trail Blazers,0-1,0.741,0.741,0.261,0.00766283524904209,0.992337164750958,475,0,0,1,7,40158470213,13,1,11:32,2852,47.53333333333333,0,0,0,0,0,Paul George out of bounds bad pass turnover,FALSE,0,0,FALSE,0,0,FALSE
nba,2024,401584701,2023-10-25,San Antonio Spurs,Dallas Mavericks,SA,DAL,0-1,1-0,119,126,FALSE,Dallas Mavericks,1-0,NA,NA,NA,NA,NA,NA,NA,NA,NA,NA,Dallas Mavericks,1-0,San Antonio Spurs,0-1,0.362,0.638,0.792,0.7373737373737375,0.26262626262626254,499,0,0,1,229,401584701330,330,2,1:13,1513,25.216666666666665,68,56,68,56,12,Devin Vassell makes 25-foot three point jumper (Keldon Johnson assists),FALSE,0,0,FALSE,0,0,FALSE
nba,2024,401584700,2023-10-25,Utah Jazz,Sacramento Kings,UTAH,SAC,0-1,1-0,114,130,FALSE,Utah Jazz,0-1,NA,NA,NA,NA,NA,NA,NA,NA,NA,NA,Sacramento Kings,1-0,Utah Jazz,0-1,0.564,0.564,0.564,0.22695035460992896,0.773049645390071,520,0,0,1,1,4015847004,4,1,12:00,2880,48,0,0,0,0,0,Domantas Sabonis vs. Walker Kessler (Jordan Clarkson gains possession),FALSE,0,0,FALSE,0,0,FALSE
nba,2024,401584698,2023-10-25,Chicago Bulls,Oklahoma City Thunder,CHI,OKC,0-1,1-0,104,124,FALSE,Chicago Bulls,0-1,NA,NA,NA,NA,NA,NA,NA,NA,NA,NA,Oklahoma City Thunder,1-0,Chicago Bulls,0-1,0.552,0.552,0.674,0.5163204747774481,0.48367952522255186,467,0,0,1,173,401584698251,251,2,8:04,1924,32.06666666666667,43,39,43,39,4,Jalen Williams bad pass (Patrick Williams steals),FALSE,0,0,FALSE,0,0,FALSE
nba,2024,401584699,2023-10-25,Memphis Grizzlies,New Orleans Pelicans,MEM,NO,0-1,1-0,104,111,FALSE,Memphis Grizzlies,0-1,NA,NA,NA,NA,NA,NA,NA,NA,NA,NA,New Orleans Pelicans,1-0,Memphis Grizzlies,0-1,0.502,0.502,0.727,0.6244841815680879,0.37551581843191206,487,0,0,1,139,401584699203,203,2,10:25,2065,34.416666666666664,33,25,33,25,8,Jonas Valanciunas misses 26-foot three point jumper,FALSE,0,0,FALSE,0,0,FALSE
nba,2024,401584695,2023-10-25,Brooklyn Nets,Cleveland Cavaliers,BKN,CLE,0-1,1-0,113,114,FALSE,Brooklyn Nets,0-1,NA,NA,NA,NA,NA,NA,NA,NA,NA,NA,Cleveland Cavaliers,1-0,Brooklyn Nets,0-1,0.53,0.53,0.952,0.9495798319327732,0.05042016806722693,478,0,0,1,452,401584695670,670,4,1:24,84,1.4,110,105,110,105,5,Mikal Bridges makes free throw 1 of 2,FALSE,0,0,FALSE,0,0,FALSE
nba,2024,401584696,2023-10-25,Miami Heat,Detroit Pistons,MIA,DET,1-0,0-1,103,102,TRUE,Miami Heat,1-0,NA,NA,NA,NA,NA,NA,NA,NA,NA,NA,Miami Heat,1-0,Detroit Pistons,0-1,0.802,0.802,0.5920000000000001,0.6655405405405407,0.3344594594594593,485,0,0,1,467,401584696678,678,4,1:12,72,1.2,103,102,102,103,-1,Kyle Lowry personal foul,FALSE,0,0,FALSE,0,0,FALSE
nba,2024,401584697,2023-10-25,Toronto Raptors,Minnesota Timberwolves,TOR,MIN,1-0,0-1,97,94,TRUE,Toronto Raptors,1-0,NA,NA,NA,NA,NA,NA,NA,NA,NA,NA,Toronto Raptors,1-0,Minnesota Timberwolves,0-1,0.525,0.525,0.652,0.4662576687116564,0.5337423312883436,493,0,0,1,75,401584697103,103,1,5:07,2467,41.11666666666667,11,16,16,11,5,Anthony Edwards makes free throw 1 of 2,FALSE,0,0,FALSE,0,0,FALSE
nba,2024,401584691,2023-10-25,Charlotte Hornets,Atlanta Hawks,CHA,ATL,1-0,0-1,116,110,TRUE,Atlanta Hawks,0-1,NA,NA,NA,NA,NA,NA,NA,NA,NA,NA,Charlotte Hornets,1-0,Atlanta Hawks,0-1,0.39,0.61,0.856,0.8317757009345794,0.16822429906542058,501,0,0,3,174,401584691258,258,2,5:42,1782,29.7,35,45,45,35,10,Jalen Johnson makes free throw 1 of 2,FALSE,0,0,FALSE,0,0,FALSE
nba,2024,401584692,2023-10-25,Indiana Pacers,Washington Wizards,IND,WSH,1-0,0-1,143,120,TRUE,Indiana Pacers,1-0,NA,NA,NA,NA,NA,NA,NA,NA,NA,NA,Indiana Pacers,1-0,Washington Wizards,0-1,0.647,0.647,0.653,0.46860643185298634,0.5313935681470137,489,0,0,1,100,401584692151,151,1,38.1,2198.1,36.635,32,39,39,32,7,Jalen Smith shooting foul,FALSE,0,0,FALSE,0,0,FALSE
nba,2024,401584693,2023-10-25,New York Knicks,Boston Celtics,NY,BOS,0-1,1-0,104,108,FALSE,Boston Celtics,1-0,NA,NA,NA,NA,NA,NA,NA,NA,NA,NA,Boston Celtics,1-0,New York Knicks,0-1,0.401,0.599,0.919,0.911860718171926,0.08813928182807396,498,0,0,2,431,401584693624,624,4,4:10,250,4.166666666666667,99,93,99,93,6,Jaylen Brown shooting foul,FALSE,0,0,FALSE,0,0,FALSE
nba,2024,401584694,2023-10-25,Orlando Magic,Houston Rockets,ORL,HOU,1-0,0-1,116,86,TRUE,Orlando Magic,1-0,NA,NA,NA,NA,NA,NA,NA,NA,NA,NA,Orlando Magic,1-0,Houston Rockets,0-1,0.64,0.64,0.466,0.22746781115879833,0.7725321888412017,464,0,0,1,23,40158469437,37,1,8:43,2683,44.71666666666667,3,6,6,3,3,Alperen Sengun defensive rebound,FALSE,0,0,FALSE,0,0,FALSE
nba,2024,401584690,2023-10-24,Golden State Warriors,Phoenix Suns,GS,PHX,0-1,1-0,104,108,FALSE,Golden State Warriors,0-1,NA,NA,NA,NA,NA,NA,NA,NA,NA,NA,Phoenix Suns,1-0,Golden State Warriors,0-1,0.659,0.659,0.853,0.8276670574443141,0.17233294255568588,530,0,0,1,411,401584690574,574,4,11:42,702,11.7,88,80,88,80,8,Jonathan Kuminga makes finger roll layup (Dario Saric assists),FALSE,0,0,FALSE,0,0,FALSE
nba,2024,401584689,2023-10-24,Denver Nuggets,Los Angeles Lakers,DEN,LAL,1-0,0-1,119,107,TRUE,Denver Nuggets,1-0,NA,NA,NA,NA,NA,NA,NA,NA,NA,NA,Denver Nuggets,1-0,Los Angeles Lakers,0-1,0.607,0.607,0.474,0.170886075949367,0.829113924050633,449,0,0,1,15,40158468925,25,1,9:16,2716,45.266666666666666,7,10,10,7,3,Nikola Jokic misses 6-foot two point shot,FALSE,0,0,FALSE,0,0,FALSE
