league,season,game_id,game_date,home_team,away_team,home_team_abbr,away_team_abbr,home_record,away_record,home_final,away_final,home_won,favorite_team,favorite_record,pregame_favorite_side_odds,pregame_favorite_team_abbr_odds,pregame_spread_abs,pregame_total_line,pregame_home_moneyline,pregame_away_moneyline,pregame_home_spread_odds,pregame_away_spread_odds,pregame_odds_n_providers,pregame_odds_source,winner_team,winner_record,loser_team,loser_record,starting_wp_home,starting_wp_favored,max_wp_loser,pit_u,pit_tail_prob,n_updates,n_missing_time,prop_missing_time,peak_rows,peak_first_update_index,peak_first_play_id,peak_first_sequence_number,peak_first_period_number,peak_first_clock_display,peak_first_game_seconds_remaining,peak_first_minutes_remaining,peak_first_home_score,peak_first_away_score,peak_first_loser_score,peak_first_winner_score,peak_first_loser_score_margin,peak_first_play_text,had_bad_1,n_bad_1_rows,n_bad_1_runs,had_bad_0,n_bad_0_rows,n_bad_0_runs,had_extreme_patch
nfl,2020,401220225,2020-09-11T00:20Z,Kansas City Chiefs,Houston Texans,KC,HOU,1-0,0-1,34,20,TRUE,Kansas City Chiefs,1-0,NA,NA,NA,NA,NA,NA,NA,NA,NA,NA,Kansas City Chiefs,1-0,Houston Texans,0-1,0.772,0.772,0.415,0.45060240963855425,0.5493975903614458,163,4,0.024539877300613498,1,28,401220225672,67200,1,04:21:00,2961,49.35,0,7,7,0,7,(4:21) C.Edwards-Helaire right guard to KC 33 for 1 yard (B.McKinney).,FALSE,0,0,FALSE,0,0,FALSE
nfl,2020,401220313,2020-09-13T17:00Z,Atlanta Falcons,Seattle Seahawks,ATL,SEA,0-1,1-0,25,38,FALSE,Seattle Seahawks,1-0,home,ATL,1,49.5,-112,102,-105,-105,1,nflreadr,Seattle Seahawks,1-0,Atlanta Falcons,0-1,0.484,0.516,0.677,0.5228951255539145,0.4771048744460855,180,2,0.011111111111111112,1,13,401220313326,32600,1,11:00:00,3360,56,3,0,3,0,3,(11:05) R.Wilson sacked at SEA 14 for -9 yards (T.McKinley).,FALSE,0,0,FALSE,0,0,FALSE
nfl,2020,401220116,2020-09-13T17:00Z,Buffalo Bills,New York Jets,BUF,NYJ,1-0,0-1,27,17,TRUE,Buffalo Bills,1-0,home,BUF,6.5,39.5,-279,242,100,-110,1,nflreadr,Buffalo Bills,1-0,New York Jets,0-1,0.636,0.636,0.371,0.018867924528301883,0.9811320754716981,182,4,0.02197802197802198,1,12,401220116290,29000,1,11:33:00,3393,56.55,0,0,0,0,0,"(11:42) (No Huddle, Shotgun) J.Allen right tackle to NYJ 27 for 6 yards (M.Maye). FUMBLES (M.Maye), RECOVERED by NYJ-B.McDougald at NYJ 21. B.McDougald to NYJ 19 for -2 yards (D.Singletary).",FALSE,0,0,FALSE,0,0,FALSE
nfl,2020,401220282,2020-09-13T17:00Z,Detroit Lions,Chicago Bears,DET,CHI,0-1,1-0,23,27,FALSE,Chicago Bears,1-0,home,DET,2.5,42.5,-128,116,-102,-108,1,nflreadr,Chicago Bears,1-0,Detroit Lions,0-1,0.484,0.516,0.983,0.9827060020345879,0.01729399796541209,188,5,0.026595744680851064,2,154,4012202823727,372700,4,07:02:00,422,7.033333333333333,23,13,23,13,10,(7:02) A.Peterson left end to CHI 35 for 14 yards (K.Mack).,FALSE,0,0,FALSE,0,0,FALSE
nfl,2020,401220300,2020-09-13T17:00Z,Minnesota Vikings,Green Bay Packers,MIN,GB,0-1,1-0,34,43,FALSE,Minnesota Vikings,0-1,home,MIN,1,45,-114,103,-107,-103,1,nflreadr,Green Bay Packers,1-0,Minnesota Vikings,0-1,0.531,0.531,0.667,0.5007496251874064,0.4992503748125936,165,4,0.024242424242424242,2,40,401220300924,92400,2,12:21:00,2541,42.35,7,3,7,3,4,(12:21) (Shotgun) A.Rodgers pass incomplete short left to D.Adams (H.Hill).,FALSE,0,0,FALSE,0,0,FALSE
nfl,2020,401220131,2020-09-13T17:00Z,New England Patriots,Miami Dolphins,NE,MIA,1-0,0-1,21,11,TRUE,New England Patriots,1-0,home,NE,7.5,41.5,-327,278,102,-112,1,nflreadr,New England Patriots,1-0,Miami Dolphins,0-1,0.7,0.7,0.415,0.27710843373493965,0.7228915662650603,153,1,0.006535947712418301,1,26,401220131568,56800,1,03:11:00,2891,48.18333333333333,0,0,0,0,0,"(3:11) (Shotgun) M.Onwenu reported in as eligible.  S.Michel left tackle to NE 31 for 2 yards (E.Roberts, S.Lawson).",FALSE,0,0,FALSE,0,0,FALSE
nfl,2020,401220268,2020-09-13T17:00Z,Washington,Philadelphia Eagles,WSH,PHI,1-0,0-1,27,17,TRUE,Philadelphia Eagles,0-1,NA,NA,NA,NA,NA,NA,NA,NA,NA,NA,Washington,1-0,Philadelphia Eagles,0-1,0.298,0.702,0.973,0.9722507708119219,0.027749229188078095,186,3,0.016129032258064516,1,70,4012202681691,169100,2,03:10:00,1990,33.166666666666664,0,17,17,0,17,"(3:10) C.Johnston punts 51 yards to WAS 26, Center-R.Lovato. S.Sims MUFFS catch, and recovers at WAS 27. S.Sims to WAS 27 for no gain (R.Ford).",FALSE,0,0,FALSE,0,0,FALSE
nfl,2020,401220370,2020-09-13T17:00Z,Carolina Panthers,Las Vegas Raiders,CAR,LV,0-1,1-0,30,34,FALSE,Las Vegas Raiders,1-0,away,LV,3,48,134,-124,-113,-112,1,nflreadr,Las Vegas Raiders,1-0,Carolina Panthers,0-1,0.47,0.53,0.725,0.6206896551724137,0.3793103448275863,170,20,0.11764705882352941,1,146,4012203703427,342700,4,06:39:00,399,6.65,30,27,30,27,3,(6:39) (Shotgun) D.Carr pass short right to D.Booker to CAR 37 for 14 yards (S.Thompson).,FALSE,0,0,FALSE,0,0,FALSE
nfl,2020,401220195,2020-09-13T17:00Z,Jacksonville Jaguars,Indianapolis Colts,JAX,IND,1-0,0-1,27,20,TRUE,Indianapolis Colts,0-1,away,IND,7,44,265,-309,-102,-108,1,nflreadr,Jacksonville Jaguars,1-0,Indianapolis Colts,0-1,0.39,0.61,0.9,0.8888888888888888,0.11111111111111116,153,7,0.0457516339869281,1,30,401220195916,91600,NA,NA,NA,NA,NA,NA,NA,NA,NA,NA,FALSE,0,0,FALSE,0,0,FALSE
nfl,2020,401220147,2020-09-13T17:00Z,Baltimore Ravens,Cleveland Browns,BAL,CLE,1-0,0-1,38,6,TRUE,Baltimore Ravens,1-0,home,BAL,7,47,-302,260,-103,-107,1,nflreadr,Baltimore Ravens,1-0,Cleveland Browns,0-1,0.699,0.699,0.422,0.2867298578199051,0.7132701421800949,165,5,0.030303030303030304,1,54,4012201471332,133200,2,08:51:00,2331,38.85,10,6,6,10,-4,"(8:51) J.Gillan punts 59 yards to BLT 1, Center-C.Hughlett, downed by CLV-T.Thomas.",FALSE,0,0,FALSE,0,0,FALSE
nfl,2020,401220161,2020-09-13T20:05Z,Cincinnati Bengals,Los Angeles Chargers,CIN,LAC,0-1,1-0,13,16,FALSE,Los Angeles Chargers,1-0,away,LAC,2.5,41.5,117,-129,-110,-100,1,nflreadr,Los Angeles Chargers,1-0,Cincinnati Bengals,0-1,0.433,0.567,0.808,0.7623762376237624,0.2376237623762376,191,6,0.031413612565445025,1,132,4012201613020,302000,3,01:41:00,1001,16.683333333333334,10,6,10,6,4,Timeout #1 by CIN at 01:41.,FALSE,0,0,FALSE,0,0,FALSE
nfl,2020,401220369,2020-09-13T20:25Z,New Orleans Saints,Tampa Bay Buccaneers,NO,TB,1-0,0-1,34,23,TRUE,New Orleans Saints,1-0,home,NO,4,48.5,-196,174,-113,102,1,nflreadr,New Orleans Saints,1-0,Tampa Bay Buccaneers,0-1,0.593,0.593,0.671,0.5096870342771982,0.4903129657228018,184,8,0.043478260869565216,1,24,401220369588,58800,1,05:08:00,3008,50.13333333333333,0,7,7,0,7,"(5:08) (Shotgun) D.Brees pass short right to J.Cook to NO 43 for 1 yard (S.Murphy-Bunting). Pass 1, YAC 0",FALSE,0,0,FALSE,0,0,FALSE
nfl,2020,401220352,2020-09-13T20:25Z,San Francisco 49ers,Arizona Cardinals,SF,ARI,0-1,1-0,20,24,FALSE,San Francisco 49ers,0-1,home,SF,7,48.5,-280,242,111,-123,1,nflreadr,Arizona Cardinals,1-0,San Francisco 49ers,0-1,0.694,0.694,0.904,0.8938053097345133,0.10619469026548667,185,2,0.010810810810810811,1,19,401220352515,51500,1,09:10:00,3250,54.166666666666664,10,0,10,0,10,"(9:20) (No Huddle, Shotgun) K.Murray pass short right to K.Drake to ARZ 28 for 2 yards (A.Armstead; F.Warner).",FALSE,0,0,FALSE,0,0,FALSE
nfl,2020,401220347,2020-09-14T00:20Z,Los Angeles Rams,Dallas Cowboys,LAR,DAL,1-0,0-1,20,17,TRUE,Dallas Cowboys,0-1,NA,NA,NA,NA,NA,NA,NA,NA,NA,NA,Los Angeles Rams,1-0,Dallas Cowboys,0-1,0.489,0.511,0.7150000000000001,0.6013986013986015,0.39860139860139854,186,3,0.016129032258064516,1,89,4012203472142,214200,2,00:46:00,1846,30.766666666666666,13,13,13,13,0,"(:46) (Shotgun) D.Prescott scrambles up the middle for 13 yards, TOUCHDOWN.
The Replay Official reviewed the runner broke the plane ruling, and the play was REVERSED.
(Shotgun) D.Prescott scrambles up the middle to LA 1 for 12 yards (J.Johnson; J.Fuller). 10 second runoff by rule",FALSE,0,0,FALSE,0,0,FALSE
nfl,2020,401220256,2020-09-14T23:15Z,New York Giants,Pittsburgh Steelers,NYG,PIT,0-1,1-0,16,26,FALSE,Pittsburgh Steelers,1-0,away,PIT,6,44,221,-253,-105,-105,1,nflreadr,Pittsburgh Steelers,1-0,New York Giants,0-1,0.391,0.609,0.664,0.493975903614458,0.506024096385542,171,4,0.023391812865497075,1,51,4012202561146,114600,2,12:56:00,2576,42.93333333333333,10,3,10,3,7,"(12:56) D.Colquitt punts 59 yards to NYG 15, Center-K.Canaday. J.Peppers to NYG 35 for 20 yards (K.Canaday).",FALSE,0,0,FALSE,0,0,FALSE
nfl,2020,401220217,2020-09-15T02:10Z,Denver Broncos,Tennessee Titans,DEN,TEN,0-1,1-0,14,16,FALSE,Denver Broncos,0-1,NA,NA,NA,NA,NA,NA,NA,NA,NA,NA,Tennessee Titans,1-0,Denver Broncos,0-1,0.535,0.535,0.999,0.9989989989989989,0.0010010010010010895,179,1,0.00558659217877095,1,171,4012202174239,423900,4,00:24:00,24,0.4,14,13,14,13,1,"(:24) (No Huddle, Shotgun) R.Tannehill pass incomplete short left to A.Brown.",FALSE,0,0,FALSE,0,0,FALSE
nfl,2020,401220163,2020-09-18T00:20Z,Cleveland Browns,Cincinnati Bengals,CLE,CIN,1-1,0-2,35,30,TRUE,Cleveland Browns,1-1,NA,NA,NA,NA,NA,NA,NA,NA,NA,NA,Cleveland Browns,1-1,Cincinnati Bengals,0-2,0.625,0.625,0.509,0.2632612966601179,0.7367387033398821,190,5,0.02631578947368421,1,13,401220163346,34600,1,09:14:00,3254,54.233333333333334,0,0,0,0,0,(9:14) (Shotgun) J.Burrow pass short left to C.Uzomah to CLV 14 for 8 yards (B.Goodson).,FALSE,0,0,FALSE,0,0,FALSE
nfl,2020,401220281,2020-09-20T17:00Z,Chicago Bears,New York Giants,CHI,NYG,2-0,0-2,17,13,TRUE,Chicago Bears,2-0,home,CHI,4.5,42.5,-222,196,-105,-105,1,nflreadr,Chicago Bears,2-0,New York Giants,0-2,0.656,0.656,0.374,0.0802139037433156,0.9197860962566844,174,1,0.005747126436781609,1,6,401220281135,13500,1,12:55:00,3475,57.916666666666664,0,0,0,0,0,(12:55) M.Trubisky sacked at CHI 34 for -6 yards (K.Fackrell).,FALSE,0,0,FALSE,0,0,FALSE
nfl,2020,401220249,2020-09-20T17:00Z,Dallas Cowboys,Atlanta Falcons,DAL,ATL,1-1,0-2,40,39,TRUE,Dallas Cowboys,1-1,home,DAL,3,53,-145,131,108,-119,1,nflreadr,Dallas Cowboys,1-1,Atlanta Falcons,0-2,0.645,0.645,0.999,0.9989989989989989,0.0010010010010010895,201,11,0.05472636815920398,4,182,4012202494564,456400,4,03:09:00,189,3.15,30,39,39,30,9,"(3:09) S.Hofrichter punts 42 yards to DAL 21, Center-J.Harris. C.Lamb to DAL 24 for 3 yards (L.Stocker).",FALSE,0,0,FALSE,0,0,FALSE
nfl,2020,401220291,2020-09-20T17:00Z,Green Bay Packers,Detroit Lions,GB,DET,2-0,0-2,42,21,TRUE,Green Bay Packers,2-0,home,GB,7,51,-284,245,102,-113,1,nflreadr,Green Bay Packers,2-0,Detroit Lions,0-2,0.682,0.682,0.6699999999999999,0.5253731343283583,0.4746268656716417,173,5,0.028901734104046242,1,42,4012202911032,103200,1,00:00:00,2700,45,3,14,14,3,11,END QUARTER 1,FALSE,0,0,FALSE,0,0,FALSE
nfl,2020,401220204,2020-09-20T17:00Z,Tennessee Titans,Jacksonville Jaguars,TEN,JAX,2-0,1-1,33,30,TRUE,Tennessee Titans,2-0,home,TEN,7,44.5,-295,254,105,-116,1,nflreadr,Tennessee Titans,2-0,Jacksonville Jaguars,1-1,0.725,0.725,0.527,0.4781783681214421,0.5218216318785579,178,5,0.028089887640449437,1,155,4012202043690,369000,4,05:01:00,301,5.016666666666667,30,30,30,30,0,(5:01) (Shotgun) G.Minshew pass short middle to J.O'Shaughnessy to JAX 23 for 11 yards (J.Brown).,FALSE,0,0,FALSE,0,0,FALSE
nfl,2020,401220192,2020-09-20T17:00Z,Indianapolis Colts,Minnesota Vikings,IND,MIN,1-1,0-2,28,11,TRUE,Indianapolis Colts,1-1,home,IND,3.5,49,-176,158,101,-111,1,nflreadr,Indianapolis Colts,1-1,Minnesota Vikings,0-2,0.516,0.516,0.599,0.330550918196995,0.669449081803005,162,3,0.018518518518518517,1,41,4012201921005,100500,2,13:24:00,2604,43.4,0,3,3,0,3,"(13:24) B.Colquitt punts 36 yards to MIN 46, Center-A.Cutting. N.Hines pushed ob at MIN 35 for 11 yards (M.Boone).",FALSE,0,0,FALSE,0,0,FALSE
nfl,2020,401220122,2020-09-20T17:00Z,Miami Dolphins,Buffalo Bills,MIA,BUF,0-2,2-0,28,31,FALSE,Buffalo Bills,2-0,away,BUF,5.5,42.5,214,-244,-101,-109,1,nflreadr,Buffalo Bills,2-0,Miami Dolphins,0-2,0.345,0.655,0.637,0.45839874411302983,0.5416012558869702,174,2,0.011494252873563218,1,140,4012201223455,345500,4,09:00:00,540,9,20,17,20,17,3,(9:00) J.Allen sacked at MIA 42 for -4 yards (sack split by E.Ogbah and A.Van Ginkel).,FALSE,0,0,FALSE,0,0,FALSE
nfl,2020,401220144,2020-09-20T17:00Z,New York Jets,San Francisco 49ers,NYJ,SF,0-2,1-1,13,31,FALSE,San Francisco 49ers,1-1,away,SF,7,41.5,259,-301,-111,101,1,nflreadr,San Francisco 49ers,1-1,New York Jets,0-2,0.388,0.612,0.388,0,1,160,6,0.0375,2,1,4012201441,100,NA,NA,NA,NA,NA,NA,NA,NA,NA,NA,FALSE,0,0,FALSE,0,0,FALSE
nfl,2020,401220261,2020-09-20T17:00Z,Philadelphia Eagles,Los Angeles Rams,PHI,LAR,0-2,2-0,19,37,FALSE,Philadelphia Eagles,0-2,NA,NA,NA,NA,NA,NA,NA,NA,NA,NA,Los Angeles Rams,2-0,Philadelphia Eagles,0-2,0.539,0.539,0.569,0.24253075571177485,0.7574692442882252,176,5,0.028409090909090908,1,5,401220261112,11200,1,13:43:00,3523,58.71666666666667,0,0,0,0,0,"(13:43) M.Sanders left end to PHI 38 for 3 yards (M.Kiser). FUMBLES (M.Kiser), RECOVERED by LA-K.Young at PHI 41.",FALSE,0,0,FALSE,0,0,FALSE
nfl,2020,401220177,2020-09-20T17:00Z,Pittsburgh Steelers,Denver Broncos,PIT,DEN,2-0,0-2,26,21,TRUE,Pittsburgh Steelers,2-0,home,PIT,6,41,-267,232,-110,-100,1,nflreadr,Pittsburgh Steelers,2-0,Denver Broncos,0-2,0.669,0.669,0.508,0.34842519685039375,0.6515748031496063,183,2,0.01092896174863388,1,172,4012201774365,436500,4,02:00:00,120,2,26,21,21,26,-5,Two-Minute Warning,FALSE,0,0,FALSE,0,0,FALSE
nfl,2020,401220329,2020-09-20T17:00Z,Tampa Bay Buccaneers,Carolina Panthers,TB,CAR,1-1,0-2,31,17,TRUE,Tampa Bay Buccaneers,1-1,home,TB,7.5,47,-342,290,-104,-106,1,nflreadr,Tampa Bay Buccaneers,1-1,Carolina Panthers,0-2,0.726,0.726,0.356,0.2303370786516853,0.7696629213483147,174,1,0.005747126436781609,1,5,401220329106,10600,1,14:02:00,3542,59.03333333333333,0,0,0,0,0,"(14:02) (Shotgun) T.Brady pass incomplete short right to M.Evans.
Penalty on TB, Illegal Formation, declined.",FALSE,0,0,FALSE,0,0,FALSE
nfl,2020,401220340,2020-09-20T20:05Z,Arizona Cardinals,Washington,ARI,WSH,2-0,1-1,30,15,TRUE,Arizona Cardinals,2-0,NA,NA,NA,NA,NA,NA,NA,NA,NA,NA,Arizona Cardinals,2-0,Washington,1-1,0.684,0.684,0.31599999999999995,0,1,183,7,0.03825136612021858,1,1,4012203401,100,NA,NA,NA,NA,NA,NA,NA,NA,NA,NA,FALSE,0,0,FALSE,0,0,FALSE
nfl,2020,401220235,2020-09-20T20:25Z,Los Angeles Chargers,Kansas City Chiefs,LAC,KC,1-1,2-0,20,23,FALSE,Kansas City Chiefs,2-0,away,KC,8.5,47,311,-370,-106,-104,1,nflreadr,Kansas City Chiefs,2-0,Los Angeles Chargers,1-1,0.288,0.712,0.878,0.8610478359908884,0.1389521640091116,204,7,0.03431372549019608,1,131,4012202353078,307800,3,00:57:00,1557,25.95,17,9,17,9,8,(:57) J.Reed right end to KC 39 for 8 yards (C.Jones).,FALSE,0,0,FALSE,0,0,FALSE
nfl,2020,401220181,2020-09-20T20:25Z,Houston Texans,Baltimore Ravens,HOU,BAL,0-2,2-0,16,33,FALSE,Baltimore Ravens,2-0,away,BAL,7.5,49.5,292,-344,-108,-102,1,nflreadr,Baltimore Ravens,2-0,Houston Texans,0-2,0.312,0.688,0.419,0.2553699284009545,0.7446300715990455,166,10,0.060240963855421686,1,6,401220181120,12000,1,13:04:00,3484,58.06666666666667,0,0,0,0,0,"(13:04) B.Anger punts 52 yards to BLT 14, Center-J.Weeks, fair catch by J.Proche.",FALSE,0,0,FALSE,0,0,FALSE
nfl,2020,401220365,2020-09-21T00:20Z,Seattle Seahawks,New England Patriots,SEA,NE,2-0,1-1,35,30,TRUE,Seattle Seahawks,2-0,NA,NA,NA,NA,NA,NA,NA,NA,NA,NA,Seattle Seahawks,2-0,New England Patriots,1-1,0.619,0.619,0.6910000000000001,0.5528219971056441,0.44717800289435594,173,4,0.023121387283236993,1,43,4012203651047,104700,2,10:50:00,2450,40.833333333333336,7,14,14,7,7,(10:50) (Shotgun) R.Wilson sacked at NE 42 for -2 yards (sack split by C.Winovich and D.Rivers).,FALSE,0,0,FALSE,0,0,FALSE
nfl,2020,401220231,2020-09-22T00:15Z,Las Vegas Raiders,New Orleans Saints,LV,NO,2-0,1-1,34,24,TRUE,New Orleans Saints,1-1,NA,NA,NA,NA,NA,NA,NA,NA,NA,NA,Las Vegas Raiders,2-0,New Orleans Saints,1-1,0.417,0.583,0.848,0.820754716981132,0.179245283018868,176,3,0.017045454545454544,1,43,4012202311040,104000,1,00:00:00,2700,45,0,10,10,0,10,(:13) (Shotgun) D.Carr pass short left to J.Jacobs to LV 46 for 9 yards (M.Lattimore; D.Davis).,FALSE,0,0,FALSE,0,0,FALSE
nfl,2020,401220201,2020-09-25T00:20Z,Jacksonville Jaguars,Miami Dolphins,JAX,MIA,1-2,1-2,13,31,FALSE,Jacksonville Jaguars,1-2,NA,NA,NA,NA,NA,NA,NA,NA,NA,NA,Miami Dolphins,1-2,Jacksonville Jaguars,1-2,0.532,0.532,0.538,0.1412639405204461,0.8587360594795539,161,4,0.024844720496894408,1,2,40122020140,4000,1,15:00:00,3600,60,0,0,0,0,0,L.Cooke kicks 68 yards from JAX 35 to MIA -3. J.Grant to MIA 16 for 19 yards (D.Ogunbowale).,FALSE,0,0,FALSE,0,0,FALSE
nfl,2020,401220309,2020-09-27T17:00Z,Atlanta Falcons,Chicago Bears,ATL,CHI,0-3,3-0,26,30,FALSE,Atlanta Falcons,0-3,home,ATL,2.5,46,-135,122,-111,101,1,nflreadr,Chicago Bears,3-0,Atlanta Falcons,0-3,0.551,0.551,0.996,0.9959839357429718,0.004016064257028162,195,3,0.015384615384615385,1,154,4012203093877,387700,4,08:23:00,503,8.383333333333333,26,10,26,10,16,(8:28) (Shotgun) N.Foles pass incomplete deep left to A.Robinson (I.Oliver).,FALSE,0,0,FALSE,0,0,FALSE
nfl,2020,401220119,2020-09-27T17:00Z,Buffalo Bills,Los Angeles Rams,BUF,LAR,3-0,2-1,35,32,TRUE,Buffalo Bills,3-0,NA,NA,NA,NA,NA,NA,NA,NA,NA,NA,Buffalo Bills,3-0,Los Angeles Rams,2-1,0.536,0.536,0.885,0.8700564971751412,0.12994350282485878,161,2,0.012422360248447204,1,154,4012201193868,386800,4,00:40:00,40,0.6666666666666666,28,32,32,28,4,(:40) (Shotgun) J.Allen pass incomplete deep right to D.Singletary.,FALSE,0,0,FALSE,0,0,FALSE
nfl,2020,401220168,2020-09-27T17:00Z,Cleveland Browns,Washington,CLE,WSH,2-1,1-2,34,20,TRUE,Cleveland Browns,2-1,NA,NA,NA,NA,NA,NA,NA,NA,NA,NA,Cleveland Browns,2-1,Washington,1-2,0.631,0.631,0.719,0.6091794158553545,0.3908205841446455,170,4,0.023529411764705882,1,38,401220168902,90200,1,01:44:00,2804,46.733333333333334,0,7,7,0,7,D.Hopkins kicks 77 yards from WAS 20 to CLV 3. J.Natson to CLV 34 for 31 yards (R.Anderson).,FALSE,0,0,FALSE,0,0,FALSE
nfl,2020,401220304,2020-09-27T17:00Z,Minnesota Vikings,Tennessee Titans,MIN,TEN,0-3,3-0,30,31,FALSE,Minnesota Vikings,0-3,away,TEN,3,49.5,139,-155,-109,-101,1,nflreadr,Tennessee Titans,3-0,Minnesota Vikings,0-3,0.522,0.522,0.938,0.9339019189765458,0.06609808102345416,182,9,0.04945054945054945,1,113,4012203042691,269100,3,08:04:00,1384,23.066666666666666,24,12,24,12,12,"D.Bailey kicks 65 yards from MIN 35 to end zone, Touchback.",FALSE,0,0,FALSE,0,0,FALSE
nfl,2020,401220134,2020-09-27T17:00Z,New England Patriots,Las Vegas Raiders,NE,LV,2-1,2-1,36,20,TRUE,New England Patriots,2-1,home,NE,7,47,-311,266,-105,-105,1,nflreadr,New England Patriots,2-1,Las Vegas Raiders,2-1,0.64,0.64,0.548,0.34306569343065696,0.656934306569343,169,7,0.04142011834319527,1,28,401220134627,62700,1,04:03:00,2943,49.05,0,0,0,0,0,"(4:03) D.Booker up the middle to NE 12 for 5 yards (J.Jackson, B.Copeland).",FALSE,0,0,FALSE,0,0,FALSE
nfl,2020,401220254,2020-09-27T17:00Z,New York Giants,San Francisco 49ers,NYG,SF,0-3,2-1,9,36,FALSE,San Francisco 49ers,2-1,away,SF,3,44,134,-149,-109,-101,1,nflreadr,San Francisco 49ers,2-1,New York Giants,0-3,0.338,0.6619999999999999,0.448,0.24553571428571408,0.7544642857142859,165,4,0.024242424242424242,1,56,4012202541258,125800,2,08:19:00,2299,38.31666666666667,3,6,3,6,-3,"(8:19) D.Jones pass incomplete short left [A.Armstead].
PENALTY on SF-D.Johnson, Defensive Holding, 5 yards, enforced at SF 30 - No Play.",FALSE,0,0,FALSE,0,0,FALSE
nfl,2020,401220173,2020-09-27T17:00Z,Pittsburgh Steelers,Houston Texans,PIT,HOU,3-0,0-3,28,21,TRUE,Pittsburgh Steelers,3-0,home,PIT,4,46.5,-196,174,-100,-110,1,nflreadr,Pittsburgh Steelers,3-0,Houston Texans,0-3,0.656,0.656,0.767,0.6962190352020861,0.30378096479791394,164,1,0.006097560975609756,1,57,4012201731332,133200,2,08:55:00,2335,38.916666666666664,3,14,14,3,11,(8:55) J.Hawkins reported in as eligible.  B.Snell up the middle to HST 30 for 1 yard (W.Mercilus; J.Watt).,FALSE,0,0,FALSE,0,0,FALSE
nfl,2020,401220193,2020-09-27T20:05Z,Indianapolis Colts,New York Jets,IND,NYJ,2-1,0-3,36,7,TRUE,Indianapolis Colts,2-1,home,IND,12.5,44,-630,491,-101,-109,1,nflreadr,Indianapolis Colts,2-1,New York Jets,0-3,0.646,0.646,0.373,0.05093833780160861,0.9490616621983914,156,3,0.019230769230769232,1,5,401220193110,11000,1,13:47:00,3527,58.78333333333333,0,0,0,0,0,"(13:47) (Shotgun) S.Darnold pass incomplete short left to B.Berrios.
PENALTY on IND-K.Moore, Defensive Pass Interference, 10 yards, enforced at NYJ 22 - No Play.",FALSE,0,0,FALSE,0,0,FALSE
nfl,2020,401220240,2020-09-27T20:05Z,Los Angeles Chargers,Carolina Panthers,LAC,CAR,1-2,1-2,16,21,FALSE,Los Angeles Chargers,1-2,home,LAC,6,43.5,-265,230,-103,-107,1,nflreadr,Carolina Panthers,1-2,Los Angeles Chargers,1-2,0.591,0.591,0.647,0.45440494590417324,0.5455950540958268,170,9,0.052941176470588235,1,5,40122024099,9900,1,14:16:00,3556,59.266666666666666,0,0,0,0,0,(14:16) (Shotgun) T.Bridgewater pass incomplete deep middle to D.Moore.,FALSE,0,0,FALSE,0,0,FALSE
nfl,2020,401220216,2020-09-27T20:25Z,Denver Broncos,Tampa Bay Buccaneers,DEN,TB,0-3,2-1,10,28,FALSE,Tampa Bay Buccaneers,2-1,away,TB,6,42.5,230,-264,-105,-105,1,nflreadr,Tampa Bay Buccaneers,2-1,Denver Broncos,0-3,0.414,0.5860000000000001,0.441,0.061224489795918546,0.9387755102040815,170,3,0.01764705882352941,1,6,401220216137,13700,1,13:16:00,3496,58.266666666666666,0,0,0,0,0,(13:16) (Shotgun) J.Driskel scrambles right end to DEN 37 for 9 yards (J.Dean).,FALSE,0,0,FALSE,0,0,FALSE
nfl,2020,401220343,2020-09-27T20:25Z,Arizona Cardinals,Detroit Lions,ARI,DET,2-1,1-2,23,26,FALSE,Arizona Cardinals,2-1,home,ARI,4.5,55.5,-218,193,-105,-105,1,nflreadr,Detroit Lions,1-2,Arizona Cardinals,2-1,0.679,0.679,0.78,0.7179487179487181,0.28205128205128194,180,5,0.027777777777777776,1,51,4012203431203,120300,2,12:08:00,2528,42.13333333333333,7,3,7,3,4,(12:08) (Shotgun) M.Stafford sacked at DET 36 for -9 yards (D.Kennard).,FALSE,0,0,FALSE,0,0,FALSE
nfl,2020,401220363,2020-09-27T20:25Z,Seattle Seahawks,Dallas Cowboys,SEA,DAL,3-0,1-2,38,31,TRUE,Seattle Seahawks,3-0,home,SEA,5.5,58,-237,208,-106,-104,1,nflreadr,Seattle Seahawks,3-0,Dallas Cowboys,1-2,0.608,0.608,0.62,0.38709677419354827,0.6129032258064517,199,9,0.04522613065326633,1,166,4012203634293,429300,4,04:18:00,258,4.3,30,28,28,30,-2,"(4:19) (Shotgun) PENALTY on SEA-Da.Moore, Encroachment, 5 yards, enforced at SEA 26 - No Play.",FALSE,0,0,FALSE,0,0,FALSE
nfl,2020,401220323,2020-09-28T00:20Z,New Orleans Saints,Green Bay Packers,NO,GB,1-2,3-0,30,37,FALSE,New Orleans Saints,1-2,NA,NA,NA,NA,NA,NA,NA,NA,NA,NA,Green Bay Packers,3-0,New Orleans Saints,1-2,0.534,0.534,0.718,0.607242339832869,0.392757660167131,161,8,0.049689440993788817,1,80,4012203231986,198600,2,00:06:00,1806,30.1,17,13,17,13,4,W.Lutz kicks 53 yards from NO 35 to GB 12. T.Ervin to GB 29 for 17 yards (J.Hardee; P.Williams).,FALSE,0,0,FALSE,0,0,FALSE
nfl,2020,401220153,2020-09-29T00:15Z,Baltimore Ravens,Kansas City Chiefs,BAL,KC,2-1,3-0,20,34,FALSE,Baltimore Ravens,2-1,NA,NA,NA,NA,NA,NA,NA,NA,NA,NA,Kansas City Chiefs,3-0,Baltimore Ravens,2-1,0.605,0.605,0.716,0.6033519553072626,0.3966480446927374,169,5,0.029585798816568046,2,11,401220153254,25400,1,10:11:00,3311,55.18333333333333,0,0,0,0,0,(10:11) (Shotgun) L.Jackson pass incomplete short right [J.Thornhill]. Throws pass away.,FALSE,0,0,FALSE,0,0,FALSE
nfl,2020,401220141,2020-10-02T00:20Z,New York Jets,Denver Broncos,NYJ,DEN,0-4,1-3,28,37,FALSE,Denver Broncos,1-3,NA,NA,NA,NA,NA,NA,NA,NA,NA,NA,Denver Broncos,1-3,New York Jets,0-4,0.497,0.503,0.757,0.678996036988111,0.32100396301188905,194,8,0.041237113402061855,1,162,4012201413995,399500,4,04:59:00,299,4.983333333333333,28,27,28,27,1,(4:59) (Shotgun) M.Gordon right guard to DEN 47 for 3 yards (K.Phillips; S.McLendon).,FALSE,0,0,FALSE,0,0,FALSE
nfl,2020,401220157,2020-10-04T17:00Z,Cincinnati Bengals,Jacksonville Jaguars,CIN,JAX,1-2-1,1-3,33,25,TRUE,Cincinnati Bengals,1-2-1,home,CIN,1,50,-112,101,-104,-106,1,nflreadr,Cincinnati Bengals,1-2-1,Jacksonville Jaguars,1-3,0.614,0.614,0.6859999999999999,0.542274052478134,0.457725947521866,182,10,0.054945054945054944,1,61,4012201571509,150900,2,05:52:00,2152,35.86666666666667,3,7,7,3,4,(5:52) (Shotgun) J.Robinson right guard to CIN 19 for 2 yards (S.Hubbard).,FALSE,0,0,FALSE,0,0,FALSE
nfl,2020,401220247,2020-10-04T17:00Z,Dallas Cowboys,Cleveland Browns,DAL,CLE,1-3,3-1,38,49,FALSE,Dallas Cowboys,1-3,home,DAL,3.5,56.5,-175,157,101,-111,1,nflreadr,Cleveland Browns,3-1,Dallas Cowboys,1-3,0.67,0.67,0.767,0.6962190352020861,0.30378096479791394,197,1,0.005076142131979695,1,36,401220247865,86500,1,02:08:00,2828,47.13333333333333,14,7,14,7,7,"Amari Cooper Pass From Dak Prescott for 20 Yrds G.Zuerlein extra point is GOOD, Center-L.Ladouceur, Holder-C.Jones.",FALSE,0,0,FALSE,0,0,FALSE
nfl,2020,401220285,2020-10-04T17:00Z,Detroit Lions,New Orleans Saints,DET,NO,1-3,2-2,29,35,FALSE,New Orleans Saints,2-2,away,NO,3,51.5,139,-155,-107,-103,1,nflreadr,New Orleans Saints,2-2,Detroit Lions,1-3,0.339,0.661,0.698,0.5673352435530086,0.4326647564469914,162,3,0.018518518518518517,1,15,401220285354,35400,1,10:23:00,3323,55.38333333333333,14,0,14,0,14,"Kenny Golladay Pass From Matthew Stafford for 15 Yrds M.Prater extra point is GOOD, Center-D.Muhlbach, Holder-J.Fox.",FALSE,0,0,FALSE,0,0,FALSE
nfl,2020,401220128,2020-10-04T17:00Z,Miami Dolphins,Seattle Seahawks,MIA,SEA,1-3,4-0,23,31,FALSE,Seattle Seahawks,4-0,away,SEA,4.5,55,196,-223,-104,-106,1,nflreadr,Seattle Seahawks,4-0,Miami Dolphins,1-3,0.373,0.627,0.562,0.3362989323843417,0.6637010676156583,172,8,0.046511627906976744,1,138,4012201283289,328900,4,08:31:00,511,8.516666666666667,15,17,15,17,-2,(8:31) (Shotgun) R.Wilson pass short left to T.Lockett pushed ob at SEA 34 for 9 yards (E.Rowe).,FALSE,0,0,FALSE,0,0,FALSE
nfl,2020,401220334,2020-10-04T17:00Z,Tampa Bay Buccaneers,Los Angeles Chargers,TB,LAC,3-1,1-3,38,31,TRUE,Tampa Bay Buccaneers,3-1,home,TB,7.5,42.5,-331,282,103,-114,1,nflreadr,Tampa Bay Buccaneers,3-1,Los Angeles Chargers,1-3,0.786,0.786,0.915,0.9071038251366121,0.09289617486338786,167,6,0.03592814371257485,1,87,4012203342186,218600,2,00:55:00,1855,30.916666666666668,7,24,24,7,17,"(:55) B.Pinion punts 56 yards to LAC 9, Center-Z.Triner, out of bounds.",FALSE,0,0,FALSE,0,0,FALSE
nfl,2020,401220271,2020-10-04T17:00Z,Washington,Baltimore Ravens,WSH,BAL,1-3,3-1,17,31,FALSE,Baltimore Ravens,3-1,NA,NA,NA,NA,NA,NA,NA,NA,NA,NA,Baltimore Ravens,3-1,Washington,1-3,0.194,0.806,0.262,0.25954198473282464,0.7404580152671754,168,3,0.017857142857142856,1,22,401220271501,50100,1,04:55:00,2995,49.916666666666664,0,0,0,0,0,(4:55) (Shotgun) L.Jackson scrambles up the middle to BLT 35 for 5 yards (J.Moreland; D.Payne).,FALSE,0,0,FALSE,0,0,FALSE
nfl,2020,401220320,2020-10-04T17:00Z,Carolina Panthers,Arizona Cardinals,CAR,ARI,2-2,2-2,31,21,TRUE,Arizona Cardinals,2-2,away,ARI,3,52.5,141,-157,-105,-105,1,nflreadr,Carolina Panthers,2-2,Arizona Cardinals,2-2,0.499,0.501,0.5509999999999999,0.18511796733212327,0.8148820326678767,171,4,0.023391812865497075,1,8,401220320169,16900,1,13:13:00,3493,58.21666666666667,0,0,0,0,0,"(13:13) A.Lee punts 29 yards to CAR 34, Center-A.Brewer, downed by ARZ-D.Gardeck. Punt tipped by CAR #42",FALSE,0,0,FALSE,0,0,FALSE
nfl,2020,401220184,2020-10-04T17:00Z,Houston Texans,Minnesota Vikings,HOU,MIN,0-4,1-3,23,31,FALSE,Minnesota Vikings,1-3,home,HOU,3.5,52.5,-172,154,104,-114,1,nflreadr,Minnesota Vikings,1-3,Houston Texans,0-4,0.47,0.53,0.541,0.1515711645101665,0.8484288354898335,171,7,0.04093567251461988,1,9,401220184185,18500,1,13:15:00,3495,58.25,0,0,0,0,0,(13:15) D.Cook right tackle to MIN 33 for 1 yard (B.McKinney).,FALSE,0,0,FALSE,0,0,FALSE
nfl,2020,401220348,2020-10-04T20:05Z,Los Angeles Rams,New York Giants,LAR,NYG,3-1,0-4,17,9,TRUE,Los Angeles Rams,3-1,NA,NA,NA,NA,NA,NA,NA,NA,NA,NA,Los Angeles Rams,3-1,New York Giants,0-4,0.848,0.848,0.517,0.7059961315280464,0.2940038684719536,162,5,0.030864197530864196,1,129,4012203483009,300900,4,07:49:00,469,7.816666666666666,10,9,9,10,-1,"(7:49) (No Huddle, Shotgun) J.Goff pass short right to T.Higbee to LA 38 for 8 yards (R.Lewis; B.Martinez).",FALSE,0,0,FALSE,0,0,FALSE
nfl,2020,401220280,2020-10-04T20:25Z,Chicago Bears,Indianapolis Colts,CHI,IND,3-1,3-1,11,19,FALSE,Indianapolis Colts,3-1,away,IND,3.5,43.5,156,-174,-112,102,1,nflreadr,Indianapolis Colts,3-1,Chicago Bears,3-1,0.436,0.5640000000000001,0.448,0.026785714285714413,0.9732142857142856,192,1,0.005208333333333333,1,4,40122028085,8500,1,14:16:00,3556,59.266666666666666,0,0,0,0,0,(14:16) (Shotgun) N.Foles pass short right to D.Mooney to CHI 28 for 8 yards (R.Ya-Sin).,FALSE,0,0,FALSE,0,0,FALSE
nfl,2020,401220229,2020-10-04T20:25Z,Las Vegas Raiders,Buffalo Bills,LV,BUF,2-2,4-0,23,30,FALSE,Buffalo Bills,4-0,away,BUF,3,53,154,-172,104,-115,1,nflreadr,Buffalo Bills,4-0,Las Vegas Raiders,2-2,0.496,0.504,0.539,0.14471243042671622,0.8552875695732838,171,4,0.023391812865497075,1,4,40122022976,7600,1,14:23:00,3563,59.38333333333333,0,0,0,0,0,(14:23) (Shotgun) J.Allen pass short right to D.Singletary to BUF 24 for 2 yards (T.Mullen).,FALSE,0,0,FALSE,0,0,FALSE
nfl,2020,401220355,2020-10-05T00:20Z,San Francisco 49ers,Philadelphia Eagles,SF,PHI,2-2,1-2-1,20,25,FALSE,San Francisco 49ers,2-2,NA,NA,NA,NA,NA,NA,NA,NA,NA,NA,Philadelphia Eagles,1-2-1,San Francisco 49ers,2-2,0.779,0.779,0.833,0.7995198079231691,0.20048019207683088,171,1,0.005847953216374269,1,95,4012203552319,231900,3,08:20:00,1400,23.333333333333332,14,8,14,8,6,M.Wishnowsky kicks 59 yards from SF 35 to PHI 6. B.Scott to PHI 21 for 15 yards (J.Tartt; D.Flannigan-Fowles).,FALSE,0,0,FALSE,0,0,FALSE
nfl,2020,401220221,2020-10-05T23:05Z,Kansas City Chiefs,New England Patriots,KC,NE,4-0,2-2,26,10,TRUE,Kansas City Chiefs,4-0,home,KC,7,52.5,-299,257,103,-114,1,nflreadr,Kansas City Chiefs,4-0,New England Patriots,2-2,0.799,0.799,0.471,0.5732484076433122,0.4267515923566878,167,5,0.029940119760479042,1,105,4012202212476,247600,3,05:24:00,1224,20.4,6,3,3,6,-3,(5:24) R.Burkhead right end to KC 5 for 7 yards (T.Mathieu).,FALSE,0,0,FALSE,0,0,FALSE
nfl,2020,401220293,2020-10-06T01:00Z,Green Bay Packers,Atlanta Falcons,GB,ATL,4-0,0-4,30,16,TRUE,Green Bay Packers,4-0,NA,NA,NA,NA,NA,NA,NA,NA,NA,NA,Green Bay Packers,4-0,Atlanta Falcons,0-4,0.687,0.687,0.31899999999999995,0.018808777429467072,0.9811912225705329,167,6,0.03592814371257485,1,2,40122029340,4000,1,15:00:00,3600,60,0,0,0,0,0,"M.Crosby kicks 65 yards from GB 35 to end zone, Touchback.",FALSE,0,0,FALSE,0,0,FALSE
nfl,2020,401220278,2020-10-09T00:20Z,Chicago Bears,Tampa Bay Buccaneers,CHI,TB,4-1,3-2,20,19,TRUE,Tampa Bay Buccaneers,3-2,NA,NA,NA,NA,NA,NA,NA,NA,NA,NA,Chicago Bears,4-1,Tampa Bay Buccaneers,3-2,0.343,0.657,0.933,0.9281886387995713,0.07181136120042875,191,1,0.005235602094240838,1,72,4012202781771,177100,2,05:03:00,2103,35.05,0,13,13,0,13,(5:03) (Shotgun) N.Foles pass short left to D.Montgomery to CHI 39 for 4 yards (S.Murphy-Bunting).,FALSE,0,0,FALSE,0,0,FALSE
nfl,2020,401220306,2020-10-11T17:00Z,Atlanta Falcons,Carolina Panthers,ATL,CAR,0-5,3-2,16,23,FALSE,Atlanta Falcons,0-5,home,ATL,2.5,53.5,-139,125,-109,-101,1,nflreadr,Carolina Panthers,3-2,Atlanta Falcons,0-5,0.555,0.555,0.746,0.6595174262734584,0.34048257372654156,175,1,0.005714285714285714,2,21,401220306487,48700,1,08:07:00,3187,53.11666666666667,7,0,7,0,7,(8:12) (Shotgun) C.Samuel left guard to CAR 20 for 4 yards (T.Davison; C.Harris).,FALSE,0,0,FALSE,0,0,FALSE
nfl,2020,401220219,2020-10-11T17:00Z,Kansas City Chiefs,Las Vegas Raiders,KC,LV,4-1,3-2,32,40,FALSE,Kansas City Chiefs,4-1,home,KC,11,54.5,-476,387,104,-114,1,nflreadr,Las Vegas Raiders,3-2,Kansas City Chiefs,4-1,0.822,0.822,0.913,0.904709748083242,0.095290251916758,184,1,0.005434782608695652,2,42,4012202191056,105600,2,14:29:00,2669,44.483333333333334,14,3,14,3,11,"Tyreek Hill 10 Yard Rush H.Butker extra point is GOOD, Center-J.Winchester, Holder-T.Townsend.",FALSE,0,0,FALSE,0,0,FALSE
nfl,2020,401220143,2020-10-11T17:00Z,New York Jets,Arizona Cardinals,NYJ,ARI,0-5,3-2,10,30,FALSE,Arizona Cardinals,3-2,away,ARI,7,48.5,254,-295,-117,106,1,nflreadr,Arizona Cardinals,3-2,New York Jets,0-5,0.431,0.569,0.558,0.2275985663082437,0.7724014336917563,177,6,0.03389830508474576,1,14,401220143306,30600,1,10:55:00,3355,55.916666666666664,0,0,0,0,0,"(10:56) B.Mann punts 54 yards to ARZ 11, Center-T.Hennessy, downed by NYJ-J.Guidry.",FALSE,0,0,FALSE,0,0,FALSE
nfl,2020,401220175,2020-10-11T17:00Z,Pittsburgh Steelers,Philadelphia Eagles,PIT,PHI,4-0,1-3-1,38,29,TRUE,Pittsburgh Steelers,4-0,home,PIT,7.5,44,-372,312,-107,-103,1,nflreadr,Pittsburgh Steelers,4-0,Philadelphia Eagles,1-3-1,0.676,0.676,0.526,0.38403041825095063,0.6159695817490494,170,1,0.0058823529411764705,1,148,4012201753690,369000,4,05:43:00,343,5.716666666666667,31,29,29,31,-2,(5:43) C.Wentz up the middle to PIT 44 for 2 yards (A.Highsmith).,FALSE,0,0,FALSE,0,0,FALSE
nfl,2020,401220269,2020-10-11T17:00Z,Washington,Los Angeles Rams,WSH,LAR,1-4,4-1,10,30,FALSE,Los Angeles Rams,4-1,NA,NA,NA,NA,NA,NA,NA,NA,NA,NA,Los Angeles Rams,4-1,Washington,1-4,0.331,0.669,0.408,0.18872549019607843,0.8112745098039216,160,1,0.00625,1,7,401220269158,15800,1,13:32:00,3512,58.53333333333333,0,0,0,0,0,(13:32) D.Henderson up the middle to LA 28 for 4 yards (D.Payne).,FALSE,0,0,FALSE,0,0,FALSE
nfl,2020,401220146,2020-10-11T17:00Z,Baltimore Ravens,Cincinnati Bengals,BAL,CIN,4-1,1-3-1,27,3,TRUE,Baltimore Ravens,4-1,home,BAL,12.5,49,-718,547,-105,-105,1,nflreadr,Baltimore Ravens,4-1,Cincinnati Bengals,1-3-1,0.817,0.817,0.20999999999999996,0.12857142857142823,0.8714285714285718,169,1,0.005917159763313609,1,6,401220146122,12200,1,13:43:00,3523,58.71666666666667,0,0,0,0,0,(13:43) (Shotgun) J.Burrow sacked at CIN 43 for -1 yards (J.Smith).,FALSE,0,0,FALSE,0,0,FALSE
nfl,2020,401220179,2020-10-11T17:00Z,Houston Texans,Jacksonville Jaguars,HOU,JAX,1-4,1-4,30,14,TRUE,Houston Texans,1-4,home,HOU,6.5,55,-281,243,-110,100,1,nflreadr,Houston Texans,1-4,Jacksonville Jaguars,1-4,0.662,0.662,0.54,0.3740740740740742,0.6259259259259258,170,8,0.047058823529411764,1,53,4012201791215,121500,NA,NA,NA,NA,NA,NA,NA,NA,NA,NA,FALSE,0,0,FALSE,0,0,FALSE
nfl,2020,401220358,2020-10-11T20:05Z,San Francisco 49ers,Miami Dolphins,SF,MIA,2-3,2-3,17,43,FALSE,San Francisco 49ers,2-3,home,SF,8.5,50.5,-357,301,108,-119,1,nflreadr,Miami Dolphins,2-3,San Francisco 49ers,2-3,0.8,0.8,0.805,0.7577639751552796,0.2422360248447204,172,1,0.005813953488372093,1,5,401220358100,10000,1,13:49:00,3529,58.81666666666667,0,0,0,0,0,(13:54) (Shotgun) J.Garoppolo pass incomplete short left to J.McKinnon.,FALSE,0,0,FALSE,0,0,FALSE
nfl,2020,401220166,2020-10-11T20:25Z,Cleveland Browns,Indianapolis Colts,CLE,IND,4-1,3-2,32,23,TRUE,Cleveland Browns,4-1,home,CLE,1,48.5,-110,-101,-103,-107,1,nflreadr,Cleveland Browns,4-1,Indianapolis Colts,3-2,0.505,0.505,0.613,0.36867862969004883,0.6313213703099512,167,8,0.04790419161676647,1,28,401220166700,70000,1,04:19:00,2959,49.31666666666667,3,7,7,3,4,(4:20) (Shotgun) B.Mayfield pass incomplete short right to O.Beckham.,FALSE,0,0,FALSE,0,0,FALSE
nfl,2020,401220242,2020-10-11T20:25Z,Dallas Cowboys,New York Giants,DAL,NYG,2-3,0-5,37,34,TRUE,Dallas Cowboys,2-3,home,DAL,7.5,52,-347,293,103,-114,1,nflreadr,Dallas Cowboys,2-3,New York Giants,0-5,0.796,0.796,0.793,0.7427490542244641,0.25725094577553587,175,10,0.05714285714285714,1,49,4012202421166,116600,2,12:31:00,2551,42.516666666666666,3,17,17,3,14,(12:31) T.Pollard right tackle to DAL 44 for 5 yards (B.Martinez).,FALSE,0,0,FALSE,0,0,FALSE
nfl,2020,401220367,2020-10-12T00:20Z,Seattle Seahawks,Minnesota Vikings,SEA,MIN,5-0,1-4,27,26,TRUE,Seattle Seahawks,5-0,NA,NA,NA,NA,NA,NA,NA,NA,NA,NA,Seattle Seahawks,5-0,Minnesota Vikings,1-4,0.659,0.659,0.987,0.9868287740628165,0.01317122593718345,176,1,0.005681818181818182,1,154,4012203673684,368400,4,02:35:00,155,2.5833333333333335,21,26,26,21,5,Timeout #2 by SEA at 02:35.,FALSE,0,0,FALSE,0,0,FALSE
nfl,2020,401220326,2020-10-13T00:15Z,New Orleans Saints,Los Angeles Chargers,NO,LAC,3-2,1-4,30,27,TRUE,New Orleans Saints,3-2,NA,NA,NA,NA,NA,NA,NA,NA,NA,NA,New Orleans Saints,3-2,Los Angeles Chargers,1-4,0.778,0.778,0.927,0.9212513484358145,0.07874865156418553,195,3,0.015384615384615385,1,163,4012203264078,407800,4,01:42:00,702,11.7,20,27,27,20,7,"(1:42) D.Brees pass short right to M.Callaway to LAC 9 for 6 yards (B.Facyson; D.Perryman). Pass 6, YAC 0",FALSE,0,0,FALSE,0,0,FALSE
nfl,2020,401220209,2020-10-13T23:00Z,Tennessee Titans,Buffalo Bills,TEN,BUF,4-0,4-1,42,16,TRUE,Buffalo Bills,4-1,away,BUF,3,52,150,-168,-102,-108,1,nflreadr,Tennessee Titans,4-0,Buffalo Bills,4-1,0.457,0.5429999999999999,0.5449999999999999,0.16513761467889876,0.8348623853211012,176,2,0.011363636363636364,1,30,401220209742,74200,1,04:07:00,2947,49.11666666666667,7,7,7,7,0,(4:07) (Shotgun) R.Tannehill pass incomplete short left to J.Smith [Q.Jefferson].,FALSE,0,0,FALSE,0,0,FALSE
nfl,2020,401220202,2020-10-18T17:00Z,Tennessee Titans,Houston Texans,TEN,HOU,5-0,1-5,42,36,TRUE,Tennessee Titans,5-0,home,TEN,4,52,-190,169,100,-110,1,nflreadr,Tennessee Titans,5-0,Houston Texans,1-5,0.62,0.62,0.958,0.9561586638830897,0.04384133611691032,184,3,0.016304347826086956,1,157,4012202023730,373000,4,02:52:00,772,12.866666666666667,29,30,30,29,1,(2:53) (Shotgun) D.Watson left end to TEN 1 for 8 yards (I.Mack).,FALSE,0,0,FALSE,0,0,FALSE
nfl,2020,401220190,2020-10-18T17:00Z,Indianapolis Colts,Cincinnati Bengals,IND,CIN,4-2,1-4-1,31,27,TRUE,Indianapolis Colts,4-2,home,IND,7.5,46,-340,288,-102,-108,1,nflreadr,Indianapolis Colts,4-2,Cincinnati Bengals,1-4-1,0.677,0.677,0.928,0.9224137931034484,0.0775862068965516,173,1,0.005780346820809248,1,44,4012201901106,110600,2,14:04:00,2644,44.06666666666667,0,21,21,0,21,(14:04) J.Wilkins right end to IND 29 for -1 yards (G.Pratt).,FALSE,0,0,FALSE,0,0,FALSE
nfl,2020,401220301,2020-10-18T17:00Z,Minnesota Vikings,Atlanta Falcons,MIN,ATL,1-5,1-5,23,40,FALSE,Minnesota Vikings,1-5,home,MIN,3.5,53,-188,167,-108,-102,1,nflreadr,Atlanta Falcons,1-5,Minnesota Vikings,1-5,0.63,0.63,0.634,0.42271293375394325,0.5772870662460567,171,5,0.029239766081871343,1,2,40122030140,4000,1,15:00:00,3600,60,0,0,0,0,0,Y.Koo kicks 63 yards from ATL 35 to MIN 2. A.Abdullah to MIN 24 for 22 yards (E.Robinson).,FALSE,0,0,FALSE,0,0,FALSE
nfl,2020,401220133,2020-10-18T17:00Z,New England Patriots,Denver Broncos,NE,DEN,2-3,2-3,12,18,FALSE,New England Patriots,2-3,home,NE,7,43.5,-328,280,-107,-103,1,nflreadr,Denver Broncos,2-3,New England Patriots,2-3,0.673,0.673,0.678,0.5250737463126844,0.47492625368731556,158,4,0.02531645569620253,1,3,40122013356,5600,1,15:00:00,3600,60,0,0,0,0,0,(15:00) P.Lindsay left guard to DEN 29 for 4 yards (J.Bentley).,FALSE,0,0,FALSE,0,0,FALSE
nfl,2020,401220252,2020-10-18T17:00Z,New York Giants,Washington,NYG,WSH,1-5,1-5,20,19,TRUE,Washington,1-5,NA,NA,NA,NA,NA,NA,NA,NA,NA,NA,New York Giants,1-5,Washington,1-5,0.471,0.529,0.745,0.6577181208053691,0.34228187919463093,154,5,0.032467532467532464,1,123,4012202522944,294400,4,08:51:00,531,8.85,13,13,13,13,0,(8:51) D.Jones pass incomplete short right to D.Freeman (K.Pierre-Louis).,FALSE,0,0,FALSE,0,0,FALSE
nfl,2020,401220263,2020-10-18T17:00Z,Philadelphia Eagles,Baltimore Ravens,PHI,BAL,1-4-1,5-1,28,30,FALSE,Baltimore Ravens,5-1,away,BAL,10.5,46.5,348,-422,-119,108,1,nflreadr,Baltimore Ravens,5-1,Philadelphia Eagles,1-4-1,0.264,0.736,0.289,0.08650519031141857,0.9134948096885814,188,5,0.026595744680851064,1,178,4012202634437,443700,4,02:57:00,177,2.95,22,30,22,30,-8,(2:58) (Shotgun) C.Wentz pass deep right to R.Rodgers to BLT 6 for 16 yards (M.Gilchrist) [M.Judon].,FALSE,0,0,FALSE,0,0,FALSE
nfl,2020,401220172,2020-10-18T17:00Z,Pittsburgh Steelers,Cleveland Browns,PIT,CLE,5-0,4-2,38,7,TRUE,Pittsburgh Steelers,5-0,home,PIT,3,50,-159,143,-108,-102,1,nflreadr,Pittsburgh Steelers,5-0,Cleveland Browns,4-2,0.572,0.572,0.4459999999999999,0.040358744394618506,0.9596412556053815,157,2,0.012738853503184714,1,4,40122017276,7600,1,14:28:00,3568,59.46666666666667,0,0,0,0,0,(14:28) (Shotgun) B.Roethlisberger pass incomplete short middle to E.Ebron (T.Mitchell).,FALSE,0,0,FALSE,0,0,FALSE
nfl,2020,401220317,2020-10-18T17:00Z,Carolina Panthers,Chicago Bears,CAR,CHI,3-3,5-1,16,23,FALSE,Carolina Panthers,3-3,home,CAR,2,45,-124,112,-103,-107,1,nflreadr,Chicago Bears,5-1,Carolina Panthers,3-3,0.544,0.544,0.544,0.16176470588235303,0.838235294117647,180,7,0.03888888888888889,1,1,4012203171,100,NA,NA,NA,NA,NA,NA,NA,NA,NA,NA,FALSE,0,0,FALSE,0,0,FALSE
nfl,2020,401220200,2020-10-18T17:00Z,Jacksonville Jaguars,Detroit Lions,JAX,DET,1-5,2-3,16,34,FALSE,Detroit Lions,2-3,away,DET,3,52.5,139,-154,-105,-105,1,nflreadr,Detroit Lions,2-3,Jacksonville Jaguars,1-5,0.397,0.603,0.397,0,1,176,2,0.011363636363636364,1,1,4012202001,100,NA,NA,NA,NA,NA,NA,NA,NA,NA,NA,FALSE,0,0,FALSE,0,0,FALSE
nfl,2020,401220124,2020-10-18T20:05Z,Miami Dolphins,New York Jets,MIA,NYJ,3-3,0-6,24,0,TRUE,Miami Dolphins,3-3,home,MIA,9.5,46,-410,340,-113,103,1,nflreadr,Miami Dolphins,3-3,New York Jets,0-6,0.733,0.733,0.32699999999999996,0.18348623853211,0.81651376146789,168,2,0.011904761904761904,1,14,401220124322,32200,1,11:51:00,3411,56.85,0,0,0,0,0,"(11:51) B.Mann punts 54 yards to MIA 33, Center-T.Hennessy. J.Grant to MIA 34 for 1 yard (T.Hennessy).",FALSE,0,0,FALSE,0,0,FALSE
nfl,2020,401220331,2020-10-18T20:25Z,Tampa Bay Buccaneers,Green Bay Packers,TB,GB,4-2,4-1,38,10,TRUE,Tampa Bay Buccaneers,4-2,away,GB,3,55,131,-145,-121,109,1,nflreadr,Tampa Bay Buccaneers,4-2,Green Bay Packers,4-1,0.532,0.532,0.764,0.6910994764397906,0.30890052356020936,163,3,0.018404907975460124,1,40,401220331950,95000,2,13:15:00,2595,43.25,0,10,10,0,10,"(13:15) B.Pinion punts 30 yards to GB 22, Center-Z.Triner, out of bounds.",FALSE,0,0,FALSE,0,0,FALSE
nfl,2020,401220353,2020-10-19T00:20Z,San Francisco 49ers,Los Angeles Rams,SF,LAR,3-3,4-2,24,16,TRUE,Los Angeles Rams,4-2,NA,NA,NA,NA,NA,NA,NA,NA,NA,NA,San Francisco 49ers,3-3,Los Angeles Rams,4-2,0.468,0.532,0.596,0.3221476510067114,0.6778523489932886,175,2,0.011428571428571429,1,4,40122035383,8300,1,14:19:00,3559,59.31666666666667,0,0,0,0,0,"(14:19) (Shotgun) J.Garoppolo pass short middle to D.Samuel to LA 36 for 35 yards (J.Johnson III; M.Kiser). caught at SF 24, 40 YAC",FALSE,0,0,FALSE,0,0,FALSE
nfl,2020,401220117,2020-10-19T21:00Z,Buffalo Bills,Kansas City Chiefs,BUF,KC,4-2,5-1,17,26,FALSE,Kansas City Chiefs,5-1,away,KC,5.5,55,203,-230,-106,-104,1,nflreadr,Kansas City Chiefs,5-1,Buffalo Bills,4-2,0.328,0.6719999999999999,0.446,0.26457399103139,0.73542600896861,163,4,0.024539877300613498,1,52,4012201171266,126600,2,10:47:00,2447,40.78333333333333,10,7,10,7,3,(10:47) (Shotgun) P.Mahomes pass short right to D.Robinson to KC 29 for 5 yards (T.Johnson).,FALSE,0,0,FALSE,0,0,FALSE
nfl,2020,401220245,2020-10-20T00:15Z,Dallas Cowboys,Arizona Cardinals,DAL,ARI,2-4,4-2,10,38,FALSE,Arizona Cardinals,4-2,NA,NA,NA,NA,NA,NA,NA,NA,NA,NA,Arizona Cardinals,4-2,Dallas Cowboys,2-4,0.454,0.546,0.573,0.25479930191972056,0.7452006980802794,187,5,0.026737967914438502,1,12,401220245273,27300,1,12:15:00,3435,57.25,0,0,0,0,0,(12:15) (Shotgun) K.Murray left end ran ob at ARZ 30 for 6 yards (L.Vander Esch).,FALSE,0,0,FALSE,0,0,FALSE
nfl,2020,401220259,2020-10-23T00:20Z,Philadelphia Eagles,New York Giants,PHI,NYG,2-4-1,1-6,22,21,TRUE,Philadelphia Eagles,2-4-1,NA,NA,NA,NA,NA,NA,NA,NA,NA,NA,Philadelphia Eagles,2-4-1,New York Giants,1-6,0.697,0.697,0.977,0.9764585465711362,0.023541453428863823,178,1,0.0056179775280898875,1,144,4012202593475,348900,4,06:17:00,377,6.283333333333333,10,21,21,10,11,Sterling Shepard 2 Yd pass from Daniel Jones (Graham Gano Kick),FALSE,0,0,FALSE,0,0,FALSE
nfl,2020,401220310,2020-10-25T17:00Z,Atlanta Falcons,Detroit Lions,ATL,DET,1-6,3-3,22,23,FALSE,Atlanta Falcons,1-6,home,ATL,1,54,-113,102,-104,-106,1,nflreadr,Detroit Lions,3-3,Atlanta Falcons,1-6,0.593,0.593,0.966,0.9648033126293996,0.035196687370600444,172,1,0.005813953488372093,1,166,4012203104151,415100,4,00:34:00,34,0.5666666666666667,22,16,22,16,6,(:35) (No Huddle) M.Stafford spiked the ball to stop the clock.,FALSE,0,0,FALSE,0,0,FALSE
nfl,2020,401220155,2020-10-25T17:00Z,Cincinnati Bengals,Cleveland Browns,CIN,CLE,1-5-1,5-2,34,37,FALSE,Cleveland Browns,5-2,away,CLE,4.5,50,179,-201,-114,103,1,nflreadr,Cleveland Browns,5-2,Cincinnati Bengals,1-5-1,0.446,0.554,0.896,0.8839285714285714,0.1160714285714286,169,4,0.023668639053254437,1,159,4012201553945,394500,4,01:06:00,66,1.1,34,31,34,31,3,"Giovani Bernard Pass From Joe Burrow for 3 Yrds R.Bullock extra point is GOOD, Center-C.Harris, Holder-K.Huber.",FALSE,0,0,FALSE,0,0,FALSE
nfl,2020,401249063,2020-10-25T17:00Z,Tennessee Titans,Pittsburgh Steelers,TEN,PIT,5-1,6-0,24,27,FALSE,Pittsburgh Steelers,6-0,home,TEN,1,51,-114,103,-108,-102,1,nflreadr,Pittsburgh Steelers,6-0,Tennessee Titans,5-1,0.478,0.522,0.502,0.04780876494023911,0.9521912350597609,174,7,0.040229885057471264,1,3,40124906356,5600,1,15:00:00,3600,60,0,0,0,0,0,(15:00) (Shotgun) B.Roethlisberger pass incomplete short right to J.Smith-Schuster (J.Clowney).,FALSE,0,0,FALSE,0,0,FALSE
nfl,2020,401220322,2020-10-25T17:00Z,New Orleans Saints,Carolina Panthers,NO,CAR,4-2,3-4,27,24,TRUE,New Orleans Saints,4-2,home,NO,7,49.5,-317,271,-103,-107,1,nflreadr,New Orleans Saints,4-2,Carolina Panthers,3-4,0.7,0.7,0.521,0.4241842610364682,0.5758157389635318,147,2,0.013605442176870748,1,64,4012203221623,163500,2,01:37:00,1897,31.616666666666667,14,17,17,14,3,DJ Moore 7 Yd pass from Teddy Bridgewater (Joey Slye Kick),FALSE,0,0,FALSE,0,0,FALSE
nfl,2020,401220138,2020-10-25T17:00Z,New York Jets,Buffalo Bills,NYJ,BUF,0-7,5-2,10,18,FALSE,Buffalo Bills,5-2,away,BUF,9.5,47,327,-391,-111,101,1,nflreadr,Buffalo Bills,5-2,New York Jets,0-7,0.25,0.75,0.755,0.6754966887417218,0.32450331125827825,172,9,0.05232558139534884,1,61,4012201381478,147800,2,06:40:00,2200,36.666666666666664,10,0,10,0,10,(6:40) (Shotgun) D.Singletary up the middle to BUF 40 for 5 yards (H.Anderson; N.Hewitt).,FALSE,0,0,FALSE,0,0,FALSE
nfl,2020,401220266,2020-10-25T17:00Z,Washington,Dallas Cowboys,WSH,DAL,2-5,2-5,25,3,TRUE,Washington,2-5,NA,NA,NA,NA,NA,NA,NA,NA,NA,NA,Washington,2-5,Dallas Cowboys,2-5,0.583,0.583,0.479,0.12943632567849672,0.8705636743215033,157,2,0.012738853503184714,1,20,401220266510,51000,NA,NA,NA,NA,NA,NA,NA,NA,NA,NA,FALSE,0,0,FALSE,0,0,FALSE
nfl,2020,401220183,2020-10-25T17:00Z,Houston Texans,Green Bay Packers,HOU,GB,1-6,5-1,20,35,FALSE,Green Bay Packers,5-1,away,GB,2.5,55.5,127,-140,102,-113,1,nflreadr,Green Bay Packers,5-1,Houston Texans,1-6,0.419,0.581,0.43,0.025581395348837077,0.9744186046511629,168,4,0.023809523809523808,1,3,40122018358,5800,1,15:00:00,3600,60,0,0,0,0,0,(15:00) J.Williams left guard to GB 28 for 3 yards (P.Hall; W.Mercilus).,FALSE,0,0,FALSE,0,0,FALSE
nfl,2020,401220232,2020-10-25T20:05Z,Las Vegas Raiders,Tampa Bay Buccaneers,LV,TB,3-3,5-2,20,45,FALSE,Tampa Bay Buccaneers,5-2,away,TB,3.5,51.5,171,-192,-102,-108,1,nflreadr,Tampa Bay Buccaneers,5-2,Las Vegas Raiders,3-3,0.436,0.5640000000000001,0.68,0.5294117647058825,0.47058823529411753,174,3,0.017241379310344827,1,12,401220232263,26300,1,09:55:00,3295,54.916666666666664,7,0,7,0,7,"(10:02) (No Huddle, Shotgun) D.Carr pass deep middle to N.Agholor for 20 yards, TOUCHDOWN.D.Carlson extra point is GOOD, Center-T.Sieg, Holder-A.Cole.",FALSE,0,0,FALSE,0,0,FALSE
nfl,2020,401220210,2020-10-25T20:25Z,Denver Broncos,Kansas City Chiefs,DEN,KC,2-4,6-1,16,43,FALSE,Kansas City Chiefs,6-1,away,KC,7,46,260,-302,-113,103,1,nflreadr,Kansas City Chiefs,6-1,Denver Broncos,2-4,0.24,0.76,0.244,0.016393442622950838,0.9836065573770492,164,2,0.012195121951219513,1,2,40122021039,3900,1,15:00:00,3600,60,0,0,0,0,0,"H.Butker kicks 65 yards from KC 35 to end zone, Touchback.",FALSE,0,0,FALSE,0,0,FALSE
nfl,2020,401220136,2020-10-25T20:25Z,New England Patriots,San Francisco 49ers,NE,SF,2-4,4-3,6,33,FALSE,New England Patriots,2-4,home,NE,3,44,-167,150,-113,102,1,nflreadr,San Francisco 49ers,4-3,New England Patriots,2-4,0.505,0.505,0.516,0.0620155038759691,0.9379844961240309,149,1,0.006711409395973154,1,3,40122013654,5400,1,15:00:00,3600,60,0,0,0,0,0,(15:00) J.Wilson right tackle to SF 28 for 3 yards (B.Cowart).,FALSE,0,0,FALSE,0,0,FALSE
nfl,2020,401220241,2020-10-25T20:25Z,Los Angeles Chargers,Jacksonville Jaguars,LAC,JAX,2-4,1-6,39,29,TRUE,Los Angeles Chargers,2-4,home,LAC,8,48,-389,325,-102,-108,1,nflreadr,Los Angeles Chargers,2-4,Jacksonville Jaguars,1-6,0.718,0.718,0.732,0.6338797814207651,0.36612021857923494,177,6,0.03389830508474576,1,126,4012202413017,301700,3,02:54:00,1074,17.9,22,29,29,22,7,L.Cooke kicks 61 yards from JAX 35 to LAC 4. J.Reed to LAC 20 for 16 yards (D.Middleton; D.Ogunbowale).,FALSE,0,0,FALSE,0,0,FALSE
nfl,2020,401220338,2020-10-26T00:20Z,Arizona Cardinals,Seattle Seahawks,ARI,SEA,5-2,5-1,37,34,TRUE,Seattle Seahawks,5-1,NA,NA,NA,NA,NA,NA,NA,NA,NA,NA,Arizona Cardinals,5-2,Seattle Seahawks,5-1,0.418,0.5820000000000001,0.999,0.9989989989989989,0.0010010010010010895,224,9,0.04017857142857143,1,189,4012203384686,468600,4,00:17:00,617,10.283333333333333,31,34,34,31,3,(:03) (No Huddle) K.Murray spiked the ball to stop the clock.,FALSE,0,0,FALSE,0,0,FALSE
nfl,2020,401220351,2020-10-27T00:15Z,Los Angeles Rams,Chicago Bears,LAR,CHI,5-2,5-2,24,10,TRUE,Los Angeles Rams,5-2,NA,NA,NA,NA,NA,NA,NA,NA,NA,NA,Los Angeles Rams,5-2,Chicago Bears,5-2,0.7,0.7,0.345,0.13043478260869545,0.8695652173913045,175,2,0.011428571428571429,1,6,401220351143,14300,1,13:00:00,3480,58,0,0,0,0,0,(13:00) (Shotgun) N.Foles pass short right to A.Robinson ran ob at 50 for 8 yards (D.Williams).,FALSE,0,0,FALSE,0,0,FALSE
nfl,2020,401220314,2020-10-30T00:20Z,Carolina Panthers,Atlanta Falcons,CAR,ATL,3-5,2-6,17,25,FALSE,Carolina Panthers,3-5,NA,NA,NA,NA,NA,NA,NA,NA,NA,NA,Atlanta Falcons,2-6,Carolina Panthers,3-5,0.558,0.558,0.798,0.7468671679197996,0.25313283208020043,161,7,0.043478260869565216,1,53,4012203141316,131600,2,11:13:00,2473,41.21666666666667,14,6,14,6,8,(11:13) (Shotgun) M.Ryan pass short middle to H.Hurst to CAR 37 for 8 yards (S.Thompson).,FALSE,0,0,FALSE,0,0,FALSE
nfl,2020,401220115,2020-11-01T18:00Z,Buffalo Bills,New England Patriots,BUF,NE,6-2,2-5,24,21,TRUE,Buffalo Bills,6-2,home,BUF,4,41,-197,175,-105,-105,1,nflreadr,Buffalo Bills,6-2,New England Patriots,2-5,0.59,0.59,0.5860000000000001,0.3003412969283277,0.6996587030716723,163,4,0.024539877300613498,1,154,4012201153592,359200,4,00:53:00,53,0.8833333333333333,24,21,21,24,-3,(:53) D.Harris left end pushed ob at BUF 20 for 6 yards (T.Edmunds).,FALSE,0,0,FALSE,0,0,FALSE
nfl,2020,401220158,2020-11-01T18:00Z,Cincinnati Bengals,Tennessee Titans,CIN,TEN,2-5-1,5-2,31,20,TRUE,Tennessee Titans,5-2,away,TEN,7.5,49.5,274,-321,-118,107,1,nflreadr,Cincinnati Bengals,2-5-1,Tennessee Titans,5-2,0.361,0.639,0.723,0.6168741355463347,0.38312586445366525,174,4,0.022988505747126436,1,2,40122015842,4200,1,15:00:00,3600,60,0,0,0,0,0,S.Gostkowski kicks 62 yards from TEN 35 to CIN 3. B.Wilson to CIN 28 for 25 yards (A.Hooker; C.Jackson).,FALSE,0,0,FALSE,0,0,FALSE
nfl,2020,401220169,2020-11-01T18:00Z,Cleveland Browns,Las Vegas Raiders,CLE,LV,5-3,4-3,6,16,FALSE,Cleveland Browns,5-3,home,CLE,1,48,-130,117,-123,111,1,nflreadr,Las Vegas Raiders,4-3,Cleveland Browns,5-3,0.556,0.556,0.714,0.599439775910364,0.400560224089636,167,6,0.03592814371257485,1,96,4012201692204,220400,3,08:56:00,1436,23.933333333333334,9,6,9,6,3,"(8:56) (Shotgun) B.Mayfield pass deep left to J.Landry for 20 yards, TOUCHDOWN. The Replay Official reviewed the pass completion ruling, and the play was REVERSED. (Shotgun) B.Mayfield pass incomplete deep left to J.Landry.",FALSE,0,0,FALSE,0,0,FALSE
nfl,2020,401220288,2020-11-01T18:00Z,Detroit Lions,Indianapolis Colts,DET,IND,3-4,5-2,21,41,FALSE,Indianapolis Colts,5-2,away,IND,3.5,49,165,-185,-107,-103,1,nflreadr,Indianapolis Colts,5-2,Detroit Lions,3-4,0.427,0.573,0.693,0.5569985569985569,0.44300144300144306,175,2,0.011428571428571429,1,34,401220288805,80500,1,00:56:00,2756,45.93333333333333,7,0,7,0,7,(:56) (Shotgun) P.Rivers pass short left to M.Pittman to IND 46 for 6 yards (J.Coleman).,FALSE,0,0,FALSE,0,0,FALSE
nfl,2020,401220292,2020-11-01T18:00Z,Green Bay Packers,Minnesota Vikings,GB,MIN,5-2,2-5,22,28,FALSE,Green Bay Packers,5-2,home,GB,5.5,47,-249,218,-109,-101,1,nflreadr,Minnesota Vikings,2-5,Green Bay Packers,5-2,0.609,0.609,0.772,0.7046632124352332,0.2953367875647668,158,1,0.006329113924050633,1,26,401220292628,62800,1,01:33:00,2793,46.55,7,0,7,0,7,(1:33) (Shotgun) K.Cousins pass short right to D.Cook to GB 21 for 13 yards (A.Amos).,FALSE,0,0,FALSE,0,0,FALSE
nfl,2020,401220222,2020-11-01T18:00Z,Kansas City Chiefs,New York Jets,KC,NYJ,7-1,0-8,35,9,TRUE,Kansas City Chiefs,7-1,home,KC,20,49,-1965,1204,-108,-102,1,nflreadr,Kansas City Chiefs,7-1,New York Jets,0-8,0.941,0.941,0.10299999999999998,0.42718446601941684,0.5728155339805832,162,4,0.024691358024691357,1,62,4012202221467,146700,2,03:41:00,2021,33.68333333333333,14,6,6,14,-8,(3:41) (Shotgun) S.Darnold pass incomplete short left to J.Smith.,FALSE,0,0,FALSE,0,0,FALSE
nfl,2020,401220127,2020-11-01T18:00Z,Miami Dolphins,Los Angeles Rams,MIA,LAR,4-3,5-3,28,17,TRUE,Los Angeles Rams,5-3,NA,NA,NA,NA,NA,NA,NA,NA,NA,NA,Miami Dolphins,4-3,Los Angeles Rams,5-3,0.436,0.5640000000000001,0.774,0.7080103359173127,0.29198966408268734,193,1,0.0051813471502590676,1,32,401220127741,74100,1,04:29:00,2969,49.483333333333334,0,7,7,0,7,(4:29) (Shotgun) T.Tagovailoa pass incomplete deep left to M.Gesicki (D.Williams).,FALSE,0,0,FALSE,0,0,FALSE
nfl,2020,401220148,2020-11-01T18:00Z,Baltimore Ravens,Pittsburgh Steelers,BAL,PIT,5-2,7-0,24,28,FALSE,Baltimore Ravens,5-2,home,BAL,4,44,-200,178,-102,-109,1,nflreadr,Pittsburgh Steelers,7-0,Baltimore Ravens,5-2,0.671,0.671,0.877,0.8597491448118586,0.1402508551881414,172,6,0.03488372093023256,1,90,4012201482218,221800,3,14:20:00,1760,29.333333333333332,17,7,17,7,10,"(14:20) (No Huddle, Shotgun) B.Roethlisberger pass incomplete deep left to D.Johnson.",FALSE,0,0,FALSE,0,0,FALSE
nfl,2020,401220212,2020-11-01T21:05Z,Denver Broncos,Los Angeles Chargers,DEN,LAC,3-4,2-5,31,30,TRUE,Denver Broncos,3-4,away,LAC,3,44.5,132,-146,-114,103,1,nflreadr,Denver Broncos,3-4,Los Angeles Chargers,2-5,0.537,0.537,0.988,0.9878542510121457,0.012145748987854255,194,4,0.020618556701030927,1,120,4012202122818,281800,3,06:19:00,1279,21.316666666666666,3,24,24,3,21,(6:19) (Shotgun) D.Lock pass incomplete short left to J.Jeudy (M.Davis).,FALSE,0,0,FALSE,0,0,FALSE
nfl,2020,401220277,2020-11-01T21:25Z,Chicago Bears,New Orleans Saints,CHI,NO,5-3,5-2,23,26,FALSE,New Orleans Saints,5-2,away,NO,5.5,41,202,-229,-110,100,1,nflreadr,New Orleans Saints,5-2,Chicago Bears,5-3,0.386,0.614,0.826,0.7893462469733656,0.21065375302663436,210,3,0.014285714285714285,3,66,4012202771606,160600,2,02:30:00,2550,42.5,10,3,10,3,7,(2:30) D.Montgomery right guard to NO 14 for 38 yards (M.Williams). NO-S.Rankins was injured during the play.,FALSE,0,0,FALSE,0,0,FALSE
nfl,2020,401220361,2020-11-01T21:25Z,Seattle Seahawks,San Francisco 49ers,SEA,SF,6-1,4-4,37,27,TRUE,Seattle Seahawks,6-1,home,SEA,1,54.5,-110,-100,-102,-108,1,nflreadr,Seattle Seahawks,6-1,San Francisco 49ers,4-4,0.507,0.507,0.63,0.4126984126984128,0.5873015873015872,176,2,0.011363636363636364,1,31,401220361755,75500,1,02:46:00,2866,47.766666666666666,0,0,0,0,0,(2:46) (Shotgun) R.Wilson pass short middle to N.Bellore to SEA 25 for 9 yards (D.Greenlaw).,FALSE,0,0,FALSE,0,0,FALSE
nfl,2020,401220258,2020-11-02T01:20Z,Philadelphia Eagles,Dallas Cowboys,PHI,DAL,3-4-1,2-6,23,9,TRUE,Philadelphia Eagles,3-4-1,NA,NA,NA,NA,NA,NA,NA,NA,NA,NA,Philadelphia Eagles,3-4-1,Dallas Cowboys,2-6,0.755,0.755,0.601,0.5923460898502495,0.4076539101497505,178,4,0.02247191011235955,1,105,4012202582455,245500,3,08:55:00,1435,23.916666666666668,7,9,9,7,2,(8:55) T.Pollard up the middle to PHI 28 for 9 yards (T.Edwards).,FALSE,0,0,FALSE,0,0,FALSE
nfl,2020,401220257,2020-11-03T01:15Z,New York Giants,Tampa Bay Buccaneers,NYG,TB,1-7,6-2,23,25,FALSE,Tampa Bay Buccaneers,6-2,NA,NA,NA,NA,NA,NA,NA,NA,NA,NA,Tampa Bay Buccaneers,6-2,New York Giants,1-7,0.173,0.827,0.748,0.7687165775401069,0.23128342245989308,183,10,0.0546448087431694,1,76,4012202571827,182700,NA,NA,NA,NA,NA,NA,NA,NA,NA,NA,FALSE,0,0,FALSE,0,0,FALSE
nfl,2020,401220359,2020-11-06T01:20Z,San Francisco 49ers,Green Bay Packers,SF,GB,4-5,6-2,17,34,FALSE,San Francisco 49ers,4-5,NA,NA,NA,NA,NA,NA,NA,NA,NA,NA,Green Bay Packers,6-2,San Francisco 49ers,4-5,0.6,0.6,0.704,0.5795454545454544,0.42045454545454564,159,1,0.006289308176100629,1,3,40122035955,5500,1,14:53:00,3593,59.88333333333333,0,0,0,0,0,"(15:00) (Shotgun) A.Rodgers pass short left to A.Jones pushed ob at GB 30 for 5 yards (E.Moseley). Caught at GB 25, 5-YAC",FALSE,0,0,FALSE,0,0,FALSE
nfl,2020,401220311,2020-11-08T18:00Z,Atlanta Falcons,Denver Broncos,ATL,DEN,3-6,3-5,34,27,TRUE,Atlanta Falcons,3-6,home,ATL,4.5,50,-218,193,-102,-108,1,nflreadr,Atlanta Falcons,3-6,Denver Broncos,3-5,0.631,0.631,0.398,0.07286432160804024,0.9271356783919598,186,1,0.005376344086021506,1,7,401220311159,15900,1,12:32:00,3452,57.53333333333333,0,0,0,0,0,(12:37) T.Gurley right tackle to 50 for 4 yards (J.Simmons).,FALSE,0,0,FALSE,0,0,FALSE
nfl,2020,401220120,2020-11-08T18:00Z,Buffalo Bills,Seattle Seahawks,BUF,SEA,7-2,6-2,44,34,TRUE,Seattle Seahawks,6-2,away,SEA,3,55,147,-164,-101,-109,1,nflreadr,Buffalo Bills,7-2,Seattle Seahawks,6-2,0.452,0.548,0.548,0.17518248175182505,0.824817518248175,178,3,0.016853932584269662,1,1,4012201201,100,NA,NA,NA,NA,NA,NA,NA,NA,NA,NA,FALSE,0,0,FALSE,0,0,FALSE
nfl,2020,401220207,2020-11-08T18:00Z,Tennessee Titans,Chicago Bears,TEN,CHI,6-2,5-4,24,17,TRUE,Tennessee Titans,6-2,home,TEN,6.5,46.5,-280,243,-103,-107,1,nflreadr,Tennessee Titans,6-2,Chicago Bears,5-4,0.622,0.622,0.476,0.2058823529411764,0.7941176470588236,177,1,0.005649717514124294,1,8,401220207170,17000,1,13:32:00,3512,58.53333333333333,0,0,0,0,0,(13:32) (Shotgun) N.Foles pass short left to J.Graham pushed ob at TEN 43 for 24 yards (K.Vaccaro).,FALSE,0,0,FALSE,0,0,FALSE
nfl,2020,401220189,2020-11-08T18:00Z,Indianapolis Colts,Baltimore Ravens,IND,BAL,5-3,6-2,10,24,FALSE,Baltimore Ravens,6-2,home,IND,1,48,-104,-106,102,-113,1,nflreadr,Baltimore Ravens,6-2,Indianapolis Colts,5-3,0.402,0.598,0.69,0.5507246376811592,0.4492753623188408,169,1,0.005917159763313609,1,29,401220189692,69200,1,02:06:00,2826,47.1,7,0,7,0,7,(2:06) (Shotgun) P.Rivers pass short middle to M.Pittman to BLT 45 for 13 yards (T.Bonds).,FALSE,0,0,FALSE,0,0,FALSE
nfl,2020,401220224,2020-11-08T18:00Z,Kansas City Chiefs,Carolina Panthers,KC,CAR,8-1,3-6,33,31,TRUE,Kansas City Chiefs,8-1,home,KC,10,51.5,-445,365,-104,-106,1,nflreadr,Kansas City Chiefs,8-1,Carolina Panthers,3-6,0.842,0.842,0.5860000000000001,0.7303754266211604,0.2696245733788396,186,8,0.043010752688172046,1,49,4012202241159,115900,2,12:02:00,2522,42.03333333333333,3,14,14,3,11,(12:02) (Shotgun) P.Mahomes pass deep middle to M.Hardman to CAR 37 for 32 yards (S.Thompson; S.Franklin).,FALSE,0,0,FALSE,0,0,FALSE
nfl,2020,401220299,2020-11-08T18:00Z,Minnesota Vikings,Detroit Lions,MIN,DET,3-5,3-5,34,20,TRUE,Minnesota Vikings,3-5,home,MIN,3,51.5,-173,155,-117,106,1,nflreadr,Minnesota Vikings,3-5,Detroit Lions,3-5,0.669,0.669,0.33699999999999997,0.017804154302670683,0.9821958456973293,170,2,0.011764705882352941,1,2,40122029940,4000,1,15:00:00,3600,60,0,0,0,0,0,"D.Bailey kicks 65 yards from MIN 35 to end zone, Touchback.",FALSE,0,0,FALSE,0,0,FALSE
nfl,2020,401220267,2020-11-08T18:00Z,Washington,New York Giants,WSH,NYG,2-6,2-7,20,23,FALSE,Washington,2-6,NA,NA,NA,NA,NA,NA,NA,NA,NA,NA,New York Giants,2-7,Washington,2-6,0.657,0.657,0.707,0.5855728429985856,0.4144271570014144,169,2,0.011834319526627219,1,9,401220267201,20100,1,12:16:00,3436,57.266666666666666,0,0,0,0,0,"(12:16) (No Huddle, Shotgun) D.Lewis left guard to WAS 35 for no gain (D.Payne).",FALSE,0,0,FALSE,0,0,FALSE
nfl,2020,401220194,2020-11-08T18:00Z,Jacksonville Jaguars,Houston Texans,JAX,HOU,1-7,2-6,25,27,FALSE,Houston Texans,2-6,away,HOU,7,49,249,-289,-117,106,1,nflreadr,Houston Texans,2-6,Jacksonville Jaguars,1-7,0.309,0.6910000000000001,0.473,0.34672304439746304,0.653276955602537,173,2,0.011560693641618497,1,67,4012201941523,152300,2,05:42:00,2142,35.7,13,13,13,13,0,(5:42) (Shotgun) D.Johnson up the middle to HST 27 for 2 yards (D.Costin; J.Jones).,FALSE,0,0,FALSE,0,0,FALSE
nfl,2020,401220236,2020-11-08T21:05Z,Los Angeles Chargers,Las Vegas Raiders,LAC,LV,2-6,5-3,26,31,FALSE,Las Vegas Raiders,5-3,away,LV,1,52.5,102,-112,-105,-105,1,nflreadr,Las Vegas Raiders,5-3,Los Angeles Chargers,2-6,0.46,0.54,0.7,0.5714285714285714,0.4285714285714286,169,7,0.04142011834319527,1,164,4012202363914,391400,4,00:25:00,25,0.4166666666666667,26,31,26,31,-5,(:25) (Shotgun) J.Herbert pass deep right to M.Williams to LV 4 for 16 yards (J.Abram).,FALSE,0,0,FALSE,0,0,FALSE
nfl,2020,401220248,2020-11-08T21:25Z,Dallas Cowboys,Pittsburgh Steelers,DAL,PIT,2-7,8-0,19,24,FALSE,Pittsburgh Steelers,8-0,away,PIT,14,44,591,-789,-110,-100,1,nflreadr,Pittsburgh Steelers,8-0,Dallas Cowboys,2-7,0.192,0.808,0.868,0.8479262672811059,0.15207373271889413,181,7,0.03867403314917127,1,130,4012202483090,309000,4,11:57:00,717,11.95,19,15,19,15,4,(11:57) (Shotgun) G.Gilbert pass incomplete short left to B.Bell (T.Watt). Pass batted down at the line of scrimmage.,FALSE,0,0,FALSE,0,0,FALSE
nfl,2020,401220342,2020-11-08T21:25Z,Arizona Cardinals,Miami Dolphins,ARI,MIA,5-3,5-3,31,34,FALSE,Arizona Cardinals,5-3,home,ARI,6,49,-241,211,102,-112,1,nflreadr,Miami Dolphins,5-3,Arizona Cardinals,5-3,0.698,0.698,0.88,0.8636363636363635,0.13636363636363646,178,6,0.033707865168539325,1,131,4012203423421,342100,3,01:39:00,999,16.65,31,24,31,24,7,(1:39) (Shotgun) S.Ahmed up the middle to MIA 8 for 3 yards (J.Hicks).,FALSE,0,0,FALSE,0,0,FALSE
nfl,2020,401220330,2020-11-09T01:20Z,Tampa Bay Buccaneers,New Orleans Saints,TB,NO,6-3,6-2,3,38,FALSE,Tampa Bay Buccaneers,6-3,NA,NA,NA,NA,NA,NA,NA,NA,NA,NA,New Orleans Saints,6-2,Tampa Bay Buccaneers,6-3,0.65,0.65,0.656,0.47560975609756095,0.524390243902439,154,4,0.025974025974025976,1,2,40122033040,4000,1,15:00:00,3600,60,0,0,0,0,0,"W.Lutz kicks 65 yards from NO 35 to end zone, Touchback.",FALSE,0,0,FALSE,0,0,FALSE
nfl,2020,401220140,2020-11-10T01:15Z,New York Jets,New England Patriots,NYJ,NE,0-9,3-5,27,30,FALSE,New England Patriots,3-5,NA,NA,NA,NA,NA,NA,NA,NA,NA,NA,New England Patriots,3-5,New York Jets,0-9,0.285,0.7150000000000001,0.88,0.8636363636363635,0.13636363636363646,163,7,0.04294478527607362,1,138,4012201403381,338100,4,04:48:00,288,4.8,27,20,27,20,7,(4:48) (Shotgun) C.Newton pass incomplete deep right to D.Byrd (P.Desir).,FALSE,0,0,FALSE,0,0,FALSE
nfl,2020,401220203,2020-11-13T01:20Z,Tennessee Titans,Indianapolis Colts,TEN,IND,6-3,6-3,17,34,FALSE,Tennessee Titans,6-3,NA,NA,NA,NA,NA,NA,NA,NA,NA,NA,Indianapolis Colts,6-3,Tennessee Titans,6-3,0.564,0.564,0.789,0.7325728770595692,0.2674271229404308,168,6,0.03571428571428571,1,28,401220203657,65700,1,04:42:00,2982,49.7,7,0,7,0,7,(4:42) (Shotgun) N.Hines left tackle to IND 46 for 12 yards (D.King).,FALSE,0,0,FALSE,0,0,FALSE
nfl,2020,401220165,2020-11-15T18:00Z,Cleveland Browns,Houston Texans,CLE,HOU,6-3,2-7,10,7,TRUE,Cleveland Browns,6-3,home,CLE,4.5,46,-217,192,-104,-106,1,nflreadr,Cleveland Browns,6-3,Houston Texans,2-7,0.621,0.621,0.496,0.2358870967741935,0.7641129032258065,162,2,0.012345679012345678,1,44,4012201651059,105900,2,11:08:00,2468,41.13333333333333,3,0,0,3,-3,(11:08) N.Chubb left guard to CLV 13 for no gain (Z.Cunningham).,FALSE,0,0,FALSE,0,0,FALSE
nfl,2020,401220289,2020-11-15T18:00Z,Detroit Lions,Washington,DET,WSH,4-5,2-7,30,27,TRUE,Detroit Lions,4-5,NA,NA,NA,NA,NA,NA,NA,NA,NA,NA,Detroit Lions,4-5,Washington,2-7,0.534,0.534,0.583,0.2847341337907374,0.7152658662092626,189,4,0.021164021164021163,1,9,401220289198,19800,1,11:14:00,3374,56.233333333333334,0,0,0,0,0,(11:14) (Shotgun) A.Gibson left end to DET 14 for 7 yards (E.Griffen).,FALSE,0,0,FALSE,0,0,FALSE
nfl,2020,401220295,2020-11-15T18:00Z,Green Bay Packers,Jacksonville Jaguars,GB,JAX,7-2,1-8,24,20,TRUE,Green Bay Packers,7-2,home,GB,13.5,47,-893,653,-105,-105,1,nflreadr,Green Bay Packers,7-2,Jacksonville Jaguars,1-8,0.907,0.907,0.571,0.8371278458844134,0.16287215411558664,171,5,0.029239766081871343,1,133,4012202953213,321300,4,12:04:00,724,12.066666666666666,17,20,20,17,3,(12:04) (Shotgun) A.Rodgers pass incomplete short middle to J.Williams.,FALSE,0,0,FALSE,0,0,FALSE
nfl,2020,401220251,2020-11-15T18:00Z,New York Giants,Philadelphia Eagles,NYG,PHI,3-7,3-5-1,27,17,TRUE,Philadelphia Eagles,3-5-1,away,PHI,4.5,45,194,-219,-104,-106,1,nflreadr,New York Giants,3-7,Philadelphia Eagles,3-5-1,0.35,0.65,0.704,0.5795454545454544,0.42045454545454564,179,4,0.0223463687150838,1,3,40122025163,6300,1,14:55:00,3595,59.916666666666664,0,0,0,0,0,(14:55) (Shotgun) D.Jones sacked at NYG 10 for -5 yards (D.Barnett).,FALSE,0,0,FALSE,0,0,FALSE
nfl,2020,401220368,2020-11-15T18:00Z,Carolina Panthers,Tampa Bay Buccaneers,CAR,TB,3-7,7-3,23,46,FALSE,Tampa Bay Buccaneers,7-3,away,TB,6,49.5,226,-259,-102,-108,1,nflreadr,Tampa Bay Buccaneers,7-3,Carolina Panthers,3-7,0.354,0.646,0.649,0.45916795069337457,0.5408320493066254,167,11,0.0658682634730539,1,65,4012203681556,155600,2,03:52:00,2032,33.86666666666667,17,10,17,10,7,"(3:52) (Shotgun) PENALTY on TB-T.Brady, False Start, 5 yards, enforced at TB 25 - No Play.",FALSE,0,0,FALSE,0,0,FALSE
nfl,2020,401220226,2020-11-15T21:05Z,Las Vegas Raiders,Denver Broncos,LV,DEN,6-3,3-6,37,12,TRUE,Las Vegas Raiders,6-3,home,LV,3.5,50.5,-188,168,-104,-106,1,nflreadr,Las Vegas Raiders,6-3,Denver Broncos,3-6,0.609,0.609,0.501,0.219560878243513,0.780439121756487,183,6,0.03278688524590164,1,90,4012202262137,213700,2,00:18:00,1818,30.3,10,12,12,10,2,"(:18) (Shotgun) D.Lock left end for 5 yards, TOUCHDOWN NULLIFIED by Penalty. PENALTY on DEN-N.Fant, Offensive Holding, 10 yards, enforced at LV 0.",FALSE,0,0,FALSE,0,0,FALSE
nfl,2020,401220126,2020-11-15T21:05Z,Miami Dolphins,Los Angeles Chargers,MIA,LAC,6-3,2-7,29,21,TRUE,Miami Dolphins,6-3,home,MIA,1,48.5,-115,104,-110,-100,1,nflreadr,Miami Dolphins,6-3,Los Angeles Chargers,2-7,0.646,0.646,0.36,0.01666666666666672,0.9833333333333333,163,6,0.03680981595092025,1,2,40122012640,4000,1,15:00:00,3600,60,0,0,0,0,0,"J.Sanders kicks 65 yards from MIA 35 to end zone, Touchback.",FALSE,0,0,FALSE,0,0,FALSE
nfl,2020,401220341,2020-11-15T21:05Z,Arizona Cardinals,Buffalo Bills,ARI,BUF,6-3,7-3,32,30,TRUE,Arizona Cardinals,6-3,home,ARI,3,55.5,-153,138,-102,-108,1,nflreadr,Arizona Cardinals,6-3,Buffalo Bills,7-3,0.587,0.587,0.978,0.9775051124744376,0.02249488752556239,204,9,0.04411764705882353,1,193,4012203414669,466900,4,00:34:00,34,0.5666666666666667,26,30,30,26,4,"Stefon Diggs Pass From Josh Allen for 21 Yrds T.Bass extra point is GOOD, Center-R.Ferguson, Holder-C.Bojorquez.",FALSE,0,0,FALSE,0,0,FALSE
nfl,2020,401220346,2020-11-15T21:25Z,Los Angeles Rams,Seattle Seahawks,LAR,SEA,6-3,6-3,23,16,TRUE,Los Angeles Rams,6-3,NA,NA,NA,NA,NA,NA,NA,NA,NA,NA,Los Angeles Rams,6-3,Seattle Seahawks,6-3,0.559,0.559,0.583,0.2847341337907374,0.7152658662092626,177,1,0.005649717514124294,1,23,401220346536,53600,1,05:14:00,3014,50.233333333333334,3,7,7,3,4,(5:14) D.Henderson up the middle to LA 29 for -1 yards (B.Wagner).,FALSE,0,0,FALSE,0,0,FALSE
nfl,2020,401220327,2020-11-15T21:25Z,New Orleans Saints,San Francisco 49ers,NO,SF,7-2,4-6,27,13,TRUE,New Orleans Saints,7-2,home,NO,9.5,49.5,-387,323,-101,-110,1,nflreadr,New Orleans Saints,7-2,San Francisco 49ers,4-6,0.609,0.609,0.736,0.6413043478260869,0.3586956521739131,172,6,0.03488372093023256,1,31,401220327774,77400,1,01:39:00,2799,46.65,0,7,7,0,7,(1:39) J.McKinnon right guard to NO 3 for 3 yards (C.Jordan; M.Williams).,FALSE,0,0,FALSE,0,0,FALSE
nfl,2020,401220171,2020-11-15T21:25Z,Pittsburgh Steelers,Cincinnati Bengals,PIT,CIN,9-0,2-6-1,36,10,TRUE,Pittsburgh Steelers,9-0,home,PIT,6.5,45.5,-297,255,-109,-101,1,nflreadr,Pittsburgh Steelers,9-0,Cincinnati Bengals,2-6-1,0.719,0.719,0.33799999999999997,0.16863905325443773,0.8313609467455623,186,3,0.016129032258064516,1,21,401220171491,49100,1,10:00:00,3300,55,3,0,0,3,-3,(10:00) (Shotgun) J.Conner up the middle to PIT 25 for 1 yard (M.Alexander; G.Pratt).,FALSE,0,0,FALSE,0,0,FALSE
nfl,2020,401220137,2020-11-16T01:20Z,New England Patriots,Baltimore Ravens,NE,BAL,4-5,6-3,23,17,TRUE,Baltimore Ravens,6-3,NA,NA,NA,NA,NA,NA,NA,NA,NA,NA,New England Patriots,4-5,Baltimore Ravens,6-3,0.334,0.6659999999999999,0.795,0.7421383647798743,0.25786163522012573,161,1,0.006211180124223602,1,39,401220137917,91700,2,13:09:00,2589,43.15,0,7,7,0,7,(13:09) D.Harris left tackle to BLT 27 for 3 yards (J.Ellis).,FALSE,0,0,FALSE,0,0,FALSE
nfl,2020,401220276,2020-11-17T01:15Z,Chicago Bears,Minnesota Vikings,CHI,MIN,5-5,4-5,13,19,FALSE,Minnesota Vikings,4-5,NA,NA,NA,NA,NA,NA,NA,NA,NA,NA,Minnesota Vikings,4-5,Chicago Bears,5-5,0.414,0.5860000000000001,0.722,0.6149584487534625,0.3850415512465375,171,2,0.011695906432748537,1,99,4012202762338,233800,3,08:41:00,1421,23.683333333333334,13,10,13,10,3,(8:41) K.Cousins pass short left to T.Conklin to MIN 24 for 2 yards (K.Mack; B.Skrine).,FALSE,0,0,FALSE,0,0,FALSE
nfl,2020,401220360,2020-11-20T01:20Z,Seattle Seahawks,Arizona Cardinals,SEA,ARI,7-3,6-4,28,21,TRUE,Seattle Seahawks,7-3,NA,NA,NA,NA,NA,NA,NA,NA,NA,NA,Seattle Seahawks,7-3,Arizona Cardinals,6-4,0.599,0.599,0.498,0.19477911646586343,0.8052208835341366,173,6,0.03468208092485549,1,140,4012203603553,355300,4,10:02:00,602,10.033333333333333,23,21,21,23,-2,(10:02) (Shotgun) R.Wilson pass short right to T.Lockett to SEA 48 for 7 yards (D.Kirkpatrick).,FALSE,0,0,FALSE,0,0,FALSE
nfl,2020,401220167,2020-11-22T18:00Z,Cleveland Browns,Philadelphia Eagles,CLE,PHI,7-3,3-6-1,22,17,TRUE,Cleveland Browns,7-3,home,CLE,2.5,45.5,-135,122,-106,-104,1,nflreadr,Cleveland Browns,7-3,Philadelphia Eagles,3-6-1,0.52,0.52,0.665,0.4962406015037595,0.5037593984962405,186,7,0.03763440860215054,1,16,401220167357,35700,1,08:41:00,3221,53.68333333333333,0,0,0,0,0,(8:41) (Shotgun) M.Sanders left tackle pushed ob at CLV 5 for 11 yards (V.Taylor).,FALSE,0,0,FALSE,0,0,FALSE
nfl,2020,401220321,2020-11-22T18:00Z,New Orleans Saints,Atlanta Falcons,NO,ATL,8-2,3-7,24,9,TRUE,New Orleans Saints,8-2,home,NO,3.5,49.5,-181,162,-101,-109,1,nflreadr,New Orleans Saints,8-2,Atlanta Falcons,3-7,0.624,0.624,0.639,0.43505477308294216,0.5649452269170578,172,1,0.005813953488372093,1,68,4012203211615,161500,2,04:40:00,2080,34.666666666666664,3,6,6,3,3,(4:40) (Shotgun) M.Ryan pass incomplete short left.,FALSE,0,0,FALSE,0,0,FALSE
nfl,2020,401220272,2020-11-22T18:00Z,Washington,Cincinnati Bengals,WSH,CIN,3-7,2-7-1,20,9,TRUE,Washington,3-7,NA,NA,NA,NA,NA,NA,NA,NA,NA,NA,Washington,3-7,Cincinnati Bengals,2-7-1,0.556,0.556,0.629,0.41017488076311603,0.589825119236884,173,1,0.005780346820809248,1,94,4012202722385,238500,3,14:06:00,1746,29.1,7,9,9,7,2,(14:06) A.Gibson left tackle to WAS 36 for 1 yard (G.Pratt; C.Lawson).,FALSE,0,0,FALSE,0,0,FALSE
nfl,2020,401220318,2020-11-22T18:00Z,Carolina Panthers,Detroit Lions,CAR,DET,4-7,4-6,20,0,TRUE,Carolina Panthers,4-7,away,DET,3,47,152,-169,108,-119,1,nflreadr,Carolina Panthers,4-7,Detroit Lions,4-6,0.519,0.519,0.573,0.25479930191972056,0.7452006980802794,166,1,0.006024096385542169,1,3,40122031857,5700,1,15:00:00,3600,60,0,0,0,0,0,(15:00) P.Walker pass short left to R.Anderson to CAR 34 for 9 yards (J.Tavai; W.Harris).,FALSE,0,0,FALSE,0,0,FALSE
nfl,2020,401220198,2020-11-22T18:00Z,Jacksonville Jaguars,Pittsburgh Steelers,JAX,PIT,1-9,10-0,3,27,FALSE,Pittsburgh Steelers,10-0,away,PIT,11,47,386,-475,-107,-103,1,nflreadr,Pittsburgh Steelers,10-0,Jacksonville Jaguars,1-9,0.143,0.857,0.347,0.5878962536023054,0.41210374639769465,175,7,0.04,1,26,401220198554,55400,1,06:33:00,3093,51.55,3,0,3,0,3,"(6:34) L.Cooke punts 48 yards to PIT 5, Center-R.Matiscik. R.McCloud to PIT 5 for no gain (C.Claybrooks).",FALSE,0,0,FALSE,0,0,FALSE
nfl,2020,401220150,2020-11-22T18:00Z,Baltimore Ravens,Tennessee Titans,BAL,TEN,6-4,7-3,24,30,FALSE,Baltimore Ravens,6-4,home,BAL,6,50.5,-253,221,-107,-103,1,nflreadr,Tennessee Titans,7-3,Baltimore Ravens,6-4,0.68,0.68,0.917,0.9094874591057798,0.09051254089422023,173,12,0.06936416184971098,1,104,4012201502584,258400,3,06:17:00,1877,31.283333333333335,21,10,21,10,11,(6:18) (Shotgun) R.Tannehill pass short right to J.Smith to BLT 22 for 5 yards (M.Humphrey).,FALSE,0,0,FALSE,0,0,FALSE
nfl,2020,401220185,2020-11-22T18:00Z,Houston Texans,New England Patriots,HOU,NE,3-7,4-6,27,20,TRUE,New England Patriots,4-6,away,NE,2.5,49.5,132,-147,106,-117,1,nflreadr,Houston Texans,3-7,New England Patriots,4-6,0.485,0.515,0.782,0.7212276214833759,0.27877237851662406,167,6,0.03592814371257485,1,19,401220185450,45000,1,06:52:00,3112,51.86666666666667,0,7,7,0,7,J.Bailey kicks 60 yards from NE 35 to HST 5. C.Prosise to HST 27 for 22 yards (M.Slater; J.Jones).,FALSE,0,0,FALSE,0,0,FALSE
nfl,2020,401220214,2020-11-22T21:05Z,Denver Broncos,Miami Dolphins,DEN,MIA,4-6,6-4,20,13,TRUE,Miami Dolphins,6-4,away,MIA,4,46,174,-196,-105,-105,1,nflreadr,Denver Broncos,4-6,Miami Dolphins,6-4,0.466,0.534,0.743,0.6541049798115748,0.3458950201884252,169,1,0.005917159763313609,1,20,401220214479,47900,1,09:22:00,3262,54.36666666666667,0,7,7,0,7,(9:22) (Shotgun) D.Lock pass incomplete short left to J.Jeudy (N.Needham).,FALSE,0,0,FALSE,0,0,FALSE
nfl,2020,401220238,2020-11-22T21:05Z,Los Angeles Chargers,New York Jets,LAC,NYJ,3-7,0-10,34,28,TRUE,Los Angeles Chargers,3-7,home,LAC,10,47,-425,351,-101,-110,1,nflreadr,Los Angeles Chargers,3-7,New York Jets,0-10,0.701,0.701,0.54,0.4462962962962963,0.5537037037037037,186,8,0.043010752688172046,1,27,401220238626,62600,1,04:09:00,2949,49.15,0,6,6,0,6,(4:10) (Shotgun) J.Herbert pass short middle to K.Ballage to NYJ 15 for 3 yards (H.Langi).,FALSE,0,0,FALSE,0,0,FALSE
nfl,2020,401220191,2020-11-22T21:25Z,Indianapolis Colts,Green Bay Packers,IND,GB,7-3,7-3,34,31,TRUE,Green Bay Packers,7-3,home,IND,1.5,52,-120,109,-106,-104,1,nflreadr,Indianapolis Colts,7-3,Green Bay Packers,7-3,0.457,0.5429999999999999,0.906,0.8962472406181017,0.10375275938189832,187,2,0.0106951871657754,1,82,4012201912074,207400,2,00:10:00,2410,40.166666666666664,14,28,28,14,14,(:10) P.Rivers kneels to IND 27 for -1 yards.,FALSE,0,0,FALSE,0,0,FALSE
nfl,2020,401220305,2020-11-22T21:25Z,Minnesota Vikings,Dallas Cowboys,MIN,DAL,4-6,3-7,28,31,FALSE,Minnesota Vikings,4-6,home,MIN,7,50,-304,261,-100,-110,1,nflreadr,Dallas Cowboys,3-7,Minnesota Vikings,4-6,0.769,0.769,0.839,0.8081048867699643,0.19189511323003572,163,3,0.018404907975460124,1,4,40122030575,7500,1,14:29:00,3569,59.483333333333334,0,0,0,0,0,(14:29) (Shotgun) E.Elliott up the middle to DAL 32 for 5 yards (J.Johnson).,FALSE,0,0,FALSE,0,0,FALSE
nfl,2020,401220227,2020-11-23T01:20Z,Las Vegas Raiders,Kansas City Chiefs,LV,KC,6-4,9-1,31,35,FALSE,Kansas City Chiefs,9-1,NA,NA,NA,NA,NA,NA,NA,NA,NA,NA,Kansas City Chiefs,9-1,Las Vegas Raiders,6-4,0.241,0.759,0.81,0.7654320987654322,0.23456790123456783,174,2,0.011494252873563218,1,162,4012202273904,390400,4,01:26:00,86,1.4333333333333333,31,28,31,28,3,"(1:26) (No Huddle, Shotgun) P.Mahomes pass incomplete short right [J.Heath].",FALSE,0,0,FALSE,0,0,FALSE
nfl,2020,401220335,2020-11-24T01:15Z,Tampa Bay Buccaneers,Los Angeles Rams,TB,LAR,7-4,7-3,24,27,FALSE,Tampa Bay Buccaneers,7-4,NA,NA,NA,NA,NA,NA,NA,NA,NA,NA,Los Angeles Rams,7-3,Tampa Bay Buccaneers,7-4,0.656,0.656,0.782,0.7212276214833759,0.27877237851662406,184,5,0.02717391304347826,1,62,4012203351509,150900,2,05:01:00,2101,35.016666666666666,14,7,14,7,7,"(5:01) PENALTY on TB-S.Barrett, Defensive Offside, 5 yards, enforced at TB 12 - No Play.",FALSE,0,0,FALSE,0,0,FALSE
nfl,2020,401220287,2020-11-26T17:30Z,Detroit Lions,Houston Texans,DET,HOU,4-7,4-7,25,41,FALSE,Houston Texans,4-7,away,HOU,3,52.5,139,-155,-106,-104,1,nflreadr,Houston Texans,4-7,Detroit Lions,4-7,0.438,0.562,0.702,0.5754985754985753,0.4245014245014247,172,5,0.029069767441860465,1,24,401220287571,57100,1,05:02:00,3002,50.03333333333333,7,0,7,0,7,(5:02) (Shotgun) D.Watson pass incomplete short right to W.Fuller (D.Trufant).,FALSE,0,0,FALSE,0,0,FALSE
nfl,2020,401220244,2020-11-26T21:30Z,Dallas Cowboys,Washington,DAL,WSH,3-8,4-7,16,41,FALSE,Washington,4-7,NA,NA,NA,NA,NA,NA,NA,NA,NA,NA,Washington,4-7,Dallas Cowboys,3-8,0.45,0.55,0.609,0.3579638752052545,0.6420361247947455,166,6,0.03614457831325301,1,16,401220244363,36300,1,08:38:00,3218,53.63333333333333,0,0,0,0,0,(8:38) (Shotgun) A.Dalton pass incomplete short left to A.Cooper. DAL-Z.Martin was injured during the play. He is Out.,FALSE,0,0,FALSE,0,0,FALSE
nfl,2020,401220312,2020-11-29T18:00Z,Atlanta Falcons,Las Vegas Raiders,ATL,LV,4-7,6-5,43,6,TRUE,Las Vegas Raiders,6-5,away,LV,3.5,53,164,-184,-105,-105,1,nflreadr,Atlanta Falcons,4-7,Las Vegas Raiders,6-5,0.47,0.53,0.606,0.34983498349834985,0.6501650165016502,185,3,0.016216216216216217,1,8,401220312186,18600,1,13:40:00,3520,58.666666666666664,0,0,0,0,0,"(13:45) D.Carr pass incomplete short middle to N.Agholor. PENALTY on ATL-S.Means, Defensive Offside, 5 yards, enforced at LV 36 - No Play.",FALSE,0,0,FALSE,0,0,FALSE
nfl,2020,401220118,2020-11-29T18:00Z,Buffalo Bills,Los Angeles Chargers,BUF,LAC,8-3,3-8,27,17,TRUE,Buffalo Bills,8-3,home,BUF,4.5,51,-214,189,-103,-107,1,nflreadr,Buffalo Bills,8-3,Los Angeles Chargers,3-8,0.735,0.735,0.357,0.25770308123249297,0.742296918767507,183,2,0.01092896174863388,1,51,4012201181242,124200,2,12:51:00,2571,42.85,7,6,6,7,-1,(12:51) (Shotgun) J.Allen pass short right to D.Singletary to BUF 40 for 14 yards (N.Adderley; D.Perryman).,FALSE,0,0,FALSE,0,0,FALSE
nfl,2020,401220160,2020-11-29T18:00Z,Cincinnati Bengals,New York Giants,CIN,NYG,2-8-1,4-7,17,19,FALSE,New York Giants,4-7,away,NYG,6.5,45,227,-260,-107,-103,1,nflreadr,New York Giants,4-7,Cincinnati Bengals,2-8-1,0.472,0.528,0.583,0.2847341337907374,0.7152658662092626,171,6,0.03508771929824561,2,20,401220160477,47700,1,07:58:00,3178,52.96666666666667,7,7,7,7,0,"(7:58) (Shotgun) D.Jones scrambles right end to NYG 38 for 3 yards (V.Bell). Penalty on NYG-C.Fleming, Offensive Holding, declined.",FALSE,0,0,FALSE,0,0,FALSE
nfl,2020,401220188,2020-11-29T18:00Z,Indianapolis Colts,Tennessee Titans,IND,TEN,7-4,8-3,26,45,FALSE,Indianapolis Colts,7-4,home,IND,3,51.5,-147,133,103,-114,1,nflreadr,Tennessee Titans,8-3,Indianapolis Colts,7-4,0.521,0.521,0.564,0.22695035460992896,0.773049645390071,185,1,0.005405405405405406,1,45,4012201881104,110400,2,11:25:00,2485,41.416666666666664,14,14,14,14,0,(11:25) (Shotgun) R.Tannehill pass incomplete short left to A.Firkser (D.Leonard).,FALSE,0,0,FALSE,0,0,FALSE
nfl,2020,401220302,2020-11-29T18:00Z,Minnesota Vikings,Carolina Panthers,MIN,CAR,5-6,4-8,28,27,TRUE,Minnesota Vikings,5-6,home,MIN,3,50,-145,131,104,-115,1,nflreadr,Minnesota Vikings,5-6,Carolina Panthers,4-8,0.631,0.631,0.987,0.9868287740628165,0.01317122593718345,182,7,0.038461538461538464,1,164,4012203024005,400500,4,01:56:00,116,1.9333333333333333,21,24,24,21,3,Timeout #3 by MIN at 01:56.,FALSE,0,0,FALSE,0,0,FALSE
nfl,2020,401220135,2020-11-29T18:00Z,New England Patriots,Arizona Cardinals,NE,ARI,5-6,6-5,20,17,TRUE,Arizona Cardinals,6-5,away,ARI,1,51,104,-115,-103,-107,1,nflreadr,New England Patriots,5-6,Arizona Cardinals,6-5,0.484,0.516,0.795,0.7421383647798743,0.25786163522012573,163,1,0.006134969325153374,1,26,401220135664,66400,1,04:49:00,2989,49.81666666666667,0,7,7,0,7,(4:49) (Shotgun) K.Murray pass deep left to D.Hopkins to NE 38 for 16 yards (A.Phillips).,FALSE,0,0,FALSE,0,0,FALSE
nfl,2020,401220139,2020-11-29T18:00Z,New York Jets,Miami Dolphins,NYJ,MIA,0-11,7-4,3,20,FALSE,Miami Dolphins,7-4,away,MIA,7.5,46,296,-350,-104,-106,1,nflreadr,Miami Dolphins,7-4,New York Jets,0-11,0.303,0.6970000000000001,0.505,0.40000000000000013,0.5999999999999999,159,1,0.006289308176100629,1,32,401220139735,73500,1,03:30:00,2910,48.5,3,0,3,0,3,(3:30) (Shotgun) R.Fitzpatrick pass short left to D.Smythe pushed ob at MIA 34 for 5 yards (A.Davis).,FALSE,0,0,FALSE,0,0,FALSE
nfl,2020,401220197,2020-11-29T18:00Z,Jacksonville Jaguars,Cleveland Browns,JAX,CLE,1-10,8-3,25,27,FALSE,Cleveland Browns,8-3,away,CLE,7.5,48.5,284,-334,-112,102,1,nflreadr,Cleveland Browns,8-3,Jacksonville Jaguars,1-10,0.31,0.69,0.642,0.5171339563862928,0.4828660436137072,169,8,0.047337278106508875,1,94,4012201972158,215800,3,11:41:00,1601,26.683333333333334,19,17,19,17,2,(11:41) M.Glennon pass incomplete short left to K.Cole Sr..,FALSE,0,0,FALSE,0,0,FALSE
nfl,2020,401220215,2020-11-29T21:05Z,Denver Broncos,New Orleans Saints,DEN,NO,4-7,9-2,3,31,FALSE,New Orleans Saints,9-2,away,NO,17,36.5,906,-1350,-107,-103,1,nflreadr,New Orleans Saints,9-2,Denver Broncos,4-7,0.261,0.739,0.377,0.3076923076923077,0.6923076923076923,145,1,0.006896551724137931,1,30,401220215685,68500,1,01:58:00,2818,46.96666666666667,0,0,0,0,0,(1:58) (Shotgun) T.Hill pass short left to M.Thomas to NO 35 for 3 yards (B.Callahan).,FALSE,0,0,FALSE,0,0,FALSE
nfl,2020,401220345,2020-11-29T21:05Z,Los Angeles Rams,San Francisco 49ers,LAR,SF,7-4,5-6,20,23,FALSE,Los Angeles Rams,7-4,NA,NA,NA,NA,NA,NA,NA,NA,NA,NA,San Francisco 49ers,5-6,Los Angeles Rams,7-4,0.541,0.541,0.776,0.7113402061855671,0.28865979381443285,186,5,0.026881720430107527,1,156,4012203453726,372600,4,04:40:00,280,4.666666666666667,20,17,20,17,3,(4:47) R.Mostert left tackle to LA 28 for 1 yard (L.Floyd).,FALSE,0,0,FALSE,0,0,FALSE
nfl,2020,401220333,2020-11-29T21:25Z,Tampa Bay Buccaneers,Kansas City Chiefs,TB,KC,7-5,10-1,24,27,FALSE,Kansas City Chiefs,10-1,away,KC,3.5,56,149,-166,-124,112,1,nflreadr,Kansas City Chiefs,10-1,Tampa Bay Buccaneers,7-5,0.431,0.569,0.431,0,1,178,5,0.028089887640449437,1,1,4012203331,100,NA,NA,NA,NA,NA,NA,NA,NA,NA,NA,FALSE,0,0,FALSE,0,0,FALSE
nfl,2020,401220290,2020-11-30T01:20Z,Green Bay Packers,Chicago Bears,GB,CHI,8-3,5-6,41,25,TRUE,Green Bay Packers,8-3,NA,NA,NA,NA,NA,NA,NA,NA,NA,NA,Green Bay Packers,8-3,Chicago Bears,5-6,0.69,0.69,0.32499999999999996,0.04615384615384588,0.9538461538461541,173,4,0.023121387283236993,1,4,40122029079,7900,1,14:22:00,3562,59.36666666666667,0,0,0,0,0,(14:22) (Shotgun) A.Rodgers pass incomplete short middle to A.Jones.,FALSE,0,0,FALSE,0,0,FALSE
nfl,2020,401220262,2020-12-01T01:15Z,Philadelphia Eagles,Seattle Seahawks,PHI,SEA,3-7-1,8-3,17,23,FALSE,Seattle Seahawks,8-3,NA,NA,NA,NA,NA,NA,NA,NA,NA,NA,Seattle Seahawks,8-3,Philadelphia Eagles,3-7-1,0.387,0.613,0.466,0.16952789699570814,0.8304721030042919,177,1,0.005649717514124294,1,37,401220262893,89300,1,01:59:00,2819,46.983333333333334,0,0,0,0,0,"(1:59) C.Johnston punts 63 yards to SEA 10, Center-R.Lovato. D.Moore to SEA 16 for 6 yards (M.Jacquet; M.Epps).",FALSE,0,0,FALSE,0,0,FALSE
nfl,2020,401220170,2020-12-02T20:40Z,Pittsburgh Steelers,Baltimore Ravens,PIT,BAL,11-0,6-5,19,14,TRUE,Pittsburgh Steelers,11-0,home,PIT,10.5,41.5,-518,416,-101,-109,1,nflreadr,Pittsburgh Steelers,11-0,Baltimore Ravens,6-5,0.644,0.644,0.425,0.1623529411764706,0.8376470588235294,163,2,0.012269938650306749,1,7,401220170151,15100,1,12:42:00,3462,57.7,0,0,0,0,0,(12:42) (Shotgun) B.Snell up the middle to PIT 23 for 5 yards (D.Wolfe; C.Clark).,FALSE,0,0,FALSE,0,0,FALSE
nfl,2020,401220307,2020-12-06T18:00Z,Atlanta Falcons,New Orleans Saints,ATL,NO,4-8,10-2,16,21,FALSE,New Orleans Saints,10-2,away,NO,2.5,46,127,-141,102,-113,1,nflreadr,New Orleans Saints,10-2,Atlanta Falcons,4-8,0.372,0.628,0.567,0.34391534391534384,0.6560846560846562,186,5,0.026881720430107527,2,170,4012203074256,425600,4,01:55:00,115,1.9166666666666667,16,21,16,21,-5,(2:01) (Shotgun) T.Gurley right guard to NO 13 for 8 yards (D.Davis; M.Williams).,FALSE,0,0,FALSE,0,0,FALSE
nfl,2020,401220274,2020-12-06T18:00Z,Chicago Bears,Detroit Lions,CHI,DET,5-7,5-7,30,34,FALSE,Chicago Bears,5-7,home,CHI,3,44,-161,145,-110,-100,1,nflreadr,Detroit Lions,5-7,Chicago Bears,5-7,0.613,0.613,0.991,0.9909182643794148,0.00908173562058523,191,1,0.005235602094240838,1,166,4012202743871,387100,4,04:33:00,273,4.55,30,20,30,20,10,(4:33) (Shotgun) M.Stafford pass incomplete short left to T.Hockenson.,FALSE,0,0,FALSE,0,0,FALSE
nfl,2020,401220205,2020-12-06T18:00Z,Tennessee Titans,Cleveland Browns,TEN,CLE,8-4,9-3,35,41,FALSE,Tennessee Titans,8-4,home,TEN,4,54,-200,178,101,-111,1,nflreadr,Cleveland Browns,9-3,Tennessee Titans,8-4,0.672,0.672,0.672,0.5119047619047621,0.4880952380952379,185,1,0.005405405405405406,1,1,4012202051,100,NA,NA,NA,NA,NA,NA,NA,NA,NA,NA,FALSE,0,0,FALSE,0,0,FALSE
nfl,2020,401220129,2020-12-06T18:00Z,Miami Dolphins,Cincinnati Bengals,MIA,CIN,8-4,2-9-1,19,7,TRUE,Miami Dolphins,8-4,home,MIA,10.5,43,-491,397,105,-115,1,nflreadr,Miami Dolphins,8-4,Cincinnati Bengals,2-9-1,0.668,0.668,0.6799999999999999,0.5294117647058822,0.47058823529411775,162,1,0.006172839506172839,1,67,4012201291689,168900,2,02:45:00,1965,32.75,3,7,7,3,4,(2:45) (Shotgun) G.Bernard left guard to MIA 20 for 10 yards (B.McCain).,FALSE,0,0,FALSE,0,0,FALSE
nfl,2020,401220303,2020-12-06T18:00Z,Minnesota Vikings,Jacksonville Jaguars,MIN,JAX,6-6,1-11,27,24,TRUE,Minnesota Vikings,6-6,home,MIN,10.5,51,-445,365,107,-118,1,nflreadr,Minnesota Vikings,6-6,Jacksonville Jaguars,1-11,0.832,0.832,0.917,0.9094874591057798,0.09051254089422023,217,1,0.004608294930875576,1,196,4012203034722,472200,5,08:52:00,532,8.866666666666667,24,24,24,24,0,(8:52) (Shotgun) K.Cousins pass short right to D.Cook to MIN 20 for 12 yards (J.Scott).,FALSE,0,0,FALSE,0,0,FALSE
nfl,2020,401220142,2020-12-06T18:00Z,New York Jets,Las Vegas Raiders,NYJ,LV,0-12,7-5,28,31,FALSE,Las Vegas Raiders,7-5,away,LV,7.5,48,295,-349,-113,103,1,nflreadr,Las Vegas Raiders,7-5,New York Jets,0-12,0.296,0.704,0.968,0.9669421487603305,0.03305785123966953,174,1,0.005747126436781609,1,170,4012201424125,412500,4,00:19:00,19,0.31666666666666665,28,24,28,24,4,(:19) (Shotgun) D.Carr pass incomplete deep middle to N.Agholor.,FALSE,0,0,FALSE,0,0,FALSE
nfl,2020,401220178,2020-12-06T18:00Z,Houston Texans,Indianapolis Colts,HOU,IND,4-8,8-4,20,26,FALSE,Houston Texans,4-8,away,IND,3.5,50,157,-176,-112,101,1,nflreadr,Indianapolis Colts,8-4,Houston Texans,4-8,0.554,0.554,0.647,0.45440494590417324,0.5455950540958268,174,5,0.028735632183908046,1,36,4012201781057,105700,1,02:47:00,2867,47.78333333333333,10,7,10,7,3,"(2:47) N.Hines right guard to HST 47 for -2 yards (E.Murray). PENALTY on HST-E.Murray, Face Mask (15 Yards), 15 yards, enforced at HST 45 - No Play.",FALSE,0,0,FALSE,0,0,FALSE
nfl,2020,401220336,2020-12-06T21:05Z,Arizona Cardinals,Los Angeles Rams,ARI,LAR,6-6,8-4,28,38,FALSE,Los Angeles Rams,8-4,NA,NA,NA,NA,NA,NA,NA,NA,NA,NA,Los Angeles Rams,8-4,Arizona Cardinals,6-6,0.461,0.5389999999999999,0.78,0.7179487179487181,0.28205128205128194,201,1,0.004975124378109453,1,23,401220336510,51000,1,08:05:00,3185,53.083333333333336,7,0,7,0,7,"(8:06) A.Lee punts 51 yards to LA 15, Center-A.Brewer. N.Webster to LA 20 for 5 yards (C.Washington, T.Sherfield). PENALTY on LA-N.Patrick, Illegal Block Above the Waist, 10 yards, enforced at LA 20.",FALSE,0,0,FALSE,0,0,FALSE
nfl,2020,401220364,2020-12-06T21:05Z,Seattle Seahawks,New York Giants,SEA,NYG,8-4,5-7,12,17,FALSE,Seattle Seahawks,8-4,home,SEA,11,48.5,-514,413,104,-114,1,nflreadr,New York Giants,5-7,Seattle Seahawks,8-4,0.863,0.863,0.917,0.9094874591057798,0.09051254089422023,170,1,0.0058823529411764705,2,14,401220364316,31600,1,11:10:00,3370,56.166666666666664,3,0,3,0,3,(11:10) C.McCoy pass incomplete short right to E.Engram [J.Reed].,FALSE,0,0,FALSE,0,0,FALSE
nfl,2020,401220297,2020-12-06T21:25Z,Green Bay Packers,Philadelphia Eagles,GB,PHI,9-3,3-8-1,30,16,TRUE,Green Bay Packers,9-3,home,GB,8,50,-393,328,-108,-102,1,nflreadr,Green Bay Packers,9-3,Philadelphia Eagles,3-8-1,0.729,0.729,0.498,0.45582329317269077,0.5441767068273092,159,4,0.025157232704402517,1,21,401220297490,49000,1,07:02:00,3122,52.03333333333333,0,3,3,0,3,(7:08) (Shotgun) A.Rodgers sacked at GB 12 for -7 yards (J.Hargrave).,FALSE,0,0,FALSE,0,0,FALSE
nfl,2020,401220237,2020-12-06T21:25Z,Los Angeles Chargers,New England Patriots,LAC,NE,3-9,6-6,0,45,FALSE,New England Patriots,6-6,home,LAC,2.5,47,-129,117,-102,-109,1,nflreadr,New England Patriots,6-6,Los Angeles Chargers,3-9,0.484,0.516,0.507,0.04536489151873768,0.9546351084812623,173,5,0.028901734104046242,1,13,401220237282,28200,1,08:46:00,3226,53.766666666666666,0,0,0,0,0,(8:46) (Shotgun) Direct snap to D.Harris.  D.Harris up the middle to LAC 5 for 5 yards (J.Tillery; N.Adderley).,FALSE,0,0,FALSE,0,0,FALSE
nfl,2020,401220218,2020-12-07T01:20Z,Kansas City Chiefs,Denver Broncos,KC,DEN,11-1,4-8,22,16,TRUE,Kansas City Chiefs,11-1,NA,NA,NA,NA,NA,NA,NA,NA,NA,NA,Kansas City Chiefs,11-1,Denver Broncos,4-8,0.886,0.886,0.498,0.7710843373493976,0.22891566265060237,168,7,0.041666666666666664,1,112,4012202182613,261300,3,03:50:00,1130,18.833333333333332,12,16,16,12,4,Tim Patrick 10 Yd pass from Drew Lock (Two-Point Pass Conversion Failed),FALSE,0,0,FALSE,0,0,FALSE
nfl,2020,401220176,2020-12-07T22:00Z,Pittsburgh Steelers,Washington,PIT,WSH,11-1,5-7,17,23,FALSE,Pittsburgh Steelers,11-1,NA,NA,NA,NA,NA,NA,NA,NA,NA,NA,Washington,5-7,Pittsburgh Steelers,11-1,0.74,0.74,0.936,0.9316239316239316,0.06837606837606836,190,1,0.005263157894736842,1,79,4012201761997,199700,2,02:00:00,1920,32,14,0,14,0,14,(2:00) (Shotgun) A.Smith pass incomplete deep right to T.McLaurin. PIT-M.Fitzpatrick was injured during the play.,FALSE,0,0,FALSE,0,0,FALSE
nfl,2020,401220357,2020-12-08T01:15Z,San Francisco 49ers,Buffalo Bills,SF,BUF,5-7,9-3,24,34,FALSE,San Francisco 49ers,5-7,NA,NA,NA,NA,NA,NA,NA,NA,NA,NA,Buffalo Bills,9-3,San Francisco 49ers,5-7,0.565,0.565,0.744,0.6559139784946237,0.34408602150537626,171,8,0.04678362573099415,1,27,401220357704,70400,1,02:45:00,2865,47.75,0,0,0,0,0,"(2:45) J.Wilson up the middle to BUF 1 for 1 yard (M.Hyde, J.Poyer).",FALSE,0,0,FALSE,0,0,FALSE
nfl,2020,401220151,2020-12-09T01:05Z,Baltimore Ravens,Dallas Cowboys,BAL,DAL,7-5,3-9,34,17,TRUE,Baltimore Ravens,7-5,NA,NA,NA,NA,NA,NA,NA,NA,NA,NA,Baltimore Ravens,7-5,Dallas Cowboys,3-9,0.853,0.853,0.367,0.5994550408719346,0.4005449591280654,175,5,0.02857142857142857,1,38,401220151917,91700,2,14:19:00,2659,44.31666666666667,7,10,10,7,3,(14:19) (Shotgun) L.Jackson scrambles right tackle to BLT 26 for 1 yard (J.Hamilton).,FALSE,0,0,FALSE,0,0,FALSE
nfl,2020,401220349,2020-12-11T01:20Z,Los Angeles Rams,New England Patriots,LAR,NE,9-4,6-7,24,3,TRUE,Los Angeles Rams,9-4,NA,NA,NA,NA,NA,NA,NA,NA,NA,NA,Los Angeles Rams,9-4,New England Patriots,6-7,0.69,0.69,0.31000000000000005,0,1,162,1,0.006172839506172839,1,1,4012203491,100,NA,NA,NA,NA,NA,NA,NA,NA,NA,NA,FALSE,0,0,FALSE,0,0,FALSE
nfl,2020,401220279,2020-12-13T18:00Z,Chicago Bears,Houston Texans,CHI,HOU,6-7,4-9,36,7,TRUE,Houston Texans,4-9,away,HOU,1,46,104,-114,-103,-107,1,nflreadr,Chicago Bears,6-7,Houston Texans,4-9,0.475,0.525,0.569,0.24253075571177485,0.7574692442882252,178,2,0.011235955056179775,1,7,401220279155,15500,1,12:37:00,3457,57.61666666666667,0,0,0,0,0,(12:37) (Shotgun) D.Watson pass short middle to C.Hansen to CHI 49 for 13 yards (D.Shelley).,FALSE,0,0,FALSE,0,0,FALSE
nfl,2020,401220159,2020-12-13T18:00Z,Cincinnati Bengals,Dallas Cowboys,CIN,DAL,2-10-1,4-9,7,30,FALSE,Cincinnati Bengals,2-10-1,away,DAL,3,44,148,-164,103,-114,1,nflreadr,Dallas Cowboys,4-9,Cincinnati Bengals,2-10-1,0.636,0.636,0.65,0.4615384615384617,0.5384615384615383,157,6,0.03821656050955414,1,3,40122015962,6200,1,14:55:00,3595,59.916666666666664,0,0,0,0,0,"(14:55) B.Allen pass short left to T.Higgins pushed ob at CIN 31 for 10 yards (S.Smith). Penalty on DAL-A.Woods, Defensive Offside, declined.",FALSE,0,0,FALSE,0,0,FALSE
nfl,2020,401220125,2020-12-13T18:00Z,Miami Dolphins,Kansas City Chiefs,MIA,KC,8-5,12-1,27,33,FALSE,Kansas City Chiefs,12-1,away,KC,7.5,51.5,281,-330,-121,109,1,nflreadr,Kansas City Chiefs,12-1,Miami Dolphins,8-5,0.236,0.764,0.617,0.6175040518638574,0.3824959481361426,189,7,0.037037037037037035,1,45,4012201251063,106300,2,11:11:00,2471,41.18333333333333,7,0,7,0,7,(11:11) (Shotgun) T.Tagovailoa pass short right to J.Grant to KC 13 for 2 yards (L.Sneed).,FALSE,0,0,FALSE,0,0,FALSE
nfl,2020,401220253,2020-12-13T18:00Z,New York Giants,Arizona Cardinals,NYG,ARI,5-8,7-6,7,26,FALSE,Arizona Cardinals,7-6,away,ARI,3,47,139,-154,-104,-106,1,nflreadr,Arizona Cardinals,7-6,New York Giants,5-8,0.416,0.5840000000000001,0.461,0.09761388286334072,0.9023861171366593,175,2,0.011428571428571429,1,5,401220253100,10000,1,13:52:00,3532,58.86666666666667,0,0,0,0,0,(13:52) (No Huddle) W.Gallman Jr. left tackle to 50 for 4 yards (J.Hicks; D.Campbell).,FALSE,0,0,FALSE,0,0,FALSE
nfl,2020,401220332,2020-12-13T18:00Z,Tampa Bay Buccaneers,Minnesota Vikings,TB,MIN,8-5,6-7,26,14,TRUE,Tampa Bay Buccaneers,8-5,home,TB,7,52.5,-317,271,-104,-106,1,nflreadr,Tampa Bay Buccaneers,8-5,Minnesota Vikings,6-7,0.771,0.771,0.5720000000000001,0.5996503496503498,0.4003496503496502,165,4,0.024242424242424242,1,44,4012203321017,101700,2,11:03:00,2463,41.05,0,6,6,0,6,(11:03) (Shotgun) D.Cook up the middle to TB 11 for 3 yards (L.David; N.Suh).,FALSE,0,0,FALSE,0,0,FALSE
nfl,2020,401220319,2020-12-13T18:00Z,Carolina Panthers,Denver Broncos,CAR,DEN,4-9,5-8,27,32,FALSE,Carolina Panthers,4-9,home,CAR,4,46,-199,177,-109,-101,1,nflreadr,Denver Broncos,5-8,Carolina Panthers,4-9,0.658,0.658,0.686,0.5422740524781342,0.4577259475218658,164,1,0.006097560975609756,1,9,401220319186,18600,1,12:33:00,3453,57.55,0,0,0,0,0,"(12:33) S.Martin punts 41 yards to CAR 16, Center-J.Bobenmoyer, out of bounds. PENALTY on DEN-A.Holder, Ineligible Downfield Kick, 5 yards, enforced at CAR 16.",FALSE,0,0,FALSE,0,0,FALSE
nfl,2020,401220196,2020-12-13T18:00Z,Jacksonville Jaguars,Tennessee Titans,JAX,TEN,1-12,9-4,10,31,FALSE,Tennessee Titans,9-4,away,TEN,7.5,53,307,-364,-104,-106,1,nflreadr,Tennessee Titans,9-4,Jacksonville Jaguars,1-12,0.237,0.763,0.296,0.19932432432432434,0.8006756756756757,171,1,0.005847953216374269,1,9,401220196194,19400,1,11:18:00,3378,56.3,0,0,0,0,0,(11:18) J.Robinson up the middle to TEN 35 for 5 yards (D.Long).,FALSE,0,0,FALSE,0,0,FALSE
nfl,2020,401220233,2020-12-13T21:05Z,Las Vegas Raiders,Indianapolis Colts,LV,IND,7-6,9-4,27,44,FALSE,Las Vegas Raiders,7-6,away,IND,2.5,51.5,118,-130,-106,-104,1,nflreadr,Indianapolis Colts,9-4,Las Vegas Raiders,7-6,0.528,0.528,0.72,0.6111111111111112,0.38888888888888884,168,7,0.041666666666666664,1,54,4012202331287,128700,2,10:30:00,2430,40.5,14,10,14,10,4,(10:30) J.Taylor right tackle to IND 36 for 4 yards (J.Hankins).,FALSE,0,0,FALSE,0,0,FALSE
nfl,2020,401220366,2020-12-13T21:05Z,Seattle Seahawks,New York Jets,SEA,NYJ,9-4,0-13,40,3,TRUE,Seattle Seahawks,9-4,home,SEA,16.5,49.5,-1032,734,-100,-110,1,nflreadr,Seattle Seahawks,9-4,New York Jets,0-13,0.863,0.863,0.19099999999999995,0.282722513089005,0.717277486910995,163,5,0.03067484662576687,1,7,401220366142,14200,1,12:29:00,3449,57.483333333333334,0,0,0,0,0,(12:29) S.Darnold pass deep left to B.Perriman to SEA 28 for 17 yards (D.Reed).,FALSE,0,0,FALSE,0,0,FALSE
nfl,2020,401220283,2020-12-13T21:25Z,Detroit Lions,Green Bay Packers,DET,GB,5-8,10-3,24,31,FALSE,Green Bay Packers,10-3,away,GB,9.5,55.5,292,-345,-117,106,1,nflreadr,Green Bay Packers,10-3,Detroit Lions,5-8,0.22,0.78,0.479,0.5407098121085596,0.4592901878914404,172,3,0.01744186046511628,1,72,4012202831794,179400,2,01:27:00,1887,31.45,14,14,14,14,0,"M.Prater kicks 62 yards from DET 35 to GB 3. J.Williams to GB 23 for 20 yards (J.Cabinda, J.Davis).",FALSE,0,0,FALSE,0,0,FALSE
nfl,2020,401220265,2020-12-13T21:25Z,Philadelphia Eagles,New Orleans Saints,PHI,NO,4-8-1,10-3,24,21,TRUE,New Orleans Saints,10-3,away,NO,7.5,43,284,-335,-106,-104,1,nflreadr,Philadelphia Eagles,4-8-1,New Orleans Saints,10-3,0.214,0.786,0.7969999999999999,0.7452948557089083,0.2547051442910917,175,4,0.022857142857142857,1,2,40122026539,3900,1,15:00:00,3600,60,0,0,0,0,0,J.Elliott kicks 61 yards from PHI 35 to NO 4. T.Lewis to NO 32 for 28 yards (S.Bradley).,FALSE,0,0,FALSE,0,0,FALSE
nfl,2020,401220239,2020-12-13T21:25Z,Los Angeles Chargers,Atlanta Falcons,LAC,ATL,4-9,4-9,20,17,TRUE,Atlanta Falcons,4-9,home,LAC,1,49,-118,107,-110,100,1,nflreadr,Los Angeles Chargers,4-9,Atlanta Falcons,4-9,0.426,0.5740000000000001,0.84,0.8095238095238095,0.19047619047619047,164,4,0.024390243902439025,1,97,4012202392297,229700,3,10:02:00,1502,25.033333333333335,10,17,17,10,7,(10:02) B.Hill right end to LAC 43 for 3 yards (K.Murray Jr.; K.White). LAC-C.Hayward Jr. was injured during the play.,FALSE,0,0,FALSE,0,0,FALSE
nfl,2020,401220356,2020-12-13T21:25Z,San Francisco 49ers,Washington,SF,WSH,5-8,6-7,15,23,FALSE,San Francisco 49ers,5-8,NA,NA,NA,NA,NA,NA,NA,NA,NA,NA,Washington,6-7,San Francisco 49ers,5-8,0.669,0.669,0.818,0.7775061124694376,0.22249388753056243,203,5,0.024630541871921183,1,57,4012203561316,131600,2,11:08:00,2468,41.13333333333333,7,0,7,0,7,(11:08) (Shotgun) A.Smith pass incomplete deep right to R.Foster. WAS-W.Schweitzer was injured during the play.,FALSE,0,0,FALSE,0,0,FALSE
nfl,2020,401220121,2020-12-14T01:20Z,Buffalo Bills,Pittsburgh Steelers,BUF,PIT,10-3,11-2,26,15,TRUE,Pittsburgh Steelers,11-2,NA,NA,NA,NA,NA,NA,NA,NA,NA,NA,Buffalo Bills,10-3,Pittsburgh Steelers,11-2,0.429,0.571,0.771,0.7029831387808041,0.2970168612191959,169,4,0.023668639053254437,1,63,4012201211519,151900,2,08:14:00,2294,38.233333333333334,0,7,7,0,7,"(8:14) (Shotgun) J.Allen sacked at BUF 16 for -8 yards (T.Alualu). FUMBLES (T.Alualu), recovered by BUF-M.Morse at BUF 16.",FALSE,0,0,FALSE,0,0,FALSE
nfl,2020,401220162,2020-12-15T01:15Z,Cleveland Browns,Baltimore Ravens,CLE,BAL,9-4,8-5,42,47,FALSE,Baltimore Ravens,8-5,NA,NA,NA,NA,NA,NA,NA,NA,NA,NA,Baltimore Ravens,8-5,Cleveland Browns,9-4,0.339,0.661,0.793,0.7389659520807061,0.26103404791929385,189,4,0.021164021164021163,1,179,4012201624462,446200,4,01:04:00,64,1.0666666666666667,42,42,42,42,0,(1:04) (Shotgun) L.Jackson pass short right to M.Andrews to BLT 39 for 14 yards (M.Stewart Jr.; K.Johnson).,FALSE,0,0,FALSE,0,0,FALSE
nfl,2020,401220228,2020-12-18T01:20Z,Las Vegas Raiders,Los Angeles Chargers,LV,LAC,7-7,5-9,27,30,FALSE,Las Vegas Raiders,7-7,NA,NA,NA,NA,NA,NA,NA,NA,NA,NA,Los Angeles Chargers,5-9,Las Vegas Raiders,7-7,0.63,0.63,0.994,0.9939637826961771,0.006036217303822866,183,4,0.02185792349726776,2,171,4012202283920,392000,5,03:26:00,206,3.433333333333333,24,24,24,24,0,(3:26) M.Mariota pass incomplete short right to A.Ingold (I.Rochell).,TRUE,1,1,FALSE,0,0,TRUE
nfl,2020,401220213,2020-12-19T21:30Z,Denver Broncos,Buffalo Bills,DEN,BUF,5-9,11-3,19,48,FALSE,Buffalo Bills,11-3,away,BUF,5.5,49,212,-242,-105,-105,1,nflreadr,Buffalo Bills,11-3,Denver Broncos,5-9,0.375,0.625,0.444,0.15540540540540537,0.8445945945945946,175,2,0.011428571428571429,1,8,401220213169,16900,1,12:24:00,3444,57.4,0,0,0,0,0,(12:24) (Shotgun) D.Lock scrambles up the middle to BUF 36 for 13 yards (T.Johnson).,FALSE,0,0,FALSE,0,0,FALSE
nfl,2020,401220294,2020-12-20T01:15Z,Green Bay Packers,Carolina Panthers,GB,CAR,11-3,4-10,24,16,TRUE,Green Bay Packers,11-3,NA,NA,NA,NA,NA,NA,NA,NA,NA,NA,Green Bay Packers,11-3,Carolina Panthers,4-10,0.749,0.749,0.263,0.04562737642585557,0.9543726235741444,169,6,0.03550295857988166,1,5,401220294112,11200,1,13:50:00,3530,58.833333333333336,0,0,0,0,0,Timeout #1 by GB at 13:50.,FALSE,0,0,FALSE,0,0,FALSE
nfl,2020,401220308,2020-12-20T18:00Z,Atlanta Falcons,Tampa Bay Buccaneers,ATL,TB,4-10,9-5,27,31,FALSE,Tampa Bay Buccaneers,9-5,away,TB,6,49.5,225,-258,-106,-104,1,nflreadr,Tampa Bay Buccaneers,9-5,Atlanta Falcons,4-10,0.359,0.641,0.957,0.955067920585162,0.04493207941483801,172,2,0.011627906976744186,1,100,4012203082357,235700,3,07:30:00,1350,22.5,24,7,24,7,17,(7:34) J.Haeg reported in as eligible.  T.Brady pass incomplete short right to R.Gronkowski.,FALSE,0,0,FALSE,0,0,FALSE
nfl,2020,401220246,2020-12-20T18:00Z,Dallas Cowboys,San Francisco 49ers,DAL,SF,5-9,5-9,41,33,TRUE,San Francisco 49ers,5-9,away,SF,4,46,180,-202,-104,-106,1,nflreadr,Dallas Cowboys,5-9,San Francisco 49ers,5-9,0.293,0.7070000000000001,0.714,0.599439775910364,0.400560224089636,187,1,0.0053475935828877,1,4,40122024676,7600,1,14:33:00,3573,59.55,0,0,0,0,0,(14:36) (No Huddle) R.Mostert right tackle to SF 34 for 8 yards (C.Awuzie; J.Smith).,FALSE,0,0,FALSE,0,0,FALSE
nfl,2020,401220208,2020-12-20T18:00Z,Tennessee Titans,Detroit Lions,TEN,DET,10-4,5-9,46,25,TRUE,Tennessee Titans,10-4,home,TEN,9.5,54.5,-389,325,102,-113,1,nflreadr,Tennessee Titans,10-4,Detroit Lions,5-9,0.744,0.744,0.30000000000000004,0.14666666666666672,0.8533333333333333,167,4,0.023952095808383235,1,29,401220208670,67000,1,01:34:00,2794,46.56666666666667,7,7,7,7,0,"Marvin Jones Jr. Pass From Matthew Stafford for 2 Yrds M.Prater extra point is GOOD, Center-D.Muhlbach, Holder-J.Fox.",FALSE,0,0,FALSE,0,0,FALSE
nfl,2020,401220186,2020-12-20T18:00Z,Indianapolis Colts,Houston Texans,IND,HOU,10-4,4-10,27,20,TRUE,Indianapolis Colts,10-4,home,IND,7.5,52.5,-370,311,-102,-108,1,nflreadr,Indianapolis Colts,10-4,Houston Texans,4-10,0.638,0.638,0.491,0.2627291242362526,0.7372708757637474,157,3,0.01910828025477707,2,128,4012201863036,303600,4,07:25:00,445,7.416666666666667,20,20,20,20,0,(7:25) (Shotgun) P.Rivers pass incomplete short left to T.Hilton (V.Hargreaves).,FALSE,0,0,FALSE,0,0,FALSE
nfl,2020,401220123,2020-12-20T18:00Z,Miami Dolphins,New England Patriots,MIA,NE,9-5,6-8,22,12,TRUE,New England Patriots,6-8,away,NE,1.5,40,109,-120,-104,-106,1,nflreadr,Miami Dolphins,9-5,New England Patriots,6-8,0.481,0.519,0.7170000000000001,0.6052998605299862,0.3947001394700138,162,1,0.006172839506172839,1,54,4012201231266,126600,2,07:38:00,2258,37.63333333333333,0,3,3,0,3,(7:38) (Shotgun) P.Laird right guard to MIA 19 for 8 yards (A.Phillips).,FALSE,0,0,FALSE,0,0,FALSE
nfl,2020,401220298,2020-12-20T18:00Z,Minnesota Vikings,Chicago Bears,MIN,CHI,6-8,7-7,27,33,FALSE,Minnesota Vikings,6-8,home,MIN,2.5,47.5,-152,137,-123,111,1,nflreadr,Chicago Bears,7-7,Minnesota Vikings,6-8,0.596,0.596,0.635,0.4251968503937009,0.5748031496062991,172,7,0.040697674418604654,1,5,401220298113,11300,1,13:56:00,3536,58.93333333333333,0,0,0,0,0,(13:56) (Shotgun) M.Trubisky sacked at CHI 44 for -4 yards (T.Davis).,FALSE,0,0,FALSE,0,0,FALSE
nfl,2020,401220270,2020-12-20T18:00Z,Washington,Seattle Seahawks,WSH,SEA,6-8,10-4,15,20,FALSE,Seattle Seahawks,10-4,NA,NA,NA,NA,NA,NA,NA,NA,NA,NA,Seattle Seahawks,10-4,Washington,6-8,0.365,0.635,0.433,0.15704387990762125,0.8429561200923787,175,1,0.005714285714285714,1,164,4012202704057,405700,4,02:00:00,120,2,15,20,15,20,-5,(2:00) (Shotgun) D.Haskins pass short middle to S.Sims to SEA 23 for 11 yards (U.Amadi) [Da.Moore].,FALSE,0,0,FALSE,0,0,FALSE
nfl,2020,401220149,2020-12-20T18:00Z,Baltimore Ravens,Jacksonville Jaguars,BAL,JAX,9-5,1-13,40,14,TRUE,Baltimore Ravens,9-5,home,BAL,13,49.5,-746,564,107,-118,1,nflreadr,Baltimore Ravens,9-5,Jacksonville Jaguars,1-13,0.876,0.876,0.16700000000000004,0.2574850299401199,0.7425149700598801,155,9,0.05806451612903226,1,7,401220149151,15100,1,12:26:00,3446,57.43333333333333,0,0,0,0,0,(12:28) (Shotgun) J.Dobbins left end ran ob at JAX 36 for 11 yards (T.Herndon).,FALSE,0,0,FALSE,0,0,FALSE
nfl,2020,401220350,2020-12-20T21:05Z,Los Angeles Rams,New York Jets,LAR,NYJ,9-5,1-13,20,23,FALSE,Los Angeles Rams,9-5,NA,NA,NA,NA,NA,NA,NA,NA,NA,NA,New York Jets,1-13,Los Angeles Rams,9-5,0.93,0.93,0.941,0.9373007438894791,0.06269925611052085,168,3,0.017857142857142856,1,7,401220350151,15100,1,13:37:00,3517,58.61666666666667,0,0,0,0,0,(13:37) (Shotgun) S.Darnold pass short right to C.Herndon to NYJ 38 for 12 yards (J.Ramsey; T.Reeder).,FALSE,0,0,FALSE,0,0,FALSE
nfl,2020,401220339,2020-12-20T21:05Z,Arizona Cardinals,Philadelphia Eagles,ARI,PHI,8-6,4-9-1,33,26,TRUE,Arizona Cardinals,8-6,home,ARI,6.5,49.5,-259,226,103,-114,1,nflreadr,Arizona Cardinals,8-6,Philadelphia Eagles,4-9-1,0.781,0.781,0.501,0.562874251497006,0.437125748502994,204,6,0.029411764705882353,1,165,4012203394208,420800,4,09:35:00,575,9.583333333333334,26,26,26,26,0,"(9:35) (Shotgun) PENALTY on ARZ-M.Cole, False Start, 5 yards, enforced at ARZ 21 - No Play.",FALSE,0,0,FALSE,0,0,FALSE
nfl,2020,401220325,2020-12-20T21:25Z,New Orleans Saints,Kansas City Chiefs,NO,KC,10-4,13-1,29,32,FALSE,Kansas City Chiefs,13-1,away,KC,2.5,53.5,124,-137,102,-113,1,nflreadr,Kansas City Chiefs,13-1,New Orleans Saints,10-4,0.461,0.5389999999999999,0.566,0.2332155477031801,0.7667844522968199,193,6,0.031088082901554404,1,14,401220325325,32500,1,11:39:00,3399,56.65,0,0,0,0,0,"(11:39) (Shotgun) P.Mahomes pass deep middle intended for M.Hardman INTERCEPTED by M.Williams at NO 9. M.Williams to NO 9 for no gain (T.Kelce). PENALTY on NO-M.Jenkins, Illegal Contact, 5 yards, enforced at KC 34 - No Play.",FALSE,0,0,FALSE,0,0,FALSE
nfl,2020,401220255,2020-12-21T01:20Z,New York Giants,Cleveland Browns,NYG,CLE,5-9,10-4,6,20,FALSE,Cleveland Browns,10-4,NA,NA,NA,NA,NA,NA,NA,NA,NA,NA,Cleveland Browns,10-4,New York Giants,5-9,0.418,0.5820000000000001,0.533,0.21575984990619157,0.7842401500938084,149,3,0.020134228187919462,1,7,401220255147,14700,1,13:01:00,3481,58.016666666666666,0,0,0,0,0,"(13:01) (No Huddle, Shotgun) C.McCoy pass deep left to S.Shepard to CLV 13 for 22 yards (D.Ward; S.Redwine). Penalty on CLV-M.Garrett, Defensive Offside, declined.",FALSE,0,0,FALSE,0,0,FALSE
nfl,2020,401220156,2020-12-22T01:15Z,Cincinnati Bengals,Pittsburgh Steelers,CIN,PIT,3-10-1,11-3,27,17,TRUE,Pittsburgh Steelers,11-3,NA,NA,NA,NA,NA,NA,NA,NA,NA,NA,Cincinnati Bengals,3-10-1,Pittsburgh Steelers,11-3,0.199,0.8009999999999999,0.838,0.8066825775656323,0.19331742243436767,166,3,0.018072289156626505,1,9,401220156190,19000,1,12:35:00,3455,57.583333333333336,0,0,0,0,0,(12:35) (Shotgun) G.Bernard right end to CIN 29 for -5 yards (T.Watt).,FALSE,0,0,FALSE,0,0,FALSE
nfl,2020,401220324,2020-12-25T21:30Z,New Orleans Saints,Minnesota Vikings,NO,MIN,11-4,6-9,52,33,TRUE,New Orleans Saints,11-4,home,NO,6.5,49,-302,260,-102,-109,1,nflreadr,New Orleans Saints,11-4,Minnesota Vikings,6-9,0.727,0.727,0.32499999999999996,0.1599999999999998,0.8400000000000002,176,3,0.017045454545454544,1,75,4012203241846,184600,2,01:54:00,1914,31.9,17,14,14,17,-3,"(1:54) (Shotgun) D.Brees pass short right to M.Callaway to MIN 25 for 11 yards (J.Gladney). Pass 11, YAC 0",FALSE,0,0,FALSE,0,0,FALSE
nfl,2020,401220286,2020-12-26T18:00Z,Detroit Lions,Tampa Bay Buccaneers,DET,TB,5-10,10-5,7,47,FALSE,Tampa Bay Buccaneers,10-5,away,TB,12,55,455,-591,-111,101,1,nflreadr,Tampa Bay Buccaneers,10-5,Detroit Lions,5-10,0.216,0.784,0.25,0.13600000000000012,0.8639999999999999,170,1,0.0058823529411764705,1,4,40122028684,8400,1,14:51:00,3591,59.85,0,0,0,0,0,(14:51) L.Fournette left end to TB 19 for 1 yard (J.Davis).,FALSE,0,0,FALSE,0,0,FALSE
nfl,2020,401220337,2020-12-26T21:30Z,Arizona Cardinals,San Francisco 49ers,ARI,SF,8-7,6-9,12,20,FALSE,Arizona Cardinals,8-7,home,ARI,6,49,-280,242,-102,-108,1,nflreadr,San Francisco 49ers,6-9,Arizona Cardinals,8-7,0.593,0.593,0.733,0.635743519781719,0.36425648021828105,190,1,0.005263157894736842,1,20,401220337465,46500,1,08:07:00,3187,53.11666666666667,3,0,3,0,3,(8:07) (Shotgun) C.Beathard sacked at SF 29 for -6 yards (sack split by D.Kennard and M.Golden).,FALSE,0,0,FALSE,0,0,FALSE
nfl,2020,401220230,2020-12-27T01:15Z,Las Vegas Raiders,Miami Dolphins,LV,MIA,7-8,10-5,25,26,FALSE,Las Vegas Raiders,7-8,NA,NA,NA,NA,NA,NA,NA,NA,NA,NA,Miami Dolphins,10-5,Las Vegas Raiders,7-8,0.559,0.559,0.999,0.9989989989989989,0.0010010010010010895,176,2,0.011363636363636364,2,170,4012202303811,381200,4,00:19:00,19,0.31666666666666665,25,23,25,23,2,Daniel Carlson 22 Yd Field Goal,FALSE,0,0,FALSE,0,0,FALSE
nfl,2020,401220223,2020-12-27T18:00Z,Kansas City Chiefs,Atlanta Falcons,KC,ATL,14-1,4-11,17,14,TRUE,Kansas City Chiefs,14-1,home,KC,11,54,-508,409,-100,-110,1,nflreadr,Kansas City Chiefs,14-1,Atlanta Falcons,4-11,0.796,0.796,0.865,0.8439306358381502,0.1560693641618498,167,5,0.029940119760479042,1,150,4012202233654,365400,4,03:14:00,194,3.2333333333333334,10,14,14,10,4,"(3:26) (No Huddle, Shotgun) P.Mahomes pass short left to M.Hardman to ATL 28 for 9 yards (K.Sheffield).",FALSE,0,0,FALSE,0,0,FALSE
nfl,2020,401220145,2020-12-27T18:00Z,New York Jets,Cleveland Browns,NYJ,CLE,2-13,10-5,23,16,TRUE,Cleveland Browns,10-5,away,CLE,6.5,45,260,-303,103,-114,1,nflreadr,New York Jets,2-13,Cleveland Browns,10-5,0.283,0.7170000000000001,0.771,0.7029831387808041,0.2970168612191959,192,3,0.015625,1,14,401220145327,32700,1,11:53:00,3413,56.88333333333333,0,0,0,0,0,(11:53) (Shotgun) B.Mayfield pass short left to A.Hooper to NYJ 26 for 7 yards (B.Hager) [N.Shepherd].,FALSE,0,0,FALSE,0,0,FALSE
nfl,2020,401220174,2020-12-27T18:00Z,Pittsburgh Steelers,Indianapolis Colts,PIT,IND,12-3,10-5,28,24,TRUE,Pittsburgh Steelers,12-3,away,IND,1,43,-104,-106,-111,100,1,nflreadr,Pittsburgh Steelers,12-3,Indianapolis Colts,10-5,0.62,0.62,0.979,0.9785495403472932,0.021450459652706755,175,2,0.011428571428571429,1,95,4012201742319,231900,3,09:23:00,1463,24.383333333333333,7,24,24,7,17,"R.Sanchez kicks 57 yards from IND 35 to PIT 8. R.McCloud to PIT 36 for 28 yards (T.Wilson). PENALTY on PIT-A.Williamson, Offensive Holding, 10 yards, enforced at PIT 30.",FALSE,0,0,FALSE,0,0,FALSE
nfl,2020,401220199,2020-12-27T18:00Z,Jacksonville Jaguars,Chicago Bears,JAX,CHI,1-14,8-7,17,41,FALSE,Chicago Bears,8-7,away,CHI,9.5,47,370,-452,-103,-108,1,nflreadr,Chicago Bears,8-7,Jacksonville Jaguars,1-14,0.283,0.7170000000000001,0.466,0.39270386266094437,0.6072961373390556,166,7,0.04216867469879518,1,57,4012201991306,130600,2,07:40:00,2260,37.666666666666664,10,10,10,10,0,(7:42) D.Montgomery up the middle to CHI 25 for 2 yards (M.Jack; A.Wingard).,FALSE,0,0,FALSE,0,0,FALSE
nfl,2020,401220152,2020-12-27T18:00Z,Baltimore Ravens,New York Giants,BAL,NYG,10-5,5-10,27,13,TRUE,Baltimore Ravens,10-5,home,BAL,10,43.5,-420,348,105,-116,1,nflreadr,Baltimore Ravens,10-5,New York Giants,5-10,0.802,0.802,0.20199999999999996,0.01980198019801982,0.9801980198019802,171,10,0.05847953216374269,1,3,40122015262,6200,1,14:54:00,3594,59.9,0,0,0,0,0,(14:54) (Shotgun) M.Skura reported in as eligible.  J.Dobbins left tackle to BLT 22 for 4 yards (B.Martinez).,FALSE,0,0,FALSE,0,0,FALSE
nfl,2020,401220182,2020-12-27T18:00Z,Houston Texans,Cincinnati Bengals,HOU,CIN,4-11,4-10-1,31,37,FALSE,Houston Texans,4-11,home,HOU,7.5,46,-324,276,102,-113,1,nflreadr,Cincinnati Bengals,4-10-1,Houston Texans,4-11,0.632,0.632,0.789,0.7325728770595692,0.2674271229404308,167,8,0.04790419161676647,1,138,4012201823275,327500,NA,NA,NA,NA,NA,NA,NA,NA,NA,NA,FALSE,0,0,FALSE,0,0,FALSE
nfl,2020,401220234,2020-12-27T21:05Z,Los Angeles Chargers,Denver Broncos,LAC,DEN,6-9,5-10,19,16,TRUE,Los Angeles Chargers,6-9,home,LAC,2.5,47.5,-125,113,100,-111,1,nflreadr,Los Angeles Chargers,6-9,Denver Broncos,5-10,0.546,0.546,0.509,0.10805500982318283,0.8919449901768172,180,4,0.022222222222222223,1,20,401220234453,45300,1,06:31:00,3091,51.516666666666666,3,0,0,3,-3,"(6:31) M.Gordon up the middle to LAC 20 for 17 yards (N.Adderley, L.Joseph).",FALSE,0,0,FALSE,0,0,FALSE
nfl,2020,401220273,2020-12-27T21:05Z,Washington,Carolina Panthers,WSH,CAR,6-9,5-10,13,20,FALSE,Washington,6-9,NA,NA,NA,NA,NA,NA,NA,NA,NA,NA,Carolina Panthers,5-10,Washington,6-9,0.505,0.505,0.583,0.2847341337907374,0.7152658662092626,171,2,0.011695906432748537,1,18,401220273422,42200,1,08:25:00,3205,53.416666666666664,0,0,0,0,0,(8:25) P.Barber left guard to CAR 30 for 10 yards (T.Boston).,FALSE,0,0,FALSE,0,0,FALSE
nfl,2020,401220243,2020-12-27T21:25Z,Dallas Cowboys,Philadelphia Eagles,DAL,PHI,6-9,4-10-1,37,17,TRUE,Dallas Cowboys,6-9,away,PHI,3,50,149,-166,104,-115,1,nflreadr,Dallas Cowboys,6-9,Philadelphia Eagles,4-10-1,0.519,0.519,0.791,0.7357774968394437,0.2642225031605563,194,6,0.030927835051546393,1,28,401220243712,71200,1,05:09:00,3009,50.15,3,14,14,3,11,(5:09) (Shotgun) E.Elliott up the middle to DAL 34 for 3 yards (F.Cox).,FALSE,0,0,FALSE,0,0,FALSE
nfl,2020,401220362,2020-12-27T21:25Z,Seattle Seahawks,Los Angeles Rams,SEA,LAR,11-4,9-6,20,9,TRUE,Los Angeles Rams,9-6,NA,NA,NA,NA,NA,NA,NA,NA,NA,NA,Seattle Seahawks,11-4,Los Angeles Rams,9-6,0.499,0.501,0.687,0.5443959243085881,0.4556040756914119,182,6,0.03296703296703297,1,76,4012203621842,184200,2,04:28:00,2068,34.46666666666667,3,6,6,3,3,(4:28) D.Henderson right guard to SEA 29 for 14 yards (Q.Diggs).,FALSE,0,0,FALSE,0,0,FALSE
nfl,2020,401220296,2020-12-28T01:20Z,Green Bay Packers,Tennessee Titans,GB,TEN,12-3,10-5,40,14,TRUE,Green Bay Packers,12-3,NA,NA,NA,NA,NA,NA,NA,NA,NA,NA,Green Bay Packers,12-3,Tennessee Titans,10-5,0.625,0.625,0.375,0,1,147,2,0.013605442176870748,1,1,4012202961,100,NA,NA,NA,NA,NA,NA,NA,NA,NA,NA,FALSE,0,0,FALSE,0,0,FALSE
nfl,2020,401220130,2020-12-29T01:15Z,New England Patriots,Buffalo Bills,NE,BUF,6-9,12-3,9,38,FALSE,Buffalo Bills,12-3,NA,NA,NA,NA,NA,NA,NA,NA,NA,NA,Buffalo Bills,12-3,New England Patriots,6-9,0.413,0.587,0.48,0.13958333333333328,0.8604166666666667,156,1,0.00641025641025641,1,6,401220130126,12600,1,13:36:00,3516,58.6,0,0,0,0,0,(13:36) (No Huddle) C.Newton pass incomplete deep left to D.Byrd. pitch to 26-Michel who ran right then lateraled back to 1-Newton,FALSE,0,0,FALSE,0,0,FALSE
nfl,2020,401220114,2021-01-03T18:00Z,Buffalo Bills,Miami Dolphins,BUF,MIA,13-3,10-6,56,26,TRUE,Buffalo Bills,13-3,away,MIA,3.5,42.5,138,-153,-125,113,1,nflreadr,Buffalo Bills,13-3,Miami Dolphins,10-6,0.698,0.698,0.5329999999999999,0.43339587242026245,0.5666041275797375,187,2,0.0106951871657754,1,28,401220114675,67500,1,04:22:00,2962,49.36666666666667,0,3,3,0,3,"(4:22) M.Haack punts 32 yards to BUF 39, Center-B.Ferguson, downed by MIA-C.Munson.",FALSE,0,0,FALSE,0,0,FALSE
nfl,2020,401220154,2021-01-03T18:00Z,Cincinnati Bengals,Baltimore Ravens,CIN,BAL,4-11-1,11-5,3,38,FALSE,Baltimore Ravens,11-5,away,BAL,13.5,46,597,-799,-117,106,1,nflreadr,Baltimore Ravens,11-5,Cincinnati Bengals,4-11-1,0.258,0.742,0.288,0.10416666666666663,0.8958333333333334,148,5,0.033783783783783786,1,26,401220154633,63300,1,04:34:00,2974,49.56666666666667,0,3,0,3,-3,(4:37) G.Edwards right guard to CIN 43 for 6 yards (A.Davis-Gaither).,FALSE,0,0,FALSE,0,0,FALSE
nfl,2020,401220164,2021-01-03T18:00Z,Cleveland Browns,Pittsburgh Steelers,CLE,PIT,11-5,12-4,24,22,TRUE,Pittsburgh Steelers,12-4,home,CLE,10.5,45,-460,376,100,-111,1,nflreadr,Cleveland Browns,11-5,Pittsburgh Steelers,12-4,0.444,0.556,0.606,0.34983498349834985,0.6501650165016502,181,8,0.04419889502762431,1,14,401220164291,29100,1,10:24:00,3324,55.4,0,0,0,0,0,"(10:24) (No Huddle, Shotgun) B.Mayfield pass incomplete short middle to A.Hooper.",FALSE,0,0,FALSE,0,0,FALSE
nfl,2020,401220284,2021-01-03T18:00Z,Detroit Lions,Minnesota Vikings,DET,MIN,5-11,7-9,35,37,FALSE,Minnesota Vikings,7-9,away,MIN,3,54,145,-161,-100,-110,1,nflreadr,Minnesota Vikings,7-9,Detroit Lions,5-11,0.316,0.6839999999999999,0.62,0.4903225806451612,0.5096774193548388,175,5,0.02857142857142857,1,79,4012202841886,188600,2,00:55:00,1855,30.916666666666668,16,14,16,14,2,(:55) (Shotgun) K.Cousins pass short right to J.Jefferson to MIN 29 for 8 yards (J.Tavai). DET-N.Williams was injured during the play. He is Out.,FALSE,0,0,FALSE,0,0,FALSE
nfl,2020,401220132,2021-01-03T18:00Z,New England Patriots,New York Jets,NE,NYJ,7-9,2-14,28,14,TRUE,New England Patriots,7-9,home,NE,3,41,-161,145,-110,-101,1,nflreadr,New England Patriots,7-9,New York Jets,2-14,0.732,0.732,0.712,0.6235955056179775,0.3764044943820225,161,2,0.012422360248447204,1,97,4012201322438,243800,3,09:20:00,1460,24.333333333333332,7,14,14,7,7,(9:20) (Shotgun) C.Newton pass incomplete short middle to D.Asiasi.,FALSE,0,0,FALSE,0,0,FALSE
nfl,2020,401220250,2021-01-03T18:00Z,New York Giants,Dallas Cowboys,NYG,DAL,6-10,6-10,23,19,TRUE,New York Giants,6-10,away,DAL,1.5,44.5,109,-121,-104,-106,1,nflreadr,New York Giants,6-10,Dallas Cowboys,6-10,0.597,0.597,0.626,0.4025559105431309,0.5974440894568691,186,6,0.03225806451612903,1,172,4012202504139,413900,4,02:00:00,120,2,23,19,19,23,-4,Two-Minute Warning,FALSE,0,0,FALSE,0,0,FALSE
nfl,2020,401220328,2021-01-03T18:00Z,Tampa Bay Buccaneers,Atlanta Falcons,TB,ATL,11-5,4-12,44,27,TRUE,Tampa Bay Buccaneers,11-5,home,TB,7.5,51,-323,276,111,-123,1,nflreadr,Tampa Bay Buccaneers,11-5,Atlanta Falcons,4-12,0.744,0.744,0.397,0.35516372795969775,0.6448362720403022,173,1,0.005780346820809248,1,119,4012203282938,293800,3,01:57:00,1017,16.95,23,17,17,23,-6,(1:57) R.Gage left end pushed ob at TB 7 for 11 yards (J.Dean).,FALSE,0,0,FALSE,0,0,FALSE
nfl,2020,401220275,2021-01-03T21:25Z,Chicago Bears,Green Bay Packers,CHI,GB,8-8,13-3,16,35,FALSE,Green Bay Packers,13-3,away,GB,4.5,48.5,184,-207,-107,-103,1,nflreadr,Green Bay Packers,13-3,Chicago Bears,8-8,0.34,0.6599999999999999,0.603,0.4361525704809286,0.5638474295190714,159,1,0.006289308176100629,1,26,401220275663,66300,1,01:55:00,2815,46.916666666666664,7,0,7,0,7,(1:55) J.Williams right tackle to CHI 25 for 1 yard (A.Hicks). CHI-R.Smith was injured during the play. His return is Doubtful.,FALSE,0,0,FALSE,0,0,FALSE
nfl,2020,401220211,2021-01-03T21:25Z,Denver Broncos,Las Vegas Raiders,DEN,LV,5-11,8-8,31,32,FALSE,Las Vegas Raiders,8-8,away,LV,2.5,50.5,130,-144,104,-115,1,nflreadr,Las Vegas Raiders,8-8,Denver Broncos,5-11,0.464,0.536,0.955,0.9528795811518325,0.047120418848167533,198,1,0.005050505050505051,1,176,4012202114200,420000,4,02:40:00,160,2.6666666666666665,31,24,31,24,7,(2:40) M.Gordon left end pushed ob at DEN 32 for 15 yards (J.Abram).,FALSE,0,0,FALSE,0,0,FALSE
nfl,2020,401220187,2021-01-03T21:25Z,Indianapolis Colts,Jacksonville Jaguars,IND,JAX,11-5,1-15,28,14,TRUE,Indianapolis Colts,11-5,home,IND,15.5,48,-1350,906,-115,104,1,nflreadr,Indianapolis Colts,11-5,Jacksonville Jaguars,1-15,0.854,0.854,0.246,0.4065040650406503,0.5934959349593497,167,2,0.011976047904191617,1,133,4012201873151,315100,4,10:24:00,624,10.4,20,14,14,20,-6,(10:24) D.Ogunbowale left end pushed ob at 50 for 9 yards (D.Leonard).,FALSE,0,0,FALSE,0,0,FALSE
nfl,2020,401220220,2021-01-03T21:25Z,Kansas City Chiefs,Los Angeles Chargers,KC,LAC,14-2,7-9,21,38,FALSE,Kansas City Chiefs,14-2,away,LAC,7,43,244,-282,-117,106,1,nflreadr,Los Angeles Chargers,7-9,Kansas City Chiefs,14-2,0.657,0.657,0.823,0.7849331713244228,0.21506682867557725,148,4,0.02702702702702703,1,44,4012202201068,106800,2,12:11:00,2531,42.18333333333333,14,7,14,7,7,(12:12) (Shotgun) J.Herbert pass incomplete short right to A.Ekeler.,FALSE,0,0,FALSE,0,0,FALSE
nfl,2020,401220344,2021-01-03T21:25Z,Los Angeles Rams,Arizona Cardinals,LAR,ARI,10-6,8-8,18,7,TRUE,Los Angeles Rams,10-6,NA,NA,NA,NA,NA,NA,NA,NA,NA,NA,Los Angeles Rams,10-6,Arizona Cardinals,8-8,0.557,0.557,0.729,0.6282578875171467,0.37174211248285327,170,3,0.01764705882352941,1,17,401220344383,38300,1,09:22:00,3262,54.36666666666667,0,7,7,0,7,(9:22) (Shotgun) J.Wolford pass short right to C.Akers pushed ob at LA 22 for 3 yards (T.Vallejo).,FALSE,0,0,FALSE,0,0,FALSE
nfl,2020,401220354,2021-01-03T21:25Z,San Francisco 49ers,Seattle Seahawks,SF,SEA,6-10,12-4,23,26,FALSE,Seattle Seahawks,12-4,away,SEA,7,45,266,-310,-112,101,1,nflreadr,Seattle Seahawks,12-4,San Francisco 49ers,6-10,0.397,0.603,0.888,0.8738738738738738,0.12612612612612617,186,6,0.03225806451612903,1,127,4012203542791,279100,4,14:22:00,862,14.366666666666667,16,6,16,6,10,"Jeff Wilson Jr. 7 Yard Rush T.Vizcaino extra point is GOOD, Center-C.Holba, Holder-M.Wishnowsky.",FALSE,0,0,FALSE,0,0,FALSE
nfl,2020,401220315,2021-01-03T21:25Z,Carolina Panthers,New Orleans Saints,CAR,NO,5-11,12-4,7,33,FALSE,New Orleans Saints,12-4,away,NO,6,47,219,-250,-110,100,1,nflreadr,New Orleans Saints,12-4,Carolina Panthers,5-11,0.271,0.729,0.426,0.3638497652582159,0.6361502347417841,158,6,0.0379746835443038,1,49,4012203151176,117600,2,11:32:00,2492,41.53333333333333,7,7,7,7,0,(11:32) (Shotgun) T.Bridgewater pass short middle to C.Samuel to NO 18 for 12 yards (M.Jenkins).,FALSE,0,0,FALSE,0,0,FALSE
nfl,2020,401220180,2021-01-03T21:25Z,Houston Texans,Tennessee Titans,HOU,TEN,4-12,11-5,38,41,FALSE,Tennessee Titans,11-5,away,TEN,7,55.5,259,-301,-111,101,1,nflreadr,Tennessee Titans,11-5,Houston Texans,4-12,0.417,0.583,0.86,0.8372093023255813,0.16279069767441867,177,10,0.05649717514124294,1,158,4012201803719,371900,4,01:50:00,110,1.8333333333333333,35,31,35,31,4,(1:50) (Shotgun) R.Tannehill pass incomplete short left to J.Smith (T.Adams).,FALSE,0,0,FALSE,0,0,FALSE
nfl,2020,401220260,2021-01-04T01:20Z,Philadelphia Eagles,Washington,PHI,WSH,4-11-1,7-9,14,20,FALSE,Washington,7-9,NA,NA,NA,NA,NA,NA,NA,NA,NA,NA,Washington,7-9,Philadelphia Eagles,4-11-1,0.395,0.605,0.684,0.5380116959064329,0.46198830409356706,170,4,0.023529411764705882,1,62,4012202601494,149400,2,03:17:00,1997,33.28333333333333,14,10,14,10,4,(3:17) (Shotgun) A.Gibson up the middle to WAS 27 for no gain (G.Arnold; G.Avery).,FALSE,0,0,FALSE,0,0,FALSE
