league,season,game_id,game_date,home_team,away_team,home_team_abbr,away_team_abbr,home_record,away_record,home_final,away_final,home_won,favorite_team,favorite_record,pregame_favorite_side_odds,pregame_favorite_team_abbr_odds,pregame_spread_abs,pregame_total_line,pregame_home_moneyline,pregame_away_moneyline,pregame_home_spread_odds,pregame_away_spread_odds,pregame_odds_n_providers,pregame_odds_source,winner_team,winner_record,loser_team,loser_record,starting_wp_home,starting_wp_favored,max_wp_loser,pit_u,pit_tail_prob,n_updates,n_missing_time,prop_missing_time,peak_rows,peak_first_update_index,peak_first_play_id,peak_first_sequence_number,peak_first_period_number,peak_first_clock_display,peak_first_game_seconds_remaining,peak_first_minutes_remaining,peak_first_home_score,peak_first_away_score,peak_first_loser_score,peak_first_winner_score,peak_first_loser_score_margin,peak_first_play_text,had_bad_1,n_bad_1_rows,n_bad_1_runs,had_bad_0,n_bad_0_rows,n_bad_0_runs,had_extreme_patch
nfl,2024,401671789,2024-09-06T00:40Z,Kansas City Chiefs,Baltimore Ravens,KC,BAL,1-0,0-1,27,20,TRUE,Kansas City Chiefs,1-0,NA,NA,NA,NA,NA,NA,NA,NA,NA,NA,Kansas City Chiefs,1-0,Baltimore Ravens,0-1,0.5833,0.5833,0.619,0.38449111470113073,0.6155088852988693,188,1,0.005319148936170213,1,16,401671789422,42200,1,08:14:00,3194,53.233333333333334,0,7,7,0,7,Timeout at 08:14.,FALSE,0,0,FALSE,0,0,FALSE
nfl,2024,401671805,2024-09-07T00:15Z,Philadelphia Eagles,Green Bay Packers,PHI,GB,1-0,0-1,34,29,TRUE,Philadelphia Eagles,1-0,NA,NA,NA,NA,NA,NA,NA,NA,NA,NA,Philadelphia Eagles,1-0,Green Bay Packers,0-1,0.5633,0.5633,0.6674,0.5016481869943064,0.49835181300569364,203,1,0.0049261083743842365,1,32,401671805758,75800,1,04:44:00,2984,49.733333333333334,0,3,3,0,3,J.Jacobs right tackle to PHI 3 for 2 yards (C.Gardner-Johnson; Z.Baun).,FALSE,0,0,FALSE,0,0,FALSE
nfl,2024,401671744,2024-09-08T17:00Z,Atlanta Falcons,Pittsburgh Steelers,ATL,PIT,0-1,1-0,10,18,FALSE,Atlanta Falcons,0-1,home,ATL,4,43,-192,160,-110,-110,1,nflreadr,Pittsburgh Steelers,1-0,Atlanta Falcons,0-1,0.5807,0.5807,0.6777,0.5244208351778072,0.47557916482219276,185,1,0.005405405405405406,1,11,401671744260,26000,1,11:07:00,3367,56.11666666666667,0,0,0,0,0,(Shotgun) K.Cousins pass short right to D.London to PIT 10 for 8 yards (D.Kazee).,FALSE,0,0,FALSE,0,0,FALSE
nfl,2024,401671617,2024-09-08T17:00Z,Buffalo Bills,Arizona Cardinals,BUF,ARI,1-0,0-1,34,28,TRUE,Buffalo Bills,1-0,home,BUF,6.5,46,-310,250,-115,-105,1,nflreadr,Buffalo Bills,1-0,Arizona Cardinals,0-1,0.6627,0.6627,0.8281000000000001,0.7924163748339574,0.20758362516604256,172,1,0.005813953488372093,1,62,4016716171507,150700,2,02:40:00,1960,32.666666666666664,3,17,17,3,14,Timeout at 02:40.,FALSE,0,0,FALSE,0,0,FALSE
nfl,2024,401671719,2024-09-08T17:00Z,Chicago Bears,Tennessee Titans,CHI,TEN,1-0,0-1,24,17,TRUE,Chicago Bears,1-0,home,CHI,4,43,-198,164,-112,-108,1,nflreadr,Chicago Bears,1-0,Tennessee Titans,0-1,0.6433,0.6433,0.896,0.8839285714285714,0.1160714285714286,179,1,0.00558659217877095,1,103,4016717192387,238700,3,10:58:00,1558,25.966666666666665,3,17,17,3,14,(Shotgun) W.Levis scrambles right guard to TEN 38 for 8 yards (J.Brisker; T.Edmunds).,FALSE,0,0,FALSE,0,0,FALSE
nfl,2024,401671628,2024-09-08T17:00Z,Cincinnati Bengals,New England Patriots,CIN,NE,0-1,1-0,10,16,FALSE,Cincinnati Bengals,0-1,home,CIN,8,40.5,-375,295,-110,-110,1,nflreadr,New England Patriots,1-0,Cincinnati Bengals,0-1,0.7253,0.7253,0.7306,0.6312619764577061,0.3687380235422939,167,1,0.005988023952095809,1,2,40167162840,4000,1,15:00:00,3600,60,0,0,0,0,0,"J.Slye kicks 65 yards from NE 35 to end zone, Touchback to the CIN 30. PENALTY on NE-D.Pettus, Illegal Formation, 5 yards, enforced at CIN 30.",FALSE,0,0,FALSE,0,0,FALSE
nfl,2024,401671861,2024-09-08T17:00Z,Indianapolis Colts,Houston Texans,IND,HOU,0-1,1-0,27,29,FALSE,Houston Texans,1-0,away,HOU,3,49,130,-155,-112,-108,1,nflreadr,Houston Texans,1-0,Indianapolis Colts,0-1,0.4487,0.5513,0.5743,0.2587497823437228,0.7412502176562772,176,1,0.005681818181818182,1,24,401671861523,52300,1,05:12:00,3012,50.2,7,3,7,3,4,Timeout at 05:12.,FALSE,0,0,FALSE,0,0,FALSE
nfl,2024,401671849,2024-09-08T17:00Z,Miami Dolphins,Jacksonville Jaguars,MIA,JAX,1-0,0-1,20,17,TRUE,Miami Dolphins,1-0,home,MIA,3.5,49.5,-180,150,-110,-110,1,nflreadr,Miami Dolphins,1-0,Jacksonville Jaguars,0-1,0.588,0.588,0.9226,0.9161066551051376,0.08389334489486244,185,1,0.005405405405405406,1,126,4016718492834,283400,3,02:49:00,1069,17.816666666666666,7,17,17,7,10,"D.Duvernay left end pushed ob at MIA 27 for 3 yards (J.Poyer). PENALTY on MIA-J.Poyer, Face Mask, 14 yards, enforced at MIA 27.",FALSE,0,0,FALSE,0,0,FALSE
nfl,2024,401671734,2024-09-08T17:00Z,New Orleans Saints,Carolina Panthers,NO,CAR,1-0,0-1,47,10,TRUE,New Orleans Saints,1-0,home,NO,3.5,41.5,-192,160,-112,-108,1,nflreadr,New Orleans Saints,1-0,Carolina Panthers,0-1,0.6333,0.6333,0.3816000000000001,0.03904612159329157,0.9609538784067084,176,1,0.005681818181818182,1,3,40167173474,7400,1,14:54:00,3594,59.9,0,0,0,0,0,(Shotgun) A.Kamara right end to NO 33 for 9 yards (T.Hill; A.Robinson).,FALSE,0,0,FALSE,0,0,FALSE
nfl,2024,401671712,2024-09-08T17:00Z,New York Giants,Minnesota Vikings,NYG,MIN,0-1,1-0,6,28,FALSE,Minnesota Vikings,1-0,away,MIN,1,42.5,-105,-115,-112,-108,1,nflreadr,Minnesota Vikings,1-0,New York Giants,0-1,0.4953,0.5046999999999999,0.6042,0.3449189010261502,0.6550810989738498,178,1,0.0056179775280898875,1,13,401671712335,33500,1,09:54:00,3294,54.9,0,0,0,0,0,"(Shotgun) D.Jones scrambles right end to MIN 10 for 7 yards (H.Smith; B.Cashman). Penalty on MIN-D.Turner, Defensive Offside, declined.",FALSE,0,0,FALSE,0,0,FALSE
nfl,2024,401671659,2024-09-08T20:05Z,Los Angeles Chargers,Las Vegas Raiders,LAC,LV,1-0,0-1,22,10,TRUE,Los Angeles Chargers,1-0,home,LAC,3,41,-155,130,-102,-118,1,nflreadr,Los Angeles Chargers,1-0,Las Vegas Raiders,0-1,0.602,0.602,0.6567000000000001,0.47723465813918087,0.5227653418608191,172,1,0.005813953488372093,1,77,4016716591681,168100,2,01:55:00,1915,31.916666666666668,3,7,7,3,4,(Shotgun) G.Minshew pass short left to T.Tucker to LAC 48 for 14 yards (J.Taylor).,FALSE,0,0,FALSE,0,0,FALSE
nfl,2024,401671664,2024-09-08T20:05Z,Seattle Seahawks,Denver Broncos,SEA,DEN,1-0,0-1,26,20,TRUE,Seattle Seahawks,1-0,home,SEA,6.5,42,-278,225,-110,-110,1,nflreadr,Seattle Seahawks,1-0,Denver Broncos,0-1,0.6347,0.6347,0.6359,0.4274256958641296,0.5725743041358704,203,2,0.009852216748768473,1,63,4016716641518,151800,2,10:26:00,2426,40.43333333333333,3,5,5,3,2,"R.Dixon punts 54 yards to SEA 10, Center-M.Fraboni. D.Williams MUFFS catch, touched at SEA 10, RECOVERED by DEN-J.Skinner at SEA 9.",FALSE,0,0,FALSE,0,0,FALSE
nfl,2024,401671761,2024-09-08T20:25Z,Cleveland Browns,Dallas Cowboys,CLE,DAL,0-1,1-0,17,33,FALSE,Dallas Cowboys,1-0,home,CLE,2.5,42,-130,110,-108,-112,1,nflreadr,Dallas Cowboys,1-0,Cleveland Browns,0-1,0.4827,0.5173,0.6194,0.38553438811753304,0.614465611882467,201,1,0.004975124378109453,1,17,401671761384,38400,1,09:23:00,3263,54.38333333333333,3,0,3,0,3,Timeout at 09:23.,FALSE,0,0,FALSE,0,0,FALSE
nfl,2024,401671770,2024-09-08T20:25Z,Tampa Bay Buccaneers,Washington Commanders,TB,WSH,1-0,0-1,37,20,TRUE,Tampa Bay Buccaneers,1-0,NA,NA,NA,NA,NA,NA,NA,NA,NA,NA,Tampa Bay Buccaneers,1-0,Washington Commanders,0-1,0.6147,0.6147,0.4182,0.07867049258727887,0.9213295074127211,171,1,0.005847953216374269,1,9,401671770216,21600,1,11:43:00,3403,56.71666666666667,0,0,0,0,0,(Shotgun) B.Mayfield pass incomplete deep right to J.McMillan.,FALSE,0,0,FALSE,0,0,FALSE
nfl,2024,401671792,2024-09-09T00:20Z,Detroit Lions,Los Angeles Rams,DET,LAR,1-0,0-1,26,20,TRUE,Detroit Lions,1-0,NA,NA,NA,NA,NA,NA,NA,NA,NA,NA,Detroit Lions,1-0,Los Angeles Rams,0-1,0.606,0.606,0.8323,0.7985101525892107,0.20148984741078935,192,1,0.005208333333333333,1,162,4016717923818,381800,4,02:31:00,751,12.516666666666667,17,20,20,17,3,"(Shotgun) PENALTY on LA-W.McClendon, False Start, 5 yards, enforced at LA 20 - No Play.",FALSE,0,0,FALSE,0,0,FALSE
nfl,2024,401671696,2024-09-10T00:15Z,San Francisco 49ers,New York Jets,SF,NYJ,1-0,0-1,32,19,TRUE,San Francisco 49ers,1-0,NA,NA,NA,NA,NA,NA,NA,NA,NA,NA,San Francisco 49ers,1-0,New York Jets,0-1,0.632,0.632,0.5095000000000001,0.2777232580961728,0.7222767419038272,175,1,0.005714285714285714,1,31,401671696689,68900,1,03:51:00,2931,48.85,3,7,7,3,4,Timeout at 03:51.,FALSE,0,0,FALSE,0,0,FALSE
nfl,2024,401671807,2024-09-13T00:15Z,Miami Dolphins,Buffalo Bills,MIA,BUF,1-1,2-0,10,31,FALSE,Buffalo Bills,2-0,NA,NA,NA,NA,NA,NA,NA,NA,NA,NA,Buffalo Bills,2-0,Miami Dolphins,1-1,0.482,0.518,0.5056,0.046677215189873555,0.9533227848101264,173,2,0.011560693641618497,1,6,401671807126,12600,1,13:11:00,3491,58.18333333333333,0,0,0,0,0,(Shotgun) D.Achane right end to MIA 39 for -3 yards (R.Douglas).,FALSE,0,0,FALSE,0,0,FALSE
nfl,2024,401671709,2024-09-15T17:00Z,Dallas Cowboys,New Orleans Saints,DAL,NO,1-1,2-0,19,44,FALSE,Dallas Cowboys,1-1,home,DAL,6.5,47,-290,235,-108,-112,1,nflreadr,New Orleans Saints,2-0,Dallas Cowboys,1-1,0.61,0.61,0.6397,0.4367672346412381,0.5632327653587619,177,1,0.005649717514124294,1,4,40167170979,7900,1,14:20:00,3560,59.333333333333336,0,0,0,0,0,R.Shaheed left end to NO 28 for 7 yards (C.Carson).,FALSE,0,0,FALSE,0,0,FALSE
nfl,2024,401671721,2024-09-15T17:00Z,Detroit Lions,Tampa Bay Buccaneers,DET,TB,1-1,2-0,16,20,FALSE,Detroit Lions,1-1,home,DET,7.5,51.5,-375,295,-112,-108,1,nflreadr,Tampa Bay Buccaneers,2-0,Detroit Lions,1-1,0.6513,0.6513,0.6681,0.50321808112558,0.49678191887442,190,2,0.010526315789473684,1,45,4016717211038,103800,2,15:00:00,2700,45,3,6,3,6,-3,J.Goff pass short right to J.Gibbs to TB 18 for 4 yards (L.David).,FALSE,0,0,FALSE,0,0,FALSE
nfl,2024,401671723,2024-09-15T17:00Z,Green Bay Packers,Indianapolis Colts,GB,IND,1-1,0-2,16,10,TRUE,Indianapolis Colts,0-2,away,IND,3,41.5,120,-142,-118,-102,1,nflreadr,Green Bay Packers,1-1,Indianapolis Colts,0-2,0.4487,0.5513,0.577,0.266897746967071,0.733102253032929,176,1,0.005681818181818182,1,3,40167172357,5700,1,15:00:00,3600,60,0,0,0,0,0,"(Shotgun) J.Jacobs up the middle to GB 33 for 3 yards (Z.Franklin, G.Stewart).",FALSE,0,0,FALSE,0,0,FALSE
nfl,2024,401671636,2024-09-15T17:00Z,Tennessee Titans,New York Jets,TEN,NYJ,0-2,1-1,17,24,FALSE,New York Jets,1-1,away,NYJ,3.5,41.5,150,-180,-108,-112,1,nflreadr,New York Jets,1-1,Tennessee Titans,0-2,0.4287,0.5712999999999999,0.7665,0.6953685583822569,0.30463144161774314,174,1,0.005747126436781609,1,44,4016716361084,108400,2,10:15:00,2415,40.25,7,0,7,0,7,W.Levis pass short right to T.Pollard to NYJ 7 for 11 yards (J.Sherwood).,FALSE,0,0,FALSE,0,0,FALSE
nfl,2024,401671645,2024-09-15T17:00Z,Minnesota Vikings,San Francisco 49ers,MIN,SF,2-0,1-1,23,17,TRUE,San Francisco 49ers,1-1,away,SF,4.5,46.5,180,-218,-108,-112,1,nflreadr,Minnesota Vikings,2-0,San Francisco 49ers,1-1,0.38,0.62,0.6349,0.42494881083635216,0.5750511891636478,176,1,0.005681818181818182,1,47,4016716451161,116100,2,12:12:00,2532,42.2,3,0,0,3,-3,J.Mason left guard to MIN 4 for 7 yards (H.Smith).,FALSE,0,0,FALSE,0,0,FALSE
nfl,2024,401671702,2024-09-15T17:00Z,New England Patriots,Seattle Seahawks,NE,SEA,1-1,2-0,20,23,FALSE,Seattle Seahawks,2-0,away,SEA,3.5,39,142,-170,-118,-102,1,nflreadr,Seattle Seahawks,2-0,New England Patriots,1-1,0.45,0.55,0.8722,0.8534739738592065,0.14652602614079346,201,2,0.009950248756218905,1,162,4016717023646,364600,4,05:19:00,919,15.316666666666666,20,17,20,17,3,"R.Stevenson up the middle to SEA 21 for 2 yards (T.Knight, R.Jenkins).",FALSE,0,0,FALSE,0,0,FALSE
nfl,2024,401671716,2024-09-15T17:00Z,Washington Commanders,New York Giants,WSH,NYG,1-1,0-2,21,18,TRUE,Washington Commanders,1-1,NA,NA,NA,NA,NA,NA,NA,NA,NA,NA,Washington Commanders,1-1,New York Giants,0-2,0.596,0.596,0.6786,0.5263778367226644,0.47362216327733564,181,1,0.0055248618784530384,1,140,4016717163310,331000,4,11:32:00,692,11.533333333333333,15,18,18,15,3,Timeout at 11:32.,FALSE,0,0,FALSE,0,0,FALSE
nfl,2024,401671652,2024-09-15T17:00Z,Carolina Panthers,Los Angeles Chargers,CAR,LAC,0-2,2-0,3,26,FALSE,Los Angeles Chargers,2-0,away,LAC,5,39,185,-225,-110,-110,1,nflreadr,Los Angeles Chargers,2-0,Carolina Panthers,0-2,0.3273,0.6727000000000001,0.3869,0.15404497286120467,0.8459550271387953,169,1,0.005917159763313609,1,12,401671652302,30200,1,09:32:00,3272,54.53333333333333,0,0,0,0,0,"(Shotgun) J.Herbert pass short right to E.Tomlinson to CAR 25 for 4 yards (J.Horn) [J.Peevy]. FUMBLES (J.Horn), RECOVERED by CAR-T.Hill at CAR 24. T.Hill to CAR 27 for 3 yards (D.Davis). The Replay Official reviewed the pass completion ruling, and the play was REVERSED. (Shotgun) J.Herbert pass incomplete short right to E.Tomlinson (J.Horn) [J.Peevy].",FALSE,0,0,FALSE,0,0,FALSE
nfl,2024,401671635,2024-09-15T17:00Z,Jacksonville Jaguars,Cleveland Browns,JAX,CLE,0-2,1-1,13,18,FALSE,Jacksonville Jaguars,0-2,home,JAX,3,41.5,-170,142,-120,100,1,nflreadr,Cleveland Browns,1-1,Jacksonville Jaguars,0-2,0.5573,0.5573,0.5592,0.2117310443490703,0.7882689556509297,189,1,0.005291005291005291,1,5,401671635116,11600,1,13:45:00,3525,58.75,0,0,0,0,0,"(Shotgun) PENALTY on CLV-M.Garrett, Neutral Zone Infraction, 5 yards, enforced at JAX 27 - No Play.",FALSE,0,0,FALSE,0,0,FALSE
nfl,2024,401671624,2024-09-15T17:00Z,Baltimore Ravens,Las Vegas Raiders,BAL,LV,0-2,1-1,23,26,FALSE,Baltimore Ravens,0-2,home,BAL,9,41,-455,350,-108,-112,1,nflreadr,Las Vegas Raiders,1-1,Baltimore Ravens,0-2,0.7113,0.7113,0.9321,0.9271537388692201,0.07284626113077985,192,1,0.005208333333333333,1,142,4016716243253,325300,4,12:11:00,731,12.183333333333334,23,13,23,13,10,Timeout at 12:11.,FALSE,0,0,FALSE,0,0,FALSE
nfl,2024,401671754,2024-09-15T20:05Z,Arizona Cardinals,Los Angeles Rams,ARI,LAR,1-1,0-2,41,10,TRUE,Los Angeles Rams,0-2,NA,NA,NA,NA,NA,NA,NA,NA,NA,NA,Arizona Cardinals,1-1,Los Angeles Rams,0-2,0.466,0.534,0.5630999999999999,0.2241164979577337,0.7758835020422663,163,1,0.006134969325153374,1,2,40167175438,3800,1,15:00:00,3600,60,0,0,0,0,0,M.Prater kicks 55 yards from ARZ 35 to LA 10. B.Corum pushed ob at ARZ 49 for 41 yards (M.Melton).,FALSE,0,0,FALSE,0,0,FALSE
nfl,2024,401671668,2024-09-15T20:25Z,Denver Broncos,Pittsburgh Steelers,DEN,PIT,0-2,2-0,6,13,FALSE,Pittsburgh Steelers,2-0,away,PIT,3,36.5,130,-155,-118,-102,1,nflreadr,Pittsburgh Steelers,2-0,Denver Broncos,0-2,0.422,0.5780000000000001,0.4251,0.007292401787814762,0.9927075982121852,184,1,0.005434782608695652,1,9,401671668196,19600,1,12:19:00,3439,57.31666666666667,0,0,0,0,0,(Shotgun) J.Fields scrambles right tackle to PIT 32 for 7 yards (B.Jones).,FALSE,0,0,FALSE,0,0,FALSE
nfl,2024,401671670,2024-09-15T20:25Z,Kansas City Chiefs,Cincinnati Bengals,KC,CIN,2-0,0-2,26,25,TRUE,Kansas City Chiefs,2-0,home,KC,6.5,47.5,-290,235,-115,-105,1,nflreadr,Kansas City Chiefs,2-0,Cincinnati Bengals,0-2,0.6633,0.6633,0.7218,0.6145746744250484,0.38542532557495157,184,3,0.016304347826086956,1,172,4016716703964,396400,4,01:33:00,93,1.55,23,25,25,23,2,(Shotgun) P.Mahomes pass incomplete short left.,FALSE,0,0,FALSE,0,0,FALSE
nfl,2024,401671786,2024-09-16T00:20Z,Houston Texans,Chicago Bears,HOU,CHI,2-0,1-1,19,13,TRUE,Houston Texans,2-0,NA,NA,NA,NA,NA,NA,NA,NA,NA,NA,Houston Texans,2-0,Chicago Bears,1-1,0.6567,0.6567,0.4262,0.19450961989676196,0.805490380103238,193,1,0.0051813471502590676,1,25,401671786546,54600,1,03:51:00,2931,48.85,3,3,3,3,0,Timeout at 03:51.,FALSE,0,0,FALSE,0,0,FALSE
nfl,2024,401671691,2024-09-17T00:15Z,Philadelphia Eagles,Atlanta Falcons,PHI,ATL,1-1,1-1,21,22,FALSE,Philadelphia Eagles,1-1,NA,NA,NA,NA,NA,NA,NA,NA,NA,NA,Atlanta Falcons,1-1,Philadelphia Eagles,1-1,0.632,0.632,0.999,0.9989989989989989,0.0010010010010010895,182,1,0.005494505494505495,1,165,4016716913767,376700,4,01:46:00,106,1.7666666666666666,18,15,18,15,3,Timeout #3 by ATL at 01:46.,FALSE,0,0,FALSE,0,0,FALSE
nfl,2024,401671808,2024-09-20T00:15Z,New York Jets,New England Patriots,NYJ,NE,2-1,1-2,24,3,TRUE,New York Jets,2-1,NA,NA,NA,NA,NA,NA,NA,NA,NA,NA,New York Jets,2-1,New England Patriots,1-2,0.6667,0.6667,0.3802,0.12335612835349796,0.876643871646502,171,2,0.011695906432748537,2,11,401671808255,25500,1,10:06:00,3306,55.1,0,0,0,0,0,"T.Morstead punts 43 yards to end zone, Center-T.Hennessy, Touchback.",FALSE,0,0,FALSE,0,0,FALSE
nfl,2024,401671855,2024-09-22T17:00Z,Cleveland Browns,New York Giants,CLE,NYG,1-2,1-2,15,21,FALSE,Cleveland Browns,1-2,home,CLE,6.5,38,-270,220,-108,-112,1,nflreadr,New York Giants,1-2,Cleveland Browns,1-2,0.6567,0.6567,0.8264,0.7899322362052275,0.21006776379477254,194,1,0.005154639175257732,1,12,401671855297,29700,1,11:42:00,3402,56.7,7,0,7,0,7,"D.Watson sacked at CLV 27 for -2 yards (M.McFadden). PENALTY on NYG-R.Nunez-Roches, Defensive Offside, 5 yards, enforced at CLV 29 - No Play.",FALSE,0,0,FALSE,0,0,FALSE
nfl,2024,401671823,2024-09-22T17:00Z,Tennessee Titans,Green Bay Packers,TEN,GB,0-3,2-1,14,30,FALSE,Tennessee Titans,0-3,home,TEN,3,37,-162,136,-108,-112,1,nflreadr,Green Bay Packers,2-1,Tennessee Titans,0-3,0.508,0.508,0.5637,0.22600674117438357,0.7739932588256164,174,1,0.005747126436781609,1,22,401671823528,52800,1,07:15:00,3135,52.25,7,7,7,7,0,Timeout at 07:15.,FALSE,0,0,FALSE,0,0,FALSE
nfl,2024,401671865,2024-09-22T17:00Z,Indianapolis Colts,Chicago Bears,IND,CHI,1-2,1-2,21,16,TRUE,Indianapolis Colts,1-2,home,IND,1.5,43,-125,105,-112,-108,1,nflreadr,Indianapolis Colts,1-2,Chicago Bears,1-2,0.5213,0.5213,0.5469999999999999,0.1718464351005482,0.8281535648994518,199,1,0.005025125628140704,1,54,4016718651224,122400,2,11:03:00,2463,41.05,0,0,0,0,0,C.Williams pass deep left to R.Odunze to IND 33 for 47 yards (N.Cross). ** Injury Update: CHI-B.Jones has returned to the game.,FALSE,0,0,FALSE,0,0,FALSE
nfl,2024,401671646,2024-09-22T17:00Z,Minnesota Vikings,Houston Texans,MIN,HOU,3-0,2-1,34,7,TRUE,Houston Texans,2-1,away,HOU,2,46,114,-135,-108,-112,1,nflreadr,Minnesota Vikings,3-0,Houston Texans,2-1,0.4573,0.5427,0.5432,0.15905743740795297,0.840942562592047,188,1,0.005319148936170213,1,2,40167164640,4000,1,15:00:00,3600,60,0,0,0,0,0,"W.Reichard kicks 65 yards from MIN 35 to end zone, Touchback to the HST 30.",FALSE,0,0,FALSE,0,0,FALSE
nfl,2024,401671736,2024-09-22T17:00Z,New Orleans Saints,Philadelphia Eagles,NO,PHI,2-1,2-1,12,15,FALSE,New Orleans Saints,2-1,home,NO,2.5,49,-142,120,-115,-105,1,nflreadr,Philadelphia Eagles,2-1,New Orleans Saints,2-1,0.5253,0.5253,0.8986,0.8871578010238148,0.11284219897618519,175,1,0.005714285714285714,1,163,4016717363730,373000,4,01:21:00,81,1.35,12,7,12,7,5,Timeout #1 by PHI at 01:21.,FALSE,0,0,FALSE,0,0,FALSE
nfl,2024,401671632,2024-09-22T17:00Z,Pittsburgh Steelers,Los Angeles Chargers,PIT,LAC,3-0,2-1,20,10,TRUE,Los Angeles Chargers,2-1,home,PIT,3,36,-148,124,-102,-118,1,nflreadr,Pittsburgh Steelers,3-0,Los Angeles Chargers,2-1,0.462,0.538,0.7191000000000001,0.6093728271450425,0.3906271728549575,168,2,0.011904761904761904,1,29,401671632666,66600,1,02:46:00,2866,47.766666666666666,0,7,7,0,7,Timeout at 02:46.,FALSE,0,0,FALSE,0,0,FALSE
nfl,2024,401671741,2024-09-22T17:00Z,Tampa Bay Buccaneers,Denver Broncos,TB,DEN,2-1,1-2,7,26,FALSE,Tampa Bay Buccaneers,2-1,home,TB,6,40.5,-245,200,-108,-112,1,nflreadr,Denver Broncos,1-2,Tampa Bay Buccaneers,2-1,0.694,0.694,0.694,0.5590778097982707,0.4409221902017293,168,1,0.005952380952380952,1,1,4016717411,100,NA,NA,NA,NA,NA,NA,NA,NA,NA,NA,FALSE,0,0,FALSE,0,0,FALSE
nfl,2024,401671658,2024-09-22T20:05Z,Las Vegas Raiders,Carolina Panthers,LV,CAR,1-2,1-2,22,36,FALSE,Las Vegas Raiders,1-2,home,LV,5.5,40,-245,200,-110,-110,1,nflreadr,Carolina Panthers,1-2,Las Vegas Raiders,1-2,0.6347,0.6347,0.6571,0.47816161923603717,0.5218383807639628,194,1,0.005154639175257732,1,40,401671658912,91200,1,00:24:00,2724,45.4,7,7,7,7,0,Timeout at 00:24.,FALSE,0,0,FALSE,0,0,FALSE
nfl,2024,401671662,2024-09-22T20:05Z,Seattle Seahawks,Miami Dolphins,SEA,MIA,3-0,1-2,24,3,TRUE,Seattle Seahawks,3-0,home,SEA,4,41.5,-205,170,-110,-110,1,nflreadr,Seattle Seahawks,3-0,Miami Dolphins,1-2,0.6667,0.6667,0.3538,0.057942340305257134,0.9420576596947429,181,1,0.0055248618784530384,1,9,401671662188,18800,1,11:36:00,3396,56.6,0,0,0,0,0,(Shotgun) G.Smith pass short left to Z.Charbonnet to MIA 37 for 5 yards (K.Fuller).,FALSE,0,0,FALSE,0,0,FALSE
nfl,2024,401671763,2024-09-22T20:25Z,Dallas Cowboys,Baltimore Ravens,DAL,BAL,1-2,1-2,25,28,FALSE,Baltimore Ravens,1-2,away,BAL,1.5,47.5,100,-120,-110,-110,1,nflreadr,Baltimore Ravens,1-2,Dallas Cowboys,1-2,0.4687,0.5313,0.4742,0.0115984816533109,0.9884015183466891,196,1,0.00510204081632653,1,8,401671763214,21400,1,12:58:00,3478,57.96666666666667,0,0,0,0,0,(Shotgun) D.Prescott pass short right to B.Cooks to DAL 33 for 7 yards (K.Hamilton).,FALSE,0,0,FALSE,0,0,FALSE
nfl,2024,401671772,2024-09-22T20:25Z,Los Angeles Rams,San Francisco 49ers,LAR,SF,1-2,1-2,27,24,TRUE,San Francisco 49ers,1-2,NA,NA,NA,NA,NA,NA,NA,NA,NA,NA,Los Angeles Rams,1-2,San Francisco 49ers,1-2,0.3693,0.6307,0.9549,0.9527699235522045,0.04723007644779553,183,1,0.00546448087431694,1,154,4016717723820,382000,4,04:57:00,297,4.95,17,24,24,17,7,J.Mason left tackle to LA 42 for 4 yards (T.Reeder; C.Rozeboom).,FALSE,0,0,FALSE,0,0,FALSE
nfl,2024,401671771,2024-09-22T20:25Z,Arizona Cardinals,Detroit Lions,ARI,DET,1-2,2-1,13,20,FALSE,Detroit Lions,2-1,away,DET,3,51.5,124,-148,-118,-102,1,nflreadr,Detroit Lions,2-1,Arizona Cardinals,1-2,0.486,0.514,0.5456,0.1671554252199412,0.8328445747800588,182,2,0.01098901098901099,1,26,401671771598,59800,1,05:08:00,3008,50.13333333333333,7,7,7,7,0,Timeout at 05:08.,FALSE,0,0,FALSE,0,0,FALSE
nfl,2024,401671793,2024-09-23T00:20Z,Atlanta Falcons,Kansas City Chiefs,ATL,KC,1-2,3-0,17,22,FALSE,Kansas City Chiefs,3-0,NA,NA,NA,NA,NA,NA,NA,NA,NA,NA,Kansas City Chiefs,3-0,Atlanta Falcons,1-2,0.4227,0.5772999999999999,0.6673,0.5014236475348419,0.4985763524651581,185,2,0.010810810810810811,1,62,4016717931556,155600,2,06:37:00,2197,36.61666666666667,14,7,14,7,7,Timeout at 06:37.,FALSE,0,0,FALSE,0,0,FALSE
nfl,2024,401671682,2024-09-23T23:30Z,Buffalo Bills,Jacksonville Jaguars,BUF,JAX,3-0,0-3,47,10,TRUE,Buffalo Bills,3-0,home,BUF,4,46.5,-218,180,-112,-108,1,nflreadr,Buffalo Bills,3-0,Jacksonville Jaguars,0-3,0.658,0.658,0.3731,0.08335566872152245,0.9166443312784776,186,2,0.010752688172043012,1,6,401671682140,14000,1,13:43:00,3523,58.71666666666667,0,0,0,0,0,(Shotgun) J.Allen pass short right to J.Cook to JAX 44 for 4 yards (J.Jones).,FALSE,0,0,FALSE,0,0,FALSE
nfl,2024,401671490,2024-09-24T00:15Z,Cincinnati Bengals,Washington Commanders,CIN,WSH,0-3,2-1,33,38,FALSE,Cincinnati Bengals,0-3,NA,NA,NA,NA,NA,NA,NA,NA,NA,NA,Washington Commanders,2-1,Cincinnati Bengals,0-3,0.632,0.632,0.7811,0.7197541928050186,0.2802458071949814,168,2,0.011904761904761904,1,9,401671490221,22100,1,11:37:00,3397,56.61666666666667,7,0,7,0,7,Timeout at 11:37.,FALSE,0,0,FALSE,0,0,FALSE
nfl,2024,401671812,2024-09-27T00:15Z,New York Giants,Dallas Cowboys,NYG,DAL,1-3,2-2,15,20,FALSE,Dallas Cowboys,2-2,NA,NA,NA,NA,NA,NA,NA,NA,NA,NA,Dallas Cowboys,2-2,New York Giants,1-3,0.4293,0.5707,0.5699,0.24670994911387956,0.7532900508861204,177,2,0.011299435028248588,1,15,401671812344,34400,1,09:03:00,3243,54.05,3,0,3,0,3,Timeout at 09:03.,FALSE,0,0,FALSE,0,0,FALSE
nfl,2024,401671727,2024-09-29T17:00Z,Atlanta Falcons,New Orleans Saints,ATL,NO,2-2,2-2,26,24,TRUE,New Orleans Saints,2-2,home,ATL,2.5,41.5,-142,120,-115,-105,1,nflreadr,Atlanta Falcons,2-2,New Orleans Saints,2-2,0.4847,0.5153,0.8448,0.8162878787878787,0.18371212121212133,185,1,0.005405405405405406,1,177,4016717274253,425300,4,00:41:00,41,0.6833333333333333,23,24,24,23,1,"(No Huddle, Shotgun) PENALTY on ATL-R.Neuzil, False Start, 5 yards, enforced at ATL 35 - No Play.",FALSE,0,0,FALSE,0,0,FALSE
nfl,2024,401671871,2024-09-29T17:00Z,Chicago Bears,Los Angeles Rams,CHI,LAR,2-2,1-3,24,18,TRUE,Los Angeles Rams,1-3,NA,NA,NA,NA,NA,NA,NA,NA,NA,NA,Chicago Bears,2-2,Los Angeles Rams,1-3,0.486,0.514,0.7212000000000001,0.6134220743205769,0.38657792567942306,175,1,0.005714285714285714,1,60,4016718711400,140000,2,06:51:00,2211,36.85,0,6,6,0,6,Timeout at 06:51.,FALSE,0,0,FALSE,0,0,FALSE
nfl,2024,401671643,2024-09-29T17:00Z,Green Bay Packers,Minnesota Vikings,GB,MIN,2-2,4-0,29,31,FALSE,Green Bay Packers,2-2,home,GB,2.5,44,-135,114,-118,-102,1,nflreadr,Minnesota Vikings,4-0,Green Bay Packers,2-2,0.58,0.58,0.5953,0.3201747018310097,0.6798252981689903,200,1,0.005,1,7,401671643154,15400,1,12:51:00,3471,57.85,0,0,0,0,0,"(Shotgun) PENALTY on MIN, Delay of Game, 5 yards, enforced at MIN 45 - No Play.",FALSE,0,0,FALSE,0,0,FALSE
nfl,2024,401671867,2024-09-29T17:00Z,Indianapolis Colts,Pittsburgh Steelers,IND,PIT,2-2,3-1,27,24,TRUE,Pittsburgh Steelers,3-1,away,PIT,2.5,40,110,-130,-112,-108,1,nflreadr,Indianapolis Colts,2-2,Pittsburgh Steelers,3-1,0.4647,0.5353,0.5353,0.1318886605641696,0.8681113394358304,186,1,0.005376344086021506,1,1,4016718671,100,NA,NA,NA,NA,NA,NA,NA,NA,NA,NA,FALSE,0,0,FALSE,0,0,FALSE
nfl,2024,401671622,2024-09-29T17:00Z,New York Jets,Denver Broncos,NYJ,DEN,2-2,2-2,9,10,FALSE,New York Jets,2-2,home,NYJ,7.5,39.5,-425,330,-112,-108,1,nflreadr,Denver Broncos,2-2,New York Jets,2-2,0.708,0.708,0.804,0.7562189054726369,0.24378109452736307,196,1,0.00510204081632653,1,113,4016716222717,271700,3,10:58:00,1558,25.966666666666665,6,0,6,0,6,(Shotgun) A.Rodgers pass deep left to M.Williams to NYJ 34 for 20 yards (P.Locke).,FALSE,0,0,FALSE,0,0,FALSE
nfl,2024,401671740,2024-09-29T17:00Z,Tampa Bay Buccaneers,Philadelphia Eagles,TB,PHI,3-1,2-2,33,16,TRUE,Philadelphia Eagles,2-2,away,PHI,1,42,-105,-115,-110,-110,1,nflreadr,Tampa Bay Buccaneers,3-1,Philadelphia Eagles,2-2,0.3787,0.6213,0.6402,0.4379881287097782,0.5620118712902218,184,2,0.010869565217391304,1,3,40167174067,6700,1,14:58:00,3598,59.96666666666667,0,0,0,0,0,(Shotgun) B.Mayfield pass short right to M.Evans to TB 29 for 8 yards (R.Blankenship).,FALSE,0,0,FALSE,0,0,FALSE
nfl,2024,401671745,2024-09-29T17:00Z,Carolina Panthers,Cincinnati Bengals,CAR,CIN,1-3,1-3,24,34,FALSE,Cincinnati Bengals,1-3,away,CIN,4.5,47,170,-205,-108,-112,1,nflreadr,Cincinnati Bengals,1-3,Carolina Panthers,1-3,0.3567,0.6433,0.4969,0.28214932582008445,0.7178506741799155,196,2,0.01020408163265306,1,10,401671745243,24300,1,10:53:00,3353,55.88333333333333,0,0,0,0,0,(Shotgun) C.Hubbard up the middle to CIN 2 for 3 yards (M.Hilton; Z.Carter). CIN-M.Hilton was injured during the play.,FALSE,0,0,FALSE,0,0,FALSE
nfl,2024,401671857,2024-09-29T17:00Z,Houston Texans,Jacksonville Jaguars,HOU,JAX,3-1,0-4,24,20,TRUE,Houston Texans,3-1,home,HOU,5.5,44.5,-238,195,-112,-108,1,nflreadr,Houston Texans,3-1,Jacksonville Jaguars,0-4,0.6087,0.6087,0.8134,0.7705925743791493,0.2294074256208507,190,1,0.005263157894736842,1,167,4016718573816,381600,4,04:06:00,246,4.1,17,20,20,17,3,(Shotgun) C.Stroud pass incomplete deep middle to N.Collins.,FALSE,0,0,FALSE,0,0,FALSE
nfl,2024,401671755,2024-09-29T20:05Z,Arizona Cardinals,Washington Commanders,ARI,WSH,1-3,3-1,14,42,FALSE,Arizona Cardinals,1-3,NA,NA,NA,NA,NA,NA,NA,NA,NA,NA,Washington Commanders,3-1,Arizona Cardinals,1-3,0.6053,0.6053,0.7621,0.6878362419629971,0.3121637580370029,175,1,0.005714285714285714,1,13,401671755309,30900,1,09:54:00,3294,54.9,7,0,7,0,7,Timeout at 09:54.,FALSE,0,0,FALSE,0,0,FALSE
nfl,2024,401671758,2024-09-29T20:05Z,San Francisco 49ers,New England Patriots,SF,NE,2-2,1-3,30,13,TRUE,San Francisco 49ers,2-2,home,SF,10.5,41.5,-550,410,-108,-112,1,nflreadr,San Francisco 49ers,2-2,New England Patriots,1-3,0.7773,0.7773,0.256,0.13007812499999993,0.8699218750000001,180,1,0.005555555555555556,1,9,401671758205,20500,1,11:50:00,3410,56.833333333333336,0,0,0,0,0,"A.Gibson left guard to SF 49 for -1 yards (J.Brown, D.Lenoir).",FALSE,0,0,FALSE,0,0,FALSE
nfl,2024,401671672,2024-09-29T20:25Z,Las Vegas Raiders,Cleveland Browns,LV,CLE,2-2,1-3,20,16,TRUE,Cleveland Browns,1-3,away,CLE,2.5,36.5,114,-135,-105,-115,1,nflreadr,Las Vegas Raiders,2-2,Cleveland Browns,1-3,0.47,0.53,0.744,0.6559139784946237,0.34408602150537626,169,1,0.005917159763313609,1,39,401671672926,92600,2,15:00:00,2700,45,0,10,10,0,10,"(Shotgun) Z.White up the middle to LV 46 for 3 yards (G.Delpit, J.Owusu-Koramoah).",FALSE,0,0,FALSE,0,0,FALSE
nfl,2024,401671674,2024-09-29T20:25Z,Los Angeles Chargers,Kansas City Chiefs,LAC,KC,2-2,4-0,10,17,FALSE,Kansas City Chiefs,4-0,away,KC,7.5,41.5,275,-345,-112,-108,1,nflreadr,Kansas City Chiefs,4-0,Los Angeles Chargers,2-2,0.3947,0.6053,0.7517,0.6696820540109087,0.33031794598909126,173,1,0.005780346820809248,1,60,4016716741461,146100,2,06:36:00,2196,36.6,10,0,10,0,10,(Shotgun) P.Mahomes sacked at 50 for -9 yards (sack split by T.Still and T.Dye).,FALSE,0,0,FALSE,0,0,FALSE
nfl,2024,401671783,2024-09-30T00:20Z,Baltimore Ravens,Buffalo Bills,BAL,BUF,2-2,3-1,35,10,TRUE,Buffalo Bills,3-1,NA,NA,NA,NA,NA,NA,NA,NA,NA,NA,Baltimore Ravens,2-2,Buffalo Bills,3-1,0.4427,0.5573,0.5740000000000001,0.2578397212543555,0.7421602787456445,164,1,0.006097560975609756,1,3,40167178356,5600,1,15:00:00,3600,60,0,0,0,0,0,(Shotgun) J.Allen pass short left to D.Kincaid to BUF 35 for 5 yards (M.Humphrey).,FALSE,0,0,FALSE,0,0,FALSE
nfl,2024,401671683,2024-09-30T23:30Z,Miami Dolphins,Tennessee Titans,MIA,TEN,1-3,1-3,12,31,FALSE,Miami Dolphins,1-3,home,MIA,2.5,37,-135,114,-112,-108,1,nflreadr,Tennessee Titans,1-3,Miami Dolphins,1-3,0.5207,0.5207,0.6216,0.3912483912483913,0.6087516087516087,187,1,0.0053475935828877,1,15,401671683357,35700,1,09:33:00,3273,54.55,0,0,0,0,0,(Shotgun) T.Hill right end pushed ob at TEN 33 for 16 yards (Q.Diggs).,FALSE,0,0,FALSE,0,0,FALSE
nfl,2024,401671491,2024-10-01T00:15Z,Detroit Lions,Seattle Seahawks,DET,SEA,3-1,3-1,42,29,TRUE,Detroit Lions,3-1,NA,NA,NA,NA,NA,NA,NA,NA,NA,NA,Detroit Lions,3-1,Seattle Seahawks,3-1,0.61,0.61,0.4582000000000001,0.14884329986905298,0.851156700130947,192,2,0.010416666666666666,1,7,401671491168,16800,1,12:43:00,3463,57.71666666666667,0,0,0,0,0,(Shotgun) G.Smith pass deep left to D.Metcalf ran ob at SEA 43 for 20 yards.,FALSE,0,0,FALSE,0,0,FALSE
nfl,2024,401671815,2024-10-04T00:15Z,Atlanta Falcons,Tampa Bay Buccaneers,ATL,TB,3-2,3-2,36,30,TRUE,Atlanta Falcons,3-2,NA,NA,NA,NA,NA,NA,NA,NA,NA,NA,Atlanta Falcons,3-2,Tampa Bay Buccaneers,3-2,0.5413,0.5413,0.9302,0.924962373683079,0.07503762631692101,199,1,0.005025125628140704,1,184,4016718154447,444700,4,00:22:00,622,10.366666666666667,27,30,30,27,3,(No Huddle) K.Cousins spiked the ball to stop the clock.,FALSE,0,0,FALSE,0,0,FALSE
nfl,2024,401671804,2024-10-06T13:30Z,Minnesota Vikings,New York Jets,MIN,NYJ,5-0,2-3,23,17,TRUE,Minnesota Vikings,5-0,home,MIN,2.5,42,-142,120,-115,-105,1,nflreadr,Minnesota Vikings,5-0,New York Jets,2-3,0.5367,0.5367,0.4633000000000001,1.1102230246251565e-16,0.9999999999999999,202,2,0.009900990099009901,1,1,4016718041,100,NA,NA,NA,NA,NA,NA,NA,NA,NA,NA,FALSE,0,0,FALSE,0,0,FALSE
nfl,2024,401671872,2024-10-06T17:00Z,Chicago Bears,Carolina Panthers,CHI,CAR,3-2,1-4,36,10,TRUE,Chicago Bears,3-2,home,CHI,4,40,-198,164,-112,-108,1,nflreadr,Chicago Bears,3-2,Carolina Panthers,1-4,0.6333,0.6333,0.5716,0.3584674597620713,0.6415325402379287,183,1,0.00546448087431694,1,17,401671872380,38000,1,08:54:00,3234,53.9,0,7,7,0,7,Timeout at 08:54.,FALSE,0,0,FALSE,0,0,FALSE
nfl,2024,401671626,2024-10-06T17:00Z,Cincinnati Bengals,Baltimore Ravens,CIN,BAL,1-4,3-2,38,41,FALSE,Baltimore Ravens,3-2,away,BAL,2.5,48.5,124,-148,-102,-118,1,nflreadr,Baltimore Ravens,3-2,Cincinnati Bengals,1-4,0.4433,0.5567,0.9455,0.9423585404547858,0.05764145954521416,208,2,0.009615384615384616,1,150,4016716263495,349500,4,08:54:00,1134,18.9,38,28,38,28,10,Timeout at 08:54.,FALSE,0,0,FALSE,0,0,FALSE
nfl,2024,401671700,2024-10-06T17:00Z,New England Patriots,Miami Dolphins,NE,MIA,1-4,2-3,10,15,FALSE,New England Patriots,1-4,away,MIA,2,37,110,-130,-108,-112,1,nflreadr,Miami Dolphins,2-3,New England Patriots,1-4,0.586,0.586,0.7997,0.7495310741528072,0.2504689258471928,193,1,0.0051813471502590676,1,58,4016717001335,133500,2,09:13:00,2353,39.21666666666667,7,3,7,3,4,(Shotgun) J.Brissett pass short middle to D.Douglas to MIA 11 for 18 yards (J.Holland).,FALSE,0,0,FALSE,0,0,FALSE
nfl,2024,401671718,2024-10-06T17:00Z,Washington Commanders,Cleveland Browns,WSH,CLE,4-1,1-4,34,13,TRUE,Washington Commanders,4-1,NA,NA,NA,NA,NA,NA,NA,NA,NA,NA,Washington Commanders,4-1,Cleveland Browns,1-4,0.638,0.638,0.3796000000000001,0.04636459430980011,0.9536354056901999,193,1,0.0051813471502590676,1,3,40167171863,6300,1,14:55:00,3595,59.916666666666664,0,0,0,0,0,(Shotgun) D.Watson pass short left to D.Njoku pushed ob at CLV 44 for 14 yards (J.Chinn).,FALSE,0,0,FALSE,0,0,FALSE
nfl,2024,401671633,2024-10-06T17:00Z,Jacksonville Jaguars,Indianapolis Colts,JAX,IND,1-4,2-3,37,34,TRUE,Indianapolis Colts,2-3,home,JAX,3.5,45,-185,154,-110,-110,1,nflreadr,Jacksonville Jaguars,1-4,Indianapolis Colts,2-3,0.496,0.504,0.7067,0.5849724069619358,0.41502759303806425,186,1,0.005376344086021506,1,27,401671633637,63700,1,03:36:00,2916,48.6,0,7,7,0,7,(Shotgun) J.Flacco pass deep right to A.Mitchell pushed ob at IND 44 for 18 yards (R.Darby).,FALSE,0,0,FALSE,0,0,FALSE
nfl,2024,401671859,2024-10-06T17:00Z,Houston Texans,Buffalo Bills,HOU,BUF,4-1,3-2,23,20,TRUE,Buffalo Bills,3-2,home,HOU,1,48,-118,-102,-112,-108,1,nflreadr,Houston Texans,4-1,Buffalo Bills,3-2,0.434,0.5660000000000001,0.6663,0.4991745460003001,0.5008254539996999,190,2,0.010526315789473684,1,19,401671859415,41500,1,08:53:00,3233,53.88333333333333,0,0,0,0,0,"(No Huddle, Shotgun) J.Cook left tackle to HST 9 for 7 yards (A.Al-Shaair; H.To'oTo'o).",FALSE,0,0,FALSE,0,0,FALSE
nfl,2024,401671747,2024-10-06T20:05Z,Denver Broncos,Las Vegas Raiders,DEN,LV,3-2,2-3,34,18,TRUE,Denver Broncos,3-2,home,DEN,3,36,-155,130,-108,-112,1,nflreadr,Denver Broncos,3-2,Las Vegas Raiders,2-3,0.5073,0.5073,0.8041,0.7563735853749534,0.24362641462504664,191,1,0.005235602094240838,1,51,4016717471167,116700,2,09:40:00,2380,39.666666666666664,3,10,10,3,7,(Shotgun) G.Minshew pass short left to B.Bowers to DEN 5 for 8 yards (J.McMillian).,FALSE,0,0,FALSE,0,0,FALSE
nfl,2024,401671756,2024-10-06T20:05Z,San Francisco 49ers,Arizona Cardinals,SF,ARI,2-3,2-3,23,24,FALSE,San Francisco 49ers,2-3,home,SF,7,48.5,-325,260,-115,-105,1,nflreadr,Arizona Cardinals,2-3,San Francisco 49ers,2-3,0.698,0.698,0.9325,0.9276139410187667,0.07238605898123329,175,1,0.005714285714285714,1,120,4016717562741,274100,3,05:03:00,1203,20.05,23,13,23,13,10,J.Mason left guard to ARZ 13 for 1 yard (K.Tonga).,FALSE,0,0,FALSE,0,0,FALSE
nfl,2024,401671679,2024-10-06T20:25Z,Los Angeles Rams,Green Bay Packers,LAR,GB,1-4,3-2,19,24,FALSE,Green Bay Packers,3-2,NA,NA,NA,NA,NA,NA,NA,NA,NA,NA,Green Bay Packers,3-2,Los Angeles Rams,1-4,0.4367,0.5633,0.6744,0.517200474495848,0.48279952550415195,191,1,0.005235602094240838,1,99,4016716792268,226800,3,11:58:00,1618,26.966666666666665,13,10,13,10,3,Timeout at 11:58.,FALSE,0,0,FALSE,0,0,FALSE
nfl,2024,401671680,2024-10-06T20:25Z,Seattle Seahawks,New York Giants,SEA,NYG,3-2,2-3,20,29,FALSE,Seattle Seahawks,3-2,home,SEA,7,42.5,-310,250,-108,-112,1,nflreadr,New York Giants,2-3,Seattle Seahawks,3-2,0.634,0.634,0.7782,0.7149832947828323,0.2850167052171677,183,1,0.00546448087431694,1,26,401671680693,69300,1,02:14:00,2834,47.233333333333334,7,0,7,0,7,Timeout at 02:14.,FALSE,0,0,FALSE,0,0,FALSE
nfl,2024,401671784,2024-10-07T01:45Z,Pittsburgh Steelers,Dallas Cowboys,PIT,DAL,3-2,3-2,17,20,FALSE,Pittsburgh Steelers,3-2,NA,NA,NA,NA,NA,NA,NA,NA,NA,NA,Dallas Cowboys,3-2,Pittsburgh Steelers,3-2,0.5133,0.5133,0.752,0.6702127659574468,0.32978723404255317,193,2,0.010362694300518135,1,184,4016717844400,440000,4,00:30:00,30,0.5,17,13,17,13,4,(Shotgun) D.Prescott pass incomplete short middle to J.Tolbert.,FALSE,0,0,FALSE,0,0,FALSE
nfl,2024,401671687,2024-10-08T00:15Z,Kansas City Chiefs,New Orleans Saints,KC,NO,5-0,2-3,26,13,TRUE,Kansas City Chiefs,5-0,NA,NA,NA,NA,NA,NA,NA,NA,NA,NA,Kansas City Chiefs,5-0,New Orleans Saints,2-3,0.5993,0.5993,0.4497,0.10896152990882824,0.8910384700911718,191,1,0.005235602094240838,1,7,401671687148,14800,1,12:40:00,3460,57.666666666666664,0,0,0,0,0,D.Carr pass short left to C.Olave to KC 39 for 4 yards (T.McDuffie).,FALSE,0,0,FALSE,0,0,FALSE
nfl,2024,401671819,2024-10-11T00:15Z,Seattle Seahawks,San Francisco 49ers,SEA,SF,3-3,3-3,24,36,FALSE,San Francisco 49ers,3-3,NA,NA,NA,NA,NA,NA,NA,NA,NA,NA,San Francisco 49ers,3-3,Seattle Seahawks,3-3,0.3827,0.6173,0.4463,0.14250504145193799,0.857494958548062,196,1,0.00510204081632653,1,5,401671819109,10900,1,13:33:00,3513,58.55,0,0,0,0,0,(Shotgun) G.Smith pass short middle to D.Metcalf pushed ob at SF 30 for 30 yards (R.Green).,FALSE,0,0,FALSE,0,0,FALSE
nfl,2024,401671802,2024-10-13T13:30Z,Chicago Bears,Jacksonville Jaguars,CHI,JAX,4-2,1-5,35,16,TRUE,Chicago Bears,4-2,away,JAX,1.5,44.5,100,-120,-112,-108,1,nflreadr,Chicago Bears,4-2,Jacksonville Jaguars,1-5,0.6027,0.6027,0.5755,0.3096437880104258,0.6903562119895742,175,1,0.005714285714285714,1,17,401671802501,50100,1,06:31:00,3091,51.516666666666666,0,0,0,0,0,"(Shotgun) T.Lawrence pass short middle to C.Kirk to CHI 8 for 14 yards (J.Jones, K.Byard) [D.Walker].",FALSE,0,0,FALSE,0,0,FALSE
nfl,2024,401671722,2024-10-13T17:00Z,Green Bay Packers,Arizona Cardinals,GB,ARI,4-2,2-4,34,13,TRUE,Green Bay Packers,4-2,home,GB,5.5,47,-238,195,-110,-110,1,nflreadr,Green Bay Packers,4-2,Arizona Cardinals,2-4,0.6167,0.6167,0.4217999999999999,0.09127548601232793,0.9087245139876721,187,1,0.0053475935828877,1,8,401671722178,17800,1,13:10:00,3490,58.166666666666664,0,0,0,0,0,"(No Huddle, Shotgun) J.Love pass incomplete deep right to D.Wicks [J.Thompson].",FALSE,0,0,FALSE,0,0,FALSE
nfl,2024,401671820,2024-10-13T17:00Z,Tennessee Titans,Indianapolis Colts,TEN,IND,1-4,3-3,17,20,FALSE,Indianapolis Colts,3-3,home,TEN,2.5,42,-135,114,-110,-110,1,nflreadr,Indianapolis Colts,3-3,Tennessee Titans,1-4,0.4513,0.5487,0.7803,0.7184416250160195,0.2815583749839805,181,1,0.0055248618784530384,1,105,4016718202470,247000,3,06:19:00,1279,21.316666666666666,17,10,17,10,7,Timeout at 06:19.,FALSE,0,0,FALSE,0,0,FALSE
nfl,2024,401671619,2024-10-13T17:00Z,New England Patriots,Houston Texans,NE,HOU,1-5,5-1,21,41,FALSE,Houston Texans,5-1,away,HOU,6.5,38.5,215,-265,-112,-108,1,nflreadr,Houston Texans,5-1,New England Patriots,1-5,0.296,0.704,0.296,0,1,184,1,0.005434782608695652,1,1,4016716191,100,NA,NA,NA,NA,NA,NA,NA,NA,NA,NA,FALSE,0,0,FALSE,0,0,FALSE
nfl,2024,401671735,2024-10-13T17:00Z,New Orleans Saints,Tampa Bay Buccaneers,NO,TB,2-4,4-2,27,51,FALSE,Tampa Bay Buccaneers,4-2,away,TB,3.5,42.5,145,-175,-112,-108,1,nflreadr,Tampa Bay Buccaneers,4-2,New Orleans Saints,2-4,0.4047,0.5952999999999999,0.6426,0.44382197323373784,0.5561780267662622,205,1,0.004878048780487805,1,112,4016717352844,284400,3,15:00:00,1800,30,27,24,27,24,3,S.Rattler pass short right to R.Shaheed to NO 41 for 11 yards (T.Funderburk).,FALSE,0,0,FALSE,0,0,FALSE
nfl,2024,401671714,2024-10-13T17:00Z,Philadelphia Eagles,Cleveland Browns,PHI,CLE,3-2,1-5,20,16,TRUE,Philadelphia Eagles,3-2,home,PHI,8,42,-425,330,-112,-108,1,nflreadr,Philadelphia Eagles,3-2,Cleveland Browns,1-5,0.696,0.696,0.5251,0.4210626547324319,0.5789373452675681,176,1,0.005681818181818182,1,140,4016717143247,324700,4,09:49:00,589,9.816666666666666,13,13,13,13,0,Timeout at 09:49.,FALSE,0,0,FALSE,0,0,FALSE
nfl,2024,401671625,2024-10-13T17:00Z,Baltimore Ravens,Washington Commanders,BAL,WSH,4-2,4-2,30,23,TRUE,Baltimore Ravens,4-2,NA,NA,NA,NA,NA,NA,NA,NA,NA,NA,Baltimore Ravens,4-2,Washington Commanders,4-2,0.6527,0.6527,0.4919,0.29396218743647073,0.7060378125635293,183,1,0.00546448087431694,2,10,401671625218,21800,1,11:47:00,3407,56.78333333333333,0,0,0,0,0,"(No Huddle, Shotgun) J.Daniels pass short right to A.Ekeler to BLT 16 for 24 yards (M.Williams).",FALSE,0,0,FALSE,0,0,FALSE
nfl,2024,401671655,2024-10-13T20:05Z,Denver Broncos,Los Angeles Chargers,DEN,LAC,3-3,3-2,16,23,FALSE,Los Angeles Chargers,3-2,away,LAC,3,37,130,-155,-115,-105,1,nflreadr,Los Angeles Chargers,3-2,Denver Broncos,3-3,0.4467,0.5533,0.4472,0.0011180679785330883,0.9988819320214669,186,1,0.005376344086021506,1,2,40167165539,3900,1,15:00:00,3600,60,0,0,0,0,0,"C.Dicker kicks 65 yards from LAC 35 to end zone, Touchback to the DEN 30.",FALSE,0,0,FALSE,0,0,FALSE
nfl,2024,401671657,2024-10-13T20:05Z,Las Vegas Raiders,Pittsburgh Steelers,LV,PIT,2-4,4-2,13,32,FALSE,Pittsburgh Steelers,4-2,away,PIT,3.5,36.5,150,-180,-110,-110,1,nflreadr,Pittsburgh Steelers,4-2,Las Vegas Raiders,2-4,0.4533,0.5467,0.6256,0.4015345268542201,0.5984654731457799,178,2,0.011235955056179775,1,24,401671657539,53900,1,04:24:00,2964,49.4,7,3,7,3,4,Timeout at 04:24.,FALSE,0,0,FALSE,0,0,FALSE
nfl,2024,401671764,2024-10-13T20:25Z,Dallas Cowboys,Detroit Lions,DAL,DET,3-3,4-1,9,47,FALSE,Detroit Lions,4-1,away,DET,3.5,52.5,150,-180,-115,-105,1,nflreadr,Detroit Lions,4-1,Dallas Cowboys,3-3,0.4313,0.5687,0.5227,0.17486129711115372,0.8251387028888463,186,2,0.010752688172043012,1,8,401671764181,18100,1,12:16:00,3436,57.266666666666666,0,0,0,0,0,"(Shotgun) D.Prescott pass deep middle intended for J.Ferguson INTERCEPTED by K.Joseph [L.Onwuzurike] at DET 6. K.Joseph pushed ob at DET 33 for 27 yards (T.Smith). PENALTY on DET-A.Anzalone, Defensive Holding, 5 yards, enforced at DET 23 - No Play.",FALSE,0,0,FALSE,0,0,FALSE
nfl,2024,401671769,2024-10-13T20:25Z,Carolina Panthers,Atlanta Falcons,CAR,ATL,1-5,4-2,20,38,FALSE,Atlanta Falcons,4-2,away,ATL,6,45.5,210,-258,-108,-112,1,nflreadr,Atlanta Falcons,4-2,Carolina Panthers,1-5,0.3733,0.6267,0.5888,0.3659986413043479,0.6340013586956521,188,1,0.005319148936170213,1,27,401671769696,69600,1,05:56:00,3056,50.93333333333333,7,0,7,0,7,Timeout at 05:56.,FALSE,0,0,FALSE,0,0,FALSE
nfl,2024,401671791,2024-10-14T00:20Z,New York Giants,Cincinnati Bengals,NYG,CIN,2-4,2-4,7,17,FALSE,Cincinnati Bengals,2-4,NA,NA,NA,NA,NA,NA,NA,NA,NA,NA,Cincinnati Bengals,2-4,New York Giants,2-4,0.3927,0.6073,0.4964,0.20890410958904104,0.791095890410959,178,1,0.0056179775280898875,1,112,4016717912552,255200,3,05:48:00,1248,20.8,7,7,7,7,0,Timeout at 05:48.,FALSE,0,0,FALSE,0,0,FALSE
nfl,2024,401671684,2024-10-15T00:15Z,New York Jets,Buffalo Bills,NYJ,BUF,2-4,4-2,20,23,FALSE,Buffalo Bills,4-2,NA,NA,NA,NA,NA,NA,NA,NA,NA,NA,Buffalo Bills,4-2,New York Jets,2-4,0.4447,0.5553,0.6644,0.4948826008428657,0.5051173991571343,187,2,0.0106951871657754,1,127,4016716842994,299400,3,03:05:00,1085,18.083333333333332,20,20,20,20,0,"(Shotgun) B.Hall right tackle to BUF 25 for 10 yards (D.Hamlin, Do.Williams). PENALTY on BUF-Ta.Johnson, Low Block, 13 yards, enforced at BUF 25.",FALSE,0,0,FALSE,0,0,FALSE
nfl,2024,401671816,2024-10-18T00:15Z,New Orleans Saints,Denver Broncos,NO,DEN,2-5,4-3,10,33,FALSE,Denver Broncos,4-3,NA,NA,NA,NA,NA,NA,NA,NA,NA,NA,Denver Broncos,4-3,New Orleans Saints,2-5,0.4853,0.5146999999999999,0.5475,0.1735159817351597,0.8264840182648403,193,1,0.0051813471502590676,1,11,401671816236,23600,1,12:30:00,3450,57.5,0,0,0,0,0,S.Rattler pass deep left to F.Moreau pushed ob at NO 40 for 32 yards (P.Locke).,FALSE,0,0,FALSE,0,0,FALSE
nfl,2024,401671801,2024-10-20T13:30Z,Jacksonville Jaguars,New England Patriots,JAX,NE,2-5,1-6,32,16,TRUE,Jacksonville Jaguars,2-5,home,JAX,6.5,42,-298,240,-115,-105,1,nflreadr,Jacksonville Jaguars,2-5,New England Patriots,1-6,0.7027,0.7027,0.6481,0.5412744946767474,0.4587255053232526,170,1,0.0058823529411764705,1,42,401671801975,97500,2,13:31:00,2611,43.516666666666666,0,10,10,0,10,Timeout at 13:31.,FALSE,0,0,FALSE,0,0,FALSE
nfl,2024,401671730,2024-10-20T17:00Z,Atlanta Falcons,Seattle Seahawks,ATL,SEA,4-3,4-3,14,34,FALSE,Atlanta Falcons,4-3,home,ATL,3,51.5,-162,136,-105,-115,1,nflreadr,Seattle Seahawks,4-3,Atlanta Falcons,4-3,0.5793,0.5793,0.6047,0.34628741524723017,0.6537125847527698,184,1,0.005434782608695652,1,3,40167173063,6300,1,14:55:00,3595,59.916666666666664,0,0,0,0,0,G.Smith pass incomplete deep left to J.Smith-Njigba.,FALSE,0,0,FALSE,0,0,FALSE
nfl,2024,401671616,2024-10-20T17:00Z,Buffalo Bills,Tennessee Titans,BUF,TEN,5-2,1-5,34,10,TRUE,Buffalo Bills,5-2,home,BUF,9.5,41,-535,400,-110,-110,1,nflreadr,Buffalo Bills,5-2,Tennessee Titans,1-5,0.6293,0.6293,0.7421,0.6524727125724297,0.34752728742757033,182,1,0.005494505494505495,1,54,4016716161322,132200,2,11:31:00,2491,41.516666666666666,0,10,10,0,10,Timeout at 11:31.,FALSE,0,0,FALSE,0,0,FALSE
nfl,2024,401671853,2024-10-20T17:00Z,Cleveland Browns,Cincinnati Bengals,CLE,CIN,1-6,3-4,14,21,FALSE,Cincinnati Bengals,3-4,away,CIN,5.5,42,190,-230,-110,-110,1,nflreadr,Cincinnati Bengals,3-4,Cleveland Browns,1-6,0.3927,0.6073,0.4833,0.18746120422098067,0.8125387957790193,196,1,0.00510204081632653,1,101,4016718532322,232200,3,13:35:00,1715,28.583333333333332,6,7,6,7,-1,(Shotgun) D.Thompson-Robinson right end to CIN 43 for 34 yards (D.Turner).,FALSE,0,0,FALSE,0,0,FALSE
nfl,2024,401671644,2024-10-20T17:00Z,Green Bay Packers,Houston Texans,GB,HOU,5-2,5-2,24,22,TRUE,Green Bay Packers,5-2,home,GB,3,48,-170,142,-120,100,1,nflreadr,Green Bay Packers,5-2,Houston Texans,5-2,0.5793,0.5793,0.7179,0.6070483354227607,0.3929516645772393,173,1,0.005780346820809248,1,154,4016716443583,358300,4,02:00:00,120,2,21,19,19,21,-2,Two-Minute Warning,FALSE,0,0,FALSE,0,0,FALSE
nfl,2024,401671864,2024-10-20T17:00Z,Indianapolis Colts,Miami Dolphins,IND,MIA,4-3,2-4,16,10,TRUE,Indianapolis Colts,4-3,home,IND,3,44,-155,130,100,-120,1,nflreadr,Indianapolis Colts,4-3,Miami Dolphins,2-4,0.6913,0.6913,0.7535000000000001,0.6728599867286,0.32714001327139997,189,1,0.005291005291005291,1,85,4016718641941,194100,2,01:21:00,1881,31.35,0,7,7,0,7,(Shotgun) T.Huntley pass short left to J.Smith ran ob at IND 21 for 13 yards (N.Cross).,FALSE,0,0,FALSE,0,0,FALSE
nfl,2024,401671724,2024-10-20T17:00Z,Minnesota Vikings,Detroit Lions,MIN,DET,5-1,5-1,29,31,FALSE,Detroit Lions,5-1,home,MIN,1,50.5,-118,-102,-112,-108,1,nflreadr,Detroit Lions,5-1,Minnesota Vikings,5-1,0.4373,0.5627,0.7597,0.6836909306305121,0.3163090693694879,174,1,0.005747126436781609,1,29,401671724636,63600,1,05:34:00,3034,50.56666666666667,10,0,10,0,10,Timeout at 05:34.,FALSE,0,0,FALSE,0,0,FALSE
nfl,2024,401671710,2024-10-20T17:00Z,New York Giants,Philadelphia Eagles,NYG,PHI,2-5,4-2,3,28,FALSE,Philadelphia Eagles,4-2,away,PHI,3,42,140,-166,100,-120,1,nflreadr,Philadelphia Eagles,4-2,New York Giants,2-5,0.37,0.63,0.4194,0.11778731521220787,0.8822126847877921,187,2,0.0106951871657754,1,45,4016717101005,100500,2,14:33:00,2673,44.55,0,0,0,0,0,"(No Huddle, Shotgun) D.Jones pass short left to M.Nabers to NYG 40 for 9 yards (C.Gardner-Johnson; Q.Mitchell).",FALSE,0,0,FALSE,0,0,FALSE
nfl,2024,401671663,2024-10-20T20:05Z,Los Angeles Rams,Las Vegas Raiders,LAR,LV,2-4,2-5,20,15,TRUE,Los Angeles Rams,2-4,NA,NA,NA,NA,NA,NA,NA,NA,NA,NA,Los Angeles Rams,2-4,Las Vegas Raiders,2-5,0.632,0.632,0.5353,0.3125350270876144,0.6874649729123856,195,1,0.005128205128205128,1,70,4016716631512,151200,2,06:11:00,2171,36.18333333333333,0,3,3,0,3,A.Mattison right tackle to LV 34 for -1 yards (J.Verse).,FALSE,0,0,FALSE,0,0,FALSE
nfl,2024,401671640,2024-10-20T20:05Z,Washington Commanders,Carolina Panthers,WSH,CAR,5-2,1-6,40,7,TRUE,Washington Commanders,5-2,NA,NA,NA,NA,NA,NA,NA,NA,NA,NA,Washington Commanders,5-2,Carolina Panthers,1-6,0.726,0.726,0.34230000000000005,0.19953257376570266,0.8004674262342973,162,1,0.006172839506172839,1,7,401671640169,16900,1,12:37:00,3457,57.61666666666667,0,0,0,0,0,"A.Dalton pass deep right to Di.Johnson to WAS 26 for 17 yards (M.Sainristil). Penalty on WAS-C.Ferrell, Defensive Offside, declined.",FALSE,0,0,FALSE,0,0,FALSE
nfl,2024,401671777,2024-10-20T20:25Z,San Francisco 49ers,Kansas City Chiefs,SF,KC,3-4,6-0,18,28,FALSE,San Francisco 49ers,3-4,home,SF,2.5,47.5,-142,120,-115,-105,1,nflreadr,Kansas City Chiefs,6-0,San Francisco 49ers,3-4,0.51,0.51,0.601,0.3361064891846921,0.6638935108153079,178,1,0.0056179775280898875,1,39,401671777834,83400,1,01:06:00,2766,46.1,3,0,3,0,3,Timeout at 01:06.,FALSE,0,0,FALSE,0,0,FALSE
nfl,2024,401671785,2024-10-21T00:20Z,Pittsburgh Steelers,New York Jets,PIT,NYJ,5-2,2-5,37,15,TRUE,Pittsburgh Steelers,5-2,NA,NA,NA,NA,NA,NA,NA,NA,NA,NA,Pittsburgh Steelers,5-2,New York Jets,2-5,0.5067,0.5067,0.7953,0.742612850496668,0.25738714950333197,177,1,0.005649717514124294,1,81,4016717851855,185500,2,02:00:00,1920,32,6,15,15,6,9,Two-Minute Warning,FALSE,0,0,FALSE,0,0,FALSE
nfl,2024,401671695,2024-10-22T00:15Z,Tampa Bay Buccaneers,Baltimore Ravens,TB,BAL,4-3,5-2,31,41,FALSE,Baltimore Ravens,5-2,NA,NA,NA,NA,NA,NA,NA,NA,NA,NA,Baltimore Ravens,5-2,Tampa Bay Buccaneers,4-3,0.412,0.5880000000000001,0.7263,0.6231584744595895,0.3768415255404105,193,1,0.0051813471502590676,1,27,401671695609,60900,1,02:18:00,2838,47.3,7,0,7,0,7,B.Mayfield pass short left to B.Irving to BLT 10 for 14 yards (E.Jackson; K.Hamilton).,FALSE,0,0,FALSE,0,0,FALSE
nfl,2024,401671699,2024-10-22T01:00Z,Arizona Cardinals,Los Angeles Chargers,ARI,LAC,3-4,3-3,17,15,TRUE,Arizona Cardinals,3-4,NA,NA,NA,NA,NA,NA,NA,NA,NA,NA,Arizona Cardinals,3-4,Los Angeles Chargers,3-3,0.5147,0.5147,0.6337999999999999,0.42221520984537686,0.5777847901546231,174,1,0.005747126436781609,1,45,4016716991085,108500,2,11:59:00,2519,41.983333333333334,0,3,3,0,3,Timeout at 11:59.,FALSE,0,0,FALSE,0,0,FALSE
nfl,2024,401671817,2024-10-25T00:15Z,Los Angeles Rams,Minnesota Vikings,LAR,MIN,3-4,5-2,30,20,TRUE,Minnesota Vikings,5-2,NA,NA,NA,NA,NA,NA,NA,NA,NA,NA,Los Angeles Rams,3-4,Minnesota Vikings,5-2,0.4613,0.5387,0.723,0.6168741355463347,0.38312586445366525,174,1,0.005747126436781609,1,35,401671817814,81400,1,00:53:00,2753,45.88333333333333,7,14,14,7,7,Timeout at 00:53.,FALSE,0,0,FALSE,0,0,FALSE
nfl,2024,401671667,2024-10-27T17:00Z,Cincinnati Bengals,Philadelphia Eagles,CIN,PHI,3-5,5-2,17,37,FALSE,Philadelphia Eagles,5-2,home,CIN,2.5,47.5,-148,124,-120,100,1,nflreadr,Philadelphia Eagles,5-2,Cincinnati Bengals,3-5,0.4567,0.5433,0.7258,0.6222099751997796,0.3777900248002204,166,1,0.006024096385542169,1,60,4016716671379,137900,2,06:30:00,2190,36.5,10,3,10,3,7,(Shotgun) J.Burrow pass deep right to J.Burton pushed ob at PHI 39 for 41 yards (D.Slay).,FALSE,0,0,FALSE,0,0,FALSE
nfl,2024,401671852,2024-10-27T17:00Z,Cleveland Browns,Baltimore Ravens,CLE,BAL,2-6,5-3,29,24,TRUE,Baltimore Ravens,5-3,away,BAL,7.5,44.5,300,-380,-110,-110,1,nflreadr,Cleveland Browns,2-6,Baltimore Ravens,5-3,0.348,0.652,0.7446999999999999,0.6571773868671946,0.3428226131328054,192,1,0.005208333333333333,1,115,4016718522703,270300,3,04:42:00,1182,19.7,13,17,17,13,4,Timeout at 04:42.,FALSE,0,0,FALSE,0,0,FALSE
nfl,2024,401671720,2024-10-27T17:00Z,Detroit Lions,Tennessee Titans,DET,TEN,6-1,1-6,52,14,TRUE,Detroit Lions,6-1,home,DET,12.5,45,-800,550,-115,-105,1,nflreadr,Detroit Lions,6-1,Tennessee Titans,1-6,0.7373,0.7373,0.3507,0.25092671799258615,0.7490732820074139,172,1,0.005813953488372093,1,32,401671720746,74600,1,04:07:00,2947,49.11666666666667,7,7,7,7,0,Timeout at 04:07.,FALSE,0,0,FALSE,0,0,FALSE
nfl,2024,401671850,2024-10-27T17:00Z,Miami Dolphins,Arizona Cardinals,MIA,ARI,2-5,4-4,27,28,FALSE,Arizona Cardinals,4-4,home,MIA,4,46.5,-198,164,-112,-108,1,nflreadr,Arizona Cardinals,4-4,Miami Dolphins,2-5,0.48,0.52,0.8952,0.8829311885612154,0.11706881143878456,182,1,0.005494505494505495,1,141,4016718503317,331700,4,12:22:00,742,12.366666666666667,27,18,27,18,9,Timeout at 12:22.,FALSE,0,0,FALSE,0,0,FALSE
nfl,2024,401671618,2024-10-27T17:00Z,New England Patriots,New York Jets,NE,NYJ,2-6,2-6,25,22,TRUE,New York Jets,2-6,away,NYJ,7,41,245,-305,-110,-110,1,nflreadr,New England Patriots,2-6,New York Jets,2-6,0.288,0.712,0.9105,0.9017023613399231,0.0982976386600769,181,1,0.0055248618784530384,1,159,4016716183746,374600,4,02:57:00,177,2.95,17,22,22,17,5,Timeout at 02:57.,FALSE,0,0,FALSE,0,0,FALSE
nfl,2024,401671739,2024-10-27T17:00Z,Tampa Bay Buccaneers,Atlanta Falcons,TB,ATL,4-4,5-3,26,31,FALSE,Tampa Bay Buccaneers,4-4,away,ATL,1.5,47,102,-122,-110,-110,1,nflreadr,Atlanta Falcons,5-3,Tampa Bay Buccaneers,4-4,0.5773,0.5773,0.7453,0.658258419428418,0.341741580571582,191,1,0.005235602094240838,1,48,4016717391190,119000,2,10:28:00,2428,40.46666666666667,14,7,14,7,7,Timeout at 10:28.,FALSE,0,0,FALSE,0,0,FALSE
nfl,2024,401671707,2024-10-27T17:00Z,Jacksonville Jaguars,Green Bay Packers,JAX,GB,2-6,6-2,27,30,FALSE,Green Bay Packers,6-2,away,GB,3.5,49,160,-192,-105,-115,1,nflreadr,Green Bay Packers,6-2,Jacksonville Jaguars,2-6,0.336,0.6639999999999999,0.6598,0.49075477417399205,0.509245225826008,190,1,0.005263157894736842,1,124,4016717072817,281700,3,05:10:00,1210,20.166666666666668,17,13,17,13,4,Timeout at 05:10.,FALSE,0,0,FALSE,0,0,FALSE
nfl,2024,401671856,2024-10-27T17:00Z,Houston Texans,Indianapolis Colts,HOU,IND,6-2,4-4,23,20,TRUE,Houston Texans,6-2,home,HOU,5,45,-225,185,-108,-112,1,nflreadr,Houston Texans,6-2,Indianapolis Colts,4-4,0.6027,0.6027,0.6316999999999999,0.4169700807345258,0.5830299192654742,199,2,0.010050251256281407,1,48,4016718561017,101700,1,00:50:00,2750,45.833333333333336,3,10,10,3,7,J.Mixon left tackle to HST 32 for 2 yards (A.Gotsis).,FALSE,0,0,FALSE,0,0,FALSE
nfl,2024,401671750,2024-10-27T20:05Z,Los Angeles Chargers,New Orleans Saints,LAC,NO,4-3,2-6,26,8,TRUE,Los Angeles Chargers,4-3,home,LAC,7,41.5,-310,250,-110,-110,1,nflreadr,Los Angeles Chargers,4-3,New Orleans Saints,2-6,0.666,0.666,0.4896,0.31781045751633996,0.68218954248366,200,1,0.005,1,16,401671750370,37000,1,10:20:00,3320,55.333333333333336,0,2,2,0,2,"(Punt formation) J.Scott Aborted. J.Harris FUMBLES at LAC 7, recovered by LAC-J.Scott at LAC 0. J.Scott to LAC -5 for -5 yards (T.Hill). FUMBLES (T.Hill), ball out of bounds in End Zone, SAFETY.",FALSE,0,0,FALSE,0,0,FALSE
nfl,2024,401671760,2024-10-27T20:05Z,Seattle Seahawks,Buffalo Bills,SEA,BUF,4-4,6-2,10,31,FALSE,Buffalo Bills,6-2,away,BUF,3,45.5,142,-170,100,-120,1,nflreadr,Buffalo Bills,6-2,Seattle Seahawks,4-4,0.3693,0.6307,0.4345,0.1500575373993096,0.8499424626006904,183,1,0.00546448087431694,1,63,4016717601541,154100,2,06:43:00,2203,36.71666666666667,3,7,3,7,-4,(Shotgun) K.Walker right guard to BUF 4 for 3 yards (D.Hamlin; E.Ankou).,FALSE,0,0,FALSE,0,0,FALSE
nfl,2024,401671600,2024-10-27T20:25Z,Denver Broncos,Carolina Panthers,DEN,CAR,5-3,1-7,28,14,TRUE,Denver Broncos,5-3,home,DEN,13,40.5,-750,525,-110,-110,1,nflreadr,Denver Broncos,5-3,Carolina Panthers,1-7,0.7553,0.7553,0.5003,0.5108934639216469,0.4891065360783531,185,1,0.005405405405405406,1,17,401671600447,44700,1,07:12:00,3132,52.2,0,7,7,0,7,Timeout at 07:12.,FALSE,0,0,FALSE,0,0,FALSE
nfl,2024,401671671,2024-10-27T20:25Z,Las Vegas Raiders,Kansas City Chiefs,LV,KC,2-6,7-0,20,27,FALSE,Kansas City Chiefs,7-0,away,KC,9,42,340,-440,-108,-112,1,nflreadr,Kansas City Chiefs,7-0,Las Vegas Raiders,2-6,0.254,0.746,0.4658,0.4547015886646629,0.5452984113353371,180,1,0.005555555555555556,1,48,4016716711102,110200,2,10:13:00,2413,40.21666666666667,10,7,10,7,3,Timeout at 10:13.,FALSE,0,0,FALSE,0,0,FALSE
nfl,2024,401671599,2024-10-27T20:25Z,Washington Commanders,Chicago Bears,WSH,CHI,6-2,4-3,18,15,TRUE,Washington Commanders,6-2,NA,NA,NA,NA,NA,NA,NA,NA,NA,NA,Washington Commanders,6-2,Chicago Bears,4-3,0.502,0.502,0.9938,0.9937613201851478,0.006238679814852155,195,1,0.005128205128205128,1,192,4016715994469,446900,4,00:06:00,6,0.1,12,15,15,12,3,Timeout #3 by WAS at 00:06.,FALSE,0,0,FALSE,0,0,FALSE
nfl,2024,401671795,2024-10-28T00:20Z,San Francisco 49ers,Dallas Cowboys,SF,DAL,4-4,3-4,30,24,TRUE,San Francisco 49ers,4-4,NA,NA,NA,NA,NA,NA,NA,NA,NA,NA,San Francisco 49ers,4-4,Dallas Cowboys,3-4,0.674,0.674,0.6426000000000001,0.49268596327419867,0.5073140367258013,188,1,0.005319148936170213,1,65,4016717951564,156400,2,04:43:00,2083,34.71666666666667,3,7,7,3,4,"(Shotgun) D.Prescott pass deep left to J.Tolbert to SF 13 for 28 yards (D.Lenoir). Penalty on SF-D.Lenoir, Illegal Contact, declined.",FALSE,0,0,FALSE,0,0,FALSE
nfl,2024,401671685,2024-10-29T00:15Z,Pittsburgh Steelers,New York Giants,PIT,NYG,6-2,2-6,26,18,TRUE,Pittsburgh Steelers,6-2,NA,NA,NA,NA,NA,NA,NA,NA,NA,NA,Pittsburgh Steelers,6-2,New York Giants,2-6,0.6847,0.6847,0.5072,0.3783517350157728,0.6216482649842272,200,1,0.005,1,105,4016716852457,245700,3,13:01:00,1681,28.016666666666666,9,9,9,9,0,"(No Huddle, Shotgun) D.Jones pass short left to M.Nabers to PIT 31 for 8 yards (D.Elliott).",FALSE,0,0,FALSE,0,0,FALSE
nfl,2024,401671809,2024-11-01T00:15Z,New York Jets,Houston Texans,NYJ,HOU,3-6,6-3,21,13,TRUE,New York Jets,3-6,NA,NA,NA,NA,NA,NA,NA,NA,NA,NA,New York Jets,3-6,Houston Texans,6-3,0.5007,0.5007,0.7677,0.6974078416047935,0.3025921583952065,186,1,0.005376344086021506,1,84,4016718092056,205600,2,00:51:00,1851,30.85,0,7,7,0,7,"(No Huddle, Shotgun) C.Stroud pass short left to T.Dell pushed ob at NYJ 34 for 31 yards (D.Reed). ** Injury Update: NYJ-W.McDonald has returned to the game.",FALSE,0,0,FALSE,0,0,FALSE
nfl,2024,401671728,2024-11-03T18:00Z,Atlanta Falcons,Dallas Cowboys,ATL,DAL,6-3,3-5,27,21,TRUE,Atlanta Falcons,6-3,home,ATL,3,52,-166,140,-115,-105,1,nflreadr,Atlanta Falcons,6-3,Dallas Cowboys,3-5,0.566,0.566,0.5730999999999999,0.2551038213226311,0.7448961786773689,189,2,0.010582010582010581,1,16,401671728366,36600,1,09:32:00,3272,54.53333333333333,0,3,3,0,3,Timeout at 09:32.,FALSE,0,0,FALSE,0,0,FALSE
nfl,2024,401671493,2024-11-03T18:00Z,Buffalo Bills,Miami Dolphins,BUF,MIA,7-2,2-6,30,27,TRUE,Buffalo Bills,7-2,home,BUF,6.5,49,-285,230,-110,-110,1,nflreadr,Buffalo Bills,7-2,Miami Dolphins,2-6,0.7347,0.7347,0.6442,0.5881713753492704,0.41182862465072956,179,1,0.00558659217877095,1,165,4016714934083,408300,4,01:38:00,98,1.6333333333333333,27,27,27,27,0,(Shotgun) J.Allen sacked at BUF 26 for -4 yards (C.Robinson).,FALSE,0,0,FALSE,0,0,FALSE
nfl,2024,401671704,2024-11-03T18:00Z,Cincinnati Bengals,Las Vegas Raiders,CIN,LV,4-5,2-7,41,24,TRUE,Cincinnati Bengals,4-5,home,CIN,8,45,-410,320,-110,-110,1,nflreadr,Cincinnati Bengals,4-5,Las Vegas Raiders,2-7,0.6413,0.6413,0.5611999999999999,0.3608339272986456,0.6391660727013544,196,2,0.01020408163265306,1,16,401671704410,41000,1,09:36:00,3276,54.6,0,7,7,0,7,Timeout at 09:36.,FALSE,0,0,FALSE,0,0,FALSE
nfl,2024,401671629,2024-11-03T18:00Z,Cleveland Browns,Los Angeles Chargers,CLE,LAC,2-7,5-3,10,27,FALSE,Cleveland Browns,2-7,away,LAC,2,42.5,110,-130,-110,-110,1,nflreadr,Los Angeles Chargers,5-3,Cleveland Browns,2-7,0.5353,0.5353,0.5702,0.24622939319537007,0.7537706068046299,191,1,0.005235602094240838,1,10,401671629199,19900,1,13:07:00,3487,58.11666666666667,0,0,0,0,0,(Shotgun) J.Winston pass short left to C.Tillman to CLV 20 for 9 yards (C.Hart; A.Gilman).,FALSE,0,0,FALSE,0,0,FALSE
nfl,2024,401671822,2024-11-03T18:00Z,Tennessee Titans,New England Patriots,TEN,NE,2-6,2-7,20,17,TRUE,Tennessee Titans,2-6,home,TEN,3,38.5,-162,136,-115,-105,1,nflreadr,Tennessee Titans,2-6,New England Patriots,2-7,0.6453,0.6453,0.591,0.3998307952622673,0.6001692047377327,206,3,0.014563106796116505,1,110,4016718222599,259900,3,07:39:00,1959,32.65,7,10,10,7,3,Timeout at 07:39.,FALSE,0,0,FALSE,0,0,FALSE
nfl,2024,401671711,2024-11-03T18:00Z,New York Giants,Washington Commanders,NYG,WSH,2-7,7-2,22,27,FALSE,Washington Commanders,7-2,NA,NA,NA,NA,NA,NA,NA,NA,NA,NA,Washington Commanders,7-2,New York Giants,2-7,0.3587,0.6413,0.4345,0.17445339470655918,0.8255466052934408,172,1,0.005813953488372093,1,16,401671711355,35500,1,09:02:00,3242,54.03333333333333,0,0,0,0,0,(Shotgun) T.Tracy left guard to WAS 29 for 10 yards (F.Luvu; P.Butler).,FALSE,0,0,FALSE,0,0,FALSE
nfl,2024,401671650,2024-11-03T18:00Z,Carolina Panthers,New Orleans Saints,CAR,NO,2-7,2-7,23,22,TRUE,New Orleans Saints,2-7,away,NO,7,43.5,275,-345,-102,-118,1,nflreadr,Carolina Panthers,2-7,New Orleans Saints,2-7,0.2493,0.7507,0.8488,0.8218661639962299,0.17813383600377009,189,1,0.005291005291005291,1,164,4016716503822,382200,4,04:52:00,292,4.866666666666666,17,22,22,17,5,(Shotgun) B.Young pass incomplete short right.,FALSE,0,0,FALSE,0,0,FALSE
nfl,2024,401671623,2024-11-03T18:00Z,Baltimore Ravens,Denver Broncos,BAL,DEN,6-3,5-4,41,10,TRUE,Baltimore Ravens,6-3,home,BAL,9,46.5,-440,330,-105,-115,1,nflreadr,Baltimore Ravens,6-3,Denver Broncos,5-4,0.7513,0.7513,0.31420000000000003,0.2084659452577976,0.7915340547422024,172,1,0.005813953488372093,1,21,401671623482,48200,1,06:21:00,3081,51.35,0,0,0,0,0,"M.Peart reported in as eligible.  J.Williams right end to BLT 43 for 1 yard (B.Stephens; R.Smith). Baltimore challenged the first down ruling, and the play was REVERSED. M.Peart reported in as eligible.  J.Williams right end to BLT 44 for no gain (B.Stephens; R.Smith).",FALSE,0,0,FALSE,0,0,FALSE
nfl,2024,401671797,2024-11-03T21:05Z,Philadelphia Eagles,Jacksonville Jaguars,PHI,JAX,6-2,2-7,28,23,TRUE,Philadelphia Eagles,6-2,home,PHI,7.5,46,-340,270,-108,-112,1,nflreadr,Philadelphia Eagles,6-2,Jacksonville Jaguars,2-7,0.684,0.684,0.35929999999999995,0.12051210687447822,0.8794878931255218,180,2,0.011111111111111112,1,9,401671797193,19300,1,11:43:00,3403,56.71666666666667,0,0,0,0,0,"(Run formation) PENALTY on PHI-J.Stoll, False Start, 5 yards, enforced at PHI 49 - No Play.",FALSE,0,0,FALSE,0,0,FALSE
nfl,2024,401671661,2024-11-03T21:05Z,Arizona Cardinals,Chicago Bears,ARI,CHI,5-4,4-4,29,9,TRUE,Chicago Bears,4-4,home,ARI,1.5,44.5,-120,100,-110,-110,1,nflreadr,Arizona Cardinals,5-4,Chicago Bears,4-4,0.4973,0.5026999999999999,0.5959,0.32186608491357616,0.6781339150864238,187,2,0.0106951871657754,1,14,401671661327,32700,1,10:22:00,3322,55.36666666666667,0,0,0,0,0,"(No Huddle, Shotgun) C.Williams pass short right to D.Moore to ARZ 39 for 4 yards (S.Thomas).",FALSE,0,0,FALSE,0,0,FALSE
nfl,2024,401671767,2024-11-03T21:25Z,Green Bay Packers,Detroit Lions,GB,DET,6-3,7-1,14,24,FALSE,Detroit Lions,7-1,away,DET,2.5,47.5,130,-155,100,-120,1,nflreadr,Detroit Lions,7-1,Green Bay Packers,6-3,0.4533,0.5467,0.5498,0.18115678428519444,0.8188432157148056,174,1,0.005747126436781609,1,13,401671767328,32800,1,09:26:00,3266,54.43333333333333,0,0,0,0,0,(Shotgun) J.Jacobs right tackle to DET 17 for 11 yards (A.Anzalone).,FALSE,0,0,FALSE,0,0,FALSE
nfl,2024,401671776,2024-11-03T21:25Z,Seattle Seahawks,Los Angeles Rams,SEA,LAR,4-5,4-4,20,26,FALSE,Los Angeles Rams,4-4,NA,NA,NA,NA,NA,NA,NA,NA,NA,NA,Los Angeles Rams,4-4,Seattle Seahawks,4-5,0.492,0.508,0.8052,0.7580725285643319,0.24192747143566806,218,1,0.0045871559633027525,1,210,4016717765069,506900,5,08:31:00,511,8.516666666666667,20,20,20,20,0,"(No Huddle, Shotgun) K.Walker left guard to LA 16 for 5 yards (K.Kinchens, T.Davis).",FALSE,0,0,FALSE,0,0,FALSE
nfl,2024,401671647,2024-11-04T01:20Z,Minnesota Vikings,Indianapolis Colts,MIN,IND,6-2,4-5,21,13,TRUE,Minnesota Vikings,6-2,NA,NA,NA,NA,NA,NA,NA,NA,NA,NA,Minnesota Vikings,6-2,Indianapolis Colts,4-5,0.536,0.536,0.7601,0.6843836337324036,0.31561636626759637,177,1,0.005649717514124294,1,62,4016716471444,144400,2,04:26:00,2066,34.43333333333333,0,7,7,0,7,(Shotgun) J.Flacco pass short middle to A.Pierce to MIN 27 for 16 yards (C.Bynum).,FALSE,0,0,FALSE,0,0,FALSE
nfl,2024,401671688,2024-11-05T01:15Z,Kansas City Chiefs,Tampa Bay Buccaneers,KC,TB,8-0,4-5,30,24,TRUE,Kansas City Chiefs,8-0,NA,NA,NA,NA,NA,NA,NA,NA,NA,NA,Kansas City Chiefs,8-0,Tampa Bay Buccaneers,4-5,0.652,0.652,0.7581,0.6809128083366311,0.31908719166336885,195,1,0.005128205128205128,1,111,4016716882581,258100,3,05:50:00,1850,30.833333333333332,10,17,17,10,7,Timeout at 05:50.,FALSE,0,0,FALSE,0,0,FALSE
nfl,2024,401671810,2024-11-08T01:15Z,Baltimore Ravens,Cincinnati Bengals,BAL,CIN,7-3,4-6,35,34,TRUE,Baltimore Ravens,7-3,NA,NA,NA,NA,NA,NA,NA,NA,NA,NA,Baltimore Ravens,7-3,Cincinnati Bengals,4-6,0.7113,0.7113,0.8844,0.8692899140660335,0.1307100859339665,193,1,0.0051813471502590676,1,117,4016718102873,287300,3,08:16:00,1396,23.266666666666666,7,21,21,7,14,(Shotgun) J.Burrow pass short right to T.Hudson to CIN 22 for 10 yards (K.Van Noy) [M.Humphrey].,FALSE,0,0,FALSE,0,0,FALSE
nfl,2024,401671803,2024-11-10T14:30Z,Carolina Panthers,New York Giants,CAR,NYG,3-7,2-8,20,17,TRUE,New York Giants,2-8,away,NYG,6.5,40.5,240,-298,-102,-118,1,nflreadr,Carolina Panthers,3-7,New York Giants,2-8,0.3407,0.6593,0.7323999999999999,0.634625887493173,0.36537411250682705,198,2,0.010101010101010102,1,7,401671803158,15800,1,12:54:00,4074,67.9,0,0,0,0,0,"D.Jones pass incomplete deep left to J.Hyatt. Penalty on CAR-J.Clowney, Defensive Offside, declined. PENALTY on CAR-M.Jackson, Defensive Pass Interference, 43 yards, enforced at NYG 17 - No Play.",FALSE,0,0,FALSE,0,0,FALSE
nfl,2024,401671873,2024-11-10T18:00Z,Chicago Bears,New England Patriots,CHI,NE,4-5,3-7,3,19,FALSE,Chicago Bears,4-5,home,CHI,6.5,37.5,-325,260,-110,-110,1,nflreadr,New England Patriots,3-7,Chicago Bears,4-5,0.73,0.73,0.785,0.7261146496815287,0.2738853503184713,188,1,0.005319148936170213,1,6,401671873131,13100,1,13:43:00,3523,58.71666666666667,0,0,0,0,0,"B.Baringer punts 49 yards to CHI 15, Center-J.Cardona. D.Carter to NE 47 for 38 yards (C.Jacobs).",FALSE,0,0,FALSE,0,0,FALSE
nfl,2024,401671863,2024-11-10T18:00Z,Indianapolis Colts,Buffalo Bills,IND,BUF,4-6,8-2,20,30,FALSE,Buffalo Bills,8-2,away,BUF,4.5,46.5,190,-230,-105,-115,1,nflreadr,Buffalo Bills,8-2,Indianapolis Colts,4-6,0.3573,0.6427,0.5746,0.378176122520014,0.621823877479986,194,1,0.005154639175257732,1,65,4016718631460,146000,2,09:12:00,2352,39.2,10,10,10,10,0,"(Shotgun) J.Taylor up the middle to BUF 11 for 22 yards (T.Rapp, Do.Williams).",FALSE,0,0,FALSE,0,0,FALSE
nfl,2024,401671637,2024-11-10T18:00Z,Kansas City Chiefs,Denver Broncos,KC,DEN,9-0,5-5,16,14,TRUE,Kansas City Chiefs,9-0,home,KC,7.5,42.5,-380,300,-105,-115,1,nflreadr,Kansas City Chiefs,9-0,Denver Broncos,5-5,0.762,0.762,0.9353,0.9308243344381482,0.06917566556185184,182,2,0.01098901098901099,1,180,4016716374038,403800,4,00:01:00,1,0.016666666666666666,16,14,14,16,-2,Timeout #3 by DEN at 00:01.,FALSE,0,0,FALSE,0,0,FALSE
nfl,2024,401671733,2024-11-10T18:00Z,New Orleans Saints,Atlanta Falcons,NO,ATL,3-7,6-4,20,17,TRUE,Atlanta Falcons,6-4,away,ATL,3.5,46.5,160,-192,-108,-112,1,nflreadr,New Orleans Saints,3-7,Atlanta Falcons,6-4,0.476,0.524,0.5408999999999999,0.15122943242743547,0.8487705675725645,184,1,0.005434782608695652,1,5,401671733107,10700,1,13:45:00,3525,58.75,0,0,0,0,0,(Shotgun) K.Cousins pass short middle to R.McCloud to ATL 43 for 11 yards (S.Jean-Charles).,FALSE,0,0,FALSE,0,0,FALSE
nfl,2024,401671742,2024-11-10T18:00Z,Tampa Bay Buccaneers,San Francisco 49ers,TB,SF,4-6,5-4,20,23,FALSE,San Francisco 49ers,5-4,away,SF,6.5,50.5,240,-298,-102,-118,1,nflreadr,San Francisco 49ers,5-4,Tampa Bay Buccaneers,4-6,0.4713,0.5287,0.7488,0.6645299145299146,0.3354700854700854,177,1,0.005649717514124294,1,128,4016717422917,291700,4,11:50:00,710,11.833333333333334,17,13,17,13,4,Timeout at 11:50.,FALSE,0,0,FALSE,0,0,FALSE
nfl,2024,401671641,2024-11-10T18:00Z,Washington Commanders,Pittsburgh Steelers,WSH,PIT,7-3,7-2,27,28,FALSE,Washington Commanders,7-3,NA,NA,NA,NA,NA,NA,NA,NA,NA,NA,Pittsburgh Steelers,7-2,Washington Commanders,7-3,0.5313,0.5313,0.8392,0.8083889418493804,0.19161105815061963,197,1,0.005076142131979695,1,108,4016716412454,245400,3,12:55:00,1675,27.916666666666668,24,14,24,14,10,Timeout at 12:55.,FALSE,0,0,FALSE,0,0,FALSE
nfl,2024,401671708,2024-11-10T18:00Z,Jacksonville Jaguars,Minnesota Vikings,JAX,MIN,2-8,7-2,7,12,FALSE,Minnesota Vikings,7-2,away,MIN,7,42.5,280,-345,100,-120,1,nflreadr,Minnesota Vikings,7-2,Jacksonville Jaguars,2-8,0.3219,0.6780999999999999,0.6022,0.4654599800730652,0.5345400199269348,177,1,0.005649717514124294,1,100,4016717082399,239900,3,10:12:00,1512,25.2,7,3,7,3,4,(Shotgun) M.Jones pass incomplete short right to G.Davis.,FALSE,0,0,FALSE,0,0,FALSE
nfl,2024,401671751,2024-11-10T21:05Z,Los Angeles Chargers,Tennessee Titans,LAC,TEN,6-3,2-7,27,17,TRUE,Los Angeles Chargers,6-3,home,LAC,8,40,-380,300,-112,-108,1,nflreadr,Los Angeles Chargers,6-3,Tennessee Titans,2-7,0.6527,0.6527,0.5609999999999999,0.3809269162210337,0.6190730837789663,163,1,0.006134969325153374,1,57,4016717511313,131300,2,08:25:00,2305,38.416666666666664,6,7,7,6,1,(Shotgun) T.Spears left end to LAC 21 for 2 yards (O.Ogbonnia).,FALSE,0,0,FALSE,0,0,FALSE
nfl,2024,401671676,2024-11-10T21:25Z,Dallas Cowboys,Philadelphia Eagles,DAL,PHI,3-6,7-2,6,34,FALSE,Philadelphia Eagles,7-2,away,PHI,7.5,44.5,285,-360,-112,-108,1,nflreadr,Philadelphia Eagles,7-2,Dallas Cowboys,3-6,0.2973,0.7027,0.4001,0.25693576605848534,0.7430642339415147,180,2,0.011111111111111112,1,74,4016716761762,176200,2,02:05:00,1925,32.083333333333336,3,7,3,7,-4,"(Shotgun) J.Hurts sacked at PHI 16 for -10 yards (M.Parsons). FUMBLES (M.Parsons) [M.Parsons], RECOVERED by DAL-M.Liufau at PHI 6. M.Liufau to PHI 6 for no gain (S.Barkley).",FALSE,0,0,FALSE,0,0,FALSE
nfl,2024,401671678,2024-11-10T21:25Z,Arizona Cardinals,New York Jets,ARI,NYJ,6-4,3-7,31,6,TRUE,New York Jets,3-7,away,NYJ,2,45.5,110,-130,-110,-110,1,nflreadr,Arizona Cardinals,6-4,New York Jets,3-7,0.4987,0.5013000000000001,0.5013000000000001,0.005186515060842112,0.9948134849391579,157,1,0.006369426751592357,1,1,4016716781,100,NA,NA,NA,NA,NA,NA,NA,NA,NA,NA,FALSE,0,0,FALSE,0,0,FALSE
nfl,2024,401671787,2024-11-11T01:20Z,Houston Texans,Detroit Lions,HOU,DET,6-4,8-1,23,26,FALSE,Detroit Lions,8-1,NA,NA,NA,NA,NA,NA,NA,NA,NA,NA,Detroit Lions,8-1,Houston Texans,6-4,0.36870000000000003,0.6313,0.921,0.9142236699239956,0.08577633007600438,190,1,0.005263157894736842,1,100,4016717872235,223500,3,15:00:00,1800,30,23,7,23,7,16,"J.Bates kicks 65 yards from DET 35 to end zone, Touchback to the HST 30.",FALSE,0,0,FALSE,0,0,FALSE
nfl,2024,401671693,2024-11-12T01:15Z,Los Angeles Rams,Miami Dolphins,LAR,MIA,4-5,3-6,15,23,FALSE,Los Angeles Rams,4-5,NA,NA,NA,NA,NA,NA,NA,NA,NA,NA,Miami Dolphins,3-6,Los Angeles Rams,4-5,0.552,0.552,0.574,0.2578397212543553,0.7421602787456447,178,1,0.0056179775280898875,1,2,40167169340,4000,1,15:00:00,3600,60,0,0,0,0,0,"E.Evans kicks 65 yards from LA 35 to end zone, Touchback to the MIA 30.",FALSE,0,0,FALSE,0,0,FALSE
nfl,2024,401671813,2024-11-15T01:15Z,Philadelphia Eagles,Washington Commanders,PHI,WSH,8-2,7-4,26,18,TRUE,Philadelphia Eagles,8-2,NA,NA,NA,NA,NA,NA,NA,NA,NA,NA,Philadelphia Eagles,8-2,Washington Commanders,7-4,0.586,0.586,0.7408,0.6501079913606911,0.3498920086393089,189,2,0.010582010582010581,1,111,4016718132487,248700,3,11:03:00,1563,26.05,3,10,10,3,7,Official Timeout at 11:03.,FALSE,0,0,FALSE,0,0,FALSE
nfl,2024,401671869,2024-11-17T18:00Z,Chicago Bears,Green Bay Packers,CHI,GB,4-6,7-3,19,20,FALSE,Green Bay Packers,7-3,away,GB,6,41,215,-265,-105,-115,1,nflreadr,Green Bay Packers,7-3,Chicago Bears,4-6,0.3727,0.6273,0.8393,0.8085309186226619,0.1914690813773381,159,2,0.012578616352201259,1,138,4016718693121,312100,4,06:35:00,395,6.583333333333333,19,14,19,14,5,(Shotgun) C.Williams pass short left to D.Moore to CHI 44 for 6 yards (C.Valentine).,FALSE,0,0,FALSE,0,0,FALSE
nfl,2024,401671642,2024-11-17T18:00Z,Detroit Lions,Jacksonville Jaguars,DET,JAX,9-1,2-9,52,6,TRUE,Detroit Lions,9-1,home,DET,14,47.5,-1000,650,-115,-105,1,nflreadr,Detroit Lions,9-1,Jacksonville Jaguars,2-9,0.8527,0.8527,0.239,0.3836820083682009,0.6163179916317991,174,1,0.005747126436781609,1,12,401671642266,26600,1,09:36:00,3276,54.6,0,3,3,0,3,Official Timeout at 09:36.,FALSE,0,0,FALSE,0,0,FALSE
nfl,2024,401671824,2024-11-17T18:00Z,Tennessee Titans,Minnesota Vikings,TEN,MIN,2-8,8-2,13,23,FALSE,Minnesota Vikings,8-2,away,MIN,6,40,235,-290,-102,-118,1,nflreadr,Minnesota Vikings,8-2,Tennessee Titans,2-8,0.3447,0.6553,0.4897,0.2960996528486829,0.7039003471513171,187,1,0.0053475935828877,1,23,401671824519,51900,1,07:07:00,3127,52.11666666666667,0,0,0,0,0,"(No Huddle, Shotgun) W.Levis pass deep right to C.Ridley to MIN 12 for 21 yards (B.Murphy).Penalty on MIN-B.Murphy, Defensive Pass Interference, declined.",FALSE,0,0,FALSE,0,0,FALSE
nfl,2024,401671851,2024-11-17T18:00Z,Miami Dolphins,Las Vegas Raiders,MIA,LV,4-6,2-8,34,19,TRUE,Miami Dolphins,4-6,home,MIA,8,43.5,-425,330,-115,-105,1,nflreadr,Miami Dolphins,4-6,Las Vegas Raiders,2-8,0.6233,0.6233,0.3767,0,1,177,2,0.011299435028248588,1,1,4016718511,100,NA,NA,NA,NA,NA,NA,NA,NA,NA,NA,FALSE,0,0,FALSE,0,0,FALSE
nfl,2024,401671701,2024-11-17T18:00Z,New England Patriots,Los Angeles Rams,NE,LAR,3-8,5-5,22,28,FALSE,Los Angeles Rams,5-5,NA,NA,NA,NA,NA,NA,NA,NA,NA,NA,Los Angeles Rams,5-5,New England Patriots,3-8,0.3573,0.6427,0.6695,0.5063480209111277,0.49365197908887226,187,1,0.0053475935828877,1,42,401671701934,93400,2,14:21:00,2661,44.35,7,0,7,0,7,"(Shotgun) A.Gibson right guard to LA 34 for 6 yards (K.Kinchens, C.Durant).",FALSE,0,0,FALSE,0,0,FALSE
nfl,2024,401671746,2024-11-17T18:00Z,New Orleans Saints,Cleveland Browns,NO,CLE,4-7,2-8,35,14,TRUE,Cleveland Browns,2-8,away,CLE,1,44,-105,-115,-110,-110,1,nflreadr,New Orleans Saints,4-7,Cleveland Browns,2-8,0.4947,0.5053000000000001,0.5476,0.1738495252008765,0.8261504747991235,184,1,0.005434782608695652,1,132,4016717462997,299700,3,03:18:00,1098,18.3,14,14,14,14,0,"D.Carr sacked at NO 16 for -7 yards (O.Okoronkwo). FUMBLES (O.Okoronkwo), and recovers at NO 16.",FALSE,0,0,FALSE,0,0,FALSE
nfl,2024,401671782,2024-11-17T18:00Z,New York Jets,Indianapolis Colts,NYJ,IND,3-8,5-6,27,28,FALSE,New York Jets,3-8,home,NYJ,4,43,-205,170,-110,-110,1,nflreadr,Indianapolis Colts,5-6,New York Jets,3-8,0.596,0.596,0.8721,0.8533425065932805,0.14665749340671952,177,1,0.005649717514124294,1,137,4016717823119,311900,4,13:03:00,783,13.05,24,16,24,16,8,Official Timeout at 13:03.,FALSE,0,0,FALSE,0,0,FALSE
nfl,2024,401671630,2024-11-17T18:00Z,Pittsburgh Steelers,Baltimore Ravens,PIT,BAL,8-2,7-4,18,16,TRUE,Baltimore Ravens,7-4,away,BAL,3,48,145,-175,100,-120,1,nflreadr,Pittsburgh Steelers,8-2,Baltimore Ravens,7-4,0.38,0.62,0.6416,0.4413965087281795,0.5586034912718205,202,2,0.009900990099009901,1,2,40167163040,4000,1,15:00:00,3600,60,0,0,0,0,0,C.Boswell kicks 62 yards from PIT 35 to BLT 3. K.Mitchell to BLT 29 for 26 yards (M.Robinson).,FALSE,0,0,FALSE,0,0,FALSE
nfl,2024,401671748,2024-11-17T21:05Z,Denver Broncos,Atlanta Falcons,DEN,ATL,6-5,6-5,38,6,TRUE,Atlanta Falcons,6-5,home,DEN,2,44.5,-135,114,-112,-108,1,nflreadr,Denver Broncos,6-5,Atlanta Falcons,6-5,0.42,0.5800000000000001,0.5820000000000001,0.2817869415807561,0.7182130584192439,173,1,0.005780346820809248,1,4,40167174879,7900,1,14:30:00,3570,59.5,0,0,0,0,0,(Shotgun) B.Nix pass incomplete short middle to J.Williams.,FALSE,0,0,FALSE,0,0,FALSE
nfl,2024,401671757,2024-11-17T21:05Z,San Francisco 49ers,Seattle Seahawks,SF,SEA,5-5,5-5,17,20,FALSE,San Francisco 49ers,5-5,home,SF,6,49,-265,215,-110,-110,1,nflreadr,Seattle Seahawks,5-5,San Francisco 49ers,5-5,0.6733,0.6733,0.9026,0.8920895191668512,0.1079104808331488,171,1,0.005847953216374269,1,147,4016717573482,348200,4,03:10:00,190,3.1666666666666665,17,13,17,13,4,"C.McCaffrey right guard to SF 49 for 1 yard (E.Jones).PENALTY on SEA-J.Hankins, Defensive Holding, 5 yards, enforced at SF 49.",FALSE,0,0,FALSE,0,0,FALSE
nfl,2024,401671665,2024-11-17T21:25Z,Buffalo Bills,Kansas City Chiefs,BUF,KC,9-2,9-1,30,21,TRUE,Buffalo Bills,9-2,home,BUF,2.5,46.5,-142,120,-112,-108,1,nflreadr,Buffalo Bills,9-2,Kansas City Chiefs,9-1,0.532,0.532,0.5465,0.17017383348581872,0.8298261665141813,180,1,0.005555555555555556,1,78,4016716652088,208800,2,02:51:00,1971,32.85,13,14,14,13,1,Official Timeout at 02:51.,FALSE,0,0,FALSE,0,0,FALSE
nfl,2024,401671675,2024-11-18T01:20Z,Los Angeles Chargers,Cincinnati Bengals,LAC,CIN,7-3,4-7,34,27,TRUE,Los Angeles Chargers,7-3,NA,NA,NA,NA,NA,NA,NA,NA,NA,NA,Los Angeles Chargers,7-3,Cincinnati Bengals,4-7,0.522,0.522,0.7336,0.6368593238822247,0.36314067611777534,213,1,0.004694835680751174,1,186,4016716754512,451200,4,02:29:00,149,2.4833333333333334,27,27,27,27,0,Timeout #1 by LAC at 02:29.,FALSE,0,0,FALSE,0,0,FALSE
nfl,2024,401671694,2024-11-19T01:15Z,Dallas Cowboys,Houston Texans,DAL,HOU,3-7,7-4,10,34,FALSE,Houston Texans,7-4,NA,NA,NA,NA,NA,NA,NA,NA,NA,NA,Houston Texans,7-4,Dallas Cowboys,3-7,0.2987,0.7013,0.3101,0.036762334730732094,0.9632376652692679,201,1,0.004975124378109453,1,3,40167169463,6300,1,14:55:00,3595,59.916666666666664,0,0,0,0,0,"C.Stroud pass short left to N.Collins for 77 yards, TOUCHDOWN NULLIFIED by Penalty. Penalty on HST-L.Tunsil, Ineligible Downfield Pass, 5 yards, enforced at HST 23 - No Play.",FALSE,0,0,FALSE,0,0,FALSE
nfl,2024,401671875,2024-11-22T01:15Z,Cleveland Browns,Pittsburgh Steelers,CLE,PIT,3-8,8-3,24,19,TRUE,Pittsburgh Steelers,8-3,NA,NA,NA,NA,NA,NA,NA,NA,NA,NA,Cleveland Browns,3-8,Pittsburgh Steelers,8-3,0.4433,0.5567,0.6877,0.5458775628907953,0.45412243710920475,181,1,0.0055248618784530384,1,155,4016718753565,356500,4,03:34:00,214,3.566666666666667,18,19,19,18,1,Timeout #1 by CLV at 03:34.,FALSE,0,0,FALSE,0,0,FALSE
nfl,2024,401671870,2024-11-24T18:00Z,Chicago Bears,Minnesota Vikings,CHI,MIN,4-7,9-2,27,30,FALSE,Minnesota Vikings,9-2,away,MIN,3,39.5,145,-175,100,-120,1,nflreadr,Minnesota Vikings,9-2,Chicago Bears,4-7,0.422,0.5780000000000001,0.7376,0.6442516268980478,0.3557483731019522,206,1,0.0048543689320388345,1,184,4016718704315,431500,5,10:00:00,600,10,27,27,27,27,0,"J.Romo kicks 65 yards from MIN 35 to end zone, Touchback to the CHI 30.",FALSE,0,0,FALSE,0,0,FALSE
nfl,2024,401671866,2024-11-24T18:00Z,Indianapolis Colts,Detroit Lions,IND,DET,5-7,10-1,6,24,FALSE,Detroit Lions,10-1,away,DET,7,50.5,295,-375,102,-122,1,nflreadr,Detroit Lions,10-1,Indianapolis Colts,5-7,0.2627,0.7373000000000001,0.5157,0.4905953073492342,0.5094046926507658,178,1,0.0056179775280898875,1,29,401671866630,63000,1,03:17:00,2897,48.28333333333333,3,0,3,0,3,"(Shotgun) A.Richardson pass deep left to K.Granson to IND 42 for 21 yards (K.Joseph).PENALTY on IND-A.Ogletree, Offensive Holding, 11 yards, enforced at IND 21 - No Play.",FALSE,0,0,FALSE,0,0,FALSE
nfl,2024,401671847,2024-11-24T18:00Z,Miami Dolphins,New England Patriots,MIA,NE,5-6,3-9,34,15,TRUE,Miami Dolphins,5-6,home,MIA,7.5,46,-360,285,-105,-115,1,nflreadr,Miami Dolphins,5-6,New England Patriots,3-9,0.6787,0.6787,0.4467,0.28072531900604425,0.7192746809939558,192,1,0.005208333333333333,1,22,401671847505,50500,1,06:07:00,3067,51.11666666666667,0,0,0,0,0,(Shotgun) D.Maye scrambles right end to MIA 30 for 9 yards (J.Poyer).,FALSE,0,0,FALSE,0,0,FALSE
nfl,2024,401671638,2024-11-24T18:00Z,New York Giants,Tampa Bay Buccaneers,NYG,TB,2-9,5-6,7,30,FALSE,Tampa Bay Buccaneers,5-6,away,TB,6.5,40.5,240,-298,-112,-108,1,nflreadr,Tampa Bay Buccaneers,5-6,New York Giants,2-9,0.2993,0.7007,0.2993,0,1,166,1,0.006024096385542169,1,1,4016716381,100,NA,NA,NA,NA,NA,NA,NA,NA,NA,NA,FALSE,0,0,FALSE,0,0,FALSE
nfl,2024,401671715,2024-11-24T18:00Z,Washington Commanders,Dallas Cowboys,WSH,DAL,7-5,4-7,26,34,FALSE,Washington Commanders,7-5,NA,NA,NA,NA,NA,NA,NA,NA,NA,NA,Dallas Cowboys,4-7,Washington Commanders,7-5,0.7727,0.7727,0.8579,0.8343629793682248,0.1656370206317752,198,1,0.005050505050505051,1,106,4016717152574,257400,3,09:53:00,1493,24.883333333333333,9,3,9,3,6,Official Timeout at 09:53.,FALSE,0,0,FALSE,0,0,FALSE
nfl,2024,401671651,2024-11-24T18:00Z,Carolina Panthers,Kansas City Chiefs,CAR,KC,3-8,10-1,27,30,FALSE,Kansas City Chiefs,10-1,away,KC,11,43,500,-700,-108,-112,1,nflreadr,Kansas City Chiefs,10-1,Carolina Panthers,3-8,0.2347,0.7653,0.3532,0.3355039637599093,0.6644960362400907,192,1,0.005208333333333333,1,118,4016716512811,281100,3,06:26:00,1286,21.433333333333334,16,20,16,20,-4,Official Timeout at 06:26.,FALSE,0,0,FALSE,0,0,FALSE
nfl,2024,401671858,2024-11-24T18:00Z,Houston Texans,Tennessee Titans,HOU,TEN,7-5,3-8,27,32,FALSE,Houston Texans,7-5,home,HOU,8,40.5,-375,295,-108,-112,1,nflreadr,Tennessee Titans,3-8,Houston Texans,7-5,0.712,0.712,0.8733,0.854918126646055,0.14508187335394496,190,3,0.015789473684210527,1,4,40167185892,9200,1,14:42:00,3582,59.7,7,0,7,0,7,Official Timeout at 14:42.,FALSE,0,0,FALSE,0,0,FALSE
nfl,2024,401671656,2024-11-24T21:05Z,Las Vegas Raiders,Denver Broncos,LV,DEN,2-9,7-5,19,29,FALSE,Denver Broncos,7-5,away,DEN,6.5,41.5,225,-278,-115,-105,1,nflreadr,Denver Broncos,7-5,Las Vegas Raiders,2-9,0.44,0.56,0.7148,0.6010072747621713,0.3989927252378287,212,1,0.0047169811320754715,1,106,4016716562310,231000,3,13:22:00,1702,28.366666666666667,13,9,13,9,4,Official Timeout at 13:22.,FALSE,0,0,FALSE,0,0,FALSE
nfl,2024,401671768,2024-11-24T21:25Z,Green Bay Packers,San Francisco 49ers,GB,SF,8-3,5-6,38,10,TRUE,Green Bay Packers,8-3,home,GB,6.5,44.5,-290,235,-108,-112,1,nflreadr,Green Bay Packers,8-3,San Francisco 49ers,5-6,0.694,0.694,0.33720000000000006,0.09252669039145911,0.9074733096085409,169,1,0.005917159763313609,1,14,401671768328,32800,1,08:16:00,3196,53.266666666666666,0,0,0,0,0,(Shotgun) J.Love pass short left to J.Reed to SF 11 for 13 yards (J.Brown). SF-D.Lenoir was injured during the play.,FALSE,0,0,FALSE,0,0,FALSE
nfl,2024,401671775,2024-11-24T21:25Z,Seattle Seahawks,Arizona Cardinals,SEA,ARI,6-5,6-5,16,6,TRUE,Arizona Cardinals,6-5,away,ARI,1,46.5,-105,-115,-110,-110,1,nflreadr,Seattle Seahawks,6-5,Arizona Cardinals,6-5,0.4507,0.5493,0.6615,0.4882842025699168,0.5117157974300832,175,2,0.011428571428571429,1,50,4016717751237,123700,2,10:36:00,2436,40.6,0,0,0,0,0,(Shotgun) K.Murray pass short middle to G.Dortch to SEA 7 for 5 yards (T.Knight).,FALSE,0,0,FALSE,0,0,FALSE
nfl,2024,401671794,2024-11-25T01:20Z,Los Angeles Rams,Philadelphia Eagles,LAR,PHI,5-6,9-2,20,37,FALSE,Philadelphia Eagles,9-2,NA,NA,NA,NA,NA,NA,NA,NA,NA,NA,Philadelphia Eagles,9-2,Los Angeles Rams,5-6,0.4073,0.5927,0.6571,0.47816161923603717,0.5218383807639628,188,1,0.005319148936170213,1,43,4016717941050,105000,2,12:36:00,2556,42.6,7,3,7,3,4,Official Timeout at 12:36.,FALSE,0,0,FALSE,0,0,FALSE
nfl,2024,401671689,2024-11-26T01:15Z,Los Angeles Chargers,Baltimore Ravens,LAC,BAL,7-4,8-4,23,30,FALSE,Baltimore Ravens,8-4,NA,NA,NA,NA,NA,NA,NA,NA,NA,NA,Baltimore Ravens,8-4,Los Angeles Chargers,7-4,0.3933,0.6067,0.7732,0.7066735644076565,0.2933264355923435,186,1,0.005376344086021506,1,48,4016716891128,112800,2,11:26:00,2486,41.43333333333333,10,0,10,0,10,Official Timeout at 11:26.,FALSE,0,0,FALSE,0,0,FALSE
nfl,2024,401671492,2024-11-28T17:30Z,Detroit Lions,Chicago Bears,DET,CHI,11-1,4-8,23,20,TRUE,Detroit Lions,11-1,home,DET,9.5,47.5,-520,390,-118,-102,1,nflreadr,Detroit Lions,11-1,Chicago Bears,4-8,0.7633,0.7633,0.4419999999999999,0.46447963800904957,0.5355203619909504,185,1,0.005405405405405406,1,179,4016714924299,429900,4,00:56:00,56,0.9333333333333333,23,20,20,23,-3,"(Shotgun) C.Williams pass incomplete deep right to D.Moore.PENALTY on DET-K.Vildor, Defensive Pass Interference, 29 yards, enforced at CHI 46 - No Play.",FALSE,0,0,FALSE,0,0,FALSE
nfl,2024,401671779,2024-11-28T21:30Z,Dallas Cowboys,New York Giants,DAL,NYG,5-7,2-10,27,20,TRUE,New York Giants,2-10,home,DAL,4.5,39,-218,185,-110,-110,1,nflreadr,Dallas Cowboys,5-7,New York Giants,2-10,0.4864,0.5136000000000001,0.6315999999999999,0.41671944268524364,0.5832805573147564,197,3,0.015228426395939087,1,37,401671779851,85100,1,01:37:00,2797,46.61666666666667,3,7,7,3,4,"R.Dowdle left tackle to DAL 47 for 4 yards (R.Nunez-Roches).PENALTY on DAL-C.Edoga, Face Mask, 15 yards, enforced at DAL 47.",FALSE,0,0,FALSE,0,0,FALSE
nfl,2024,401671798,2024-11-29T01:20Z,Green Bay Packers,Miami Dolphins,GB,MIA,9-3,5-7,30,17,TRUE,Green Bay Packers,9-3,NA,NA,NA,NA,NA,NA,NA,NA,NA,NA,Green Bay Packers,9-3,Miami Dolphins,5-7,0.6647,0.6647,0.3519,0.047172492185279746,0.9528275078147203,186,2,0.010752688172043012,1,6,401671798135,13500,1,13:45:00,3525,58.75,0,0,0,0,0,"(Shotgun) J.Love sacked at GB 32 for -10 yards (Z.Sieler). FUMBLES (Z.Sieler) [Z.Sieler], RECOVERED by MIA-C.Campbell at GB 35. C.Campbell to GB 33 for 2 yards (E.Jenkins).The Replay Official reviewed the fumble ruling, and the play was REVERSED.(Shotgun) J.Love pass incomplete short left to T.Kraft [Z.Sieler].",FALSE,0,0,FALSE,0,0,FALSE
nfl,2024,401671806,2024-11-29T20:00Z,Kansas City Chiefs,Las Vegas Raiders,KC,LV,11-1,2-10,19,17,TRUE,Kansas City Chiefs,11-1,home,KC,13.5,42,-800,550,-112,-108,1,nflreadr,Kansas City Chiefs,11-1,Las Vegas Raiders,2-10,0.7693,0.7693,0.688,0.6646802325581395,0.33531976744186054,201,1,0.004975124378109453,1,197,4016718064792,479200,4,00:34:00,34,0.5666666666666667,19,17,17,19,-2,"(No Huddle, Shotgun) A.O'Connell pass short left to A.Abdullah to KC 32 for 7 yards (J.Hicks).",FALSE,0,0,FALSE,0,0,FALSE
nfl,2024,401671649,2024-12-01T18:00Z,Atlanta Falcons,Los Angeles Chargers,ATL,LAC,6-6,8-4,13,17,FALSE,Los Angeles Chargers,8-4,away,LAC,1,47,-102,-118,-112,-108,1,nflreadr,Los Angeles Chargers,8-4,Atlanta Falcons,6-6,0.4827,0.5173,0.7006,0.5726520125606622,0.4273479874393378,175,1,0.005714285714285714,1,27,401671649659,65900,1,03:59:00,2939,48.983333333333334,7,0,7,0,7,Official Timeout at 03:59.,FALSE,0,0,FALSE,0,0,FALSE
nfl,2024,401671627,2024-12-01T18:00Z,Cincinnati Bengals,Pittsburgh Steelers,CIN,PIT,4-8,9-3,38,44,FALSE,Cincinnati Bengals,4-8,home,CIN,3,46,-155,130,-110,-110,1,nflreadr,Pittsburgh Steelers,9-3,Cincinnati Bengals,4-8,0.508,0.508,0.7235,0.61782999308915,0.38217000691085,193,1,0.0051813471502590676,1,60,4016716271493,149300,2,09:52:00,2392,39.86666666666667,21,14,21,14,7,Official Timeout at 09:52.,FALSE,0,0,FALSE,0,0,FALSE
nfl,2024,401671726,2024-12-01T18:00Z,Minnesota Vikings,Arizona Cardinals,MIN,ARI,10-2,6-6,23,22,TRUE,Minnesota Vikings,10-2,home,MIN,3.5,45.5,-185,154,-110,-110,1,nflreadr,Minnesota Vikings,10-2,Arizona Cardinals,6-6,0.5873,0.5873,0.9253,0.9192694261320653,0.0807305738679347,195,1,0.005128205128205128,1,167,4016717263820,382000,4,04:17:00,257,4.283333333333333,16,19,19,16,3,(Shotgun) K.Murray pass short left to T.McBride ran ob at MIN 5 for 9 yards (C.Bynum).,FALSE,0,0,FALSE,0,0,FALSE
nfl,2024,401671620,2024-12-01T18:00Z,New England Patriots,Indianapolis Colts,NE,IND,3-10,6-7,24,25,FALSE,Indianapolis Colts,6-7,away,IND,2.5,41.5,114,-135,-105,-115,1,nflreadr,Indianapolis Colts,6-7,New England Patriots,3-10,0.382,0.618,0.9128,0.9044697633654688,0.0955302366345312,183,1,0.00546448087431694,1,155,4016716203634,363400,4,04:02:00,242,4.033333333333333,24,17,24,17,7,(Shotgun) A.Richardson pass short left to W.Mallory to IND 40 for 7 yards (K.Dugger).,FALSE,0,0,FALSE,0,0,FALSE
nfl,2024,401671703,2024-12-01T18:00Z,New York Jets,Seattle Seahawks,NYJ,SEA,3-9,7-5,21,26,FALSE,New York Jets,3-9,home,NYJ,1,41.5,-115,-105,-110,-110,1,nflreadr,Seattle Seahawks,7-5,New York Jets,3-9,0.558,0.558,0.9275,0.9218328840970351,0.07816711590296488,177,2,0.011299435028248588,1,58,4016717031462,146200,2,09:14:00,2354,39.233333333333334,21,7,21,7,14,(Shotgun) A.Rodgers pass short middle to D.Adams to SEA 12 for 19 yards (C.Bryant).,FALSE,0,0,FALSE,0,0,FALSE
nfl,2024,401671743,2024-12-01T18:00Z,Washington Commanders,Tennessee Titans,WSH,TEN,8-5,3-9,42,19,TRUE,Washington Commanders,8-5,NA,NA,NA,NA,NA,NA,NA,NA,NA,NA,Washington Commanders,8-5,Tennessee Titans,3-9,0.6653,0.6653,0.35450000000000004,0.05585331452750364,0.9441466854724964,190,1,0.005263157894736842,1,2,40167174340,4000,1,15:00:00,3600,60,0,0,0,0,0,Z.Gonzalez kicks 61 yards from WAS 35 to TEN 4. J.Chestnut to TEN 28 for 24 yards (J.Reaves).,FALSE,0,0,FALSE,0,0,FALSE
nfl,2024,401671705,2024-12-01T18:00Z,Jacksonville Jaguars,Houston Texans,JAX,HOU,2-10,8-5,20,23,FALSE,Houston Texans,8-5,away,HOU,3.5,44.5,160,-192,-110,-110,1,nflreadr,Houston Texans,8-5,Jacksonville Jaguars,2-10,0.4333,0.5667,0.5124,0.15437158469945345,0.8456284153005466,187,1,0.0053475935828877,1,100,4016717052146,214600,3,12:24:00,1644,27.4,3,6,3,6,-3,(Shotgun) M.Jones pass short middle to B.Thomas to HST 13 for 56 yards (C.Bullock).,FALSE,0,0,FALSE,0,0,FALSE
nfl,2024,401671753,2024-12-01T21:05Z,New Orleans Saints,Los Angeles Rams,NO,LAR,4-8,6-6,14,21,FALSE,New Orleans Saints,4-8,NA,NA,NA,NA,NA,NA,NA,NA,NA,NA,Los Angeles Rams,6-6,New Orleans Saints,4-8,0.534,0.534,0.7333,0.6363016500750034,0.3636983499249966,172,2,0.011627906976744186,1,33,401671753794,79400,1,02:19:00,2839,47.31666666666667,3,0,3,0,3,Timeout #2 by NO at 02:19.,FALSE,0,0,FALSE,0,0,FALSE
nfl,2024,401671752,2024-12-01T21:05Z,Carolina Panthers,Tampa Bay Buccaneers,CAR,TB,3-9,6-6,23,26,FALSE,Tampa Bay Buccaneers,6-6,away,TB,6.5,46,235,-290,-105,-115,1,nflreadr,Tampa Bay Buccaneers,6-6,Carolina Panthers,3-9,0.226,0.774,0.907,0.8974641675854467,0.10253583241455333,223,2,0.008968609865470852,1,193,4016717524471,447100,4,00:30:00,630,10.5,23,20,23,20,3,"(Shotgun) B.Young pass deep right to A.Thielen for 25 yards, TOUCHDOWN. E.Pineiro extra point is GOOD, Center-J.Jansen, Holder-J.Hekker.",FALSE,0,0,FALSE,0,0,FALSE
nfl,2024,401671666,2024-12-01T21:25Z,Baltimore Ravens,Philadelphia Eagles,BAL,PHI,8-5,10-2,19,24,FALSE,Baltimore Ravens,8-5,home,BAL,3,50,-162,136,-110,-110,1,nflreadr,Philadelphia Eagles,10-2,Baltimore Ravens,8-5,0.5753,0.5753,0.8063,0.759766836165199,0.24023316383480098,188,2,0.010638297872340425,1,40,401671666908,90800,1,01:47:00,2807,46.78333333333333,9,0,9,0,9,"B.Mann punts 49 yards to BLT 27, Center-R.Lovato. T.Wallace MUFFS catch, and recovers at BLT 27.PENALTY on PHI-K.Ringo, Player Out of Bounds on Kick, 5 yards, enforced at PHI 24 - No Play.",FALSE,0,0,FALSE,0,0,FALSE
nfl,2024,401671781,2024-12-02T01:20Z,Buffalo Bills,San Francisco 49ers,BUF,SF,10-2,5-7,35,10,TRUE,Buffalo Bills,10-2,NA,NA,NA,NA,NA,NA,NA,NA,NA,NA,Buffalo Bills,10-2,San Francisco 49ers,5-7,0.6107,0.6107,0.5129,0.2409826476896082,0.7590173523103918,154,1,0.006493506493506494,1,17,401671781383,38300,1,07:41:00,3161,52.68333333333333,0,3,3,0,3,Official Timeout at 07:41.,FALSE,0,0,FALSE,0,0,FALSE
nfl,2024,401671686,2024-12-03T01:15Z,Denver Broncos,Cleveland Browns,DEN,CLE,8-5,3-9,41,32,TRUE,Denver Broncos,8-5,NA,NA,NA,NA,NA,NA,NA,NA,NA,NA,Denver Broncos,8-5,Cleveland Browns,3-9,0.5107,0.5107,0.6532,0.4690753214941825,0.5309246785058175,213,3,0.014084507042253521,1,182,4016716864294,429400,4,08:57:00,537,8.95,31,32,32,31,1,Official Timeout at 08:57.,FALSE,0,0,FALSE,0,0,FALSE
nfl,2024,401671814,2024-12-06T01:15Z,Detroit Lions,Green Bay Packers,DET,GB,12-1,9-4,34,31,TRUE,Detroit Lions,12-1,NA,NA,NA,NA,NA,NA,NA,NA,NA,NA,Detroit Lions,12-1,Green Bay Packers,9-4,0.6053,0.6053,0.6346,0.42420422313268213,0.5757957768673179,180,1,0.005555555555555556,1,104,4016718142559,255900,3,11:15:00,1575,26.25,17,21,21,17,4,Official Timeout at 11:15.,FALSE,0,0,FALSE,0,0,FALSE
nfl,2024,401671821,2024-12-08T18:00Z,Tennessee Titans,Jacksonville Jaguars,TEN,JAX,3-10,3-10,6,10,FALSE,Tennessee Titans,3-10,home,TEN,3,40,-170,142,-115,-105,1,nflreadr,Jacksonville Jaguars,3-10,Tennessee Titans,3-10,0.5907,0.5907,0.7905,0.7349778621125869,0.26502213788741313,170,1,0.0058823529411764705,1,110,4016718212558,255800,3,04:30:00,1170,19.5,6,0,6,0,6,Official Timeout at 04:30.,FALSE,0,0,FALSE,0,0,FALSE
nfl,2024,401671848,2024-12-08T18:00Z,Miami Dolphins,New York Jets,MIA,NYJ,6-7,3-10,32,26,TRUE,Miami Dolphins,6-7,home,MIA,6.5,45,-298,240,-112,-108,1,nflreadr,Miami Dolphins,6-7,New York Jets,3-10,0.562,0.562,0.9013,0.8904915122600687,0.10950848773993127,205,2,0.00975609756097561,1,183,4016718484290,429000,4,00:52:00,652,10.866666666666667,23,26,26,23,3,"A.Carlson 42 yard field goal is GOOD, Center-T.Hennessy, Holder-T.Morstead.",FALSE,0,0,FALSE,0,0,FALSE
nfl,2024,401671648,2024-12-08T18:00Z,Minnesota Vikings,Atlanta Falcons,MIN,ATL,11-2,6-7,42,21,TRUE,Minnesota Vikings,11-2,home,MIN,6,46.5,-250,205,-110,-110,1,nflreadr,Minnesota Vikings,11-2,Atlanta Falcons,6-7,0.614,0.614,0.6647000000000001,0.4955619076275013,0.5044380923724987,188,1,0.005319148936170213,1,29,401671648658,65800,1,02:18:00,2838,47.3,0,7,7,0,7,T.Allgeier right guard to MIN 38 for 5 yards (J.Tillery).,FALSE,0,0,FALSE,0,0,FALSE
nfl,2024,401671601,2024-12-08T18:00Z,New York Giants,New Orleans Saints,NYG,NO,2-11,5-8,11,14,FALSE,New Orleans Saints,5-8,away,NO,5.5,41,200,-245,-105,-115,1,nflreadr,New Orleans Saints,5-8,New York Giants,2-11,0.3593,0.6407,0.5447,0.34037084633743353,0.6596291536625665,209,1,0.004784688995215311,1,202,4016716014708,470800,4,00:41:00,41,0.6833333333333333,11,14,11,14,-3,(Shotgun) D.Lock pass short right to M.Nabers to NO 12 for 23 yards (C.Granderson).,FALSE,0,0,FALSE,0,0,FALSE
nfl,2024,401671713,2024-12-08T18:00Z,Philadelphia Eagles,Carolina Panthers,PHI,CAR,11-2,3-10,22,16,TRUE,Philadelphia Eagles,11-2,home,PHI,14,44.5,-950,625,-108,-112,1,nflreadr,Philadelphia Eagles,11-2,Carolina Panthers,3-10,0.852,0.852,0.462,0.6796536796536796,0.3203463203463204,175,1,0.005714285714285714,1,119,4016717132679,267900,3,02:49:00,1069,17.816666666666666,14,16,16,14,2,"C.Hubbard up the middle for 1 yard, TOUCHDOWN. E.Pineiro extra point is No Good, Wide Left, Center-J.Jansen, Holder-J.Hekker.",FALSE,0,0,FALSE,0,0,FALSE
nfl,2024,401671631,2024-12-08T18:00Z,Pittsburgh Steelers,Cleveland Browns,PIT,CLE,10-3,3-10,27,14,TRUE,Pittsburgh Steelers,10-3,home,PIT,6,43,-258,210,-108,-112,1,nflreadr,Pittsburgh Steelers,10-3,Cleveland Browns,3-10,0.5887,0.5887,0.6013,0.3369366372858804,0.6630633627141196,193,1,0.0051813471502590676,1,36,401671631831,83100,1,03:52:00,2932,48.86666666666667,3,7,7,3,4,"(Shotgun) J.Winston pass short right to E.Moore to CLV 38 for -3 yards (D.Jackson).PENALTY on PIT-A.Highsmith, Roughing the Passer, 15 yards, enforced at CLV 41 - No Play.",FALSE,0,0,FALSE,0,0,FALSE
nfl,2024,401671654,2024-12-08T18:00Z,Tampa Bay Buccaneers,Las Vegas Raiders,TB,LV,7-6,2-11,28,13,TRUE,Tampa Bay Buccaneers,7-6,home,TB,7,47,-325,260,-105,-115,1,nflreadr,Tampa Bay Buccaneers,7-6,Las Vegas Raiders,2-11,0.6927,0.6927,0.5191,0.4080138701598921,0.5919861298401079,174,1,0.005747126436781609,1,115,4016716542757,275700,3,01:51:00,1011,16.85,0,0,0,0,0,Official Timeout at 01:51.,FALSE,0,0,FALSE,0,0,FALSE
nfl,2024,401671660,2024-12-08T21:05Z,Arizona Cardinals,Seattle Seahawks,ARI,SEA,6-7,8-5,18,30,FALSE,Arizona Cardinals,6-7,home,ARI,3,45.5,-175,145,-115,-105,1,nflreadr,Seattle Seahawks,8-5,Arizona Cardinals,6-7,0.5713,0.5713,0.7554,0.6761980407731003,0.3238019592268997,190,1,0.005263157894736842,1,10,401671660248,24800,1,11:53:00,3413,56.88333333333333,7,0,7,0,7,Official Timeout at 11:53.,FALSE,0,0,FALSE,0,0,FALSE
nfl,2024,401671773,2024-12-08T21:25Z,Los Angeles Rams,Buffalo Bills,LAR,BUF,7-6,10-3,44,42,TRUE,Buffalo Bills,10-3,NA,NA,NA,NA,NA,NA,NA,NA,NA,NA,Los Angeles Rams,7-6,Buffalo Bills,10-3,0.368,0.632,0.639,0.43505477308294216,0.5649452269170578,189,1,0.005291005291005291,1,28,401671773683,68300,1,03:22:00,2902,48.36666666666667,7,7,7,7,0,Official Timeout at 03:22.,FALSE,0,0,FALSE,0,0,FALSE
nfl,2024,401671774,2024-12-08T21:25Z,San Francisco 49ers,Chicago Bears,SF,CHI,6-7,4-9,38,13,TRUE,San Francisco 49ers,6-7,home,SF,3,43.5,-162,136,-110,-110,1,nflreadr,San Francisco 49ers,6-7,Chicago Bears,4-9,0.6047,0.6047,0.3953,0,1,162,1,0.006172839506172839,1,1,4016717741,100,NA,NA,NA,NA,NA,NA,NA,NA,NA,NA,FALSE,0,0,FALSE,0,0,FALSE
nfl,2024,401671788,2024-12-09T01:20Z,Kansas City Chiefs,Los Angeles Chargers,KC,LAC,12-1,8-5,19,17,TRUE,Kansas City Chiefs,12-1,NA,NA,NA,NA,NA,NA,NA,NA,NA,NA,Kansas City Chiefs,12-1,Los Angeles Chargers,8-5,0.6107,0.6107,0.7150000000000001,0.6013986013986015,0.39860139860139854,186,1,0.005376344086021506,1,164,4016717883830,383000,4,04:35:00,275,4.583333333333333,16,17,17,16,1,Official Timeout at 04:35.,FALSE,0,0,FALSE,0,0,FALSE
nfl,2024,401671690,2024-12-10T01:15Z,Dallas Cowboys,Cincinnati Bengals,DAL,CIN,5-8,5-8,20,27,FALSE,Cincinnati Bengals,5-8,NA,NA,NA,NA,NA,NA,NA,NA,NA,NA,Cincinnati Bengals,5-8,Dallas Cowboys,5-8,0.3413,0.6587000000000001,0.6436,0.46970167806090746,0.5302983219390925,182,1,0.005494505494505495,1,126,4016716903047,304700,4,14:55:00,895,14.916666666666666,20,17,20,17,3,Official Timeout at 14:55.,FALSE,0,0,FALSE,0,0,FALSE
nfl,2024,401671818,2024-12-13T01:15Z,San Francisco 49ers,Los Angeles Rams,SF,LAR,6-8,8-6,6,12,FALSE,San Francisco 49ers,6-8,NA,NA,NA,NA,NA,NA,NA,NA,NA,NA,Los Angeles Rams,8-6,San Francisco 49ers,6-8,0.6093,0.6093,0.7092,0.5899605188945292,0.41003948110547084,174,2,0.011494252873563218,1,49,4016718181103,110300,2,15:00:00,2700,45,3,0,3,0,3,"(Shotgun) B.Purdy pass short left to J.Jennings pushed ob at SF 49 for 18 yards (A.Witherspoon).Penalty on LA-A.Witherspoon, Defensive Holding, declined.",FALSE,0,0,FALSE,0,0,FALSE
nfl,2024,401671854,2024-12-15T18:00Z,Cleveland Browns,Kansas City Chiefs,CLE,KC,3-11,13-1,7,21,FALSE,Kansas City Chiefs,13-1,away,KC,4.5,41.5,190,-230,-110,-110,1,nflreadr,Kansas City Chiefs,13-1,Cleveland Browns,3-11,0.3973,0.6027,0.4182,0.049976087996174146,0.9500239120038259,188,1,0.005319148936170213,1,5,401671854109,10900,1,13:51:00,3531,58.85,0,0,0,0,0,(Shotgun) P.Mahomes pass incomplete short right to N.Gray.,FALSE,0,0,FALSE,0,0,FALSE
nfl,2024,401671825,2024-12-15T18:00Z,Tennessee Titans,Cincinnati Bengals,TEN,CIN,3-11,6-8,27,37,FALSE,Cincinnati Bengals,6-8,away,CIN,6,46.5,205,-250,-110,-110,1,nflreadr,Cincinnati Bengals,6-8,Tennessee Titans,3-11,0.3853,0.6147,0.6991,0.5695894721785153,0.4304105278214847,196,3,0.015306122448979591,1,52,4016718251310,131000,2,11:35:00,2495,41.583333333333336,14,7,14,7,7,(Shotgun) W.Levis pass short middle to C.Ridley to CIN 33 for 16 yards (M.Wilson) [J.Ossai].,FALSE,0,0,FALSE,0,0,FALSE
nfl,2024,401671737,2024-12-15T18:00Z,New Orleans Saints,Washington Commanders,NO,WSH,5-9,9-5,19,20,FALSE,Washington Commanders,9-5,NA,NA,NA,NA,NA,NA,NA,NA,NA,NA,Washington Commanders,9-5,New Orleans Saints,5-9,0.3107,0.6893,0.4567,0.3196846945478433,0.6803153054521567,186,1,0.005376344086021506,1,185,4016717374380,438000,4,00:00:00,0,0,19,20,19,20,-1,Timeout #2 by WAS at 00:00.,FALSE,0,0,FALSE,0,0,FALSE
nfl,2024,401671639,2024-12-15T18:00Z,New York Giants,Baltimore Ravens,NYG,BAL,2-12,9-5,14,35,FALSE,Baltimore Ravens,9-5,away,BAL,16.5,43.5,1000,-1800,-108,-112,1,nflreadr,Baltimore Ravens,9-5,New York Giants,2-12,0.1827,0.8173,0.2162,0.154949121184089,0.845050878815911,174,1,0.005747126436781609,1,16,401671639380,38000,1,08:40:00,3220,53.666666666666664,0,0,0,0,0,"(Run formation) PENALTY on BLT, Delay of Game, 5 yards, enforced at NYG 49 - No Play.",FALSE,0,0,FALSE,0,0,FALSE
nfl,2024,401671731,2024-12-15T18:00Z,Carolina Panthers,Dallas Cowboys,CAR,DAL,3-11,6-8,14,30,FALSE,Dallas Cowboys,6-8,home,CAR,2.5,42,-142,120,-120,100,1,nflreadr,Dallas Cowboys,6-8,Carolina Panthers,3-11,0.4787,0.5213,0.5966,0.3238350653704325,0.6761649346295675,187,1,0.0053475935828877,1,23,401671731581,58100,1,03:33:00,2913,48.55,0,0,0,0,0,C.Zavala reported in as eligible.  C.Hubbard right guard ran ob at DAL 18 for 12 yards (Do.Wilson).,FALSE,0,0,FALSE,0,0,FALSE
nfl,2024,401671706,2024-12-15T18:00Z,Jacksonville Jaguars,New York Jets,JAX,NYJ,3-11,4-10,25,32,FALSE,New York Jets,4-10,away,NYJ,3.5,41.5,145,-175,-118,-102,1,nflreadr,New York Jets,4-10,Jacksonville Jaguars,3-11,0.38,0.62,0.8335,0.8002399520095982,0.1997600479904018,194,1,0.005154639175257732,1,154,4016717063708,370800,4,07:11:00,431,7.183333333333334,22,17,22,17,5,(Shotgun) M.Jones pass short middle to B.Strange to JAX 49 for 6 yards (T.Adams).,FALSE,0,0,FALSE,0,0,FALSE
nfl,2024,401671860,2024-12-15T18:00Z,Houston Texans,Miami Dolphins,HOU,MIA,9-5,6-8,20,12,TRUE,Houston Texans,9-5,home,HOU,2.5,46.5,-155,130,-115,-105,1,nflreadr,Houston Texans,9-5,Miami Dolphins,6-8,0.5427,0.5427,0.5208999999999999,0.12209637166442677,0.8779036283355732,170,1,0.0058823529411764705,1,55,4016718601220,122000,2,10:02:00,2402,40.03333333333333,3,3,3,3,0,R.Mostert left guard to MIA 47 for 6 yards (H.To'oTo'o).,FALSE,0,0,FALSE,0,0,FALSE
nfl,2024,401671669,2024-12-15T21:25Z,Denver Broncos,Indianapolis Colts,DEN,IND,9-5,6-8,31,13,TRUE,Denver Broncos,9-5,home,DEN,4.5,43.5,-238,195,-115,-105,1,nflreadr,Denver Broncos,9-5,Indianapolis Colts,6-8,0.5693,0.5693,0.7486999999999999,0.6643515426739681,0.3356484573260319,195,1,0.005128205128205128,1,38,401671669889,88900,2,14:49:00,2689,44.81666666666667,0,10,10,0,10,Official Timeout at 14:49.,FALSE,0,0,FALSE,0,0,FALSE
nfl,2024,401671681,2024-12-15T21:25Z,Detroit Lions,Buffalo Bills,DET,BUF,12-2,11-3,42,48,FALSE,Detroit Lions,12-2,home,DET,2.5,55.5,-130,110,-110,-110,1,nflreadr,Buffalo Bills,11-3,Detroit Lions,12-2,0.574,0.574,0.5977,0.3269198594612681,0.6730801405387319,202,2,0.009900990099009901,1,2,40167168140,4000,1,15:00:00,3600,60,0,0,0,0,0,"T.Bass kicks 65 yards from BUF 35 to end zone, Touchback to the DET 30.",FALSE,0,0,FALSE,0,0,FALSE
nfl,2024,401671766,2024-12-15T21:25Z,Philadelphia Eagles,Pittsburgh Steelers,PHI,PIT,12-2,10-4,27,13,TRUE,Philadelphia Eagles,12-2,home,PHI,5.5,43,-265,215,-110,-110,1,nflreadr,Philadelphia Eagles,12-2,Pittsburgh Steelers,10-4,0.6167,0.6167,0.4557,0.1588764538073294,0.8411235461926706,175,1,0.005714285714285714,1,31,401671766689,68900,1,04:25:00,2965,49.416666666666664,3,0,0,3,-3,"C.Waitman punts 49 yards to PHI 7, Center-C.Kuntz. C.DeJean to PHI 17 for 10 yards (M.Robinson). FUMBLES (M.Robinson), RECOVERED by PIT-Ni.Herbig at PHI 11.",FALSE,0,0,FALSE,0,0,FALSE
nfl,2024,401671677,2024-12-15T21:25Z,Arizona Cardinals,New England Patriots,ARI,NE,7-7,3-11,30,17,TRUE,Arizona Cardinals,7-7,home,ARI,6,46.5,-258,210,-112,-108,1,nflreadr,Arizona Cardinals,7-7,New England Patriots,3-11,0.708,0.708,0.3663,0.20283920283920276,0.7971607971607972,167,2,0.011976047904191617,1,6,401671677129,12900,1,13:09:00,3489,58.15,0,0,0,0,0,(Shotgun) D.Maye pass short middle to A.Hooper to ARZ 33 for 5 yards (B.Baker). ARZ-Ma.Wilson was injured during the play.,FALSE,0,0,FALSE,0,0,FALSE
nfl,2024,401671762,2024-12-15T21:25Z,Los Angeles Chargers,Tampa Bay Buccaneers,LAC,TB,8-6,8-6,17,40,FALSE,Los Angeles Chargers,8-6,home,LAC,3,46,-162,136,-115,-105,1,nflreadr,Tampa Bay Buccaneers,8-6,Los Angeles Chargers,8-6,0.5147,0.5147,0.7625,0.6885245901639343,0.3114754098360657,173,1,0.005780346820809248,1,64,4016717621489,148900,2,05:36:00,2136,35.6,17,10,17,10,7,"J.Herbert pass incomplete deep left to S.Smartt (Z.McCollum).PENALTY on TB-Z.McCollum, Defensive Holding, 5 yards, enforced at LAC 49 - No Play.",FALSE,0,0,FALSE,0,0,FALSE
nfl,2024,401671796,2024-12-16T01:20Z,Seattle Seahawks,Green Bay Packers,SEA,GB,8-6,10-4,13,30,FALSE,Green Bay Packers,10-4,NA,NA,NA,NA,NA,NA,NA,NA,NA,NA,Green Bay Packers,10-4,Seattle Seahawks,8-6,0.3707,0.6293,0.3707,0,1,180,1,0.005555555555555556,1,1,4016717961,100,NA,NA,NA,NA,NA,NA,NA,NA,NA,NA,FALSE,0,0,FALSE,0,0,FALSE
nfl,2024,401671489,2024-12-17T01:00Z,Minnesota Vikings,Chicago Bears,MIN,CHI,12-2,4-10,30,12,TRUE,Minnesota Vikings,12-2,NA,NA,NA,NA,NA,NA,NA,NA,NA,NA,Minnesota Vikings,12-2,Chicago Bears,4-10,0.6553,0.6553,0.3713999999999999,0.07189014539579941,0.9281098546042006,203,1,0.0049261083743842365,1,4,40167148979,7900,1,14:22:00,3562,59.36666666666667,0,0,0,0,0,(Shotgun) C.Williams pass short left to K.Allen to CHI 38 for 4 yards (S.Griffin).,FALSE,0,0,FALSE,0,0,FALSE
nfl,2024,401671697,2024-12-17T01:30Z,Las Vegas Raiders,Atlanta Falcons,LV,ATL,2-12,7-7,9,15,FALSE,Atlanta Falcons,7-7,NA,NA,NA,NA,NA,NA,NA,NA,NA,NA,Atlanta Falcons,7-7,Las Vegas Raiders,2-12,0.428,0.5720000000000001,0.4845,0.11661506707946345,0.8833849329205365,184,2,0.010869565217391304,1,10,401671697225,22500,1,11:19:00,3379,56.31666666666667,0,0,0,0,0,(Shotgun) D.Ridder pass short right to A.Abdullah to 50 for 5 yards (J.Bates).,FALSE,0,0,FALSE,0,0,FALSE
nfl,2024,401671749,2024-12-20T01:15Z,Los Angeles Chargers,Denver Broncos,LAC,DEN,9-6,9-6,34,27,TRUE,Los Angeles Chargers,9-6,NA,NA,NA,NA,NA,NA,NA,NA,NA,NA,Los Angeles Chargers,9-6,Denver Broncos,9-6,0.5787,0.5787,0.8645,0.843262001156738,0.156737998843262,184,1,0.005434782608695652,1,106,4016717492497,249700,3,08:31:00,1411,23.516666666666666,13,24,24,13,11,Official Timeout at 08:31.,FALSE,0,0,FALSE,0,0,FALSE
nfl,2024,401671780,2024-12-21T18:00Z,Kansas City Chiefs,Houston Texans,KC,HOU,14-1,9-6,27,19,TRUE,Kansas City Chiefs,14-1,home,KC,3.5,42.5,-180,150,100,-120,1,nflreadr,Kansas City Chiefs,14-1,Houston Texans,9-6,0.612,0.612,0.546,0.28937728937728946,0.7106227106227105,183,1,0.00546448087431694,1,52,4016717801257,125700,2,10:09:00,2409,40.15,7,10,10,7,3,Official Timeout at 10:09.,FALSE,0,0,FALSE,0,0,FALSE
nfl,2024,401671778,2024-12-21T21:30Z,Baltimore Ravens,Pittsburgh Steelers,BAL,PIT,10-5,10-5,34,17,TRUE,Baltimore Ravens,10-5,home,BAL,7,44.5,-345,275,-105,-115,1,nflreadr,Baltimore Ravens,10-5,Pittsburgh Steelers,10-5,0.6673,0.6673,0.4839,0.31246125232486055,0.68753874767513945,172,1,0.005813953488372093,1,115,4016717782623,262300,3,05:14:00,1214,20.233333333333334,17,17,17,17,0,Official Timeout at 05:14.,FALSE,0,0,FALSE,0,0,FALSE
nfl,2024,401671729,2024-12-22T18:00Z,Atlanta Falcons,New York Giants,ATL,NYG,8-7,2-13,34,7,TRUE,Atlanta Falcons,8-7,home,ATL,9.5,42.5,-550,410,-110,-110,1,nflreadr,Atlanta Falcons,8-7,New York Giants,2-13,0.6333,0.6333,0.6283000000000001,0.4163616106955277,0.5836383893044723,181,2,0.011049723756906077,1,40,401671729897,89700,2,14:53:00,2693,44.88333333333333,0,7,7,0,7,Official Timeout at 14:53.,FALSE,0,0,FALSE,0,0,FALSE
nfl,2024,401671868,2024-12-22T18:00Z,Chicago Bears,Detroit Lions,CHI,DET,4-11,13-2,17,34,FALSE,Detroit Lions,13-2,away,DET,7,47.5,270,-340,-110,-110,1,nflreadr,Detroit Lions,13-2,Chicago Bears,4-11,0.2787,0.7213,0.2947,0.0542925008483206,0.9457074991516794,181,1,0.0055248618784530384,1,2,40167186840,4000,1,15:00:00,3600,60,0,0,0,0,0,J.Bates kicks 56 yards from DET 35 to CHI 9. T.Scott to CHI 26 for 17 yards (P.O'Connor).,FALSE,0,0,FALSE,0,0,FALSE
nfl,2024,401671811,2024-12-22T18:00Z,Cincinnati Bengals,Cleveland Browns,CIN,CLE,7-8,3-12,24,6,TRUE,Cincinnati Bengals,7-8,home,CIN,10,46.5,-575,425,-112,-108,1,nflreadr,Cincinnati Bengals,7-8,Cleveland Browns,3-12,0.6853,0.6853,0.4615,0.31809317443120266,0.6819068255687973,169,1,0.005917159763313609,1,7,401671811129,12900,1,13:00:00,3480,58,0,0,0,0,0,M.Dunn reported in as eligible.  D.Foreman up the middle to CIN 1 for 1 yard (J.Ossai).,FALSE,0,0,FALSE,0,0,FALSE
nfl,2024,401671862,2024-12-22T18:00Z,Indianapolis Colts,Tennessee Titans,IND,TEN,7-8,3-12,38,30,TRUE,Indianapolis Colts,7-8,home,IND,4,42.5,-198,164,-108,-112,1,nflreadr,Indianapolis Colts,7-8,Tennessee Titans,3-12,0.5033,0.5033,0.7455,0.6586183769282361,0.3413816230717639,177,1,0.005649717514124294,1,37,401671862830,83000,1,01:26:00,2786,46.43333333333333,0,7,7,0,7,M.Rudolph pass short right to D.Martin-Robinson to IND 39 for 6 yards (K.Paye) [D.Odeyingbo].,FALSE,0,0,FALSE,0,0,FALSE
nfl,2024,401671621,2024-12-22T18:00Z,New York Jets,Los Angeles Rams,NYJ,LAR,4-11,9-6,9,19,FALSE,Los Angeles Rams,9-6,NA,NA,NA,NA,NA,NA,NA,NA,NA,NA,Los Angeles Rams,9-6,New York Jets,4-11,0.4927,0.5073,0.732,0.6338797814207651,0.36612021857923494,165,3,0.01818181818181818,1,89,4016716212047,204700,3,08:50:00,1430,23.833333333333332,9,6,9,6,3,(Shotgun) A.Rodgers pass short right to B.Hall to LA 19 for 9 yards (K.Curl; K.Kinchens).,FALSE,0,0,FALSE,0,0,FALSE
nfl,2024,401671717,2024-12-22T18:00Z,Washington Commanders,Philadelphia Eagles,WSH,PHI,10-5,12-3,36,33,TRUE,Philadelphia Eagles,12-3,NA,NA,NA,NA,NA,NA,NA,NA,NA,NA,Washington Commanders,10-5,Philadelphia Eagles,12-3,0.4073,0.5927,0.9726,0.9718280896565905,0.02817191034340949,196,2,0.01020408163265306,1,183,4016717174499,449900,4,01:58:00,118,1.9666666666666666,28,33,33,28,5,Two-Minute Warning,FALSE,0,0,FALSE,0,0,FALSE
nfl,2024,401671732,2024-12-22T18:00Z,Carolina Panthers,Arizona Cardinals,CAR,ARI,4-11,7-8,36,30,TRUE,Arizona Cardinals,7-8,away,ARI,5.5,47,200,-245,-110,-110,1,nflreadr,Carolina Panthers,4-11,Arizona Cardinals,7-8,0.2613,0.7387,0.7664,0.6951983298538622,0.3048016701461378,199,2,0.010050251256281407,1,2,40167173240,4000,1,15:00:00,4200,70,0,0,0,0,0,"E.Pineiro kicks 37 yards from CAR 35 to ARZ 28, short of landing zone.PENALTY on CAR-E.Pineiro, Kickoff Short of Landing Zone, placed at ARZ 40.",FALSE,0,0,FALSE,0,0,FALSE
nfl,2024,401671759,2024-12-22T21:05Z,Seattle Seahawks,Minnesota Vikings,SEA,MIN,8-7,13-2,24,27,FALSE,Minnesota Vikings,13-2,away,MIN,2.5,43,124,-148,-105,-115,1,nflreadr,Minnesota Vikings,13-2,Seattle Seahawks,8-7,0.4207,0.5792999999999999,0.8372,0.8055422838031534,0.1944577161968466,190,1,0.005263157894736842,1,163,4016717593804,380400,4,04:21:00,261,4.35,24,20,24,20,4,Official Timeout at 04:21.,FALSE,0,0,FALSE,0,0,FALSE
nfl,2024,401671494,2024-12-22T21:25Z,Buffalo Bills,New England Patriots,BUF,NE,12-3,3-12,24,21,TRUE,Buffalo Bills,12-3,home,BUF,14,48,-1100,700,-110,-110,1,nflreadr,Buffalo Bills,12-3,New England Patriots,3-12,0.8247,0.8247,0.6606000000000001,0.7346351801392673,0.2653648198607327,187,2,0.0106951871657754,1,42,4016714941020,102000,2,14:16:00,2656,44.266666666666666,0,14,14,0,14,Official Timeout at 14:16.,FALSE,0,0,FALSE,0,0,FALSE
nfl,2024,401671673,2024-12-22T21:25Z,Las Vegas Raiders,Jacksonville Jaguars,LV,JAX,3-12,3-12,19,14,TRUE,Las Vegas Raiders,3-12,home,LV,2.5,41.5,-130,110,-110,-110,1,nflreadr,Las Vegas Raiders,3-12,Jacksonville Jaguars,3-12,0.5853,0.5853,0.6582,0.48070495290185367,0.5192950470981463,193,2,0.010362694300518135,1,39,401671673958,95800,1,01:32:00,2792,46.53333333333333,0,7,7,0,7,Official Timeout at 01:32.,FALSE,0,0,FALSE,0,0,FALSE
nfl,2024,401671874,2024-12-22T21:25Z,Miami Dolphins,San Francisco 49ers,MIA,SF,7-8,6-9,29,17,TRUE,San Francisco 49ers,6-9,away,SF,2,44,105,-125,-112,-108,1,nflreadr,Miami Dolphins,7-8,San Francisco 49ers,6-9,0.46,0.54,0.6672,0.5011990407673861,0.4988009592326139,186,1,0.005376344086021506,1,45,4016718741082,108200,2,14:14:00,2654,44.233333333333334,3,7,7,3,4,Official Timeout at 14:14.,FALSE,0,0,FALSE,0,0,FALSE
nfl,2024,401671790,2024-12-23T01:20Z,Dallas Cowboys,Tampa Bay Buccaneers,DAL,TB,7-8,8-7,26,24,TRUE,Tampa Bay Buccaneers,8-7,NA,NA,NA,NA,NA,NA,NA,NA,NA,NA,Dallas Cowboys,7-8,Tampa Bay Buccaneers,8-7,0.2993,0.7007,0.7007,0.5728557157128586,0.42714428428714135,192,1,0.005208333333333333,1,1,4016717901,100,NA,NA,NA,NA,NA,NA,NA,NA,NA,NA,FALSE,0,0,FALSE,0,0,FALSE
nfl,2024,401671692,2024-12-24T01:15Z,Green Bay Packers,New Orleans Saints,GB,NO,11-4,5-10,34,0,TRUE,Green Bay Packers,11-4,NA,NA,NA,NA,NA,NA,NA,NA,NA,NA,Green Bay Packers,11-4,New Orleans Saints,5-10,0.8273,0.8273,0.17269999999999996,0,1,177,1,0.005649717514124294,1,1,4016716921,100,NA,NA,NA,NA,NA,NA,NA,NA,NA,NA,FALSE,0,0,FALSE,0,0,FALSE
nfl,2024,401671799,2024-12-25T18:00Z,Pittsburgh Steelers,Kansas City Chiefs,PIT,KC,10-6,15-1,10,29,FALSE,Kansas City Chiefs,15-1,away,KC,3,43.5,136,-162,-115,-105,1,nflreadr,Kansas City Chiefs,15-1,Pittsburgh Steelers,10-6,0.4447,0.5553,0.4795,0.07257559958289883,0.9274244004171012,186,2,0.010752688172043012,1,3,40167179956,5600,1,15:00:00,3600,60,0,0,0,0,0,(Shotgun) R.Wilson pass short right to P.Freiermuth to PIT 37 for 7 yards (D.Tranquill).,FALSE,0,0,FALSE,0,0,FALSE
nfl,2024,401671800,2024-12-25T21:30Z,Houston Texans,Baltimore Ravens,HOU,BAL,9-7,11-5,2,31,FALSE,Baltimore Ravens,11-5,away,BAL,5.5,46.5,200,-245,-112,-108,1,nflreadr,Baltimore Ravens,11-5,Houston Texans,9-7,0.372,0.628,0.3722,5.373455131648663e-4,0.9994626544868351,164,1,0.006097560975609756,1,5,401671800105,10500,1,13:36:00,3516,58.6,0,0,0,0,0,(Shotgun) L.Jackson sacked at BLT 34 for -3 yards (sack split by T.Togiai and W.Anderson).,FALSE,0,0,FALSE,0,0,FALSE
nfl,2024,401671876,2024-12-27T01:15Z,Chicago Bears,Seattle Seahawks,CHI,SEA,4-12,9-7,3,6,FALSE,Seattle Seahawks,9-7,NA,NA,NA,NA,NA,NA,NA,NA,NA,NA,Seattle Seahawks,9-7,Chicago Bears,4-12,0.4887,0.5113,0.5326,0.12241832519714602,0.877581674802854,164,1,0.006097560975609756,1,63,4016718761441,144100,2,04:26:00,2066,34.43333333333333,0,3,0,3,-3,"(Shotgun) C.Shelton to SEA 36 for -3 yards. FUMBLES, recovered by CHI-C.Williams at SEA 38. C.Williams pass short middle to K.Allen to SEA 17 for 16 yards (J.Jobe).",FALSE,0,0,FALSE,0,0,FALSE
nfl,2024,401671832,2024-12-28T18:00Z,New England Patriots,Los Angeles Chargers,NE,LAC,3-13,10-6,7,40,FALSE,Los Angeles Chargers,10-6,away,LAC,6,42,245,-305,-102,-118,1,nflreadr,Los Angeles Chargers,10-6,New England Patriots,3-13,0.3927,0.6073,0.4328,0.09265249537892783,0.9073475046210722,181,1,0.0055248618784530384,1,11,401671832245,24500,1,11:37:00,3397,56.61666666666667,0,0,0,0,0,R.Stevenson left tackle to NE 42 for 5 yards (T.Jefferson).,FALSE,0,0,FALSE,0,0,FALSE
nfl,2024,401671835,2024-12-28T21:30Z,Cincinnati Bengals,Denver Broncos,CIN,DEN,8-8,9-7,30,24,TRUE,Cincinnati Bengals,8-8,home,CIN,3.5,50.5,-175,145,-105,-115,1,nflreadr,Cincinnati Bengals,8-8,Denver Broncos,9-7,0.5673,0.5673,0.6586000000000001,0.48162769511084136,0.5183723048891586,206,1,0.0048543689320388345,1,149,4016718353562,356200,4,03:46:00,826,13.766666666666667,17,17,17,17,0,(Shotgun) B.Nix scrambles left end ran ob at CIN 49 for 5 yards (J.Ossai).,FALSE,0,0,FALSE,0,0,FALSE
nfl,2024,401671829,2024-12-29T01:00Z,Los Angeles Rams,Arizona Cardinals,LAR,ARI,10-6,7-9,13,9,TRUE,Los Angeles Rams,10-6,NA,NA,NA,NA,NA,NA,NA,NA,NA,NA,Los Angeles Rams,10-6,Arizona Cardinals,7-9,0.5607,0.5607,0.7207,0.6124601082281116,0.3875398917718884,191,1,0.005235602094240838,1,184,4016718294270,427000,4,00:42:00,42,0.7,13,9,9,13,-4,Timeout #2 by LA at 00:42.,FALSE,0,0,FALSE,0,0,FALSE
nfl,2024,401671495,2024-12-29T18:00Z,Buffalo Bills,New York Jets,BUF,NYJ,13-3,4-12,40,14,TRUE,Buffalo Bills,13-3,home,BUF,10,44.5,-520,390,-115,-105,1,nflreadr,Buffalo Bills,13-3,New York Jets,4-12,0.706,0.706,0.30069999999999997,0.022281343531759035,0.977718656468241,179,1,0.00558659217877095,1,11,401671495300,30000,1,11:22:00,3382,56.36666666666667,0,0,0,0,0,"(Shotgun) J.Allen pass deep right to K.Coleman to NYJ 6 for 37 yards (I.Oliver).PENALTY on BUF-S.Brown, Offensive Holding, 10 yards, enforced at NYJ 43 - No Play.",FALSE,0,0,FALSE,0,0,FALSE
nfl,2024,401671738,2024-12-29T18:00Z,New Orleans Saints,Las Vegas Raiders,NO,LV,5-11,4-12,10,25,FALSE,Las Vegas Raiders,4-12,away,LV,2,37.5,105,-125,-110,-110,1,nflreadr,Las Vegas Raiders,4-12,New Orleans Saints,5-11,0.4207,0.5792999999999999,0.5885,0.3007646559048429,0.6992353440951571,192,1,0.005208333333333333,1,40,4016717381008,100800,2,14:52:00,2692,44.86666666666667,7,3,7,3,4,Official Timeout at 14:52.,FALSE,0,0,FALSE,0,0,FALSE
nfl,2024,401671846,2024-12-29T18:00Z,New York Giants,Indianapolis Colts,NYG,IND,3-13,7-9,45,33,TRUE,Indianapolis Colts,7-9,away,IND,7.5,40.5,320,-410,-108,-112,1,nflreadr,New York Giants,3-13,Indianapolis Colts,7-9,0.2927,0.7073,0.7762,0.7116722494202525,0.28832775057974747,187,1,0.0053475935828877,1,24,401671846544,54400,1,05:06:00,3006,50.1,0,0,0,0,0,(Shotgun) J.Taylor right guard to NYG 10 for 4 yards (J.Pinnock).,FALSE,0,0,FALSE,0,0,FALSE
nfl,2024,401671765,2024-12-29T18:00Z,Philadelphia Eagles,Dallas Cowboys,PHI,DAL,13-3,7-9,41,7,TRUE,Philadelphia Eagles,13-3,home,PHI,7.5,37.5,-325,260,-108,-112,1,nflreadr,Philadelphia Eagles,13-3,Dallas Cowboys,7-9,0.6173,0.6173,0.4675,0.1813903743315508,0.8186096256684492,179,1,0.00558659217877095,1,51,4016717651143,114300,2,13:01:00,2581,43.016666666666666,7,7,7,7,0,Timeout #2 by DAL at 13:01.,FALSE,0,0,FALSE,0,0,FALSE
nfl,2024,401671653,2024-12-29T18:00Z,Tampa Bay Buccaneers,Carolina Panthers,TB,CAR,9-7,4-12,48,14,TRUE,Tampa Bay Buccaneers,9-7,home,TB,9.5,47.5,-500,380,-115,-105,1,nflreadr,Tampa Bay Buccaneers,9-7,Carolina Panthers,4-12,0.802,0.802,0.2478,0.20096852300242152,0.7990314769975785,173,1,0.005780346820809248,1,17,401671653402,40200,1,08:15:00,3195,53.25,7,7,7,7,0,Official Timeout at 08:15.,FALSE,0,0,FALSE,0,0,FALSE
nfl,2024,401671634,2024-12-29T18:00Z,Jacksonville Jaguars,Tennessee Titans,JAX,TEN,4-12,3-13,20,13,TRUE,Tennessee Titans,3-13,away,TEN,1,38,-112,-108,-115,-105,1,nflreadr,Jacksonville Jaguars,4-12,Tennessee Titans,3-13,0.4147,0.5852999999999999,0.5852999999999999,0.29147445754314005,0.70852554245686,177,1,0.005649717514124294,1,1,4016716341,100,NA,NA,NA,NA,NA,NA,NA,NA,NA,NA,FALSE,0,0,FALSE,0,0,FALSE
nfl,2024,401671877,2024-12-29T21:05Z,Cleveland Browns,Miami Dolphins,CLE,MIA,3-13,8-8,3,20,FALSE,Miami Dolphins,8-8,away,MIA,3,32.5,142,-170,-105,-115,1,nflreadr,Miami Dolphins,8-8,Cleveland Browns,3-13,0.4253,0.5747,0.5301,0.1976985474438785,0.8023014525561215,190,2,0.010526315789473684,1,79,4016718771940,194000,2,01:25:00,1885,31.416666666666668,3,3,3,3,0,"(No Huddle, Shotgun) D.Foreman left tackle to MIA 47 for 7 yards (K.Kohou).",FALSE,0,0,FALSE,0,0,FALSE
nfl,2024,401671725,2024-12-29T21:25Z,Minnesota Vikings,Green Bay Packers,MIN,GB,14-2,11-5,27,25,TRUE,Green Bay Packers,11-5,away,GB,1,49,-108,-112,-115,-105,1,nflreadr,Minnesota Vikings,14-2,Green Bay Packers,11-5,0.4447,0.5553,0.6723,0.5125687936932917,0.48743120630670833,189,1,0.005291005291005291,1,32,401671725690,69000,1,04:21:00,2961,49.35,0,0,0,0,0,"J.Love pass short right to T.Kraft to MIN 21 for 18 yards (B.Cashman).PENALTY on MIN-H.Smith, Low Block, 10 yards, enforced at MIN 21.",FALSE,0,0,FALSE,0,0,FALSE
nfl,2024,401671842,2024-12-30T01:20Z,Washington Commanders,Atlanta Falcons,WSH,ATL,11-5,8-8,30,24,TRUE,Washington Commanders,11-5,NA,NA,NA,NA,NA,NA,NA,NA,NA,NA,Washington Commanders,11-5,Atlanta Falcons,8-8,0.59,0.59,0.8013,0.7520279545738175,0.24797204542618245,199,1,0.005025125628140704,1,90,4016718422206,220600,3,14:20:00,2360,39.333333333333336,7,17,17,7,10,"(No Huddle, Shotgun) J.Daniels sacked at WAS 19 for -7 yards (D.Onyemata).",FALSE,0,0,FALSE,0,0,FALSE
nfl,2024,401671698,2024-12-31T01:15Z,San Francisco 49ers,Detroit Lions,SF,DET,6-10,14-2,34,40,FALSE,Detroit Lions,14-2,NA,NA,NA,NA,NA,NA,NA,NA,NA,NA,Detroit Lions,14-2,San Francisco 49ers,6-10,0.39,0.61,0.7811,0.7197541928050186,0.2802458071949814,181,2,0.011049723756906077,1,79,4016716981871,187100,2,00:28:00,1828,30.466666666666665,21,13,21,13,8,"(Shotgun) B.Purdy pass short right to J.Jennings to DET 28 for 10 yards (A.Robertson). FUMBLES (A.Robertson), ball out of bounds at DET 30.",FALSE,0,0,FALSE,0,0,FALSE
nfl,2024,401671834,2025-01-04T21:30Z,Baltimore Ravens,Cleveland Browns,BAL,CLE,12-5,3-14,35,10,TRUE,Baltimore Ravens,12-5,home,BAL,19.5,42.5,-2400,1200,-115,-105,1,nflreadr,Baltimore Ravens,12-5,Cleveland Browns,3-14,0.8107,0.8107,0.22419999999999995,0.15566458519179271,0.8443354148082073,180,0,0,1,3,40167183461,6100,1,15:00,3600,60,0,0,0,0,0,(Shotgun) B.Zappe pass short middle to J.Akins to BLT 49 for 21 yards (B.Stephens).,FALSE,0,0,FALSE,0,0,FALSE
nfl,2024,401671836,2025-01-05T01:00Z,Pittsburgh Steelers,Cincinnati Bengals,PIT,CIN,10-7,9-8,17,19,FALSE,Pittsburgh Steelers,10-7,NA,NA,NA,NA,NA,NA,NA,NA,NA,NA,Cincinnati Bengals,9-8,Pittsburgh Steelers,10-7,0.5337,0.5337,0.5337,0.12628817687839589,0.8737118231216041,191,0,0,1,1,4016718361,100,1,15:00,3600,60,0,0,0,0,0,GAME,FALSE,0,0,FALSE,0,0,FALSE
nfl,2024,401671827,2025-01-05T18:00Z,Atlanta Falcons,Carolina Panthers,ATL,CAR,8-9,5-12,38,44,FALSE,Atlanta Falcons,8-9,home,ATL,7.5,48.5,-380,300,-115,-105,1,nflreadr,Carolina Panthers,5-12,Atlanta Falcons,8-9,0.7367,0.7367,0.8302,0.7954709708503975,0.20452902914960247,196,0,0,1,106,4016718272439,243900,3,13:28,2308,38.46666666666667,24,17,24,17,7,(Shotgun) B.Robinson right tackle to ATL 21 for 9 yards (C.Farley).,FALSE,0,0,FALSE,0,0,FALSE
nfl,2024,401671840,2025-01-05T18:00Z,Dallas Cowboys,Washington Commanders,DAL,WSH,7-10,12-5,19,23,FALSE,Washington Commanders,12-5,NA,NA,NA,NA,NA,NA,NA,NA,NA,NA,Washington Commanders,12-5,Dallas Cowboys,7-10,0.34,0.6599999999999999,0.8287,0.7932906962712682,0.20670930372873175,197,0,0,1,185,4016718404313,431300,4,1:21,81,1.35,19,16,19,16,3,"(No Huddle, Shotgun) A.Ekeler left end pushed ob at WAS 37 for no gain (E.Kendricks).",FALSE,0,0,FALSE,0,0,FALSE
nfl,2024,401671844,2025-01-05T18:00Z,Green Bay Packers,Chicago Bears,GB,CHI,11-6,5-12,22,24,FALSE,Green Bay Packers,11-6,home,GB,10,41.5,-410,320,-105,-115,1,nflreadr,Chicago Bears,5-12,Green Bay Packers,11-6,0.7453,0.7453,0.8387,0.8076785501371169,0.19232144986288313,179,0,0,1,175,4016718444181,418100,4,0:15,15,0.25,22,21,22,21,1,Timeout #2 by GB at 00:15.,FALSE,0,0,FALSE,0,0,FALSE
nfl,2024,401671826,2025-01-05T18:00Z,Tennessee Titans,Houston Texans,TEN,HOU,3-14,10-7,14,23,FALSE,Houston Texans,10-7,home,TEN,2.5,36.5,-142,120,-112,-108,1,nflreadr,Houston Texans,10-7,Tennessee Titans,3-14,0.428,0.5720000000000001,0.428,1.1102230246251565e-16,0.9999999999999999,177,0,0,1,1,4016718261,100,1,15:00,3600,60,0,0,0,0,0,GAME,FALSE,0,0,FALSE,0,0,FALSE
nfl,2024,401671837,2025-01-05T18:00Z,Indianapolis Colts,Jacksonville Jaguars,IND,JAX,8-9,4-13,26,23,TRUE,Indianapolis Colts,8-9,home,IND,3.5,45.5,-180,150,-110,-110,1,nflreadr,Indianapolis Colts,8-9,Jacksonville Jaguars,4-13,0.6293,0.6293,0.7006,0.5726520125606622,0.4273479874393378,212,0,0,1,205,4016718374625,462500,5,5:23,323,5.383333333333334,26,23,23,26,-3,Official Timeout at 05:23.,FALSE,0,0,FALSE,0,0,FALSE
nfl,2024,401671831,2025-01-05T18:00Z,New England Patriots,Buffalo Bills,NE,BUF,4-13,13-4,23,16,TRUE,Buffalo Bills,13-4,away,BUF,3,36.5,140,-166,-108,-112,1,nflreadr,New England Patriots,4-13,Buffalo Bills,13-4,0.3477,0.6523,0.7005,0.5724482512491078,0.4275517487508922,185,0,0,1,9,401671831198,19800,1,12:51,3471,57.85,0,0,0,0,0,BUF 11-M.Trubisky in at QB. (Shotgun) M.Trubisky pass short left to C.Samuel to NE 45 for 5 yards (M.Mapu).,FALSE,0,0,FALSE,0,0,FALSE
nfl,2024,401671841,2025-01-05T18:00Z,Philadelphia Eagles,New York Giants,PHI,NYG,14-3,3-14,20,13,TRUE,Philadelphia Eagles,14-3,home,PHI,3,36.5,-155,130,-110,-110,1,nflreadr,Philadelphia Eagles,14-3,New York Giants,3-14,0.7093,0.7093,0.3429,0.15223097112860895,0.847769028871391,178,0,0,1,8,401671841172,17200,1,11:58,3418,56.96666666666667,0,0,0,0,0,(Shotgun) T.Tracy left tackle to NYG 48 for 9 yards (K.Ringo).,FALSE,0,0,FALSE,0,0,FALSE
nfl,2024,401671828,2025-01-05T18:00Z,Tampa Bay Buccaneers,New Orleans Saints,TB,NO,10-7,5-12,27,19,TRUE,Tampa Bay Buccaneers,10-7,home,TB,14.5,44.5,-1050,675,-118,-102,1,nflreadr,Tampa Bay Buccaneers,10-7,New Orleans Saints,5-12,0.7867,0.7867,0.7465999999999999,0.7143048486472006,0.28569515135279944,189,0,0,1,149,4016718283451,345100,4,10:49,649,10.816666666666666,13,19,19,13,6,Timeout #1 by TB at 10:49.,FALSE,0,0,FALSE,0,0,FALSE
nfl,2024,401671838,2025-01-05T21:25Z,Denver Broncos,Kansas City Chiefs,DEN,KC,10-7,15-2,38,0,TRUE,Denver Broncos,10-7,home,DEN,10.5,40.5,-485,370,-105,-115,1,nflreadr,Denver Broncos,10-7,Kansas City Chiefs,15-2,0.5183,0.5183,0.4817,0,1,152,0,0,1,1,4016718381,100,1,15:00,3600,60,0,0,0,0,0,GAME,FALSE,0,0,FALSE,0,0,FALSE
nfl,2024,401671839,2025-01-05T21:25Z,Las Vegas Raiders,Los Angeles Chargers,LV,LAC,4-13,11-6,20,34,FALSE,Los Angeles Chargers,11-6,away,LAC,7,42.5,275,-345,-102,-118,1,nflreadr,Los Angeles Chargers,11-6,Las Vegas Raiders,4-13,0.4395,0.5605,0.6833,0.5365139762915265,0.46348602370847347,183,0,0,1,50,4016718391086,108600,2,13:04,2584,43.06666666666667,10,3,10,3,7,Official Timeout at 13:04.,FALSE,0,0,FALSE,0,0,FALSE
nfl,2024,401671830,2025-01-05T21:25Z,Los Angeles Rams,Seattle Seahawks,LAR,SEA,10-7,10-7,25,30,FALSE,Los Angeles Rams,10-7,NA,NA,NA,NA,NA,NA,NA,NA,NA,NA,Seattle Seahawks,10-7,Los Angeles Rams,10-7,0.52,0.52,0.6549,0.4730493205069477,0.5269506794930523,172,1,0.005813953488372093,1,143,4016718303321,332100,4,7:29,449,7.483333333333333,25,24,25,24,1,Official Timeout at 07:29.,FALSE,0,0,FALSE,0,0,FALSE
nfl,2024,401671833,2025-01-05T21:25Z,New York Jets,Miami Dolphins,NYJ,MIA,5-12,8-9,32,20,TRUE,New York Jets,5-12,home,NYJ,1.5,39.5,-122,102,-110,-110,1,nflreadr,New York Jets,5-12,Miami Dolphins,8-9,0.6233,0.6233,0.635,0.4251968503937009,0.5748031496062991,185,0,0,1,38,401671833907,90700,1,1:57,2817,46.95,0,3,3,0,3,D.Achane up the middle to NYJ 3 for 61 yards (D.Reed). NYJ-B.Echols was injured during the play.,FALSE,0,0,FALSE,0,0,FALSE
nfl,2024,401671845,2025-01-05T21:25Z,Arizona Cardinals,San Francisco 49ers,ARI,SF,8-9,6-11,47,24,TRUE,Arizona Cardinals,8-9,home,ARI,4.5,42.5,-192,160,-110,-110,1,nflreadr,Arizona Cardinals,8-9,San Francisco 49ers,6-11,0.6084,0.6084,0.5848,0.3303693570451437,0.6696306429548563,196,0,0,1,28,401671845621,62100,1,5:44,3044,50.733333333333334,0,3,3,0,3,(Shotgun) J.Dobbs pass short left to J.Jennings pushed ob at ARZ 25 for 7 yards (B.Baker).,FALSE,0,0,FALSE,0,0,FALSE
nfl,2024,401671843,2025-01-06T01:20Z,Detroit Lions,Minnesota Vikings,DET,MIN,15-2,14-3,31,9,TRUE,Detroit Lions,15-2,NA,NA,NA,NA,NA,NA,NA,NA,NA,NA,Detroit Lions,15-2,Minnesota Vikings,14-3,0.646,0.646,0.4448,0.20413669064748197,0.795863309352518,183,0,0,1,98,4016718432241,224100,3,14:22,1762,29.366666666666667,10,6,6,10,-4,C.Akers left tackle to DET 5 for 58 yards (K.Joseph).,FALSE,0,0,FALSE,0,0,FALSE
