league,season,game_id,game_date,home_team,away_team,home_team_abbr,away_team_abbr,home_record,away_record,home_final,away_final,home_won,favorite_team,favorite_record,pregame_favorite_side_odds,pregame_favorite_team_abbr_odds,pregame_spread_abs,pregame_total_line,pregame_home_moneyline,pregame_away_moneyline,pregame_home_spread_odds,pregame_away_spread_odds,pregame_odds_n_providers,pregame_odds_source,winner_team,winner_record,loser_team,loser_record,starting_wp_home,starting_wp_favored,max_wp_loser,pit_u,pit_tail_prob,n_updates,n_missing_time,prop_missing_time,peak_rows,peak_first_update_index,peak_first_play_id,peak_first_sequence_number,peak_first_period_number,peak_first_clock_display,peak_first_game_seconds_remaining,peak_first_minutes_remaining,peak_first_home_score,peak_first_away_score,peak_first_loser_score,peak_first_winner_score,peak_first_loser_score_margin,peak_first_play_text,had_bad_1,n_bad_1_rows,n_bad_1_runs,had_bad_0,n_bad_0_rows,n_bad_0_runs,had_extreme_patch
nfl,2018,401030710,2018-09-07T00:55Z,Philadelphia Eagles,Atlanta Falcons,PHI,ATL,1-0,0-1,18,12,TRUE,Philadelphia Eagles,1-0,NA,NA,NA,NA,NA,NA,NA,NA,NA,NA,Philadelphia Eagles,1-0,Atlanta Falcons,0-1,0.588,0.588,0.756,0.6772486772486772,0.3227513227513228,183,183,1,1,158,4010307103904,390400,NA,NA,NA,NA,NA,NA,NA,NA,NA,NA,FALSE,0,0,FALSE,0,0,FALSE
nfl,2018,401030717,2018-09-09T17:00Z,Indianapolis Colts,Cincinnati Bengals,IND,CIN,0-1,1-0,23,34,FALSE,Indianapolis Colts,0-1,away,CIN,1,47.5,-105,-105,-113,102,1,nflreadr,Cincinnati Bengals,1-0,Indianapolis Colts,0-1,0.616,0.616,0.936,0.9316239316239316,0.06837606837606836,176,176,1,1,112,4010307172710,271000,NA,NA,NA,NA,NA,NA,NA,NA,NA,NA,FALSE,0,0,FALSE,0,0,FALSE
nfl,2018,401030716,2018-09-09T17:00Z,Miami Dolphins,Tennessee Titans,MIA,TEN,1-0,0-1,27,20,TRUE,Tennessee Titans,0-1,away,TEN,1,43.5,104,-115,-103,-107,1,nflreadr,Miami Dolphins,1-0,Tennessee Titans,0-1,0.494,0.506,0.7090000000000001,0.5895627644569819,0.41043723554301814,174,174,1,1,27,401030716596,59600,NA,NA,NA,NA,NA,NA,NA,NA,NA,NA,FALSE,0,0,FALSE,0,0,FALSE
nfl,2018,401030715,2018-09-09T17:00Z,Minnesota Vikings,San Francisco 49ers,MIN,SF,1-0,0-1,24,16,TRUE,Minnesota Vikings,1-0,home,MIN,6,46.5,-268,238,-108,-102,1,nflreadr,Minnesota Vikings,1-0,San Francisco 49ers,0-1,0.698,0.698,0.357,0.15406162464985973,0.8459383753501403,182,182,1,1,15,401030715318,31800,NA,NA,NA,NA,NA,NA,NA,NA,NA,NA,FALSE,0,0,FALSE,0,0,FALSE
nfl,2018,401030714,2018-09-09T17:00Z,New England Patriots,Houston Texans,NE,HOU,1-0,0-1,27,20,TRUE,New England Patriots,1-0,home,NE,6,49.5,-240,214,-105,-105,1,nflreadr,New England Patriots,1-0,Houston Texans,0-1,0.728,0.728,0.32199999999999995,0.1552795031055899,0.8447204968944101,195,195,1,1,5,40103071493,9300,NA,NA,NA,NA,NA,NA,NA,NA,NA,NA,FALSE,0,0,FALSE,0,0,FALSE
nfl,2018,401030713,2018-09-09T17:00Z,New Orleans Saints,Tampa Bay Buccaneers,NO,TB,0-1,1-0,40,48,FALSE,New Orleans Saints,0-1,home,NO,10,50,-450,385,-102,-108,1,nflreadr,Tampa Bay Buccaneers,1-0,New Orleans Saints,0-1,0.82,0.82,0.885,0.8700564971751412,0.12994350282485878,169,169,1,1,9,401030713218,21800,NA,NA,NA,NA,NA,NA,NA,NA,NA,NA,FALSE,0,0,FALSE,0,0,FALSE
nfl,2018,401030712,2018-09-09T17:00Z,New York Giants,Jacksonville Jaguars,NYG,JAX,0-1,1-0,15,20,FALSE,New York Giants,0-1,away,JAX,2.5,43,127,-141,106,-117,1,nflreadr,Jacksonville Jaguars,1-0,New York Giants,0-1,0.511,0.511,0.608,0.3552631578947367,0.6447368421052633,179,179,1,1,31,401030712776,77600,NA,NA,NA,NA,NA,NA,NA,NA,NA,NA,FALSE,0,0,FALSE,0,0,FALSE
nfl,2018,401030711,2018-09-09T17:00Z,Baltimore Ravens,Buffalo Bills,BAL,BUF,1-0,0-1,47,3,TRUE,Baltimore Ravens,1-0,home,BAL,7.5,39,-355,309,-104,-106,1,nflreadr,Baltimore Ravens,1-0,Buffalo Bills,0-1,0.838,0.838,0.18700000000000008,0.13368983957219271,0.8663101604278073,194,194,1,1,2,40103071136,3600,NA,NA,NA,NA,NA,NA,NA,NA,NA,NA,FALSE,0,0,FALSE,0,0,FALSE
nfl,2018,401030720,2018-09-09T20:05Z,Los Angeles Chargers,Kansas City Chiefs,LAC,KC,0-1,1-0,28,38,FALSE,Los Angeles Chargers,0-1,home,LAC,3.5,48,-185,166,-106,-104,1,nflreadr,Kansas City Chiefs,1-0,Los Angeles Chargers,0-1,0.625,0.625,0.644,0.44720496894409933,0.5527950310559007,177,177,1,1,3,40103072051,5100,NA,NA,NA,NA,NA,NA,NA,NA,NA,NA,FALSE,0,0,FALSE,0,0,FALSE
nfl,2018,401030721,2018-09-09T20:25Z,Denver Broncos,Seattle Seahawks,DEN,SEA,1-0,0-1,27,24,TRUE,Denver Broncos,1-0,home,DEN,3,42.5,-175,157,-120,109,1,nflreadr,Denver Broncos,1-0,Seattle Seahawks,0-1,0.548,0.548,0.726,0.6225895316804406,0.3774104683195594,176,176,1,1,23,401030721539,53900,NA,NA,NA,NA,NA,NA,NA,NA,NA,NA,FALSE,0,0,FALSE,0,0,FALSE
nfl,2018,401030725,2018-09-09T20:25Z,Arizona Cardinals,Washington Redskins,ARI,WSH,0-1,1-0,6,24,FALSE,Arizona Cardinals,0-1,NA,NA,NA,NA,NA,NA,NA,NA,NA,NA,Washington Redskins,1-0,Arizona Cardinals,0-1,0.575,0.575,0.643,0.4447900466562986,0.5552099533437014,173,173,1,1,5,401030725114,11400,NA,NA,NA,NA,NA,NA,NA,NA,NA,NA,FALSE,0,0,FALSE,0,0,FALSE
nfl,2018,401030723,2018-09-09T20:25Z,Carolina Panthers,Dallas Cowboys,CAR,DAL,1-0,0-1,16,8,TRUE,Carolina Panthers,1-0,home,CAR,2.5,42.5,-149,134,-121,110,1,nflreadr,Carolina Panthers,1-0,Dallas Cowboys,0-1,0.601,0.601,0.4439999999999999,0.1013513513513511,0.8986486486486489,174,174,1,1,24,401030723577,57700,NA,NA,NA,NA,NA,NA,NA,NA,NA,NA,FALSE,0,0,FALSE,0,0,FALSE
nfl,2018,401030726,2018-09-10T00:20Z,Green Bay Packers,Chicago Bears,GB,CHI,1-0,0-1,24,23,TRUE,Green Bay Packers,1-0,NA,NA,NA,NA,NA,NA,NA,NA,NA,NA,Green Bay Packers,1-0,Chicago Bears,0-1,0.732,0.732,0.982,0.9816700610997964,0.018329938900203624,175,175,1,1,112,4010307262602,260200,NA,NA,NA,NA,NA,NA,NA,NA,NA,NA,FALSE,0,0,FALSE,0,0,FALSE
nfl,2018,401030728,2018-09-10T23:10Z,Detroit Lions,New York Jets,DET,NYJ,0-1,1-0,17,48,FALSE,Detroit Lions,0-1,home,DET,7,44,-339,297,-114,103,1,nflreadr,New York Jets,1-0,Detroit Lions,0-1,0.718,0.718,0.862,0.839907192575406,0.16009280742459397,170,170,1,1,16,401030728372,37200,NA,NA,NA,NA,NA,NA,NA,NA,NA,NA,FALSE,0,0,FALSE,0,0,FALSE
nfl,2018,401030751,2018-09-11T02:20Z,Oakland Raiders,Los Angeles Rams,OAK,LAR,0-1,1-0,13,33,FALSE,Los Angeles Rams,1-0,NA,NA,NA,NA,NA,NA,NA,NA,NA,NA,Los Angeles Rams,1-0,Oakland Raiders,0-1,0.429,0.571,0.666,0.4984984984984986,0.5015015015015014,180,180,1,1,24,401030751556,55600,NA,NA,NA,NA,NA,NA,NA,NA,NA,NA,FALSE,0,0,FALSE,0,0,FALSE
nfl,2018,401030690,2018-09-14T00:20Z,Cincinnati Bengals,Baltimore Ravens,CIN,BAL,2-0,1-1,34,23,TRUE,Baltimore Ravens,1-1,NA,NA,NA,NA,NA,NA,NA,NA,NA,NA,Cincinnati Bengals,2-0,Baltimore Ravens,1-1,0.44,0.56,0.583,0.2847341337907374,0.7152658662092626,207,207,1,1,9,401030690215,21500,NA,NA,NA,NA,NA,NA,NA,NA,NA,NA,FALSE,0,0,FALSE,0,0,FALSE
nfl,2018,401030691,2018-09-16T17:00Z,Atlanta Falcons,Carolina Panthers,ATL,CAR,1-1,1-1,31,24,TRUE,Atlanta Falcons,1-1,home,ATL,5.5,44,-240,214,-108,-102,1,nflreadr,Atlanta Falcons,1-1,Carolina Panthers,1-1,0.653,0.653,0.628,0.4474522292993631,0.5525477707006369,168,168,1,1,52,4010306911205,120500,NA,NA,NA,NA,NA,NA,NA,NA,NA,NA,FALSE,0,0,FALSE,0,0,FALSE
nfl,2018,401030704,2018-09-16T17:00Z,Buffalo Bills,Los Angeles Chargers,BUF,LAC,0-2,1-1,20,31,FALSE,Los Angeles Chargers,1-1,away,LAC,7.5,41.5,261,-296,-115,104,1,nflreadr,Los Angeles Chargers,1-1,Buffalo Bills,0-2,0.292,0.708,0.343,0.14868804664723023,0.8513119533527698,159,159,1,1,5,40103070493,9300,NA,NA,NA,NA,NA,NA,NA,NA,NA,NA,FALSE,0,0,FALSE,0,0,FALSE
nfl,2018,401030694,2018-09-16T17:00Z,Tennessee Titans,Houston Texans,TEN,HOU,1-1,0-2,20,17,TRUE,Tennessee Titans,1-1,away,HOU,3.5,41,159,-176,-114,103,1,nflreadr,Tennessee Titans,1-1,Houston Texans,0-2,0.506,0.506,0.651,0.4639016897081414,0.5360983102918586,169,169,1,1,140,4010306943235,323500,NA,NA,NA,NA,NA,NA,NA,NA,NA,NA,FALSE,0,0,FALSE,0,0,FALSE
nfl,2018,401030708,2018-09-16T17:00Z,New Orleans Saints,Cleveland Browns,NO,CLE,1-1,0-1-1,21,18,TRUE,New Orleans Saints,1-1,home,NO,10,51,-407,351,-102,-108,1,nflreadr,New Orleans Saints,1-1,Cleveland Browns,0-1-1,0.745,0.745,0.914,0.9059080962800876,0.09409190371991238,165,165,1,1,112,4010307082855,285500,NA,NA,NA,NA,NA,NA,NA,NA,NA,NA,FALSE,0,0,FALSE,0,0,FALSE
nfl,2018,401030700,2018-09-16T17:00Z,New York Jets,Miami Dolphins,NYJ,MIA,1-1,2-0,12,20,FALSE,New York Jets,1-1,home,NYJ,3,43,-170,153,-114,103,1,nflreadr,Miami Dolphins,2-0,New York Jets,1-1,0.622,0.622,0.712,0.595505617977528,0.404494382022472,164,164,1,1,15,401030700322,32200,NA,NA,NA,NA,NA,NA,NA,NA,NA,NA,FALSE,0,0,FALSE,0,0,FALSE
nfl,2018,401030698,2018-09-16T17:00Z,Pittsburgh Steelers,Kansas City Chiefs,PIT,KC,0-1-1,2-0,37,42,FALSE,Pittsburgh Steelers,0-1-1,home,PIT,4.5,52,-199,179,-102,-108,1,nflreadr,Kansas City Chiefs,2-0,Pittsburgh Steelers,0-1-1,0.647,0.647,0.648,0.45679012345679015,0.5432098765432098,186,186,1,1,2,40103069836,3600,NA,NA,NA,NA,NA,NA,NA,NA,NA,NA,FALSE,0,0,FALSE,0,0,FALSE
nfl,2018,401030696,2018-09-16T17:00Z,Tampa Bay Buccaneers,Philadelphia Eagles,TB,PHI,2-0,1-1,27,21,TRUE,Philadelphia Eagles,1-1,away,PHI,3,46.5,129,-142,-117,106,1,nflreadr,Tampa Bay Buccaneers,2-0,Philadelphia Eagles,1-1,0.403,0.597,0.597,0.32495812395309875,0.6750418760469012,179,179,1,1,1,4010306961,100,NA,NA,NA,NA,NA,NA,NA,NA,NA,NA,FALSE,0,0,FALSE,0,0,FALSE
nfl,2018,401030693,2018-09-16T17:00Z,Washington Redskins,Indianapolis Colts,WSH,IND,1-1,1-1,9,21,FALSE,Washington Redskins,1-1,NA,NA,NA,NA,NA,NA,NA,NA,NA,NA,Indianapolis Colts,1-1,Washington Redskins,1-1,0.697,0.697,0.71,0.5915492957746478,0.40845070422535223,175,175,1,1,3,40103069379,7900,NA,NA,NA,NA,NA,NA,NA,NA,NA,NA,FALSE,0,0,FALSE,0,0,FALSE
nfl,2018,401030732,2018-09-16T20:05Z,Los Angeles Rams,Arizona Cardinals,LAR,ARI,2-0,0-2,34,0,TRUE,Los Angeles Rams,2-0,NA,NA,NA,NA,NA,NA,NA,NA,NA,NA,Los Angeles Rams,2-0,Arizona Cardinals,0-2,0.856,0.856,0.257,0.4396887159533074,0.5603112840466926,149,149,1,1,27,401030732646,64600,NA,NA,NA,NA,NA,NA,NA,NA,NA,NA,FALSE,0,0,FALSE,0,0,FALSE
nfl,2018,401030730,2018-09-16T20:05Z,San Francisco 49ers,Detroit Lions,SF,DET,1-1,0-2,30,27,TRUE,San Francisco 49ers,1-1,home,SF,6,48.5,-235,210,101,-111,1,nflreadr,San Francisco 49ers,1-1,Detroit Lions,0-2,0.745,0.745,0.423,0.3971631205673759,0.6028368794326241,187,187,1,1,28,401030730660,66000,NA,NA,NA,NA,NA,NA,NA,NA,NA,NA,FALSE,0,0,FALSE,0,0,FALSE
nfl,2018,401030736,2018-09-16T20:25Z,Denver Broncos,Oakland Raiders,DEN,OAK,2-0,0-2,20,19,TRUE,Denver Broncos,2-0,home,DEN,5.5,44.5,-231,207,-106,-104,1,nflreadr,Denver Broncos,2-0,Oakland Raiders,0-2,0.637,0.637,0.953,0.9506820566631689,0.04931794333683115,171,171,1,1,91,4010307362245,209800,NA,NA,NA,NA,NA,NA,NA,NA,NA,NA,FALSE,0,0,FALSE,0,0,FALSE
nfl,2018,401030733,2018-09-16T20:25Z,Jacksonville Jaguars,New England Patriots,JAX,NE,2-0,1-1,31,20,TRUE,Jacksonville Jaguars,2-0,away,NE,2,44.5,120,-133,-100,-110,1,nflreadr,Jacksonville Jaguars,2-0,New England Patriots,1-1,0.505,0.505,0.532,0.12030075187969924,0.8796992481203008,170,170,1,1,12,401030733260,26000,NA,NA,NA,NA,NA,NA,NA,NA,NA,NA,FALSE,0,0,FALSE,0,0,FALSE
nfl,2018,401030738,2018-09-17T00:20Z,Dallas Cowboys,New York Giants,DAL,NYG,1-1,0-2,20,13,TRUE,Dallas Cowboys,1-1,NA,NA,NA,NA,NA,NA,NA,NA,NA,NA,Dallas Cowboys,1-1,New York Giants,0-2,0.714,0.714,0.28600000000000003,0,1,160,160,1,1,1,4010307381,100,NA,NA,NA,NA,NA,NA,NA,NA,NA,NA,FALSE,0,0,FALSE,0,0,FALSE
nfl,2018,401030739,2018-09-18T00:15Z,Chicago Bears,Seattle Seahawks,CHI,SEA,1-1,0-2,24,17,TRUE,Chicago Bears,1-1,NA,NA,NA,NA,NA,NA,NA,NA,NA,NA,Chicago Bears,1-1,Seattle Seahawks,0-2,0.573,0.573,0.47,0.09148936170212751,0.9085106382978725,171,171,1,1,7,401030739139,13900,NA,NA,NA,NA,NA,NA,NA,NA,NA,NA,FALSE,0,0,FALSE,0,0,FALSE
nfl,2018,401030775,2018-09-21T00:20Z,Cleveland Browns,New York Jets,CLE,NYJ,1-1-1,1-2,21,17,TRUE,Cleveland Browns,1-1-1,NA,NA,NA,NA,NA,NA,NA,NA,NA,NA,Cleveland Browns,1-1-1,New York Jets,1-2,0.607,0.607,0.916,0.9082969432314412,0.09170305676855883,183,183,1,1,88,4010307752056,205600,NA,NA,NA,NA,NA,NA,NA,NA,NA,NA,FALSE,0,0,FALSE,0,0,FALSE
nfl,2018,401030777,2018-09-23T17:00Z,Atlanta Falcons,New Orleans Saints,ATL,NO,1-2,2-1,37,43,FALSE,Atlanta Falcons,1-2,home,ATL,1.5,54,-125,113,-110,-101,1,nflreadr,New Orleans Saints,2-1,Atlanta Falcons,1-2,0.641,0.641,0.905,0.8950276243093922,0.1049723756906078,194,194,1,1,150,4010307773757,375700,NA,NA,NA,NA,NA,NA,NA,NA,NA,NA,FALSE,0,0,FALSE,0,0,FALSE
nfl,2018,401030795,2018-09-23T17:00Z,Kansas City Chiefs,San Francisco 49ers,KC,SF,3-0,1-2,38,27,TRUE,Kansas City Chiefs,3-0,home,KC,6,53,-250,222,-108,-103,1,nflreadr,Kansas City Chiefs,3-0,San Francisco 49ers,1-2,0.647,0.647,0.353,0,1,182,182,1,1,1,4010307951,100,NA,NA,NA,NA,NA,NA,NA,NA,NA,NA,FALSE,0,0,FALSE,0,0,FALSE
nfl,2018,401030787,2018-09-23T17:00Z,Miami Dolphins,Oakland Raiders,MIA,OAK,3-0,0-3,28,20,TRUE,Miami Dolphins,3-0,home,MIA,3,46,-138,125,111,-125,1,nflreadr,Miami Dolphins,3-0,Oakland Raiders,0-3,0.66,0.66,0.926,0.920086393088553,0.079913606911447,163,163,1,1,103,4010307872432,243200,NA,NA,NA,NA,NA,NA,NA,NA,NA,NA,FALSE,0,0,FALSE,0,0,FALSE
nfl,2018,401030784,2018-09-23T17:00Z,Minnesota Vikings,Buffalo Bills,MIN,BUF,1-1-1,1-2,6,27,FALSE,Minnesota Vikings,1-1-1,home,MIN,16.5,41,-1200,803,-103,-108,1,nflreadr,Buffalo Bills,1-2,Minnesota Vikings,1-1-1,0.907,0.907,0.91,0.9010989010989012,0.09890109890109877,171,171,1,1,4,40103078475,7500,NA,NA,NA,NA,NA,NA,NA,NA,NA,NA,FALSE,0,0,FALSE,0,0,FALSE
nfl,2018,401030782,2018-09-23T17:00Z,Philadelphia Eagles,Indianapolis Colts,PHI,IND,2-1,1-2,20,16,TRUE,Philadelphia Eagles,2-1,home,PHI,6.5,45.5,-274,243,-108,-103,1,nflreadr,Philadelphia Eagles,2-1,Indianapolis Colts,1-2,0.73,0.73,0.742,0.6522911051212938,0.34770889487870615,188,188,1,1,151,4010307823513,351300,NA,NA,NA,NA,NA,NA,NA,NA,NA,NA,FALSE,0,0,FALSE,0,0,FALSE
nfl,2018,401030781,2018-09-23T17:00Z,Washington Redskins,Green Bay Packers,WSH,GB,2-1,1-1-1,31,17,TRUE,Washington Redskins,2-1,NA,NA,NA,NA,NA,NA,NA,NA,NA,NA,Washington Redskins,2-1,Green Bay Packers,1-1-1,0.519,0.519,0.481,0,1,169,169,1,1,1,4010307811,100,NA,NA,NA,NA,NA,NA,NA,NA,NA,NA,FALSE,0,0,FALSE,0,0,FALSE
nfl,2018,401030790,2018-09-23T17:00Z,Carolina Panthers,Cincinnati Bengals,CAR,CIN,2-1,2-1,31,21,TRUE,Carolina Panthers,2-1,home,CAR,2.5,44,-142,128,-118,106,1,nflreadr,Carolina Panthers,2-1,Cincinnati Bengals,2-1,0.578,0.578,0.645,0.4496124031007753,0.5503875968992247,165,165,1,1,23,401030790542,54200,NA,NA,NA,NA,NA,NA,NA,NA,NA,NA,FALSE,0,0,FALSE,0,0,FALSE
nfl,2018,401030794,2018-09-23T17:00Z,Jacksonville Jaguars,Tennessee Titans,JAX,TEN,2-1,2-1,6,9,FALSE,Jacksonville Jaguars,2-1,home,JAX,10,39,-415,357,100,-111,1,nflreadr,Tennessee Titans,2-1,Jacksonville Jaguars,2-1,0.816,0.816,0.839,0.8081048867699643,0.19189511323003572,167,167,1,1,5,401030794105,10500,NA,NA,NA,NA,NA,NA,NA,NA,NA,NA,FALSE,0,0,FALSE,0,0,FALSE
nfl,2018,401030788,2018-09-23T17:00Z,Baltimore Ravens,Denver Broncos,BAL,DEN,2-1,2-1,27,14,TRUE,Baltimore Ravens,2-1,home,BAL,5.5,46,-225,201,-104,-106,1,nflreadr,Baltimore Ravens,2-1,Denver Broncos,2-1,0.783,0.783,0.491,0.5580448065173116,0.4419551934826884,183,183,1,1,44,4010307881076,107600,NA,NA,NA,NA,NA,NA,NA,NA,NA,NA,FALSE,0,0,FALSE,0,0,FALSE
nfl,2018,401030791,2018-09-23T17:00Z,Houston Texans,New York Giants,HOU,NYG,0-3,1-2,22,27,FALSE,Houston Texans,0-3,home,HOU,6.5,44,-259,230,-102,-109,1,nflreadr,New York Giants,1-2,Houston Texans,0-3,0.693,0.693,0.79,0.7341772151898736,0.26582278481012644,171,171,1,1,14,401030791318,31800,NA,NA,NA,NA,NA,NA,NA,NA,NA,NA,FALSE,0,0,FALSE,0,0,FALSE
nfl,2018,401030798,2018-09-23T20:05Z,Los Angeles Rams,Los Angeles Chargers,LAR,LAC,3-0,1-2,35,23,TRUE,Los Angeles Rams,3-0,NA,NA,NA,NA,NA,NA,NA,NA,NA,NA,Los Angeles Rams,3-0,Los Angeles Chargers,1-2,0.729,0.729,0.28200000000000003,0.03900709219858156,0.9609929078014184,163,163,1,1,8,401030798196,19600,NA,NA,NA,NA,NA,NA,NA,NA,NA,NA,FALSE,0,0,FALSE,0,0,FALSE
nfl,2018,401030801,2018-09-23T20:25Z,Arizona Cardinals,Chicago Bears,ARI,CHI,0-3,2-1,14,16,FALSE,Chicago Bears,2-1,away,CHI,6,39,224,-252,-111,-100,1,nflreadr,Chicago Bears,2-1,Arizona Cardinals,0-3,0.445,0.5549999999999999,0.901,0.8901220865704773,0.10987791342952269,178,178,1,1,140,4010308013220,322000,NA,NA,NA,NA,NA,NA,NA,NA,NA,NA,FALSE,0,0,FALSE,0,0,FALSE
nfl,2018,401030799,2018-09-23T20:25Z,Seattle Seahawks,Dallas Cowboys,SEA,DAL,1-2,1-2,24,13,TRUE,Seattle Seahawks,1-2,home,SEA,1,40,-117,106,-108,-103,1,nflreadr,Seattle Seahawks,1-2,Dallas Cowboys,1-2,0.538,0.538,0.5409999999999999,0.15157116451016606,0.8484288354898339,177,177,1,1,38,401030799977,97700,NA,NA,NA,NA,NA,NA,NA,NA,NA,NA,FALSE,0,0,FALSE,0,0,FALSE
nfl,2018,401030802,2018-09-24T00:20Z,Detroit Lions,New England Patriots,DET,NE,1-2,1-2,26,10,TRUE,New England Patriots,1-2,NA,NA,NA,NA,NA,NA,NA,NA,NA,NA,Detroit Lions,1-2,New England Patriots,1-2,0.388,0.612,0.641,0.43993759750390016,0.5600624024960998,158,158,1,1,2,40103080236,3600,NA,NA,NA,NA,NA,NA,NA,NA,NA,NA,FALSE,0,0,FALSE,0,0,FALSE
nfl,2018,401030805,2018-09-25T00:15Z,Tampa Bay Buccaneers,Pittsburgh Steelers,TB,PIT,2-1,1-1-1,27,30,FALSE,Pittsburgh Steelers,1-1-1,NA,NA,NA,NA,NA,NA,NA,NA,NA,NA,Pittsburgh Steelers,1-1-1,Tampa Bay Buccaneers,2-1,0.467,0.5329999999999999,0.706,0.58356940509915,0.41643059490085,184,184,1,1,21,401030805489,48900,NA,NA,NA,NA,NA,NA,NA,NA,NA,NA,FALSE,0,0,FALSE,0,0,FALSE
nfl,2018,401030839,2018-09-28T00:20Z,Los Angeles Rams,Minnesota Vikings,LAR,MIN,4-0,1-2-1,38,31,TRUE,Los Angeles Rams,4-0,NA,NA,NA,NA,NA,NA,NA,NA,NA,NA,Los Angeles Rams,4-0,Minnesota Vikings,1-2-1,0.798,0.798,0.477,0.5765199161425577,0.4234800838574423,172,172,1,1,54,4010308391370,137000,NA,NA,NA,NA,NA,NA,NA,NA,NA,NA,FALSE,0,0,FALSE,0,0,FALSE
nfl,2018,401030847,2018-09-30T17:00Z,Atlanta Falcons,Cincinnati Bengals,ATL,CIN,1-3,3-1,36,37,FALSE,Atlanta Falcons,1-3,home,ATL,3.5,52,-179,161,102,-114,1,nflreadr,Cincinnati Bengals,3-1,Atlanta Falcons,1-3,0.664,0.664,0.919,0.911860718171926,0.08813928182807396,185,185,1,1,159,4010308473950,395000,NA,NA,NA,NA,NA,NA,NA,NA,NA,NA,FALSE,0,0,FALSE,0,0,FALSE
nfl,2018,401030846,2018-09-30T17:00Z,Chicago Bears,Tampa Bay Buccaneers,CHI,TB,3-1,2-2,48,10,TRUE,Chicago Bears,3-1,home,CHI,3,46,-140,126,113,-127,1,nflreadr,Chicago Bears,3-1,Tampa Bay Buccaneers,2-2,0.617,0.617,0.383,0,1,171,171,1,1,1,4010308461,100,NA,NA,NA,NA,NA,NA,NA,NA,NA,NA,FALSE,0,0,FALSE,0,0,FALSE
nfl,2018,401030845,2018-09-30T17:00Z,Dallas Cowboys,Detroit Lions,DAL,DET,2-2,1-3,26,24,TRUE,Dallas Cowboys,2-2,home,DAL,2.5,44,-140,127,-113,102,1,nflreadr,Dallas Cowboys,2-2,Detroit Lions,1-3,0.688,0.688,0.721,0.6130374479889042,0.38696255201109575,160,160,1,1,151,4010308453626,362600,NA,NA,NA,NA,NA,NA,NA,NA,NA,NA,FALSE,0,0,FALSE,0,0,FALSE
nfl,2018,401030844,2018-09-30T17:00Z,Green Bay Packers,Buffalo Bills,GB,BUF,2-1-1,1-3,22,0,TRUE,Green Bay Packers,2-1-1,home,GB,8.5,44,-365,317,-108,-103,1,nflreadr,Green Bay Packers,2-1-1,Buffalo Bills,1-3,0.755,0.755,0.266,0.07894736842105265,0.9210526315789473,173,173,1,1,15,401030844333,33300,NA,NA,NA,NA,NA,NA,NA,NA,NA,NA,FALSE,0,0,FALSE,0,0,FALSE
nfl,2018,401030842,2018-09-30T17:00Z,Tennessee Titans,Philadelphia Eagles,TEN,PHI,3-1,2-2,26,23,TRUE,Philadelphia Eagles,2-2,away,PHI,3,41.5,132,-146,-115,103,1,nflreadr,Tennessee Titans,3-1,Philadelphia Eagles,2-2,0.44,0.56,1,1,0,198,198,1,1,173,4010308424000,400000,NA,NA,NA,NA,NA,NA,NA,NA,NA,NA,FALSE,0,0,FALSE,0,0,FALSE
nfl,2018,401030843,2018-09-30T17:00Z,Indianapolis Colts,Houston Texans,IND,HOU,1-3,1-3,34,37,FALSE,Indianapolis Colts,1-3,away,HOU,1,48,104,-115,-103,-107,1,nflreadr,Houston Texans,1-3,Indianapolis Colts,1-3,0.606,0.606,1,1,0,231,231,1,1,203,4010308435048,504800,NA,NA,NA,NA,NA,NA,NA,NA,NA,NA,FALSE,0,0,FALSE,0,0,FALSE
nfl,2018,401030841,2018-09-30T17:00Z,New England Patriots,Miami Dolphins,NE,MIA,2-2,3-1,38,7,TRUE,New England Patriots,2-2,home,NE,6.5,50.5,-279,247,-108,-103,1,nflreadr,New England Patriots,2-2,Miami Dolphins,3-1,0.723,0.723,0.30900000000000005,0.10355987055016191,0.8964401294498381,161,161,1,1,3,40103084151,5100,NA,NA,NA,NA,NA,NA,NA,NA,NA,NA,FALSE,0,0,FALSE,0,0,FALSE
nfl,2018,401030840,2018-09-30T17:00Z,Jacksonville Jaguars,New York Jets,JAX,NYJ,3-1,1-3,31,12,TRUE,Jacksonville Jaguars,3-1,home,JAX,7.5,40.5,-335,293,108,-121,1,nflreadr,Jacksonville Jaguars,3-1,New York Jets,1-3,0.728,0.728,0.277,0.018050541516245522,0.9819494584837545,176,176,1,1,2,40103084040,4000,NA,NA,NA,NA,NA,NA,NA,NA,NA,NA,FALSE,0,0,FALSE,0,0,FALSE
nfl,2018,401030930,2018-09-30T20:05Z,Oakland Raiders,Cleveland Browns,OAK,CLE,1-3,1-2-1,45,42,TRUE,Oakland Raiders,1-3,home,OAK,2.5,44.5,-135,122,-111,100,1,nflreadr,Oakland Raiders,1-3,Cleveland Browns,1-2-1,0.655,0.655,0.982,0.9816700610997964,0.018329938900203624,227,227,1,1,168,4010309304207,420700,NA,NA,NA,NA,NA,NA,NA,NA,NA,NA,FALSE,0,0,FALSE,0,0,FALSE
nfl,2018,401030848,2018-09-30T20:05Z,Arizona Cardinals,Seattle Seahawks,ARI,SEA,0-4,2-2,17,20,FALSE,Seattle Seahawks,2-2,away,SEA,3.5,40,173,-192,100,-111,1,nflreadr,Seattle Seahawks,2-2,Arizona Cardinals,0-4,0.327,0.673,0.788,0.7309644670050761,0.2690355329949239,179,179,1,1,168,4010308483991,399100,NA,NA,NA,NA,NA,NA,NA,NA,NA,NA,FALSE,0,0,FALSE,0,0,FALSE
nfl,2018,401030931,2018-09-30T20:25Z,New York Giants,New Orleans Saints,NYG,NO,1-3,3-1,18,33,FALSE,New Orleans Saints,3-1,away,NO,3.5,51.5,153,-170,-122,109,1,nflreadr,New Orleans Saints,3-1,New York Giants,1-3,0.495,0.505,0.74,0.6486486486486487,0.3513513513513513,170,170,1,2,33,401030931785,78500,NA,NA,NA,NA,NA,NA,NA,NA,NA,NA,FALSE,0,0,FALSE,0,0,FALSE
nfl,2018,401030932,2018-09-30T20:25Z,Los Angeles Chargers,San Francisco 49ers,LAC,SF,2-2,1-3,29,27,TRUE,Los Angeles Chargers,2-2,home,LAC,10,46,-428,368,106,-118,1,nflreadr,Los Angeles Chargers,2-2,San Francisco 49ers,1-3,0.758,0.758,0.8,0.75,0.25,167,167,1,1,62,4010309321483,148300,NA,NA,NA,NA,NA,NA,NA,NA,NA,NA,FALSE,0,0,FALSE,0,0,FALSE
nfl,2018,401030933,2018-10-01T00:20Z,Pittsburgh Steelers,Baltimore Ravens,PIT,BAL,1-2-1,3-1,14,26,FALSE,Pittsburgh Steelers,1-2-1,NA,NA,NA,NA,NA,NA,NA,NA,NA,NA,Baltimore Ravens,3-1,Pittsburgh Steelers,1-2-1,0.557,0.557,0.61,0.360655737704918,0.639344262295082,182,182,1,1,91,4010309332248,224800,NA,NA,NA,NA,NA,NA,NA,NA,NA,NA,FALSE,0,0,FALSE,0,0,FALSE
nfl,2018,401030934,2018-10-02T00:15Z,Denver Broncos,Kansas City Chiefs,DEN,KC,2-2,4-0,23,27,FALSE,Kansas City Chiefs,4-0,NA,NA,NA,NA,NA,NA,NA,NA,NA,NA,Kansas City Chiefs,4-0,Denver Broncos,2-2,0.43,0.5700000000000001,0.939,0.9350372736954207,0.06496272630457933,180,180,1,2,138,4010309343275,327500,NA,NA,NA,NA,NA,NA,NA,NA,NA,NA,FALSE,0,0,FALSE,0,0,FALSE
nfl,2018,401030697,2018-10-05T00:20Z,New England Patriots,Indianapolis Colts,NE,IND,3-2,1-4,38,24,TRUE,New England Patriots,3-2,NA,NA,NA,NA,NA,NA,NA,NA,NA,NA,New England Patriots,3-2,Indianapolis Colts,1-4,0.768,0.768,0.243,0.04526748971193417,0.9547325102880658,192,192,1,1,14,401030697317,31700,NA,NA,NA,NA,NA,NA,NA,NA,NA,NA,FALSE,0,0,FALSE,0,0,FALSE
nfl,2018,401030702,2018-10-07T17:00Z,Buffalo Bills,Tennessee Titans,BUF,TEN,2-3,3-2,13,12,TRUE,Tennessee Titans,3-2,away,TEN,6,38,238,-269,101,-112,1,nflreadr,Buffalo Bills,2-3,Tennessee Titans,3-2,0.429,0.571,0.613,0.36867862969004883,0.6313213703099512,157,157,1,1,142,4010307023561,356100,NA,NA,NA,NA,NA,NA,NA,NA,NA,NA,FALSE,0,0,FALSE,0,0,FALSE
nfl,2018,401030785,2018-10-07T17:00Z,Cincinnati Bengals,Miami Dolphins,CIN,MIA,4-1,3-2,27,17,TRUE,Cincinnati Bengals,4-1,home,CIN,6,47.5,-255,227,-103,-107,1,nflreadr,Cincinnati Bengals,4-1,Miami Dolphins,3-2,0.76,0.76,0.941,0.9373007438894791,0.06269925611052085,164,164,1,1,90,4010307852264,226400,NA,NA,NA,NA,NA,NA,NA,NA,NA,NA,FALSE,0,0,FALSE,0,0,FALSE
nfl,2018,401030770,2018-10-07T17:00Z,Cleveland Browns,Baltimore Ravens,CLE,BAL,2-2-1,3-2,12,9,TRUE,Baltimore Ravens,3-2,away,BAL,3,44.5,154,-171,106,-119,1,nflreadr,Cleveland Browns,2-2-1,Baltimore Ravens,3-2,0.279,0.721,0.852,0.8262910798122065,0.1737089201877935,220,220,1,1,50,4010307701165,116500,NA,NA,NA,NA,NA,NA,NA,NA,NA,NA,FALSE,0,0,FALSE,0,0,FALSE
nfl,2018,401030745,2018-10-07T17:00Z,Detroit Lions,Green Bay Packers,DET,GB,2-3,2-2-1,31,23,TRUE,Green Bay Packers,2-2-1,home,DET,1,50,-125,114,-117,105,1,nflreadr,Detroit Lions,2-3,Green Bay Packers,2-2-1,0.497,0.503,0.5449999999999999,0.16513761467889876,0.8348623853211012,185,185,1,1,11,401030745262,26200,NA,NA,NA,NA,NA,NA,NA,NA,NA,NA,FALSE,0,0,FALSE,0,0,FALSE
nfl,2018,401030741,2018-10-07T17:00Z,Kansas City Chiefs,Jacksonville Jaguars,KC,JAX,5-0,3-2,30,14,TRUE,Kansas City Chiefs,5-0,home,KC,3,48,-144,131,103,-115,1,nflreadr,Kansas City Chiefs,5-0,Jacksonville Jaguars,3-2,0.591,0.591,0.4290000000000001,0.04662004662004682,0.9533799533799532,192,192,1,1,5,401030741102,10200,NA,NA,NA,NA,NA,NA,NA,NA,NA,NA,FALSE,0,0,FALSE,0,0,FALSE
nfl,2018,401030734,2018-10-07T17:00Z,New York Jets,Denver Broncos,NYJ,DEN,2-3,2-3,34,16,TRUE,New York Jets,2-3,away,DEN,1,42,-104,-106,-110,-101,1,nflreadr,New York Jets,2-3,Denver Broncos,2-3,0.59,0.59,0.7030000000000001,0.5775248933143671,0.42247510668563293,177,177,1,1,33,401030734772,77200,NA,NA,NA,NA,NA,NA,NA,NA,NA,NA,FALSE,0,0,FALSE,0,0,FALSE
nfl,2018,401030709,2018-10-07T17:00Z,Pittsburgh Steelers,Atlanta Falcons,PIT,ATL,2-2-1,1-4,41,17,TRUE,Pittsburgh Steelers,2-2-1,home,PIT,3.5,57,-180,162,-103,-108,1,nflreadr,Pittsburgh Steelers,2-2-1,Atlanta Falcons,1-4,0.586,0.586,0.43799999999999994,0.05479452054794498,0.945205479452055,167,167,1,1,61,4010307091497,149700,NA,NA,NA,NA,NA,NA,NA,NA,NA,NA,FALSE,0,0,FALSE,0,0,FALSE
nfl,2018,401030778,2018-10-07T17:00Z,Carolina Panthers,New York Giants,CAR,NYG,3-1,1-4,33,31,TRUE,Carolina Panthers,3-1,home,CAR,7,43.5,-264,234,111,-125,1,nflreadr,Carolina Panthers,3-1,New York Giants,1-4,0.735,0.735,0.849,0.8221436984687869,0.17785630153121312,177,177,1,1,164,4010307783987,398700,NA,NA,NA,NA,NA,NA,NA,NA,NA,NA,FALSE,0,0,FALSE,0,0,FALSE
nfl,2018,401030793,2018-10-07T20:05Z,Los Angeles Chargers,Oakland Raiders,LAC,OAK,3-2,1-4,26,10,TRUE,Los Angeles Chargers,3-2,home,LAC,5.5,52,-230,205,-105,-105,1,nflreadr,Los Angeles Chargers,3-2,Oakland Raiders,1-4,0.735,0.735,0.409,0.3520782396088019,0.6479217603911981,158,158,1,1,32,401030793711,71100,NA,NA,NA,NA,NA,NA,NA,NA,NA,NA,FALSE,0,0,FALSE,0,0,FALSE
nfl,2018,401030803,2018-10-07T20:25Z,Philadelphia Eagles,Minnesota Vikings,PHI,MIN,2-3,2-2-1,21,23,FALSE,Philadelphia Eagles,2-3,home,PHI,3.5,48,-180,162,-104,-106,1,nflreadr,Minnesota Vikings,2-2-1,Philadelphia Eagles,2-3,0.602,0.602,0.688,0.5465116279069766,0.4534883720930234,163,163,1,1,56,4010308031260,126000,NA,NA,NA,NA,NA,NA,NA,NA,NA,NA,FALSE,0,0,FALSE,0,0,FALSE
nfl,2018,401030797,2018-10-07T20:25Z,San Francisco 49ers,Arizona Cardinals,SF,ARI,1-4,1-4,18,28,FALSE,San Francisco 49ers,1-4,home,SF,3,40.5,-161,146,-108,-103,1,nflreadr,Arizona Cardinals,1-4,San Francisco 49ers,1-4,0.757,0.757,0.833,0.7995198079231691,0.20048019207683088,189,189,1,1,9,401030797217,21700,NA,NA,NA,NA,NA,NA,NA,NA,NA,NA,FALSE,0,0,FALSE,0,0,FALSE
nfl,2018,401030808,2018-10-07T20:25Z,Seattle Seahawks,Los Angeles Rams,SEA,LAR,2-3,5-0,31,33,FALSE,Los Angeles Rams,5-0,NA,NA,NA,NA,NA,NA,NA,NA,NA,NA,Los Angeles Rams,5-0,Seattle Seahawks,2-3,0.346,0.654,0.764,0.6910994764397906,0.30890052356020936,170,170,1,1,120,4010308083130,313000,NA,NA,NA,NA,NA,NA,NA,NA,NA,NA,FALSE,0,0,FALSE,0,0,FALSE
nfl,2018,401030831,2018-10-08T00:20Z,Houston Texans,Dallas Cowboys,HOU,DAL,2-3,2-3,19,16,TRUE,Houston Texans,2-3,NA,NA,NA,NA,NA,NA,NA,NA,NA,NA,Houston Texans,2-3,Dallas Cowboys,2-3,0.584,0.584,0.735,0.6394557823129252,0.3605442176870748,189,189,1,1,174,4010308314161,416100,NA,NA,NA,NA,NA,NA,NA,NA,NA,NA,FALSE,0,0,FALSE,0,0,FALSE
nfl,2018,401030834,2018-10-09T00:15Z,New Orleans Saints,Washington Redskins,NO,WSH,4-1,2-2,43,19,TRUE,New Orleans Saints,4-1,NA,NA,NA,NA,NA,NA,NA,NA,NA,NA,New Orleans Saints,4-1,Washington Redskins,2-2,0.612,0.612,0.394,0.015228426395939132,0.9847715736040609,159,159,1,1,2,40103083436,3600,NA,NA,NA,NA,NA,NA,NA,NA,NA,NA,FALSE,0,0,FALSE,0,0,FALSE
nfl,2018,401030692,2018-10-12T00:20Z,New York Giants,Philadelphia Eagles,NYG,PHI,1-5,3-3,13,34,FALSE,New York Giants,1-5,NA,NA,NA,NA,NA,NA,NA,NA,NA,NA,Philadelphia Eagles,3-3,New York Giants,1-5,0.503,0.503,0.51,0.03921568627450989,0.9607843137254901,180,180,1,1,2,40103069236,3600,NA,NA,NA,NA,NA,NA,NA,NA,NA,NA,FALSE,0,0,FALSE,0,0,FALSE
nfl,2018,401030695,2018-10-14T17:00Z,Atlanta Falcons,Tampa Bay Buccaneers,ATL,TB,2-4,2-3,34,29,TRUE,Atlanta Falcons,2-4,home,ATL,3,57.5,-159,144,-107,-103,1,nflreadr,Atlanta Falcons,2-4,Tampa Bay Buccaneers,2-3,0.651,0.651,0.5760000000000001,0.3940972222222223,0.6059027777777777,173,173,1,1,15,401030695349,34900,NA,NA,NA,NA,NA,NA,NA,NA,NA,NA,FALSE,0,0,FALSE,0,0,FALSE
nfl,2018,401030743,2018-10-14T17:00Z,Cincinnati Bengals,Pittsburgh Steelers,CIN,PIT,4-2,3-2-1,21,28,FALSE,Cincinnati Bengals,4-2,home,CIN,1,49.5,-113,103,-108,-103,1,nflreadr,Pittsburgh Steelers,3-2-1,Cincinnati Bengals,4-2,0.53,0.53,0.746,0.6595174262734584,0.34048257372654156,167,167,1,1,33,401030743780,78000,NA,NA,NA,NA,NA,NA,NA,NA,NA,NA,FALSE,0,0,FALSE,0,0,FALSE
nfl,2018,401030746,2018-10-14T17:00Z,Cleveland Browns,Los Angeles Chargers,CLE,LAC,2-3-1,4-2,14,38,FALSE,Los Angeles Chargers,4-2,home,CLE,1,47,-105,-105,101,-112,1,nflreadr,Los Angeles Chargers,4-2,Cleveland Browns,2-3-1,0.401,0.599,0.425,0.05647058823529405,0.943529411764706,172,172,1,1,3,40103074669,6900,NA,NA,NA,NA,NA,NA,NA,NA,NA,NA,FALSE,0,0,FALSE,0,0,FALSE
nfl,2018,401030706,2018-10-14T17:00Z,Oakland Raiders,Seattle Seahawks,OAK,SEA,1-5,3-3,3,27,FALSE,Seattle Seahawks,3-3,away,SEA,3,47.5,137,-152,-110,-101,1,nflreadr,Seattle Seahawks,3-3,Oakland Raiders,1-5,0.341,0.659,0.369,0.07588075880758816,0.9241192411924118,155,155,1,1,4,40103070681,8100,NA,NA,NA,NA,NA,NA,NA,NA,NA,NA,FALSE,0,0,FALSE,0,0,FALSE
nfl,2018,401030771,2018-10-14T17:00Z,Miami Dolphins,Chicago Bears,MIA,CHI,4-2,3-2,31,28,TRUE,Chicago Bears,3-2,away,CHI,7.5,40.5,254,-287,-123,110,1,nflreadr,Miami Dolphins,4-2,Chicago Bears,3-2,0.36,0.64,0.948,0.9451476793248945,0.05485232067510548,189,189,1,1,125,4010307712920,292000,NA,NA,NA,NA,NA,NA,NA,NA,NA,NA,FALSE,0,0,FALSE,0,0,FALSE
nfl,2018,401030742,2018-10-14T17:00Z,Minnesota Vikings,Arizona Cardinals,MIN,ARI,3-2-1,1-5,27,17,TRUE,Minnesota Vikings,3-2-1,home,MIN,10,43.5,-405,350,112,-126,1,nflreadr,Minnesota Vikings,3-2-1,Arizona Cardinals,1-5,0.846,0.846,0.28300000000000003,0.4558303886925795,0.5441696113074205,172,172,1,1,83,4010307421907,190700,NA,NA,NA,NA,NA,NA,NA,NA,NA,NA,FALSE,0,0,FALSE,0,0,FALSE
nfl,2018,401030737,2018-10-14T17:00Z,New York Jets,Indianapolis Colts,NYJ,IND,3-3,1-5,42,34,TRUE,Indianapolis Colts,1-5,home,NYJ,2.5,47.5,-145,131,-119,106,1,nflreadr,New York Jets,3-3,Indianapolis Colts,1-5,0.489,0.511,0.735,0.6394557823129252,0.3605442176870748,190,190,1,1,55,4010307371301,130100,NA,NA,NA,NA,NA,NA,NA,NA,NA,NA,FALSE,0,0,FALSE,0,0,FALSE
nfl,2018,401030701,2018-10-14T17:00Z,Washington Redskins,Carolina Panthers,WSH,CAR,3-2,3-2,23,17,TRUE,Washington Redskins,3-2,NA,NA,NA,NA,NA,NA,NA,NA,NA,NA,Washington Redskins,3-2,Carolina Panthers,3-2,0.557,0.557,0.488,0.09221311475409844,0.9077868852459016,167,167,1,1,161,4010307013907,390700,NA,NA,NA,NA,NA,NA,NA,NA,NA,NA,FALSE,0,0,FALSE,0,0,FALSE
nfl,2018,401030748,2018-10-14T17:00Z,Houston Texans,Buffalo Bills,HOU,BUF,3-3,2-4,20,13,TRUE,Houston Texans,3-3,home,HOU,10.5,40.5,-439,376,106,-119,1,nflreadr,Houston Texans,3-3,Buffalo Bills,2-4,0.78,0.78,0.819,0.7789987789987789,0.2210012210012211,166,166,1,1,143,4010307483399,339900,NA,NA,NA,NA,NA,NA,NA,NA,NA,NA,FALSE,0,0,FALSE,0,0,FALSE
nfl,2018,401030773,2018-10-14T20:05Z,Denver Broncos,Los Angeles Rams,DEN,LAR,2-4,6-0,20,23,FALSE,Los Angeles Rams,6-0,NA,NA,NA,NA,NA,NA,NA,NA,NA,NA,Los Angeles Rams,6-0,Denver Broncos,2-4,0.23,0.77,0.388,0.40721649484536093,0.5927835051546391,183,183,1,1,34,401030773785,78500,NA,NA,NA,NA,NA,NA,NA,NA,NA,NA,FALSE,0,0,FALSE,0,0,FALSE
nfl,2018,401030776,2018-10-14T20:25Z,Dallas Cowboys,Jacksonville Jaguars,DAL,JAX,3-3,3-3,40,7,TRUE,Dallas Cowboys,3-3,away,JAX,3,39.5,156,-173,106,-119,1,nflreadr,Dallas Cowboys,3-3,Jacksonville Jaguars,3-3,0.562,0.562,0.4439999999999999,0.013513513513513375,0.9864864864864866,161,161,1,1,2,40103077636,3600,NA,NA,NA,NA,NA,NA,NA,NA,NA,NA,FALSE,0,0,FALSE,0,0,FALSE
nfl,2018,401030774,2018-10-14T20:25Z,Tennessee Titans,Baltimore Ravens,TEN,BAL,3-3,4-2,0,21,FALSE,Baltimore Ravens,4-2,away,BAL,2.5,43.5,124,-137,-103,-108,1,nflreadr,Baltimore Ravens,4-2,Tennessee Titans,3-3,0.432,0.5680000000000001,0.476,0.09243697478991608,0.9075630252100839,156,156,1,1,8,401030774173,17300,NA,NA,NA,NA,NA,NA,NA,NA,NA,NA,FALSE,0,0,FALSE,0,0,FALSE
nfl,2018,401030779,2018-10-15T00:20Z,New England Patriots,Kansas City Chiefs,NE,KC,4-2,5-1,43,40,TRUE,New England Patriots,4-2,NA,NA,NA,NA,NA,NA,NA,NA,NA,NA,New England Patriots,4-2,Kansas City Chiefs,5-1,0.668,0.668,0.636,0.4779874213836479,0.5220125786163521,176,176,1,1,142,4010307793263,326300,NA,NA,NA,NA,NA,NA,NA,NA,NA,NA,FALSE,0,0,FALSE,0,0,FALSE
nfl,2018,401030783,2018-10-16T00:15Z,Green Bay Packers,San Francisco 49ers,GB,SF,3-2-1,1-5,33,30,TRUE,Green Bay Packers,3-2-1,NA,NA,NA,NA,NA,NA,NA,NA,NA,NA,Green Bay Packers,3-2-1,San Francisco 49ers,1-5,0.78,0.78,0.898,0.8864142538975501,0.11358574610244987,172,172,1,2,143,4010307833336,333600,NA,NA,NA,NA,NA,NA,NA,NA,NA,NA,FALSE,0,0,FALSE,0,0,FALSE
nfl,2018,401030800,2018-10-19T00:20Z,Arizona Cardinals,Denver Broncos,ARI,DEN,1-6,3-4,10,45,FALSE,Denver Broncos,3-4,NA,NA,NA,NA,NA,NA,NA,NA,NA,NA,Denver Broncos,3-4,Arizona Cardinals,1-6,0.478,0.522,0.478,0,1,174,174,1,1,1,4010308001,100,NA,NA,NA,NA,NA,NA,NA,NA,NA,NA,FALSE,0,0,FALSE,0,0,FALSE
nfl,2018,401030792,2018-10-21T13:30Z,Los Angeles Chargers,Tennessee Titans,LAC,TEN,5-2,3-4,20,19,TRUE,Los Angeles Chargers,5-2,home,LAC,6.5,46,-277,245,-108,-103,1,nflreadr,Los Angeles Chargers,5-2,Tennessee Titans,3-4,0.72,0.72,0.402,0.30348258706467657,0.6965174129353234,147,147,1,1,139,4010307923239,323900,NA,NA,NA,NA,NA,NA,NA,NA,NA,NA,FALSE,0,0,FALSE,0,0,FALSE
nfl,2018,401030832,2018-10-21T17:00Z,Chicago Bears,New England Patriots,CHI,NE,3-3,5-2,31,38,FALSE,Chicago Bears,3-3,away,NE,1,49,116,-128,107,-120,1,nflreadr,New England Patriots,5-2,Chicago Bears,3-3,0.503,0.503,0.805,0.7577639751552796,0.2422360248447204,195,195,1,1,57,4010308321404,140400,NA,NA,NA,NA,NA,NA,NA,NA,NA,NA,FALSE,0,0,FALSE,0,0,FALSE
nfl,2018,401030833,2018-10-21T17:00Z,Indianapolis Colts,Buffalo Bills,IND,BUF,2-5,2-5,37,5,TRUE,Indianapolis Colts,2-5,home,IND,7,43.5,-293,258,101,-112,1,nflreadr,Indianapolis Colts,2-5,Buffalo Bills,2-5,0.794,0.794,0.29800000000000004,0.3087248322147653,0.6912751677852347,156,156,1,2,18,401030833407,40700,NA,NA,NA,NA,NA,NA,NA,NA,NA,NA,FALSE,0,0,FALSE,0,0,FALSE
nfl,2018,401030830,2018-10-21T17:00Z,Miami Dolphins,Detroit Lions,MIA,DET,4-3,3-3,21,32,FALSE,Miami Dolphins,4-3,away,DET,3,47,159,-177,110,-124,1,nflreadr,Detroit Lions,3-3,Miami Dolphins,4-3,0.511,0.511,0.517,0.06576402321083186,0.9342359767891681,155,155,1,1,2,40103083037,3700,NA,NA,NA,NA,NA,NA,NA,NA,NA,NA,FALSE,0,0,FALSE,0,0,FALSE
nfl,2018,401030809,2018-10-21T17:00Z,New York Jets,Minnesota Vikings,NYJ,MIN,3-4,4-2-1,17,37,FALSE,Minnesota Vikings,4-2-1,away,MIN,3.5,45,157,-175,-119,106,1,nflreadr,Minnesota Vikings,4-2-1,New York Jets,3-4,0.455,0.5449999999999999,0.516,0.11821705426356577,0.8817829457364342,186,186,1,1,39,4010308091007,100700,NA,NA,NA,NA,NA,NA,NA,NA,NA,NA,FALSE,0,0,FALSE,0,0,FALSE
nfl,2018,401030807,2018-10-21T17:00Z,Philadelphia Eagles,Carolina Panthers,PHI,CAR,3-4,4-2,17,21,FALSE,Philadelphia Eagles,3-4,home,PHI,5,45,-226,202,-109,-102,1,nflreadr,Carolina Panthers,4-2,Philadelphia Eagles,3-4,0.698,0.698,0.984,0.9837398373983739,0.016260162601626105,158,158,1,1,104,4010308072468,246800,NA,NA,NA,NA,NA,NA,NA,NA,NA,NA,FALSE,0,0,FALSE,0,0,FALSE
nfl,2018,401030806,2018-10-21T17:00Z,Tampa Bay Buccaneers,Cleveland Browns,TB,CLE,3-3,2-4-1,26,23,TRUE,Tampa Bay Buccaneers,3-3,home,TB,3.5,52.5,-181,163,-105,-105,1,nflreadr,Tampa Bay Buccaneers,3-3,Cleveland Browns,2-4-1,0.739,0.739,0.956,0.9539748953974896,0.046025104602510414,211,211,1,1,188,4010308064470,447000,NA,NA,NA,NA,NA,NA,NA,NA,NA,NA,FALSE,0,0,FALSE,0,0,FALSE
nfl,2018,401030835,2018-10-21T17:00Z,Jacksonville Jaguars,Houston Texans,JAX,HOU,3-4,4-3,7,20,FALSE,Jacksonville Jaguars,3-4,home,JAX,4,43,-210,188,-110,-101,1,nflreadr,Houston Texans,4-3,Jacksonville Jaguars,3-4,0.61,0.61,0.616,0.37662337662337664,0.6233766233766234,171,171,1,1,2,40103083540,4000,NA,NA,NA,NA,NA,NA,NA,NA,NA,NA,FALSE,0,0,FALSE,0,0,FALSE
nfl,2018,401030836,2018-10-21T20:05Z,Baltimore Ravens,New Orleans Saints,BAL,NO,4-3,5-1,23,24,FALSE,Baltimore Ravens,4-3,home,BAL,2.5,49,-143,129,-114,102,1,nflreadr,New Orleans Saints,5-1,Baltimore Ravens,4-3,0.611,0.611,0.936,0.9316239316239316,0.06837606837606836,171,171,1,1,116,4010308362828,282800,NA,NA,NA,NA,NA,NA,NA,NA,NA,NA,FALSE,0,0,FALSE,0,0,FALSE
nfl,2018,401030838,2018-10-21T20:25Z,San Francisco 49ers,Los Angeles Rams,SF,LAR,1-6,7-0,10,39,FALSE,Los Angeles Rams,7-0,NA,NA,NA,NA,NA,NA,NA,NA,NA,NA,Los Angeles Rams,7-0,San Francisco 49ers,1-6,0.258,0.742,0.345,0.25217391304347814,0.7478260869565219,159,159,1,1,10,401030838234,23400,NA,NA,NA,NA,NA,NA,NA,NA,NA,NA,FALSE,0,0,FALSE,0,0,FALSE
nfl,2018,401030837,2018-10-21T20:25Z,Washington Redskins,Dallas Cowboys,WSH,DAL,4-2,3-4,20,17,TRUE,Dallas Cowboys,3-4,NA,NA,NA,NA,NA,NA,NA,NA,NA,NA,Washington Redskins,4-2,Dallas Cowboys,3-4,0.473,0.527,0.542,0.15498154981549828,0.8450184501845017,171,171,1,1,81,4010308371857,185700,NA,NA,NA,NA,NA,NA,NA,NA,NA,NA,FALSE,0,0,FALSE,0,0,FALSE
nfl,2018,401030804,2018-10-22T00:20Z,Kansas City Chiefs,Cincinnati Bengals,KC,CIN,6-1,4-3,45,10,TRUE,Kansas City Chiefs,6-1,NA,NA,NA,NA,NA,NA,NA,NA,NA,NA,Kansas City Chiefs,6-1,Cincinnati Bengals,4-3,0.705,0.705,0.30100000000000005,0.019933554817275767,0.9800664451827242,165,165,1,1,2,40103080436,3600,NA,NA,NA,NA,NA,NA,NA,NA,NA,NA,FALSE,0,0,FALSE,0,0,FALSE
nfl,2018,401030796,2018-10-23T00:15Z,Atlanta Falcons,New York Giants,ATL,NYG,3-4,1-6,23,20,TRUE,Atlanta Falcons,3-4,NA,NA,NA,NA,NA,NA,NA,NA,NA,NA,Atlanta Falcons,3-4,New York Giants,1-6,0.689,0.689,0.467,0.33404710920770875,0.6659528907922913,172,172,1,1,48,4010307961153,115300,NA,NA,NA,NA,NA,NA,NA,NA,NA,NA,FALSE,0,0,FALSE,0,0,FALSE
nfl,2018,401030703,2018-10-26T00:20Z,Houston Texans,Miami Dolphins,HOU,MIA,5-3,4-4,42,23,TRUE,Houston Texans,5-3,NA,NA,NA,NA,NA,NA,NA,NA,NA,NA,Houston Texans,5-3,Miami Dolphins,4-4,0.752,0.752,0.419,0.40811455847255373,0.5918854415274463,171,171,1,1,27,401030703645,64500,NA,NA,NA,NA,NA,NA,NA,NA,NA,NA,FALSE,0,0,FALSE,0,0,FALSE
nfl,2018,401030699,2018-10-28T13:30Z,Jacksonville Jaguars,Philadelphia Eagles,JAX,PHI,3-5,4-4,18,24,FALSE,Philadelphia Eagles,4-4,away,PHI,4,44.5,186,-208,-108,-103,1,nflreadr,Philadelphia Eagles,4-4,Jacksonville Jaguars,3-5,0.374,0.626,0.625,0.40159999999999996,0.5984,160,160,1,1,61,4010306991415,141500,NA,NA,NA,NA,NA,NA,NA,NA,NA,NA,FALSE,0,0,FALSE,0,0,FALSE
nfl,2018,401030747,2018-10-28T17:00Z,Chicago Bears,New York Jets,CHI,NYJ,4-3,3-5,24,10,TRUE,Chicago Bears,4-3,home,CHI,8.5,42.5,-350,305,106,-119,1,nflreadr,Chicago Bears,4-3,New York Jets,3-5,0.763,0.763,0.30800000000000005,0.23051948051948068,0.7694805194805193,174,174,1,1,103,4010307472349,234900,NA,NA,NA,NA,NA,NA,NA,NA,NA,NA,FALSE,0,0,FALSE,0,0,FALSE
nfl,2018,401030744,2018-10-28T17:00Z,Cincinnati Bengals,Tampa Bay Buccaneers,CIN,TB,5-3,3-4,37,34,TRUE,Cincinnati Bengals,5-3,home,CIN,3.5,55,-192,173,-108,-103,1,nflreadr,Cincinnati Bengals,5-3,Tampa Bay Buccaneers,3-4,0.65,0.65,0.498,0.29718875502008035,0.7028112449799196,198,198,1,1,24,401030744539,53900,NA,NA,NA,NA,NA,NA,NA,NA,NA,NA,FALSE,0,0,FALSE,0,0,FALSE
nfl,2018,401030740,2018-10-28T17:00Z,Detroit Lions,Seattle Seahawks,DET,SEA,3-4,4-3,14,28,FALSE,Seattle Seahawks,4-3,home,DET,3,47.5,-162,146,-110,-101,1,nflreadr,Seattle Seahawks,4-3,Detroit Lions,3-4,0.421,0.579,0.652,0.4662576687116564,0.5337423312883436,155,155,1,1,28,401030740681,68100,NA,NA,NA,NA,NA,NA,NA,NA,NA,NA,FALSE,0,0,FALSE,0,0,FALSE
nfl,2018,401030707,2018-10-28T17:00Z,Kansas City Chiefs,Denver Broncos,KC,DEN,7-1,3-5,30,23,TRUE,Kansas City Chiefs,7-1,home,KC,8.5,53,-389,337,-109,-102,1,nflreadr,Kansas City Chiefs,7-1,Denver Broncos,3-5,0.785,0.785,0.474,0.5464135021097047,0.45358649789029526,172,172,1,1,47,4010307071158,115800,NA,NA,NA,NA,NA,NA,NA,NA,NA,NA,FALSE,0,0,FALSE,0,0,FALSE
nfl,2018,401030735,2018-10-28T17:00Z,New York Giants,Washington Redskins,NYG,WSH,1-7,5-2,13,20,FALSE,New York Giants,1-7,NA,NA,NA,NA,NA,NA,NA,NA,NA,NA,Washington Redskins,5-2,New York Giants,1-7,0.584,0.584,0.629,0.41017488076311603,0.589825119236884,185,185,1,1,9,401030735198,19800,NA,NA,NA,NA,NA,NA,NA,NA,NA,NA,FALSE,0,0,FALSE,0,0,FALSE
nfl,2018,401030731,2018-10-28T17:00Z,Pittsburgh Steelers,Cleveland Browns,PIT,CLE,4-2-1,2-5-1,33,18,TRUE,Pittsburgh Steelers,4-2-1,home,PIT,8.5,47.5,-378,328,-103,-108,1,nflreadr,Pittsburgh Steelers,4-2-1,Cleveland Browns,2-5-1,0.88,0.88,0.408,0.7058823529411764,0.2941176470588236,174,174,1,1,40,4010307311061,106100,NA,NA,NA,NA,NA,NA,NA,NA,NA,NA,FALSE,0,0,FALSE,0,0,FALSE
nfl,2018,401030849,2018-10-28T17:00Z,Carolina Panthers,Baltimore Ravens,CAR,BAL,5-2,4-4,36,21,TRUE,Baltimore Ravens,4-4,away,BAL,2.5,44,129,-143,102,-114,1,nflreadr,Carolina Panthers,5-2,Baltimore Ravens,4-4,0.479,0.521,0.739,0.6468200270635995,0.35317997293640047,171,171,1,1,20,401030849469,46900,NA,NA,NA,NA,NA,NA,NA,NA,NA,NA,FALSE,0,0,FALSE,0,0,FALSE
nfl,2018,401030749,2018-10-28T20:05Z,Oakland Raiders,Indianapolis Colts,OAK,IND,1-6,3-5,28,42,FALSE,Oakland Raiders,1-6,away,IND,3.5,51,165,-183,-109,-102,1,nflreadr,Indianapolis Colts,3-5,Oakland Raiders,1-6,0.503,0.503,0.833,0.7995198079231691,0.20048019207683088,160,160,1,1,115,4010307492969,296900,NA,NA,NA,NA,NA,NA,NA,NA,NA,NA,FALSE,0,0,FALSE,0,0,FALSE
nfl,2018,401030780,2018-10-28T20:25Z,Los Angeles Rams,Green Bay Packers,LAR,GB,8-0,3-3-1,29,27,TRUE,Los Angeles Rams,8-0,NA,NA,NA,NA,NA,NA,NA,NA,NA,NA,Los Angeles Rams,8-0,Green Bay Packers,3-3-1,0.798,0.798,0.6719999999999999,0.6994047619047619,0.30059523809523814,177,177,1,1,73,4010307801693,169300,NA,NA,NA,NA,NA,NA,NA,NA,NA,NA,FALSE,0,0,FALSE,0,0,FALSE
nfl,2018,401030772,2018-10-28T20:25Z,Arizona Cardinals,San Francisco 49ers,ARI,SF,2-6,1-7,18,15,TRUE,San Francisco 49ers,1-7,away,SF,2.5,40,125,-138,104,-116,1,nflreadr,Arizona Cardinals,2-6,San Francisco 49ers,1-7,0.446,0.554,0.976,0.9754098360655739,0.024590163934426146,189,189,1,1,133,4010307722957,295700,NA,NA,NA,NA,NA,NA,NA,NA,NA,NA,FALSE,0,0,FALSE,0,0,FALSE
nfl,2018,401030786,2018-10-29T00:20Z,Minnesota Vikings,New Orleans Saints,MIN,NO,4-3-1,6-1,20,30,FALSE,Minnesota Vikings,4-3-1,NA,NA,NA,NA,NA,NA,NA,NA,NA,NA,New Orleans Saints,6-1,Minnesota Vikings,4-3-1,0.562,0.562,0.773,0.7063389391979302,0.2936610608020698,157,157,1,1,70,4010307861752,175200,NA,NA,NA,NA,NA,NA,NA,NA,NA,NA,FALSE,0,0,FALSE,0,0,FALSE
nfl,2018,401030789,2018-10-30T00:15Z,Buffalo Bills,New England Patriots,BUF,NE,2-6,6-2,6,25,FALSE,New England Patriots,6-2,NA,NA,NA,NA,NA,NA,NA,NA,NA,NA,New England Patriots,6-2,Buffalo Bills,2-6,0.166,0.834,0.353,0.5297450424929178,0.47025495750708224,186,186,1,1,114,4010307892971,297100,NA,NA,NA,NA,NA,NA,NA,NA,NA,NA,FALSE,0,0,FALSE,0,0,FALSE
nfl,2018,401030767,2018-11-02T00:20Z,San Francisco 49ers,Oakland Raiders,SF,OAK,2-7,1-7,34,3,TRUE,San Francisco 49ers,2-7,NA,NA,NA,NA,NA,NA,NA,NA,NA,NA,San Francisco 49ers,2-7,Oakland Raiders,1-7,0.621,0.621,0.499,0.2404809619238477,0.7595190380761523,151,151,1,1,9,401030767212,21200,NA,NA,NA,NA,NA,NA,NA,NA,NA,NA,FALSE,0,0,FALSE,0,0,FALSE
nfl,2018,401030769,2018-11-04T18:00Z,Buffalo Bills,Chicago Bears,BUF,CHI,2-7,5-3,9,41,FALSE,Chicago Bears,5-3,away,CHI,10.5,38,346,-400,-125,111,1,nflreadr,Chicago Bears,5-3,Buffalo Bills,2-7,0.203,0.7969999999999999,0.295,0.31186440677966076,0.6881355932203392,184,184,1,1,36,401030769921,92100,NA,NA,NA,NA,NA,NA,NA,NA,NA,NA,FALSE,0,0,FALSE,0,0,FALSE
nfl,2018,401030814,2018-11-04T18:00Z,Cleveland Browns,Kansas City Chiefs,CLE,KC,2-6-1,8-1,21,37,FALSE,Kansas City Chiefs,8-1,away,KC,7.5,51,330,-380,-101,-110,1,nflreadr,Kansas City Chiefs,8-1,Cleveland Browns,2-6-1,0.214,0.786,0.258,0.17054263565891492,0.8294573643410851,170,170,1,1,8,401030814166,16600,NA,NA,NA,NA,NA,NA,NA,NA,NA,NA,FALSE,0,0,FALSE,0,0,FALSE
nfl,2018,401030816,2018-11-04T18:00Z,Miami Dolphins,New York Jets,MIA,NYJ,5-4,3-6,13,6,TRUE,Miami Dolphins,5-4,home,MIA,3,43.5,-155,140,-103,-108,1,nflreadr,Miami Dolphins,5-4,New York Jets,3-6,0.612,0.612,0.507,0.23471400394477315,0.7652859960552268,167,167,1,1,32,401030816703,70300,NA,NA,NA,NA,NA,NA,NA,NA,NA,NA,FALSE,0,0,FALSE,0,0,FALSE
nfl,2018,401030822,2018-11-04T18:00Z,Minnesota Vikings,Detroit Lions,MIN,DET,5-3-1,3-5,24,9,TRUE,Minnesota Vikings,5-3-1,home,MIN,4.5,47,-218,195,-110,-101,1,nflreadr,Minnesota Vikings,5-3-1,Detroit Lions,3-5,0.734,0.734,0.383,0.3054830287206266,0.6945169712793734,160,160,1,1,52,4010308221196,119600,NA,NA,NA,NA,NA,NA,NA,NA,NA,NA,FALSE,0,0,FALSE,0,0,FALSE
nfl,2018,401030826,2018-11-04T18:00Z,Washington Redskins,Atlanta Falcons,WSH,ATL,5-3,4-4,14,38,FALSE,Washington Redskins,5-3,NA,NA,NA,NA,NA,NA,NA,NA,NA,NA,Atlanta Falcons,4-4,Washington Redskins,5-3,0.501,0.501,0.507,0.027613412228796763,0.9723865877712032,171,171,1,1,2,40103082645,4500,NA,NA,NA,NA,NA,NA,NA,NA,NA,NA,FALSE,0,0,FALSE,0,0,FALSE
nfl,2018,401030811,2018-11-04T18:00Z,Carolina Panthers,Tampa Bay Buccaneers,CAR,TB,6-2,3-5,42,28,TRUE,Carolina Panthers,6-2,home,CAR,6,55.5,-286,253,-111,100,1,nflreadr,Carolina Panthers,6-2,Tampa Bay Buccaneers,3-5,0.805,0.805,0.20399999999999996,0.044117647058823595,0.9558823529411764,173,173,1,2,9,401030811177,17700,NA,NA,NA,NA,NA,NA,NA,NA,NA,NA,FALSE,0,0,FALSE,0,0,FALSE
nfl,2018,401030819,2018-11-04T18:00Z,Baltimore Ravens,Pittsburgh Steelers,BAL,PIT,4-5,5-2-1,16,23,FALSE,Baltimore Ravens,4-5,home,BAL,1.5,47,-129,117,-114,102,1,nflreadr,Pittsburgh Steelers,5-2-1,Baltimore Ravens,4-5,0.585,0.585,0.697,0.5652797704447632,0.4347202295552368,180,180,1,1,24,401030819551,55100,NA,NA,NA,NA,NA,NA,NA,NA,NA,NA,FALSE,0,0,FALSE,0,0,FALSE
nfl,2018,401030829,2018-11-04T21:05Z,Denver Broncos,Houston Texans,DEN,HOU,3-6,6-3,17,19,FALSE,Denver Broncos,3-6,home,DEN,1,46.5,-119,108,-115,103,1,nflreadr,Houston Texans,6-3,Denver Broncos,3-6,0.507,0.507,0.65,0.4615384615384617,0.5384615384615383,175,175,1,2,172,4010308293982,398200,NA,NA,NA,NA,NA,NA,NA,NA,NA,NA,FALSE,0,0,FALSE,0,0,FALSE
nfl,2018,401030852,2018-11-04T21:05Z,Seattle Seahawks,Los Angeles Chargers,SEA,LAC,4-4,6-2,17,25,FALSE,Seattle Seahawks,4-4,home,SEA,1,48.5,-104,-106,102,-114,1,nflreadr,Los Angeles Chargers,6-2,Seattle Seahawks,4-4,0.519,0.519,0.73,0.6301369863013699,0.36986301369863006,175,175,1,1,22,401030852579,57900,NA,NA,NA,NA,NA,NA,NA,NA,NA,NA,FALSE,0,0,FALSE,0,0,FALSE
nfl,2018,401030855,2018-11-04T21:25Z,New Orleans Saints,Los Angeles Rams,NO,LAR,7-1,8-1,45,35,TRUE,New Orleans Saints,7-1,NA,NA,NA,NA,NA,NA,NA,NA,NA,NA,New Orleans Saints,7-1,Los Angeles Rams,8-1,0.5,0.5,0.5780000000000001,0.26989619377162644,0.7301038062283736,167,167,1,1,44,4010308551159,115900,NA,NA,NA,NA,NA,NA,NA,NA,NA,NA,FALSE,0,0,FALSE,0,0,FALSE
nfl,2018,401030858,2018-11-05T01:20Z,New England Patriots,Green Bay Packers,NE,GB,7-2,3-4-1,31,17,TRUE,New England Patriots,7-2,NA,NA,NA,NA,NA,NA,NA,NA,NA,NA,New England Patriots,7-2,Green Bay Packers,3-4-1,0.682,0.682,0.595,0.46554621848739497,0.534453781512605,180,180,1,1,139,4010308583442,344200,NA,NA,NA,NA,NA,NA,NA,NA,NA,NA,FALSE,0,0,FALSE,0,0,FALSE
nfl,2018,401030862,2018-11-06T01:15Z,Dallas Cowboys,Tennessee Titans,DAL,TEN,3-5,4-4,14,28,FALSE,Dallas Cowboys,3-5,NA,NA,NA,NA,NA,NA,NA,NA,NA,NA,Tennessee Titans,4-4,Dallas Cowboys,3-5,0.747,0.747,0.905,0.8950276243093922,0.1049723756906078,161,161,1,1,28,401030862718,71800,NA,NA,NA,NA,NA,NA,NA,NA,NA,NA,FALSE,0,0,FALSE,0,0,FALSE
nfl,2018,401030729,2018-11-09T01:20Z,Pittsburgh Steelers,Carolina Panthers,PIT,CAR,6-2-1,6-3,52,21,TRUE,Pittsburgh Steelers,6-2-1,NA,NA,NA,NA,NA,NA,NA,NA,NA,NA,Pittsburgh Steelers,6-2-1,Carolina Panthers,6-3,0.662,0.662,0.498,0.3212851405622491,0.6787148594377509,150,150,1,1,11,401030729223,22300,NA,NA,NA,NA,NA,NA,NA,NA,NA,NA,FALSE,0,0,FALSE,0,0,FALSE
nfl,2018,401030810,2018-11-11T18:00Z,Chicago Bears,Detroit Lions,CHI,DET,6-3,3-6,34,22,TRUE,Chicago Bears,6-3,home,CHI,7.5,44.5,-320,281,102,-114,1,nflreadr,Chicago Bears,6-3,Detroit Lions,3-6,0.758,0.758,0.245,0.01224489795918371,0.9877551020408163,173,173,1,1,5,401030810109,10900,NA,NA,NA,NA,NA,NA,NA,NA,NA,NA,FALSE,0,0,FALSE,0,0,FALSE
nfl,2018,401030752,2018-11-11T18:00Z,Cincinnati Bengals,New Orleans Saints,CIN,NO,5-4,8-1,14,51,FALSE,New Orleans Saints,8-1,away,NO,5.5,53,225,-253,-103,-108,1,nflreadr,New Orleans Saints,8-1,Cincinnati Bengals,5-4,0.471,0.529,0.487,0.03285420944558526,0.9671457905544147,153,153,1,1,3,40103075251,5100,NA,NA,NA,NA,NA,NA,NA,NA,NA,NA,FALSE,0,0,FALSE,0,0,FALSE
nfl,2018,401030754,2018-11-11T18:00Z,Cleveland Browns,Atlanta Falcons,CLE,ATL,3-6-1,4-5,28,16,TRUE,Atlanta Falcons,4-5,away,ATL,5.5,49.5,212,-238,-108,-103,1,nflreadr,Cleveland Browns,3-6-1,Atlanta Falcons,4-5,0.324,0.6759999999999999,0.734,0.6376021798365121,0.36239782016348787,161,161,1,1,10,401030754225,22500,NA,NA,NA,NA,NA,NA,NA,NA,NA,NA,FALSE,0,0,FALSE,0,0,FALSE
nfl,2018,401030821,2018-11-11T18:00Z,Tennessee Titans,New England Patriots,TEN,NE,5-4,7-3,34,10,TRUE,New England Patriots,7-3,away,NE,6,47,217,-244,-112,101,1,nflreadr,Tennessee Titans,5-4,New England Patriots,7-3,0.374,0.626,0.626,0.4025559105431309,0.5974440894568691,171,171,1,1,1,4010308211,100,NA,NA,NA,NA,NA,NA,NA,NA,NA,NA,FALSE,0,0,FALSE,0,0,FALSE
nfl,2018,401030766,2018-11-11T18:00Z,Indianapolis Colts,Jacksonville Jaguars,IND,JAX,4-5,3-6,29,26,TRUE,Indianapolis Colts,4-5,home,IND,3,48,-156,141,-105,-105,1,nflreadr,Indianapolis Colts,4-5,Jacksonville Jaguars,3-6,0.68,0.68,0.44099999999999995,0.2743764172335601,0.7256235827664399,168,168,1,1,163,4010307663996,399600,NA,NA,NA,NA,NA,NA,NA,NA,NA,NA,FALSE,0,0,FALSE,0,0,FALSE
nfl,2018,401030815,2018-11-11T18:00Z,Kansas City Chiefs,Arizona Cardinals,KC,ARI,9-1,2-7,26,14,TRUE,Kansas City Chiefs,9-1,home,KC,16.5,49.5,-1267,835,-104,-106,1,nflreadr,Kansas City Chiefs,9-1,Arizona Cardinals,2-7,0.939,0.939,0.18899999999999997,0.677248677248677,0.322751322751323,168,168,1,1,120,4010308152924,292400,NA,NA,NA,NA,NA,NA,NA,NA,NA,NA,FALSE,0,0,FALSE,0,0,FALSE
nfl,2018,401030853,2018-11-11T18:00Z,New York Jets,Buffalo Bills,NYJ,BUF,3-7,3-7,10,41,FALSE,New York Jets,3-7,home,NYJ,6.5,38,-265,235,-103,-108,1,nflreadr,Buffalo Bills,3-7,New York Jets,3-7,0.661,0.661,0.661,0.48714069591528,0.51285930408472,168,168,1,1,1,4010308531,100,NA,NA,NA,NA,NA,NA,NA,NA,NA,NA,FALSE,0,0,FALSE,0,0,FALSE
nfl,2018,401030828,2018-11-11T18:00Z,Tampa Bay Buccaneers,Washington Redskins,TB,WSH,3-6,6-3,3,16,FALSE,Tampa Bay Buccaneers,3-6,NA,NA,NA,NA,NA,NA,NA,NA,NA,NA,Washington Redskins,6-3,Tampa Bay Buccaneers,3-6,0.549,0.549,0.621,0.38969404186795487,0.6103059581320451,169,169,1,1,9,401030828186,18600,NA,NA,NA,NA,NA,NA,NA,NA,NA,NA,FALSE,0,0,FALSE,0,0,FALSE
nfl,2018,401030859,2018-11-11T21:05Z,Oakland Raiders,Los Angeles Chargers,OAK,LAC,1-8,7-2,6,20,FALSE,Los Angeles Chargers,7-2,away,LAC,10.5,50,391,-458,-116,104,1,nflreadr,Los Angeles Chargers,7-2,Oakland Raiders,1-8,0.246,0.754,0.474,0.4810126582278481,0.5189873417721519,158,158,1,1,41,401030859923,92300,NA,NA,NA,NA,NA,NA,NA,NA,NA,NA,FALSE,0,0,FALSE,0,0,FALSE
nfl,2018,401030756,2018-11-11T21:25Z,Green Bay Packers,Miami Dolphins,GB,MIA,4-4-1,5-5,31,12,TRUE,Green Bay Packers,4-4-1,home,GB,13,48.5,-585,487,102,-114,1,nflreadr,Green Bay Packers,4-4-1,Miami Dolphins,5-5,0.82,0.82,0.272,0.33823529411764697,0.661764705882353,164,164,1,1,99,4010307562293,229300,NA,NA,NA,NA,NA,NA,NA,NA,NA,NA,FALSE,0,0,FALSE,0,0,FALSE
nfl,2018,401030865,2018-11-11T21:25Z,Los Angeles Rams,Seattle Seahawks,LAR,SEA,9-1,4-5,36,31,TRUE,Los Angeles Rams,9-1,NA,NA,NA,NA,NA,NA,NA,NA,NA,NA,Los Angeles Rams,9-1,Seattle Seahawks,4-5,0.771,0.771,0.609,0.6239737274220033,0.3760262725779967,178,178,1,1,110,4010308652669,266900,NA,NA,NA,NA,NA,NA,NA,NA,NA,NA,FALSE,0,0,FALSE,0,0,FALSE
nfl,2018,401030869,2018-11-12T01:20Z,Philadelphia Eagles,Dallas Cowboys,PHI,DAL,4-5,4-5,20,27,FALSE,Philadelphia Eagles,4-5,NA,NA,NA,NA,NA,NA,NA,NA,NA,NA,Dallas Cowboys,4-5,Philadelphia Eagles,4-5,0.737,0.737,0.765,0.6928104575163399,0.30718954248366015,170,170,1,1,10,401030869216,21600,NA,NA,NA,NA,NA,NA,NA,NA,NA,NA,FALSE,0,0,FALSE,0,0,FALSE
nfl,2018,401030873,2018-11-13T01:15Z,San Francisco 49ers,New York Giants,SF,NYG,2-8,2-7,23,27,FALSE,San Francisco 49ers,2-8,NA,NA,NA,NA,NA,NA,NA,NA,NA,NA,New York Giants,2-7,San Francisco 49ers,2-8,0.565,0.565,0.855,0.8304093567251463,0.16959064327485374,177,177,1,1,99,4010308732452,245200,NA,NA,NA,NA,NA,NA,NA,NA,NA,NA,FALSE,0,0,FALSE,0,0,FALSE
nfl,2018,401030878,2018-11-16T01:20Z,Seattle Seahawks,Green Bay Packers,SEA,GB,5-5,4-5-1,27,24,TRUE,Seattle Seahawks,5-5,NA,NA,NA,NA,NA,NA,NA,NA,NA,NA,Seattle Seahawks,5-5,Green Bay Packers,4-5-1,0.607,0.607,0.794,0.7405541561712847,0.2594458438287153,164,164,1,1,102,4010308782558,255800,NA,NA,NA,NA,NA,NA,NA,NA,NA,NA,FALSE,0,0,FALSE,0,0,FALSE
nfl,2018,401030929,2018-11-18T18:00Z,Atlanta Falcons,Dallas Cowboys,ATL,DAL,4-6,5-5,19,22,FALSE,Atlanta Falcons,4-6,home,ATL,3.5,50,-186,168,-103,-108,1,nflreadr,Dallas Cowboys,5-5,Atlanta Falcons,4-6,0.596,0.596,0.648,0.45679012345679015,0.5432098765432098,159,159,1,1,40,401030929930,93000,NA,NA,NA,NA,NA,NA,NA,NA,NA,NA,FALSE,0,0,FALSE,0,0,FALSE
nfl,2018,401030910,2018-11-18T18:00Z,Detroit Lions,Carolina Panthers,DET,CAR,4-6,6-4,20,19,TRUE,Carolina Panthers,6-4,away,CAR,4,48,173,-192,-115,103,1,nflreadr,Detroit Lions,4-6,Carolina Panthers,6-4,0.408,0.5920000000000001,0.72,0.6111111111111112,0.38888888888888884,156,156,1,1,12,401030910300,30000,NA,NA,NA,NA,NA,NA,NA,NA,NA,NA,FALSE,0,0,FALSE,0,0,FALSE
nfl,2018,401030922,2018-11-18T18:00Z,Indianapolis Colts,Tennessee Titans,IND,TEN,5-5,5-5,38,10,TRUE,Indianapolis Colts,5-5,home,IND,2,50,-129,117,-108,-103,1,nflreadr,Indianapolis Colts,5-5,Tennessee Titans,5-5,0.625,0.625,0.4459999999999999,0.15919282511210742,0.8408071748878926,156,156,1,1,10,401030922241,24100,NA,NA,NA,NA,NA,NA,NA,NA,NA,NA,FALSE,0,0,FALSE,0,0,FALSE
nfl,2018,401030952,2018-11-18T18:00Z,New York Giants,Tampa Bay Buccaneers,NYG,TB,3-7,3-7,38,35,TRUE,New York Giants,3-7,home,NYG,3,54.5,-162,146,-114,102,1,nflreadr,New York Giants,3-7,Tampa Bay Buccaneers,3-7,0.706,0.706,0.29400000000000004,0,1,162,162,1,1,1,4010309521,100,NA,NA,NA,NA,NA,NA,NA,NA,NA,NA,FALSE,0,0,FALSE,0,0,FALSE
nfl,2018,401030966,2018-11-18T18:00Z,Washington Redskins,Houston Texans,WSH,HOU,6-4,7-3,21,23,FALSE,Houston Texans,7-3,NA,NA,NA,NA,NA,NA,NA,NA,NA,NA,Houston Texans,7-3,Washington Redskins,6-4,0.449,0.5509999999999999,0.57,0.24561403508771917,0.7543859649122808,179,179,1,1,147,4010309663729,372900,NA,NA,NA,NA,NA,NA,NA,NA,NA,NA,FALSE,0,0,FALSE,0,0,FALSE
nfl,2018,401030971,2018-11-18T18:00Z,Jacksonville Jaguars,Pittsburgh Steelers,JAX,PIT,3-7,7-2-1,16,20,FALSE,Pittsburgh Steelers,7-2-1,away,PIT,4,47,181,-202,-102,-109,1,nflreadr,Pittsburgh Steelers,7-2-1,Jacksonville Jaguars,3-7,0.356,0.644,0.977,0.9764585465711362,0.023541453428863823,178,178,1,1,145,4010309713563,356300,NA,NA,NA,NA,NA,NA,NA,NA,NA,NA,FALSE,0,0,FALSE,0,0,FALSE
nfl,2018,401030894,2018-11-18T18:00Z,Baltimore Ravens,Cincinnati Bengals,BAL,CIN,5-5,5-5,24,21,TRUE,Baltimore Ravens,5-5,home,BAL,6.5,44,-260,231,-101,-110,1,nflreadr,Baltimore Ravens,5-5,Cincinnati Bengals,5-5,0.783,0.783,0.786,0.727735368956743,0.27226463104325704,175,175,1,1,117,4010308942872,287200,NA,NA,NA,NA,NA,NA,NA,NA,NA,NA,FALSE,0,0,FALSE,0,0,FALSE
nfl,2018,401030970,2018-11-18T21:05Z,Arizona Cardinals,Oakland Raiders,ARI,OAK,2-8,2-8,21,23,FALSE,Arizona Cardinals,2-8,home,ARI,4.5,41,-211,189,-103,-108,1,nflreadr,Oakland Raiders,2-8,Arizona Cardinals,2-8,0.55,0.55,0.894,0.8814317673378076,0.11856823266219241,180,180,1,1,162,4010309703848,384800,NA,NA,NA,NA,NA,NA,NA,NA,NA,NA,FALSE,0,0,FALSE,0,0,FALSE
nfl,2018,401030969,2018-11-18T21:05Z,Los Angeles Chargers,Denver Broncos,LAC,DEN,7-3,4-6,22,23,FALSE,Los Angeles Chargers,7-3,home,LAC,7.5,47,-329,288,104,-116,1,nflreadr,Denver Broncos,4-6,Los Angeles Chargers,7-3,0.764,0.764,0.964,0.962655601659751,0.03734439834024905,174,174,1,1,112,4010309692803,280300,NA,NA,NA,NA,NA,NA,NA,NA,NA,NA,FALSE,0,0,FALSE,0,0,FALSE
nfl,2018,401030963,2018-11-18T21:25Z,New Orleans Saints,Philadelphia Eagles,NO,PHI,9-1,4-6,48,7,TRUE,New Orleans Saints,9-1,home,NO,7,56.5,-331,290,-105,-105,1,nflreadr,New Orleans Saints,9-1,Philadelphia Eagles,4-6,0.742,0.742,0.276,0.0652173913043479,0.9347826086956521,159,159,1,1,12,401030963303,30300,NA,NA,NA,NA,NA,NA,NA,NA,NA,NA,FALSE,0,0,FALSE,0,0,FALSE
nfl,2018,401030903,2018-11-19T01:20Z,Chicago Bears,Minnesota Vikings,CHI,MIN,7-3,5-4-1,25,20,TRUE,Chicago Bears,7-3,NA,NA,NA,NA,NA,NA,NA,NA,NA,NA,Chicago Bears,7-3,Minnesota Vikings,5-4-1,0.576,0.576,0.48,0.11666666666666659,0.8833333333333334,185,185,1,1,30,401030903714,71400,NA,NA,NA,NA,NA,NA,NA,NA,NA,NA,FALSE,0,0,FALSE,0,0,FALSE
nfl,2018,401030972,2018-11-20T01:15Z,Los Angeles Rams,Kansas City Chiefs,LAR,KC,10-1,9-2,54,51,TRUE,Los Angeles Rams,10-1,NA,NA,NA,NA,NA,NA,NA,NA,NA,NA,Los Angeles Rams,10-1,Kansas City Chiefs,9-2,0.639,0.639,0.915,0.9071038251366121,0.09289617486338786,203,203,1,1,177,4010309724922,492200,NA,NA,NA,NA,NA,NA,NA,NA,NA,NA,FALSE,0,0,FALSE,0,0,FALSE
nfl,2018,401030905,2018-11-22T17:30Z,Detroit Lions,Chicago Bears,DET,CHI,4-7,8-3,16,23,FALSE,Chicago Bears,8-3,away,CHI,3,43,146,-161,102,-114,1,nflreadr,Chicago Bears,8-3,Detroit Lions,4-7,0.364,0.636,0.707,0.5855728429985856,0.4144271570014144,161,161,1,1,55,4010309051481,148100,NA,NA,NA,NA,NA,NA,NA,NA,NA,NA,FALSE,0,0,FALSE,0,0,FALSE
nfl,2018,401030925,2018-11-22T21:30Z,Dallas Cowboys,Washington Redskins,DAL,WSH,6-5,6-5,31,23,TRUE,Dallas Cowboys,6-5,NA,NA,NA,NA,NA,NA,NA,NA,NA,NA,Dallas Cowboys,6-5,Washington Redskins,6-5,0.743,0.743,0.503,0.48906560636182905,0.510934393638171,177,177,1,1,105,4010309252529,252900,NA,NA,NA,NA,NA,NA,NA,NA,NA,NA,FALSE,0,0,FALSE,0,0,FALSE
nfl,2018,401030923,2018-11-23T01:20Z,New Orleans Saints,Atlanta Falcons,NO,ATL,10-1,4-7,31,17,TRUE,New Orleans Saints,10-1,NA,NA,NA,NA,NA,NA,NA,NA,NA,NA,New Orleans Saints,10-1,Atlanta Falcons,4-7,0.803,0.803,0.20299999999999996,0.029556650246305494,0.9704433497536945,159,159,1,2,27,401030923709,70900,NA,NA,NA,NA,NA,NA,NA,NA,NA,NA,FALSE,0,0,FALSE,0,0,FALSE
nfl,2018,401030919,2018-11-25T18:00Z,Buffalo Bills,Jacksonville Jaguars,BUF,JAX,4-7,3-8,24,21,TRUE,Buffalo Bills,4-7,away,JAX,3,36.5,140,-155,-106,-104,1,nflreadr,Buffalo Bills,4-7,Jacksonville Jaguars,3-8,0.519,0.519,0.778,0.7146529562982005,0.28534704370179953,175,175,1,1,114,4010309193211,321100,NA,NA,NA,NA,NA,NA,NA,NA,NA,NA,FALSE,0,0,FALSE,0,0,FALSE
nfl,2018,401030921,2018-11-25T18:00Z,Cincinnati Bengals,Cleveland Browns,CIN,CLE,5-6,4-6-1,20,35,FALSE,Cincinnati Bengals,5-6,away,CLE,1,46.5,102,-113,-105,-105,1,nflreadr,Cleveland Browns,4-6-1,Cincinnati Bengals,5-6,0.669,0.669,0.669,0.5052316890881914,0.4947683109118086,174,174,1,1,1,4010309211,100,NA,NA,NA,NA,NA,NA,NA,NA,NA,NA,FALSE,0,0,FALSE,0,0,FALSE
nfl,2018,401030904,2018-11-25T18:00Z,New York Jets,New England Patriots,NYJ,NE,3-8,8-3,13,27,FALSE,New England Patriots,8-3,away,NE,13,46.5,487,-585,-121,108,1,nflreadr,New England Patriots,8-3,New York Jets,3-8,0.167,0.833,0.399,0.581453634085213,0.418546365914787,175,175,1,1,117,4010309042837,283700,NA,NA,NA,NA,NA,NA,NA,NA,NA,NA,FALSE,0,0,FALSE,0,0,FALSE
nfl,2018,401030914,2018-11-25T18:00Z,Philadelphia Eagles,New York Giants,PHI,NYG,5-6,3-8,25,22,TRUE,Philadelphia Eagles,5-6,home,PHI,4.5,49,-215,192,-108,-103,1,nflreadr,Philadelphia Eagles,5-6,New York Giants,3-8,0.68,0.68,0.874,0.8558352402745995,0.14416475972540055,169,169,1,1,65,4010309141625,162500,NA,NA,NA,NA,NA,NA,NA,NA,NA,NA,FALSE,0,0,FALSE,0,0,FALSE
nfl,2018,401030902,2018-11-25T18:00Z,Tampa Bay Buccaneers,San Francisco 49ers,TB,SF,4-7,2-9,27,9,TRUE,Tampa Bay Buccaneers,4-7,home,TB,1.5,54.5,-127,115,-110,-101,1,nflreadr,Tampa Bay Buccaneers,4-7,San Francisco 49ers,2-9,0.656,0.656,0.42,0.18095238095238098,0.819047619047619,179,179,1,1,7,401030902153,15300,NA,NA,NA,NA,NA,NA,NA,NA,NA,NA,FALSE,0,0,FALSE,0,0,FALSE
nfl,2018,401030920,2018-11-25T18:00Z,Carolina Panthers,Seattle Seahawks,CAR,SEA,6-5,6-5,27,30,FALSE,Carolina Panthers,6-5,home,CAR,3,46.5,-162,146,-112,101,1,nflreadr,Seattle Seahawks,6-5,Carolina Panthers,6-5,0.595,0.595,0.886,0.8713318284424378,0.12866817155756216,161,161,1,1,139,4010309203532,353200,NA,NA,NA,NA,NA,NA,NA,NA,NA,NA,FALSE,0,0,FALSE,0,0,FALSE
nfl,2018,401030916,2018-11-25T18:00Z,Baltimore Ravens,Oakland Raiders,BAL,OAK,6-5,2-9,34,17,TRUE,Baltimore Ravens,6-5,home,BAL,13,42,-691,524,103,-115,1,nflreadr,Baltimore Ravens,6-5,Oakland Raiders,2-9,0.863,0.863,0.31000000000000005,0.5580645161290323,0.4419354838709677,169,169,1,1,45,4010309161165,116500,NA,NA,NA,NA,NA,NA,NA,NA,NA,NA,FALSE,0,0,FALSE,0,0,FALSE
nfl,2018,401030912,2018-11-25T21:05Z,Los Angeles Chargers,Arizona Cardinals,LAC,ARI,8-3,2-9,45,10,TRUE,Los Angeles Chargers,8-3,home,LAC,14,43.5,-837,612,-108,-103,1,nflreadr,Los Angeles Chargers,8-3,Arizona Cardinals,2-9,0.93,0.93,0.28500000000000003,0.7543859649122809,0.24561403508771906,150,150,1,1,22,401030912529,52900,NA,NA,NA,NA,NA,NA,NA,NA,NA,NA,FALSE,0,0,FALSE,0,0,FALSE
nfl,2018,401030911,2018-11-25T21:25Z,Denver Broncos,Pittsburgh Steelers,DEN,PIT,5-6,7-3-1,24,17,TRUE,Pittsburgh Steelers,7-3-1,away,PIT,3,47.5,148,-164,-101,-110,1,nflreadr,Denver Broncos,5-6,Pittsburgh Steelers,7-3-1,0.4,0.6,0.843,0.8137603795966786,0.18623962040332143,172,172,1,1,107,4010309112684,268400,NA,NA,NA,NA,NA,NA,NA,NA,NA,NA,FALSE,0,0,FALSE,0,0,FALSE
nfl,2018,401030906,2018-11-25T21:25Z,Indianapolis Colts,Miami Dolphins,IND,MIA,6-5,5-6,27,24,TRUE,Indianapolis Colts,6-5,home,IND,9,52.5,-394,341,-108,-103,1,nflreadr,Indianapolis Colts,6-5,Miami Dolphins,5-6,0.824,0.824,0.864,0.8425925925925926,0.15740740740740744,164,164,1,1,134,4010309063496,349600,NA,NA,NA,NA,NA,NA,NA,NA,NA,NA,FALSE,0,0,FALSE,0,0,FALSE
nfl,2018,401030908,2018-11-26T01:20Z,Minnesota Vikings,Green Bay Packers,MIN,GB,6-4-1,4-6-1,24,17,TRUE,Minnesota Vikings,6-4-1,NA,NA,NA,NA,NA,NA,NA,NA,NA,NA,Minnesota Vikings,6-4-1,Green Bay Packers,4-6-1,0.566,0.566,0.677,0.5228951255539145,0.4771048744460855,165,165,1,1,44,4010309081063,106300,NA,NA,NA,NA,NA,NA,NA,NA,NA,NA,FALSE,0,0,FALSE,0,0,FALSE
nfl,2018,401030762,2018-11-27T01:15Z,Houston Texans,Tennessee Titans,HOU,TEN,8-3,5-6,34,17,TRUE,Houston Texans,8-3,NA,NA,NA,NA,NA,NA,NA,NA,NA,NA,Houston Texans,8-3,Tennessee Titans,5-6,0.742,0.742,0.508,0.4921259842519685,0.5078740157480315,161,161,1,1,18,401030762459,45900,NA,NA,NA,NA,NA,NA,NA,NA,NA,NA,FALSE,0,0,FALSE,0,0,FALSE
nfl,2018,401030899,2018-11-30T01:20Z,Dallas Cowboys,New Orleans Saints,DAL,NO,7-5,10-2,13,10,TRUE,New Orleans Saints,10-2,NA,NA,NA,NA,NA,NA,NA,NA,NA,NA,Dallas Cowboys,7-5,New Orleans Saints,10-2,0.381,0.619,0.627,0.40510366826156297,0.594896331738437,156,156,1,1,7,401030899147,14700,NA,NA,NA,NA,NA,NA,NA,NA,NA,NA,FALSE,0,0,FALSE,0,0,FALSE
nfl,2018,401030928,2018-12-02T18:00Z,Atlanta Falcons,Baltimore Ravens,ATL,BAL,4-8,7-5,16,26,FALSE,Atlanta Falcons,4-8,home,ATL,2.5,46.5,-147,133,-114,102,1,nflreadr,Baltimore Ravens,7-5,Atlanta Falcons,4-8,0.606,0.606,0.698,0.5673352435530086,0.4326647564469914,175,175,1,2,65,4010309281645,164500,NA,NA,NA,NA,NA,NA,NA,NA,NA,NA,FALSE,0,0,FALSE,0,0,FALSE
nfl,2018,401030955,2018-12-02T18:00Z,Cincinnati Bengals,Denver Broncos,CIN,DEN,5-7,6-6,10,24,FALSE,Denver Broncos,6-6,away,DEN,3.5,45,160,-178,-113,102,1,nflreadr,Denver Broncos,6-6,Cincinnati Bengals,5-7,0.472,0.528,0.61,0.360655737704918,0.639344262295082,173,173,1,1,38,401030955946,94600,NA,NA,NA,NA,NA,NA,NA,NA,NA,NA,FALSE,0,0,FALSE,0,0,FALSE
nfl,2018,401030957,2018-12-02T18:00Z,Detroit Lions,Los Angeles Rams,DET,LAR,4-8,11-1,16,30,FALSE,Los Angeles Rams,11-1,NA,NA,NA,NA,NA,NA,NA,NA,NA,NA,Los Angeles Rams,11-1,Detroit Lions,4-8,0.247,0.753,0.436,0.4334862385321101,0.5665137614678899,186,186,1,1,45,4010309571103,110300,NA,NA,NA,NA,NA,NA,NA,NA,NA,NA,FALSE,0,0,FALSE,0,0,FALSE
nfl,2018,401030965,2018-12-02T18:00Z,Green Bay Packers,Arizona Cardinals,GB,ARI,4-7-1,3-9,17,20,FALSE,Green Bay Packers,4-7-1,home,GB,13.5,41,-729,548,-103,-107,1,nflreadr,Arizona Cardinals,3-9,Green Bay Packers,4-7-1,0.921,0.921,0.924,0.9177489177489178,0.08225108225108224,184,184,1,1,8,401030965172,17200,NA,NA,NA,NA,NA,NA,NA,NA,NA,NA,FALSE,0,0,FALSE,0,0,FALSE
nfl,2018,401030954,2018-12-02T18:00Z,Miami Dolphins,Buffalo Bills,MIA,BUF,6-6,4-8,21,17,TRUE,Miami Dolphins,6-6,home,MIA,3.5,40,-180,162,-103,-108,1,nflreadr,Miami Dolphins,6-6,Buffalo Bills,4-8,0.577,0.577,0.623,0.3948635634028892,0.6051364365971108,167,167,1,1,132,4010309543336,333600,NA,NA,NA,NA,NA,NA,NA,NA,NA,NA,FALSE,0,0,FALSE,0,0,FALSE
nfl,2018,401030953,2018-12-02T18:00Z,New York Giants,Chicago Bears,NYG,CHI,4-8,8-4,30,27,TRUE,New York Giants,4-8,away,CHI,3.5,44,166,-185,-109,-102,1,nflreadr,New York Giants,4-8,Chicago Bears,8-4,0.501,0.501,0.759,0.6824769433465085,0.31752305665349145,206,206,1,1,86,4010309532190,219000,NA,NA,NA,NA,NA,NA,NA,NA,NA,NA,FALSE,0,0,FALSE,0,0,FALSE
nfl,2018,401030968,2018-12-02T18:00Z,Tampa Bay Buccaneers,Carolina Panthers,TB,CAR,5-7,6-6,24,17,TRUE,Tampa Bay Buccaneers,5-7,away,CAR,3.5,52,166,-185,-110,-101,1,nflreadr,Tampa Bay Buccaneers,5-7,Carolina Panthers,6-6,0.5,0.5,0.554,0.19494584837545137,0.8050541516245486,169,169,1,1,53,4010309681259,125900,NA,NA,NA,NA,NA,NA,NA,NA,NA,NA,FALSE,0,0,FALSE,0,0,FALSE
nfl,2018,401030962,2018-12-02T18:00Z,Jacksonville Jaguars,Indianapolis Colts,JAX,IND,4-8,6-6,6,0,TRUE,Indianapolis Colts,6-6,away,IND,4,45.5,179,-199,-103,-108,1,nflreadr,Jacksonville Jaguars,4-8,Indianapolis Colts,6-6,0.425,0.575,0.71,0.5915492957746478,0.40845070422535223,170,170,1,1,41,4010309621139,113900,NA,NA,NA,NA,NA,NA,NA,NA,NA,NA,FALSE,0,0,FALSE,0,0,FALSE
nfl,2018,401030964,2018-12-02T18:00Z,Houston Texans,Cleveland Browns,HOU,CLE,9-3,4-7-1,29,13,TRUE,Houston Texans,9-3,home,HOU,5,47.5,-246,219,-112,101,1,nflreadr,Houston Texans,9-3,Cleveland Browns,4-7-1,0.799,0.799,0.28500000000000003,0.2947368421052634,0.7052631578947366,168,168,1,1,21,401030964503,50300,NA,NA,NA,NA,NA,NA,NA,NA,NA,NA,FALSE,0,0,FALSE,0,0,FALSE
nfl,2018,401030960,2018-12-02T21:05Z,Tennessee Titans,New York Jets,TEN,NYJ,6-6,3-9,26,22,TRUE,Tennessee Titans,6-6,home,TEN,10.5,40.5,-431,370,113,-127,1,nflreadr,Tennessee Titans,6-6,New York Jets,3-9,0.791,0.791,0.972,0.9711934156378601,0.028806584362139898,183,183,1,1,173,4010309604120,412000,NA,NA,NA,NA,NA,NA,NA,NA,NA,NA,FALSE,0,0,FALSE,0,0,FALSE
nfl,2018,401030935,2018-12-02T21:05Z,Oakland Raiders,Kansas City Chiefs,OAK,KC,2-10,10-2,33,40,FALSE,Kansas City Chiefs,10-2,away,KC,14,53.5,593,-769,-112,101,1,nflreadr,Kansas City Chiefs,10-2,Oakland Raiders,2-10,0.162,0.838,0.241,0.3278008298755185,0.6721991701244815,186,186,1,1,158,4010309354187,418700,NA,NA,NA,NA,NA,NA,NA,NA,NA,NA,FALSE,0,0,FALSE,0,0,FALSE
nfl,2018,401030959,2018-12-02T21:25Z,New England Patriots,Minnesota Vikings,NE,MIN,9-3,6-5-1,24,10,TRUE,New England Patriots,9-3,home,NE,6,50,-244,217,102,-114,1,nflreadr,New England Patriots,9-3,Minnesota Vikings,6-5-1,0.677,0.677,0.488,0.3381147540983608,0.6618852459016392,172,172,1,1,112,4010309592762,276200,NA,NA,NA,NA,NA,NA,NA,NA,NA,NA,FALSE,0,0,FALSE,0,0,FALSE
nfl,2018,401030958,2018-12-02T21:25Z,Seattle Seahawks,San Francisco 49ers,SEA,SF,7-5,2-10,43,16,TRUE,Seattle Seahawks,7-5,home,SEA,10,45.5,-500,411,102,-114,1,nflreadr,Seattle Seahawks,7-5,San Francisco 49ers,2-10,0.815,0.815,0.241,0.2323651452282155,0.7676348547717845,178,178,1,1,10,401030958221,22100,NA,NA,NA,NA,NA,NA,NA,NA,NA,NA,FALSE,0,0,FALSE,0,0,FALSE
nfl,2018,401030951,2018-12-03T01:20Z,Pittsburgh Steelers,Los Angeles Chargers,PIT,LAC,7-4-1,9-3,30,33,FALSE,Pittsburgh Steelers,7-4-1,NA,NA,NA,NA,NA,NA,NA,NA,NA,NA,Los Angeles Chargers,9-3,Pittsburgh Steelers,7-4-1,0.59,0.59,0.965,0.9637305699481864,0.0362694300518136,164,164,1,1,92,4010309512329,232900,NA,NA,NA,NA,NA,NA,NA,NA,NA,NA,FALSE,0,0,FALSE,0,0,FALSE
nfl,2018,401030871,2018-12-04T01:15Z,Philadelphia Eagles,Washington Redskins,PHI,WSH,6-6,6-6,28,13,TRUE,Philadelphia Eagles,6-6,NA,NA,NA,NA,NA,NA,NA,NA,NA,NA,Philadelphia Eagles,6-6,Washington Redskins,6-6,0.68,0.68,0.5329999999999999,0.39962476547842396,0.600375234521576,161,161,1,1,69,4010308711731,173100,NA,NA,NA,NA,NA,NA,NA,NA,NA,NA,FALSE,0,0,FALSE,0,0,FALSE
nfl,2018,401030724,2018-12-07T01:20Z,Tennessee Titans,Jacksonville Jaguars,TEN,JAX,7-6,4-9,30,9,TRUE,Tennessee Titans,7-6,NA,NA,NA,NA,NA,NA,NA,NA,NA,NA,Tennessee Titans,7-6,Jacksonville Jaguars,4-9,0.635,0.635,0.44099999999999995,0.17233560090702937,0.8276643990929706,161,161,1,1,43,4010307241128,112800,NA,NA,NA,NA,NA,NA,NA,NA,NA,NA,FALSE,0,0,FALSE,0,0,FALSE
nfl,2018,401030750,2018-12-09T18:00Z,Buffalo Bills,New York Jets,BUF,NYJ,4-9,4-9,23,27,FALSE,Buffalo Bills,4-9,home,BUF,4.5,37,-211,189,-105,-105,1,nflreadr,New York Jets,4-9,Buffalo Bills,4-9,0.677,0.677,0.895,0.8826815642458101,0.11731843575418988,170,170,1,2,38,4010307501078,107800,NA,NA,NA,NA,NA,NA,NA,NA,NA,NA,FALSE,0,0,FALSE,0,0,FALSE
nfl,2018,401030823,2018-12-09T18:00Z,Cleveland Browns,Carolina Panthers,CLE,CAR,5-7-1,6-7,26,20,TRUE,Carolina Panthers,6-7,away,CAR,1,48,106,-117,-103,-108,1,nflreadr,Cleveland Browns,5-7-1,Carolina Panthers,6-7,0.4,0.6,0.751,0.6684420772303594,0.3315579227696406,163,163,1,1,44,4010308231110,111000,NA,NA,NA,NA,NA,NA,NA,NA,NA,NA,FALSE,0,0,FALSE,0,0,FALSE
nfl,2018,401030825,2018-12-09T18:00Z,Green Bay Packers,Atlanta Falcons,GB,ATL,5-7-1,4-9,34,20,TRUE,Green Bay Packers,5-7-1,home,GB,4,51,-185,166,104,-116,1,nflreadr,Green Bay Packers,5-7-1,Atlanta Falcons,4-9,0.643,0.643,0.528,0.32386363636363646,0.6761363636363635,178,178,1,1,10,401030825314,31400,NA,NA,NA,NA,NA,NA,NA,NA,NA,NA,FALSE,0,0,FALSE,0,0,FALSE
nfl,2018,401030764,2018-12-09T18:00Z,Kansas City Chiefs,Baltimore Ravens,KC,BAL,11-2,7-6,27,24,TRUE,Kansas City Chiefs,11-2,home,KC,6.5,49,-269,239,-105,-105,1,nflreadr,Kansas City Chiefs,11-2,Baltimore Ravens,7-6,0.772,0.772,0.939,0.9350372736954207,0.06496272630457933,205,205,1,1,161,4010307644014,401400,NA,NA,NA,NA,NA,NA,NA,NA,NA,NA,FALSE,0,0,FALSE,0,0,FALSE
nfl,2018,401030761,2018-12-09T18:00Z,Miami Dolphins,New England Patriots,MIA,NE,7-6,9-4,34,33,TRUE,New England Patriots,9-4,away,NE,8.5,49.5,319,-367,-108,-103,1,nflreadr,Miami Dolphins,7-6,New England Patriots,9-4,0.243,0.757,0.999,0.9989989989989989,0.0010010010010010895,173,173,1,5,164,4010307613995,399500,NA,NA,NA,NA,NA,NA,NA,NA,NA,NA,FALSE,0,0,FALSE,0,0,FALSE
nfl,2018,401030758,2018-12-09T18:00Z,Tampa Bay Buccaneers,New Orleans Saints,TB,NO,5-8,11-2,14,28,FALSE,New Orleans Saints,11-2,away,NO,8.5,55,330,-380,-108,-103,1,nflreadr,New Orleans Saints,11-2,Tampa Bay Buccaneers,5-8,0.258,0.742,0.862,0.839907192575406,0.16009280742459397,176,176,1,1,104,4010307582556,255600,NA,NA,NA,NA,NA,NA,NA,NA,NA,NA,FALSE,0,0,FALSE,0,0,FALSE
nfl,2018,401030753,2018-12-09T18:00Z,Washington Redskins,New York Giants,WSH,NYG,6-7,5-8,16,40,FALSE,Washington Redskins,6-7,NA,NA,NA,NA,NA,NA,NA,NA,NA,NA,New York Giants,5-8,Washington Redskins,6-7,0.537,0.537,0.608,0.3552631578947367,0.6447368421052633,170,170,1,1,19,401030753463,46300,NA,NA,NA,NA,NA,NA,NA,NA,NA,NA,FALSE,0,0,FALSE,0,0,FALSE
nfl,2018,401030813,2018-12-09T18:00Z,Houston Texans,Indianapolis Colts,HOU,IND,9-4,7-6,21,24,FALSE,Houston Texans,9-4,home,HOU,4,49.5,-196,176,-103,-108,1,nflreadr,Indianapolis Colts,7-6,Houston Texans,9-4,0.644,0.644,0.86,0.8372093023255813,0.16279069767441867,181,181,1,1,49,4010308131324,132400,NA,NA,NA,NA,NA,NA,NA,NA,NA,NA,FALSE,0,0,FALSE,0,0,FALSE
nfl,2018,401030851,2018-12-09T21:05Z,Los Angeles Chargers,Cincinnati Bengals,LAC,CIN,10-3,5-8,26,21,TRUE,Los Angeles Chargers,10-3,home,LAC,17,48.5,-1292,847,-102,-109,1,nflreadr,Los Angeles Chargers,10-3,Cincinnati Bengals,5-8,0.904,0.904,0.257,0.6264591439688717,0.3735408560311283,168,168,1,1,152,4010308513702,370200,NA,NA,NA,NA,NA,NA,NA,NA,NA,NA,FALSE,0,0,FALSE,0,0,FALSE
nfl,2018,401030827,2018-12-09T21:05Z,San Francisco 49ers,Denver Broncos,SF,DEN,3-10,6-7,20,14,TRUE,Denver Broncos,6-7,away,DEN,3,45.5,148,-164,101,-112,1,nflreadr,San Francisco 49ers,3-10,Denver Broncos,6-7,0.403,0.597,0.641,0.43993759750390016,0.5600624024960998,190,190,1,1,9,401030827215,21500,NA,NA,NA,NA,NA,NA,NA,NA,NA,NA,FALSE,0,0,FALSE,0,0,FALSE
nfl,2018,401030854,2018-12-09T21:25Z,Dallas Cowboys,Philadelphia Eagles,DAL,PHI,8-5,6-7,29,23,TRUE,Dallas Cowboys,8-5,home,DAL,3.5,46,-185,166,-101,-110,1,nflreadr,Dallas Cowboys,8-5,Philadelphia Eagles,6-7,0.673,0.673,0.615,0.46829268292682935,0.5317073170731706,195,195,1,1,129,4010308543191,319100,NA,NA,NA,NA,NA,NA,NA,NA,NA,NA,FALSE,0,0,FALSE,0,0,FALSE
nfl,2018,401030863,2018-12-09T21:25Z,Oakland Raiders,Pittsburgh Steelers,OAK,PIT,3-10,7-5-1,24,21,TRUE,Pittsburgh Steelers,7-5-1,away,PIT,10.5,51,384,-449,-133,117,1,nflreadr,Oakland Raiders,3-10,Pittsburgh Steelers,7-5-1,0.265,0.735,0.88,0.8636363636363635,0.13636363636363646,163,163,1,1,155,4010308634055,405500,NA,NA,NA,NA,NA,NA,NA,NA,NA,NA,FALSE,0,0,FALSE,0,0,FALSE
nfl,2018,401030860,2018-12-09T21:25Z,Arizona Cardinals,Detroit Lions,ARI,DET,3-10,5-8,3,17,FALSE,Detroit Lions,5-8,away,DET,2.5,40,126,-139,-101,-110,1,nflreadr,Detroit Lions,5-8,Arizona Cardinals,3-10,0.439,0.5609999999999999,0.535,0.17943925233644853,0.8205607476635515,175,175,1,1,33,401030860764,76400,NA,NA,NA,NA,NA,NA,NA,NA,NA,NA,FALSE,0,0,FALSE,0,0,FALSE
nfl,2018,401030817,2018-12-10T01:20Z,Chicago Bears,Los Angeles Rams,CHI,LAR,9-4,11-2,15,6,TRUE,Los Angeles Rams,11-2,NA,NA,NA,NA,NA,NA,NA,NA,NA,NA,Chicago Bears,9-4,Los Angeles Rams,11-2,0.478,0.522,0.6659999999999999,0.49849849849849837,0.5015015015015016,191,191,1,1,10,401030817232,23200,NA,NA,NA,NA,NA,NA,NA,NA,NA,NA,FALSE,0,0,FALSE,0,0,FALSE
nfl,2018,401030867,2018-12-11T01:15Z,Seattle Seahawks,Minnesota Vikings,SEA,MIN,8-5,6-6-1,21,7,TRUE,Seattle Seahawks,8-5,NA,NA,NA,NA,NA,NA,NA,NA,NA,NA,Seattle Seahawks,8-5,Minnesota Vikings,6-6-1,0.653,0.653,0.481,0.2785862785862786,0.7214137214137214,157,157,1,1,91,4010308672277,227700,NA,NA,NA,NA,NA,NA,NA,NA,NA,NA,FALSE,0,0,FALSE,0,0,FALSE
nfl,2018,401030874,2018-12-14T01:20Z,Kansas City Chiefs,Los Angeles Chargers,KC,LAC,11-3,11-3,28,29,FALSE,Kansas City Chiefs,11-3,NA,NA,NA,NA,NA,NA,NA,NA,NA,NA,Los Angeles Chargers,11-3,Kansas City Chiefs,11-3,0.634,0.634,0.999,0.9989989989989989,0.0010010010010010895,169,169,1,2,160,4010308744161,416100,NA,NA,NA,NA,NA,NA,NA,NA,NA,NA,FALSE,0,0,FALSE,0,0,FALSE
nfl,2018,401030891,2018-12-15T21:30Z,New York Jets,Houston Texans,NYJ,HOU,4-10,10-4,22,29,FALSE,Houston Texans,10-4,away,HOU,7,44,253,-286,-119,106,1,nflreadr,Houston Texans,10-4,New York Jets,4-10,0.306,0.694,0.702,0.5754985754985753,0.4245014245014247,176,176,1,1,147,4010308913618,361800,NA,NA,NA,NA,NA,NA,NA,NA,NA,NA,FALSE,0,0,FALSE,0,0,FALSE
nfl,2018,401030876,2018-12-16T01:20Z,Denver Broncos,Cleveland Browns,DEN,CLE,6-8,6-7-1,16,17,FALSE,Denver Broncos,6-8,NA,NA,NA,NA,NA,NA,NA,NA,NA,NA,Cleveland Browns,6-7-1,Denver Broncos,6-8,0.772,0.772,0.777,0.712998712998713,0.287001287001287,173,173,1,1,2,40103087636,3600,NA,NA,NA,NA,NA,NA,NA,NA,NA,NA,FALSE,0,0,FALSE,0,0,FALSE
nfl,2018,401030900,2018-12-16T18:00Z,Atlanta Falcons,Arizona Cardinals,ATL,ARI,5-9,3-11,40,14,TRUE,Atlanta Falcons,5-9,home,ATL,10,43.5,-382,332,114,-129,1,nflreadr,Atlanta Falcons,5-9,Arizona Cardinals,3-11,0.891,0.891,0.33699999999999997,0.6765578635014837,0.3234421364985163,177,177,1,1,24,401030900624,62400,NA,NA,NA,NA,NA,NA,NA,NA,NA,NA,FALSE,0,0,FALSE,0,0,FALSE
nfl,2018,401030896,2018-12-16T18:00Z,Buffalo Bills,Detroit Lions,BUF,DET,5-9,5-9,14,13,TRUE,Buffalo Bills,5-9,home,BUF,2.5,40,-146,132,-119,106,1,nflreadr,Buffalo Bills,5-9,Detroit Lions,5-9,0.552,0.552,0.8160000000000001,0.7745098039215688,0.22549019607843124,157,157,1,1,111,4010308963041,304100,NA,NA,NA,NA,NA,NA,NA,NA,NA,NA,FALSE,0,0,FALSE,0,0,FALSE
nfl,2018,401030893,2018-12-16T18:00Z,Chicago Bears,Green Bay Packers,CHI,GB,10-4,5-8-1,24,17,TRUE,Chicago Bears,10-4,home,CHI,6,46.5,-248,221,-114,102,1,nflreadr,Chicago Bears,10-4,Green Bay Packers,5-8-1,0.629,0.629,0.5880000000000001,0.3690476190476192,0.6309523809523808,185,185,1,1,121,4010308932915,291500,NA,NA,NA,NA,NA,NA,NA,NA,NA,NA,FALSE,0,0,FALSE,0,0,FALSE
nfl,2018,401030909,2018-12-16T18:00Z,Cincinnati Bengals,Oakland Raiders,CIN,OAK,6-8,3-11,30,16,TRUE,Cincinnati Bengals,6-8,home,CIN,3,46,-155,140,-101,-110,1,nflreadr,Cincinnati Bengals,6-8,Oakland Raiders,3-11,0.681,0.681,0.383,0.16710182767624038,0.8328981723237596,187,187,1,1,16,401030909381,38100,NA,NA,NA,NA,NA,NA,NA,NA,NA,NA,FALSE,0,0,FALSE,0,0,FALSE
nfl,2018,401030927,2018-12-16T18:00Z,Indianapolis Colts,Dallas Cowboys,IND,DAL,8-6,8-6,23,0,TRUE,Indianapolis Colts,8-6,home,IND,3,47,-172,155,-119,106,1,nflreadr,Indianapolis Colts,8-6,Dallas Cowboys,8-6,0.602,0.602,0.502,0.20717131474103578,0.7928286852589642,169,169,1,1,9,401030927195,19500,NA,NA,NA,NA,NA,NA,NA,NA,NA,NA,FALSE,0,0,FALSE,0,0,FALSE
nfl,2018,401030918,2018-12-16T18:00Z,Minnesota Vikings,Miami Dolphins,MIN,MIA,7-6-1,7-7,41,17,TRUE,Minnesota Vikings,7-6-1,home,MIN,7.5,45,-356,311,-103,-107,1,nflreadr,Minnesota Vikings,7-6-1,Miami Dolphins,7-7,0.826,0.826,0.22099999999999995,0.21266968325791813,0.7873303167420819,161,161,1,2,87,4010309182178,217800,NA,NA,NA,NA,NA,NA,NA,NA,NA,NA,FALSE,0,0,FALSE,0,0,FALSE
nfl,2018,401030915,2018-12-16T18:00Z,New York Giants,Tennessee Titans,NYG,TEN,5-9,8-6,0,17,FALSE,New York Giants,5-9,away,TEN,2.5,42,112,-123,-110,-101,1,nflreadr,Tennessee Titans,8-6,New York Giants,5-9,0.586,0.586,0.647,0.45440494590417324,0.5455950540958268,175,175,1,1,12,401030915275,27500,NA,NA,NA,NA,NA,NA,NA,NA,NA,NA,FALSE,0,0,FALSE,0,0,FALSE
nfl,2018,401030924,2018-12-16T18:00Z,Jacksonville Jaguars,Washington Redskins,JAX,WSH,4-10,7-7,13,16,FALSE,Jacksonville Jaguars,4-10,NA,NA,NA,NA,NA,NA,NA,NA,NA,NA,Washington Redskins,7-7,Jacksonville Jaguars,4-10,0.682,0.682,0.914,0.9059080962800876,0.09409190371991238,160,160,1,1,127,4010309243143,314300,NA,NA,NA,NA,NA,NA,NA,NA,NA,NA,FALSE,0,0,FALSE,0,0,FALSE
nfl,2018,401030898,2018-12-16T18:00Z,Baltimore Ravens,Tampa Bay Buccaneers,BAL,TB,8-6,5-9,20,12,TRUE,Baltimore Ravens,8-6,home,BAL,8.5,44.5,-378,328,-107,-103,1,nflreadr,Baltimore Ravens,8-6,Tampa Bay Buccaneers,5-9,0.7,0.7,0.512,0.4140624999999999,0.5859375000000001,163,163,1,1,57,4010308981364,136400,NA,NA,NA,NA,NA,NA,NA,NA,NA,NA,FALSE,0,0,FALSE,0,0,FALSE
nfl,2018,401030950,2018-12-16T21:05Z,San Francisco 49ers,Seattle Seahawks,SF,SEA,4-10,8-6,26,23,TRUE,Seattle Seahawks,8-6,away,SEA,3.5,44,186,-207,101,-112,1,nflreadr,San Francisco 49ers,4-10,Seattle Seahawks,8-6,0.341,0.659,0.794,0.7405541561712847,0.2594458438287153,184,184,1,1,13,401030950335,33500,NA,NA,NA,NA,NA,NA,NA,NA,NA,NA,FALSE,0,0,FALSE,0,0,FALSE
nfl,2018,401030956,2018-12-16T21:25Z,Pittsburgh Steelers,New England Patriots,PIT,NE,8-5-1,9-5,17,10,TRUE,Pittsburgh Steelers,8-5-1,away,NE,2.5,55,117,-129,-105,-105,1,nflreadr,Pittsburgh Steelers,8-5-1,New England Patriots,9-5,0.599,0.599,0.558,0.2813620071684588,0.7186379928315412,160,160,1,1,123,4010309563201,320100,NA,NA,NA,NA,NA,NA,NA,NA,NA,NA,FALSE,0,0,FALSE,0,0,FALSE
nfl,2018,401030961,2018-12-17T01:20Z,Los Angeles Rams,Philadelphia Eagles,LAR,PHI,11-3,7-7,23,30,FALSE,Los Angeles Rams,11-3,NA,NA,NA,NA,NA,NA,NA,NA,NA,NA,Philadelphia Eagles,7-7,Los Angeles Rams,11-3,0.821,0.821,0.843,0.8137603795966786,0.18623962040332143,184,184,1,1,52,4010309611344,134400,NA,NA,NA,NA,NA,NA,NA,NA,NA,NA,FALSE,0,0,FALSE,0,0,FALSE
nfl,2018,401030967,2018-12-18T01:15Z,Carolina Panthers,New Orleans Saints,CAR,NO,6-8,12-2,9,12,FALSE,New Orleans Saints,12-2,NA,NA,NA,NA,NA,NA,NA,NA,NA,NA,New Orleans Saints,12-2,Carolina Panthers,6-8,0.339,0.661,0.584,0.41952054794520555,0.5804794520547945,169,169,1,1,84,4010309672017,201700,NA,NA,NA,NA,NA,NA,NA,NA,NA,NA,FALSE,0,0,FALSE,0,0,FALSE
nfl,2018,401030868,2018-12-22T21:30Z,Tennessee Titans,Washington Redskins,TEN,WSH,9-6,7-8,25,16,TRUE,Tennessee Titans,9-6,NA,NA,NA,NA,NA,NA,NA,NA,NA,NA,Tennessee Titans,9-6,Washington Redskins,7-8,0.758,0.758,0.733,0.669849931787176,0.330150068212824,159,159,1,1,126,4010308682973,297300,NA,NA,NA,NA,NA,NA,NA,NA,NA,NA,FALSE,0,0,FALSE,0,0,FALSE
nfl,2018,401030897,2018-12-23T01:20Z,Los Angeles Chargers,Baltimore Ravens,LAC,BAL,11-4,9-6,10,22,FALSE,Los Angeles Chargers,11-4,NA,NA,NA,NA,NA,NA,NA,NA,NA,NA,Baltimore Ravens,9-6,Los Angeles Chargers,11-4,0.796,0.796,0.796,0.7437185929648242,0.25628140703517577,163,163,1,1,1,4010308971,100,NA,NA,NA,NA,NA,NA,NA,NA,NA,NA,FALSE,0,0,FALSE,0,0,FALSE
nfl,2018,401030872,2018-12-23T18:00Z,Cleveland Browns,Cincinnati Bengals,CLE,CIN,7-7-1,6-9,26,18,TRUE,Cleveland Browns,7-7-1,home,CLE,10,44,-385,334,102,-113,1,nflreadr,Cleveland Browns,7-7-1,Cincinnati Bengals,6-9,0.603,0.603,0.481,0.17463617463617453,0.8253638253638255,150,150,1,1,18,401030872461,46100,NA,NA,NA,NA,NA,NA,NA,NA,NA,NA,FALSE,0,0,FALSE,0,0,FALSE
nfl,2018,401030875,2018-12-23T18:00Z,Dallas Cowboys,Tampa Bay Buccaneers,DAL,TB,9-6,5-10,27,20,TRUE,Dallas Cowboys,9-6,home,DAL,7,48,-315,277,-101,-110,1,nflreadr,Dallas Cowboys,9-6,Tampa Bay Buccaneers,5-10,0.691,0.691,0.415,0.25542168674698784,0.7445783132530122,174,174,1,1,5,401030875118,11800,NA,NA,NA,NA,NA,NA,NA,NA,NA,NA,FALSE,0,0,FALSE,0,0,FALSE
nfl,2018,401030877,2018-12-23T18:00Z,Detroit Lions,Minnesota Vikings,DET,MIN,5-10,8-6-1,9,27,FALSE,Minnesota Vikings,8-6-1,away,MIN,6.5,41.5,236,-266,-114,102,1,nflreadr,Minnesota Vikings,8-6-1,Detroit Lions,5-10,0.407,0.593,0.737,0.6431478968792401,0.3568521031207599,182,182,1,1,61,4010308771539,153900,NA,NA,NA,NA,NA,NA,NA,NA,NA,NA,FALSE,0,0,FALSE,0,0,FALSE
nfl,2018,401030861,2018-12-23T18:00Z,Indianapolis Colts,New York Giants,IND,NYG,9-6,5-10,28,27,TRUE,Indianapolis Colts,9-6,home,IND,10,48.5,-400,346,103,-115,1,nflreadr,Indianapolis Colts,9-6,New York Giants,5-10,0.736,0.736,0.848,0.820754716981132,0.179245283018868,170,170,1,1,116,4010308612863,286300,NA,NA,NA,NA,NA,NA,NA,NA,NA,NA,FALSE,0,0,FALSE,0,0,FALSE
nfl,2018,401030866,2018-12-23T18:00Z,Miami Dolphins,Jacksonville Jaguars,MIA,JAX,7-8,5-10,7,17,FALSE,Miami Dolphins,7-8,home,MIA,3,39.5,-153,139,-105,-105,1,nflreadr,Jacksonville Jaguars,5-10,Miami Dolphins,7-8,0.509,0.509,0.683,0.5358711566617864,0.4641288433382136,152,152,1,1,25,401030866638,63800,NA,NA,NA,NA,NA,NA,NA,NA,NA,NA,FALSE,0,0,FALSE,0,0,FALSE
nfl,2018,401030892,2018-12-23T18:00Z,New England Patriots,Buffalo Bills,NE,BUF,10-5,5-10,24,12,TRUE,New England Patriots,10-5,home,NE,14,46,-750,560,102,-114,1,nflreadr,New England Patriots,10-5,Buffalo Bills,5-10,0.861,0.861,0.15600000000000003,0.10897435897435903,0.891025641025641,174,174,1,1,9,401030892196,19600,NA,NA,NA,NA,NA,NA,NA,NA,NA,NA,FALSE,0,0,FALSE,0,0,FALSE
nfl,2018,401030870,2018-12-23T18:00Z,New York Jets,Green Bay Packers,NYJ,GB,4-11,6-8-1,38,44,FALSE,Green Bay Packers,6-8-1,away,GB,3,47.5,128,-141,-119,106,1,nflreadr,Green Bay Packers,6-8-1,New York Jets,4-11,0.32,0.6799999999999999,0.977,0.9764585465711362,0.023541453428863823,200,200,1,1,142,4010308703827,382700,NA,NA,NA,NA,NA,NA,NA,NA,NA,NA,FALSE,0,0,FALSE,0,0,FALSE
nfl,2018,401030864,2018-12-23T18:00Z,Philadelphia Eagles,Houston Texans,PHI,HOU,8-7,10-5,32,30,TRUE,Philadelphia Eagles,8-7,home,PHI,1,47,-123,111,-114,102,1,nflreadr,Philadelphia Eagles,8-7,Houston Texans,10-5,0.554,0.554,0.808,0.7623762376237624,0.2376237623762376,189,189,1,1,176,4010308644508,450800,NA,NA,NA,NA,NA,NA,NA,NA,NA,NA,FALSE,0,0,FALSE,0,0,FALSE
nfl,2018,401030895,2018-12-23T18:00Z,Carolina Panthers,Atlanta Falcons,CAR,ATL,6-9,6-9,10,24,FALSE,Carolina Panthers,6-9,away,ATL,2.5,46.5,133,-147,106,-119,1,nflreadr,Atlanta Falcons,6-9,Carolina Panthers,6-9,0.501,0.501,0.685,0.5401459854014599,0.45985401459854014,174,174,1,1,76,4010308951953,195300,NA,NA,NA,NA,NA,NA,NA,NA,NA,NA,FALSE,0,0,FALSE,0,0,FALSE
nfl,2018,401030907,2018-12-23T21:05Z,Arizona Cardinals,Los Angeles Rams,ARI,LAR,3-12,12-3,9,31,FALSE,Los Angeles Rams,12-3,NA,NA,NA,NA,NA,NA,NA,NA,NA,NA,Los Angeles Rams,12-3,Arizona Cardinals,3-12,0.112,0.888,0.236,0.5254237288135594,0.47457627118644063,164,164,1,1,19,401030907458,45800,NA,NA,NA,NA,NA,NA,NA,NA,NA,NA,FALSE,0,0,FALSE,0,0,FALSE
nfl,2018,401030901,2018-12-23T21:05Z,San Francisco 49ers,Chicago Bears,SF,CHI,4-11,11-4,9,14,FALSE,Chicago Bears,11-4,away,CHI,3.5,44,171,-190,-108,-103,1,nflreadr,Chicago Bears,11-4,San Francisco 49ers,4-11,0.349,0.651,0.67,0.5074626865671643,0.4925373134328357,154,154,1,1,54,4010309011358,135800,NA,NA,NA,NA,NA,NA,NA,NA,NA,NA,FALSE,0,0,FALSE,0,0,FALSE
nfl,2018,401030913,2018-12-23T21:25Z,New Orleans Saints,Pittsburgh Steelers,NO,PIT,13-2,8-6-1,31,28,TRUE,New Orleans Saints,13-2,home,NO,6.5,53,-269,238,-108,-103,1,nflreadr,New Orleans Saints,13-2,Pittsburgh Steelers,8-6-1,0.71,0.71,0.833,0.7995198079231691,0.20048019207683088,179,179,1,1,162,4010309134263,426300,NA,NA,NA,NA,NA,NA,NA,NA,NA,NA,FALSE,0,0,FALSE,0,0,FALSE
nfl,2018,401030917,2018-12-24T01:20Z,Seattle Seahawks,Kansas City Chiefs,SEA,KC,9-6,11-4,38,31,TRUE,Kansas City Chiefs,11-4,NA,NA,NA,NA,NA,NA,NA,NA,NA,NA,Seattle Seahawks,9-6,Kansas City Chiefs,11-4,0.481,0.519,0.6970000000000001,0.5652797704447634,0.4347202295552366,186,186,1,1,53,4010309171313,131300,NA,NA,NA,NA,NA,NA,NA,NA,NA,NA,FALSE,0,0,FALSE,0,0,FALSE
nfl,2018,401030926,2018-12-25T01:15Z,Oakland Raiders,Denver Broncos,OAK,DEN,4-11,6-9,27,14,TRUE,Denver Broncos,6-9,NA,NA,NA,NA,NA,NA,NA,NA,NA,NA,Oakland Raiders,4-11,Denver Broncos,6-9,0.393,0.607,0.626,0.4025559105431309,0.5974440894568691,171,171,1,1,5,401030926105,10500,NA,NA,NA,NA,NA,NA,NA,NA,NA,NA,FALSE,0,0,FALSE,0,0,FALSE
nfl,2018,401030722,2018-12-30T18:00Z,Buffalo Bills,Miami Dolphins,BUF,MIA,6-10,7-9,42,17,TRUE,Buffalo Bills,6-10,home,BUF,5.5,39.5,-250,222,-109,-102,1,nflreadr,Buffalo Bills,6-10,Miami Dolphins,7-9,0.675,0.675,0.488,0.334016393442623,0.665983606557377,158,158,1,1,81,4010307222192,219200,NA,NA,NA,NA,NA,NA,NA,NA,NA,NA,FALSE,0,0,FALSE,0,0,FALSE
nfl,2018,401030757,2018-12-30T18:00Z,Green Bay Packers,Detroit Lions,GB,DET,6-9-1,6-10,0,31,FALSE,Green Bay Packers,6-9-1,home,GB,7.5,44.5,-324,284,-108,-103,1,nflreadr,Detroit Lions,6-10,Green Bay Packers,6-9-1,0.807,0.807,0.84,0.8095238095238095,0.19047619047619047,163,163,1,1,5,40103075795,9500,NA,NA,NA,NA,NA,NA,NA,NA,NA,NA,FALSE,0,0,FALSE,0,0,FALSE
nfl,2018,401030765,2018-12-30T18:00Z,New England Patriots,New York Jets,NE,NYJ,11-5,4-12,38,3,TRUE,New England Patriots,11-5,home,NE,14,47,-848,618,-110,-101,1,nflreadr,New England Patriots,11-5,New York Jets,4-12,0.889,0.889,0.14200000000000002,0.21830985915492973,0.7816901408450703,157,157,1,1,9,401030765195,19500,NA,NA,NA,NA,NA,NA,NA,NA,NA,NA,FALSE,0,0,FALSE,0,0,FALSE
nfl,2018,401030768,2018-12-30T18:00Z,New Orleans Saints,Carolina Panthers,NO,CAR,13-3,7-9,14,33,FALSE,New Orleans Saints,13-3,home,NO,8,42,-314,276,103,-115,1,nflreadr,Carolina Panthers,7-9,New Orleans Saints,13-3,0.873,0.873,0.889,0.875140607424072,0.12485939257592804,159,159,1,1,4,40103076874,7400,NA,NA,NA,NA,NA,NA,NA,NA,NA,NA,FALSE,0,0,FALSE,0,0,FALSE
nfl,2018,401030812,2018-12-30T18:00Z,New York Giants,Dallas Cowboys,NYG,DAL,5-11,10-6,35,36,FALSE,New York Giants,5-11,home,NYG,7.5,38.5,-338,295,-114,102,1,nflreadr,Dallas Cowboys,10-6,New York Giants,5-11,0.529,0.529,0.978,0.9775051124744376,0.02249488752556239,186,186,1,1,160,4010308124048,404800,NA,NA,NA,NA,NA,NA,NA,NA,NA,NA,FALSE,0,0,FALSE,0,0,FALSE
nfl,2018,401030820,2018-12-30T18:00Z,Tampa Bay Buccaneers,Atlanta Falcons,TB,ATL,5-11,7-9,32,34,FALSE,Atlanta Falcons,7-9,away,ATL,2.5,52,129,-142,-103,-108,1,nflreadr,Atlanta Falcons,7-9,Tampa Bay Buccaneers,5-11,0.477,0.523,0.929,0.9235737351991389,0.07642626480086112,180,180,1,1,77,4010308201861,186100,NA,NA,NA,NA,NA,NA,NA,NA,NA,NA,FALSE,0,0,FALSE,0,0,FALSE
nfl,2018,401030759,2018-12-30T18:00Z,Houston Texans,Jacksonville Jaguars,HOU,JAX,11-5,5-11,20,3,TRUE,Houston Texans,11-5,home,HOU,7,39.5,-311,274,-103,-107,1,nflreadr,Houston Texans,11-5,Jacksonville Jaguars,5-11,0.746,0.746,0.41,0.3804878048780488,0.6195121951219512,167,167,1,1,10,401030759228,22800,NA,NA,NA,NA,NA,NA,NA,NA,NA,NA,FALSE,0,0,FALSE,0,0,FALSE
nfl,2018,401030824,2018-12-30T21:25Z,Denver Broncos,Los Angeles Chargers,DEN,LAC,6-10,12-4,9,23,FALSE,Los Angeles Chargers,12-4,away,LAC,7,43.5,239,-270,-119,106,1,nflreadr,Los Angeles Chargers,12-4,Denver Broncos,6-10,0.39,0.61,0.529,0.2627599243856332,0.7372400756143668,174,174,1,1,34,401030824818,81800,NA,NA,NA,NA,NA,NA,NA,NA,NA,NA,FALSE,0,0,FALSE,0,0,FALSE
nfl,2018,401030760,2018-12-30T21:25Z,Kansas City Chiefs,Oakland Raiders,KC,OAK,12-4,4-12,35,3,TRUE,Kansas City Chiefs,12-4,home,KC,14.5,54,-794,586,103,-115,1,nflreadr,Kansas City Chiefs,12-4,Oakland Raiders,4-12,0.918,0.918,0.09499999999999996,0.13684210526315788,0.8631578947368421,148,148,1,1,3,40103076078,7800,NA,NA,NA,NA,NA,NA,NA,NA,NA,NA,FALSE,0,0,FALSE,0,0,FALSE
nfl,2018,401030850,2018-12-30T21:25Z,Los Angeles Rams,San Francisco 49ers,LAR,SF,13-3,4-12,48,32,TRUE,Los Angeles Rams,13-3,NA,NA,NA,NA,NA,NA,NA,NA,NA,NA,Los Angeles Rams,13-3,San Francisco 49ers,4-12,0.896,0.896,0.123,0.15447154471544733,0.8455284552845527,172,172,1,1,5,401030850106,10600,NA,NA,NA,NA,NA,NA,NA,NA,NA,NA,FALSE,0,0,FALSE,0,0,FALSE
nfl,2018,401030763,2018-12-30T21:25Z,Minnesota Vikings,Chicago Bears,MIN,CHI,8-7-1,12-4,10,24,FALSE,Minnesota Vikings,8-7-1,home,MIN,6,39.5,-230,205,106,-119,1,nflreadr,Chicago Bears,12-4,Minnesota Vikings,8-7-1,0.578,0.578,0.584,0.28767123287671215,0.7123287671232879,160,160,1,1,2,40103076336,3600,NA,NA,NA,NA,NA,NA,NA,NA,NA,NA,FALSE,0,0,FALSE,0,0,FALSE
nfl,2018,401030818,2018-12-30T21:25Z,Pittsburgh Steelers,Cincinnati Bengals,PIT,CIN,9-6-1,6-10,16,13,TRUE,Pittsburgh Steelers,9-6-1,home,PIT,14,45.5,-672,512,102,-114,1,nflreadr,Pittsburgh Steelers,9-6-1,Cincinnati Bengals,6-10,0.864,0.864,0.683,0.8008784773060029,0.19912152269399708,159,159,1,1,66,4010308181650,165000,NA,NA,NA,NA,NA,NA,NA,NA,NA,NA,FALSE,0,0,FALSE,0,0,FALSE
nfl,2018,401030856,2018-12-30T21:25Z,Seattle Seahawks,Arizona Cardinals,SEA,ARI,10-6,3-13,27,24,TRUE,Seattle Seahawks,10-6,home,SEA,15.5,39.5,-822,603,-112,101,1,nflreadr,Seattle Seahawks,10-6,Arizona Cardinals,3-13,0.943,0.943,0.4419999999999999,0.8710407239819002,0.12895927601809976,172,172,1,1,159,4010308563991,399100,NA,NA,NA,NA,NA,NA,NA,NA,NA,NA,FALSE,0,0,FALSE,0,0,FALSE
nfl,2018,401030727,2018-12-30T21:25Z,Washington Redskins,Philadelphia Eagles,WSH,PHI,7-9,9-7,0,24,FALSE,Philadelphia Eagles,9-7,NA,NA,NA,NA,NA,NA,NA,NA,NA,NA,Philadelphia Eagles,9-7,Washington Redskins,7-9,0.426,0.5740000000000001,0.53,0.1962264150943398,0.8037735849056602,147,147,1,1,18,401030727452,45200,NA,NA,NA,NA,NA,NA,NA,NA,NA,NA,FALSE,0,0,FALSE,0,0,FALSE
nfl,2018,401030719,2018-12-30T21:25Z,Baltimore Ravens,Cleveland Browns,BAL,CLE,10-6,7-8-1,26,24,TRUE,Baltimore Ravens,10-6,home,BAL,7,41,-325,285,-108,-103,1,nflreadr,Baltimore Ravens,10-6,Cleveland Browns,7-8-1,0.791,0.791,0.46,0.5456521739130435,0.45434782608695645,179,179,1,1,170,4010307194196,419600,NA,NA,NA,NA,NA,NA,NA,NA,NA,NA,FALSE,0,0,FALSE,0,0,FALSE
nfl,2018,401030755,2018-12-31T01:20Z,Tennessee Titans,Indianapolis Colts,TEN,IND,9-7,10-6,17,33,FALSE,Indianapolis Colts,10-6,NA,NA,NA,NA,NA,NA,NA,NA,NA,NA,Indianapolis Colts,10-6,Tennessee Titans,9-7,0.427,0.573,0.473,0.09725158562367853,0.9027484143763215,168,168,1,1,2,40103075536,3600,NA,NA,NA,NA,NA,NA,NA,NA,NA,NA,FALSE,0,0,FALSE,0,0,FALSE
nfl,2019,401127913,2019-09-06T00:20Z,Chicago Bears,Green Bay Packers,CHI,GB,0-1,1-0,3,10,FALSE,Chicago Bears,0-1,NA,NA,NA,NA,NA,NA,NA,NA,NA,NA,Green Bay Packers,1-0,Chicago Bears,0-1,0.578,0.578,0.74,0.6486486486486487,0.3513513513513513,189,189,1,1,29,401127913676,67600,NA,NA,NA,NA,NA,NA,NA,NA,NA,NA,FALSE,0,0,FALSE,0,0,FALSE
nfl,2019,401127928,2019-09-08T17:00Z,Cleveland Browns,Tennessee Titans,CLE,TEN,0-1,1-0,13,43,FALSE,Cleveland Browns,0-1,home,CLE,5.5,44,-230,206,103,-113,1,nflreadr,Tennessee Titans,1-0,Cleveland Browns,0-1,0.568,0.568,0.699,0.5693848354792559,0.4306151645207441,171,171,1,1,12,401127928302,30200,NA,NA,NA,NA,NA,NA,NA,NA,NA,NA,FALSE,0,0,FALSE,0,0,FALSE
nfl,2019,401127954,2019-09-08T17:00Z,Miami Dolphins,Baltimore Ravens,MIA,BAL,0-1,1-0,10,59,FALSE,Baltimore Ravens,1-0,away,BAL,7,41,263,-298,-112,102,1,nflreadr,Baltimore Ravens,1-0,Miami Dolphins,0-1,0.367,0.633,0.379,0.0316622691292876,0.9683377308707124,163,163,1,1,2,40112795436,3600,NA,NA,NA,NA,NA,NA,NA,NA,NA,NA,FALSE,0,0,FALSE,0,0,FALSE
nfl,2019,401127961,2019-09-08T17:00Z,Minnesota Vikings,Atlanta Falcons,MIN,ATL,1-0,0-1,28,12,TRUE,Minnesota Vikings,1-0,home,MIN,3.5,47,-176,159,104,-115,1,nflreadr,Minnesota Vikings,1-0,Atlanta Falcons,0-1,0.594,0.594,0.413,0.016949152542372725,0.9830508474576273,164,164,1,1,2,40112796136,3600,NA,NA,NA,NA,NA,NA,NA,NA,NA,NA,FALSE,0,0,FALSE,0,0,FALSE
nfl,2019,401127963,2019-09-08T17:00Z,New York Jets,Buffalo Bills,NYJ,BUF,0-1,1-0,16,17,FALSE,New York Jets,0-1,home,NYJ,2.5,41,-149,135,-110,-101,1,nflreadr,Buffalo Bills,1-0,New York Jets,0-1,0.594,0.594,0.974,0.9733059548254619,0.026694045174538106,180,180,1,1,110,4011279632696,269600,NA,NA,NA,NA,NA,NA,NA,NA,NA,NA,FALSE,0,0,FALSE,0,0,FALSE
nfl,2019,401127968,2019-09-08T17:00Z,Philadelphia Eagles,Washington,PHI,WSH,1-0,0-1,32,27,TRUE,Philadelphia Eagles,1-0,NA,NA,NA,NA,NA,NA,NA,NA,NA,NA,Philadelphia Eagles,1-0,Washington,0-1,0.78,0.78,0.845,0.8165680473372781,0.18343195266272194,179,179,1,1,61,4011279681474,147400,NA,NA,NA,NA,NA,NA,NA,NA,NA,NA,FALSE,0,0,FALSE,0,0,FALSE
nfl,2019,401127923,2019-09-08T17:00Z,Carolina Panthers,Los Angeles Rams,CAR,LAR,0-1,1-0,27,30,FALSE,Los Angeles Rams,1-0,NA,NA,NA,NA,NA,NA,NA,NA,NA,NA,Los Angeles Rams,1-0,Carolina Panthers,0-1,0.487,0.513,0.572,0.25174825174825166,0.7482517482517483,187,187,1,1,31,401127923711,71100,NA,NA,NA,NA,NA,NA,NA,NA,NA,NA,FALSE,0,0,FALSE,0,0,FALSE
nfl,2019,401127931,2019-09-08T17:00Z,Jacksonville Jaguars,Kansas City Chiefs,JAX,KC,0-1,1-0,26,40,FALSE,Kansas City Chiefs,1-0,away,KC,3.5,49,163,-181,-110,-101,1,nflreadr,Kansas City Chiefs,1-0,Jacksonville Jaguars,0-1,0.416,0.5840000000000001,0.424,0.018867924528301994,0.981132075471698,162,162,1,1,4,40112793179,7900,NA,NA,NA,NA,NA,NA,NA,NA,NA,NA,FALSE,0,0,FALSE,0,0,FALSE
nfl,2019,401127972,2019-09-08T20:05Z,Los Angeles Chargers,Indianapolis Colts,LAC,IND,1-0,0-1,30,24,TRUE,Los Angeles Chargers,1-0,home,LAC,6,44.5,-265,235,-103,-107,1,nflreadr,Los Angeles Chargers,1-0,Indianapolis Colts,0-1,0.68,0.68,0.661,0.5158850226928897,0.4841149773071103,161,161,1,1,148,4011279723556,355600,NA,NA,NA,NA,NA,NA,NA,NA,NA,NA,FALSE,0,0,FALSE,0,0,FALSE
nfl,2019,401127995,2019-09-08T20:05Z,Seattle Seahawks,Cincinnati Bengals,SEA,CIN,1-0,0-1,21,20,TRUE,Seattle Seahawks,1-0,home,SEA,9.5,44,-398,344,104,-115,1,nflreadr,Seattle Seahawks,1-0,Cincinnati Bengals,0-1,0.771,0.771,0.6659999999999999,0.6561561561561562,0.3438438438438438,171,171,1,1,115,4011279952881,288100,NA,NA,NA,NA,NA,NA,NA,NA,NA,NA,FALSE,0,0,FALSE,0,0,FALSE
nfl,2019,401128007,2019-09-08T20:25Z,Dallas Cowboys,New York Giants,DAL,NYG,1-0,0-1,35,17,TRUE,Dallas Cowboys,1-0,home,DAL,7,44,-308,271,100,-111,1,nflreadr,Dallas Cowboys,1-0,New York Giants,0-1,0.754,0.754,0.534,0.5393258426966292,0.4606741573033708,171,171,1,1,28,401128007672,67200,NA,NA,NA,NA,NA,NA,NA,NA,NA,NA,FALSE,0,0,FALSE,0,0,FALSE
nfl,2019,401128010,2019-09-08T20:25Z,Tampa Bay Buccaneers,San Francisco 49ers,TB,SF,0-1,1-0,17,31,FALSE,Tampa Bay Buccaneers,0-1,home,TB,1,51,-108,-102,-104,-106,1,nflreadr,San Francisco 49ers,1-0,Tampa Bay Buccaneers,0-1,0.522,0.522,0.674,0.5163204747774481,0.48367952522255186,169,169,1,1,60,4011280101521,152100,NA,NA,NA,NA,NA,NA,NA,NA,NA,NA,FALSE,0,0,FALSE,0,0,FALSE
nfl,2019,401127860,2019-09-09T00:20Z,New England Patriots,Pittsburgh Steelers,NE,PIT,1-0,0-1,33,3,TRUE,New England Patriots,1-0,NA,NA,NA,NA,NA,NA,NA,NA,NA,NA,New England Patriots,1-0,Pittsburgh Steelers,0-1,0.652,0.652,0.405,0.14074074074074083,0.8592592592592592,174,174,1,1,8,401127860178,17800,NA,NA,NA,NA,NA,NA,NA,NA,NA,NA,FALSE,0,0,FALSE,0,0,FALSE
nfl,2019,401128021,2019-09-09T23:10Z,New Orleans Saints,Houston Texans,NO,HOU,1-0,0-1,30,28,TRUE,New Orleans Saints,1-0,home,NO,6.5,52,-310,273,-113,103,1,nflreadr,New Orleans Saints,1-0,Houston Texans,0-1,0.654,0.654,0.9,0.8888888888888888,0.11111111111111116,172,172,1,1,163,4011280214163,416300,NA,NA,NA,NA,NA,NA,NA,NA,NA,NA,FALSE,0,0,FALSE,0,0,FALSE
nfl,2019,401128025,2019-09-10T02:20Z,Oakland Raiders,Denver Broncos,OAK,DEN,1-0,0-1,24,16,TRUE,Oakland Raiders,1-0,NA,NA,NA,NA,NA,NA,NA,NA,NA,NA,Oakland Raiders,1-0,Denver Broncos,0-1,0.519,0.519,0.5449999999999999,0.16513761467889876,0.8348623853211012,157,157,1,1,3,40112802558,5800,NA,NA,NA,NA,NA,NA,NA,NA,NA,NA,FALSE,0,0,FALSE,0,0,FALSE
nfl,2019,401128054,2019-09-13T00:20Z,Carolina Panthers,Tampa Bay Buccaneers,CAR,TB,0-2,1-1,14,20,FALSE,Carolina Panthers,0-2,NA,NA,NA,NA,NA,NA,NA,NA,NA,NA,Tampa Bay Buccaneers,1-1,Carolina Panthers,0-2,0.693,0.693,0.754,0.6737400530503979,0.32625994694960214,185,185,1,1,57,4011280541378,137800,NA,NA,NA,NA,NA,NA,NA,NA,NA,NA,FALSE,0,0,FALSE,0,0,FALSE
nfl,2019,401128066,2019-09-15T17:00Z,Cincinnati Bengals,San Francisco 49ers,CIN,SF,0-2,2-0,17,41,FALSE,San Francisco 49ers,2-0,home,CIN,1,46,-107,-103,100,-111,1,nflreadr,San Francisco 49ers,2-0,Cincinnati Bengals,0-2,0.449,0.5509999999999999,0.524,0.14312977099236635,0.8568702290076337,177,177,1,1,23,401128066606,60600,NA,NA,NA,NA,NA,NA,NA,NA,NA,NA,FALSE,0,0,FALSE,0,0,FALSE
nfl,2019,401128072,2019-09-15T17:00Z,Detroit Lions,Los Angeles Chargers,DET,LAC,1-0-1,1-1,13,10,TRUE,Los Angeles Chargers,1-1,away,LAC,1,47,-103,-107,-113,102,1,nflreadr,Detroit Lions,1-0-1,Los Angeles Chargers,1-1,0.499,0.501,0.852,0.8262910798122065,0.1737089201877935,159,159,1,1,126,4011280723172,317200,NA,NA,NA,NA,NA,NA,NA,NA,NA,NA,FALSE,0,0,FALSE,0,0,FALSE
nfl,2019,401128098,2019-09-15T17:00Z,Green Bay Packers,Minnesota Vikings,GB,MIN,2-0,1-1,21,16,TRUE,Green Bay Packers,2-0,home,GB,3,43,-165,148,-108,-102,1,nflreadr,Green Bay Packers,2-0,Minnesota Vikings,1-1,0.551,0.551,0.503,0.10735586481113335,0.8926441351888666,177,177,1,1,153,4011280983813,381300,NA,NA,NA,NA,NA,NA,NA,NA,NA,NA,FALSE,0,0,FALSE,0,0,FALSE
nfl,2019,401128114,2019-09-15T17:00Z,Tennessee Titans,Indianapolis Colts,TEN,IND,1-1,1-1,17,19,FALSE,Tennessee Titans,1-1,home,TEN,3,43.5,-178,160,-120,108,1,nflreadr,Indianapolis Colts,1-1,Tennessee Titans,1-1,0.658,0.658,0.857,0.8331388564760793,0.16686114352392067,167,167,1,1,123,4011281143004,300400,NA,NA,NA,NA,NA,NA,NA,NA,NA,NA,FALSE,0,0,FALSE,0,0,FALSE
nfl,2019,401127862,2019-09-15T17:00Z,Miami Dolphins,New England Patriots,MIA,NE,0-2,2-0,0,43,FALSE,New England Patriots,2-0,away,NE,18,48.5,880,-1300,-109,-101,1,nflreadr,New England Patriots,2-0,Miami Dolphins,0-2,0.142,0.858,0.145,0.020689655172413612,0.9793103448275864,168,168,1,1,2,40112786236,3600,NA,NA,NA,NA,NA,NA,NA,NA,NA,NA,FALSE,0,0,FALSE,0,0,FALSE
nfl,2019,401128106,2019-09-15T17:00Z,New York Giants,Buffalo Bills,NYG,BUF,0-2,2-0,14,28,FALSE,Buffalo Bills,2-0,away,BUF,1,44.5,102,-113,-103,-108,1,nflreadr,Buffalo Bills,2-0,New York Giants,0-2,0.494,0.506,0.702,0.5754985754985753,0.4245014245014247,182,182,1,1,11,401128106233,23300,NA,NA,NA,NA,NA,NA,NA,NA,NA,NA,FALSE,0,0,FALSE,0,0,FALSE
nfl,2019,401128110,2019-09-15T17:00Z,Pittsburgh Steelers,Seattle Seahawks,PIT,SEA,0-2,2-0,26,28,FALSE,Pittsburgh Steelers,0-2,home,PIT,4,47,-197,175,-101,-109,1,nflreadr,Seattle Seahawks,2-0,Pittsburgh Steelers,0-2,0.537,0.537,0.74,0.6486486486486487,0.3513513513513513,174,174,1,1,43,4011281101043,104300,NA,NA,NA,NA,NA,NA,NA,NA,NA,NA,FALSE,0,0,FALSE,0,0,FALSE
nfl,2019,401128115,2019-09-15T17:00Z,Washington,Dallas Cowboys,WSH,DAL,0-2,2-0,21,31,FALSE,Dallas Cowboys,2-0,NA,NA,NA,NA,NA,NA,NA,NA,NA,NA,Dallas Cowboys,2-0,Washington,0-2,0.392,0.608,0.658,0.48024316109422505,0.519756838905775,162,162,1,2,40,4011281151051,105100,NA,NA,NA,NA,NA,NA,NA,NA,NA,NA,FALSE,0,0,FALSE,0,0,FALSE
nfl,2019,401128061,2019-09-15T17:00Z,Baltimore Ravens,Arizona Cardinals,BAL,ARI,2-0,0-1-1,23,17,TRUE,Baltimore Ravens,2-0,home,BAL,13,46,-665,513,-100,-110,1,nflreadr,Baltimore Ravens,2-0,Arizona Cardinals,0-1-1,0.857,0.857,0.414,0.6545893719806763,0.34541062801932365,179,179,1,1,144,4011280613510,351000,NA,NA,NA,NA,NA,NA,NA,NA,NA,NA,FALSE,0,0,FALSE,0,0,FALSE
nfl,2019,401128101,2019-09-15T17:00Z,Houston Texans,Jacksonville Jaguars,HOU,JAX,1-1,0-2,13,12,TRUE,Houston Texans,1-1,home,HOU,7.5,43,-336,286,111,-122,1,nflreadr,Houston Texans,1-1,Jacksonville Jaguars,0-2,0.738,0.738,0.43700000000000006,0.4004576659038902,0.5995423340961098,165,165,1,1,95,4011281012206,220600,NA,NA,NA,NA,NA,NA,NA,NA,NA,NA,FALSE,0,0,FALSE,0,0,FALSE
nfl,2019,401128118,2019-09-15T20:05Z,Oakland Raiders,Kansas City Chiefs,OAK,KC,1-1,2-0,10,28,FALSE,Kansas City Chiefs,2-0,away,KC,7,53.5,252,-293,-119,108,1,nflreadr,Kansas City Chiefs,2-0,Oakland Raiders,1-1,0.298,0.702,0.724,0.6187845303867403,0.3812154696132597,175,175,1,1,32,401128118760,76000,NA,NA,NA,NA,NA,NA,NA,NA,NA,NA,FALSE,0,0,FALSE,0,0,FALSE
nfl,2019,401128120,2019-09-15T20:25Z,Denver Broncos,Chicago Bears,DEN,CHI,0-2,1-1,14,16,FALSE,Chicago Bears,1-1,away,CHI,3,41,132,-147,-114,103,1,nflreadr,Chicago Bears,1-1,Denver Broncos,0-2,0.49,0.51,0.939,0.9350372736954207,0.06496272630457933,182,182,1,1,177,4011281204277,427700,NA,NA,NA,NA,NA,NA,NA,NA,NA,NA,FALSE,0,0,FALSE,0,0,FALSE
nfl,2019,401128122,2019-09-15T20:25Z,Los Angeles Rams,New Orleans Saints,LAR,NO,2-0,1-1,27,9,TRUE,Los Angeles Rams,2-0,NA,NA,NA,NA,NA,NA,NA,NA,NA,NA,Los Angeles Rams,2-0,New Orleans Saints,1-1,0.586,0.586,0.484,0.14462809917355357,0.8553719008264464,173,173,1,1,71,4011281221812,181200,NA,NA,NA,NA,NA,NA,NA,NA,NA,NA,FALSE,0,0,FALSE,0,0,FALSE
nfl,2019,401128124,2019-09-16T00:20Z,Atlanta Falcons,Philadelphia Eagles,ATL,PHI,1-1,1-1,24,20,TRUE,Atlanta Falcons,1-1,NA,NA,NA,NA,NA,NA,NA,NA,NA,NA,Atlanta Falcons,1-1,Philadelphia Eagles,1-1,0.503,0.503,0.739,0.6468200270635995,0.35317997293640047,181,181,1,1,161,4011281243968,396800,NA,NA,NA,NA,NA,NA,NA,NA,NA,NA,FALSE,0,0,FALSE,0,0,FALSE
nfl,2019,401128127,2019-09-17T00:15Z,New York Jets,Cleveland Browns,NYJ,CLE,0-2,1-1,3,23,FALSE,New York Jets,0-2,NA,NA,NA,NA,NA,NA,NA,NA,NA,NA,Cleveland Browns,1-1,New York Jets,0-2,0.588,0.588,0.59,0.3050847457627117,0.6949152542372883,169,169,1,1,2,40112812735,3500,NA,NA,NA,NA,NA,NA,NA,NA,NA,NA,FALSE,0,0,FALSE,0,0,FALSE
nfl,2019,401127859,2019-09-20T00:20Z,Jacksonville Jaguars,Tennessee Titans,JAX,TEN,1-2,1-2,20,7,TRUE,Tennessee Titans,1-2,NA,NA,NA,NA,NA,NA,NA,NA,NA,NA,Jacksonville Jaguars,1-2,Tennessee Titans,1-2,0.383,0.617,0.665,0.4962406015037595,0.5037593984962405,174,174,1,1,3,40112785951,5100,NA,NA,NA,NA,NA,NA,NA,NA,NA,NA,FALSE,0,0,FALSE,0,0,FALSE
nfl,2019,401127915,2019-09-22T17:00Z,Buffalo Bills,Cincinnati Bengals,BUF,CIN,3-0,0-3,21,17,TRUE,Buffalo Bills,3-0,home,BUF,5.5,43.5,-252,220,-106,-104,1,nflreadr,Buffalo Bills,3-0,Cincinnati Bengals,0-3,0.68,0.68,0.726,0.6225895316804406,0.3774104683195594,177,177,1,1,152,4011279154097,409700,NA,NA,NA,NA,NA,NA,NA,NA,NA,NA,FALSE,0,0,FALSE,0,0,FALSE
nfl,2019,401127921,2019-09-22T17:00Z,Dallas Cowboys,Miami Dolphins,DAL,MIA,3-0,0-3,31,6,TRUE,Dallas Cowboys,3-0,home,DAL,22,46.5,-2540,1454,-112,102,1,nflreadr,Dallas Cowboys,3-0,Miami Dolphins,0-3,0.961,0.961,0.16000000000000003,0.7562499999999999,0.24375000000000013,180,180,1,1,86,4011279212063,206300,NA,NA,NA,NA,NA,NA,NA,NA,NA,NA,FALSE,0,0,FALSE,0,0,FALSE
nfl,2019,401127925,2019-09-22T17:00Z,Green Bay Packers,Denver Broncos,GB,DEN,3-0,0-3,27,16,TRUE,Green Bay Packers,3-0,home,GB,7,42,-327,278,-102,-108,1,nflreadr,Green Bay Packers,3-0,Denver Broncos,0-3,0.679,0.679,0.492,0.3475609756097562,0.6524390243902438,165,165,1,1,60,4011279251431,143100,NA,NA,NA,NA,NA,NA,NA,NA,NA,NA,FALSE,0,0,FALSE,0,0,FALSE
nfl,2019,401127929,2019-09-22T17:00Z,Indianapolis Colts,Atlanta Falcons,IND,ATL,2-1,1-2,27,24,TRUE,Indianapolis Colts,2-1,home,IND,1,48,-116,105,-111,100,1,nflreadr,Indianapolis Colts,2-1,Atlanta Falcons,1-2,0.558,0.558,0.458,0.03493449781659408,0.9650655021834059,163,163,1,1,17,401127929370,37000,NA,NA,NA,NA,NA,NA,NA,NA,NA,NA,FALSE,0,0,FALSE,0,0,FALSE
nfl,2019,401127953,2019-09-22T17:00Z,Kansas City Chiefs,Baltimore Ravens,KC,BAL,3-0,2-1,33,28,TRUE,Kansas City Chiefs,3-0,home,KC,4.5,52,-216,191,-102,-108,1,nflreadr,Kansas City Chiefs,3-0,Baltimore Ravens,2-1,0.722,0.722,0.493,0.4361054766734279,0.5638945233265721,184,184,1,1,29,401127953712,71200,NA,NA,NA,NA,NA,NA,NA,NA,NA,NA,FALSE,0,0,FALSE,0,0,FALSE
nfl,2019,401127956,2019-09-22T17:00Z,Minnesota Vikings,Oakland Raiders,MIN,OAK,2-1,1-2,34,14,TRUE,Minnesota Vikings,2-1,home,MIN,8.5,43,-405,337,-105,-105,1,nflreadr,Minnesota Vikings,2-1,Oakland Raiders,1-2,0.78,0.78,0.249,0.11646586345381538,0.8835341365461846,153,153,1,1,4,40112795679,7900,NA,NA,NA,NA,NA,NA,NA,NA,NA,NA,FALSE,0,0,FALSE,0,0,FALSE
nfl,2019,401127861,2019-09-22T17:00Z,New England Patriots,New York Jets,NE,NYJ,3-0,0-3,30,14,TRUE,New England Patriots,3-0,home,NE,20.5,43,-1962,1203,-101,-109,1,nflreadr,New England Patriots,3-0,New York Jets,0-3,0.903,0.903,0.114,0.1491228070175441,0.8508771929824559,168,168,1,1,4,40112786172,7200,NA,NA,NA,NA,NA,NA,NA,NA,NA,NA,FALSE,0,0,FALSE,0,0,FALSE
nfl,2019,401127959,2019-09-22T17:00Z,Philadelphia Eagles,Detroit Lions,PHI,DET,1-2,2-0-1,24,27,FALSE,Philadelphia Eagles,1-2,home,PHI,4,45,-212,188,-106,-104,1,nflreadr,Detroit Lions,2-0-1,Philadelphia Eagles,1-2,0.652,0.652,0.748,0.6631016042780749,0.33689839572192515,176,176,1,1,9,401127959199,19900,NA,NA,NA,NA,NA,NA,NA,NA,NA,NA,FALSE,0,0,FALSE,0,0,FALSE
nfl,2019,401127962,2019-09-22T20:05Z,Arizona Cardinals,Carolina Panthers,ARI,CAR,0-2-1,1-2,20,38,FALSE,Arizona Cardinals,0-2-1,home,ARI,2.5,46,-131,118,103,-114,1,nflreadr,Carolina Panthers,1-2,Arizona Cardinals,0-2-1,0.597,0.597,0.763,0.689384010484928,0.31061598951507197,179,179,1,1,28,401127962690,69000,NA,NA,NA,NA,NA,NA,NA,NA,NA,NA,FALSE,0,0,FALSE,0,0,FALSE
nfl,2019,401127966,2019-09-22T20:05Z,Tampa Bay Buccaneers,New York Giants,TB,NYG,1-2,1-2,31,32,FALSE,Tampa Bay Buccaneers,1-2,home,TB,5,48,-230,202,-107,-103,1,nflreadr,New York Giants,1-2,Tampa Bay Buccaneers,1-2,0.742,0.742,0.973,0.9722507708119219,0.027749229188078095,184,184,1,2,84,4011279662073,207300,NA,NA,NA,NA,NA,NA,NA,NA,NA,NA,FALSE,0,0,FALSE,0,0,FALSE
nfl,2019,401127970,2019-09-22T20:25Z,Los Angeles Chargers,Houston Texans,LAC,HOU,1-2,2-1,20,27,FALSE,Los Angeles Chargers,1-2,home,LAC,3,49,-168,151,-115,104,1,nflreadr,Houston Texans,2-1,Los Angeles Chargers,1-2,0.563,0.563,0.872,0.8532110091743119,0.14678899082568808,172,172,1,1,91,4011279702210,221000,NA,NA,NA,NA,NA,NA,NA,NA,NA,NA,FALSE,0,0,FALSE,0,0,FALSE
nfl,2019,401127998,2019-09-22T20:25Z,San Francisco 49ers,Pittsburgh Steelers,SF,PIT,3-0,0-3,24,20,TRUE,San Francisco 49ers,3-0,home,SF,6,44.5,-276,239,-107,-104,1,nflreadr,San Francisco 49ers,3-0,Pittsburgh Steelers,0-3,0.799,0.799,0.708,0.7161016949152543,0.2838983050847457,168,168,1,1,147,4011279983686,368600,NA,NA,NA,NA,NA,NA,NA,NA,NA,NA,FALSE,0,0,FALSE,0,0,FALSE
nfl,2019,401127993,2019-09-22T20:25Z,Seattle Seahawks,New Orleans Saints,SEA,NO,2-1,2-1,27,33,FALSE,Seattle Seahawks,2-1,home,SEA,5,44,-225,199,-105,-106,1,nflreadr,New Orleans Saints,2-1,Seattle Seahawks,2-1,0.556,0.556,0.599,0.330550918196995,0.669449081803005,177,177,1,1,52,4011279931323,132300,NA,NA,NA,NA,NA,NA,NA,NA,NA,NA,FALSE,0,0,FALSE,0,0,FALSE
nfl,2019,401128125,2019-09-23T00:20Z,Cleveland Browns,Los Angeles Rams,CLE,LAR,1-2,3-0,13,20,FALSE,Los Angeles Rams,3-0,NA,NA,NA,NA,NA,NA,NA,NA,NA,NA,Los Angeles Rams,3-0,Cleveland Browns,1-2,0.386,0.614,0.687,0.5443959243085881,0.4556040756914119,173,173,1,1,116,4011281252748,274800,NA,NA,NA,NA,NA,NA,NA,NA,NA,NA,FALSE,0,0,FALSE,0,0,FALSE
nfl,2019,401128003,2019-09-24T00:15Z,Washington,Chicago Bears,WSH,CHI,0-3,2-1,15,31,FALSE,Chicago Bears,2-1,NA,NA,NA,NA,NA,NA,NA,NA,NA,NA,Chicago Bears,2-1,Washington,0-3,0.424,0.5760000000000001,0.472,0.10169491525423735,0.8983050847457626,173,173,1,1,13,401128003302,30200,NA,NA,NA,NA,NA,NA,NA,NA,NA,NA,FALSE,0,0,FALSE,0,0,FALSE
nfl,2019,401127863,2019-09-27T00:20Z,Green Bay Packers,Philadelphia Eagles,GB,PHI,3-1,2-2,27,34,FALSE,Green Bay Packers,3-1,NA,NA,NA,NA,NA,NA,NA,NA,NA,NA,Philadelphia Eagles,2-2,Green Bay Packers,3-1,0.645,0.645,0.875,0.8571428571428572,0.1428571428571428,173,173,1,2,35,401127863827,82700,NA,NA,NA,NA,NA,NA,NA,NA,NA,NA,FALSE,0,0,FALSE,0,0,FALSE
nfl,2019,401128016,2019-09-29T17:00Z,Atlanta Falcons,Tennessee Titans,ATL,TEN,1-3,2-2,10,24,FALSE,Atlanta Falcons,1-3,home,ATL,3.5,46,-174,156,102,-113,1,nflreadr,Tennessee Titans,2-2,Atlanta Falcons,1-3,0.545,0.545,0.608,0.3552631578947367,0.6447368421052633,178,178,1,1,30,401128016722,72200,NA,NA,NA,NA,NA,NA,NA,NA,NA,NA,FALSE,0,0,FALSE,0,0,FALSE
nfl,2019,401127866,2019-09-29T17:00Z,Buffalo Bills,New England Patriots,BUF,NE,3-1,4-0,10,16,FALSE,New England Patriots,4-0,away,NE,7,41.5,274,-321,-108,-102,1,nflreadr,New England Patriots,4-0,Buffalo Bills,3-1,0.246,0.754,0.408,0.3970588235294117,0.6029411764705883,186,186,1,1,111,4011278662856,285600,NA,NA,NA,NA,NA,NA,NA,NA,NA,NA,FALSE,0,0,FALSE,0,0,FALSE
nfl,2019,401128023,2019-09-29T17:00Z,Detroit Lions,Kansas City Chiefs,DET,KC,2-1-1,4-0,30,34,FALSE,Kansas City Chiefs,4-0,away,KC,7.5,54.5,307,-364,-116,105,1,nflreadr,Kansas City Chiefs,4-0,Detroit Lions,2-1-1,0.299,0.7010000000000001,0.999,0.9989989989989989,0.0010010010010010895,187,187,1,1,174,4011280234554,455400,NA,NA,NA,NA,NA,NA,NA,NA,NA,NA,FALSE,0,0,FALSE,0,0,FALSE
nfl,2019,401128030,2019-09-29T17:00Z,Indianapolis Colts,Oakland Raiders,IND,OAK,2-2,2-2,24,31,FALSE,Indianapolis Colts,2-2,home,IND,5.5,46,-242,212,-104,-106,1,nflreadr,Oakland Raiders,2-2,Indianapolis Colts,2-2,0.752,0.752,0.752,0.6702127659574468,0.32978723404255317,182,182,1,1,1,4011280301,100,NA,NA,NA,NA,NA,NA,NA,NA,NA,NA,FALSE,0,0,FALSE,0,0,FALSE
nfl,2019,401128055,2019-09-29T17:00Z,Miami Dolphins,Los Angeles Chargers,MIA,LAC,0-4,2-2,10,30,FALSE,Los Angeles Chargers,2-2,away,LAC,15,43.5,602,-806,-107,-103,1,nflreadr,Los Angeles Chargers,2-2,Miami Dolphins,0-4,0.138,0.862,0.352,0.6079545454545454,0.3920454545454546,149,149,1,1,46,4011280551151,115100,NA,NA,NA,NA,NA,NA,NA,NA,NA,NA,FALSE,0,0,FALSE,0,0,FALSE
nfl,2019,401128059,2019-09-29T17:00Z,New York Giants,Washington,NYG,WSH,2-2,0-4,24,3,TRUE,New York Giants,2-2,NA,NA,NA,NA,NA,NA,NA,NA,NA,NA,New York Giants,2-2,Washington,0-4,0.553,0.553,0.456,0.019736842105263275,0.9802631578947367,159,159,1,1,9,401128059209,20900,NA,NA,NA,NA,NA,NA,NA,NA,NA,NA,FALSE,0,0,FALSE,0,0,FALSE
nfl,2019,401128018,2019-09-29T17:00Z,Baltimore Ravens,Cleveland Browns,BAL,CLE,2-2,2-2,25,40,FALSE,Baltimore Ravens,2-2,home,BAL,7.5,47,-327,279,106,-117,1,nflreadr,Cleveland Browns,2-2,Baltimore Ravens,2-2,0.729,0.729,0.775,0.7096774193548387,0.29032258064516125,169,169,1,1,5,40112801894,9400,NA,NA,NA,NA,NA,NA,NA,NA,NA,NA,FALSE,0,0,FALSE,0,0,FALSE
nfl,2019,401128026,2019-09-29T17:00Z,Houston Texans,Carolina Panthers,HOU,CAR,2-2,2-2,10,16,FALSE,Houston Texans,2-2,home,HOU,5.5,47.5,-257,224,-110,-100,1,nflreadr,Carolina Panthers,2-2,Houston Texans,2-2,0.755,0.755,0.806,0.7593052109181142,0.2406947890818858,175,175,1,1,6,401128026127,12700,NA,NA,NA,NA,NA,NA,NA,NA,NA,NA,FALSE,0,0,FALSE,0,0,FALSE
nfl,2019,401128069,2019-09-29T20:05Z,Los Angeles Rams,Tampa Bay Buccaneers,LAR,TB,3-1,2-2,40,55,FALSE,Los Angeles Rams,3-1,NA,NA,NA,NA,NA,NA,NA,NA,NA,NA,Tampa Bay Buccaneers,2-2,Los Angeles Rams,3-1,0.808,0.808,0.827,0.7908101571946795,0.2091898428053205,213,213,1,1,6,401128069136,13600,NA,NA,NA,NA,NA,NA,NA,NA,NA,NA,FALSE,0,0,FALSE,0,0,FALSE
nfl,2019,401128064,2019-09-29T20:05Z,Arizona Cardinals,Seattle Seahawks,ARI,SEA,0-3-1,3-1,10,27,FALSE,Seattle Seahawks,3-1,away,SEA,5.5,49,209,-238,-103,-107,1,nflreadr,Seattle Seahawks,3-1,Arizona Cardinals,0-3-1,0.394,0.606,0.473,0.16701902748414366,0.8329809725158563,172,172,1,1,10,401128064205,20500,NA,NA,NA,NA,NA,NA,NA,NA,NA,NA,FALSE,0,0,FALSE,0,0,FALSE
nfl,2019,401128093,2019-09-29T20:25Z,Chicago Bears,Minnesota Vikings,CHI,MIN,3-1,2-2,16,6,TRUE,Minnesota Vikings,2-2,away,MIN,1,38,-102,-108,-109,-101,1,nflreadr,Chicago Bears,3-1,Minnesota Vikings,2-2,0.474,0.526,0.5589999999999999,0.21109123434704813,0.7889087656529519,174,174,1,1,11,401128093262,26200,NA,NA,NA,NA,NA,NA,NA,NA,NA,NA,FALSE,0,0,FALSE,0,0,FALSE
nfl,2019,401128097,2019-09-29T20:25Z,Denver Broncos,Jacksonville Jaguars,DEN,JAX,0-4,2-2,24,26,FALSE,Denver Broncos,0-4,home,DEN,2.5,37,-137,124,-109,-102,1,nflreadr,Jacksonville Jaguars,2-2,Denver Broncos,0-4,0.588,0.588,0.942,0.9384288747346072,0.06157112526539277,185,185,1,1,83,4011280971964,196400,NA,NA,NA,NA,NA,NA,NA,NA,NA,NA,FALSE,0,0,FALSE,0,0,FALSE
nfl,2019,401128102,2019-09-30T00:20Z,New Orleans Saints,Dallas Cowboys,NO,DAL,3-1,3-1,12,10,TRUE,New Orleans Saints,3-1,NA,NA,NA,NA,NA,NA,NA,NA,NA,NA,New Orleans Saints,3-1,Dallas Cowboys,3-1,0.552,0.552,0.5860000000000001,0.2935153583617749,0.7064846416382251,164,164,1,1,22,401128102540,54000,NA,NA,NA,NA,NA,NA,NA,NA,NA,NA,FALSE,0,0,FALSE,0,0,FALSE
nfl,2019,401128109,2019-10-01T00:15Z,Pittsburgh Steelers,Cincinnati Bengals,PIT,CIN,1-3,0-4,27,3,TRUE,Pittsburgh Steelers,1-3,NA,NA,NA,NA,NA,NA,NA,NA,NA,NA,Pittsburgh Steelers,1-3,Cincinnati Bengals,0-4,0.652,0.652,0.505,0.31089108910891095,0.689108910891089,160,160,1,1,26,401128109590,59000,NA,NA,NA,NA,NA,NA,NA,NA,NA,NA,FALSE,0,0,FALSE,0,0,FALSE
nfl,2019,401127927,2019-10-04T00:20Z,Seattle Seahawks,Los Angeles Rams,SEA,LAR,4-1,3-2,30,29,TRUE,Seattle Seahawks,4-1,NA,NA,NA,NA,NA,NA,NA,NA,NA,NA,Seattle Seahawks,4-1,Los Angeles Rams,3-2,0.502,0.502,0.819,0.7789987789987789,0.2210012210012211,183,183,1,1,156,4011279274086,408600,NA,NA,NA,NA,NA,NA,NA,NA,NA,NA,FALSE,0,0,FALSE,0,0,FALSE
nfl,2019,401127958,2019-10-06T17:00Z,Cincinnati Bengals,Arizona Cardinals,CIN,ARI,0-5,1-3-1,23,26,FALSE,Cincinnati Bengals,0-5,home,CIN,3,45,-154,139,-104,-106,1,nflreadr,Arizona Cardinals,1-3-1,Cincinnati Bengals,0-5,0.563,0.563,0.723,0.6168741355463347,0.38312586445366525,184,184,1,1,13,401127958277,27700,NA,NA,NA,NA,NA,NA,NA,NA,NA,NA,FALSE,0,0,FALSE,0,0,FALSE
nfl,2019,401128014,2019-10-06T17:00Z,Tennessee Titans,Buffalo Bills,TEN,BUF,2-3,4-1,7,14,FALSE,Tennessee Titans,2-3,home,TEN,3.5,39.5,-182,162,-101,-110,1,nflreadr,Buffalo Bills,4-1,Tennessee Titans,2-3,0.733,0.733,0.762,0.6876640419947506,0.3123359580052494,161,161,1,1,31,401128014730,73000,NA,NA,NA,NA,NA,NA,NA,NA,NA,NA,FALSE,0,0,FALSE,0,0,FALSE
nfl,2019,401128001,2019-10-06T17:00Z,Oakland Raiders,Chicago Bears,OAK,CHI,3-2,3-2,24,21,TRUE,Chicago Bears,3-2,away,CHI,6.5,39.5,232,-266,-110,-101,1,nflreadr,Oakland Raiders,3-2,Chicago Bears,3-2,0.414,0.5860000000000001,0.841,0.8109393579072532,0.18906064209274676,168,168,1,1,140,4011280013520,352000,NA,NA,NA,NA,NA,NA,NA,NA,NA,NA,FALSE,0,0,FALSE,0,0,FALSE
nfl,2019,401127965,2019-10-06T17:00Z,New Orleans Saints,Tampa Bay Buccaneers,NO,TB,4-1,2-3,31,24,TRUE,New Orleans Saints,4-1,home,NO,3,46,-148,133,107,-118,1,nflreadr,New Orleans Saints,4-1,Tampa Bay Buccaneers,2-3,0.595,0.595,0.5449999999999999,0.25688073394495403,0.743119266055046,165,165,1,1,49,4011279651239,123900,NA,NA,NA,NA,NA,NA,NA,NA,NA,NA,FALSE,0,0,FALSE,0,0,FALSE
nfl,2019,401127971,2019-10-06T17:00Z,New York Giants,Minnesota Vikings,NYG,MIN,2-3,3-2,10,28,FALSE,Minnesota Vikings,3-2,away,MIN,5.5,44,213,-243,105,-116,1,nflreadr,Minnesota Vikings,3-2,New York Giants,2-3,0.283,0.7170000000000001,0.309,0.0841423948220067,0.9158576051779933,176,176,1,1,19,401127971435,43500,NA,NA,NA,NA,NA,NA,NA,NA,NA,NA,FALSE,0,0,FALSE,0,0,FALSE
nfl,2019,401128006,2019-10-06T17:00Z,Philadelphia Eagles,New York Jets,PHI,NYJ,3-2,0-4,31,6,TRUE,Philadelphia Eagles,3-2,home,PHI,14,43,-782,587,-101,-109,1,nflreadr,Philadelphia Eagles,3-2,New York Jets,0-4,0.767,0.767,0.238,0.021008403361344574,0.9789915966386554,159,159,1,1,2,40112800636,3600,NA,NA,NA,NA,NA,NA,NA,NA,NA,NA,FALSE,0,0,FALSE,0,0,FALSE
nfl,2019,401128011,2019-10-06T17:00Z,Pittsburgh Steelers,Baltimore Ravens,PIT,BAL,1-4,3-2,23,26,FALSE,Baltimore Ravens,3-2,away,BAL,3.5,44,160,-179,-113,102,1,nflreadr,Baltimore Ravens,3-2,Pittsburgh Steelers,1-4,0.446,0.554,0.757,0.678996036988111,0.32100396301188905,178,178,1,1,146,4011280113785,378500,NA,NA,NA,NA,NA,NA,NA,NA,NA,NA,FALSE,0,0,FALSE,0,0,FALSE
nfl,2019,401127864,2019-10-06T17:00Z,Washington,New England Patriots,WSH,NE,0-5,5-0,7,33,FALSE,New England Patriots,5-0,NA,NA,NA,NA,NA,NA,NA,NA,NA,NA,New England Patriots,5-0,Washington,0-5,0.133,0.867,0.263,0.49429657794676807,0.5057034220532319,176,176,1,1,45,4011278641118,111800,NA,NA,NA,NA,NA,NA,NA,NA,NA,NA,FALSE,0,0,FALSE,0,0,FALSE
nfl,2019,401127932,2019-10-06T17:00Z,Carolina Panthers,Jacksonville Jaguars,CAR,JAX,3-2,2-3,34,27,TRUE,Carolina Panthers,3-2,home,CAR,3,41,-189,169,-131,119,1,nflreadr,Carolina Panthers,3-2,Jacksonville Jaguars,2-3,0.58,0.58,0.504,0.16666666666666663,0.8333333333333334,189,189,1,1,33,401127932831,83100,NA,NA,NA,NA,NA,NA,NA,NA,NA,NA,FALSE,0,0,FALSE,0,0,FALSE
nfl,2019,401127960,2019-10-06T17:00Z,Houston Texans,Atlanta Falcons,HOU,ATL,3-2,1-4,53,32,TRUE,Houston Texans,3-2,home,HOU,4,49,-207,184,-109,-101,1,nflreadr,Houston Texans,3-2,Atlanta Falcons,1-4,0.642,0.642,0.64,0.44062500000000004,0.559375,185,185,1,1,19,401127960480,48000,NA,NA,NA,NA,NA,NA,NA,NA,NA,NA,FALSE,0,0,FALSE,0,0,FALSE
nfl,2019,401128019,2019-10-06T20:05Z,Los Angeles Chargers,Denver Broncos,LAC,DEN,2-3,1-4,13,20,FALSE,Los Angeles Chargers,2-3,home,LAC,4,46,-226,199,-113,102,1,nflreadr,Denver Broncos,1-4,Los Angeles Chargers,2-3,0.653,0.653,0.653,0.46860643185298634,0.5313935681470137,171,171,1,1,1,4011280191,100,NA,NA,NA,NA,NA,NA,NA,NA,NA,NA,FALSE,0,0,FALSE,0,0,FALSE
nfl,2019,401128029,2019-10-06T20:25Z,Dallas Cowboys,Green Bay Packers,DAL,GB,3-2,4-1,24,34,FALSE,Dallas Cowboys,3-2,home,DAL,3.5,46.5,-181,162,102,-113,1,nflreadr,Green Bay Packers,4-1,Dallas Cowboys,3-2,0.606,0.606,0.695,0.5611510791366905,0.4388489208633095,189,189,1,1,11,401128029264,26400,NA,NA,NA,NA,NA,NA,NA,NA,NA,NA,FALSE,0,0,FALSE,0,0,FALSE
nfl,2019,401128053,2019-10-07T00:20Z,Kansas City Chiefs,Indianapolis Colts,KC,IND,4-1,3-2,13,19,FALSE,Kansas City Chiefs,4-1,NA,NA,NA,NA,NA,NA,NA,NA,NA,NA,Indianapolis Colts,3-2,Kansas City Chiefs,4-1,0.81,0.81,0.86,0.8372093023255813,0.16279069767441867,181,181,1,1,10,401128053230,23000,NA,NA,NA,NA,NA,NA,NA,NA,NA,NA,FALSE,0,0,FALSE,0,0,FALSE
nfl,2019,401128062,2019-10-08T00:15Z,San Francisco 49ers,Cleveland Browns,SF,CLE,4-0,2-3,31,3,TRUE,San Francisco 49ers,4-0,NA,NA,NA,NA,NA,NA,NA,NA,NA,NA,San Francisco 49ers,4-0,Cleveland Browns,2-3,0.731,0.731,0.29900000000000004,0.10033444816053516,0.8996655518394648,161,161,1,1,3,40112806251,5100,NA,NA,NA,NA,NA,NA,NA,NA,NA,NA,FALSE,0,0,FALSE,0,0,FALSE
nfl,2019,401127917,2019-10-11T00:20Z,New England Patriots,New York Giants,NE,NYG,6-0,2-4,35,14,TRUE,New England Patriots,6-0,NA,NA,NA,NA,NA,NA,NA,NA,NA,NA,New England Patriots,6-0,New York Giants,2-4,0.929,0.929,0.20799999999999996,0.6586538461538463,0.34134615384615374,162,162,1,1,69,4011279171690,169000,NA,NA,NA,NA,NA,NA,NA,NA,NA,NA,FALSE,0,0,FALSE,0,0,FALSE
nfl,2019,401128096,2019-10-13T13:30Z,Tampa Bay Buccaneers,Carolina Panthers,TB,CAR,2-4,4-2,26,37,FALSE,Tampa Bay Buccaneers,2-4,away,CAR,2,48.5,113,-125,-110,-100,1,nflreadr,Carolina Panthers,4-2,Tampa Bay Buccaneers,2-4,0.552,0.552,0.559,0.21109123434704857,0.7889087656529514,193,193,1,1,2,40112809644,4400,NA,NA,NA,NA,NA,NA,NA,NA,NA,NA,FALSE,0,0,FALSE,0,0,FALSE
nfl,2019,401128111,2019-10-13T17:00Z,Cleveland Browns,Seattle Seahawks,CLE,SEA,2-4,5-1,28,32,FALSE,Seattle Seahawks,5-1,home,CLE,1,45.5,-113,102,-106,-104,1,nflreadr,Seattle Seahawks,5-1,Cleveland Browns,2-4,0.459,0.5409999999999999,0.868,0.8479262672811059,0.15207373271889413,183,183,1,1,79,4011281111902,190200,NA,NA,NA,NA,NA,NA,NA,NA,NA,NA,FALSE,0,0,FALSE,0,0,FALSE
nfl,2019,401128119,2019-10-13T17:00Z,Kansas City Chiefs,Houston Texans,KC,HOU,4-2,4-2,24,31,FALSE,Kansas City Chiefs,4-2,home,KC,3.5,54.5,-186,166,-103,-108,1,nflreadr,Houston Texans,4-2,Kansas City Chiefs,4-2,0.669,0.669,0.899,0.8876529477196886,0.11234705228031139,176,176,1,1,43,4011281191117,111700,NA,NA,NA,NA,NA,NA,NA,NA,NA,NA,FALSE,0,0,FALSE,0,0,FALSE
nfl,2019,401128121,2019-10-13T17:00Z,Miami Dolphins,Washington,MIA,WSH,0-5,1-5,16,17,FALSE,Washington,1-5,NA,NA,NA,NA,NA,NA,NA,NA,NA,NA,Washington,1-5,Miami Dolphins,0-5,0.347,0.653,0.5,0.30600000000000005,0.694,173,173,1,1,13,401128121301,30100,NA,NA,NA,NA,NA,NA,NA,NA,NA,NA,FALSE,0,0,FALSE,0,0,FALSE
nfl,2019,401128123,2019-10-13T17:00Z,Minnesota Vikings,Philadelphia Eagles,MIN,PHI,4-2,3-3,38,20,TRUE,Minnesota Vikings,4-2,home,MIN,3.5,44,-176,157,105,-115,1,nflreadr,Minnesota Vikings,4-2,Philadelphia Eagles,3-3,0.654,0.654,0.367,0.05722070844686655,0.9427792915531334,173,173,1,1,9,401128123191,19100,NA,NA,NA,NA,NA,NA,NA,NA,NA,NA,FALSE,0,0,FALSE,0,0,FALSE
nfl,2019,401128116,2019-10-13T17:00Z,Jacksonville Jaguars,New Orleans Saints,JAX,NO,2-4,5-1,6,13,FALSE,New Orleans Saints,5-1,home,JAX,2.5,42.5,-139,126,-110,100,1,nflreadr,New Orleans Saints,5-1,Jacksonville Jaguars,2-4,0.422,0.5780000000000001,0.562,0.2491103202846977,0.7508896797153023,162,162,1,1,90,4011281162097,209700,NA,NA,NA,NA,NA,NA,NA,NA,NA,NA,FALSE,0,0,FALSE,0,0,FALSE
nfl,2019,401128105,2019-10-13T17:00Z,Baltimore Ravens,Cincinnati Bengals,BAL,CIN,4-2,0-6,23,17,TRUE,Baltimore Ravens,4-2,home,BAL,10.5,47,-531,425,-104,-106,1,nflreadr,Baltimore Ravens,4-2,Cincinnati Bengals,0-6,0.81,0.81,0.344,0.4476744186046513,0.5523255813953487,178,178,1,1,2,40112810536,3600,NA,NA,NA,NA,NA,NA,NA,NA,NA,NA,FALSE,0,0,FALSE,0,0,FALSE
nfl,2019,401128128,2019-10-13T20:05Z,Los Angeles Rams,San Francisco 49ers,LAR,SF,3-3,5-0,7,20,FALSE,Los Angeles Rams,3-3,NA,NA,NA,NA,NA,NA,NA,NA,NA,NA,San Francisco 49ers,5-0,Los Angeles Rams,3-3,0.564,0.564,0.751,0.6684420772303594,0.3315579227696406,173,173,1,1,19,401128128469,46900,NA,NA,NA,NA,NA,NA,NA,NA,NA,NA,FALSE,0,0,FALSE,0,0,FALSE
nfl,2019,401128126,2019-10-13T20:05Z,Arizona Cardinals,Atlanta Falcons,ARI,ATL,2-3-1,1-5,34,33,TRUE,Atlanta Falcons,1-5,away,ATL,3,52.5,145,-161,-102,-108,1,nflreadr,Arizona Cardinals,2-3-1,Atlanta Falcons,1-5,0.443,0.5569999999999999,0.7130000000000001,0.5974754558204771,0.4025245441795229,187,187,1,1,20,401128126513,51300,NA,NA,NA,NA,NA,NA,NA,NA,NA,NA,FALSE,0,0,FALSE,0,0,FALSE
nfl,2019,401128129,2019-10-13T20:25Z,Denver Broncos,Tennessee Titans,DEN,TEN,2-4,2-4,16,0,TRUE,Tennessee Titans,2-4,home,DEN,1,41,-121,109,-113,103,1,nflreadr,Denver Broncos,2-4,Tennessee Titans,2-4,0.49,0.51,0.524,0.09160305343511466,0.9083969465648853,172,172,1,1,37,401128129822,82200,NA,NA,NA,NA,NA,NA,NA,NA,NA,NA,FALSE,0,0,FALSE,0,0,FALSE
nfl,2019,401128130,2019-10-13T20:25Z,New York Jets,Dallas Cowboys,NYJ,DAL,1-4,3-3,24,22,TRUE,Dallas Cowboys,3-3,away,DAL,7,43.5,270,-316,-110,-100,1,nflreadr,New York Jets,1-4,Dallas Cowboys,3-3,0.269,0.731,0.773,0.7063389391979302,0.2936610608020698,180,180,1,1,9,401128130206,20600,NA,NA,NA,NA,NA,NA,NA,NA,NA,NA,FALSE,0,0,FALSE,0,0,FALSE
nfl,2019,401128131,2019-10-14T00:20Z,Los Angeles Chargers,Pittsburgh Steelers,LAC,PIT,2-4,2-4,17,24,FALSE,Los Angeles Chargers,2-4,NA,NA,NA,NA,NA,NA,NA,NA,NA,NA,Pittsburgh Steelers,2-4,Los Angeles Chargers,2-4,0.644,0.644,0.663,0.49170437405731526,0.5082956259426847,153,153,1,1,11,401128131257,25700,NA,NA,NA,NA,NA,NA,NA,NA,NA,NA,FALSE,0,0,FALSE,0,0,FALSE
nfl,2019,401128132,2019-10-15T00:15Z,Green Bay Packers,Detroit Lions,GB,DET,5-1,2-2-1,23,22,TRUE,Green Bay Packers,5-1,NA,NA,NA,NA,NA,NA,NA,NA,NA,NA,Green Bay Packers,5-1,Detroit Lions,2-2-1,0.662,0.662,0.86,0.8372093023255813,0.16279069767441867,178,178,1,1,140,4011281323285,328500,NA,NA,NA,NA,NA,NA,NA,NA,NA,NA,FALSE,0,0,FALSE,0,0,FALSE
nfl,2019,401127902,2019-10-18T00:20Z,Denver Broncos,Kansas City Chiefs,DEN,KC,2-5,5-2,6,30,FALSE,Kansas City Chiefs,5-2,NA,NA,NA,NA,NA,NA,NA,NA,NA,NA,Kansas City Chiefs,5-2,Denver Broncos,2-5,0.361,0.639,0.51,0.2921568627450981,0.7078431372549019,164,164,1,1,12,401127902277,27700,NA,NA,NA,NA,NA,NA,NA,NA,NA,NA,FALSE,0,0,FALSE,0,0,FALSE
nfl,2019,401127940,2019-10-20T17:00Z,Atlanta Falcons,Los Angeles Rams,ATL,LAR,1-6,4-3,10,37,FALSE,Atlanta Falcons,1-6,NA,NA,NA,NA,NA,NA,NA,NA,NA,NA,Los Angeles Rams,4-3,Atlanta Falcons,1-6,0.506,0.506,0.627,0.40510366826156297,0.594896331738437,171,171,1,1,31,401127940715,71500,NA,NA,NA,NA,NA,NA,NA,NA,NA,NA,FALSE,0,0,FALSE,0,0,FALSE
nfl,2019,401127942,2019-10-20T17:00Z,Buffalo Bills,Miami Dolphins,BUF,MIA,5-1,0-6,31,21,TRUE,Buffalo Bills,5-1,home,BUF,17,42.5,-1137,793,-108,-103,1,nflreadr,Buffalo Bills,5-1,Miami Dolphins,0-6,0.911,0.911,0.72,0.8763888888888889,0.12361111111111112,165,165,1,1,98,4011279422486,248600,NA,NA,NA,NA,NA,NA,NA,NA,NA,NA,FALSE,0,0,FALSE,0,0,FALSE
nfl,2019,401127945,2019-10-20T17:00Z,Cincinnati Bengals,Jacksonville Jaguars,CIN,JAX,0-7,3-4,17,27,FALSE,Jacksonville Jaguars,3-4,away,JAX,4,44.5,189,-214,105,-116,1,nflreadr,Jacksonville Jaguars,3-4,Cincinnati Bengals,0-7,0.4,0.6,0.63,0.4126984126984128,0.5873015873015872,193,193,1,1,89,4011279452203,220300,NA,NA,NA,NA,NA,NA,NA,NA,NA,NA,FALSE,0,0,FALSE,0,0,FALSE
nfl,2019,401127947,2019-10-20T17:00Z,Detroit Lions,Minnesota Vikings,DET,MIN,2-3-1,5-2,30,42,FALSE,Minnesota Vikings,5-2,away,MIN,2.5,43.5,124,-137,-100,-110,1,nflreadr,Minnesota Vikings,5-2,Detroit Lions,2-3-1,0.369,0.631,0.591,0.3756345177664975,0.6243654822335025,183,183,1,1,46,4011279471228,122800,NA,NA,NA,NA,NA,NA,NA,NA,NA,NA,FALSE,0,0,FALSE,0,0,FALSE
nfl,2019,401127949,2019-10-20T17:00Z,Green Bay Packers,Oakland Raiders,GB,OAK,6-1,3-3,42,24,TRUE,Green Bay Packers,6-1,home,GB,5.5,48,-241,211,-107,-103,1,nflreadr,Green Bay Packers,6-1,Oakland Raiders,3-3,0.721,0.721,0.43899999999999995,0.3644646924829156,0.6355353075170844,157,157,1,1,11,401127949220,22000,NA,NA,NA,NA,NA,NA,NA,NA,NA,NA,FALSE,0,0,FALSE,0,0,FALSE
nfl,2019,401127951,2019-10-20T17:00Z,Indianapolis Colts,Houston Texans,IND,HOU,4-2,4-3,30,23,TRUE,Houston Texans,4-3,home,IND,1.5,46.5,-120,109,-106,-104,1,nflreadr,Indianapolis Colts,4-2,Houston Texans,4-3,0.463,0.5369999999999999,0.5680000000000001,0.23943661971830998,0.76056338028169,177,177,1,1,109,4011279512824,282400,NA,NA,NA,NA,NA,NA,NA,NA,NA,NA,FALSE,0,0,FALSE,0,0,FALSE
nfl,2019,401127974,2019-10-20T17:00Z,New York Giants,Arizona Cardinals,NYG,ARI,2-5,3-3-1,21,27,FALSE,New York Giants,2-5,home,NYG,3.5,49.5,-188,168,-104,-106,1,nflreadr,Arizona Cardinals,3-3-1,New York Giants,2-5,0.548,0.548,0.565,0.23008849557522115,0.7699115044247788,173,173,1,1,4,40112797475,7500,NA,NA,NA,NA,NA,NA,NA,NA,NA,NA,FALSE,0,0,FALSE,0,0,FALSE
nfl,2019,401127977,2019-10-20T17:00Z,Washington,San Francisco 49ers,WSH,SF,1-6,6-0,0,9,FALSE,San Francisco 49ers,6-0,NA,NA,NA,NA,NA,NA,NA,NA,NA,NA,San Francisco 49ers,6-0,Washington,1-6,0.218,0.782,0.423,0.48463356973995275,0.5153664302600472,144,144,1,1,104,4011279772478,247800,NA,NA,NA,NA,NA,NA,NA,NA,NA,NA,FALSE,0,0,FALSE,0,0,FALSE
nfl,2019,401127979,2019-10-20T20:05Z,Tennessee Titans,Los Angeles Chargers,TEN,LAC,3-4,2-5,23,20,TRUE,Tennessee Titans,3-4,home,TEN,3,42.5,-157,141,-103,-107,1,nflreadr,Tennessee Titans,3-4,Los Angeles Chargers,2-5,0.603,0.603,0.989,0.9888776541961577,0.011122345803842304,159,159,1,1,153,4011279793677,367700,NA,NA,NA,NA,NA,NA,NA,NA,NA,NA,FALSE,0,0,FALSE,0,0,FALSE
nfl,2019,401127982,2019-10-20T20:25Z,Chicago Bears,New Orleans Saints,CHI,NO,3-3,6-1,25,36,FALSE,Chicago Bears,3-3,home,CHI,4,37,-213,188,-110,100,1,nflreadr,New Orleans Saints,6-1,Chicago Bears,3-3,0.597,0.597,0.619,0.38449111470113073,0.6155088852988693,194,194,1,1,48,4011279821292,129200,NA,NA,NA,NA,NA,NA,NA,NA,NA,NA,FALSE,0,0,FALSE,0,0,FALSE
nfl,2019,401127985,2019-10-20T20:25Z,Seattle Seahawks,Baltimore Ravens,SEA,BAL,5-2,5-2,16,30,FALSE,Seattle Seahawks,5-2,home,SEA,3,49,-157,141,-106,-104,1,nflreadr,Baltimore Ravens,5-2,Seattle Seahawks,5-2,0.642,0.642,0.78,0.7179487179487181,0.28205128205128194,169,169,1,1,63,4011279851590,159000,NA,NA,NA,NA,NA,NA,NA,NA,NA,NA,FALSE,0,0,FALSE,0,0,FALSE
nfl,2019,401127987,2019-10-21T00:20Z,Dallas Cowboys,Philadelphia Eagles,DAL,PHI,4-3,3-4,37,10,TRUE,Dallas Cowboys,4-3,NA,NA,NA,NA,NA,NA,NA,NA,NA,NA,Dallas Cowboys,4-3,Philadelphia Eagles,3-4,0.629,0.629,0.392,0.0535714285714286,0.9464285714285714,165,165,1,1,5,401127987101,10100,NA,NA,NA,NA,NA,NA,NA,NA,NA,NA,FALSE,0,0,FALSE,0,0,FALSE
nfl,2019,401127894,2019-10-22T00:15Z,New York Jets,New England Patriots,NYJ,NE,1-5,7-0,0,33,FALSE,New England Patriots,7-0,NA,NA,NA,NA,NA,NA,NA,NA,NA,NA,New England Patriots,7-0,New York Jets,1-5,0.146,0.854,0.161,0.09316770186335399,0.906832298136646,175,175,1,1,11,401127894247,24700,NA,NA,NA,NA,NA,NA,NA,NA,NA,NA,FALSE,0,0,FALSE,0,0,FALSE
nfl,2019,401127905,2019-10-25T00:20Z,Minnesota Vikings,Washington,MIN,WSH,6-2,1-7,19,9,TRUE,Minnesota Vikings,6-2,NA,NA,NA,NA,NA,NA,NA,NA,NA,NA,Minnesota Vikings,6-2,Washington,1-7,0.916,0.916,0.275,0.6945454545454547,0.3054545454545453,148,148,1,1,57,4011279051308,130800,NA,NA,NA,NA,NA,NA,NA,NA,NA,NA,FALSE,0,0,FALSE,0,0,FALSE
nfl,2019,401128035,2019-10-27T17:00Z,Atlanta Falcons,Seattle Seahawks,ATL,SEA,1-7,6-2,20,27,FALSE,Seattle Seahawks,6-2,away,SEA,7.5,48.5,275,-323,-117,106,1,nflreadr,Seattle Seahawks,6-2,Atlanta Falcons,1-7,0.41,0.5900000000000001,0.451,0.09090909090909116,0.9090909090909088,178,178,1,1,32,401128035743,74300,NA,NA,NA,NA,NA,NA,NA,NA,NA,NA,FALSE,0,0,FALSE,0,0,FALSE
nfl,2019,401128037,2019-10-27T17:00Z,Buffalo Bills,Philadelphia Eagles,BUF,PHI,5-2,4-4,13,31,FALSE,Philadelphia Eagles,4-4,home,BUF,1,39.5,-122,111,-113,102,1,nflreadr,Philadelphia Eagles,4-4,Buffalo Bills,5-2,0.47,0.53,0.724,0.6187845303867403,0.3812154696132597,171,171,1,1,61,4011280371592,159200,NA,NA,NA,NA,NA,NA,NA,NA,NA,NA,FALSE,0,0,FALSE,0,0,FALSE
nfl,2019,401128039,2019-10-27T17:00Z,Chicago Bears,Los Angeles Chargers,CHI,LAC,3-4,3-5,16,17,FALSE,Chicago Bears,3-4,home,CHI,3.5,41,-182,163,-103,-107,1,nflreadr,Los Angeles Chargers,3-5,Chicago Bears,3-4,0.643,0.643,0.869,0.8492520138089759,0.15074798619102414,178,178,1,1,109,4011280392596,259600,NA,NA,NA,NA,NA,NA,NA,NA,NA,NA,FALSE,0,0,FALSE,0,0,FALSE
nfl,2019,401128042,2019-10-27T17:00Z,Detroit Lions,New York Giants,DET,NYG,3-3-1,2-6,31,26,TRUE,Detroit Lions,3-3-1,home,DET,6.5,49,-267,232,102,-113,1,nflreadr,Detroit Lions,3-3-1,New York Giants,2-6,0.787,0.787,0.29600000000000004,0.2804054054054056,0.7195945945945944,169,169,1,1,68,4011280421749,174900,NA,NA,NA,NA,NA,NA,NA,NA,NA,NA,FALSE,0,0,FALSE,0,0,FALSE
nfl,2019,401128048,2019-10-27T17:00Z,Tennessee Titans,Tampa Bay Buccaneers,TEN,TB,4-4,2-5,27,23,TRUE,Tampa Bay Buccaneers,2-5,home,TEN,2,45.5,-122,110,-100,-110,1,nflreadr,Tennessee Titans,4-4,Tampa Bay Buccaneers,2-5,0.493,0.507,0.794,0.7405541561712847,0.2594458438287153,186,186,1,1,118,4011280482816,281600,NA,NA,NA,NA,NA,NA,NA,NA,NA,NA,FALSE,0,0,FALSE,0,0,FALSE
nfl,2019,401128051,2019-10-27T17:00Z,Indianapolis Colts,Denver Broncos,IND,DEN,5-2,2-6,15,13,TRUE,Indianapolis Colts,5-2,home,IND,6,41,-238,209,106,-117,1,nflreadr,Indianapolis Colts,5-2,Denver Broncos,2-6,0.636,0.636,0.851,0.8249118683901293,0.1750881316098707,181,181,1,1,161,4011280513995,399500,NA,NA,NA,NA,NA,NA,NA,NA,NA,NA,FALSE,0,0,FALSE,0,0,FALSE
nfl,2019,401127912,2019-10-27T17:00Z,Los Angeles Rams,Cincinnati Bengals,LAR,CIN,5-3,0-8,24,10,TRUE,Los Angeles Rams,5-3,NA,NA,NA,NA,NA,NA,NA,NA,NA,NA,Los Angeles Rams,5-3,Cincinnati Bengals,0-8,0.792,0.792,0.401,0.48129675810473826,0.5187032418952617,181,181,1,1,38,401127912953,95300,NA,NA,NA,NA,NA,NA,NA,NA,NA,NA,FALSE,0,0,FALSE,0,0,FALSE
nfl,2019,401128046,2019-10-27T17:00Z,New Orleans Saints,Arizona Cardinals,NO,ARI,7-1,3-4-1,31,9,TRUE,New Orleans Saints,7-1,home,NO,12.5,47.5,-625,467,-102,-108,1,nflreadr,New Orleans Saints,7-1,Arizona Cardinals,3-4-1,0.836,0.836,0.28800000000000003,0.43055555555555547,0.5694444444444445,161,161,1,1,23,401128046563,56300,NA,NA,NA,NA,NA,NA,NA,NA,NA,NA,FALSE,0,0,FALSE,0,0,FALSE
nfl,2019,401128045,2019-10-27T17:00Z,Jacksonville Jaguars,New York Jets,JAX,NYJ,4-4,1-6,29,15,TRUE,Jacksonville Jaguars,4-4,home,JAX,7,39.5,-295,254,105,-115,1,nflreadr,Jacksonville Jaguars,4-4,New York Jets,1-6,0.757,0.757,0.4290000000000001,0.43356643356643376,0.5664335664335662,171,171,1,1,29,401128045754,75400,NA,NA,NA,NA,NA,NA,NA,NA,NA,NA,FALSE,0,0,FALSE,0,0,FALSE
nfl,2019,401128050,2019-10-27T20:05Z,San Francisco 49ers,Carolina Panthers,SF,CAR,7-0,4-3,51,13,TRUE,San Francisco 49ers,7-0,home,SF,4.5,41,-208,184,102,-112,1,nflreadr,San Francisco 49ers,7-0,Carolina Panthers,4-3,0.706,0.706,0.354,0.1694915254237287,0.8305084745762713,169,169,1,1,6,401128050128,12800,NA,NA,NA,NA,NA,NA,NA,NA,NA,NA,FALSE,0,0,FALSE,0,0,FALSE
nfl,2019,401127895,2019-10-27T20:25Z,New England Patriots,Cleveland Browns,NE,CLE,8-0,2-5,27,13,TRUE,New England Patriots,8-0,home,NE,9.5,43,-367,309,-103,-107,1,nflreadr,New England Patriots,8-0,Cleveland Browns,2-5,0.851,0.851,0.18999999999999995,0.2157894736842102,0.7842105263157898,177,177,1,1,12,401127895271,27100,NA,NA,NA,NA,NA,NA,NA,NA,NA,NA,FALSE,0,0,FALSE,0,0,FALSE
nfl,2019,401128043,2019-10-27T20:25Z,Houston Texans,Oakland Raiders,HOU,OAK,5-3,3-4,27,24,TRUE,Houston Texans,5-3,home,HOU,5,52,-236,207,-103,-107,1,nflreadr,Houston Texans,5-3,Oakland Raiders,3-4,0.814,0.814,0.7070000000000001,0.7369165487977369,0.26308345120226306,176,176,1,1,123,4011280433020,302000,NA,NA,NA,NA,NA,NA,NA,NA,NA,NA,FALSE,0,0,FALSE,0,0,FALSE
nfl,2019,401128073,2019-10-28T00:20Z,Kansas City Chiefs,Green Bay Packers,KC,GB,5-3,7-1,24,31,FALSE,Kansas City Chiefs,5-3,NA,NA,NA,NA,NA,NA,NA,NA,NA,NA,Green Bay Packers,7-1,Kansas City Chiefs,5-3,0.508,0.508,0.688,0.5465116279069766,0.4534883720930234,162,162,1,1,77,4011280732025,202500,NA,NA,NA,NA,NA,NA,NA,NA,NA,NA,FALSE,0,0,FALSE,0,0,FALSE
nfl,2019,401128074,2019-10-29T00:15Z,Pittsburgh Steelers,Miami Dolphins,PIT,MIA,3-4,0-7,27,14,TRUE,Pittsburgh Steelers,3-4,NA,NA,NA,NA,NA,NA,NA,NA,NA,NA,Pittsburgh Steelers,3-4,Miami Dolphins,0-7,0.905,0.905,0.667,0.8575712143928036,0.1424287856071964,168,168,1,1,55,4011280741429,142900,NA,NA,NA,NA,NA,NA,NA,NA,NA,NA,FALSE,0,0,FALSE,0,0,FALSE
nfl,2019,401127908,2019-11-01T00:20Z,Arizona Cardinals,San Francisco 49ers,ARI,SF,3-5-1,8-0,25,28,FALSE,San Francisco 49ers,8-0,NA,NA,NA,NA,NA,NA,NA,NA,NA,NA,San Francisco 49ers,8-0,Arizona Cardinals,3-5-1,0.209,0.791,0.434,0.5184331797235024,0.48156682027649755,174,174,1,1,25,401127908621,62100,NA,NA,NA,NA,NA,NA,NA,NA,NA,NA,FALSE,0,0,FALSE,0,0,FALSE
nfl,2019,401127936,2019-11-03T14:30Z,Jacksonville Jaguars,Houston Texans,JAX,HOU,4-5,6-3,3,26,FALSE,Houston Texans,6-3,home,JAX,1,46,-113,103,-106,-104,1,nflreadr,Houston Texans,6-3,Jacksonville Jaguars,4-5,0.32,0.6799999999999999,0.4,0.19999999999999984,0.8000000000000002,167,167,1,1,30,401127936727,72700,NA,NA,NA,NA,NA,NA,NA,NA,NA,NA,FALSE,0,0,FALSE,0,0,FALSE
nfl,2019,401128076,2019-11-03T18:00Z,Buffalo Bills,Washington,BUF,WSH,6-2,1-8,24,9,TRUE,Buffalo Bills,6-2,NA,NA,NA,NA,NA,NA,NA,NA,NA,NA,Buffalo Bills,6-2,Washington,1-8,0.713,0.713,0.29200000000000004,0.017123287671232945,0.982876712328767,146,146,1,1,2,40112807636,3600,NA,NA,NA,NA,NA,NA,NA,NA,NA,NA,FALSE,0,0,FALSE,0,0,FALSE
nfl,2019,401128079,2019-11-03T18:00Z,Kansas City Chiefs,Minnesota Vikings,KC,MIN,6-3,6-3,26,23,TRUE,Minnesota Vikings,6-3,away,MIN,5.5,46,198,-225,-109,-101,1,nflreadr,Kansas City Chiefs,6-3,Minnesota Vikings,6-3,0.406,0.594,0.831,0.7966305655836341,0.2033694344163659,174,174,1,2,100,4011280792585,258500,NA,NA,NA,NA,NA,NA,NA,NA,NA,NA,FALSE,0,0,FALSE,0,0,FALSE
nfl,2019,401128080,2019-11-03T18:00Z,Miami Dolphins,New York Jets,MIA,NYJ,1-7,1-7,26,18,TRUE,New York Jets,1-7,away,NYJ,3.5,42.5,167,-187,-107,-103,1,nflreadr,Miami Dolphins,1-7,New York Jets,1-7,0.42,0.5800000000000001,0.8049999999999999,0.7577639751552794,0.24223602484472062,179,179,1,1,26,401128080641,64100,NA,NA,NA,NA,NA,NA,NA,NA,NA,NA,FALSE,0,0,FALSE,0,0,FALSE
nfl,2019,401128082,2019-11-03T18:00Z,Philadelphia Eagles,Chicago Bears,PHI,CHI,5-4,3-5,22,14,TRUE,Philadelphia Eagles,5-4,home,PHI,5,41,-226,199,-104,-106,1,nflreadr,Philadelphia Eagles,5-4,Chicago Bears,3-5,0.624,0.624,0.46,0.18260869565217397,0.817391304347826,175,175,1,1,139,4011280823326,332600,NA,NA,NA,NA,NA,NA,NA,NA,NA,NA,FALSE,0,0,FALSE,0,0,FALSE
nfl,2019,401128083,2019-11-03T18:00Z,Pittsburgh Steelers,Indianapolis Colts,PIT,IND,4-4,5-3,26,24,TRUE,Indianapolis Colts,5-3,home,PIT,1,39.5,-117,107,-111,101,1,nflreadr,Pittsburgh Steelers,4-4,Indianapolis Colts,5-3,0.496,0.504,0.852,0.8262910798122065,0.1737089201877935,166,166,1,1,58,4011280831377,137700,NA,NA,NA,NA,NA,NA,NA,NA,NA,NA,FALSE,0,0,FALSE,0,0,FALSE
nfl,2019,401128078,2019-11-03T18:00Z,Carolina Panthers,Tennessee Titans,CAR,TEN,5-3,4-5,30,20,TRUE,Carolina Panthers,5-3,home,CAR,3.5,43,-179,160,-101,-109,1,nflreadr,Carolina Panthers,5-3,Tennessee Titans,4-5,0.512,0.512,0.5860000000000001,0.2935153583617749,0.7064846416382251,183,183,1,1,11,401128078252,25200,NA,NA,NA,NA,NA,NA,NA,NA,NA,NA,FALSE,0,0,FALSE,0,0,FALSE
nfl,2019,401128085,2019-11-03T21:05Z,Oakland Raiders,Detroit Lions,OAK,DET,4-4,3-4-1,31,24,TRUE,Oakland Raiders,4-4,home,OAK,2.5,51.5,-143,129,-115,104,1,nflreadr,Oakland Raiders,4-4,Detroit Lions,3-4-1,0.565,0.565,0.706,0.58356940509915,0.41643059490085,177,177,1,1,63,4011280851531,153100,NA,NA,NA,NA,NA,NA,NA,NA,NA,NA,FALSE,0,0,FALSE,0,0,FALSE
nfl,2019,401128087,2019-11-03T21:05Z,Seattle Seahawks,Tampa Bay Buccaneers,SEA,TB,7-2,2-6,40,34,TRUE,Seattle Seahawks,7-2,home,SEA,4,51,-209,185,-105,-105,1,nflreadr,Seattle Seahawks,7-2,Tampa Bay Buccaneers,2-6,0.652,0.652,0.871,0.8518943742824341,0.14810562571756591,199,199,1,1,68,4011280871693,169300,NA,NA,NA,NA,NA,NA,NA,NA,NA,NA,FALSE,0,0,FALSE,0,0,FALSE
nfl,2019,401128088,2019-11-03T21:25Z,Denver Broncos,Cleveland Browns,DEN,CLE,3-6,2-6,24,19,TRUE,Denver Broncos,3-6,away,CLE,4,39,173,-194,-108,-102,1,nflreadr,Denver Broncos,3-6,Cleveland Browns,2-6,0.599,0.599,0.526,0.23764258555133078,0.7623574144486692,162,162,1,1,3,40112808851,5100,NA,NA,NA,NA,NA,NA,NA,NA,NA,NA,FALSE,0,0,FALSE,0,0,FALSE
nfl,2019,401128090,2019-11-03T21:25Z,Los Angeles Chargers,Green Bay Packers,LAC,GB,4-5,7-2,26,11,TRUE,Green Bay Packers,7-2,away,GB,4,50,184,-208,100,-111,1,nflreadr,Los Angeles Chargers,4-5,Green Bay Packers,7-2,0.429,0.571,0.615,0.3739837398373984,0.6260162601626016,162,162,1,1,2,40112809036,3600,NA,NA,NA,NA,NA,NA,NA,NA,NA,NA,FALSE,0,0,FALSE,0,0,FALSE
nfl,2019,401127899,2019-11-04T01:20Z,Baltimore Ravens,New England Patriots,BAL,NE,6-2,8-1,37,20,TRUE,New England Patriots,8-1,NA,NA,NA,NA,NA,NA,NA,NA,NA,NA,Baltimore Ravens,6-2,New England Patriots,8-1,0.376,0.624,0.639,0.43505477308294216,0.5649452269170578,172,172,1,1,3,40112789952,5200,NA,NA,NA,NA,NA,NA,NA,NA,NA,NA,FALSE,0,0,FALSE,0,0,FALSE
nfl,2019,401128091,2019-11-05T01:15Z,New York Giants,Dallas Cowboys,NYG,DAL,2-7,5-3,18,37,FALSE,Dallas Cowboys,5-3,NA,NA,NA,NA,NA,NA,NA,NA,NA,NA,Dallas Cowboys,5-3,New York Giants,2-7,0.193,0.8069999999999999,0.659,0.7071320182094081,0.2928679817905919,179,179,1,2,65,4011280911588,158800,NA,NA,NA,NA,NA,NA,NA,NA,NA,NA,FALSE,0,0,FALSE,0,0,FALSE
nfl,2019,401127907,2019-11-08T01:20Z,Oakland Raiders,Los Angeles Chargers,OAK,LAC,5-4,4-6,26,24,TRUE,Los Angeles Chargers,4-6,NA,NA,NA,NA,NA,NA,NA,NA,NA,NA,Oakland Raiders,5-4,Los Angeles Chargers,4-6,0.495,0.505,0.792,0.7373737373737375,0.26262626262626254,169,169,1,1,145,4011279073714,371400,NA,NA,NA,NA,NA,NA,NA,NA,NA,NA,FALSE,0,0,FALSE,0,0,FALSE
nfl,2019,401127911,2019-11-10T18:00Z,Chicago Bears,Detroit Lions,CHI,DET,4-5,3-5-1,20,13,TRUE,Chicago Bears,4-5,home,CHI,6,38,-270,235,-111,101,1,nflreadr,Chicago Bears,4-5,Detroit Lions,3-5-1,0.676,0.676,0.62,0.4774193548387098,0.5225806451612902,194,194,1,1,84,4011279112069,206900,NA,NA,NA,NA,NA,NA,NA,NA,NA,NA,FALSE,0,0,FALSE,0,0,FALSE
nfl,2019,401127934,2019-11-10T18:00Z,Cincinnati Bengals,Baltimore Ravens,CIN,BAL,0-9,7-2,13,49,FALSE,Baltimore Ravens,7-2,away,BAL,10.5,44,358,-435,-114,104,1,nflreadr,Baltimore Ravens,7-2,Cincinnati Bengals,0-9,0.235,0.765,0.235,0,1,151,151,1,1,1,4011279341,100,NA,NA,NA,NA,NA,NA,NA,NA,NA,NA,FALSE,0,0,FALSE,0,0,FALSE
nfl,2019,401127939,2019-11-10T18:00Z,Cleveland Browns,Buffalo Bills,CLE,BUF,3-6,6-3,19,16,TRUE,Cleveland Browns,3-6,home,CLE,3,42,-151,136,-102,-108,1,nflreadr,Cleveland Browns,3-6,Buffalo Bills,6-3,0.595,0.595,0.915,0.9071038251366121,0.09289617486338786,182,182,1,1,154,4011279393686,368600,NA,NA,NA,NA,NA,NA,NA,NA,NA,NA,FALSE,0,0,FALSE,0,0,FALSE
nfl,2019,401127981,2019-11-10T18:00Z,Tennessee Titans,Kansas City Chiefs,TEN,KC,5-5,6-4,35,32,TRUE,Kansas City Chiefs,6-4,away,KC,5,49,205,-233,-102,-108,1,nflreadr,Tennessee Titans,5-5,Kansas City Chiefs,6-4,0.308,0.692,0.999,0.9989989989989989,0.0010010010010010895,170,170,1,1,156,4011279813927,392700,NA,NA,NA,NA,NA,NA,NA,NA,NA,NA,FALSE,0,0,FALSE,0,0,FALSE
nfl,2019,401127948,2019-11-10T18:00Z,New Orleans Saints,Atlanta Falcons,NO,ATL,7-2,2-7,9,26,FALSE,New Orleans Saints,7-2,home,NO,14,51.5,-649,503,103,-114,1,nflreadr,Atlanta Falcons,2-7,New Orleans Saints,7-2,0.771,0.771,0.807,0.7608426270136308,0.2391573729863692,187,187,1,1,21,401127948529,52900,NA,NA,NA,NA,NA,NA,NA,NA,NA,NA,FALSE,0,0,FALSE,0,0,FALSE
nfl,2019,401127952,2019-11-10T18:00Z,New York Jets,New York Giants,NYJ,NYG,2-7,2-8,34,27,TRUE,New York Jets,2-7,away,NYG,3,43,133,-147,-115,104,1,nflreadr,New York Jets,2-7,New York Giants,2-8,0.563,0.563,0.75,0.6666666666666667,0.33333333333333326,174,174,1,1,109,4011279522714,271400,NA,NA,NA,NA,NA,NA,NA,NA,NA,NA,FALSE,0,0,FALSE,0,0,FALSE
nfl,2019,401127976,2019-11-10T18:00Z,Tampa Bay Buccaneers,Arizona Cardinals,TB,ARI,3-6,3-6-1,30,27,TRUE,Tampa Bay Buccaneers,3-6,home,TB,5.5,51,-235,207,-110,100,1,nflreadr,Tampa Bay Buccaneers,3-6,Arizona Cardinals,3-6-1,0.719,0.719,0.926,0.920086393088553,0.079913606911447,194,194,1,1,172,4011279764217,421700,NA,NA,NA,NA,NA,NA,NA,NA,NA,NA,FALSE,0,0,FALSE,0,0,FALSE
nfl,2019,401127986,2019-11-10T21:05Z,Indianapolis Colts,Miami Dolphins,IND,MIA,5-4,2-7,12,16,FALSE,Indianapolis Colts,5-4,home,IND,11,44.5,-481,390,-101,-109,1,nflreadr,Miami Dolphins,2-7,Indianapolis Colts,5-4,0.884,0.884,0.92,0.9130434782608696,0.08695652173913038,174,174,1,3,9,401127986212,21200,NA,NA,NA,NA,NA,NA,NA,NA,NA,NA,FALSE,0,0,FALSE,0,0,FALSE
nfl,2019,401127944,2019-11-10T21:25Z,Green Bay Packers,Carolina Panthers,GB,CAR,8-2,5-4,24,16,TRUE,Green Bay Packers,8-2,home,GB,5,49,-227,200,-110,-100,1,nflreadr,Green Bay Packers,8-2,Carolina Panthers,5-4,0.759,0.759,0.453,0.467991169977925,0.532008830022075,176,176,1,1,46,4011279441095,109500,NA,NA,NA,NA,NA,NA,NA,NA,NA,NA,FALSE,0,0,FALSE,0,0,FALSE
nfl,2019,401127989,2019-11-10T21:25Z,Pittsburgh Steelers,Los Angeles Rams,PIT,LAR,5-4,5-4,17,12,TRUE,Los Angeles Rams,5-4,NA,NA,NA,NA,NA,NA,NA,NA,NA,NA,Pittsburgh Steelers,5-4,Los Angeles Rams,5-4,0.38,0.62,0.823,0.7849331713244228,0.21506682867557725,199,199,1,1,9,401127989217,21700,NA,NA,NA,NA,NA,NA,NA,NA,NA,NA,FALSE,0,0,FALSE,0,0,FALSE
nfl,2019,401128041,2019-11-11T01:20Z,Dallas Cowboys,Minnesota Vikings,DAL,MIN,5-4,7-3,24,28,FALSE,Dallas Cowboys,5-4,NA,NA,NA,NA,NA,NA,NA,NA,NA,NA,Minnesota Vikings,7-3,Dallas Cowboys,5-4,0.545,0.545,0.655,0.4732824427480917,0.5267175572519083,179,179,1,1,163,4011280413976,397600,NA,NA,NA,NA,NA,NA,NA,NA,NA,NA,FALSE,0,0,FALSE,0,0,FALSE
nfl,2019,401127992,2019-11-12T01:15Z,San Francisco 49ers,Seattle Seahawks,SF,SEA,8-1,8-2,24,27,FALSE,San Francisco 49ers,8-1,NA,NA,NA,NA,NA,NA,NA,NA,NA,NA,Seattle Seahawks,8-2,San Francisco 49ers,8-1,0.753,0.753,0.9,0.8888888888888888,0.11111111111111116,211,211,1,1,55,4011279921332,133200,NA,NA,NA,NA,NA,NA,NA,NA,NA,NA,FALSE,0,0,FALSE,0,0,FALSE
nfl,2019,401128044,2019-11-15T01:20Z,Cleveland Browns,Pittsburgh Steelers,CLE,PIT,4-6,5-5,21,7,TRUE,Cleveland Browns,4-6,NA,NA,NA,NA,NA,NA,NA,NA,NA,NA,Cleveland Browns,4-6,Pittsburgh Steelers,5-5,0.549,0.549,0.519,0.13102119460500972,0.8689788053949903,188,188,1,1,6,401128044129,12900,NA,NA,NA,NA,NA,NA,NA,NA,NA,NA,FALSE,0,0,FALSE,0,0,FALSE
nfl,2019,401128052,2019-11-17T18:00Z,Detroit Lions,Dallas Cowboys,DET,DAL,3-6-1,6-4,27,35,FALSE,Dallas Cowboys,6-4,away,DAL,7.5,46.5,310,-369,-113,102,1,nflreadr,Dallas Cowboys,6-4,Detroit Lions,3-6-1,0.316,0.6839999999999999,0.594,0.4680134680134679,0.5319865319865321,176,176,1,2,12,401128052316,31600,NA,NA,NA,NA,NA,NA,NA,NA,NA,NA,FALSE,0,0,FALSE,0,0,FALSE
nfl,2019,401128075,2019-11-17T18:00Z,Indianapolis Colts,Jacksonville Jaguars,IND,JAX,6-4,4-6,33,13,TRUE,Indianapolis Colts,6-4,home,IND,2.5,41.5,-134,121,-108,-103,1,nflreadr,Indianapolis Colts,6-4,Jacksonville Jaguars,4-6,0.568,0.568,0.607,0.35255354200988465,0.6474464579901154,163,163,1,1,20,401128075498,49800,NA,NA,NA,NA,NA,NA,NA,NA,NA,NA,FALSE,0,0,FALSE,0,0,FALSE
nfl,2019,401128077,2019-11-17T18:00Z,Miami Dolphins,Buffalo Bills,MIA,BUF,2-8,7-3,20,37,FALSE,Buffalo Bills,7-3,away,BUF,7,41.5,263,-307,-101,-109,1,nflreadr,Buffalo Bills,7-3,Miami Dolphins,2-8,0.35,0.65,0.353,0.008498583569405138,0.9915014164305949,181,181,1,1,8,401128077172,17200,NA,NA,NA,NA,NA,NA,NA,NA,NA,NA,FALSE,0,0,FALSE,0,0,FALSE
nfl,2019,401128081,2019-11-17T18:00Z,Minnesota Vikings,Denver Broncos,MIN,DEN,8-3,3-7,27,23,TRUE,Minnesota Vikings,8-3,home,MIN,10,40.5,-412,341,107,-119,1,nflreadr,Minnesota Vikings,8-3,Denver Broncos,3-7,0.793,0.793,0.963,0.9615784008307373,0.03842159916926269,183,183,1,1,79,4011280811920,192000,NA,NA,NA,NA,NA,NA,NA,NA,NA,NA,FALSE,0,0,FALSE,0,0,FALSE
nfl,2019,401128084,2019-11-17T18:00Z,Tampa Bay Buccaneers,New Orleans Saints,TB,NO,3-7,8-2,17,34,FALSE,New Orleans Saints,8-2,away,NO,5,50.5,202,-230,-102,-108,1,nflreadr,New Orleans Saints,8-2,Tampa Bay Buccaneers,3-7,0.428,0.5720000000000001,0.47,0.0893617021276597,0.9106382978723403,172,172,1,1,3,40112808462,6200,NA,NA,NA,NA,NA,NA,NA,NA,NA,NA,FALSE,0,0,FALSE,0,0,FALSE
nfl,2019,401128086,2019-11-17T18:00Z,Washington,New York Jets,WSH,NYJ,1-9,3-7,17,34,FALSE,Washington,1-9,NA,NA,NA,NA,NA,NA,NA,NA,NA,NA,New York Jets,3-7,Washington,1-9,0.574,0.574,0.574,0.2578397212543553,0.7421602787456447,174,174,1,1,1,4011280861,100,NA,NA,NA,NA,NA,NA,NA,NA,NA,NA,FALSE,0,0,FALSE,0,0,FALSE
nfl,2019,401128049,2019-11-17T18:00Z,Carolina Panthers,Atlanta Falcons,CAR,ATL,5-5,3-7,3,29,FALSE,Carolina Panthers,5-5,home,CAR,3.5,49,-199,177,-110,-100,1,nflreadr,Atlanta Falcons,3-7,Carolina Panthers,5-5,0.507,0.507,0.507,0.027613412228796763,0.9723865877712032,175,175,1,1,1,4011280491,100,NA,NA,NA,NA,NA,NA,NA,NA,NA,NA,FALSE,0,0,FALSE,0,0,FALSE
nfl,2019,401128047,2019-11-17T18:00Z,Baltimore Ravens,Houston Texans,BAL,HOU,8-2,6-4,41,7,TRUE,Baltimore Ravens,8-2,home,BAL,4,51,-217,192,-108,-102,1,nflreadr,Baltimore Ravens,8-2,Houston Texans,6-4,0.547,0.547,0.536,0.1548507462686568,0.8451492537313432,162,162,1,1,20,401128047488,48800,NA,NA,NA,NA,NA,NA,NA,NA,NA,NA,FALSE,0,0,FALSE,0,0,FALSE
nfl,2019,401128089,2019-11-17T21:05Z,San Francisco 49ers,Arizona Cardinals,SF,ARI,9-1,3-7-1,36,26,TRUE,San Francisco 49ers,9-1,home,SF,10,44,-429,353,103,-113,1,nflreadr,San Francisco 49ers,9-1,Arizona Cardinals,3-7-1,0.854,0.854,0.802,0.8179551122194514,0.18204488778054861,185,185,1,1,151,4011280893947,394700,NA,NA,NA,NA,NA,NA,NA,NA,NA,NA,FALSE,0,0,FALSE,0,0,FALSE
nfl,2019,401128092,2019-11-17T21:25Z,Oakland Raiders,Cincinnati Bengals,OAK,CIN,6-4,0-10,17,10,TRUE,Oakland Raiders,6-4,home,OAK,13,48,-605,474,-102,-108,1,nflreadr,Oakland Raiders,6-4,Cincinnati Bengals,0-10,0.845,0.845,0.468,0.6688034188034188,0.33119658119658124,170,170,1,1,41,401128092987,98700,NA,NA,NA,NA,NA,NA,NA,NA,NA,NA,FALSE,0,0,FALSE,0,0,FALSE
nfl,2019,401127897,2019-11-17T21:25Z,Philadelphia Eagles,New England Patriots,PHI,NE,5-5,9-1,10,17,FALSE,New England Patriots,9-1,away,NE,4.5,45,186,-210,-112,101,1,nflreadr,New England Patriots,9-1,Philadelphia Eagles,5-5,0.372,0.628,0.692,0.5549132947976878,0.4450867052023122,191,191,1,1,45,4011278971119,111900,NA,NA,NA,NA,NA,NA,NA,NA,NA,NA,FALSE,0,0,FALSE,0,0,FALSE
nfl,2019,401128133,2019-11-18T01:20Z,Los Angeles Rams,Chicago Bears,LAR,CHI,6-4,4-6,17,7,TRUE,Los Angeles Rams,6-4,NA,NA,NA,NA,NA,NA,NA,NA,NA,NA,Los Angeles Rams,6-4,Chicago Bears,4-6,0.683,0.683,0.611,0.4811783960720132,0.5188216039279868,164,164,1,1,11,401128133270,27000,NA,NA,NA,NA,NA,NA,NA,NA,NA,NA,FALSE,0,0,FALSE,0,0,FALSE
nfl,2019,401128134,2019-11-19T01:15Z,Los Angeles Chargers,Kansas City Chiefs,LAC,KC,4-7,7-4,17,24,FALSE,Kansas City Chiefs,7-4,NA,NA,NA,NA,NA,NA,NA,NA,NA,NA,Kansas City Chiefs,7-4,Los Angeles Chargers,4-7,0.264,0.736,0.488,0.4590163934426229,0.5409836065573771,185,185,1,1,39,401128134905,90500,NA,NA,NA,NA,NA,NA,NA,NA,NA,NA,FALSE,0,0,FALSE,0,0,FALSE
nfl,2019,401127865,2019-11-22T01:20Z,Houston Texans,Indianapolis Colts,HOU,IND,7-4,6-5,20,17,TRUE,Houston Texans,7-4,NA,NA,NA,NA,NA,NA,NA,NA,NA,NA,Houston Texans,7-4,Indianapolis Colts,6-5,0.655,0.655,0.725,0.6206896551724137,0.3793103448275863,160,160,1,1,103,4011278652465,246500,NA,NA,NA,NA,NA,NA,NA,NA,NA,NA,FALSE,0,0,FALSE,0,0,FALSE
nfl,2019,401127870,2019-11-24T18:00Z,Atlanta Falcons,Tampa Bay Buccaneers,ATL,TB,3-8,4-7,22,35,FALSE,Atlanta Falcons,3-8,home,ATL,3.5,51.5,-183,163,-100,-110,1,nflreadr,Tampa Bay Buccaneers,4-7,Atlanta Falcons,3-8,0.659,0.659,0.762,0.6876640419947506,0.3123359580052494,195,195,1,1,8,401127870167,16700,NA,NA,NA,NA,NA,NA,NA,NA,NA,NA,FALSE,0,0,FALSE,0,0,FALSE
nfl,2019,401127872,2019-11-24T18:00Z,Buffalo Bills,Denver Broncos,BUF,DEN,8-3,3-8,20,3,TRUE,Buffalo Bills,8-3,home,BUF,3.5,37,-190,170,-104,-106,1,nflreadr,Buffalo Bills,8-3,Denver Broncos,3-8,0.603,0.603,0.477,0.1677148846960167,0.8322851153039833,167,167,1,1,8,401127872174,17400,NA,NA,NA,NA,NA,NA,NA,NA,NA,NA,FALSE,0,0,FALSE,0,0,FALSE
nfl,2019,401127914,2019-11-24T18:00Z,Chicago Bears,New York Giants,CHI,NYG,5-6,2-9,19,14,TRUE,Chicago Bears,5-6,home,CHI,6,41,-252,220,-100,-110,1,nflreadr,Chicago Bears,5-6,New York Giants,2-9,0.783,0.783,0.704,0.6917613636363636,0.30823863636363635,182,182,1,1,77,4011279141925,192500,NA,NA,NA,NA,NA,NA,NA,NA,NA,NA,FALSE,0,0,FALSE,0,0,FALSE
nfl,2019,401127918,2019-11-24T18:00Z,Cincinnati Bengals,Pittsburgh Steelers,CIN,PIT,0-11,6-5,10,16,FALSE,Pittsburgh Steelers,6-5,away,PIT,5.5,37.5,199,-225,-104,-106,1,nflreadr,Pittsburgh Steelers,6-5,Cincinnati Bengals,0-11,0.337,0.663,0.63,0.4650793650793651,0.5349206349206349,175,175,1,1,88,4011279182102,210200,NA,NA,NA,NA,NA,NA,NA,NA,NA,NA,FALSE,0,0,FALSE,0,0,FALSE
nfl,2019,401127919,2019-11-24T18:00Z,Cleveland Browns,Miami Dolphins,CLE,MIA,5-6,2-9,41,24,TRUE,Cleveland Browns,5-6,home,CLE,11,45.5,-446,365,103,-113,1,nflreadr,Cleveland Browns,5-6,Miami Dolphins,2-9,0.865,0.865,0.135,0,1,178,178,1,1,1,4011279191,100,NA,NA,NA,NA,NA,NA,NA,NA,NA,NA,FALSE,0,0,FALSE,0,0,FALSE
nfl,2019,401127922,2019-11-24T18:00Z,New Orleans Saints,Carolina Panthers,NO,CAR,9-2,5-6,34,31,TRUE,New Orleans Saints,9-2,home,NO,10,46,-457,374,-102,-108,1,nflreadr,New Orleans Saints,9-2,Carolina Panthers,5-6,0.828,0.828,0.849,0.8221436984687869,0.17785630153121312,179,179,1,1,161,4011279224272,427200,NA,NA,NA,NA,NA,NA,NA,NA,NA,NA,FALSE,0,0,FALSE,0,0,FALSE
nfl,2019,401127924,2019-11-24T18:00Z,New York Jets,Oakland Raiders,NYJ,OAK,4-7,6-5,34,3,TRUE,Oakland Raiders,6-5,away,OAK,3.5,45,158,-177,-112,102,1,nflreadr,New York Jets,4-7,Oakland Raiders,6-5,0.468,0.532,0.608,0.3552631578947367,0.6447368421052633,157,157,1,1,12,401127924266,26600,NA,NA,NA,NA,NA,NA,NA,NA,NA,NA,FALSE,0,0,FALSE,0,0,FALSE
nfl,2019,401128008,2019-11-24T18:00Z,Philadelphia Eagles,Seattle Seahawks,PHI,SEA,5-6,9-2,9,17,FALSE,Philadelphia Eagles,5-6,away,SEA,1,45.5,-105,-105,-112,102,1,nflreadr,Seattle Seahawks,9-2,Philadelphia Eagles,5-6,0.566,0.566,0.678,0.5250737463126844,0.47492625368731556,176,176,1,1,16,401128008360,36000,NA,NA,NA,NA,NA,NA,NA,NA,NA,NA,FALSE,0,0,FALSE,0,0,FALSE
nfl,2019,401127996,2019-11-24T18:00Z,Washington,Detroit Lions,WSH,DET,2-9,3-7-1,19,16,TRUE,Detroit Lions,3-7-1,NA,NA,NA,NA,NA,NA,NA,NA,NA,NA,Washington,2-9,Detroit Lions,3-7-1,0.338,0.6619999999999999,0.781,0.7195902688860436,0.2804097311139564,179,179,1,1,143,4011279963548,354800,NA,NA,NA,NA,NA,NA,NA,NA,NA,NA,FALSE,0,0,FALSE,0,0,FALSE
nfl,2019,401128000,2019-11-24T21:05Z,Tennessee Titans,Jacksonville Jaguars,TEN,JAX,6-5,4-7,42,20,TRUE,Tennessee Titans,6-5,home,TEN,4.5,42,-225,198,-114,103,1,nflreadr,Tennessee Titans,6-5,Jacksonville Jaguars,4-7,0.665,0.665,0.419,0.2004773269689738,0.7995226730310262,170,170,1,1,9,401128000195,19500,NA,NA,NA,NA,NA,NA,NA,NA,NA,NA,FALSE,0,0,FALSE,0,0,FALSE
nfl,2019,401127957,2019-11-24T21:25Z,New England Patriots,Dallas Cowboys,NE,DAL,10-1,6-5,13,9,TRUE,New England Patriots,10-1,home,NE,5.5,44.5,-231,203,-102,-108,1,nflreadr,New England Patriots,10-1,Dallas Cowboys,6-5,0.705,0.705,0.377,0.2175066312997347,0.7824933687002653,179,179,1,1,17,401127957372,37200,NA,NA,NA,NA,NA,NA,NA,NA,NA,NA,FALSE,0,0,FALSE,0,0,FALSE
nfl,2019,401128004,2019-11-25T01:20Z,San Francisco 49ers,Green Bay Packers,SF,GB,10-1,8-3,37,8,TRUE,San Francisco 49ers,10-1,NA,NA,NA,NA,NA,NA,NA,NA,NA,NA,San Francisco 49ers,10-1,Green Bay Packers,8-3,0.609,0.609,0.397,0.015113350125944613,0.9848866498740554,163,163,1,1,2,40112800437,3700,NA,NA,NA,NA,NA,NA,NA,NA,NA,NA,FALSE,0,0,FALSE,0,0,FALSE
nfl,2019,401128012,2019-11-26T01:15Z,Los Angeles Rams,Baltimore Ravens,LAR,BAL,6-5,9-2,6,45,FALSE,Baltimore Ravens,9-2,NA,NA,NA,NA,NA,NA,NA,NA,NA,NA,Baltimore Ravens,9-2,Los Angeles Rams,6-5,0.473,0.527,0.48,0.014583333333333393,0.9854166666666666,166,166,1,1,2,40112801237,3700,NA,NA,NA,NA,NA,NA,NA,NA,NA,NA,FALSE,0,0,FALSE,0,0,FALSE
nfl,2019,401128015,2019-11-28T17:30Z,Detroit Lions,Chicago Bears,DET,CHI,3-8-1,6-6,20,24,FALSE,Chicago Bears,6-6,away,CHI,5.5,37.5,203,-230,-106,-104,1,nflreadr,Chicago Bears,6-6,Detroit Lions,3-8-1,0.458,0.542,0.844,0.8151658767772512,0.18483412322274884,177,177,1,1,65,4011280151744,174400,NA,NA,NA,NA,NA,NA,NA,NA,NA,NA,FALSE,0,0,FALSE,0,0,FALSE
nfl,2019,401128017,2019-11-28T21:30Z,Dallas Cowboys,Buffalo Bills,DAL,BUF,6-6,9-3,15,26,FALSE,Dallas Cowboys,6-6,home,DAL,6.5,46.5,-298,256,-115,104,1,nflreadr,Buffalo Bills,9-3,Dallas Cowboys,6-6,0.786,0.786,0.902,0.8913525498891353,0.10864745011086474,177,177,1,1,30,401128017693,69300,NA,NA,NA,NA,NA,NA,NA,NA,NA,NA,FALSE,0,0,FALSE,0,0,FALSE
nfl,2019,401128022,2019-11-29T01:20Z,Atlanta Falcons,New Orleans Saints,ATL,NO,3-9,10-2,18,26,FALSE,New Orleans Saints,10-2,NA,NA,NA,NA,NA,NA,NA,NA,NA,NA,New Orleans Saints,10-2,Atlanta Falcons,3-9,0.441,0.5589999999999999,0.448,0.015624999999999889,0.9843750000000001,184,184,1,1,2,40112802236,3600,NA,NA,NA,NA,NA,NA,NA,NA,NA,NA,FALSE,0,0,FALSE,0,0,FALSE
nfl,2019,401128057,2019-12-01T18:00Z,Cincinnati Bengals,New York Jets,CIN,NYJ,1-11,4-8,22,6,TRUE,New York Jets,4-8,away,NYJ,2.5,43,111,-123,-112,102,1,nflreadr,Cincinnati Bengals,1-11,New York Jets,4-8,0.473,0.527,0.683,0.5358711566617864,0.4641288433382136,182,182,1,1,16,401128057342,34200,NA,NA,NA,NA,NA,NA,NA,NA,NA,NA,FALSE,0,0,FALSE,0,0,FALSE
nfl,2019,401128058,2019-12-01T18:00Z,Indianapolis Colts,Tennessee Titans,IND,TEN,6-6,7-5,17,31,FALSE,Indianapolis Colts,6-6,away,TEN,1,41.5,-101,-109,-108,-102,1,nflreadr,Tennessee Titans,7-5,Indianapolis Colts,6-6,0.606,0.606,0.859,0.8358556461001163,0.1641443538998837,168,168,1,1,93,4011280582256,225600,NA,NA,NA,NA,NA,NA,NA,NA,NA,NA,FALSE,0,0,FALSE,0,0,FALSE
nfl,2019,401128070,2019-12-01T18:00Z,Miami Dolphins,Philadelphia Eagles,MIA,PHI,3-9,5-7,37,31,TRUE,Philadelphia Eagles,5-7,away,PHI,10.5,45,382,-469,-110,-100,1,nflreadr,Miami Dolphins,3-9,Philadelphia Eagles,5-7,0.201,0.7989999999999999,0.949,0.946259220231823,0.05374077976817704,181,181,1,1,97,4011280702407,240700,NA,NA,NA,NA,NA,NA,NA,NA,NA,NA,FALSE,0,0,FALSE,0,0,FALSE
nfl,2019,401128095,2019-12-01T18:00Z,New York Giants,Green Bay Packers,NYG,GB,2-10,9-3,13,31,FALSE,Green Bay Packers,9-3,away,GB,6.5,43.5,223,-256,-113,103,1,nflreadr,Green Bay Packers,9-3,New York Giants,2-10,0.249,0.751,0.311,0.19935691318327975,0.8006430868167203,165,165,1,1,31,401128095793,79300,NA,NA,NA,NA,NA,NA,NA,NA,NA,NA,FALSE,0,0,FALSE,0,0,FALSE
nfl,2019,401128107,2019-12-01T18:00Z,Pittsburgh Steelers,Cleveland Browns,PIT,CLE,7-5,5-7,20,13,TRUE,Cleveland Browns,5-7,away,CLE,1,40,103,-113,-103,-107,1,nflreadr,Pittsburgh Steelers,7-5,Cleveland Browns,5-7,0.488,0.512,0.835,0.8023952095808382,0.1976047904191618,168,168,1,1,52,4011281071223,122300,NA,NA,NA,NA,NA,NA,NA,NA,NA,NA,FALSE,0,0,FALSE,0,0,FALSE
nfl,2019,401128032,2019-12-01T18:00Z,Carolina Panthers,Washington,CAR,WSH,5-7,3-9,21,29,FALSE,Carolina Panthers,5-7,NA,NA,NA,NA,NA,NA,NA,NA,NA,NA,Washington,3-9,Carolina Panthers,5-7,0.806,0.806,0.94,0.9361702127659575,0.06382978723404253,179,179,1,1,23,401128032537,53700,NA,NA,NA,NA,NA,NA,NA,NA,NA,NA,FALSE,0,0,FALSE,0,0,FALSE
nfl,2019,401128063,2019-12-01T18:00Z,Jacksonville Jaguars,Tampa Bay Buccaneers,JAX,TB,4-8,5-7,11,28,FALSE,Jacksonville Jaguars,4-8,away,TB,3,46.5,140,-155,-105,-105,1,nflreadr,Tampa Bay Buccaneers,5-7,Jacksonville Jaguars,4-8,0.519,0.519,0.625,0.3999999999999999,0.6000000000000001,186,186,1,1,18,401128063405,40500,NA,NA,NA,NA,NA,NA,NA,NA,NA,NA,FALSE,0,0,FALSE,0,0,FALSE
nfl,2019,401128027,2019-12-01T18:00Z,Baltimore Ravens,San Francisco 49ers,BAL,SF,10-2,10-2,20,17,TRUE,Baltimore Ravens,10-2,home,BAL,5.5,45,-242,212,-110,-100,1,nflreadr,Baltimore Ravens,10-2,San Francisco 49ers,10-2,0.68,0.68,0.597,0.4639865996649917,0.5360134003350083,152,152,1,1,130,4011280273112,311200,NA,NA,NA,NA,NA,NA,NA,NA,NA,NA,FALSE,0,0,FALSE,0,0,FALSE
nfl,2019,401128100,2019-12-01T21:05Z,Arizona Cardinals,Los Angeles Rams,ARI,LAR,3-8-1,7-5,7,34,FALSE,Los Angeles Rams,7-5,NA,NA,NA,NA,NA,NA,NA,NA,NA,NA,Los Angeles Rams,7-5,Arizona Cardinals,3-8-1,0.46,0.54,0.475,0.03157894736842104,0.968421052631579,190,190,1,1,28,401128100644,64400,NA,NA,NA,NA,NA,NA,NA,NA,NA,NA,FALSE,0,0,FALSE,0,0,FALSE
nfl,2019,401128104,2019-12-01T21:25Z,Denver Broncos,Los Angeles Chargers,DEN,LAC,4-8,4-8,23,20,TRUE,Los Angeles Chargers,4-8,away,LAC,4.5,39,183,-207,-107,-103,1,nflreadr,Denver Broncos,4-8,Los Angeles Chargers,4-8,0.444,0.556,0.6619999999999999,0.4894259818731117,0.5105740181268883,165,165,1,1,133,4011281043087,308700,NA,NA,NA,NA,NA,NA,NA,NA,NA,NA,FALSE,0,0,FALSE,0,0,FALSE
nfl,2019,401128067,2019-12-01T21:25Z,Kansas City Chiefs,Oakland Raiders,KC,OAK,8-4,6-6,40,9,TRUE,Kansas City Chiefs,8-4,home,KC,11.5,49.5,-451,369,106,-116,1,nflreadr,Kansas City Chiefs,8-4,Oakland Raiders,6-6,0.901,0.901,0.119,0.16806722689075648,0.8319327731092435,154,154,1,1,9,401128067217,21700,NA,NA,NA,NA,NA,NA,NA,NA,NA,NA,FALSE,0,0,FALSE,0,0,FALSE
nfl,2019,401127967,2019-12-02T01:20Z,Houston Texans,New England Patriots,HOU,NE,8-4,10-2,28,22,TRUE,New England Patriots,10-2,NA,NA,NA,NA,NA,NA,NA,NA,NA,NA,Houston Texans,8-4,New England Patriots,10-2,0.459,0.5409999999999999,0.694,0.5590778097982707,0.4409221902017293,177,177,1,1,17,401127967362,36200,NA,NA,NA,NA,NA,NA,NA,NA,NA,NA,FALSE,0,0,FALSE,0,0,FALSE
nfl,2019,401128112,2019-12-03T01:15Z,Seattle Seahawks,Minnesota Vikings,SEA,MIN,10-2,8-4,37,30,TRUE,Minnesota Vikings,8-4,NA,NA,NA,NA,NA,NA,NA,NA,NA,NA,Seattle Seahawks,10-2,Minnesota Vikings,8-4,0.474,0.526,0.8089999999999999,0.7639060568603213,0.23609394313967869,172,172,1,1,80,4011281121878,187800,NA,NA,NA,NA,NA,NA,NA,NA,NA,NA,FALSE,0,0,FALSE,0,0,FALSE
nfl,2019,401127871,2019-12-06T01:20Z,Chicago Bears,Dallas Cowboys,CHI,DAL,7-6,6-7,31,24,TRUE,Dallas Cowboys,6-7,NA,NA,NA,NA,NA,NA,NA,NA,NA,NA,Chicago Bears,7-6,Dallas Cowboys,6-7,0.424,0.5760000000000001,0.775,0.7096774193548387,0.29032258064516125,198,198,1,1,21,401127871470,47000,NA,NA,NA,NA,NA,NA,NA,NA,NA,NA,FALSE,0,0,FALSE,0,0,FALSE
nfl,2019,401127869,2019-12-08T18:00Z,Atlanta Falcons,Carolina Panthers,ATL,CAR,4-9,5-8,40,20,TRUE,Atlanta Falcons,4-9,home,ATL,3.5,48,-180,161,100,-110,1,nflreadr,Atlanta Falcons,4-9,Carolina Panthers,5-8,0.68,0.68,0.4489999999999999,0.2873051224944321,0.7126948775055679,183,183,1,1,53,4011278691210,121000,NA,NA,NA,NA,NA,NA,NA,NA,NA,NA,FALSE,0,0,FALSE,0,0,FALSE
nfl,2019,401127868,2019-12-08T18:00Z,Buffalo Bills,Baltimore Ravens,BUF,BAL,9-4,11-2,17,24,FALSE,Baltimore Ravens,11-2,away,BAL,6.5,44,230,-264,-110,100,1,nflreadr,Baltimore Ravens,11-2,Buffalo Bills,9-4,0.281,0.719,0.363,0.22589531680440766,0.7741046831955923,177,177,1,1,7,401127868143,14300,NA,NA,NA,NA,NA,NA,NA,NA,NA,NA,FALSE,0,0,FALSE,0,0,FALSE
nfl,2019,401127867,2019-12-08T18:00Z,Cleveland Browns,Cincinnati Bengals,CLE,CIN,6-7,1-12,27,19,TRUE,Cleveland Browns,6-7,home,CLE,6.5,43,-269,234,101,-112,1,nflreadr,Cleveland Browns,6-7,Cincinnati Bengals,1-12,0.774,0.774,0.52,0.5653846153846154,0.4346153846153846,170,170,1,1,48,4011278671277,127700,NA,NA,NA,NA,NA,NA,NA,NA,NA,NA,FALSE,0,0,FALSE,0,0,FALSE
nfl,2019,401127916,2019-12-08T18:00Z,Green Bay Packers,Washington,GB,WSH,10-3,3-10,20,15,TRUE,Green Bay Packers,10-3,NA,NA,NA,NA,NA,NA,NA,NA,NA,NA,Green Bay Packers,10-3,Washington,3-10,0.904,0.904,0.15800000000000003,0.39240506329113956,0.6075949367088604,162,162,1,1,123,4011279162900,290000,NA,NA,NA,NA,NA,NA,NA,NA,NA,NA,FALSE,0,0,FALSE,0,0,FALSE
nfl,2019,401127926,2019-12-08T18:00Z,Minnesota Vikings,Detroit Lions,MIN,DET,9-4,3-9-1,20,7,TRUE,Minnesota Vikings,9-4,home,MIN,12,43.5,-587,463,106,-117,1,nflreadr,Minnesota Vikings,9-4,Detroit Lions,3-9-1,0.833,0.833,0.18000000000000005,0.0722222222222223,0.9277777777777777,181,181,1,1,14,401127926324,32400,NA,NA,NA,NA,NA,NA,NA,NA,NA,NA,FALSE,0,0,FALSE,0,0,FALSE
nfl,2019,401127964,2019-12-08T18:00Z,New Orleans Saints,San Francisco 49ers,NO,SF,10-3,11-2,46,48,FALSE,New Orleans Saints,10-3,home,NO,1,45,-116,105,-109,-101,1,nflreadr,San Francisco 49ers,11-2,New Orleans Saints,10-3,0.538,0.538,0.891,0.877665544332211,0.122334455667789,182,182,1,1,175,4011279644623,462300,NA,NA,NA,NA,NA,NA,NA,NA,NA,NA,FALSE,0,0,FALSE,0,0,FALSE
nfl,2019,401127969,2019-12-08T18:00Z,New York Jets,Miami Dolphins,NYJ,MIA,5-8,3-10,22,21,TRUE,New York Jets,5-8,home,NYJ,5,47,-213,189,100,-110,1,nflreadr,New York Jets,5-8,Miami Dolphins,3-10,0.718,0.718,0.851,0.8249118683901293,0.1750881316098707,185,185,1,1,179,4011279694242,424200,NA,NA,NA,NA,NA,NA,NA,NA,NA,NA,FALSE,0,0,FALSE,0,0,FALSE
nfl,2019,401127994,2019-12-08T18:00Z,Tampa Bay Buccaneers,Indianapolis Colts,TB,IND,6-7,6-7,38,35,TRUE,Tampa Bay Buccaneers,6-7,home,TB,3,46.5,-166,149,-111,101,1,nflreadr,Tampa Bay Buccaneers,6-7,Indianapolis Colts,6-7,0.592,0.592,0.923,0.9165763813651138,0.08342361863488623,178,178,1,1,118,4011279942890,289000,NA,NA,NA,NA,NA,NA,NA,NA,NA,NA,FALSE,0,0,FALSE,0,0,FALSE
nfl,2019,401127920,2019-12-08T18:00Z,Houston Texans,Denver Broncos,HOU,DEN,8-5,5-8,24,38,FALSE,Houston Texans,8-5,home,HOU,8,42.5,-389,325,-107,-103,1,nflreadr,Denver Broncos,5-8,Houston Texans,8-5,0.803,0.803,0.833,0.7995198079231691,0.20048019207683088,171,171,1,1,7,401127920146,14600,NA,NA,NA,NA,NA,NA,NA,NA,NA,NA,FALSE,0,0,FALSE,0,0,FALSE
nfl,2019,401127997,2019-12-08T21:05Z,Jacksonville Jaguars,Los Angeles Chargers,JAX,LAC,4-9,5-8,10,45,FALSE,Los Angeles Chargers,5-8,away,LAC,3.5,42,160,-179,-110,-101,1,nflreadr,Los Angeles Chargers,5-8,Jacksonville Jaguars,4-9,0.461,0.5389999999999999,0.586,0.29351535836177467,0.7064846416382253,160,160,1,1,12,401127997255,25500,NA,NA,NA,NA,NA,NA,NA,NA,NA,NA,FALSE,0,0,FALSE,0,0,FALSE
nfl,2019,401128005,2019-12-08T21:25Z,Oakland Raiders,Tennessee Titans,OAK,TEN,6-7,8-5,21,42,FALSE,Tennessee Titans,8-5,away,TEN,3,47,137,-152,-111,100,1,nflreadr,Tennessee Titans,8-5,Oakland Raiders,6-7,0.464,0.536,0.706,0.58356940509915,0.41643059490085,158,158,1,1,17,401128005411,41100,NA,NA,NA,NA,NA,NA,NA,NA,NA,NA,FALSE,0,0,FALSE,0,0,FALSE
nfl,2019,401127930,2019-12-08T21:25Z,New England Patriots,Kansas City Chiefs,NE,KC,10-3,9-4,16,23,FALSE,New England Patriots,10-3,home,NE,3,49.5,-150,135,-103,-107,1,nflreadr,Kansas City Chiefs,9-4,New England Patriots,10-3,0.598,0.598,0.804,0.7562189054726369,0.24378109452736307,179,179,1,1,13,401127930321,32100,NA,NA,NA,NA,NA,NA,NA,NA,NA,NA,FALSE,0,0,FALSE,0,0,FALSE
nfl,2019,401128002,2019-12-08T21:25Z,Arizona Cardinals,Pittsburgh Steelers,ARI,PIT,3-9-1,8-5,17,23,FALSE,Arizona Cardinals,3-9-1,away,PIT,2.5,43.5,117,-130,-110,-100,1,nflreadr,Pittsburgh Steelers,8-5,Arizona Cardinals,3-9-1,0.534,0.534,0.555,0.1981981981981984,0.8018018018018016,163,163,1,1,4,40112800292,9200,NA,NA,NA,NA,NA,NA,NA,NA,NA,NA,FALSE,0,0,FALSE,0,0,FALSE
nfl,2019,401128009,2019-12-09T01:20Z,Los Angeles Rams,Seattle Seahawks,LAR,SEA,8-5,10-3,28,12,TRUE,Los Angeles Rams,8-5,NA,NA,NA,NA,NA,NA,NA,NA,NA,NA,Los Angeles Rams,8-5,Seattle Seahawks,10-3,0.574,0.574,0.524,0.1870229007633587,0.8129770992366413,176,176,1,1,10,401128009239,23900,NA,NA,NA,NA,NA,NA,NA,NA,NA,NA,FALSE,0,0,FALSE,0,0,FALSE
nfl,2019,401128013,2019-12-10T01:15Z,Philadelphia Eagles,New York Giants,PHI,NYG,6-7,2-11,23,17,TRUE,Philadelphia Eagles,6-7,NA,NA,NA,NA,NA,NA,NA,NA,NA,NA,Philadelphia Eagles,6-7,New York Giants,2-11,0.821,0.821,0.918,0.9106753812636166,0.08932461873638342,188,188,1,1,107,4011280132463,246300,NA,NA,NA,NA,NA,NA,NA,NA,NA,NA,FALSE,0,0,FALSE,0,0,FALSE
nfl,2019,401128020,2019-12-13T01:20Z,Baltimore Ravens,New York Jets,BAL,NYJ,12-2,5-9,42,21,TRUE,Baltimore Ravens,12-2,NA,NA,NA,NA,NA,NA,NA,NA,NA,NA,Baltimore Ravens,12-2,New York Jets,5-9,0.934,0.934,0.08299999999999996,0.20481927710843406,0.7951807228915659,157,157,1,1,9,401128020201,20100,NA,NA,NA,NA,NA,NA,NA,NA,NA,NA,FALSE,0,0,FALSE,0,0,FALSE
nfl,2019,401127955,2019-12-15T18:00Z,Cincinnati Bengals,New England Patriots,CIN,NE,1-13,11-3,13,34,FALSE,New England Patriots,11-3,away,NE,10.5,42,381,-468,-110,-101,1,nflreadr,New England Patriots,11-3,Cincinnati Bengals,1-13,0.144,0.856,0.381,0.6220472440944882,0.3779527559055118,175,175,1,1,59,4011279551371,137100,NA,NA,NA,NA,NA,NA,NA,NA,NA,NA,FALSE,0,0,FALSE,0,0,FALSE
nfl,2019,401128028,2019-12-15T18:00Z,Detroit Lions,Tampa Bay Buccaneers,DET,TB,3-10-1,7-7,17,38,FALSE,Tampa Bay Buccaneers,7-7,away,TB,5.5,46,210,-239,101,-111,1,nflreadr,Tampa Bay Buccaneers,7-7,Detroit Lions,3-10-1,0.411,0.589,0.491,0.1629327902240325,0.8370672097759675,178,178,1,1,16,401128028418,41800,NA,NA,NA,NA,NA,NA,NA,NA,NA,NA,FALSE,0,0,FALSE,0,0,FALSE
nfl,2019,401128031,2019-12-15T18:00Z,Green Bay Packers,Chicago Bears,GB,CHI,11-3,7-7,21,13,TRUE,Green Bay Packers,11-3,home,GB,4,40,-218,192,-118,107,1,nflreadr,Green Bay Packers,11-3,Chicago Bears,7-7,0.649,0.649,0.372,0.05645161290322587,0.9435483870967741,179,179,1,1,16,401128031376,37600,NA,NA,NA,NA,NA,NA,NA,NA,NA,NA,FALSE,0,0,FALSE,0,0,FALSE
nfl,2019,401128068,2019-12-15T18:00Z,Tennessee Titans,Houston Texans,TEN,HOU,8-6,9-5,21,24,FALSE,Tennessee Titans,8-6,home,TEN,3,50,-165,148,-113,103,1,nflreadr,Houston Texans,9-5,Tennessee Titans,8-6,0.525,0.525,0.7,0.5714285714285714,0.4285714285714286,165,165,1,1,47,4011280681128,112800,NA,NA,NA,NA,NA,NA,NA,NA,NA,NA,FALSE,0,0,FALSE,0,0,FALSE
nfl,2019,401128056,2019-12-15T18:00Z,Kansas City Chiefs,Denver Broncos,KC,DEN,10-4,5-9,23,3,TRUE,Kansas City Chiefs,10-4,home,KC,10,43,-426,352,113,-125,1,nflreadr,Kansas City Chiefs,10-4,Denver Broncos,5-9,0.872,0.872,0.139,0.07913669064748208,0.9208633093525179,157,157,1,1,3,40112805660,6000,NA,NA,NA,NA,NA,NA,NA,NA,NA,NA,FALSE,0,0,FALSE,0,0,FALSE
nfl,2019,401128060,2019-12-15T18:00Z,New York Giants,Miami Dolphins,NYG,MIA,3-11,3-11,36,20,TRUE,New York Giants,3-11,home,NYG,3.5,47,-185,165,-102,-108,1,nflreadr,New York Giants,3-11,Miami Dolphins,3-11,0.643,0.643,0.633,0.4360189573459716,0.5639810426540284,180,180,1,1,51,4011280601194,119400,NA,NA,NA,NA,NA,NA,NA,NA,NA,NA,FALSE,0,0,FALSE,0,0,FALSE
nfl,2019,401128071,2019-12-15T18:00Z,Washington,Philadelphia Eagles,WSH,PHI,3-11,7-7,27,37,FALSE,Philadelphia Eagles,7-7,NA,NA,NA,NA,NA,NA,NA,NA,NA,NA,Philadelphia Eagles,7-7,Washington,3-11,0.259,0.741,0.732,0.6461748633879781,0.35382513661202186,169,169,1,1,151,4011280713789,378900,NA,NA,NA,NA,NA,NA,NA,NA,NA,NA,FALSE,0,0,FALSE,0,0,FALSE
nfl,2019,401128024,2019-12-15T18:00Z,Carolina Panthers,Seattle Seahawks,CAR,SEA,5-9,11-3,24,30,FALSE,Seattle Seahawks,11-3,away,SEA,6,48.5,218,-250,-106,-104,1,nflreadr,Seattle Seahawks,11-3,Carolina Panthers,5-9,0.399,0.601,0.414,0.03623188405797095,0.963768115942029,175,175,1,1,3,40112802451,5100,NA,NA,NA,NA,NA,NA,NA,NA,NA,NA,FALSE,0,0,FALSE,0,0,FALSE
nfl,2019,401128099,2019-12-15T21:05Z,Oakland Raiders,Jacksonville Jaguars,OAK,JAX,6-8,5-9,16,20,FALSE,Oakland Raiders,6-8,home,OAK,7,47,-297,255,103,-114,1,nflreadr,Jacksonville Jaguars,5-9,Oakland Raiders,6-8,0.664,0.664,0.973,0.9722507708119219,0.027749229188078095,176,176,1,1,140,4011280993140,314000,NA,NA,NA,NA,NA,NA,NA,NA,NA,NA,FALSE,0,0,FALSE,0,0,FALSE
nfl,2019,401128094,2019-12-15T21:05Z,Arizona Cardinals,Cleveland Browns,ARI,CLE,4-9-1,6-8,38,24,TRUE,Cleveland Browns,6-8,away,CLE,3,49,140,-156,-103,-107,1,nflreadr,Arizona Cardinals,4-9-1,Cleveland Browns,6-8,0.464,0.536,0.5509999999999999,0.18511796733212327,0.8148820326678767,172,172,1,1,2,40112809436,3600,NA,NA,NA,NA,NA,NA,NA,NA,NA,NA,FALSE,0,0,FALSE,0,0,FALSE
nfl,2019,401128113,2019-12-15T21:05Z,Los Angeles Chargers,Minnesota Vikings,LAC,MIN,5-9,10-4,10,39,FALSE,Minnesota Vikings,10-4,away,MIN,1,45,107,-118,101,-111,1,nflreadr,Minnesota Vikings,10-4,Los Angeles Chargers,5-9,0.467,0.5329999999999999,0.553,0.19168173598553362,0.8083182640144664,165,165,1,1,52,4011281131250,125000,NA,NA,NA,NA,NA,NA,NA,NA,NA,NA,FALSE,0,0,FALSE,0,0,FALSE
nfl,2019,401128103,2019-12-15T21:25Z,Dallas Cowboys,Los Angeles Rams,DAL,LAR,7-7,8-6,44,21,TRUE,Dallas Cowboys,7-7,NA,NA,NA,NA,NA,NA,NA,NA,NA,NA,Dallas Cowboys,7-7,Los Angeles Rams,8-6,0.63,0.63,0.459,0.1938997821350763,0.8061002178649237,179,179,1,1,13,401128103296,29600,NA,NA,NA,NA,NA,NA,NA,NA,NA,NA,FALSE,0,0,FALSE,0,0,FALSE
nfl,2019,401128108,2019-12-15T21:25Z,San Francisco 49ers,Atlanta Falcons,SF,ATL,11-3,5-9,22,29,FALSE,San Francisco 49ers,11-3,home,SF,10.5,50,-460,376,106,-117,1,nflreadr,Atlanta Falcons,5-9,San Francisco 49ers,11-3,0.821,0.821,0.942,0.9384288747346072,0.06157112526539277,175,175,1,1,137,4011281083368,336800,NA,NA,NA,NA,NA,NA,NA,NA,NA,NA,FALSE,0,0,FALSE,0,0,FALSE
nfl,2019,401128065,2019-12-16T01:20Z,Pittsburgh Steelers,Buffalo Bills,PIT,BUF,8-6,10-4,10,17,FALSE,Pittsburgh Steelers,8-6,NA,NA,NA,NA,NA,NA,NA,NA,NA,NA,Buffalo Bills,10-4,Pittsburgh Steelers,8-6,0.518,0.518,0.76,0.6842105263157894,0.3157894736842106,164,164,1,1,96,4011280652380,238000,NA,NA,NA,NA,NA,NA,NA,NA,NA,NA,FALSE,0,0,FALSE,0,0,FALSE
nfl,2019,401128117,2019-12-17T01:15Z,New Orleans Saints,Indianapolis Colts,NO,IND,11-3,6-8,34,7,TRUE,New Orleans Saints,11-3,NA,NA,NA,NA,NA,NA,NA,NA,NA,NA,New Orleans Saints,11-3,Indianapolis Colts,6-8,0.723,0.723,0.31599999999999995,0.12341772151898711,0.8765822784810129,159,159,1,1,6,401128117127,12700,NA,NA,NA,NA,NA,NA,NA,NA,NA,NA,FALSE,0,0,FALSE,0,0,FALSE
nfl,2019,401127901,2019-12-21T18:00Z,Tampa Bay Buccaneers,Houston Texans,TB,HOU,7-8,10-5,20,23,FALSE,Tampa Bay Buccaneers,7-8,away,HOU,3,50,135,-150,-112,102,1,nflreadr,Houston Texans,10-5,Tampa Bay Buccaneers,7-8,0.542,0.542,0.72,0.6111111111111112,0.38888888888888884,179,179,1,1,130,4011279013271,327100,NA,NA,NA,NA,NA,NA,NA,NA,NA,NA,FALSE,0,0,FALSE,0,0,FALSE
nfl,2019,401127898,2019-12-21T21:30Z,New England Patriots,Buffalo Bills,NE,BUF,12-3,10-5,24,17,TRUE,New England Patriots,12-3,home,NE,7,39.5,-289,250,101,-111,1,nflreadr,New England Patriots,12-3,Buffalo Bills,10-5,0.815,0.815,0.671,0.7242921013412815,0.2757078986587185,166,166,1,1,113,4011278982788,278800,NA,NA,NA,NA,NA,NA,NA,NA,NA,NA,FALSE,0,0,FALSE,0,0,FALSE
nfl,2019,401127900,2019-12-22T01:15Z,San Francisco 49ers,Los Angeles Rams,SF,LAR,12-3,8-7,34,31,TRUE,San Francisco 49ers,12-3,NA,NA,NA,NA,NA,NA,NA,NA,NA,NA,San Francisco 49ers,12-3,Los Angeles Rams,8-7,0.701,0.701,0.839,0.8081048867699643,0.19189511323003572,175,175,1,1,136,4011279003289,328900,NA,NA,NA,NA,NA,NA,NA,NA,NA,NA,FALSE,0,0,FALSE,0,0,FALSE
nfl,2019,401127903,2019-12-22T18:00Z,Atlanta Falcons,Jacksonville Jaguars,ATL,JAX,6-9,5-10,24,12,TRUE,Atlanta Falcons,6-9,home,ATL,7.5,48,-313,268,103,-114,1,nflreadr,Atlanta Falcons,6-9,Jacksonville Jaguars,5-10,0.772,0.772,0.24,0.050000000000000044,0.95,176,176,1,1,3,40112790358,5800,NA,NA,NA,NA,NA,NA,NA,NA,NA,NA,FALSE,0,0,FALSE,0,0,FALSE
nfl,2019,401127904,2019-12-22T18:00Z,Cleveland Browns,Baltimore Ravens,CLE,BAL,6-9,13-2,15,31,FALSE,Baltimore Ravens,13-2,away,BAL,9.5,48.5,311,-370,-106,-104,1,nflreadr,Baltimore Ravens,13-2,Cleveland Browns,6-9,0.214,0.786,0.577,0.6291161178509532,0.3708838821490468,166,166,1,1,59,4011279041565,156500,NA,NA,NA,NA,NA,NA,NA,NA,NA,NA,FALSE,0,0,FALSE,0,0,FALSE
nfl,2019,401127935,2019-12-22T18:00Z,Tennessee Titans,New Orleans Saints,TEN,NO,8-7,12-3,28,38,FALSE,New Orleans Saints,12-3,away,NO,3.5,49,159,-178,-113,103,1,nflreadr,New Orleans Saints,12-3,Tennessee Titans,8-7,0.454,0.546,0.834,0.8009592326139088,0.19904076738609122,177,177,1,1,75,4011279351880,188000,NA,NA,NA,NA,NA,NA,NA,NA,NA,NA,FALSE,0,0,FALSE,0,0,FALSE
nfl,2019,401127906,2019-12-22T18:00Z,Indianapolis Colts,Carolina Panthers,IND,CAR,7-8,5-10,38,6,TRUE,Indianapolis Colts,7-8,home,IND,7.5,46,-308,264,110,-122,1,nflreadr,Indianapolis Colts,7-8,Carolina Panthers,5-10,0.703,0.703,0.30200000000000005,0.01655629139072845,0.9834437086092715,166,166,1,1,2,40112790636,3600,NA,NA,NA,NA,NA,NA,NA,NA,NA,NA,FALSE,0,0,FALSE,0,0,FALSE
nfl,2019,401127910,2019-12-22T18:00Z,Miami Dolphins,Cincinnati Bengals,MIA,CIN,4-11,1-14,38,35,TRUE,Cincinnati Bengals,1-14,away,CIN,1.5,46,107,-118,-104,-106,1,nflreadr,Miami Dolphins,4-11,Cincinnati Bengals,1-14,0.494,0.506,0.6,0.33333333333333326,0.6666666666666667,238,238,1,2,217,4011279105178,517800,NA,NA,NA,NA,NA,NA,NA,NA,NA,NA,FALSE,0,0,FALSE,0,0,FALSE
nfl,2019,401127933,2019-12-22T18:00Z,New York Jets,Pittsburgh Steelers,NYJ,PIT,6-9,8-7,16,10,TRUE,Pittsburgh Steelers,8-7,away,PIT,3,36.5,153,-171,105,-116,1,nflreadr,New York Jets,6-9,Pittsburgh Steelers,8-7,0.475,0.525,0.5880000000000001,0.2993197278911568,0.7006802721088432,169,169,1,1,90,4011279332195,219500,NA,NA,NA,NA,NA,NA,NA,NA,NA,NA,FALSE,0,0,FALSE,0,0,FALSE
nfl,2019,401127937,2019-12-22T18:00Z,Washington,New York Giants,WSH,NYG,3-12,4-11,35,41,FALSE,New York Giants,4-11,NA,NA,NA,NA,NA,NA,NA,NA,NA,NA,New York Giants,4-11,Washington,3-12,0.49,0.51,0.649,0.45916795069337457,0.5408320493066254,178,178,1,1,32,401127937856,85600,NA,NA,NA,NA,NA,NA,NA,NA,NA,NA,FALSE,0,0,FALSE,0,0,FALSE
nfl,2019,401127893,2019-12-22T21:05Z,Denver Broncos,Detroit Lions,DEN,DET,6-9,3-11-1,27,17,TRUE,Denver Broncos,6-9,home,DEN,9.5,40,-400,333,-112,102,1,nflreadr,Denver Broncos,6-9,Detroit Lions,3-11-1,0.65,0.65,0.7130000000000001,0.5974754558204771,0.4025245441795229,158,158,1,1,45,4011278931097,109700,NA,NA,NA,NA,NA,NA,NA,NA,NA,NA,FALSE,0,0,FALSE,0,0,FALSE
nfl,2019,401127896,2019-12-22T21:05Z,Los Angeles Chargers,Oakland Raiders,LAC,OAK,5-10,7-8,17,24,FALSE,Los Angeles Chargers,5-10,home,LAC,7.5,45,-321,274,103,-113,1,nflreadr,Oakland Raiders,7-8,Los Angeles Chargers,5-10,0.729,0.729,0.745,0.6577181208053691,0.34228187919463093,161,161,1,1,2,40112789646,4600,NA,NA,NA,NA,NA,NA,NA,NA,NA,NA,FALSE,0,0,FALSE,0,0,FALSE
nfl,2019,401127938,2019-12-22T21:25Z,Philadelphia Eagles,Dallas Cowboys,PHI,DAL,8-7,7-8,17,9,TRUE,Dallas Cowboys,7-8,away,DAL,2,47,109,-120,-112,101,1,nflreadr,Philadelphia Eagles,8-7,Dallas Cowboys,7-8,0.448,0.552,0.613,0.36867862969004883,0.6313213703099512,176,176,1,1,9,401127938206,20600,NA,NA,NA,NA,NA,NA,NA,NA,NA,NA,FALSE,0,0,FALSE,0,0,FALSE
nfl,2019,401127941,2019-12-22T21:25Z,Seattle Seahawks,Arizona Cardinals,SEA,ARI,11-4,5-9-1,13,27,FALSE,Seattle Seahawks,11-4,home,SEA,8,51,-385,322,101,-111,1,nflreadr,Arizona Cardinals,5-9-1,Seattle Seahawks,11-4,0.8,0.8,0.882,0.8662131519274376,0.13378684807256236,175,175,1,1,17,401127941416,41600,NA,NA,NA,NA,NA,NA,NA,NA,NA,NA,FALSE,0,0,FALSE,0,0,FALSE
nfl,2019,401127943,2019-12-23T01:20Z,Chicago Bears,Kansas City Chiefs,CHI,KC,7-8,11-4,3,26,FALSE,Kansas City Chiefs,11-4,NA,NA,NA,NA,NA,NA,NA,NA,NA,NA,Kansas City Chiefs,11-4,Chicago Bears,7-8,0.282,0.718,0.329,0.1428571428571428,0.8571428571428572,172,172,1,1,8,401127943186,18600,NA,NA,NA,NA,NA,NA,NA,NA,NA,NA,FALSE,0,0,FALSE,0,0,FALSE
nfl,2019,401127946,2019-12-24T01:15Z,Minnesota Vikings,Green Bay Packers,MIN,GB,10-5,12-3,10,23,FALSE,Minnesota Vikings,10-5,NA,NA,NA,NA,NA,NA,NA,NA,NA,NA,Green Bay Packers,12-3,Minnesota Vikings,10-5,0.682,0.682,0.812,0.7684729064039411,0.23152709359605894,172,172,1,1,6,401127946145,14500,NA,NA,NA,NA,NA,NA,NA,NA,NA,NA,FALSE,0,0,FALSE,0,0,FALSE
nfl,2019,401127973,2019-12-29T18:00Z,Buffalo Bills,New York Jets,BUF,NYJ,10-6,7-9,6,13,FALSE,Buffalo Bills,10-6,away,NYJ,1.5,37,112,-124,-100,-110,1,nflreadr,New York Jets,7-9,Buffalo Bills,10-6,0.765,0.765,0.822,0.7834549878345498,0.2165450121654502,171,171,1,1,7,401127973185,18500,NA,NA,NA,NA,NA,NA,NA,NA,NA,NA,FALSE,0,0,FALSE,0,0,FALSE
nfl,2019,401127978,2019-12-29T18:00Z,Cincinnati Bengals,Cleveland Browns,CIN,CLE,2-14,6-10,33,23,TRUE,Cleveland Browns,6-10,away,CLE,2.5,44,124,-137,-103,-107,1,nflreadr,Cincinnati Bengals,2-14,Cleveland Browns,6-10,0.37,0.63,0.767,0.6962190352020861,0.30378096479791394,161,161,1,1,10,401127978230,23000,NA,NA,NA,NA,NA,NA,NA,NA,NA,NA,FALSE,0,0,FALSE,0,0,FALSE
nfl,2019,401127983,2019-12-29T18:00Z,Detroit Lions,Green Bay Packers,DET,GB,3-12-1,13-3,20,23,FALSE,Green Bay Packers,13-3,away,GB,13.5,44,508,-656,-114,103,1,nflreadr,Green Bay Packers,13-3,Detroit Lions,3-12-1,0.301,0.6990000000000001,0.928,0.9224137931034484,0.0775862068965516,193,193,1,1,102,4011279832516,251600,NA,NA,NA,NA,NA,NA,NA,NA,NA,NA,FALSE,0,0,FALSE,0,0,FALSE
nfl,2019,401127990,2019-12-29T18:00Z,Kansas City Chiefs,Los Angeles Chargers,KC,LAC,12-4,5-11,31,21,TRUE,Kansas City Chiefs,12-4,home,KC,10,46,-389,325,-100,-110,1,nflreadr,Kansas City Chiefs,12-4,Los Angeles Chargers,5-11,0.852,0.852,0.464,0.6810344827586207,0.31896551724137934,160,160,1,1,61,4011279901466,146600,NA,NA,NA,NA,NA,NA,NA,NA,NA,NA,FALSE,0,0,FALSE,0,0,FALSE
nfl,2019,401127991,2019-12-29T18:00Z,Minnesota Vikings,Chicago Bears,MIN,CHI,10-6,8-8,19,21,FALSE,Minnesota Vikings,10-6,away,CHI,5.5,36.5,203,-230,-100,-110,1,nflreadr,Chicago Bears,8-8,Minnesota Vikings,10-6,0.687,0.687,0.782,0.7212276214833759,0.27877237851662406,164,164,1,1,158,4011279913568,356800,NA,NA,NA,NA,NA,NA,NA,NA,NA,NA,FALSE,0,0,FALSE,0,0,FALSE
nfl,2019,401127909,2019-12-29T18:00Z,New England Patriots,Miami Dolphins,NE,MIA,12-4,5-11,24,27,FALSE,New England Patriots,12-4,home,NE,17.5,46,-1117,781,-102,-109,1,nflreadr,Miami Dolphins,5-11,New England Patriots,12-4,0.959,0.959,0.973,0.9722507708119219,0.027749229188078095,166,166,1,1,3,40112790951,5100,NA,NA,NA,NA,NA,NA,NA,NA,NA,NA,FALSE,0,0,FALSE,0,0,FALSE
nfl,2019,401128034,2019-12-29T18:00Z,Tampa Bay Buccaneers,Atlanta Falcons,TB,ATL,7-9,7-9,22,28,FALSE,Tampa Bay Buccaneers,7-9,home,TB,1,48,-120,109,-111,101,1,nflreadr,Atlanta Falcons,7-9,Tampa Bay Buccaneers,7-9,0.599,0.599,0.887,0.8726042841037205,0.12739571589627952,182,182,1,1,116,4011280342858,285800,NA,NA,NA,NA,NA,NA,NA,NA,NA,NA,FALSE,0,0,FALSE,0,0,FALSE
nfl,2019,401127975,2019-12-29T18:00Z,Carolina Panthers,New Orleans Saints,CAR,NO,5-11,13-3,10,42,FALSE,New Orleans Saints,13-3,away,NO,13.5,45,510,-660,-104,-106,1,nflreadr,New Orleans Saints,13-3,Carolina Panthers,5-11,0.225,0.775,0.266,0.1541353383458648,0.8458646616541352,175,175,1,1,8,401127975169,16900,NA,NA,NA,NA,NA,NA,NA,NA,NA,NA,FALSE,0,0,FALSE,0,0,FALSE
nfl,2019,401127980,2019-12-29T21:25Z,Dallas Cowboys,Washington,DAL,WSH,8-8,3-13,47,16,TRUE,Dallas Cowboys,8-8,NA,NA,NA,NA,NA,NA,NA,NA,NA,NA,Dallas Cowboys,8-8,Washington,3-13,0.909,0.909,0.15300000000000002,0.405228758169935,0.594771241830065,179,179,1,1,5,40112798097,9700,NA,NA,NA,NA,NA,NA,NA,NA,NA,NA,FALSE,0,0,FALSE,0,0,FALSE
nfl,2019,401128036,2019-12-29T21:25Z,Denver Broncos,Oakland Raiders,DEN,OAK,7-9,7-9,16,15,TRUE,Denver Broncos,7-9,home,DEN,5.5,41.5,-221,195,-101,-110,1,nflreadr,Denver Broncos,7-9,Oakland Raiders,7-9,0.619,0.619,0.817,0.7760097919216646,0.22399020807833536,180,180,1,1,60,4011280361362,136200,NA,NA,NA,NA,NA,NA,NA,NA,NA,NA,FALSE,0,0,FALSE,0,0,FALSE
nfl,2019,401128038,2019-12-29T21:25Z,Los Angeles Rams,Arizona Cardinals,LAR,ARI,9-7,5-10-1,31,24,TRUE,Los Angeles Rams,9-7,NA,NA,NA,NA,NA,NA,NA,NA,NA,NA,Los Angeles Rams,9-7,Arizona Cardinals,5-10-1,0.762,0.762,0.4479999999999999,0.4687499999999999,0.5312500000000001,192,192,1,1,43,401128038985,98500,NA,NA,NA,NA,NA,NA,NA,NA,NA,NA,FALSE,0,0,FALSE,0,0,FALSE
nfl,2019,401128033,2019-12-29T21:25Z,New York Giants,Philadelphia Eagles,NYG,PHI,4-12,9-7,17,34,FALSE,Philadelphia Eagles,9-7,away,PHI,4,44,176,-198,-108,-102,1,nflreadr,Philadelphia Eagles,9-7,New York Giants,4-12,0.295,0.7050000000000001,0.553,0.4665461121157325,0.5334538878842675,192,192,1,1,115,4011280332825,282500,NA,NA,NA,NA,NA,NA,NA,NA,NA,NA,FALSE,0,0,FALSE,0,0,FALSE
nfl,2019,401127988,2019-12-29T21:25Z,Jacksonville Jaguars,Indianapolis Colts,JAX,IND,6-10,7-9,38,20,TRUE,Indianapolis Colts,7-9,away,IND,5,41.5,204,-232,-101,-109,1,nflreadr,Jacksonville Jaguars,6-10,Indianapolis Colts,7-9,0.359,0.641,0.804,0.7562189054726369,0.24378109452736307,159,159,1,1,80,4011279881856,185600,NA,NA,NA,NA,NA,NA,NA,NA,NA,NA,FALSE,0,0,FALSE,0,0,FALSE
nfl,2019,401127950,2019-12-29T21:25Z,Baltimore Ravens,Pittsburgh Steelers,BAL,PIT,14-2,8-8,28,10,TRUE,Baltimore Ravens,14-2,away,PIT,2,35,122,-135,102,-113,1,nflreadr,Baltimore Ravens,14-2,Pittsburgh Steelers,8-8,0.852,0.852,0.352,0.5795454545454545,0.4204545454545455,164,164,1,1,54,4011279501189,118900,NA,NA,NA,NA,NA,NA,NA,NA,NA,NA,FALSE,0,0,FALSE,0,0,FALSE
nfl,2019,401127984,2019-12-29T21:25Z,Houston Texans,Tennessee Titans,HOU,TEN,10-6,9-7,14,35,FALSE,Houston Texans,10-6,away,TEN,10,43,308,-366,-117,106,1,nflreadr,Tennessee Titans,9-7,Houston Texans,10-6,0.508,0.508,0.774,0.7080103359173127,0.29198966408268734,164,164,1,1,18,401127984413,41300,NA,NA,NA,NA,NA,NA,NA,NA,NA,NA,FALSE,0,0,FALSE,0,0,FALSE
nfl,2019,401128040,2019-12-30T01:20Z,Seattle Seahawks,San Francisco 49ers,SEA,SF,11-5,13-3,21,26,FALSE,San Francisco 49ers,13-3,NA,NA,NA,NA,NA,NA,NA,NA,NA,NA,San Francisco 49ers,13-3,Seattle Seahawks,11-5,0.435,0.565,0.774,0.7080103359173127,0.29198966408268734,162,162,1,1,156,4011280403901,390100,NA,NA,NA,NA,NA,NA,NA,NA,NA,NA,FALSE,0,0,FALSE,0,0,FALSE
nfl,2020,401220225,2020-09-11T00:20Z,Kansas City Chiefs,Houston Texans,KC,HOU,1-0,0-1,34,20,TRUE,Kansas City Chiefs,1-0,NA,NA,NA,NA,NA,NA,NA,NA,NA,NA,Kansas City Chiefs,1-0,Houston Texans,0-1,0.772,0.772,0.415,0.45060240963855425,0.5493975903614458,163,163,1,1,28,401220225672,67200,NA,NA,NA,NA,NA,NA,NA,NA,NA,NA,FALSE,0,0,FALSE,0,0,FALSE
nfl,2020,401220313,2020-09-13T17:00Z,Atlanta Falcons,Seattle Seahawks,ATL,SEA,0-1,1-0,25,38,FALSE,Seattle Seahawks,1-0,home,ATL,1,49.5,-112,102,-105,-105,1,nflreadr,Seattle Seahawks,1-0,Atlanta Falcons,0-1,0.484,0.516,0.677,0.5228951255539145,0.4771048744460855,180,180,1,1,13,401220313326,32600,NA,NA,NA,NA,NA,NA,NA,NA,NA,NA,FALSE,0,0,FALSE,0,0,FALSE
nfl,2020,401220116,2020-09-13T17:00Z,Buffalo Bills,New York Jets,BUF,NYJ,1-0,0-1,27,17,TRUE,Buffalo Bills,1-0,home,BUF,6.5,39.5,-279,242,100,-110,1,nflreadr,Buffalo Bills,1-0,New York Jets,0-1,0.636,0.636,0.371,0.018867924528301883,0.9811320754716981,182,182,1,1,12,401220116290,29000,NA,NA,NA,NA,NA,NA,NA,NA,NA,NA,FALSE,0,0,FALSE,0,0,FALSE
nfl,2020,401220282,2020-09-13T17:00Z,Detroit Lions,Chicago Bears,DET,CHI,0-1,1-0,23,27,FALSE,Chicago Bears,1-0,home,DET,2.5,42.5,-128,116,-102,-108,1,nflreadr,Chicago Bears,1-0,Detroit Lions,0-1,0.484,0.516,0.983,0.9827060020345879,0.01729399796541209,188,188,1,2,154,4012202823727,372700,NA,NA,NA,NA,NA,NA,NA,NA,NA,NA,FALSE,0,0,FALSE,0,0,FALSE
nfl,2020,401220300,2020-09-13T17:00Z,Minnesota Vikings,Green Bay Packers,MIN,GB,0-1,1-0,34,43,FALSE,Minnesota Vikings,0-1,home,MIN,1,45,-114,103,-107,-103,1,nflreadr,Green Bay Packers,1-0,Minnesota Vikings,0-1,0.531,0.531,0.667,0.5007496251874064,0.4992503748125936,165,165,1,2,40,401220300924,92400,NA,NA,NA,NA,NA,NA,NA,NA,NA,NA,FALSE,0,0,FALSE,0,0,FALSE
nfl,2020,401220131,2020-09-13T17:00Z,New England Patriots,Miami Dolphins,NE,MIA,1-0,0-1,21,11,TRUE,New England Patriots,1-0,home,NE,7.5,41.5,-327,278,102,-112,1,nflreadr,New England Patriots,1-0,Miami Dolphins,0-1,0.7,0.7,0.415,0.27710843373493965,0.7228915662650603,153,153,1,1,26,401220131568,56800,NA,NA,NA,NA,NA,NA,NA,NA,NA,NA,FALSE,0,0,FALSE,0,0,FALSE
nfl,2020,401220268,2020-09-13T17:00Z,Washington,Philadelphia Eagles,WSH,PHI,1-0,0-1,27,17,TRUE,Philadelphia Eagles,0-1,NA,NA,NA,NA,NA,NA,NA,NA,NA,NA,Washington,1-0,Philadelphia Eagles,0-1,0.298,0.702,0.973,0.9722507708119219,0.027749229188078095,186,186,1,1,70,4012202681691,169100,NA,NA,NA,NA,NA,NA,NA,NA,NA,NA,FALSE,0,0,FALSE,0,0,FALSE
nfl,2020,401220370,2020-09-13T17:00Z,Carolina Panthers,Las Vegas Raiders,CAR,LV,0-1,1-0,30,34,FALSE,Las Vegas Raiders,1-0,away,LV,3,48,134,-124,-113,-112,1,nflreadr,Las Vegas Raiders,1-0,Carolina Panthers,0-1,0.47,0.53,0.725,0.6206896551724137,0.3793103448275863,170,170,1,1,146,4012203703427,342700,NA,NA,NA,NA,NA,NA,NA,NA,NA,NA,FALSE,0,0,FALSE,0,0,FALSE
nfl,2020,401220195,2020-09-13T17:00Z,Jacksonville Jaguars,Indianapolis Colts,JAX,IND,1-0,0-1,27,20,TRUE,Indianapolis Colts,0-1,away,IND,7,44,265,-309,-102,-108,1,nflreadr,Jacksonville Jaguars,1-0,Indianapolis Colts,0-1,0.39,0.61,0.9,0.8888888888888888,0.11111111111111116,153,153,1,1,30,401220195916,91600,NA,NA,NA,NA,NA,NA,NA,NA,NA,NA,FALSE,0,0,FALSE,0,0,FALSE
nfl,2020,401220147,2020-09-13T17:00Z,Baltimore Ravens,Cleveland Browns,BAL,CLE,1-0,0-1,38,6,TRUE,Baltimore Ravens,1-0,home,BAL,7,47,-302,260,-103,-107,1,nflreadr,Baltimore Ravens,1-0,Cleveland Browns,0-1,0.699,0.699,0.422,0.2867298578199051,0.7132701421800949,165,165,1,1,54,4012201471332,133200,NA,NA,NA,NA,NA,NA,NA,NA,NA,NA,FALSE,0,0,FALSE,0,0,FALSE
nfl,2020,401220161,2020-09-13T20:05Z,Cincinnati Bengals,Los Angeles Chargers,CIN,LAC,0-1,1-0,13,16,FALSE,Los Angeles Chargers,1-0,away,LAC,2.5,41.5,117,-129,-110,-100,1,nflreadr,Los Angeles Chargers,1-0,Cincinnati Bengals,0-1,0.433,0.567,0.808,0.7623762376237624,0.2376237623762376,191,191,1,1,132,4012201613020,302000,NA,NA,NA,NA,NA,NA,NA,NA,NA,NA,FALSE,0,0,FALSE,0,0,FALSE
nfl,2020,401220369,2020-09-13T20:25Z,New Orleans Saints,Tampa Bay Buccaneers,NO,TB,1-0,0-1,34,23,TRUE,New Orleans Saints,1-0,home,NO,4,48.5,-196,174,-113,102,1,nflreadr,New Orleans Saints,1-0,Tampa Bay Buccaneers,0-1,0.593,0.593,0.671,0.5096870342771982,0.4903129657228018,184,184,1,1,24,401220369588,58800,NA,NA,NA,NA,NA,NA,NA,NA,NA,NA,FALSE,0,0,FALSE,0,0,FALSE
nfl,2020,401220352,2020-09-13T20:25Z,San Francisco 49ers,Arizona Cardinals,SF,ARI,0-1,1-0,20,24,FALSE,San Francisco 49ers,0-1,home,SF,7,48.5,-280,242,111,-123,1,nflreadr,Arizona Cardinals,1-0,San Francisco 49ers,0-1,0.694,0.694,0.904,0.8938053097345133,0.10619469026548667,185,185,1,1,19,401220352515,51500,NA,NA,NA,NA,NA,NA,NA,NA,NA,NA,FALSE,0,0,FALSE,0,0,FALSE
nfl,2020,401220347,2020-09-14T00:20Z,Los Angeles Rams,Dallas Cowboys,LAR,DAL,1-0,0-1,20,17,TRUE,Dallas Cowboys,0-1,NA,NA,NA,NA,NA,NA,NA,NA,NA,NA,Los Angeles Rams,1-0,Dallas Cowboys,0-1,0.489,0.511,0.7150000000000001,0.6013986013986015,0.39860139860139854,186,186,1,1,89,4012203472142,214200,NA,NA,NA,NA,NA,NA,NA,NA,NA,NA,FALSE,0,0,FALSE,0,0,FALSE
nfl,2020,401220256,2020-09-14T23:15Z,New York Giants,Pittsburgh Steelers,NYG,PIT,0-1,1-0,16,26,FALSE,Pittsburgh Steelers,1-0,away,PIT,6,44,221,-253,-105,-105,1,nflreadr,Pittsburgh Steelers,1-0,New York Giants,0-1,0.391,0.609,0.664,0.493975903614458,0.506024096385542,171,171,1,1,51,4012202561146,114600,NA,NA,NA,NA,NA,NA,NA,NA,NA,NA,FALSE,0,0,FALSE,0,0,FALSE
nfl,2020,401220217,2020-09-15T02:10Z,Denver Broncos,Tennessee Titans,DEN,TEN,0-1,1-0,14,16,FALSE,Denver Broncos,0-1,NA,NA,NA,NA,NA,NA,NA,NA,NA,NA,Tennessee Titans,1-0,Denver Broncos,0-1,0.535,0.535,0.999,0.9989989989989989,0.0010010010010010895,179,179,1,1,171,4012202174239,423900,NA,NA,NA,NA,NA,NA,NA,NA,NA,NA,FALSE,0,0,FALSE,0,0,FALSE
nfl,2020,401220163,2020-09-18T00:20Z,Cleveland Browns,Cincinnati Bengals,CLE,CIN,1-1,0-2,35,30,TRUE,Cleveland Browns,1-1,NA,NA,NA,NA,NA,NA,NA,NA,NA,NA,Cleveland Browns,1-1,Cincinnati Bengals,0-2,0.625,0.625,0.509,0.2632612966601179,0.7367387033398821,190,190,1,1,13,401220163346,34600,NA,NA,NA,NA,NA,NA,NA,NA,NA,NA,FALSE,0,0,FALSE,0,0,FALSE
nfl,2020,401220281,2020-09-20T17:00Z,Chicago Bears,New York Giants,CHI,NYG,2-0,0-2,17,13,TRUE,Chicago Bears,2-0,home,CHI,4.5,42.5,-222,196,-105,-105,1,nflreadr,Chicago Bears,2-0,New York Giants,0-2,0.656,0.656,0.374,0.0802139037433156,0.9197860962566844,174,174,1,1,6,401220281135,13500,NA,NA,NA,NA,NA,NA,NA,NA,NA,NA,FALSE,0,0,FALSE,0,0,FALSE
nfl,2020,401220249,2020-09-20T17:00Z,Dallas Cowboys,Atlanta Falcons,DAL,ATL,1-1,0-2,40,39,TRUE,Dallas Cowboys,1-1,home,DAL,3,53,-145,131,108,-119,1,nflreadr,Dallas Cowboys,1-1,Atlanta Falcons,0-2,0.645,0.645,0.999,0.9989989989989989,0.0010010010010010895,201,201,1,4,182,4012202494564,456400,NA,NA,NA,NA,NA,NA,NA,NA,NA,NA,FALSE,0,0,FALSE,0,0,FALSE
nfl,2020,401220291,2020-09-20T17:00Z,Green Bay Packers,Detroit Lions,GB,DET,2-0,0-2,42,21,TRUE,Green Bay Packers,2-0,home,GB,7,51,-284,245,102,-113,1,nflreadr,Green Bay Packers,2-0,Detroit Lions,0-2,0.682,0.682,0.6699999999999999,0.5253731343283583,0.4746268656716417,173,173,1,1,42,4012202911032,103200,NA,NA,NA,NA,NA,NA,NA,NA,NA,NA,FALSE,0,0,FALSE,0,0,FALSE
nfl,2020,401220204,2020-09-20T17:00Z,Tennessee Titans,Jacksonville Jaguars,TEN,JAX,2-0,1-1,33,30,TRUE,Tennessee Titans,2-0,home,TEN,7,44.5,-295,254,105,-116,1,nflreadr,Tennessee Titans,2-0,Jacksonville Jaguars,1-1,0.725,0.725,0.527,0.4781783681214421,0.5218216318785579,178,178,1,1,155,4012202043690,369000,NA,NA,NA,NA,NA,NA,NA,NA,NA,NA,FALSE,0,0,FALSE,0,0,FALSE
nfl,2020,401220192,2020-09-20T17:00Z,Indianapolis Colts,Minnesota Vikings,IND,MIN,1-1,0-2,28,11,TRUE,Indianapolis Colts,1-1,home,IND,3.5,49,-176,158,101,-111,1,nflreadr,Indianapolis Colts,1-1,Minnesota Vikings,0-2,0.516,0.516,0.599,0.330550918196995,0.669449081803005,162,162,1,1,41,4012201921005,100500,NA,NA,NA,NA,NA,NA,NA,NA,NA,NA,FALSE,0,0,FALSE,0,0,FALSE
nfl,2020,401220122,2020-09-20T17:00Z,Miami Dolphins,Buffalo Bills,MIA,BUF,0-2,2-0,28,31,FALSE,Buffalo Bills,2-0,away,BUF,5.5,42.5,214,-244,-101,-109,1,nflreadr,Buffalo Bills,2-0,Miami Dolphins,0-2,0.345,0.655,0.637,0.45839874411302983,0.5416012558869702,174,174,1,1,140,4012201223455,345500,NA,NA,NA,NA,NA,NA,NA,NA,NA,NA,FALSE,0,0,FALSE,0,0,FALSE
nfl,2020,401220144,2020-09-20T17:00Z,New York Jets,San Francisco 49ers,NYJ,SF,0-2,1-1,13,31,FALSE,San Francisco 49ers,1-1,away,SF,7,41.5,259,-301,-111,101,1,nflreadr,San Francisco 49ers,1-1,New York Jets,0-2,0.388,0.612,0.388,0,1,160,160,1,2,1,4012201441,100,NA,NA,NA,NA,NA,NA,NA,NA,NA,NA,FALSE,0,0,FALSE,0,0,FALSE
nfl,2020,401220261,2020-09-20T17:00Z,Philadelphia Eagles,Los Angeles Rams,PHI,LAR,0-2,2-0,19,37,FALSE,Philadelphia Eagles,0-2,NA,NA,NA,NA,NA,NA,NA,NA,NA,NA,Los Angeles Rams,2-0,Philadelphia Eagles,0-2,0.539,0.539,0.569,0.24253075571177485,0.7574692442882252,176,176,1,1,5,401220261112,11200,NA,NA,NA,NA,NA,NA,NA,NA,NA,NA,FALSE,0,0,FALSE,0,0,FALSE
nfl,2020,401220177,2020-09-20T17:00Z,Pittsburgh Steelers,Denver Broncos,PIT,DEN,2-0,0-2,26,21,TRUE,Pittsburgh Steelers,2-0,home,PIT,6,41,-267,232,-110,-100,1,nflreadr,Pittsburgh Steelers,2-0,Denver Broncos,0-2,0.669,0.669,0.508,0.34842519685039375,0.6515748031496063,183,183,1,1,172,4012201774365,436500,NA,NA,NA,NA,NA,NA,NA,NA,NA,NA,FALSE,0,0,FALSE,0,0,FALSE
nfl,2020,401220329,2020-09-20T17:00Z,Tampa Bay Buccaneers,Carolina Panthers,TB,CAR,1-1,0-2,31,17,TRUE,Tampa Bay Buccaneers,1-1,home,TB,7.5,47,-342,290,-104,-106,1,nflreadr,Tampa Bay Buccaneers,1-1,Carolina Panthers,0-2,0.726,0.726,0.356,0.2303370786516853,0.7696629213483147,174,174,1,1,5,401220329106,10600,NA,NA,NA,NA,NA,NA,NA,NA,NA,NA,FALSE,0,0,FALSE,0,0,FALSE
nfl,2020,401220340,2020-09-20T20:05Z,Arizona Cardinals,Washington,ARI,WSH,2-0,1-1,30,15,TRUE,Arizona Cardinals,2-0,NA,NA,NA,NA,NA,NA,NA,NA,NA,NA,Arizona Cardinals,2-0,Washington,1-1,0.684,0.684,0.31599999999999995,0,1,183,183,1,1,1,4012203401,100,NA,NA,NA,NA,NA,NA,NA,NA,NA,NA,FALSE,0,0,FALSE,0,0,FALSE
nfl,2020,401220235,2020-09-20T20:25Z,Los Angeles Chargers,Kansas City Chiefs,LAC,KC,1-1,2-0,20,23,FALSE,Kansas City Chiefs,2-0,away,KC,8.5,47,311,-370,-106,-104,1,nflreadr,Kansas City Chiefs,2-0,Los Angeles Chargers,1-1,0.288,0.712,0.878,0.8610478359908884,0.1389521640091116,204,204,1,1,131,4012202353078,307800,NA,NA,NA,NA,NA,NA,NA,NA,NA,NA,FALSE,0,0,FALSE,0,0,FALSE
nfl,2020,401220181,2020-09-20T20:25Z,Houston Texans,Baltimore Ravens,HOU,BAL,0-2,2-0,16,33,FALSE,Baltimore Ravens,2-0,away,BAL,7.5,49.5,292,-344,-108,-102,1,nflreadr,Baltimore Ravens,2-0,Houston Texans,0-2,0.312,0.688,0.419,0.2553699284009545,0.7446300715990455,166,166,1,1,6,401220181120,12000,NA,NA,NA,NA,NA,NA,NA,NA,NA,NA,FALSE,0,0,FALSE,0,0,FALSE
nfl,2020,401220365,2020-09-21T00:20Z,Seattle Seahawks,New England Patriots,SEA,NE,2-0,1-1,35,30,TRUE,Seattle Seahawks,2-0,NA,NA,NA,NA,NA,NA,NA,NA,NA,NA,Seattle Seahawks,2-0,New England Patriots,1-1,0.619,0.619,0.6910000000000001,0.5528219971056441,0.44717800289435594,173,173,1,1,43,4012203651047,104700,NA,NA,NA,NA,NA,NA,NA,NA,NA,NA,FALSE,0,0,FALSE,0,0,FALSE
nfl,2020,401220231,2020-09-22T00:15Z,Las Vegas Raiders,New Orleans Saints,LV,NO,2-0,1-1,34,24,TRUE,New Orleans Saints,1-1,NA,NA,NA,NA,NA,NA,NA,NA,NA,NA,Las Vegas Raiders,2-0,New Orleans Saints,1-1,0.417,0.583,0.848,0.820754716981132,0.179245283018868,176,176,1,1,43,4012202311040,104000,NA,NA,NA,NA,NA,NA,NA,NA,NA,NA,FALSE,0,0,FALSE,0,0,FALSE
nfl,2020,401220201,2020-09-25T00:20Z,Jacksonville Jaguars,Miami Dolphins,JAX,MIA,1-2,1-2,13,31,FALSE,Jacksonville Jaguars,1-2,NA,NA,NA,NA,NA,NA,NA,NA,NA,NA,Miami Dolphins,1-2,Jacksonville Jaguars,1-2,0.532,0.532,0.538,0.1412639405204461,0.8587360594795539,161,161,1,1,2,40122020140,4000,NA,NA,NA,NA,NA,NA,NA,NA,NA,NA,FALSE,0,0,FALSE,0,0,FALSE
nfl,2020,401220309,2020-09-27T17:00Z,Atlanta Falcons,Chicago Bears,ATL,CHI,0-3,3-0,26,30,FALSE,Atlanta Falcons,0-3,home,ATL,2.5,46,-135,122,-111,101,1,nflreadr,Chicago Bears,3-0,Atlanta Falcons,0-3,0.551,0.551,0.996,0.9959839357429718,0.004016064257028162,195,195,1,1,154,4012203093877,387700,NA,NA,NA,NA,NA,NA,NA,NA,NA,NA,FALSE,0,0,FALSE,0,0,FALSE
nfl,2020,401220119,2020-09-27T17:00Z,Buffalo Bills,Los Angeles Rams,BUF,LAR,3-0,2-1,35,32,TRUE,Buffalo Bills,3-0,NA,NA,NA,NA,NA,NA,NA,NA,NA,NA,Buffalo Bills,3-0,Los Angeles Rams,2-1,0.536,0.536,0.885,0.8700564971751412,0.12994350282485878,161,161,1,1,154,4012201193868,386800,NA,NA,NA,NA,NA,NA,NA,NA,NA,NA,FALSE,0,0,FALSE,0,0,FALSE
nfl,2020,401220168,2020-09-27T17:00Z,Cleveland Browns,Washington,CLE,WSH,2-1,1-2,34,20,TRUE,Cleveland Browns,2-1,NA,NA,NA,NA,NA,NA,NA,NA,NA,NA,Cleveland Browns,2-1,Washington,1-2,0.631,0.631,0.719,0.6091794158553545,0.3908205841446455,170,170,1,1,38,401220168902,90200,NA,NA,NA,NA,NA,NA,NA,NA,NA,NA,FALSE,0,0,FALSE,0,0,FALSE
nfl,2020,401220304,2020-09-27T17:00Z,Minnesota Vikings,Tennessee Titans,MIN,TEN,0-3,3-0,30,31,FALSE,Minnesota Vikings,0-3,away,TEN,3,49.5,139,-155,-109,-101,1,nflreadr,Tennessee Titans,3-0,Minnesota Vikings,0-3,0.522,0.522,0.938,0.9339019189765458,0.06609808102345416,182,182,1,1,113,4012203042691,269100,NA,NA,NA,NA,NA,NA,NA,NA,NA,NA,FALSE,0,0,FALSE,0,0,FALSE
nfl,2020,401220134,2020-09-27T17:00Z,New England Patriots,Las Vegas Raiders,NE,LV,2-1,2-1,36,20,TRUE,New England Patriots,2-1,home,NE,7,47,-311,266,-105,-105,1,nflreadr,New England Patriots,2-1,Las Vegas Raiders,2-1,0.64,0.64,0.548,0.34306569343065696,0.656934306569343,169,169,1,1,28,401220134627,62700,NA,NA,NA,NA,NA,NA,NA,NA,NA,NA,FALSE,0,0,FALSE,0,0,FALSE
nfl,2020,401220254,2020-09-27T17:00Z,New York Giants,San Francisco 49ers,NYG,SF,0-3,2-1,9,36,FALSE,San Francisco 49ers,2-1,away,SF,3,44,134,-149,-109,-101,1,nflreadr,San Francisco 49ers,2-1,New York Giants,0-3,0.338,0.6619999999999999,0.448,0.24553571428571408,0.7544642857142859,165,165,1,1,56,4012202541258,125800,NA,NA,NA,NA,NA,NA,NA,NA,NA,NA,FALSE,0,0,FALSE,0,0,FALSE
nfl,2020,401220173,2020-09-27T17:00Z,Pittsburgh Steelers,Houston Texans,PIT,HOU,3-0,0-3,28,21,TRUE,Pittsburgh Steelers,3-0,home,PIT,4,46.5,-196,174,-100,-110,1,nflreadr,Pittsburgh Steelers,3-0,Houston Texans,0-3,0.656,0.656,0.767,0.6962190352020861,0.30378096479791394,164,164,1,1,57,4012201731332,133200,NA,NA,NA,NA,NA,NA,NA,NA,NA,NA,FALSE,0,0,FALSE,0,0,FALSE
nfl,2020,401220193,2020-09-27T20:05Z,Indianapolis Colts,New York Jets,IND,NYJ,2-1,0-3,36,7,TRUE,Indianapolis Colts,2-1,home,IND,12.5,44,-630,491,-101,-109,1,nflreadr,Indianapolis Colts,2-1,New York Jets,0-3,0.646,0.646,0.373,0.05093833780160861,0.9490616621983914,156,156,1,1,5,401220193110,11000,NA,NA,NA,NA,NA,NA,NA,NA,NA,NA,FALSE,0,0,FALSE,0,0,FALSE
nfl,2020,401220240,2020-09-27T20:05Z,Los Angeles Chargers,Carolina Panthers,LAC,CAR,1-2,1-2,16,21,FALSE,Los Angeles Chargers,1-2,home,LAC,6,43.5,-265,230,-103,-107,1,nflreadr,Carolina Panthers,1-2,Los Angeles Chargers,1-2,0.591,0.591,0.647,0.45440494590417324,0.5455950540958268,170,170,1,1,5,40122024099,9900,NA,NA,NA,NA,NA,NA,NA,NA,NA,NA,FALSE,0,0,FALSE,0,0,FALSE
nfl,2020,401220216,2020-09-27T20:25Z,Denver Broncos,Tampa Bay Buccaneers,DEN,TB,0-3,2-1,10,28,FALSE,Tampa Bay Buccaneers,2-1,away,TB,6,42.5,230,-264,-105,-105,1,nflreadr,Tampa Bay Buccaneers,2-1,Denver Broncos,0-3,0.414,0.5860000000000001,0.441,0.061224489795918546,0.9387755102040815,170,170,1,1,6,401220216137,13700,NA,NA,NA,NA,NA,NA,NA,NA,NA,NA,FALSE,0,0,FALSE,0,0,FALSE
nfl,2020,401220343,2020-09-27T20:25Z,Arizona Cardinals,Detroit Lions,ARI,DET,2-1,1-2,23,26,FALSE,Arizona Cardinals,2-1,home,ARI,4.5,55.5,-218,193,-105,-105,1,nflreadr,Detroit Lions,1-2,Arizona Cardinals,2-1,0.679,0.679,0.78,0.7179487179487181,0.28205128205128194,180,180,1,1,51,4012203431203,120300,NA,NA,NA,NA,NA,NA,NA,NA,NA,NA,FALSE,0,0,FALSE,0,0,FALSE
nfl,2020,401220363,2020-09-27T20:25Z,Seattle Seahawks,Dallas Cowboys,SEA,DAL,3-0,1-2,38,31,TRUE,Seattle Seahawks,3-0,home,SEA,5.5,58,-237,208,-106,-104,1,nflreadr,Seattle Seahawks,3-0,Dallas Cowboys,1-2,0.608,0.608,0.62,0.38709677419354827,0.6129032258064517,199,199,1,1,166,4012203634293,429300,NA,NA,NA,NA,NA,NA,NA,NA,NA,NA,FALSE,0,0,FALSE,0,0,FALSE
nfl,2020,401220323,2020-09-28T00:20Z,New Orleans Saints,Green Bay Packers,NO,GB,1-2,3-0,30,37,FALSE,New Orleans Saints,1-2,NA,NA,NA,NA,NA,NA,NA,NA,NA,NA,Green Bay Packers,3-0,New Orleans Saints,1-2,0.534,0.534,0.718,0.607242339832869,0.392757660167131,161,161,1,1,80,4012203231986,198600,NA,NA,NA,NA,NA,NA,NA,NA,NA,NA,FALSE,0,0,FALSE,0,0,FALSE
nfl,2020,401220153,2020-09-29T00:15Z,Baltimore Ravens,Kansas City Chiefs,BAL,KC,2-1,3-0,20,34,FALSE,Baltimore Ravens,2-1,NA,NA,NA,NA,NA,NA,NA,NA,NA,NA,Kansas City Chiefs,3-0,Baltimore Ravens,2-1,0.605,0.605,0.716,0.6033519553072626,0.3966480446927374,169,169,1,2,11,401220153254,25400,NA,NA,NA,NA,NA,NA,NA,NA,NA,NA,FALSE,0,0,FALSE,0,0,FALSE
nfl,2020,401220141,2020-10-02T00:20Z,New York Jets,Denver Broncos,NYJ,DEN,0-4,1-3,28,37,FALSE,Denver Broncos,1-3,NA,NA,NA,NA,NA,NA,NA,NA,NA,NA,Denver Broncos,1-3,New York Jets,0-4,0.497,0.503,0.757,0.678996036988111,0.32100396301188905,194,194,1,1,162,4012201413995,399500,NA,NA,NA,NA,NA,NA,NA,NA,NA,NA,FALSE,0,0,FALSE,0,0,FALSE
nfl,2020,401220157,2020-10-04T17:00Z,Cincinnati Bengals,Jacksonville Jaguars,CIN,JAX,1-2-1,1-3,33,25,TRUE,Cincinnati Bengals,1-2-1,home,CIN,1,50,-112,101,-104,-106,1,nflreadr,Cincinnati Bengals,1-2-1,Jacksonville Jaguars,1-3,0.614,0.614,0.6859999999999999,0.542274052478134,0.457725947521866,182,182,1,1,61,4012201571509,150900,NA,NA,NA,NA,NA,NA,NA,NA,NA,NA,FALSE,0,0,FALSE,0,0,FALSE
nfl,2020,401220247,2020-10-04T17:00Z,Dallas Cowboys,Cleveland Browns,DAL,CLE,1-3,3-1,38,49,FALSE,Dallas Cowboys,1-3,home,DAL,3.5,56.5,-175,157,101,-111,1,nflreadr,Cleveland Browns,3-1,Dallas Cowboys,1-3,0.67,0.67,0.767,0.6962190352020861,0.30378096479791394,197,197,1,1,36,401220247865,86500,NA,NA,NA,NA,NA,NA,NA,NA,NA,NA,FALSE,0,0,FALSE,0,0,FALSE
nfl,2020,401220285,2020-10-04T17:00Z,Detroit Lions,New Orleans Saints,DET,NO,1-3,2-2,29,35,FALSE,New Orleans Saints,2-2,away,NO,3,51.5,139,-155,-107,-103,1,nflreadr,New Orleans Saints,2-2,Detroit Lions,1-3,0.339,0.661,0.698,0.5673352435530086,0.4326647564469914,162,162,1,1,15,401220285354,35400,NA,NA,NA,NA,NA,NA,NA,NA,NA,NA,FALSE,0,0,FALSE,0,0,FALSE
nfl,2020,401220128,2020-10-04T17:00Z,Miami Dolphins,Seattle Seahawks,MIA,SEA,1-3,4-0,23,31,FALSE,Seattle Seahawks,4-0,away,SEA,4.5,55,196,-223,-104,-106,1,nflreadr,Seattle Seahawks,4-0,Miami Dolphins,1-3,0.373,0.627,0.562,0.3362989323843417,0.6637010676156583,172,172,1,1,138,4012201283289,328900,NA,NA,NA,NA,NA,NA,NA,NA,NA,NA,FALSE,0,0,FALSE,0,0,FALSE
nfl,2020,401220334,2020-10-04T17:00Z,Tampa Bay Buccaneers,Los Angeles Chargers,TB,LAC,3-1,1-3,38,31,TRUE,Tampa Bay Buccaneers,3-1,home,TB,7.5,42.5,-331,282,103,-114,1,nflreadr,Tampa Bay Buccaneers,3-1,Los Angeles Chargers,1-3,0.786,0.786,0.915,0.9071038251366121,0.09289617486338786,167,167,1,1,87,4012203342186,218600,NA,NA,NA,NA,NA,NA,NA,NA,NA,NA,FALSE,0,0,FALSE,0,0,FALSE
nfl,2020,401220271,2020-10-04T17:00Z,Washington,Baltimore Ravens,WSH,BAL,1-3,3-1,17,31,FALSE,Baltimore Ravens,3-1,NA,NA,NA,NA,NA,NA,NA,NA,NA,NA,Baltimore Ravens,3-1,Washington,1-3,0.194,0.806,0.262,0.25954198473282464,0.7404580152671754,168,168,1,1,22,401220271501,50100,NA,NA,NA,NA,NA,NA,NA,NA,NA,NA,FALSE,0,0,FALSE,0,0,FALSE
nfl,2020,401220320,2020-10-04T17:00Z,Carolina Panthers,Arizona Cardinals,CAR,ARI,2-2,2-2,31,21,TRUE,Arizona Cardinals,2-2,away,ARI,3,52.5,141,-157,-105,-105,1,nflreadr,Carolina Panthers,2-2,Arizona Cardinals,2-2,0.499,0.501,0.5509999999999999,0.18511796733212327,0.8148820326678767,171,171,1,1,8,401220320169,16900,NA,NA,NA,NA,NA,NA,NA,NA,NA,NA,FALSE,0,0,FALSE,0,0,FALSE
nfl,2020,401220184,2020-10-04T17:00Z,Houston Texans,Minnesota Vikings,HOU,MIN,0-4,1-3,23,31,FALSE,Minnesota Vikings,1-3,home,HOU,3.5,52.5,-172,154,104,-114,1,nflreadr,Minnesota Vikings,1-3,Houston Texans,0-4,0.47,0.53,0.541,0.1515711645101665,0.8484288354898335,171,171,1,1,9,401220184185,18500,NA,NA,NA,NA,NA,NA,NA,NA,NA,NA,FALSE,0,0,FALSE,0,0,FALSE
nfl,2020,401220348,2020-10-04T20:05Z,Los Angeles Rams,New York Giants,LAR,NYG,3-1,0-4,17,9,TRUE,Los Angeles Rams,3-1,NA,NA,NA,NA,NA,NA,NA,NA,NA,NA,Los Angeles Rams,3-1,New York Giants,0-4,0.848,0.848,0.517,0.7059961315280464,0.2940038684719536,162,162,1,1,129,4012203483009,300900,NA,NA,NA,NA,NA,NA,NA,NA,NA,NA,FALSE,0,0,FALSE,0,0,FALSE
nfl,2020,401220280,2020-10-04T20:25Z,Chicago Bears,Indianapolis Colts,CHI,IND,3-1,3-1,11,19,FALSE,Indianapolis Colts,3-1,away,IND,3.5,43.5,156,-174,-112,102,1,nflreadr,Indianapolis Colts,3-1,Chicago Bears,3-1,0.436,0.5640000000000001,0.448,0.026785714285714413,0.9732142857142856,192,192,1,1,4,40122028085,8500,NA,NA,NA,NA,NA,NA,NA,NA,NA,NA,FALSE,0,0,FALSE,0,0,FALSE
nfl,2020,401220229,2020-10-04T20:25Z,Las Vegas Raiders,Buffalo Bills,LV,BUF,2-2,4-0,23,30,FALSE,Buffalo Bills,4-0,away,BUF,3,53,154,-172,104,-115,1,nflreadr,Buffalo Bills,4-0,Las Vegas Raiders,2-2,0.496,0.504,0.539,0.14471243042671622,0.8552875695732838,171,171,1,1,4,40122022976,7600,NA,NA,NA,NA,NA,NA,NA,NA,NA,NA,FALSE,0,0,FALSE,0,0,FALSE
nfl,2020,401220355,2020-10-05T00:20Z,San Francisco 49ers,Philadelphia Eagles,SF,PHI,2-2,1-2-1,20,25,FALSE,San Francisco 49ers,2-2,NA,NA,NA,NA,NA,NA,NA,NA,NA,NA,Philadelphia Eagles,1-2-1,San Francisco 49ers,2-2,0.779,0.779,0.833,0.7995198079231691,0.20048019207683088,171,171,1,1,95,4012203552319,231900,NA,NA,NA,NA,NA,NA,NA,NA,NA,NA,FALSE,0,0,FALSE,0,0,FALSE
nfl,2020,401220221,2020-10-05T23:05Z,Kansas City Chiefs,New England Patriots,KC,NE,4-0,2-2,26,10,TRUE,Kansas City Chiefs,4-0,home,KC,7,52.5,-299,257,103,-114,1,nflreadr,Kansas City Chiefs,4-0,New England Patriots,2-2,0.799,0.799,0.471,0.5732484076433122,0.4267515923566878,167,167,1,1,105,4012202212476,247600,NA,NA,NA,NA,NA,NA,NA,NA,NA,NA,FALSE,0,0,FALSE,0,0,FALSE
nfl,2020,401220293,2020-10-06T01:00Z,Green Bay Packers,Atlanta Falcons,GB,ATL,4-0,0-4,30,16,TRUE,Green Bay Packers,4-0,NA,NA,NA,NA,NA,NA,NA,NA,NA,NA,Green Bay Packers,4-0,Atlanta Falcons,0-4,0.687,0.687,0.31899999999999995,0.018808777429467072,0.9811912225705329,167,167,1,1,2,40122029340,4000,NA,NA,NA,NA,NA,NA,NA,NA,NA,NA,FALSE,0,0,FALSE,0,0,FALSE
nfl,2020,401220278,2020-10-09T00:20Z,Chicago Bears,Tampa Bay Buccaneers,CHI,TB,4-1,3-2,20,19,TRUE,Tampa Bay Buccaneers,3-2,NA,NA,NA,NA,NA,NA,NA,NA,NA,NA,Chicago Bears,4-1,Tampa Bay Buccaneers,3-2,0.343,0.657,0.933,0.9281886387995713,0.07181136120042875,191,191,1,1,72,4012202781771,177100,NA,NA,NA,NA,NA,NA,NA,NA,NA,NA,FALSE,0,0,FALSE,0,0,FALSE
nfl,2020,401220306,2020-10-11T17:00Z,Atlanta Falcons,Carolina Panthers,ATL,CAR,0-5,3-2,16,23,FALSE,Atlanta Falcons,0-5,home,ATL,2.5,53.5,-139,125,-109,-101,1,nflreadr,Carolina Panthers,3-2,Atlanta Falcons,0-5,0.555,0.555,0.746,0.6595174262734584,0.34048257372654156,175,175,1,2,21,401220306487,48700,NA,NA,NA,NA,NA,NA,NA,NA,NA,NA,FALSE,0,0,FALSE,0,0,FALSE
nfl,2020,401220219,2020-10-11T17:00Z,Kansas City Chiefs,Las Vegas Raiders,KC,LV,4-1,3-2,32,40,FALSE,Kansas City Chiefs,4-1,home,KC,11,54.5,-476,387,104,-114,1,nflreadr,Las Vegas Raiders,3-2,Kansas City Chiefs,4-1,0.822,0.822,0.913,0.904709748083242,0.095290251916758,184,184,1,2,42,4012202191056,105600,NA,NA,NA,NA,NA,NA,NA,NA,NA,NA,FALSE,0,0,FALSE,0,0,FALSE
nfl,2020,401220143,2020-10-11T17:00Z,New York Jets,Arizona Cardinals,NYJ,ARI,0-5,3-2,10,30,FALSE,Arizona Cardinals,3-2,away,ARI,7,48.5,254,-295,-117,106,1,nflreadr,Arizona Cardinals,3-2,New York Jets,0-5,0.431,0.569,0.558,0.2275985663082437,0.7724014336917563,177,177,1,1,14,401220143306,30600,NA,NA,NA,NA,NA,NA,NA,NA,NA,NA,FALSE,0,0,FALSE,0,0,FALSE
nfl,2020,401220175,2020-10-11T17:00Z,Pittsburgh Steelers,Philadelphia Eagles,PIT,PHI,4-0,1-3-1,38,29,TRUE,Pittsburgh Steelers,4-0,home,PIT,7.5,44,-372,312,-107,-103,1,nflreadr,Pittsburgh Steelers,4-0,Philadelphia Eagles,1-3-1,0.676,0.676,0.526,0.38403041825095063,0.6159695817490494,170,170,1,1,148,4012201753690,369000,NA,NA,NA,NA,NA,NA,NA,NA,NA,NA,FALSE,0,0,FALSE,0,0,FALSE
nfl,2020,401220269,2020-10-11T17:00Z,Washington,Los Angeles Rams,WSH,LAR,1-4,4-1,10,30,FALSE,Los Angeles Rams,4-1,NA,NA,NA,NA,NA,NA,NA,NA,NA,NA,Los Angeles Rams,4-1,Washington,1-4,0.331,0.669,0.408,0.18872549019607843,0.8112745098039216,160,160,1,1,7,401220269158,15800,NA,NA,NA,NA,NA,NA,NA,NA,NA,NA,FALSE,0,0,FALSE,0,0,FALSE
nfl,2020,401220146,2020-10-11T17:00Z,Baltimore Ravens,Cincinnati Bengals,BAL,CIN,4-1,1-3-1,27,3,TRUE,Baltimore Ravens,4-1,home,BAL,12.5,49,-718,547,-105,-105,1,nflreadr,Baltimore Ravens,4-1,Cincinnati Bengals,1-3-1,0.817,0.817,0.20999999999999996,0.12857142857142823,0.8714285714285718,169,169,1,1,6,401220146122,12200,NA,NA,NA,NA,NA,NA,NA,NA,NA,NA,FALSE,0,0,FALSE,0,0,FALSE
nfl,2020,401220179,2020-10-11T17:00Z,Houston Texans,Jacksonville Jaguars,HOU,JAX,1-4,1-4,30,14,TRUE,Houston Texans,1-4,home,HOU,6.5,55,-281,243,-110,100,1,nflreadr,Houston Texans,1-4,Jacksonville Jaguars,1-4,0.662,0.662,0.54,0.3740740740740742,0.6259259259259258,170,170,1,1,53,4012201791215,121500,NA,NA,NA,NA,NA,NA,NA,NA,NA,NA,FALSE,0,0,FALSE,0,0,FALSE
nfl,2020,401220358,2020-10-11T20:05Z,San Francisco 49ers,Miami Dolphins,SF,MIA,2-3,2-3,17,43,FALSE,San Francisco 49ers,2-3,home,SF,8.5,50.5,-357,301,108,-119,1,nflreadr,Miami Dolphins,2-3,San Francisco 49ers,2-3,0.8,0.8,0.805,0.7577639751552796,0.2422360248447204,172,172,1,1,5,401220358100,10000,NA,NA,NA,NA,NA,NA,NA,NA,NA,NA,FALSE,0,0,FALSE,0,0,FALSE
nfl,2020,401220166,2020-10-11T20:25Z,Cleveland Browns,Indianapolis Colts,CLE,IND,4-1,3-2,32,23,TRUE,Cleveland Browns,4-1,home,CLE,1,48.5,-110,-101,-103,-107,1,nflreadr,Cleveland Browns,4-1,Indianapolis Colts,3-2,0.505,0.505,0.613,0.36867862969004883,0.6313213703099512,167,167,1,1,28,401220166700,70000,NA,NA,NA,NA,NA,NA,NA,NA,NA,NA,FALSE,0,0,FALSE,0,0,FALSE
nfl,2020,401220242,2020-10-11T20:25Z,Dallas Cowboys,New York Giants,DAL,NYG,2-3,0-5,37,34,TRUE,Dallas Cowboys,2-3,home,DAL,7.5,52,-347,293,103,-114,1,nflreadr,Dallas Cowboys,2-3,New York Giants,0-5,0.796,0.796,0.793,0.7427490542244641,0.25725094577553587,175,175,1,1,49,4012202421166,116600,NA,NA,NA,NA,NA,NA,NA,NA,NA,NA,FALSE,0,0,FALSE,0,0,FALSE
nfl,2020,401220367,2020-10-12T00:20Z,Seattle Seahawks,Minnesota Vikings,SEA,MIN,5-0,1-4,27,26,TRUE,Seattle Seahawks,5-0,NA,NA,NA,NA,NA,NA,NA,NA,NA,NA,Seattle Seahawks,5-0,Minnesota Vikings,1-4,0.659,0.659,0.987,0.9868287740628165,0.01317122593718345,176,176,1,1,154,4012203673684,368400,NA,NA,NA,NA,NA,NA,NA,NA,NA,NA,FALSE,0,0,FALSE,0,0,FALSE
nfl,2020,401220326,2020-10-13T00:15Z,New Orleans Saints,Los Angeles Chargers,NO,LAC,3-2,1-4,30,27,TRUE,New Orleans Saints,3-2,NA,NA,NA,NA,NA,NA,NA,NA,NA,NA,New Orleans Saints,3-2,Los Angeles Chargers,1-4,0.778,0.778,0.927,0.9212513484358145,0.07874865156418553,195,195,1,1,163,4012203264078,407800,NA,NA,NA,NA,NA,NA,NA,NA,NA,NA,FALSE,0,0,FALSE,0,0,FALSE
nfl,2020,401220209,2020-10-13T23:00Z,Tennessee Titans,Buffalo Bills,TEN,BUF,4-0,4-1,42,16,TRUE,Buffalo Bills,4-1,away,BUF,3,52,150,-168,-102,-108,1,nflreadr,Tennessee Titans,4-0,Buffalo Bills,4-1,0.457,0.5429999999999999,0.5449999999999999,0.16513761467889876,0.8348623853211012,176,176,1,1,30,401220209742,74200,NA,NA,NA,NA,NA,NA,NA,NA,NA,NA,FALSE,0,0,FALSE,0,0,FALSE
nfl,2020,401220202,2020-10-18T17:00Z,Tennessee Titans,Houston Texans,TEN,HOU,5-0,1-5,42,36,TRUE,Tennessee Titans,5-0,home,TEN,4,52,-190,169,100,-110,1,nflreadr,Tennessee Titans,5-0,Houston Texans,1-5,0.62,0.62,0.958,0.9561586638830897,0.04384133611691032,184,184,1,1,157,4012202023730,373000,NA,NA,NA,NA,NA,NA,NA,NA,NA,NA,FALSE,0,0,FALSE,0,0,FALSE
nfl,2020,401220190,2020-10-18T17:00Z,Indianapolis Colts,Cincinnati Bengals,IND,CIN,4-2,1-4-1,31,27,TRUE,Indianapolis Colts,4-2,home,IND,7.5,46,-340,288,-102,-108,1,nflreadr,Indianapolis Colts,4-2,Cincinnati Bengals,1-4-1,0.677,0.677,0.928,0.9224137931034484,0.0775862068965516,173,173,1,1,44,4012201901106,110600,NA,NA,NA,NA,NA,NA,NA,NA,NA,NA,FALSE,0,0,FALSE,0,0,FALSE
nfl,2020,401220301,2020-10-18T17:00Z,Minnesota Vikings,Atlanta Falcons,MIN,ATL,1-5,1-5,23,40,FALSE,Minnesota Vikings,1-5,home,MIN,3.5,53,-188,167,-108,-102,1,nflreadr,Atlanta Falcons,1-5,Minnesota Vikings,1-5,0.63,0.63,0.634,0.42271293375394325,0.5772870662460567,171,171,1,1,2,40122030140,4000,NA,NA,NA,NA,NA,NA,NA,NA,NA,NA,FALSE,0,0,FALSE,0,0,FALSE
nfl,2020,401220133,2020-10-18T17:00Z,New England Patriots,Denver Broncos,NE,DEN,2-3,2-3,12,18,FALSE,New England Patriots,2-3,home,NE,7,43.5,-328,280,-107,-103,1,nflreadr,Denver Broncos,2-3,New England Patriots,2-3,0.673,0.673,0.678,0.5250737463126844,0.47492625368731556,158,158,1,1,3,40122013356,5600,NA,NA,NA,NA,NA,NA,NA,NA,NA,NA,FALSE,0,0,FALSE,0,0,FALSE
nfl,2020,401220252,2020-10-18T17:00Z,New York Giants,Washington,NYG,WSH,1-5,1-5,20,19,TRUE,Washington,1-5,NA,NA,NA,NA,NA,NA,NA,NA,NA,NA,New York Giants,1-5,Washington,1-5,0.471,0.529,0.745,0.6577181208053691,0.34228187919463093,154,154,1,1,123,4012202522944,294400,NA,NA,NA,NA,NA,NA,NA,NA,NA,NA,FALSE,0,0,FALSE,0,0,FALSE
nfl,2020,401220263,2020-10-18T17:00Z,Philadelphia Eagles,Baltimore Ravens,PHI,BAL,1-4-1,5-1,28,30,FALSE,Baltimore Ravens,5-1,away,BAL,10.5,46.5,348,-422,-119,108,1,nflreadr,Baltimore Ravens,5-1,Philadelphia Eagles,1-4-1,0.264,0.736,0.289,0.08650519031141857,0.9134948096885814,188,188,1,1,178,4012202634437,443700,NA,NA,NA,NA,NA,NA,NA,NA,NA,NA,FALSE,0,0,FALSE,0,0,FALSE
nfl,2020,401220172,2020-10-18T17:00Z,Pittsburgh Steelers,Cleveland Browns,PIT,CLE,5-0,4-2,38,7,TRUE,Pittsburgh Steelers,5-0,home,PIT,3,50,-159,143,-108,-102,1,nflreadr,Pittsburgh Steelers,5-0,Cleveland Browns,4-2,0.572,0.572,0.4459999999999999,0.040358744394618506,0.9596412556053815,157,157,1,1,4,40122017276,7600,NA,NA,NA,NA,NA,NA,NA,NA,NA,NA,FALSE,0,0,FALSE,0,0,FALSE
nfl,2020,401220317,2020-10-18T17:00Z,Carolina Panthers,Chicago Bears,CAR,CHI,3-3,5-1,16,23,FALSE,Carolina Panthers,3-3,home,CAR,2,45,-124,112,-103,-107,1,nflreadr,Chicago Bears,5-1,Carolina Panthers,3-3,0.544,0.544,0.544,0.16176470588235303,0.838235294117647,180,180,1,1,1,4012203171,100,NA,NA,NA,NA,NA,NA,NA,NA,NA,NA,FALSE,0,0,FALSE,0,0,FALSE
nfl,2020,401220200,2020-10-18T17:00Z,Jacksonville Jaguars,Detroit Lions,JAX,DET,1-5,2-3,16,34,FALSE,Detroit Lions,2-3,away,DET,3,52.5,139,-154,-105,-105,1,nflreadr,Detroit Lions,2-3,Jacksonville Jaguars,1-5,0.397,0.603,0.397,0,1,176,176,1,1,1,4012202001,100,NA,NA,NA,NA,NA,NA,NA,NA,NA,NA,FALSE,0,0,FALSE,0,0,FALSE
nfl,2020,401220124,2020-10-18T20:05Z,Miami Dolphins,New York Jets,MIA,NYJ,3-3,0-6,24,0,TRUE,Miami Dolphins,3-3,home,MIA,9.5,46,-410,340,-113,103,1,nflreadr,Miami Dolphins,3-3,New York Jets,0-6,0.733,0.733,0.32699999999999996,0.18348623853211,0.81651376146789,168,168,1,1,14,401220124322,32200,NA,NA,NA,NA,NA,NA,NA,NA,NA,NA,FALSE,0,0,FALSE,0,0,FALSE
nfl,2020,401220331,2020-10-18T20:25Z,Tampa Bay Buccaneers,Green Bay Packers,TB,GB,4-2,4-1,38,10,TRUE,Tampa Bay Buccaneers,4-2,away,GB,3,55,131,-145,-121,109,1,nflreadr,Tampa Bay Buccaneers,4-2,Green Bay Packers,4-1,0.532,0.532,0.764,0.6910994764397906,0.30890052356020936,163,163,1,1,40,401220331950,95000,NA,NA,NA,NA,NA,NA,NA,NA,NA,NA,FALSE,0,0,FALSE,0,0,FALSE
nfl,2020,401220353,2020-10-19T00:20Z,San Francisco 49ers,Los Angeles Rams,SF,LAR,3-3,4-2,24,16,TRUE,Los Angeles Rams,4-2,NA,NA,NA,NA,NA,NA,NA,NA,NA,NA,San Francisco 49ers,3-3,Los Angeles Rams,4-2,0.468,0.532,0.596,0.3221476510067114,0.6778523489932886,175,175,1,1,4,40122035383,8300,NA,NA,NA,NA,NA,NA,NA,NA,NA,NA,FALSE,0,0,FALSE,0,0,FALSE
nfl,2020,401220117,2020-10-19T21:00Z,Buffalo Bills,Kansas City Chiefs,BUF,KC,4-2,5-1,17,26,FALSE,Kansas City Chiefs,5-1,away,KC,5.5,55,203,-230,-106,-104,1,nflreadr,Kansas City Chiefs,5-1,Buffalo Bills,4-2,0.328,0.6719999999999999,0.446,0.26457399103139,0.73542600896861,163,163,1,1,52,4012201171266,126600,NA,NA,NA,NA,NA,NA,NA,NA,NA,NA,FALSE,0,0,FALSE,0,0,FALSE
nfl,2020,401220245,2020-10-20T00:15Z,Dallas Cowboys,Arizona Cardinals,DAL,ARI,2-4,4-2,10,38,FALSE,Arizona Cardinals,4-2,NA,NA,NA,NA,NA,NA,NA,NA,NA,NA,Arizona Cardinals,4-2,Dallas Cowboys,2-4,0.454,0.546,0.573,0.25479930191972056,0.7452006980802794,187,187,1,1,12,401220245273,27300,NA,NA,NA,NA,NA,NA,NA,NA,NA,NA,FALSE,0,0,FALSE,0,0,FALSE
nfl,2020,401220259,2020-10-23T00:20Z,Philadelphia Eagles,New York Giants,PHI,NYG,2-4-1,1-6,22,21,TRUE,Philadelphia Eagles,2-4-1,NA,NA,NA,NA,NA,NA,NA,NA,NA,NA,Philadelphia Eagles,2-4-1,New York Giants,1-6,0.697,0.697,0.977,0.9764585465711362,0.023541453428863823,178,178,1,1,144,4012202593475,348900,NA,NA,NA,NA,NA,NA,NA,NA,NA,NA,FALSE,0,0,FALSE,0,0,FALSE
nfl,2020,401220310,2020-10-25T17:00Z,Atlanta Falcons,Detroit Lions,ATL,DET,1-6,3-3,22,23,FALSE,Atlanta Falcons,1-6,home,ATL,1,54,-113,102,-104,-106,1,nflreadr,Detroit Lions,3-3,Atlanta Falcons,1-6,0.593,0.593,0.966,0.9648033126293996,0.035196687370600444,172,172,1,1,166,4012203104151,415100,NA,NA,NA,NA,NA,NA,NA,NA,NA,NA,FALSE,0,0,FALSE,0,0,FALSE
nfl,2020,401220155,2020-10-25T17:00Z,Cincinnati Bengals,Cleveland Browns,CIN,CLE,1-5-1,5-2,34,37,FALSE,Cleveland Browns,5-2,away,CLE,4.5,50,179,-201,-114,103,1,nflreadr,Cleveland Browns,5-2,Cincinnati Bengals,1-5-1,0.446,0.554,0.896,0.8839285714285714,0.1160714285714286,169,169,1,1,159,4012201553945,394500,NA,NA,NA,NA,NA,NA,NA,NA,NA,NA,FALSE,0,0,FALSE,0,0,FALSE
nfl,2020,401249063,2020-10-25T17:00Z,Tennessee Titans,Pittsburgh Steelers,TEN,PIT,5-1,6-0,24,27,FALSE,Pittsburgh Steelers,6-0,home,TEN,1,51,-114,103,-108,-102,1,nflreadr,Pittsburgh Steelers,6-0,Tennessee Titans,5-1,0.478,0.522,0.502,0.04780876494023911,0.9521912350597609,174,174,1,1,3,40124906356,5600,NA,NA,NA,NA,NA,NA,NA,NA,NA,NA,FALSE,0,0,FALSE,0,0,FALSE
nfl,2020,401220322,2020-10-25T17:00Z,New Orleans Saints,Carolina Panthers,NO,CAR,4-2,3-4,27,24,TRUE,New Orleans Saints,4-2,home,NO,7,49.5,-317,271,-103,-107,1,nflreadr,New Orleans Saints,4-2,Carolina Panthers,3-4,0.7,0.7,0.521,0.4241842610364682,0.5758157389635318,147,147,1,1,64,4012203221623,163500,NA,NA,NA,NA,NA,NA,NA,NA,NA,NA,FALSE,0,0,FALSE,0,0,FALSE
nfl,2020,401220138,2020-10-25T17:00Z,New York Jets,Buffalo Bills,NYJ,BUF,0-7,5-2,10,18,FALSE,Buffalo Bills,5-2,away,BUF,9.5,47,327,-391,-111,101,1,nflreadr,Buffalo Bills,5-2,New York Jets,0-7,0.25,0.75,0.755,0.6754966887417218,0.32450331125827825,172,172,1,1,61,4012201381478,147800,NA,NA,NA,NA,NA,NA,NA,NA,NA,NA,FALSE,0,0,FALSE,0,0,FALSE
nfl,2020,401220266,2020-10-25T17:00Z,Washington,Dallas Cowboys,WSH,DAL,2-5,2-5,25,3,TRUE,Washington,2-5,NA,NA,NA,NA,NA,NA,NA,NA,NA,NA,Washington,2-5,Dallas Cowboys,2-5,0.583,0.583,0.479,0.12943632567849672,0.8705636743215033,157,157,1,1,20,401220266510,51000,NA,NA,NA,NA,NA,NA,NA,NA,NA,NA,FALSE,0,0,FALSE,0,0,FALSE
nfl,2020,401220183,2020-10-25T17:00Z,Houston Texans,Green Bay Packers,HOU,GB,1-6,5-1,20,35,FALSE,Green Bay Packers,5-1,away,GB,2.5,55.5,127,-140,102,-113,1,nflreadr,Green Bay Packers,5-1,Houston Texans,1-6,0.419,0.581,0.43,0.025581395348837077,0.9744186046511629,168,168,1,1,3,40122018358,5800,NA,NA,NA,NA,NA,NA,NA,NA,NA,NA,FALSE,0,0,FALSE,0,0,FALSE
nfl,2020,401220232,2020-10-25T20:05Z,Las Vegas Raiders,Tampa Bay Buccaneers,LV,TB,3-3,5-2,20,45,FALSE,Tampa Bay Buccaneers,5-2,away,TB,3.5,51.5,171,-192,-102,-108,1,nflreadr,Tampa Bay Buccaneers,5-2,Las Vegas Raiders,3-3,0.436,0.5640000000000001,0.68,0.5294117647058825,0.47058823529411753,174,174,1,1,12,401220232263,26300,NA,NA,NA,NA,NA,NA,NA,NA,NA,NA,FALSE,0,0,FALSE,0,0,FALSE
nfl,2020,401220210,2020-10-25T20:25Z,Denver Broncos,Kansas City Chiefs,DEN,KC,2-4,6-1,16,43,FALSE,Kansas City Chiefs,6-1,away,KC,7,46,260,-302,-113,103,1,nflreadr,Kansas City Chiefs,6-1,Denver Broncos,2-4,0.24,0.76,0.244,0.016393442622950838,0.9836065573770492,164,164,1,1,2,40122021039,3900,NA,NA,NA,NA,NA,NA,NA,NA,NA,NA,FALSE,0,0,FALSE,0,0,FALSE
nfl,2020,401220136,2020-10-25T20:25Z,New England Patriots,San Francisco 49ers,NE,SF,2-4,4-3,6,33,FALSE,New England Patriots,2-4,home,NE,3,44,-167,150,-113,102,1,nflreadr,San Francisco 49ers,4-3,New England Patriots,2-4,0.505,0.505,0.516,0.0620155038759691,0.9379844961240309,149,149,1,1,3,40122013654,5400,NA,NA,NA,NA,NA,NA,NA,NA,NA,NA,FALSE,0,0,FALSE,0,0,FALSE
nfl,2020,401220241,2020-10-25T20:25Z,Los Angeles Chargers,Jacksonville Jaguars,LAC,JAX,2-4,1-6,39,29,TRUE,Los Angeles Chargers,2-4,home,LAC,8,48,-389,325,-102,-108,1,nflreadr,Los Angeles Chargers,2-4,Jacksonville Jaguars,1-6,0.718,0.718,0.732,0.6338797814207651,0.36612021857923494,177,177,1,1,126,4012202413017,301700,NA,NA,NA,NA,NA,NA,NA,NA,NA,NA,FALSE,0,0,FALSE,0,0,FALSE
nfl,2020,401220338,2020-10-26T00:20Z,Arizona Cardinals,Seattle Seahawks,ARI,SEA,5-2,5-1,37,34,TRUE,Seattle Seahawks,5-1,NA,NA,NA,NA,NA,NA,NA,NA,NA,NA,Arizona Cardinals,5-2,Seattle Seahawks,5-1,0.418,0.5820000000000001,0.999,0.9989989989989989,0.0010010010010010895,224,224,1,1,189,4012203384686,468600,NA,NA,NA,NA,NA,NA,NA,NA,NA,NA,FALSE,0,0,FALSE,0,0,FALSE
nfl,2020,401220351,2020-10-27T00:15Z,Los Angeles Rams,Chicago Bears,LAR,CHI,5-2,5-2,24,10,TRUE,Los Angeles Rams,5-2,NA,NA,NA,NA,NA,NA,NA,NA,NA,NA,Los Angeles Rams,5-2,Chicago Bears,5-2,0.7,0.7,0.345,0.13043478260869545,0.8695652173913045,175,175,1,1,6,401220351143,14300,NA,NA,NA,NA,NA,NA,NA,NA,NA,NA,FALSE,0,0,FALSE,0,0,FALSE
nfl,2020,401220314,2020-10-30T00:20Z,Carolina Panthers,Atlanta Falcons,CAR,ATL,3-5,2-6,17,25,FALSE,Carolina Panthers,3-5,NA,NA,NA,NA,NA,NA,NA,NA,NA,NA,Atlanta Falcons,2-6,Carolina Panthers,3-5,0.558,0.558,0.798,0.7468671679197996,0.25313283208020043,161,161,1,1,53,4012203141316,131600,NA,NA,NA,NA,NA,NA,NA,NA,NA,NA,FALSE,0,0,FALSE,0,0,FALSE
nfl,2020,401220115,2020-11-01T18:00Z,Buffalo Bills,New England Patriots,BUF,NE,6-2,2-5,24,21,TRUE,Buffalo Bills,6-2,home,BUF,4,41,-197,175,-105,-105,1,nflreadr,Buffalo Bills,6-2,New England Patriots,2-5,0.59,0.59,0.5860000000000001,0.3003412969283277,0.6996587030716723,163,163,1,1,154,4012201153592,359200,NA,NA,NA,NA,NA,NA,NA,NA,NA,NA,FALSE,0,0,FALSE,0,0,FALSE
nfl,2020,401220158,2020-11-01T18:00Z,Cincinnati Bengals,Tennessee Titans,CIN,TEN,2-5-1,5-2,31,20,TRUE,Tennessee Titans,5-2,away,TEN,7.5,49.5,274,-321,-118,107,1,nflreadr,Cincinnati Bengals,2-5-1,Tennessee Titans,5-2,0.361,0.639,0.723,0.6168741355463347,0.38312586445366525,174,174,1,1,2,40122015842,4200,NA,NA,NA,NA,NA,NA,NA,NA,NA,NA,FALSE,0,0,FALSE,0,0,FALSE
nfl,2020,401220169,2020-11-01T18:00Z,Cleveland Browns,Las Vegas Raiders,CLE,LV,5-3,4-3,6,16,FALSE,Cleveland Browns,5-3,home,CLE,1,48,-130,117,-123,111,1,nflreadr,Las Vegas Raiders,4-3,Cleveland Browns,5-3,0.556,0.556,0.714,0.599439775910364,0.400560224089636,167,167,1,1,96,4012201692204,220400,NA,NA,NA,NA,NA,NA,NA,NA,NA,NA,FALSE,0,0,FALSE,0,0,FALSE
nfl,2020,401220288,2020-11-01T18:00Z,Detroit Lions,Indianapolis Colts,DET,IND,3-4,5-2,21,41,FALSE,Indianapolis Colts,5-2,away,IND,3.5,49,165,-185,-107,-103,1,nflreadr,Indianapolis Colts,5-2,Detroit Lions,3-4,0.427,0.573,0.693,0.5569985569985569,0.44300144300144306,175,175,1,1,34,401220288805,80500,NA,NA,NA,NA,NA,NA,NA,NA,NA,NA,FALSE,0,0,FALSE,0,0,FALSE
nfl,2020,401220292,2020-11-01T18:00Z,Green Bay Packers,Minnesota Vikings,GB,MIN,5-2,2-5,22,28,FALSE,Green Bay Packers,5-2,home,GB,5.5,47,-249,218,-109,-101,1,nflreadr,Minnesota Vikings,2-5,Green Bay Packers,5-2,0.609,0.609,0.772,0.7046632124352332,0.2953367875647668,158,158,1,1,26,401220292628,62800,NA,NA,NA,NA,NA,NA,NA,NA,NA,NA,FALSE,0,0,FALSE,0,0,FALSE
nfl,2020,401220222,2020-11-01T18:00Z,Kansas City Chiefs,New York Jets,KC,NYJ,7-1,0-8,35,9,TRUE,Kansas City Chiefs,7-1,home,KC,20,49,-1965,1204,-108,-102,1,nflreadr,Kansas City Chiefs,7-1,New York Jets,0-8,0.941,0.941,0.10299999999999998,0.42718446601941684,0.5728155339805832,162,162,1,1,62,4012202221467,146700,NA,NA,NA,NA,NA,NA,NA,NA,NA,NA,FALSE,0,0,FALSE,0,0,FALSE
nfl,2020,401220127,2020-11-01T18:00Z,Miami Dolphins,Los Angeles Rams,MIA,LAR,4-3,5-3,28,17,TRUE,Los Angeles Rams,5-3,NA,NA,NA,NA,NA,NA,NA,NA,NA,NA,Miami Dolphins,4-3,Los Angeles Rams,5-3,0.436,0.5640000000000001,0.774,0.7080103359173127,0.29198966408268734,193,193,1,1,32,401220127741,74100,NA,NA,NA,NA,NA,NA,NA,NA,NA,NA,FALSE,0,0,FALSE,0,0,FALSE
nfl,2020,401220148,2020-11-01T18:00Z,Baltimore Ravens,Pittsburgh Steelers,BAL,PIT,5-2,7-0,24,28,FALSE,Baltimore Ravens,5-2,home,BAL,4,44,-200,178,-102,-109,1,nflreadr,Pittsburgh Steelers,7-0,Baltimore Ravens,5-2,0.671,0.671,0.877,0.8597491448118586,0.1402508551881414,172,172,1,1,90,4012201482218,221800,NA,NA,NA,NA,NA,NA,NA,NA,NA,NA,FALSE,0,0,FALSE,0,0,FALSE
nfl,2020,401220212,2020-11-01T21:05Z,Denver Broncos,Los Angeles Chargers,DEN,LAC,3-4,2-5,31,30,TRUE,Denver Broncos,3-4,away,LAC,3,44.5,132,-146,-114,103,1,nflreadr,Denver Broncos,3-4,Los Angeles Chargers,2-5,0.537,0.537,0.988,0.9878542510121457,0.012145748987854255,194,194,1,1,120,4012202122818,281800,NA,NA,NA,NA,NA,NA,NA,NA,NA,NA,FALSE,0,0,FALSE,0,0,FALSE
nfl,2020,401220277,2020-11-01T21:25Z,Chicago Bears,New Orleans Saints,CHI,NO,5-3,5-2,23,26,FALSE,New Orleans Saints,5-2,away,NO,5.5,41,202,-229,-110,100,1,nflreadr,New Orleans Saints,5-2,Chicago Bears,5-3,0.386,0.614,0.826,0.7893462469733656,0.21065375302663436,210,210,1,3,66,4012202771606,160600,NA,NA,NA,NA,NA,NA,NA,NA,NA,NA,FALSE,0,0,FALSE,0,0,FALSE
nfl,2020,401220361,2020-11-01T21:25Z,Seattle Seahawks,San Francisco 49ers,SEA,SF,6-1,4-4,37,27,TRUE,Seattle Seahawks,6-1,home,SEA,1,54.5,-110,-100,-102,-108,1,nflreadr,Seattle Seahawks,6-1,San Francisco 49ers,4-4,0.507,0.507,0.63,0.4126984126984128,0.5873015873015872,176,176,1,1,31,401220361755,75500,NA,NA,NA,NA,NA,NA,NA,NA,NA,NA,FALSE,0,0,FALSE,0,0,FALSE
nfl,2020,401220258,2020-11-02T01:20Z,Philadelphia Eagles,Dallas Cowboys,PHI,DAL,3-4-1,2-6,23,9,TRUE,Philadelphia Eagles,3-4-1,NA,NA,NA,NA,NA,NA,NA,NA,NA,NA,Philadelphia Eagles,3-4-1,Dallas Cowboys,2-6,0.755,0.755,0.601,0.5923460898502495,0.4076539101497505,178,178,1,1,105,4012202582455,245500,NA,NA,NA,NA,NA,NA,NA,NA,NA,NA,FALSE,0,0,FALSE,0,0,FALSE
nfl,2020,401220257,2020-11-03T01:15Z,New York Giants,Tampa Bay Buccaneers,NYG,TB,1-7,6-2,23,25,FALSE,Tampa Bay Buccaneers,6-2,NA,NA,NA,NA,NA,NA,NA,NA,NA,NA,Tampa Bay Buccaneers,6-2,New York Giants,1-7,0.173,0.827,0.748,0.7687165775401069,0.23128342245989308,183,183,1,1,76,4012202571827,182700,NA,NA,NA,NA,NA,NA,NA,NA,NA,NA,FALSE,0,0,FALSE,0,0,FALSE
nfl,2020,401220359,2020-11-06T01:20Z,San Francisco 49ers,Green Bay Packers,SF,GB,4-5,6-2,17,34,FALSE,San Francisco 49ers,4-5,NA,NA,NA,NA,NA,NA,NA,NA,NA,NA,Green Bay Packers,6-2,San Francisco 49ers,4-5,0.6,0.6,0.704,0.5795454545454544,0.42045454545454564,159,159,1,1,3,40122035955,5500,NA,NA,NA,NA,NA,NA,NA,NA,NA,NA,FALSE,0,0,FALSE,0,0,FALSE
nfl,2020,401220311,2020-11-08T18:00Z,Atlanta Falcons,Denver Broncos,ATL,DEN,3-6,3-5,34,27,TRUE,Atlanta Falcons,3-6,home,ATL,4.5,50,-218,193,-102,-108,1,nflreadr,Atlanta Falcons,3-6,Denver Broncos,3-5,0.631,0.631,0.398,0.07286432160804024,0.9271356783919598,186,186,1,1,7,401220311159,15900,NA,NA,NA,NA,NA,NA,NA,NA,NA,NA,FALSE,0,0,FALSE,0,0,FALSE
nfl,2020,401220120,2020-11-08T18:00Z,Buffalo Bills,Seattle Seahawks,BUF,SEA,7-2,6-2,44,34,TRUE,Seattle Seahawks,6-2,away,SEA,3,55,147,-164,-101,-109,1,nflreadr,Buffalo Bills,7-2,Seattle Seahawks,6-2,0.452,0.548,0.548,0.17518248175182505,0.824817518248175,178,178,1,1,1,4012201201,100,NA,NA,NA,NA,NA,NA,NA,NA,NA,NA,FALSE,0,0,FALSE,0,0,FALSE
nfl,2020,401220207,2020-11-08T18:00Z,Tennessee Titans,Chicago Bears,TEN,CHI,6-2,5-4,24,17,TRUE,Tennessee Titans,6-2,home,TEN,6.5,46.5,-280,243,-103,-107,1,nflreadr,Tennessee Titans,6-2,Chicago Bears,5-4,0.622,0.622,0.476,0.2058823529411764,0.7941176470588236,177,177,1,1,8,401220207170,17000,NA,NA,NA,NA,NA,NA,NA,NA,NA,NA,FALSE,0,0,FALSE,0,0,FALSE
nfl,2020,401220189,2020-11-08T18:00Z,Indianapolis Colts,Baltimore Ravens,IND,BAL,5-3,6-2,10,24,FALSE,Baltimore Ravens,6-2,home,IND,1,48,-104,-106,102,-113,1,nflreadr,Baltimore Ravens,6-2,Indianapolis Colts,5-3,0.402,0.598,0.69,0.5507246376811592,0.4492753623188408,169,169,1,1,29,401220189692,69200,NA,NA,NA,NA,NA,NA,NA,NA,NA,NA,FALSE,0,0,FALSE,0,0,FALSE
nfl,2020,401220224,2020-11-08T18:00Z,Kansas City Chiefs,Carolina Panthers,KC,CAR,8-1,3-6,33,31,TRUE,Kansas City Chiefs,8-1,home,KC,10,51.5,-445,365,-104,-106,1,nflreadr,Kansas City Chiefs,8-1,Carolina Panthers,3-6,0.842,0.842,0.5860000000000001,0.7303754266211604,0.2696245733788396,186,186,1,1,49,4012202241159,115900,NA,NA,NA,NA,NA,NA,NA,NA,NA,NA,FALSE,0,0,FALSE,0,0,FALSE
nfl,2020,401220299,2020-11-08T18:00Z,Minnesota Vikings,Detroit Lions,MIN,DET,3-5,3-5,34,20,TRUE,Minnesota Vikings,3-5,home,MIN,3,51.5,-173,155,-117,106,1,nflreadr,Minnesota Vikings,3-5,Detroit Lions,3-5,0.669,0.669,0.33699999999999997,0.017804154302670683,0.9821958456973293,170,170,1,1,2,40122029940,4000,NA,NA,NA,NA,NA,NA,NA,NA,NA,NA,FALSE,0,0,FALSE,0,0,FALSE
nfl,2020,401220267,2020-11-08T18:00Z,Washington,New York Giants,WSH,NYG,2-6,2-7,20,23,FALSE,Washington,2-6,NA,NA,NA,NA,NA,NA,NA,NA,NA,NA,New York Giants,2-7,Washington,2-6,0.657,0.657,0.707,0.5855728429985856,0.4144271570014144,169,169,1,1,9,401220267201,20100,NA,NA,NA,NA,NA,NA,NA,NA,NA,NA,FALSE,0,0,FALSE,0,0,FALSE
nfl,2020,401220194,2020-11-08T18:00Z,Jacksonville Jaguars,Houston Texans,JAX,HOU,1-7,2-6,25,27,FALSE,Houston Texans,2-6,away,HOU,7,49,249,-289,-117,106,1,nflreadr,Houston Texans,2-6,Jacksonville Jaguars,1-7,0.309,0.6910000000000001,0.473,0.34672304439746304,0.653276955602537,173,173,1,1,67,4012201941523,152300,NA,NA,NA,NA,NA,NA,NA,NA,NA,NA,FALSE,0,0,FALSE,0,0,FALSE
nfl,2020,401220236,2020-11-08T21:05Z,Los Angeles Chargers,Las Vegas Raiders,LAC,LV,2-6,5-3,26,31,FALSE,Las Vegas Raiders,5-3,away,LV,1,52.5,102,-112,-105,-105,1,nflreadr,Las Vegas Raiders,5-3,Los Angeles Chargers,2-6,0.46,0.54,0.7,0.5714285714285714,0.4285714285714286,169,169,1,1,164,4012202363914,391400,NA,NA,NA,NA,NA,NA,NA,NA,NA,NA,FALSE,0,0,FALSE,0,0,FALSE
nfl,2020,401220248,2020-11-08T21:25Z,Dallas Cowboys,Pittsburgh Steelers,DAL,PIT,2-7,8-0,19,24,FALSE,Pittsburgh Steelers,8-0,away,PIT,14,44,591,-789,-110,-100,1,nflreadr,Pittsburgh Steelers,8-0,Dallas Cowboys,2-7,0.192,0.808,0.868,0.8479262672811059,0.15207373271889413,181,181,1,1,130,4012202483090,309000,NA,NA,NA,NA,NA,NA,NA,NA,NA,NA,FALSE,0,0,FALSE,0,0,FALSE
nfl,2020,401220342,2020-11-08T21:25Z,Arizona Cardinals,Miami Dolphins,ARI,MIA,5-3,5-3,31,34,FALSE,Arizona Cardinals,5-3,home,ARI,6,49,-241,211,102,-112,1,nflreadr,Miami Dolphins,5-3,Arizona Cardinals,5-3,0.698,0.698,0.88,0.8636363636363635,0.13636363636363646,178,178,1,1,131,4012203423421,342100,NA,NA,NA,NA,NA,NA,NA,NA,NA,NA,FALSE,0,0,FALSE,0,0,FALSE
nfl,2020,401220330,2020-11-09T01:20Z,Tampa Bay Buccaneers,New Orleans Saints,TB,NO,6-3,6-2,3,38,FALSE,Tampa Bay Buccaneers,6-3,NA,NA,NA,NA,NA,NA,NA,NA,NA,NA,New Orleans Saints,6-2,Tampa Bay Buccaneers,6-3,0.65,0.65,0.656,0.47560975609756095,0.524390243902439,154,154,1,1,2,40122033040,4000,NA,NA,NA,NA,NA,NA,NA,NA,NA,NA,FALSE,0,0,FALSE,0,0,FALSE
nfl,2020,401220140,2020-11-10T01:15Z,New York Jets,New England Patriots,NYJ,NE,0-9,3-5,27,30,FALSE,New England Patriots,3-5,NA,NA,NA,NA,NA,NA,NA,NA,NA,NA,New England Patriots,3-5,New York Jets,0-9,0.285,0.7150000000000001,0.88,0.8636363636363635,0.13636363636363646,163,163,1,1,138,4012201403381,338100,NA,NA,NA,NA,NA,NA,NA,NA,NA,NA,FALSE,0,0,FALSE,0,0,FALSE
nfl,2020,401220203,2020-11-13T01:20Z,Tennessee Titans,Indianapolis Colts,TEN,IND,6-3,6-3,17,34,FALSE,Tennessee Titans,6-3,NA,NA,NA,NA,NA,NA,NA,NA,NA,NA,Indianapolis Colts,6-3,Tennessee Titans,6-3,0.564,0.564,0.789,0.7325728770595692,0.2674271229404308,168,168,1,1,28,401220203657,65700,NA,NA,NA,NA,NA,NA,NA,NA,NA,NA,FALSE,0,0,FALSE,0,0,FALSE
nfl,2020,401220165,2020-11-15T18:00Z,Cleveland Browns,Houston Texans,CLE,HOU,6-3,2-7,10,7,TRUE,Cleveland Browns,6-3,home,CLE,4.5,46,-217,192,-104,-106,1,nflreadr,Cleveland Browns,6-3,Houston Texans,2-7,0.621,0.621,0.496,0.2358870967741935,0.7641129032258065,162,162,1,1,44,4012201651059,105900,NA,NA,NA,NA,NA,NA,NA,NA,NA,NA,FALSE,0,0,FALSE,0,0,FALSE
nfl,2020,401220289,2020-11-15T18:00Z,Detroit Lions,Washington,DET,WSH,4-5,2-7,30,27,TRUE,Detroit Lions,4-5,NA,NA,NA,NA,NA,NA,NA,NA,NA,NA,Detroit Lions,4-5,Washington,2-7,0.534,0.534,0.583,0.2847341337907374,0.7152658662092626,189,189,1,1,9,401220289198,19800,NA,NA,NA,NA,NA,NA,NA,NA,NA,NA,FALSE,0,0,FALSE,0,0,FALSE
nfl,2020,401220295,2020-11-15T18:00Z,Green Bay Packers,Jacksonville Jaguars,GB,JAX,7-2,1-8,24,20,TRUE,Green Bay Packers,7-2,home,GB,13.5,47,-893,653,-105,-105,1,nflreadr,Green Bay Packers,7-2,Jacksonville Jaguars,1-8,0.907,0.907,0.571,0.8371278458844134,0.16287215411558664,171,171,1,1,133,4012202953213,321300,NA,NA,NA,NA,NA,NA,NA,NA,NA,NA,FALSE,0,0,FALSE,0,0,FALSE
nfl,2020,401220251,2020-11-15T18:00Z,New York Giants,Philadelphia Eagles,NYG,PHI,3-7,3-5-1,27,17,TRUE,Philadelphia Eagles,3-5-1,away,PHI,4.5,45,194,-219,-104,-106,1,nflreadr,New York Giants,3-7,Philadelphia Eagles,3-5-1,0.35,0.65,0.704,0.5795454545454544,0.42045454545454564,179,179,1,1,3,40122025163,6300,NA,NA,NA,NA,NA,NA,NA,NA,NA,NA,FALSE,0,0,FALSE,0,0,FALSE
nfl,2020,401220368,2020-11-15T18:00Z,Carolina Panthers,Tampa Bay Buccaneers,CAR,TB,3-7,7-3,23,46,FALSE,Tampa Bay Buccaneers,7-3,away,TB,6,49.5,226,-259,-102,-108,1,nflreadr,Tampa Bay Buccaneers,7-3,Carolina Panthers,3-7,0.354,0.646,0.649,0.45916795069337457,0.5408320493066254,167,167,1,1,65,4012203681556,155600,NA,NA,NA,NA,NA,NA,NA,NA,NA,NA,FALSE,0,0,FALSE,0,0,FALSE
nfl,2020,401220226,2020-11-15T21:05Z,Las Vegas Raiders,Denver Broncos,LV,DEN,6-3,3-6,37,12,TRUE,Las Vegas Raiders,6-3,home,LV,3.5,50.5,-188,168,-104,-106,1,nflreadr,Las Vegas Raiders,6-3,Denver Broncos,3-6,0.609,0.609,0.501,0.219560878243513,0.780439121756487,183,183,1,1,90,4012202262137,213700,NA,NA,NA,NA,NA,NA,NA,NA,NA,NA,FALSE,0,0,FALSE,0,0,FALSE
nfl,2020,401220126,2020-11-15T21:05Z,Miami Dolphins,Los Angeles Chargers,MIA,LAC,6-3,2-7,29,21,TRUE,Miami Dolphins,6-3,home,MIA,1,48.5,-115,104,-110,-100,1,nflreadr,Miami Dolphins,6-3,Los Angeles Chargers,2-7,0.646,0.646,0.36,0.01666666666666672,0.9833333333333333,163,163,1,1,2,40122012640,4000,NA,NA,NA,NA,NA,NA,NA,NA,NA,NA,FALSE,0,0,FALSE,0,0,FALSE
nfl,2020,401220341,2020-11-15T21:05Z,Arizona Cardinals,Buffalo Bills,ARI,BUF,6-3,7-3,32,30,TRUE,Arizona Cardinals,6-3,home,ARI,3,55.5,-153,138,-102,-108,1,nflreadr,Arizona Cardinals,6-3,Buffalo Bills,7-3,0.587,0.587,0.978,0.9775051124744376,0.02249488752556239,204,204,1,1,193,4012203414669,466900,NA,NA,NA,NA,NA,NA,NA,NA,NA,NA,FALSE,0,0,FALSE,0,0,FALSE
nfl,2020,401220346,2020-11-15T21:25Z,Los Angeles Rams,Seattle Seahawks,LAR,SEA,6-3,6-3,23,16,TRUE,Los Angeles Rams,6-3,NA,NA,NA,NA,NA,NA,NA,NA,NA,NA,Los Angeles Rams,6-3,Seattle Seahawks,6-3,0.559,0.559,0.583,0.2847341337907374,0.7152658662092626,177,177,1,1,23,401220346536,53600,NA,NA,NA,NA,NA,NA,NA,NA,NA,NA,FALSE,0,0,FALSE,0,0,FALSE
nfl,2020,401220327,2020-11-15T21:25Z,New Orleans Saints,San Francisco 49ers,NO,SF,7-2,4-6,27,13,TRUE,New Orleans Saints,7-2,home,NO,9.5,49.5,-387,323,-101,-110,1,nflreadr,New Orleans Saints,7-2,San Francisco 49ers,4-6,0.609,0.609,0.736,0.6413043478260869,0.3586956521739131,172,172,1,1,31,401220327774,77400,NA,NA,NA,NA,NA,NA,NA,NA,NA,NA,FALSE,0,0,FALSE,0,0,FALSE
nfl,2020,401220171,2020-11-15T21:25Z,Pittsburgh Steelers,Cincinnati Bengals,PIT,CIN,9-0,2-6-1,36,10,TRUE,Pittsburgh Steelers,9-0,home,PIT,6.5,45.5,-297,255,-109,-101,1,nflreadr,Pittsburgh Steelers,9-0,Cincinnati Bengals,2-6-1,0.719,0.719,0.33799999999999997,0.16863905325443773,0.8313609467455623,186,186,1,1,21,401220171491,49100,NA,NA,NA,NA,NA,NA,NA,NA,NA,NA,FALSE,0,0,FALSE,0,0,FALSE
nfl,2020,401220137,2020-11-16T01:20Z,New England Patriots,Baltimore Ravens,NE,BAL,4-5,6-3,23,17,TRUE,Baltimore Ravens,6-3,NA,NA,NA,NA,NA,NA,NA,NA,NA,NA,New England Patriots,4-5,Baltimore Ravens,6-3,0.334,0.6659999999999999,0.795,0.7421383647798743,0.25786163522012573,161,161,1,1,39,401220137917,91700,NA,NA,NA,NA,NA,NA,NA,NA,NA,NA,FALSE,0,0,FALSE,0,0,FALSE
nfl,2020,401220276,2020-11-17T01:15Z,Chicago Bears,Minnesota Vikings,CHI,MIN,5-5,4-5,13,19,FALSE,Minnesota Vikings,4-5,NA,NA,NA,NA,NA,NA,NA,NA,NA,NA,Minnesota Vikings,4-5,Chicago Bears,5-5,0.414,0.5860000000000001,0.722,0.6149584487534625,0.3850415512465375,171,171,1,1,99,4012202762338,233800,NA,NA,NA,NA,NA,NA,NA,NA,NA,NA,FALSE,0,0,FALSE,0,0,FALSE
nfl,2020,401220360,2020-11-20T01:20Z,Seattle Seahawks,Arizona Cardinals,SEA,ARI,7-3,6-4,28,21,TRUE,Seattle Seahawks,7-3,NA,NA,NA,NA,NA,NA,NA,NA,NA,NA,Seattle Seahawks,7-3,Arizona Cardinals,6-4,0.599,0.599,0.498,0.19477911646586343,0.8052208835341366,173,173,1,1,140,4012203603553,355300,NA,NA,NA,NA,NA,NA,NA,NA,NA,NA,FALSE,0,0,FALSE,0,0,FALSE
nfl,2020,401220167,2020-11-22T18:00Z,Cleveland Browns,Philadelphia Eagles,CLE,PHI,7-3,3-6-1,22,17,TRUE,Cleveland Browns,7-3,home,CLE,2.5,45.5,-135,122,-106,-104,1,nflreadr,Cleveland Browns,7-3,Philadelphia Eagles,3-6-1,0.52,0.52,0.665,0.4962406015037595,0.5037593984962405,186,186,1,1,16,401220167357,35700,NA,NA,NA,NA,NA,NA,NA,NA,NA,NA,FALSE,0,0,FALSE,0,0,FALSE
nfl,2020,401220321,2020-11-22T18:00Z,New Orleans Saints,Atlanta Falcons,NO,ATL,8-2,3-7,24,9,TRUE,New Orleans Saints,8-2,home,NO,3.5,49.5,-181,162,-101,-109,1,nflreadr,New Orleans Saints,8-2,Atlanta Falcons,3-7,0.624,0.624,0.639,0.43505477308294216,0.5649452269170578,172,172,1,1,68,4012203211615,161500,NA,NA,NA,NA,NA,NA,NA,NA,NA,NA,FALSE,0,0,FALSE,0,0,FALSE
nfl,2020,401220272,2020-11-22T18:00Z,Washington,Cincinnati Bengals,WSH,CIN,3-7,2-7-1,20,9,TRUE,Washington,3-7,NA,NA,NA,NA,NA,NA,NA,NA,NA,NA,Washington,3-7,Cincinnati Bengals,2-7-1,0.556,0.556,0.629,0.41017488076311603,0.589825119236884,173,173,1,1,94,4012202722385,238500,NA,NA,NA,NA,NA,NA,NA,NA,NA,NA,FALSE,0,0,FALSE,0,0,FALSE
nfl,2020,401220318,2020-11-22T18:00Z,Carolina Panthers,Detroit Lions,CAR,DET,4-7,4-6,20,0,TRUE,Carolina Panthers,4-7,away,DET,3,47,152,-169,108,-119,1,nflreadr,Carolina Panthers,4-7,Detroit Lions,4-6,0.519,0.519,0.573,0.25479930191972056,0.7452006980802794,166,166,1,1,3,40122031857,5700,NA,NA,NA,NA,NA,NA,NA,NA,NA,NA,FALSE,0,0,FALSE,0,0,FALSE
nfl,2020,401220198,2020-11-22T18:00Z,Jacksonville Jaguars,Pittsburgh Steelers,JAX,PIT,1-9,10-0,3,27,FALSE,Pittsburgh Steelers,10-0,away,PIT,11,47,386,-475,-107,-103,1,nflreadr,Pittsburgh Steelers,10-0,Jacksonville Jaguars,1-9,0.143,0.857,0.347,0.5878962536023054,0.41210374639769465,175,175,1,1,26,401220198554,55400,NA,NA,NA,NA,NA,NA,NA,NA,NA,NA,FALSE,0,0,FALSE,0,0,FALSE
nfl,2020,401220150,2020-11-22T18:00Z,Baltimore Ravens,Tennessee Titans,BAL,TEN,6-4,7-3,24,30,FALSE,Baltimore Ravens,6-4,home,BAL,6,50.5,-253,221,-107,-103,1,nflreadr,Tennessee Titans,7-3,Baltimore Ravens,6-4,0.68,0.68,0.917,0.9094874591057798,0.09051254089422023,173,173,1,1,104,4012201502584,258400,NA,NA,NA,NA,NA,NA,NA,NA,NA,NA,FALSE,0,0,FALSE,0,0,FALSE
nfl,2020,401220185,2020-11-22T18:00Z,Houston Texans,New England Patriots,HOU,NE,3-7,4-6,27,20,TRUE,New England Patriots,4-6,away,NE,2.5,49.5,132,-147,106,-117,1,nflreadr,Houston Texans,3-7,New England Patriots,4-6,0.485,0.515,0.782,0.7212276214833759,0.27877237851662406,167,167,1,1,19,401220185450,45000,NA,NA,NA,NA,NA,NA,NA,NA,NA,NA,FALSE,0,0,FALSE,0,0,FALSE
nfl,2020,401220214,2020-11-22T21:05Z,Denver Broncos,Miami Dolphins,DEN,MIA,4-6,6-4,20,13,TRUE,Miami Dolphins,6-4,away,MIA,4,46,174,-196,-105,-105,1,nflreadr,Denver Broncos,4-6,Miami Dolphins,6-4,0.466,0.534,0.743,0.6541049798115748,0.3458950201884252,169,169,1,1,20,401220214479,47900,NA,NA,NA,NA,NA,NA,NA,NA,NA,NA,FALSE,0,0,FALSE,0,0,FALSE
nfl,2020,401220238,2020-11-22T21:05Z,Los Angeles Chargers,New York Jets,LAC,NYJ,3-7,0-10,34,28,TRUE,Los Angeles Chargers,3-7,home,LAC,10,47,-425,351,-101,-110,1,nflreadr,Los Angeles Chargers,3-7,New York Jets,0-10,0.701,0.701,0.54,0.4462962962962963,0.5537037037037037,186,186,1,1,27,401220238626,62600,NA,NA,NA,NA,NA,NA,NA,NA,NA,NA,FALSE,0,0,FALSE,0,0,FALSE
nfl,2020,401220191,2020-11-22T21:25Z,Indianapolis Colts,Green Bay Packers,IND,GB,7-3,7-3,34,31,TRUE,Green Bay Packers,7-3,home,IND,1.5,52,-120,109,-106,-104,1,nflreadr,Indianapolis Colts,7-3,Green Bay Packers,7-3,0.457,0.5429999999999999,0.906,0.8962472406181017,0.10375275938189832,187,187,1,1,82,4012201912074,207400,NA,NA,NA,NA,NA,NA,NA,NA,NA,NA,FALSE,0,0,FALSE,0,0,FALSE
nfl,2020,401220305,2020-11-22T21:25Z,Minnesota Vikings,Dallas Cowboys,MIN,DAL,4-6,3-7,28,31,FALSE,Minnesota Vikings,4-6,home,MIN,7,50,-304,261,-100,-110,1,nflreadr,Dallas Cowboys,3-7,Minnesota Vikings,4-6,0.769,0.769,0.839,0.8081048867699643,0.19189511323003572,163,163,1,1,4,40122030575,7500,NA,NA,NA,NA,NA,NA,NA,NA,NA,NA,FALSE,0,0,FALSE,0,0,FALSE
nfl,2020,401220227,2020-11-23T01:20Z,Las Vegas Raiders,Kansas City Chiefs,LV,KC,6-4,9-1,31,35,FALSE,Kansas City Chiefs,9-1,NA,NA,NA,NA,NA,NA,NA,NA,NA,NA,Kansas City Chiefs,9-1,Las Vegas Raiders,6-4,0.241,0.759,0.81,0.7654320987654322,0.23456790123456783,174,174,1,1,162,4012202273904,390400,NA,NA,NA,NA,NA,NA,NA,NA,NA,NA,FALSE,0,0,FALSE,0,0,FALSE
nfl,2020,401220335,2020-11-24T01:15Z,Tampa Bay Buccaneers,Los Angeles Rams,TB,LAR,7-4,7-3,24,27,FALSE,Tampa Bay Buccaneers,7-4,NA,NA,NA,NA,NA,NA,NA,NA,NA,NA,Los Angeles Rams,7-3,Tampa Bay Buccaneers,7-4,0.656,0.656,0.782,0.7212276214833759,0.27877237851662406,184,184,1,1,62,4012203351509,150900,NA,NA,NA,NA,NA,NA,NA,NA,NA,NA,FALSE,0,0,FALSE,0,0,FALSE
nfl,2020,401220287,2020-11-26T17:30Z,Detroit Lions,Houston Texans,DET,HOU,4-7,4-7,25,41,FALSE,Houston Texans,4-7,away,HOU,3,52.5,139,-155,-106,-104,1,nflreadr,Houston Texans,4-7,Detroit Lions,4-7,0.438,0.562,0.702,0.5754985754985753,0.4245014245014247,172,172,1,1,24,401220287571,57100,NA,NA,NA,NA,NA,NA,NA,NA,NA,NA,FALSE,0,0,FALSE,0,0,FALSE
nfl,2020,401220244,2020-11-26T21:30Z,Dallas Cowboys,Washington,DAL,WSH,3-8,4-7,16,41,FALSE,Washington,4-7,NA,NA,NA,NA,NA,NA,NA,NA,NA,NA,Washington,4-7,Dallas Cowboys,3-8,0.45,0.55,0.609,0.3579638752052545,0.6420361247947455,166,166,1,1,16,401220244363,36300,NA,NA,NA,NA,NA,NA,NA,NA,NA,NA,FALSE,0,0,FALSE,0,0,FALSE
nfl,2020,401220312,2020-11-29T18:00Z,Atlanta Falcons,Las Vegas Raiders,ATL,LV,4-7,6-5,43,6,TRUE,Las Vegas Raiders,6-5,away,LV,3.5,53,164,-184,-105,-105,1,nflreadr,Atlanta Falcons,4-7,Las Vegas Raiders,6-5,0.47,0.53,0.606,0.34983498349834985,0.6501650165016502,185,185,1,1,8,401220312186,18600,NA,NA,NA,NA,NA,NA,NA,NA,NA,NA,FALSE,0,0,FALSE,0,0,FALSE
nfl,2020,401220118,2020-11-29T18:00Z,Buffalo Bills,Los Angeles Chargers,BUF,LAC,8-3,3-8,27,17,TRUE,Buffalo Bills,8-3,home,BUF,4.5,51,-214,189,-103,-107,1,nflreadr,Buffalo Bills,8-3,Los Angeles Chargers,3-8,0.735,0.735,0.357,0.25770308123249297,0.742296918767507,183,183,1,1,51,4012201181242,124200,NA,NA,NA,NA,NA,NA,NA,NA,NA,NA,FALSE,0,0,FALSE,0,0,FALSE
nfl,2020,401220160,2020-11-29T18:00Z,Cincinnati Bengals,New York Giants,CIN,NYG,2-8-1,4-7,17,19,FALSE,New York Giants,4-7,away,NYG,6.5,45,227,-260,-107,-103,1,nflreadr,New York Giants,4-7,Cincinnati Bengals,2-8-1,0.472,0.528,0.583,0.2847341337907374,0.7152658662092626,171,171,1,2,20,401220160477,47700,NA,NA,NA,NA,NA,NA,NA,NA,NA,NA,FALSE,0,0,FALSE,0,0,FALSE
nfl,2020,401220188,2020-11-29T18:00Z,Indianapolis Colts,Tennessee Titans,IND,TEN,7-4,8-3,26,45,FALSE,Indianapolis Colts,7-4,home,IND,3,51.5,-147,133,103,-114,1,nflreadr,Tennessee Titans,8-3,Indianapolis Colts,7-4,0.521,0.521,0.564,0.22695035460992896,0.773049645390071,185,185,1,1,45,4012201881104,110400,NA,NA,NA,NA,NA,NA,NA,NA,NA,NA,FALSE,0,0,FALSE,0,0,FALSE
nfl,2020,401220302,2020-11-29T18:00Z,Minnesota Vikings,Carolina Panthers,MIN,CAR,5-6,4-8,28,27,TRUE,Minnesota Vikings,5-6,home,MIN,3,50,-145,131,104,-115,1,nflreadr,Minnesota Vikings,5-6,Carolina Panthers,4-8,0.631,0.631,0.987,0.9868287740628165,0.01317122593718345,182,182,1,1,164,4012203024005,400500,NA,NA,NA,NA,NA,NA,NA,NA,NA,NA,FALSE,0,0,FALSE,0,0,FALSE
nfl,2020,401220135,2020-11-29T18:00Z,New England Patriots,Arizona Cardinals,NE,ARI,5-6,6-5,20,17,TRUE,Arizona Cardinals,6-5,away,ARI,1,51,104,-115,-103,-107,1,nflreadr,New England Patriots,5-6,Arizona Cardinals,6-5,0.484,0.516,0.795,0.7421383647798743,0.25786163522012573,163,163,1,1,26,401220135664,66400,NA,NA,NA,NA,NA,NA,NA,NA,NA,NA,FALSE,0,0,FALSE,0,0,FALSE
nfl,2020,401220139,2020-11-29T18:00Z,New York Jets,Miami Dolphins,NYJ,MIA,0-11,7-4,3,20,FALSE,Miami Dolphins,7-4,away,MIA,7.5,46,296,-350,-104,-106,1,nflreadr,Miami Dolphins,7-4,New York Jets,0-11,0.303,0.6970000000000001,0.505,0.40000000000000013,0.5999999999999999,159,159,1,1,32,401220139735,73500,NA,NA,NA,NA,NA,NA,NA,NA,NA,NA,FALSE,0,0,FALSE,0,0,FALSE
nfl,2020,401220197,2020-11-29T18:00Z,Jacksonville Jaguars,Cleveland Browns,JAX,CLE,1-10,8-3,25,27,FALSE,Cleveland Browns,8-3,away,CLE,7.5,48.5,284,-334,-112,102,1,nflreadr,Cleveland Browns,8-3,Jacksonville Jaguars,1-10,0.31,0.69,0.642,0.5171339563862928,0.4828660436137072,169,169,1,1,94,4012201972158,215800,NA,NA,NA,NA,NA,NA,NA,NA,NA,NA,FALSE,0,0,FALSE,0,0,FALSE
nfl,2020,401220215,2020-11-29T21:05Z,Denver Broncos,New Orleans Saints,DEN,NO,4-7,9-2,3,31,FALSE,New Orleans Saints,9-2,away,NO,17,36.5,906,-1350,-107,-103,1,nflreadr,New Orleans Saints,9-2,Denver Broncos,4-7,0.261,0.739,0.377,0.3076923076923077,0.6923076923076923,145,145,1,1,30,401220215685,68500,NA,NA,NA,NA,NA,NA,NA,NA,NA,NA,FALSE,0,0,FALSE,0,0,FALSE
nfl,2020,401220345,2020-11-29T21:05Z,Los Angeles Rams,San Francisco 49ers,LAR,SF,7-4,5-6,20,23,FALSE,Los Angeles Rams,7-4,NA,NA,NA,NA,NA,NA,NA,NA,NA,NA,San Francisco 49ers,5-6,Los Angeles Rams,7-4,0.541,0.541,0.776,0.7113402061855671,0.28865979381443285,186,186,1,1,156,4012203453726,372600,NA,NA,NA,NA,NA,NA,NA,NA,NA,NA,FALSE,0,0,FALSE,0,0,FALSE
nfl,2020,401220333,2020-11-29T21:25Z,Tampa Bay Buccaneers,Kansas City Chiefs,TB,KC,7-5,10-1,24,27,FALSE,Kansas City Chiefs,10-1,away,KC,3.5,56,149,-166,-124,112,1,nflreadr,Kansas City Chiefs,10-1,Tampa Bay Buccaneers,7-5,0.431,0.569,0.431,0,1,178,178,1,1,1,4012203331,100,NA,NA,NA,NA,NA,NA,NA,NA,NA,NA,FALSE,0,0,FALSE,0,0,FALSE
nfl,2020,401220290,2020-11-30T01:20Z,Green Bay Packers,Chicago Bears,GB,CHI,8-3,5-6,41,25,TRUE,Green Bay Packers,8-3,NA,NA,NA,NA,NA,NA,NA,NA,NA,NA,Green Bay Packers,8-3,Chicago Bears,5-6,0.69,0.69,0.32499999999999996,0.04615384615384588,0.9538461538461541,173,173,1,1,4,40122029079,7900,NA,NA,NA,NA,NA,NA,NA,NA,NA,NA,FALSE,0,0,FALSE,0,0,FALSE
nfl,2020,401220262,2020-12-01T01:15Z,Philadelphia Eagles,Seattle Seahawks,PHI,SEA,3-7-1,8-3,17,23,FALSE,Seattle Seahawks,8-3,NA,NA,NA,NA,NA,NA,NA,NA,NA,NA,Seattle Seahawks,8-3,Philadelphia Eagles,3-7-1,0.387,0.613,0.466,0.16952789699570814,0.8304721030042919,177,177,1,1,37,401220262893,89300,NA,NA,NA,NA,NA,NA,NA,NA,NA,NA,FALSE,0,0,FALSE,0,0,FALSE
nfl,2020,401220170,2020-12-02T20:40Z,Pittsburgh Steelers,Baltimore Ravens,PIT,BAL,11-0,6-5,19,14,TRUE,Pittsburgh Steelers,11-0,home,PIT,10.5,41.5,-518,416,-101,-109,1,nflreadr,Pittsburgh Steelers,11-0,Baltimore Ravens,6-5,0.644,0.644,0.425,0.1623529411764706,0.8376470588235294,163,163,1,1,7,401220170151,15100,NA,NA,NA,NA,NA,NA,NA,NA,NA,NA,FALSE,0,0,FALSE,0,0,FALSE
nfl,2020,401220307,2020-12-06T18:00Z,Atlanta Falcons,New Orleans Saints,ATL,NO,4-8,10-2,16,21,FALSE,New Orleans Saints,10-2,away,NO,2.5,46,127,-141,102,-113,1,nflreadr,New Orleans Saints,10-2,Atlanta Falcons,4-8,0.372,0.628,0.567,0.34391534391534384,0.6560846560846562,186,186,1,2,170,4012203074256,425600,NA,NA,NA,NA,NA,NA,NA,NA,NA,NA,FALSE,0,0,FALSE,0,0,FALSE
nfl,2020,401220274,2020-12-06T18:00Z,Chicago Bears,Detroit Lions,CHI,DET,5-7,5-7,30,34,FALSE,Chicago Bears,5-7,home,CHI,3,44,-161,145,-110,-100,1,nflreadr,Detroit Lions,5-7,Chicago Bears,5-7,0.613,0.613,0.991,0.9909182643794148,0.00908173562058523,191,191,1,1,166,4012202743871,387100,NA,NA,NA,NA,NA,NA,NA,NA,NA,NA,FALSE,0,0,FALSE,0,0,FALSE
nfl,2020,401220205,2020-12-06T18:00Z,Tennessee Titans,Cleveland Browns,TEN,CLE,8-4,9-3,35,41,FALSE,Tennessee Titans,8-4,home,TEN,4,54,-200,178,101,-111,1,nflreadr,Cleveland Browns,9-3,Tennessee Titans,8-4,0.672,0.672,0.672,0.5119047619047621,0.4880952380952379,185,185,1,1,1,4012202051,100,NA,NA,NA,NA,NA,NA,NA,NA,NA,NA,FALSE,0,0,FALSE,0,0,FALSE
nfl,2020,401220129,2020-12-06T18:00Z,Miami Dolphins,Cincinnati Bengals,MIA,CIN,8-4,2-9-1,19,7,TRUE,Miami Dolphins,8-4,home,MIA,10.5,43,-491,397,105,-115,1,nflreadr,Miami Dolphins,8-4,Cincinnati Bengals,2-9-1,0.668,0.668,0.6799999999999999,0.5294117647058822,0.47058823529411775,162,162,1,1,67,4012201291689,168900,NA,NA,NA,NA,NA,NA,NA,NA,NA,NA,FALSE,0,0,FALSE,0,0,FALSE
nfl,2020,401220303,2020-12-06T18:00Z,Minnesota Vikings,Jacksonville Jaguars,MIN,JAX,6-6,1-11,27,24,TRUE,Minnesota Vikings,6-6,home,MIN,10.5,51,-445,365,107,-118,1,nflreadr,Minnesota Vikings,6-6,Jacksonville Jaguars,1-11,0.832,0.832,0.917,0.9094874591057798,0.09051254089422023,217,217,1,1,196,4012203034722,472200,NA,NA,NA,NA,NA,NA,NA,NA,NA,NA,FALSE,0,0,FALSE,0,0,FALSE
nfl,2020,401220142,2020-12-06T18:00Z,New York Jets,Las Vegas Raiders,NYJ,LV,0-12,7-5,28,31,FALSE,Las Vegas Raiders,7-5,away,LV,7.5,48,295,-349,-113,103,1,nflreadr,Las Vegas Raiders,7-5,New York Jets,0-12,0.296,0.704,0.968,0.9669421487603305,0.03305785123966953,174,174,1,1,170,4012201424125,412500,NA,NA,NA,NA,NA,NA,NA,NA,NA,NA,FALSE,0,0,FALSE,0,0,FALSE
nfl,2020,401220178,2020-12-06T18:00Z,Houston Texans,Indianapolis Colts,HOU,IND,4-8,8-4,20,26,FALSE,Houston Texans,4-8,away,IND,3.5,50,157,-176,-112,101,1,nflreadr,Indianapolis Colts,8-4,Houston Texans,4-8,0.554,0.554,0.647,0.45440494590417324,0.5455950540958268,174,174,1,1,36,4012201781057,105700,NA,NA,NA,NA,NA,NA,NA,NA,NA,NA,FALSE,0,0,FALSE,0,0,FALSE
nfl,2020,401220336,2020-12-06T21:05Z,Arizona Cardinals,Los Angeles Rams,ARI,LAR,6-6,8-4,28,38,FALSE,Los Angeles Rams,8-4,NA,NA,NA,NA,NA,NA,NA,NA,NA,NA,Los Angeles Rams,8-4,Arizona Cardinals,6-6,0.461,0.5389999999999999,0.78,0.7179487179487181,0.28205128205128194,201,201,1,1,23,401220336510,51000,NA,NA,NA,NA,NA,NA,NA,NA,NA,NA,FALSE,0,0,FALSE,0,0,FALSE
nfl,2020,401220364,2020-12-06T21:05Z,Seattle Seahawks,New York Giants,SEA,NYG,8-4,5-7,12,17,FALSE,Seattle Seahawks,8-4,home,SEA,11,48.5,-514,413,104,-114,1,nflreadr,New York Giants,5-7,Seattle Seahawks,8-4,0.863,0.863,0.917,0.9094874591057798,0.09051254089422023,170,170,1,2,14,401220364316,31600,NA,NA,NA,NA,NA,NA,NA,NA,NA,NA,FALSE,0,0,FALSE,0,0,FALSE
nfl,2020,401220297,2020-12-06T21:25Z,Green Bay Packers,Philadelphia Eagles,GB,PHI,9-3,3-8-1,30,16,TRUE,Green Bay Packers,9-3,home,GB,8,50,-393,328,-108,-102,1,nflreadr,Green Bay Packers,9-3,Philadelphia Eagles,3-8-1,0.729,0.729,0.498,0.45582329317269077,0.5441767068273092,159,159,1,1,21,401220297490,49000,NA,NA,NA,NA,NA,NA,NA,NA,NA,NA,FALSE,0,0,FALSE,0,0,FALSE
nfl,2020,401220237,2020-12-06T21:25Z,Los Angeles Chargers,New England Patriots,LAC,NE,3-9,6-6,0,45,FALSE,New England Patriots,6-6,home,LAC,2.5,47,-129,117,-102,-109,1,nflreadr,New England Patriots,6-6,Los Angeles Chargers,3-9,0.484,0.516,0.507,0.04536489151873768,0.9546351084812623,173,173,1,1,13,401220237282,28200,NA,NA,NA,NA,NA,NA,NA,NA,NA,NA,FALSE,0,0,FALSE,0,0,FALSE
nfl,2020,401220218,2020-12-07T01:20Z,Kansas City Chiefs,Denver Broncos,KC,DEN,11-1,4-8,22,16,TRUE,Kansas City Chiefs,11-1,NA,NA,NA,NA,NA,NA,NA,NA,NA,NA,Kansas City Chiefs,11-1,Denver Broncos,4-8,0.886,0.886,0.498,0.7710843373493976,0.22891566265060237,168,168,1,1,112,4012202182613,261300,NA,NA,NA,NA,NA,NA,NA,NA,NA,NA,FALSE,0,0,FALSE,0,0,FALSE
nfl,2020,401220176,2020-12-07T22:00Z,Pittsburgh Steelers,Washington,PIT,WSH,11-1,5-7,17,23,FALSE,Pittsburgh Steelers,11-1,NA,NA,NA,NA,NA,NA,NA,NA,NA,NA,Washington,5-7,Pittsburgh Steelers,11-1,0.74,0.74,0.936,0.9316239316239316,0.06837606837606836,190,190,1,1,79,4012201761997,199700,NA,NA,NA,NA,NA,NA,NA,NA,NA,NA,FALSE,0,0,FALSE,0,0,FALSE
nfl,2020,401220357,2020-12-08T01:15Z,San Francisco 49ers,Buffalo Bills,SF,BUF,5-7,9-3,24,34,FALSE,San Francisco 49ers,5-7,NA,NA,NA,NA,NA,NA,NA,NA,NA,NA,Buffalo Bills,9-3,San Francisco 49ers,5-7,0.565,0.565,0.744,0.6559139784946237,0.34408602150537626,171,171,1,1,27,401220357704,70400,NA,NA,NA,NA,NA,NA,NA,NA,NA,NA,FALSE,0,0,FALSE,0,0,FALSE
nfl,2020,401220151,2020-12-09T01:05Z,Baltimore Ravens,Dallas Cowboys,BAL,DAL,7-5,3-9,34,17,TRUE,Baltimore Ravens,7-5,NA,NA,NA,NA,NA,NA,NA,NA,NA,NA,Baltimore Ravens,7-5,Dallas Cowboys,3-9,0.853,0.853,0.367,0.5994550408719346,0.4005449591280654,175,175,1,1,38,401220151917,91700,NA,NA,NA,NA,NA,NA,NA,NA,NA,NA,FALSE,0,0,FALSE,0,0,FALSE
nfl,2020,401220349,2020-12-11T01:20Z,Los Angeles Rams,New England Patriots,LAR,NE,9-4,6-7,24,3,TRUE,Los Angeles Rams,9-4,NA,NA,NA,NA,NA,NA,NA,NA,NA,NA,Los Angeles Rams,9-4,New England Patriots,6-7,0.69,0.69,0.31000000000000005,0,1,162,162,1,1,1,4012203491,100,NA,NA,NA,NA,NA,NA,NA,NA,NA,NA,FALSE,0,0,FALSE,0,0,FALSE
nfl,2020,401220279,2020-12-13T18:00Z,Chicago Bears,Houston Texans,CHI,HOU,6-7,4-9,36,7,TRUE,Houston Texans,4-9,away,HOU,1,46,104,-114,-103,-107,1,nflreadr,Chicago Bears,6-7,Houston Texans,4-9,0.475,0.525,0.569,0.24253075571177485,0.7574692442882252,178,178,1,1,7,401220279155,15500,NA,NA,NA,NA,NA,NA,NA,NA,NA,NA,FALSE,0,0,FALSE,0,0,FALSE
nfl,2020,401220159,2020-12-13T18:00Z,Cincinnati Bengals,Dallas Cowboys,CIN,DAL,2-10-1,4-9,7,30,FALSE,Cincinnati Bengals,2-10-1,away,DAL,3,44,148,-164,103,-114,1,nflreadr,Dallas Cowboys,4-9,Cincinnati Bengals,2-10-1,0.636,0.636,0.65,0.4615384615384617,0.5384615384615383,157,157,1,1,3,40122015962,6200,NA,NA,NA,NA,NA,NA,NA,NA,NA,NA,FALSE,0,0,FALSE,0,0,FALSE
nfl,2020,401220125,2020-12-13T18:00Z,Miami Dolphins,Kansas City Chiefs,MIA,KC,8-5,12-1,27,33,FALSE,Kansas City Chiefs,12-1,away,KC,7.5,51.5,281,-330,-121,109,1,nflreadr,Kansas City Chiefs,12-1,Miami Dolphins,8-5,0.236,0.764,0.617,0.6175040518638574,0.3824959481361426,189,189,1,1,45,4012201251063,106300,NA,NA,NA,NA,NA,NA,NA,NA,NA,NA,FALSE,0,0,FALSE,0,0,FALSE
nfl,2020,401220253,2020-12-13T18:00Z,New York Giants,Arizona Cardinals,NYG,ARI,5-8,7-6,7,26,FALSE,Arizona Cardinals,7-6,away,ARI,3,47,139,-154,-104,-106,1,nflreadr,Arizona Cardinals,7-6,New York Giants,5-8,0.416,0.5840000000000001,0.461,0.09761388286334072,0.9023861171366593,175,175,1,1,5,401220253100,10000,NA,NA,NA,NA,NA,NA,NA,NA,NA,NA,FALSE,0,0,FALSE,0,0,FALSE
nfl,2020,401220332,2020-12-13T18:00Z,Tampa Bay Buccaneers,Minnesota Vikings,TB,MIN,8-5,6-7,26,14,TRUE,Tampa Bay Buccaneers,8-5,home,TB,7,52.5,-317,271,-104,-106,1,nflreadr,Tampa Bay Buccaneers,8-5,Minnesota Vikings,6-7,0.771,0.771,0.5720000000000001,0.5996503496503498,0.4003496503496502,165,165,1,1,44,4012203321017,101700,NA,NA,NA,NA,NA,NA,NA,NA,NA,NA,FALSE,0,0,FALSE,0,0,FALSE
nfl,2020,401220319,2020-12-13T18:00Z,Carolina Panthers,Denver Broncos,CAR,DEN,4-9,5-8,27,32,FALSE,Carolina Panthers,4-9,home,CAR,4,46,-199,177,-109,-101,1,nflreadr,Denver Broncos,5-8,Carolina Panthers,4-9,0.658,0.658,0.686,0.5422740524781342,0.4577259475218658,164,164,1,1,9,401220319186,18600,NA,NA,NA,NA,NA,NA,NA,NA,NA,NA,FALSE,0,0,FALSE,0,0,FALSE
nfl,2020,401220196,2020-12-13T18:00Z,Jacksonville Jaguars,Tennessee Titans,JAX,TEN,1-12,9-4,10,31,FALSE,Tennessee Titans,9-4,away,TEN,7.5,53,307,-364,-104,-106,1,nflreadr,Tennessee Titans,9-4,Jacksonville Jaguars,1-12,0.237,0.763,0.296,0.19932432432432434,0.8006756756756757,171,171,1,1,9,401220196194,19400,NA,NA,NA,NA,NA,NA,NA,NA,NA,NA,FALSE,0,0,FALSE,0,0,FALSE
nfl,2020,401220233,2020-12-13T21:05Z,Las Vegas Raiders,Indianapolis Colts,LV,IND,7-6,9-4,27,44,FALSE,Las Vegas Raiders,7-6,away,IND,2.5,51.5,118,-130,-106,-104,1,nflreadr,Indianapolis Colts,9-4,Las Vegas Raiders,7-6,0.528,0.528,0.72,0.6111111111111112,0.38888888888888884,168,168,1,1,54,4012202331287,128700,NA,NA,NA,NA,NA,NA,NA,NA,NA,NA,FALSE,0,0,FALSE,0,0,FALSE
nfl,2020,401220366,2020-12-13T21:05Z,Seattle Seahawks,New York Jets,SEA,NYJ,9-4,0-13,40,3,TRUE,Seattle Seahawks,9-4,home,SEA,16.5,49.5,-1032,734,-100,-110,1,nflreadr,Seattle Seahawks,9-4,New York Jets,0-13,0.863,0.863,0.19099999999999995,0.282722513089005,0.717277486910995,163,163,1,1,7,401220366142,14200,NA,NA,NA,NA,NA,NA,NA,NA,NA,NA,FALSE,0,0,FALSE,0,0,FALSE
nfl,2020,401220283,2020-12-13T21:25Z,Detroit Lions,Green Bay Packers,DET,GB,5-8,10-3,24,31,FALSE,Green Bay Packers,10-3,away,GB,9.5,55.5,292,-345,-117,106,1,nflreadr,Green Bay Packers,10-3,Detroit Lions,5-8,0.22,0.78,0.479,0.5407098121085596,0.4592901878914404,172,172,1,1,72,4012202831794,179400,NA,NA,NA,NA,NA,NA,NA,NA,NA,NA,FALSE,0,0,FALSE,0,0,FALSE
nfl,2020,401220265,2020-12-13T21:25Z,Philadelphia Eagles,New Orleans Saints,PHI,NO,4-8-1,10-3,24,21,TRUE,New Orleans Saints,10-3,away,NO,7.5,43,284,-335,-106,-104,1,nflreadr,Philadelphia Eagles,4-8-1,New Orleans Saints,10-3,0.214,0.786,0.7969999999999999,0.7452948557089083,0.2547051442910917,175,175,1,1,2,40122026539,3900,NA,NA,NA,NA,NA,NA,NA,NA,NA,NA,FALSE,0,0,FALSE,0,0,FALSE
nfl,2020,401220239,2020-12-13T21:25Z,Los Angeles Chargers,Atlanta Falcons,LAC,ATL,4-9,4-9,20,17,TRUE,Atlanta Falcons,4-9,home,LAC,1,49,-118,107,-110,100,1,nflreadr,Los Angeles Chargers,4-9,Atlanta Falcons,4-9,0.426,0.5740000000000001,0.84,0.8095238095238095,0.19047619047619047,164,164,1,1,97,4012202392297,229700,NA,NA,NA,NA,NA,NA,NA,NA,NA,NA,FALSE,0,0,FALSE,0,0,FALSE
nfl,2020,401220356,2020-12-13T21:25Z,San Francisco 49ers,Washington,SF,WSH,5-8,6-7,15,23,FALSE,San Francisco 49ers,5-8,NA,NA,NA,NA,NA,NA,NA,NA,NA,NA,Washington,6-7,San Francisco 49ers,5-8,0.669,0.669,0.818,0.7775061124694376,0.22249388753056243,203,203,1,1,57,4012203561316,131600,NA,NA,NA,NA,NA,NA,NA,NA,NA,NA,FALSE,0,0,FALSE,0,0,FALSE
nfl,2020,401220121,2020-12-14T01:20Z,Buffalo Bills,Pittsburgh Steelers,BUF,PIT,10-3,11-2,26,15,TRUE,Pittsburgh Steelers,11-2,NA,NA,NA,NA,NA,NA,NA,NA,NA,NA,Buffalo Bills,10-3,Pittsburgh Steelers,11-2,0.429,0.571,0.771,0.7029831387808041,0.2970168612191959,169,169,1,1,63,4012201211519,151900,NA,NA,NA,NA,NA,NA,NA,NA,NA,NA,FALSE,0,0,FALSE,0,0,FALSE
nfl,2020,401220162,2020-12-15T01:15Z,Cleveland Browns,Baltimore Ravens,CLE,BAL,9-4,8-5,42,47,FALSE,Baltimore Ravens,8-5,NA,NA,NA,NA,NA,NA,NA,NA,NA,NA,Baltimore Ravens,8-5,Cleveland Browns,9-4,0.339,0.661,0.793,0.7389659520807061,0.26103404791929385,189,189,1,1,179,4012201624462,446200,NA,NA,NA,NA,NA,NA,NA,NA,NA,NA,FALSE,0,0,FALSE,0,0,FALSE
nfl,2020,401220228,2020-12-18T01:20Z,Las Vegas Raiders,Los Angeles Chargers,LV,LAC,7-7,5-9,27,30,FALSE,Las Vegas Raiders,7-7,NA,NA,NA,NA,NA,NA,NA,NA,NA,NA,Los Angeles Chargers,5-9,Las Vegas Raiders,7-7,0.63,0.63,1,1,0,183,183,1,1,172,4012202283942,394200,NA,NA,NA,NA,NA,NA,NA,NA,NA,NA,FALSE,0,0,FALSE,0,0,FALSE
nfl,2020,401220213,2020-12-19T21:30Z,Denver Broncos,Buffalo Bills,DEN,BUF,5-9,11-3,19,48,FALSE,Buffalo Bills,11-3,away,BUF,5.5,49,212,-242,-105,-105,1,nflreadr,Buffalo Bills,11-3,Denver Broncos,5-9,0.375,0.625,0.444,0.15540540540540537,0.8445945945945946,175,175,1,1,8,401220213169,16900,NA,NA,NA,NA,NA,NA,NA,NA,NA,NA,FALSE,0,0,FALSE,0,0,FALSE
nfl,2020,401220294,2020-12-20T01:15Z,Green Bay Packers,Carolina Panthers,GB,CAR,11-3,4-10,24,16,TRUE,Green Bay Packers,11-3,NA,NA,NA,NA,NA,NA,NA,NA,NA,NA,Green Bay Packers,11-3,Carolina Panthers,4-10,0.749,0.749,0.263,0.04562737642585557,0.9543726235741444,169,169,1,1,5,401220294112,11200,NA,NA,NA,NA,NA,NA,NA,NA,NA,NA,FALSE,0,0,FALSE,0,0,FALSE
nfl,2020,401220308,2020-12-20T18:00Z,Atlanta Falcons,Tampa Bay Buccaneers,ATL,TB,4-10,9-5,27,31,FALSE,Tampa Bay Buccaneers,9-5,away,TB,6,49.5,225,-258,-106,-104,1,nflreadr,Tampa Bay Buccaneers,9-5,Atlanta Falcons,4-10,0.359,0.641,0.957,0.955067920585162,0.04493207941483801,172,172,1,1,100,4012203082357,235700,NA,NA,NA,NA,NA,NA,NA,NA,NA,NA,FALSE,0,0,FALSE,0,0,FALSE
nfl,2020,401220246,2020-12-20T18:00Z,Dallas Cowboys,San Francisco 49ers,DAL,SF,5-9,5-9,41,33,TRUE,San Francisco 49ers,5-9,away,SF,4,46,180,-202,-104,-106,1,nflreadr,Dallas Cowboys,5-9,San Francisco 49ers,5-9,0.293,0.7070000000000001,0.714,0.599439775910364,0.400560224089636,187,187,1,1,4,40122024676,7600,NA,NA,NA,NA,NA,NA,NA,NA,NA,NA,FALSE,0,0,FALSE,0,0,FALSE
nfl,2020,401220208,2020-12-20T18:00Z,Tennessee Titans,Detroit Lions,TEN,DET,10-4,5-9,46,25,TRUE,Tennessee Titans,10-4,home,TEN,9.5,54.5,-389,325,102,-113,1,nflreadr,Tennessee Titans,10-4,Detroit Lions,5-9,0.744,0.744,0.30000000000000004,0.14666666666666672,0.8533333333333333,167,167,1,1,29,401220208670,67000,NA,NA,NA,NA,NA,NA,NA,NA,NA,NA,FALSE,0,0,FALSE,0,0,FALSE
nfl,2020,401220186,2020-12-20T18:00Z,Indianapolis Colts,Houston Texans,IND,HOU,10-4,4-10,27,20,TRUE,Indianapolis Colts,10-4,home,IND,7.5,52.5,-370,311,-102,-108,1,nflreadr,Indianapolis Colts,10-4,Houston Texans,4-10,0.638,0.638,0.491,0.2627291242362526,0.7372708757637474,157,157,1,2,128,4012201863036,303600,NA,NA,NA,NA,NA,NA,NA,NA,NA,NA,FALSE,0,0,FALSE,0,0,FALSE
nfl,2020,401220123,2020-12-20T18:00Z,Miami Dolphins,New England Patriots,MIA,NE,9-5,6-8,22,12,TRUE,New England Patriots,6-8,away,NE,1.5,40,109,-120,-104,-106,1,nflreadr,Miami Dolphins,9-5,New England Patriots,6-8,0.481,0.519,0.7170000000000001,0.6052998605299862,0.3947001394700138,162,162,1,1,54,4012201231266,126600,NA,NA,NA,NA,NA,NA,NA,NA,NA,NA,FALSE,0,0,FALSE,0,0,FALSE
nfl,2020,401220298,2020-12-20T18:00Z,Minnesota Vikings,Chicago Bears,MIN,CHI,6-8,7-7,27,33,FALSE,Minnesota Vikings,6-8,home,MIN,2.5,47.5,-152,137,-123,111,1,nflreadr,Chicago Bears,7-7,Minnesota Vikings,6-8,0.596,0.596,0.635,0.4251968503937009,0.5748031496062991,172,172,1,1,5,401220298113,11300,NA,NA,NA,NA,NA,NA,NA,NA,NA,NA,FALSE,0,0,FALSE,0,0,FALSE
nfl,2020,401220270,2020-12-20T18:00Z,Washington,Seattle Seahawks,WSH,SEA,6-8,10-4,15,20,FALSE,Seattle Seahawks,10-4,NA,NA,NA,NA,NA,NA,NA,NA,NA,NA,Seattle Seahawks,10-4,Washington,6-8,0.365,0.635,0.433,0.15704387990762125,0.8429561200923787,175,175,1,1,164,4012202704057,405700,NA,NA,NA,NA,NA,NA,NA,NA,NA,NA,FALSE,0,0,FALSE,0,0,FALSE
nfl,2020,401220149,2020-12-20T18:00Z,Baltimore Ravens,Jacksonville Jaguars,BAL,JAX,9-5,1-13,40,14,TRUE,Baltimore Ravens,9-5,home,BAL,13,49.5,-746,564,107,-118,1,nflreadr,Baltimore Ravens,9-5,Jacksonville Jaguars,1-13,0.876,0.876,0.16700000000000004,0.2574850299401199,0.7425149700598801,155,155,1,1,7,401220149151,15100,NA,NA,NA,NA,NA,NA,NA,NA,NA,NA,FALSE,0,0,FALSE,0,0,FALSE
nfl,2020,401220350,2020-12-20T21:05Z,Los Angeles Rams,New York Jets,LAR,NYJ,9-5,1-13,20,23,FALSE,Los Angeles Rams,9-5,NA,NA,NA,NA,NA,NA,NA,NA,NA,NA,New York Jets,1-13,Los Angeles Rams,9-5,0.93,0.93,0.941,0.9373007438894791,0.06269925611052085,168,168,1,1,7,401220350151,15100,NA,NA,NA,NA,NA,NA,NA,NA,NA,NA,FALSE,0,0,FALSE,0,0,FALSE
nfl,2020,401220339,2020-12-20T21:05Z,Arizona Cardinals,Philadelphia Eagles,ARI,PHI,8-6,4-9-1,33,26,TRUE,Arizona Cardinals,8-6,home,ARI,6.5,49.5,-259,226,103,-114,1,nflreadr,Arizona Cardinals,8-6,Philadelphia Eagles,4-9-1,0.781,0.781,0.501,0.562874251497006,0.437125748502994,204,204,1,1,165,4012203394208,420800,NA,NA,NA,NA,NA,NA,NA,NA,NA,NA,FALSE,0,0,FALSE,0,0,FALSE
nfl,2020,401220325,2020-12-20T21:25Z,New Orleans Saints,Kansas City Chiefs,NO,KC,10-4,13-1,29,32,FALSE,Kansas City Chiefs,13-1,away,KC,2.5,53.5,124,-137,102,-113,1,nflreadr,Kansas City Chiefs,13-1,New Orleans Saints,10-4,0.461,0.5389999999999999,0.566,0.2332155477031801,0.7667844522968199,193,193,1,1,14,401220325325,32500,NA,NA,NA,NA,NA,NA,NA,NA,NA,NA,FALSE,0,0,FALSE,0,0,FALSE
nfl,2020,401220255,2020-12-21T01:20Z,New York Giants,Cleveland Browns,NYG,CLE,5-9,10-4,6,20,FALSE,Cleveland Browns,10-4,NA,NA,NA,NA,NA,NA,NA,NA,NA,NA,Cleveland Browns,10-4,New York Giants,5-9,0.418,0.5820000000000001,0.533,0.21575984990619157,0.7842401500938084,149,149,1,1,7,401220255147,14700,NA,NA,NA,NA,NA,NA,NA,NA,NA,NA,FALSE,0,0,FALSE,0,0,FALSE
nfl,2020,401220156,2020-12-22T01:15Z,Cincinnati Bengals,Pittsburgh Steelers,CIN,PIT,3-10-1,11-3,27,17,TRUE,Pittsburgh Steelers,11-3,NA,NA,NA,NA,NA,NA,NA,NA,NA,NA,Cincinnati Bengals,3-10-1,Pittsburgh Steelers,11-3,0.199,0.8009999999999999,0.838,0.8066825775656323,0.19331742243436767,166,166,1,1,9,401220156190,19000,NA,NA,NA,NA,NA,NA,NA,NA,NA,NA,FALSE,0,0,FALSE,0,0,FALSE
nfl,2020,401220324,2020-12-25T21:30Z,New Orleans Saints,Minnesota Vikings,NO,MIN,11-4,6-9,52,33,TRUE,New Orleans Saints,11-4,home,NO,6.5,49,-302,260,-102,-109,1,nflreadr,New Orleans Saints,11-4,Minnesota Vikings,6-9,0.727,0.727,0.32499999999999996,0.1599999999999998,0.8400000000000002,176,176,1,1,75,4012203241846,184600,NA,NA,NA,NA,NA,NA,NA,NA,NA,NA,FALSE,0,0,FALSE,0,0,FALSE
nfl,2020,401220286,2020-12-26T18:00Z,Detroit Lions,Tampa Bay Buccaneers,DET,TB,5-10,10-5,7,47,FALSE,Tampa Bay Buccaneers,10-5,away,TB,12,55,455,-591,-111,101,1,nflreadr,Tampa Bay Buccaneers,10-5,Detroit Lions,5-10,0.216,0.784,0.25,0.13600000000000012,0.8639999999999999,170,170,1,1,4,40122028684,8400,NA,NA,NA,NA,NA,NA,NA,NA,NA,NA,FALSE,0,0,FALSE,0,0,FALSE
nfl,2020,401220337,2020-12-26T21:30Z,Arizona Cardinals,San Francisco 49ers,ARI,SF,8-7,6-9,12,20,FALSE,Arizona Cardinals,8-7,home,ARI,6,49,-280,242,-102,-108,1,nflreadr,San Francisco 49ers,6-9,Arizona Cardinals,8-7,0.593,0.593,0.733,0.635743519781719,0.36425648021828105,190,190,1,1,20,401220337465,46500,NA,NA,NA,NA,NA,NA,NA,NA,NA,NA,FALSE,0,0,FALSE,0,0,FALSE
nfl,2020,401220230,2020-12-27T01:15Z,Las Vegas Raiders,Miami Dolphins,LV,MIA,7-8,10-5,25,26,FALSE,Las Vegas Raiders,7-8,NA,NA,NA,NA,NA,NA,NA,NA,NA,NA,Miami Dolphins,10-5,Las Vegas Raiders,7-8,0.559,0.559,0.999,0.9989989989989989,0.0010010010010010895,176,176,1,2,170,4012202303811,381200,NA,NA,NA,NA,NA,NA,NA,NA,NA,NA,FALSE,0,0,FALSE,0,0,FALSE
nfl,2020,401220223,2020-12-27T18:00Z,Kansas City Chiefs,Atlanta Falcons,KC,ATL,14-1,4-11,17,14,TRUE,Kansas City Chiefs,14-1,home,KC,11,54,-508,409,-100,-110,1,nflreadr,Kansas City Chiefs,14-1,Atlanta Falcons,4-11,0.796,0.796,0.865,0.8439306358381502,0.1560693641618498,167,167,1,1,150,4012202233654,365400,NA,NA,NA,NA,NA,NA,NA,NA,NA,NA,FALSE,0,0,FALSE,0,0,FALSE
nfl,2020,401220145,2020-12-27T18:00Z,New York Jets,Cleveland Browns,NYJ,CLE,2-13,10-5,23,16,TRUE,Cleveland Browns,10-5,away,CLE,6.5,45,260,-303,103,-114,1,nflreadr,New York Jets,2-13,Cleveland Browns,10-5,0.283,0.7170000000000001,0.771,0.7029831387808041,0.2970168612191959,192,192,1,1,14,401220145327,32700,NA,NA,NA,NA,NA,NA,NA,NA,NA,NA,FALSE,0,0,FALSE,0,0,FALSE
nfl,2020,401220174,2020-12-27T18:00Z,Pittsburgh Steelers,Indianapolis Colts,PIT,IND,12-3,10-5,28,24,TRUE,Pittsburgh Steelers,12-3,away,IND,1,43,-104,-106,-111,100,1,nflreadr,Pittsburgh Steelers,12-3,Indianapolis Colts,10-5,0.62,0.62,0.979,0.9785495403472932,0.021450459652706755,175,175,1,1,95,4012201742319,231900,NA,NA,NA,NA,NA,NA,NA,NA,NA,NA,FALSE,0,0,FALSE,0,0,FALSE
nfl,2020,401220199,2020-12-27T18:00Z,Jacksonville Jaguars,Chicago Bears,JAX,CHI,1-14,8-7,17,41,FALSE,Chicago Bears,8-7,away,CHI,9.5,47,370,-452,-103,-108,1,nflreadr,Chicago Bears,8-7,Jacksonville Jaguars,1-14,0.283,0.7170000000000001,0.466,0.39270386266094437,0.6072961373390556,166,166,1,1,57,4012201991306,130600,NA,NA,NA,NA,NA,NA,NA,NA,NA,NA,FALSE,0,0,FALSE,0,0,FALSE
nfl,2020,401220152,2020-12-27T18:00Z,Baltimore Ravens,New York Giants,BAL,NYG,10-5,5-10,27,13,TRUE,Baltimore Ravens,10-5,home,BAL,10,43.5,-420,348,105,-116,1,nflreadr,Baltimore Ravens,10-5,New York Giants,5-10,0.802,0.802,0.20199999999999996,0.01980198019801982,0.9801980198019802,171,171,1,1,3,40122015262,6200,NA,NA,NA,NA,NA,NA,NA,NA,NA,NA,FALSE,0,0,FALSE,0,0,FALSE
nfl,2020,401220182,2020-12-27T18:00Z,Houston Texans,Cincinnati Bengals,HOU,CIN,4-11,4-10-1,31,37,FALSE,Houston Texans,4-11,home,HOU,7.5,46,-324,276,102,-113,1,nflreadr,Cincinnati Bengals,4-10-1,Houston Texans,4-11,0.632,0.632,0.789,0.7325728770595692,0.2674271229404308,167,167,1,1,138,4012201823275,327500,NA,NA,NA,NA,NA,NA,NA,NA,NA,NA,FALSE,0,0,FALSE,0,0,FALSE
nfl,2020,401220234,2020-12-27T21:05Z,Los Angeles Chargers,Denver Broncos,LAC,DEN,6-9,5-10,19,16,TRUE,Los Angeles Chargers,6-9,home,LAC,2.5,47.5,-125,113,100,-111,1,nflreadr,Los Angeles Chargers,6-9,Denver Broncos,5-10,0.546,0.546,0.509,0.10805500982318283,0.8919449901768172,180,180,1,1,20,401220234453,45300,NA,NA,NA,NA,NA,NA,NA,NA,NA,NA,FALSE,0,0,FALSE,0,0,FALSE
nfl,2020,401220273,2020-12-27T21:05Z,Washington,Carolina Panthers,WSH,CAR,6-9,5-10,13,20,FALSE,Washington,6-9,NA,NA,NA,NA,NA,NA,NA,NA,NA,NA,Carolina Panthers,5-10,Washington,6-9,0.505,0.505,0.583,0.2847341337907374,0.7152658662092626,171,171,1,1,18,401220273422,42200,NA,NA,NA,NA,NA,NA,NA,NA,NA,NA,FALSE,0,0,FALSE,0,0,FALSE
nfl,2020,401220243,2020-12-27T21:25Z,Dallas Cowboys,Philadelphia Eagles,DAL,PHI,6-9,4-10-1,37,17,TRUE,Dallas Cowboys,6-9,away,PHI,3,50,149,-166,104,-115,1,nflreadr,Dallas Cowboys,6-9,Philadelphia Eagles,4-10-1,0.519,0.519,0.791,0.7357774968394437,0.2642225031605563,194,194,1,1,28,401220243712,71200,NA,NA,NA,NA,NA,NA,NA,NA,NA,NA,FALSE,0,0,FALSE,0,0,FALSE
nfl,2020,401220362,2020-12-27T21:25Z,Seattle Seahawks,Los Angeles Rams,SEA,LAR,11-4,9-6,20,9,TRUE,Los Angeles Rams,9-6,NA,NA,NA,NA,NA,NA,NA,NA,NA,NA,Seattle Seahawks,11-4,Los Angeles Rams,9-6,0.499,0.501,0.687,0.5443959243085881,0.4556040756914119,182,182,1,1,76,4012203621842,184200,NA,NA,NA,NA,NA,NA,NA,NA,NA,NA,FALSE,0,0,FALSE,0,0,FALSE
nfl,2020,401220296,2020-12-28T01:20Z,Green Bay Packers,Tennessee Titans,GB,TEN,12-3,10-5,40,14,TRUE,Green Bay Packers,12-3,NA,NA,NA,NA,NA,NA,NA,NA,NA,NA,Green Bay Packers,12-3,Tennessee Titans,10-5,0.625,0.625,0.375,0,1,147,147,1,1,1,4012202961,100,NA,NA,NA,NA,NA,NA,NA,NA,NA,NA,FALSE,0,0,FALSE,0,0,FALSE
nfl,2020,401220130,2020-12-29T01:15Z,New England Patriots,Buffalo Bills,NE,BUF,6-9,12-3,9,38,FALSE,Buffalo Bills,12-3,NA,NA,NA,NA,NA,NA,NA,NA,NA,NA,Buffalo Bills,12-3,New England Patriots,6-9,0.413,0.587,0.48,0.13958333333333328,0.8604166666666667,156,156,1,1,6,401220130126,12600,NA,NA,NA,NA,NA,NA,NA,NA,NA,NA,FALSE,0,0,FALSE,0,0,FALSE
nfl,2020,401220114,2021-01-03T18:00Z,Buffalo Bills,Miami Dolphins,BUF,MIA,13-3,10-6,56,26,TRUE,Buffalo Bills,13-3,away,MIA,3.5,42.5,138,-153,-125,113,1,nflreadr,Buffalo Bills,13-3,Miami Dolphins,10-6,0.698,0.698,0.5329999999999999,0.43339587242026245,0.5666041275797375,187,187,1,1,28,401220114675,67500,NA,NA,NA,NA,NA,NA,NA,NA,NA,NA,FALSE,0,0,FALSE,0,0,FALSE
nfl,2020,401220154,2021-01-03T18:00Z,Cincinnati Bengals,Baltimore Ravens,CIN,BAL,4-11-1,11-5,3,38,FALSE,Baltimore Ravens,11-5,away,BAL,13.5,46,597,-799,-117,106,1,nflreadr,Baltimore Ravens,11-5,Cincinnati Bengals,4-11-1,0.258,0.742,0.288,0.10416666666666663,0.8958333333333334,148,148,1,1,26,401220154633,63300,NA,NA,NA,NA,NA,NA,NA,NA,NA,NA,FALSE,0,0,FALSE,0,0,FALSE
nfl,2020,401220164,2021-01-03T18:00Z,Cleveland Browns,Pittsburgh Steelers,CLE,PIT,11-5,12-4,24,22,TRUE,Pittsburgh Steelers,12-4,home,CLE,10.5,45,-460,376,100,-111,1,nflreadr,Cleveland Browns,11-5,Pittsburgh Steelers,12-4,0.444,0.556,0.606,0.34983498349834985,0.6501650165016502,181,181,1,1,14,401220164291,29100,NA,NA,NA,NA,NA,NA,NA,NA,NA,NA,FALSE,0,0,FALSE,0,0,FALSE
nfl,2020,401220284,2021-01-03T18:00Z,Detroit Lions,Minnesota Vikings,DET,MIN,5-11,7-9,35,37,FALSE,Minnesota Vikings,7-9,away,MIN,3,54,145,-161,-100,-110,1,nflreadr,Minnesota Vikings,7-9,Detroit Lions,5-11,0.316,0.6839999999999999,0.62,0.4903225806451612,0.5096774193548388,175,175,1,1,79,4012202841886,188600,NA,NA,NA,NA,NA,NA,NA,NA,NA,NA,FALSE,0,0,FALSE,0,0,FALSE
nfl,2020,401220132,2021-01-03T18:00Z,New England Patriots,New York Jets,NE,NYJ,7-9,2-14,28,14,TRUE,New England Patriots,7-9,home,NE,3,41,-161,145,-110,-101,1,nflreadr,New England Patriots,7-9,New York Jets,2-14,0.732,0.732,0.712,0.6235955056179775,0.3764044943820225,161,161,1,1,97,4012201322438,243800,NA,NA,NA,NA,NA,NA,NA,NA,NA,NA,FALSE,0,0,FALSE,0,0,FALSE
nfl,2020,401220250,2021-01-03T18:00Z,New York Giants,Dallas Cowboys,NYG,DAL,6-10,6-10,23,19,TRUE,New York Giants,6-10,away,DAL,1.5,44.5,109,-121,-104,-106,1,nflreadr,New York Giants,6-10,Dallas Cowboys,6-10,0.597,0.597,0.626,0.4025559105431309,0.5974440894568691,186,186,1,1,172,4012202504139,413900,NA,NA,NA,NA,NA,NA,NA,NA,NA,NA,FALSE,0,0,FALSE,0,0,FALSE
nfl,2020,401220328,2021-01-03T18:00Z,Tampa Bay Buccaneers,Atlanta Falcons,TB,ATL,11-5,4-12,44,27,TRUE,Tampa Bay Buccaneers,11-5,home,TB,7.5,51,-323,276,111,-123,1,nflreadr,Tampa Bay Buccaneers,11-5,Atlanta Falcons,4-12,0.744,0.744,0.397,0.35516372795969775,0.6448362720403022,173,173,1,1,119,4012203282938,293800,NA,NA,NA,NA,NA,NA,NA,NA,NA,NA,FALSE,0,0,FALSE,0,0,FALSE
nfl,2020,401220275,2021-01-03T21:25Z,Chicago Bears,Green Bay Packers,CHI,GB,8-8,13-3,16,35,FALSE,Green Bay Packers,13-3,away,GB,4.5,48.5,184,-207,-107,-103,1,nflreadr,Green Bay Packers,13-3,Chicago Bears,8-8,0.34,0.6599999999999999,0.603,0.4361525704809286,0.5638474295190714,159,159,1,1,26,401220275663,66300,NA,NA,NA,NA,NA,NA,NA,NA,NA,NA,FALSE,0,0,FALSE,0,0,FALSE
nfl,2020,401220211,2021-01-03T21:25Z,Denver Broncos,Las Vegas Raiders,DEN,LV,5-11,8-8,31,32,FALSE,Las Vegas Raiders,8-8,away,LV,2.5,50.5,130,-144,104,-115,1,nflreadr,Las Vegas Raiders,8-8,Denver Broncos,5-11,0.464,0.536,0.955,0.9528795811518325,0.047120418848167533,198,198,1,1,176,4012202114200,420000,NA,NA,NA,NA,NA,NA,NA,NA,NA,NA,FALSE,0,0,FALSE,0,0,FALSE
nfl,2020,401220187,2021-01-03T21:25Z,Indianapolis Colts,Jacksonville Jaguars,IND,JAX,11-5,1-15,28,14,TRUE,Indianapolis Colts,11-5,home,IND,15.5,48,-1350,906,-115,104,1,nflreadr,Indianapolis Colts,11-5,Jacksonville Jaguars,1-15,0.854,0.854,0.246,0.4065040650406503,0.5934959349593497,167,167,1,1,133,4012201873151,315100,NA,NA,NA,NA,NA,NA,NA,NA,NA,NA,FALSE,0,0,FALSE,0,0,FALSE
nfl,2020,401220220,2021-01-03T21:25Z,Kansas City Chiefs,Los Angeles Chargers,KC,LAC,14-2,7-9,21,38,FALSE,Kansas City Chiefs,14-2,away,LAC,7,43,244,-282,-117,106,1,nflreadr,Los Angeles Chargers,7-9,Kansas City Chiefs,14-2,0.657,0.657,0.823,0.7849331713244228,0.21506682867557725,148,148,1,1,44,4012202201068,106800,NA,NA,NA,NA,NA,NA,NA,NA,NA,NA,FALSE,0,0,FALSE,0,0,FALSE
nfl,2020,401220344,2021-01-03T21:25Z,Los Angeles Rams,Arizona Cardinals,LAR,ARI,10-6,8-8,18,7,TRUE,Los Angeles Rams,10-6,NA,NA,NA,NA,NA,NA,NA,NA,NA,NA,Los Angeles Rams,10-6,Arizona Cardinals,8-8,0.557,0.557,0.729,0.6282578875171467,0.37174211248285327,170,170,1,1,17,401220344383,38300,NA,NA,NA,NA,NA,NA,NA,NA,NA,NA,FALSE,0,0,FALSE,0,0,FALSE
nfl,2020,401220354,2021-01-03T21:25Z,San Francisco 49ers,Seattle Seahawks,SF,SEA,6-10,12-4,23,26,FALSE,Seattle Seahawks,12-4,away,SEA,7,45,266,-310,-112,101,1,nflreadr,Seattle Seahawks,12-4,San Francisco 49ers,6-10,0.397,0.603,0.888,0.8738738738738738,0.12612612612612617,186,186,1,1,127,4012203542791,279100,NA,NA,NA,NA,NA,NA,NA,NA,NA,NA,FALSE,0,0,FALSE,0,0,FALSE
nfl,2020,401220315,2021-01-03T21:25Z,Carolina Panthers,New Orleans Saints,CAR,NO,5-11,12-4,7,33,FALSE,New Orleans Saints,12-4,away,NO,6,47,219,-250,-110,100,1,nflreadr,New Orleans Saints,12-4,Carolina Panthers,5-11,0.271,0.729,0.426,0.3638497652582159,0.6361502347417841,158,158,1,1,49,4012203151176,117600,NA,NA,NA,NA,NA,NA,NA,NA,NA,NA,FALSE,0,0,FALSE,0,0,FALSE
nfl,2020,401220180,2021-01-03T21:25Z,Houston Texans,Tennessee Titans,HOU,TEN,4-12,11-5,38,41,FALSE,Tennessee Titans,11-5,away,TEN,7,55.5,259,-301,-111,101,1,nflreadr,Tennessee Titans,11-5,Houston Texans,4-12,0.417,0.583,0.86,0.8372093023255813,0.16279069767441867,177,177,1,1,158,4012201803719,371900,NA,NA,NA,NA,NA,NA,NA,NA,NA,NA,FALSE,0,0,FALSE,0,0,FALSE
nfl,2020,401220260,2021-01-04T01:20Z,Philadelphia Eagles,Washington,PHI,WSH,4-11-1,7-9,14,20,FALSE,Washington,7-9,NA,NA,NA,NA,NA,NA,NA,NA,NA,NA,Washington,7-9,Philadelphia Eagles,4-11-1,0.395,0.605,0.684,0.5380116959064329,0.46198830409356706,170,170,1,1,62,4012202601494,149400,NA,NA,NA,NA,NA,NA,NA,NA,NA,NA,FALSE,0,0,FALSE,0,0,FALSE
nfl,2021,401326322,2021-09-10T00:20Z,Tampa Bay Buccaneers,Dallas Cowboys,TB,DAL,1-0,0-1,31,29,TRUE,Tampa Bay Buccaneers,1-0,NA,NA,NA,NA,NA,NA,NA,NA,NA,NA,Tampa Bay Buccaneers,1-0,Dallas Cowboys,0-1,0.7008,0.7008,0.8342,0.8012467034284345,0.19875329657156549,196,196,1,1,184,4013263224607,460700,NA,NA,NA,NA,NA,NA,NA,NA,NA,NA,FALSE,0,0,FALSE,0,0,FALSE
nfl,2021,401326315,2021-09-12T17:00Z,Atlanta Falcons,Philadelphia Eagles,ATL,PHI,0-1,1-0,6,32,FALSE,Atlanta Falcons,0-1,home,ATL,3.5,49,-180,161,-101,-109,1,nflreadr,Philadelphia Eagles,1-0,Atlanta Falcons,0-1,0.6336,0.6336,0.7227,0.6162999861629999,0.38370001383700014,187,187,1,1,11,401326315255,25500,NA,NA,NA,NA,NA,NA,NA,NA,NA,NA,FALSE,0,0,FALSE,0,0,FALSE
nfl,2021,401326308,2021-09-12T17:00Z,Buffalo Bills,Pittsburgh Steelers,BUF,PIT,0-1,1-0,16,23,FALSE,Buffalo Bills,0-1,home,BUF,6.5,48,-267,232,-100,-110,1,nflreadr,Pittsburgh Steelers,1-0,Buffalo Bills,0-1,0.68,0.68,0.8937,0.8810562828689719,0.11894371713102814,185,185,1,1,89,4013263082126,212600,NA,NA,NA,NA,NA,NA,NA,NA,NA,NA,FALSE,0,0,FALSE,0,0,FALSE
nfl,2021,401326316,2021-09-12T17:00Z,Cincinnati Bengals,Minnesota Vikings,CIN,MIN,1-0,0-1,27,24,TRUE,Minnesota Vikings,0-1,away,MIN,3,47,122,-135,-120,109,1,nflreadr,Cincinnati Bengals,1-0,Minnesota Vikings,0-1,0.4704,0.5296000000000001,0.7962,0.7440341622707862,0.2559658377292138,208,208,1,2,196,4013263164682,468200,NA,NA,NA,NA,NA,NA,NA,NA,NA,NA,FALSE,0,0,FALSE,0,0,FALSE
nfl,2021,401326317,2021-09-12T17:00Z,Detroit Lions,San Francisco 49ers,DET,SF,0-1,1-0,33,41,FALSE,San Francisco 49ers,1-0,away,SF,9.5,46,344,-415,-105,-105,1,nflreadr,San Francisco 49ers,1-0,Detroit Lions,0-1,0.3833,0.6167,0.4609,0.16836623996528532,0.8316337600347147,185,185,1,1,11,401326317261,26100,NA,NA,NA,NA,NA,NA,NA,NA,NA,NA,FALSE,0,0,FALSE,0,0,FALSE
nfl,2021,401326311,2021-09-12T17:00Z,Tennessee Titans,Arizona Cardinals,TEN,ARI,0-1,1-0,13,38,FALSE,Tennessee Titans,0-1,home,TEN,2.5,54,-146,131,-116,105,1,nflreadr,Arizona Cardinals,1-0,Tennessee Titans,0-1,0.6372,0.6372,0.6372,0.4306340238543629,0.5693659761456371,174,174,1,1,1,4013263111,100,NA,NA,NA,NA,NA,NA,NA,NA,NA,NA,FALSE,0,0,FALSE,0,0,FALSE
nfl,2021,401326318,2021-09-12T17:00Z,Indianapolis Colts,Seattle Seahawks,IND,SEA,0-1,1-0,16,28,FALSE,Indianapolis Colts,0-1,away,SEA,3,49,132,-146,-117,106,1,nflreadr,Seattle Seahawks,1-0,Indianapolis Colts,0-1,0.5287,0.5287,0.6212,0.39021249195106233,0.6097875080489377,163,163,1,1,14,401326318311,31100,NA,NA,NA,NA,NA,NA,NA,NA,NA,NA,FALSE,0,0,FALSE,0,0,FALSE
nfl,2021,401326312,2021-09-12T17:00Z,Washington,Los Angeles Chargers,WSH,LAC,0-1,1-0,16,20,FALSE,Washington,0-1,NA,NA,NA,NA,NA,NA,NA,NA,NA,NA,Los Angeles Chargers,1-0,Washington,0-1,0.5946,0.5946,0.7754,0.7103430487490328,0.28965695125096724,175,175,1,1,126,4013263123166,316600,NA,NA,NA,NA,NA,NA,NA,NA,NA,NA,FALSE,0,0,FALSE,0,0,FALSE
nfl,2021,401326309,2021-09-12T17:00Z,Carolina Panthers,New York Jets,CAR,NYJ,1-0,0-1,19,14,TRUE,Carolina Panthers,1-0,home,CAR,3.5,44.5,-184,164,-102,-108,1,nflreadr,Carolina Panthers,1-0,New York Jets,0-1,0.6588,0.6588,0.4147,0.1772365565469015,0.8227634434530985,170,170,1,1,49,4013263091241,124100,NA,NA,NA,NA,NA,NA,NA,NA,NA,NA,FALSE,0,0,FALSE,0,0,FALSE
nfl,2021,401326310,2021-09-12T17:00Z,Houston Texans,Jacksonville Jaguars,HOU,JAX,1-0,0-1,37,21,TRUE,Jacksonville Jaguars,0-1,away,JAX,3.5,45.5,154,-172,-113,103,1,nflreadr,Houston Texans,1-0,Jacksonville Jaguars,0-1,0.479,0.521,0.5634,0.22506212282570104,0.774937877174299,198,198,1,1,4,40132631078,7800,NA,NA,NA,NA,NA,NA,NA,NA,NA,NA,FALSE,0,0,FALSE,0,0,FALSE
nfl,2021,401326314,2021-09-12T20:25Z,Kansas City Chiefs,Cleveland Browns,KC,CLE,1-0,0-1,33,29,TRUE,Kansas City Chiefs,1-0,home,KC,5.5,54.5,-241,211,-110,-101,1,nflreadr,Kansas City Chiefs,1-0,Cleveland Browns,0-1,0.6777,0.6777,0.8685,0.8485895221646518,0.15141047783534822,157,157,1,1,123,4013263143040,304000,NA,NA,NA,NA,NA,NA,NA,NA,NA,NA,FALSE,0,0,FALSE,0,0,FALSE
nfl,2021,401326313,2021-09-12T20:25Z,New England Patriots,Miami Dolphins,NE,MIA,0-1,1-0,16,17,FALSE,New England Patriots,0-1,home,NE,3.5,43.5,-173,155,102,-113,1,nflreadr,Miami Dolphins,1-0,New England Patriots,0-1,0.6009,0.6009,0.7073,0.5861727696875443,0.4138272303124557,161,161,1,1,146,4013263133610,361000,NA,NA,NA,NA,NA,NA,NA,NA,NA,NA,FALSE,0,0,FALSE,0,0,FALSE
nfl,2021,401326319,2021-09-12T20:25Z,New Orleans Saints,Green Bay Packers,NO,GB,1-0,0-1,38,3,TRUE,Green Bay Packers,0-1,away,GB,4,49,162,-181,-114,103,1,nflreadr,New Orleans Saints,1-0,Green Bay Packers,0-1,0.447,0.5529999999999999,0.5718,0.2511367611052815,0.7488632388947185,151,151,1,1,3,40132631955,5500,NA,NA,NA,NA,NA,NA,NA,NA,NA,NA,FALSE,0,0,FALSE,0,0,FALSE
nfl,2021,401326320,2021-09-12T20:25Z,New York Giants,Denver Broncos,NYG,DEN,0-1,1-0,13,27,FALSE,New York Giants,0-1,away,DEN,3,41.5,125,-139,-120,109,1,nflreadr,Denver Broncos,1-0,New York Giants,0-1,0.5318,0.5318,0.6831,0.5360854926072318,0.4639145073927682,155,155,1,1,61,4013263201478,147800,NA,NA,NA,NA,NA,NA,NA,NA,NA,NA,FALSE,0,0,FALSE,0,0,FALSE
nfl,2021,401326323,2021-09-13T00:20Z,Los Angeles Rams,Chicago Bears,LAR,CHI,1-0,0-1,34,14,TRUE,Los Angeles Rams,1-0,NA,NA,NA,NA,NA,NA,NA,NA,NA,NA,Los Angeles Rams,1-0,Chicago Bears,0-1,0.7129,0.7129,0.3902,0.26422347514095323,0.7357765248590468,149,149,1,1,6,401326323140,14000,NA,NA,NA,NA,NA,NA,NA,NA,NA,NA,FALSE,0,0,FALSE,0,0,FALSE
nfl,2021,401326321,2021-09-14T00:15Z,Las Vegas Raiders,Baltimore Ravens,LV,BAL,1-0,0-1,33,27,TRUE,Baltimore Ravens,0-1,NA,NA,NA,NA,NA,NA,NA,NA,NA,NA,Las Vegas Raiders,1-0,Baltimore Ravens,0-1,0.4267,0.5732999999999999,0.9425,0.9389920424403182,0.0610079575596818,207,207,1,1,175,4013263214132,413300,NA,NA,NA,NA,NA,NA,NA,NA,NA,NA,FALSE,0,0,FALSE,0,0,FALSE
nfl,2021,401326127,2021-09-17T00:20Z,Washington,New York Giants,WSH,NYG,1-1,0-2,30,29,TRUE,Washington,1-1,NA,NA,NA,NA,NA,NA,NA,NA,NA,NA,Washington,1-1,New York Giants,0-2,0.5617,0.5617,0.9028,0.8923349579087285,0.10766504209127148,196,196,1,1,178,4013261274224,422400,NA,NA,NA,NA,NA,NA,NA,NA,NA,NA,FALSE,0,0,FALSE,0,0,FALSE
nfl,2021,401326129,2021-09-19T17:00Z,Chicago Bears,Cincinnati Bengals,CHI,CIN,1-1,1-1,20,17,TRUE,Chicago Bears,1-1,home,CHI,2,44.5,-126,114,-105,-105,1,nflreadr,Chicago Bears,1-1,Cincinnati Bengals,1-1,0.5444,0.5444,0.4815,0.05379023883696776,0.9462097611630322,168,168,1,1,4,40132612981,8100,NA,NA,NA,NA,NA,NA,NA,NA,NA,NA,FALSE,0,0,FALSE,0,0,FALSE
nfl,2021,401326130,2021-09-19T17:00Z,Cleveland Browns,Houston Texans,CLE,HOU,1-1,1-1,31,21,TRUE,Cleveland Browns,1-1,home,CLE,13.5,48.5,-675,521,-107,-103,1,nflreadr,Cleveland Browns,1-1,Houston Texans,1-1,0.798,0.798,0.5808,0.6522038567493114,0.34779614325068864,155,155,1,1,56,4013261301460,146000,NA,NA,NA,NA,NA,NA,NA,NA,NA,NA,FALSE,0,0,FALSE,0,0,FALSE
nfl,2021,401326131,2021-09-19T17:00Z,Indianapolis Colts,Los Angeles Rams,IND,LAR,0-2,2-0,24,27,FALSE,Los Angeles Rams,2-0,NA,NA,NA,NA,NA,NA,NA,NA,NA,NA,Los Angeles Rams,2-0,Indianapolis Colts,0-2,0.4421,0.5579000000000001,0.767,0.6962190352020861,0.30378096479791394,163,163,1,1,121,4013261312779,277900,NA,NA,NA,NA,NA,NA,NA,NA,NA,NA,FALSE,0,0,FALSE,0,0,FALSE
nfl,2021,401326353,2021-09-19T17:00Z,Miami Dolphins,Buffalo Bills,MIA,BUF,1-1,1-1,0,35,FALSE,Buffalo Bills,1-1,away,BUF,3.5,48,160,-179,-113,103,1,nflreadr,Buffalo Bills,1-1,Miami Dolphins,1-1,0.4957,0.5043,0.4957,0,1,175,175,1,1,1,4013263531,100,NA,NA,NA,NA,NA,NA,NA,NA,NA,NA,FALSE,0,0,FALSE,0,0,FALSE
nfl,2021,401326354,2021-09-19T17:00Z,New York Jets,New England Patriots,NYJ,NE,0-2,1-1,6,25,FALSE,New England Patriots,1-1,away,NE,5.5,43,207,-235,-105,-105,1,nflreadr,New England Patriots,1-1,New York Jets,0-2,0.3484,0.6516,0.4141,0.15865732914754882,0.8413426708524512,169,169,1,1,15,401326354342,34200,NA,NA,NA,NA,NA,NA,NA,NA,NA,NA,FALSE,0,0,FALSE,0,0,FALSE
nfl,2021,401326355,2021-09-19T17:00Z,Philadelphia Eagles,San Francisco 49ers,PHI,SF,1-1,2-0,11,17,FALSE,San Francisco 49ers,2-0,away,SF,3,49,130,-144,-115,104,1,nflreadr,San Francisco 49ers,2-0,Philadelphia Eagles,1-1,0.47,0.53,0.7468,0.6609534011783611,0.3390465988216389,161,161,1,1,61,4013263551507,150700,NA,NA,NA,NA,NA,NA,NA,NA,NA,NA,FALSE,0,0,FALSE,0,0,FALSE
nfl,2021,401326356,2021-09-19T17:00Z,Pittsburgh Steelers,Las Vegas Raiders,PIT,LV,1-1,2-0,17,26,FALSE,Pittsburgh Steelers,1-1,home,PIT,5.5,46.5,-228,201,-102,-109,1,nflreadr,Las Vegas Raiders,2-0,Pittsburgh Steelers,1-1,0.6482,0.6482,0.6633,0.4923865520880446,0.5076134479119554,166,166,1,1,5,401326356107,10700,NA,NA,NA,NA,NA,NA,NA,NA,NA,NA,FALSE,0,0,FALSE,0,0,FALSE
nfl,2021,401326128,2021-09-19T17:00Z,Carolina Panthers,New Orleans Saints,CAR,NO,2-0,1-1,26,7,TRUE,New Orleans Saints,1-1,away,NO,3,45,131,-145,-113,102,1,nflreadr,Carolina Panthers,2-0,New Orleans Saints,1-1,0.3967,0.6033,0.6812,0.532002348796242,0.467997651203758,164,164,1,1,3,40132612855,5500,NA,NA,NA,NA,NA,NA,NA,NA,NA,NA,FALSE,0,0,FALSE,0,0,FALSE
nfl,2021,401326132,2021-09-19T17:00Z,Jacksonville Jaguars,Denver Broncos,JAX,DEN,0-2,2-0,13,23,FALSE,Denver Broncos,2-0,away,DEN,6,45,211,-241,-115,104,1,nflreadr,Denver Broncos,2-0,Jacksonville Jaguars,0-2,0.3694,0.6306,0.6309,0.41496275162466323,0.5850372483753368,170,170,1,1,60,4013261321379,137900,NA,NA,NA,NA,NA,NA,NA,NA,NA,NA,FALSE,0,0,FALSE,0,0,FALSE
nfl,2021,401326357,2021-09-19T20:05Z,Arizona Cardinals,Minnesota Vikings,ARI,MIN,2-0,0-2,34,33,TRUE,Arizona Cardinals,2-0,home,ARI,4,51,-191,170,101,-111,1,nflreadr,Arizona Cardinals,2-0,Minnesota Vikings,0-2,0.6145,0.6145,0.8477,0.8203373835083165,0.17966261649168347,183,183,1,1,181,4013263574258,425800,NA,NA,NA,NA,NA,NA,NA,NA,NA,NA,FALSE,0,0,FALSE,0,0,FALSE
nfl,2021,401326358,2021-09-19T20:05Z,Tampa Bay Buccaneers,Atlanta Falcons,TB,ATL,2-0,0-2,48,25,TRUE,Tampa Bay Buccaneers,2-0,home,TB,13.5,52,-772,582,-102,-108,1,nflreadr,Tampa Bay Buccaneers,2-0,Atlanta Falcons,0-2,0.7859,0.7859,0.3284,0.348051157125457,0.651948842874543,172,172,1,1,136,4013263583365,336500,NA,NA,NA,NA,NA,NA,NA,NA,NA,NA,FALSE,0,0,FALSE,0,0,FALSE
nfl,2021,401326359,2021-09-19T20:25Z,Los Angeles Chargers,Dallas Cowboys,LAC,DAL,1-1,1-1,17,20,FALSE,Los Angeles Chargers,1-1,home,LAC,3,55,-150,135,-101,-109,1,nflreadr,Dallas Cowboys,1-1,Los Angeles Chargers,1-1,0.5034,0.5034,0.6716,0.5110184633710542,0.48898153662894583,169,169,1,1,126,4013263593136,313600,NA,NA,NA,NA,NA,NA,NA,NA,NA,NA,FALSE,0,0,FALSE,0,0,FALSE
nfl,2021,401326360,2021-09-19T20:25Z,Seattle Seahawks,Tennessee Titans,SEA,TEN,1-1,1-1,30,33,FALSE,Seattle Seahawks,1-1,home,SEA,6.5,53.5,-286,247,-110,-100,1,nflreadr,Tennessee Titans,1-1,Seattle Seahawks,1-1,0.7087,0.7087,0.9585,0.9567031820552947,0.0432968179447053,191,191,1,1,125,4013263603102,310200,NA,NA,NA,NA,NA,NA,NA,NA,NA,NA,FALSE,0,0,FALSE,0,0,FALSE
nfl,2021,401326361,2021-09-20T00:20Z,Baltimore Ravens,Kansas City Chiefs,BAL,KC,1-1,1-1,36,35,TRUE,Kansas City Chiefs,1-1,NA,NA,NA,NA,NA,NA,NA,NA,NA,NA,Baltimore Ravens,1-1,Kansas City Chiefs,1-1,0.4399,0.5601,0.9156,0.90782000873744,0.09217999126256005,159,159,1,1,111,4013263612830,283000,NA,NA,NA,NA,NA,NA,NA,NA,NA,NA,FALSE,0,0,FALSE,0,0,FALSE
nfl,2021,401326362,2021-09-21T00:15Z,Green Bay Packers,Detroit Lions,GB,DET,1-1,0-2,35,17,TRUE,Green Bay Packers,1-1,NA,NA,NA,NA,NA,NA,NA,NA,NA,NA,Green Bay Packers,1-1,Detroit Lions,0-2,0.6746,0.6746,0.6073999999999999,0.4642739545604214,0.5357260454395786,157,157,1,1,79,4013263621902,190200,NA,NA,NA,NA,NA,NA,NA,NA,NA,NA,FALSE,0,0,FALSE,0,0,FALSE
nfl,2021,401326363,2021-09-24T00:20Z,Houston Texans,Carolina Panthers,HOU,CAR,1-2,3-0,9,24,FALSE,Carolina Panthers,3-0,NA,NA,NA,NA,NA,NA,NA,NA,NA,NA,Carolina Panthers,3-0,Houston Texans,1-2,0.3745,0.6255,0.4969,0.24632722881867564,0.7536727711813244,166,166,1,1,13,401326363274,27400,NA,NA,NA,NA,NA,NA,NA,NA,NA,NA,FALSE,0,0,FALSE,0,0,FALSE
nfl,2021,401326364,2021-09-26T17:00Z,Buffalo Bills,Washington,BUF,WSH,2-1,1-2,43,21,TRUE,Buffalo Bills,2-1,NA,NA,NA,NA,NA,NA,NA,NA,NA,NA,Buffalo Bills,2-1,Washington,1-2,0.7171,0.7171,0.3246,0.1284658040665433,0.8715341959334567,168,168,1,1,5,401326364102,10200,NA,NA,NA,NA,NA,NA,NA,NA,NA,NA,FALSE,0,0,FALSE,0,0,FALSE
nfl,2021,401326365,2021-09-26T17:00Z,Cleveland Browns,Chicago Bears,CLE,CHI,2-1,1-2,26,6,TRUE,Cleveland Browns,2-1,home,CLE,7.5,45,-375,315,-108,-102,1,nflreadr,Cleveland Browns,2-1,Chicago Bears,1-2,0.7177,0.7177,0.4452,0.36590296495956875,0.6340970350404312,180,180,1,1,24,401326365530,53000,NA,NA,NA,NA,NA,NA,NA,NA,NA,NA,FALSE,0,0,FALSE,0,0,FALSE
nfl,2021,401326366,2021-09-26T17:00Z,Detroit Lions,Baltimore Ravens,DET,BAL,0-3,2-1,17,19,FALSE,Baltimore Ravens,2-1,away,BAL,7.5,51,292,-344,-110,-100,1,nflreadr,Baltimore Ravens,2-1,Detroit Lions,0-3,0.2848,0.7152000000000001,0.999,0.9989989989989989,0.0010010010010010895,163,163,1,2,157,4013263663967,396700,NA,NA,NA,NA,NA,NA,NA,NA,NA,NA,FALSE,0,0,FALSE,0,0,FALSE
nfl,2021,401326372,2021-09-26T17:00Z,Tennessee Titans,Indianapolis Colts,TEN,IND,2-1,0-3,25,16,TRUE,Tennessee Titans,2-1,home,TEN,4.5,47,-196,175,103,-113,1,nflreadr,Tennessee Titans,2-1,Indianapolis Colts,0-3,0.5587,0.5587,0.5384,0.18034918276374434,0.8196508172362557,163,163,1,1,12,401326372246,24600,NA,NA,NA,NA,NA,NA,NA,NA,NA,NA,FALSE,0,0,FALSE,0,0,FALSE
nfl,2021,401326368,2021-09-26T17:00Z,Kansas City Chiefs,Los Angeles Chargers,KC,LAC,1-2,2-1,24,30,FALSE,Kansas City Chiefs,1-2,home,KC,6.5,55,-273,237,-110,-100,1,nflreadr,Los Angeles Chargers,2-1,Kansas City Chiefs,1-2,0.7293,0.7293,0.7885,0.7317691819911223,0.2682308180088777,180,180,1,1,28,401326368697,69700,NA,NA,NA,NA,NA,NA,NA,NA,NA,NA,FALSE,0,0,FALSE,0,0,FALSE
nfl,2021,401326369,2021-09-26T17:00Z,New England Patriots,New Orleans Saints,NE,NO,1-2,2-1,13,28,FALSE,New England Patriots,1-2,home,NE,3,44,-144,130,106,-117,1,nflreadr,New Orleans Saints,2-1,New England Patriots,1-2,0.5862,0.5862,0.6858,0.5418489355497229,0.4581510644502771,178,178,1,1,4,40132636979,7900,NA,NA,NA,NA,NA,NA,NA,NA,NA,NA,FALSE,0,0,FALSE,0,0,FALSE
nfl,2021,401326370,2021-09-26T17:00Z,New York Giants,Atlanta Falcons,NYG,ATL,0-3,1-2,14,17,FALSE,New York Giants,0-3,home,NYG,3,48,-143,129,105,-115,1,nflreadr,Atlanta Falcons,1-2,New York Giants,0-3,0.6353,0.6353,0.8296,0.7945998071359692,0.20540019286403077,168,168,1,1,132,4013263703322,332200,NA,NA,NA,NA,NA,NA,NA,NA,NA,NA,FALSE,0,0,FALSE,0,0,FALSE
nfl,2021,401326371,2021-09-26T17:00Z,Pittsburgh Steelers,Cincinnati Bengals,PIT,CIN,1-2,2-1,10,24,FALSE,Pittsburgh Steelers,1-2,home,PIT,2.5,42.5,-140,126,-114,103,1,nflreadr,Cincinnati Bengals,2-1,Pittsburgh Steelers,1-2,0.6325,0.6325,0.6327,0.4194721036826301,0.5805278963173699,173,173,1,1,21,401326371533,53300,NA,NA,NA,NA,NA,NA,NA,NA,NA,NA,FALSE,0,0,FALSE,0,0,FALSE
nfl,2021,401326367,2021-09-26T17:00Z,Jacksonville Jaguars,Arizona Cardinals,JAX,ARI,0-3,3-0,19,31,FALSE,Arizona Cardinals,3-0,away,ARI,8,51.5,304,-360,-110,-101,1,nflreadr,Arizona Cardinals,3-0,Jacksonville Jaguars,0-3,0.3403,0.6597,0.7863,0.7282207808724406,0.2717792191275594,176,176,1,1,114,4013263672717,272250,NA,NA,NA,NA,NA,NA,NA,NA,NA,NA,FALSE,0,0,FALSE,0,0,FALSE
nfl,2021,401326373,2021-09-26T20:05Z,Denver Broncos,New York Jets,DEN,NYJ,3-0,0-3,26,0,TRUE,Denver Broncos,3-0,home,DEN,10.5,42,-597,470,-101,-109,1,nflreadr,Denver Broncos,3-0,New York Jets,0-3,0.7703,0.7703,0.261,0.11992337164750955,0.8800766283524905,158,158,1,1,10,401326373223,22300,NA,NA,NA,NA,NA,NA,NA,NA,NA,NA,FALSE,0,0,FALSE,0,0,FALSE
nfl,2021,401326374,2021-09-26T20:05Z,Las Vegas Raiders,Miami Dolphins,LV,MIA,3-0,1-2,31,28,TRUE,Las Vegas Raiders,3-0,home,LV,4,45,-194,173,-103,-107,1,nflreadr,Las Vegas Raiders,3-0,Miami Dolphins,1-2,0.6282,0.6282,0.8109999999999999,0.7669543773119605,0.23304562268803952,220,220,1,1,204,4013263744793,479300,NA,NA,NA,NA,NA,NA,NA,NA,NA,NA,FALSE,0,0,FALSE,0,0,FALSE
nfl,2021,401326375,2021-09-26T20:25Z,Los Angeles Rams,Tampa Bay Buccaneers,LAR,TB,3-0,2-1,34,24,TRUE,Los Angeles Rams,3-0,NA,NA,NA,NA,NA,NA,NA,NA,NA,NA,Los Angeles Rams,3-0,Tampa Bay Buccaneers,2-1,0.5558,0.5558,0.5228999999999999,0.15050678906100567,0.8494932109389943,179,179,1,1,29,401326375679,67900,NA,NA,NA,NA,NA,NA,NA,NA,NA,NA,FALSE,0,0,FALSE,0,0,FALSE
nfl,2021,401326376,2021-09-26T20:25Z,Minnesota Vikings,Seattle Seahawks,MIN,SEA,1-2,1-2,30,17,TRUE,Seattle Seahawks,1-2,away,SEA,2,53.5,109,-120,-109,-101,1,nflreadr,Minnesota Vikings,1-2,Seattle Seahawks,1-2,0.4972,0.5028,0.753,0.6719787516600266,0.32802124833997337,164,164,1,1,44,4013263761034,103400,NA,NA,NA,NA,NA,NA,NA,NA,NA,NA,FALSE,0,0,FALSE,0,0,FALSE
nfl,2021,401326377,2021-09-27T00:20Z,San Francisco 49ers,Green Bay Packers,SF,GB,2-1,2-1,28,30,FALSE,San Francisco 49ers,2-1,NA,NA,NA,NA,NA,NA,NA,NA,NA,NA,Green Bay Packers,2-1,San Francisco 49ers,2-1,0.6167,0.6167,0.911,0.902305159165752,0.09769484083424795,178,178,1,1,169,4013263774148,414800,NA,NA,NA,NA,NA,NA,NA,NA,NA,NA,FALSE,0,0,FALSE,0,0,FALSE
nfl,2021,401326378,2021-09-28T00:15Z,Dallas Cowboys,Philadelphia Eagles,DAL,PHI,2-1,1-2,41,21,TRUE,Dallas Cowboys,2-1,NA,NA,NA,NA,NA,NA,NA,NA,NA,NA,Dallas Cowboys,2-1,Philadelphia Eagles,1-2,0.6746,0.6746,0.3943,0.17474004565051982,0.8252599543494802,167,167,1,1,37,401326378967,96700,NA,NA,NA,NA,NA,NA,NA,NA,NA,NA,FALSE,0,0,FALSE,0,0,FALSE
nfl,2021,401326379,2021-10-01T00:20Z,Cincinnati Bengals,Jacksonville Jaguars,CIN,JAX,3-1,0-4,24,21,TRUE,Cincinnati Bengals,3-1,NA,NA,NA,NA,NA,NA,NA,NA,NA,NA,Cincinnati Bengals,3-1,Jacksonville Jaguars,0-4,0.6929,0.6929,0.888,0.8738738738738738,0.12612612612612617,151,151,1,1,65,4013263791493,149300,NA,NA,NA,NA,NA,NA,NA,NA,NA,NA,FALSE,0,0,FALSE,0,0,FALSE
nfl,2021,401326380,2021-10-03T17:00Z,Atlanta Falcons,Washington,ATL,WSH,1-3,2-2,30,34,FALSE,Washington,2-2,NA,NA,NA,NA,NA,NA,NA,NA,NA,NA,Washington,2-2,Atlanta Falcons,1-3,0.4812,0.5187999999999999,0.882,0.8662131519274376,0.13378684807256236,180,180,1,1,137,4013263803448,344800,NA,NA,NA,NA,NA,NA,NA,NA,NA,NA,FALSE,0,0,FALSE,0,0,FALSE
nfl,2021,401326381,2021-10-03T17:00Z,Buffalo Bills,Houston Texans,BUF,HOU,3-1,1-3,40,0,TRUE,Buffalo Bills,3-1,home,BUF,19,47.5,-1500,988,-102,-108,1,nflreadr,Buffalo Bills,3-1,Houston Texans,1-3,0.8627,0.8627,0.2269,0.3948876156897312,0.6051123843102688,153,153,1,1,11,401326381271,27100,NA,NA,NA,NA,NA,NA,NA,NA,NA,NA,FALSE,0,0,FALSE,0,0,FALSE
nfl,2021,401326382,2021-10-03T17:00Z,Chicago Bears,Detroit Lions,CHI,DET,2-2,0-4,24,14,TRUE,Chicago Bears,2-2,home,CHI,3,42,-148,134,-101,-109,1,nflreadr,Chicago Bears,2-2,Detroit Lions,0-4,0.5623,0.5623,0.5153,0.1505918882204541,0.8494081117795459,160,160,1,1,6,401326382121,12100,NA,NA,NA,NA,NA,NA,NA,NA,NA,NA,FALSE,0,0,FALSE,0,0,FALSE
nfl,2021,401326383,2021-10-03T17:00Z,Dallas Cowboys,Carolina Panthers,DAL,CAR,3-1,3-1,36,28,TRUE,Dallas Cowboys,3-1,home,DAL,4.5,51.5,-210,186,-104,-106,1,nflreadr,Dallas Cowboys,3-1,Carolina Panthers,3-1,0.5794,0.5794,0.5913999999999999,0.3090970578288803,0.6909029421711197,169,169,1,1,60,4013263831599,159900,NA,NA,NA,NA,NA,NA,NA,NA,NA,NA,FALSE,0,0,FALSE,0,0,FALSE
nfl,2021,401326384,2021-10-03T17:00Z,Miami Dolphins,Indianapolis Colts,MIA,IND,1-3,1-3,17,27,FALSE,Miami Dolphins,1-3,home,MIA,2.5,41.5,-144,130,-113,102,1,nflreadr,Indianapolis Colts,1-3,Miami Dolphins,1-3,0.5388,0.5388,0.6949,0.5609440207224061,0.4390559792775939,164,164,1,1,38,401326384921,92100,NA,NA,NA,NA,NA,NA,NA,NA,NA,NA,FALSE,0,0,FALSE,0,0,FALSE
nfl,2021,401326385,2021-10-03T17:00Z,Minnesota Vikings,Cleveland Browns,MIN,CLE,1-3,3-1,7,14,FALSE,Minnesota Vikings,1-3,away,CLE,1,52,-106,-105,-113,102,1,nflreadr,Cleveland Browns,3-1,Minnesota Vikings,1-3,0.5153,0.5153,0.7277,0.6258073381888141,0.37419266181118593,187,187,1,1,22,401326385533,53300,NA,NA,NA,NA,NA,NA,NA,NA,NA,NA,FALSE,0,0,FALSE,0,0,FALSE
nfl,2021,401326386,2021-10-03T17:00Z,New Orleans Saints,New York Giants,NO,NYG,2-2,1-3,21,27,FALSE,New Orleans Saints,2-2,home,NO,7.5,43,-337,286,107,-118,1,nflreadr,New York Giants,1-3,New Orleans Saints,2-2,0.7403,0.7403,0.999,0.9989989989989989,0.0010010010010010895,170,170,1,1,151,4013263863769,376900,NA,NA,NA,NA,NA,NA,NA,NA,NA,NA,FALSE,0,0,FALSE,0,0,FALSE
nfl,2021,401326387,2021-10-03T17:00Z,New York Jets,Tennessee Titans,NYJ,TEN,1-3,2-2,27,24,TRUE,Tennessee Titans,2-2,away,TEN,5.5,44.5,206,-234,-106,-104,1,nflreadr,New York Jets,1-3,Tennessee Titans,2-2,0.3454,0.6546000000000001,0.8485,0.8214496169711256,0.17855038302887438,216,216,1,1,47,4013263871088,108800,NA,NA,NA,NA,NA,NA,NA,NA,NA,NA,FALSE,0,0,FALSE,0,0,FALSE
nfl,2021,401326388,2021-10-03T17:00Z,Philadelphia Eagles,Kansas City Chiefs,PHI,KC,1-3,2-2,30,42,FALSE,Kansas City Chiefs,2-2,away,KC,7.5,53.5,296,-349,-112,101,1,nflreadr,Kansas City Chiefs,2-2,Philadelphia Eagles,1-3,0.3275,0.6725,0.4972,0.3413113435237328,0.6586886564762672,178,178,1,1,45,4013263881204,120400,NA,NA,NA,NA,NA,NA,NA,NA,NA,NA,FALSE,0,0,FALSE,0,0,FALSE
nfl,2021,401326389,2021-10-03T20:05Z,Los Angeles Rams,Arizona Cardinals,LAR,ARI,3-1,4-0,20,37,FALSE,Los Angeles Rams,3-1,NA,NA,NA,NA,NA,NA,NA,NA,NA,NA,Arizona Cardinals,4-0,Los Angeles Rams,3-1,0.6106,0.6106,0.7587,0.6819559773296429,0.31804402267035714,186,186,1,1,16,401326389362,36200,NA,NA,NA,NA,NA,NA,NA,NA,NA,NA,FALSE,0,0,FALSE,0,0,FALSE
nfl,2021,401326390,2021-10-03T20:05Z,San Francisco 49ers,Seattle Seahawks,SF,SEA,2-2,2-2,21,28,FALSE,San Francisco 49ers,2-2,home,SF,2.5,52,-133,120,-107,-103,1,nflreadr,Seattle Seahawks,2-2,San Francisco 49ers,2-2,0.5649,0.5649,0.8226,0.7843423292000973,0.21565767079990272,172,172,1,1,36,401326390923,92300,NA,NA,NA,NA,NA,NA,NA,NA,NA,NA,FALSE,0,0,FALSE,0,0,FALSE
nfl,2021,401326391,2021-10-03T20:25Z,Denver Broncos,Baltimore Ravens,DEN,BAL,3-1,3-1,7,23,FALSE,Denver Broncos,3-1,home,DEN,1,44,-118,107,-111,101,1,nflreadr,Baltimore Ravens,3-1,Denver Broncos,3-1,0.5488,0.5488,0.6941,0.5592854055611585,0.44071459443884153,178,178,1,1,43,401326391962,96200,NA,NA,NA,NA,NA,NA,NA,NA,NA,NA,FALSE,0,0,FALSE,0,0,FALSE
nfl,2021,401326392,2021-10-03T20:25Z,Green Bay Packers,Pittsburgh Steelers,GB,PIT,3-1,1-3,27,17,TRUE,Green Bay Packers,3-1,home,GB,6.5,45,-276,239,-106,-104,1,nflreadr,Green Bay Packers,3-1,Pittsburgh Steelers,1-3,0.6143,0.6143,0.5643,0.3164983164983165,0.6835016835016835,168,168,1,1,11,401326392268,26800,NA,NA,NA,NA,NA,NA,NA,NA,NA,NA,FALSE,0,0,FALSE,0,0,FALSE
nfl,2021,401326393,2021-10-04T00:20Z,New England Patriots,Tampa Bay Buccaneers,NE,TB,1-3,3-1,17,19,FALSE,Tampa Bay Buccaneers,3-1,NA,NA,NA,NA,NA,NA,NA,NA,NA,NA,Tampa Bay Buccaneers,3-1,New England Patriots,1-3,0.4328,0.5671999999999999,0.6588,0.48208864602307244,0.5179113539769276,180,180,1,1,96,4013263932401,240100,NA,NA,NA,NA,NA,NA,NA,NA,NA,NA,FALSE,0,0,FALSE,0,0,FALSE
nfl,2021,401326394,2021-10-05T00:50Z,Los Angeles Chargers,Las Vegas Raiders,LAC,LV,3-1,3-1,28,14,TRUE,Los Angeles Chargers,3-1,NA,NA,NA,NA,NA,NA,NA,NA,NA,NA,Los Angeles Chargers,3-1,Las Vegas Raiders,3-1,0.6014,0.6014,0.4167999999999999,0.043666026871400976,0.956333973128599,174,174,1,1,3,40132639481,8100,NA,NA,NA,NA,NA,NA,NA,NA,NA,NA,FALSE,0,0,FALSE,0,0,FALSE
nfl,2021,401326395,2021-10-08T00:20Z,Seattle Seahawks,Los Angeles Rams,SEA,LAR,2-3,4-1,17,26,FALSE,Seattle Seahawks,2-3,NA,NA,NA,NA,NA,NA,NA,NA,NA,NA,Los Angeles Rams,4-1,Seattle Seahawks,2-3,0.5005,0.5005,0.7628,0.6890403775563714,0.3109596224436286,175,175,1,1,72,4013263951738,168350,NA,NA,NA,NA,NA,NA,NA,NA,NA,NA,FALSE,0,0,FALSE,0,0,FALSE
nfl,2021,401326324,2021-10-10T13:30Z,Atlanta Falcons,New York Jets,ATL,NYJ,2-3,1-4,27,20,TRUE,Atlanta Falcons,2-3,home,ATL,3,45.5,-153,138,-103,-107,1,nflreadr,Atlanta Falcons,2-3,New York Jets,1-4,0.5701,0.5701,0.4699,0.0851244945733135,0.9148755054266865,169,169,1,1,6,401326324121,12100,NA,NA,NA,NA,NA,NA,NA,NA,NA,NA,FALSE,0,0,FALSE,0,0,FALSE
nfl,2021,401326397,2021-10-10T17:00Z,Cincinnati Bengals,Green Bay Packers,CIN,GB,3-2,4-1,22,25,FALSE,Green Bay Packers,4-1,away,GB,2,50,111,-123,-106,-104,1,nflreadr,Green Bay Packers,4-1,Cincinnati Bengals,3-2,0.4626,0.5374,0.8028,0.7543597409068261,0.24564025909317388,176,176,1,1,147,4013263973423,342300,NA,NA,NA,NA,NA,NA,NA,NA,NA,NA,FALSE,0,0,FALSE,0,0,FALSE
nfl,2021,401326400,2021-10-10T17:00Z,Minnesota Vikings,Detroit Lions,MIN,DET,2-3,0-5,19,17,TRUE,Minnesota Vikings,2-3,home,MIN,10,49.5,-418,346,-100,-110,1,nflreadr,Minnesota Vikings,2-3,Detroit Lions,0-5,0.7376,0.7376,0.842,0.8123515439429929,0.18764845605700708,175,175,1,1,166,4013264003832,383200,NA,NA,NA,NA,NA,NA,NA,NA,NA,NA,FALSE,0,0,FALSE,0,0,FALSE
nfl,2021,401326401,2021-10-10T17:00Z,Pittsburgh Steelers,Denver Broncos,PIT,DEN,2-3,3-2,27,19,TRUE,Denver Broncos,3-2,away,DEN,2,40,113,-124,-104,-106,1,nflreadr,Pittsburgh Steelers,2-3,Denver Broncos,3-2,0.4899,0.5101,0.5422,0.15566211729988932,0.8443378827001107,166,166,1,1,3,40132640173,7300,NA,NA,NA,NA,NA,NA,NA,NA,NA,NA,FALSE,0,0,FALSE,0,0,FALSE
nfl,2021,401326402,2021-10-10T17:00Z,Tampa Bay Buccaneers,Miami Dolphins,TB,MIA,4-1,1-4,45,17,TRUE,Tampa Bay Buccaneers,4-1,home,TB,11,48,-564,448,-110,-100,1,nflreadr,Tampa Bay Buccaneers,4-1,Miami Dolphins,1-4,0.7508,0.7508,0.3717,0.3295668549905838,0.6704331450094162,163,163,1,1,50,4013264021247,124700,NA,NA,NA,NA,NA,NA,NA,NA,NA,NA,FALSE,0,0,FALSE,0,0,FALSE
nfl,2021,401326403,2021-10-10T17:00Z,Washington,New Orleans Saints,WSH,NO,2-3,3-2,22,33,FALSE,New Orleans Saints,3-2,NA,NA,NA,NA,NA,NA,NA,NA,NA,NA,New Orleans Saints,3-2,Washington,2-3,0.4291,0.5709,0.6583,0.48093574358195346,0.5190642564180465,180,180,1,2,65,4013264031641,164100,NA,NA,NA,NA,NA,NA,NA,NA,NA,NA,FALSE,0,0,FALSE,0,0,FALSE
nfl,2021,401326396,2021-10-10T17:00Z,Carolina Panthers,Philadelphia Eagles,CAR,PHI,3-2,2-3,18,21,FALSE,Carolina Panthers,3-2,home,CAR,2.5,46,-139,126,-114,104,1,nflreadr,Philadelphia Eagles,2-3,Carolina Panthers,3-2,0.6484,0.6484,0.9156,0.90782000873744,0.09217999126256005,184,184,1,1,79,4013263961842,184350,NA,NA,NA,NA,NA,NA,NA,NA,NA,NA,FALSE,0,0,FALSE,0,0,FALSE
nfl,2021,401326399,2021-10-10T17:00Z,Jacksonville Jaguars,Tennessee Titans,JAX,TEN,0-5,3-2,19,37,FALSE,Tennessee Titans,3-2,away,TEN,4,49,170,-191,-110,-100,1,nflreadr,Tennessee Titans,3-2,Jacksonville Jaguars,0-5,0.3863,0.6137,0.4287,0.09890366223466307,0.9010963377653369,172,172,1,1,18,401326399413,41300,NA,NA,NA,NA,NA,NA,NA,NA,NA,NA,FALSE,0,0,FALSE,0,0,FALSE
nfl,2021,401326398,2021-10-10T17:00Z,Houston Texans,New England Patriots,HOU,NE,1-4,2-3,22,25,FALSE,New England Patriots,2-3,away,NE,8,39.5,288,-339,-112,102,1,nflreadr,New England Patriots,2-3,Houston Texans,1-4,0.3075,0.6925,0.8914,0.8781691720888489,0.12183082791115107,164,164,1,1,93,4013263982253,225300,NA,NA,NA,NA,NA,NA,NA,NA,NA,NA,FALSE,0,0,FALSE,0,0,FALSE
nfl,2021,401326405,2021-10-10T20:05Z,Las Vegas Raiders,Chicago Bears,LV,CHI,3-2,3-2,9,20,FALSE,Las Vegas Raiders,3-2,home,LV,5.5,46,-245,215,-108,-102,1,nflreadr,Chicago Bears,3-2,Las Vegas Raiders,3-2,0.6373,0.6373,0.7642,0.691442030881968,0.308557969118032,171,171,1,1,28,401326405639,63900,NA,NA,NA,NA,NA,NA,NA,NA,NA,NA,FALSE,0,0,FALSE,0,0,FALSE
nfl,2021,401326404,2021-10-10T20:05Z,Los Angeles Chargers,Cleveland Browns,LAC,CLE,4-1,3-2,47,42,TRUE,Los Angeles Chargers,4-1,home,LAC,2.5,46.5,-129,117,-104,-106,1,nflreadr,Los Angeles Chargers,4-1,Cleveland Browns,3-2,0.5498,0.5498,0.954,0.9517819706498951,0.048218029350104885,185,185,1,1,152,4013264043818,381800,NA,NA,NA,NA,NA,NA,NA,NA,NA,NA,FALSE,0,0,FALSE,0,0,FALSE
nfl,2021,401326407,2021-10-10T20:25Z,Dallas Cowboys,New York Giants,DAL,NYG,4-1,1-4,44,20,TRUE,Dallas Cowboys,4-1,home,DAL,7.5,53,-335,285,102,-112,1,nflreadr,Dallas Cowboys,4-1,New York Giants,1-4,0.7304,0.7304,0.3766000000000001,0.28412108337758923,0.7158789166224108,185,185,1,1,79,4013264071886,188600,NA,NA,NA,NA,NA,NA,NA,NA,NA,NA,FALSE,0,0,FALSE,0,0,FALSE
nfl,2021,401326406,2021-10-10T20:25Z,Arizona Cardinals,San Francisco 49ers,ARI,SF,5-0,2-3,17,10,TRUE,Arizona Cardinals,5-0,home,ARI,6,48.5,-266,231,-100,-110,1,nflreadr,Arizona Cardinals,5-0,San Francisco 49ers,2-3,0.6423,0.6423,0.4072,0.12156188605108054,0.8784381139489195,159,159,1,1,119,4013264062882,288200,NA,NA,NA,NA,NA,NA,NA,NA,NA,NA,FALSE,0,0,FALSE,0,0,FALSE
nfl,2021,401326408,2021-10-11T00:20Z,Kansas City Chiefs,Buffalo Bills,KC,BUF,2-3,4-1,20,38,FALSE,Buffalo Bills,4-1,NA,NA,NA,NA,NA,NA,NA,NA,NA,NA,Buffalo Bills,4-1,Kansas City Chiefs,2-3,0.4918,0.5082,0.59,0.3050847457627117,0.6949152542372883,184,184,1,1,18,401326408452,45200,NA,NA,NA,NA,NA,NA,NA,NA,NA,NA,FALSE,0,0,FALSE,0,0,FALSE
nfl,2021,401326409,2021-10-12T00:15Z,Baltimore Ravens,Indianapolis Colts,BAL,IND,4-1,1-4,31,25,TRUE,Baltimore Ravens,4-1,NA,NA,NA,NA,NA,NA,NA,NA,NA,NA,Baltimore Ravens,4-1,Indianapolis Colts,1-4,0.6691,0.6691,0.9838,0.9835332384631024,0.016466761536897634,180,180,1,1,127,4013264093172,317200,NA,NA,NA,NA,NA,NA,NA,NA,NA,NA,FALSE,0,0,FALSE,0,0,FALSE
nfl,2021,401326410,2021-10-15T00:20Z,Philadelphia Eagles,Tampa Bay Buccaneers,PHI,TB,2-4,5-1,22,28,FALSE,Tampa Bay Buccaneers,5-1,NA,NA,NA,NA,NA,NA,NA,NA,NA,NA,Tampa Bay Buccaneers,5-1,Philadelphia Eagles,2-4,0.2878,0.7121999999999999,0.4119,0.30128672007768864,0.6987132799223114,160,160,1,1,26,401326410627,62700,NA,NA,NA,NA,NA,NA,NA,NA,NA,NA,FALSE,0,0,FALSE,0,0,FALSE
nfl,2021,401326325,2021-10-17T13:30Z,Jacksonville Jaguars,Miami Dolphins,JAX,MIA,1-5,1-5,23,20,TRUE,Miami Dolphins,1-5,away,MIA,2.5,47.5,110,-122,-115,104,1,nflreadr,Jacksonville Jaguars,1-5,Miami Dolphins,1-5,0.3887,0.6113,0.8566,0.8325939761849173,0.16740602381508274,183,183,1,1,69,4013263251650,165000,NA,NA,NA,NA,NA,NA,NA,NA,NA,NA,FALSE,0,0,FALSE,0,0,FALSE
nfl,2021,401326413,2021-10-17T17:00Z,Chicago Bears,Green Bay Packers,CHI,GB,3-3,5-1,14,24,FALSE,Green Bay Packers,5-1,away,GB,5.5,44,201,-228,-104,-106,1,nflreadr,Green Bay Packers,5-1,Chicago Bears,3-3,0.4086,0.5913999999999999,0.6791,0.5274628184361656,0.4725371815638344,166,166,1,1,44,4013264131187,118700,NA,NA,NA,NA,NA,NA,NA,NA,NA,NA,FALSE,0,0,FALSE,0,0,FALSE
nfl,2021,401326414,2021-10-17T17:00Z,Detroit Lions,Cincinnati Bengals,DET,CIN,0-6,4-2,11,34,FALSE,Cincinnati Bengals,4-2,away,CIN,3.5,46.5,171,-192,-100,-110,1,nflreadr,Cincinnati Bengals,4-2,Detroit Lions,0-6,0.4365,0.5635,0.4432,0.015117328519855588,0.9848826714801444,176,176,1,1,14,401326414318,31800,NA,NA,NA,NA,NA,NA,NA,NA,NA,NA,FALSE,0,0,FALSE,0,0,FALSE
nfl,2021,401326415,2021-10-17T17:00Z,Indianapolis Colts,Houston Texans,IND,HOU,2-4,1-5,31,3,TRUE,Indianapolis Colts,2-4,home,IND,10.5,43.5,-442,363,106,-117,1,nflreadr,Indianapolis Colts,2-4,Houston Texans,1-5,0.7145,0.7145,0.3419,0.16496051477040075,0.8350394852295993,158,158,1,1,9,401326415206,20600,NA,NA,NA,NA,NA,NA,NA,NA,NA,NA,FALSE,0,0,FALSE,0,0,FALSE
nfl,2021,401326416,2021-10-17T17:00Z,New York Giants,Los Angeles Rams,NYG,LAR,1-5,5-1,11,38,FALSE,Los Angeles Rams,5-1,NA,NA,NA,NA,NA,NA,NA,NA,NA,NA,Los Angeles Rams,5-1,New York Giants,1-5,0.3411,0.6589,0.467,0.26959314775160614,0.7304068522483939,182,182,1,1,21,401326416541,54100,NA,NA,NA,NA,NA,NA,NA,NA,NA,NA,FALSE,0,0,FALSE,0,0,FALSE
nfl,2021,401326417,2021-10-17T17:00Z,Washington,Kansas City Chiefs,WSH,KC,2-4,3-3,13,31,FALSE,Kansas City Chiefs,3-3,NA,NA,NA,NA,NA,NA,NA,NA,NA,NA,Kansas City Chiefs,3-3,Washington,2-4,0.3417,0.6583,0.6237,0.4521404521404522,0.5478595478595478,175,175,1,1,101,4013264172447,244700,NA,NA,NA,NA,NA,NA,NA,NA,NA,NA,FALSE,0,0,FALSE,0,0,FALSE
nfl,2021,401326412,2021-10-17T17:00Z,Carolina Panthers,Minnesota Vikings,CAR,MIN,3-3,3-3,28,34,FALSE,Carolina Panthers,3-3,away,MIN,2.5,45.5,121,-134,-100,-110,1,nflreadr,Minnesota Vikings,3-3,Carolina Panthers,3-3,0.5453,0.5453,0.7111,0.5937280270004217,0.4062719729995783,216,216,1,1,123,4013264122998,299800,NA,NA,NA,NA,NA,NA,NA,NA,NA,NA,FALSE,0,0,FALSE,0,0,FALSE
nfl,2021,401326411,2021-10-17T17:00Z,Baltimore Ravens,Los Angeles Chargers,BAL,LAC,5-1,4-2,34,6,TRUE,Baltimore Ravens,5-1,home,BAL,3,50.5,-166,149,-116,106,1,nflreadr,Baltimore Ravens,5-1,Los Angeles Chargers,4-2,0.5888,0.5888,0.5035000000000001,0.18331678252234362,0.8166832174776564,153,153,1,1,13,401326411291,29100,NA,NA,NA,NA,NA,NA,NA,NA,NA,NA,FALSE,0,0,FALSE,0,0,FALSE
nfl,2021,401326418,2021-10-17T20:05Z,Cleveland Browns,Arizona Cardinals,CLE,ARI,3-3,6-0,14,37,FALSE,Cleveland Browns,3-3,home,CLE,3,48,-143,129,106,-117,1,nflreadr,Arizona Cardinals,6-0,Cleveland Browns,3-3,0.5208,0.5208,0.5899,0.30479742329208337,0.6952025767079166,177,177,1,1,8,401326418198,19800,NA,NA,NA,NA,NA,NA,NA,NA,NA,NA,FALSE,0,0,FALSE,0,0,FALSE
nfl,2021,401326419,2021-10-17T20:25Z,Denver Broncos,Las Vegas Raiders,DEN,LV,3-3,4-2,24,34,FALSE,Denver Broncos,3-3,home,DEN,5,45.5,-205,182,101,-111,1,nflreadr,Las Vegas Raiders,4-2,Denver Broncos,3-3,0.6289,0.6289,0.6289,0.40992208618222303,0.590077913817777,174,174,1,1,1,4013264191,100,NA,NA,NA,NA,NA,NA,NA,NA,NA,NA,FALSE,0,0,FALSE,0,0,FALSE
nfl,2021,401326420,2021-10-17T20:25Z,New England Patriots,Dallas Cowboys,NE,DAL,2-4,5-1,29,35,FALSE,Dallas Cowboys,5-1,away,DAL,3.5,50.5,169,-189,-102,-108,1,nflreadr,Dallas Cowboys,5-1,New England Patriots,2-4,0.4397,0.5603,0.8504,0.8240827845719663,0.17591721542803374,186,186,1,1,162,4013264204046,404600,NA,NA,NA,NA,NA,NA,NA,NA,NA,NA,FALSE,0,0,FALSE,0,0,FALSE
nfl,2021,401326421,2021-10-18T00:20Z,Pittsburgh Steelers,Seattle Seahawks,PIT,SEA,3-3,2-4,23,20,TRUE,Pittsburgh Steelers,3-3,NA,NA,NA,NA,NA,NA,NA,NA,NA,NA,Pittsburgh Steelers,3-3,Seattle Seahawks,2-4,0.595,0.595,0.71,0.5915492957746478,0.40845070422535223,190,190,1,1,157,4013264213814,381400,NA,NA,NA,NA,NA,NA,NA,NA,NA,NA,FALSE,0,0,FALSE,0,0,FALSE
nfl,2021,401326422,2021-10-19T00:15Z,Tennessee Titans,Buffalo Bills,TEN,BUF,4-2,4-2,34,31,TRUE,Buffalo Bills,4-2,NA,NA,NA,NA,NA,NA,NA,NA,NA,NA,Tennessee Titans,4-2,Buffalo Bills,4-2,0.2825,0.7175,0.8408,0.8106565176022835,0.18934348239771648,167,167,1,1,46,4013264221173,117300,NA,NA,NA,NA,NA,NA,NA,NA,NA,NA,FALSE,0,0,FALSE,0,0,FALSE
nfl,2021,401326423,2021-10-22T00:20Z,Cleveland Browns,Denver Broncos,CLE,DEN,4-3,3-4,17,14,TRUE,Cleveland Browns,4-3,NA,NA,NA,NA,NA,NA,NA,NA,NA,NA,Cleveland Browns,4-3,Denver Broncos,3-4,0.5545,0.5545,0.4455,0,1,162,162,1,1,1,4013264231,100,NA,NA,NA,NA,NA,NA,NA,NA,NA,NA,FALSE,0,0,FALSE,0,0,FALSE
nfl,2021,401326425,2021-10-24T17:00Z,Green Bay Packers,Washington,GB,WSH,6-1,2-5,24,10,TRUE,Green Bay Packers,6-1,NA,NA,NA,NA,NA,NA,NA,NA,NA,NA,Green Bay Packers,6-1,Washington,2-5,0.7225,0.7225,0.4104,0.32383040935672525,0.6761695906432748,159,159,1,1,39,401326425914,91400,NA,NA,NA,NA,NA,NA,NA,NA,NA,NA,FALSE,0,0,FALSE,0,0,FALSE
nfl,2021,401326429,2021-10-24T17:00Z,Tennessee Titans,Kansas City Chiefs,TEN,KC,5-2,3-4,27,3,TRUE,Kansas City Chiefs,3-4,away,KC,4,57.5,185,-209,-100,-110,1,nflreadr,Tennessee Titans,5-2,Kansas City Chiefs,3-4,0.4075,0.5925,0.5925,0.3122362869198314,0.6877637130801686,174,174,1,1,1,4013264291,100,NA,NA,NA,NA,NA,NA,NA,NA,NA,NA,FALSE,0,0,FALSE,0,0,FALSE
nfl,2021,401326426,2021-10-24T17:00Z,Miami Dolphins,Atlanta Falcons,MIA,ATL,1-6,3-3,28,30,FALSE,Miami Dolphins,1-6,away,ATL,1.5,48.5,117,-129,103,-113,1,nflreadr,Atlanta Falcons,3-3,Miami Dolphins,1-6,0.5068,0.5068,0.764,0.6910994764397906,0.30890052356020936,174,174,1,1,157,4013264263922,392200,NA,NA,NA,NA,NA,NA,NA,NA,NA,NA,FALSE,0,0,FALSE,0,0,FALSE
nfl,2021,401326427,2021-10-24T17:00Z,New England Patriots,New York Jets,NE,NYJ,3-4,1-5,54,13,TRUE,New England Patriots,3-4,home,NE,7,43,-303,261,-102,-108,1,nflreadr,New England Patriots,3-4,New York Jets,1-5,0.7107,0.7107,0.3065,0.05611745513866229,0.9438825448613377,173,173,1,1,2,40132642740,4000,NA,NA,NA,NA,NA,NA,NA,NA,NA,NA,FALSE,0,0,FALSE,0,0,FALSE
nfl,2021,401326428,2021-10-24T17:00Z,New York Giants,Carolina Panthers,NYG,CAR,2-5,3-4,25,3,TRUE,Carolina Panthers,3-4,away,CAR,3,42.5,139,-154,-107,-103,1,nflreadr,New York Giants,2-5,Carolina Panthers,3-4,0.4321,0.5679000000000001,0.6482,0.45726627584078994,0.5427337241592101,173,173,1,1,17,401326428391,39100,NA,NA,NA,NA,NA,NA,NA,NA,NA,NA,FALSE,0,0,FALSE,0,0,FALSE
nfl,2021,401326424,2021-10-24T17:00Z,Baltimore Ravens,Cincinnati Bengals,BAL,CIN,5-2,5-2,17,41,FALSE,Baltimore Ravens,5-2,home,BAL,6.5,45.5,-272,236,-101,-109,1,nflreadr,Cincinnati Bengals,5-2,Baltimore Ravens,5-2,0.6844,0.6844,0.7744,0.7086776859504131,0.29132231404958686,177,177,1,1,3,40132642456,5600,NA,NA,NA,NA,NA,NA,NA,NA,NA,NA,FALSE,0,0,FALSE,0,0,FALSE
nfl,2021,401326431,2021-10-24T20:05Z,Las Vegas Raiders,Philadelphia Eagles,LV,PHI,5-2,2-5,33,22,TRUE,Las Vegas Raiders,5-2,home,LV,1,48,-108,-102,-101,-109,1,nflreadr,Las Vegas Raiders,5-2,Philadelphia Eagles,2-5,0.6027,0.6027,0.6362,0.42816724300534426,0.5718327569946557,170,170,1,1,19,401326431427,42700,NA,NA,NA,NA,NA,NA,NA,NA,NA,NA,FALSE,0,0,FALSE,0,0,FALSE
nfl,2021,401326430,2021-10-24T20:05Z,Los Angeles Rams,Detroit Lions,LAR,DET,6-1,0-7,28,19,TRUE,Los Angeles Rams,6-1,NA,NA,NA,NA,NA,NA,NA,NA,NA,NA,Los Angeles Rams,6-1,Detroit Lions,0-7,0.8649,0.8649,0.4705,0.7128586609989374,0.28714133900106265,174,174,1,1,55,4013264301334,133400,NA,NA,NA,NA,NA,NA,NA,NA,NA,NA,FALSE,0,0,FALSE,0,0,FALSE
nfl,2021,401326432,2021-10-24T20:25Z,Arizona Cardinals,Houston Texans,ARI,HOU,7-0,1-6,31,5,TRUE,Arizona Cardinals,7-0,home,ARI,20.5,47,-1766,1119,100,-111,1,nflreadr,Arizona Cardinals,7-0,Houston Texans,1-6,0.8859,0.8859,0.28559999999999997,0.6004901960784315,0.39950980392156854,163,163,1,1,26,401326432606,60600,NA,NA,NA,NA,NA,NA,NA,NA,NA,NA,FALSE,0,0,FALSE,0,0,FALSE
nfl,2021,401326433,2021-10-24T20:25Z,Tampa Bay Buccaneers,Chicago Bears,TB,CHI,6-1,3-4,38,3,TRUE,Tampa Bay Buccaneers,6-1,home,TB,12.5,47,-644,501,103,-114,1,nflreadr,Tampa Bay Buccaneers,6-1,Chicago Bears,3-4,0.8129,0.8129,0.18710000000000004,0,1,172,172,1,1,1,4013264331,100,NA,NA,NA,NA,NA,NA,NA,NA,NA,NA,FALSE,0,0,FALSE,0,0,FALSE
nfl,2021,401326434,2021-10-25T00:20Z,San Francisco 49ers,Indianapolis Colts,SF,IND,2-4,3-4,18,30,FALSE,San Francisco 49ers,2-4,NA,NA,NA,NA,NA,NA,NA,NA,NA,NA,Indianapolis Colts,3-4,San Francisco 49ers,2-4,0.6542,0.6542,0.8639,0.8424586178955897,0.15754138210441027,162,162,1,1,20,401326434477,47700,NA,NA,NA,NA,NA,NA,NA,NA,NA,NA,FALSE,0,0,FALSE,0,0,FALSE
nfl,2021,401326435,2021-10-26T00:15Z,Seattle Seahawks,New Orleans Saints,SEA,NO,2-5,4-2,10,13,FALSE,New Orleans Saints,4-2,NA,NA,NA,NA,NA,NA,NA,NA,NA,NA,New Orleans Saints,4-2,Seattle Seahawks,2-5,0.4088,0.5912,0.705,0.5815602836879432,0.4184397163120568,173,173,1,1,33,401326435786,78600,NA,NA,NA,NA,NA,NA,NA,NA,NA,NA,FALSE,0,0,FALSE,0,0,FALSE
nfl,2021,401326436,2021-10-29T00:20Z,Arizona Cardinals,Green Bay Packers,ARI,GB,7-1,7-1,21,24,FALSE,Arizona Cardinals,7-1,NA,NA,NA,NA,NA,NA,NA,NA,NA,NA,Green Bay Packers,7-1,Arizona Cardinals,7-1,0.6754,0.6754,0.829,0.7937273823884197,0.20627261761158033,167,167,1,1,28,401326436715,71500,NA,NA,NA,NA,NA,NA,NA,NA,NA,NA,FALSE,0,0,FALSE,0,0,FALSE
nfl,2021,401326437,2021-10-31T17:00Z,Atlanta Falcons,Carolina Panthers,ATL,CAR,3-4,4-4,13,19,FALSE,Carolina Panthers,4-4,home,ATL,2.5,47,-129,117,-101,-109,1,nflreadr,Carolina Panthers,4-4,Atlanta Falcons,3-4,0.4867,0.5133,0.7238,0.6184028737220226,0.38159712627797737,171,171,1,1,64,4013264371504,150400,NA,NA,NA,NA,NA,NA,NA,NA,NA,NA,FALSE,0,0,FALSE,0,0,FALSE
nfl,2021,401326438,2021-10-31T17:00Z,Buffalo Bills,Miami Dolphins,BUF,MIA,5-2,1-7,26,11,TRUE,Buffalo Bills,5-2,home,BUF,15,48.5,-983,709,-102,-108,1,nflreadr,Buffalo Bills,5-2,Miami Dolphins,1-7,0.8791,0.8791,0.4029,0.6999255398361877,0.30007446016381234,183,183,1,1,93,4013264382201,220100,NA,NA,NA,NA,NA,NA,NA,NA,NA,NA,FALSE,0,0,FALSE,0,0,FALSE
nfl,2021,401326439,2021-10-31T17:00Z,Chicago Bears,San Francisco 49ers,CHI,SF,3-5,3-4,22,33,FALSE,San Francisco 49ers,3-4,away,SF,4.5,40,186,-210,-107,-103,1,nflreadr,San Francisco 49ers,3-4,Chicago Bears,3-5,0.407,0.593,0.8362,0.8041138483616361,0.19588615163836387,174,174,1,1,111,4013264392470,247000,NA,NA,NA,NA,NA,NA,NA,NA,NA,NA,FALSE,0,0,FALSE,0,0,FALSE
nfl,2021,401326440,2021-10-31T17:00Z,Cleveland Browns,Pittsburgh Steelers,CLE,PIT,4-4,4-3,10,15,FALSE,Cleveland Browns,4-4,home,CLE,5.5,43,-222,196,-102,-108,1,nflreadr,Pittsburgh Steelers,4-3,Cleveland Browns,4-4,0.563,0.563,0.7949,0.741980123285948,0.258019876714052,180,180,1,1,106,4013264402513,251300,NA,NA,NA,NA,NA,NA,NA,NA,NA,NA,FALSE,0,0,FALSE,0,0,FALSE
nfl,2021,401326441,2021-10-31T17:00Z,Detroit Lions,Philadelphia Eagles,DET,PHI,0-8,3-5,6,44,FALSE,Philadelphia Eagles,3-5,away,PHI,3,48.5,151,-168,105,-116,1,nflreadr,Philadelphia Eagles,3-5,Detroit Lions,0-8,0.4308,0.5691999999999999,0.5458,0.21069989006962242,0.7893001099303776,161,161,1,1,10,401326441212,21200,NA,NA,NA,NA,NA,NA,NA,NA,NA,NA,FALSE,0,0,FALSE,0,0,FALSE
nfl,2021,401326443,2021-10-31T17:00Z,Indianapolis Colts,Tennessee Titans,IND,TEN,3-5,6-2,31,34,FALSE,Indianapolis Colts,3-5,home,IND,3,51,-160,144,-108,-102,1,nflreadr,Tennessee Titans,6-2,Indianapolis Colts,3-5,0.538,0.538,0.8877,0.8734932972851188,0.12650670271488118,198,198,1,1,23,401326443539,53900,NA,NA,NA,NA,NA,NA,NA,NA,NA,NA,FALSE,0,0,FALSE,0,0,FALSE
nfl,2021,401326444,2021-10-31T17:00Z,New York Jets,Cincinnati Bengals,NYJ,CIN,2-5,5-3,34,31,TRUE,Cincinnati Bengals,5-3,away,CIN,11.5,43.5,411,-510,-105,-105,1,nflreadr,New York Jets,2-5,Cincinnati Bengals,5-3,0.2341,0.7659,0.9877,0.9875468259592994,0.012453174040700565,181,181,1,1,153,4013264443712,371200,NA,NA,NA,NA,NA,NA,NA,NA,NA,NA,FALSE,0,0,FALSE,0,0,FALSE
nfl,2021,401326442,2021-10-31T17:00Z,Houston Texans,Los Angeles Rams,HOU,LAR,1-7,7-1,22,38,FALSE,Los Angeles Rams,7-1,NA,NA,NA,NA,NA,NA,NA,NA,NA,NA,Los Angeles Rams,7-1,Houston Texans,1-7,0.1586,0.8414,0.1863,0.14868491680085905,0.851315083199141,169,169,1,1,10,401326442212,21200,NA,NA,NA,NA,NA,NA,NA,NA,NA,NA,FALSE,0,0,FALSE,0,0,FALSE
nfl,2021,401326445,2021-10-31T20:05Z,Los Angeles Chargers,New England Patriots,LAC,NE,4-3,4-4,24,27,FALSE,Los Angeles Chargers,4-3,home,LAC,3.5,50.5,-183,163,-109,-101,1,nflreadr,New England Patriots,4-4,Los Angeles Chargers,4-3,0.62,0.62,0.7467,0.6607740725860454,0.33922592741395463,180,180,1,1,61,4013264451449,144900,NA,NA,NA,NA,NA,NA,NA,NA,NA,NA,FALSE,0,0,FALSE,0,0,FALSE
nfl,2021,401326446,2021-10-31T20:05Z,Seattle Seahawks,Jacksonville Jaguars,SEA,JAX,3-5,1-6,31,7,TRUE,Seattle Seahawks,3-5,home,SEA,4,44,-192,171,-105,-105,1,nflreadr,Seattle Seahawks,3-5,Jacksonville Jaguars,1-6,0.7065,0.7065,0.3486,0.1580608146873208,0.8419391853126792,168,168,1,1,10,401326446211,21100,NA,NA,NA,NA,NA,NA,NA,NA,NA,NA,FALSE,0,0,FALSE,0,0,FALSE
nfl,2021,401326447,2021-10-31T20:25Z,Denver Broncos,Washington,DEN,WSH,4-4,2-6,17,10,TRUE,Denver Broncos,4-4,NA,NA,NA,NA,NA,NA,NA,NA,NA,NA,Denver Broncos,4-4,Washington,2-6,0.6912,0.6912,0.6733,0.5413634338333582,0.45863656616664183,156,156,1,1,127,4013264472985,298500,NA,NA,NA,NA,NA,NA,NA,NA,NA,NA,FALSE,0,0,FALSE,0,0,FALSE
nfl,2021,401326448,2021-10-31T20:25Z,New Orleans Saints,Tampa Bay Buccaneers,NO,TB,5-2,6-2,36,27,TRUE,Tampa Bay Buccaneers,6-2,away,TB,4,48.5,168,-188,-109,-101,1,nflreadr,New Orleans Saints,5-2,Tampa Bay Buccaneers,6-2,0.3579,0.6421,0.759,0.6824769433465085,0.31752305665349145,175,175,1,1,29,401326448747,74700,NA,NA,NA,NA,NA,NA,NA,NA,NA,NA,FALSE,0,0,FALSE,0,0,FALSE
nfl,2021,401326449,2021-11-01T00:20Z,Minnesota Vikings,Dallas Cowboys,MIN,DAL,3-4,6-1,16,20,FALSE,Minnesota Vikings,3-4,NA,NA,NA,NA,NA,NA,NA,NA,NA,NA,Dallas Cowboys,6-1,Minnesota Vikings,3-4,0.548,0.548,0.8627,0.8408484988988061,0.15915150110119392,184,184,1,1,173,4013264494196,419600,NA,NA,NA,NA,NA,NA,NA,NA,NA,NA,FALSE,0,0,FALSE,0,0,FALSE
nfl,2021,401326450,2021-11-02T00:15Z,Kansas City Chiefs,New York Giants,KC,NYG,4-4,2-6,20,17,TRUE,Kansas City Chiefs,4-4,NA,NA,NA,NA,NA,NA,NA,NA,NA,NA,Kansas City Chiefs,4-4,New York Giants,2-6,0.7471,0.7471,0.5918,0.5726596823251098,0.4273403176748902,179,179,1,1,146,4013264503674,367400,NA,NA,NA,NA,NA,NA,NA,NA,NA,NA,FALSE,0,0,FALSE,0,0,FALSE
nfl,2021,401326451,2021-11-05T00:20Z,Indianapolis Colts,New York Jets,IND,NYJ,4-5,2-6,45,30,TRUE,Indianapolis Colts,4-5,NA,NA,NA,NA,NA,NA,NA,NA,NA,NA,Indianapolis Colts,4-5,New York Jets,2-6,0.7883,0.7883,0.24129999999999996,0.12266887691670103,0.877331123083299,173,173,1,1,30,401326451736,73600,NA,NA,NA,NA,NA,NA,NA,NA,NA,NA,FALSE,0,0,FALSE,0,0,FALSE
nfl,2021,401326454,2021-11-07T18:00Z,Cincinnati Bengals,Cleveland Browns,CIN,CLE,5-4,5-4,16,41,FALSE,Cincinnati Bengals,5-4,home,CIN,2.5,47.5,-129,117,-105,-105,1,nflreadr,Cleveland Browns,5-4,Cincinnati Bengals,5-4,0.5324,0.5324,0.6558,0.47514486123818256,0.5248551387618174,161,161,1,1,13,401326454309,30900,NA,NA,NA,NA,NA,NA,NA,NA,NA,NA,FALSE,0,0,FALSE,0,0,FALSE
nfl,2021,401326455,2021-11-07T18:00Z,Dallas Cowboys,Denver Broncos,DAL,DEN,6-2,5-4,16,30,FALSE,Dallas Cowboys,6-2,home,DAL,10.5,50,-462,378,-103,-107,1,nflreadr,Denver Broncos,5-4,Dallas Cowboys,6-2,0.6986,0.6986,0.7565,0.6781229345670852,0.32187706543291483,173,173,1,1,20,401326455472,47200,NA,NA,NA,NA,NA,NA,NA,NA,NA,NA,FALSE,0,0,FALSE,0,0,FALSE
nfl,2021,401326457,2021-11-07T18:00Z,Miami Dolphins,Houston Texans,MIA,HOU,2-7,1-8,17,9,TRUE,Miami Dolphins,2-7,home,MIA,4,45,-185,166,101,-112,1,nflreadr,Miami Dolphins,2-7,Houston Texans,1-8,0.7368,0.7368,0.3783,0.30425588157546923,0.6957441184245308,183,183,1,1,5,401326457106,10600,NA,NA,NA,NA,NA,NA,NA,NA,NA,NA,FALSE,0,0,FALSE,0,0,FALSE
nfl,2021,401326458,2021-11-07T18:00Z,New Orleans Saints,Atlanta Falcons,NO,ATL,5-3,4-4,25,27,FALSE,New Orleans Saints,5-3,home,NO,7,43,-277,240,106,-117,1,nflreadr,Atlanta Falcons,4-4,New Orleans Saints,5-3,0.6934,0.6934,0.7457,0.6589781413437039,0.3410218586562961,175,175,1,1,4,40132645878,7800,NA,NA,NA,NA,NA,NA,NA,NA,NA,NA,FALSE,0,0,FALSE,0,0,FALSE
nfl,2021,401326459,2021-11-07T18:00Z,New York Giants,Las Vegas Raiders,NYG,LV,3-6,5-3,23,16,TRUE,Las Vegas Raiders,5-3,away,LV,3,47,137,-152,-108,-102,1,nflreadr,New York Giants,3-6,Las Vegas Raiders,5-3,0.4556,0.5444,0.7054,0.5823646158208109,0.4176353841791891,164,164,1,1,49,4013264591219,121900,NA,NA,NA,NA,NA,NA,NA,NA,NA,NA,FALSE,0,0,FALSE,0,0,FALSE
nfl,2021,401326453,2021-11-07T18:00Z,Carolina Panthers,New England Patriots,CAR,NE,4-5,5-4,6,24,FALSE,New England Patriots,5-4,away,NE,3.5,41.5,157,-176,-109,-101,1,nflreadr,New England Patriots,5-4,Carolina Panthers,4-5,0.4402,0.5598000000000001,0.6085,0.35661462612982753,0.6433853738701725,159,159,1,1,46,4013264531120,112000,NA,NA,NA,NA,NA,NA,NA,NA,NA,NA,FALSE,0,0,FALSE,0,0,FALSE
nfl,2021,401326456,2021-11-07T18:00Z,Jacksonville Jaguars,Buffalo Bills,JAX,BUF,2-6,5-3,9,6,TRUE,Buffalo Bills,5-3,away,BUF,14.5,48,776,-1101,109,-120,1,nflreadr,Jacksonville Jaguars,2-6,Buffalo Bills,5-3,0.1337,0.8663,0.8891,0.8752671240580363,0.1247328759419637,172,172,1,1,7,401326456178,17800,NA,NA,NA,NA,NA,NA,NA,NA,NA,NA,FALSE,0,0,FALSE,0,0,FALSE
nfl,2021,401326452,2021-11-07T18:00Z,Baltimore Ravens,Minnesota Vikings,BAL,MIN,6-2,3-5,34,31,TRUE,Baltimore Ravens,6-2,home,BAL,7.5,51,-305,262,106,-117,1,nflreadr,Baltimore Ravens,6-2,Minnesota Vikings,3-5,0.6362,0.6362,0.8742,0.8560970029741477,0.1439029970258523,203,203,1,1,93,4013264522283,228300,NA,NA,NA,NA,NA,NA,NA,NA,NA,NA,FALSE,0,0,FALSE,0,0,FALSE
nfl,2021,401326460,2021-11-07T21:05Z,Philadelphia Eagles,Los Angeles Chargers,PHI,LAC,3-6,5-3,24,27,FALSE,Philadelphia Eagles,3-6,away,LAC,1,49.5,-104,-106,-110,-101,1,nflreadr,Los Angeles Chargers,5-3,Philadelphia Eagles,3-6,0.5061,0.5061,0.676,0.5207100591715976,0.47928994082840237,163,163,1,1,79,4013264601820,182000,NA,NA,NA,NA,NA,NA,NA,NA,NA,NA,FALSE,0,0,FALSE,0,0,FALSE
nfl,2021,401326461,2021-11-07T21:25Z,Kansas City Chiefs,Green Bay Packers,KC,GB,5-4,7-2,13,7,TRUE,Kansas City Chiefs,5-4,home,KC,7,48,-322,275,-104,-107,1,nflreadr,Kansas City Chiefs,5-4,Green Bay Packers,7-2,0.5841,0.5841,0.4159000000000001,1.1102230246251565e-16,0.9999999999999999,167,167,1,1,1,4013264611,100,NA,NA,NA,NA,NA,NA,NA,NA,NA,NA,FALSE,0,0,FALSE,0,0,FALSE
nfl,2021,401326462,2021-11-07T21:25Z,San Francisco 49ers,Arizona Cardinals,SF,ARI,3-5,8-1,17,31,FALSE,San Francisco 49ers,3-5,home,SF,5.5,44.5,-235,207,-105,-105,1,nflreadr,Arizona Cardinals,8-1,San Francisco 49ers,3-5,0.5268,0.5268,0.5966,0.3238350653704325,0.6761649346295675,165,165,1,1,13,401326462299,29900,NA,NA,NA,NA,NA,NA,NA,NA,NA,NA,FALSE,0,0,FALSE,0,0,FALSE
nfl,2021,401326463,2021-11-08T01:20Z,Los Angeles Rams,Tennessee Titans,LAR,TEN,7-2,7-2,16,28,FALSE,Los Angeles Rams,7-2,NA,NA,NA,NA,NA,NA,NA,NA,NA,NA,Tennessee Titans,7-2,Los Angeles Rams,7-2,0.7125,0.7125,0.7901,0.7343374256423238,0.26566257435767615,178,178,1,1,26,401326463583,58300,NA,NA,NA,NA,NA,NA,NA,NA,NA,NA,FALSE,0,0,FALSE,0,0,FALSE
nfl,2021,401326464,2021-11-09T01:15Z,Pittsburgh Steelers,Chicago Bears,PIT,CHI,5-3,3-6,29,27,TRUE,Pittsburgh Steelers,5-3,NA,NA,NA,NA,NA,NA,NA,NA,NA,NA,Pittsburgh Steelers,5-3,Chicago Bears,3-6,0.6816,0.6816,0.6603,0.5177949416931698,0.48220505830683025,182,182,1,1,163,4013264643971,397100,NA,NA,NA,NA,NA,NA,NA,NA,NA,NA,FALSE,0,0,FALSE,0,0,FALSE
nfl,2021,401326465,2021-11-12T01:20Z,Miami Dolphins,Baltimore Ravens,MIA,BAL,3-7,6-3,22,10,TRUE,Baltimore Ravens,6-3,NA,NA,NA,NA,NA,NA,NA,NA,NA,NA,Miami Dolphins,3-7,Baltimore Ravens,6-3,0.3638,0.6362,0.7592,0.6828240252897786,0.3171759747102214,193,193,1,1,14,401326465302,30200,NA,NA,NA,NA,NA,NA,NA,NA,NA,NA,FALSE,0,0,FALSE,0,0,FALSE
nfl,2021,401326466,2021-11-14T18:00Z,Dallas Cowboys,Atlanta Falcons,DAL,ATL,7-2,4-5,43,3,TRUE,Dallas Cowboys,7-2,home,DAL,8,55,-392,328,-105,-105,1,nflreadr,Dallas Cowboys,7-2,Atlanta Falcons,4-5,0.7489,0.7489,0.29800000000000004,0.15738255033557058,0.8426174496644294,164,164,1,1,22,401326466542,54200,NA,NA,NA,NA,NA,NA,NA,NA,NA,NA,FALSE,0,0,FALSE,0,0,FALSE
nfl,2021,401326471,2021-11-14T18:00Z,Tennessee Titans,New Orleans Saints,TEN,NO,8-2,5-4,23,21,TRUE,Tennessee Titans,8-2,home,TEN,3,44,-147,133,103,-114,1,nflreadr,Tennessee Titans,8-2,New Orleans Saints,5-4,0.6034,0.6034,0.5636,0.2963094393186658,0.7036905606813342,173,173,1,1,17,401326471382,38200,NA,NA,NA,NA,NA,NA,NA,NA,NA,NA,FALSE,0,0,FALSE,0,0,FALSE
nfl,2021,401326467,2021-11-14T18:00Z,Indianapolis Colts,Jacksonville Jaguars,IND,JAX,5-5,2-7,23,17,TRUE,Indianapolis Colts,5-5,home,IND,10.5,47.5,-434,358,104,-115,1,nflreadr,Indianapolis Colts,5-5,Jacksonville Jaguars,2-7,0.7816,0.7816,0.4175,0.47688622754491006,0.5231137724550899,177,177,1,1,144,4013264673454,345400,NA,NA,NA,NA,NA,NA,NA,NA,NA,NA,FALSE,0,0,FALSE,0,0,FALSE
nfl,2021,401326468,2021-11-14T18:00Z,New England Patriots,Cleveland Browns,NE,CLE,6-4,5-5,45,7,TRUE,New England Patriots,6-4,home,NE,2.5,45.5,-132,119,-106,-104,1,nflreadr,New England Patriots,6-4,Cleveland Browns,5-5,0.5671,0.5671,0.6946,0.5603224877627411,0.4396775122372589,156,156,1,1,16,401326468389,38900,NA,NA,NA,NA,NA,NA,NA,NA,NA,NA,FALSE,0,0,FALSE,0,0,FALSE
nfl,2021,401326469,2021-11-14T18:00Z,New York Jets,Buffalo Bills,NYJ,BUF,2-7,6-3,17,45,FALSE,Buffalo Bills,6-3,away,BUF,13,47,527,-685,-111,101,1,nflreadr,Buffalo Bills,6-3,New York Jets,2-7,0.1708,0.8291999999999999,0.1953,0.12544802867383475,0.8745519713261652,168,168,1,1,7,401326469159,15900,NA,NA,NA,NA,NA,NA,NA,NA,NA,NA,FALSE,0,0,FALSE,0,0,FALSE
nfl,2021,401326472,2021-11-14T18:00Z,Washington,Tampa Bay Buccaneers,WSH,TB,3-6,6-3,29,19,TRUE,Tampa Bay Buccaneers,6-3,NA,NA,NA,NA,NA,NA,NA,NA,NA,NA,Washington,3-6,Tampa Bay Buccaneers,6-3,0.2203,0.7797000000000001,0.7797000000000001,0.7174554315762474,0.28254456842375264,161,161,1,1,1,4013264721,100,NA,NA,NA,NA,NA,NA,NA,NA,NA,NA,FALSE,0,0,FALSE,0,0,FALSE
nfl,2021,401326473,2021-11-14T21:05Z,Arizona Cardinals,Carolina Panthers,ARI,CAR,8-2,5-5,10,34,FALSE,Arizona Cardinals,8-2,home,ARI,7,42,-329,280,-107,-103,1,nflreadr,Carolina Panthers,5-5,Arizona Cardinals,8-2,0.7643,0.7643,0.7643,0.6916132408740023,0.30838675912599767,167,167,1,1,1,4013264731,100,NA,NA,NA,NA,NA,NA,NA,NA,NA,NA,FALSE,0,0,FALSE,0,0,FALSE
nfl,2021,401326474,2021-11-14T21:05Z,Los Angeles Chargers,Minnesota Vikings,LAC,MIN,5-4,4-5,20,27,FALSE,Los Angeles Chargers,5-4,home,LAC,3,53.5,-179,160,-123,111,1,nflreadr,Minnesota Vikings,4-5,Los Angeles Chargers,5-4,0.5917,0.5917,0.7725,0.7055016181229772,0.2944983818770228,177,177,1,1,110,4013264742697,269700,NA,NA,NA,NA,NA,NA,NA,NA,NA,NA,FALSE,0,0,FALSE,0,0,FALSE
nfl,2021,401326475,2021-11-14T21:25Z,Denver Broncos,Philadelphia Eagles,DEN,PHI,5-5,4-6,13,30,FALSE,Denver Broncos,5-5,home,DEN,1,44.5,-111,101,-102,-108,1,nflreadr,Philadelphia Eagles,4-6,Denver Broncos,5-5,0.635,0.635,0.7529,0.6718023641917918,0.32819763580820815,163,163,1,1,2,40132647540,4000,NA,NA,NA,NA,NA,NA,NA,NA,NA,NA,FALSE,0,0,FALSE,0,0,FALSE
nfl,2021,401326476,2021-11-14T21:25Z,Green Bay Packers,Seattle Seahawks,GB,SEA,8-2,3-6,17,0,TRUE,Green Bay Packers,8-2,home,GB,3,49.5,-168,151,-115,104,1,nflreadr,Green Bay Packers,8-2,Seattle Seahawks,3-6,0.5508,0.5508,0.6148,0.3734547820429408,0.6265452179570592,167,167,1,1,28,401326476664,66400,NA,NA,NA,NA,NA,NA,NA,NA,NA,NA,FALSE,0,0,FALSE,0,0,FALSE
nfl,2021,401326477,2021-11-15T01:20Z,Las Vegas Raiders,Kansas City Chiefs,LV,KC,5-4,6-4,14,41,FALSE,Kansas City Chiefs,6-4,NA,NA,NA,NA,NA,NA,NA,NA,NA,NA,Kansas City Chiefs,6-4,Las Vegas Raiders,5-4,0.4739,0.5261,0.5826,0.28355647099210435,0.7164435290078957,168,168,1,1,18,401326477431,43100,NA,NA,NA,NA,NA,NA,NA,NA,NA,NA,FALSE,0,0,FALSE,0,0,FALSE
nfl,2021,401326478,2021-11-16T01:15Z,San Francisco 49ers,Los Angeles Rams,SF,LAR,4-5,7-3,31,10,TRUE,Los Angeles Rams,7-3,NA,NA,NA,NA,NA,NA,NA,NA,NA,NA,San Francisco 49ers,4-5,Los Angeles Rams,7-3,0.3991,0.6009,0.6012,0.3366600133067197,0.6633399866932803,158,158,1,1,3,40132647864,6400,NA,NA,NA,NA,NA,NA,NA,NA,NA,NA,FALSE,0,0,FALSE,0,0,FALSE
nfl,2021,401326479,2021-11-19T01:20Z,Atlanta Falcons,New England Patriots,ATL,NE,4-6,7-4,0,25,FALSE,New England Patriots,7-4,NA,NA,NA,NA,NA,NA,NA,NA,NA,NA,New England Patriots,7-4,Atlanta Falcons,4-6,0.307,0.6930000000000001,0.3799,0.19189260331666247,0.8081073966833375,156,156,1,1,7,401326479159,15900,NA,NA,NA,NA,NA,NA,NA,NA,NA,NA,FALSE,0,0,FALSE,0,0,FALSE
nfl,2021,401326480,2021-11-21T18:00Z,Buffalo Bills,Indianapolis Colts,BUF,IND,6-4,6-5,15,41,FALSE,Buffalo Bills,6-4,home,BUF,7.5,49.5,-320,274,105,-116,1,nflreadr,Indianapolis Colts,6-5,Buffalo Bills,6-4,0.7643,0.7643,0.7712,0.7033195020746887,0.29668049792531126,157,157,1,1,4,40132648096,9600,NA,NA,NA,NA,NA,NA,NA,NA,NA,NA,FALSE,0,0,FALSE,0,0,FALSE
nfl,2021,401326482,2021-11-21T18:00Z,Chicago Bears,Baltimore Ravens,CHI,BAL,3-7,7-3,13,16,FALSE,Baltimore Ravens,7-3,away,BAL,5,43,199,-226,-107,-103,1,nflreadr,Baltimore Ravens,7-3,Chicago Bears,3-7,0.4838,0.5162,0.9321,0.9271537388692201,0.07284626113077985,194,194,1,1,179,4013264824154,415400,NA,NA,NA,NA,NA,NA,NA,NA,NA,NA,FALSE,0,0,FALSE,0,0,FALSE
nfl,2021,401326483,2021-11-21T18:00Z,Cleveland Browns,Detroit Lions,CLE,DET,6-5,0-9-1,13,10,TRUE,Cleveland Browns,6-5,home,CLE,13,42.5,-590,465,-104,-106,1,nflreadr,Cleveland Browns,6-5,Detroit Lions,0-9-1,0.8176,0.8176,0.5987,0.6953399031234341,0.3046600968765659,161,161,1,1,48,4013264831164,116400,NA,NA,NA,NA,NA,NA,NA,NA,NA,NA,FALSE,0,0,FALSE,0,0,FALSE
nfl,2021,401326488,2021-11-21T18:00Z,Tennessee Titans,Houston Texans,TEN,HOU,8-3,2-8,13,22,FALSE,Tennessee Titans,8-3,home,TEN,10.5,44.5,-462,377,-100,-110,1,nflreadr,Houston Texans,2-8,Tennessee Titans,8-3,0.8302,0.8302,0.8406,0.8103735427075898,0.18962645729241023,183,183,1,1,10,401326488217,21700,NA,NA,NA,NA,NA,NA,NA,NA,NA,NA,FALSE,0,0,FALSE,0,0,FALSE
nfl,2021,401326485,2021-11-21T18:00Z,Minnesota Vikings,Green Bay Packers,MIN,GB,5-5,8-3,34,31,TRUE,Green Bay Packers,8-3,away,GB,1,48,101,-111,-105,-105,1,nflreadr,Minnesota Vikings,5-5,Green Bay Packers,8-3,0.4554,0.5446,0.6489,0.45893049776544936,0.5410695022345506,165,165,1,1,10,401326485211,21100,NA,NA,NA,NA,NA,NA,NA,NA,NA,NA,FALSE,0,0,FALSE,0,0,FALSE
nfl,2021,401326486,2021-11-21T18:00Z,New York Jets,Miami Dolphins,NYJ,MIA,2-8,4-7,17,24,FALSE,Miami Dolphins,4-7,away,MIA,3.5,44.5,162,-181,-107,-103,1,nflreadr,Miami Dolphins,4-7,New York Jets,2-8,0.3956,0.6044,0.6223,0.393058010605817,0.606941989394183,172,172,1,1,63,4013264861681,168100,NA,NA,NA,NA,NA,NA,NA,NA,NA,NA,FALSE,0,0,FALSE,0,0,FALSE
nfl,2021,401326487,2021-11-21T18:00Z,Philadelphia Eagles,New Orleans Saints,PHI,NO,5-6,5-5,40,29,TRUE,New Orleans Saints,5-5,home,PHI,2.5,42.5,-144,130,-117,106,1,nflreadr,Philadelphia Eagles,5-6,New Orleans Saints,5-5,0.4839,0.5161,0.5792999999999999,0.2737786984291384,0.7262213015708616,191,191,1,1,13,401326487295,29500,NA,NA,NA,NA,NA,NA,NA,NA,NA,NA,FALSE,0,0,FALSE,0,0,FALSE
nfl,2021,401326481,2021-11-21T18:00Z,Carolina Panthers,Washington,CAR,WSH,5-6,4-6,21,27,FALSE,Carolina Panthers,5-6,NA,NA,NA,NA,NA,NA,NA,NA,NA,NA,Washington,4-6,Carolina Panthers,5-6,0.6284,0.6284,0.8145,0.7722529158993248,0.22774708410067523,159,159,1,1,14,401326481323,32300,NA,NA,NA,NA,NA,NA,NA,NA,NA,NA,FALSE,0,0,FALSE,0,0,FALSE
nfl,2021,401326484,2021-11-21T18:00Z,Jacksonville Jaguars,San Francisco 49ers,JAX,SF,2-8,5-5,10,30,FALSE,San Francisco 49ers,5-5,away,SF,6.5,45,243,-281,-104,-106,1,nflreadr,San Francisco 49ers,5-5,Jacksonville Jaguars,2-8,0.3561,0.6438999999999999,0.3999,0.10952738184546107,0.8904726181545389,149,149,1,1,2,40132648440,4000,NA,NA,NA,NA,NA,NA,NA,NA,NA,NA,FALSE,0,0,FALSE,0,0,FALSE
nfl,2021,401326489,2021-11-21T21:05Z,Las Vegas Raiders,Cincinnati Bengals,LV,CIN,5-5,6-4,13,32,FALSE,Las Vegas Raiders,5-5,away,CIN,1,50.5,112,-123,105,-115,1,nflreadr,Cincinnati Bengals,6-4,Las Vegas Raiders,5-5,0.5009,0.5009,0.6583,0.48093574358195346,0.5190642564180465,161,161,1,1,9,401326489199,19900,NA,NA,NA,NA,NA,NA,NA,NA,NA,NA,FALSE,0,0,FALSE,0,0,FALSE
nfl,2021,401326490,2021-11-21T21:25Z,Kansas City Chiefs,Dallas Cowboys,KC,DAL,7-4,7-3,19,9,TRUE,Dallas Cowboys,7-3,home,KC,2.5,56,-134,122,-110,-101,1,nflreadr,Kansas City Chiefs,7-4,Dallas Cowboys,7-3,0.4935,0.5065,0.5065,0.025666337611055967,0.974333662388944,177,177,1,1,1,4013264901,100,NA,NA,NA,NA,NA,NA,NA,NA,NA,NA,FALSE,0,0,FALSE,0,0,FALSE
nfl,2021,401326491,2021-11-21T21:25Z,Seattle Seahawks,Arizona Cardinals,SEA,ARI,3-7,9-2,13,23,FALSE,Seattle Seahawks,3-7,home,SEA,2.5,46,-150,135,-122,111,1,nflreadr,Arizona Cardinals,9-2,Seattle Seahawks,3-7,0.5633,0.5633,0.5823,0.28267216211574797,0.717327837884252,174,174,1,1,15,401326491345,34500,NA,NA,NA,NA,NA,NA,NA,NA,NA,NA,FALSE,0,0,FALSE,0,0,FALSE
nfl,2021,401326492,2021-11-22T01:20Z,Los Angeles Chargers,Pittsburgh Steelers,LAC,PIT,6-4,5-4-1,41,37,TRUE,Los Angeles Chargers,6-4,NA,NA,NA,NA,NA,NA,NA,NA,NA,NA,Los Angeles Chargers,6-4,Pittsburgh Steelers,5-4-1,0.6453,0.6453,0.7085,0.5885673959068456,0.4114326040931544,186,186,1,1,162,4013264924066,406600,NA,NA,NA,NA,NA,NA,NA,NA,NA,NA,FALSE,0,0,FALSE,0,0,FALSE
nfl,2021,401326493,2021-11-23T01:15Z,Tampa Bay Buccaneers,New York Giants,TB,NYG,7-3,3-7,30,10,TRUE,Tampa Bay Buccaneers,7-3,NA,NA,NA,NA,NA,NA,NA,NA,NA,NA,Tampa Bay Buccaneers,7-3,New York Giants,3-7,0.7855,0.7855,0.3216,0.3330223880597014,0.6669776119402986,171,171,1,1,61,4013264931466,146600,NA,NA,NA,NA,NA,NA,NA,NA,NA,NA,FALSE,0,0,FALSE,0,0,FALSE
nfl,2021,401326494,2021-11-25T17:30Z,Detroit Lions,Chicago Bears,DET,CHI,0-10-1,4-7,14,16,FALSE,Chicago Bears,4-7,away,CHI,2,41.5,115,-129,-104,-107,1,nflreadr,Chicago Bears,4-7,Detroit Lions,0-10-1,0.4368,0.5631999999999999,0.7165,0.6043265875785067,0.39567341242149334,159,159,1,1,33,401326494861,86100,NA,NA,NA,NA,NA,NA,NA,NA,NA,NA,FALSE,0,0,FALSE,0,0,FALSE
nfl,2021,401326495,2021-11-25T21:30Z,Dallas Cowboys,Las Vegas Raiders,DAL,LV,7-4,6-5,33,36,FALSE,Dallas Cowboys,7-4,home,DAL,7,51,-314,269,-105,-106,1,nflreadr,Las Vegas Raiders,6-5,Dallas Cowboys,7-4,0.7518,0.7518,0.7709,0.7028148916850434,0.2971851083149566,198,198,1,1,8,401326495173,17300,NA,NA,NA,NA,NA,NA,NA,NA,NA,NA,FALSE,0,0,FALSE,0,0,FALSE
nfl,2021,401326496,2021-11-26T01:20Z,New Orleans Saints,Buffalo Bills,NO,BUF,5-6,7-4,6,31,FALSE,Buffalo Bills,7-4,NA,NA,NA,NA,NA,NA,NA,NA,NA,NA,Buffalo Bills,7-4,New Orleans Saints,5-6,0.3836,0.6164000000000001,0.3836,1.1102230246251565e-16,0.9999999999999999,155,155,1,1,1,4013264961,100,NA,NA,NA,NA,NA,NA,NA,NA,NA,NA,FALSE,0,0,FALSE,0,0,FALSE
nfl,2021,401326497,2021-11-28T18:00Z,Cincinnati Bengals,Pittsburgh Steelers,CIN,PIT,7-4,5-5-1,41,10,TRUE,Cincinnati Bengals,7-4,home,CIN,3.5,43.5,-172,154,-100,-111,1,nflreadr,Cincinnati Bengals,7-4,Pittsburgh Steelers,5-5-1,0.5456,0.5456,0.5073,0.10427754780208942,0.8957224521979106,163,163,1,1,5,401326497105,10500,NA,NA,NA,NA,NA,NA,NA,NA,NA,NA,FALSE,0,0,FALSE,0,0,FALSE
nfl,2021,401326499,2021-11-28T18:00Z,Indianapolis Colts,Tampa Bay Buccaneers,IND,TB,6-6,8-3,31,38,FALSE,Tampa Bay Buccaneers,8-3,away,TB,3,53,135,-149,-112,101,1,nflreadr,Tampa Bay Buccaneers,8-3,Indianapolis Colts,6-6,0.397,0.603,0.8302,0.7954709708503975,0.20452902914960247,174,174,1,1,102,4013264992476,247600,NA,NA,NA,NA,NA,NA,NA,NA,NA,NA,FALSE,0,0,FALSE,0,0,FALSE
nfl,2021,401326501,2021-11-28T18:00Z,Miami Dolphins,Carolina Panthers,MIA,CAR,5-7,5-7,33,10,TRUE,Miami Dolphins,5-7,away,CAR,1,41,108,-119,-101,-110,1,nflreadr,Miami Dolphins,5-7,Carolina Panthers,5-7,0.5078,0.5078,0.5868,0.2958418541240626,0.7041581458759374,172,172,1,1,26,401326501675,67500,NA,NA,NA,NA,NA,NA,NA,NA,NA,NA,FALSE,0,0,FALSE,0,0,FALSE
nfl,2021,401326502,2021-11-28T18:00Z,New England Patriots,Tennessee Titans,NE,TEN,8-4,8-4,36,13,TRUE,New England Patriots,8-4,home,NE,7.5,43,-305,262,106,-118,1,nflreadr,New England Patriots,8-4,Tennessee Titans,8-4,0.6743,0.6743,0.47,0.30702127659574463,0.6929787234042554,160,160,1,1,86,4013265022142,214200,NA,NA,NA,NA,NA,NA,NA,NA,NA,NA,FALSE,0,0,FALSE,0,0,FALSE
nfl,2021,401326503,2021-11-28T18:00Z,New York Giants,Philadelphia Eagles,NYG,PHI,4-7,5-7,13,7,TRUE,Philadelphia Eagles,5-7,away,PHI,4,45.5,171,-192,-110,100,1,nflreadr,New York Giants,4-7,Philadelphia Eagles,5-7,0.4383,0.5617,0.6556,0.4746796827333739,0.5253203172666261,161,161,1,1,2,40132650340,4000,NA,NA,NA,NA,NA,NA,NA,NA,NA,NA,FALSE,0,0,FALSE,0,0,FALSE
nfl,2021,401326500,2021-11-28T18:00Z,Jacksonville Jaguars,Atlanta Falcons,JAX,ATL,2-9,5-6,14,21,FALSE,Atlanta Falcons,5-6,away,ATL,1.5,46,105,-115,-108,-102,1,nflreadr,Atlanta Falcons,5-6,Jacksonville Jaguars,2-9,0.4779,0.5221,0.5865,0.29497016197783466,0.7050298380221653,173,173,1,1,27,401326500628,62800,NA,NA,NA,NA,NA,NA,NA,NA,NA,NA,FALSE,0,0,FALSE,0,0,FALSE
nfl,2021,401326498,2021-11-28T18:00Z,Houston Texans,New York Jets,HOU,NYJ,2-9,3-8,14,21,FALSE,Houston Texans,2-9,home,HOU,3,44.5,-138,125,111,-124,1,nflreadr,New York Jets,3-8,Houston Texans,2-9,0.5608,0.5608,0.8562,0.8320485867787899,0.1679514132212101,162,162,1,1,52,4013264981196,119600,NA,NA,NA,NA,NA,NA,NA,NA,NA,NA,FALSE,0,0,FALSE,0,0,FALSE
nfl,2021,401326504,2021-11-28T21:05Z,Denver Broncos,Los Angeles Chargers,DEN,LAC,6-5,6-5,28,13,TRUE,Denver Broncos,6-5,away,LAC,2.5,47.5,127,-141,103,-114,1,nflreadr,Denver Broncos,6-5,Los Angeles Chargers,6-5,0.5456,0.5456,0.5167999999999999,0.1207430340557274,0.8792569659442726,164,164,1,1,6,401326504133,13300,NA,NA,NA,NA,NA,NA,NA,NA,NA,NA,FALSE,0,0,FALSE,0,0,FALSE
nfl,2021,401326505,2021-11-28T21:25Z,Green Bay Packers,Los Angeles Rams,GB,LAR,9-3,7-4,36,28,TRUE,Green Bay Packers,9-3,NA,NA,NA,NA,NA,NA,NA,NA,NA,NA,Green Bay Packers,9-3,Los Angeles Rams,7-4,0.5156,0.5156,0.5009,0.032940706727889735,0.9670592932721103,189,189,1,1,22,401326505504,50400,NA,NA,NA,NA,NA,NA,NA,NA,NA,NA,FALSE,0,0,FALSE,0,0,FALSE
nfl,2021,401326506,2021-11-28T21:25Z,San Francisco 49ers,Minnesota Vikings,SF,MIN,6-5,5-6,34,26,TRUE,San Francisco 49ers,6-5,home,SF,3.5,49,-183,164,-102,-108,1,nflreadr,San Francisco 49ers,6-5,Minnesota Vikings,5-6,0.5962,0.5962,0.6944,0.5599078341013826,0.44009216589861744,160,160,1,1,51,4013265061255,125500,NA,NA,NA,NA,NA,NA,NA,NA,NA,NA,FALSE,0,0,FALSE,0,0,FALSE
nfl,2021,401326507,2021-11-29T01:20Z,Baltimore Ravens,Cleveland Browns,BAL,CLE,8-3,6-6,16,10,TRUE,Baltimore Ravens,8-3,NA,NA,NA,NA,NA,NA,NA,NA,NA,NA,Baltimore Ravens,8-3,Cleveland Browns,6-6,0.6174,0.6174,0.5385,0.28950789229340745,0.7104921077065925,178,178,1,1,149,4013265073649,364900,NA,NA,NA,NA,NA,NA,NA,NA,NA,NA,FALSE,0,0,FALSE,0,0,FALSE
nfl,2021,401326508,2021-11-30T01:15Z,Washington,Seattle Seahawks,WSH,SEA,5-6,3-8,17,15,TRUE,Seattle Seahawks,3-8,NA,NA,NA,NA,NA,NA,NA,NA,NA,NA,Washington,5-6,Seattle Seahawks,3-8,0.4936,0.5064,0.7024,0.5763097949886105,0.42369020501138954,172,172,1,1,59,4013265081371,137100,NA,NA,NA,NA,NA,NA,NA,NA,NA,NA,FALSE,0,0,FALSE,0,0,FALSE
nfl,2021,401326509,2021-12-03T01:20Z,New Orleans Saints,Dallas Cowboys,NO,DAL,5-7,8-4,17,27,FALSE,Dallas Cowboys,8-4,NA,NA,NA,NA,NA,NA,NA,NA,NA,NA,Dallas Cowboys,8-4,New Orleans Saints,5-7,0.4524,0.5476,0.5619,0.22032390105000865,0.7796760989499913,182,182,1,1,32,401326509769,76900,NA,NA,NA,NA,NA,NA,NA,NA,NA,NA,FALSE,0,0,FALSE,0,0,FALSE
nfl,2021,401326510,2021-12-05T18:00Z,Atlanta Falcons,Tampa Bay Buccaneers,ATL,TB,5-7,9-3,17,30,FALSE,Tampa Bay Buccaneers,9-3,away,TB,11,51,387,-475,-108,-103,1,nflreadr,Tampa Bay Buccaneers,9-3,Atlanta Falcons,5-7,0.2065,0.7935,0.4417,0.5324881141045958,0.46751188589540416,180,180,1,1,113,4013265102714,271400,NA,NA,NA,NA,NA,NA,NA,NA,NA,NA,FALSE,0,0,FALSE,0,0,FALSE
nfl,2021,401326511,2021-12-05T18:00Z,Chicago Bears,Arizona Cardinals,CHI,ARI,4-8,10-2,22,33,FALSE,Arizona Cardinals,10-2,away,ARI,7.5,43.5,314,-373,104,-116,1,nflreadr,Arizona Cardinals,10-2,Chicago Bears,4-8,0.252,0.748,0.252,0,1,176,176,1,1,1,4013265111,100,NA,NA,NA,NA,NA,NA,NA,NA,NA,NA,FALSE,0,0,FALSE,0,0,FALSE
nfl,2021,401326512,2021-12-05T18:00Z,Cincinnati Bengals,Los Angeles Chargers,CIN,LAC,7-5,7-5,22,41,FALSE,Cincinnati Bengals,7-5,home,CIN,2.5,49.5,-141,127,-116,104,1,nflreadr,Los Angeles Chargers,7-5,Cincinnati Bengals,7-5,0.5447,0.5447,0.6225,0.39357429718875525,0.6064257028112447,177,177,1,1,3,40132651268,6800,NA,NA,NA,NA,NA,NA,NA,NA,NA,NA,FALSE,0,0,FALSE,0,0,FALSE
nfl,2021,401326513,2021-12-05T18:00Z,Detroit Lions,Minnesota Vikings,DET,MIN,1-10-1,5-7,29,27,TRUE,Minnesota Vikings,5-7,away,MIN,7,47.5,255,-296,-107,-104,1,nflreadr,Detroit Lions,1-10-1,Minnesota Vikings,5-7,0.3205,0.6795,0.8772,0.8600091199270405,0.13999088007295946,192,192,1,1,177,4013265134174,417400,NA,NA,NA,NA,NA,NA,NA,NA,NA,NA,FALSE,0,0,FALSE,0,0,FALSE
nfl,2021,401326516,2021-12-05T18:00Z,Miami Dolphins,New York Giants,MIA,NYG,6-7,4-8,20,9,TRUE,Miami Dolphins,6-7,home,MIA,6.5,40,-293,253,-120,108,1,nflreadr,Miami Dolphins,6-7,New York Giants,4-8,0.6809,0.6809,0.5069,0.37048727559676453,0.6295127244032355,179,179,1,1,41,401326516941,94100,NA,NA,NA,NA,NA,NA,NA,NA,NA,NA,FALSE,0,0,FALSE,0,0,FALSE
nfl,2021,401326517,2021-12-05T18:00Z,New York Jets,Philadelphia Eagles,NYJ,PHI,3-9,6-7,18,33,FALSE,Philadelphia Eagles,6-7,away,PHI,5,44,177,-199,-113,102,1,nflreadr,Philadelphia Eagles,6-7,New York Jets,3-9,0.3255,0.6745,0.534,0.3904494382022472,0.6095505617977528,164,164,1,1,48,4013265171181,118100,NA,NA,NA,NA,NA,NA,NA,NA,NA,NA,FALSE,0,0,FALSE,0,0,FALSE
nfl,2021,401326514,2021-12-05T18:00Z,Houston Texans,Indianapolis Colts,HOU,IND,2-10,7-6,0,31,FALSE,Indianapolis Colts,7-6,away,IND,10,45.5,339,-408,-106,-105,1,nflreadr,Indianapolis Colts,7-6,Houston Texans,2-10,0.2417,0.7583,0.2417,0,1,161,161,1,1,1,4013265141,100,NA,NA,NA,NA,NA,NA,NA,NA,NA,NA,FALSE,0,0,FALSE,0,0,FALSE
nfl,2021,401326518,2021-12-05T21:05Z,Las Vegas Raiders,Washington,LV,WSH,6-6,6-6,15,17,FALSE,Las Vegas Raiders,6-6,NA,NA,NA,NA,NA,NA,NA,NA,NA,NA,Washington,6-6,Las Vegas Raiders,6-6,0.6192,0.6192,0.866,0.8452655889145497,0.15473441108545027,162,162,1,1,146,4013265183523,352300,NA,NA,NA,NA,NA,NA,NA,NA,NA,NA,FALSE,0,0,FALSE,0,0,FALSE
nfl,2021,401326519,2021-12-05T21:05Z,Los Angeles Rams,Jacksonville Jaguars,LAR,JAX,8-4,2-10,37,7,TRUE,Los Angeles Rams,8-4,NA,NA,NA,NA,NA,NA,NA,NA,NA,NA,Los Angeles Rams,8-4,Jacksonville Jaguars,2-10,0.8563,0.8563,0.24439999999999995,0.41202945990179995,0.5879705400982,162,162,1,1,60,4013265191428,142800,NA,NA,NA,NA,NA,NA,NA,NA,NA,NA,FALSE,0,0,FALSE,0,0,FALSE
nfl,2021,401326520,2021-12-05T21:25Z,Pittsburgh Steelers,Baltimore Ravens,PIT,BAL,6-5-1,8-4,20,19,TRUE,Baltimore Ravens,8-4,away,BAL,4,44,174,-195,-107,-104,1,nflreadr,Pittsburgh Steelers,6-5-1,Baltimore Ravens,8-4,0.4296,0.5704,0.8461,0.8181066067840681,0.1818933932159319,176,176,1,1,103,4013265202437,243700,NA,NA,NA,NA,NA,NA,NA,NA,NA,NA,FALSE,0,0,FALSE,0,0,FALSE
nfl,2021,401326521,2021-12-05T21:25Z,Seattle Seahawks,San Francisco 49ers,SEA,SF,4-8,6-6,30,23,TRUE,San Francisco 49ers,6-6,away,SF,3,44.5,125,-138,-120,108,1,nflreadr,Seattle Seahawks,4-8,San Francisco 49ers,6-6,0.4797,0.5203,0.836,0.8038277511961722,0.19617224880382778,171,171,1,1,79,4013265212001,200100,NA,NA,NA,NA,NA,NA,NA,NA,NA,NA,FALSE,0,0,FALSE,0,0,FALSE
nfl,2021,401326515,2021-12-06T01:20Z,Kansas City Chiefs,Denver Broncos,KC,DEN,8-4,6-6,22,9,TRUE,Kansas City Chiefs,8-4,NA,NA,NA,NA,NA,NA,NA,NA,NA,NA,Kansas City Chiefs,8-4,Denver Broncos,6-6,0.6839,0.6839,0.31610000000000005,0,1,166,166,1,1,1,4013265151,100,NA,NA,NA,NA,NA,NA,NA,NA,NA,NA,FALSE,0,0,FALSE,0,0,FALSE
nfl,2021,401326522,2021-12-07T01:15Z,Buffalo Bills,New England Patriots,BUF,NE,7-5,9-4,10,14,FALSE,Buffalo Bills,7-5,NA,NA,NA,NA,NA,NA,NA,NA,NA,NA,New England Patriots,9-4,Buffalo Bills,7-5,0.6442,0.6442,0.7426,0.6533800161594399,0.34661998384056014,149,149,1,1,3,40132652258,5800,NA,NA,NA,NA,NA,NA,NA,NA,NA,NA,FALSE,0,0,FALSE,0,0,FALSE
nfl,2021,401326523,2021-12-10T01:20Z,Minnesota Vikings,Pittsburgh Steelers,MIN,PIT,6-7,6-6-1,36,28,TRUE,Minnesota Vikings,6-7,NA,NA,NA,NA,NA,NA,NA,NA,NA,NA,Minnesota Vikings,6-7,Pittsburgh Steelers,6-6-1,0.6245,0.6245,0.6782,0.5255086994986731,0.47449130050132693,190,190,1,1,10,401326523221,22100,NA,NA,NA,NA,NA,NA,NA,NA,NA,NA,FALSE,0,0,FALSE,0,0,FALSE
nfl,2021,401326526,2021-12-12T18:00Z,Cleveland Browns,Baltimore Ravens,CLE,BAL,7-6,8-5,24,22,TRUE,Cleveland Browns,7-6,home,CLE,3,44,-150,135,-107,-104,1,nflreadr,Cleveland Browns,7-6,Baltimore Ravens,8-5,0.5365,0.5365,0.6073999999999999,0.3536384590055974,0.6463615409944026,189,189,1,1,12,401326526284,28400,NA,NA,NA,NA,NA,NA,NA,NA,NA,NA,FALSE,0,0,FALSE,0,0,FALSE
nfl,2021,401326530,2021-12-12T18:00Z,Tennessee Titans,Jacksonville Jaguars,TEN,JAX,9-4,2-11,20,0,TRUE,Tennessee Titans,9-4,home,TEN,8.5,44.5,-384,321,-103,-108,1,nflreadr,Tennessee Titans,9-4,Jacksonville Jaguars,2-11,0.8119,0.8119,0.6376,0.7049874529485569,0.2950125470514431,160,160,1,1,30,401326530741,74100,NA,NA,NA,NA,NA,NA,NA,NA,NA,NA,FALSE,0,0,FALSE,0,0,FALSE
nfl,2021,401326528,2021-12-12T18:00Z,Kansas City Chiefs,Las Vegas Raiders,KC,LV,9-4,6-7,48,9,TRUE,Kansas City Chiefs,9-4,home,KC,10,48,-444,365,-103,-108,1,nflreadr,Kansas City Chiefs,9-4,Las Vegas Raiders,6-7,0.7202,0.7202,0.27980000000000005,0,1,160,160,1,1,1,4013265281,100,NA,NA,NA,NA,NA,NA,NA,NA,NA,NA,FALSE,0,0,FALSE,0,0,FALSE
nfl,2021,401326529,2021-12-12T18:00Z,New York Jets,New Orleans Saints,NYJ,NO,3-10,6-7,9,30,FALSE,New Orleans Saints,6-7,away,NO,4.5,42,173,-194,-114,103,1,nflreadr,New Orleans Saints,6-7,New York Jets,3-10,0.2915,0.7085,0.429,0.3205128205128206,0.6794871794871794,179,179,1,1,55,4013265291273,127300,NA,NA,NA,NA,NA,NA,NA,NA,NA,NA,FALSE,0,0,FALSE,0,0,FALSE
nfl,2021,401326531,2021-12-12T18:00Z,Washington,Dallas Cowboys,WSH,DAL,6-7,9-4,20,27,FALSE,Dallas Cowboys,9-4,NA,NA,NA,NA,NA,NA,NA,NA,NA,NA,Dallas Cowboys,9-4,Washington,6-7,0.37,0.63,0.4351,0.14962077683291197,0.850379223167088,195,195,1,1,7,401326531168,16800,NA,NA,NA,NA,NA,NA,NA,NA,NA,NA,FALSE,0,0,FALSE,0,0,FALSE
nfl,2021,401326524,2021-12-12T18:00Z,Carolina Panthers,Atlanta Falcons,CAR,ATL,5-8,6-7,21,29,FALSE,Carolina Panthers,5-8,home,CAR,2.5,41,-136,123,-107,-104,1,nflreadr,Atlanta Falcons,6-7,Carolina Panthers,5-8,0.6767,0.6767,0.8131,0.7701389742959046,0.2298610257040954,165,165,1,1,15,401326524391,39100,NA,NA,NA,NA,NA,NA,NA,NA,NA,NA,FALSE,0,0,FALSE,0,0,FALSE
nfl,2021,401326527,2021-12-12T18:00Z,Houston Texans,Seattle Seahawks,HOU,SEA,2-11,5-8,13,33,FALSE,Seattle Seahawks,5-8,away,SEA,10,40.5,334,-401,-116,104,1,nflreadr,Seattle Seahawks,5-8,Houston Texans,2-11,0.2769,0.7231000000000001,0.5983,0.537188701320408,0.46281129867959203,185,185,1,1,51,4013265271189,118900,NA,NA,NA,NA,NA,NA,NA,NA,NA,NA,FALSE,0,0,FALSE,0,0,FALSE
nfl,2021,401326532,2021-12-12T21:05Z,Denver Broncos,Detroit Lions,DEN,DET,7-6,1-11-1,38,10,TRUE,Denver Broncos,7-6,home,DEN,13,42,-635,495,-102,-109,1,nflreadr,Denver Broncos,7-6,Detroit Lions,1-11-1,0.7617,0.7617,0.34530000000000005,0.309875470605271,0.690124529394729,161,161,1,1,61,4013265321475,147500,NA,NA,NA,NA,NA,NA,NA,NA,NA,NA,FALSE,0,0,FALSE,0,0,FALSE
nfl,2021,401326533,2021-12-12T21:05Z,Los Angeles Chargers,New York Giants,LAC,NYG,8-5,4-9,37,21,TRUE,Los Angeles Chargers,8-5,home,LAC,9.5,44,-395,329,106,-118,1,nflreadr,Los Angeles Chargers,8-5,New York Giants,4-9,0.7805,0.7805,0.26870000000000005,0.1831038332713063,0.8168961667286937,181,181,1,1,10,401326533221,22100,NA,NA,NA,NA,NA,NA,NA,NA,NA,NA,FALSE,0,0,FALSE,0,0,FALSE
nfl,2021,401326525,2021-12-12T21:25Z,Cincinnati Bengals,San Francisco 49ers,CIN,SF,7-6,7-6,23,26,FALSE,San Francisco 49ers,7-6,away,SF,2.5,49,117,-130,-108,-103,1,nflreadr,San Francisco 49ers,7-6,Cincinnati Bengals,7-6,0.4824,0.5176000000000001,0.5416,0.15361890694239277,0.8463810930576072,172,172,1,1,33,401326525818,81800,NA,NA,NA,NA,NA,NA,NA,NA,NA,NA,FALSE,0,0,FALSE,0,0,FALSE
nfl,2021,401326534,2021-12-12T21:25Z,Tampa Bay Buccaneers,Buffalo Bills,TB,BUF,10-3,7-6,33,27,TRUE,Tampa Bay Buccaneers,10-3,home,TB,3.5,52.5,-181,161,-105,-106,1,nflreadr,Tampa Bay Buccaneers,10-3,Buffalo Bills,7-6,0.5769,0.5769,0.6803,0.5300602675290313,0.46993973247096865,197,197,1,1,191,4013265344494,449400,NA,NA,NA,NA,NA,NA,NA,NA,NA,NA,FALSE,0,0,FALSE,0,0,FALSE
nfl,2021,401326535,2021-12-13T01:20Z,Green Bay Packers,Chicago Bears,GB,CHI,10-3,4-9,45,30,TRUE,Green Bay Packers,10-3,NA,NA,NA,NA,NA,NA,NA,NA,NA,NA,Green Bay Packers,10-3,Chicago Bears,4-9,0.811,0.811,0.6375,0.703529411764706,0.29647058823529404,172,172,1,1,72,4013265351759,175900,NA,NA,NA,NA,NA,NA,NA,NA,NA,NA,FALSE,0,0,FALSE,0,0,FALSE
nfl,2021,401326536,2021-12-14T01:15Z,Arizona Cardinals,Los Angeles Rams,ARI,LAR,10-3,9-4,23,30,FALSE,Arizona Cardinals,10-3,NA,NA,NA,NA,NA,NA,NA,NA,NA,NA,Los Angeles Rams,9-4,Arizona Cardinals,10-3,0.5942,0.5942,0.7236,0.6180210060807076,0.38197899391929235,181,181,1,1,28,401326536647,64700,NA,NA,NA,NA,NA,NA,NA,NA,NA,NA,FALSE,0,0,FALSE,0,0,FALSE
nfl,2021,401326537,2021-12-17T01:20Z,Los Angeles Chargers,Kansas City Chiefs,LAC,KC,8-6,10-4,28,34,FALSE,Kansas City Chiefs,10-4,NA,NA,NA,NA,NA,NA,NA,NA,NA,NA,Kansas City Chiefs,10-4,Los Angeles Chargers,8-6,0.4847,0.5153,0.9308,0.9256553502363558,0.07434464976364419,180,180,1,1,134,4013265373355,335500,NA,NA,NA,NA,NA,NA,NA,NA,NA,NA,FALSE,0,0,FALSE,0,0,FALSE
nfl,2021,401326540,2021-12-19T01:15Z,Indianapolis Colts,New England Patriots,IND,NE,8-6,9-5,27,17,TRUE,New England Patriots,9-5,NA,NA,NA,NA,NA,NA,NA,NA,NA,NA,Indianapolis Colts,8-6,New England Patriots,9-5,0.4635,0.5365,0.6502,0.4620116887111658,0.5379883112888342,159,159,1,1,2,40132654041,4100,NA,NA,NA,NA,NA,NA,NA,NA,NA,NA,FALSE,0,0,FALSE,0,0,FALSE
nfl,2021,401326538,2021-12-19T18:00Z,Buffalo Bills,Carolina Panthers,BUF,CAR,8-6,5-9,31,14,TRUE,Buffalo Bills,8-6,home,BUF,14,43,-739,562,-114,102,1,nflreadr,Buffalo Bills,8-6,Carolina Panthers,5-9,0.8046,0.8046,0.28569999999999995,0.3160658032901643,0.6839341967098357,182,182,1,1,22,401326538532,53200,NA,NA,NA,NA,NA,NA,NA,NA,NA,NA,FALSE,0,0,FALSE,0,0,FALSE
nfl,2021,401326544,2021-12-19T18:00Z,Detroit Lions,Arizona Cardinals,DET,ARI,2-11-1,10-4,30,12,TRUE,Arizona Cardinals,10-4,away,ARI,13,48,495,-634,-109,-102,1,nflreadr,Detroit Lions,2-11-1,Arizona Cardinals,10-4,0.1911,0.8089,0.8321000000000001,0.7982213676240837,0.2017786323759163,180,180,1,1,3,40132654462,6200,NA,NA,NA,NA,NA,NA,NA,NA,NA,NA,FALSE,0,0,FALSE,0,0,FALSE
nfl,2021,401326541,2021-12-19T18:00Z,Miami Dolphins,New York Jets,MIA,NYJ,7-7,3-11,31,24,TRUE,Miami Dolphins,7-7,home,MIA,10.5,42,-445,366,102,-114,1,nflreadr,Miami Dolphins,7-7,New York Jets,3-11,0.8135,0.8135,0.6729,0.722841432605142,0.277158567394858,168,168,1,1,90,4013265412093,209300,NA,NA,NA,NA,NA,NA,NA,NA,NA,NA,FALSE,0,0,FALSE,0,0,FALSE
nfl,2021,401326546,2021-12-19T18:00Z,New York Giants,Dallas Cowboys,NYG,DAL,4-10,10-4,6,21,FALSE,Dallas Cowboys,10-4,away,DAL,11.5,43,428,-534,108,-120,1,nflreadr,Dallas Cowboys,10-4,New York Giants,4-10,0.2998,0.7001999999999999,0.4344,0.3098526703499078,0.6901473296500922,177,177,1,1,2,40132654641,4100,NA,NA,NA,NA,NA,NA,NA,NA,NA,NA,FALSE,0,0,FALSE,0,0,FALSE
nfl,2021,401326547,2021-12-19T18:00Z,Pittsburgh Steelers,Tennessee Titans,PIT,TEN,7-6-1,9-5,19,13,TRUE,Tennessee Titans,9-5,home,PIT,1,44,-121,109,-114,102,1,nflreadr,Pittsburgh Steelers,7-6-1,Tennessee Titans,9-5,0.48,0.52,0.8932,0.8804299149126735,0.11957008508732647,175,175,1,1,99,4013265472308,230800,NA,NA,NA,NA,NA,NA,NA,NA,NA,NA,FALSE,0,0,FALSE,0,0,FALSE
nfl,2021,401326545,2021-12-19T18:00Z,Jacksonville Jaguars,Houston Texans,JAX,HOU,2-12,3-11,16,30,FALSE,Jacksonville Jaguars,2-12,home,JAX,6,40,-257,224,-101,-111,1,nflreadr,Houston Texans,3-11,Jacksonville Jaguars,2-12,0.6242,0.6242,0.6708,0.5092426952892068,0.49075730471079315,176,176,1,1,12,401326545262,26200,NA,NA,NA,NA,NA,NA,NA,NA,NA,NA,FALSE,0,0,FALSE,0,0,FALSE
nfl,2021,401326548,2021-12-19T21:05Z,Denver Broncos,Cincinnati Bengals,DEN,CIN,7-7,8-6,10,15,FALSE,Denver Broncos,7-7,home,DEN,3,45,-155,140,-101,-110,1,nflreadr,Cincinnati Bengals,8-6,Denver Broncos,7-7,0.6082,0.6082,0.6913,0.5534500216982496,0.44654997830175036,171,171,1,1,56,4013265481267,126700,NA,NA,NA,NA,NA,NA,NA,NA,NA,NA,FALSE,0,0,FALSE,0,0,FALSE
nfl,2021,401326549,2021-12-19T21:05Z,San Francisco 49ers,Atlanta Falcons,SF,ATL,8-6,6-8,31,13,TRUE,San Francisco 49ers,8-6,home,SF,9.5,48,-380,319,102,-114,1,nflreadr,San Francisco 49ers,8-6,Atlanta Falcons,6-8,0.7673,0.7673,0.4479,0.4804643893726278,0.5195356106273722,155,155,1,1,5,401326549119,11900,NA,NA,NA,NA,NA,NA,NA,NA,NA,NA,FALSE,0,0,FALSE,0,0,FALSE
nfl,2021,401326543,2021-12-19T21:25Z,Baltimore Ravens,Green Bay Packers,BAL,GB,8-6,11-3,30,31,FALSE,Green Bay Packers,11-3,away,GB,9.5,45.5,299,-354,-116,104,1,nflreadr,Green Bay Packers,11-3,Baltimore Ravens,8-6,0.3777,0.6223000000000001,0.6864,0.543123543123543,0.45687645687645695,168,168,1,1,29,401326543700,70000,NA,NA,NA,NA,NA,NA,NA,NA,NA,NA,FALSE,0,0,FALSE,0,0,FALSE
nfl,2021,401326551,2021-12-20T01:20Z,Tampa Bay Buccaneers,New Orleans Saints,TB,NO,10-4,7-7,0,9,FALSE,Tampa Bay Buccaneers,10-4,NA,NA,NA,NA,NA,NA,NA,NA,NA,NA,New Orleans Saints,7-7,Tampa Bay Buccaneers,10-4,0.7575,0.7575,0.7981,0.7470241824332791,0.25297581756672094,180,180,1,1,8,401326551160,16000,NA,NA,NA,NA,NA,NA,NA,NA,NA,NA,FALSE,0,0,FALSE,0,0,FALSE
nfl,2021,401326539,2021-12-20T22:00Z,Cleveland Browns,Las Vegas Raiders,CLE,LV,7-7,7-7,14,16,FALSE,Cleveland Browns,7-7,away,LV,3,41,131,-147,-109,-102,1,nflreadr,Las Vegas Raiders,7-7,Cleveland Browns,7-7,0.6236,0.6236,0.8328,0.7992315081652257,0.2007684918347743,179,179,1,1,160,4013265393789,378900,NA,NA,NA,NA,NA,NA,NA,NA,NA,NA,FALSE,0,0,FALSE,0,0,FALSE
nfl,2021,401326552,2021-12-21T01:15Z,Chicago Bears,Minnesota Vikings,CHI,MIN,4-10,7-7,9,17,FALSE,Minnesota Vikings,7-7,NA,NA,NA,NA,NA,NA,NA,NA,NA,NA,Minnesota Vikings,7-7,Chicago Bears,4-10,0.3629,0.6371,0.4715,0.23032873806998932,0.7696712619300107,187,187,1,1,4,40132655288,8800,NA,NA,NA,NA,NA,NA,NA,NA,NA,NA,FALSE,0,0,FALSE,0,0,FALSE
nfl,2021,401326550,2021-12-22T00:00Z,Los Angeles Rams,Seattle Seahawks,LAR,SEA,10-4,5-9,20,10,TRUE,Los Angeles Rams,10-4,NA,NA,NA,NA,NA,NA,NA,NA,NA,NA,Los Angeles Rams,10-4,Seattle Seahawks,5-9,0.6801,0.6801,0.6916,0.5540775014459225,0.4459224985540775,162,162,1,1,91,4013265502097,209700,NA,NA,NA,NA,NA,NA,NA,NA,NA,NA,FALSE,0,0,FALSE,0,0,FALSE
nfl,2021,401326542,2021-12-22T00:00Z,Philadelphia Eagles,Washington,PHI,WSH,7-7,6-8,27,17,TRUE,Philadelphia Eagles,7-7,NA,NA,NA,NA,NA,NA,NA,NA,NA,NA,Philadelphia Eagles,7-7,Washington,6-8,0.708,0.708,0.6696,0.5639187574671445,0.4360812425328555,162,162,1,1,31,401326542788,78800,NA,NA,NA,NA,NA,NA,NA,NA,NA,NA,FALSE,0,0,FALSE,0,0,FALSE
nfl,2021,401326553,2021-12-24T01:20Z,Tennessee Titans,San Francisco 49ers,TEN,SF,10-5,8-7,20,17,TRUE,San Francisco 49ers,8-7,NA,NA,NA,NA,NA,NA,NA,NA,NA,NA,Tennessee Titans,10-5,San Francisco 49ers,8-7,0.4881,0.5119,0.8203,0.7809338047055956,0.2190661952944044,157,157,1,1,49,4013265531215,121500,NA,NA,NA,NA,NA,NA,NA,NA,NA,NA,FALSE,0,0,FALSE,0,0,FALSE
nfl,2021,401326554,2021-12-25T21:30Z,Green Bay Packers,Cleveland Browns,GB,CLE,12-3,7-8,24,22,TRUE,Green Bay Packers,12-3,home,GB,7.5,46.5,-430,343,-112,101,1,nflreadr,Green Bay Packers,12-3,Cleveland Browns,7-8,0.6875,0.6875,0.5591999999999999,0.4411659513590843,0.5588340486409157,158,158,1,1,137,4013265543355,335500,NA,NA,NA,NA,NA,NA,NA,NA,NA,NA,FALSE,0,0,FALSE,0,0,FALSE
nfl,2021,401326555,2021-12-26T01:15Z,Arizona Cardinals,Indianapolis Colts,ARI,IND,10-5,9-6,16,22,FALSE,Arizona Cardinals,10-5,NA,NA,NA,NA,NA,NA,NA,NA,NA,NA,Indianapolis Colts,9-6,Arizona Cardinals,10-5,0.6295,0.6295,0.6854,0.5409979573971404,0.4590020426028596,174,174,1,1,97,4013265552467,246700,NA,NA,NA,NA,NA,NA,NA,NA,NA,NA,FALSE,0,0,FALSE,0,0,FALSE
nfl,2021,401326556,2021-12-26T18:00Z,Atlanta Falcons,Detroit Lions,ATL,DET,7-8,2-12-1,20,16,TRUE,Atlanta Falcons,7-8,home,ATL,7.5,42.5,-373,309,-105,-106,1,nflreadr,Atlanta Falcons,7-8,Detroit Lions,2-12-1,0.6781,0.6781,0.6568,0.5098964677222899,0.4901035322777101,153,153,1,1,148,4013265563420,342000,NA,NA,NA,NA,NA,NA,NA,NA,NA,NA,FALSE,0,0,FALSE,0,0,FALSE
nfl,2021,401326558,2021-12-26T18:00Z,Cincinnati Bengals,Baltimore Ravens,CIN,BAL,9-6,8-7,41,21,TRUE,Cincinnati Bengals,9-6,home,CIN,7.5,43,-369,306,-109,-102,1,nflreadr,Cincinnati Bengals,9-6,Baltimore Ravens,8-7,0.6056,0.6056,0.5559000000000001,0.2905198776758411,0.7094801223241589,170,170,1,1,24,401326558596,59600,NA,NA,NA,NA,NA,NA,NA,NA,NA,NA,FALSE,0,0,FALSE,0,0,FALSE
nfl,2021,401326560,2021-12-26T18:00Z,Minnesota Vikings,Los Angeles Rams,MIN,LAR,7-8,11-4,23,30,FALSE,Los Angeles Rams,11-4,NA,NA,NA,NA,NA,NA,NA,NA,NA,NA,Los Angeles Rams,11-4,Minnesota Vikings,7-8,0.4254,0.5746,0.4686,0.09218950064020492,0.9078104993597951,176,176,1,1,102,4013265602395,239500,NA,NA,NA,NA,NA,NA,NA,NA,NA,NA,FALSE,0,0,FALSE,0,0,FALSE
nfl,2021,401326561,2021-12-26T18:00Z,New England Patriots,Buffalo Bills,NE,BUF,9-6,9-6,21,33,FALSE,Buffalo Bills,9-6,home,NE,1,43.5,-114,102,-105,-106,1,nflreadr,Buffalo Bills,9-6,New England Patriots,9-6,0.4822,0.5178,0.5287,0.10856818611689034,0.8914318138831097,175,175,1,1,6,401326561123,12300,NA,NA,NA,NA,NA,NA,NA,NA,NA,NA,FALSE,0,0,FALSE,0,0,FALSE
nfl,2021,401326562,2021-12-26T18:00Z,New York Jets,Jacksonville Jaguars,NYJ,JAX,4-11,2-13,26,21,TRUE,New York Jets,4-11,home,NYJ,2.5,42.5,-125,114,100,-111,1,nflreadr,New York Jets,4-11,Jacksonville Jaguars,2-13,0.5263,0.5263,0.6066,0.35146719419716455,0.6485328058028355,169,169,1,1,13,401326562301,30100,NA,NA,NA,NA,NA,NA,NA,NA,NA,NA,FALSE,0,0,FALSE,0,0,FALSE
nfl,2021,401326563,2021-12-26T18:00Z,Philadelphia Eagles,New York Giants,PHI,NYG,8-7,4-11,34,10,TRUE,Philadelphia Eagles,8-7,home,PHI,11,41,-529,416,-103,-108,1,nflreadr,Philadelphia Eagles,8-7,New York Giants,4-11,0.6887,0.6887,0.7436,0.6551909628832706,0.3448090371167294,185,185,1,1,63,4013265631555,155500,NA,NA,NA,NA,NA,NA,NA,NA,NA,NA,FALSE,0,0,FALSE,0,0,FALSE
nfl,2021,401326557,2021-12-26T18:00Z,Carolina Panthers,Tampa Bay Buccaneers,CAR,TB,5-10,11-4,6,32,FALSE,Tampa Bay Buccaneers,11-4,away,TB,11.5,44.5,399,-503,-117,105,1,nflreadr,Tampa Bay Buccaneers,11-4,Carolina Panthers,5-10,0.261,0.739,0.4424,0.4100361663652803,0.5899638336347197,181,181,1,1,17,401326557369,36900,NA,NA,NA,NA,NA,NA,NA,NA,NA,NA,FALSE,0,0,FALSE,0,0,FALSE
nfl,2021,401326559,2021-12-26T18:00Z,Houston Texans,Los Angeles Chargers,HOU,LAC,4-11,8-7,41,29,TRUE,Los Angeles Chargers,8-7,away,LAC,13.5,46,500,-661,-114,102,1,nflreadr,Houston Texans,4-11,Los Angeles Chargers,8-7,0.2027,0.7973,0.8471,0.8195018297721639,0.1804981702278361,163,163,1,1,15,401326559326,32600,NA,NA,NA,NA,NA,NA,NA,NA,NA,NA,FALSE,0,0,FALSE,0,0,FALSE
nfl,2021,401326564,2021-12-26T21:05Z,Seattle Seahawks,Chicago Bears,SEA,CHI,5-10,5-10,24,25,FALSE,Seattle Seahawks,5-10,home,SEA,7,41,-313,268,-108,-103,1,nflreadr,Chicago Bears,5-10,Seattle Seahawks,5-10,0.7271,0.7271,0.9602,0.9585503020204125,0.04144969797958753,165,165,1,1,140,4013265643433,343300,NA,NA,NA,NA,NA,NA,NA,NA,NA,NA,FALSE,0,0,FALSE,0,0,FALSE
nfl,2021,401326565,2021-12-26T21:25Z,Kansas City Chiefs,Pittsburgh Steelers,KC,PIT,11-4,7-7-1,36,10,TRUE,Kansas City Chiefs,11-4,home,KC,10.5,44,-400,328,102,-114,1,nflreadr,Kansas City Chiefs,11-4,Pittsburgh Steelers,7-7-1,0.7566,0.7566,0.24339999999999995,0,1,180,180,1,1,1,4013265651,100,NA,NA,NA,NA,NA,NA,NA,NA,NA,NA,FALSE,0,0,FALSE,0,0,FALSE
nfl,2021,401326566,2021-12-26T21:25Z,Las Vegas Raiders,Denver Broncos,LV,DEN,8-7,7-8,17,13,TRUE,Denver Broncos,7-8,away,DEN,1,42,-102,-109,-110,-101,1,nflreadr,Las Vegas Raiders,8-7,Denver Broncos,7-8,0.4577,0.5423,0.6967,0.5646619778957944,0.4353380221042056,141,141,1,1,73,4013265661714,171400,NA,NA,NA,NA,NA,NA,NA,NA,NA,NA,FALSE,0,0,FALSE,0,0,FALSE
nfl,2021,401326567,2021-12-27T01:20Z,Dallas Cowboys,Washington,DAL,WSH,11-4,6-9,56,14,TRUE,Dallas Cowboys,11-4,NA,NA,NA,NA,NA,NA,NA,NA,NA,NA,Dallas Cowboys,11-4,Washington,6-9,0.7519,0.7519,0.34450000000000003,0.27982583454281573,0.7201741654571843,165,165,1,1,7,401326567149,14900,NA,NA,NA,NA,NA,NA,NA,NA,NA,NA,FALSE,0,0,FALSE,0,0,FALSE
nfl,2021,401326568,2021-12-28T01:15Z,New Orleans Saints,Miami Dolphins,NO,MIA,7-8,8-7,3,20,FALSE,New Orleans Saints,7-8,NA,NA,NA,NA,NA,NA,NA,NA,NA,NA,Miami Dolphins,8-7,New Orleans Saints,7-8,0.6277,0.6277,0.6909,0.5526125343754522,0.4473874656245478,158,158,1,1,6,401326568166,16600,NA,NA,NA,NA,NA,NA,NA,NA,NA,NA,FALSE,0,0,FALSE,0,0,FALSE
nfl,2021,401326569,2022-01-02T18:00Z,Buffalo Bills,Atlanta Falcons,BUF,ATL,10-6,7-9,29,15,TRUE,Buffalo Bills,10-6,home,BUF,14,46.5,-871,625,-111,-101,1,nflreadr,Buffalo Bills,10-6,Atlanta Falcons,7-9,0.876,0.876,0.4078000000000001,0.6959293771456597,0.3040706228543403,161,161,1,1,95,4013265692376,237600,NA,NA,NA,NA,NA,NA,NA,NA,NA,NA,FALSE,0,0,FALSE,0,0,FALSE
nfl,2021,401326570,2022-01-02T18:00Z,Chicago Bears,New York Giants,CHI,NYG,6-10,4-12,29,3,TRUE,Chicago Bears,6-10,home,CHI,7,36.5,-287,245,104,-115,1,nflreadr,Chicago Bears,6-10,New York Giants,4-12,0.6186,0.6186,0.3814,1.1102230246251565e-16,0.9999999999999999,167,167,1,1,1,4013265701,100,NA,NA,NA,NA,NA,NA,NA,NA,NA,NA,FALSE,0,0,FALSE,0,0,FALSE
nfl,2021,401326571,2022-01-02T18:00Z,Cincinnati Bengals,Kansas City Chiefs,CIN,KC,10-6,11-5,34,31,TRUE,Kansas City Chiefs,11-5,away,KC,3.5,51,157,-178,-108,-103,1,nflreadr,Cincinnati Bengals,10-6,Kansas City Chiefs,11-5,0.3875,0.6125,0.892,0.8789237668161436,0.12107623318385641,170,170,1,1,73,4013265711876,187600,NA,NA,NA,NA,NA,NA,NA,NA,NA,NA,FALSE,0,0,FALSE,0,0,FALSE
nfl,2021,401326577,2022-01-02T18:00Z,Tennessee Titans,Miami Dolphins,TEN,MIA,11-5,8-8,34,3,TRUE,Tennessee Titans,11-5,home,TEN,3,41,-170,151,-118,106,1,nflreadr,Tennessee Titans,11-5,Miami Dolphins,8-8,0.6253,0.6253,0.4452,0.15835579514824782,0.8416442048517522,161,161,1,1,11,401326577257,25700,NA,NA,NA,NA,NA,NA,NA,NA,NA,NA,FALSE,0,0,FALSE,0,0,FALSE
nfl,2021,401326573,2022-01-02T18:00Z,Indianapolis Colts,Las Vegas Raiders,IND,LV,9-7,9-7,20,23,FALSE,Indianapolis Colts,9-7,home,IND,8.5,46.5,-397,325,-112,100,1,nflreadr,Las Vegas Raiders,9-7,Indianapolis Colts,9-7,0.7368,0.7368,0.8089,0.7637532451477314,0.23624675485226865,159,159,1,1,92,4013265732143,214300,NA,NA,NA,NA,NA,NA,NA,NA,NA,NA,FALSE,0,0,FALSE,0,0,FALSE
nfl,2021,401326574,2022-01-02T18:00Z,New England Patriots,Jacksonville Jaguars,NE,JAX,10-6,2-14,50,10,TRUE,New England Patriots,10-6,home,NE,17.5,42,-1056,727,-102,-109,1,nflreadr,New England Patriots,10-6,Jacksonville Jaguars,2-14,0.8794,0.8794,0.14970000000000006,0.1943887775551102,0.8056112224448898,151,151,1,1,13,401326574307,30700,NA,NA,NA,NA,NA,NA,NA,NA,NA,NA,FALSE,0,0,FALSE,0,0,FALSE
nfl,2021,401326576,2022-01-02T18:00Z,New York Jets,Tampa Bay Buccaneers,NYJ,TB,4-12,12-4,24,28,FALSE,Tampa Bay Buccaneers,12-4,away,TB,14.5,48,623,-868,-110,-101,1,nflreadr,Tampa Bay Buccaneers,12-4,New York Jets,4-12,0.1154,0.8846,0.999,0.9989989989989989,0.0010010010010010895,171,171,1,1,166,4013265763960,396000,NA,NA,NA,NA,NA,NA,NA,NA,NA,NA,FALSE,0,0,FALSE,0,0,FALSE
nfl,2021,401326578,2022-01-02T18:00Z,Washington,Philadelphia Eagles,WSH,PHI,6-10,9-7,16,20,FALSE,Philadelphia Eagles,9-7,NA,NA,NA,NA,NA,NA,NA,NA,NA,NA,Philadelphia Eagles,9-7,Washington,6-10,0.4166,0.5833999999999999,0.7641,0.6912707760764298,0.30872922392357016,162,162,1,1,90,4013265782190,219000,NA,NA,NA,NA,NA,NA,NA,NA,NA,NA,FALSE,0,0,FALSE,0,0,FALSE
nfl,2021,401326581,2022-01-02T18:00Z,Baltimore Ravens,Los Angeles Rams,BAL,LAR,8-8,12-4,19,20,FALSE,Los Angeles Rams,12-4,NA,NA,NA,NA,NA,NA,NA,NA,NA,NA,Los Angeles Rams,12-4,Baltimore Ravens,8-8,0.3833,0.6167,0.8714,0.8524213908652742,0.14757860913472576,169,169,1,1,115,4013265812663,266300,NA,NA,NA,NA,NA,NA,NA,NA,NA,NA,FALSE,0,0,FALSE,0,0,FALSE
nfl,2021,401326579,2022-01-02T21:05Z,Los Angeles Chargers,Denver Broncos,LAC,DEN,9-7,7-9,34,13,TRUE,Los Angeles Chargers,9-7,home,LAC,8,45.5,-340,285,105,-117,1,nflreadr,Los Angeles Chargers,9-7,Denver Broncos,7-9,0.5987,0.5987,0.4489,0.10603697928269107,0.8939630207173089,161,161,1,1,3,40132657967,6700,NA,NA,NA,NA,NA,NA,NA,NA,NA,NA,FALSE,0,0,FALSE,0,0,FALSE
nfl,2021,401326580,2022-01-02T21:05Z,San Francisco 49ers,Houston Texans,SF,HOU,9-7,4-12,23,7,TRUE,San Francisco 49ers,9-7,home,SF,14,44,-602,463,101,-113,1,nflreadr,San Francisco 49ers,9-7,Houston Texans,4-12,0.8376,0.8376,0.6095999999999999,0.7335958005249343,0.26640419947506566,171,171,1,1,75,4013265801856,185600,NA,NA,NA,NA,NA,NA,NA,NA,NA,NA,FALSE,0,0,FALSE,0,0,FALSE
nfl,2021,401326572,2022-01-02T21:25Z,Dallas Cowboys,Arizona Cardinals,DAL,ARI,11-5,11-5,22,25,FALSE,Dallas Cowboys,11-5,home,DAL,6.5,53,-262,225,-108,-103,1,nflreadr,Arizona Cardinals,11-5,Dallas Cowboys,11-5,0.5727,0.5727,0.5727,0.25388510563995115,0.7461148943600489,181,181,1,1,1,4013265721,100,NA,NA,NA,NA,NA,NA,NA,NA,NA,NA,FALSE,0,0,FALSE,0,0,FALSE
nfl,2021,401326575,2022-01-02T21:25Z,New Orleans Saints,Carolina Panthers,NO,CAR,8-8,5-11,18,10,TRUE,New Orleans Saints,8-8,home,NO,7,37,-279,238,-101,-110,1,nflreadr,New Orleans Saints,8-8,Carolina Panthers,5-11,0.6698,0.6698,0.6357999999999999,0.48065429380308256,0.5193457061969174,161,161,1,1,40,401326575983,98300,NA,NA,NA,NA,NA,NA,NA,NA,NA,NA,FALSE,0,0,FALSE,0,0,FALSE
nfl,2021,401326582,2022-01-02T21:25Z,Seattle Seahawks,Detroit Lions,SEA,DET,6-10,2-13-1,51,29,TRUE,Seattle Seahawks,6-10,home,SEA,8.5,41.5,-399,327,-114,103,1,nflreadr,Seattle Seahawks,6-10,Detroit Lions,2-13-1,0.8319,0.8319,0.25360000000000005,0.33714511041009465,0.6628548895899053,170,170,1,1,3,40132658262,6200,NA,NA,NA,NA,NA,NA,NA,NA,NA,NA,FALSE,0,0,FALSE,0,0,FALSE
nfl,2021,401326583,2022-01-03T01:20Z,Green Bay Packers,Minnesota Vikings,GB,MIN,13-3,7-9,37,10,TRUE,Green Bay Packers,13-3,NA,NA,NA,NA,NA,NA,NA,NA,NA,NA,Green Bay Packers,13-3,Minnesota Vikings,7-9,0.7776,0.7776,0.2784,0.20114942528735613,0.7988505747126439,166,166,1,1,32,401326583777,77700,NA,NA,NA,NA,NA,NA,NA,NA,NA,NA,FALSE,0,0,FALSE,0,0,FALSE
nfl,2021,401326584,2022-01-04T01:15Z,Pittsburgh Steelers,Cleveland Browns,PIT,CLE,8-7-1,7-9,26,14,TRUE,Cleveland Browns,7-9,NA,NA,NA,NA,NA,NA,NA,NA,NA,NA,Pittsburgh Steelers,8-7-1,Cleveland Browns,7-9,0.4583,0.5417000000000001,0.645,0.4496124031007753,0.5503875968992247,199,199,1,1,6,401326584129,12900,NA,NA,NA,NA,NA,NA,NA,NA,NA,NA,FALSE,0,0,FALSE,0,0,FALSE
nfl,2021,401326598,2022-01-08T21:30Z,Denver Broncos,Kansas City Chiefs,DEN,KC,7-10,12-5,24,28,FALSE,Kansas City Chiefs,12-5,away,KC,11.5,44.5,435,-600,-110,-110,1,nflreadr,Kansas City Chiefs,12-5,Denver Broncos,7-10,0.3503,0.6496999999999999,0.692,0.5549132947976878,0.4450867052023122,169,169,1,1,141,4013265983325,332500,NA,NA,NA,NA,NA,NA,NA,NA,NA,NA,FALSE,0,0,FALSE,0,0,FALSE
nfl,2021,401326595,2022-01-09T01:15Z,Philadelphia Eagles,Dallas Cowboys,PHI,DAL,9-8,12-5,26,51,FALSE,Dallas Cowboys,12-5,NA,NA,NA,NA,NA,NA,NA,NA,NA,NA,Dallas Cowboys,12-5,Philadelphia Eagles,9-8,0.4328,0.5671999999999999,0.6341,0.4229616779687746,0.5770383220312254,168,168,1,1,21,401326595491,49100,NA,NA,NA,NA,NA,NA,NA,NA,NA,NA,FALSE,0,0,FALSE,0,0,FALSE
nfl,2021,401326588,2022-01-09T18:00Z,Cleveland Browns,Cincinnati Bengals,CLE,CIN,8-9,10-7,21,16,TRUE,Cleveland Browns,8-9,home,CLE,6.5,38,-265,215,-110,-110,1,nflreadr,Cleveland Browns,8-9,Cincinnati Bengals,10-7,0.5473,0.5473,0.5482,0.17584823057278376,0.8241517694272162,164,164,1,1,20,401326588485,48500,NA,NA,NA,NA,NA,NA,NA,NA,NA,NA,FALSE,0,0,FALSE,0,0,FALSE
nfl,2021,401326589,2022-01-09T18:00Z,Detroit Lions,Green Bay Packers,DET,GB,3-13-1,13-4,37,30,TRUE,Green Bay Packers,13-4,away,GB,4,45,165,-195,-110,-110,1,nflreadr,Detroit Lions,3-13-1,Green Bay Packers,13-4,0.2019,0.7981,0.8956,0.8834301027244305,0.11656989727556955,166,166,1,1,23,401326589533,53300,NA,NA,NA,NA,NA,NA,NA,NA,NA,NA,FALSE,0,0,FALSE,0,0,FALSE
nfl,2021,401326593,2022-01-09T18:00Z,Minnesota Vikings,Chicago Bears,MIN,CHI,8-9,6-11,31,17,TRUE,Minnesota Vikings,8-9,home,MIN,3.5,45.5,-190,160,-110,-110,1,nflreadr,Minnesota Vikings,8-9,Chicago Bears,6-11,0.6595,0.6595,0.8681,0.8480589793802558,0.15194102061974424,164,164,1,1,76,4013265931676,167600,NA,NA,NA,NA,NA,NA,NA,NA,NA,NA,FALSE,0,0,FALSE,0,0,FALSE
nfl,2021,401326594,2022-01-09T18:00Z,New York Giants,Washington,NYG,WSH,4-13,7-10,7,22,FALSE,Washington,7-10,NA,NA,NA,NA,NA,NA,NA,NA,NA,NA,Washington,7-10,New York Giants,4-13,0.4154,0.5846,0.4783,0.13150742212000843,0.8684925778799916,158,158,1,1,40,401326594911,91100,NA,NA,NA,NA,NA,NA,NA,NA,NA,NA,FALSE,0,0,FALSE,0,0,FALSE
nfl,2021,401326591,2022-01-09T18:00Z,Jacksonville Jaguars,Indianapolis Colts,JAX,IND,3-14,9-8,26,11,TRUE,Indianapolis Colts,9-8,away,IND,14,43,650,-1000,-110,-110,1,nflreadr,Jacksonville Jaguars,3-14,Indianapolis Colts,9-8,0.2089,0.7911,0.7955,0.7429289754871149,0.2570710245128851,160,160,1,1,4,40132659176,7600,NA,NA,NA,NA,NA,NA,NA,NA,NA,NA,FALSE,0,0,FALSE,0,0,FALSE
nfl,2021,401326586,2022-01-09T18:00Z,Baltimore Ravens,Pittsburgh Steelers,BAL,PIT,8-9,9-7-1,13,16,FALSE,Baltimore Ravens,8-9,home,BAL,3,41,-155,135,-110,-110,1,nflreadr,Pittsburgh Steelers,9-7-1,Baltimore Ravens,8-9,0.5699,0.5699,0.8866,0.8720956462891947,0.12790435371080533,201,201,1,1,169,4013265863975,397500,NA,NA,NA,NA,NA,NA,NA,NA,NA,NA,FALSE,0,0,FALSE,0,0,FALSE
nfl,2021,401326590,2022-01-09T18:00Z,Houston Texans,Tennessee Titans,HOU,TEN,4-13,12-5,25,28,FALSE,Tennessee Titans,12-5,away,TEN,10.5,43,410,-575,-115,-105,1,nflreadr,Tennessee Titans,12-5,Houston Texans,4-13,0.2547,0.7453000000000001,0.4536,0.4384920634920637,0.5615079365079363,162,162,1,1,133,4013265903180,318000,NA,NA,NA,NA,NA,NA,NA,NA,NA,NA,FALSE,0,0,FALSE,0,0,FALSE
nfl,2021,401326585,2022-01-09T21:25Z,Atlanta Falcons,New Orleans Saints,ATL,NO,7-10,9-8,20,30,FALSE,New Orleans Saints,9-8,away,NO,4.5,40,186,-213,-100,-111,1,nflreadr,New Orleans Saints,9-8,Atlanta Falcons,7-10,0.376,0.624,0.4043,0.06999752658916647,0.9300024734108335,156,156,1,1,3,40132658562,6200,NA,NA,NA,NA,NA,NA,NA,NA,NA,NA,FALSE,0,0,FALSE,0,0,FALSE
nfl,2021,401326587,2022-01-09T21:25Z,Buffalo Bills,New York Jets,BUF,NYJ,11-6,4-13,27,10,TRUE,Buffalo Bills,11-6,home,BUF,16,43,-1250,750,-110,-110,1,nflreadr,Buffalo Bills,11-6,New York Jets,4-13,0.9239,0.9239,0.3187,0.7612174458738628,0.23878255412613725,170,170,1,1,125,4013265873108,310800,NA,NA,NA,NA,NA,NA,NA,NA,NA,NA,FALSE,0,0,FALSE,0,0,FALSE
nfl,2021,401326599,2022-01-09T21:25Z,Los Angeles Rams,San Francisco 49ers,LAR,SF,12-5,10-7,24,27,FALSE,Los Angeles Rams,12-5,NA,NA,NA,NA,NA,NA,NA,NA,NA,NA,San Francisco 49ers,10-7,Los Angeles Rams,12-5,0.6179,0.6179,0.999,0.9989989989989989,0.0010010010010010895,182,182,1,2,146,4013265993353,335300,NA,NA,NA,NA,NA,NA,NA,NA,NA,NA,FALSE,0,0,FALSE,0,0,FALSE
nfl,2021,401326592,2022-01-09T21:25Z,Miami Dolphins,New England Patriots,MIA,NE,9-8,10-7,33,24,TRUE,New England Patriots,10-7,away,NE,6,41,200,-250,-110,-110,1,nflreadr,Miami Dolphins,9-8,New England Patriots,10-7,0.3318,0.6682,0.6752,0.518957345971564,0.48104265402843605,177,177,1,1,2,40132659241,4100,NA,NA,NA,NA,NA,NA,NA,NA,NA,NA,FALSE,0,0,FALSE,0,0,FALSE
nfl,2021,401326597,2022-01-09T21:25Z,Arizona Cardinals,Seattle Seahawks,ARI,SEA,11-6,7-10,30,38,FALSE,Arizona Cardinals,11-6,home,ARI,5.5,48,-235,190,-110,-110,1,nflreadr,Seattle Seahawks,7-10,Arizona Cardinals,11-6,0.6506,0.6506,0.8601,0.837344494826183,0.162655505173817,175,175,1,1,6,401326597155,15500,NA,NA,NA,NA,NA,NA,NA,NA,NA,NA,FALSE,0,0,FALSE,0,0,FALSE
nfl,2021,401326596,2022-01-09T21:25Z,Tampa Bay Buccaneers,Carolina Panthers,TB,CAR,13-4,5-12,41,17,TRUE,Tampa Bay Buccaneers,13-4,home,TB,11,43,-510,375,-110,-110,1,nflreadr,Tampa Bay Buccaneers,13-4,Carolina Panthers,5-12,0.8505,0.8505,0.544,0.7251838235294119,0.2748161764705881,165,165,1,1,61,4013265961420,142000,NA,NA,NA,NA,NA,NA,NA,NA,NA,NA,FALSE,0,0,FALSE,0,0,FALSE
nfl,2021,401326600,2022-01-10T01:20Z,Las Vegas Raiders,Los Angeles Chargers,LV,LAC,10-7,9-8,35,32,TRUE,Los Angeles Chargers,9-8,NA,NA,NA,NA,NA,NA,NA,NA,NA,NA,Las Vegas Raiders,10-7,Los Angeles Chargers,9-8,0.4165,0.5835,0.8917,0.8785465963889201,0.12145340361107992,220,220,1,2,204,4013266004990,499000,NA,NA,NA,NA,NA,NA,NA,NA,NA,NA,FALSE,0,0,FALSE,0,0,FALSE
nfl,2022,401437654,2022-09-09T00:20Z,Los Angeles Rams,Buffalo Bills,LAR,BUF,0-1,1-0,10,31,FALSE,Los Angeles Rams,0-1,NA,NA,NA,NA,NA,NA,NA,NA,NA,NA,Buffalo Bills,1-0,Los Angeles Rams,0-1,0.563,0.563,0.5948,0.3187626092804303,0.6812373907195697,157,157,1,1,80,4014376541907,190700,NA,NA,NA,NA,NA,NA,NA,NA,NA,NA,FALSE,0,0,FALSE,0,0,FALSE
nfl,2022,401437650,2022-09-11T17:00Z,Atlanta Falcons,New Orleans Saints,ATL,NO,0-1,1-0,26,27,FALSE,New Orleans Saints,1-0,away,NO,6,43.5,201,-228,-107,-103,1,nflreadr,New Orleans Saints,1-0,Atlanta Falcons,0-1,0.2812,0.7188,0.999,0.9989989989989989,0.0010010010010010895,186,186,1,1,168,4014376503947,394700,NA,NA,NA,NA,NA,NA,NA,NA,NA,NA,FALSE,0,0,FALSE,0,0,FALSE
nfl,2022,401437647,2022-09-11T17:00Z,Chicago Bears,San Francisco 49ers,CHI,SF,1-0,0-1,19,10,TRUE,San Francisco 49ers,0-1,away,SF,6.5,38,217,-248,-111,100,1,nflreadr,Chicago Bears,1-0,San Francisco 49ers,0-1,0.3203,0.6797,0.8968,0.8849241748438894,0.11507582515611059,177,177,1,1,99,4014376472373,237300,NA,NA,NA,NA,NA,NA,NA,NA,NA,NA,FALSE,0,0,FALSE,0,0,FALSE
nfl,2022,401437634,2022-09-11T17:00Z,Cincinnati Bengals,Pittsburgh Steelers,CIN,PIT,0-1,1-0,20,23,FALSE,Cincinnati Bengals,0-1,home,CIN,7.5,44.5,-308,264,107,-119,1,nflreadr,Pittsburgh Steelers,1-0,Cincinnati Bengals,0-1,0.7774,0.7774,0.9668,0.965659908978072,0.03434009102192803,215,215,1,1,188,4014376344512,451200,NA,NA,NA,NA,NA,NA,NA,NA,NA,NA,FALSE,0,0,FALSE,0,0,FALSE
nfl,2022,401437648,2022-09-11T17:00Z,Detroit Lions,Philadelphia Eagles,DET,PHI,0-1,1-0,35,38,FALSE,Philadelphia Eagles,1-0,away,PHI,6,49,211,-240,-100,-110,1,nflreadr,Philadelphia Eagles,1-0,Detroit Lions,0-1,0.3447,0.6553,0.5486,0.3716733503463361,0.6283266496536639,190,190,1,1,24,401437648558,55800,NA,NA,NA,NA,NA,NA,NA,NA,NA,NA,FALSE,0,0,FALSE,0,0,FALSE
nfl,2022,401437630,2022-09-11T17:00Z,Miami Dolphins,New England Patriots,MIA,NE,1-0,0-1,20,7,TRUE,Miami Dolphins,1-0,home,MIA,3,47,-155,140,-106,-104,1,nflreadr,Miami Dolphins,1-0,New England Patriots,0-1,0.5193,0.5193,0.5635,0.22537710736468508,0.7746228926353149,151,151,1,1,9,401437630196,19600,NA,NA,NA,NA,NA,NA,NA,NA,NA,NA,FALSE,0,0,FALSE,0,0,FALSE
nfl,2022,401437632,2022-09-11T17:00Z,New York Jets,Baltimore Ravens,NYJ,BAL,0-1,1-0,9,24,FALSE,Baltimore Ravens,1-0,away,BAL,6.5,44,231,-265,-107,-103,1,nflreadr,Baltimore Ravens,1-0,New York Jets,0-1,0.2576,0.7424,0.5328,0.5165165165165164,0.4834834834834836,175,175,1,1,52,4014376321216,121600,NA,NA,NA,NA,NA,NA,NA,NA,NA,NA,FALSE,0,0,FALSE,0,0,FALSE
nfl,2022,401437646,2022-09-11T17:00Z,Washington Commanders,Jacksonville Jaguars,WSH,JAX,1-0,0-1,28,22,TRUE,Washington Commanders,1-0,NA,NA,NA,NA,NA,NA,NA,NA,NA,NA,Washington Commanders,1-0,Jacksonville Jaguars,0-1,0.6084,0.6084,0.8547,0.8299988299988301,0.17000117000116988,184,184,1,1,141,4014376463544,354400,NA,NA,NA,NA,NA,NA,NA,NA,NA,NA,FALSE,0,0,FALSE,0,0,FALSE
nfl,2022,401437651,2022-09-11T17:00Z,Carolina Panthers,Cleveland Browns,CAR,CLE,0-1,1-0,24,26,FALSE,Carolina Panthers,0-1,home,CAR,2.5,42.5,-125,114,102,-112,1,nflreadr,Cleveland Browns,1-0,Carolina Panthers,0-1,0.6318,0.6318,0.7273,0.6250515605664786,0.3749484394335214,182,182,1,1,174,4014376514068,406800,NA,NA,NA,NA,NA,NA,NA,NA,NA,NA,FALSE,0,0,FALSE,0,0,FALSE
nfl,2022,401437640,2022-09-11T20:25Z,Tennessee Titans,New York Giants,TEN,NYG,0-1,1-0,20,21,FALSE,Tennessee Titans,0-1,home,TEN,5.5,43.5,-239,209,-102,-108,1,nflreadr,New York Giants,1-0,Tennessee Titans,0-1,0.7624,0.7624,0.9353,0.9308243344381482,0.06917566556185184,167,167,1,1,79,4014376401831,183100,NA,NA,NA,NA,NA,NA,NA,NA,NA,NA,FALSE,0,0,FALSE,0,0,FALSE
nfl,2022,401437649,2022-09-11T20:25Z,Minnesota Vikings,Green Bay Packers,MIN,GB,1-0,0-1,23,7,TRUE,Green Bay Packers,0-1,home,MIN,2.5,47,-125,113,105,-116,1,nflreadr,Minnesota Vikings,1-0,Green Bay Packers,0-1,0.3624,0.6376,0.7067,0.5849724069619358,0.41502759303806425,163,163,1,1,2,40143764940,4000,NA,NA,NA,NA,NA,NA,NA,NA,NA,NA,FALSE,0,0,FALSE,0,0,FALSE
nfl,2022,401437653,2022-09-11T20:25Z,Arizona Cardinals,Kansas City Chiefs,ARI,KC,0-1,1-0,21,44,FALSE,Kansas City Chiefs,1-0,away,KC,6,54,221,-252,-104,-107,1,nflreadr,Kansas City Chiefs,1-0,Arizona Cardinals,0-1,0.4097,0.5903,0.4097,1.1102230246251565e-16,0.9999999999999999,165,165,1,1,1,4014376531,100,NA,NA,NA,NA,NA,NA,NA,NA,NA,NA,FALSE,0,0,FALSE,0,0,FALSE
nfl,2022,401437643,2022-09-11T20:25Z,Los Angeles Chargers,Las Vegas Raiders,LAC,LV,1-0,0-1,24,19,TRUE,Los Angeles Chargers,1-0,home,LAC,3.5,52.5,-180,161,-104,-106,1,nflreadr,Los Angeles Chargers,1-0,Las Vegas Raiders,0-1,0.6171,0.6171,0.5063,0.24372901441832895,0.756270985581671,159,159,1,1,25,401437643542,54200,NA,NA,NA,NA,NA,NA,NA,NA,NA,NA,FALSE,0,0,FALSE,0,0,FALSE
nfl,2022,401437644,2022-09-12T00:20Z,Dallas Cowboys,Tampa Bay Buccaneers,DAL,TB,0-1,1-0,3,19,FALSE,Tampa Bay Buccaneers,1-0,NA,NA,NA,NA,NA,NA,NA,NA,NA,NA,Tampa Bay Buccaneers,1-0,Dallas Cowboys,0-1,0.3889,0.6111,0.4587,0.15216917375190753,0.8478308262480925,173,173,1,1,12,401437644267,26700,NA,NA,NA,NA,NA,NA,NA,NA,NA,NA,FALSE,0,0,FALSE,0,0,FALSE
nfl,2022,401437655,2022-09-13T00:15Z,Seattle Seahawks,Denver Broncos,SEA,DEN,1-0,0-1,17,16,TRUE,Denver Broncos,0-1,NA,NA,NA,NA,NA,NA,NA,NA,NA,NA,Seattle Seahawks,1-0,Denver Broncos,0-1,0.3431,0.6569,0.6754,0.5193959135327213,0.4806040864672787,160,160,1,1,4,40143765585,8500,NA,NA,NA,NA,NA,NA,NA,NA,NA,NA,FALSE,0,0,FALSE,0,0,FALSE
nfl,2022,401434030,2022-09-16T00:15Z,Kansas City Chiefs,Los Angeles Chargers,KC,LAC,2-0,1-1,27,24,TRUE,Kansas City Chiefs,2-0,NA,NA,NA,NA,NA,NA,NA,NA,NA,NA,Kansas City Chiefs,2-0,Los Angeles Chargers,1-1,0.5588,0.5588,0.8724000000000001,0.8537368179734068,0.14626318202659316,170,170,1,1,90,4014340302160,216000,NA,NA,NA,NA,NA,NA,NA,NA,NA,NA,FALSE,0,0,FALSE,0,0,FALSE
nfl,2022,401437635,2022-09-18T17:00Z,Cleveland Browns,New York Jets,CLE,NYJ,1-1,1-1,30,31,FALSE,Cleveland Browns,1-1,home,CLE,6.5,38.5,-235,207,100,-111,1,nflreadr,New York Jets,1-1,Cleveland Browns,1-1,0.7611,0.7611,0.999,0.9989989989989989,0.0010010010010010895,178,178,1,6,154,4014376353741,374100,NA,NA,NA,NA,NA,NA,NA,NA,NA,NA,FALSE,0,0,FALSE,0,0,FALSE
nfl,2022,401437732,2022-09-18T17:00Z,Detroit Lions,Washington Commanders,DET,WSH,1-1,1-1,36,27,TRUE,Washington Commanders,1-1,NA,NA,NA,NA,NA,NA,NA,NA,NA,NA,Detroit Lions,1-1,Washington Commanders,1-1,0.4148,0.5851999999999999,0.6165,0.37793998377939997,0.6220600162206,173,173,1,1,6,401437732130,13000,NA,NA,NA,NA,NA,NA,NA,NA,NA,NA,FALSE,0,0,FALSE,0,0,FALSE
nfl,2022,401437652,2022-09-18T17:00Z,New Orleans Saints,Tampa Bay Buccaneers,NO,TB,1-1,2-0,10,20,FALSE,Tampa Bay Buccaneers,2-0,away,TB,2.5,44,124,-138,-102,-109,1,nflreadr,Tampa Bay Buccaneers,2-0,New Orleans Saints,1-1,0.2863,0.7137,0.582,0.5080756013745704,0.4919243986254296,175,175,1,1,110,4014376522847,284700,NA,NA,NA,NA,NA,NA,NA,NA,NA,NA,FALSE,0,0,FALSE,0,0,FALSE
nfl,2022,401437645,2022-09-18T17:00Z,New York Giants,Carolina Panthers,NYG,CAR,2-0,0-2,19,16,TRUE,Carolina Panthers,0-2,away,CAR,1,44,103,-114,-104,-106,1,nflreadr,New York Giants,2-0,Carolina Panthers,0-2,0.4059,0.5941000000000001,0.7681,0.6980861866944408,0.3019138133055592,174,174,1,1,90,4014376452088,208800,NA,NA,NA,NA,NA,NA,NA,NA,NA,NA,FALSE,0,0,FALSE,0,0,FALSE
nfl,2022,401437636,2022-09-18T17:00Z,Pittsburgh Steelers,New England Patriots,PIT,NE,1-1,1-1,14,17,FALSE,Pittsburgh Steelers,1-1,away,NE,3,40,135,-150,-109,-102,1,nflreadr,New England Patriots,1-1,Pittsburgh Steelers,1-1,0.5211,0.5211,0.5238,0.09087437953417354,0.9091256204658265,167,167,1,2,61,4014376361491,149100,NA,NA,NA,NA,NA,NA,NA,NA,NA,NA,FALSE,0,0,FALSE,0,0,FALSE
nfl,2022,401437639,2022-09-18T17:00Z,Jacksonville Jaguars,Indianapolis Colts,JAX,IND,1-1,0-1-1,24,0,TRUE,Indianapolis Colts,0-1-1,away,IND,3,43.5,142,-157,-103,-107,1,nflreadr,Jacksonville Jaguars,1-1,Indianapolis Colts,0-1-1,0.4306,0.5694,0.6041000000000001,0.3446449263366995,0.6553550736633005,156,156,1,1,8,401437639172,17200,NA,NA,NA,NA,NA,NA,NA,NA,NA,NA,FALSE,0,0,FALSE,0,0,FALSE
nfl,2022,401437633,2022-09-18T17:00Z,Baltimore Ravens,Miami Dolphins,BAL,MIA,1-1,2-0,38,42,FALSE,Baltimore Ravens,1-1,home,BAL,3,44,-164,148,-114,103,1,nflreadr,Miami Dolphins,2-0,Baltimore Ravens,1-1,0.7121,0.7121,0.999,0.9989989989989989,0.0010010010010010895,166,166,1,1,157,4014376333972,394850,NA,NA,NA,NA,NA,NA,NA,NA,NA,NA,FALSE,0,0,FALSE,0,0,FALSE
nfl,2022,401437733,2022-09-18T20:05Z,Los Angeles Rams,Atlanta Falcons,LAR,ATL,1-1,0-2,31,27,TRUE,Los Angeles Rams,1-1,NA,NA,NA,NA,NA,NA,NA,NA,NA,NA,Los Angeles Rams,1-1,Atlanta Falcons,0-2,0.8309,0.8309,0.34419999999999995,0.508715862870424,0.49128413712957597,158,158,1,1,143,4014377333402,340200,NA,NA,NA,NA,NA,NA,NA,NA,NA,NA,FALSE,0,0,FALSE,0,0,FALSE
nfl,2022,401437605,2022-09-18T20:05Z,San Francisco 49ers,Seattle Seahawks,SF,SEA,1-1,1-1,27,7,TRUE,San Francisco 49ers,1-1,home,SF,8.5,40,-379,318,102,-113,1,nflreadr,San Francisco 49ers,1-1,Seattle Seahawks,1-1,0.7504,0.7504,0.25739999999999996,0.030303030303029943,0.9696969696969701,160,160,1,1,17,401437605380,38000,NA,NA,NA,NA,NA,NA,NA,NA,NA,NA,FALSE,0,0,FALSE,0,0,FALSE
nfl,2022,401437734,2022-09-18T20:25Z,Dallas Cowboys,Cincinnati Bengals,DAL,CIN,1-1,0-2,20,17,TRUE,Cincinnati Bengals,0-2,away,CIN,7.5,42,260,-303,-122,110,1,nflreadr,Dallas Cowboys,1-1,Cincinnati Bengals,0-2,0.1779,0.8221,0.8349,0.8022517666786442,0.19774823332135583,175,175,1,1,7,401437734143,14300,NA,NA,NA,NA,NA,NA,NA,NA,NA,NA,FALSE,0,0,FALSE,0,0,FALSE
nfl,2022,401437641,2022-09-18T20:25Z,Denver Broncos,Houston Texans,DEN,HOU,1-1,0-1-1,16,9,TRUE,Denver Broncos,1-1,home,DEN,10.5,46,-481,391,103,-114,1,nflreadr,Denver Broncos,1-1,Houston Texans,0-1-1,0.7446,0.7446,0.5920000000000001,0.5685810810810812,0.4314189189189188,180,180,1,1,131,4014376413213,321300,NA,NA,NA,NA,NA,NA,NA,NA,NA,NA,FALSE,0,0,FALSE,0,0,FALSE
nfl,2022,401437642,2022-09-18T20:25Z,Las Vegas Raiders,Arizona Cardinals,LV,ARI,0-2,1-1,23,29,FALSE,Las Vegas Raiders,0-2,home,LV,5.5,51.5,-223,197,100,-110,1,nflreadr,Arizona Cardinals,1-1,Las Vegas Raiders,0-2,0.6343,0.6343,1,1,0,195,195,1,1,174,4014376424098,409800,NA,NA,NA,NA,NA,NA,NA,NA,NA,NA,FALSE,0,0,FALSE,0,0,FALSE
nfl,2022,401437606,2022-09-19T00:20Z,Green Bay Packers,Chicago Bears,GB,CHI,1-1,1-1,27,10,TRUE,Green Bay Packers,1-1,NA,NA,NA,NA,NA,NA,NA,NA,NA,NA,Green Bay Packers,1-1,Chicago Bears,1-1,0.8737,0.8737,0.24829999999999997,0.491341119613371,0.508658880386629,145,145,1,1,28,401437606599,59900,NA,NA,NA,NA,NA,NA,NA,NA,NA,NA,FALSE,0,0,FALSE,0,0,FALSE
nfl,2022,401436831,2022-09-19T23:15Z,Buffalo Bills,Tennessee Titans,BUF,TEN,2-0,0-2,41,7,TRUE,Buffalo Bills,2-0,home,BUF,10,47.5,-395,329,104,-115,1,nflreadr,Buffalo Bills,2-0,Tennessee Titans,0-2,0.7907,0.7907,0.35740000000000005,0.41438164521544485,0.5856183547845552,162,162,1,1,42,4014368311087,108700,NA,NA,NA,NA,NA,NA,NA,NA,NA,NA,FALSE,0,0,FALSE,0,0,FALSE
nfl,2022,401436832,2022-09-20T00:30Z,Philadelphia Eagles,Minnesota Vikings,PHI,MIN,2-0,1-1,24,7,TRUE,Philadelphia Eagles,2-0,NA,NA,NA,NA,NA,NA,NA,NA,NA,NA,Philadelphia Eagles,2-0,Minnesota Vikings,1-1,0.6628,0.6628,0.35229999999999995,0.042861197842747334,0.9571388021572527,167,167,1,1,8,401436832173,17300,NA,NA,NA,NA,NA,NA,NA,NA,NA,NA,FALSE,0,0,FALSE,0,0,FALSE
nfl,2022,401437735,2022-09-23T00:15Z,Cleveland Browns,Pittsburgh Steelers,CLE,PIT,2-1,1-2,29,17,TRUE,Cleveland Browns,2-1,NA,NA,NA,NA,NA,NA,NA,NA,NA,NA,Cleveland Browns,2-1,Pittsburgh Steelers,1-2,0.5843,0.5843,0.5660000000000001,0.26554770318021215,0.7344522968197879,173,173,1,1,94,4014377352274,227400,NA,NA,NA,NA,NA,NA,NA,NA,NA,NA,FALSE,0,0,FALSE,0,0,FALSE
nfl,2022,401437737,2022-09-25T17:00Z,Chicago Bears,Houston Texans,CHI,HOU,2-1,0-2-1,23,20,TRUE,Chicago Bears,2-1,home,CHI,3,40,-156,141,-103,-107,1,nflreadr,Chicago Bears,2-1,Houston Texans,0-2-1,0.5154,0.5154,0.6697,0.5067940869045842,0.49320591309541584,177,177,1,1,104,4014377372376,237600,NA,NA,NA,NA,NA,NA,NA,NA,NA,NA,FALSE,0,0,FALSE,0,0,FALSE
nfl,2022,401437741,2022-09-25T17:00Z,Tennessee Titans,Las Vegas Raiders,TEN,LV,1-2,0-3,24,22,TRUE,Las Vegas Raiders,0-3,away,LV,1.5,45.5,117,-130,103,-113,1,nflreadr,Tennessee Titans,1-2,Las Vegas Raiders,0-3,0.4053,0.5947,0.6224000000000001,0.39331619537275087,0.6066838046272491,168,168,1,1,3,40143774156,5600,NA,NA,NA,NA,NA,NA,NA,NA,NA,NA,FALSE,0,0,FALSE,0,0,FALSE
nfl,2022,401437638,2022-09-25T17:00Z,Indianapolis Colts,Kansas City Chiefs,IND,KC,1-1-1,2-1,20,17,TRUE,Kansas City Chiefs,2-1,away,KC,4.5,51,177,-199,-114,103,1,nflreadr,Indianapolis Colts,1-1-1,Kansas City Chiefs,2-1,0.4317,0.5683,0.8943,0.8818069998881808,0.11819300011181921,168,168,1,1,140,4014376383302,330200,NA,NA,NA,NA,NA,NA,NA,NA,NA,NA,FALSE,0,0,FALSE,0,0,FALSE
nfl,2022,401437738,2022-09-25T17:00Z,Miami Dolphins,Buffalo Bills,MIA,BUF,3-0,2-1,21,19,TRUE,Buffalo Bills,2-1,away,BUF,4,54,175,-196,-106,-104,1,nflreadr,Miami Dolphins,3-0,Buffalo Bills,2-1,0.4553,0.5447,0.7484,0.6638161411010155,0.3361838588989845,172,172,1,1,120,4014377382916,291600,NA,NA,NA,NA,NA,NA,NA,NA,NA,NA,FALSE,0,0,FALSE,0,0,FALSE
nfl,2022,401437739,2022-09-25T17:00Z,Minnesota Vikings,Detroit Lions,MIN,DET,2-1,1-2,28,24,TRUE,Minnesota Vikings,2-1,home,MIN,6.5,52,-266,232,-110,-101,1,nflreadr,Minnesota Vikings,2-1,Detroit Lions,1-2,0.6446,0.6446,0.9322,0.9272688264320961,0.07273117356790393,189,189,1,1,170,4014377393975,397500,NA,NA,NA,NA,NA,NA,NA,NA,NA,NA,FALSE,0,0,FALSE,0,0,FALSE
nfl,2022,401437631,2022-09-25T17:00Z,New England Patriots,Baltimore Ravens,NE,BAL,1-2,2-1,26,37,FALSE,Baltimore Ravens,2-1,away,BAL,2.5,45.5,129,-143,104,-114,1,nflreadr,Baltimore Ravens,2-1,New England Patriots,1-2,0.4389,0.5610999999999999,0.6905,0.551774076755974,0.448225923244026,161,161,1,1,90,4014376312093,209300,NA,NA,NA,NA,NA,NA,NA,NA,NA,NA,FALSE,0,0,FALSE,0,0,FALSE
nfl,2022,401437740,2022-09-25T17:00Z,New York Jets,Cincinnati Bengals,NYJ,CIN,1-2,1-2,12,27,FALSE,Cincinnati Bengals,1-2,away,CIN,6.5,46,220,-247,-115,104,1,nflreadr,Cincinnati Bengals,1-2,New York Jets,1-2,0.227,0.773,0.2836,0.19957686882933723,0.8004231311706628,187,187,1,1,38,401437740919,91900,NA,NA,NA,NA,NA,NA,NA,NA,NA,NA,FALSE,0,0,FALSE,0,0,FALSE
nfl,2022,401437742,2022-09-25T17:00Z,Washington Commanders,Philadelphia Eagles,WSH,PHI,1-2,3-0,8,24,FALSE,Philadelphia Eagles,3-0,NA,NA,NA,NA,NA,NA,NA,NA,NA,NA,Philadelphia Eagles,3-0,Washington Commanders,1-2,0.3622,0.6377999999999999,0.4003,0.09517861603797129,0.9048213839620287,186,186,1,1,27,401437742601,60100,NA,NA,NA,NA,NA,NA,NA,NA,NA,NA,FALSE,0,0,FALSE,0,0,FALSE
nfl,2022,401437736,2022-09-25T17:00Z,Carolina Panthers,New Orleans Saints,CAR,NO,1-2,1-2,22,14,TRUE,Carolina Panthers,1-2,away,NO,2,41,112,-123,-109,-102,1,nflreadr,Carolina Panthers,1-2,New Orleans Saints,1-2,0.5165,0.5165,0.5610999999999999,0.2177864908216003,0.7822135091783997,173,173,1,1,16,401437736355,35500,NA,NA,NA,NA,NA,NA,NA,NA,NA,NA,FALSE,0,0,FALSE,0,0,FALSE
nfl,2022,401437743,2022-09-25T20:05Z,Los Angeles Chargers,Jacksonville Jaguars,LAC,JAX,1-2,2-1,10,38,FALSE,Los Angeles Chargers,1-2,home,LAC,6.5,46,-252,220,-104,-106,1,nflreadr,Jacksonville Jaguars,2-1,Los Angeles Chargers,1-2,0.7731,0.7731,0.8039,0.7560641870879461,0.2439358129120539,170,170,1,1,9,401437743191,19100,NA,NA,NA,NA,NA,NA,NA,NA,NA,NA,FALSE,0,0,FALSE,0,0,FALSE
nfl,2022,401437744,2022-09-25T20:25Z,Arizona Cardinals,Los Angeles Rams,ARI,LAR,1-2,2-1,12,20,FALSE,Los Angeles Rams,2-1,NA,NA,NA,NA,NA,NA,NA,NA,NA,NA,Los Angeles Rams,2-1,Arizona Cardinals,1-2,0.4971,0.5029,0.4971,0,1,174,174,1,1,1,4014377441,100,NA,NA,NA,NA,NA,NA,NA,NA,NA,NA,FALSE,0,0,FALSE,0,0,FALSE
nfl,2022,401437745,2022-09-25T20:25Z,Seattle Seahawks,Atlanta Falcons,SEA,ATL,1-2,1-2,23,27,FALSE,Atlanta Falcons,1-2,home,SEA,1,43,-106,-104,102,-112,1,nflreadr,Atlanta Falcons,1-2,Seattle Seahawks,1-2,0.4811,0.5188999999999999,0.6897,0.5500942438741481,0.44990575612585193,162,162,1,1,111,4014377452635,263500,NA,NA,NA,NA,NA,NA,NA,NA,NA,NA,FALSE,0,0,FALSE,0,0,FALSE
nfl,2022,401437607,2022-09-25T20:25Z,Tampa Bay Buccaneers,Green Bay Packers,TB,GB,2-1,2-1,12,14,FALSE,Tampa Bay Buccaneers,2-1,home,TB,1,41.5,-123,112,-115,105,1,nflreadr,Green Bay Packers,2-1,Tampa Bay Buccaneers,2-1,0.5851,0.5851,0.6477,0.4560753435232361,0.5439246564767639,169,169,1,1,8,401437607165,16500,NA,NA,NA,NA,NA,NA,NA,NA,NA,NA,FALSE,0,0,FALSE,0,0,FALSE
nfl,2022,401437746,2022-09-26T00:20Z,Denver Broncos,San Francisco 49ers,DEN,SF,2-1,1-2,11,10,TRUE,San Francisco 49ers,1-2,NA,NA,NA,NA,NA,NA,NA,NA,NA,NA,Denver Broncos,2-1,San Francisco 49ers,1-2,0.4838,0.5162,0.7797000000000001,0.7174554315762474,0.28254456842375264,172,172,1,1,136,4014377463228,322800,NA,NA,NA,NA,NA,NA,NA,NA,NA,NA,FALSE,0,0,FALSE,0,0,FALSE
nfl,2022,401437747,2022-09-27T00:15Z,New York Giants,Dallas Cowboys,NYG,DAL,2-1,2-1,16,23,FALSE,New York Giants,2-1,NA,NA,NA,NA,NA,NA,NA,NA,NA,NA,Dallas Cowboys,2-1,New York Giants,2-1,0.5644,0.5644,0.7586,0.6817822304244663,0.3182177695755337,180,180,1,1,116,4014377472638,263800,NA,NA,NA,NA,NA,NA,NA,NA,NA,NA,FALSE,0,0,FALSE,0,0,FALSE
nfl,2022,401437748,2022-09-30T00:15Z,Cincinnati Bengals,Miami Dolphins,CIN,MIA,2-2,3-1,27,15,TRUE,Cincinnati Bengals,2-2,NA,NA,NA,NA,NA,NA,NA,NA,NA,NA,Cincinnati Bengals,2-2,Miami Dolphins,3-1,0.721,0.721,0.5422,0.48542973072666906,0.5145702692733309,171,171,1,1,111,4014377482598,259800,NA,NA,NA,NA,NA,NA,NA,NA,NA,NA,FALSE,0,0,FALSE,0,0,FALSE
nfl,2022,401435639,2022-10-02T13:30Z,New Orleans Saints,Minnesota Vikings,NO,MIN,1-3,3-1,25,28,FALSE,Minnesota Vikings,3-1,away,MIN,4,42,177,-199,-107,-103,1,nflreadr,Minnesota Vikings,3-1,New Orleans Saints,1-3,0.4323,0.5677,0.6631,0.49193183531895657,0.5080681646810434,179,179,1,1,147,4014356393579,357900,NA,NA,NA,NA,NA,NA,NA,NA,NA,NA,FALSE,0,0,FALSE,0,0,FALSE
nfl,2022,401437749,2022-10-02T17:00Z,Atlanta Falcons,Cleveland Browns,ATL,CLE,2-2,2-2,23,20,TRUE,Cleveland Browns,2-2,away,CLE,1,48,-103,-107,-109,-101,1,nflreadr,Atlanta Falcons,2-2,Cleveland Browns,2-2,0.4909,0.5091,0.6403,0.4382320787131031,0.5617679212868969,163,163,1,1,123,4014377492864,286400,NA,NA,NA,NA,NA,NA,NA,NA,NA,NA,FALSE,0,0,FALSE,0,0,FALSE
nfl,2022,401437751,2022-10-02T17:00Z,Dallas Cowboys,Washington Commanders,DAL,WSH,3-1,1-3,25,10,TRUE,Washington Commanders,1-3,NA,NA,NA,NA,NA,NA,NA,NA,NA,NA,Dallas Cowboys,3-1,Washington Commanders,1-3,0.4564,0.5436000000000001,0.5889,0.3019188317201562,0.6980811682798438,180,180,1,1,59,4014377511321,132100,NA,NA,NA,NA,NA,NA,NA,NA,NA,NA,FALSE,0,0,FALSE,0,0,FALSE
nfl,2022,401437752,2022-10-02T17:00Z,Detroit Lions,Seattle Seahawks,DET,SEA,1-3,2-2,45,48,FALSE,Detroit Lions,1-3,home,DET,3,48.5,-169,151,-113,103,1,nflreadr,Seattle Seahawks,2-2,Detroit Lions,1-3,0.6411,0.6411,0.6664,0.49939975990396146,0.5006002400960385,184,184,1,1,2,40143775243,4300,NA,NA,NA,NA,NA,NA,NA,NA,NA,NA,FALSE,0,0,FALSE,0,0,FALSE
nfl,2022,401437754,2022-10-02T17:00Z,Indianapolis Colts,Tennessee Titans,IND,TEN,1-2-1,2-2,17,24,FALSE,Indianapolis Colts,1-2-1,home,IND,4.5,43,-205,182,-105,-105,1,nflreadr,Tennessee Titans,2-2,Indianapolis Colts,1-2-1,0.6279,0.6279,0.6536,0.47001223990208074,0.5299877600979193,157,157,1,1,10,401437754207,20700,NA,NA,NA,NA,NA,NA,NA,NA,NA,NA,FALSE,0,0,FALSE,0,0,FALSE
nfl,2022,401437755,2022-10-02T17:00Z,New York Giants,Chicago Bears,NYG,CHI,3-1,2-2,20,12,TRUE,New York Giants,3-1,home,NYG,3,39,-144,130,109,-120,1,nflreadr,New York Giants,3-1,Chicago Bears,2-2,0.6804,0.6804,0.4718,0.3225943196269606,0.6774056803730394,174,174,1,1,12,401437755277,27700,NA,NA,NA,NA,NA,NA,NA,NA,NA,NA,FALSE,0,0,FALSE,0,0,FALSE
nfl,2022,401437756,2022-10-02T17:00Z,Philadelphia Eagles,Jacksonville Jaguars,PHI,JAX,4-0,2-2,29,21,TRUE,Philadelphia Eagles,4-0,home,PHI,6.5,44,-256,223,-102,-109,1,nflreadr,Philadelphia Eagles,4-0,Jacksonville Jaguars,2-2,0.6645,0.6645,0.7945,0.7413467589679044,0.25865324103209564,162,162,1,1,37,401437756916,91600,NA,NA,NA,NA,NA,NA,NA,NA,NA,NA,FALSE,0,0,FALSE,0,0,FALSE
nfl,2022,401437757,2022-10-02T17:00Z,Pittsburgh Steelers,New York Jets,PIT,NYJ,1-3,2-2,20,24,FALSE,Pittsburgh Steelers,1-3,home,PIT,3,41,-161,145,-108,-102,1,nflreadr,New York Jets,2-2,Pittsburgh Steelers,1-3,0.6507,0.6507,0.9217,0.9150482803515243,0.0849517196484757,174,174,1,1,138,4014377573391,339100,NA,NA,NA,NA,NA,NA,NA,NA,NA,NA,FALSE,0,0,FALSE,0,0,FALSE
nfl,2022,401437750,2022-10-02T17:00Z,Baltimore Ravens,Buffalo Bills,BAL,BUF,2-2,3-1,20,23,FALSE,Baltimore Ravens,2-2,away,BUF,3,50,154,-172,106,-117,1,nflreadr,Buffalo Bills,3-1,Baltimore Ravens,2-2,0.5441,0.5441,0.9363,0.9319662501335042,0.0680337498664958,170,170,1,1,66,4014377501572,157200,NA,NA,NA,NA,NA,NA,NA,NA,NA,NA,FALSE,0,0,FALSE,0,0,FALSE
nfl,2022,401437753,2022-10-02T17:00Z,Houston Texans,Los Angeles Chargers,HOU,LAC,0-3-1,2-2,24,34,FALSE,Los Angeles Chargers,2-2,away,LAC,5.5,45,205,-234,-104,-106,1,nflreadr,Los Angeles Chargers,2-2,Houston Texans,0-3-1,0.3218,0.6782,0.391,0.17698209718670088,0.8230179028132991,170,170,1,1,32,401437753766,76600,NA,NA,NA,NA,NA,NA,NA,NA,NA,NA,FALSE,0,0,FALSE,0,0,FALSE
nfl,2022,401437758,2022-10-02T20:05Z,Carolina Panthers,Arizona Cardinals,CAR,ARI,1-3,2-2,16,26,FALSE,Carolina Panthers,1-3,home,CAR,1,44,-113,102,-106,-104,1,nflreadr,Arizona Cardinals,2-2,Carolina Panthers,1-3,0.5469,0.5469,0.8083,0.7628355808486948,0.23716441915130515,163,163,1,1,85,4014377582046,204600,NA,NA,NA,NA,NA,NA,NA,NA,NA,NA,FALSE,0,0,FALSE,0,0,FALSE
nfl,2022,401437759,2022-10-02T20:25Z,Green Bay Packers,New England Patriots,GB,NE,3-1,1-3,27,24,TRUE,Green Bay Packers,3-1,home,GB,10,40.5,-435,358,109,-120,1,nflreadr,Green Bay Packers,3-1,New England Patriots,1-3,0.8955,0.8955,0.7746999999999999,0.8651090744804439,0.13489092551955606,181,181,1,1,124,4014377592851,285100,NA,NA,NA,NA,NA,NA,NA,NA,NA,NA,FALSE,0,0,FALSE,0,0,FALSE
nfl,2022,401437760,2022-10-02T20:25Z,Las Vegas Raiders,Denver Broncos,LV,DEN,1-3,2-2,32,23,TRUE,Las Vegas Raiders,1-3,home,LV,2.5,45.5,-137,124,-109,-101,1,nflreadr,Las Vegas Raiders,1-3,Denver Broncos,2-2,0.596,0.596,0.5458000000000001,0.2598021253206303,0.7401978746793697,170,170,1,1,62,4014377601440,144000,NA,NA,NA,NA,NA,NA,NA,NA,NA,NA,FALSE,0,0,FALSE,0,0,FALSE
nfl,2022,401437470,2022-10-03T00:20Z,Tampa Bay Buccaneers,Kansas City Chiefs,TB,KC,2-2,3-1,31,41,FALSE,Tampa Bay Buccaneers,2-2,NA,NA,NA,NA,NA,NA,NA,NA,NA,NA,Kansas City Chiefs,3-1,Tampa Bay Buccaneers,2-2,0.6481,0.6481,0.6481,0.4570282363832743,0.5429717636167257,181,181,1,1,1,4014374701,100,NA,NA,NA,NA,NA,NA,NA,NA,NA,NA,FALSE,0,0,FALSE,0,0,FALSE
nfl,2022,401437761,2022-10-04T00:15Z,San Francisco 49ers,Los Angeles Rams,SF,LAR,2-2,2-2,24,9,TRUE,Los Angeles Rams,2-2,NA,NA,NA,NA,NA,NA,NA,NA,NA,NA,San Francisco 49ers,2-2,Los Angeles Rams,2-2,0.3759,0.6241,0.6921999999999999,0.5553308292401038,0.4446691707598962,163,163,1,1,12,401437761272,27200,NA,NA,NA,NA,NA,NA,NA,NA,NA,NA,FALSE,0,0,FALSE,0,0,FALSE
nfl,2022,401437762,2022-10-07T00:15Z,Denver Broncos,Indianapolis Colts,DEN,IND,2-3,2-2-1,9,12,FALSE,Denver Broncos,2-3,NA,NA,NA,NA,NA,NA,NA,NA,NA,NA,Indianapolis Colts,2-2-1,Denver Broncos,2-3,0.6015,0.6015,0.9907,0.990612698092258,0.009387301907741952,206,206,1,3,202,4014377624703,470300,NA,NA,NA,NA,NA,NA,NA,NA,NA,NA,FALSE,0,0,FALSE,0,0,FALSE
nfl,2022,401435640,2022-10-09T13:30Z,Green Bay Packers,New York Giants,GB,NYG,3-2,4-1,22,27,FALSE,Green Bay Packers,3-2,home,GB,8.5,42,-397,331,-115,104,1,nflreadr,New York Giants,4-1,Green Bay Packers,3-2,0.8794,0.8794,0.9519,0.9494694820884546,0.05053051791154539,164,164,1,1,59,4014356401433,143300,NA,NA,NA,NA,NA,NA,NA,NA,NA,NA,FALSE,0,0,FALSE,0,0,FALSE
nfl,2022,401437763,2022-10-09T17:00Z,Buffalo Bills,Pittsburgh Steelers,BUF,PIT,4-1,1-4,38,3,TRUE,Buffalo Bills,4-1,home,BUF,14,44,-749,568,-102,-108,1,nflreadr,Buffalo Bills,4-1,Pittsburgh Steelers,1-4,0.8419,0.8419,0.2105,0.24893111638954857,0.7510688836104514,166,166,1,1,4,40143776396,9600,NA,NA,NA,NA,NA,NA,NA,NA,NA,NA,FALSE,0,0,FALSE,0,0,FALSE
nfl,2022,401437764,2022-10-09T17:00Z,Cleveland Browns,Los Angeles Chargers,CLE,LAC,2-3,3-2,28,30,FALSE,Cleveland Browns,2-3,away,LAC,1,47,103,-114,-104,-106,1,nflreadr,Los Angeles Chargers,3-2,Cleveland Browns,2-3,0.5221,0.5221,0.8203,0.7809338047055956,0.2190661952944044,174,174,1,1,27,401437764674,67400,NA,NA,NA,NA,NA,NA,NA,NA,NA,NA,FALSE,0,0,FALSE,0,0,FALSE
nfl,2022,401437766,2022-10-09T17:00Z,Minnesota Vikings,Chicago Bears,MIN,CHI,4-1,2-3,29,22,TRUE,Minnesota Vikings,4-1,home,MIN,10,44,-385,322,105,-116,1,nflreadr,Minnesota Vikings,4-1,Chicago Bears,2-3,0.7516,0.7516,0.5093,0.5122717455330847,0.48772825446691526,163,163,1,1,134,4014377663205,320500,NA,NA,NA,NA,NA,NA,NA,NA,NA,NA,FALSE,0,0,FALSE,0,0,FALSE
nfl,2022,401437767,2022-10-09T17:00Z,New England Patriots,Detroit Lions,NE,DET,2-3,1-4,29,0,TRUE,New England Patriots,2-3,home,NE,3,46.5,-148,133,102,-113,1,nflreadr,New England Patriots,2-3,Detroit Lions,1-4,0.5431,0.5431,0.4815,0.05109034267912771,0.9489096573208723,162,162,1,1,8,401437767167,16700,NA,NA,NA,NA,NA,NA,NA,NA,NA,NA,FALSE,0,0,FALSE,0,0,FALSE
nfl,2022,401437768,2022-10-09T17:00Z,New Orleans Saints,Seattle Seahawks,NO,SEA,2-3,2-3,39,32,TRUE,New Orleans Saints,2-3,home,NO,5.5,45.5,-229,201,-104,-106,1,nflreadr,New Orleans Saints,2-3,Seattle Seahawks,2-3,0.7292,0.7292,0.5635,0.5194321206743566,0.4805678793256434,181,181,1,1,160,4014377684062,406200,NA,NA,NA,NA,NA,NA,NA,NA,NA,NA,FALSE,0,0,FALSE,0,0,FALSE
nfl,2022,401437769,2022-10-09T17:00Z,New York Jets,Miami Dolphins,NYJ,MIA,3-2,3-2,40,17,TRUE,Miami Dolphins,3-2,away,MIA,3,46,146,-162,100,-110,1,nflreadr,New York Jets,3-2,Miami Dolphins,3-2,0.4313,0.5687,0.603,0.3416252072968491,0.6583747927031509,166,166,1,1,6,401437769131,13100,NA,NA,NA,NA,NA,NA,NA,NA,NA,NA,FALSE,0,0,FALSE,0,0,FALSE
nfl,2022,401437770,2022-10-09T17:00Z,Tampa Bay Buccaneers,Atlanta Falcons,TB,ATL,3-2,2-3,21,15,TRUE,Tampa Bay Buccaneers,3-2,home,TB,10.5,46,-430,355,102,-113,1,nflreadr,Tampa Bay Buccaneers,3-2,Atlanta Falcons,2-3,0.873,0.873,0.2258,0.437555358724535,0.562444641275465,180,180,1,1,32,401437770704,70400,NA,NA,NA,NA,NA,NA,NA,NA,NA,NA,FALSE,0,0,FALSE,0,0,FALSE
nfl,2022,401437771,2022-10-09T17:00Z,Washington Commanders,Tennessee Titans,WSH,TEN,1-4,3-2,17,21,FALSE,Washington Commanders,1-4,NA,NA,NA,NA,NA,NA,NA,NA,NA,NA,Tennessee Titans,3-2,Washington Commanders,1-4,0.6488,0.6488,0.8355,0.8031119090365051,0.1968880909634949,171,171,1,1,164,4014377713920,392000,NA,NA,NA,NA,NA,NA,NA,NA,NA,NA,FALSE,0,0,FALSE,0,0,FALSE
nfl,2022,401437765,2022-10-09T17:00Z,Jacksonville Jaguars,Houston Texans,JAX,HOU,2-3,1-3-1,6,13,FALSE,Jacksonville Jaguars,2-3,home,JAX,7,44,-304,261,102,-113,1,nflreadr,Houston Texans,1-3-1,Jacksonville Jaguars,2-3,0.729,0.729,0.8102,0.7657368550975068,0.23426314490249323,170,170,1,1,34,401437765754,75400,NA,NA,NA,NA,NA,NA,NA,NA,NA,NA,FALSE,0,0,FALSE,0,0,FALSE
nfl,2022,401437772,2022-10-09T20:05Z,Carolina Panthers,San Francisco 49ers,CAR,SF,1-4,3-2,15,37,FALSE,San Francisco 49ers,3-2,away,SF,6,40,206,-234,-109,-102,1,nflreadr,San Francisco 49ers,3-2,Carolina Panthers,1-4,0.4992,0.5008,0.5308,0.11605124340617956,0.8839487565938204,176,176,1,1,4,40143777279,7900,NA,NA,NA,NA,NA,NA,NA,NA,NA,NA,FALSE,0,0,FALSE,0,0,FALSE
nfl,2022,401437774,2022-10-09T20:25Z,Los Angeles Rams,Dallas Cowboys,LAR,DAL,2-3,4-1,10,22,FALSE,Los Angeles Rams,2-3,NA,NA,NA,NA,NA,NA,NA,NA,NA,NA,Dallas Cowboys,4-1,Los Angeles Rams,2-3,0.7779,0.7779,0.7779,0.7144877233577582,0.28551227664224177,164,164,1,1,1,4014377741,100,NA,NA,NA,NA,NA,NA,NA,NA,NA,NA,FALSE,0,0,FALSE,0,0,FALSE
nfl,2022,401437773,2022-10-09T20:25Z,Arizona Cardinals,Philadelphia Eagles,ARI,PHI,2-3,5-0,17,20,FALSE,Philadelphia Eagles,5-0,away,PHI,5.5,48.5,196,-222,-111,101,1,nflreadr,Philadelphia Eagles,5-0,Arizona Cardinals,2-3,0.4772,0.5227999999999999,0.4772,0,1,180,180,1,1,1,4014377731,100,NA,NA,NA,NA,NA,NA,NA,NA,NA,NA,FALSE,0,0,FALSE,0,0,FALSE
nfl,2022,401437775,2022-10-10T00:20Z,Baltimore Ravens,Cincinnati Bengals,BAL,CIN,3-2,2-3,19,17,TRUE,Baltimore Ravens,3-2,NA,NA,NA,NA,NA,NA,NA,NA,NA,NA,Baltimore Ravens,3-2,Cincinnati Bengals,2-3,0.5094,0.5094,0.6088,0.3574244415243102,0.6425755584756898,166,166,1,1,153,4014377753660,366000,NA,NA,NA,NA,NA,NA,NA,NA,NA,NA,FALSE,0,0,FALSE,0,0,FALSE
nfl,2022,401437776,2022-10-11T00:15Z,Kansas City Chiefs,Las Vegas Raiders,KC,LV,4-1,1-4,30,29,TRUE,Kansas City Chiefs,4-1,NA,NA,NA,NA,NA,NA,NA,NA,NA,NA,Kansas City Chiefs,4-1,Las Vegas Raiders,1-4,0.7193,0.7193,0.8202,0.7807851743477201,0.2192148256522799,174,174,1,1,57,4014377761288,128800,NA,NA,NA,NA,NA,NA,NA,NA,NA,NA,FALSE,0,0,FALSE,0,0,FALSE
nfl,2022,401437777,2022-10-14T00:15Z,Chicago Bears,Washington Commanders,CHI,WSH,2-4,2-4,7,12,FALSE,Washington Commanders,2-4,NA,NA,NA,NA,NA,NA,NA,NA,NA,NA,Washington Commanders,2-4,Chicago Bears,2-4,0.4829,0.5171,0.6897,0.5500942438741481,0.44990575612585193,181,181,1,1,112,4014377772465,246500,NA,NA,NA,NA,NA,NA,NA,NA,NA,NA,FALSE,0,0,FALSE,0,0,FALSE
nfl,2022,401437778,2022-10-16T17:00Z,Atlanta Falcons,San Francisco 49ers,ATL,SF,3-3,3-3,28,14,TRUE,San Francisco 49ers,3-3,away,SF,3.5,46,166,-185,-110,-100,1,nflreadr,Atlanta Falcons,3-3,San Francisco 49ers,3-3,0.483,0.517,0.5386,0.1433345711102858,0.8566654288897142,158,158,1,1,3,40143777863,6300,NA,NA,NA,NA,NA,NA,NA,NA,NA,NA,FALSE,0,0,FALSE,0,0,FALSE
nfl,2022,401437779,2022-10-16T17:00Z,Cleveland Browns,New England Patriots,CLE,NE,2-4,3-3,15,38,FALSE,Cleveland Browns,2-4,home,CLE,2.5,43,-140,127,-111,101,1,nflreadr,New England Patriots,3-3,Cleveland Browns,2-4,0.7628,0.7628,0.7784,0.7153134635149023,0.2846865364850977,182,182,1,1,37,401437779979,97900,NA,NA,NA,NA,NA,NA,NA,NA,NA,NA,FALSE,0,0,FALSE,0,0,FALSE
nfl,2022,401437780,2022-10-16T17:00Z,Green Bay Packers,New York Jets,GB,NYJ,3-3,4-2,10,27,FALSE,Green Bay Packers,3-3,home,GB,7.5,44.5,-362,305,-109,-101,1,nflreadr,New York Jets,4-2,Green Bay Packers,3-3,0.8261,0.8261,0.8261,0.7894927974821448,0.21050720251785515,170,170,1,1,1,4014377801,100,NA,NA,NA,NA,NA,NA,NA,NA,NA,NA,FALSE,0,0,FALSE,0,0,FALSE
nfl,2022,401437781,2022-10-16T17:00Z,Indianapolis Colts,Jacksonville Jaguars,IND,JAX,3-2-1,2-4,34,27,TRUE,Jacksonville Jaguars,2-4,home,IND,1,41,-122,110,-114,103,1,nflreadr,Indianapolis Colts,3-2-1,Jacksonville Jaguars,2-4,0.4026,0.5973999999999999,0.8462000000000001,0.8182462774757742,0.18175372252422584,177,177,1,1,57,4014377811344,134400,NA,NA,NA,NA,NA,NA,NA,NA,NA,NA,FALSE,0,0,FALSE,0,0,FALSE
nfl,2022,401437782,2022-10-16T17:00Z,Miami Dolphins,Minnesota Vikings,MIA,MIN,3-3,5-1,16,24,FALSE,Minnesota Vikings,5-1,away,MIN,3,45,157,-175,109,-120,1,nflreadr,Minnesota Vikings,5-1,Miami Dolphins,3-3,0.3606,0.6394,0.5688,0.3660337552742615,0.6339662447257385,173,173,1,1,25,401437782573,57300,NA,NA,NA,NA,NA,NA,NA,NA,NA,NA,FALSE,0,0,FALSE,0,0,FALSE
nfl,2022,401437783,2022-10-16T17:00Z,New Orleans Saints,Cincinnati Bengals,NO,CIN,2-4,3-3,26,30,FALSE,Cincinnati Bengals,3-3,away,CIN,3,42.5,148,-164,100,-110,1,nflreadr,Cincinnati Bengals,3-3,New Orleans Saints,2-4,0.3949,0.6051,0.7858,0.7274115551030798,0.27258844489692025,172,172,1,1,149,4014377833609,360900,NA,NA,NA,NA,NA,NA,NA,NA,NA,NA,FALSE,0,0,FALSE,0,0,FALSE
nfl,2022,401437784,2022-10-16T17:00Z,New York Giants,Baltimore Ravens,NYG,BAL,5-1,3-3,24,20,TRUE,Baltimore Ravens,3-3,away,BAL,5.5,46,206,-234,-103,-107,1,nflreadr,New York Giants,5-1,Baltimore Ravens,3-3,0.3686,0.6314,0.9029,0.8924576365045964,0.10754236349540358,164,164,1,1,129,4014377843027,302700,NA,NA,NA,NA,NA,NA,NA,NA,NA,NA,FALSE,0,0,FALSE,0,0,FALSE
nfl,2022,401437785,2022-10-16T17:00Z,Pittsburgh Steelers,Tampa Bay Buccaneers,PIT,TB,2-4,3-3,20,18,TRUE,Tampa Bay Buccaneers,3-3,away,TB,10,47,323,-386,-113,103,1,nflreadr,Pittsburgh Steelers,2-4,Tampa Bay Buccaneers,3-3,0.1725,0.8275,0.8275,0.7915407854984895,0.2084592145015105,182,182,1,1,1,4014377851,100,NA,NA,NA,NA,NA,NA,NA,NA,NA,NA,FALSE,0,0,FALSE,0,0,FALSE
nfl,2022,401437786,2022-10-16T20:05Z,Los Angeles Rams,Carolina Panthers,LAR,CAR,3-3,1-5,24,10,TRUE,Los Angeles Rams,3-3,NA,NA,NA,NA,NA,NA,NA,NA,NA,NA,Los Angeles Rams,3-3,Carolina Panthers,1-5,0.7587,0.7587,0.5132,0.5298129384255652,0.4701870615744348,150,150,1,1,80,4014377861803,180300,NA,NA,NA,NA,NA,NA,NA,NA,NA,NA,FALSE,0,0,FALSE,0,0,FALSE
nfl,2022,401437787,2022-10-16T20:05Z,Seattle Seahawks,Arizona Cardinals,SEA,ARI,3-3,2-4,19,9,TRUE,Arizona Cardinals,2-4,away,ARI,2.5,50,123,-136,-104,-106,1,nflreadr,Seattle Seahawks,3-3,Arizona Cardinals,2-4,0.3533,0.6467,0.7502,0.6670221274326846,0.33297787256731537,185,185,1,1,8,401437787181,18100,NA,NA,NA,NA,NA,NA,NA,NA,NA,NA,FALSE,0,0,FALSE,0,0,FALSE
nfl,2022,401437788,2022-10-16T20:25Z,Kansas City Chiefs,Buffalo Bills,KC,BUF,4-2,5-1,20,24,FALSE,Kansas City Chiefs,4-2,away,BUF,2.5,54,132,-146,105,-116,1,nflreadr,Buffalo Bills,5-1,Kansas City Chiefs,4-2,0.5857,0.5857,0.793,0.7389659520807061,0.26103404791929385,177,177,1,1,158,4014377883751,375100,NA,NA,NA,NA,NA,NA,NA,NA,NA,NA,FALSE,0,0,FALSE,0,0,FALSE
nfl,2022,401437789,2022-10-17T00:20Z,Philadelphia Eagles,Dallas Cowboys,PHI,DAL,6-0,4-2,26,17,TRUE,Philadelphia Eagles,6-0,NA,NA,NA,NA,NA,NA,NA,NA,NA,NA,Philadelphia Eagles,6-0,Dallas Cowboys,4-2,0.7561,0.7561,0.28869999999999996,0.15517838586768262,0.8448216141323174,171,171,1,1,126,4014377892982,298200,NA,NA,NA,NA,NA,NA,NA,NA,NA,NA,FALSE,0,0,FALSE,0,0,FALSE
nfl,2022,401437790,2022-10-18T00:15Z,Los Angeles Chargers,Denver Broncos,LAC,DEN,4-2,2-4,19,16,TRUE,Los Angeles Chargers,4-2,NA,NA,NA,NA,NA,NA,NA,NA,NA,NA,Los Angeles Chargers,4-2,Denver Broncos,2-4,0.76,0.76,0.679,0.646539027982327,0.353460972017673,203,203,1,1,187,4014377904225,422500,NA,NA,NA,NA,NA,NA,NA,NA,NA,NA,FALSE,0,0,FALSE,0,0,FALSE
nfl,2022,401437791,2022-10-21T00:15Z,Arizona Cardinals,New Orleans Saints,ARI,NO,3-4,2-5,42,34,TRUE,Arizona Cardinals,3-4,NA,NA,NA,NA,NA,NA,NA,NA,NA,NA,Arizona Cardinals,3-4,New Orleans Saints,2-5,0.639,0.639,0.6211,0.4187731444211882,0.5812268555788118,180,180,1,1,50,4014377911161,116100,NA,NA,NA,NA,NA,NA,NA,NA,NA,NA,FALSE,0,0,FALSE,0,0,FALSE
nfl,2022,401437794,2022-10-23T17:00Z,Cincinnati Bengals,Atlanta Falcons,CIN,ATL,4-3,3-4,35,17,TRUE,Cincinnati Bengals,4-3,home,CIN,6.5,47.5,-271,235,-110,-100,1,nflreadr,Cincinnati Bengals,4-3,Atlanta Falcons,3-4,0.7559,0.7559,0.2581,0.05424254165052311,0.9457574583494769,150,150,1,1,4,40143779491,9100,NA,NA,NA,NA,NA,NA,NA,NA,NA,NA,FALSE,0,0,FALSE,0,0,FALSE
nfl,2022,401437795,2022-10-23T17:00Z,Dallas Cowboys,Detroit Lions,DAL,DET,5-2,1-5,24,6,TRUE,Dallas Cowboys,5-2,home,DAL,7,49.5,-278,241,102,-112,1,nflreadr,Dallas Cowboys,5-2,Detroit Lions,1-5,0.8253,0.8253,0.5009,0.6512277899780397,0.34877221002196035,159,159,1,1,78,4014377951797,179700,NA,NA,NA,NA,NA,NA,NA,NA,NA,NA,FALSE,0,0,FALSE,0,0,FALSE
nfl,2022,401437797,2022-10-23T17:00Z,Tennessee Titans,Indianapolis Colts,TEN,IND,4-2,3-3-1,19,10,TRUE,Tennessee Titans,4-2,home,TEN,2.5,43,-143,129,-108,-102,1,nflreadr,Tennessee Titans,4-2,Indianapolis Colts,3-3-1,0.5027,0.5027,0.5513,0.18610556865590433,0.8138944313440957,158,158,1,1,8,401437797196,19600,NA,NA,NA,NA,NA,NA,NA,NA,NA,NA,FALSE,0,0,FALSE,0,0,FALSE
nfl,2022,401437798,2022-10-23T17:00Z,Washington Commanders,Green Bay Packers,WSH,GB,3-4,3-4,23,21,TRUE,Green Bay Packers,3-4,NA,NA,NA,NA,NA,NA,NA,NA,NA,NA,Washington Commanders,3-4,Green Bay Packers,3-4,0.3166,0.6834,0.8584,0.8350419384902144,0.16495806150978565,169,169,1,1,46,4014377981186,118600,NA,NA,NA,NA,NA,NA,NA,NA,NA,NA,FALSE,0,0,FALSE,0,0,FALSE
nfl,2022,401437793,2022-10-23T17:00Z,Carolina Panthers,Tampa Bay Buccaneers,CAR,TB,2-5,3-4,21,3,TRUE,Tampa Bay Buccaneers,3-4,away,TB,13,39.5,524,-680,-107,-103,1,nflreadr,Carolina Panthers,2-5,Tampa Bay Buccaneers,3-4,0.1163,0.8837,0.8849,0.8699288055147474,0.13007119448525262,151,151,1,1,4,40143779377,7700,NA,NA,NA,NA,NA,NA,NA,NA,NA,NA,FALSE,0,0,FALSE,0,0,FALSE
nfl,2022,401437796,2022-10-23T17:00Z,Jacksonville Jaguars,New York Giants,JAX,NYG,2-5,6-1,17,23,FALSE,Jacksonville Jaguars,2-5,home,JAX,3,44,-165,148,-112,102,1,nflreadr,New York Giants,6-1,Jacksonville Jaguars,2-5,0.7294,0.7294,0.8491,0.8222824166764808,0.17771758332351917,186,186,1,1,135,4014377963336,333600,NA,NA,NA,NA,NA,NA,NA,NA,NA,NA,FALSE,0,0,FALSE,0,0,FALSE
nfl,2022,401437792,2022-10-23T17:00Z,Baltimore Ravens,Cleveland Browns,BAL,CLE,4-3,2-5,23,20,TRUE,Baltimore Ravens,4-3,home,BAL,6.5,46,-282,244,-110,100,1,nflreadr,Baltimore Ravens,4-3,Cleveland Browns,2-5,0.6275,0.6275,0.6131,0.39243190344152656,0.6075680965584734,165,165,1,1,33,401437792727,72700,NA,NA,NA,NA,NA,NA,NA,NA,NA,NA,FALSE,0,0,FALSE,0,0,FALSE
nfl,2022,401437799,2022-10-23T20:05Z,Denver Broncos,New York Jets,DEN,NYJ,2-5,5-2,9,16,FALSE,New York Jets,5-2,away,NYJ,2,37,115,-127,-104,-106,1,nflreadr,New York Jets,5-2,Denver Broncos,2-5,0.2861,0.7139,0.479,0.40271398747390386,0.5972860125260961,181,181,1,1,75,4014377991858,185800,NA,NA,NA,NA,NA,NA,NA,NA,NA,NA,FALSE,0,0,FALSE,0,0,FALSE
nfl,2022,401437800,2022-10-23T20:05Z,Las Vegas Raiders,Houston Texans,LV,HOU,2-4,1-4-1,38,20,TRUE,Las Vegas Raiders,2-4,home,LV,7,46,-325,278,-115,104,1,nflreadr,Las Vegas Raiders,2-4,Houston Texans,1-4-1,0.8168,0.8168,0.5183,0.6465367547752267,0.35346324522477335,156,156,1,1,59,4014378001380,138000,NA,NA,NA,NA,NA,NA,NA,NA,NA,NA,FALSE,0,0,FALSE,0,0,FALSE
nfl,2022,401437801,2022-10-23T20:25Z,Los Angeles Chargers,Seattle Seahawks,LAC,SEA,4-3,4-3,23,37,FALSE,Los Angeles Chargers,4-3,home,LAC,5.5,51.5,-219,193,101,-111,1,nflreadr,Seattle Seahawks,4-3,Los Angeles Chargers,4-3,0.7431,0.7431,0.8082,0.7626825043306114,0.23731749566938865,178,178,1,1,7,401437801161,16100,NA,NA,NA,NA,NA,NA,NA,NA,NA,NA,FALSE,0,0,FALSE,0,0,FALSE
nfl,2022,401437802,2022-10-23T20:25Z,San Francisco 49ers,Kansas City Chiefs,SF,KC,3-4,5-2,23,44,FALSE,Kansas City Chiefs,5-2,away,KC,1,49,-104,-106,-112,102,1,nflreadr,Kansas City Chiefs,5-2,San Francisco 49ers,3-4,0.3516,0.6484,0.6028,0.4167219641672196,0.5832780358327804,179,179,1,1,20,401437802459,45900,NA,NA,NA,NA,NA,NA,NA,NA,NA,NA,FALSE,0,0,FALSE,0,0,FALSE
nfl,2022,401437803,2022-10-24T00:20Z,Miami Dolphins,Pittsburgh Steelers,MIA,PIT,4-3,2-5,16,10,TRUE,Miami Dolphins,4-3,NA,NA,NA,NA,NA,NA,NA,NA,NA,NA,Miami Dolphins,4-3,Pittsburgh Steelers,2-5,0.7262,0.7262,0.3577,0.23455409561084695,0.765445904389153,178,178,1,1,157,4014378033630,363000,NA,NA,NA,NA,NA,NA,NA,NA,NA,NA,FALSE,0,0,FALSE,0,0,FALSE
nfl,2022,401437804,2022-10-25T00:15Z,New England Patriots,Chicago Bears,NE,CHI,3-4,3-4,14,33,FALSE,New England Patriots,3-4,NA,NA,NA,NA,NA,NA,NA,NA,NA,NA,Chicago Bears,3-4,New England Patriots,3-4,0.8217,0.8217,0.8217,0.7830108312036024,0.21698916879639762,158,158,1,1,1,4014378041,100,NA,NA,NA,NA,NA,NA,NA,NA,NA,NA,FALSE,0,0,FALSE,0,0,FALSE
nfl,2022,401437805,2022-10-28T00:15Z,Tampa Bay Buccaneers,Baltimore Ravens,TB,BAL,3-5,5-3,22,27,FALSE,Tampa Bay Buccaneers,3-5,NA,NA,NA,NA,NA,NA,NA,NA,NA,NA,Baltimore Ravens,5-3,Tampa Bay Buccaneers,3-5,0.5492,0.5492,0.794,0.7405541561712847,0.2594458438287153,185,185,1,1,79,4014378051835,183500,NA,NA,NA,NA,NA,NA,NA,NA,NA,NA,FALSE,0,0,FALSE,0,0,FALSE
nfl,2022,401435641,2022-10-30T13:30Z,Jacksonville Jaguars,Denver Broncos,JAX,DEN,2-6,3-5,17,21,FALSE,Denver Broncos,3-5,home,JAX,1,41,-107,-103,101,-112,1,nflreadr,Denver Broncos,3-5,Jacksonville Jaguars,2-6,0.4951,0.5049,0.8349,0.8022517666786442,0.19774823332135583,175,175,1,1,43,4014356411065,106500,NA,NA,NA,NA,NA,NA,NA,NA,NA,NA,FALSE,0,0,FALSE,0,0,FALSE
nfl,2022,401437806,2022-10-30T17:00Z,Atlanta Falcons,Carolina Panthers,ATL,CAR,4-4,2-6,37,34,TRUE,Atlanta Falcons,4-4,home,ATL,4.5,41,-201,178,-100,-110,1,nflreadr,Atlanta Falcons,4-4,Carolina Panthers,2-6,0.6846,0.6846,0.9503,0.9477007260864991,0.052299273913500866,199,199,1,1,185,4014378064261,426100,NA,NA,NA,NA,NA,NA,NA,NA,NA,NA,FALSE,0,0,FALSE,0,0,FALSE
nfl,2022,401437807,2022-10-30T17:00Z,Dallas Cowboys,Chicago Bears,DAL,CHI,6-2,3-5,49,29,TRUE,Dallas Cowboys,6-2,home,DAL,10.5,43,-430,355,109,-121,1,nflreadr,Dallas Cowboys,6-2,Chicago Bears,3-5,0.8528,0.8528,0.19530000000000003,0.24628776241679484,0.7537122375832052,173,173,1,1,109,4014378072684,268400,NA,NA,NA,NA,NA,NA,NA,NA,NA,NA,FALSE,0,0,FALSE,0,0,FALSE
nfl,2022,401437808,2022-10-30T17:00Z,Detroit Lions,Miami Dolphins,DET,MIA,1-6,5-3,27,31,FALSE,Miami Dolphins,5-3,away,MIA,3.5,52,169,-190,102,-112,1,nflreadr,Miami Dolphins,5-3,Detroit Lions,1-6,0.3291,0.6709,0.7337,0.637045113806733,0.362954886193267,160,160,1,1,43,4014378081150,115000,NA,NA,NA,NA,NA,NA,NA,NA,NA,NA,FALSE,0,0,FALSE,0,0,FALSE
nfl,2022,401437809,2022-10-30T17:00Z,Minnesota Vikings,Arizona Cardinals,MIN,ARI,6-1,3-5,34,26,TRUE,Minnesota Vikings,6-1,home,MIN,4,48.5,-199,177,-105,-105,1,nflreadr,Minnesota Vikings,6-1,Arizona Cardinals,3-5,0.5912,0.5912,0.5633,0.27427658441327885,0.7257234155867212,191,191,1,1,114,4014378092684,268400,NA,NA,NA,NA,NA,NA,NA,NA,NA,NA,FALSE,0,0,FALSE,0,0,FALSE
nfl,2022,401437810,2022-10-30T17:00Z,New Orleans Saints,Las Vegas Raiders,NO,LV,3-5,2-5,24,0,TRUE,Las Vegas Raiders,2-5,away,LV,1,48.5,108,-119,101,-111,1,nflreadr,New Orleans Saints,3-5,Las Vegas Raiders,2-5,0.3959,0.6041000000000001,0.6202,0.38761689777491126,0.6123831022250887,156,156,1,1,15,401437810353,35300,NA,NA,NA,NA,NA,NA,NA,NA,NA,NA,FALSE,0,0,FALSE,0,0,FALSE
nfl,2022,401437811,2022-10-30T17:00Z,New York Jets,New England Patriots,NYJ,NE,5-3,4-4,17,22,FALSE,New York Jets,5-3,away,NE,3,40,140,-155,-107,-103,1,nflreadr,New England Patriots,4-4,New York Jets,5-3,0.5209,0.5209,0.7314,0.6327590921520372,0.3672409078479628,179,179,1,1,72,4014378111727,172700,NA,NA,NA,NA,NA,NA,NA,NA,NA,NA,FALSE,0,0,FALSE,0,0,FALSE
nfl,2022,401437812,2022-10-30T17:00Z,Philadelphia Eagles,Pittsburgh Steelers,PHI,PIT,7-0,2-6,35,13,TRUE,Philadelphia Eagles,7-0,home,PHI,11,43,-490,397,-112,102,1,nflreadr,Philadelphia Eagles,7-0,Pittsburgh Steelers,2-6,0.8627,0.8627,0.1794,0.2346711259754739,0.7653288740245261,169,169,1,1,40,4014378121002,100200,NA,NA,NA,NA,NA,NA,NA,NA,NA,NA,FALSE,0,0,FALSE,0,0,FALSE
nfl,2022,401437813,2022-10-30T20:05Z,Houston Texans,Tennessee Titans,HOU,TEN,1-5-1,5-2,10,17,FALSE,Houston Texans,1-5-1,away,TEN,1,39,104,-115,-103,-107,1,nflreadr,Tennessee Titans,5-2,Houston Texans,1-5-1,0.5888,0.5888,0.6895,0.5496736765772299,0.4503263234227701,155,155,1,1,40,401437813915,91500,NA,NA,NA,NA,NA,NA,NA,NA,NA,NA,FALSE,0,0,FALSE,0,0,FALSE
nfl,2022,401437814,2022-10-30T20:25Z,Indianapolis Colts,Washington Commanders,IND,WSH,3-4-1,4-4,16,17,FALSE,Washington Commanders,4-4,NA,NA,NA,NA,NA,NA,NA,NA,NA,NA,Washington Commanders,4-4,Indianapolis Colts,3-4-1,0.488,0.512,0.9147,0.9067453809992347,0.09325461900076526,156,156,1,1,126,4014378142935,293500,NA,NA,NA,NA,NA,NA,NA,NA,NA,NA,FALSE,0,0,FALSE,0,0,FALSE
nfl,2022,401437815,2022-10-30T20:25Z,Los Angeles Rams,San Francisco 49ers,LAR,SF,3-4,4-4,14,31,FALSE,Los Angeles Rams,3-4,NA,NA,NA,NA,NA,NA,NA,NA,NA,NA,San Francisco 49ers,4-4,Los Angeles Rams,3-4,0.5297,0.5297,0.7045,0.5805535841022003,0.41944641589779974,143,143,1,1,85,4014378152040,204000,NA,NA,NA,NA,NA,NA,NA,NA,NA,NA,FALSE,0,0,FALSE,0,0,FALSE
nfl,2022,401437816,2022-10-30T20:25Z,Seattle Seahawks,New York Giants,SEA,NYG,5-3,6-2,27,13,TRUE,Seattle Seahawks,5-3,home,SEA,3,44.5,-164,147,-110,-100,1,nflreadr,Seattle Seahawks,5-3,New York Giants,6-2,0.593,0.593,0.505,0.194059405940594,0.805940594059406,172,172,1,1,71,4014378161668,166800,NA,NA,NA,NA,NA,NA,NA,NA,NA,NA,FALSE,0,0,FALSE,0,0,FALSE
nfl,2022,401437817,2022-10-31T00:20Z,Buffalo Bills,Green Bay Packers,BUF,GB,6-1,3-5,27,17,TRUE,Buffalo Bills,6-1,NA,NA,NA,NA,NA,NA,NA,NA,NA,NA,Buffalo Bills,6-1,Green Bay Packers,3-5,0.8311,0.8311,0.3067,0.44929898924029976,0.5507010107597002,160,160,1,1,12,401437817292,29200,NA,NA,NA,NA,NA,NA,NA,NA,NA,NA,FALSE,0,0,FALSE,0,0,FALSE
nfl,2022,401437818,2022-11-01T00:15Z,Cleveland Browns,Cincinnati Bengals,CLE,CIN,3-5,4-4,32,13,TRUE,Cincinnati Bengals,4-4,NA,NA,NA,NA,NA,NA,NA,NA,NA,NA,Cleveland Browns,3-5,Cincinnati Bengals,4-4,0.3022,0.6978,0.7434000000000001,0.6548291633037397,0.34517083669626025,159,159,1,1,11,401437818261,26100,NA,NA,NA,NA,NA,NA,NA,NA,NA,NA,FALSE,0,0,FALSE,0,0,FALSE
nfl,2022,401437819,2022-11-04T00:15Z,Houston Texans,Philadelphia Eagles,HOU,PHI,1-6-1,8-0,17,29,FALSE,Philadelphia Eagles,8-0,NA,NA,NA,NA,NA,NA,NA,NA,NA,NA,Philadelphia Eagles,8-0,Houston Texans,1-6-1,0.1582,0.8418,0.356,0.5556179775280898,0.44438202247191017,159,159,1,1,83,4014378191874,187400,NA,NA,NA,NA,NA,NA,NA,NA,NA,NA,FALSE,0,0,FALSE,0,0,FALSE
nfl,2022,401437820,2022-11-06T18:00Z,Atlanta Falcons,Los Angeles Chargers,ATL,LAC,4-5,5-3,17,20,FALSE,Atlanta Falcons,4-5,away,LAC,2.5,49.5,130,-143,103,-114,1,nflreadr,Los Angeles Chargers,5-3,Atlanta Falcons,4-5,0.5711,0.5711,0.8192,0.779296875,0.220703125,166,166,1,1,26,401437820590,59000,NA,NA,NA,NA,NA,NA,NA,NA,NA,NA,FALSE,0,0,FALSE,0,0,FALSE
nfl,2022,401437821,2022-11-06T18:00Z,Chicago Bears,Miami Dolphins,CHI,MIA,3-6,6-3,32,35,FALSE,Miami Dolphins,6-3,away,MIA,4,46,172,-193,-107,-103,1,nflreadr,Miami Dolphins,6-3,Chicago Bears,3-6,0.3319,0.6681,0.4218,0.21313418681839746,0.7868658131816025,176,176,1,1,12,401437821273,27300,NA,NA,NA,NA,NA,NA,NA,NA,NA,NA,FALSE,0,0,FALSE,0,0,FALSE
nfl,2022,401437822,2022-11-06T18:00Z,Cincinnati Bengals,Carolina Panthers,CIN,CAR,5-4,2-7,42,21,TRUE,Cincinnati Bengals,5-4,home,CIN,7,43,-331,282,-110,-100,1,nflreadr,Cincinnati Bengals,5-4,Carolina Panthers,2-7,0.7984,0.7984,0.2279,0.11540149188240456,0.8845985081175954,157,157,1,1,3,40143782279,7900,NA,NA,NA,NA,NA,NA,NA,NA,NA,NA,FALSE,0,0,FALSE,0,0,FALSE
nfl,2022,401437823,2022-11-06T18:00Z,Detroit Lions,Green Bay Packers,DET,GB,2-6,3-6,15,9,TRUE,Green Bay Packers,3-6,away,GB,4,49.5,170,-191,-103,-107,1,nflreadr,Detroit Lions,2-6,Green Bay Packers,3-6,0.2729,0.7271000000000001,0.8209,0.7818248264100378,0.2181751735899622,160,160,1,1,23,401437823534,53400,NA,NA,NA,NA,NA,NA,NA,NA,NA,NA,FALSE,0,0,FALSE,0,0,FALSE
nfl,2022,401437825,2022-11-06T18:00Z,New England Patriots,Indianapolis Colts,NE,IND,5-4,3-5-1,26,3,TRUE,New England Patriots,5-4,home,NE,5,40,-212,188,104,-115,1,nflreadr,New England Patriots,5-4,Indianapolis Colts,3-5-1,0.7792,0.7792,0.32399999999999995,0.3185185185185184,0.6814814814814816,171,171,1,1,18,401437825398,39800,NA,NA,NA,NA,NA,NA,NA,NA,NA,NA,FALSE,0,0,FALSE,0,0,FALSE
nfl,2022,401437826,2022-11-06T18:00Z,New York Jets,Buffalo Bills,NYJ,BUF,6-3,6-2,20,17,TRUE,Buffalo Bills,6-2,away,BUF,11,46,400,-494,-114,103,1,nflreadr,New York Jets,6-3,Buffalo Bills,6-2,0.1785,0.8215,0.8966,0.8846754405532009,0.11532455944679909,159,159,1,2,54,4014378261361,136100,NA,NA,NA,NA,NA,NA,NA,NA,NA,NA,FALSE,0,0,FALSE,0,0,FALSE
nfl,2022,401437827,2022-11-06T18:00Z,Washington Commanders,Minnesota Vikings,WSH,MIN,4-5,7-1,17,20,FALSE,Minnesota Vikings,7-1,NA,NA,NA,NA,NA,NA,NA,NA,NA,NA,Minnesota Vikings,7-1,Washington Commanders,4-5,0.4247,0.5752999999999999,0.8881,0.8740006755995946,0.1259993244004054,170,170,1,1,125,4014378272904,290400,NA,NA,NA,NA,NA,NA,NA,NA,NA,NA,FALSE,0,0,FALSE,0,0,FALSE
nfl,2022,401437824,2022-11-06T18:00Z,Jacksonville Jaguars,Las Vegas Raiders,JAX,LV,3-6,2-6,27,20,TRUE,Las Vegas Raiders,2-6,away,LV,2.5,47.5,116,-129,-108,-102,1,nflreadr,Jacksonville Jaguars,3-6,Las Vegas Raiders,2-6,0.496,0.504,0.8782,0.8613072193122295,0.13869278068777047,168,168,1,1,50,4014378241212,121200,NA,NA,NA,NA,NA,NA,NA,NA,NA,NA,FALSE,0,0,FALSE,0,0,FALSE
nfl,2022,401437828,2022-11-06T21:05Z,Arizona Cardinals,Seattle Seahawks,ARI,SEA,3-6,6-3,21,31,FALSE,Arizona Cardinals,3-6,home,ARI,1.5,49.5,-128,116,-113,102,1,nflreadr,Seattle Seahawks,6-3,Arizona Cardinals,3-6,0.6286,0.6286,0.7474,0.662028364998662,0.337971635001338,179,179,1,1,26,401437828616,61600,NA,NA,NA,NA,NA,NA,NA,NA,NA,NA,FALSE,0,0,FALSE,0,0,FALSE
nfl,2022,401437829,2022-11-06T21:25Z,Tampa Bay Buccaneers,Los Angeles Rams,TB,LAR,4-5,3-5,16,13,TRUE,Tampa Bay Buccaneers,4-5,NA,NA,NA,NA,NA,NA,NA,NA,NA,NA,Tampa Bay Buccaneers,4-5,Los Angeles Rams,3-5,0.6551,0.6551,0.8978,0.8861661840053465,0.11383381599465348,190,190,1,1,179,4014378294026,402600,NA,NA,NA,NA,NA,NA,NA,NA,NA,NA,FALSE,0,0,FALSE,0,0,FALSE
nfl,2022,401437830,2022-11-07T01:20Z,Kansas City Chiefs,Tennessee Titans,KC,TEN,6-2,5-3,20,17,TRUE,Kansas City Chiefs,6-2,NA,NA,NA,NA,NA,NA,NA,NA,NA,NA,Kansas City Chiefs,6-2,Tennessee Titans,5-3,0.9204,0.9204,0.8434,0.905620109082286,0.09437989091771404,194,194,1,1,130,4014378303225,322500,NA,NA,NA,NA,NA,NA,NA,NA,NA,NA,FALSE,0,0,FALSE,0,0,FALSE
nfl,2022,401437831,2022-11-08T01:15Z,New Orleans Saints,Baltimore Ravens,NO,BAL,3-6,6-3,13,27,FALSE,Baltimore Ravens,6-3,NA,NA,NA,NA,NA,NA,NA,NA,NA,NA,Baltimore Ravens,6-3,New Orleans Saints,3-6,0.4597,0.5403,0.4809,0.04408400914951127,0.9559159908504887,160,160,1,1,12,401437831271,27100,NA,NA,NA,NA,NA,NA,NA,NA,NA,NA,FALSE,0,0,FALSE,0,0,FALSE
nfl,2022,401437832,2022-11-11T01:15Z,Carolina Panthers,Atlanta Falcons,CAR,ATL,3-7,4-6,25,15,TRUE,Atlanta Falcons,4-6,NA,NA,NA,NA,NA,NA,NA,NA,NA,NA,Carolina Panthers,3-7,Atlanta Falcons,4-6,0.346,0.654,0.654,0.4709480122324159,0.5290519877675841,173,173,1,1,1,4014378321,100,NA,NA,NA,NA,NA,NA,NA,NA,NA,NA,FALSE,0,0,FALSE,0,0,FALSE
nfl,2022,401435638,2022-11-13T14:30Z,Tampa Bay Buccaneers,Seattle Seahawks,TB,SEA,5-5,6-4,21,16,TRUE,Tampa Bay Buccaneers,5-5,home,TB,2.5,45,-138,124,-114,103,1,nflreadr,Tampa Bay Buccaneers,5-5,Seattle Seahawks,6-4,0.6692,0.6692,0.4313,0.23301646185949465,0.7669835381405053,161,161,1,1,21,401435638464,46400,NA,NA,NA,NA,NA,NA,NA,NA,NA,NA,FALSE,0,0,FALSE,0,0,FALSE
nfl,2022,401437833,2022-11-13T18:00Z,Buffalo Bills,Minnesota Vikings,BUF,MIN,6-3,8-1,30,33,FALSE,Buffalo Bills,6-3,home,BUF,6.5,47,-264,230,-106,-104,1,nflreadr,Minnesota Vikings,8-1,Buffalo Bills,6-3,0.5692,0.5692,0.9757,0.9750948037306548,0.024905196269345176,205,205,1,1,131,4014378333268,326800,NA,NA,NA,NA,NA,NA,NA,NA,NA,NA,FALSE,0,0,FALSE,0,0,FALSE
nfl,2022,401437834,2022-11-13T18:00Z,Chicago Bears,Detroit Lions,CHI,DET,3-7,3-6,30,31,FALSE,Chicago Bears,3-7,home,CHI,3,48.5,-159,143,-105,-105,1,nflreadr,Detroit Lions,3-6,Chicago Bears,3-7,0.5967,0.5967,0.9544,0.9522212908633696,0.047778709136630404,170,170,1,2,112,4014378342557,255700,NA,NA,NA,NA,NA,NA,NA,NA,NA,NA,FALSE,0,0,FALSE,0,0,FALSE
nfl,2022,401437839,2022-11-13T18:00Z,Tennessee Titans,Denver Broncos,TEN,DEN,6-3,3-6,17,10,TRUE,Tennessee Titans,6-3,home,TEN,2.5,40,-135,122,-105,-105,1,nflreadr,Tennessee Titans,6-3,Denver Broncos,3-6,0.6067,0.6067,0.7887,0.7320907822999871,0.26790921770001286,189,189,1,1,77,4014378391863,186300,NA,NA,NA,NA,NA,NA,NA,NA,NA,NA,FALSE,0,0,FALSE,0,0,FALSE
nfl,2022,401437835,2022-11-13T18:00Z,Kansas City Chiefs,Jacksonville Jaguars,KC,JAX,7-2,3-7,27,17,TRUE,Kansas City Chiefs,7-2,home,KC,10,51.5,-399,333,109,-120,1,nflreadr,Kansas City Chiefs,7-2,Jacksonville Jaguars,3-7,0.8421,0.8421,0.23029999999999995,0.31437255753365145,0.6856274424663485,161,161,1,1,18,401437835425,42500,NA,NA,NA,NA,NA,NA,NA,NA,NA,NA,FALSE,0,0,FALSE,0,0,FALSE
nfl,2022,401437836,2022-11-13T18:00Z,Miami Dolphins,Cleveland Browns,MIA,CLE,7-3,3-6,39,17,TRUE,Miami Dolphins,7-3,home,MIA,3,49,-177,158,-123,112,1,nflreadr,Miami Dolphins,7-3,Cleveland Browns,3-6,0.578,0.578,0.6082000000000001,0.3558040118382113,0.6441959881617887,165,165,1,1,14,401437836352,35200,NA,NA,NA,NA,NA,NA,NA,NA,NA,NA,FALSE,0,0,FALSE,0,0,FALSE
nfl,2022,401437837,2022-11-13T18:00Z,New York Giants,Houston Texans,NYG,HOU,7-2,1-7-1,24,16,TRUE,New York Giants,7-2,home,NYG,5.5,41.5,-221,195,102,-112,1,nflreadr,New York Giants,7-2,Houston Texans,1-7-1,0.6806,0.6806,0.3288,0.028588807785888015,0.971411192214112,178,178,1,1,2,40143783742,4200,NA,NA,NA,NA,NA,NA,NA,NA,NA,NA,FALSE,0,0,FALSE,0,0,FALSE
nfl,2022,401437838,2022-11-13T18:00Z,Pittsburgh Steelers,New Orleans Saints,PIT,NO,3-6,3-7,20,10,TRUE,New Orleans Saints,3-7,home,PIT,1,39.5,-116,105,-107,-103,1,nflreadr,Pittsburgh Steelers,3-6,New Orleans Saints,3-7,0.3592,0.6408,0.6712,0.5101311084624554,0.48986889153754465,168,168,1,1,4,40143783882,8200,NA,NA,NA,NA,NA,NA,NA,NA,NA,NA,FALSE,0,0,FALSE,0,0,FALSE
nfl,2022,401437840,2022-11-13T21:05Z,Las Vegas Raiders,Indianapolis Colts,LV,IND,2-7,4-5-1,20,25,FALSE,Las Vegas Raiders,2-7,home,LV,4.5,41,-199,177,101,-112,1,nflreadr,Indianapolis Colts,4-5-1,Las Vegas Raiders,2-7,0.8635,0.8635,0.8635,0.8419224088013897,0.1580775911986103,168,168,1,1,1,4014378401,100,NA,NA,NA,NA,NA,NA,NA,NA,NA,NA,FALSE,0,0,FALSE,0,0,FALSE
nfl,2022,401437131,2022-11-13T21:25Z,Green Bay Packers,Dallas Cowboys,GB,DAL,4-6,6-3,31,28,TRUE,Dallas Cowboys,6-3,away,DAL,3.5,44.5,177,-199,102,-113,1,nflreadr,Green Bay Packers,4-6,Dallas Cowboys,6-3,0.3443,0.6557,0.9604,0.9587671803415243,0.041232819658475695,188,188,1,1,132,4014371313189,318900,NA,NA,NA,NA,NA,NA,NA,NA,NA,NA,FALSE,0,0,FALSE,0,0,FALSE
nfl,2022,401437841,2022-11-13T21:25Z,Los Angeles Rams,Arizona Cardinals,LAR,ARI,3-6,4-6,17,27,FALSE,Los Angeles Rams,3-6,NA,NA,NA,NA,NA,NA,NA,NA,NA,NA,Arizona Cardinals,4-6,Los Angeles Rams,3-6,0.5815,0.5815,0.6427,0.4440641045588922,0.5559358954411078,173,173,1,1,13,401437841287,28700,NA,NA,NA,NA,NA,NA,NA,NA,NA,NA,FALSE,0,0,FALSE,0,0,FALSE
nfl,2022,401437842,2022-11-14T01:20Z,San Francisco 49ers,Los Angeles Chargers,SF,LAC,5-4,5-4,22,16,TRUE,San Francisco 49ers,5-4,NA,NA,NA,NA,NA,NA,NA,NA,NA,NA,San Francisco 49ers,5-4,Los Angeles Chargers,5-4,0.7546,0.7546,0.6823,0.6403341638575408,0.35966583614245917,171,171,1,1,56,4014378421451,145100,NA,NA,NA,NA,NA,NA,NA,NA,NA,NA,FALSE,0,0,FALSE,0,0,FALSE
nfl,2022,401437843,2022-11-15T01:15Z,Philadelphia Eagles,Washington Commanders,PHI,WSH,8-1,5-5,21,32,FALSE,Philadelphia Eagles,8-1,NA,NA,NA,NA,NA,NA,NA,NA,NA,NA,Washington Commanders,5-5,Philadelphia Eagles,8-1,0.8309,0.8309,0.9115,0.9029072956664839,0.09709270433351613,172,172,1,1,13,401437843326,32600,NA,NA,NA,NA,NA,NA,NA,NA,NA,NA,FALSE,0,0,FALSE,0,0,FALSE
nfl,2022,401437844,2022-11-18T01:15Z,Green Bay Packers,Tennessee Titans,GB,TEN,4-7,7-3,17,27,FALSE,Green Bay Packers,4-7,NA,NA,NA,NA,NA,NA,NA,NA,NA,NA,Tennessee Titans,7-3,Green Bay Packers,4-7,0.6417,0.6417,0.6744,0.517200474495848,0.48279952550415195,158,158,1,1,4,40143784497,9700,NA,NA,NA,NA,NA,NA,NA,NA,NA,NA,FALSE,0,0,FALSE,0,0,FALSE
nfl,2022,401437845,2022-11-20T18:00Z,Atlanta Falcons,Chicago Bears,ATL,CHI,5-6,3-8,27,24,TRUE,Atlanta Falcons,5-6,home,ATL,3,48.5,-138,125,110,-122,1,nflreadr,Atlanta Falcons,5-6,Chicago Bears,3-8,0.6743,0.6743,0.7101999999999999,0.5919459307237396,0.4080540692762604,161,161,1,1,64,4014378451585,158500,NA,NA,NA,NA,NA,NA,NA,NA,NA,NA,FALSE,0,0,FALSE,0,0,FALSE
nfl,2022,401437847,2022-11-20T18:00Z,Buffalo Bills,Cleveland Browns,BUF,CLE,7-3,3-7,31,23,TRUE,Buffalo Bills,7-3,home,BUF,7.5,50.5,-353,298,-108,-103,1,nflreadr,Buffalo Bills,7-3,Cleveland Browns,3-7,0.7849,0.7849,0.5222,0.588088854844887,0.41191114515511296,185,185,1,1,47,4014378471103,110300,NA,NA,NA,NA,NA,NA,NA,NA,NA,NA,FALSE,0,0,FALSE,0,0,FALSE
nfl,2022,401437849,2022-11-20T18:00Z,Indianapolis Colts,Philadelphia Eagles,IND,PHI,4-6-1,9-1,16,17,FALSE,Philadelphia Eagles,9-1,away,PHI,6.5,45.5,235,-270,-102,-108,1,nflreadr,Philadelphia Eagles,9-1,Indianapolis Colts,4-6-1,0.3023,0.6977,0.8937,0.8810562828689719,0.11894371713102814,172,172,1,1,112,4014378492671,267100,NA,NA,NA,NA,NA,NA,NA,NA,NA,NA,FALSE,0,0,FALSE,0,0,FALSE
nfl,2022,401437850,2022-11-20T18:00Z,New England Patriots,New York Jets,NE,NYJ,6-4,6-4,10,3,TRUE,New York Jets,6-4,home,NE,3.5,38.5,-182,163,-102,-109,1,nflreadr,New England Patriots,6-4,New York Jets,6-4,0.4574,0.5426,0.6476,0.4558369363804817,0.5441630636195183,162,162,1,1,155,4014378503609,360900,NA,NA,NA,NA,NA,NA,NA,NA,NA,NA,FALSE,0,0,FALSE,0,0,FALSE
nfl,2022,401437851,2022-11-20T18:00Z,New Orleans Saints,Los Angeles Rams,NO,LAR,4-7,3-7,27,20,TRUE,Los Angeles Rams,3-7,NA,NA,NA,NA,NA,NA,NA,NA,NA,NA,New Orleans Saints,4-7,Los Angeles Rams,3-7,0.4979,0.5021,0.6178,0.3813531887342183,0.6186468112657817,164,164,1,1,79,4014378511866,186600,NA,NA,NA,NA,NA,NA,NA,NA,NA,NA,FALSE,0,0,FALSE,0,0,FALSE
nfl,2022,401437852,2022-11-20T18:00Z,New York Giants,Detroit Lions,NYG,DET,7-3,4-6,18,31,FALSE,New York Giants,7-3,home,NYG,3,44,-159,143,-107,-104,1,nflreadr,Detroit Lions,4-6,New York Giants,7-3,0.6583,0.6583,0.7218,0.6145746744250484,0.38542532557495157,178,178,1,1,46,4014378521129,112900,NA,NA,NA,NA,NA,NA,NA,NA,NA,NA,FALSE,0,0,FALSE,0,0,FALSE
nfl,2022,401437846,2022-11-20T18:00Z,Baltimore Ravens,Carolina Panthers,BAL,CAR,7-3,3-8,13,3,TRUE,Baltimore Ravens,7-3,home,BAL,13,42,-647,503,106,-117,1,nflreadr,Baltimore Ravens,7-3,Carolina Panthers,3-8,0.8486,0.8486,0.4437,0.6587784539102998,0.34122154608970023,169,169,1,1,111,4014378462755,275500,NA,NA,NA,NA,NA,NA,NA,NA,NA,NA,FALSE,0,0,FALSE,0,0,FALSE
nfl,2022,401437848,2022-11-20T18:00Z,Houston Texans,Washington Commanders,HOU,WSH,1-8-1,6-5,10,23,FALSE,Washington Commanders,6-5,NA,NA,NA,NA,NA,NA,NA,NA,NA,NA,Washington Commanders,6-5,Houston Texans,1-8-1,0.4599,0.5401,0.515,0.106990291262136,0.893009708737864,165,165,1,1,5,401437848107,10700,NA,NA,NA,NA,NA,NA,NA,NA,NA,NA,FALSE,0,0,FALSE,0,0,FALSE
nfl,2022,401437853,2022-11-20T21:05Z,Denver Broncos,Las Vegas Raiders,DEN,LV,3-7,3-7,16,22,FALSE,Las Vegas Raiders,3-7,home,DEN,2.5,41.5,-145,131,-117,106,1,nflreadr,Las Vegas Raiders,3-7,Denver Broncos,3-7,0.3683,0.6316999999999999,0.9001,0.8890123319631151,0.11098766803688487,177,177,1,1,154,4014378533693,369300,NA,NA,NA,NA,NA,NA,NA,NA,NA,NA,FALSE,0,0,FALSE,0,0,FALSE
nfl,2022,401437855,2022-11-20T21:25Z,Minnesota Vikings,Dallas Cowboys,MIN,DAL,8-2,7-3,3,40,FALSE,Dallas Cowboys,7-3,away,DAL,1.5,48.5,118,-131,104,-115,1,nflreadr,Dallas Cowboys,7-3,Minnesota Vikings,8-2,0.4538,0.5462,0.4791,0.05280734710916313,0.9471926528908369,171,171,1,1,20,401437855455,45500,NA,NA,NA,NA,NA,NA,NA,NA,NA,NA,FALSE,0,0,FALSE,0,0,FALSE
nfl,2022,401437856,2022-11-20T21:25Z,Pittsburgh Steelers,Cincinnati Bengals,PIT,CIN,3-7,6-4,30,37,FALSE,Cincinnati Bengals,6-4,away,CIN,3.5,39,163,-182,-111,101,1,nflreadr,Cincinnati Bengals,6-4,Pittsburgh Steelers,3-7,0.201,0.7989999999999999,0.4968,0.5954106280193235,0.40458937198067646,192,192,1,1,93,4014378562196,219600,NA,NA,NA,NA,NA,NA,NA,NA,NA,NA,FALSE,0,0,FALSE,0,0,FALSE
nfl,2022,401437854,2022-11-21T01:20Z,Los Angeles Chargers,Kansas City Chiefs,LAC,KC,5-5,8-2,27,30,FALSE,Kansas City Chiefs,8-2,NA,NA,NA,NA,NA,NA,NA,NA,NA,NA,Kansas City Chiefs,8-2,Los Angeles Chargers,5-5,0.2087,0.7913,0.8419,0.8122104763035989,0.18778952369640112,171,171,1,1,156,4014378543511,351100,NA,NA,NA,NA,NA,NA,NA,NA,NA,NA,FALSE,0,0,FALSE,0,0,FALSE
nfl,2022,401435642,2022-11-22T01:15Z,Arizona Cardinals,San Francisco 49ers,ARI,SF,4-7,6-4,10,38,FALSE,San Francisco 49ers,6-4,NA,NA,NA,NA,NA,NA,NA,NA,NA,NA,San Francisco 49ers,6-4,Arizona Cardinals,4-7,0.1724,0.8276,0.2836,0.39210155148095915,0.6078984485190408,162,162,1,1,36,401435642822,82200,NA,NA,NA,NA,NA,NA,NA,NA,NA,NA,FALSE,0,0,FALSE,0,0,FALSE
nfl,2022,401437857,2022-11-24T17:30Z,Detroit Lions,Buffalo Bills,DET,BUF,4-7,8-3,25,28,FALSE,Buffalo Bills,8-3,away,BUF,10,54,342,-412,-116,105,1,nflreadr,Buffalo Bills,8-3,Detroit Lions,4-7,0.1725,0.8275,0.6765,0.7450110864745012,0.2549889135254988,182,182,1,1,140,4014378573441,344100,NA,NA,NA,NA,NA,NA,NA,NA,NA,NA,FALSE,0,0,FALSE,0,0,FALSE
nfl,2022,401437858,2022-11-24T21:30Z,Dallas Cowboys,New York Giants,DAL,NYG,8-3,7-4,28,20,TRUE,Dallas Cowboys,8-3,home,DAL,10.5,45.5,-441,363,104,-114,1,nflreadr,Dallas Cowboys,8-3,New York Giants,7-4,0.8771,0.8771,0.4691999999999999,0.7380647911338447,0.2619352088661553,176,176,1,1,94,4014378582172,217200,NA,NA,NA,NA,NA,NA,NA,NA,NA,NA,FALSE,0,0,FALSE,0,0,FALSE
nfl,2022,401437859,2022-11-25T01:20Z,Minnesota Vikings,New England Patriots,MIN,NE,9-2,6-5,33,26,TRUE,Minnesota Vikings,9-2,NA,NA,NA,NA,NA,NA,NA,NA,NA,NA,Minnesota Vikings,9-2,New England Patriots,6-5,0.6292,0.6292,0.6726,0.5132322331251857,0.48676776687481427,168,168,1,1,93,4014378592140,214000,NA,NA,NA,NA,NA,NA,NA,NA,NA,NA,FALSE,0,0,FALSE,0,0,FALSE
nfl,2022,401437861,2022-11-27T18:00Z,Cleveland Browns,Tampa Bay Buccaneers,CLE,TB,4-7,5-6,23,17,TRUE,Tampa Bay Buccaneers,5-6,away,TB,3,42,151,-169,107,-118,1,nflreadr,Cleveland Browns,4-7,Tampa Bay Buccaneers,5-6,0.4909,0.5091,0.9418,0.9382034402208537,0.06179655977914633,196,196,1,1,142,4014378613366,336600,NA,NA,NA,NA,NA,NA,NA,NA,NA,NA,FALSE,0,0,FALSE,0,0,FALSE
nfl,2022,401437865,2022-11-27T18:00Z,Tennessee Titans,Cincinnati Bengals,TEN,CIN,7-4,7-4,16,20,FALSE,Cincinnati Bengals,7-4,away,CIN,1,43,-105,-105,-113,102,1,nflreadr,Cincinnati Bengals,7-4,Tennessee Titans,7-4,0.4102,0.5898,0.6963,0.5638374263966681,0.4361625736033319,169,169,1,1,60,4014378651441,144100,NA,NA,NA,NA,NA,NA,NA,NA,NA,NA,FALSE,0,0,FALSE,0,0,FALSE
nfl,2022,401437863,2022-11-27T18:00Z,Miami Dolphins,Houston Texans,MIA,HOU,8-3,1-9-1,30,15,TRUE,Miami Dolphins,8-3,home,MIA,14,47,-822,613,-109,-101,1,nflreadr,Miami Dolphins,8-3,Houston Texans,1-9-1,0.8757,0.8757,0.12429999999999997,0,1,177,177,1,1,1,4014378631,100,NA,NA,NA,NA,NA,NA,NA,NA,NA,NA,FALSE,0,0,FALSE,0,0,FALSE
nfl,2022,401437864,2022-11-27T18:00Z,New York Jets,Chicago Bears,NYJ,CHI,7-4,3-9,31,10,TRUE,New York Jets,7-4,home,NYJ,8.5,36.5,-375,315,-103,-107,1,nflreadr,New York Jets,7-4,Chicago Bears,3-9,0.7105,0.7105,0.494,0.41396761133603244,0.5860323886639676,153,153,1,1,51,4014378641259,125900,NA,NA,NA,NA,NA,NA,NA,NA,NA,NA,FALSE,0,0,FALSE,0,0,FALSE
nfl,2022,401437866,2022-11-27T18:00Z,Washington Commanders,Atlanta Falcons,WSH,ATL,7-5,5-7,19,13,TRUE,Washington Commanders,7-5,NA,NA,NA,NA,NA,NA,NA,NA,NA,NA,Washington Commanders,7-5,Atlanta Falcons,5-7,0.6003,0.6003,0.5976,0.33115796519410967,0.6688420348058903,155,155,1,1,143,4014378663291,329100,NA,NA,NA,NA,NA,NA,NA,NA,NA,NA,FALSE,0,0,FALSE,0,0,FALSE
nfl,2022,401437860,2022-11-27T18:00Z,Carolina Panthers,Denver Broncos,CAR,DEN,4-8,3-8,23,10,TRUE,Carolina Panthers,4-8,away,DEN,1,36.5,105,-116,-101,-109,1,nflreadr,Carolina Panthers,4-8,Denver Broncos,3-8,0.551,0.551,0.5003,0.10253847691385176,0.8974615230861482,169,169,1,1,23,401437860528,52800,NA,NA,NA,NA,NA,NA,NA,NA,NA,NA,FALSE,0,0,FALSE,0,0,FALSE
nfl,2022,401437862,2022-11-27T18:00Z,Jacksonville Jaguars,Baltimore Ravens,JAX,BAL,4-7,7-4,28,27,TRUE,Baltimore Ravens,7-4,away,BAL,3.5,43,147,-164,-123,111,1,nflreadr,Jacksonville Jaguars,4-7,Baltimore Ravens,7-4,0.4426,0.5574,0.999,0.9989989989989989,0.0010010010010010895,176,176,1,1,163,4014378623793,379300,NA,NA,NA,NA,NA,NA,NA,NA,NA,NA,FALSE,0,0,FALSE,0,0,FALSE
nfl,2022,401437867,2022-11-27T21:05Z,Arizona Cardinals,Los Angeles Chargers,ARI,LAC,4-8,6-5,24,25,FALSE,Arizona Cardinals,4-8,away,LAC,2.5,48.5,123,-136,-102,-108,1,nflreadr,Los Angeles Chargers,6-5,Arizona Cardinals,4-8,0.6446,0.6446,0.999,0.9989989989989989,0.0010010010010010895,171,171,1,1,167,4014378673939,393900,NA,NA,NA,NA,NA,NA,NA,NA,NA,NA,FALSE,0,0,FALSE,0,0,FALSE
nfl,2022,401437868,2022-11-27T21:05Z,Seattle Seahawks,Las Vegas Raiders,SEA,LV,6-5,4-7,34,40,FALSE,Las Vegas Raiders,4-7,home,SEA,4,47.5,-196,174,-103,-107,1,nflreadr,Las Vegas Raiders,4-7,Seattle Seahawks,6-5,0.4749,0.5251,0.8717,0.8528163358953769,0.14718366410462314,186,186,1,1,149,4014378683568,356800,NA,NA,NA,NA,NA,NA,NA,NA,NA,NA,FALSE,0,0,FALSE,0,0,FALSE
nfl,2022,401437869,2022-11-27T21:25Z,Kansas City Chiefs,Los Angeles Rams,KC,LAR,9-2,3-8,26,10,TRUE,Kansas City Chiefs,9-2,NA,NA,NA,NA,NA,NA,NA,NA,NA,NA,Kansas City Chiefs,9-2,Los Angeles Rams,3-8,0.9593,0.9593,0.0817,0.5018359853121179,0.4981640146878821,168,168,1,1,65,4014378691537,153700,NA,NA,NA,NA,NA,NA,NA,NA,NA,NA,FALSE,0,0,FALSE,0,0,FALSE
nfl,2022,401437870,2022-11-27T21:25Z,San Francisco 49ers,New Orleans Saints,SF,NO,7-4,4-8,13,0,TRUE,San Francisco 49ers,7-4,home,SF,9.5,44,-392,327,103,-113,1,nflreadr,San Francisco 49ers,7-4,New Orleans Saints,4-8,0.7651,0.7651,0.28290000000000004,0.1696712619300107,0.8303287380699893,159,159,1,1,46,4014378701174,117400,NA,NA,NA,NA,NA,NA,NA,NA,NA,NA,FALSE,0,0,FALSE,0,0,FALSE
nfl,2022,401437871,2022-11-28T01:20Z,Philadelphia Eagles,Green Bay Packers,PHI,GB,10-1,4-8,40,33,TRUE,Philadelphia Eagles,10-1,NA,NA,NA,NA,NA,NA,NA,NA,NA,NA,Philadelphia Eagles,10-1,Green Bay Packers,4-8,0.7241,0.7241,0.4152,0.3355009633911368,0.6644990366088632,169,169,1,1,67,4014378711662,166200,NA,NA,NA,NA,NA,NA,NA,NA,NA,NA,FALSE,0,0,FALSE,0,0,FALSE
nfl,2022,401437872,2022-11-29T01:15Z,Indianapolis Colts,Pittsburgh Steelers,IND,PIT,4-7-1,4-7,17,24,FALSE,Indianapolis Colts,4-7-1,NA,NA,NA,NA,NA,NA,NA,NA,NA,NA,Pittsburgh Steelers,4-7,Indianapolis Colts,4-7-1,0.6518,0.6518,0.6609,0.48691178695717974,0.5130882130428203,168,168,1,1,2,40143787271,7100,NA,NA,NA,NA,NA,NA,NA,NA,NA,NA,FALSE,0,0,FALSE,0,0,FALSE
nfl,2022,401437873,2022-12-02T01:15Z,New England Patriots,Buffalo Bills,NE,BUF,6-6,9-3,10,24,FALSE,Buffalo Bills,9-3,NA,NA,NA,NA,NA,NA,NA,NA,NA,NA,Buffalo Bills,9-3,New England Patriots,6-6,0.2649,0.7351,0.3825,0.3074509803921568,0.6925490196078432,163,163,1,1,29,401437873712,71200,NA,NA,NA,NA,NA,NA,NA,NA,NA,NA,FALSE,0,0,FALSE,0,0,FALSE
nfl,2022,401437874,2022-12-04T18:00Z,Atlanta Falcons,Pittsburgh Steelers,ATL,PIT,5-8,5-7,16,19,FALSE,Atlanta Falcons,5-8,away,PIT,1,43,103,-113,-105,-105,1,nflreadr,Pittsburgh Steelers,5-7,Atlanta Falcons,5-8,0.6697,0.6697,0.6981,0.5675404669818078,0.4324595330181922,161,161,1,1,4,40143787477,7700,NA,NA,NA,NA,NA,NA,NA,NA,NA,NA,FALSE,0,0,FALSE,0,0,FALSE
nfl,2022,401437876,2022-12-04T18:00Z,Chicago Bears,Green Bay Packers,CHI,GB,3-10,5-8,19,28,FALSE,Green Bay Packers,5-8,away,GB,4,45,163,-182,-116,105,1,nflreadr,Green Bay Packers,5-8,Chicago Bears,3-10,0.3647,0.6353,0.8432,0.8140417457305502,0.18595825426944979,163,163,1,1,112,4014378762519,251900,NA,NA,NA,NA,NA,NA,NA,NA,NA,NA,FALSE,0,0,FALSE,0,0,FALSE
nfl,2022,401437877,2022-12-04T18:00Z,Detroit Lions,Jacksonville Jaguars,DET,JAX,5-7,4-8,40,14,TRUE,Jacksonville Jaguars,4-8,home,DET,1,51.5,-118,107,-110,-100,1,nflreadr,Detroit Lions,5-7,Jacksonville Jaguars,4-8,0.4349,0.5650999999999999,0.5650999999999999,0.2304016988143689,0.7695983011856311,168,168,1,1,1,4014378771,100,NA,NA,NA,NA,NA,NA,NA,NA,NA,NA,FALSE,0,0,FALSE,0,0,FALSE
nfl,2022,401437879,2022-12-04T18:00Z,Minnesota Vikings,New York Jets,MIN,NYJ,10-2,7-5,27,22,TRUE,Minnesota Vikings,10-2,home,MIN,3,44,-146,132,106,-117,1,nflreadr,Minnesota Vikings,10-2,New York Jets,7-5,0.6991,0.6991,0.6072,0.5044466403162056,0.49555335968379444,198,198,1,1,179,4014378794098,409800,NA,NA,NA,NA,NA,NA,NA,NA,NA,NA,FALSE,0,0,FALSE,0,0,FALSE
nfl,2022,401437881,2022-12-04T18:00Z,Philadelphia Eagles,Tennessee Titans,PHI,TEN,11-1,7-5,35,10,TRUE,Philadelphia Eagles,11-1,home,PHI,5,44.5,-213,189,-101,-109,1,nflreadr,Philadelphia Eagles,11-1,Tennessee Titans,7-5,0.6981,0.6981,0.3781,0.20153398571806413,0.7984660142819359,174,174,1,1,35,401437881858,85800,NA,NA,NA,NA,NA,NA,NA,NA,NA,NA,FALSE,0,0,FALSE,0,0,FALSE
nfl,2022,401437875,2022-12-04T18:00Z,Baltimore Ravens,Denver Broncos,BAL,DEN,8-4,3-9,10,9,TRUE,Baltimore Ravens,8-4,home,BAL,9.5,40.5,-347,294,112,-124,1,nflreadr,Baltimore Ravens,8-4,Denver Broncos,3-9,0.8321,0.8321,0.8632,0.8415199258572752,0.1584800741427248,168,168,1,1,142,4014378753204,320400,NA,NA,NA,NA,NA,NA,NA,NA,NA,NA,FALSE,0,0,FALSE,0,0,FALSE
nfl,2022,401437878,2022-12-04T18:00Z,Houston Texans,Cleveland Browns,HOU,CLE,1-10-1,5-7,14,27,FALSE,Cleveland Browns,5-7,away,CLE,7.5,47,280,-329,-102,-108,1,nflreadr,Cleveland Browns,5-7,Houston Texans,1-10-1,0.2003,0.7997,0.4746,0.5779603876949009,0.4220396123050991,171,171,1,1,43,4014378781041,104100,NA,NA,NA,NA,NA,NA,NA,NA,NA,NA,FALSE,0,0,FALSE,0,0,FALSE
nfl,2022,401437882,2022-12-04T21:05Z,Los Angeles Rams,Seattle Seahawks,LAR,SEA,3-9,7-5,23,27,FALSE,Seattle Seahawks,7-5,NA,NA,NA,NA,NA,NA,NA,NA,NA,NA,Seattle Seahawks,7-5,Los Angeles Rams,3-9,0.2695,0.7304999999999999,0.7773,0.7134954329087868,0.2865045670912132,174,174,1,1,158,4014378823685,368500,NA,NA,NA,NA,NA,NA,NA,NA,NA,NA,FALSE,0,0,FALSE,0,0,FALSE
nfl,2022,401437883,2022-12-04T21:05Z,San Francisco 49ers,Miami Dolphins,SF,MIA,8-4,8-4,33,17,TRUE,San Francisco 49ers,8-4,home,SF,4.5,46,-222,196,-111,101,1,nflreadr,San Francisco 49ers,8-4,Miami Dolphins,8-4,0.6407,0.6407,0.5234,0.3135269392434086,0.6864730607565914,175,175,1,1,6,401437883145,14500,NA,NA,NA,NA,NA,NA,NA,NA,NA,NA,FALSE,0,0,FALSE,0,0,FALSE
nfl,2022,401437884,2022-12-04T21:25Z,Cincinnati Bengals,Kansas City Chiefs,CIN,KC,8-4,9-3,27,24,TRUE,Kansas City Chiefs,9-3,away,KC,2.5,53,120,-132,-102,-108,1,nflreadr,Cincinnati Bengals,8-4,Kansas City Chiefs,9-3,0.4401,0.5599000000000001,0.7793,0.7167971256255614,0.2832028743744386,160,160,1,1,108,4014378842509,250900,NA,NA,NA,NA,NA,NA,NA,NA,NA,NA,FALSE,0,0,FALSE,0,0,FALSE
nfl,2022,401437885,2022-12-04T21:25Z,Las Vegas Raiders,Los Angeles Chargers,LV,LAC,5-7,6-6,27,20,TRUE,Las Vegas Raiders,5-7,home,LV,2.5,49,-139,125,-109,-102,1,nflreadr,Las Vegas Raiders,5-7,Los Angeles Chargers,6-6,0.6176,0.6176,0.7339,0.637416541763183,0.36258345823681704,179,179,1,1,41,4014378851020,102000,NA,NA,NA,NA,NA,NA,NA,NA,NA,NA,FALSE,0,0,FALSE,0,0,FALSE
nfl,2022,401437886,2022-12-05T01:20Z,Dallas Cowboys,Indianapolis Colts,DAL,IND,9-3,4-8-1,54,19,TRUE,Dallas Cowboys,9-3,NA,NA,NA,NA,NA,NA,NA,NA,NA,NA,Dallas Cowboys,9-3,Indianapolis Colts,4-8-1,0.8999,0.8999,0.27059999999999995,0.6300813008130082,0.36991869918699183,173,173,1,1,82,4014378861907,190700,NA,NA,NA,NA,NA,NA,NA,NA,NA,NA,FALSE,0,0,FALSE,0,0,FALSE
nfl,2022,401437887,2022-12-06T01:15Z,Tampa Bay Buccaneers,New Orleans Saints,TB,NO,6-6,4-9,17,16,TRUE,Tampa Bay Buccaneers,6-6,NA,NA,NA,NA,NA,NA,NA,NA,NA,NA,Tampa Bay Buccaneers,6-6,New Orleans Saints,4-9,0.6042,0.6042,0.987,0.9868287740628165,0.01317122593718345,178,178,1,1,139,4014378873261,326100,NA,NA,NA,NA,NA,NA,NA,NA,NA,NA,FALSE,0,0,FALSE,0,0,FALSE
nfl,2022,401437888,2022-12-09T01:15Z,Los Angeles Rams,Las Vegas Raiders,LAR,LV,4-9,5-8,17,16,TRUE,Las Vegas Raiders,5-8,NA,NA,NA,NA,NA,NA,NA,NA,NA,NA,Los Angeles Rams,4-9,Las Vegas Raiders,5-8,0.2185,0.7815,0.994,0.9939637826961771,0.006036217303822866,163,163,1,1,140,4014378883334,333400,NA,NA,NA,NA,NA,NA,NA,NA,NA,NA,FALSE,0,0,FALSE,0,0,FALSE
nfl,2022,401437889,2022-12-11T18:00Z,Buffalo Bills,New York Jets,BUF,NYJ,10-3,7-6,20,12,TRUE,Buffalo Bills,10-3,home,BUF,10,43.5,-398,332,-102,-108,1,nflreadr,Buffalo Bills,10-3,New York Jets,7-6,0.8258,0.8258,0.3923,0.5559520774917155,0.4440479225082845,177,177,1,1,67,4014378891617,161700,NA,NA,NA,NA,NA,NA,NA,NA,NA,NA,FALSE,0,0,FALSE,0,0,FALSE
nfl,2022,401437890,2022-12-11T18:00Z,Cincinnati Bengals,Cleveland Browns,CIN,CLE,9-4,5-8,23,10,TRUE,Cincinnati Bengals,9-4,home,CIN,4.5,47,-204,181,-102,-108,1,nflreadr,Cincinnati Bengals,9-4,Cleveland Browns,5-8,0.7081,0.7081,0.3942,0.2595129375951293,0.7404870624048707,176,176,1,1,48,4014378901168,116800,NA,NA,NA,NA,NA,NA,NA,NA,NA,NA,FALSE,0,0,FALSE,0,0,FALSE
nfl,2022,401437891,2022-12-11T18:00Z,Dallas Cowboys,Houston Texans,DAL,HOU,10-3,1-11-1,27,23,TRUE,Dallas Cowboys,10-3,home,DAL,17,44.5,-1365,918,-115,104,1,nflreadr,Dallas Cowboys,10-3,Houston Texans,1-11-1,0.951,0.951,0.8705,0.9437105112004595,0.056289488799540544,180,180,1,1,151,4014378913512,351200,NA,NA,NA,NA,NA,NA,NA,NA,NA,NA,FALSE,0,0,FALSE,0,0,FALSE
nfl,2022,401437892,2022-12-11T18:00Z,Detroit Lions,Minnesota Vikings,DET,MIN,6-7,10-3,34,23,TRUE,Minnesota Vikings,10-3,home,DET,2.5,51.5,-132,119,-102,-108,1,nflreadr,Detroit Lions,6-7,Minnesota Vikings,10-3,0.3942,0.6058,0.6731,0.5143366513148122,0.4856633486851878,175,175,1,1,9,401437892203,20300,NA,NA,NA,NA,NA,NA,NA,NA,NA,NA,FALSE,0,0,FALSE,0,0,FALSE
nfl,2022,401437895,2022-12-11T18:00Z,Tennessee Titans,Jacksonville Jaguars,TEN,JAX,7-6,5-8,22,36,FALSE,Tennessee Titans,7-6,home,TEN,3,42,-169,151,-117,106,1,nflreadr,Jacksonville Jaguars,5-8,Tennessee Titans,7-6,0.5228,0.5228,0.747,0.6613119143239625,0.3386880856760375,177,177,1,1,44,4014378951067,106700,NA,NA,NA,NA,NA,NA,NA,NA,NA,NA,FALSE,0,0,FALSE,0,0,FALSE
nfl,2022,401437893,2022-12-11T18:00Z,New York Giants,Philadelphia Eagles,NYG,PHI,7-5-1,12-1,22,48,FALSE,Philadelphia Eagles,12-1,away,PHI,7.5,44.5,260,-302,-115,104,1,nflreadr,Philadelphia Eagles,12-1,New York Giants,7-5-1,0.2535,0.7464999999999999,0.268,0.05410447761194015,0.9458955223880599,167,167,1,1,4,40143789384,8400,NA,NA,NA,NA,NA,NA,NA,NA,NA,NA,FALSE,0,0,FALSE,0,0,FALSE
nfl,2022,401437894,2022-12-11T18:00Z,Pittsburgh Steelers,Baltimore Ravens,PIT,BAL,5-8,9-4,14,16,FALSE,Baltimore Ravens,9-4,home,PIT,1.5,37,-124,112,-109,-101,1,nflreadr,Baltimore Ravens,9-4,Pittsburgh Steelers,5-8,0.4884,0.5116,0.6592,0.4830097087378642,0.5169902912621358,148,148,1,1,136,4014378943271,327100,NA,NA,NA,NA,NA,NA,NA,NA,NA,NA,FALSE,0,0,FALSE,0,0,FALSE
nfl,2022,401437899,2022-12-11T21:05Z,Denver Broncos,Kansas City Chiefs,DEN,KC,3-10,10-3,28,34,FALSE,Kansas City Chiefs,10-3,away,KC,8.5,44.5,329,-394,-103,-108,1,nflreadr,Kansas City Chiefs,10-3,Denver Broncos,3-10,0.1285,0.8714999999999999,0.2584,0.5027089783281732,0.4972910216718268,182,182,1,1,164,4014378993898,389800,NA,NA,NA,NA,NA,NA,NA,NA,NA,NA,FALSE,0,0,FALSE,0,0,FALSE
nfl,2022,401437897,2022-12-11T21:25Z,San Francisco 49ers,Tampa Bay Buccaneers,SF,TB,9-4,6-7,35,7,TRUE,Tampa Bay Buccaneers,6-7,home,SF,3.5,38,-196,175,-103,-107,1,nflreadr,San Francisco 49ers,9-4,Tampa Bay Buccaneers,6-7,0.4973,0.5026999999999999,0.5026999999999999,0.010741993236522474,0.9892580067634775,171,171,1,1,1,4014378971,100,NA,NA,NA,NA,NA,NA,NA,NA,NA,NA,FALSE,0,0,FALSE,0,0,FALSE
nfl,2022,401437898,2022-12-11T21:25Z,Seattle Seahawks,Carolina Panthers,SEA,CAR,7-6,5-8,24,30,FALSE,Seattle Seahawks,7-6,home,SEA,3.5,44.5,-200,178,-117,106,1,nflreadr,Carolina Panthers,5-8,Seattle Seahawks,7-6,0.6876,0.6876,0.7132,0.5978687605159843,0.40213123948401575,163,163,1,1,5,401437898110,11000,NA,NA,NA,NA,NA,NA,NA,NA,NA,NA,FALSE,0,0,FALSE,0,0,FALSE
nfl,2022,401437896,2022-12-12T01:20Z,Los Angeles Chargers,Miami Dolphins,LAC,MIA,7-6,8-5,23,17,TRUE,Los Angeles Chargers,7-6,NA,NA,NA,NA,NA,NA,NA,NA,NA,NA,Los Angeles Chargers,7-6,Miami Dolphins,8-5,0.5325,0.5325,0.4675,0,1,175,175,1,1,1,4014378961,100,NA,NA,NA,NA,NA,NA,NA,NA,NA,NA,FALSE,0,0,FALSE,0,0,FALSE
nfl,2022,401437900,2022-12-13T01:15Z,Arizona Cardinals,New England Patriots,ARI,NE,4-9,7-6,13,27,FALSE,Arizona Cardinals,4-9,NA,NA,NA,NA,NA,NA,NA,NA,NA,NA,New England Patriots,7-6,Arizona Cardinals,4-9,0.6475,0.6475,0.804,0.7562189054726369,0.24378109452736307,174,174,1,1,79,4014379001962,196200,NA,NA,NA,NA,NA,NA,NA,NA,NA,NA,FALSE,0,0,FALSE,0,0,FALSE
nfl,2022,401437901,2022-12-16T01:15Z,Seattle Seahawks,San Francisco 49ers,SEA,SF,7-7,10-4,13,21,FALSE,San Francisco 49ers,10-4,NA,NA,NA,NA,NA,NA,NA,NA,NA,NA,San Francisco 49ers,10-4,Seattle Seahawks,7-7,0.4719,0.5281,0.4922,0.04124339699309232,0.9587566030069077,168,168,1,1,4,40143790185,8500,NA,NA,NA,NA,NA,NA,NA,NA,NA,NA,FALSE,0,0,FALSE,0,0,FALSE
nfl,2022,401437904,2022-12-17T18:00Z,Minnesota Vikings,Indianapolis Colts,MIN,IND,11-3,4-9-1,39,36,TRUE,Minnesota Vikings,11-3,home,MIN,3.5,46.5,-188,168,-107,-103,1,nflreadr,Minnesota Vikings,11-3,Indianapolis Colts,4-9-1,0.7309,0.7309,0.9963,0.9962862591588879,0.00371374084111209,234,234,1,1,117,4014379042667,266700,NA,NA,NA,NA,NA,NA,NA,NA,NA,NA,FALSE,0,0,FALSE,0,0,FALSE
nfl,2022,401437903,2022-12-17T21:40Z,Cleveland Browns,Baltimore Ravens,CLE,BAL,6-8,9-5,13,3,TRUE,Cleveland Browns,6-8,home,CLE,2.5,39.5,-155,139,-125,113,1,nflreadr,Cleveland Browns,6-8,Baltimore Ravens,9-5,0.5397,0.5397,0.6184000000000001,0.3829236739974129,0.6170763260025871,162,162,1,1,14,401437903372,37200,NA,NA,NA,NA,NA,NA,NA,NA,NA,NA,FALSE,0,0,FALSE,0,0,FALSE
nfl,2022,401437902,2022-12-18T01:15Z,Buffalo Bills,Miami Dolphins,BUF,MIA,11-3,8-6,32,29,TRUE,Buffalo Bills,11-3,NA,NA,NA,NA,NA,NA,NA,NA,NA,NA,Buffalo Bills,11-3,Miami Dolphins,8-6,0.7762,0.7762,0.7857000000000001,0.7272495863561157,0.2727504136438843,180,180,1,1,144,4014379023482,348200,NA,NA,NA,NA,NA,NA,NA,NA,NA,NA,FALSE,0,0,FALSE,0,0,FALSE
nfl,2022,401437908,2022-12-18T18:00Z,Chicago Bears,Philadelphia Eagles,CHI,PHI,3-11,13-1,20,25,FALSE,Philadelphia Eagles,13-1,away,PHI,8.5,48,323,-386,-106,-104,1,nflreadr,Philadelphia Eagles,13-1,Chicago Bears,3-11,0.1578,0.8422000000000001,0.465,0.6606451612903228,0.3393548387096772,185,185,1,1,67,4014379081549,154900,NA,NA,NA,NA,NA,NA,NA,NA,NA,NA,FALSE,0,0,FALSE,0,0,FALSE
nfl,2022,401437905,2022-12-18T18:00Z,New Orleans Saints,Atlanta Falcons,NO,ATL,5-9,5-9,21,18,TRUE,New Orleans Saints,5-9,home,NO,5,43.5,-231,203,-113,103,1,nflreadr,New Orleans Saints,5-9,Atlanta Falcons,5-9,0.6656,0.6656,0.3941,0.15148439482364873,0.8485156051763513,164,164,1,1,146,4014379053601,360100,NA,NA,NA,NA,NA,NA,NA,NA,NA,NA,FALSE,0,0,FALSE,0,0,FALSE
nfl,2022,401437911,2022-12-18T18:00Z,New York Jets,Detroit Lions,NYJ,DET,7-7,7-7,17,20,FALSE,New York Jets,7-7,home,NYJ,2,44,-132,120,-110,-100,1,nflreadr,Detroit Lions,7-7,New York Jets,7-7,0.6551,0.6551,0.8927,0.8798028453007729,0.1201971546992271,170,170,1,1,145,4014379113394,339400,NA,NA,NA,NA,NA,NA,NA,NA,NA,NA,FALSE,0,0,FALSE,0,0,FALSE
nfl,2022,401437907,2022-12-18T18:00Z,Carolina Panthers,Pittsburgh Steelers,CAR,PIT,5-9,6-8,16,24,FALSE,Carolina Panthers,5-9,home,CAR,2.5,36.5,-145,130,-110,-100,1,nflreadr,Pittsburgh Steelers,6-8,Carolina Panthers,5-9,0.5462,0.5462,0.5462,0.1691688026363969,0.8308311973636031,156,156,1,1,1,4014379071,100,NA,NA,NA,NA,NA,NA,NA,NA,NA,NA,FALSE,0,0,FALSE,0,0,FALSE
nfl,2022,401437910,2022-12-18T18:00Z,Jacksonville Jaguars,Dallas Cowboys,JAX,DAL,6-8,10-4,40,34,TRUE,Dallas Cowboys,10-4,away,DAL,4,48.5,168,-188,-110,100,1,nflreadr,Jacksonville Jaguars,6-8,Dallas Cowboys,10-4,0.2247,0.7753,0.9674,0.9663014265040315,0.0336985734959685,190,190,1,1,115,4014379102585,258500,NA,NA,NA,NA,NA,NA,NA,NA,NA,NA,FALSE,0,0,FALSE,0,0,FALSE
nfl,2022,401437909,2022-12-18T18:00Z,Houston Texans,Kansas City Chiefs,HOU,KC,1-12-1,11-3,24,30,FALSE,Kansas City Chiefs,11-3,away,KC,14.5,48.5,572,-755,-120,109,1,nflreadr,Kansas City Chiefs,11-3,Houston Texans,1-12-1,0.152,0.848,0.5866,0.7408796454142517,0.25912035458574834,180,180,1,1,121,4014379092884,288400,NA,NA,NA,NA,NA,NA,NA,NA,NA,NA,FALSE,0,0,FALSE,0,0,FALSE
nfl,2022,401437912,2022-12-18T21:05Z,Denver Broncos,Arizona Cardinals,DEN,ARI,4-10,4-10,24,15,TRUE,Arizona Cardinals,4-10,home,DEN,1.5,37.5,-121,110,-106,-104,1,nflreadr,Denver Broncos,4-10,Arizona Cardinals,4-10,0.4441,0.5559000000000001,0.7162999999999999,0.603936897947787,0.39606310205221296,175,175,1,1,106,4014379122406,240600,NA,NA,NA,NA,NA,NA,NA,NA,NA,NA,FALSE,0,0,FALSE,0,0,FALSE
nfl,2022,401437915,2022-12-18T21:05Z,Las Vegas Raiders,New England Patriots,LV,NE,6-8,7-7,30,24,TRUE,Las Vegas Raiders,6-8,home,LV,1,45,-129,117,-122,111,1,nflreadr,Las Vegas Raiders,6-8,New England Patriots,7-7,0.6331,0.6331,0.9795,0.9790709545686576,0.02092904543134244,186,186,1,1,170,4014379153868,386800,NA,NA,NA,NA,NA,NA,NA,NA,NA,NA,FALSE,0,0,FALSE,0,0,FALSE
nfl,2022,401437913,2022-12-18T21:25Z,Los Angeles Chargers,Tennessee Titans,LAC,TEN,8-6,7-7,17,14,TRUE,Los Angeles Chargers,8-6,home,LAC,3,46.5,-158,142,-102,-108,1,nflreadr,Los Angeles Chargers,8-6,Tennessee Titans,7-7,0.6025,0.6025,0.6908000000000001,0.5524030110017373,0.4475969889982627,176,176,1,1,170,4014379133914,391400,NA,NA,NA,NA,NA,NA,NA,NA,NA,NA,FALSE,0,0,FALSE,0,0,FALSE
nfl,2022,401437914,2022-12-18T21:25Z,Tampa Bay Buccaneers,Cincinnati Bengals,TB,CIN,6-8,10-4,23,34,FALSE,Cincinnati Bengals,10-4,away,CIN,3.5,47,150,-167,-120,108,1,nflreadr,Cincinnati Bengals,10-4,Tampa Bay Buccaneers,6-8,0.3283,0.6717,0.8968,0.8849241748438894,0.11507582515611059,175,175,1,1,69,4014379141565,156500,NA,NA,NA,NA,NA,NA,NA,NA,NA,NA,FALSE,0,0,FALSE,0,0,FALSE
nfl,2022,401437906,2022-12-19T01:20Z,Washington Commanders,New York Giants,WSH,NYG,7-6-1,8-5-1,12,20,FALSE,Washington Commanders,7-6-1,NA,NA,NA,NA,NA,NA,NA,NA,NA,NA,New York Giants,8-5-1,Washington Commanders,7-6-1,0.6587,0.6587,0.7016,0.5746864310148232,0.4253135689851768,168,168,1,1,10,401437906229,22900,NA,NA,NA,NA,NA,NA,NA,NA,NA,NA,FALSE,0,0,FALSE,0,0,FALSE
nfl,2022,401437916,2022-12-20T01:15Z,Green Bay Packers,Los Angeles Rams,GB,LAR,6-8,4-10,24,12,TRUE,Green Bay Packers,6-8,NA,NA,NA,NA,NA,NA,NA,NA,NA,NA,Green Bay Packers,6-8,Los Angeles Rams,4-10,0.7815,0.7815,0.29900000000000004,0.2692307692307693,0.7307692307692307,152,152,1,1,42,401437916943,94300,NA,NA,NA,NA,NA,NA,NA,NA,NA,NA,FALSE,0,0,FALSE,0,0,FALSE
nfl,2022,401437917,2022-12-23T01:15Z,New York Jets,Jacksonville Jaguars,NYJ,JAX,7-8,7-8,3,19,FALSE,New York Jets,7-8,NA,NA,NA,NA,NA,NA,NA,NA,NA,NA,Jacksonville Jaguars,7-8,New York Jets,7-8,0.6229,0.6229,0.7418,0.6519277433270423,0.3480722566729577,173,173,1,1,5,40143791799,9900,NA,NA,NA,NA,NA,NA,NA,NA,NA,NA,FALSE,0,0,FALSE,0,0,FALSE
nfl,2022,401437920,2022-12-24T18:00Z,Chicago Bears,Buffalo Bills,CHI,BUF,3-12,12-3,13,35,FALSE,Buffalo Bills,12-3,away,BUF,8,40,304,-360,-100,-110,1,nflreadr,Buffalo Bills,12-3,Chicago Bears,3-12,0.1553,0.8447,0.4154,0.6261434761675493,0.3738565238324507,160,160,1,1,78,4014379201940,194000,NA,NA,NA,NA,NA,NA,NA,NA,NA,NA,FALSE,0,0,FALSE,0,0,FALSE
nfl,2022,401437921,2022-12-24T18:00Z,Cleveland Browns,New Orleans Saints,CLE,NO,6-9,6-9,10,17,FALSE,Cleveland Browns,6-9,home,CLE,3,32,-181,162,-123,111,1,nflreadr,New Orleans Saints,6-9,Cleveland Browns,6-9,0.6079,0.6079,0.8307,0.7961959792945708,0.20380402070542925,159,159,1,1,59,4014379211349,134900,NA,NA,NA,NA,NA,NA,NA,NA,NA,NA,FALSE,0,0,FALSE,0,0,FALSE
nfl,2022,401437922,2022-12-24T18:00Z,Kansas City Chiefs,Seattle Seahawks,KC,SEA,12-3,7-8,24,10,TRUE,Kansas City Chiefs,12-3,home,KC,10.5,50.5,-447,367,-103,-107,1,nflreadr,Kansas City Chiefs,12-3,Seattle Seahawks,7-8,0.8715,0.8715,0.15159999999999996,0.15237467018469664,0.8476253298153034,168,168,1,1,5,401437922115,11500,NA,NA,NA,NA,NA,NA,NA,NA,NA,NA,FALSE,0,0,FALSE,0,0,FALSE
nfl,2022,401437923,2022-12-24T18:00Z,Minnesota Vikings,New York Giants,MIN,NYG,12-3,8-6-1,27,24,TRUE,Minnesota Vikings,12-3,home,MIN,4.5,48,-215,191,-108,-102,1,nflreadr,Minnesota Vikings,12-3,New York Giants,8-6-1,0.6983,0.6983,0.6494,0.5354173082845703,0.46458269171542965,182,182,1,1,116,4014379232657,265700,NA,NA,NA,NA,NA,NA,NA,NA,NA,NA,FALSE,0,0,FALSE,0,0,FALSE
nfl,2022,401437924,2022-12-24T18:00Z,New England Patriots,Cincinnati Bengals,NE,CIN,7-8,11-4,18,22,FALSE,Cincinnati Bengals,11-4,away,CIN,3,42,136,-151,-110,100,1,nflreadr,Cincinnati Bengals,11-4,New England Patriots,7-8,0.3053,0.6947,0.6597,0.5372138850992876,0.4627861149007124,180,180,1,1,163,4014379244175,417500,NA,NA,NA,NA,NA,NA,NA,NA,NA,NA,FALSE,0,0,FALSE,0,0,FALSE
nfl,2022,401437919,2022-12-24T18:00Z,Carolina Panthers,Detroit Lions,CAR,DET,6-9,7-8,37,23,TRUE,Carolina Panthers,6-9,away,DET,2.5,43.5,117,-129,-111,101,1,nflreadr,Carolina Panthers,6-9,Detroit Lions,7-8,0.5843,0.5843,0.6054999999999999,0.34847233691164314,0.6515276630883569,174,174,1,1,38,401437919909,90900,NA,NA,NA,NA,NA,NA,NA,NA,NA,NA,FALSE,0,0,FALSE,0,0,FALSE
nfl,2022,401437918,2022-12-24T18:00Z,Baltimore Ravens,Atlanta Falcons,BAL,ATL,10-5,5-10,17,9,TRUE,Baltimore Ravens,10-5,home,BAL,6.5,35,-274,238,-102,-108,1,nflreadr,Baltimore Ravens,10-5,Atlanta Falcons,5-10,0.6741,0.6741,0.372,0.12392473118279579,0.8760752688172042,157,157,1,1,8,401437918183,18300,NA,NA,NA,NA,NA,NA,NA,NA,NA,NA,FALSE,0,0,FALSE,0,0,FALSE
nfl,2022,401437925,2022-12-24T19:00Z,Tennessee Titans,Houston Texans,TEN,HOU,7-8,2-12-1,14,19,FALSE,Tennessee Titans,7-8,home,TEN,3,34,-170,153,-113,103,1,nflreadr,Houston Texans,2-12-1,Tennessee Titans,7-8,0.5566,0.5566,0.7706,0.7023098883986503,0.2976901116013497,166,166,1,1,120,4014379252807,280700,NA,NA,NA,NA,NA,NA,NA,NA,NA,NA,FALSE,0,0,FALSE,0,0,FALSE
nfl,2022,401437926,2022-12-24T21:05Z,San Francisco 49ers,Washington Commanders,SF,WSH,11-4,7-7-1,37,20,TRUE,San Francisco 49ers,11-4,NA,NA,NA,NA,NA,NA,NA,NA,NA,NA,San Francisco 49ers,11-4,Washington Commanders,7-7-1,0.692,0.692,0.4961,0.3791574279379156,0.6208425720620844,165,165,1,1,41,4014379261009,100900,NA,NA,NA,NA,NA,NA,NA,NA,NA,NA,FALSE,0,0,FALSE,0,0,FALSE
nfl,2022,401437927,2022-12-24T21:25Z,Dallas Cowboys,Philadelphia Eagles,DAL,PHI,11-4,13-2,40,34,TRUE,Dallas Cowboys,11-4,home,DAL,4,48,-200,178,-106,-104,1,nflreadr,Dallas Cowboys,11-4,Philadelphia Eagles,13-2,0.7521,0.7521,0.8193,0.7794458684242647,0.22055413157573533,183,183,1,1,141,4014379273325,332500,NA,NA,NA,NA,NA,NA,NA,NA,NA,NA,FALSE,0,0,FALSE,0,0,FALSE
nfl,2022,401437928,2022-12-25T01:15Z,Pittsburgh Steelers,Las Vegas Raiders,PIT,LV,7-8,6-9,13,10,TRUE,Las Vegas Raiders,6-9,NA,NA,NA,NA,NA,NA,NA,NA,NA,NA,Pittsburgh Steelers,7-8,Las Vegas Raiders,6-9,0.4514,0.5486,0.8383,0.8071096266253133,0.19289037337468673,156,156,1,1,131,4014379282993,299300,NA,NA,NA,NA,NA,NA,NA,NA,NA,NA,FALSE,0,0,FALSE,0,0,FALSE
nfl,2022,401437929,2022-12-25T18:00Z,Miami Dolphins,Green Bay Packers,MIA,GB,8-7,7-8,20,26,FALSE,Miami Dolphins,8-7,home,MIA,3.5,49,-182,163,-103,-107,1,nflreadr,Green Bay Packers,7-8,Miami Dolphins,8-7,0.5879,0.5879,0.8465,0.8186650915534555,0.18133490844654454,158,158,1,1,70,4014379291676,167600,NA,NA,NA,NA,NA,NA,NA,NA,NA,NA,FALSE,0,0,FALSE,0,0,FALSE
nfl,2022,401436983,2022-12-25T21:30Z,Los Angeles Rams,Denver Broncos,LAR,DEN,5-10,4-11,51,14,TRUE,Los Angeles Rams,5-10,NA,NA,NA,NA,NA,NA,NA,NA,NA,NA,Los Angeles Rams,5-10,Denver Broncos,4-11,0.5183,0.5183,0.5098,0.0551196547665751,0.9448803452334249,163,163,1,1,13,401436983310,31000,NA,NA,NA,NA,NA,NA,NA,NA,NA,NA,FALSE,0,0,FALSE,0,0,FALSE
nfl,2022,401437930,2022-12-26T01:20Z,Arizona Cardinals,Tampa Bay Buccaneers,ARI,TB,4-11,7-8,16,19,FALSE,Tampa Bay Buccaneers,7-8,NA,NA,NA,NA,NA,NA,NA,NA,NA,NA,Tampa Bay Buccaneers,7-8,Arizona Cardinals,4-11,0.245,0.755,0.898,0.8864142538975501,0.11358574610244987,209,209,1,1,143,4014379303317,331700,NA,NA,NA,NA,NA,NA,NA,NA,NA,NA,FALSE,0,0,FALSE,0,0,FALSE
nfl,2022,401437931,2022-12-27T01:15Z,Indianapolis Colts,Los Angeles Chargers,IND,LAC,4-10-1,9-6,3,20,FALSE,Los Angeles Chargers,9-6,NA,NA,NA,NA,NA,NA,NA,NA,NA,NA,Los Angeles Chargers,9-6,Indianapolis Colts,4-10-1,0.2767,0.7233,0.3457,0.1995950245877931,0.8004049754122069,152,152,1,1,23,401437931556,55600,NA,NA,NA,NA,NA,NA,NA,NA,NA,NA,FALSE,0,0,FALSE,0,0,FALSE
nfl,2022,401437932,2022-12-30T01:15Z,Tennessee Titans,Dallas Cowboys,TEN,DAL,7-9,12-4,13,27,FALSE,Dallas Cowboys,12-4,NA,NA,NA,NA,NA,NA,NA,NA,NA,NA,Dallas Cowboys,12-4,Tennessee Titans,7-9,0.0703,0.9297,0.216,0.6745370370370369,0.32546296296296306,180,180,1,1,129,4014379323026,302600,NA,NA,NA,NA,NA,NA,NA,NA,NA,NA,FALSE,0,0,FALSE,0,0,FALSE
nfl,2022,401437933,2023-01-01T18:00Z,Atlanta Falcons,Arizona Cardinals,ATL,ARI,6-10,4-12,20,19,TRUE,Atlanta Falcons,6-10,home,ATL,7,41,-279,241,108,-119,1,nflreadr,Atlanta Falcons,6-10,Arizona Cardinals,4-12,0.8186,0.8186,0.616,0.7055194805194804,0.29448051948051956,179,179,1,1,160,4014379333750,375000,NA,NA,NA,NA,NA,NA,NA,NA,NA,NA,FALSE,0,0,FALSE,0,0,FALSE
nfl,2022,401437935,2023-01-01T18:00Z,Detroit Lions,Chicago Bears,DET,CHI,8-8,3-13,41,10,TRUE,Detroit Lions,8-8,home,DET,4.5,52.5,-219,194,-105,-105,1,nflreadr,Detroit Lions,8-8,Chicago Bears,3-13,0.6934,0.6934,0.4771,0.357367428212115,0.642632571787885,162,162,1,1,14,401437935326,32600,NA,NA,NA,NA,NA,NA,NA,NA,NA,NA,FALSE,0,0,FALSE,0,0,FALSE
nfl,2022,401437937,2023-01-01T18:00Z,Kansas City Chiefs,Denver Broncos,KC,DEN,13-3,4-12,27,24,TRUE,Kansas City Chiefs,13-3,home,KC,13.5,46,-711,544,104,-114,1,nflreadr,Kansas City Chiefs,13-3,Denver Broncos,4-12,0.9073,0.9073,0.501,0.8149700598802395,0.18502994011976048,165,165,1,1,110,4014379372677,267700,NA,NA,NA,NA,NA,NA,NA,NA,NA,NA,FALSE,0,0,FALSE,0,0,FALSE
nfl,2022,401437938,2023-01-01T18:00Z,New England Patriots,Miami Dolphins,NE,MIA,8-8,8-8,23,21,TRUE,New England Patriots,8-8,home,NE,3,41.5,-160,144,-104,-106,1,nflreadr,New England Patriots,8-8,Miami Dolphins,8-8,0.6757,0.6757,0.6859,0.5420615250036447,0.4579384749963553,174,174,1,1,101,4014379382322,232200,NA,NA,NA,NA,NA,NA,NA,NA,NA,NA,FALSE,0,0,FALSE,0,0,FALSE
nfl,2022,401437939,2023-01-01T18:00Z,New York Giants,Indianapolis Colts,NYG,IND,9-6-1,4-11-1,38,10,TRUE,New York Giants,9-6-1,home,NYG,5.5,38.5,-229,202,-105,-105,1,nflreadr,New York Giants,9-6-1,Indianapolis Colts,4-11-1,0.8025,0.8025,0.3145,0.37201907790143085,0.6279809220985691,150,150,1,1,24,401437939550,55000,NA,NA,NA,NA,NA,NA,NA,NA,NA,NA,FALSE,0,0,FALSE,0,0,FALSE
nfl,2022,401437940,2023-01-01T18:00Z,Philadelphia Eagles,New Orleans Saints,PHI,NO,13-3,7-9,10,20,FALSE,Philadelphia Eagles,13-3,home,PHI,5.5,41.5,-225,198,-100,-110,1,nflreadr,New Orleans Saints,7-9,Philadelphia Eagles,13-3,0.6573,0.6573,0.6623,0.4901102219537974,0.5098897780462026,167,167,1,1,2,40143794042,4200,NA,NA,NA,NA,NA,NA,NA,NA,NA,NA,FALSE,0,0,FALSE,0,0,FALSE
nfl,2022,401437941,2023-01-01T18:00Z,Tampa Bay Buccaneers,Carolina Panthers,TB,CAR,8-8,6-10,30,24,TRUE,Tampa Bay Buccaneers,8-8,home,TB,3.5,40.5,-184,164,-100,-110,1,nflreadr,Tampa Bay Buccaneers,8-8,Carolina Panthers,6-10,0.5225,0.5225,0.8878,0.8736201847262897,0.12637981527371034,189,189,1,1,127,4014379413013,301300,NA,NA,NA,NA,NA,NA,NA,NA,NA,NA,FALSE,0,0,FALSE,0,0,FALSE
nfl,2022,401437942,2023-01-01T18:00Z,Washington Commanders,Cleveland Browns,WSH,CLE,7-8-1,7-9,10,24,FALSE,Washington Commanders,7-8-1,NA,NA,NA,NA,NA,NA,NA,NA,NA,NA,Cleveland Browns,7-9,Washington Commanders,7-8-1,0.5174,0.5174,0.6973,0.565897031406855,0.434102968593145,161,161,1,1,77,4014379421692,169200,NA,NA,NA,NA,NA,NA,NA,NA,NA,NA,FALSE,0,0,FALSE,0,0,FALSE
nfl,2022,401437936,2023-01-01T18:00Z,Houston Texans,Jacksonville Jaguars,HOU,JAX,2-13-1,8-8,3,31,FALSE,Jacksonville Jaguars,8-8,away,JAX,3.5,43,167,-187,-106,-104,1,nflreadr,Jacksonville Jaguars,8-8,Houston Texans,2-13-1,0.3159,0.6840999999999999,0.3278,0.03630262355094538,0.9636973764490546,166,166,1,1,6,401437936129,12900,NA,NA,NA,NA,NA,NA,NA,NA,NA,NA,FALSE,0,0,FALSE,0,0,FALSE
nfl,2022,401437943,2023-01-01T21:05Z,Las Vegas Raiders,San Francisco 49ers,LV,SF,6-10,12-4,34,37,FALSE,San Francisco 49ers,12-4,away,SF,10,41.5,371,-453,-107,-103,1,nflreadr,San Francisco 49ers,12-4,Las Vegas Raiders,6-10,0.1529,0.8471,0.6938,0.7796194868838281,0.2203805131161719,179,179,1,1,93,4014379432111,211100,NA,NA,NA,NA,NA,NA,NA,NA,NA,NA,FALSE,0,0,FALSE,0,0,FALSE
nfl,2022,401437944,2023-01-01T21:05Z,Seattle Seahawks,New York Jets,SEA,NYJ,8-8,7-9,23,6,TRUE,Seattle Seahawks,8-8,away,NYJ,1,43,102,-113,-105,-105,1,nflreadr,Seattle Seahawks,8-8,New York Jets,7-9,0.6305,0.6305,0.3723999999999999,0.007787325456497962,0.992212674543502,185,185,1,1,2,40143794440,4000,NA,NA,NA,NA,NA,NA,NA,NA,NA,NA,FALSE,0,0,FALSE,0,0,FALSE
nfl,2022,401437945,2023-01-01T21:25Z,Green Bay Packers,Minnesota Vikings,GB,MIN,8-8,12-4,41,17,TRUE,Green Bay Packers,8-8,home,GB,3,47.5,-173,155,-117,106,1,nflreadr,Green Bay Packers,8-8,Minnesota Vikings,12-4,0.6029,0.6029,0.5378000000000001,0.2616214206024545,0.7383785793975455,161,161,1,1,10,401437945218,21800,NA,NA,NA,NA,NA,NA,NA,NA,NA,NA,FALSE,0,0,FALSE,0,0,FALSE
nfl,2022,401437946,2023-01-01T21:25Z,Los Angeles Chargers,Los Angeles Rams,LAC,LAR,10-6,5-11,31,10,TRUE,Los Angeles Chargers,10-6,NA,NA,NA,NA,NA,NA,NA,NA,NA,NA,Los Angeles Chargers,10-6,Los Angeles Rams,5-11,0.766,0.766,0.3777,0.3804606830818109,0.6195393169181891,145,145,1,1,24,401437946534,53400,NA,NA,NA,NA,NA,NA,NA,NA,NA,NA,FALSE,0,0,FALSE,0,0,FALSE
nfl,2022,401437934,2023-01-02T01:20Z,Baltimore Ravens,Pittsburgh Steelers,BAL,PIT,10-6,8-8,13,16,FALSE,Baltimore Ravens,10-6,NA,NA,NA,NA,NA,NA,NA,NA,NA,NA,Pittsburgh Steelers,8-8,Baltimore Ravens,10-6,0.5037,0.5037,0.8242,0.7867022567338025,0.21329774326619755,159,159,1,1,89,4014379342011,201100,NA,NA,NA,NA,NA,NA,NA,NA,NA,NA,FALSE,0,0,FALSE,0,0,FALSE
nfl,2022,401437961,2023-01-07T21:30Z,Las Vegas Raiders,Kansas City Chiefs,LV,KC,6-11,14-3,13,31,FALSE,Kansas City Chiefs,14-3,away,KC,9,51.5,338,-407,-105,-105,1,nflreadr,Kansas City Chiefs,14-3,Las Vegas Raiders,6-11,0.1015,0.8985,0.1188,0.14562289562289532,0.8543771043771047,162,162,1,1,48,4014379611089,108900,NA,NA,NA,NA,NA,NA,NA,NA,NA,NA,FALSE,0,0,FALSE,0,0,FALSE
nfl,2022,401437954,2023-01-08T01:15Z,Jacksonville Jaguars,Tennessee Titans,JAX,TEN,9-8,7-10,20,16,TRUE,Jacksonville Jaguars,9-8,NA,NA,NA,NA,NA,NA,NA,NA,NA,NA,Jacksonville Jaguars,9-8,Tennessee Titans,7-10,0.8488,0.8488,0.735,0.7942857142857143,0.20571428571428574,164,164,1,1,145,4014379543342,334200,NA,NA,NA,NA,NA,NA,NA,NA,NA,NA,FALSE,0,0,FALSE,0,0,FALSE
nfl,2022,401437948,2023-01-08T18:00Z,Atlanta Falcons,Tampa Bay Buccaneers,ATL,TB,7-10,8-9,30,17,TRUE,Tampa Bay Buccaneers,8-9,home,ATL,6,40.5,-235,207,100,-110,1,nflreadr,Atlanta Falcons,7-10,Tampa Bay Buccaneers,8-9,0.4735,0.5265,0.7297,0.6295737974510074,0.3704262025489926,159,159,1,1,78,4014379481757,175700,NA,NA,NA,NA,NA,NA,NA,NA,NA,NA,FALSE,0,0,FALSE,0,0,FALSE
nfl,2022,401437949,2023-01-08T18:00Z,Buffalo Bills,New England Patriots,BUF,NE,13-3,8-9,35,23,TRUE,Buffalo Bills,13-3,home,BUF,8,44,-373,314,-115,104,1,nflreadr,Buffalo Bills,13-3,New England Patriots,8-9,0.8107,0.8107,0.5239,0.6386715021950753,0.3613284978049247,158,158,1,1,90,4014379492253,225300,NA,NA,NA,NA,NA,NA,NA,NA,NA,NA,FALSE,0,0,FALSE,0,0,FALSE
nfl,2022,401437950,2023-01-08T18:00Z,Chicago Bears,Minnesota Vikings,CHI,MIN,3-14,13-4,13,29,FALSE,Minnesota Vikings,13-4,away,MIN,6.5,42.5,227,-260,-106,-104,1,nflreadr,Minnesota Vikings,13-4,Chicago Bears,3-14,0.1554,0.8446,0.1554,2.220446049250313e-16,0.9999999999999998,164,164,1,1,1,4014379501,100,NA,NA,NA,NA,NA,NA,NA,NA,NA,NA,FALSE,0,0,FALSE,0,0,FALSE
nfl,2022,401437951,2023-01-08T18:00Z,Cincinnati Bengals,Baltimore Ravens,CIN,BAL,12-4,10-7,27,16,TRUE,Cincinnati Bengals,12-4,home,CIN,11,39,-603,474,-116,105,1,nflreadr,Cincinnati Bengals,12-4,Baltimore Ravens,10-7,0.7514,0.7514,0.2591,0.04052489386337299,0.959475106136627,185,185,1,1,3,40143795163,6300,NA,NA,NA,NA,NA,NA,NA,NA,NA,NA,FALSE,0,0,FALSE,0,0,FALSE
nfl,2022,401437953,2023-01-08T18:00Z,Indianapolis Colts,Houston Texans,IND,HOU,4-12-1,3-13-1,31,32,FALSE,Houston Texans,3-13-1,home,IND,3,38,-142,128,108,-119,1,nflreadr,Houston Texans,3-13-1,Indianapolis Colts,4-12-1,0.2622,0.7378,0.9729,0.9721451331072053,0.027854866892794705,175,175,1,1,164,4014379533925,392500,NA,NA,NA,NA,NA,NA,NA,NA,NA,NA,FALSE,0,0,FALSE,0,0,FALSE
nfl,2022,401437955,2023-01-08T18:00Z,Miami Dolphins,New York Jets,MIA,NYJ,9-8,7-10,11,6,TRUE,New York Jets,7-10,home,MIA,3.5,37.5,-200,178,-107,-103,1,nflreadr,Miami Dolphins,9-8,New York Jets,7-10,0.3953,0.6047,0.6819999999999999,0.533724340175953,0.46627565982404695,162,162,1,1,15,401437955331,33100,NA,NA,NA,NA,NA,NA,NA,NA,NA,NA,FALSE,0,0,FALSE,0,0,FALSE
nfl,2022,401437956,2023-01-08T18:00Z,New Orleans Saints,Carolina Panthers,NO,CAR,7-10,7-10,7,10,FALSE,New Orleans Saints,7-10,home,NO,3.5,41.5,-179,160,103,-114,1,nflreadr,Carolina Panthers,7-10,New Orleans Saints,7-10,0.6113,0.6113,0.8059,0.7591512594614716,0.24084874053852845,154,154,1,1,48,4014379561155,115500,NA,NA,NA,NA,NA,NA,NA,NA,NA,NA,FALSE,0,0,FALSE,0,0,FALSE
nfl,2022,401437958,2023-01-08T18:00Z,Pittsburgh Steelers,Cleveland Browns,PIT,CLE,9-8,7-10,28,14,TRUE,Pittsburgh Steelers,9-8,home,PIT,2.5,40,-142,128,-109,-101,1,nflreadr,Pittsburgh Steelers,9-8,Cleveland Browns,7-10,0.5794,0.5794,0.6427,0.4440641045588922,0.5559358954411078,172,172,1,1,62,4014379581543,154300,NA,NA,NA,NA,NA,NA,NA,NA,NA,NA,FALSE,0,0,FALSE,0,0,FALSE
nfl,2022,401437960,2023-01-08T21:25Z,Denver Broncos,Los Angeles Chargers,DEN,LAC,5-12,10-7,31,28,TRUE,Los Angeles Chargers,10-7,home,DEN,6,38.5,-254,222,-106,-104,1,nflreadr,Denver Broncos,5-12,Los Angeles Chargers,10-7,0.2381,0.7619,0.8483,0.8211717552752564,0.17882824472474357,171,171,1,1,57,4014379601377,137700,NA,NA,NA,NA,NA,NA,NA,NA,NA,NA,FALSE,0,0,FALSE,0,0,FALSE
nfl,2022,401437957,2023-01-08T21:25Z,Philadelphia Eagles,New York Giants,PHI,NYG,14-3,9-7-1,22,16,TRUE,Philadelphia Eagles,14-3,home,PHI,16.5,42.5,-1252,858,-107,-103,1,nflreadr,Philadelphia Eagles,14-3,New York Giants,9-7-1,0.9269,0.9269,0.07310000000000005,0,1,182,182,1,1,1,4014379571,100,NA,NA,NA,NA,NA,NA,NA,NA,NA,NA,FALSE,0,0,FALSE,0,0,FALSE
nfl,2022,401437962,2023-01-08T21:25Z,San Francisco 49ers,Arizona Cardinals,SF,ARI,13-4,4-13,38,13,TRUE,San Francisco 49ers,13-4,home,SF,14,40,-1061,753,-111,100,1,nflreadr,San Francisco 49ers,13-4,Arizona Cardinals,4-13,0.9104,0.9104,0.1662,0.46089049338146804,0.539109506618532,148,148,1,1,62,4014379621573,157300,NA,NA,NA,NA,NA,NA,NA,NA,NA,NA,FALSE,0,0,FALSE,0,0,FALSE
nfl,2022,401437963,2023-01-08T21:25Z,Seattle Seahawks,Los Angeles Rams,SEA,LAR,9-8,5-12,19,16,TRUE,Seattle Seahawks,9-8,NA,NA,NA,NA,NA,NA,NA,NA,NA,NA,Seattle Seahawks,9-8,Los Angeles Rams,5-12,0.6647,0.6647,0.7101999999999999,0.5919459307237396,0.4080540692762604,185,185,1,1,135,4014379633043,304300,NA,NA,NA,NA,NA,NA,NA,NA,NA,NA,FALSE,0,0,FALSE,0,0,FALSE
nfl,2022,401437959,2023-01-08T21:25Z,Washington Commanders,Dallas Cowboys,WSH,DAL,8-8-1,12-5,26,6,TRUE,Dallas Cowboys,12-5,NA,NA,NA,NA,NA,NA,NA,NA,NA,NA,Washington Commanders,8-8-1,Dallas Cowboys,12-5,0.1058,0.8942,0.8942,0.8816819503466786,0.11831804965332138,175,175,1,1,1,4014379591,100,NA,NA,NA,NA,NA,NA,NA,NA,NA,NA,FALSE,0,0,FALSE,0,0,FALSE
nfl,2022,401437952,2023-01-09T01:20Z,Green Bay Packers,Detroit Lions,GB,DET,8-9,9-8,16,20,FALSE,Green Bay Packers,8-9,NA,NA,NA,NA,NA,NA,NA,NA,NA,NA,Detroit Lions,9-8,Green Bay Packers,8-9,0.6708,0.6708,0.8024,0.7537387836490528,0.24626121635094722,164,164,1,1,68,4014379521599,159900,NA,NA,NA,NA,NA,NA,NA,NA,NA,NA,FALSE,0,0,FALSE,0,0,FALSE
nfl,2023,401547353,2023-09-08T00:20Z,Kansas City Chiefs,Detroit Lions,KC,DET,0-1,1-0,20,21,FALSE,Kansas City Chiefs,0-1,NA,NA,NA,NA,NA,NA,NA,NA,NA,NA,Detroit Lions,1-0,Kansas City Chiefs,0-1,0.6633,0.6633,0.8329,0.7993756753511825,0.20062432464881752,191,191,1,1,101,4015473532261,226100,NA,NA,NA,NA,NA,NA,NA,NA,NA,NA,FALSE,0,0,FALSE,0,0,FALSE
nfl,2023,401547403,2023-09-10T17:00Z,Atlanta Falcons,Carolina Panthers,ATL,CAR,1-0,0-1,24,10,TRUE,Atlanta Falcons,1-0,home,ATL,3.5,40.5,-192,160,-112,-108,1,nflreadr,Atlanta Falcons,1-0,Carolina Panthers,0-1,0.5609,0.5609,0.6219,0.39202444122849345,0.6079755587715066,177,177,1,1,98,4015474032320,232000,NA,NA,NA,NA,NA,NA,NA,NA,NA,NA,FALSE,0,0,FALSE,0,0,FALSE
nfl,2023,401547397,2023-09-10T17:00Z,Cleveland Browns,Cincinnati Bengals,CLE,CIN,1-0,0-1,24,3,TRUE,Cincinnati Bengals,0-1,away,CIN,1,46.5,-108,-112,-115,-105,1,nflreadr,Cleveland Browns,1-0,Cincinnati Bengals,0-1,0.4065,0.5935,0.6267,0.4043401946704963,0.5956598053295037,186,186,1,1,6,401547397135,13500,NA,NA,NA,NA,NA,NA,NA,NA,NA,NA,FALSE,0,0,FALSE,0,0,FALSE
nfl,2023,401547404,2023-09-10T17:00Z,Indianapolis Colts,Jacksonville Jaguars,IND,JAX,0-1,1-0,21,31,FALSE,Jacksonville Jaguars,1-0,away,JAX,4,45.5,170,-205,-112,-108,1,nflreadr,Jacksonville Jaguars,1-0,Indianapolis Colts,0-1,0.3534,0.6466000000000001,0.7247,0.6201186697943977,0.37988133020560233,192,192,1,1,145,4015474043529,352900,NA,NA,NA,NA,NA,NA,NA,NA,NA,NA,FALSE,0,0,FALSE,0,0,FALSE
nfl,2023,401547398,2023-09-10T17:00Z,Minnesota Vikings,Tampa Bay Buccaneers,MIN,TB,0-1,1-0,17,20,FALSE,Minnesota Vikings,0-1,home,MIN,4,45,-205,170,-110,-110,1,nflreadr,Tampa Bay Buccaneers,1-0,Minnesota Vikings,0-1,0.6724,0.6724,0.8185,0.7782529016493587,0.22174709835064133,188,188,1,1,69,4015473981676,167600,NA,NA,NA,NA,NA,NA,NA,NA,NA,NA,FALSE,0,0,FALSE,0,0,FALSE
nfl,2023,401547399,2023-09-10T17:00Z,New Orleans Saints,Tennessee Titans,NO,TEN,1-0,0-1,16,15,TRUE,New Orleans Saints,1-0,home,NO,3,41,-148,124,-102,-118,1,nflreadr,New Orleans Saints,1-0,Tennessee Titans,0-1,0.5356,0.5356,0.647,0.45440494590417324,0.5455950540958268,186,186,1,1,95,4015473992350,235000,NA,NA,NA,NA,NA,NA,NA,NA,NA,NA,FALSE,0,0,FALSE,0,0,FALSE
nfl,2023,401547405,2023-09-10T17:00Z,Pittsburgh Steelers,San Francisco 49ers,PIT,SF,0-1,1-0,7,30,FALSE,San Francisco 49ers,1-0,away,SF,1.5,41.5,100,-120,-112,-108,1,nflreadr,San Francisco 49ers,1-0,Pittsburgh Steelers,0-1,0.4395,0.5605,0.4395,0,1,192,192,1,1,1,4015474051,100,NA,NA,NA,NA,NA,NA,NA,NA,NA,NA,FALSE,0,0,FALSE,0,0,FALSE
nfl,2023,401547406,2023-09-10T17:00Z,Washington Commanders,Arizona Cardinals,WSH,ARI,1-0,0-1,20,16,TRUE,Washington Commanders,1-0,NA,NA,NA,NA,NA,NA,NA,NA,NA,NA,Washington Commanders,1-0,Arizona Cardinals,0-1,0.7324,0.7324,0.7384999999999999,0.6459038591740012,0.35409614082599883,188,188,1,1,135,4015474063183,318300,NA,NA,NA,NA,NA,NA,NA,NA,NA,NA,FALSE,0,0,FALSE,0,0,FALSE
nfl,2023,401547396,2023-09-10T17:00Z,Baltimore Ravens,Houston Texans,BAL,HOU,1-0,0-1,25,9,TRUE,Baltimore Ravens,1-0,home,BAL,9.5,43.5,-500,380,-110,-110,1,nflreadr,Baltimore Ravens,1-0,Houston Texans,0-1,0.736,0.736,0.3864,0.31677018633540377,0.6832298136645962,200,200,1,1,97,4015473962237,223700,NA,NA,NA,NA,NA,NA,NA,NA,NA,NA,FALSE,0,0,FALSE,0,0,FALSE
nfl,2023,401547407,2023-09-10T20:25Z,Chicago Bears,Green Bay Packers,CHI,GB,0-1,1-0,20,38,FALSE,Chicago Bears,0-1,home,CHI,1,41,-118,-102,-110,-110,1,nflreadr,Green Bay Packers,1-0,Chicago Bears,0-1,0.5171,0.5171,0.5352,0.13153961136023917,0.8684603886397608,189,189,1,1,5,401547407125,12500,NA,NA,NA,NA,NA,NA,NA,NA,NA,NA,FALSE,0,0,FALSE,0,0,FALSE
nfl,2023,401547400,2023-09-10T20:25Z,Denver Broncos,Las Vegas Raiders,DEN,LV,0-1,1-0,16,17,FALSE,Denver Broncos,0-1,home,DEN,3,43,-162,136,-115,-105,1,nflreadr,Las Vegas Raiders,1-0,Denver Broncos,0-1,0.5922,0.5922,0.8437,0.8147445774564419,0.1852554225435581,167,167,1,1,132,4015474003220,322000,NA,NA,NA,NA,NA,NA,NA,NA,NA,NA,FALSE,0,0,FALSE,0,0,FALSE
nfl,2023,401547402,2023-09-10T20:25Z,New England Patriots,Philadelphia Eagles,NE,PHI,0-1,1-0,20,25,FALSE,Philadelphia Eagles,1-0,away,PHI,3.5,44.5,154,-185,-110,-110,1,nflreadr,Philadelphia Eagles,1-0,New England Patriots,0-1,0.3798,0.6202,0.4364,0.1296975252062328,0.8703024747937672,199,199,1,1,97,4015474022325,232500,NA,NA,NA,NA,NA,NA,NA,NA,NA,NA,FALSE,0,0,FALSE,0,0,FALSE
nfl,2023,401547401,2023-09-10T20:25Z,Los Angeles Chargers,Miami Dolphins,LAC,MIA,0-1,1-0,34,36,FALSE,Los Angeles Chargers,0-1,home,LAC,3,50.5,-162,136,-110,-110,1,nflreadr,Miami Dolphins,1-0,Los Angeles Chargers,0-1,0.5556,0.5556,0.8575,0.8338192419825075,0.16618075801749255,201,201,1,1,180,4015474014265,426500,NA,NA,NA,NA,NA,NA,NA,NA,NA,NA,FALSE,0,0,FALSE,0,0,FALSE
nfl,2023,401547408,2023-09-10T20:25Z,Seattle Seahawks,Los Angeles Rams,SEA,LAR,0-1,1-0,13,30,FALSE,Seattle Seahawks,0-1,NA,NA,NA,NA,NA,NA,NA,NA,NA,NA,Los Angeles Rams,1-0,Seattle Seahawks,0-1,0.6283,0.6283,0.8128,0.7696850393700787,0.2303149606299213,188,188,1,1,78,4015474081831,183100,NA,NA,NA,NA,NA,NA,NA,NA,NA,NA,FALSE,0,0,FALSE,0,0,FALSE
nfl,2023,401547409,2023-09-11T00:20Z,New York Giants,Dallas Cowboys,NYG,DAL,0-1,1-0,0,40,FALSE,Dallas Cowboys,1-0,NA,NA,NA,NA,NA,NA,NA,NA,NA,NA,Dallas Cowboys,1-0,New York Giants,0-1,0.4452,0.5548,0.5414,0.17768747691171027,0.8223125230882897,180,180,1,1,9,401547409201,20100,NA,NA,NA,NA,NA,NA,NA,NA,NA,NA,FALSE,0,0,FALSE,0,0,FALSE
nfl,2023,401547352,2023-09-12T00:15Z,New York Jets,Buffalo Bills,NYJ,BUF,1-0,0-1,22,16,TRUE,Buffalo Bills,0-1,NA,NA,NA,NA,NA,NA,NA,NA,NA,NA,New York Jets,1-0,Buffalo Bills,0-1,0.4222,0.5778,0.8705,0.8512349224583573,0.1487650775416427,180,180,1,1,129,4015473522941,294100,NA,NA,NA,NA,NA,NA,NA,NA,NA,NA,FALSE,0,0,FALSE,0,0,FALSE
nfl,2023,401547410,2023-09-15T00:15Z,Philadelphia Eagles,Minnesota Vikings,PHI,MIN,2-0,0-2,34,28,TRUE,Philadelphia Eagles,2-0,NA,NA,NA,NA,NA,NA,NA,NA,NA,NA,Philadelphia Eagles,2-0,Minnesota Vikings,0-2,0.6489,0.6489,0.5702,0.38425113995089455,0.6157488600491055,190,190,1,1,49,4015474101139,113900,NA,NA,NA,NA,NA,NA,NA,NA,NA,NA,FALSE,0,0,FALSE,0,0,FALSE
nfl,2023,401547417,2023-09-17T17:00Z,Atlanta Falcons,Green Bay Packers,ATL,GB,2-0,1-1,25,24,TRUE,Atlanta Falcons,2-0,home,ATL,3,40.5,-148,124,-105,-115,1,nflreadr,Atlanta Falcons,2-0,Green Bay Packers,1-1,0.5168,0.5168,0.9208,0.9139878366637706,0.08601216333622941,187,187,1,1,130,4015474172984,298400,NA,NA,NA,NA,NA,NA,NA,NA,NA,NA,FALSE,0,0,FALSE,0,0,FALSE
nfl,2023,401547411,2023-09-17T17:00Z,Buffalo Bills,Las Vegas Raiders,BUF,LV,1-1,1-1,38,10,TRUE,Buffalo Bills,1-1,home,BUF,7.5,47,-355,280,-110,-110,1,nflreadr,Buffalo Bills,1-1,Las Vegas Raiders,1-1,0.7149,0.7149,0.4747,0.3994101537813356,0.6005898462186644,163,163,1,1,16,401547411339,33900,NA,NA,NA,NA,NA,NA,NA,NA,NA,NA,FALSE,0,0,FALSE,0,0,FALSE
nfl,2023,401547412,2023-09-17T17:00Z,Cincinnati Bengals,Baltimore Ravens,CIN,BAL,0-2,2-0,24,27,FALSE,Cincinnati Bengals,0-2,home,CIN,3.5,45.5,-175,145,-102,-118,1,nflreadr,Baltimore Ravens,2-0,Cincinnati Bengals,0-2,0.5164,0.5164,0.5835,0.2862039417309341,0.7137960582690659,185,185,1,1,68,4015474121659,165900,NA,NA,NA,NA,NA,NA,NA,NA,NA,NA,FALSE,0,0,FALSE,0,0,FALSE
nfl,2023,401547418,2023-09-17T17:00Z,Detroit Lions,Seattle Seahawks,DET,SEA,1-1,1-1,31,37,FALSE,Detroit Lions,1-1,home,DET,4.5,47.5,-218,180,-110,-110,1,nflreadr,Seattle Seahawks,1-1,Detroit Lions,1-1,0.648,0.648,0.8232,0.7852283770651118,0.21477162293488816,187,187,1,1,89,4015474182128,212800,NA,NA,NA,NA,NA,NA,NA,NA,NA,NA,FALSE,0,0,FALSE,0,0,FALSE
nfl,2023,401547414,2023-09-17T17:00Z,Tennessee Titans,Los Angeles Chargers,TEN,LAC,1-1,0-2,27,24,TRUE,Los Angeles Chargers,0-2,away,LAC,2.5,45.5,120,-142,-102,-118,1,nflreadr,Tennessee Titans,1-1,Los Angeles Chargers,0-2,0.3705,0.6295,0.8321000000000001,0.7982213676240837,0.2017786323759163,190,190,1,1,148,4015474143354,335400,NA,NA,NA,NA,NA,NA,NA,NA,NA,NA,FALSE,0,0,FALSE,0,0,FALSE
nfl,2023,401547420,2023-09-17T17:00Z,Tampa Bay Buccaneers,Chicago Bears,TB,CHI,2-0,0-2,27,17,TRUE,Tampa Bay Buccaneers,2-0,home,TB,2.5,41,-135,114,-110,-110,1,nflreadr,Tampa Bay Buccaneers,2-0,Chicago Bears,0-2,0.5228,0.5228,0.6706,0.5087980912615568,0.49120190873844316,175,175,1,1,39,401547420882,88200,NA,NA,NA,NA,NA,NA,NA,NA,NA,NA,FALSE,0,0,FALSE,0,0,FALSE
nfl,2023,401547413,2023-09-17T17:00Z,Jacksonville Jaguars,Kansas City Chiefs,JAX,KC,1-1,1-1,9,17,FALSE,Kansas City Chiefs,1-1,away,KC,3.5,50.5,142,-170,-118,-102,1,nflreadr,Kansas City Chiefs,1-1,Jacksonville Jaguars,1-1,0.3859,0.6141,0.5626,0.3140774973338073,0.6859225026661927,188,188,1,1,57,4015474131359,135900,NA,NA,NA,NA,NA,NA,NA,NA,NA,NA,FALSE,0,0,FALSE,0,0,FALSE
nfl,2023,401547419,2023-09-17T17:00Z,Houston Texans,Indianapolis Colts,HOU,IND,0-2,1-1,20,31,FALSE,Houston Texans,0-2,away,IND,1,40,-110,-110,-115,-105,1,nflreadr,Indianapolis Colts,1-1,Houston Texans,0-2,0.532,0.532,0.5466,0.17050859860958645,0.8294914013904136,200,200,1,1,5,401547419112,11200,NA,NA,NA,NA,NA,NA,NA,NA,NA,NA,FALSE,0,0,FALSE,0,0,FALSE
nfl,2023,401547422,2023-09-17T20:05Z,Los Angeles Rams,San Francisco 49ers,LAR,SF,1-1,2-0,23,30,FALSE,San Francisco 49ers,2-0,NA,NA,NA,NA,NA,NA,NA,NA,NA,NA,San Francisco 49ers,2-0,Los Angeles Rams,1-1,0.3432,0.6568,0.6894,0.549463301421526,0.450536698578474,192,192,1,1,77,4015474221753,175300,NA,NA,NA,NA,NA,NA,NA,NA,NA,NA,FALSE,0,0,FALSE,0,0,FALSE
nfl,2023,401547421,2023-09-17T20:05Z,Arizona Cardinals,New York Giants,ARI,NYG,0-2,1-1,28,31,FALSE,New York Giants,1-1,away,NYG,5,40,185,-225,-110,-110,1,nflreadr,New York Giants,1-1,Arizona Cardinals,0-2,0.352,0.648,0.9734,0.972673104581878,0.027326895418122055,192,192,1,1,106,4015474212493,249300,NA,NA,NA,NA,NA,NA,NA,NA,NA,NA,FALSE,0,0,FALSE,0,0,FALSE
nfl,2023,401547415,2023-09-17T20:25Z,Dallas Cowboys,New York Jets,DAL,NYJ,2-0,1-1,30,10,TRUE,Dallas Cowboys,2-0,home,DAL,8.5,38.5,-380,300,-110,-110,1,nflreadr,Dallas Cowboys,2-0,New York Jets,1-1,0.6813,0.6813,0.3546,0.10124083474337298,0.898759165256627,187,187,1,1,65,4015474151430,143000,NA,NA,NA,NA,NA,NA,NA,NA,NA,NA,FALSE,0,0,FALSE,0,0,FALSE
nfl,2023,401547416,2023-09-17T20:25Z,Denver Broncos,Washington Commanders,DEN,WSH,0-2,2-0,33,35,FALSE,Denver Broncos,0-2,NA,NA,NA,NA,NA,NA,NA,NA,NA,NA,Washington Commanders,2-0,Denver Broncos,0-2,0.6653,0.6653,0.9654,0.9641599337062359,0.03584006629376413,199,199,1,2,62,4015474161386,138600,NA,NA,NA,NA,NA,NA,NA,NA,NA,NA,FALSE,0,0,FALSE,0,0,FALSE
nfl,2023,401547423,2023-09-18T00:20Z,New England Patriots,Miami Dolphins,NE,MIA,0-2,2-0,17,24,FALSE,Miami Dolphins,2-0,NA,NA,NA,NA,NA,NA,NA,NA,NA,NA,Miami Dolphins,2-0,New England Patriots,0-2,0.3823,0.6177,0.4243,0.09898656610888534,0.9010134338911147,185,185,1,1,7,401547423155,15500,NA,NA,NA,NA,NA,NA,NA,NA,NA,NA,FALSE,0,0,FALSE,0,0,FALSE
nfl,2023,401547425,2023-09-18T23:15Z,Carolina Panthers,New Orleans Saints,CAR,NO,0-2,2-0,17,20,FALSE,New Orleans Saints,2-0,away,NO,3,39.5,145,-175,-102,-118,1,nflreadr,New Orleans Saints,2-0,Carolina Panthers,0-2,0.3814,0.6186,0.5314,0.2822732404968009,0.7177267595031991,199,199,1,2,22,401547425464,46400,NA,NA,NA,NA,NA,NA,NA,NA,NA,NA,FALSE,0,0,FALSE,0,0,FALSE
nfl,2023,401547424,2023-09-19T00:15Z,Pittsburgh Steelers,Cleveland Browns,PIT,CLE,1-1,1-1,26,22,TRUE,Cleveland Browns,1-1,NA,NA,NA,NA,NA,NA,NA,NA,NA,NA,Pittsburgh Steelers,1-1,Cleveland Browns,1-1,0.4093,0.5907,0.745,0.6577181208053691,0.34228187919463093,184,184,1,1,146,4015474243694,369400,NA,NA,NA,NA,NA,NA,NA,NA,NA,NA,FALSE,0,0,FALSE,0,0,FALSE
nfl,2023,401547426,2023-09-22T00:15Z,San Francisco 49ers,New York Giants,SF,NYG,3-0,1-2,30,12,TRUE,San Francisco 49ers,3-0,NA,NA,NA,NA,NA,NA,NA,NA,NA,NA,San Francisco 49ers,3-0,New York Giants,1-2,0.8054,0.8054,0.2865,0.3207678883071553,0.6792321116928447,188,188,1,1,32,401547426714,71400,NA,NA,NA,NA,NA,NA,NA,NA,NA,NA,FALSE,0,0,FALSE,0,0,FALSE
nfl,2023,401547428,2023-09-24T17:00Z,Cleveland Browns,Tennessee Titans,CLE,TEN,2-1,1-2,27,3,TRUE,Cleveland Browns,2-1,home,CLE,3.5,38,-185,154,-110,-110,1,nflreadr,Cleveland Browns,2-1,Tennessee Titans,1-2,0.5727,0.5727,0.5041,0.1523507240626859,0.8476492759373141,172,172,1,1,41,401547428983,98300,NA,NA,NA,NA,NA,NA,NA,NA,NA,NA,FALSE,0,0,FALSE,0,0,FALSE
nfl,2023,401547433,2023-09-24T17:00Z,Detroit Lions,Atlanta Falcons,DET,ATL,2-1,2-1,20,6,TRUE,Detroit Lions,2-1,home,DET,3,47.5,-166,140,-120,100,1,nflreadr,Detroit Lions,2-1,Atlanta Falcons,2-1,0.5528,0.5528,0.478,0.06443514644351456,0.9355648535564854,195,195,1,1,46,4015474331042,104200,NA,NA,NA,NA,NA,NA,NA,NA,NA,NA,FALSE,0,0,FALSE,0,0,FALSE
nfl,2023,401547434,2023-09-24T17:00Z,Green Bay Packers,New Orleans Saints,GB,NO,2-1,2-1,18,17,TRUE,Green Bay Packers,2-1,away,NO,1.5,41.5,105,-125,-110,-110,1,nflreadr,Green Bay Packers,2-1,New Orleans Saints,2-1,0.5351,0.5351,0.9757,0.9750948037306548,0.024905196269345176,195,195,1,2,148,4015474343383,338300,NA,NA,NA,NA,NA,NA,NA,NA,NA,NA,FALSE,0,0,FALSE,0,0,FALSE
nfl,2023,401547429,2023-09-24T17:00Z,Miami Dolphins,Denver Broncos,MIA,DEN,3-0,0-3,70,20,TRUE,Miami Dolphins,3-0,home,MIA,6,47.5,-250,205,-110,-110,1,nflreadr,Miami Dolphins,3-0,Denver Broncos,0-3,0.7017,0.7017,0.3134,0.04818123803446073,0.9518187619655393,188,188,1,1,3,40154742955,5500,NA,NA,NA,NA,NA,NA,NA,NA,NA,NA,FALSE,0,0,FALSE,0,0,FALSE
nfl,2023,401547436,2023-09-24T17:00Z,Minnesota Vikings,Los Angeles Chargers,MIN,LAC,0-3,1-2,24,28,FALSE,Los Angeles Chargers,1-2,home,MIN,1,54,-110,-110,-105,-115,1,nflreadr,Los Angeles Chargers,1-2,Minnesota Vikings,0-3,0.4665,0.5335,0.6996,0.5706117781589479,0.4293882218410521,199,199,1,1,157,4015474363796,379600,NA,NA,NA,NA,NA,NA,NA,NA,NA,NA,FALSE,0,0,FALSE,0,0,FALSE
nfl,2023,401547430,2023-09-24T17:00Z,New York Jets,New England Patriots,NYJ,NE,1-2,1-2,10,15,FALSE,New York Jets,1-2,away,NE,2.5,35.5,120,-142,-108,-112,1,nflreadr,New England Patriots,1-2,New York Jets,1-2,0.5488,0.5488,0.5488,0.17784256559766742,0.8221574344023326,203,203,1,1,1,4015474301,100,NA,NA,NA,NA,NA,NA,NA,NA,NA,NA,FALSE,0,0,FALSE,0,0,FALSE
nfl,2023,401547431,2023-09-24T17:00Z,Washington Commanders,Buffalo Bills,WSH,BUF,2-1,2-1,3,37,FALSE,Buffalo Bills,2-1,NA,NA,NA,NA,NA,NA,NA,NA,NA,NA,Buffalo Bills,2-1,Washington Commanders,2-1,0.2647,0.7353000000000001,0.328,0.192987804878049,0.807012195121951,169,169,1,1,20,401547431449,44900,NA,NA,NA,NA,NA,NA,NA,NA,NA,NA,FALSE,0,0,FALSE,0,0,FALSE
nfl,2023,401547435,2023-09-24T17:00Z,Jacksonville Jaguars,Houston Texans,JAX,HOU,1-2,1-2,17,37,FALSE,Jacksonville Jaguars,1-2,home,JAX,7.5,43.5,-380,300,-110,-110,1,nflreadr,Houston Texans,1-2,Jacksonville Jaguars,1-2,0.713,0.713,0.7878,0.7306422949987306,0.26935770500126943,186,186,1,1,8,401547435185,18500,NA,NA,NA,NA,NA,NA,NA,NA,NA,NA,FALSE,0,0,FALSE,0,0,FALSE
nfl,2023,401547427,2023-09-24T17:00Z,Baltimore Ravens,Indianapolis Colts,BAL,IND,2-1,2-1,19,22,FALSE,Baltimore Ravens,2-1,home,BAL,7.5,43.5,-380,300,-110,-110,1,nflreadr,Indianapolis Colts,2-1,Baltimore Ravens,2-1,0.7735,0.7735,0.8914,0.8781691720888489,0.12183082791115107,227,227,1,1,33,401547427724,72400,NA,NA,NA,NA,NA,NA,NA,NA,NA,NA,FALSE,0,0,FALSE,0,0,FALSE
nfl,2023,401547432,2023-09-24T20:05Z,Seattle Seahawks,Carolina Panthers,SEA,CAR,2-1,0-3,37,27,TRUE,Seattle Seahawks,2-1,home,SEA,5,42.5,-225,185,-110,-110,1,nflreadr,Seattle Seahawks,2-1,Carolina Panthers,0-3,0.726,0.726,0.5196000000000001,0.47267128560431104,0.527328714395689,218,218,1,1,88,4015474321988,198800,NA,NA,NA,NA,NA,NA,NA,NA,NA,NA,FALSE,0,0,FALSE,0,0,FALSE
nfl,2023,401547438,2023-09-24T20:25Z,Kansas City Chiefs,Chicago Bears,KC,CHI,2-1,0-3,41,10,TRUE,Kansas City Chiefs,2-1,home,KC,13,48,-750,525,-110,-110,1,nflreadr,Kansas City Chiefs,2-1,Chicago Bears,0-3,0.8197,0.8197,0.21419999999999997,0.15826330532212862,0.8417366946778714,176,176,1,1,8,401547438195,19500,NA,NA,NA,NA,NA,NA,NA,NA,NA,NA,FALSE,0,0,FALSE,0,0,FALSE
nfl,2023,401547437,2023-09-24T20:25Z,Arizona Cardinals,Dallas Cowboys,ARI,DAL,1-2,2-1,28,16,TRUE,Dallas Cowboys,2-1,away,DAL,11.5,43.5,470,-650,-110,-110,1,nflreadr,Arizona Cardinals,1-2,Dallas Cowboys,2-1,0.1186,0.8814,0.8837,0.8683942514427974,0.13160574855720264,195,195,1,1,2,40154743739,3900,NA,NA,NA,NA,NA,NA,NA,NA,NA,NA,FALSE,0,0,FALSE,0,0,FALSE
nfl,2023,401547439,2023-09-25T00:20Z,Las Vegas Raiders,Pittsburgh Steelers,LV,PIT,1-2,2-1,18,23,FALSE,Las Vegas Raiders,1-2,NA,NA,NA,NA,NA,NA,NA,NA,NA,NA,Pittsburgh Steelers,2-1,Las Vegas Raiders,1-2,0.5084,0.5084,0.734,0.6376021798365121,0.36239782016348787,191,191,1,1,26,401547439628,62800,NA,NA,NA,NA,NA,NA,NA,NA,NA,NA,FALSE,0,0,FALSE,0,0,FALSE
nfl,2023,401547440,2023-09-25T23:15Z,Tampa Bay Buccaneers,Philadelphia Eagles,TB,PHI,2-1,3-0,11,25,FALSE,Philadelphia Eagles,3-0,away,PHI,6,44,210,-258,-110,-110,1,nflreadr,Philadelphia Eagles,3-0,Tampa Bay Buccaneers,2-1,0.2962,0.7038,0.3746,0.2092899092365189,0.7907100907634811,169,169,1,1,56,4015474401305,130500,NA,NA,NA,NA,NA,NA,NA,NA,NA,NA,FALSE,0,0,FALSE,0,0,FALSE
nfl,2023,401547441,2023-09-26T00:15Z,Cincinnati Bengals,Los Angeles Rams,CIN,LAR,1-2,1-2,19,16,TRUE,Cincinnati Bengals,1-2,NA,NA,NA,NA,NA,NA,NA,NA,NA,NA,Cincinnati Bengals,1-2,Los Angeles Rams,1-2,0.654,0.654,0.5762,0.3995140576188825,0.6004859423811175,195,195,1,1,115,4015474412592,259200,NA,NA,NA,NA,NA,NA,NA,NA,NA,NA,FALSE,0,0,FALSE,0,0,FALSE
nfl,2023,401547442,2023-09-29T00:15Z,Green Bay Packers,Detroit Lions,GB,DET,2-2,3-1,20,34,FALSE,Detroit Lions,3-1,NA,NA,NA,NA,NA,NA,NA,NA,NA,NA,Detroit Lions,3-1,Green Bay Packers,2-2,0.4608,0.5392,0.6012,0.3366600133067197,0.6633399866932803,189,189,1,1,5,401547442103,10300,NA,NA,NA,NA,NA,NA,NA,NA,NA,NA,FALSE,0,0,FALSE,0,0,FALSE
nfl,2023,401547227,2023-10-01T13:30Z,Jacksonville Jaguars,Atlanta Falcons,JAX,ATL,2-2,2-2,23,7,TRUE,Jacksonville Jaguars,2-2,home,JAX,3.5,42.5,-185,154,-110,-110,1,nflreadr,Jacksonville Jaguars,2-2,Atlanta Falcons,2-2,0.524,0.524,0.5173,0.07983761840324766,0.9201623815967523,175,175,1,1,9,401547227171,17100,NA,NA,NA,NA,NA,NA,NA,NA,NA,NA,FALSE,0,0,FALSE,0,0,FALSE
nfl,2023,401547443,2023-10-01T17:00Z,Buffalo Bills,Miami Dolphins,BUF,MIA,3-1,3-1,48,20,TRUE,Miami Dolphins,3-1,home,BUF,2.5,53,-142,120,-120,100,1,nflreadr,Buffalo Bills,3-1,Miami Dolphins,3-1,0.4878,0.5122,0.5722,0.25235931492485153,0.7476406850751485,169,169,1,1,45,4015474431150,115000,NA,NA,NA,NA,NA,NA,NA,NA,NA,NA,FALSE,0,0,FALSE,0,0,FALSE
nfl,2023,401547444,2023-10-01T17:00Z,Chicago Bears,Denver Broncos,CHI,DEN,0-4,1-3,28,31,FALSE,Denver Broncos,1-3,away,DEN,3,47,136,-162,-108,-112,1,nflreadr,Denver Broncos,1-3,Chicago Bears,0-4,0.4691,0.5308999999999999,0.9864,0.986212489862125,0.013787510137875048,173,173,1,1,102,4015474442499,249900,NA,NA,NA,NA,NA,NA,NA,NA,NA,NA,FALSE,0,0,FALSE,0,0,FALSE
nfl,2023,401547445,2023-10-01T17:00Z,Cleveland Browns,Baltimore Ravens,CLE,BAL,2-2,3-1,3,28,FALSE,Baltimore Ravens,3-1,away,BAL,2,38.5,114,-135,-110,-110,1,nflreadr,Baltimore Ravens,3-1,Cleveland Browns,2-2,0.4144,0.5856,0.488,0.15081967213114755,0.8491803278688524,183,183,1,1,11,401547445291,29100,NA,NA,NA,NA,NA,NA,NA,NA,NA,NA,FALSE,0,0,FALSE,0,0,FALSE
nfl,2023,401547452,2023-10-01T17:00Z,Tennessee Titans,Cincinnati Bengals,TEN,CIN,2-2,1-3,27,3,TRUE,Cincinnati Bengals,1-3,away,CIN,2.5,41.5,136,-162,100,-120,1,nflreadr,Tennessee Titans,2-2,Cincinnati Bengals,1-3,0.3902,0.6098,0.7021,0.5757014670274889,0.4242985329725111,168,168,1,1,9,401547452201,20100,NA,NA,NA,NA,NA,NA,NA,NA,NA,NA,FALSE,0,0,FALSE,0,0,FALSE
nfl,2023,401547449,2023-10-01T17:00Z,Indianapolis Colts,Los Angeles Rams,IND,LAR,2-2,2-2,23,29,FALSE,Los Angeles Rams,2-2,NA,NA,NA,NA,NA,NA,NA,NA,NA,NA,Los Angeles Rams,2-2,Indianapolis Colts,2-2,0.4396,0.5604,0.7006,0.5726520125606622,0.4273479874393378,202,202,1,1,178,4015474494092,409200,NA,NA,NA,NA,NA,NA,NA,NA,NA,NA,FALSE,0,0,FALSE,0,0,FALSE
nfl,2023,401547450,2023-10-01T17:00Z,New Orleans Saints,Tampa Bay Buccaneers,NO,TB,2-2,3-1,9,26,FALSE,New Orleans Saints,2-2,home,NO,4,41,-205,170,-110,-110,1,nflreadr,Tampa Bay Buccaneers,3-1,New Orleans Saints,2-2,0.5484,0.5484,0.646,0.4520123839009289,0.5479876160990711,192,192,1,1,44,4015474501045,104500,NA,NA,NA,NA,NA,NA,NA,NA,NA,NA,FALSE,0,0,FALSE,0,0,FALSE
nfl,2023,401547451,2023-10-01T17:00Z,Philadelphia Eagles,Washington Commanders,PHI,WSH,4-0,2-2,34,31,TRUE,Philadelphia Eagles,4-0,NA,NA,NA,NA,NA,NA,NA,NA,NA,NA,Philadelphia Eagles,4-0,Washington Commanders,2-2,0.766,0.766,0.7034,0.6673301108899631,0.3326698891100369,207,207,1,1,72,4015474511689,168900,NA,NA,NA,NA,NA,NA,NA,NA,NA,NA,FALSE,0,0,FALSE,0,0,FALSE
nfl,2023,401547448,2023-10-01T17:00Z,Carolina Panthers,Minnesota Vikings,CAR,MIN,0-4,1-3,13,21,FALSE,Minnesota Vikings,1-3,away,MIN,4.5,46.5,185,-225,-108,-112,1,nflreadr,Minnesota Vikings,1-3,Carolina Panthers,0-4,0.3598,0.6402,0.7949,0.741980123285948,0.258019876714052,169,169,1,1,109,4015474482549,254900,NA,NA,NA,NA,NA,NA,NA,NA,NA,NA,FALSE,0,0,FALSE,0,0,FALSE
nfl,2023,401547446,2023-10-01T17:00Z,Houston Texans,Pittsburgh Steelers,HOU,PIT,2-2,2-2,30,6,TRUE,Pittsburgh Steelers,2-2,away,PIT,3,41.5,136,-162,-110,-110,1,nflreadr,Houston Texans,2-2,Pittsburgh Steelers,2-2,0.4117,0.5883,0.6053,0.34792664794316863,0.6520733520568314,181,181,1,1,3,40154744662,6200,NA,NA,NA,NA,NA,NA,NA,NA,NA,NA,FALSE,0,0,FALSE,0,0,FALSE
nfl,2023,401547447,2023-10-01T20:05Z,Los Angeles Chargers,Las Vegas Raiders,LAC,LV,2-2,1-3,24,17,TRUE,Los Angeles Chargers,2-2,home,LAC,7,49,-310,250,-105,-115,1,nflreadr,Los Angeles Chargers,2-2,Las Vegas Raiders,1-3,0.8213,0.8213,0.33430000000000004,0.46545019443613533,0.5345498055638647,184,184,1,1,35,401547447822,82200,NA,NA,NA,NA,NA,NA,NA,NA,NA,NA,FALSE,0,0,FALSE,0,0,FALSE
nfl,2023,401547453,2023-10-01T20:25Z,Dallas Cowboys,New England Patriots,DAL,NE,3-1,1-3,38,3,TRUE,Dallas Cowboys,3-1,home,DAL,6.5,43,-285,230,-112,-108,1,nflreadr,Dallas Cowboys,3-1,New England Patriots,1-3,0.6871,0.6871,0.4109,0.23850085178875646,0.7614991482112435,180,180,1,1,19,401547453420,42000,NA,NA,NA,NA,NA,NA,NA,NA,NA,NA,FALSE,0,0,FALSE,0,0,FALSE
nfl,2023,401547454,2023-10-01T20:25Z,San Francisco 49ers,Arizona Cardinals,SF,ARI,4-0,1-3,35,16,TRUE,San Francisco 49ers,4-0,home,SF,15,44,-1100,700,-112,-108,1,nflreadr,San Francisco 49ers,4-0,Arizona Cardinals,1-3,0.8739,0.8739,0.2369,0.4677078936260026,0.5322921063739974,171,171,1,1,112,4015474542678,267800,NA,NA,NA,NA,NA,NA,NA,NA,NA,NA,FALSE,0,0,FALSE,0,0,FALSE
nfl,2023,401547455,2023-10-02T00:20Z,New York Jets,Kansas City Chiefs,NYJ,KC,1-3,3-1,20,23,FALSE,Kansas City Chiefs,3-1,NA,NA,NA,NA,NA,NA,NA,NA,NA,NA,Kansas City Chiefs,3-1,New York Jets,1-3,0.2568,0.7432000000000001,0.4961,0.4823624269300546,0.5176375730699454,184,184,1,1,129,4015474552870,287000,NA,NA,NA,NA,NA,NA,NA,NA,NA,NA,FALSE,0,0,FALSE,0,0,FALSE
nfl,2023,401547456,2023-10-03T00:15Z,New York Giants,Seattle Seahawks,NYG,SEA,1-3,3-1,3,24,FALSE,Seattle Seahawks,3-1,NA,NA,NA,NA,NA,NA,NA,NA,NA,NA,Seattle Seahawks,3-1,New York Giants,1-3,0.4354,0.5646,0.4904,0.11215334420880907,0.8878466557911909,182,182,1,1,9,401547456195,19500,NA,NA,NA,NA,NA,NA,NA,NA,NA,NA,FALSE,0,0,FALSE,0,0,FALSE
nfl,2023,401547457,2023-10-06T00:15Z,Washington Commanders,Chicago Bears,WSH,CHI,2-3,1-4,20,40,FALSE,Washington Commanders,2-3,NA,NA,NA,NA,NA,NA,NA,NA,NA,NA,Chicago Bears,1-4,Washington Commanders,2-3,0.6092,0.6092,0.6415,0.44115354637568194,0.5588464536243181,189,189,1,1,4,40154745779,7900,NA,NA,NA,NA,NA,NA,NA,NA,NA,NA,FALSE,0,0,FALSE,0,0,FALSE
nfl,2023,401547228,2023-10-08T13:30Z,Buffalo Bills,Jacksonville Jaguars,BUF,JAX,3-2,3-2,20,25,FALSE,Buffalo Bills,3-2,home,BUF,5.5,48.5,-250,205,-110,-110,1,nflreadr,Jacksonville Jaguars,3-2,Buffalo Bills,3-2,0.7919,0.7919,0.811,0.7669543773119607,0.2330456226880393,200,200,1,1,6,401547228144,14400,NA,NA,NA,NA,NA,NA,NA,NA,NA,NA,FALSE,0,0,FALSE,0,0,FALSE
nfl,2023,401547463,2023-10-08T17:00Z,Atlanta Falcons,Houston Texans,ATL,HOU,3-2,2-3,21,19,TRUE,Atlanta Falcons,3-2,home,ATL,2.5,42,-142,120,-110,-110,1,nflreadr,Atlanta Falcons,3-2,Houston Texans,2-3,0.5277,0.5277,0.7130000000000001,0.5974754558204771,0.4025245441795229,200,200,1,1,133,4015474632942,294200,NA,NA,NA,NA,NA,NA,NA,NA,NA,NA,FALSE,0,0,FALSE,0,0,FALSE
nfl,2023,401547464,2023-10-08T17:00Z,Detroit Lions,Carolina Panthers,DET,CAR,4-1,0-5,42,24,TRUE,Detroit Lions,4-1,home,DET,9.5,43.5,-455,350,-110,-110,1,nflreadr,Detroit Lions,4-1,Carolina Panthers,0-5,0.7728,0.7728,0.25670000000000004,0.11492014024152741,0.8850798597584726,176,176,1,1,9,401547464244,24400,NA,NA,NA,NA,NA,NA,NA,NA,NA,NA,FALSE,0,0,FALSE,0,0,FALSE
nfl,2023,401547458,2023-10-08T17:00Z,Indianapolis Colts,Tennessee Titans,IND,TEN,3-2,2-3,23,16,TRUE,Tennessee Titans,2-3,away,TEN,2.5,43.5,120,-142,-110,-110,1,nflreadr,Indianapolis Colts,3-2,Tennessee Titans,2-3,0.4426,0.5574,0.6895,0.5496736765772299,0.4503263234227701,175,175,1,1,24,401547458558,55800,NA,NA,NA,NA,NA,NA,NA,NA,NA,NA,FALSE,0,0,FALSE,0,0,FALSE
nfl,2023,401547465,2023-10-08T17:00Z,Miami Dolphins,New York Giants,MIA,NYG,4-1,1-4,31,16,TRUE,Miami Dolphins,4-1,home,MIA,12.5,47.5,-750,525,-110,-110,1,nflreadr,Miami Dolphins,4-1,New York Giants,1-4,0.8704,0.8704,0.1824,0.2894736842105261,0.7105263157894739,179,179,1,1,75,4015474651791,179100,NA,NA,NA,NA,NA,NA,NA,NA,NA,NA,FALSE,0,0,FALSE,0,0,FALSE
nfl,2023,401547459,2023-10-08T17:00Z,New England Patriots,New Orleans Saints,NE,NO,1-4,3-2,0,34,FALSE,New England Patriots,1-4,home,NE,2.5,38.5,-135,114,-110,-110,1,nflreadr,New Orleans Saints,3-2,New England Patriots,1-4,0.5389,0.5389,0.5727,0.25388510563995115,0.7461148943600489,186,186,1,1,11,401547459274,27400,NA,NA,NA,NA,NA,NA,NA,NA,NA,NA,FALSE,0,0,FALSE,0,0,FALSE
nfl,2023,401547460,2023-10-08T17:00Z,Pittsburgh Steelers,Baltimore Ravens,PIT,BAL,3-2,3-2,17,10,TRUE,Baltimore Ravens,3-2,away,BAL,4.5,38.5,190,-230,-108,-112,1,nflreadr,Pittsburgh Steelers,3-2,Baltimore Ravens,3-2,0.2808,0.7192000000000001,0.9024,0.8918439716312057,0.10815602836879434,186,186,1,1,156,4015474603515,351500,NA,NA,NA,NA,NA,NA,NA,NA,NA,NA,FALSE,0,0,FALSE,0,0,FALSE
nfl,2023,401547467,2023-10-08T20:05Z,Los Angeles Rams,Philadelphia Eagles,LAR,PHI,2-3,5-0,14,23,FALSE,Philadelphia Eagles,5-0,NA,NA,NA,NA,NA,NA,NA,NA,NA,NA,Philadelphia Eagles,5-0,Los Angeles Rams,2-3,0.4443,0.5557000000000001,0.6405,0.43871975019515985,0.5612802498048401,183,183,1,1,78,4015474671775,177500,NA,NA,NA,NA,NA,NA,NA,NA,NA,NA,FALSE,0,0,FALSE,0,0,FALSE
nfl,2023,401547466,2023-10-08T20:05Z,Arizona Cardinals,Cincinnati Bengals,ARI,CIN,1-4,2-3,20,34,FALSE,Cincinnati Bengals,2-3,away,CIN,3,45.5,142,-170,100,-120,1,nflreadr,Cincinnati Bengals,2-3,Arizona Cardinals,1-4,0.3512,0.6488,0.5305,0.3379830348727616,0.6620169651272384,191,191,1,1,61,4015474661405,140500,NA,NA,NA,NA,NA,NA,NA,NA,NA,NA,FALSE,0,0,FALSE,0,0,FALSE
nfl,2023,401547461,2023-10-08T20:25Z,Denver Broncos,New York Jets,DEN,NYJ,1-4,2-3,21,31,FALSE,New York Jets,2-3,home,DEN,2.5,42.5,-135,114,-110,-110,1,nflreadr,New York Jets,2-3,Denver Broncos,1-4,0.4527,0.5473,0.7035,0.5785358919687278,0.4214641080312722,187,187,1,1,79,4015474611781,178100,NA,NA,NA,NA,NA,NA,NA,NA,NA,NA,FALSE,0,0,FALSE,0,0,FALSE
nfl,2023,401547462,2023-10-08T20:25Z,Minnesota Vikings,Kansas City Chiefs,MIN,KC,1-4,4-1,20,27,FALSE,Kansas City Chiefs,4-1,away,KC,3.5,52.5,150,-180,-115,-105,1,nflreadr,Kansas City Chiefs,4-1,Minnesota Vikings,1-4,0.3188,0.6812,0.5124,0.37782982045277125,0.6221701795472288,187,187,1,1,81,4015474621858,185800,NA,NA,NA,NA,NA,NA,NA,NA,NA,NA,FALSE,0,0,FALSE,0,0,FALSE
nfl,2023,401547354,2023-10-09T00:20Z,San Francisco 49ers,Dallas Cowboys,SF,DAL,5-0,3-2,42,10,TRUE,San Francisco 49ers,5-0,NA,NA,NA,NA,NA,NA,NA,NA,NA,NA,San Francisco 49ers,5-0,Dallas Cowboys,3-2,0.5522,0.5522,0.4533,0.012133245091550893,0.9878667549084491,171,171,1,1,2,40154735439,3900,NA,NA,NA,NA,NA,NA,NA,NA,NA,NA,FALSE,0,0,FALSE,0,0,FALSE
nfl,2023,401547468,2023-10-10T00:15Z,Las Vegas Raiders,Green Bay Packers,LV,GB,2-3,2-3,17,13,TRUE,Green Bay Packers,2-3,NA,NA,NA,NA,NA,NA,NA,NA,NA,NA,Las Vegas Raiders,2-3,Green Bay Packers,2-3,0.4374,0.5626,0.7147,0.6008115293129985,0.3991884706870015,177,177,1,1,113,4015474682399,239900,NA,NA,NA,NA,NA,NA,NA,NA,NA,NA,FALSE,0,0,FALSE,0,0,FALSE
nfl,2023,401547469,2023-10-13T00:15Z,Kansas City Chiefs,Denver Broncos,KC,DEN,5-1,1-5,19,8,TRUE,Kansas City Chiefs,5-1,NA,NA,NA,NA,NA,NA,NA,NA,NA,NA,Kansas City Chiefs,5-1,Denver Broncos,1-5,0.8497,0.8497,0.18079999999999996,0.16869469026548656,0.8313053097345134,173,173,1,1,7,401547469150,15000,NA,NA,NA,NA,NA,NA,NA,NA,NA,NA,FALSE,0,0,FALSE,0,0,FALSE
nfl,2023,401547229,2023-10-15T13:30Z,Tennessee Titans,Baltimore Ravens,TEN,BAL,2-4,4-2,16,24,FALSE,Baltimore Ravens,4-2,away,BAL,5.5,42.5,205,-250,-108,-112,1,nflreadr,Baltimore Ravens,4-2,Tennessee Titans,2-4,0.3116,0.6884,0.3921,0.20530476919153284,0.7946952308084672,183,183,1,1,26,401547229583,58300,NA,NA,NA,NA,NA,NA,NA,NA,NA,NA,FALSE,0,0,FALSE,0,0,FALSE
nfl,2023,401547470,2023-10-15T17:00Z,Atlanta Falcons,Washington Commanders,ATL,WSH,3-3,3-3,16,24,FALSE,Atlanta Falcons,3-3,NA,NA,NA,NA,NA,NA,NA,NA,NA,NA,Washington Commanders,3-3,Atlanta Falcons,3-3,0.5803,0.5803,0.7153,0.6019851810429191,0.3980148189570809,184,184,1,1,29,401547470689,68900,NA,NA,NA,NA,NA,NA,NA,NA,NA,NA,FALSE,0,0,FALSE,0,0,FALSE
nfl,2023,401547475,2023-10-15T17:00Z,Chicago Bears,Minnesota Vikings,CHI,MIN,1-5,2-4,13,19,FALSE,Minnesota Vikings,2-4,away,MIN,3,44.5,140,-166,-105,-115,1,nflreadr,Minnesota Vikings,2-4,Chicago Bears,1-5,0.4028,0.5972,0.5364,0.2490678598061148,0.7509321401938852,181,181,1,1,78,4015474751763,176300,NA,NA,NA,NA,NA,NA,NA,NA,NA,NA,FALSE,0,0,FALSE,0,0,FALSE
nfl,2023,401547471,2023-10-15T17:00Z,Cincinnati Bengals,Seattle Seahawks,CIN,SEA,3-3,3-2,17,13,TRUE,Seattle Seahawks,3-2,home,CIN,3,45.5,-155,130,-108,-112,1,nflreadr,Cincinnati Bengals,3-3,Seattle Seahawks,3-2,0.4632,0.5367999999999999,0.7136,0.5986547085201794,0.40134529147982057,179,179,1,1,15,401547471367,36700,NA,NA,NA,NA,NA,NA,NA,NA,NA,NA,FALSE,0,0,FALSE,0,0,FALSE
nfl,2023,401547476,2023-10-15T17:00Z,Cleveland Browns,San Francisco 49ers,CLE,SF,3-2,5-1,19,17,TRUE,San Francisco 49ers,5-1,away,SF,9.5,36,360,-470,-105,-115,1,nflreadr,Cleveland Browns,3-2,San Francisco 49ers,5-1,0.2625,0.7375,0.877,0.8597491448118586,0.1402508551881414,203,203,1,1,16,401547476386,38600,NA,NA,NA,NA,NA,NA,NA,NA,NA,NA,FALSE,0,0,FALSE,0,0,FALSE
nfl,2023,401547473,2023-10-15T17:00Z,Miami Dolphins,Carolina Panthers,MIA,CAR,5-1,0-6,42,21,TRUE,Miami Dolphins,5-1,home,MIA,14,47.5,-1100,700,-110,-110,1,nflreadr,Miami Dolphins,5-1,Carolina Panthers,0-6,0.8774,0.8774,0.5044,0.7569389373513083,0.24306106264869165,185,185,1,1,36,401547473844,84400,NA,NA,NA,NA,NA,NA,NA,NA,NA,NA,FALSE,0,0,FALSE,0,0,FALSE
nfl,2023,401547472,2023-10-15T17:00Z,Jacksonville Jaguars,Indianapolis Colts,JAX,IND,4-2,3-3,37,20,TRUE,Jacksonville Jaguars,4-2,home,JAX,4,44,-205,170,-110,-110,1,nflreadr,Jacksonville Jaguars,4-2,Indianapolis Colts,3-3,0.6552,0.6552,0.4550999999999999,0.24236431553504711,0.7576356844649529,200,200,1,1,14,401547472334,33400,NA,NA,NA,NA,NA,NA,NA,NA,NA,NA,FALSE,0,0,FALSE,0,0,FALSE
nfl,2023,401547477,2023-10-15T17:00Z,Houston Texans,New Orleans Saints,HOU,NO,3-3,3-3,20,13,TRUE,New Orleans Saints,3-3,away,NO,2,42.5,110,-130,-110,-110,1,nflreadr,Houston Texans,3-3,New Orleans Saints,3-3,0.4552,0.5448,0.6335999999999999,0.4217171717171715,0.5782828282828285,195,195,1,1,17,401547477385,38500,NA,NA,NA,NA,NA,NA,NA,NA,NA,NA,FALSE,0,0,FALSE,0,0,FALSE
nfl,2023,401547474,2023-10-15T20:05Z,Las Vegas Raiders,New England Patriots,LV,NE,3-3,1-5,21,17,TRUE,Las Vegas Raiders,3-3,home,LV,3,41.5,-148,124,-102,-118,1,nflreadr,Las Vegas Raiders,3-3,New England Patriots,1-5,0.5585,0.5585,0.4616,0.04354419410745236,0.9564558058925476,184,184,1,1,3,40154747455,5500,NA,NA,NA,NA,NA,NA,NA,NA,NA,NA,FALSE,0,0,FALSE,0,0,FALSE
nfl,2023,401547479,2023-10-15T20:25Z,Los Angeles Rams,Arizona Cardinals,LAR,ARI,3-3,1-5,26,9,TRUE,Los Angeles Rams,3-3,NA,NA,NA,NA,NA,NA,NA,NA,NA,NA,Los Angeles Rams,3-3,Arizona Cardinals,1-5,0.7276,0.7276,0.5964,0.5432595573440644,0.4567404426559356,190,190,1,1,82,4015474791838,183800,NA,NA,NA,NA,NA,NA,NA,NA,NA,NA,FALSE,0,0,FALSE,0,0,FALSE
nfl,2023,401547480,2023-10-15T20:25Z,New York Jets,Philadelphia Eagles,NYJ,PHI,3-3,5-1,20,14,TRUE,Philadelphia Eagles,5-1,away,PHI,6.5,43,245,-305,-105,-115,1,nflreadr,New York Jets,3-3,Philadelphia Eagles,5-1,0.3459,0.6541,0.8815999999999999,0.8656987295825771,0.1343012704174229,185,185,1,1,68,4015474801775,177500,NA,NA,NA,NA,NA,NA,NA,NA,NA,NA,FALSE,0,0,FALSE,0,0,FALSE
nfl,2023,401547478,2023-10-15T20:25Z,Tampa Bay Buccaneers,Detroit Lions,TB,DET,3-2,5-1,6,20,FALSE,Detroit Lions,5-1,away,DET,3,43.5,136,-162,-105,-115,1,nflreadr,Detroit Lions,5-1,Tampa Bay Buccaneers,3-2,0.4479,0.5521,0.4956,0.0962469733656175,0.9037530266343825,177,177,1,1,59,4015474781335,133500,NA,NA,NA,NA,NA,NA,NA,NA,NA,NA,FALSE,0,0,FALSE,0,0,FALSE
nfl,2023,401547481,2023-10-16T00:20Z,Buffalo Bills,New York Giants,BUF,NYG,4-2,1-5,14,9,TRUE,Buffalo Bills,4-2,NA,NA,NA,NA,NA,NA,NA,NA,NA,NA,Buffalo Bills,4-2,New York Giants,1-5,0.9489,0.9489,0.6977,0.9267593521570875,0.07324064784291251,192,192,1,1,190,4015474814449,444900,NA,NA,NA,NA,NA,NA,NA,NA,NA,NA,FALSE,0,0,FALSE,0,0,FALSE
nfl,2023,401547482,2023-10-17T00:15Z,Los Angeles Chargers,Dallas Cowboys,LAC,DAL,2-3,4-2,17,20,FALSE,Los Angeles Chargers,2-3,NA,NA,NA,NA,NA,NA,NA,NA,NA,NA,Dallas Cowboys,4-2,Los Angeles Chargers,2-3,0.5578,0.5578,0.7294,0.6290101453249246,0.3709898546750754,186,186,1,1,12,401547482307,30700,NA,NA,NA,NA,NA,NA,NA,NA,NA,NA,FALSE,0,0,FALSE,0,0,FALSE
nfl,2023,401547483,2023-10-20T00:15Z,New Orleans Saints,Jacksonville Jaguars,NO,JAX,3-4,5-2,24,31,FALSE,Jacksonville Jaguars,5-2,NA,NA,NA,NA,NA,NA,NA,NA,NA,NA,Jacksonville Jaguars,5-2,New Orleans Saints,3-4,0.4284,0.5716,0.5008,0.14456869009584672,0.8554313099041533,200,200,1,1,171,4015474834089,408900,NA,NA,NA,NA,NA,NA,NA,NA,NA,NA,FALSE,0,0,FALSE,0,0,FALSE
nfl,2023,401547490,2023-10-22T17:00Z,Chicago Bears,Las Vegas Raiders,CHI,LV,2-5,3-4,30,12,TRUE,Chicago Bears,2-5,away,LV,2.5,38.5,120,-142,-110,-110,1,nflreadr,Chicago Bears,2-5,Las Vegas Raiders,3-4,0.6657,0.6657,0.474,0.2947257383966243,0.7052742616033757,185,185,1,1,11,401547490277,27700,NA,NA,NA,NA,NA,NA,NA,NA,NA,NA,FALSE,0,0,FALSE,0,0,FALSE
nfl,2023,401547484,2023-10-22T17:00Z,Indianapolis Colts,Cleveland Browns,IND,CLE,3-4,4-2,38,39,FALSE,Cleveland Browns,4-2,away,CLE,3.5,40,150,-180,-112,-108,1,nflreadr,Cleveland Browns,4-2,Indianapolis Colts,3-4,0.3997,0.6003000000000001,0.8631,0.8413857026995712,0.15861429730042875,213,213,1,1,183,4015474844310,431000,NA,NA,NA,NA,NA,NA,NA,NA,NA,NA,FALSE,0,0,FALSE,0,0,FALSE
nfl,2023,401547485,2023-10-22T17:00Z,New England Patriots,Buffalo Bills,NE,BUF,2-5,4-3,29,25,TRUE,Buffalo Bills,4-3,away,BUF,7.5,41,310,-395,-110,-110,1,nflreadr,New England Patriots,2-5,Buffalo Bills,4-3,0.1758,0.8242,0.9246,0.9184512221501189,0.08154877784988113,183,183,1,1,165,4015474853794,379400,NA,NA,NA,NA,NA,NA,NA,NA,NA,NA,FALSE,0,0,FALSE,0,0,FALSE
nfl,2023,401547486,2023-10-22T17:00Z,New York Giants,Washington Commanders,NYG,WSH,2-5,3-4,14,7,TRUE,Washington Commanders,3-4,NA,NA,NA,NA,NA,NA,NA,NA,NA,NA,New York Giants,2-5,Washington Commanders,3-4,0.3844,0.6155999999999999,0.6797,0.5287626894218036,0.4712373105781964,195,195,1,1,33,401547486723,72300,NA,NA,NA,NA,NA,NA,NA,NA,NA,NA,FALSE,0,0,FALSE,0,0,FALSE
nfl,2023,401547491,2023-10-22T17:00Z,Tampa Bay Buccaneers,Atlanta Falcons,TB,ATL,3-3,4-3,13,16,FALSE,Tampa Bay Buccaneers,3-3,home,TB,3,37.5,-148,124,-105,-115,1,nflreadr,Atlanta Falcons,4-3,Tampa Bay Buccaneers,3-3,0.5271,0.5271,0.6537,0.47024629034725396,0.529753709652746,191,191,1,1,177,4015474914115,411500,NA,NA,NA,NA,NA,NA,NA,NA,NA,NA,FALSE,0,0,FALSE,0,0,FALSE
nfl,2023,401547489,2023-10-22T17:00Z,Baltimore Ravens,Detroit Lions,BAL,DET,5-2,5-2,38,6,TRUE,Baltimore Ravens,5-2,home,BAL,3,43.5,-162,136,-115,-105,1,nflreadr,Baltimore Ravens,5-2,Detroit Lions,5-2,0.541,0.541,0.4812999999999999,0.04633284853521702,0.953667151464783,175,175,1,1,3,40154748955,5500,NA,NA,NA,NA,NA,NA,NA,NA,NA,NA,FALSE,0,0,FALSE,0,0,FALSE
nfl,2023,401547492,2023-10-22T20:05Z,Los Angeles Rams,Pittsburgh Steelers,LAR,PIT,3-4,4-2,17,24,FALSE,Los Angeles Rams,3-4,NA,NA,NA,NA,NA,NA,NA,NA,NA,NA,Pittsburgh Steelers,4-2,Los Angeles Rams,3-4,0.5846,0.5846,0.8651,0.8440642700265866,0.15593572997341343,176,176,1,1,125,4015474922851,285100,NA,NA,NA,NA,NA,NA,NA,NA,NA,NA,FALSE,0,0,FALSE,0,0,FALSE
nfl,2023,401547493,2023-10-22T20:05Z,Seattle Seahawks,Arizona Cardinals,SEA,ARI,4-2,1-6,20,10,TRUE,Seattle Seahawks,4-2,home,SEA,9.5,43.5,-455,350,-108,-112,1,nflreadr,Seattle Seahawks,4-2,Arizona Cardinals,1-6,0.7972,0.7972,0.3831,0.4706342991386061,0.5293657008613939,176,176,1,1,61,4015474931547,154700,NA,NA,NA,NA,NA,NA,NA,NA,NA,NA,FALSE,0,0,FALSE,0,0,FALSE
nfl,2023,401547487,2023-10-22T20:25Z,Denver Broncos,Green Bay Packers,DEN,GB,2-5,2-4,19,17,TRUE,Green Bay Packers,2-4,home,DEN,1.5,44,-118,-102,-108,-112,1,nflreadr,Denver Broncos,2-5,Green Bay Packers,2-4,0.4307,0.5692999999999999,0.7208,0.6126526082130965,0.38734739178690347,186,186,1,1,185,4015474874066,406600,NA,NA,NA,NA,NA,NA,NA,NA,NA,NA,FALSE,0,0,FALSE,0,0,FALSE
nfl,2023,401547488,2023-10-22T20:25Z,Kansas City Chiefs,Los Angeles Chargers,KC,LAC,6-1,2-4,31,17,TRUE,Kansas City Chiefs,6-1,home,KC,5.5,48.5,-265,215,-115,-105,1,nflreadr,Kansas City Chiefs,6-1,Los Angeles Chargers,2-4,0.6868,0.6868,0.411,0.2379562043795619,0.7620437956204381,177,177,1,1,72,4015474881658,165800,NA,NA,NA,NA,NA,NA,NA,NA,NA,NA,FALSE,0,0,FALSE,0,0,FALSE
nfl,2023,401547494,2023-10-23T00:20Z,Philadelphia Eagles,Miami Dolphins,PHI,MIA,6-1,5-2,31,17,TRUE,Miami Dolphins,5-2,NA,NA,NA,NA,NA,NA,NA,NA,NA,NA,Philadelphia Eagles,6-1,Miami Dolphins,5-2,0.4133,0.5867,0.6576,0.4793187347931873,0.5206812652068127,169,169,1,1,31,401547494723,72300,NA,NA,NA,NA,NA,NA,NA,NA,NA,NA,FALSE,0,0,FALSE,0,0,FALSE
nfl,2023,401547495,2023-10-24T00:15Z,Minnesota Vikings,San Francisco 49ers,MIN,SF,3-4,5-2,22,17,TRUE,San Francisco 49ers,5-2,NA,NA,NA,NA,NA,NA,NA,NA,NA,NA,Minnesota Vikings,3-4,San Francisco 49ers,5-2,0.2982,0.7018,0.7995,0.7492182614133833,0.2507817385866167,175,175,1,1,9,401547495216,21600,NA,NA,NA,NA,NA,NA,NA,NA,NA,NA,FALSE,0,0,FALSE,0,0,FALSE
nfl,2023,401547496,2023-10-27T00:15Z,Buffalo Bills,Tampa Bay Buccaneers,BUF,TB,5-3,3-4,24,18,TRUE,Buffalo Bills,5-3,NA,NA,NA,NA,NA,NA,NA,NA,NA,NA,Buffalo Bills,5-3,Tampa Bay Buccaneers,3-4,0.8273,0.8273,0.28690000000000004,0.3980481003834091,0.6019518996165909,199,199,1,1,69,4015474961678,167800,NA,NA,NA,NA,NA,NA,NA,NA,NA,NA,FALSE,0,0,FALSE,0,0,FALSE
nfl,2023,401547505,2023-10-29T17:00Z,Dallas Cowboys,Los Angeles Rams,DAL,LAR,5-2,3-5,43,20,TRUE,Dallas Cowboys,5-2,NA,NA,NA,NA,NA,NA,NA,NA,NA,NA,Dallas Cowboys,5-2,Los Angeles Rams,3-5,0.6882,0.6882,0.34630000000000005,0.0996246029454233,0.9003753970545767,179,179,1,1,4,40154750575,7500,NA,NA,NA,NA,NA,NA,NA,NA,NA,NA,FALSE,0,0,FALSE,0,0,FALSE
nfl,2023,401547506,2023-10-29T17:00Z,Green Bay Packers,Minnesota Vikings,GB,MIN,2-5,4-4,10,24,FALSE,Minnesota Vikings,4-4,away,MIN,1,41.5,-108,-112,-112,-108,1,nflreadr,Minnesota Vikings,4-4,Green Bay Packers,2-5,0.418,0.5820000000000001,0.4337,0.036200138344477883,0.9637998616555221,192,192,1,1,21,401547506513,51300,NA,NA,NA,NA,NA,NA,NA,NA,NA,NA,FALSE,0,0,FALSE,0,0,FALSE
nfl,2023,401547500,2023-10-29T17:00Z,Tennessee Titans,Atlanta Falcons,TEN,ATL,3-4,4-4,28,23,TRUE,Tennessee Titans,3-4,away,ATL,2.5,35,110,-130,-110,-110,1,nflreadr,Tennessee Titans,3-4,Atlanta Falcons,4-4,0.5192,0.5192,0.6306,0.4142086901363782,0.5857913098636218,198,198,1,1,10,401547500234,23400,NA,NA,NA,NA,NA,NA,NA,NA,NA,NA,FALSE,0,0,FALSE,0,0,FALSE
nfl,2023,401547507,2023-10-29T17:00Z,Indianapolis Colts,New Orleans Saints,IND,NO,3-5,4-4,27,38,FALSE,New Orleans Saints,4-4,away,NO,2,43.5,110,-130,-110,-110,1,nflreadr,New Orleans Saints,4-4,Indianapolis Colts,3-5,0.4523,0.5477000000000001,0.749,0.664886515353805,0.33511348464619495,198,198,1,1,57,4015475071342,134200,NA,NA,NA,NA,NA,NA,NA,NA,NA,NA,FALSE,0,0,FALSE,0,0,FALSE
nfl,2023,401547497,2023-10-29T17:00Z,Miami Dolphins,New England Patriots,MIA,NE,6-2,2-6,31,17,TRUE,Miami Dolphins,6-2,home,MIA,7.5,46.5,-380,300,-110,-110,1,nflreadr,Miami Dolphins,6-2,New England Patriots,2-6,0.8062,0.8062,0.416,0.5341346153846154,0.4658653846153846,178,178,1,1,30,401547497677,67700,NA,NA,NA,NA,NA,NA,NA,NA,NA,NA,FALSE,0,0,FALSE,0,0,FALSE
nfl,2023,401547498,2023-10-29T17:00Z,New York Giants,New York Jets,NYG,NYJ,2-6,4-3,10,13,FALSE,New York Jets,4-3,away,NYJ,3,35,136,-162,-105,-115,1,nflreadr,New York Jets,4-3,New York Giants,2-6,0.2272,0.7727999999999999,0.999,0.9989989989989989,0.0010010010010010895,211,211,1,3,184,4015474984295,429500,NA,NA,NA,NA,NA,NA,NA,NA,NA,NA,FALSE,0,0,FALSE,0,0,FALSE
nfl,2023,401547499,2023-10-29T17:00Z,Pittsburgh Steelers,Jacksonville Jaguars,PIT,JAX,4-3,6-2,10,20,FALSE,Jacksonville Jaguars,6-2,away,JAX,2.5,41,114,-135,-110,-110,1,nflreadr,Jacksonville Jaguars,6-2,Pittsburgh Steelers,4-3,0.3925,0.6074999999999999,0.3925,0,1,193,193,1,1,1,4015474991,100,NA,NA,NA,NA,NA,NA,NA,NA,NA,NA,FALSE,0,0,FALSE,0,0,FALSE
nfl,2023,401547508,2023-10-29T17:00Z,Washington Commanders,Philadelphia Eagles,WSH,PHI,3-5,7-1,31,38,FALSE,Philadelphia Eagles,7-1,NA,NA,NA,NA,NA,NA,NA,NA,NA,NA,Philadelphia Eagles,7-1,Washington Commanders,3-5,0.236,0.764,0.8214,0.7825663501339177,0.21743364986608227,188,188,1,1,140,4015475083333,333300,NA,NA,NA,NA,NA,NA,NA,NA,NA,NA,FALSE,0,0,FALSE,0,0,FALSE
nfl,2023,401547504,2023-10-29T17:00Z,Carolina Panthers,Houston Texans,CAR,HOU,1-6,3-4,15,13,TRUE,Houston Texans,3-4,away,HOU,3,43,136,-162,-102,-118,1,nflreadr,Carolina Panthers,1-6,Houston Texans,3-4,0.3705,0.6295,0.7738,0.7076764021711037,0.2923235978288963,180,180,1,1,43,4015475041042,104200,NA,NA,NA,NA,NA,NA,NA,NA,NA,NA,FALSE,0,0,FALSE,0,0,FALSE
nfl,2023,401547509,2023-10-29T20:05Z,Seattle Seahawks,Cleveland Browns,SEA,CLE,5-2,4-3,24,20,TRUE,Seattle Seahawks,5-2,home,SEA,4,39.5,-198,164,-110,-110,1,nflreadr,Seattle Seahawks,5-2,Cleveland Browns,4-3,0.6589,0.6589,0.8702,0.8508388876120432,0.14916111238795682,186,186,1,1,170,4015475093851,385100,NA,NA,NA,NA,NA,NA,NA,NA,NA,NA,FALSE,0,0,FALSE,0,0,FALSE
nfl,2023,401547502,2023-10-29T20:25Z,Denver Broncos,Kansas City Chiefs,DEN,KC,3-5,6-2,24,9,TRUE,Kansas City Chiefs,6-2,away,KC,7,45.5,270,-340,-118,-102,1,nflreadr,Denver Broncos,3-5,Kansas City Chiefs,6-2,0.1729,0.8271,0.8271,0.7909563535243622,0.20904364647563778,183,183,1,1,1,4015475021,100,NA,NA,NA,NA,NA,NA,NA,NA,NA,NA,FALSE,0,0,FALSE,0,0,FALSE
nfl,2023,401547501,2023-10-29T20:25Z,Arizona Cardinals,Baltimore Ravens,ARI,BAL,1-7,6-2,24,31,FALSE,Baltimore Ravens,6-2,away,BAL,9.5,44.5,380,-500,-110,-110,1,nflreadr,Baltimore Ravens,6-2,Arizona Cardinals,1-7,0.1463,0.8537,0.3152,0.5358502538071066,0.4641497461928934,190,190,1,1,18,401547501422,42200,NA,NA,NA,NA,NA,NA,NA,NA,NA,NA,FALSE,0,0,FALSE,0,0,FALSE
nfl,2023,401547503,2023-10-29T20:25Z,San Francisco 49ers,Cincinnati Bengals,SF,CIN,5-3,4-3,17,31,FALSE,San Francisco 49ers,5-3,home,SF,4,44,-205,170,-115,-105,1,nflreadr,Cincinnati Bengals,4-3,San Francisco 49ers,5-3,0.6986,0.6986,0.6986,0.5685657028342399,0.4314342971657601,172,172,1,1,1,4015475031,100,NA,NA,NA,NA,NA,NA,NA,NA,NA,NA,FALSE,0,0,FALSE,0,0,FALSE
nfl,2023,401547510,2023-10-30T00:20Z,Los Angeles Chargers,Chicago Bears,LAC,CHI,3-4,2-6,30,13,TRUE,Los Angeles Chargers,3-4,NA,NA,NA,NA,NA,NA,NA,NA,NA,NA,Los Angeles Chargers,3-4,Chicago Bears,2-6,0.7575,0.7575,0.27959999999999996,0.1326895565092987,0.8673104434907013,181,181,1,1,3,40154751062,6200,NA,NA,NA,NA,NA,NA,NA,NA,NA,NA,FALSE,0,0,FALSE,0,0,FALSE
nfl,2023,401547511,2023-10-31T00:15Z,Detroit Lions,Las Vegas Raiders,DET,LV,6-2,3-5,26,14,TRUE,Detroit Lions,6-2,NA,NA,NA,NA,NA,NA,NA,NA,NA,NA,Detroit Lions,6-2,Las Vegas Raiders,3-5,0.7078,0.7078,0.3753,0.22142286171063152,0.7785771382893685,182,182,1,1,78,4015475111770,177000,NA,NA,NA,NA,NA,NA,NA,NA,NA,NA,FALSE,0,0,FALSE,0,0,FALSE
nfl,2023,401547512,2023-11-03T00:15Z,Pittsburgh Steelers,Tennessee Titans,PIT,TEN,5-3,3-5,20,16,TRUE,Pittsburgh Steelers,5-3,NA,NA,NA,NA,NA,NA,NA,NA,NA,NA,Pittsburgh Steelers,5-3,Tennessee Titans,3-5,0.5842,0.5842,0.7081,0.5877700889704842,0.4122299110295158,192,192,1,1,143,4015475123276,327600,NA,NA,NA,NA,NA,NA,NA,NA,NA,NA,FALSE,0,0,FALSE,0,0,FALSE
nfl,2023,401547230,2023-11-05T14:30Z,Kansas City Chiefs,Miami Dolphins,KC,MIA,7-2,6-3,21,14,TRUE,Kansas City Chiefs,7-2,home,KC,1,51,-115,-105,-108,-112,1,nflreadr,Kansas City Chiefs,7-2,Miami Dolphins,6-3,0.5099,0.5099,0.4956,0.011097659402744209,0.9889023405972558,170,170,1,1,2,40154723039,3900,NA,NA,NA,NA,NA,NA,NA,NA,NA,NA,FALSE,0,0,FALSE,0,0,FALSE
nfl,2023,401547518,2023-11-05T18:00Z,Atlanta Falcons,Minnesota Vikings,ATL,MIN,4-5,5-4,28,31,FALSE,Atlanta Falcons,4-5,home,ATL,3.5,38.5,-192,160,-112,-108,1,nflreadr,Minnesota Vikings,5-4,Atlanta Falcons,4-5,0.5099,0.5099,0.8591,0.8359911535327669,0.16400884646723313,202,202,1,1,190,4015475184363,436300,NA,NA,NA,NA,NA,NA,NA,NA,NA,NA,FALSE,0,0,FALSE,0,0,FALSE
nfl,2023,401547514,2023-11-05T18:00Z,Cleveland Browns,Arizona Cardinals,CLE,ARI,5-3,1-8,27,0,TRUE,Cleveland Browns,5-3,home,CLE,13,38,-750,525,-108,-112,1,nflreadr,Cleveland Browns,5-3,Arizona Cardinals,1-8,0.6939,0.6939,0.34730000000000005,0.11862942700835011,0.8813705729916499,180,180,1,1,32,401547514713,71300,NA,NA,NA,NA,NA,NA,NA,NA,NA,NA,FALSE,0,0,FALSE,0,0,FALSE
nfl,2023,401547519,2023-11-05T18:00Z,Green Bay Packers,Los Angeles Rams,GB,LAR,3-5,3-6,20,3,TRUE,Green Bay Packers,3-5,NA,NA,NA,NA,NA,NA,NA,NA,NA,NA,Green Bay Packers,3-5,Los Angeles Rams,3-6,0.5524,0.5524,0.4957,0.09703449667137376,0.9029655033286262,187,187,1,1,27,401547519648,64800,NA,NA,NA,NA,NA,NA,NA,NA,NA,NA,FALSE,0,0,FALSE,0,0,FALSE
nfl,2023,401547520,2023-11-05T18:00Z,New England Patriots,Washington Commanders,NE,WSH,2-7,4-5,17,20,FALSE,New England Patriots,2-7,NA,NA,NA,NA,NA,NA,NA,NA,NA,NA,Washington Commanders,4-5,New England Patriots,2-7,0.5634,0.5634,0.7895,0.733375554148195,0.266624445851805,193,193,1,1,107,4015475202468,246800,NA,NA,NA,NA,NA,NA,NA,NA,NA,NA,FALSE,0,0,FALSE,0,0,FALSE
nfl,2023,401547516,2023-11-05T18:00Z,New Orleans Saints,Chicago Bears,NO,CHI,5-4,2-7,24,17,TRUE,New Orleans Saints,5-4,home,NO,9,42,-440,340,-112,-108,1,nflreadr,New Orleans Saints,5-4,Chicago Bears,2-7,0.6744,0.6744,0.5778,0.43648321218414676,0.5635167878158532,183,183,1,1,50,4015475161169,116900,NA,NA,NA,NA,NA,NA,NA,NA,NA,NA,FALSE,0,0,FALSE,0,0,FALSE
nfl,2023,401547513,2023-11-05T18:00Z,Baltimore Ravens,Seattle Seahawks,BAL,SEA,7-2,5-3,37,3,TRUE,Baltimore Ravens,7-2,home,BAL,6,44.5,-270,220,-110,-110,1,nflreadr,Baltimore Ravens,7-2,Seattle Seahawks,5-3,0.696,0.696,0.35729999999999995,0.14917436328015643,0.8508256367198436,182,182,1,1,29,401547513616,61600,NA,NA,NA,NA,NA,NA,NA,NA,NA,NA,FALSE,0,0,FALSE,0,0,FALSE
nfl,2023,401547515,2023-11-05T18:00Z,Houston Texans,Tampa Bay Buccaneers,HOU,TB,4-4,3-5,39,37,TRUE,Houston Texans,4-4,home,HOU,2.5,39.5,-148,124,-120,100,1,nflreadr,Houston Texans,4-4,Tampa Bay Buccaneers,3-5,0.5074,0.5074,0.9659,0.964696138316596,0.03530386168340405,193,193,1,1,181,4015475154222,422200,NA,NA,NA,NA,NA,NA,NA,NA,NA,NA,FALSE,0,0,FALSE,0,0,FALSE
nfl,2023,401547517,2023-11-05T21:05Z,Carolina Panthers,Indianapolis Colts,CAR,IND,1-7,4-5,13,27,FALSE,Indianapolis Colts,4-5,away,IND,1.5,45,110,-130,-112,-108,1,nflreadr,Indianapolis Colts,4-5,Carolina Panthers,1-7,0.404,0.596,0.4723,0.14461147575693412,0.8553885242430659,189,189,1,1,21,401547517519,51900,NA,NA,NA,NA,NA,NA,NA,NA,NA,NA,FALSE,0,0,FALSE,0,0,FALSE
nfl,2023,401547521,2023-11-05T21:25Z,Las Vegas Raiders,New York Giants,LV,NYG,4-5,2-7,30,6,TRUE,New York Giants,2-7,home,LV,1,38.5,-118,-102,-110,-110,1,nflreadr,Las Vegas Raiders,4-5,New York Giants,2-7,0.4123,0.5877,0.5877,0.2984515909477625,0.7015484090522375,181,181,1,1,1,4015475211,100,NA,NA,NA,NA,NA,NA,NA,NA,NA,NA,FALSE,0,0,FALSE,0,0,FALSE
nfl,2023,401547522,2023-11-05T21:25Z,Philadelphia Eagles,Dallas Cowboys,PHI,DAL,8-1,5-3,28,23,TRUE,Philadelphia Eagles,8-1,home,PHI,3.5,46.5,-175,145,-102,-118,1,nflreadr,Philadelphia Eagles,8-1,Dallas Cowboys,5-3,0.5007,0.5007,0.7077,0.5869718807404267,0.4130281192595733,193,193,1,1,187,4015475224492,449200,NA,NA,NA,NA,NA,NA,NA,NA,NA,NA,FALSE,0,0,FALSE,0,0,FALSE
nfl,2023,401547523,2023-11-06T01:20Z,Cincinnati Bengals,Buffalo Bills,CIN,BUF,5-3,5-4,24,18,TRUE,Buffalo Bills,5-4,NA,NA,NA,NA,NA,NA,NA,NA,NA,NA,Cincinnati Bengals,5-3,Buffalo Bills,5-4,0.3296,0.6704,0.6970000000000001,0.5652797704447634,0.4347202295552366,177,177,1,1,21,401547523519,51900,NA,NA,NA,NA,NA,NA,NA,NA,NA,NA,FALSE,0,0,FALSE,0,0,FALSE
nfl,2023,401547524,2023-11-07T01:15Z,New York Jets,Los Angeles Chargers,NYJ,LAC,4-4,4-4,6,27,FALSE,Los Angeles Chargers,4-4,NA,NA,NA,NA,NA,NA,NA,NA,NA,NA,Los Angeles Chargers,4-4,New York Jets,4-4,0.3867,0.6133,0.4385,0.11812998859749135,0.8818700114025086,196,196,1,1,5,401547524101,10100,NA,NA,NA,NA,NA,NA,NA,NA,NA,NA,FALSE,0,0,FALSE,0,0,FALSE
nfl,2023,401547525,2023-11-10T01:15Z,Chicago Bears,Carolina Panthers,CHI,CAR,3-7,1-8,16,13,TRUE,Chicago Bears,3-7,NA,NA,NA,NA,NA,NA,NA,NA,NA,NA,Chicago Bears,3-7,Carolina Panthers,1-8,0.612,0.612,0.67490000000000006,0.5182990072603351,0.48170099273966493,191,191,1,1,43,401547525976,97600,NA,NA,NA,NA,NA,NA,NA,NA,NA,NA,FALSE,0,0,FALSE,0,0,FALSE
nfl,2023,401547231,2023-11-12T14:30Z,New England Patriots,Indianapolis Colts,NE,IND,2-8,5-5,6,10,FALSE,Indianapolis Colts,5-5,away,IND,1,42,-102,-118,-110,-110,1,nflreadr,Indianapolis Colts,5-5,New England Patriots,2-8,0.4759,0.5241,0.5659,0.23290333981268763,0.7670966601873124,180,180,1,1,11,401547231257,25700,NA,NA,NA,NA,NA,NA,NA,NA,NA,NA,FALSE,0,0,FALSE,0,0,FALSE
nfl,2023,401547526,2023-11-12T18:00Z,Cincinnati Bengals,Houston Texans,CIN,HOU,5-4,5-4,27,30,FALSE,Cincinnati Bengals,5-4,home,CIN,5.5,46,-250,205,-110,-110,1,nflreadr,Houston Texans,5-4,Cincinnati Bengals,5-4,0.6548,0.6548,0.7954,0.7427709328639678,0.2572290671360322,196,196,1,1,14,401547526341,34100,NA,NA,NA,NA,NA,NA,NA,NA,NA,NA,FALSE,0,0,FALSE,0,0,FALSE
nfl,2023,401547533,2023-11-12T18:00Z,Minnesota Vikings,New Orleans Saints,MIN,NO,6-4,5-5,27,19,TRUE,Minnesota Vikings,6-4,away,NO,3,41,130,-155,-115,-105,1,nflreadr,Minnesota Vikings,6-4,New Orleans Saints,5-5,0.5009,0.5009,0.5570999999999999,0.20499012744570067,0.7950098725542993,195,195,1,1,39,401547533873,87300,NA,NA,NA,NA,NA,NA,NA,NA,NA,NA,FALSE,0,0,FALSE,0,0,FALSE
nfl,2023,401547527,2023-11-12T18:00Z,Pittsburgh Steelers,Green Bay Packers,PIT,GB,6-3,3-6,23,19,TRUE,Pittsburgh Steelers,6-3,home,PIT,3,38.5,-166,140,-120,100,1,nflreadr,Pittsburgh Steelers,6-3,Green Bay Packers,3-6,0.5966,0.5966,0.5897,0.3159233508563677,0.6840766491436323,189,189,1,1,120,4015475272818,281800,NA,NA,NA,NA,NA,NA,NA,NA,NA,NA,FALSE,0,0,FALSE,0,0,FALSE
nfl,2023,401547528,2023-11-12T18:00Z,Tampa Bay Buccaneers,Tennessee Titans,TB,TEN,4-5,3-6,20,6,TRUE,Tampa Bay Buccaneers,4-5,home,TB,2.5,39.5,-142,120,-115,-105,1,nflreadr,Tampa Bay Buccaneers,4-5,Tennessee Titans,3-6,0.5481,0.5481,0.594,0.3164983164983164,0.6835016835016836,177,177,1,1,37,401547528825,82500,NA,NA,NA,NA,NA,NA,NA,NA,NA,NA,FALSE,0,0,FALSE,0,0,FALSE
nfl,2023,401547532,2023-11-12T18:00Z,Jacksonville Jaguars,San Francisco 49ers,JAX,SF,6-3,6-3,3,34,FALSE,San Francisco 49ers,6-3,away,SF,3,44.5,142,-170,-108,-112,1,nflreadr,San Francisco 49ers,6-3,Jacksonville Jaguars,6-3,0.4363,0.5637,0.4363,0,1,171,171,1,1,1,4015475321,100,NA,NA,NA,NA,NA,NA,NA,NA,NA,NA,FALSE,0,0,FALSE,0,0,FALSE
nfl,2023,401547531,2023-11-12T18:00Z,Baltimore Ravens,Cleveland Browns,BAL,CLE,7-3,6-3,31,33,FALSE,Baltimore Ravens,7-3,home,BAL,6,38.5,-258,210,-108,-112,1,nflreadr,Cleveland Browns,6-3,Baltimore Ravens,7-3,0.7006,0.7006,0.98,0.9795918367346939,0.020408163265306145,196,196,1,1,157,4015475313602,360200,NA,NA,NA,NA,NA,NA,NA,NA,NA,NA,FALSE,0,0,FALSE,0,0,FALSE
nfl,2023,401547529,2023-11-12T21:05Z,Arizona Cardinals,Atlanta Falcons,ARI,ATL,2-8,4-6,25,23,TRUE,Atlanta Falcons,4-6,away,ATL,2,43.5,110,-130,-110,-110,1,nflreadr,Arizona Cardinals,2-8,Atlanta Falcons,4-6,0.4392,0.5608,0.8013,0.7520279545738175,0.24797204542618245,191,191,1,1,72,4015475291740,174000,NA,NA,NA,NA,NA,NA,NA,NA,NA,NA,FALSE,0,0,FALSE,0,0,FALSE
nfl,2023,401547530,2023-11-12T21:05Z,Los Angeles Chargers,Detroit Lions,LAC,DET,4-5,7-2,38,41,FALSE,Los Angeles Chargers,4-5,away,DET,2.5,48.5,120,-142,-110,-110,1,nflreadr,Detroit Lions,7-2,Los Angeles Chargers,4-5,0.5923,0.5923,0.5923,0.31166638527773105,0.688333614722269,187,187,1,1,1,4015475301,100,NA,NA,NA,NA,NA,NA,NA,NA,NA,NA,FALSE,0,0,FALSE,0,0,FALSE
nfl,2023,401547534,2023-11-12T21:25Z,Dallas Cowboys,New York Giants,DAL,NYG,6-3,2-8,49,17,TRUE,Dallas Cowboys,6-3,home,DAL,17.5,38.5,-2100,1100,-112,-108,1,nflreadr,Dallas Cowboys,6-3,New York Giants,2-8,0.8988,0.8988,0.14800000000000002,0.31621621621621665,0.6837837837837833,191,191,1,2,22,401547534479,47900,NA,NA,NA,NA,NA,NA,NA,NA,NA,NA,FALSE,0,0,FALSE,0,0,FALSE
nfl,2023,401547535,2023-11-12T21:25Z,Seattle Seahawks,Washington Commanders,SEA,WSH,6-3,4-6,29,26,TRUE,Seattle Seahawks,6-3,NA,NA,NA,NA,NA,NA,NA,NA,NA,NA,Seattle Seahawks,6-3,Washington Commanders,4-6,0.6362,0.6362,0.5859,0.3790749274620242,0.6209250725379758,211,211,1,1,50,4015475351167,116700,NA,NA,NA,NA,NA,NA,NA,NA,NA,NA,FALSE,0,0,FALSE,0,0,FALSE
nfl,2023,401547536,2023-11-13T01:20Z,Las Vegas Raiders,New York Jets,LV,NYJ,5-5,4-5,16,12,TRUE,New York Jets,4-5,NA,NA,NA,NA,NA,NA,NA,NA,NA,NA,Las Vegas Raiders,5-5,New York Jets,4-5,0.4424,0.5576,0.7662,0.6948577394936049,0.30514226050639515,187,187,1,1,81,4015475361840,184000,NA,NA,NA,NA,NA,NA,NA,NA,NA,NA,FALSE,0,0,FALSE,0,0,FALSE
nfl,2023,401547537,2023-11-14T01:15Z,Buffalo Bills,Denver Broncos,BUF,DEN,5-5,4-5,22,24,FALSE,Buffalo Bills,5-5,NA,NA,NA,NA,NA,NA,NA,NA,NA,NA,Denver Broncos,4-5,Buffalo Bills,5-5,0.7877,0.7877,0.7877,0.7304811476450424,0.26951885235495765,188,188,1,1,1,4015475371,100,NA,NA,NA,NA,NA,NA,NA,NA,NA,NA,FALSE,0,0,FALSE,0,0,FALSE
nfl,2023,401547538,2023-11-17T01:15Z,Baltimore Ravens,Cincinnati Bengals,BAL,CIN,8-3,5-5,34,20,TRUE,Baltimore Ravens,8-3,NA,NA,NA,NA,NA,NA,NA,NA,NA,NA,Baltimore Ravens,8-3,Cincinnati Bengals,5-5,0.6496,0.6496,0.5579000000000001,0.37193045348628784,0.6280695465137122,182,182,1,1,68,4015475381569,156900,NA,NA,NA,NA,NA,NA,NA,NA,NA,NA,FALSE,0,0,FALSE,0,0,FALSE
nfl,2023,401547539,2023-11-19T18:00Z,Cleveland Browns,Pittsburgh Steelers,CLE,PIT,7-3,6-4,13,10,TRUE,Cleveland Browns,7-3,home,CLE,2.5,34,-142,120,-115,-105,1,nflreadr,Cleveland Browns,7-3,Pittsburgh Steelers,6-4,0.5302,0.5302,0.6298,0.41219434741187677,0.5878056525881232,193,193,1,1,173,4015475393884,388400,NA,NA,NA,NA,NA,NA,NA,NA,NA,NA,FALSE,0,0,FALSE,0,0,FALSE
nfl,2023,401547546,2023-11-19T18:00Z,Detroit Lions,Chicago Bears,DET,CHI,8-2,3-8,31,26,TRUE,Detroit Lions,8-2,home,DET,8,48,-440,340,-110,-110,1,nflreadr,Detroit Lions,8-2,Chicago Bears,3-8,0.6895,0.6895,0.9947,0.9946717603297477,0.0053282396702523105,189,189,1,1,156,4015475463563,356300,NA,NA,NA,NA,NA,NA,NA,NA,NA,NA,FALSE,0,0,FALSE,0,0,FALSE
nfl,2023,401547547,2023-11-19T18:00Z,Green Bay Packers,Los Angeles Chargers,GB,LAC,4-6,4-6,23,20,TRUE,Los Angeles Chargers,4-6,away,LAC,3,44,136,-162,-110,-110,1,nflreadr,Green Bay Packers,4-6,Los Angeles Chargers,4-6,0.3283,0.6717,0.8260000000000001,0.7893462469733656,0.21065375302663436,190,190,1,1,158,4015475473707,370700,NA,NA,NA,NA,NA,NA,NA,NA,NA,NA,FALSE,0,0,FALSE,0,0,FALSE
nfl,2023,401547542,2023-11-19T18:00Z,Miami Dolphins,Las Vegas Raiders,MIA,LV,7-3,5-6,20,13,TRUE,Miami Dolphins,7-3,home,MIA,14,44.5,-1100,700,-110,-110,1,nflreadr,Miami Dolphins,7-3,Las Vegas Raiders,5-6,0.9053,0.9053,0.29969999999999997,0.6840173506840173,0.31598264931598274,184,184,1,1,105,4015475422496,249600,NA,NA,NA,NA,NA,NA,NA,NA,NA,NA,FALSE,0,0,FALSE,0,0,FALSE
nfl,2023,401547548,2023-11-19T18:00Z,Washington Commanders,New York Giants,WSH,NYG,4-7,3-8,19,31,FALSE,Washington Commanders,4-7,NA,NA,NA,NA,NA,NA,NA,NA,NA,NA,New York Giants,3-8,Washington Commanders,4-7,0.7114,0.7114,0.7495,0.6657771847898599,0.3342228152101401,190,190,1,1,21,401547548440,44000,NA,NA,NA,NA,NA,NA,NA,NA,NA,NA,FALSE,0,0,FALSE,0,0,FALSE
nfl,2023,401547545,2023-11-19T18:00Z,Carolina Panthers,Dallas Cowboys,CAR,DAL,1-9,7-3,10,33,FALSE,Dallas Cowboys,7-3,away,DAL,11,43,470,-650,-110,-110,1,nflreadr,Dallas Cowboys,7-3,Carolina Panthers,1-9,0.1561,0.8439,0.2316,0.32599309153713296,0.674006908462867,186,186,1,1,13,401547545299,29900,NA,NA,NA,NA,NA,NA,NA,NA,NA,NA,FALSE,0,0,FALSE,0,0,FALSE
nfl,2023,401547541,2023-11-19T18:00Z,Jacksonville Jaguars,Tennessee Titans,JAX,TEN,7-3,3-7,34,14,TRUE,Jacksonville Jaguars,7-3,home,JAX,6.5,40,-290,235,-115,-105,1,nflreadr,Jacksonville Jaguars,7-3,Tennessee Titans,3-7,0.7011,0.7011,0.3579,0.16485051690416297,0.835149483095837,160,160,1,1,17,401547541368,36800,NA,NA,NA,NA,NA,NA,NA,NA,NA,NA,FALSE,0,0,FALSE,0,0,FALSE
nfl,2023,401547540,2023-11-19T18:00Z,Houston Texans,Arizona Cardinals,HOU,ARI,6-4,2-9,21,16,TRUE,Houston Texans,6-4,home,HOU,5.5,48,-250,205,-112,-108,1,nflreadr,Houston Texans,6-4,Arizona Cardinals,2-9,0.6765,0.6765,0.516,0.37306201550387597,0.626937984496124,170,170,1,1,7,401547540170,17000,NA,NA,NA,NA,NA,NA,NA,NA,NA,NA,FALSE,0,0,FALSE,0,0,FALSE
nfl,2023,401547549,2023-11-19T21:05Z,San Francisco 49ers,Tampa Bay Buccaneers,SF,TB,7-3,4-6,27,14,TRUE,San Francisco 49ers,7-3,home,SF,13.5,41.5,-950,625,-110,-110,1,nflreadr,San Francisco 49ers,7-3,Tampa Bay Buccaneers,4-6,0.8125,0.8125,0.28180000000000005,0.33463449254790645,0.6653655074520936,177,177,1,1,68,4015475491612,161200,NA,NA,NA,NA,NA,NA,NA,NA,NA,NA,FALSE,0,0,FALSE,0,0,FALSE
nfl,2023,401547543,2023-11-19T21:25Z,Buffalo Bills,New York Jets,BUF,NYJ,6-5,4-6,32,6,TRUE,Buffalo Bills,6-5,home,BUF,8,39.5,-395,310,-112,-108,1,nflreadr,Buffalo Bills,6-5,New York Jets,4-6,0.7966,0.7966,0.20340000000000005,1.1102230246251565e-16,0.9999999999999999,187,187,1,1,1,4015475431,100,NA,NA,NA,NA,NA,NA,NA,NA,NA,NA,FALSE,0,0,FALSE,0,0,FALSE
nfl,2023,401547544,2023-11-19T21:25Z,Los Angeles Rams,Seattle Seahawks,LAR,SEA,4-6,6-4,17,16,TRUE,Los Angeles Rams,4-6,NA,NA,NA,NA,NA,NA,NA,NA,NA,NA,Los Angeles Rams,4-6,Seattle Seahawks,6-4,0.5533,0.5533,0.9229,0.9164589879726948,0.08354101202730524,191,191,1,1,137,4015475443162,316200,NA,NA,NA,NA,NA,NA,NA,NA,NA,NA,FALSE,0,0,FALSE,0,0,FALSE
nfl,2023,401547550,2023-11-20T01:20Z,Denver Broncos,Minnesota Vikings,DEN,MIN,5-5,6-5,21,20,TRUE,Minnesota Vikings,6-5,NA,NA,NA,NA,NA,NA,NA,NA,NA,NA,Denver Broncos,5-5,Minnesota Vikings,6-5,0.4237,0.5763,0.8787,0.8619551610333447,0.13804483896665531,185,185,1,1,161,4015475503702,370200,NA,NA,NA,NA,NA,NA,NA,NA,NA,NA,FALSE,0,0,FALSE,0,0,FALSE
nfl,2023,401547345,2023-11-21T01:15Z,Kansas City Chiefs,Philadelphia Eagles,KC,PHI,7-3,9-1,17,21,FALSE,Kansas City Chiefs,7-3,NA,NA,NA,NA,NA,NA,NA,NA,NA,NA,Philadelphia Eagles,9-1,Kansas City Chiefs,7-3,0.6078,0.6078,0.8612,0.8388295401764978,0.1611704598235022,191,191,1,1,109,4015473452404,240400,NA,NA,NA,NA,NA,NA,NA,NA,NA,NA,FALSE,0,0,FALSE,0,0,FALSE
nfl,2023,401547552,2023-11-23T17:30Z,Detroit Lions,Green Bay Packers,DET,GB,8-3,5-6,22,29,FALSE,Detroit Lions,8-3,home,DET,8.5,47,-425,330,-115,-105,1,nflreadr,Green Bay Packers,5-6,Detroit Lions,8-3,0.6412,0.6412,0.6523,0.4669630538095968,0.5330369461904032,185,185,1,1,18,401547552435,43500,NA,NA,NA,NA,NA,NA,NA,NA,NA,NA,FALSE,0,0,FALSE,0,0,FALSE
nfl,2023,401547551,2023-11-23T21:30Z,Dallas Cowboys,Washington Commanders,DAL,WSH,8-3,4-8,45,10,TRUE,Dallas Cowboys,8-3,NA,NA,NA,NA,NA,NA,NA,NA,NA,NA,Dallas Cowboys,8-3,Washington Commanders,4-8,0.852,0.852,0.19489999999999996,0.24063622370446358,0.7593637762955364,180,180,1,1,22,401547551493,49300,NA,NA,NA,NA,NA,NA,NA,NA,NA,NA,FALSE,0,0,FALSE,0,0,FALSE
nfl,2023,401547553,2023-11-24T01:20Z,Seattle Seahawks,San Francisco 49ers,SEA,SF,6-5,8-3,13,31,FALSE,San Francisco 49ers,8-3,NA,NA,NA,NA,NA,NA,NA,NA,NA,NA,San Francisco 49ers,8-3,Seattle Seahawks,6-5,0.2662,0.7338,0.2753,0.03305484925535773,0.9669451507446423,177,177,1,1,5,401547553112,11200,NA,NA,NA,NA,NA,NA,NA,NA,NA,NA,FALSE,0,0,FALSE,0,0,FALSE
nfl,2023,401547242,2023-11-24T20:00Z,New York Jets,Miami Dolphins,NYJ,MIA,4-7,8-3,13,34,FALSE,Miami Dolphins,8-3,away,MIA,9.5,40,380,-500,100,-120,1,nflreadr,Miami Dolphins,8-3,New York Jets,4-7,0.1901,0.8099000000000001,0.2131,0.10793054903801069,0.8920694509619893,176,176,1,1,79,4015472421858,185800,NA,NA,NA,NA,NA,NA,NA,NA,NA,NA,FALSE,0,0,FALSE,0,0,FALSE
nfl,2023,401547559,2023-11-26T18:00Z,Atlanta Falcons,New Orleans Saints,ATL,NO,5-6,5-6,24,15,TRUE,New Orleans Saints,5-6,away,NO,2,42,110,-130,-110,-110,1,nflreadr,Atlanta Falcons,5-6,New Orleans Saints,5-6,0.4279,0.5721,0.716,0.6033519553072626,0.3966480446927374,186,186,1,1,36,401547559818,81800,NA,NA,NA,NA,NA,NA,NA,NA,NA,NA,FALSE,0,0,FALSE,0,0,FALSE
nfl,2023,401547554,2023-11-26T18:00Z,Cincinnati Bengals,Pittsburgh Steelers,CIN,PIT,5-6,7-4,10,16,FALSE,Pittsburgh Steelers,7-4,away,PIT,2,36,114,-135,-108,-112,1,nflreadr,Pittsburgh Steelers,7-4,Cincinnati Bengals,5-6,0.4832,0.5167999999999999,0.7436,0.6551909628832706,0.3448090371167294,167,167,1,1,97,4015475542170,217000,NA,NA,NA,NA,NA,NA,NA,NA,NA,NA,FALSE,0,0,FALSE,0,0,FALSE
nfl,2023,401547561,2023-11-26T18:00Z,Tennessee Titans,Carolina Panthers,TEN,CAR,4-7,1-10,17,10,TRUE,Tennessee Titans,4-7,home,TEN,3.5,36,-175,145,-105,-112,1,nflreadr,Tennessee Titans,4-7,Carolina Panthers,1-10,0.6145,0.6145,0.4762,0.19046619067618664,0.8095338093238134,178,178,1,1,10,401547561210,21000,NA,NA,NA,NA,NA,NA,NA,NA,NA,NA,FALSE,0,0,FALSE,0,0,FALSE
nfl,2023,401547556,2023-11-26T18:00Z,Indianapolis Colts,Tampa Bay Buccaneers,IND,TB,6-5,4-7,27,20,TRUE,Indianapolis Colts,6-5,home,IND,2.5,45,-155,130,-115,-105,1,nflreadr,Indianapolis Colts,6-5,Tampa Bay Buccaneers,4-7,0.5485,0.5485,0.5932999999999999,0.3145120512388335,0.6854879487611665,184,184,1,1,14,401547556324,32400,NA,NA,NA,NA,NA,NA,NA,NA,NA,NA,FALSE,0,0,FALSE,0,0,FALSE
nfl,2023,401547560,2023-11-26T18:00Z,New York Giants,New England Patriots,NYG,NE,4-8,2-9,10,7,TRUE,New England Patriots,2-9,away,NE,4.5,36.5,180,-218,-112,-108,1,nflreadr,New York Giants,4-8,New England Patriots,2-9,0.2692,0.7308,0.7745,0.7088444157520981,0.2911555842479019,171,171,1,1,25,401547560589,58900,NA,NA,NA,NA,NA,NA,NA,NA,NA,NA,FALSE,0,0,FALSE,0,0,FALSE
nfl,2023,401547555,2023-11-26T18:00Z,Houston Texans,Jacksonville Jaguars,HOU,JAX,6-5,8-3,21,24,FALSE,Jacksonville Jaguars,8-3,away,JAX,1,48,-105,-115,-110,-110,1,nflreadr,Jacksonville Jaguars,8-3,Houston Texans,6-5,0.4272,0.5728,0.5388,0.20712694877505555,0.7928730512249444,193,193,1,1,115,4015475552526,252600,NA,NA,NA,NA,NA,NA,NA,NA,NA,NA,FALSE,0,0,FALSE,0,0,FALSE
nfl,2023,401547563,2023-11-26T21:05Z,Denver Broncos,Cleveland Browns,DEN,CLE,6-5,7-4,29,12,TRUE,Cleveland Browns,7-4,home,DEN,1.5,37.5,-125,105,-110,-110,1,nflreadr,Denver Broncos,6-5,Cleveland Browns,7-4,0.4712,0.5287999999999999,0.5287999999999999,0.10892586989409958,0.8910741301059004,199,199,1,1,1,4015475631,100,NA,NA,NA,NA,NA,NA,NA,NA,NA,NA,FALSE,0,0,FALSE,0,0,FALSE
nfl,2023,401547562,2023-11-26T21:05Z,Arizona Cardinals,Los Angeles Rams,ARI,LAR,2-10,5-6,14,37,FALSE,Los Angeles Rams,5-6,NA,NA,NA,NA,NA,NA,NA,NA,NA,NA,Los Angeles Rams,5-6,Arizona Cardinals,2-10,0.3373,0.6627000000000001,0.4462,0.24406095921111626,0.7559390407888837,186,186,1,1,27,401547562686,68600,NA,NA,NA,NA,NA,NA,NA,NA,NA,NA,FALSE,0,0,FALSE,0,0,FALSE
nfl,2023,401547557,2023-11-26T21:25Z,Las Vegas Raiders,Kansas City Chiefs,LV,KC,5-7,8-3,17,31,FALSE,Kansas City Chiefs,8-3,away,KC,9,42.5,380,-500,-110,-110,1,nflreadr,Kansas City Chiefs,8-3,Las Vegas Raiders,5-7,0.152,0.848,0.6277,0.7578461048271468,0.24215389517285324,164,164,1,1,43,401547557994,99400,NA,NA,NA,NA,NA,NA,NA,NA,NA,NA,FALSE,0,0,FALSE,0,0,FALSE
nfl,2023,401547558,2023-11-26T21:25Z,Philadelphia Eagles,Buffalo Bills,PHI,BUF,10-1,6-6,37,34,TRUE,Buffalo Bills,6-6,home,PHI,2.5,49,-148,124,-115,-105,1,nflreadr,Philadelphia Eagles,10-1,Buffalo Bills,6-6,0.4576,0.5424,0.9645,0.9631933644375323,0.03680663556246766,225,225,1,1,196,4015475584632,463200,NA,NA,NA,NA,NA,NA,NA,NA,NA,NA,FALSE,0,0,FALSE,0,0,FALSE
nfl,2023,401547564,2023-11-27T01:20Z,Los Angeles Chargers,Baltimore Ravens,LAC,BAL,4-7,9-3,10,20,FALSE,Baltimore Ravens,9-3,NA,NA,NA,NA,NA,NA,NA,NA,NA,NA,Baltimore Ravens,9-3,Los Angeles Chargers,4-7,0.4421,0.5579000000000001,0.55,0.19618181818181835,0.8038181818181817,190,190,1,1,10,401547564235,23500,NA,NA,NA,NA,NA,NA,NA,NA,NA,NA,FALSE,0,0,FALSE,0,0,FALSE
nfl,2023,401547565,2023-11-28T01:15Z,Minnesota Vikings,Chicago Bears,MIN,CHI,6-6,4-8,10,12,FALSE,Minnesota Vikings,6-6,NA,NA,NA,NA,NA,NA,NA,NA,NA,NA,Chicago Bears,4-8,Minnesota Vikings,6-6,0.6207,0.6207,0.8036,0.7555998008959681,0.24440019910403188,173,173,1,1,148,4015475653489,348900,NA,NA,NA,NA,NA,NA,NA,NA,NA,NA,FALSE,0,0,FALSE,0,0,FALSE
nfl,2023,401547566,2023-12-01T01:15Z,Dallas Cowboys,Seattle Seahawks,DAL,SEA,9-3,6-6,41,35,TRUE,Dallas Cowboys,9-3,NA,NA,NA,NA,NA,NA,NA,NA,NA,NA,Dallas Cowboys,9-3,Seattle Seahawks,6-6,0.7955,0.7955,0.785,0.7394904458598726,0.26050955414012744,208,208,1,1,169,4015475664208,420800,NA,NA,NA,NA,NA,NA,NA,NA,NA,NA,FALSE,0,0,FALSE,0,0,FALSE
nfl,2023,401547570,2023-12-03T18:00Z,Tennessee Titans,Indianapolis Colts,TEN,IND,4-8,7-5,28,31,FALSE,Indianapolis Colts,7-5,away,IND,1.5,42,102,-122,-110,-110,1,nflreadr,Indianapolis Colts,7-5,Tennessee Titans,4-8,0.4249,0.5751,0.7906,0.7351378699721729,0.2648621300278271,221,221,1,1,191,4015475704440,444000,NA,NA,NA,NA,NA,NA,NA,NA,NA,NA,FALSE,0,0,FALSE,0,0,FALSE
nfl,2023,401547567,2023-12-03T18:00Z,New England Patriots,Los Angeles Chargers,NE,LAC,2-10,5-7,0,6,FALSE,Los Angeles Chargers,5-7,away,LAC,4.5,38.5,185,-225,-110,-110,1,nflreadr,Los Angeles Chargers,5-7,New England Patriots,2-10,0.3248,0.6752,0.4051,0.19822266107134046,0.8017773389286595,178,178,1,1,25,401547567538,53800,NA,NA,NA,NA,NA,NA,NA,NA,NA,NA,FALSE,0,0,FALSE,0,0,FALSE
nfl,2023,401547572,2023-12-03T18:00Z,New Orleans Saints,Detroit Lions,NO,DET,5-7,9-3,28,33,FALSE,Detroit Lions,9-3,away,DET,4,47.5,164,-198,-110,-110,1,nflreadr,Detroit Lions,9-3,New Orleans Saints,5-7,0.4359,0.5641,0.4751,0.08250894548516119,0.9174910545148388,178,178,1,1,5,401547572118,11800,NA,NA,NA,NA,NA,NA,NA,NA,NA,NA,FALSE,0,0,FALSE,0,0,FALSE
nfl,2023,401547573,2023-12-03T18:00Z,New York Jets,Atlanta Falcons,NYJ,ATL,4-8,6-6,8,13,FALSE,Atlanta Falcons,6-6,away,ATL,2,33,105,-125,-112,-108,1,nflreadr,Atlanta Falcons,6-6,New York Jets,4-8,0.4299,0.5701,0.5998,0.3327775925308436,0.6672224074691564,196,196,1,1,37,401547573775,77500,NA,NA,NA,NA,NA,NA,NA,NA,NA,NA,FALSE,0,0,FALSE,0,0,FALSE
nfl,2023,401547568,2023-12-03T18:00Z,Pittsburgh Steelers,Arizona Cardinals,PIT,ARI,7-5,3-10,10,24,FALSE,Pittsburgh Steelers,7-5,home,PIT,6,41,-285,230,-115,-105,1,nflreadr,Arizona Cardinals,3-10,Pittsburgh Steelers,7-5,0.7183,0.7183,0.7836,0.7238386932108218,0.27616130678917816,177,177,1,1,5,401547568122,12200,NA,NA,NA,NA,NA,NA,NA,NA,NA,NA,FALSE,0,0,FALSE,0,0,FALSE
nfl,2023,401547574,2023-12-03T18:00Z,Washington Commanders,Miami Dolphins,WSH,MIA,4-9,9-3,15,45,FALSE,Miami Dolphins,9-3,NA,NA,NA,NA,NA,NA,NA,NA,NA,NA,Miami Dolphins,9-3,Washington Commanders,4-9,0.1957,0.8043,0.2254,0.13176574977817213,0.8682342502218279,159,159,1,1,7,401547574217,21700,NA,NA,NA,NA,NA,NA,NA,NA,NA,NA,FALSE,0,0,FALSE,0,0,FALSE
nfl,2023,401547571,2023-12-03T18:00Z,Houston Texans,Denver Broncos,HOU,DEN,7-5,6-6,22,17,TRUE,Houston Texans,7-5,home,HOU,3.5,47.5,-170,142,102,-122,1,nflreadr,Houston Texans,7-5,Denver Broncos,6-6,0.5464,0.5464,0.6542,0.47141546927545086,0.5285845307245491,188,188,1,1,182,4015475713946,394600,NA,NA,NA,NA,NA,NA,NA,NA,NA,NA,FALSE,0,0,FALSE,0,0,FALSE
nfl,2023,401547569,2023-12-03T21:05Z,Tampa Bay Buccaneers,Carolina Panthers,TB,CAR,5-7,1-11,21,18,TRUE,Tampa Bay Buccaneers,5-7,home,TB,4,37,-198,164,-110,-110,1,nflreadr,Tampa Bay Buccaneers,5-7,Carolina Panthers,1-11,0.7134,0.7134,0.5245,0.4535748331744519,0.5464251668255481,183,183,1,1,124,4015475692840,284000,NA,NA,NA,NA,NA,NA,NA,NA,NA,NA,FALSE,0,0,FALSE,0,0,FALSE
nfl,2023,401547575,2023-12-03T21:25Z,Los Angeles Rams,Cleveland Browns,LAR,CLE,6-6,7-5,36,19,TRUE,Los Angeles Rams,6-6,NA,NA,NA,NA,NA,NA,NA,NA,NA,NA,Los Angeles Rams,6-6,Cleveland Browns,7-5,0.5953,0.5953,0.6022000000000001,0.3394221188973765,0.6605778811026235,193,193,1,1,12,401547575286,28600,NA,NA,NA,NA,NA,NA,NA,NA,NA,NA,FALSE,0,0,FALSE,0,0,FALSE
nfl,2023,401547276,2023-12-03T21:25Z,Philadelphia Eagles,San Francisco 49ers,PHI,SF,10-2,9-3,19,42,FALSE,San Francisco 49ers,9-3,away,SF,3,46.5,124,-148,-115,-105,1,nflreadr,San Francisco 49ers,9-3,Philadelphia Eagles,10-2,0.4436,0.5564,0.6348,0.424700693131695,0.575299306868305,178,178,1,1,39,401547276876,87600,NA,NA,NA,NA,NA,NA,NA,NA,NA,NA,FALSE,0,0,FALSE,0,0,FALSE
nfl,2023,401547576,2023-12-04T01:20Z,Green Bay Packers,Kansas City Chiefs,GB,KC,6-6,8-4,27,19,TRUE,Kansas City Chiefs,8-4,NA,NA,NA,NA,NA,NA,NA,NA,NA,NA,Green Bay Packers,6-6,Kansas City Chiefs,8-4,0.2825,0.7175,0.7289,0.6280696940595418,0.3719303059404582,179,179,1,1,3,40154757655,5500,NA,NA,NA,NA,NA,NA,NA,NA,NA,NA,FALSE,0,0,FALSE,0,0,FALSE
nfl,2023,401547577,2023-12-05T01:15Z,Jacksonville Jaguars,Cincinnati Bengals,JAX,CIN,8-4,6-6,31,34,FALSE,Jacksonville Jaguars,8-4,NA,NA,NA,NA,NA,NA,NA,NA,NA,NA,Cincinnati Bengals,6-6,Jacksonville Jaguars,8-4,0.665,0.665,0.8429,0.8136196464586547,0.1863803535413453,209,209,1,1,116,4015475772667,266700,NA,NA,NA,NA,NA,NA,NA,NA,NA,NA,FALSE,0,0,FALSE,0,0,FALSE
nfl,2023,401547578,2023-12-08T01:15Z,Pittsburgh Steelers,New England Patriots,PIT,NE,7-6,3-10,18,21,FALSE,Pittsburgh Steelers,7-6,NA,NA,NA,NA,NA,NA,NA,NA,NA,NA,New England Patriots,3-10,Pittsburgh Steelers,7-6,0.6489,0.6489,0.6646,0.49533554017454096,0.504664459825459,181,181,1,1,3,40154757857,5700,NA,NA,NA,NA,NA,NA,NA,NA,NA,NA,FALSE,0,0,FALSE,0,0,FALSE
nfl,2023,401547579,2023-12-10T18:00Z,Atlanta Falcons,Tampa Bay Buccaneers,ATL,TB,6-7,6-7,25,29,FALSE,Tampa Bay Buccaneers,6-7,home,ATL,1.5,41.5,-125,105,-112,-108,1,nflreadr,Tampa Bay Buccaneers,6-7,Atlanta Falcons,6-7,0.4869,0.5131,0.7734,0.7070080165502974,0.29299198344970256,197,197,1,1,184,4015475794142,414200,NA,NA,NA,NA,NA,NA,NA,NA,NA,NA,FALSE,0,0,FALSE,0,0,FALSE
nfl,2023,401547586,2023-12-10T18:00Z,Chicago Bears,Detroit Lions,CHI,DET,5-8,9-4,28,13,TRUE,Detroit Lions,9-4,away,DET,3,44.5,142,-170,100,-120,1,nflreadr,Chicago Bears,5-8,Detroit Lions,9-4,0.3804,0.6195999999999999,0.7153,0.6019851810429191,0.3980148189570809,186,186,1,1,87,4015475861969,196900,NA,NA,NA,NA,NA,NA,NA,NA,NA,NA,FALSE,0,0,FALSE,0,0,FALSE
nfl,2023,401547580,2023-12-10T18:00Z,Cincinnati Bengals,Indianapolis Colts,CIN,IND,7-6,7-6,34,14,TRUE,Cincinnati Bengals,7-6,home,CIN,3,45,-148,124,-102,-118,1,nflreadr,Cincinnati Bengals,7-6,Indianapolis Colts,7-6,0.5354,0.5354,0.4892,0.050286181520850404,0.9497138184791496,179,179,1,1,79,4015475801794,179400,NA,NA,NA,NA,NA,NA,NA,NA,NA,NA,FALSE,0,0,FALSE,0,0,FALSE
nfl,2023,401547581,2023-12-10T18:00Z,Cleveland Browns,Jacksonville Jaguars,CLE,JAX,8-5,8-5,31,27,TRUE,Jacksonville Jaguars,8-5,home,CLE,2.5,37.5,-142,120,-112,-108,1,nflreadr,Cleveland Browns,8-5,Jacksonville Jaguars,8-5,0.4353,0.5647,0.5800000000000001,0.27586206896551735,0.7241379310344827,221,221,1,1,3,40154758156,5600,NA,NA,NA,NA,NA,NA,NA,NA,NA,NA,FALSE,0,0,FALSE,0,0,FALSE
nfl,2023,401547587,2023-12-10T18:00Z,New Orleans Saints,Carolina Panthers,NO,CAR,6-7,1-12,28,6,TRUE,New Orleans Saints,6-7,home,NO,5.5,39,-245,200,-110,-110,1,nflreadr,New Orleans Saints,6-7,Carolina Panthers,1-12,0.7425,0.7425,0.3086,0.16558651976668837,0.8344134802333116,180,180,1,1,23,401547587500,50000,NA,NA,NA,NA,NA,NA,NA,NA,NA,NA,FALSE,0,0,FALSE,0,0,FALSE
nfl,2023,401547582,2023-12-10T18:00Z,New York Jets,Houston Texans,NYJ,HOU,5-8,7-6,30,6,TRUE,Houston Texans,7-6,away,HOU,3.5,33.5,145,-175,-112,-108,1,nflreadr,New York Jets,5-8,Houston Texans,7-6,0.4191,0.5809,0.5958,0.32158442430345757,0.6784155756965424,179,179,1,1,4,40154758277,7700,NA,NA,NA,NA,NA,NA,NA,NA,NA,NA,FALSE,0,0,FALSE,0,0,FALSE
nfl,2023,401547585,2023-12-10T18:00Z,Baltimore Ravens,Los Angeles Rams,BAL,LAR,10-3,6-7,37,31,TRUE,Baltimore Ravens,10-3,NA,NA,NA,NA,NA,NA,NA,NA,NA,NA,Baltimore Ravens,10-3,Los Angeles Rams,6-7,0.743,0.743,0.8106,0.766345916604984,0.23365408339501603,217,217,1,1,175,4015475853960,396000,NA,NA,NA,NA,NA,NA,NA,NA,NA,NA,FALSE,0,0,FALSE,0,0,FALSE
nfl,2023,401547588,2023-12-10T21:05Z,Las Vegas Raiders,Minnesota Vikings,LV,MIN,5-8,7-6,0,3,FALSE,Minnesota Vikings,7-6,away,MIN,3,40.5,130,-155,-112,-108,1,nflreadr,Minnesota Vikings,7-6,Las Vegas Raiders,5-8,0.367,0.633,0.6034,0.3917799138216772,0.6082200861783228,184,184,1,1,100,4015475882173,217300,NA,NA,NA,NA,NA,NA,NA,NA,NA,NA,FALSE,0,0,FALSE,0,0,FALSE
nfl,2023,401547589,2023-12-10T21:05Z,San Francisco 49ers,Seattle Seahawks,SF,SEA,10-3,6-7,28,16,TRUE,San Francisco 49ers,10-3,home,SF,14.5,44.5,-1000,650,-110,-110,1,nflreadr,San Francisco 49ers,10-3,Seattle Seahawks,6-7,0.8132,0.8132,0.403,0.5364764267990075,0.46352357320099247,163,163,1,1,51,4015475891159,115900,NA,NA,NA,NA,NA,NA,NA,NA,NA,NA,FALSE,0,0,FALSE,0,0,FALSE
nfl,2023,401547583,2023-12-10T21:25Z,Kansas City Chiefs,Buffalo Bills,KC,BUF,8-5,7-6,17,20,FALSE,Buffalo Bills,7-6,home,KC,2,49.5,-125,105,-110,-110,1,nflreadr,Buffalo Bills,7-6,Kansas City Chiefs,8-5,0.4521,0.5479,0.8998,0.8886419204267615,0.11135807957323851,189,189,1,1,182,4015475834450,445000,NA,NA,NA,NA,NA,NA,NA,NA,NA,NA,FALSE,0,0,FALSE,0,0,FALSE
nfl,2023,401547584,2023-12-10T21:25Z,Los Angeles Chargers,Denver Broncos,LAC,DEN,5-8,7-6,7,24,FALSE,Los Angeles Chargers,5-8,home,LAC,3,45,-162,136,-108,-112,1,nflreadr,Denver Broncos,7-6,Los Angeles Chargers,5-8,0.6874,0.6874,0.7335,0.6366734832992502,0.3633265167007498,183,183,1,1,10,401547584275,27500,NA,NA,NA,NA,NA,NA,NA,NA,NA,NA,FALSE,0,0,FALSE,0,0,FALSE
nfl,2023,401547590,2023-12-11T01:20Z,Dallas Cowboys,Philadelphia Eagles,DAL,PHI,10-3,10-3,33,13,TRUE,Dallas Cowboys,10-3,NA,NA,NA,NA,NA,NA,NA,NA,NA,NA,Dallas Cowboys,10-3,Philadelphia Eagles,10-3,0.6537,0.6537,0.3673999999999999,0.05743059335873668,0.9425694066412633,185,185,1,1,4,40154759089,8900,NA,NA,NA,NA,NA,NA,NA,NA,NA,NA,FALSE,0,0,FALSE,0,0,FALSE
nfl,2023,401547592,2023-12-12T01:15Z,Miami Dolphins,Tennessee Titans,MIA,TEN,9-4,5-8,27,28,FALSE,Miami Dolphins,9-4,NA,NA,NA,NA,NA,NA,NA,NA,NA,NA,Tennessee Titans,5-8,Miami Dolphins,9-4,0.8571,0.8571,0.9965,0.9964877069744105,0.00351229302558953,202,202,1,1,171,4015475924115,411500,NA,NA,NA,NA,NA,NA,NA,NA,NA,NA,FALSE,0,0,FALSE,0,0,FALSE
nfl,2023,401547591,2023-12-12T01:15Z,New York Giants,Green Bay Packers,NYG,GB,5-8,6-7,24,22,TRUE,Green Bay Packers,6-7,NA,NA,NA,NA,NA,NA,NA,NA,NA,NA,New York Giants,5-8,Green Bay Packers,6-7,0.2747,0.7253000000000001,0.8299,0.7950355464513796,0.20496445354862036,181,181,1,1,40,401547591928,92800,NA,NA,NA,NA,NA,NA,NA,NA,NA,NA,FALSE,0,0,FALSE,0,0,FALSE
nfl,2023,401547593,2023-12-15T01:15Z,Las Vegas Raiders,Los Angeles Chargers,LV,LAC,6-8,5-9,63,21,TRUE,Los Angeles Chargers,5-9,NA,NA,NA,NA,NA,NA,NA,NA,NA,NA,Las Vegas Raiders,6-8,Los Angeles Chargers,5-9,0.4275,0.5725,0.5725,0.2532751091703056,0.7467248908296944,187,187,1,1,1,4015475931,100,NA,NA,NA,NA,NA,NA,NA,NA,NA,NA,FALSE,0,0,FALSE,0,0,FALSE
nfl,2023,401547604,2023-12-16T18:00Z,Cincinnati Bengals,Minnesota Vikings,CIN,MIN,8-6,7-7,27,24,TRUE,Cincinnati Bengals,8-6,home,CIN,3,41.5,-175,145,-115,-105,1,nflreadr,Cincinnati Bengals,8-6,Minnesota Vikings,7-7,0.5674,0.5674,0.9321,0.9271537388692201,0.07284626113077985,193,193,1,1,114,4015476042661,266100,NA,NA,NA,NA,NA,NA,NA,NA,NA,NA,FALSE,0,0,FALSE,0,0,FALSE
nfl,2023,401547607,2023-12-16T21:30Z,Indianapolis Colts,Pittsburgh Steelers,IND,PIT,8-6,7-7,30,13,TRUE,Pittsburgh Steelers,7-7,home,IND,1.5,41.5,-122,102,-110,-110,1,nflreadr,Indianapolis Colts,8-6,Pittsburgh Steelers,7-7,0.4374,0.5626,0.8549,0.8302725464966663,0.16972745350333374,175,175,1,1,38,4015476071003,100300,NA,NA,NA,NA,NA,NA,NA,NA,NA,NA,FALSE,0,0,FALSE,0,0,FALSE
nfl,2023,401547606,2023-12-17T01:15Z,Detroit Lions,Denver Broncos,DET,DEN,10-4,7-7,42,17,TRUE,Detroit Lions,10-4,NA,NA,NA,NA,NA,NA,NA,NA,NA,NA,Detroit Lions,10-4,Denver Broncos,7-7,0.5945,0.5945,0.5402,0.24935209181784534,0.7506479081821547,180,180,1,1,11,401547606248,24800,NA,NA,NA,NA,NA,NA,NA,NA,NA,NA,FALSE,0,0,FALSE,0,0,FALSE
nfl,2023,401547605,2023-12-17T18:00Z,Cleveland Browns,Chicago Bears,CLE,CHI,9-5,5-9,20,17,TRUE,Cleveland Browns,9-5,home,CLE,3,38,-148,124,100,-120,1,nflreadr,Cleveland Browns,9-5,Chicago Bears,5-9,0.5717,0.5717,0.9131,0.9048297010185085,0.09517029898149154,207,207,1,1,144,4015476053482,348200,NA,NA,NA,NA,NA,NA,NA,NA,NA,NA,FALSE,0,0,FALSE,0,0,FALSE
nfl,2023,401547598,2023-12-17T18:00Z,Green Bay Packers,Tampa Bay Buccaneers,GB,TB,6-8,7-7,20,34,FALSE,Green Bay Packers,6-8,home,GB,4,41.5,-218,180,-110,-110,1,nflreadr,Tampa Bay Buccaneers,7-7,Green Bay Packers,6-8,0.5633,0.5633,0.7064,0.5843714609286523,0.41562853907134767,172,172,1,1,31,401547598686,68600,NA,NA,NA,NA,NA,NA,NA,NA,NA,NA,FALSE,0,0,FALSE,0,0,FALSE
nfl,2023,401547595,2023-12-17T18:00Z,Tennessee Titans,Houston Texans,TEN,HOU,5-9,8-6,16,19,FALSE,Houston Texans,8-6,home,TEN,3,38,-170,142,-120,100,1,nflreadr,Houston Texans,8-6,Tennessee Titans,5-9,0.4793,0.5206999999999999,0.8662,0.8455322096513507,0.15446779034864933,203,203,1,1,134,4015475953096,309600,NA,NA,NA,NA,NA,NA,NA,NA,NA,NA,FALSE,0,0,FALSE,0,0,FALSE
nfl,2023,401547594,2023-12-17T18:00Z,Miami Dolphins,New York Jets,MIA,NYJ,10-4,5-9,30,0,TRUE,Miami Dolphins,10-4,home,MIA,7.5,36,-345,275,-105,-115,1,nflreadr,Miami Dolphins,10-4,New York Jets,5-9,0.8039,0.8039,0.25239999999999996,0.22305863708399332,0.7769413629160067,173,173,1,1,13,401547594277,27700,NA,NA,NA,NA,NA,NA,NA,NA,NA,NA,FALSE,0,0,FALSE,0,0,FALSE
nfl,2023,401547608,2023-12-17T18:00Z,New England Patriots,Kansas City Chiefs,NE,KC,3-11,9-5,17,27,FALSE,Kansas City Chiefs,9-5,away,KC,10,39.5,370,-485,-108,-112,1,nflreadr,Kansas City Chiefs,9-5,New England Patriots,3-11,0.2173,0.7827,0.4423,0.5087044992086818,0.49129550079131823,171,171,1,1,58,4015476081408,140800,NA,NA,NA,NA,NA,NA,NA,NA,NA,NA,FALSE,0,0,FALSE,0,0,FALSE
nfl,2023,401547599,2023-12-17T18:00Z,New Orleans Saints,New York Giants,NO,NYG,7-7,5-9,24,6,TRUE,New Orleans Saints,7-7,home,NO,6,39.5,-250,205,-112,-108,1,nflreadr,New Orleans Saints,7-7,New York Giants,5-9,0.7956,0.7956,0.31220000000000003,0.3452914798206278,0.6547085201793722,177,177,1,1,98,4015475992160,216000,NA,NA,NA,NA,NA,NA,NA,NA,NA,NA,FALSE,0,0,FALSE,0,0,FALSE
nfl,2023,401547603,2023-12-17T18:00Z,Carolina Panthers,Atlanta Falcons,CAR,ATL,2-12,6-8,9,7,TRUE,Atlanta Falcons,6-8,away,ATL,3,32,130,-155,-118,-102,1,nflreadr,Carolina Panthers,2-12,Atlanta Falcons,6-8,0.3345,0.6655,0.7733,0.70684081210397,0.29315918789603,168,168,1,1,141,4015476033178,317800,NA,NA,NA,NA,NA,NA,NA,NA,NA,NA,FALSE,0,0,FALSE,0,0,FALSE
nfl,2023,401547597,2023-12-17T21:05Z,Los Angeles Rams,Washington Commanders,LAR,WSH,7-7,4-10,28,20,TRUE,Los Angeles Rams,7-7,NA,NA,NA,NA,NA,NA,NA,NA,NA,NA,Los Angeles Rams,7-7,Washington Commanders,4-10,0.7557,0.7557,0.29090000000000005,0.16019250601581325,0.8398074939841867,187,187,1,1,30,401547597699,69900,NA,NA,NA,NA,NA,NA,NA,NA,NA,NA,FALSE,0,0,FALSE,0,0,FALSE
nfl,2023,401547596,2023-12-17T21:05Z,Arizona Cardinals,San Francisco 49ers,ARI,SF,3-11,11-3,29,45,FALSE,San Francisco 49ers,11-3,away,SF,12.5,48,525,-750,-110,-110,1,nflreadr,San Francisco 49ers,11-3,Arizona Cardinals,3-11,0.1485,0.8515,0.2967,0.4994944388270982,0.5005055611729018,181,181,1,1,12,401547596287,28700,NA,NA,NA,NA,NA,NA,NA,NA,NA,NA,FALSE,0,0,FALSE,0,0,FALSE
nfl,2023,401547600,2023-12-17T21:25Z,Buffalo Bills,Dallas Cowboys,BUF,DAL,8-6,10-4,31,10,TRUE,Dallas Cowboys,10-4,home,BUF,2,49.5,-135,114,-112,-108,1,nflreadr,Buffalo Bills,8-6,Dallas Cowboys,10-4,0.4984,0.5016,0.5287,0.10856818611689034,0.8914318138831097,169,169,1,1,4,40154760081,8100,NA,NA,NA,NA,NA,NA,NA,NA,NA,NA,FALSE,0,0,FALSE,0,0,FALSE
nfl,2023,401547602,2023-12-18T01:20Z,Jacksonville Jaguars,Baltimore Ravens,JAX,BAL,8-6,11-3,7,23,FALSE,Baltimore Ravens,11-3,NA,NA,NA,NA,NA,NA,NA,NA,NA,NA,Baltimore Ravens,11-3,Jacksonville Jaguars,8-6,0.363,0.637,0.5181,0.2993630573248408,0.7006369426751592,187,187,1,1,119,4015476022678,267800,NA,NA,NA,NA,NA,NA,NA,NA,NA,NA,FALSE,0,0,FALSE,0,0,FALSE
nfl,2023,401547601,2023-12-19T01:15Z,Seattle Seahawks,Philadelphia Eagles,SEA,PHI,7-7,10-4,20,17,TRUE,Philadelphia Eagles,10-4,NA,NA,NA,NA,NA,NA,NA,NA,NA,NA,Seattle Seahawks,7-7,Philadelphia Eagles,10-4,0.3288,0.6712,0.9321,0.9271537388692201,0.07284626113077985,185,185,1,1,169,4015476013737,373700,NA,NA,NA,NA,NA,NA,NA,NA,NA,NA,FALSE,0,0,FALSE,0,0,FALSE
nfl,2023,401547609,2023-12-22T01:15Z,Los Angeles Rams,New Orleans Saints,LAR,NO,8-7,7-8,30,22,TRUE,Los Angeles Rams,8-7,NA,NA,NA,NA,NA,NA,NA,NA,NA,NA,Los Angeles Rams,8-7,New Orleans Saints,7-8,0.6031,0.6031,0.4548,0.12730870712401043,0.8726912928759896,179,179,1,1,7,401547609161,16100,NA,NA,NA,NA,NA,NA,NA,NA,NA,NA,FALSE,0,0,FALSE,0,0,FALSE
nfl,2023,401547610,2023-12-23T21:30Z,Pittsburgh Steelers,Cincinnati Bengals,PIT,CIN,8-7,8-7,34,11,TRUE,Cincinnati Bengals,8-7,away,CIN,3,39.5,130,-155,-115,-105,1,nflreadr,Pittsburgh Steelers,8-7,Cincinnati Bengals,8-7,0.3872,0.6128,0.6244000000000001,0.39846252402306237,0.6015374759769376,167,167,1,1,5,401547610102,10200,NA,NA,NA,NA,NA,NA,NA,NA,NA,NA,FALSE,0,0,FALSE,0,0,FALSE
nfl,2023,401547611,2023-12-24T01:00Z,Los Angeles Chargers,Buffalo Bills,LAC,BUF,5-10,9-6,22,24,FALSE,Buffalo Bills,9-6,NA,NA,NA,NA,NA,NA,NA,NA,NA,NA,Buffalo Bills,9-6,Los Angeles Chargers,5-10,0.1827,0.8173,0.5831,0.6866746698679471,0.3133253301320529,178,178,1,1,51,4015476111259,125900,NA,NA,NA,NA,NA,NA,NA,NA,NA,NA,FALSE,0,0,FALSE,0,0,FALSE
nfl,2023,401547616,2023-12-24T18:00Z,Atlanta Falcons,Indianapolis Colts,ATL,IND,7-8,8-7,29,10,TRUE,Atlanta Falcons,7-8,home,ATL,3,44,-155,130,-105,-115,1,nflreadr,Atlanta Falcons,7-8,Indianapolis Colts,8-7,0.5097,0.5097,0.6772,0.5233313644418194,0.4766686355581806,191,191,1,1,17,401547616398,39800,NA,NA,NA,NA,NA,NA,NA,NA,NA,NA,FALSE,0,0,FALSE,0,0,FALSE
nfl,2023,401547614,2023-12-24T18:00Z,Tennessee Titans,Seattle Seahawks,TEN,SEA,5-10,8-7,17,20,FALSE,Tennessee Titans,5-10,away,SEA,3,42,140,-166,-110,-110,1,nflreadr,Seattle Seahawks,8-7,Tennessee Titans,5-10,0.5199,0.5199,0.8765,0.859098687963491,0.14090131203650902,178,178,1,1,150,4015476143617,361700,NA,NA,NA,NA,NA,NA,NA,NA,NA,NA,FALSE,0,0,FALSE,0,0,FALSE
nfl,2023,401547618,2023-12-24T18:00Z,Minnesota Vikings,Detroit Lions,MIN,DET,7-8,11-4,24,30,FALSE,Detroit Lions,11-4,away,DET,2.5,47.5,124,-148,105,-125,1,nflreadr,Detroit Lions,11-4,Minnesota Vikings,7-8,0.3914,0.6086,0.6273,0.40586641160529235,0.5941335883947076,190,190,1,1,103,4015476182519,251900,NA,NA,NA,NA,NA,NA,NA,NA,NA,NA,FALSE,0,0,FALSE,0,0,FALSE
nfl,2023,401547613,2023-12-24T18:00Z,New York Jets,Washington Commanders,NYJ,WSH,6-9,4-11,30,28,TRUE,New York Jets,6-9,NA,NA,NA,NA,NA,NA,NA,NA,NA,NA,New York Jets,6-9,Washington Commanders,4-11,0.5163,0.5163,0.7787,0.715808398613073,0.284191601386927,216,216,1,1,212,4015476134951,495100,NA,NA,NA,NA,NA,NA,NA,NA,NA,NA,FALSE,0,0,FALSE,0,0,FALSE
nfl,2023,401547617,2023-12-24T18:00Z,Carolina Panthers,Green Bay Packers,CAR,GB,2-13,7-8,30,33,FALSE,Green Bay Packers,7-8,away,GB,3.5,39.5,164,-198,-108,-112,1,nflreadr,Green Bay Packers,7-8,Carolina Panthers,2-13,0.304,0.696,0.4804,0.36719400499583665,0.6328059950041633,186,186,1,1,170,4015476174043,404300,NA,NA,NA,NA,NA,NA,NA,NA,NA,NA,FALSE,0,0,FALSE,0,0,FALSE
nfl,2023,401547612,2023-12-24T18:00Z,Houston Texans,Cleveland Browns,HOU,CLE,8-7,10-5,22,36,FALSE,Cleveland Browns,10-5,away,CLE,3,40,136,-162,-110,-110,1,nflreadr,Cleveland Browns,10-5,Houston Texans,8-7,0.4533,0.5467,0.4533,0,1,207,207,1,1,1,4015476121,100,NA,NA,NA,NA,NA,NA,NA,NA,NA,NA,FALSE,0,0,FALSE,0,0,FALSE
nfl,2023,401547615,2023-12-24T21:05Z,Tampa Bay Buccaneers,Jacksonville Jaguars,TB,JAX,8-7,8-7,30,12,TRUE,Jacksonville Jaguars,8-7,away,JAX,2,43,105,-125,-110,-110,1,nflreadr,Tampa Bay Buccaneers,8-7,Jacksonville Jaguars,8-7,0.4231,0.5769,0.608,0.3552631578947367,0.6447368421052633,184,184,1,1,4,40154761580,8000,NA,NA,NA,NA,NA,NA,NA,NA,NA,NA,FALSE,0,0,FALSE,0,0,FALSE
nfl,2023,401547619,2023-12-24T21:25Z,Chicago Bears,Arizona Cardinals,CHI,ARI,6-9,3-12,27,16,TRUE,Chicago Bears,6-9,home,CHI,4.5,42,-218,180,-110,-110,1,nflreadr,Chicago Bears,6-9,Arizona Cardinals,3-12,0.62,0.62,0.4245,0.10482921083627794,0.8951707891637221,188,188,1,1,12,401547619244,24400,NA,NA,NA,NA,NA,NA,NA,NA,NA,NA,FALSE,0,0,FALSE,0,0,FALSE
nfl,2023,401547620,2023-12-24T21:25Z,Miami Dolphins,Dallas Cowboys,MIA,DAL,11-4,10-5,22,20,TRUE,Dallas Cowboys,10-5,home,MIA,1.5,48.5,-122,102,-110,-110,1,nflreadr,Miami Dolphins,11-4,Dallas Cowboys,10-5,0.4991,0.5009,0.7639,0.6909281319544442,0.30907186804555575,189,189,1,1,170,4015476203795,379500,NA,NA,NA,NA,NA,NA,NA,NA,NA,NA,FALSE,0,0,FALSE,0,0,FALSE
nfl,2023,401547621,2023-12-25T01:15Z,Denver Broncos,New England Patriots,DEN,NE,7-8,4-11,23,26,FALSE,Denver Broncos,7-8,NA,NA,NA,NA,NA,NA,NA,NA,NA,NA,New England Patriots,4-11,Denver Broncos,7-8,0.6561,0.6561,0.8228,0.7846378220709771,0.2153621779290229,186,186,1,1,28,401547621683,68300,NA,NA,NA,NA,NA,NA,NA,NA,NA,NA,FALSE,0,0,FALSE,0,0,FALSE
nfl,2023,401547351,2023-12-25T18:00Z,Kansas City Chiefs,Las Vegas Raiders,KC,LV,9-6,7-8,14,20,FALSE,Kansas City Chiefs,9-6,home,KC,11,40.5,-600,440,-118,-102,1,nflreadr,Las Vegas Raiders,7-8,Kansas City Chiefs,9-6,0.8256,0.8256,0.8325,0.7987987987987988,0.20120120120120122,182,182,1,1,11,401547351248,24800,NA,NA,NA,NA,NA,NA,NA,NA,NA,NA,FALSE,0,0,FALSE,0,0,FALSE
nfl,2023,401547241,2023-12-25T21:30Z,Philadelphia Eagles,New York Giants,PHI,NYG,11-4,5-10,33,25,TRUE,Philadelphia Eagles,11-4,home,PHI,14,41,-900,600,-108,-112,1,nflreadr,Philadelphia Eagles,11-4,New York Giants,5-10,0.8766,0.8766,0.3336,0.630095923261391,0.36990407673860903,196,196,1,1,142,4015472413364,336400,NA,NA,NA,NA,NA,NA,NA,NA,NA,NA,FALSE,0,0,FALSE,0,0,FALSE
nfl,2023,401547622,2023-12-26T01:15Z,San Francisco 49ers,Baltimore Ravens,SF,BAL,11-4,12-3,19,33,FALSE,San Francisco 49ers,11-4,NA,NA,NA,NA,NA,NA,NA,NA,NA,NA,Baltimore Ravens,12-3,San Francisco 49ers,11-4,0.6462,0.6462,0.7832,0.7231869254341166,0.27681307456588344,192,192,1,1,30,401547622718,71800,NA,NA,NA,NA,NA,NA,NA,NA,NA,NA,FALSE,0,0,FALSE,0,0,FALSE
nfl,2023,401547623,2023-12-29T01:15Z,Cleveland Browns,New York Jets,CLE,NYJ,11-5,6-10,37,20,TRUE,Cleveland Browns,11-5,NA,NA,NA,NA,NA,NA,NA,NA,NA,NA,Cleveland Browns,11-5,New York Jets,6-10,0.7039,0.7039,0.3683999999999999,0.19625407166123743,0.8037459283387626,195,195,1,1,19,401547623466,46600,NA,NA,NA,NA,NA,NA,NA,NA,NA,NA,FALSE,0,0,FALSE,0,0,FALSE
nfl,2023,401547624,2023-12-31T01:15Z,Dallas Cowboys,Detroit Lions,DAL,DET,11-5,11-5,20,19,TRUE,Dallas Cowboys,11-5,NA,NA,NA,NA,NA,NA,NA,NA,NA,NA,Dallas Cowboys,11-5,Detroit Lions,11-5,0.7016,0.7016,0.6558999999999999,0.5450525994816282,0.4549474005183718,188,188,1,1,137,4015476243008,300800,NA,NA,NA,NA,NA,NA,NA,NA,NA,NA,FALSE,0,0,FALSE,0,0,FALSE
nfl,2023,401547626,2023-12-31T18:00Z,Buffalo Bills,New England Patriots,BUF,NE,10-6,4-12,27,21,TRUE,Buffalo Bills,10-6,home,BUF,15,40,-1200,750,-110,-110,1,nflreadr,Buffalo Bills,10-6,New England Patriots,4-12,0.8703,0.8703,0.247,0.4748987854251011,0.5251012145748989,176,176,1,1,6,401547626158,15800,NA,NA,NA,NA,NA,NA,NA,NA,NA,NA,FALSE,0,0,FALSE,0,0,FALSE
nfl,2023,401547627,2023-12-31T18:00Z,Chicago Bears,Atlanta Falcons,CHI,ATL,7-9,7-9,37,17,TRUE,Atlanta Falcons,7-9,home,CHI,3,39,-155,130,-105,-115,1,nflreadr,Chicago Bears,7-9,Atlanta Falcons,7-9,0.4876,0.5124,0.5706,0.24745881528215907,0.7525411847178409,189,189,1,1,4,40154762785,8500,NA,NA,NA,NA,NA,NA,NA,NA,NA,NA,FALSE,0,0,FALSE,0,0,FALSE
nfl,2023,401547628,2023-12-31T18:00Z,Indianapolis Colts,Las Vegas Raiders,IND,LV,9-7,7-9,23,20,TRUE,Indianapolis Colts,9-7,home,IND,3.5,42.5,-180,150,-110,-110,1,nflreadr,Indianapolis Colts,9-7,Las Vegas Raiders,7-9,0.6054,0.6054,0.4142,0.04732013520038647,0.9526798647996135,189,189,1,1,3,40154762856,5600,NA,NA,NA,NA,NA,NA,NA,NA,NA,NA,FALSE,0,0,FALSE,0,0,FALSE
nfl,2023,401547632,2023-12-31T18:00Z,New York Giants,Los Angeles Rams,NYG,LAR,5-11,9-7,25,26,FALSE,Los Angeles Rams,9-7,NA,NA,NA,NA,NA,NA,NA,NA,NA,NA,Los Angeles Rams,9-7,New York Giants,5-11,0.1773,0.8227,0.6031,0.7060189023379206,0.29398109766207936,190,190,1,1,183,4015476324303,430300,NA,NA,NA,NA,NA,NA,NA,NA,NA,NA,FALSE,0,0,FALSE,0,0,FALSE
nfl,2023,401547633,2023-12-31T18:00Z,Philadelphia Eagles,Arizona Cardinals,PHI,ARI,11-5,4-12,31,35,FALSE,Philadelphia Eagles,11-5,home,PHI,12,48,-750,525,-110,-110,1,nflreadr,Arizona Cardinals,4-12,Philadelphia Eagles,11-5,0.8089,0.8089,0.9481,0.9452589389304926,0.05474106106950738,171,171,1,1,88,4015476332021,202100,NA,NA,NA,NA,NA,NA,NA,NA,NA,NA,FALSE,0,0,FALSE,0,0,FALSE
nfl,2023,401547634,2023-12-31T18:00Z,Tampa Bay Buccaneers,New Orleans Saints,TB,NO,8-8,8-8,13,23,FALSE,New Orleans Saints,8-8,home,TB,2.5,42.5,-148,124,-120,100,1,nflreadr,New Orleans Saints,8-8,Tampa Bay Buccaneers,8-8,0.4794,0.5206,0.4845,0.010526315789473606,0.9894736842105264,180,180,1,1,5,401547634117,11700,NA,NA,NA,NA,NA,NA,NA,NA,NA,NA,FALSE,0,0,FALSE,0,0,FALSE
nfl,2023,401547635,2023-12-31T18:00Z,Washington Commanders,San Francisco 49ers,WSH,SF,4-12,12-4,10,27,FALSE,San Francisco 49ers,12-4,NA,NA,NA,NA,NA,NA,NA,NA,NA,NA,San Francisco 49ers,12-4,Washington Commanders,4-12,0.2226,0.7774,0.381,0.415748031496063,0.584251968503937,159,159,1,1,63,4015476351427,142700,NA,NA,NA,NA,NA,NA,NA,NA,NA,NA,FALSE,0,0,FALSE,0,0,FALSE
nfl,2023,401547629,2023-12-31T18:00Z,Jacksonville Jaguars,Carolina Panthers,JAX,CAR,9-7,2-14,26,0,TRUE,Jacksonville Jaguars,9-7,home,JAX,3.5,38,-192,160,-110,-110,1,nflreadr,Jacksonville Jaguars,9-7,Carolina Panthers,2-14,0.657,0.657,0.4089,0.16116409880166305,0.838835901198337,162,162,1,1,27,401547629602,60200,NA,NA,NA,NA,NA,NA,NA,NA,NA,NA,FALSE,0,0,FALSE,0,0,FALSE
nfl,2023,401547625,2023-12-31T18:00Z,Baltimore Ravens,Miami Dolphins,BAL,MIA,13-3,11-5,56,19,TRUE,Baltimore Ravens,13-3,home,BAL,3,47,-180,150,-120,100,1,nflreadr,Baltimore Ravens,13-3,Miami Dolphins,11-5,0.5589,0.5589,0.6329,0.41997155948807086,0.5800284405119291,179,179,1,1,11,401547625278,27800,NA,NA,NA,NA,NA,NA,NA,NA,NA,NA,FALSE,0,0,FALSE,0,0,FALSE
nfl,2023,401547631,2023-12-31T18:00Z,Houston Texans,Tennessee Titans,HOU,TEN,9-7,5-11,26,3,TRUE,Houston Texans,9-7,home,HOU,5,44,-230,190,-115,-105,1,nflreadr,Houston Texans,9-7,Tennessee Titans,5-11,0.5808,0.5808,0.4192,0,1,163,163,1,1,1,4015476311,100,NA,NA,NA,NA,NA,NA,NA,NA,NA,NA,FALSE,0,0,FALSE,0,0,FALSE
nfl,2023,401547636,2023-12-31T21:05Z,Seattle Seahawks,Pittsburgh Steelers,SEA,PIT,8-8,9-7,23,30,FALSE,Seattle Seahawks,8-8,home,SEA,4.5,40.5,-225,185,-110,-110,1,nflreadr,Pittsburgh Steelers,9-7,Seattle Seahawks,8-8,0.6724,0.6724,0.7664,0.6951983298538622,0.3048016701461378,177,177,1,1,65,4015476361439,143900,NA,NA,NA,NA,NA,NA,NA,NA,NA,NA,FALSE,0,0,FALSE,0,0,FALSE
nfl,2023,401547630,2023-12-31T21:25Z,Denver Broncos,Los Angeles Chargers,DEN,LAC,8-8,5-11,16,9,TRUE,Denver Broncos,8-8,home,DEN,3.5,39.5,-198,164,-112,-108,1,nflreadr,Denver Broncos,8-8,Los Angeles Chargers,5-11,0.5328,0.5328,0.4913999999999999,0.049247049247049146,0.9507529507529509,194,194,1,1,63,4015476301347,134700,NA,NA,NA,NA,NA,NA,NA,NA,NA,NA,FALSE,0,0,FALSE,0,0,FALSE
nfl,2023,401547235,2023-12-31T21:25Z,Kansas City Chiefs,Cincinnati Bengals,KC,CIN,10-6,8-8,25,17,TRUE,Kansas City Chiefs,10-6,home,KC,7.5,46,-345,275,-105,-115,1,nflreadr,Kansas City Chiefs,10-6,Cincinnati Bengals,8-8,0.7294,0.7294,0.727,0.6277854195323247,0.3722145804676753,180,180,1,1,104,4015472352312,231200,NA,NA,NA,NA,NA,NA,NA,NA,NA,NA,FALSE,0,0,FALSE,0,0,FALSE
nfl,2023,401547637,2024-01-01T01:20Z,Minnesota Vikings,Green Bay Packers,MIN,GB,7-9,8-8,10,33,FALSE,Green Bay Packers,8-8,NA,NA,NA,NA,NA,NA,NA,NA,NA,NA,Green Bay Packers,8-8,Minnesota Vikings,7-9,0.4881,0.5119,0.5454,0.16648331499816638,0.8335166850018336,178,178,1,1,5,401547637107,10700,NA,NA,NA,NA,NA,NA,NA,NA,NA,NA,FALSE,0,0,FALSE,0,0,FALSE
nfl,2023,401547639,2024-01-06T21:30Z,Baltimore Ravens,Pittsburgh Steelers,BAL,PIT,13-4,10-7,10,17,FALSE,Baltimore Ravens,13-4,away,PIT,3,34,130,-155,-115,-105,1,nflreadr,Pittsburgh Steelers,10-7,Baltimore Ravens,13-4,0.79,0.79,0.8046,0.7571464081531196,0.24285359184688038,176,176,1,1,4,40154763977,7700,NA,NA,NA,NA,NA,NA,NA,NA,NA,NA,FALSE,0,0,FALSE,0,0,FALSE
nfl,2023,401547644,2024-01-07T01:15Z,Indianapolis Colts,Houston Texans,IND,HOU,9-8,10-7,19,23,FALSE,Indianapolis Colts,9-8,NA,NA,NA,NA,NA,NA,NA,NA,NA,NA,Houston Texans,10-7,Indianapolis Colts,9-8,0.5177,0.5177,0.601,0.3361064891846921,0.6638935108153079,184,184,1,1,16,401547644368,36800,NA,NA,NA,NA,NA,NA,NA,NA,NA,NA,FALSE,0,0,FALSE,0,0,FALSE
nfl,2023,401547641,2024-01-07T18:00Z,Cincinnati Bengals,Cleveland Browns,CIN,CLE,9-8,11-6,31,14,TRUE,Cincinnati Bengals,9-8,home,CIN,7.5,37,-360,285,-105,-115,1,nflreadr,Cincinnati Bengals,9-8,Cleveland Browns,11-6,0.543,0.543,0.457,1.1102230246251565e-16,0.9999999999999999,173,173,1,1,1,4015476411,100,NA,NA,NA,NA,NA,NA,NA,NA,NA,NA,FALSE,0,0,FALSE,0,0,FALSE
nfl,2023,401547642,2024-01-07T18:00Z,Detroit Lions,Minnesota Vikings,DET,MIN,12-5,7-10,30,20,TRUE,Detroit Lions,12-5,home,DET,3.5,47.5,-205,170,-118,-102,1,nflreadr,Detroit Lions,12-5,Minnesota Vikings,7-10,0.7078,0.7078,0.34509999999999996,0.15328890176760346,0.8467110982323965,184,184,1,1,11,401547642245,24500,NA,NA,NA,NA,NA,NA,NA,NA,NA,NA,FALSE,0,0,FALSE,0,0,FALSE
nfl,2023,401547652,2024-01-07T18:00Z,Tennessee Titans,Jacksonville Jaguars,TEN,JAX,6-11,9-8,28,20,TRUE,Jacksonville Jaguars,9-8,away,JAX,3.5,41.5,154,-185,-118,-102,1,nflreadr,Tennessee Titans,6-11,Jacksonville Jaguars,9-8,0.4271,0.5729,0.6482,0.45726627584078994,0.5427337241592101,174,174,1,1,14,401547652316,31600,NA,NA,NA,NA,NA,NA,NA,NA,NA,NA,FALSE,0,0,FALSE,0,0,FALSE
nfl,2023,401547648,2024-01-07T18:00Z,New England Patriots,New York Jets,NE,NYJ,4-13,7-10,3,17,FALSE,New England Patriots,4-13,home,NE,2.5,28.5,-142,120,-108,-112,1,nflreadr,New York Jets,7-10,New England Patriots,4-13,0.5442,0.5442,0.5547,0.19722372453578507,0.8027762754642149,179,179,1,2,10,401547648214,21400,NA,NA,NA,NA,NA,NA,NA,NA,NA,NA,FALSE,0,0,FALSE,0,0,FALSE
nfl,2023,401547649,2024-01-07T18:00Z,New Orleans Saints,Atlanta Falcons,NO,ATL,9-8,7-10,48,17,TRUE,New Orleans Saints,9-8,home,NO,3.5,41.5,-175,145,102,-122,1,nflreadr,New Orleans Saints,9-8,Atlanta Falcons,7-10,0.6221,0.6221,0.6438999999999999,0.4469638142568719,0.5530361857431281,186,186,1,1,30,401547649723,72300,NA,NA,NA,NA,NA,NA,NA,NA,NA,NA,FALSE,0,0,FALSE,0,0,FALSE
nfl,2023,401547640,2024-01-07T18:00Z,Carolina Panthers,Tampa Bay Buccaneers,CAR,TB,2-15,9-8,0,9,FALSE,Tampa Bay Buccaneers,9-8,away,TB,5,36.5,200,-245,-115,-105,1,nflreadr,Tampa Bay Buccaneers,9-8,Carolina Panthers,2-15,0.2792,0.7208,0.4176,0.3314176245210728,0.6685823754789272,168,168,1,1,46,401547640995,99500,NA,NA,NA,NA,NA,NA,NA,NA,NA,NA,FALSE,0,0,FALSE,0,0,FALSE
nfl,2023,401547643,2024-01-07T21:25Z,Green Bay Packers,Chicago Bears,GB,CHI,9-8,7-10,17,9,TRUE,Green Bay Packers,9-8,home,GB,2.5,45.5,-148,124,-118,-102,1,nflreadr,Green Bay Packers,9-8,Chicago Bears,7-10,0.5756,0.5756,0.5617,0.24443653195656045,0.7555634680434395,151,151,1,1,30,401547643650,65000,NA,NA,NA,NA,NA,NA,NA,NA,NA,NA,FALSE,0,0,FALSE,0,0,FALSE
nfl,2023,401547646,2024-01-07T21:25Z,Las Vegas Raiders,Denver Broncos,LV,DEN,8-9,8-9,27,14,TRUE,Las Vegas Raiders,8-9,home,LV,3.5,37.5,-175,145,-102,-118,1,nflreadr,Las Vegas Raiders,8-9,Denver Broncos,8-9,0.5428,0.5428,0.4858,0.058871963771099156,0.9411280362289008,180,180,1,1,57,4015476461244,124400,NA,NA,NA,NA,NA,NA,NA,NA,NA,NA,FALSE,0,0,FALSE,0,0,FALSE
nfl,2023,401547650,2024-01-07T21:25Z,New York Giants,Philadelphia Eagles,NYG,PHI,6-11,11-6,27,10,TRUE,Philadelphia Eagles,11-6,away,PHI,4.5,43,190,-238,-108,-112,1,nflreadr,New York Giants,6-11,Philadelphia Eagles,11-6,0.16,0.84,0.8552,0.8306828811973808,0.16931711880261924,179,179,1,1,10,401547650199,19900,NA,NA,NA,NA,NA,NA,NA,NA,NA,NA,FALSE,0,0,FALSE,0,0,FALSE
nfl,2023,401547638,2024-01-07T21:25Z,Arizona Cardinals,Seattle Seahawks,ARI,SEA,4-13,9-8,20,21,FALSE,Seattle Seahawks,9-8,away,SEA,2.5,48,130,-155,102,-122,1,nflreadr,Seattle Seahawks,9-8,Arizona Cardinals,4-13,0.3674,0.6326,0.9794,0.9789667143148868,0.0210332856851132,180,180,1,1,160,4015476383587,358700,NA,NA,NA,NA,NA,NA,NA,NA,NA,NA,FALSE,0,0,FALSE,0,0,FALSE
nfl,2023,401547645,2024-01-07T21:25Z,Los Angeles Chargers,Kansas City Chiefs,LAC,KC,5-12,11-6,12,13,FALSE,Kansas City Chiefs,11-6,home,LAC,3.5,35,-185,154,-105,-115,1,nflreadr,Kansas City Chiefs,11-6,Los Angeles Chargers,5-12,0.4891,0.5109,0.7396,0.647917793401839,0.35208220659816103,198,198,1,1,171,4015476453858,385800,NA,NA,NA,NA,NA,NA,NA,NA,NA,NA,FALSE,0,0,FALSE,0,0,FALSE
nfl,2023,401547651,2024-01-07T21:25Z,San Francisco 49ers,Los Angeles Rams,SF,LAR,12-5,10-7,20,21,FALSE,San Francisco 49ers,12-5,NA,NA,NA,NA,NA,NA,NA,NA,NA,NA,Los Angeles Rams,10-7,San Francisco 49ers,12-5,0.6874,0.6874,0.8997,0.8885183950205624,0.1114816049794376,168,168,1,1,90,4015476512040,204000,NA,NA,NA,NA,NA,NA,NA,NA,NA,NA,FALSE,0,0,FALSE,0,0,FALSE
nfl,2023,401547653,2024-01-07T21:25Z,Washington Commanders,Dallas Cowboys,WSH,DAL,4-13,12-5,10,38,FALSE,Dallas Cowboys,12-5,NA,NA,NA,NA,NA,NA,NA,NA,NA,NA,Dallas Cowboys,12-5,Washington Commanders,4-13,0.1538,0.8462000000000001,0.3585,0.5709902370990239,0.42900976290097614,165,165,1,1,55,4015476531336,133600,NA,NA,NA,NA,NA,NA,NA,NA,NA,NA,FALSE,0,0,FALSE,0,0,FALSE
nfl,2023,401547647,2024-01-08T01:20Z,Miami Dolphins,Buffalo Bills,MIA,BUF,11-6,11-6,14,21,FALSE,Buffalo Bills,11-6,NA,NA,NA,NA,NA,NA,NA,NA,NA,NA,Buffalo Bills,11-6,Miami Dolphins,11-6,0.4545,0.5455,0.8304,0.7957610789980734,0.20423892100192664,176,176,1,1,124,4015476472852,285200,NA,NA,NA,NA,NA,NA,NA,NA,NA,NA,FALSE,0,0,FALSE,0,0,FALSE
nfl,2024,401671789,2024-09-06T00:40Z,Kansas City Chiefs,Baltimore Ravens,KC,BAL,1-0,0-1,27,20,TRUE,Kansas City Chiefs,1-0,NA,NA,NA,NA,NA,NA,NA,NA,NA,NA,Kansas City Chiefs,1-0,Baltimore Ravens,0-1,0.5833,0.5833,0.619,0.38449111470113073,0.6155088852988693,188,188,1,1,16,401671789422,42200,NA,NA,NA,NA,NA,NA,NA,NA,NA,NA,FALSE,0,0,FALSE,0,0,FALSE
nfl,2024,401671805,2024-09-07T00:15Z,Philadelphia Eagles,Green Bay Packers,PHI,GB,1-0,0-1,34,29,TRUE,Philadelphia Eagles,1-0,NA,NA,NA,NA,NA,NA,NA,NA,NA,NA,Philadelphia Eagles,1-0,Green Bay Packers,0-1,0.5633,0.5633,0.6674,0.5016481869943064,0.49835181300569364,203,203,1,1,32,401671805758,75800,NA,NA,NA,NA,NA,NA,NA,NA,NA,NA,FALSE,0,0,FALSE,0,0,FALSE
nfl,2024,401671744,2024-09-08T17:00Z,Atlanta Falcons,Pittsburgh Steelers,ATL,PIT,0-1,1-0,10,18,FALSE,Atlanta Falcons,0-1,home,ATL,4,43,-192,160,-110,-110,1,nflreadr,Pittsburgh Steelers,1-0,Atlanta Falcons,0-1,0.5807,0.5807,0.6777,0.5244208351778072,0.47557916482219276,185,185,1,1,11,401671744260,26000,NA,NA,NA,NA,NA,NA,NA,NA,NA,NA,FALSE,0,0,FALSE,0,0,FALSE
nfl,2024,401671617,2024-09-08T17:00Z,Buffalo Bills,Arizona Cardinals,BUF,ARI,1-0,0-1,34,28,TRUE,Buffalo Bills,1-0,home,BUF,6.5,46,-310,250,-115,-105,1,nflreadr,Buffalo Bills,1-0,Arizona Cardinals,0-1,0.6627,0.6627,0.8281000000000001,0.7924163748339574,0.20758362516604256,172,172,1,1,62,4016716171507,150700,NA,NA,NA,NA,NA,NA,NA,NA,NA,NA,FALSE,0,0,FALSE,0,0,FALSE
nfl,2024,401671719,2024-09-08T17:00Z,Chicago Bears,Tennessee Titans,CHI,TEN,1-0,0-1,24,17,TRUE,Chicago Bears,1-0,home,CHI,4,43,-198,164,-112,-108,1,nflreadr,Chicago Bears,1-0,Tennessee Titans,0-1,0.6433,0.6433,0.896,0.8839285714285714,0.1160714285714286,179,179,1,1,103,4016717192387,238700,NA,NA,NA,NA,NA,NA,NA,NA,NA,NA,FALSE,0,0,FALSE,0,0,FALSE
nfl,2024,401671628,2024-09-08T17:00Z,Cincinnati Bengals,New England Patriots,CIN,NE,0-1,1-0,10,16,FALSE,Cincinnati Bengals,0-1,home,CIN,8,40.5,-375,295,-110,-110,1,nflreadr,New England Patriots,1-0,Cincinnati Bengals,0-1,0.7253,0.7253,0.7306,0.6312619764577061,0.3687380235422939,167,167,1,1,2,40167162840,4000,NA,NA,NA,NA,NA,NA,NA,NA,NA,NA,FALSE,0,0,FALSE,0,0,FALSE
nfl,2024,401671861,2024-09-08T17:00Z,Indianapolis Colts,Houston Texans,IND,HOU,0-1,1-0,27,29,FALSE,Houston Texans,1-0,away,HOU,3,49,130,-155,-112,-108,1,nflreadr,Houston Texans,1-0,Indianapolis Colts,0-1,0.4487,0.5513,0.5743,0.2587497823437228,0.7412502176562772,176,176,1,1,24,401671861523,52300,NA,NA,NA,NA,NA,NA,NA,NA,NA,NA,FALSE,0,0,FALSE,0,0,FALSE
nfl,2024,401671849,2024-09-08T17:00Z,Miami Dolphins,Jacksonville Jaguars,MIA,JAX,1-0,0-1,20,17,TRUE,Miami Dolphins,1-0,home,MIA,3.5,49.5,-180,150,-110,-110,1,nflreadr,Miami Dolphins,1-0,Jacksonville Jaguars,0-1,0.588,0.588,0.9226,0.9161066551051376,0.08389334489486244,185,185,1,1,126,4016718492834,283400,NA,NA,NA,NA,NA,NA,NA,NA,NA,NA,FALSE,0,0,FALSE,0,0,FALSE
nfl,2024,401671734,2024-09-08T17:00Z,New Orleans Saints,Carolina Panthers,NO,CAR,1-0,0-1,47,10,TRUE,New Orleans Saints,1-0,home,NO,3.5,41.5,-192,160,-112,-108,1,nflreadr,New Orleans Saints,1-0,Carolina Panthers,0-1,0.6333,0.6333,0.3816000000000001,0.03904612159329157,0.9609538784067084,176,176,1,1,3,40167173474,7400,NA,NA,NA,NA,NA,NA,NA,NA,NA,NA,FALSE,0,0,FALSE,0,0,FALSE
nfl,2024,401671712,2024-09-08T17:00Z,New York Giants,Minnesota Vikings,NYG,MIN,0-1,1-0,6,28,FALSE,Minnesota Vikings,1-0,away,MIN,1,42.5,-105,-115,-112,-108,1,nflreadr,Minnesota Vikings,1-0,New York Giants,0-1,0.4953,0.5046999999999999,0.6042,0.3449189010261502,0.6550810989738498,178,178,1,1,13,401671712335,33500,NA,NA,NA,NA,NA,NA,NA,NA,NA,NA,FALSE,0,0,FALSE,0,0,FALSE
nfl,2024,401671659,2024-09-08T20:05Z,Los Angeles Chargers,Las Vegas Raiders,LAC,LV,1-0,0-1,22,10,TRUE,Los Angeles Chargers,1-0,home,LAC,3,41,-155,130,-102,-118,1,nflreadr,Los Angeles Chargers,1-0,Las Vegas Raiders,0-1,0.602,0.602,0.6567000000000001,0.47723465813918087,0.5227653418608191,172,172,1,1,77,4016716591681,168100,NA,NA,NA,NA,NA,NA,NA,NA,NA,NA,FALSE,0,0,FALSE,0,0,FALSE
nfl,2024,401671664,2024-09-08T20:05Z,Seattle Seahawks,Denver Broncos,SEA,DEN,1-0,0-1,26,20,TRUE,Seattle Seahawks,1-0,home,SEA,6.5,42,-278,225,-110,-110,1,nflreadr,Seattle Seahawks,1-0,Denver Broncos,0-1,0.6347,0.6347,0.6359,0.4274256958641296,0.5725743041358704,203,203,1,1,63,4016716641518,151800,NA,NA,NA,NA,NA,NA,NA,NA,NA,NA,FALSE,0,0,FALSE,0,0,FALSE
nfl,2024,401671761,2024-09-08T20:25Z,Cleveland Browns,Dallas Cowboys,CLE,DAL,0-1,1-0,17,33,FALSE,Dallas Cowboys,1-0,home,CLE,2.5,42,-130,110,-108,-112,1,nflreadr,Dallas Cowboys,1-0,Cleveland Browns,0-1,0.4827,0.5173,0.6194,0.38553438811753304,0.614465611882467,201,201,1,1,17,401671761384,38400,NA,NA,NA,NA,NA,NA,NA,NA,NA,NA,FALSE,0,0,FALSE,0,0,FALSE
nfl,2024,401671770,2024-09-08T20:25Z,Tampa Bay Buccaneers,Washington Commanders,TB,WSH,1-0,0-1,37,20,TRUE,Tampa Bay Buccaneers,1-0,NA,NA,NA,NA,NA,NA,NA,NA,NA,NA,Tampa Bay Buccaneers,1-0,Washington Commanders,0-1,0.6147,0.6147,0.4182,0.07867049258727887,0.9213295074127211,171,171,1,1,9,401671770216,21600,NA,NA,NA,NA,NA,NA,NA,NA,NA,NA,FALSE,0,0,FALSE,0,0,FALSE
nfl,2024,401671792,2024-09-09T00:20Z,Detroit Lions,Los Angeles Rams,DET,LAR,1-0,0-1,26,20,TRUE,Detroit Lions,1-0,NA,NA,NA,NA,NA,NA,NA,NA,NA,NA,Detroit Lions,1-0,Los Angeles Rams,0-1,0.606,0.606,0.8323,0.7985101525892107,0.20148984741078935,192,192,1,1,162,4016717923818,381800,NA,NA,NA,NA,NA,NA,NA,NA,NA,NA,FALSE,0,0,FALSE,0,0,FALSE
nfl,2024,401671696,2024-09-10T00:15Z,San Francisco 49ers,New York Jets,SF,NYJ,1-0,0-1,32,19,TRUE,San Francisco 49ers,1-0,NA,NA,NA,NA,NA,NA,NA,NA,NA,NA,San Francisco 49ers,1-0,New York Jets,0-1,0.632,0.632,0.5095000000000001,0.2777232580961728,0.7222767419038272,175,175,1,1,31,401671696689,68900,NA,NA,NA,NA,NA,NA,NA,NA,NA,NA,FALSE,0,0,FALSE,0,0,FALSE
nfl,2024,401671807,2024-09-13T00:15Z,Miami Dolphins,Buffalo Bills,MIA,BUF,1-1,2-0,10,31,FALSE,Buffalo Bills,2-0,NA,NA,NA,NA,NA,NA,NA,NA,NA,NA,Buffalo Bills,2-0,Miami Dolphins,1-1,0.482,0.518,0.5056,0.046677215189873555,0.9533227848101264,173,173,1,1,6,401671807126,12600,NA,NA,NA,NA,NA,NA,NA,NA,NA,NA,FALSE,0,0,FALSE,0,0,FALSE
nfl,2024,401671709,2024-09-15T17:00Z,Dallas Cowboys,New Orleans Saints,DAL,NO,1-1,2-0,19,44,FALSE,Dallas Cowboys,1-1,home,DAL,6.5,47,-290,235,-108,-112,1,nflreadr,New Orleans Saints,2-0,Dallas Cowboys,1-1,0.61,0.61,0.6397,0.4367672346412381,0.5632327653587619,177,177,1,1,4,40167170979,7900,NA,NA,NA,NA,NA,NA,NA,NA,NA,NA,FALSE,0,0,FALSE,0,0,FALSE
nfl,2024,401671721,2024-09-15T17:00Z,Detroit Lions,Tampa Bay Buccaneers,DET,TB,1-1,2-0,16,20,FALSE,Detroit Lions,1-1,home,DET,7.5,51.5,-375,295,-112,-108,1,nflreadr,Tampa Bay Buccaneers,2-0,Detroit Lions,1-1,0.6513,0.6513,0.6681,0.50321808112558,0.49678191887442,190,190,1,1,45,4016717211038,103800,NA,NA,NA,NA,NA,NA,NA,NA,NA,NA,FALSE,0,0,FALSE,0,0,FALSE
nfl,2024,401671723,2024-09-15T17:00Z,Green Bay Packers,Indianapolis Colts,GB,IND,1-1,0-2,16,10,TRUE,Indianapolis Colts,0-2,away,IND,3,41.5,120,-142,-118,-102,1,nflreadr,Green Bay Packers,1-1,Indianapolis Colts,0-2,0.4487,0.5513,0.577,0.266897746967071,0.733102253032929,176,176,1,1,3,40167172357,5700,NA,NA,NA,NA,NA,NA,NA,NA,NA,NA,FALSE,0,0,FALSE,0,0,FALSE
nfl,2024,401671636,2024-09-15T17:00Z,Tennessee Titans,New York Jets,TEN,NYJ,0-2,1-1,17,24,FALSE,New York Jets,1-1,away,NYJ,3.5,41.5,150,-180,-108,-112,1,nflreadr,New York Jets,1-1,Tennessee Titans,0-2,0.4287,0.5712999999999999,0.7665,0.6953685583822569,0.30463144161774314,174,174,1,1,44,4016716361084,108400,NA,NA,NA,NA,NA,NA,NA,NA,NA,NA,FALSE,0,0,FALSE,0,0,FALSE
nfl,2024,401671645,2024-09-15T17:00Z,Minnesota Vikings,San Francisco 49ers,MIN,SF,2-0,1-1,23,17,TRUE,San Francisco 49ers,1-1,away,SF,4.5,46.5,180,-218,-108,-112,1,nflreadr,Minnesota Vikings,2-0,San Francisco 49ers,1-1,0.38,0.62,0.6349,0.42494881083635216,0.5750511891636478,176,176,1,1,47,4016716451161,116100,NA,NA,NA,NA,NA,NA,NA,NA,NA,NA,FALSE,0,0,FALSE,0,0,FALSE
nfl,2024,401671702,2024-09-15T17:00Z,New England Patriots,Seattle Seahawks,NE,SEA,1-1,2-0,20,23,FALSE,Seattle Seahawks,2-0,away,SEA,3.5,39,142,-170,-118,-102,1,nflreadr,Seattle Seahawks,2-0,New England Patriots,1-1,0.45,0.55,0.8722,0.8534739738592065,0.14652602614079346,201,201,1,1,162,4016717023646,364600,NA,NA,NA,NA,NA,NA,NA,NA,NA,NA,FALSE,0,0,FALSE,0,0,FALSE
nfl,2024,401671716,2024-09-15T17:00Z,Washington Commanders,New York Giants,WSH,NYG,1-1,0-2,21,18,TRUE,Washington Commanders,1-1,NA,NA,NA,NA,NA,NA,NA,NA,NA,NA,Washington Commanders,1-1,New York Giants,0-2,0.596,0.596,0.6786,0.5263778367226644,0.47362216327733564,181,181,1,1,140,4016717163310,331000,NA,NA,NA,NA,NA,NA,NA,NA,NA,NA,FALSE,0,0,FALSE,0,0,FALSE
nfl,2024,401671652,2024-09-15T17:00Z,Carolina Panthers,Los Angeles Chargers,CAR,LAC,0-2,2-0,3,26,FALSE,Los Angeles Chargers,2-0,away,LAC,5,39,185,-225,-110,-110,1,nflreadr,Los Angeles Chargers,2-0,Carolina Panthers,0-2,0.3273,0.6727000000000001,0.3869,0.15404497286120467,0.8459550271387953,169,169,1,1,12,401671652302,30200,NA,NA,NA,NA,NA,NA,NA,NA,NA,NA,FALSE,0,0,FALSE,0,0,FALSE
nfl,2024,401671635,2024-09-15T17:00Z,Jacksonville Jaguars,Cleveland Browns,JAX,CLE,0-2,1-1,13,18,FALSE,Jacksonville Jaguars,0-2,home,JAX,3,41.5,-170,142,-120,100,1,nflreadr,Cleveland Browns,1-1,Jacksonville Jaguars,0-2,0.5573,0.5573,0.5592,0.2117310443490703,0.7882689556509297,189,189,1,1,5,401671635116,11600,NA,NA,NA,NA,NA,NA,NA,NA,NA,NA,FALSE,0,0,FALSE,0,0,FALSE
nfl,2024,401671624,2024-09-15T17:00Z,Baltimore Ravens,Las Vegas Raiders,BAL,LV,0-2,1-1,23,26,FALSE,Baltimore Ravens,0-2,home,BAL,9,41,-455,350,-108,-112,1,nflreadr,Las Vegas Raiders,1-1,Baltimore Ravens,0-2,0.7113,0.7113,0.9321,0.9271537388692201,0.07284626113077985,192,192,1,1,142,4016716243253,325300,NA,NA,NA,NA,NA,NA,NA,NA,NA,NA,FALSE,0,0,FALSE,0,0,FALSE
nfl,2024,401671754,2024-09-15T20:05Z,Arizona Cardinals,Los Angeles Rams,ARI,LAR,1-1,0-2,41,10,TRUE,Los Angeles Rams,0-2,NA,NA,NA,NA,NA,NA,NA,NA,NA,NA,Arizona Cardinals,1-1,Los Angeles Rams,0-2,0.466,0.534,0.5630999999999999,0.2241164979577337,0.7758835020422663,163,163,1,1,2,40167175438,3800,NA,NA,NA,NA,NA,NA,NA,NA,NA,NA,FALSE,0,0,FALSE,0,0,FALSE
nfl,2024,401671668,2024-09-15T20:25Z,Denver Broncos,Pittsburgh Steelers,DEN,PIT,0-2,2-0,6,13,FALSE,Pittsburgh Steelers,2-0,away,PIT,3,36.5,130,-155,-118,-102,1,nflreadr,Pittsburgh Steelers,2-0,Denver Broncos,0-2,0.422,0.5780000000000001,0.4251,0.007292401787814762,0.9927075982121852,184,184,1,1,9,401671668196,19600,NA,NA,NA,NA,NA,NA,NA,NA,NA,NA,FALSE,0,0,FALSE,0,0,FALSE
nfl,2024,401671670,2024-09-15T20:25Z,Kansas City Chiefs,Cincinnati Bengals,KC,CIN,2-0,0-2,26,25,TRUE,Kansas City Chiefs,2-0,home,KC,6.5,47.5,-290,235,-115,-105,1,nflreadr,Kansas City Chiefs,2-0,Cincinnati Bengals,0-2,0.6633,0.6633,0.7218,0.6145746744250484,0.38542532557495157,184,184,1,1,172,4016716703964,396400,NA,NA,NA,NA,NA,NA,NA,NA,NA,NA,FALSE,0,0,FALSE,0,0,FALSE
nfl,2024,401671786,2024-09-16T00:20Z,Houston Texans,Chicago Bears,HOU,CHI,2-0,1-1,19,13,TRUE,Houston Texans,2-0,NA,NA,NA,NA,NA,NA,NA,NA,NA,NA,Houston Texans,2-0,Chicago Bears,1-1,0.6567,0.6567,0.4262,0.19450961989676196,0.805490380103238,193,193,1,1,25,401671786546,54600,NA,NA,NA,NA,NA,NA,NA,NA,NA,NA,FALSE,0,0,FALSE,0,0,FALSE
nfl,2024,401671691,2024-09-17T00:15Z,Philadelphia Eagles,Atlanta Falcons,PHI,ATL,1-1,1-1,21,22,FALSE,Philadelphia Eagles,1-1,NA,NA,NA,NA,NA,NA,NA,NA,NA,NA,Atlanta Falcons,1-1,Philadelphia Eagles,1-1,0.632,0.632,0.999,0.9989989989989989,0.0010010010010010895,182,182,1,1,165,4016716913767,376700,NA,NA,NA,NA,NA,NA,NA,NA,NA,NA,FALSE,0,0,FALSE,0,0,FALSE
nfl,2024,401671808,2024-09-20T00:15Z,New York Jets,New England Patriots,NYJ,NE,2-1,1-2,24,3,TRUE,New York Jets,2-1,NA,NA,NA,NA,NA,NA,NA,NA,NA,NA,New York Jets,2-1,New England Patriots,1-2,0.6667,0.6667,0.3802,0.12335612835349796,0.876643871646502,171,171,1,2,11,401671808255,25500,NA,NA,NA,NA,NA,NA,NA,NA,NA,NA,FALSE,0,0,FALSE,0,0,FALSE
nfl,2024,401671855,2024-09-22T17:00Z,Cleveland Browns,New York Giants,CLE,NYG,1-2,1-2,15,21,FALSE,Cleveland Browns,1-2,home,CLE,6.5,38,-270,220,-108,-112,1,nflreadr,New York Giants,1-2,Cleveland Browns,1-2,0.6567,0.6567,0.8264,0.7899322362052275,0.21006776379477254,194,194,1,1,12,401671855297,29700,NA,NA,NA,NA,NA,NA,NA,NA,NA,NA,FALSE,0,0,FALSE,0,0,FALSE
nfl,2024,401671823,2024-09-22T17:00Z,Tennessee Titans,Green Bay Packers,TEN,GB,0-3,2-1,14,30,FALSE,Tennessee Titans,0-3,home,TEN,3,37,-162,136,-108,-112,1,nflreadr,Green Bay Packers,2-1,Tennessee Titans,0-3,0.508,0.508,0.5637,0.22600674117438357,0.7739932588256164,174,174,1,1,22,401671823528,52800,NA,NA,NA,NA,NA,NA,NA,NA,NA,NA,FALSE,0,0,FALSE,0,0,FALSE
nfl,2024,401671865,2024-09-22T17:00Z,Indianapolis Colts,Chicago Bears,IND,CHI,1-2,1-2,21,16,TRUE,Indianapolis Colts,1-2,home,IND,1.5,43,-125,105,-112,-108,1,nflreadr,Indianapolis Colts,1-2,Chicago Bears,1-2,0.5213,0.5213,0.5469999999999999,0.1718464351005482,0.8281535648994518,199,199,1,1,54,4016718651224,122400,NA,NA,NA,NA,NA,NA,NA,NA,NA,NA,FALSE,0,0,FALSE,0,0,FALSE
nfl,2024,401671646,2024-09-22T17:00Z,Minnesota Vikings,Houston Texans,MIN,HOU,3-0,2-1,34,7,TRUE,Houston Texans,2-1,away,HOU,2,46,114,-135,-108,-112,1,nflreadr,Minnesota Vikings,3-0,Houston Texans,2-1,0.4573,0.5427,0.5432,0.15905743740795297,0.840942562592047,188,188,1,1,2,40167164640,4000,NA,NA,NA,NA,NA,NA,NA,NA,NA,NA,FALSE,0,0,FALSE,0,0,FALSE
nfl,2024,401671736,2024-09-22T17:00Z,New Orleans Saints,Philadelphia Eagles,NO,PHI,2-1,2-1,12,15,FALSE,New Orleans Saints,2-1,home,NO,2.5,49,-142,120,-115,-105,1,nflreadr,Philadelphia Eagles,2-1,New Orleans Saints,2-1,0.5253,0.5253,0.8986,0.8871578010238148,0.11284219897618519,175,175,1,1,163,4016717363730,373000,NA,NA,NA,NA,NA,NA,NA,NA,NA,NA,FALSE,0,0,FALSE,0,0,FALSE
nfl,2024,401671632,2024-09-22T17:00Z,Pittsburgh Steelers,Los Angeles Chargers,PIT,LAC,3-0,2-1,20,10,TRUE,Los Angeles Chargers,2-1,home,PIT,3,36,-148,124,-102,-118,1,nflreadr,Pittsburgh Steelers,3-0,Los Angeles Chargers,2-1,0.462,0.538,0.7191000000000001,0.6093728271450425,0.3906271728549575,168,168,1,1,29,401671632666,66600,NA,NA,NA,NA,NA,NA,NA,NA,NA,NA,FALSE,0,0,FALSE,0,0,FALSE
nfl,2024,401671741,2024-09-22T17:00Z,Tampa Bay Buccaneers,Denver Broncos,TB,DEN,2-1,1-2,7,26,FALSE,Tampa Bay Buccaneers,2-1,home,TB,6,40.5,-245,200,-108,-112,1,nflreadr,Denver Broncos,1-2,Tampa Bay Buccaneers,2-1,0.694,0.694,0.694,0.5590778097982707,0.4409221902017293,168,168,1,1,1,4016717411,100,NA,NA,NA,NA,NA,NA,NA,NA,NA,NA,FALSE,0,0,FALSE,0,0,FALSE
nfl,2024,401671658,2024-09-22T20:05Z,Las Vegas Raiders,Carolina Panthers,LV,CAR,1-2,1-2,22,36,FALSE,Las Vegas Raiders,1-2,home,LV,5.5,40,-245,200,-110,-110,1,nflreadr,Carolina Panthers,1-2,Las Vegas Raiders,1-2,0.6347,0.6347,0.6571,0.47816161923603717,0.5218383807639628,194,194,1,1,40,401671658912,91200,NA,NA,NA,NA,NA,NA,NA,NA,NA,NA,FALSE,0,0,FALSE,0,0,FALSE
nfl,2024,401671662,2024-09-22T20:05Z,Seattle Seahawks,Miami Dolphins,SEA,MIA,3-0,1-2,24,3,TRUE,Seattle Seahawks,3-0,home,SEA,4,41.5,-205,170,-110,-110,1,nflreadr,Seattle Seahawks,3-0,Miami Dolphins,1-2,0.6667,0.6667,0.3538,0.057942340305257134,0.9420576596947429,181,181,1,1,9,401671662188,18800,NA,NA,NA,NA,NA,NA,NA,NA,NA,NA,FALSE,0,0,FALSE,0,0,FALSE
nfl,2024,401671763,2024-09-22T20:25Z,Dallas Cowboys,Baltimore Ravens,DAL,BAL,1-2,1-2,25,28,FALSE,Baltimore Ravens,1-2,away,BAL,1.5,47.5,100,-120,-110,-110,1,nflreadr,Baltimore Ravens,1-2,Dallas Cowboys,1-2,0.4687,0.5313,0.4742,0.0115984816533109,0.9884015183466891,196,196,1,1,8,401671763214,21400,NA,NA,NA,NA,NA,NA,NA,NA,NA,NA,FALSE,0,0,FALSE,0,0,FALSE
nfl,2024,401671772,2024-09-22T20:25Z,Los Angeles Rams,San Francisco 49ers,LAR,SF,1-2,1-2,27,24,TRUE,San Francisco 49ers,1-2,NA,NA,NA,NA,NA,NA,NA,NA,NA,NA,Los Angeles Rams,1-2,San Francisco 49ers,1-2,0.3693,0.6307,0.9549,0.9527699235522045,0.04723007644779553,183,183,1,1,154,4016717723820,382000,NA,NA,NA,NA,NA,NA,NA,NA,NA,NA,FALSE,0,0,FALSE,0,0,FALSE
nfl,2024,401671771,2024-09-22T20:25Z,Arizona Cardinals,Detroit Lions,ARI,DET,1-2,2-1,13,20,FALSE,Detroit Lions,2-1,away,DET,3,51.5,124,-148,-118,-102,1,nflreadr,Detroit Lions,2-1,Arizona Cardinals,1-2,0.486,0.514,0.5456,0.1671554252199412,0.8328445747800588,182,182,1,1,26,401671771598,59800,NA,NA,NA,NA,NA,NA,NA,NA,NA,NA,FALSE,0,0,FALSE,0,0,FALSE
nfl,2024,401671793,2024-09-23T00:20Z,Atlanta Falcons,Kansas City Chiefs,ATL,KC,1-2,3-0,17,22,FALSE,Kansas City Chiefs,3-0,NA,NA,NA,NA,NA,NA,NA,NA,NA,NA,Kansas City Chiefs,3-0,Atlanta Falcons,1-2,0.4227,0.5772999999999999,0.6673,0.5014236475348419,0.4985763524651581,185,185,1,1,62,4016717931556,155600,NA,NA,NA,NA,NA,NA,NA,NA,NA,NA,FALSE,0,0,FALSE,0,0,FALSE
nfl,2024,401671682,2024-09-23T23:30Z,Buffalo Bills,Jacksonville Jaguars,BUF,JAX,3-0,0-3,47,10,TRUE,Buffalo Bills,3-0,home,BUF,4,46.5,-218,180,-112,-108,1,nflreadr,Buffalo Bills,3-0,Jacksonville Jaguars,0-3,0.658,0.658,0.3731,0.08335566872152245,0.9166443312784776,186,186,1,1,6,401671682140,14000,NA,NA,NA,NA,NA,NA,NA,NA,NA,NA,FALSE,0,0,FALSE,0,0,FALSE
nfl,2024,401671490,2024-09-24T00:15Z,Cincinnati Bengals,Washington Commanders,CIN,WSH,0-3,2-1,33,38,FALSE,Cincinnati Bengals,0-3,NA,NA,NA,NA,NA,NA,NA,NA,NA,NA,Washington Commanders,2-1,Cincinnati Bengals,0-3,0.632,0.632,0.7811,0.7197541928050186,0.2802458071949814,168,168,1,1,9,401671490221,22100,NA,NA,NA,NA,NA,NA,NA,NA,NA,NA,FALSE,0,0,FALSE,0,0,FALSE
nfl,2024,401671812,2024-09-27T00:15Z,New York Giants,Dallas Cowboys,NYG,DAL,1-3,2-2,15,20,FALSE,Dallas Cowboys,2-2,NA,NA,NA,NA,NA,NA,NA,NA,NA,NA,Dallas Cowboys,2-2,New York Giants,1-3,0.4293,0.5707,0.5699,0.24670994911387956,0.7532900508861204,177,177,1,1,15,401671812344,34400,NA,NA,NA,NA,NA,NA,NA,NA,NA,NA,FALSE,0,0,FALSE,0,0,FALSE
nfl,2024,401671727,2024-09-29T17:00Z,Atlanta Falcons,New Orleans Saints,ATL,NO,2-2,2-2,26,24,TRUE,New Orleans Saints,2-2,home,ATL,2.5,41.5,-142,120,-115,-105,1,nflreadr,Atlanta Falcons,2-2,New Orleans Saints,2-2,0.4847,0.5153,0.8448,0.8162878787878787,0.18371212121212133,185,185,1,1,177,4016717274253,425300,NA,NA,NA,NA,NA,NA,NA,NA,NA,NA,FALSE,0,0,FALSE,0,0,FALSE
nfl,2024,401671871,2024-09-29T17:00Z,Chicago Bears,Los Angeles Rams,CHI,LAR,2-2,1-3,24,18,TRUE,Los Angeles Rams,1-3,NA,NA,NA,NA,NA,NA,NA,NA,NA,NA,Chicago Bears,2-2,Los Angeles Rams,1-3,0.486,0.514,0.7212000000000001,0.6134220743205769,0.38657792567942306,175,175,1,1,60,4016718711400,140000,NA,NA,NA,NA,NA,NA,NA,NA,NA,NA,FALSE,0,0,FALSE,0,0,FALSE
nfl,2024,401671643,2024-09-29T17:00Z,Green Bay Packers,Minnesota Vikings,GB,MIN,2-2,4-0,29,31,FALSE,Green Bay Packers,2-2,home,GB,2.5,44,-135,114,-118,-102,1,nflreadr,Minnesota Vikings,4-0,Green Bay Packers,2-2,0.58,0.58,0.5953,0.3201747018310097,0.6798252981689903,200,200,1,1,7,401671643154,15400,NA,NA,NA,NA,NA,NA,NA,NA,NA,NA,FALSE,0,0,FALSE,0,0,FALSE
nfl,2024,401671867,2024-09-29T17:00Z,Indianapolis Colts,Pittsburgh Steelers,IND,PIT,2-2,3-1,27,24,TRUE,Pittsburgh Steelers,3-1,away,PIT,2.5,40,110,-130,-112,-108,1,nflreadr,Indianapolis Colts,2-2,Pittsburgh Steelers,3-1,0.4647,0.5353,0.5353,0.1318886605641696,0.8681113394358304,186,186,1,1,1,4016718671,100,NA,NA,NA,NA,NA,NA,NA,NA,NA,NA,FALSE,0,0,FALSE,0,0,FALSE
nfl,2024,401671622,2024-09-29T17:00Z,New York Jets,Denver Broncos,NYJ,DEN,2-2,2-2,9,10,FALSE,New York Jets,2-2,home,NYJ,7.5,39.5,-425,330,-112,-108,1,nflreadr,Denver Broncos,2-2,New York Jets,2-2,0.708,0.708,0.804,0.7562189054726369,0.24378109452736307,196,196,1,1,113,4016716222717,271700,NA,NA,NA,NA,NA,NA,NA,NA,NA,NA,FALSE,0,0,FALSE,0,0,FALSE
nfl,2024,401671740,2024-09-29T17:00Z,Tampa Bay Buccaneers,Philadelphia Eagles,TB,PHI,3-1,2-2,33,16,TRUE,Philadelphia Eagles,2-2,away,PHI,1,42,-105,-115,-110,-110,1,nflreadr,Tampa Bay Buccaneers,3-1,Philadelphia Eagles,2-2,0.3787,0.6213,0.6402,0.4379881287097782,0.5620118712902218,184,184,1,1,3,40167174067,6700,NA,NA,NA,NA,NA,NA,NA,NA,NA,NA,FALSE,0,0,FALSE,0,0,FALSE
nfl,2024,401671745,2024-09-29T17:00Z,Carolina Panthers,Cincinnati Bengals,CAR,CIN,1-3,1-3,24,34,FALSE,Cincinnati Bengals,1-3,away,CIN,4.5,47,170,-205,-108,-112,1,nflreadr,Cincinnati Bengals,1-3,Carolina Panthers,1-3,0.3567,0.6433,0.4969,0.28214932582008445,0.7178506741799155,196,196,1,1,10,401671745243,24300,NA,NA,NA,NA,NA,NA,NA,NA,NA,NA,FALSE,0,0,FALSE,0,0,FALSE
nfl,2024,401671857,2024-09-29T17:00Z,Houston Texans,Jacksonville Jaguars,HOU,JAX,3-1,0-4,24,20,TRUE,Houston Texans,3-1,home,HOU,5.5,44.5,-238,195,-112,-108,1,nflreadr,Houston Texans,3-1,Jacksonville Jaguars,0-4,0.6087,0.6087,0.8134,0.7705925743791493,0.2294074256208507,190,190,1,1,167,4016718573816,381600,NA,NA,NA,NA,NA,NA,NA,NA,NA,NA,FALSE,0,0,FALSE,0,0,FALSE
nfl,2024,401671755,2024-09-29T20:05Z,Arizona Cardinals,Washington Commanders,ARI,WSH,1-3,3-1,14,42,FALSE,Arizona Cardinals,1-3,NA,NA,NA,NA,NA,NA,NA,NA,NA,NA,Washington Commanders,3-1,Arizona Cardinals,1-3,0.6053,0.6053,0.7621,0.6878362419629971,0.3121637580370029,175,175,1,1,13,401671755309,30900,NA,NA,NA,NA,NA,NA,NA,NA,NA,NA,FALSE,0,0,FALSE,0,0,FALSE
nfl,2024,401671758,2024-09-29T20:05Z,San Francisco 49ers,New England Patriots,SF,NE,2-2,1-3,30,13,TRUE,San Francisco 49ers,2-2,home,SF,10.5,41.5,-550,410,-108,-112,1,nflreadr,San Francisco 49ers,2-2,New England Patriots,1-3,0.7773,0.7773,0.256,0.13007812499999993,0.8699218750000001,180,180,1,1,9,401671758205,20500,NA,NA,NA,NA,NA,NA,NA,NA,NA,NA,FALSE,0,0,FALSE,0,0,FALSE
nfl,2024,401671672,2024-09-29T20:25Z,Las Vegas Raiders,Cleveland Browns,LV,CLE,2-2,1-3,20,16,TRUE,Cleveland Browns,1-3,away,CLE,2.5,36.5,114,-135,-105,-115,1,nflreadr,Las Vegas Raiders,2-2,Cleveland Browns,1-3,0.47,0.53,0.744,0.6559139784946237,0.34408602150537626,169,169,1,1,39,401671672926,92600,NA,NA,NA,NA,NA,NA,NA,NA,NA,NA,FALSE,0,0,FALSE,0,0,FALSE
nfl,2024,401671674,2024-09-29T20:25Z,Los Angeles Chargers,Kansas City Chiefs,LAC,KC,2-2,4-0,10,17,FALSE,Kansas City Chiefs,4-0,away,KC,7.5,41.5,275,-345,-112,-108,1,nflreadr,Kansas City Chiefs,4-0,Los Angeles Chargers,2-2,0.3947,0.6053,0.7517,0.6696820540109087,0.33031794598909126,173,173,1,1,60,4016716741461,146100,NA,NA,NA,NA,NA,NA,NA,NA,NA,NA,FALSE,0,0,FALSE,0,0,FALSE
nfl,2024,401671783,2024-09-30T00:20Z,Baltimore Ravens,Buffalo Bills,BAL,BUF,2-2,3-1,35,10,TRUE,Buffalo Bills,3-1,NA,NA,NA,NA,NA,NA,NA,NA,NA,NA,Baltimore Ravens,2-2,Buffalo Bills,3-1,0.4427,0.5573,0.5740000000000001,0.2578397212543555,0.7421602787456445,164,164,1,1,3,40167178356,5600,NA,NA,NA,NA,NA,NA,NA,NA,NA,NA,FALSE,0,0,FALSE,0,0,FALSE
nfl,2024,401671683,2024-09-30T23:30Z,Miami Dolphins,Tennessee Titans,MIA,TEN,1-3,1-3,12,31,FALSE,Miami Dolphins,1-3,home,MIA,2.5,37,-135,114,-112,-108,1,nflreadr,Tennessee Titans,1-3,Miami Dolphins,1-3,0.5207,0.5207,0.6216,0.3912483912483913,0.6087516087516087,187,187,1,1,15,401671683357,35700,NA,NA,NA,NA,NA,NA,NA,NA,NA,NA,FALSE,0,0,FALSE,0,0,FALSE
nfl,2024,401671491,2024-10-01T00:15Z,Detroit Lions,Seattle Seahawks,DET,SEA,3-1,3-1,42,29,TRUE,Detroit Lions,3-1,NA,NA,NA,NA,NA,NA,NA,NA,NA,NA,Detroit Lions,3-1,Seattle Seahawks,3-1,0.61,0.61,0.4582000000000001,0.14884329986905298,0.851156700130947,192,192,1,1,7,401671491168,16800,NA,NA,NA,NA,NA,NA,NA,NA,NA,NA,FALSE,0,0,FALSE,0,0,FALSE
nfl,2024,401671815,2024-10-04T00:15Z,Atlanta Falcons,Tampa Bay Buccaneers,ATL,TB,3-2,3-2,36,30,TRUE,Atlanta Falcons,3-2,NA,NA,NA,NA,NA,NA,NA,NA,NA,NA,Atlanta Falcons,3-2,Tampa Bay Buccaneers,3-2,0.5413,0.5413,0.9302,0.924962373683079,0.07503762631692101,199,199,1,1,184,4016718154447,444700,NA,NA,NA,NA,NA,NA,NA,NA,NA,NA,FALSE,0,0,FALSE,0,0,FALSE
nfl,2024,401671804,2024-10-06T13:30Z,Minnesota Vikings,New York Jets,MIN,NYJ,5-0,2-3,23,17,TRUE,Minnesota Vikings,5-0,home,MIN,2.5,42,-142,120,-115,-105,1,nflreadr,Minnesota Vikings,5-0,New York Jets,2-3,0.5367,0.5367,0.4633000000000001,1.1102230246251565e-16,0.9999999999999999,202,202,1,1,1,4016718041,100,NA,NA,NA,NA,NA,NA,NA,NA,NA,NA,FALSE,0,0,FALSE,0,0,FALSE
nfl,2024,401671872,2024-10-06T17:00Z,Chicago Bears,Carolina Panthers,CHI,CAR,3-2,1-4,36,10,TRUE,Chicago Bears,3-2,home,CHI,4,40,-198,164,-112,-108,1,nflreadr,Chicago Bears,3-2,Carolina Panthers,1-4,0.6333,0.6333,0.5716,0.3584674597620713,0.6415325402379287,183,183,1,1,17,401671872380,38000,NA,NA,NA,NA,NA,NA,NA,NA,NA,NA,FALSE,0,0,FALSE,0,0,FALSE
nfl,2024,401671626,2024-10-06T17:00Z,Cincinnati Bengals,Baltimore Ravens,CIN,BAL,1-4,3-2,38,41,FALSE,Baltimore Ravens,3-2,away,BAL,2.5,48.5,124,-148,-102,-118,1,nflreadr,Baltimore Ravens,3-2,Cincinnati Bengals,1-4,0.4433,0.5567,0.9455,0.9423585404547858,0.05764145954521416,208,208,1,1,150,4016716263495,349500,NA,NA,NA,NA,NA,NA,NA,NA,NA,NA,FALSE,0,0,FALSE,0,0,FALSE
nfl,2024,401671700,2024-10-06T17:00Z,New England Patriots,Miami Dolphins,NE,MIA,1-4,2-3,10,15,FALSE,New England Patriots,1-4,away,MIA,2,37,110,-130,-108,-112,1,nflreadr,Miami Dolphins,2-3,New England Patriots,1-4,0.586,0.586,0.7997,0.7495310741528072,0.2504689258471928,193,193,1,1,58,4016717001335,133500,NA,NA,NA,NA,NA,NA,NA,NA,NA,NA,FALSE,0,0,FALSE,0,0,FALSE
nfl,2024,401671718,2024-10-06T17:00Z,Washington Commanders,Cleveland Browns,WSH,CLE,4-1,1-4,34,13,TRUE,Washington Commanders,4-1,NA,NA,NA,NA,NA,NA,NA,NA,NA,NA,Washington Commanders,4-1,Cleveland Browns,1-4,0.638,0.638,0.3796000000000001,0.04636459430980011,0.9536354056901999,193,193,1,1,3,40167171863,6300,NA,NA,NA,NA,NA,NA,NA,NA,NA,NA,FALSE,0,0,FALSE,0,0,FALSE
nfl,2024,401671633,2024-10-06T17:00Z,Jacksonville Jaguars,Indianapolis Colts,JAX,IND,1-4,2-3,37,34,TRUE,Indianapolis Colts,2-3,home,JAX,3.5,45,-185,154,-110,-110,1,nflreadr,Jacksonville Jaguars,1-4,Indianapolis Colts,2-3,0.496,0.504,0.7067,0.5849724069619358,0.41502759303806425,186,186,1,1,27,401671633637,63700,NA,NA,NA,NA,NA,NA,NA,NA,NA,NA,FALSE,0,0,FALSE,0,0,FALSE
nfl,2024,401671859,2024-10-06T17:00Z,Houston Texans,Buffalo Bills,HOU,BUF,4-1,3-2,23,20,TRUE,Buffalo Bills,3-2,home,HOU,1,48,-118,-102,-112,-108,1,nflreadr,Houston Texans,4-1,Buffalo Bills,3-2,0.434,0.5660000000000001,0.6663,0.4991745460003001,0.5008254539996999,190,190,1,1,19,401671859415,41500,NA,NA,NA,NA,NA,NA,NA,NA,NA,NA,FALSE,0,0,FALSE,0,0,FALSE
nfl,2024,401671747,2024-10-06T20:05Z,Denver Broncos,Las Vegas Raiders,DEN,LV,3-2,2-3,34,18,TRUE,Denver Broncos,3-2,home,DEN,3,36,-155,130,-108,-112,1,nflreadr,Denver Broncos,3-2,Las Vegas Raiders,2-3,0.5073,0.5073,0.8041,0.7563735853749534,0.24362641462504664,191,191,1,1,51,4016717471167,116700,NA,NA,NA,NA,NA,NA,NA,NA,NA,NA,FALSE,0,0,FALSE,0,0,FALSE
nfl,2024,401671756,2024-10-06T20:05Z,San Francisco 49ers,Arizona Cardinals,SF,ARI,2-3,2-3,23,24,FALSE,San Francisco 49ers,2-3,home,SF,7,48.5,-325,260,-115,-105,1,nflreadr,Arizona Cardinals,2-3,San Francisco 49ers,2-3,0.698,0.698,0.9325,0.9276139410187667,0.07238605898123329,175,175,1,1,120,4016717562741,274100,NA,NA,NA,NA,NA,NA,NA,NA,NA,NA,FALSE,0,0,FALSE,0,0,FALSE
nfl,2024,401671679,2024-10-06T20:25Z,Los Angeles Rams,Green Bay Packers,LAR,GB,1-4,3-2,19,24,FALSE,Green Bay Packers,3-2,NA,NA,NA,NA,NA,NA,NA,NA,NA,NA,Green Bay Packers,3-2,Los Angeles Rams,1-4,0.4367,0.5633,0.6744,0.517200474495848,0.48279952550415195,191,191,1,1,99,4016716792268,226800,NA,NA,NA,NA,NA,NA,NA,NA,NA,NA,FALSE,0,0,FALSE,0,0,FALSE
nfl,2024,401671680,2024-10-06T20:25Z,Seattle Seahawks,New York Giants,SEA,NYG,3-2,2-3,20,29,FALSE,Seattle Seahawks,3-2,home,SEA,7,42.5,-310,250,-108,-112,1,nflreadr,New York Giants,2-3,Seattle Seahawks,3-2,0.634,0.634,0.7782,0.7149832947828323,0.2850167052171677,183,183,1,1,26,401671680693,69300,NA,NA,NA,NA,NA,NA,NA,NA,NA,NA,FALSE,0,0,FALSE,0,0,FALSE
nfl,2024,401671784,2024-10-07T01:45Z,Pittsburgh Steelers,Dallas Cowboys,PIT,DAL,3-2,3-2,17,20,FALSE,Pittsburgh Steelers,3-2,NA,NA,NA,NA,NA,NA,NA,NA,NA,NA,Dallas Cowboys,3-2,Pittsburgh Steelers,3-2,0.5133,0.5133,0.752,0.6702127659574468,0.32978723404255317,193,193,1,1,184,4016717844400,440000,NA,NA,NA,NA,NA,NA,NA,NA,NA,NA,FALSE,0,0,FALSE,0,0,FALSE
nfl,2024,401671687,2024-10-08T00:15Z,Kansas City Chiefs,New Orleans Saints,KC,NO,5-0,2-3,26,13,TRUE,Kansas City Chiefs,5-0,NA,NA,NA,NA,NA,NA,NA,NA,NA,NA,Kansas City Chiefs,5-0,New Orleans Saints,2-3,0.5993,0.5993,0.4497,0.10896152990882824,0.8910384700911718,191,191,1,1,7,401671687148,14800,NA,NA,NA,NA,NA,NA,NA,NA,NA,NA,FALSE,0,0,FALSE,0,0,FALSE
nfl,2024,401671819,2024-10-11T00:15Z,Seattle Seahawks,San Francisco 49ers,SEA,SF,3-3,3-3,24,36,FALSE,San Francisco 49ers,3-3,NA,NA,NA,NA,NA,NA,NA,NA,NA,NA,San Francisco 49ers,3-3,Seattle Seahawks,3-3,0.3827,0.6173,0.4463,0.14250504145193799,0.857494958548062,196,196,1,1,5,401671819109,10900,NA,NA,NA,NA,NA,NA,NA,NA,NA,NA,FALSE,0,0,FALSE,0,0,FALSE
nfl,2024,401671802,2024-10-13T13:30Z,Chicago Bears,Jacksonville Jaguars,CHI,JAX,4-2,1-5,35,16,TRUE,Chicago Bears,4-2,away,JAX,1.5,44.5,100,-120,-112,-108,1,nflreadr,Chicago Bears,4-2,Jacksonville Jaguars,1-5,0.6027,0.6027,0.5755,0.3096437880104258,0.6903562119895742,175,175,1,1,17,401671802501,50100,NA,NA,NA,NA,NA,NA,NA,NA,NA,NA,FALSE,0,0,FALSE,0,0,FALSE
nfl,2024,401671722,2024-10-13T17:00Z,Green Bay Packers,Arizona Cardinals,GB,ARI,4-2,2-4,34,13,TRUE,Green Bay Packers,4-2,home,GB,5.5,47,-238,195,-110,-110,1,nflreadr,Green Bay Packers,4-2,Arizona Cardinals,2-4,0.6167,0.6167,0.4217999999999999,0.09127548601232793,0.9087245139876721,187,187,1,1,8,401671722178,17800,NA,NA,NA,NA,NA,NA,NA,NA,NA,NA,FALSE,0,0,FALSE,0,0,FALSE
nfl,2024,401671820,2024-10-13T17:00Z,Tennessee Titans,Indianapolis Colts,TEN,IND,1-4,3-3,17,20,FALSE,Indianapolis Colts,3-3,home,TEN,2.5,42,-135,114,-110,-110,1,nflreadr,Indianapolis Colts,3-3,Tennessee Titans,1-4,0.4513,0.5487,0.7803,0.7184416250160195,0.2815583749839805,181,181,1,1,105,4016718202470,247000,NA,NA,NA,NA,NA,NA,NA,NA,NA,NA,FALSE,0,0,FALSE,0,0,FALSE
nfl,2024,401671619,2024-10-13T17:00Z,New England Patriots,Houston Texans,NE,HOU,1-5,5-1,21,41,FALSE,Houston Texans,5-1,away,HOU,6.5,38.5,215,-265,-112,-108,1,nflreadr,Houston Texans,5-1,New England Patriots,1-5,0.296,0.704,0.296,0,1,184,184,1,1,1,4016716191,100,NA,NA,NA,NA,NA,NA,NA,NA,NA,NA,FALSE,0,0,FALSE,0,0,FALSE
nfl,2024,401671735,2024-10-13T17:00Z,New Orleans Saints,Tampa Bay Buccaneers,NO,TB,2-4,4-2,27,51,FALSE,Tampa Bay Buccaneers,4-2,away,TB,3.5,42.5,145,-175,-112,-108,1,nflreadr,Tampa Bay Buccaneers,4-2,New Orleans Saints,2-4,0.4047,0.5952999999999999,0.6426,0.44382197323373784,0.5561780267662622,205,205,1,1,112,4016717352844,284400,NA,NA,NA,NA,NA,NA,NA,NA,NA,NA,FALSE,0,0,FALSE,0,0,FALSE
nfl,2024,401671714,2024-10-13T17:00Z,Philadelphia Eagles,Cleveland Browns,PHI,CLE,3-2,1-5,20,16,TRUE,Philadelphia Eagles,3-2,home,PHI,8,42,-425,330,-112,-108,1,nflreadr,Philadelphia Eagles,3-2,Cleveland Browns,1-5,0.696,0.696,0.5251,0.4210626547324319,0.5789373452675681,176,176,1,1,140,4016717143247,324700,NA,NA,NA,NA,NA,NA,NA,NA,NA,NA,FALSE,0,0,FALSE,0,0,FALSE
nfl,2024,401671625,2024-10-13T17:00Z,Baltimore Ravens,Washington Commanders,BAL,WSH,4-2,4-2,30,23,TRUE,Baltimore Ravens,4-2,NA,NA,NA,NA,NA,NA,NA,NA,NA,NA,Baltimore Ravens,4-2,Washington Commanders,4-2,0.6527,0.6527,0.4919,0.29396218743647073,0.7060378125635293,183,183,1,2,10,401671625218,21800,NA,NA,NA,NA,NA,NA,NA,NA,NA,NA,FALSE,0,0,FALSE,0,0,FALSE
nfl,2024,401671655,2024-10-13T20:05Z,Denver Broncos,Los Angeles Chargers,DEN,LAC,3-3,3-2,16,23,FALSE,Los Angeles Chargers,3-2,away,LAC,3,37,130,-155,-115,-105,1,nflreadr,Los Angeles Chargers,3-2,Denver Broncos,3-3,0.4467,0.5533,0.4472,0.0011180679785330883,0.9988819320214669,186,186,1,1,2,40167165539,3900,NA,NA,NA,NA,NA,NA,NA,NA,NA,NA,FALSE,0,0,FALSE,0,0,FALSE
nfl,2024,401671657,2024-10-13T20:05Z,Las Vegas Raiders,Pittsburgh Steelers,LV,PIT,2-4,4-2,13,32,FALSE,Pittsburgh Steelers,4-2,away,PIT,3.5,36.5,150,-180,-110,-110,1,nflreadr,Pittsburgh Steelers,4-2,Las Vegas Raiders,2-4,0.4533,0.5467,0.6256,0.4015345268542201,0.5984654731457799,178,178,1,1,24,401671657539,53900,NA,NA,NA,NA,NA,NA,NA,NA,NA,NA,FALSE,0,0,FALSE,0,0,FALSE
nfl,2024,401671764,2024-10-13T20:25Z,Dallas Cowboys,Detroit Lions,DAL,DET,3-3,4-1,9,47,FALSE,Detroit Lions,4-1,away,DET,3.5,52.5,150,-180,-115,-105,1,nflreadr,Detroit Lions,4-1,Dallas Cowboys,3-3,0.4313,0.5687,0.5227,0.17486129711115372,0.8251387028888463,186,186,1,1,8,401671764181,18100,NA,NA,NA,NA,NA,NA,NA,NA,NA,NA,FALSE,0,0,FALSE,0,0,FALSE
nfl,2024,401671769,2024-10-13T20:25Z,Carolina Panthers,Atlanta Falcons,CAR,ATL,1-5,4-2,20,38,FALSE,Atlanta Falcons,4-2,away,ATL,6,45.5,210,-258,-108,-112,1,nflreadr,Atlanta Falcons,4-2,Carolina Panthers,1-5,0.3733,0.6267,0.5888,0.3659986413043479,0.6340013586956521,188,188,1,1,27,401671769696,69600,NA,NA,NA,NA,NA,NA,NA,NA,NA,NA,FALSE,0,0,FALSE,0,0,FALSE
nfl,2024,401671791,2024-10-14T00:20Z,New York Giants,Cincinnati Bengals,NYG,CIN,2-4,2-4,7,17,FALSE,Cincinnati Bengals,2-4,NA,NA,NA,NA,NA,NA,NA,NA,NA,NA,Cincinnati Bengals,2-4,New York Giants,2-4,0.3927,0.6073,0.4964,0.20890410958904104,0.791095890410959,178,178,1,1,112,4016717912552,255200,NA,NA,NA,NA,NA,NA,NA,NA,NA,NA,FALSE,0,0,FALSE,0,0,FALSE
nfl,2024,401671684,2024-10-15T00:15Z,New York Jets,Buffalo Bills,NYJ,BUF,2-4,4-2,20,23,FALSE,Buffalo Bills,4-2,NA,NA,NA,NA,NA,NA,NA,NA,NA,NA,Buffalo Bills,4-2,New York Jets,2-4,0.4447,0.5553,0.6644,0.4948826008428657,0.5051173991571343,187,187,1,1,127,4016716842994,299400,NA,NA,NA,NA,NA,NA,NA,NA,NA,NA,FALSE,0,0,FALSE,0,0,FALSE
nfl,2024,401671816,2024-10-18T00:15Z,New Orleans Saints,Denver Broncos,NO,DEN,2-5,4-3,10,33,FALSE,Denver Broncos,4-3,NA,NA,NA,NA,NA,NA,NA,NA,NA,NA,Denver Broncos,4-3,New Orleans Saints,2-5,0.4853,0.5146999999999999,0.5475,0.1735159817351597,0.8264840182648403,193,193,1,1,11,401671816236,23600,NA,NA,NA,NA,NA,NA,NA,NA,NA,NA,FALSE,0,0,FALSE,0,0,FALSE
nfl,2024,401671801,2024-10-20T13:30Z,Jacksonville Jaguars,New England Patriots,JAX,NE,2-5,1-6,32,16,TRUE,Jacksonville Jaguars,2-5,home,JAX,6.5,42,-298,240,-115,-105,1,nflreadr,Jacksonville Jaguars,2-5,New England Patriots,1-6,0.7027,0.7027,0.6481,0.5412744946767474,0.4587255053232526,170,170,1,1,42,401671801975,97500,NA,NA,NA,NA,NA,NA,NA,NA,NA,NA,FALSE,0,0,FALSE,0,0,FALSE
nfl,2024,401671730,2024-10-20T17:00Z,Atlanta Falcons,Seattle Seahawks,ATL,SEA,4-3,4-3,14,34,FALSE,Atlanta Falcons,4-3,home,ATL,3,51.5,-162,136,-105,-115,1,nflreadr,Seattle Seahawks,4-3,Atlanta Falcons,4-3,0.5793,0.5793,0.6047,0.34628741524723017,0.6537125847527698,184,184,1,1,3,40167173063,6300,NA,NA,NA,NA,NA,NA,NA,NA,NA,NA,FALSE,0,0,FALSE,0,0,FALSE
nfl,2024,401671616,2024-10-20T17:00Z,Buffalo Bills,Tennessee Titans,BUF,TEN,5-2,1-5,34,10,TRUE,Buffalo Bills,5-2,home,BUF,9.5,41,-535,400,-110,-110,1,nflreadr,Buffalo Bills,5-2,Tennessee Titans,1-5,0.6293,0.6293,0.7421,0.6524727125724297,0.34752728742757033,182,182,1,1,54,4016716161322,132200,NA,NA,NA,NA,NA,NA,NA,NA,NA,NA,FALSE,0,0,FALSE,0,0,FALSE
nfl,2024,401671853,2024-10-20T17:00Z,Cleveland Browns,Cincinnati Bengals,CLE,CIN,1-6,3-4,14,21,FALSE,Cincinnati Bengals,3-4,away,CIN,5.5,42,190,-230,-110,-110,1,nflreadr,Cincinnati Bengals,3-4,Cleveland Browns,1-6,0.3927,0.6073,0.4833,0.18746120422098067,0.8125387957790193,196,196,1,1,101,4016718532322,232200,NA,NA,NA,NA,NA,NA,NA,NA,NA,NA,FALSE,0,0,FALSE,0,0,FALSE
nfl,2024,401671644,2024-10-20T17:00Z,Green Bay Packers,Houston Texans,GB,HOU,5-2,5-2,24,22,TRUE,Green Bay Packers,5-2,home,GB,3,48,-170,142,-120,100,1,nflreadr,Green Bay Packers,5-2,Houston Texans,5-2,0.5793,0.5793,0.7179,0.6070483354227607,0.3929516645772393,173,173,1,1,154,4016716443583,358300,NA,NA,NA,NA,NA,NA,NA,NA,NA,NA,FALSE,0,0,FALSE,0,0,FALSE
nfl,2024,401671864,2024-10-20T17:00Z,Indianapolis Colts,Miami Dolphins,IND,MIA,4-3,2-4,16,10,TRUE,Indianapolis Colts,4-3,home,IND,3,44,-155,130,100,-120,1,nflreadr,Indianapolis Colts,4-3,Miami Dolphins,2-4,0.6913,0.6913,0.7535000000000001,0.6728599867286,0.32714001327139997,189,189,1,1,85,4016718641941,194100,NA,NA,NA,NA,NA,NA,NA,NA,NA,NA,FALSE,0,0,FALSE,0,0,FALSE
nfl,2024,401671724,2024-10-20T17:00Z,Minnesota Vikings,Detroit Lions,MIN,DET,5-1,5-1,29,31,FALSE,Detroit Lions,5-1,home,MIN,1,50.5,-118,-102,-112,-108,1,nflreadr,Detroit Lions,5-1,Minnesota Vikings,5-1,0.4373,0.5627,0.7597,0.6836909306305121,0.3163090693694879,174,174,1,1,29,401671724636,63600,NA,NA,NA,NA,NA,NA,NA,NA,NA,NA,FALSE,0,0,FALSE,0,0,FALSE
nfl,2024,401671710,2024-10-20T17:00Z,New York Giants,Philadelphia Eagles,NYG,PHI,2-5,4-2,3,28,FALSE,Philadelphia Eagles,4-2,away,PHI,3,42,140,-166,100,-120,1,nflreadr,Philadelphia Eagles,4-2,New York Giants,2-5,0.37,0.63,0.4194,0.11778731521220787,0.8822126847877921,187,187,1,1,45,4016717101005,100500,NA,NA,NA,NA,NA,NA,NA,NA,NA,NA,FALSE,0,0,FALSE,0,0,FALSE
nfl,2024,401671663,2024-10-20T20:05Z,Los Angeles Rams,Las Vegas Raiders,LAR,LV,2-4,2-5,20,15,TRUE,Los Angeles Rams,2-4,NA,NA,NA,NA,NA,NA,NA,NA,NA,NA,Los Angeles Rams,2-4,Las Vegas Raiders,2-5,0.632,0.632,0.5353,0.3125350270876144,0.6874649729123856,195,195,1,1,70,4016716631512,151200,NA,NA,NA,NA,NA,NA,NA,NA,NA,NA,FALSE,0,0,FALSE,0,0,FALSE
nfl,2024,401671640,2024-10-20T20:05Z,Washington Commanders,Carolina Panthers,WSH,CAR,5-2,1-6,40,7,TRUE,Washington Commanders,5-2,NA,NA,NA,NA,NA,NA,NA,NA,NA,NA,Washington Commanders,5-2,Carolina Panthers,1-6,0.726,0.726,0.34230000000000005,0.19953257376570266,0.8004674262342973,162,162,1,1,7,401671640169,16900,NA,NA,NA,NA,NA,NA,NA,NA,NA,NA,FALSE,0,0,FALSE,0,0,FALSE
nfl,2024,401671777,2024-10-20T20:25Z,San Francisco 49ers,Kansas City Chiefs,SF,KC,3-4,6-0,18,28,FALSE,San Francisco 49ers,3-4,home,SF,2.5,47.5,-142,120,-115,-105,1,nflreadr,Kansas City Chiefs,6-0,San Francisco 49ers,3-4,0.51,0.51,0.601,0.3361064891846921,0.6638935108153079,178,178,1,1,39,401671777834,83400,NA,NA,NA,NA,NA,NA,NA,NA,NA,NA,FALSE,0,0,FALSE,0,0,FALSE
nfl,2024,401671785,2024-10-21T00:20Z,Pittsburgh Steelers,New York Jets,PIT,NYJ,5-2,2-5,37,15,TRUE,Pittsburgh Steelers,5-2,NA,NA,NA,NA,NA,NA,NA,NA,NA,NA,Pittsburgh Steelers,5-2,New York Jets,2-5,0.5067,0.5067,0.7953,0.742612850496668,0.25738714950333197,177,177,1,1,81,4016717851855,185500,NA,NA,NA,NA,NA,NA,NA,NA,NA,NA,FALSE,0,0,FALSE,0,0,FALSE
nfl,2024,401671695,2024-10-22T00:15Z,Tampa Bay Buccaneers,Baltimore Ravens,TB,BAL,4-3,5-2,31,41,FALSE,Baltimore Ravens,5-2,NA,NA,NA,NA,NA,NA,NA,NA,NA,NA,Baltimore Ravens,5-2,Tampa Bay Buccaneers,4-3,0.412,0.5880000000000001,0.7263,0.6231584744595895,0.3768415255404105,193,193,1,1,27,401671695609,60900,NA,NA,NA,NA,NA,NA,NA,NA,NA,NA,FALSE,0,0,FALSE,0,0,FALSE
nfl,2024,401671699,2024-10-22T01:00Z,Arizona Cardinals,Los Angeles Chargers,ARI,LAC,3-4,3-3,17,15,TRUE,Arizona Cardinals,3-4,NA,NA,NA,NA,NA,NA,NA,NA,NA,NA,Arizona Cardinals,3-4,Los Angeles Chargers,3-3,0.5147,0.5147,0.6337999999999999,0.42221520984537686,0.5777847901546231,174,174,1,1,45,4016716991085,108500,NA,NA,NA,NA,NA,NA,NA,NA,NA,NA,FALSE,0,0,FALSE,0,0,FALSE
nfl,2024,401671817,2024-10-25T00:15Z,Los Angeles Rams,Minnesota Vikings,LAR,MIN,3-4,5-2,30,20,TRUE,Minnesota Vikings,5-2,NA,NA,NA,NA,NA,NA,NA,NA,NA,NA,Los Angeles Rams,3-4,Minnesota Vikings,5-2,0.4613,0.5387,0.723,0.6168741355463347,0.38312586445366525,174,174,1,1,35,401671817814,81400,NA,NA,NA,NA,NA,NA,NA,NA,NA,NA,FALSE,0,0,FALSE,0,0,FALSE
nfl,2024,401671667,2024-10-27T17:00Z,Cincinnati Bengals,Philadelphia Eagles,CIN,PHI,3-5,5-2,17,37,FALSE,Philadelphia Eagles,5-2,home,CIN,2.5,47.5,-148,124,-120,100,1,nflreadr,Philadelphia Eagles,5-2,Cincinnati Bengals,3-5,0.4567,0.5433,0.7258,0.6222099751997796,0.3777900248002204,166,166,1,1,60,4016716671379,137900,NA,NA,NA,NA,NA,NA,NA,NA,NA,NA,FALSE,0,0,FALSE,0,0,FALSE
nfl,2024,401671852,2024-10-27T17:00Z,Cleveland Browns,Baltimore Ravens,CLE,BAL,2-6,5-3,29,24,TRUE,Baltimore Ravens,5-3,away,BAL,7.5,44.5,300,-380,-110,-110,1,nflreadr,Cleveland Browns,2-6,Baltimore Ravens,5-3,0.348,0.652,0.7446999999999999,0.6571773868671946,0.3428226131328054,192,192,1,1,115,4016718522703,270300,NA,NA,NA,NA,NA,NA,NA,NA,NA,NA,FALSE,0,0,FALSE,0,0,FALSE
nfl,2024,401671720,2024-10-27T17:00Z,Detroit Lions,Tennessee Titans,DET,TEN,6-1,1-6,52,14,TRUE,Detroit Lions,6-1,home,DET,12.5,45,-800,550,-115,-105,1,nflreadr,Detroit Lions,6-1,Tennessee Titans,1-6,0.7373,0.7373,0.3507,0.25092671799258615,0.7490732820074139,172,172,1,1,32,401671720746,74600,NA,NA,NA,NA,NA,NA,NA,NA,NA,NA,FALSE,0,0,FALSE,0,0,FALSE
nfl,2024,401671850,2024-10-27T17:00Z,Miami Dolphins,Arizona Cardinals,MIA,ARI,2-5,4-4,27,28,FALSE,Arizona Cardinals,4-4,home,MIA,4,46.5,-198,164,-112,-108,1,nflreadr,Arizona Cardinals,4-4,Miami Dolphins,2-5,0.48,0.52,0.8952,0.8829311885612154,0.11706881143878456,182,182,1,1,141,4016718503317,331700,NA,NA,NA,NA,NA,NA,NA,NA,NA,NA,FALSE,0,0,FALSE,0,0,FALSE
nfl,2024,401671618,2024-10-27T17:00Z,New England Patriots,New York Jets,NE,NYJ,2-6,2-6,25,22,TRUE,New York Jets,2-6,away,NYJ,7,41,245,-305,-110,-110,1,nflreadr,New England Patriots,2-6,New York Jets,2-6,0.288,0.712,0.9105,0.9017023613399231,0.0982976386600769,181,181,1,1,159,4016716183746,374600,NA,NA,NA,NA,NA,NA,NA,NA,NA,NA,FALSE,0,0,FALSE,0,0,FALSE
nfl,2024,401671739,2024-10-27T17:00Z,Tampa Bay Buccaneers,Atlanta Falcons,TB,ATL,4-4,5-3,26,31,FALSE,Tampa Bay Buccaneers,4-4,away,ATL,1.5,47,102,-122,-110,-110,1,nflreadr,Atlanta Falcons,5-3,Tampa Bay Buccaneers,4-4,0.5773,0.5773,0.7453,0.658258419428418,0.341741580571582,191,191,1,1,48,4016717391190,119000,NA,NA,NA,NA,NA,NA,NA,NA,NA,NA,FALSE,0,0,FALSE,0,0,FALSE
nfl,2024,401671707,2024-10-27T17:00Z,Jacksonville Jaguars,Green Bay Packers,JAX,GB,2-6,6-2,27,30,FALSE,Green Bay Packers,6-2,away,GB,3.5,49,160,-192,-105,-115,1,nflreadr,Green Bay Packers,6-2,Jacksonville Jaguars,2-6,0.336,0.6639999999999999,0.6598,0.49075477417399205,0.509245225826008,190,190,1,1,124,4016717072817,281700,NA,NA,NA,NA,NA,NA,NA,NA,NA,NA,FALSE,0,0,FALSE,0,0,FALSE
nfl,2024,401671856,2024-10-27T17:00Z,Houston Texans,Indianapolis Colts,HOU,IND,6-2,4-4,23,20,TRUE,Houston Texans,6-2,home,HOU,5,45,-225,185,-108,-112,1,nflreadr,Houston Texans,6-2,Indianapolis Colts,4-4,0.6027,0.6027,0.6316999999999999,0.4169700807345258,0.5830299192654742,199,199,1,1,48,4016718561017,101700,NA,NA,NA,NA,NA,NA,NA,NA,NA,NA,FALSE,0,0,FALSE,0,0,FALSE
nfl,2024,401671750,2024-10-27T20:05Z,Los Angeles Chargers,New Orleans Saints,LAC,NO,4-3,2-6,26,8,TRUE,Los Angeles Chargers,4-3,home,LAC,7,41.5,-310,250,-110,-110,1,nflreadr,Los Angeles Chargers,4-3,New Orleans Saints,2-6,0.666,0.666,0.4896,0.31781045751633996,0.68218954248366,200,200,1,1,16,401671750370,37000,NA,NA,NA,NA,NA,NA,NA,NA,NA,NA,FALSE,0,0,FALSE,0,0,FALSE
nfl,2024,401671760,2024-10-27T20:05Z,Seattle Seahawks,Buffalo Bills,SEA,BUF,4-4,6-2,10,31,FALSE,Buffalo Bills,6-2,away,BUF,3,45.5,142,-170,100,-120,1,nflreadr,Buffalo Bills,6-2,Seattle Seahawks,4-4,0.3693,0.6307,0.4345,0.1500575373993096,0.8499424626006904,183,183,1,1,63,4016717601541,154100,NA,NA,NA,NA,NA,NA,NA,NA,NA,NA,FALSE,0,0,FALSE,0,0,FALSE
nfl,2024,401671600,2024-10-27T20:25Z,Denver Broncos,Carolina Panthers,DEN,CAR,5-3,1-7,28,14,TRUE,Denver Broncos,5-3,home,DEN,13,40.5,-750,525,-110,-110,1,nflreadr,Denver Broncos,5-3,Carolina Panthers,1-7,0.7553,0.7553,0.5003,0.5108934639216469,0.4891065360783531,185,185,1,1,17,401671600447,44700,NA,NA,NA,NA,NA,NA,NA,NA,NA,NA,FALSE,0,0,FALSE,0,0,FALSE
nfl,2024,401671671,2024-10-27T20:25Z,Las Vegas Raiders,Kansas City Chiefs,LV,KC,2-6,7-0,20,27,FALSE,Kansas City Chiefs,7-0,away,KC,9,42,340,-440,-108,-112,1,nflreadr,Kansas City Chiefs,7-0,Las Vegas Raiders,2-6,0.254,0.746,0.4658,0.4547015886646629,0.5452984113353371,180,180,1,1,48,4016716711102,110200,NA,NA,NA,NA,NA,NA,NA,NA,NA,NA,FALSE,0,0,FALSE,0,0,FALSE
nfl,2024,401671599,2024-10-27T20:25Z,Washington Commanders,Chicago Bears,WSH,CHI,6-2,4-3,18,15,TRUE,Washington Commanders,6-2,NA,NA,NA,NA,NA,NA,NA,NA,NA,NA,Washington Commanders,6-2,Chicago Bears,4-3,0.502,0.502,0.9938,0.9937613201851478,0.006238679814852155,195,195,1,1,192,4016715994469,446900,NA,NA,NA,NA,NA,NA,NA,NA,NA,NA,FALSE,0,0,FALSE,0,0,FALSE
nfl,2024,401671795,2024-10-28T00:20Z,San Francisco 49ers,Dallas Cowboys,SF,DAL,4-4,3-4,30,24,TRUE,San Francisco 49ers,4-4,NA,NA,NA,NA,NA,NA,NA,NA,NA,NA,San Francisco 49ers,4-4,Dallas Cowboys,3-4,0.674,0.674,0.6426000000000001,0.49268596327419867,0.5073140367258013,188,188,1,1,65,4016717951564,156400,NA,NA,NA,NA,NA,NA,NA,NA,NA,NA,FALSE,0,0,FALSE,0,0,FALSE
nfl,2024,401671685,2024-10-29T00:15Z,Pittsburgh Steelers,New York Giants,PIT,NYG,6-2,2-6,26,18,TRUE,Pittsburgh Steelers,6-2,NA,NA,NA,NA,NA,NA,NA,NA,NA,NA,Pittsburgh Steelers,6-2,New York Giants,2-6,0.6847,0.6847,0.5072,0.3783517350157728,0.6216482649842272,200,200,1,1,105,4016716852457,245700,NA,NA,NA,NA,NA,NA,NA,NA,NA,NA,FALSE,0,0,FALSE,0,0,FALSE
nfl,2024,401671809,2024-11-01T00:15Z,New York Jets,Houston Texans,NYJ,HOU,3-6,6-3,21,13,TRUE,New York Jets,3-6,NA,NA,NA,NA,NA,NA,NA,NA,NA,NA,New York Jets,3-6,Houston Texans,6-3,0.5007,0.5007,0.7677,0.6974078416047935,0.3025921583952065,186,186,1,1,84,4016718092056,205600,NA,NA,NA,NA,NA,NA,NA,NA,NA,NA,FALSE,0,0,FALSE,0,0,FALSE
nfl,2024,401671728,2024-11-03T18:00Z,Atlanta Falcons,Dallas Cowboys,ATL,DAL,6-3,3-5,27,21,TRUE,Atlanta Falcons,6-3,home,ATL,3,52,-166,140,-115,-105,1,nflreadr,Atlanta Falcons,6-3,Dallas Cowboys,3-5,0.566,0.566,0.5730999999999999,0.2551038213226311,0.7448961786773689,189,189,1,1,16,401671728366,36600,NA,NA,NA,NA,NA,NA,NA,NA,NA,NA,FALSE,0,0,FALSE,0,0,FALSE
nfl,2024,401671493,2024-11-03T18:00Z,Buffalo Bills,Miami Dolphins,BUF,MIA,7-2,2-6,30,27,TRUE,Buffalo Bills,7-2,home,BUF,6.5,49,-285,230,-110,-110,1,nflreadr,Buffalo Bills,7-2,Miami Dolphins,2-6,0.7347,0.7347,0.6442,0.5881713753492704,0.41182862465072956,179,179,1,1,165,4016714934083,408300,NA,NA,NA,NA,NA,NA,NA,NA,NA,NA,FALSE,0,0,FALSE,0,0,FALSE
nfl,2024,401671704,2024-11-03T18:00Z,Cincinnati Bengals,Las Vegas Raiders,CIN,LV,4-5,2-7,41,24,TRUE,Cincinnati Bengals,4-5,home,CIN,8,45,-410,320,-110,-110,1,nflreadr,Cincinnati Bengals,4-5,Las Vegas Raiders,2-7,0.6413,0.6413,0.5611999999999999,0.3608339272986456,0.6391660727013544,196,196,1,1,16,401671704410,41000,NA,NA,NA,NA,NA,NA,NA,NA,NA,NA,FALSE,0,0,FALSE,0,0,FALSE
nfl,2024,401671629,2024-11-03T18:00Z,Cleveland Browns,Los Angeles Chargers,CLE,LAC,2-7,5-3,10,27,FALSE,Cleveland Browns,2-7,away,LAC,2,42.5,110,-130,-110,-110,1,nflreadr,Los Angeles Chargers,5-3,Cleveland Browns,2-7,0.5353,0.5353,0.5702,0.24622939319537007,0.7537706068046299,191,191,1,1,10,401671629199,19900,NA,NA,NA,NA,NA,NA,NA,NA,NA,NA,FALSE,0,0,FALSE,0,0,FALSE
nfl,2024,401671822,2024-11-03T18:00Z,Tennessee Titans,New England Patriots,TEN,NE,2-6,2-7,20,17,TRUE,Tennessee Titans,2-6,home,TEN,3,38.5,-162,136,-115,-105,1,nflreadr,Tennessee Titans,2-6,New England Patriots,2-7,0.6453,0.6453,0.591,0.3998307952622673,0.6001692047377327,206,206,1,1,110,4016718222599,259900,NA,NA,NA,NA,NA,NA,NA,NA,NA,NA,FALSE,0,0,FALSE,0,0,FALSE
nfl,2024,401671711,2024-11-03T18:00Z,New York Giants,Washington Commanders,NYG,WSH,2-7,7-2,22,27,FALSE,Washington Commanders,7-2,NA,NA,NA,NA,NA,NA,NA,NA,NA,NA,Washington Commanders,7-2,New York Giants,2-7,0.3587,0.6413,0.4345,0.17445339470655918,0.8255466052934408,172,172,1,1,16,401671711355,35500,NA,NA,NA,NA,NA,NA,NA,NA,NA,NA,FALSE,0,0,FALSE,0,0,FALSE
nfl,2024,401671650,2024-11-03T18:00Z,Carolina Panthers,New Orleans Saints,CAR,NO,2-7,2-7,23,22,TRUE,New Orleans Saints,2-7,away,NO,7,43.5,275,-345,-102,-118,1,nflreadr,Carolina Panthers,2-7,New Orleans Saints,2-7,0.2493,0.7507,0.8488,0.8218661639962299,0.17813383600377009,189,189,1,1,164,4016716503822,382200,NA,NA,NA,NA,NA,NA,NA,NA,NA,NA,FALSE,0,0,FALSE,0,0,FALSE
nfl,2024,401671623,2024-11-03T18:00Z,Baltimore Ravens,Denver Broncos,BAL,DEN,6-3,5-4,41,10,TRUE,Baltimore Ravens,6-3,home,BAL,9,46.5,-440,330,-105,-115,1,nflreadr,Baltimore Ravens,6-3,Denver Broncos,5-4,0.7513,0.7513,0.31420000000000003,0.2084659452577976,0.7915340547422024,172,172,1,1,21,401671623482,48200,NA,NA,NA,NA,NA,NA,NA,NA,NA,NA,FALSE,0,0,FALSE,0,0,FALSE
nfl,2024,401671797,2024-11-03T21:05Z,Philadelphia Eagles,Jacksonville Jaguars,PHI,JAX,6-2,2-7,28,23,TRUE,Philadelphia Eagles,6-2,home,PHI,7.5,46,-340,270,-108,-112,1,nflreadr,Philadelphia Eagles,6-2,Jacksonville Jaguars,2-7,0.684,0.684,0.35929999999999995,0.12051210687447822,0.8794878931255218,180,180,1,1,9,401671797193,19300,NA,NA,NA,NA,NA,NA,NA,NA,NA,NA,FALSE,0,0,FALSE,0,0,FALSE
nfl,2024,401671661,2024-11-03T21:05Z,Arizona Cardinals,Chicago Bears,ARI,CHI,5-4,4-4,29,9,TRUE,Chicago Bears,4-4,home,ARI,1.5,44.5,-120,100,-110,-110,1,nflreadr,Arizona Cardinals,5-4,Chicago Bears,4-4,0.4973,0.5026999999999999,0.5959,0.32186608491357616,0.6781339150864238,187,187,1,1,14,401671661327,32700,NA,NA,NA,NA,NA,NA,NA,NA,NA,NA,FALSE,0,0,FALSE,0,0,FALSE
nfl,2024,401671767,2024-11-03T21:25Z,Green Bay Packers,Detroit Lions,GB,DET,6-3,7-1,14,24,FALSE,Detroit Lions,7-1,away,DET,2.5,47.5,130,-155,100,-120,1,nflreadr,Detroit Lions,7-1,Green Bay Packers,6-3,0.4533,0.5467,0.5498,0.18115678428519444,0.8188432157148056,174,174,1,1,13,401671767328,32800,NA,NA,NA,NA,NA,NA,NA,NA,NA,NA,FALSE,0,0,FALSE,0,0,FALSE
nfl,2024,401671776,2024-11-03T21:25Z,Seattle Seahawks,Los Angeles Rams,SEA,LAR,4-5,4-4,20,26,FALSE,Los Angeles Rams,4-4,NA,NA,NA,NA,NA,NA,NA,NA,NA,NA,Los Angeles Rams,4-4,Seattle Seahawks,4-5,0.492,0.508,0.8052,0.7580725285643319,0.24192747143566806,218,218,1,1,210,4016717765069,506900,NA,NA,NA,NA,NA,NA,NA,NA,NA,NA,FALSE,0,0,FALSE,0,0,FALSE
nfl,2024,401671647,2024-11-04T01:20Z,Minnesota Vikings,Indianapolis Colts,MIN,IND,6-2,4-5,21,13,TRUE,Minnesota Vikings,6-2,NA,NA,NA,NA,NA,NA,NA,NA,NA,NA,Minnesota Vikings,6-2,Indianapolis Colts,4-5,0.536,0.536,0.7601,0.6843836337324036,0.31561636626759637,177,177,1,1,62,4016716471444,144400,NA,NA,NA,NA,NA,NA,NA,NA,NA,NA,FALSE,0,0,FALSE,0,0,FALSE
nfl,2024,401671688,2024-11-05T01:15Z,Kansas City Chiefs,Tampa Bay Buccaneers,KC,TB,8-0,4-5,30,24,TRUE,Kansas City Chiefs,8-0,NA,NA,NA,NA,NA,NA,NA,NA,NA,NA,Kansas City Chiefs,8-0,Tampa Bay Buccaneers,4-5,0.652,0.652,0.7581,0.6809128083366311,0.31908719166336885,195,195,1,1,111,4016716882581,258100,NA,NA,NA,NA,NA,NA,NA,NA,NA,NA,FALSE,0,0,FALSE,0,0,FALSE
nfl,2024,401671810,2024-11-08T01:15Z,Baltimore Ravens,Cincinnati Bengals,BAL,CIN,7-3,4-6,35,34,TRUE,Baltimore Ravens,7-3,NA,NA,NA,NA,NA,NA,NA,NA,NA,NA,Baltimore Ravens,7-3,Cincinnati Bengals,4-6,0.7113,0.7113,0.8844,0.8692899140660335,0.1307100859339665,193,193,1,1,117,4016718102873,287300,NA,NA,NA,NA,NA,NA,NA,NA,NA,NA,FALSE,0,0,FALSE,0,0,FALSE
nfl,2024,401671803,2024-11-10T14:30Z,Carolina Panthers,New York Giants,CAR,NYG,3-7,2-8,20,17,TRUE,New York Giants,2-8,away,NYG,6.5,40.5,240,-298,-102,-118,1,nflreadr,Carolina Panthers,3-7,New York Giants,2-8,0.3407,0.6593,0.7323999999999999,0.634625887493173,0.36537411250682705,198,198,1,1,7,401671803158,15800,NA,NA,NA,NA,NA,NA,NA,NA,NA,NA,FALSE,0,0,FALSE,0,0,FALSE
nfl,2024,401671873,2024-11-10T18:00Z,Chicago Bears,New England Patriots,CHI,NE,4-5,3-7,3,19,FALSE,Chicago Bears,4-5,home,CHI,6.5,37.5,-325,260,-110,-110,1,nflreadr,New England Patriots,3-7,Chicago Bears,4-5,0.73,0.73,0.785,0.7261146496815287,0.2738853503184713,188,188,1,1,6,401671873131,13100,NA,NA,NA,NA,NA,NA,NA,NA,NA,NA,FALSE,0,0,FALSE,0,0,FALSE
nfl,2024,401671863,2024-11-10T18:00Z,Indianapolis Colts,Buffalo Bills,IND,BUF,4-6,8-2,20,30,FALSE,Buffalo Bills,8-2,away,BUF,4.5,46.5,190,-230,-105,-115,1,nflreadr,Buffalo Bills,8-2,Indianapolis Colts,4-6,0.3573,0.6427,0.5746,0.378176122520014,0.621823877479986,194,194,1,1,65,4016718631460,146000,NA,NA,NA,NA,NA,NA,NA,NA,NA,NA,FALSE,0,0,FALSE,0,0,FALSE
nfl,2024,401671637,2024-11-10T18:00Z,Kansas City Chiefs,Denver Broncos,KC,DEN,9-0,5-5,16,14,TRUE,Kansas City Chiefs,9-0,home,KC,7.5,42.5,-380,300,-105,-115,1,nflreadr,Kansas City Chiefs,9-0,Denver Broncos,5-5,0.762,0.762,0.9353,0.9308243344381482,0.06917566556185184,182,182,1,1,180,4016716374038,403800,NA,NA,NA,NA,NA,NA,NA,NA,NA,NA,FALSE,0,0,FALSE,0,0,FALSE
nfl,2024,401671733,2024-11-10T18:00Z,New Orleans Saints,Atlanta Falcons,NO,ATL,3-7,6-4,20,17,TRUE,Atlanta Falcons,6-4,away,ATL,3.5,46.5,160,-192,-108,-112,1,nflreadr,New Orleans Saints,3-7,Atlanta Falcons,6-4,0.476,0.524,0.5408999999999999,0.15122943242743547,0.8487705675725645,184,184,1,1,5,401671733107,10700,NA,NA,NA,NA,NA,NA,NA,NA,NA,NA,FALSE,0,0,FALSE,0,0,FALSE
nfl,2024,401671742,2024-11-10T18:00Z,Tampa Bay Buccaneers,San Francisco 49ers,TB,SF,4-6,5-4,20,23,FALSE,San Francisco 49ers,5-4,away,SF,6.5,50.5,240,-298,-102,-118,1,nflreadr,San Francisco 49ers,5-4,Tampa Bay Buccaneers,4-6,0.4713,0.5287,0.7488,0.6645299145299146,0.3354700854700854,177,177,1,1,128,4016717422917,291700,NA,NA,NA,NA,NA,NA,NA,NA,NA,NA,FALSE,0,0,FALSE,0,0,FALSE
nfl,2024,401671641,2024-11-10T18:00Z,Washington Commanders,Pittsburgh Steelers,WSH,PIT,7-3,7-2,27,28,FALSE,Washington Commanders,7-3,NA,NA,NA,NA,NA,NA,NA,NA,NA,NA,Pittsburgh Steelers,7-2,Washington Commanders,7-3,0.5313,0.5313,0.8392,0.8083889418493804,0.19161105815061963,197,197,1,1,108,4016716412454,245400,NA,NA,NA,NA,NA,NA,NA,NA,NA,NA,FALSE,0,0,FALSE,0,0,FALSE
nfl,2024,401671708,2024-11-10T18:00Z,Jacksonville Jaguars,Minnesota Vikings,JAX,MIN,2-8,7-2,7,12,FALSE,Minnesota Vikings,7-2,away,MIN,7,42.5,280,-345,100,-120,1,nflreadr,Minnesota Vikings,7-2,Jacksonville Jaguars,2-8,0.3219,0.6780999999999999,0.6022,0.4654599800730652,0.5345400199269348,177,177,1,1,100,4016717082399,239900,NA,NA,NA,NA,NA,NA,NA,NA,NA,NA,FALSE,0,0,FALSE,0,0,FALSE
nfl,2024,401671751,2024-11-10T21:05Z,Los Angeles Chargers,Tennessee Titans,LAC,TEN,6-3,2-7,27,17,TRUE,Los Angeles Chargers,6-3,home,LAC,8,40,-380,300,-112,-108,1,nflreadr,Los Angeles Chargers,6-3,Tennessee Titans,2-7,0.6527,0.6527,0.5609999999999999,0.3809269162210337,0.6190730837789663,163,163,1,1,57,4016717511313,131300,NA,NA,NA,NA,NA,NA,NA,NA,NA,NA,FALSE,0,0,FALSE,0,0,FALSE
nfl,2024,401671676,2024-11-10T21:25Z,Dallas Cowboys,Philadelphia Eagles,DAL,PHI,3-6,7-2,6,34,FALSE,Philadelphia Eagles,7-2,away,PHI,7.5,44.5,285,-360,-112,-108,1,nflreadr,Philadelphia Eagles,7-2,Dallas Cowboys,3-6,0.2973,0.7027,0.4001,0.25693576605848534,0.7430642339415147,180,180,1,1,74,4016716761762,176200,NA,NA,NA,NA,NA,NA,NA,NA,NA,NA,FALSE,0,0,FALSE,0,0,FALSE
nfl,2024,401671678,2024-11-10T21:25Z,Arizona Cardinals,New York Jets,ARI,NYJ,6-4,3-7,31,6,TRUE,New York Jets,3-7,away,NYJ,2,45.5,110,-130,-110,-110,1,nflreadr,Arizona Cardinals,6-4,New York Jets,3-7,0.4987,0.5013000000000001,0.5013000000000001,0.005186515060842112,0.9948134849391579,157,157,1,1,1,4016716781,100,NA,NA,NA,NA,NA,NA,NA,NA,NA,NA,FALSE,0,0,FALSE,0,0,FALSE
nfl,2024,401671787,2024-11-11T01:20Z,Houston Texans,Detroit Lions,HOU,DET,6-4,8-1,23,26,FALSE,Detroit Lions,8-1,NA,NA,NA,NA,NA,NA,NA,NA,NA,NA,Detroit Lions,8-1,Houston Texans,6-4,0.36870000000000003,0.6313,0.921,0.9142236699239956,0.08577633007600438,190,190,1,1,100,4016717872235,223500,NA,NA,NA,NA,NA,NA,NA,NA,NA,NA,FALSE,0,0,FALSE,0,0,FALSE
nfl,2024,401671693,2024-11-12T01:15Z,Los Angeles Rams,Miami Dolphins,LAR,MIA,4-5,3-6,15,23,FALSE,Los Angeles Rams,4-5,NA,NA,NA,NA,NA,NA,NA,NA,NA,NA,Miami Dolphins,3-6,Los Angeles Rams,4-5,0.552,0.552,0.574,0.2578397212543553,0.7421602787456447,178,178,1,1,2,40167169340,4000,NA,NA,NA,NA,NA,NA,NA,NA,NA,NA,FALSE,0,0,FALSE,0,0,FALSE
nfl,2024,401671813,2024-11-15T01:15Z,Philadelphia Eagles,Washington Commanders,PHI,WSH,8-2,7-4,26,18,TRUE,Philadelphia Eagles,8-2,NA,NA,NA,NA,NA,NA,NA,NA,NA,NA,Philadelphia Eagles,8-2,Washington Commanders,7-4,0.586,0.586,0.7408,0.6501079913606911,0.3498920086393089,189,189,1,1,111,4016718132487,248700,NA,NA,NA,NA,NA,NA,NA,NA,NA,NA,FALSE,0,0,FALSE,0,0,FALSE
nfl,2024,401671869,2024-11-17T18:00Z,Chicago Bears,Green Bay Packers,CHI,GB,4-6,7-3,19,20,FALSE,Green Bay Packers,7-3,away,GB,6,41,215,-265,-105,-115,1,nflreadr,Green Bay Packers,7-3,Chicago Bears,4-6,0.3727,0.6273,0.8393,0.8085309186226619,0.1914690813773381,159,159,1,1,138,4016718693121,312100,NA,NA,NA,NA,NA,NA,NA,NA,NA,NA,FALSE,0,0,FALSE,0,0,FALSE
nfl,2024,401671642,2024-11-17T18:00Z,Detroit Lions,Jacksonville Jaguars,DET,JAX,9-1,2-9,52,6,TRUE,Detroit Lions,9-1,home,DET,14,47.5,-1000,650,-115,-105,1,nflreadr,Detroit Lions,9-1,Jacksonville Jaguars,2-9,0.8527,0.8527,0.239,0.3836820083682009,0.6163179916317991,174,174,1,1,12,401671642266,26600,NA,NA,NA,NA,NA,NA,NA,NA,NA,NA,FALSE,0,0,FALSE,0,0,FALSE
nfl,2024,401671824,2024-11-17T18:00Z,Tennessee Titans,Minnesota Vikings,TEN,MIN,2-8,8-2,13,23,FALSE,Minnesota Vikings,8-2,away,MIN,6,40,235,-290,-102,-118,1,nflreadr,Minnesota Vikings,8-2,Tennessee Titans,2-8,0.3447,0.6553,0.4897,0.2960996528486829,0.7039003471513171,187,187,1,1,23,401671824519,51900,NA,NA,NA,NA,NA,NA,NA,NA,NA,NA,FALSE,0,0,FALSE,0,0,FALSE
nfl,2024,401671851,2024-11-17T18:00Z,Miami Dolphins,Las Vegas Raiders,MIA,LV,4-6,2-8,34,19,TRUE,Miami Dolphins,4-6,home,MIA,8,43.5,-425,330,-115,-105,1,nflreadr,Miami Dolphins,4-6,Las Vegas Raiders,2-8,0.6233,0.6233,0.3767,0,1,177,177,1,1,1,4016718511,100,NA,NA,NA,NA,NA,NA,NA,NA,NA,NA,FALSE,0,0,FALSE,0,0,FALSE
nfl,2024,401671701,2024-11-17T18:00Z,New England Patriots,Los Angeles Rams,NE,LAR,3-8,5-5,22,28,FALSE,Los Angeles Rams,5-5,NA,NA,NA,NA,NA,NA,NA,NA,NA,NA,Los Angeles Rams,5-5,New England Patriots,3-8,0.3573,0.6427,0.6695,0.5063480209111277,0.49365197908887226,187,187,1,1,42,401671701934,93400,NA,NA,NA,NA,NA,NA,NA,NA,NA,NA,FALSE,0,0,FALSE,0,0,FALSE
nfl,2024,401671746,2024-11-17T18:00Z,New Orleans Saints,Cleveland Browns,NO,CLE,4-7,2-8,35,14,TRUE,Cleveland Browns,2-8,away,CLE,1,44,-105,-115,-110,-110,1,nflreadr,New Orleans Saints,4-7,Cleveland Browns,2-8,0.4947,0.5053000000000001,0.5476,0.1738495252008765,0.8261504747991235,184,184,1,1,132,4016717462997,299700,NA,NA,NA,NA,NA,NA,NA,NA,NA,NA,FALSE,0,0,FALSE,0,0,FALSE
nfl,2024,401671782,2024-11-17T18:00Z,New York Jets,Indianapolis Colts,NYJ,IND,3-8,5-6,27,28,FALSE,New York Jets,3-8,home,NYJ,4,43,-205,170,-110,-110,1,nflreadr,Indianapolis Colts,5-6,New York Jets,3-8,0.596,0.596,0.8721,0.8533425065932805,0.14665749340671952,177,177,1,1,137,4016717823119,311900,NA,NA,NA,NA,NA,NA,NA,NA,NA,NA,FALSE,0,0,FALSE,0,0,FALSE
nfl,2024,401671630,2024-11-17T18:00Z,Pittsburgh Steelers,Baltimore Ravens,PIT,BAL,8-2,7-4,18,16,TRUE,Baltimore Ravens,7-4,away,BAL,3,48,145,-175,100,-120,1,nflreadr,Pittsburgh Steelers,8-2,Baltimore Ravens,7-4,0.38,0.62,0.6416,0.4413965087281795,0.5586034912718205,202,202,1,1,2,40167163040,4000,NA,NA,NA,NA,NA,NA,NA,NA,NA,NA,FALSE,0,0,FALSE,0,0,FALSE
nfl,2024,401671748,2024-11-17T21:05Z,Denver Broncos,Atlanta Falcons,DEN,ATL,6-5,6-5,38,6,TRUE,Atlanta Falcons,6-5,home,DEN,2,44.5,-135,114,-112,-108,1,nflreadr,Denver Broncos,6-5,Atlanta Falcons,6-5,0.42,0.5800000000000001,0.5820000000000001,0.2817869415807561,0.7182130584192439,173,173,1,1,4,40167174879,7900,NA,NA,NA,NA,NA,NA,NA,NA,NA,NA,FALSE,0,0,FALSE,0,0,FALSE
nfl,2024,401671757,2024-11-17T21:05Z,San Francisco 49ers,Seattle Seahawks,SF,SEA,5-5,5-5,17,20,FALSE,San Francisco 49ers,5-5,home,SF,6,49,-265,215,-110,-110,1,nflreadr,Seattle Seahawks,5-5,San Francisco 49ers,5-5,0.6733,0.6733,0.9026,0.8920895191668512,0.1079104808331488,171,171,1,1,147,4016717573482,348200,NA,NA,NA,NA,NA,NA,NA,NA,NA,NA,FALSE,0,0,FALSE,0,0,FALSE
nfl,2024,401671665,2024-11-17T21:25Z,Buffalo Bills,Kansas City Chiefs,BUF,KC,9-2,9-1,30,21,TRUE,Buffalo Bills,9-2,home,BUF,2.5,46.5,-142,120,-112,-108,1,nflreadr,Buffalo Bills,9-2,Kansas City Chiefs,9-1,0.532,0.532,0.5465,0.17017383348581872,0.8298261665141813,180,180,1,1,78,4016716652088,208800,NA,NA,NA,NA,NA,NA,NA,NA,NA,NA,FALSE,0,0,FALSE,0,0,FALSE
nfl,2024,401671675,2024-11-18T01:20Z,Los Angeles Chargers,Cincinnati Bengals,LAC,CIN,7-3,4-7,34,27,TRUE,Los Angeles Chargers,7-3,NA,NA,NA,NA,NA,NA,NA,NA,NA,NA,Los Angeles Chargers,7-3,Cincinnati Bengals,4-7,0.522,0.522,0.7336,0.6368593238822247,0.36314067611777534,213,213,1,1,186,4016716754512,451200,NA,NA,NA,NA,NA,NA,NA,NA,NA,NA,FALSE,0,0,FALSE,0,0,FALSE
nfl,2024,401671694,2024-11-19T01:15Z,Dallas Cowboys,Houston Texans,DAL,HOU,3-7,7-4,10,34,FALSE,Houston Texans,7-4,NA,NA,NA,NA,NA,NA,NA,NA,NA,NA,Houston Texans,7-4,Dallas Cowboys,3-7,0.2987,0.7013,0.3101,0.036762334730732094,0.9632376652692679,201,201,1,1,3,40167169463,6300,NA,NA,NA,NA,NA,NA,NA,NA,NA,NA,FALSE,0,0,FALSE,0,0,FALSE
nfl,2024,401671875,2024-11-22T01:15Z,Cleveland Browns,Pittsburgh Steelers,CLE,PIT,3-8,8-3,24,19,TRUE,Pittsburgh Steelers,8-3,NA,NA,NA,NA,NA,NA,NA,NA,NA,NA,Cleveland Browns,3-8,Pittsburgh Steelers,8-3,0.4433,0.5567,0.6877,0.5458775628907953,0.45412243710920475,181,181,1,1,155,4016718753565,356500,NA,NA,NA,NA,NA,NA,NA,NA,NA,NA,FALSE,0,0,FALSE,0,0,FALSE
nfl,2024,401671870,2024-11-24T18:00Z,Chicago Bears,Minnesota Vikings,CHI,MIN,4-7,9-2,27,30,FALSE,Minnesota Vikings,9-2,away,MIN,3,39.5,145,-175,100,-120,1,nflreadr,Minnesota Vikings,9-2,Chicago Bears,4-7,0.422,0.5780000000000001,0.7376,0.6442516268980478,0.3557483731019522,206,206,1,1,184,4016718704315,431500,NA,NA,NA,NA,NA,NA,NA,NA,NA,NA,FALSE,0,0,FALSE,0,0,FALSE
nfl,2024,401671866,2024-11-24T18:00Z,Indianapolis Colts,Detroit Lions,IND,DET,5-7,10-1,6,24,FALSE,Detroit Lions,10-1,away,DET,7,50.5,295,-375,102,-122,1,nflreadr,Detroit Lions,10-1,Indianapolis Colts,5-7,0.2627,0.7373000000000001,0.5157,0.4905953073492342,0.5094046926507658,178,178,1,1,29,401671866630,63000,NA,NA,NA,NA,NA,NA,NA,NA,NA,NA,FALSE,0,0,FALSE,0,0,FALSE
nfl,2024,401671847,2024-11-24T18:00Z,Miami Dolphins,New England Patriots,MIA,NE,5-6,3-9,34,15,TRUE,Miami Dolphins,5-6,home,MIA,7.5,46,-360,285,-105,-115,1,nflreadr,Miami Dolphins,5-6,New England Patriots,3-9,0.6787,0.6787,0.4467,0.28072531900604425,0.7192746809939558,192,192,1,1,22,401671847505,50500,NA,NA,NA,NA,NA,NA,NA,NA,NA,NA,FALSE,0,0,FALSE,0,0,FALSE
nfl,2024,401671638,2024-11-24T18:00Z,New York Giants,Tampa Bay Buccaneers,NYG,TB,2-9,5-6,7,30,FALSE,Tampa Bay Buccaneers,5-6,away,TB,6.5,40.5,240,-298,-112,-108,1,nflreadr,Tampa Bay Buccaneers,5-6,New York Giants,2-9,0.2993,0.7007,0.2993,0,1,166,166,1,1,1,4016716381,100,NA,NA,NA,NA,NA,NA,NA,NA,NA,NA,FALSE,0,0,FALSE,0,0,FALSE
nfl,2024,401671715,2024-11-24T18:00Z,Washington Commanders,Dallas Cowboys,WSH,DAL,7-5,4-7,26,34,FALSE,Washington Commanders,7-5,NA,NA,NA,NA,NA,NA,NA,NA,NA,NA,Dallas Cowboys,4-7,Washington Commanders,7-5,0.7727,0.7727,0.8579,0.8343629793682248,0.1656370206317752,198,198,1,1,106,4016717152574,257400,NA,NA,NA,NA,NA,NA,NA,NA,NA,NA,FALSE,0,0,FALSE,0,0,FALSE
nfl,2024,401671651,2024-11-24T18:00Z,Carolina Panthers,Kansas City Chiefs,CAR,KC,3-8,10-1,27,30,FALSE,Kansas City Chiefs,10-1,away,KC,11,43,500,-700,-108,-112,1,nflreadr,Kansas City Chiefs,10-1,Carolina Panthers,3-8,0.2347,0.7653,0.3532,0.3355039637599093,0.6644960362400907,192,192,1,1,118,4016716512811,281100,NA,NA,NA,NA,NA,NA,NA,NA,NA,NA,FALSE,0,0,FALSE,0,0,FALSE
nfl,2024,401671858,2024-11-24T18:00Z,Houston Texans,Tennessee Titans,HOU,TEN,7-5,3-8,27,32,FALSE,Houston Texans,7-5,home,HOU,8,40.5,-375,295,-108,-112,1,nflreadr,Tennessee Titans,3-8,Houston Texans,7-5,0.712,0.712,0.8733,0.854918126646055,0.14508187335394496,190,190,1,1,4,40167185892,9200,NA,NA,NA,NA,NA,NA,NA,NA,NA,NA,FALSE,0,0,FALSE,0,0,FALSE
nfl,2024,401671656,2024-11-24T21:05Z,Las Vegas Raiders,Denver Broncos,LV,DEN,2-9,7-5,19,29,FALSE,Denver Broncos,7-5,away,DEN,6.5,41.5,225,-278,-115,-105,1,nflreadr,Denver Broncos,7-5,Las Vegas Raiders,2-9,0.44,0.56,0.7148,0.6010072747621713,0.3989927252378287,212,212,1,1,106,4016716562310,231000,NA,NA,NA,NA,NA,NA,NA,NA,NA,NA,FALSE,0,0,FALSE,0,0,FALSE
nfl,2024,401671768,2024-11-24T21:25Z,Green Bay Packers,San Francisco 49ers,GB,SF,8-3,5-6,38,10,TRUE,Green Bay Packers,8-3,home,GB,6.5,44.5,-290,235,-108,-112,1,nflreadr,Green Bay Packers,8-3,San Francisco 49ers,5-6,0.694,0.694,0.33720000000000006,0.09252669039145911,0.9074733096085409,169,169,1,1,14,401671768328,32800,NA,NA,NA,NA,NA,NA,NA,NA,NA,NA,FALSE,0,0,FALSE,0,0,FALSE
nfl,2024,401671775,2024-11-24T21:25Z,Seattle Seahawks,Arizona Cardinals,SEA,ARI,6-5,6-5,16,6,TRUE,Arizona Cardinals,6-5,away,ARI,1,46.5,-105,-115,-110,-110,1,nflreadr,Seattle Seahawks,6-5,Arizona Cardinals,6-5,0.4507,0.5493,0.6615,0.4882842025699168,0.5117157974300832,175,175,1,1,50,4016717751237,123700,NA,NA,NA,NA,NA,NA,NA,NA,NA,NA,FALSE,0,0,FALSE,0,0,FALSE
nfl,2024,401671794,2024-11-25T01:20Z,Los Angeles Rams,Philadelphia Eagles,LAR,PHI,5-6,9-2,20,37,FALSE,Philadelphia Eagles,9-2,NA,NA,NA,NA,NA,NA,NA,NA,NA,NA,Philadelphia Eagles,9-2,Los Angeles Rams,5-6,0.4073,0.5927,0.6571,0.47816161923603717,0.5218383807639628,188,188,1,1,43,4016717941050,105000,NA,NA,NA,NA,NA,NA,NA,NA,NA,NA,FALSE,0,0,FALSE,0,0,FALSE
nfl,2024,401671689,2024-11-26T01:15Z,Los Angeles Chargers,Baltimore Ravens,LAC,BAL,7-4,8-4,23,30,FALSE,Baltimore Ravens,8-4,NA,NA,NA,NA,NA,NA,NA,NA,NA,NA,Baltimore Ravens,8-4,Los Angeles Chargers,7-4,0.3933,0.6067,0.7732,0.7066735644076565,0.2933264355923435,186,186,1,1,48,4016716891128,112800,NA,NA,NA,NA,NA,NA,NA,NA,NA,NA,FALSE,0,0,FALSE,0,0,FALSE
nfl,2024,401671492,2024-11-28T17:30Z,Detroit Lions,Chicago Bears,DET,CHI,11-1,4-8,23,20,TRUE,Detroit Lions,11-1,home,DET,9.5,47.5,-520,390,-118,-102,1,nflreadr,Detroit Lions,11-1,Chicago Bears,4-8,0.7633,0.7633,0.4419999999999999,0.46447963800904957,0.5355203619909504,185,185,1,1,179,4016714924299,429900,NA,NA,NA,NA,NA,NA,NA,NA,NA,NA,FALSE,0,0,FALSE,0,0,FALSE
nfl,2024,401671779,2024-11-28T21:30Z,Dallas Cowboys,New York Giants,DAL,NYG,5-7,2-10,27,20,TRUE,New York Giants,2-10,home,DAL,4.5,39,-218,185,-110,-110,1,nflreadr,Dallas Cowboys,5-7,New York Giants,2-10,0.4864,0.5136000000000001,0.6315999999999999,0.41671944268524364,0.5832805573147564,197,197,1,1,37,401671779851,85100,NA,NA,NA,NA,NA,NA,NA,NA,NA,NA,FALSE,0,0,FALSE,0,0,FALSE
nfl,2024,401671798,2024-11-29T01:20Z,Green Bay Packers,Miami Dolphins,GB,MIA,9-3,5-7,30,17,TRUE,Green Bay Packers,9-3,NA,NA,NA,NA,NA,NA,NA,NA,NA,NA,Green Bay Packers,9-3,Miami Dolphins,5-7,0.6647,0.6647,0.3519,0.047172492185279746,0.9528275078147203,186,186,1,1,6,401671798135,13500,NA,NA,NA,NA,NA,NA,NA,NA,NA,NA,FALSE,0,0,FALSE,0,0,FALSE
nfl,2024,401671806,2024-11-29T20:00Z,Kansas City Chiefs,Las Vegas Raiders,KC,LV,11-1,2-10,19,17,TRUE,Kansas City Chiefs,11-1,home,KC,13.5,42,-800,550,-112,-108,1,nflreadr,Kansas City Chiefs,11-1,Las Vegas Raiders,2-10,0.7693,0.7693,0.688,0.6646802325581395,0.33531976744186054,201,201,1,1,197,4016718064792,479200,NA,NA,NA,NA,NA,NA,NA,NA,NA,NA,FALSE,0,0,FALSE,0,0,FALSE
nfl,2024,401671649,2024-12-01T18:00Z,Atlanta Falcons,Los Angeles Chargers,ATL,LAC,6-6,8-4,13,17,FALSE,Los Angeles Chargers,8-4,away,LAC,1,47,-102,-118,-112,-108,1,nflreadr,Los Angeles Chargers,8-4,Atlanta Falcons,6-6,0.4827,0.5173,0.7006,0.5726520125606622,0.4273479874393378,175,175,1,1,27,401671649659,65900,NA,NA,NA,NA,NA,NA,NA,NA,NA,NA,FALSE,0,0,FALSE,0,0,FALSE
nfl,2024,401671627,2024-12-01T18:00Z,Cincinnati Bengals,Pittsburgh Steelers,CIN,PIT,4-8,9-3,38,44,FALSE,Cincinnati Bengals,4-8,home,CIN,3,46,-155,130,-110,-110,1,nflreadr,Pittsburgh Steelers,9-3,Cincinnati Bengals,4-8,0.508,0.508,0.7235,0.61782999308915,0.38217000691085,193,193,1,1,60,4016716271493,149300,NA,NA,NA,NA,NA,NA,NA,NA,NA,NA,FALSE,0,0,FALSE,0,0,FALSE
nfl,2024,401671726,2024-12-01T18:00Z,Minnesota Vikings,Arizona Cardinals,MIN,ARI,10-2,6-6,23,22,TRUE,Minnesota Vikings,10-2,home,MIN,3.5,45.5,-185,154,-110,-110,1,nflreadr,Minnesota Vikings,10-2,Arizona Cardinals,6-6,0.5873,0.5873,0.9253,0.9192694261320653,0.0807305738679347,195,195,1,1,167,4016717263820,382000,NA,NA,NA,NA,NA,NA,NA,NA,NA,NA,FALSE,0,0,FALSE,0,0,FALSE
nfl,2024,401671620,2024-12-01T18:00Z,New England Patriots,Indianapolis Colts,NE,IND,3-10,6-7,24,25,FALSE,Indianapolis Colts,6-7,away,IND,2.5,41.5,114,-135,-105,-115,1,nflreadr,Indianapolis Colts,6-7,New England Patriots,3-10,0.382,0.618,0.9128,0.9044697633654688,0.0955302366345312,183,183,1,1,155,4016716203634,363400,NA,NA,NA,NA,NA,NA,NA,NA,NA,NA,FALSE,0,0,FALSE,0,0,FALSE
nfl,2024,401671703,2024-12-01T18:00Z,New York Jets,Seattle Seahawks,NYJ,SEA,3-9,7-5,21,26,FALSE,New York Jets,3-9,home,NYJ,1,41.5,-115,-105,-110,-110,1,nflreadr,Seattle Seahawks,7-5,New York Jets,3-9,0.558,0.558,0.9275,0.9218328840970351,0.07816711590296488,177,177,1,1,58,4016717031462,146200,NA,NA,NA,NA,NA,NA,NA,NA,NA,NA,FALSE,0,0,FALSE,0,0,FALSE
nfl,2024,401671743,2024-12-01T18:00Z,Washington Commanders,Tennessee Titans,WSH,TEN,8-5,3-9,42,19,TRUE,Washington Commanders,8-5,NA,NA,NA,NA,NA,NA,NA,NA,NA,NA,Washington Commanders,8-5,Tennessee Titans,3-9,0.6653,0.6653,0.35450000000000004,0.05585331452750364,0.9441466854724964,190,190,1,1,2,40167174340,4000,NA,NA,NA,NA,NA,NA,NA,NA,NA,NA,FALSE,0,0,FALSE,0,0,FALSE
nfl,2024,401671705,2024-12-01T18:00Z,Jacksonville Jaguars,Houston Texans,JAX,HOU,2-10,8-5,20,23,FALSE,Houston Texans,8-5,away,HOU,3.5,44.5,160,-192,-110,-110,1,nflreadr,Houston Texans,8-5,Jacksonville Jaguars,2-10,0.4333,0.5667,0.5124,0.15437158469945345,0.8456284153005466,187,187,1,1,100,4016717052146,214600,NA,NA,NA,NA,NA,NA,NA,NA,NA,NA,FALSE,0,0,FALSE,0,0,FALSE
nfl,2024,401671753,2024-12-01T21:05Z,New Orleans Saints,Los Angeles Rams,NO,LAR,4-8,6-6,14,21,FALSE,New Orleans Saints,4-8,NA,NA,NA,NA,NA,NA,NA,NA,NA,NA,Los Angeles Rams,6-6,New Orleans Saints,4-8,0.534,0.534,0.7333,0.6363016500750034,0.3636983499249966,172,172,1,1,33,401671753794,79400,NA,NA,NA,NA,NA,NA,NA,NA,NA,NA,FALSE,0,0,FALSE,0,0,FALSE
nfl,2024,401671752,2024-12-01T21:05Z,Carolina Panthers,Tampa Bay Buccaneers,CAR,TB,3-9,6-6,23,26,FALSE,Tampa Bay Buccaneers,6-6,away,TB,6.5,46,235,-290,-105,-115,1,nflreadr,Tampa Bay Buccaneers,6-6,Carolina Panthers,3-9,0.226,0.774,0.907,0.8974641675854467,0.10253583241455333,223,223,1,1,193,4016717524471,447100,NA,NA,NA,NA,NA,NA,NA,NA,NA,NA,FALSE,0,0,FALSE,0,0,FALSE
nfl,2024,401671666,2024-12-01T21:25Z,Baltimore Ravens,Philadelphia Eagles,BAL,PHI,8-5,10-2,19,24,FALSE,Baltimore Ravens,8-5,home,BAL,3,50,-162,136,-110,-110,1,nflreadr,Philadelphia Eagles,10-2,Baltimore Ravens,8-5,0.5753,0.5753,0.8063,0.759766836165199,0.24023316383480098,188,188,1,1,40,401671666908,90800,NA,NA,NA,NA,NA,NA,NA,NA,NA,NA,FALSE,0,0,FALSE,0,0,FALSE
nfl,2024,401671781,2024-12-02T01:20Z,Buffalo Bills,San Francisco 49ers,BUF,SF,10-2,5-7,35,10,TRUE,Buffalo Bills,10-2,NA,NA,NA,NA,NA,NA,NA,NA,NA,NA,Buffalo Bills,10-2,San Francisco 49ers,5-7,0.6107,0.6107,0.5129,0.2409826476896082,0.7590173523103918,154,154,1,1,17,401671781383,38300,NA,NA,NA,NA,NA,NA,NA,NA,NA,NA,FALSE,0,0,FALSE,0,0,FALSE
nfl,2024,401671686,2024-12-03T01:15Z,Denver Broncos,Cleveland Browns,DEN,CLE,8-5,3-9,41,32,TRUE,Denver Broncos,8-5,NA,NA,NA,NA,NA,NA,NA,NA,NA,NA,Denver Broncos,8-5,Cleveland Browns,3-9,0.5107,0.5107,0.6532,0.4690753214941825,0.5309246785058175,213,213,1,1,182,4016716864294,429400,NA,NA,NA,NA,NA,NA,NA,NA,NA,NA,FALSE,0,0,FALSE,0,0,FALSE
nfl,2024,401671814,2024-12-06T01:15Z,Detroit Lions,Green Bay Packers,DET,GB,12-1,9-4,34,31,TRUE,Detroit Lions,12-1,NA,NA,NA,NA,NA,NA,NA,NA,NA,NA,Detroit Lions,12-1,Green Bay Packers,9-4,0.6053,0.6053,0.6346,0.42420422313268213,0.5757957768673179,180,180,1,1,104,4016718142559,255900,NA,NA,NA,NA,NA,NA,NA,NA,NA,NA,FALSE,0,0,FALSE,0,0,FALSE
nfl,2024,401671821,2024-12-08T18:00Z,Tennessee Titans,Jacksonville Jaguars,TEN,JAX,3-10,3-10,6,10,FALSE,Tennessee Titans,3-10,home,TEN,3,40,-170,142,-115,-105,1,nflreadr,Jacksonville Jaguars,3-10,Tennessee Titans,3-10,0.5907,0.5907,0.7905,0.7349778621125869,0.26502213788741313,170,170,1,1,110,4016718212558,255800,NA,NA,NA,NA,NA,NA,NA,NA,NA,NA,FALSE,0,0,FALSE,0,0,FALSE
nfl,2024,401671848,2024-12-08T18:00Z,Miami Dolphins,New York Jets,MIA,NYJ,6-7,3-10,32,26,TRUE,Miami Dolphins,6-7,home,MIA,6.5,45,-298,240,-112,-108,1,nflreadr,Miami Dolphins,6-7,New York Jets,3-10,0.562,0.562,0.9013,0.8904915122600687,0.10950848773993127,205,205,1,1,183,4016718484290,429000,NA,NA,NA,NA,NA,NA,NA,NA,NA,NA,FALSE,0,0,FALSE,0,0,FALSE
nfl,2024,401671648,2024-12-08T18:00Z,Minnesota Vikings,Atlanta Falcons,MIN,ATL,11-2,6-7,42,21,TRUE,Minnesota Vikings,11-2,home,MIN,6,46.5,-250,205,-110,-110,1,nflreadr,Minnesota Vikings,11-2,Atlanta Falcons,6-7,0.614,0.614,0.6647000000000001,0.4955619076275013,0.5044380923724987,188,188,1,1,29,401671648658,65800,NA,NA,NA,NA,NA,NA,NA,NA,NA,NA,FALSE,0,0,FALSE,0,0,FALSE
nfl,2024,401671601,2024-12-08T18:00Z,New York Giants,New Orleans Saints,NYG,NO,2-11,5-8,11,14,FALSE,New Orleans Saints,5-8,away,NO,5.5,41,200,-245,-105,-115,1,nflreadr,New Orleans Saints,5-8,New York Giants,2-11,0.3593,0.6407,0.5447,0.34037084633743353,0.6596291536625665,209,209,1,1,202,4016716014708,470800,NA,NA,NA,NA,NA,NA,NA,NA,NA,NA,FALSE,0,0,FALSE,0,0,FALSE
nfl,2024,401671713,2024-12-08T18:00Z,Philadelphia Eagles,Carolina Panthers,PHI,CAR,11-2,3-10,22,16,TRUE,Philadelphia Eagles,11-2,home,PHI,14,44.5,-950,625,-108,-112,1,nflreadr,Philadelphia Eagles,11-2,Carolina Panthers,3-10,0.852,0.852,0.462,0.6796536796536796,0.3203463203463204,175,175,1,1,119,4016717132679,267900,NA,NA,NA,NA,NA,NA,NA,NA,NA,NA,FALSE,0,0,FALSE,0,0,FALSE
nfl,2024,401671631,2024-12-08T18:00Z,Pittsburgh Steelers,Cleveland Browns,PIT,CLE,10-3,3-10,27,14,TRUE,Pittsburgh Steelers,10-3,home,PIT,6,43,-258,210,-108,-112,1,nflreadr,Pittsburgh Steelers,10-3,Cleveland Browns,3-10,0.5887,0.5887,0.6013,0.3369366372858804,0.6630633627141196,193,193,1,1,36,401671631831,83100,NA,NA,NA,NA,NA,NA,NA,NA,NA,NA,FALSE,0,0,FALSE,0,0,FALSE
nfl,2024,401671654,2024-12-08T18:00Z,Tampa Bay Buccaneers,Las Vegas Raiders,TB,LV,7-6,2-11,28,13,TRUE,Tampa Bay Buccaneers,7-6,home,TB,7,47,-325,260,-105,-115,1,nflreadr,Tampa Bay Buccaneers,7-6,Las Vegas Raiders,2-11,0.6927,0.6927,0.5191,0.4080138701598921,0.5919861298401079,174,174,1,1,115,4016716542757,275700,NA,NA,NA,NA,NA,NA,NA,NA,NA,NA,FALSE,0,0,FALSE,0,0,FALSE
nfl,2024,401671660,2024-12-08T21:05Z,Arizona Cardinals,Seattle Seahawks,ARI,SEA,6-7,8-5,18,30,FALSE,Arizona Cardinals,6-7,home,ARI,3,45.5,-175,145,-115,-105,1,nflreadr,Seattle Seahawks,8-5,Arizona Cardinals,6-7,0.5713,0.5713,0.7554,0.6761980407731003,0.3238019592268997,190,190,1,1,10,401671660248,24800,NA,NA,NA,NA,NA,NA,NA,NA,NA,NA,FALSE,0,0,FALSE,0,0,FALSE
nfl,2024,401671773,2024-12-08T21:25Z,Los Angeles Rams,Buffalo Bills,LAR,BUF,7-6,10-3,44,42,TRUE,Buffalo Bills,10-3,NA,NA,NA,NA,NA,NA,NA,NA,NA,NA,Los Angeles Rams,7-6,Buffalo Bills,10-3,0.368,0.632,0.639,0.43505477308294216,0.5649452269170578,189,189,1,1,28,401671773683,68300,NA,NA,NA,NA,NA,NA,NA,NA,NA,NA,FALSE,0,0,FALSE,0,0,FALSE
nfl,2024,401671774,2024-12-08T21:25Z,San Francisco 49ers,Chicago Bears,SF,CHI,6-7,4-9,38,13,TRUE,San Francisco 49ers,6-7,home,SF,3,43.5,-162,136,-110,-110,1,nflreadr,San Francisco 49ers,6-7,Chicago Bears,4-9,0.6047,0.6047,0.3953,0,1,162,162,1,1,1,4016717741,100,NA,NA,NA,NA,NA,NA,NA,NA,NA,NA,FALSE,0,0,FALSE,0,0,FALSE
nfl,2024,401671788,2024-12-09T01:20Z,Kansas City Chiefs,Los Angeles Chargers,KC,LAC,12-1,8-5,19,17,TRUE,Kansas City Chiefs,12-1,NA,NA,NA,NA,NA,NA,NA,NA,NA,NA,Kansas City Chiefs,12-1,Los Angeles Chargers,8-5,0.6107,0.6107,0.7150000000000001,0.6013986013986015,0.39860139860139854,186,186,1,1,164,4016717883830,383000,NA,NA,NA,NA,NA,NA,NA,NA,NA,NA,FALSE,0,0,FALSE,0,0,FALSE
nfl,2024,401671690,2024-12-10T01:15Z,Dallas Cowboys,Cincinnati Bengals,DAL,CIN,5-8,5-8,20,27,FALSE,Cincinnati Bengals,5-8,NA,NA,NA,NA,NA,NA,NA,NA,NA,NA,Cincinnati Bengals,5-8,Dallas Cowboys,5-8,0.3413,0.6587000000000001,0.6436,0.46970167806090746,0.5302983219390925,182,182,1,1,126,4016716903047,304700,NA,NA,NA,NA,NA,NA,NA,NA,NA,NA,FALSE,0,0,FALSE,0,0,FALSE
nfl,2024,401671818,2024-12-13T01:15Z,San Francisco 49ers,Los Angeles Rams,SF,LAR,6-8,8-6,6,12,FALSE,San Francisco 49ers,6-8,NA,NA,NA,NA,NA,NA,NA,NA,NA,NA,Los Angeles Rams,8-6,San Francisco 49ers,6-8,0.6093,0.6093,0.7092,0.5899605188945292,0.41003948110547084,174,174,1,1,49,4016718181103,110300,NA,NA,NA,NA,NA,NA,NA,NA,NA,NA,FALSE,0,0,FALSE,0,0,FALSE
nfl,2024,401671854,2024-12-15T18:00Z,Cleveland Browns,Kansas City Chiefs,CLE,KC,3-11,13-1,7,21,FALSE,Kansas City Chiefs,13-1,away,KC,4.5,41.5,190,-230,-110,-110,1,nflreadr,Kansas City Chiefs,13-1,Cleveland Browns,3-11,0.3973,0.6027,0.4182,0.049976087996174146,0.9500239120038259,188,188,1,1,5,401671854109,10900,NA,NA,NA,NA,NA,NA,NA,NA,NA,NA,FALSE,0,0,FALSE,0,0,FALSE
nfl,2024,401671825,2024-12-15T18:00Z,Tennessee Titans,Cincinnati Bengals,TEN,CIN,3-11,6-8,27,37,FALSE,Cincinnati Bengals,6-8,away,CIN,6,46.5,205,-250,-110,-110,1,nflreadr,Cincinnati Bengals,6-8,Tennessee Titans,3-11,0.3853,0.6147,0.6991,0.5695894721785153,0.4304105278214847,196,196,1,1,52,4016718251310,131000,NA,NA,NA,NA,NA,NA,NA,NA,NA,NA,FALSE,0,0,FALSE,0,0,FALSE
nfl,2024,401671737,2024-12-15T18:00Z,New Orleans Saints,Washington Commanders,NO,WSH,5-9,9-5,19,20,FALSE,Washington Commanders,9-5,NA,NA,NA,NA,NA,NA,NA,NA,NA,NA,Washington Commanders,9-5,New Orleans Saints,5-9,0.3107,0.6893,0.4567,0.3196846945478433,0.6803153054521567,186,186,1,1,185,4016717374380,438000,NA,NA,NA,NA,NA,NA,NA,NA,NA,NA,FALSE,0,0,FALSE,0,0,FALSE
nfl,2024,401671639,2024-12-15T18:00Z,New York Giants,Baltimore Ravens,NYG,BAL,2-12,9-5,14,35,FALSE,Baltimore Ravens,9-5,away,BAL,16.5,43.5,1000,-1800,-108,-112,1,nflreadr,Baltimore Ravens,9-5,New York Giants,2-12,0.1827,0.8173,0.2162,0.154949121184089,0.845050878815911,174,174,1,1,16,401671639380,38000,NA,NA,NA,NA,NA,NA,NA,NA,NA,NA,FALSE,0,0,FALSE,0,0,FALSE
nfl,2024,401671731,2024-12-15T18:00Z,Carolina Panthers,Dallas Cowboys,CAR,DAL,3-11,6-8,14,30,FALSE,Dallas Cowboys,6-8,home,CAR,2.5,42,-142,120,-120,100,1,nflreadr,Dallas Cowboys,6-8,Carolina Panthers,3-11,0.4787,0.5213,0.5966,0.3238350653704325,0.6761649346295675,187,187,1,1,23,401671731581,58100,NA,NA,NA,NA,NA,NA,NA,NA,NA,NA,FALSE,0,0,FALSE,0,0,FALSE
nfl,2024,401671706,2024-12-15T18:00Z,Jacksonville Jaguars,New York Jets,JAX,NYJ,3-11,4-10,25,32,FALSE,New York Jets,4-10,away,NYJ,3.5,41.5,145,-175,-118,-102,1,nflreadr,New York Jets,4-10,Jacksonville Jaguars,3-11,0.38,0.62,0.8335,0.8002399520095982,0.1997600479904018,194,194,1,1,154,4016717063708,370800,NA,NA,NA,NA,NA,NA,NA,NA,NA,NA,FALSE,0,0,FALSE,0,0,FALSE
nfl,2024,401671860,2024-12-15T18:00Z,Houston Texans,Miami Dolphins,HOU,MIA,9-5,6-8,20,12,TRUE,Houston Texans,9-5,home,HOU,2.5,46.5,-155,130,-115,-105,1,nflreadr,Houston Texans,9-5,Miami Dolphins,6-8,0.5427,0.5427,0.5208999999999999,0.12209637166442677,0.8779036283355732,170,170,1,1,55,4016718601220,122000,NA,NA,NA,NA,NA,NA,NA,NA,NA,NA,FALSE,0,0,FALSE,0,0,FALSE
nfl,2024,401671669,2024-12-15T21:25Z,Denver Broncos,Indianapolis Colts,DEN,IND,9-5,6-8,31,13,TRUE,Denver Broncos,9-5,home,DEN,4.5,43.5,-238,195,-115,-105,1,nflreadr,Denver Broncos,9-5,Indianapolis Colts,6-8,0.5693,0.5693,0.7486999999999999,0.6643515426739681,0.3356484573260319,195,195,1,1,38,401671669889,88900,NA,NA,NA,NA,NA,NA,NA,NA,NA,NA,FALSE,0,0,FALSE,0,0,FALSE
nfl,2024,401671681,2024-12-15T21:25Z,Detroit Lions,Buffalo Bills,DET,BUF,12-2,11-3,42,48,FALSE,Detroit Lions,12-2,home,DET,2.5,55.5,-130,110,-110,-110,1,nflreadr,Buffalo Bills,11-3,Detroit Lions,12-2,0.574,0.574,0.5977,0.3269198594612681,0.6730801405387319,202,202,1,1,2,40167168140,4000,NA,NA,NA,NA,NA,NA,NA,NA,NA,NA,FALSE,0,0,FALSE,0,0,FALSE
nfl,2024,401671766,2024-12-15T21:25Z,Philadelphia Eagles,Pittsburgh Steelers,PHI,PIT,12-2,10-4,27,13,TRUE,Philadelphia Eagles,12-2,home,PHI,5.5,43,-265,215,-110,-110,1,nflreadr,Philadelphia Eagles,12-2,Pittsburgh Steelers,10-4,0.6167,0.6167,0.4557,0.1588764538073294,0.8411235461926706,175,175,1,1,31,401671766689,68900,NA,NA,NA,NA,NA,NA,NA,NA,NA,NA,FALSE,0,0,FALSE,0,0,FALSE
nfl,2024,401671677,2024-12-15T21:25Z,Arizona Cardinals,New England Patriots,ARI,NE,7-7,3-11,30,17,TRUE,Arizona Cardinals,7-7,home,ARI,6,46.5,-258,210,-112,-108,1,nflreadr,Arizona Cardinals,7-7,New England Patriots,3-11,0.708,0.708,0.3663,0.20283920283920276,0.7971607971607972,167,167,1,1,6,401671677129,12900,NA,NA,NA,NA,NA,NA,NA,NA,NA,NA,FALSE,0,0,FALSE,0,0,FALSE
nfl,2024,401671762,2024-12-15T21:25Z,Los Angeles Chargers,Tampa Bay Buccaneers,LAC,TB,8-6,8-6,17,40,FALSE,Los Angeles Chargers,8-6,home,LAC,3,46,-162,136,-115,-105,1,nflreadr,Tampa Bay Buccaneers,8-6,Los Angeles Chargers,8-6,0.5147,0.5147,0.7625,0.6885245901639343,0.3114754098360657,173,173,1,1,64,4016717621489,148900,NA,NA,NA,NA,NA,NA,NA,NA,NA,NA,FALSE,0,0,FALSE,0,0,FALSE
nfl,2024,401671796,2024-12-16T01:20Z,Seattle Seahawks,Green Bay Packers,SEA,GB,8-6,10-4,13,30,FALSE,Green Bay Packers,10-4,NA,NA,NA,NA,NA,NA,NA,NA,NA,NA,Green Bay Packers,10-4,Seattle Seahawks,8-6,0.3707,0.6293,0.3707,0,1,180,180,1,1,1,4016717961,100,NA,NA,NA,NA,NA,NA,NA,NA,NA,NA,FALSE,0,0,FALSE,0,0,FALSE
nfl,2024,401671489,2024-12-17T01:00Z,Minnesota Vikings,Chicago Bears,MIN,CHI,12-2,4-10,30,12,TRUE,Minnesota Vikings,12-2,NA,NA,NA,NA,NA,NA,NA,NA,NA,NA,Minnesota Vikings,12-2,Chicago Bears,4-10,0.6553,0.6553,0.3713999999999999,0.07189014539579941,0.9281098546042006,203,203,1,1,4,40167148979,7900,NA,NA,NA,NA,NA,NA,NA,NA,NA,NA,FALSE,0,0,FALSE,0,0,FALSE
nfl,2024,401671697,2024-12-17T01:30Z,Las Vegas Raiders,Atlanta Falcons,LV,ATL,2-12,7-7,9,15,FALSE,Atlanta Falcons,7-7,NA,NA,NA,NA,NA,NA,NA,NA,NA,NA,Atlanta Falcons,7-7,Las Vegas Raiders,2-12,0.428,0.5720000000000001,0.4845,0.11661506707946345,0.8833849329205365,184,184,1,1,10,401671697225,22500,NA,NA,NA,NA,NA,NA,NA,NA,NA,NA,FALSE,0,0,FALSE,0,0,FALSE
nfl,2024,401671749,2024-12-20T01:15Z,Los Angeles Chargers,Denver Broncos,LAC,DEN,9-6,9-6,34,27,TRUE,Los Angeles Chargers,9-6,NA,NA,NA,NA,NA,NA,NA,NA,NA,NA,Los Angeles Chargers,9-6,Denver Broncos,9-6,0.5787,0.5787,0.8645,0.843262001156738,0.156737998843262,184,184,1,1,106,4016717492497,249700,NA,NA,NA,NA,NA,NA,NA,NA,NA,NA,FALSE,0,0,FALSE,0,0,FALSE
nfl,2024,401671780,2024-12-21T18:00Z,Kansas City Chiefs,Houston Texans,KC,HOU,14-1,9-6,27,19,TRUE,Kansas City Chiefs,14-1,home,KC,3.5,42.5,-180,150,100,-120,1,nflreadr,Kansas City Chiefs,14-1,Houston Texans,9-6,0.612,0.612,0.546,0.28937728937728946,0.7106227106227105,183,183,1,1,52,4016717801257,125700,NA,NA,NA,NA,NA,NA,NA,NA,NA,NA,FALSE,0,0,FALSE,0,0,FALSE
nfl,2024,401671778,2024-12-21T21:30Z,Baltimore Ravens,Pittsburgh Steelers,BAL,PIT,10-5,10-5,34,17,TRUE,Baltimore Ravens,10-5,home,BAL,7,44.5,-345,275,-105,-115,1,nflreadr,Baltimore Ravens,10-5,Pittsburgh Steelers,10-5,0.6673,0.6673,0.4839,0.31246125232486055,0.68753874767513945,172,172,1,1,115,4016717782623,262300,NA,NA,NA,NA,NA,NA,NA,NA,NA,NA,FALSE,0,0,FALSE,0,0,FALSE
nfl,2024,401671729,2024-12-22T18:00Z,Atlanta Falcons,New York Giants,ATL,NYG,8-7,2-13,34,7,TRUE,Atlanta Falcons,8-7,home,ATL,9.5,42.5,-550,410,-110,-110,1,nflreadr,Atlanta Falcons,8-7,New York Giants,2-13,0.6333,0.6333,0.6283000000000001,0.4163616106955277,0.5836383893044723,181,181,1,1,40,401671729897,89700,NA,NA,NA,NA,NA,NA,NA,NA,NA,NA,FALSE,0,0,FALSE,0,0,FALSE
nfl,2024,401671868,2024-12-22T18:00Z,Chicago Bears,Detroit Lions,CHI,DET,4-11,13-2,17,34,FALSE,Detroit Lions,13-2,away,DET,7,47.5,270,-340,-110,-110,1,nflreadr,Detroit Lions,13-2,Chicago Bears,4-11,0.2787,0.7213,0.2947,0.0542925008483206,0.9457074991516794,181,181,1,1,2,40167186840,4000,NA,NA,NA,NA,NA,NA,NA,NA,NA,NA,FALSE,0,0,FALSE,0,0,FALSE
nfl,2024,401671811,2024-12-22T18:00Z,Cincinnati Bengals,Cleveland Browns,CIN,CLE,7-8,3-12,24,6,TRUE,Cincinnati Bengals,7-8,home,CIN,10,46.5,-575,425,-112,-108,1,nflreadr,Cincinnati Bengals,7-8,Cleveland Browns,3-12,0.6853,0.6853,0.4615,0.31809317443120266,0.6819068255687973,169,169,1,1,7,401671811129,12900,NA,NA,NA,NA,NA,NA,NA,NA,NA,NA,FALSE,0,0,FALSE,0,0,FALSE
nfl,2024,401671862,2024-12-22T18:00Z,Indianapolis Colts,Tennessee Titans,IND,TEN,7-8,3-12,38,30,TRUE,Indianapolis Colts,7-8,home,IND,4,42.5,-198,164,-108,-112,1,nflreadr,Indianapolis Colts,7-8,Tennessee Titans,3-12,0.5033,0.5033,0.7455,0.6586183769282361,0.3413816230717639,177,177,1,1,37,401671862830,83000,NA,NA,NA,NA,NA,NA,NA,NA,NA,NA,FALSE,0,0,FALSE,0,0,FALSE
nfl,2024,401671621,2024-12-22T18:00Z,New York Jets,Los Angeles Rams,NYJ,LAR,4-11,9-6,9,19,FALSE,Los Angeles Rams,9-6,NA,NA,NA,NA,NA,NA,NA,NA,NA,NA,Los Angeles Rams,9-6,New York Jets,4-11,0.4927,0.5073,0.732,0.6338797814207651,0.36612021857923494,165,165,1,1,89,4016716212047,204700,NA,NA,NA,NA,NA,NA,NA,NA,NA,NA,FALSE,0,0,FALSE,0,0,FALSE
nfl,2024,401671717,2024-12-22T18:00Z,Washington Commanders,Philadelphia Eagles,WSH,PHI,10-5,12-3,36,33,TRUE,Philadelphia Eagles,12-3,NA,NA,NA,NA,NA,NA,NA,NA,NA,NA,Washington Commanders,10-5,Philadelphia Eagles,12-3,0.4073,0.5927,0.9726,0.9718280896565905,0.02817191034340949,196,196,1,1,183,4016717174499,449900,NA,NA,NA,NA,NA,NA,NA,NA,NA,NA,FALSE,0,0,FALSE,0,0,FALSE
nfl,2024,401671732,2024-12-22T18:00Z,Carolina Panthers,Arizona Cardinals,CAR,ARI,4-11,7-8,36,30,TRUE,Arizona Cardinals,7-8,away,ARI,5.5,47,200,-245,-110,-110,1,nflreadr,Carolina Panthers,4-11,Arizona Cardinals,7-8,0.2613,0.7387,0.7664,0.6951983298538622,0.3048016701461378,199,199,1,1,2,40167173240,4000,NA,NA,NA,NA,NA,NA,NA,NA,NA,NA,FALSE,0,0,FALSE,0,0,FALSE
nfl,2024,401671759,2024-12-22T21:05Z,Seattle Seahawks,Minnesota Vikings,SEA,MIN,8-7,13-2,24,27,FALSE,Minnesota Vikings,13-2,away,MIN,2.5,43,124,-148,-105,-115,1,nflreadr,Minnesota Vikings,13-2,Seattle Seahawks,8-7,0.4207,0.5792999999999999,0.8372,0.8055422838031534,0.1944577161968466,190,190,1,1,163,4016717593804,380400,NA,NA,NA,NA,NA,NA,NA,NA,NA,NA,FALSE,0,0,FALSE,0,0,FALSE
nfl,2024,401671494,2024-12-22T21:25Z,Buffalo Bills,New England Patriots,BUF,NE,12-3,3-12,24,21,TRUE,Buffalo Bills,12-3,home,BUF,14,48,-1100,700,-110,-110,1,nflreadr,Buffalo Bills,12-3,New England Patriots,3-12,0.8247,0.8247,0.6606000000000001,0.7346351801392673,0.2653648198607327,187,187,1,1,42,4016714941020,102000,NA,NA,NA,NA,NA,NA,NA,NA,NA,NA,FALSE,0,0,FALSE,0,0,FALSE
nfl,2024,401671673,2024-12-22T21:25Z,Las Vegas Raiders,Jacksonville Jaguars,LV,JAX,3-12,3-12,19,14,TRUE,Las Vegas Raiders,3-12,home,LV,2.5,41.5,-130,110,-110,-110,1,nflreadr,Las Vegas Raiders,3-12,Jacksonville Jaguars,3-12,0.5853,0.5853,0.6582,0.48070495290185367,0.5192950470981463,193,193,1,1,39,401671673958,95800,NA,NA,NA,NA,NA,NA,NA,NA,NA,NA,FALSE,0,0,FALSE,0,0,FALSE
nfl,2024,401671874,2024-12-22T21:25Z,Miami Dolphins,San Francisco 49ers,MIA,SF,7-8,6-9,29,17,TRUE,San Francisco 49ers,6-9,away,SF,2,44,105,-125,-112,-108,1,nflreadr,Miami Dolphins,7-8,San Francisco 49ers,6-9,0.46,0.54,0.6672,0.5011990407673861,0.4988009592326139,186,186,1,1,45,4016718741082,108200,NA,NA,NA,NA,NA,NA,NA,NA,NA,NA,FALSE,0,0,FALSE,0,0,FALSE
nfl,2024,401671790,2024-12-23T01:20Z,Dallas Cowboys,Tampa Bay Buccaneers,DAL,TB,7-8,8-7,26,24,TRUE,Tampa Bay Buccaneers,8-7,NA,NA,NA,NA,NA,NA,NA,NA,NA,NA,Dallas Cowboys,7-8,Tampa Bay Buccaneers,8-7,0.2993,0.7007,0.7007,0.5728557157128586,0.42714428428714135,192,192,1,1,1,4016717901,100,NA,NA,NA,NA,NA,NA,NA,NA,NA,NA,FALSE,0,0,FALSE,0,0,FALSE
nfl,2024,401671692,2024-12-24T01:15Z,Green Bay Packers,New Orleans Saints,GB,NO,11-4,5-10,34,0,TRUE,Green Bay Packers,11-4,NA,NA,NA,NA,NA,NA,NA,NA,NA,NA,Green Bay Packers,11-4,New Orleans Saints,5-10,0.8273,0.8273,0.17269999999999996,0,1,177,177,1,1,1,4016716921,100,NA,NA,NA,NA,NA,NA,NA,NA,NA,NA,FALSE,0,0,FALSE,0,0,FALSE
nfl,2024,401671799,2024-12-25T18:00Z,Pittsburgh Steelers,Kansas City Chiefs,PIT,KC,10-6,15-1,10,29,FALSE,Kansas City Chiefs,15-1,away,KC,3,43.5,136,-162,-115,-105,1,nflreadr,Kansas City Chiefs,15-1,Pittsburgh Steelers,10-6,0.4447,0.5553,0.4795,0.07257559958289883,0.9274244004171012,186,186,1,1,3,40167179956,5600,NA,NA,NA,NA,NA,NA,NA,NA,NA,NA,FALSE,0,0,FALSE,0,0,FALSE
nfl,2024,401671800,2024-12-25T21:30Z,Houston Texans,Baltimore Ravens,HOU,BAL,9-7,11-5,2,31,FALSE,Baltimore Ravens,11-5,away,BAL,5.5,46.5,200,-245,-112,-108,1,nflreadr,Baltimore Ravens,11-5,Houston Texans,9-7,0.372,0.628,0.3722,5.373455131648663e-4,0.9994626544868351,164,164,1,1,5,401671800105,10500,NA,NA,NA,NA,NA,NA,NA,NA,NA,NA,FALSE,0,0,FALSE,0,0,FALSE
nfl,2024,401671876,2024-12-27T01:15Z,Chicago Bears,Seattle Seahawks,CHI,SEA,4-12,9-7,3,6,FALSE,Seattle Seahawks,9-7,NA,NA,NA,NA,NA,NA,NA,NA,NA,NA,Seattle Seahawks,9-7,Chicago Bears,4-12,0.4887,0.5113,0.5326,0.12241832519714602,0.877581674802854,164,164,1,1,63,4016718761441,144100,NA,NA,NA,NA,NA,NA,NA,NA,NA,NA,FALSE,0,0,FALSE,0,0,FALSE
nfl,2024,401671832,2024-12-28T18:00Z,New England Patriots,Los Angeles Chargers,NE,LAC,3-13,10-6,7,40,FALSE,Los Angeles Chargers,10-6,away,LAC,6,42,245,-305,-102,-118,1,nflreadr,Los Angeles Chargers,10-6,New England Patriots,3-13,0.3927,0.6073,0.4328,0.09265249537892783,0.9073475046210722,181,181,1,1,11,401671832245,24500,NA,NA,NA,NA,NA,NA,NA,NA,NA,NA,FALSE,0,0,FALSE,0,0,FALSE
nfl,2024,401671835,2024-12-28T21:30Z,Cincinnati Bengals,Denver Broncos,CIN,DEN,8-8,9-7,30,24,TRUE,Cincinnati Bengals,8-8,home,CIN,3.5,50.5,-175,145,-105,-115,1,nflreadr,Cincinnati Bengals,8-8,Denver Broncos,9-7,0.5673,0.5673,0.6586000000000001,0.48162769511084136,0.5183723048891586,206,206,1,1,149,4016718353562,356200,NA,NA,NA,NA,NA,NA,NA,NA,NA,NA,FALSE,0,0,FALSE,0,0,FALSE
nfl,2024,401671829,2024-12-29T01:00Z,Los Angeles Rams,Arizona Cardinals,LAR,ARI,10-6,7-9,13,9,TRUE,Los Angeles Rams,10-6,NA,NA,NA,NA,NA,NA,NA,NA,NA,NA,Los Angeles Rams,10-6,Arizona Cardinals,7-9,0.5607,0.5607,0.7207,0.6124601082281116,0.3875398917718884,191,191,1,1,184,4016718294270,427000,NA,NA,NA,NA,NA,NA,NA,NA,NA,NA,FALSE,0,0,FALSE,0,0,FALSE
nfl,2024,401671495,2024-12-29T18:00Z,Buffalo Bills,New York Jets,BUF,NYJ,13-3,4-12,40,14,TRUE,Buffalo Bills,13-3,home,BUF,10,44.5,-520,390,-115,-105,1,nflreadr,Buffalo Bills,13-3,New York Jets,4-12,0.706,0.706,0.30069999999999997,0.022281343531759035,0.977718656468241,179,179,1,1,11,401671495300,30000,NA,NA,NA,NA,NA,NA,NA,NA,NA,NA,FALSE,0,0,FALSE,0,0,FALSE
nfl,2024,401671738,2024-12-29T18:00Z,New Orleans Saints,Las Vegas Raiders,NO,LV,5-11,4-12,10,25,FALSE,Las Vegas Raiders,4-12,away,LV,2,37.5,105,-125,-110,-110,1,nflreadr,Las Vegas Raiders,4-12,New Orleans Saints,5-11,0.4207,0.5792999999999999,0.5885,0.3007646559048429,0.6992353440951571,192,192,1,1,40,4016717381008,100800,NA,NA,NA,NA,NA,NA,NA,NA,NA,NA,FALSE,0,0,FALSE,0,0,FALSE
nfl,2024,401671846,2024-12-29T18:00Z,New York Giants,Indianapolis Colts,NYG,IND,3-13,7-9,45,33,TRUE,Indianapolis Colts,7-9,away,IND,7.5,40.5,320,-410,-108,-112,1,nflreadr,New York Giants,3-13,Indianapolis Colts,7-9,0.2927,0.7073,0.7762,0.7116722494202525,0.28832775057974747,187,187,1,1,24,401671846544,54400,NA,NA,NA,NA,NA,NA,NA,NA,NA,NA,FALSE,0,0,FALSE,0,0,FALSE
nfl,2024,401671765,2024-12-29T18:00Z,Philadelphia Eagles,Dallas Cowboys,PHI,DAL,13-3,7-9,41,7,TRUE,Philadelphia Eagles,13-3,home,PHI,7.5,37.5,-325,260,-108,-112,1,nflreadr,Philadelphia Eagles,13-3,Dallas Cowboys,7-9,0.6173,0.6173,0.4675,0.1813903743315508,0.8186096256684492,179,179,1,1,51,4016717651143,114300,NA,NA,NA,NA,NA,NA,NA,NA,NA,NA,FALSE,0,0,FALSE,0,0,FALSE
nfl,2024,401671653,2024-12-29T18:00Z,Tampa Bay Buccaneers,Carolina Panthers,TB,CAR,9-7,4-12,48,14,TRUE,Tampa Bay Buccaneers,9-7,home,TB,9.5,47.5,-500,380,-115,-105,1,nflreadr,Tampa Bay Buccaneers,9-7,Carolina Panthers,4-12,0.802,0.802,0.2478,0.20096852300242152,0.7990314769975785,173,173,1,1,17,401671653402,40200,NA,NA,NA,NA,NA,NA,NA,NA,NA,NA,FALSE,0,0,FALSE,0,0,FALSE
nfl,2024,401671634,2024-12-29T18:00Z,Jacksonville Jaguars,Tennessee Titans,JAX,TEN,4-12,3-13,20,13,TRUE,Tennessee Titans,3-13,away,TEN,1,38,-112,-108,-115,-105,1,nflreadr,Jacksonville Jaguars,4-12,Tennessee Titans,3-13,0.4147,0.5852999999999999,0.5852999999999999,0.29147445754314005,0.70852554245686,177,177,1,1,1,4016716341,100,NA,NA,NA,NA,NA,NA,NA,NA,NA,NA,FALSE,0,0,FALSE,0,0,FALSE
nfl,2024,401671877,2024-12-29T21:05Z,Cleveland Browns,Miami Dolphins,CLE,MIA,3-13,8-8,3,20,FALSE,Miami Dolphins,8-8,away,MIA,3,32.5,142,-170,-105,-115,1,nflreadr,Miami Dolphins,8-8,Cleveland Browns,3-13,0.4253,0.5747,0.5301,0.1976985474438785,0.8023014525561215,190,190,1,1,79,4016718771940,194000,NA,NA,NA,NA,NA,NA,NA,NA,NA,NA,FALSE,0,0,FALSE,0,0,FALSE
nfl,2024,401671725,2024-12-29T21:25Z,Minnesota Vikings,Green Bay Packers,MIN,GB,14-2,11-5,27,25,TRUE,Green Bay Packers,11-5,away,GB,1,49,-108,-112,-115,-105,1,nflreadr,Minnesota Vikings,14-2,Green Bay Packers,11-5,0.4447,0.5553,0.6723,0.5125687936932917,0.48743120630670833,189,189,1,1,32,401671725690,69000,NA,NA,NA,NA,NA,NA,NA,NA,NA,NA,FALSE,0,0,FALSE,0,0,FALSE
nfl,2024,401671842,2024-12-30T01:20Z,Washington Commanders,Atlanta Falcons,WSH,ATL,11-5,8-8,30,24,TRUE,Washington Commanders,11-5,NA,NA,NA,NA,NA,NA,NA,NA,NA,NA,Washington Commanders,11-5,Atlanta Falcons,8-8,0.59,0.59,0.8013,0.7520279545738175,0.24797204542618245,199,199,1,1,90,4016718422206,220600,NA,NA,NA,NA,NA,NA,NA,NA,NA,NA,FALSE,0,0,FALSE,0,0,FALSE
nfl,2024,401671698,2024-12-31T01:15Z,San Francisco 49ers,Detroit Lions,SF,DET,6-10,14-2,34,40,FALSE,Detroit Lions,14-2,NA,NA,NA,NA,NA,NA,NA,NA,NA,NA,Detroit Lions,14-2,San Francisco 49ers,6-10,0.39,0.61,0.7811,0.7197541928050186,0.2802458071949814,181,181,1,1,79,4016716981871,187100,NA,NA,NA,NA,NA,NA,NA,NA,NA,NA,FALSE,0,0,FALSE,0,0,FALSE
nfl,2024,401671834,2025-01-04T21:30Z,Baltimore Ravens,Cleveland Browns,BAL,CLE,12-5,3-14,35,10,TRUE,Baltimore Ravens,12-5,home,BAL,19.5,42.5,-2400,1200,-115,-105,1,nflreadr,Baltimore Ravens,12-5,Cleveland Browns,3-14,0.8107,0.8107,0.22419999999999995,0.15566458519179271,0.8443354148082073,180,180,1,1,3,40167183461,6100,NA,NA,NA,NA,NA,NA,NA,NA,NA,NA,FALSE,0,0,FALSE,0,0,FALSE
nfl,2024,401671836,2025-01-05T01:00Z,Pittsburgh Steelers,Cincinnati Bengals,PIT,CIN,10-7,9-8,17,19,FALSE,Pittsburgh Steelers,10-7,NA,NA,NA,NA,NA,NA,NA,NA,NA,NA,Cincinnati Bengals,9-8,Pittsburgh Steelers,10-7,0.5337,0.5337,0.5337,0.12628817687839589,0.8737118231216041,191,191,1,1,1,4016718361,100,NA,NA,NA,NA,NA,NA,NA,NA,NA,NA,FALSE,0,0,FALSE,0,0,FALSE
nfl,2024,401671827,2025-01-05T18:00Z,Atlanta Falcons,Carolina Panthers,ATL,CAR,8-9,5-12,38,44,FALSE,Atlanta Falcons,8-9,home,ATL,7.5,48.5,-380,300,-115,-105,1,nflreadr,Carolina Panthers,5-12,Atlanta Falcons,8-9,0.7367,0.7367,0.8302,0.7954709708503975,0.20452902914960247,196,196,1,1,106,4016718272439,243900,NA,NA,NA,NA,NA,NA,NA,NA,NA,NA,FALSE,0,0,FALSE,0,0,FALSE
nfl,2024,401671840,2025-01-05T18:00Z,Dallas Cowboys,Washington Commanders,DAL,WSH,7-10,12-5,19,23,FALSE,Washington Commanders,12-5,NA,NA,NA,NA,NA,NA,NA,NA,NA,NA,Washington Commanders,12-5,Dallas Cowboys,7-10,0.34,0.6599999999999999,0.8287,0.7932906962712682,0.20670930372873175,197,197,1,1,185,4016718404313,431300,NA,NA,NA,NA,NA,NA,NA,NA,NA,NA,FALSE,0,0,FALSE,0,0,FALSE
nfl,2024,401671844,2025-01-05T18:00Z,Green Bay Packers,Chicago Bears,GB,CHI,11-6,5-12,22,24,FALSE,Green Bay Packers,11-6,home,GB,10,41.5,-410,320,-105,-115,1,nflreadr,Chicago Bears,5-12,Green Bay Packers,11-6,0.7453,0.7453,0.8387,0.8076785501371169,0.19232144986288313,179,179,1,1,175,4016718444181,418100,NA,NA,NA,NA,NA,NA,NA,NA,NA,NA,FALSE,0,0,FALSE,0,0,FALSE
nfl,2024,401671826,2025-01-05T18:00Z,Tennessee Titans,Houston Texans,TEN,HOU,3-14,10-7,14,23,FALSE,Houston Texans,10-7,home,TEN,2.5,36.5,-142,120,-112,-108,1,nflreadr,Houston Texans,10-7,Tennessee Titans,3-14,0.428,0.5720000000000001,0.428,1.1102230246251565e-16,0.9999999999999999,177,177,1,1,1,4016718261,100,NA,NA,NA,NA,NA,NA,NA,NA,NA,NA,FALSE,0,0,FALSE,0,0,FALSE
nfl,2024,401671837,2025-01-05T18:00Z,Indianapolis Colts,Jacksonville Jaguars,IND,JAX,8-9,4-13,26,23,TRUE,Indianapolis Colts,8-9,home,IND,3.5,45.5,-180,150,-110,-110,1,nflreadr,Indianapolis Colts,8-9,Jacksonville Jaguars,4-13,0.6293,0.6293,0.7006,0.5726520125606622,0.4273479874393378,212,212,1,1,205,4016718374625,462500,NA,NA,NA,NA,NA,NA,NA,NA,NA,NA,FALSE,0,0,FALSE,0,0,FALSE
nfl,2024,401671831,2025-01-05T18:00Z,New England Patriots,Buffalo Bills,NE,BUF,4-13,13-4,23,16,TRUE,Buffalo Bills,13-4,away,BUF,3,36.5,140,-166,-108,-112,1,nflreadr,New England Patriots,4-13,Buffalo Bills,13-4,0.3477,0.6523,0.7005,0.5724482512491078,0.4275517487508922,185,185,1,1,9,401671831198,19800,NA,NA,NA,NA,NA,NA,NA,NA,NA,NA,FALSE,0,0,FALSE,0,0,FALSE
nfl,2024,401671841,2025-01-05T18:00Z,Philadelphia Eagles,New York Giants,PHI,NYG,14-3,3-14,20,13,TRUE,Philadelphia Eagles,14-3,home,PHI,3,36.5,-155,130,-110,-110,1,nflreadr,Philadelphia Eagles,14-3,New York Giants,3-14,0.7093,0.7093,0.3429,0.15223097112860895,0.847769028871391,178,178,1,1,8,401671841172,17200,NA,NA,NA,NA,NA,NA,NA,NA,NA,NA,FALSE,0,0,FALSE,0,0,FALSE
nfl,2024,401671828,2025-01-05T18:00Z,Tampa Bay Buccaneers,New Orleans Saints,TB,NO,10-7,5-12,27,19,TRUE,Tampa Bay Buccaneers,10-7,home,TB,14.5,44.5,-1050,675,-118,-102,1,nflreadr,Tampa Bay Buccaneers,10-7,New Orleans Saints,5-12,0.7867,0.7867,0.7465999999999999,0.7143048486472006,0.28569515135279944,189,189,1,1,149,4016718283451,345100,NA,NA,NA,NA,NA,NA,NA,NA,NA,NA,FALSE,0,0,FALSE,0,0,FALSE
nfl,2024,401671838,2025-01-05T21:25Z,Denver Broncos,Kansas City Chiefs,DEN,KC,10-7,15-2,38,0,TRUE,Denver Broncos,10-7,home,DEN,10.5,40.5,-485,370,-105,-115,1,nflreadr,Denver Broncos,10-7,Kansas City Chiefs,15-2,0.5183,0.5183,0.4817,0,1,152,152,1,1,1,4016718381,100,NA,NA,NA,NA,NA,NA,NA,NA,NA,NA,FALSE,0,0,FALSE,0,0,FALSE
nfl,2024,401671839,2025-01-05T21:25Z,Las Vegas Raiders,Los Angeles Chargers,LV,LAC,4-13,11-6,20,34,FALSE,Los Angeles Chargers,11-6,away,LAC,7,42.5,275,-345,-102,-118,1,nflreadr,Los Angeles Chargers,11-6,Las Vegas Raiders,4-13,0.4395,0.5605,0.6833,0.5365139762915265,0.46348602370847347,183,183,1,1,50,4016718391086,108600,NA,NA,NA,NA,NA,NA,NA,NA,NA,NA,FALSE,0,0,FALSE,0,0,FALSE
nfl,2024,401671830,2025-01-05T21:25Z,Los Angeles Rams,Seattle Seahawks,LAR,SEA,10-7,10-7,25,30,FALSE,Los Angeles Rams,10-7,NA,NA,NA,NA,NA,NA,NA,NA,NA,NA,Seattle Seahawks,10-7,Los Angeles Rams,10-7,0.52,0.52,0.6549,0.4730493205069477,0.5269506794930523,172,172,1,1,143,4016718303321,332100,NA,NA,NA,NA,NA,NA,NA,NA,NA,NA,FALSE,0,0,FALSE,0,0,FALSE
nfl,2024,401671833,2025-01-05T21:25Z,New York Jets,Miami Dolphins,NYJ,MIA,5-12,8-9,32,20,TRUE,New York Jets,5-12,home,NYJ,1.5,39.5,-122,102,-110,-110,1,nflreadr,New York Jets,5-12,Miami Dolphins,8-9,0.6233,0.6233,0.635,0.4251968503937009,0.5748031496062991,185,185,1,1,38,401671833907,90700,NA,NA,NA,NA,NA,NA,NA,NA,NA,NA,FALSE,0,0,FALSE,0,0,FALSE
nfl,2024,401671845,2025-01-05T21:25Z,Arizona Cardinals,San Francisco 49ers,ARI,SF,8-9,6-11,47,24,TRUE,Arizona Cardinals,8-9,home,ARI,4.5,42.5,-192,160,-110,-110,1,nflreadr,Arizona Cardinals,8-9,San Francisco 49ers,6-11,0.6084,0.6084,0.5848,0.3303693570451437,0.6696306429548563,196,196,1,1,28,401671845621,62100,NA,NA,NA,NA,NA,NA,NA,NA,NA,NA,FALSE,0,0,FALSE,0,0,FALSE
nfl,2024,401671843,2025-01-06T01:20Z,Detroit Lions,Minnesota Vikings,DET,MIN,15-2,14-3,31,9,TRUE,Detroit Lions,15-2,NA,NA,NA,NA,NA,NA,NA,NA,NA,NA,Detroit Lions,15-2,Minnesota Vikings,14-3,0.646,0.646,0.4448,0.20413669064748197,0.795863309352518,183,183,1,1,98,4016718432241,224100,NA,NA,NA,NA,NA,NA,NA,NA,NA,NA,FALSE,0,0,FALSE,0,0,FALSE
