league,season,game_id,game_date,schedule_status,home_team,away_team,home_team_abbr,away_team_abbr,home_record,away_record,home_score,away_score,pregame_favorite_side_odds,pregame_favorite_team_abbr_odds,pregame_spread_abs,pregame_total_line,pregame_home_moneyline,pregame_away_moneyline,pregame_home_spread_odds,pregame_away_spread_odds,pregame_odds_n_providers,pregame_odds_source,score_available,is_cancelled,is_completed,is_tie,is_eligible,schedule_category,raw_available,analyzed,failure_stage,error,audit_status
nfl,2018,401030710,2018-09-07T00:55Z,STATUS_FINAL,Philadelphia Eagles,Atlanta Falcons,PHI,ATL,1-0,0-1,18,12,NA,NA,NA,NA,NA,NA,NA,NA,NA,NA,TRUE,FALSE,TRUE,FALSE,TRUE,eligible,TRUE,TRUE,NA,NA,analyzed
nfl,2018,401030718,2018-09-09T17:00Z,STATUS_FINAL,Cleveland Browns,Pittsburgh Steelers,CLE,PIT,0-0-1,0-0-1,21,21,away,PIT,3.5,41,156,-173,-116,105,1,nflreadr,TRUE,FALSE,TRUE,TRUE,FALSE,tie,FALSE,FALSE,NA,NA,tie
nfl,2018,401030717,2018-09-09T17:00Z,STATUS_FINAL,Indianapolis Colts,Cincinnati Bengals,IND,CIN,0-1,1-0,23,34,away,CIN,1,47.5,-105,-105,-113,102,1,nflreadr,TRUE,FALSE,TRUE,FALSE,TRUE,eligible,TRUE,TRUE,NA,NA,analyzed
nfl,2018,401030716,2018-09-09T17:00Z,STATUS_FINAL,Miami Dolphins,Tennessee Titans,MIA,TEN,1-0,0-1,27,20,away,TEN,1,43.5,104,-115,-103,-107,1,nflreadr,TRUE,FALSE,TRUE,FALSE,TRUE,eligible,TRUE,TRUE,NA,NA,analyzed
nfl,2018,401030715,2018-09-09T17:00Z,STATUS_FINAL,Minnesota Vikings,San Francisco 49ers,MIN,SF,1-0,0-1,24,16,home,MIN,6,46.5,-268,238,-108,-102,1,nflreadr,TRUE,FALSE,TRUE,FALSE,TRUE,eligible,TRUE,TRUE,NA,NA,analyzed
nfl,2018,401030714,2018-09-09T17:00Z,STATUS_FINAL,New England Patriots,Houston Texans,NE,HOU,1-0,0-1,27,20,home,NE,6,49.5,-240,214,-105,-105,1,nflreadr,TRUE,FALSE,TRUE,FALSE,TRUE,eligible,TRUE,TRUE,NA,NA,analyzed
nfl,2018,401030713,2018-09-09T17:00Z,STATUS_FINAL,New Orleans Saints,Tampa Bay Buccaneers,NO,TB,0-1,1-0,40,48,home,NO,10,50,-450,385,-102,-108,1,nflreadr,TRUE,FALSE,TRUE,FALSE,TRUE,eligible,TRUE,TRUE,NA,NA,analyzed
nfl,2018,401030712,2018-09-09T17:00Z,STATUS_FINAL,New York Giants,Jacksonville Jaguars,NYG,JAX,0-1,1-0,15,20,away,JAX,2.5,43,127,-141,106,-117,1,nflreadr,TRUE,FALSE,TRUE,FALSE,TRUE,eligible,TRUE,TRUE,NA,NA,analyzed
nfl,2018,401030711,2018-09-09T17:00Z,STATUS_FINAL,Baltimore Ravens,Buffalo Bills,BAL,BUF,1-0,0-1,47,3,home,BAL,7.5,39,-355,309,-104,-106,1,nflreadr,TRUE,FALSE,TRUE,FALSE,TRUE,eligible,TRUE,TRUE,NA,NA,analyzed
nfl,2018,401030720,2018-09-09T20:05Z,STATUS_FINAL,Los Angeles Chargers,Kansas City Chiefs,LAC,KC,0-1,1-0,28,38,home,LAC,3.5,48,-185,166,-106,-104,1,nflreadr,TRUE,FALSE,TRUE,FALSE,TRUE,eligible,TRUE,TRUE,NA,NA,analyzed
nfl,2018,401030721,2018-09-09T20:25Z,STATUS_FINAL,Denver Broncos,Seattle Seahawks,DEN,SEA,1-0,0-1,27,24,home,DEN,3,42.5,-175,157,-120,109,1,nflreadr,TRUE,FALSE,TRUE,FALSE,TRUE,eligible,TRUE,TRUE,NA,NA,analyzed
nfl,2018,401030725,2018-09-09T20:25Z,STATUS_FINAL,Arizona Cardinals,Washington Redskins,ARI,WSH,0-1,1-0,6,24,NA,NA,NA,NA,NA,NA,NA,NA,NA,NA,TRUE,FALSE,TRUE,FALSE,TRUE,eligible,TRUE,TRUE,NA,NA,analyzed
nfl,2018,401030723,2018-09-09T20:25Z,STATUS_FINAL,Carolina Panthers,Dallas Cowboys,CAR,DAL,1-0,0-1,16,8,home,CAR,2.5,42.5,-149,134,-121,110,1,nflreadr,TRUE,FALSE,TRUE,FALSE,TRUE,eligible,TRUE,TRUE,NA,NA,analyzed
nfl,2018,401030726,2018-09-10T00:20Z,STATUS_FINAL,Green Bay Packers,Chicago Bears,GB,CHI,1-0,0-1,24,23,NA,NA,NA,NA,NA,NA,NA,NA,NA,NA,TRUE,FALSE,TRUE,FALSE,TRUE,eligible,TRUE,TRUE,NA,NA,analyzed
nfl,2018,401030728,2018-09-10T23:10Z,STATUS_FINAL,Detroit Lions,New York Jets,DET,NYJ,0-1,1-0,17,48,home,DET,7,44,-339,297,-114,103,1,nflreadr,TRUE,FALSE,TRUE,FALSE,TRUE,eligible,TRUE,TRUE,NA,NA,analyzed
nfl,2018,401030751,2018-09-11T02:20Z,STATUS_FINAL,Oakland Raiders,Los Angeles Rams,OAK,LAR,0-1,1-0,13,33,NA,NA,NA,NA,NA,NA,NA,NA,NA,NA,TRUE,FALSE,TRUE,FALSE,TRUE,eligible,TRUE,TRUE,NA,NA,analyzed
nfl,2018,401030690,2018-09-14T00:20Z,STATUS_FINAL,Cincinnati Bengals,Baltimore Ravens,CIN,BAL,2-0,1-1,34,23,NA,NA,NA,NA,NA,NA,NA,NA,NA,NA,TRUE,FALSE,TRUE,FALSE,TRUE,eligible,TRUE,TRUE,NA,NA,analyzed
nfl,2018,401030691,2018-09-16T17:00Z,STATUS_FINAL,Atlanta Falcons,Carolina Panthers,ATL,CAR,1-1,1-1,31,24,home,ATL,5.5,44,-240,214,-108,-102,1,nflreadr,TRUE,FALSE,TRUE,FALSE,TRUE,eligible,TRUE,TRUE,NA,NA,analyzed
nfl,2018,401030704,2018-09-16T17:00Z,STATUS_FINAL,Buffalo Bills,Los Angeles Chargers,BUF,LAC,0-2,1-1,20,31,away,LAC,7.5,41.5,261,-296,-115,104,1,nflreadr,TRUE,FALSE,TRUE,FALSE,TRUE,eligible,TRUE,TRUE,NA,NA,analyzed
nfl,2018,401030705,2018-09-16T17:00Z,STATUS_FINAL,Green Bay Packers,Minnesota Vikings,GB,MIN,1-0-1,1-0-1,29,29,away,MIN,2,45,110,-121,-110,100,1,nflreadr,TRUE,FALSE,TRUE,TRUE,FALSE,tie,FALSE,FALSE,NA,NA,tie
nfl,2018,401030694,2018-09-16T17:00Z,STATUS_FINAL,Tennessee Titans,Houston Texans,TEN,HOU,1-1,0-2,20,17,away,HOU,3.5,41,159,-176,-114,103,1,nflreadr,TRUE,FALSE,TRUE,FALSE,TRUE,eligible,TRUE,TRUE,NA,NA,analyzed
nfl,2018,401030708,2018-09-16T17:00Z,STATUS_FINAL,New Orleans Saints,Cleveland Browns,NO,CLE,1-1,0-1-1,21,18,home,NO,10,51,-407,351,-102,-108,1,nflreadr,TRUE,FALSE,TRUE,FALSE,TRUE,eligible,TRUE,TRUE,NA,NA,analyzed
nfl,2018,401030700,2018-09-16T17:00Z,STATUS_FINAL,New York Jets,Miami Dolphins,NYJ,MIA,1-1,2-0,12,20,home,NYJ,3,43,-170,153,-114,103,1,nflreadr,TRUE,FALSE,TRUE,FALSE,TRUE,eligible,TRUE,TRUE,NA,NA,analyzed
nfl,2018,401030698,2018-09-16T17:00Z,STATUS_FINAL,Pittsburgh Steelers,Kansas City Chiefs,PIT,KC,0-1-1,2-0,37,42,home,PIT,4.5,52,-199,179,-102,-108,1,nflreadr,TRUE,FALSE,TRUE,FALSE,TRUE,eligible,TRUE,TRUE,NA,NA,analyzed
nfl,2018,401030696,2018-09-16T17:00Z,STATUS_FINAL,Tampa Bay Buccaneers,Philadelphia Eagles,TB,PHI,2-0,1-1,27,21,away,PHI,3,46.5,129,-142,-117,106,1,nflreadr,TRUE,FALSE,TRUE,FALSE,TRUE,eligible,TRUE,TRUE,NA,NA,analyzed
nfl,2018,401030693,2018-09-16T17:00Z,STATUS_FINAL,Washington Redskins,Indianapolis Colts,WSH,IND,1-1,1-1,9,21,NA,NA,NA,NA,NA,NA,NA,NA,NA,NA,TRUE,FALSE,TRUE,FALSE,TRUE,eligible,TRUE,TRUE,NA,NA,analyzed
nfl,2018,401030732,2018-09-16T20:05Z,STATUS_FINAL,Los Angeles Rams,Arizona Cardinals,LAR,ARI,2-0,0-2,34,0,NA,NA,NA,NA,NA,NA,NA,NA,NA,NA,TRUE,FALSE,TRUE,FALSE,TRUE,eligible,TRUE,TRUE,NA,NA,analyzed
nfl,2018,401030730,2018-09-16T20:05Z,STATUS_FINAL,San Francisco 49ers,Detroit Lions,SF,DET,1-1,0-2,30,27,home,SF,6,48.5,-235,210,101,-111,1,nflreadr,TRUE,FALSE,TRUE,FALSE,TRUE,eligible,TRUE,TRUE,NA,NA,analyzed
nfl,2018,401030736,2018-09-16T20:25Z,STATUS_FINAL,Denver Broncos,Oakland Raiders,DEN,OAK,2-0,0-2,20,19,home,DEN,5.5,44.5,-231,207,-106,-104,1,nflreadr,TRUE,FALSE,TRUE,FALSE,TRUE,eligible,TRUE,TRUE,NA,NA,analyzed
nfl,2018,401030733,2018-09-16T20:25Z,STATUS_FINAL,Jacksonville Jaguars,New England Patriots,JAX,NE,2-0,1-1,31,20,away,NE,2,44.5,120,-133,-100,-110,1,nflreadr,TRUE,FALSE,TRUE,FALSE,TRUE,eligible,TRUE,TRUE,NA,NA,analyzed
nfl,2018,401030738,2018-09-17T00:20Z,STATUS_FINAL,Dallas Cowboys,New York Giants,DAL,NYG,1-1,0-2,20,13,NA,NA,NA,NA,NA,NA,NA,NA,NA,NA,TRUE,FALSE,TRUE,FALSE,TRUE,eligible,TRUE,TRUE,NA,NA,analyzed
nfl,2018,401030739,2018-09-18T00:15Z,STATUS_FINAL,Chicago Bears,Seattle Seahawks,CHI,SEA,1-1,0-2,24,17,NA,NA,NA,NA,NA,NA,NA,NA,NA,NA,TRUE,FALSE,TRUE,FALSE,TRUE,eligible,TRUE,TRUE,NA,NA,analyzed
nfl,2018,401030775,2018-09-21T00:20Z,STATUS_FINAL,Cleveland Browns,New York Jets,CLE,NYJ,1-1-1,1-2,21,17,NA,NA,NA,NA,NA,NA,NA,NA,NA,NA,TRUE,FALSE,TRUE,FALSE,TRUE,eligible,TRUE,TRUE,NA,NA,analyzed
nfl,2018,401030777,2018-09-23T17:00Z,STATUS_FINAL,Atlanta Falcons,New Orleans Saints,ATL,NO,1-2,2-1,37,43,home,ATL,1.5,54,-125,113,-110,-101,1,nflreadr,TRUE,FALSE,TRUE,FALSE,TRUE,eligible,TRUE,TRUE,NA,NA,analyzed
nfl,2018,401030795,2018-09-23T17:00Z,STATUS_FINAL,Kansas City Chiefs,San Francisco 49ers,KC,SF,3-0,1-2,38,27,home,KC,6,53,-250,222,-108,-103,1,nflreadr,TRUE,FALSE,TRUE,FALSE,TRUE,eligible,TRUE,TRUE,NA,NA,analyzed
nfl,2018,401030787,2018-09-23T17:00Z,STATUS_FINAL,Miami Dolphins,Oakland Raiders,MIA,OAK,3-0,0-3,28,20,home,MIA,3,46,-138,125,111,-125,1,nflreadr,TRUE,FALSE,TRUE,FALSE,TRUE,eligible,TRUE,TRUE,NA,NA,analyzed
nfl,2018,401030784,2018-09-23T17:00Z,STATUS_FINAL,Minnesota Vikings,Buffalo Bills,MIN,BUF,1-1-1,1-2,6,27,home,MIN,16.5,41,-1200,803,-103,-108,1,nflreadr,TRUE,FALSE,TRUE,FALSE,TRUE,eligible,TRUE,TRUE,NA,NA,analyzed
nfl,2018,401030782,2018-09-23T17:00Z,STATUS_FINAL,Philadelphia Eagles,Indianapolis Colts,PHI,IND,2-1,1-2,20,16,home,PHI,6.5,45.5,-274,243,-108,-103,1,nflreadr,TRUE,FALSE,TRUE,FALSE,TRUE,eligible,TRUE,TRUE,NA,NA,analyzed
nfl,2018,401030781,2018-09-23T17:00Z,STATUS_FINAL,Washington Redskins,Green Bay Packers,WSH,GB,2-1,1-1-1,31,17,NA,NA,NA,NA,NA,NA,NA,NA,NA,NA,TRUE,FALSE,TRUE,FALSE,TRUE,eligible,TRUE,TRUE,NA,NA,analyzed
nfl,2018,401030790,2018-09-23T17:00Z,STATUS_FINAL,Carolina Panthers,Cincinnati Bengals,CAR,CIN,2-1,2-1,31,21,home,CAR,2.5,44,-142,128,-118,106,1,nflreadr,TRUE,FALSE,TRUE,FALSE,TRUE,eligible,TRUE,TRUE,NA,NA,analyzed
nfl,2018,401030794,2018-09-23T17:00Z,STATUS_FINAL,Jacksonville Jaguars,Tennessee Titans,JAX,TEN,2-1,2-1,6,9,home,JAX,10,39,-415,357,100,-111,1,nflreadr,TRUE,FALSE,TRUE,FALSE,TRUE,eligible,TRUE,TRUE,NA,NA,analyzed
nfl,2018,401030788,2018-09-23T17:00Z,STATUS_FINAL,Baltimore Ravens,Denver Broncos,BAL,DEN,2-1,2-1,27,14,home,BAL,5.5,46,-225,201,-104,-106,1,nflreadr,TRUE,FALSE,TRUE,FALSE,TRUE,eligible,TRUE,TRUE,NA,NA,analyzed
nfl,2018,401030791,2018-09-23T17:00Z,STATUS_FINAL,Houston Texans,New York Giants,HOU,NYG,0-3,1-2,22,27,home,HOU,6.5,44,-259,230,-102,-109,1,nflreadr,TRUE,FALSE,TRUE,FALSE,TRUE,eligible,TRUE,TRUE,NA,NA,analyzed
nfl,2018,401030798,2018-09-23T20:05Z,STATUS_FINAL,Los Angeles Rams,Los Angeles Chargers,LAR,LAC,3-0,1-2,35,23,NA,NA,NA,NA,NA,NA,NA,NA,NA,NA,TRUE,FALSE,TRUE,FALSE,TRUE,eligible,TRUE,TRUE,NA,NA,analyzed
nfl,2018,401030801,2018-09-23T20:25Z,STATUS_FINAL,Arizona Cardinals,Chicago Bears,ARI,CHI,0-3,2-1,14,16,away,CHI,6,39,224,-252,-111,-100,1,nflreadr,TRUE,FALSE,TRUE,FALSE,TRUE,eligible,TRUE,TRUE,NA,NA,analyzed
nfl,2018,401030799,2018-09-23T20:25Z,STATUS_FINAL,Seattle Seahawks,Dallas Cowboys,SEA,DAL,1-2,1-2,24,13,home,SEA,1,40,-117,106,-108,-103,1,nflreadr,TRUE,FALSE,TRUE,FALSE,TRUE,eligible,TRUE,TRUE,NA,NA,analyzed
nfl,2018,401030802,2018-09-24T00:20Z,STATUS_FINAL,Detroit Lions,New England Patriots,DET,NE,1-2,1-2,26,10,NA,NA,NA,NA,NA,NA,NA,NA,NA,NA,TRUE,FALSE,TRUE,FALSE,TRUE,eligible,TRUE,TRUE,NA,NA,analyzed
nfl,2018,401030805,2018-09-25T00:15Z,STATUS_FINAL,Tampa Bay Buccaneers,Pittsburgh Steelers,TB,PIT,2-1,1-1-1,27,30,NA,NA,NA,NA,NA,NA,NA,NA,NA,NA,TRUE,FALSE,TRUE,FALSE,TRUE,eligible,TRUE,TRUE,NA,NA,analyzed
nfl,2018,401030839,2018-09-28T00:20Z,STATUS_FINAL,Los Angeles Rams,Minnesota Vikings,LAR,MIN,4-0,1-2-1,38,31,NA,NA,NA,NA,NA,NA,NA,NA,NA,NA,TRUE,FALSE,TRUE,FALSE,TRUE,eligible,TRUE,TRUE,NA,NA,analyzed
nfl,2018,401030847,2018-09-30T17:00Z,STATUS_FINAL,Atlanta Falcons,Cincinnati Bengals,ATL,CIN,1-3,3-1,36,37,home,ATL,3.5,52,-179,161,102,-114,1,nflreadr,TRUE,FALSE,TRUE,FALSE,TRUE,eligible,TRUE,TRUE,NA,NA,analyzed
nfl,2018,401030846,2018-09-30T17:00Z,STATUS_FINAL,Chicago Bears,Tampa Bay Buccaneers,CHI,TB,3-1,2-2,48,10,home,CHI,3,46,-140,126,113,-127,1,nflreadr,TRUE,FALSE,TRUE,FALSE,TRUE,eligible,TRUE,TRUE,NA,NA,analyzed
nfl,2018,401030845,2018-09-30T17:00Z,STATUS_FINAL,Dallas Cowboys,Detroit Lions,DAL,DET,2-2,1-3,26,24,home,DAL,2.5,44,-140,127,-113,102,1,nflreadr,TRUE,FALSE,TRUE,FALSE,TRUE,eligible,TRUE,TRUE,NA,NA,analyzed
nfl,2018,401030844,2018-09-30T17:00Z,STATUS_FINAL,Green Bay Packers,Buffalo Bills,GB,BUF,2-1-1,1-3,22,0,home,GB,8.5,44,-365,317,-108,-103,1,nflreadr,TRUE,FALSE,TRUE,FALSE,TRUE,eligible,TRUE,TRUE,NA,NA,analyzed
nfl,2018,401030842,2018-09-30T17:00Z,STATUS_FINAL,Tennessee Titans,Philadelphia Eagles,TEN,PHI,3-1,2-2,26,23,away,PHI,3,41.5,132,-146,-115,103,1,nflreadr,TRUE,FALSE,TRUE,FALSE,TRUE,eligible,TRUE,TRUE,NA,NA,analyzed
nfl,2018,401030843,2018-09-30T17:00Z,STATUS_FINAL,Indianapolis Colts,Houston Texans,IND,HOU,1-3,1-3,34,37,away,HOU,1,48,104,-115,-103,-107,1,nflreadr,TRUE,FALSE,TRUE,FALSE,TRUE,eligible,TRUE,TRUE,NA,NA,analyzed
nfl,2018,401030841,2018-09-30T17:00Z,STATUS_FINAL,New England Patriots,Miami Dolphins,NE,MIA,2-2,3-1,38,7,home,NE,6.5,50.5,-279,247,-108,-103,1,nflreadr,TRUE,FALSE,TRUE,FALSE,TRUE,eligible,TRUE,TRUE,NA,NA,analyzed
nfl,2018,401030840,2018-09-30T17:00Z,STATUS_FINAL,Jacksonville Jaguars,New York Jets,JAX,NYJ,3-1,1-3,31,12,home,JAX,7.5,40.5,-335,293,108,-121,1,nflreadr,TRUE,FALSE,TRUE,FALSE,TRUE,eligible,TRUE,TRUE,NA,NA,analyzed
nfl,2018,401030930,2018-09-30T20:05Z,STATUS_FINAL,Oakland Raiders,Cleveland Browns,OAK,CLE,1-3,1-2-1,45,42,home,OAK,2.5,44.5,-135,122,-111,100,1,nflreadr,TRUE,FALSE,TRUE,FALSE,TRUE,eligible,TRUE,TRUE,NA,NA,analyzed
nfl,2018,401030848,2018-09-30T20:05Z,STATUS_FINAL,Arizona Cardinals,Seattle Seahawks,ARI,SEA,0-4,2-2,17,20,away,SEA,3.5,40,173,-192,100,-111,1,nflreadr,TRUE,FALSE,TRUE,FALSE,TRUE,eligible,TRUE,TRUE,NA,NA,analyzed
nfl,2018,401030931,2018-09-30T20:25Z,STATUS_FINAL,New York Giants,New Orleans Saints,NYG,NO,1-3,3-1,18,33,away,NO,3.5,51.5,153,-170,-122,109,1,nflreadr,TRUE,FALSE,TRUE,FALSE,TRUE,eligible,TRUE,TRUE,NA,NA,analyzed
nfl,2018,401030932,2018-09-30T20:25Z,STATUS_FINAL,Los Angeles Chargers,San Francisco 49ers,LAC,SF,2-2,1-3,29,27,home,LAC,10,46,-428,368,106,-118,1,nflreadr,TRUE,FALSE,TRUE,FALSE,TRUE,eligible,TRUE,TRUE,NA,NA,analyzed
nfl,2018,401030933,2018-10-01T00:20Z,STATUS_FINAL,Pittsburgh Steelers,Baltimore Ravens,PIT,BAL,1-2-1,3-1,14,26,NA,NA,NA,NA,NA,NA,NA,NA,NA,NA,TRUE,FALSE,TRUE,FALSE,TRUE,eligible,TRUE,TRUE,NA,NA,analyzed
nfl,2018,401030934,2018-10-02T00:15Z,STATUS_FINAL,Denver Broncos,Kansas City Chiefs,DEN,KC,2-2,4-0,23,27,NA,NA,NA,NA,NA,NA,NA,NA,NA,NA,TRUE,FALSE,TRUE,FALSE,TRUE,eligible,TRUE,TRUE,NA,NA,analyzed
nfl,2018,401030697,2018-10-05T00:20Z,STATUS_FINAL,New England Patriots,Indianapolis Colts,NE,IND,3-2,1-4,38,24,NA,NA,NA,NA,NA,NA,NA,NA,NA,NA,TRUE,FALSE,TRUE,FALSE,TRUE,eligible,TRUE,TRUE,NA,NA,analyzed
nfl,2018,401030702,2018-10-07T17:00Z,STATUS_FINAL,Buffalo Bills,Tennessee Titans,BUF,TEN,2-3,3-2,13,12,away,TEN,6,38,238,-269,101,-112,1,nflreadr,TRUE,FALSE,TRUE,FALSE,TRUE,eligible,TRUE,TRUE,NA,NA,analyzed
nfl,2018,401030785,2018-10-07T17:00Z,STATUS_FINAL,Cincinnati Bengals,Miami Dolphins,CIN,MIA,4-1,3-2,27,17,home,CIN,6,47.5,-255,227,-103,-107,1,nflreadr,TRUE,FALSE,TRUE,FALSE,TRUE,eligible,TRUE,TRUE,NA,NA,analyzed
nfl,2018,401030770,2018-10-07T17:00Z,STATUS_FINAL,Cleveland Browns,Baltimore Ravens,CLE,BAL,2-2-1,3-2,12,9,away,BAL,3,44.5,154,-171,106,-119,1,nflreadr,TRUE,FALSE,TRUE,FALSE,TRUE,eligible,TRUE,TRUE,NA,NA,analyzed
nfl,2018,401030745,2018-10-07T17:00Z,STATUS_FINAL,Detroit Lions,Green Bay Packers,DET,GB,2-3,2-2-1,31,23,home,DET,1,50,-125,114,-117,105,1,nflreadr,TRUE,FALSE,TRUE,FALSE,TRUE,eligible,TRUE,TRUE,NA,NA,analyzed
nfl,2018,401030741,2018-10-07T17:00Z,STATUS_FINAL,Kansas City Chiefs,Jacksonville Jaguars,KC,JAX,5-0,3-2,30,14,home,KC,3,48,-144,131,103,-115,1,nflreadr,TRUE,FALSE,TRUE,FALSE,TRUE,eligible,TRUE,TRUE,NA,NA,analyzed
nfl,2018,401030734,2018-10-07T17:00Z,STATUS_FINAL,New York Jets,Denver Broncos,NYJ,DEN,2-3,2-3,34,16,away,DEN,1,42,-104,-106,-110,-101,1,nflreadr,TRUE,FALSE,TRUE,FALSE,TRUE,eligible,TRUE,TRUE,NA,NA,analyzed
nfl,2018,401030709,2018-10-07T17:00Z,STATUS_FINAL,Pittsburgh Steelers,Atlanta Falcons,PIT,ATL,2-2-1,1-4,41,17,home,PIT,3.5,57,-180,162,-103,-108,1,nflreadr,TRUE,FALSE,TRUE,FALSE,TRUE,eligible,TRUE,TRUE,NA,NA,analyzed
nfl,2018,401030778,2018-10-07T17:00Z,STATUS_FINAL,Carolina Panthers,New York Giants,CAR,NYG,3-1,1-4,33,31,home,CAR,7,43.5,-264,234,111,-125,1,nflreadr,TRUE,FALSE,TRUE,FALSE,TRUE,eligible,TRUE,TRUE,NA,NA,analyzed
nfl,2018,401030793,2018-10-07T20:05Z,STATUS_FINAL,Los Angeles Chargers,Oakland Raiders,LAC,OAK,3-2,1-4,26,10,home,LAC,5.5,52,-230,205,-105,-105,1,nflreadr,TRUE,FALSE,TRUE,FALSE,TRUE,eligible,TRUE,TRUE,NA,NA,analyzed
nfl,2018,401030803,2018-10-07T20:25Z,STATUS_FINAL,Philadelphia Eagles,Minnesota Vikings,PHI,MIN,2-3,2-2-1,21,23,home,PHI,3.5,48,-180,162,-104,-106,1,nflreadr,TRUE,FALSE,TRUE,FALSE,TRUE,eligible,TRUE,TRUE,NA,NA,analyzed
nfl,2018,401030797,2018-10-07T20:25Z,STATUS_FINAL,San Francisco 49ers,Arizona Cardinals,SF,ARI,1-4,1-4,18,28,home,SF,3,40.5,-161,146,-108,-103,1,nflreadr,TRUE,FALSE,TRUE,FALSE,TRUE,eligible,TRUE,TRUE,NA,NA,analyzed
nfl,2018,401030808,2018-10-07T20:25Z,STATUS_FINAL,Seattle Seahawks,Los Angeles Rams,SEA,LAR,2-3,5-0,31,33,NA,NA,NA,NA,NA,NA,NA,NA,NA,NA,TRUE,FALSE,TRUE,FALSE,TRUE,eligible,TRUE,TRUE,NA,NA,analyzed
nfl,2018,401030831,2018-10-08T00:20Z,STATUS_FINAL,Houston Texans,Dallas Cowboys,HOU,DAL,2-3,2-3,19,16,NA,NA,NA,NA,NA,NA,NA,NA,NA,NA,TRUE,FALSE,TRUE,FALSE,TRUE,eligible,TRUE,TRUE,NA,NA,analyzed
nfl,2018,401030834,2018-10-09T00:15Z,STATUS_FINAL,New Orleans Saints,Washington Redskins,NO,WSH,4-1,2-2,43,19,NA,NA,NA,NA,NA,NA,NA,NA,NA,NA,TRUE,FALSE,TRUE,FALSE,TRUE,eligible,TRUE,TRUE,NA,NA,analyzed
nfl,2018,401030692,2018-10-12T00:20Z,STATUS_FINAL,New York Giants,Philadelphia Eagles,NYG,PHI,1-5,3-3,13,34,NA,NA,NA,NA,NA,NA,NA,NA,NA,NA,TRUE,FALSE,TRUE,FALSE,TRUE,eligible,TRUE,TRUE,NA,NA,analyzed
nfl,2018,401030695,2018-10-14T17:00Z,STATUS_FINAL,Atlanta Falcons,Tampa Bay Buccaneers,ATL,TB,2-4,2-3,34,29,home,ATL,3,57.5,-159,144,-107,-103,1,nflreadr,TRUE,FALSE,TRUE,FALSE,TRUE,eligible,TRUE,TRUE,NA,NA,analyzed
nfl,2018,401030743,2018-10-14T17:00Z,STATUS_FINAL,Cincinnati Bengals,Pittsburgh Steelers,CIN,PIT,4-2,3-2-1,21,28,home,CIN,1,49.5,-113,103,-108,-103,1,nflreadr,TRUE,FALSE,TRUE,FALSE,TRUE,eligible,TRUE,TRUE,NA,NA,analyzed
nfl,2018,401030746,2018-10-14T17:00Z,STATUS_FINAL,Cleveland Browns,Los Angeles Chargers,CLE,LAC,2-3-1,4-2,14,38,home,CLE,1,47,-105,-105,101,-112,1,nflreadr,TRUE,FALSE,TRUE,FALSE,TRUE,eligible,TRUE,TRUE,NA,NA,analyzed
nfl,2018,401030706,2018-10-14T17:00Z,STATUS_FINAL,Oakland Raiders,Seattle Seahawks,OAK,SEA,1-5,3-3,3,27,away,SEA,3,47.5,137,-152,-110,-101,1,nflreadr,TRUE,FALSE,TRUE,FALSE,TRUE,eligible,TRUE,TRUE,NA,NA,analyzed
nfl,2018,401030771,2018-10-14T17:00Z,STATUS_FINAL,Miami Dolphins,Chicago Bears,MIA,CHI,4-2,3-2,31,28,away,CHI,7.5,40.5,254,-287,-123,110,1,nflreadr,TRUE,FALSE,TRUE,FALSE,TRUE,eligible,TRUE,TRUE,NA,NA,analyzed
nfl,2018,401030742,2018-10-14T17:00Z,STATUS_FINAL,Minnesota Vikings,Arizona Cardinals,MIN,ARI,3-2-1,1-5,27,17,home,MIN,10,43.5,-405,350,112,-126,1,nflreadr,TRUE,FALSE,TRUE,FALSE,TRUE,eligible,TRUE,TRUE,NA,NA,analyzed
nfl,2018,401030737,2018-10-14T17:00Z,STATUS_FINAL,New York Jets,Indianapolis Colts,NYJ,IND,3-3,1-5,42,34,home,NYJ,2.5,47.5,-145,131,-119,106,1,nflreadr,TRUE,FALSE,TRUE,FALSE,TRUE,eligible,TRUE,TRUE,NA,NA,analyzed
nfl,2018,401030701,2018-10-14T17:00Z,STATUS_FINAL,Washington Redskins,Carolina Panthers,WSH,CAR,3-2,3-2,23,17,NA,NA,NA,NA,NA,NA,NA,NA,NA,NA,TRUE,FALSE,TRUE,FALSE,TRUE,eligible,TRUE,TRUE,NA,NA,analyzed
nfl,2018,401030748,2018-10-14T17:00Z,STATUS_FINAL,Houston Texans,Buffalo Bills,HOU,BUF,3-3,2-4,20,13,home,HOU,10.5,40.5,-439,376,106,-119,1,nflreadr,TRUE,FALSE,TRUE,FALSE,TRUE,eligible,TRUE,TRUE,NA,NA,analyzed
nfl,2018,401030773,2018-10-14T20:05Z,STATUS_FINAL,Denver Broncos,Los Angeles Rams,DEN,LAR,2-4,6-0,20,23,NA,NA,NA,NA,NA,NA,NA,NA,NA,NA,TRUE,FALSE,TRUE,FALSE,TRUE,eligible,TRUE,TRUE,NA,NA,analyzed
nfl,2018,401030776,2018-10-14T20:25Z,STATUS_FINAL,Dallas Cowboys,Jacksonville Jaguars,DAL,JAX,3-3,3-3,40,7,away,JAX,3,39.5,156,-173,106,-119,1,nflreadr,TRUE,FALSE,TRUE,FALSE,TRUE,eligible,TRUE,TRUE,NA,NA,analyzed
nfl,2018,401030774,2018-10-14T20:25Z,STATUS_FINAL,Tennessee Titans,Baltimore Ravens,TEN,BAL,3-3,4-2,0,21,away,BAL,2.5,43.5,124,-137,-103,-108,1,nflreadr,TRUE,FALSE,TRUE,FALSE,TRUE,eligible,TRUE,TRUE,NA,NA,analyzed
nfl,2018,401030779,2018-10-15T00:20Z,STATUS_FINAL,New England Patriots,Kansas City Chiefs,NE,KC,4-2,5-1,43,40,NA,NA,NA,NA,NA,NA,NA,NA,NA,NA,TRUE,FALSE,TRUE,FALSE,TRUE,eligible,TRUE,TRUE,NA,NA,analyzed
nfl,2018,401030783,2018-10-16T00:15Z,STATUS_FINAL,Green Bay Packers,San Francisco 49ers,GB,SF,3-2-1,1-5,33,30,NA,NA,NA,NA,NA,NA,NA,NA,NA,NA,TRUE,FALSE,TRUE,FALSE,TRUE,eligible,TRUE,TRUE,NA,NA,analyzed
nfl,2018,401030800,2018-10-19T00:20Z,STATUS_FINAL,Arizona Cardinals,Denver Broncos,ARI,DEN,1-6,3-4,10,45,NA,NA,NA,NA,NA,NA,NA,NA,NA,NA,TRUE,FALSE,TRUE,FALSE,TRUE,eligible,TRUE,TRUE,NA,NA,analyzed
nfl,2018,401030792,2018-10-21T13:30Z,STATUS_FINAL,Los Angeles Chargers,Tennessee Titans,LAC,TEN,5-2,3-4,20,19,home,LAC,6.5,46,-277,245,-108,-103,1,nflreadr,TRUE,FALSE,TRUE,FALSE,TRUE,eligible,TRUE,TRUE,NA,NA,analyzed
nfl,2018,401030832,2018-10-21T17:00Z,STATUS_FINAL,Chicago Bears,New England Patriots,CHI,NE,3-3,5-2,31,38,away,NE,1,49,116,-128,107,-120,1,nflreadr,TRUE,FALSE,TRUE,FALSE,TRUE,eligible,TRUE,TRUE,NA,NA,analyzed
nfl,2018,401030833,2018-10-21T17:00Z,STATUS_FINAL,Indianapolis Colts,Buffalo Bills,IND,BUF,2-5,2-5,37,5,home,IND,7,43.5,-293,258,101,-112,1,nflreadr,TRUE,FALSE,TRUE,FALSE,TRUE,eligible,TRUE,TRUE,NA,NA,analyzed
nfl,2018,401030830,2018-10-21T17:00Z,STATUS_FINAL,Miami Dolphins,Detroit Lions,MIA,DET,4-3,3-3,21,32,away,DET,3,47,159,-177,110,-124,1,nflreadr,TRUE,FALSE,TRUE,FALSE,TRUE,eligible,TRUE,TRUE,NA,NA,analyzed
nfl,2018,401030809,2018-10-21T17:00Z,STATUS_FINAL,New York Jets,Minnesota Vikings,NYJ,MIN,3-4,4-2-1,17,37,away,MIN,3.5,45,157,-175,-119,106,1,nflreadr,TRUE,FALSE,TRUE,FALSE,TRUE,eligible,TRUE,TRUE,NA,NA,analyzed
nfl,2018,401030807,2018-10-21T17:00Z,STATUS_FINAL,Philadelphia Eagles,Carolina Panthers,PHI,CAR,3-4,4-2,17,21,home,PHI,5,45,-226,202,-109,-102,1,nflreadr,TRUE,FALSE,TRUE,FALSE,TRUE,eligible,TRUE,TRUE,NA,NA,analyzed
nfl,2018,401030806,2018-10-21T17:00Z,STATUS_FINAL,Tampa Bay Buccaneers,Cleveland Browns,TB,CLE,3-3,2-4-1,26,23,home,TB,3.5,52.5,-181,163,-105,-105,1,nflreadr,TRUE,FALSE,TRUE,FALSE,TRUE,eligible,TRUE,TRUE,NA,NA,analyzed
nfl,2018,401030835,2018-10-21T17:00Z,STATUS_FINAL,Jacksonville Jaguars,Houston Texans,JAX,HOU,3-4,4-3,7,20,home,JAX,4,43,-210,188,-110,-101,1,nflreadr,TRUE,FALSE,TRUE,FALSE,TRUE,eligible,TRUE,TRUE,NA,NA,analyzed
nfl,2018,401030836,2018-10-21T20:05Z,STATUS_FINAL,Baltimore Ravens,New Orleans Saints,BAL,NO,4-3,5-1,23,24,home,BAL,2.5,49,-143,129,-114,102,1,nflreadr,TRUE,FALSE,TRUE,FALSE,TRUE,eligible,TRUE,TRUE,NA,NA,analyzed
nfl,2018,401030838,2018-10-21T20:25Z,STATUS_FINAL,San Francisco 49ers,Los Angeles Rams,SF,LAR,1-6,7-0,10,39,NA,NA,NA,NA,NA,NA,NA,NA,NA,NA,TRUE,FALSE,TRUE,FALSE,TRUE,eligible,TRUE,TRUE,NA,NA,analyzed
nfl,2018,401030837,2018-10-21T20:25Z,STATUS_FINAL,Washington Redskins,Dallas Cowboys,WSH,DAL,4-2,3-4,20,17,NA,NA,NA,NA,NA,NA,NA,NA,NA,NA,TRUE,FALSE,TRUE,FALSE,TRUE,eligible,TRUE,TRUE,NA,NA,analyzed
nfl,2018,401030804,2018-10-22T00:20Z,STATUS_FINAL,Kansas City Chiefs,Cincinnati Bengals,KC,CIN,6-1,4-3,45,10,NA,NA,NA,NA,NA,NA,NA,NA,NA,NA,TRUE,FALSE,TRUE,FALSE,TRUE,eligible,TRUE,TRUE,NA,NA,analyzed
nfl,2018,401030796,2018-10-23T00:15Z,STATUS_FINAL,Atlanta Falcons,New York Giants,ATL,NYG,3-4,1-6,23,20,NA,NA,NA,NA,NA,NA,NA,NA,NA,NA,TRUE,FALSE,TRUE,FALSE,TRUE,eligible,TRUE,TRUE,NA,NA,analyzed
nfl,2018,401030703,2018-10-26T00:20Z,STATUS_FINAL,Houston Texans,Miami Dolphins,HOU,MIA,5-3,4-4,42,23,NA,NA,NA,NA,NA,NA,NA,NA,NA,NA,TRUE,FALSE,TRUE,FALSE,TRUE,eligible,TRUE,TRUE,NA,NA,analyzed
nfl,2018,401030699,2018-10-28T13:30Z,STATUS_FINAL,Jacksonville Jaguars,Philadelphia Eagles,JAX,PHI,3-5,4-4,18,24,away,PHI,4,44.5,186,-208,-108,-103,1,nflreadr,TRUE,FALSE,TRUE,FALSE,TRUE,eligible,TRUE,TRUE,NA,NA,analyzed
nfl,2018,401030747,2018-10-28T17:00Z,STATUS_FINAL,Chicago Bears,New York Jets,CHI,NYJ,4-3,3-5,24,10,home,CHI,8.5,42.5,-350,305,106,-119,1,nflreadr,TRUE,FALSE,TRUE,FALSE,TRUE,eligible,TRUE,TRUE,NA,NA,analyzed
nfl,2018,401030744,2018-10-28T17:00Z,STATUS_FINAL,Cincinnati Bengals,Tampa Bay Buccaneers,CIN,TB,5-3,3-4,37,34,home,CIN,3.5,55,-192,173,-108,-103,1,nflreadr,TRUE,FALSE,TRUE,FALSE,TRUE,eligible,TRUE,TRUE,NA,NA,analyzed
nfl,2018,401030740,2018-10-28T17:00Z,STATUS_FINAL,Detroit Lions,Seattle Seahawks,DET,SEA,3-4,4-3,14,28,home,DET,3,47.5,-162,146,-110,-101,1,nflreadr,TRUE,FALSE,TRUE,FALSE,TRUE,eligible,TRUE,TRUE,NA,NA,analyzed
nfl,2018,401030707,2018-10-28T17:00Z,STATUS_FINAL,Kansas City Chiefs,Denver Broncos,KC,DEN,7-1,3-5,30,23,home,KC,8.5,53,-389,337,-109,-102,1,nflreadr,TRUE,FALSE,TRUE,FALSE,TRUE,eligible,TRUE,TRUE,NA,NA,analyzed
nfl,2018,401030735,2018-10-28T17:00Z,STATUS_FINAL,New York Giants,Washington Redskins,NYG,WSH,1-7,5-2,13,20,NA,NA,NA,NA,NA,NA,NA,NA,NA,NA,TRUE,FALSE,TRUE,FALSE,TRUE,eligible,TRUE,TRUE,NA,NA,analyzed
nfl,2018,401030731,2018-10-28T17:00Z,STATUS_FINAL,Pittsburgh Steelers,Cleveland Browns,PIT,CLE,4-2-1,2-5-1,33,18,home,PIT,8.5,47.5,-378,328,-103,-108,1,nflreadr,TRUE,FALSE,TRUE,FALSE,TRUE,eligible,TRUE,TRUE,NA,NA,analyzed
nfl,2018,401030849,2018-10-28T17:00Z,STATUS_FINAL,Carolina Panthers,Baltimore Ravens,CAR,BAL,5-2,4-4,36,21,away,BAL,2.5,44,129,-143,102,-114,1,nflreadr,TRUE,FALSE,TRUE,FALSE,TRUE,eligible,TRUE,TRUE,NA,NA,analyzed
nfl,2018,401030749,2018-10-28T20:05Z,STATUS_FINAL,Oakland Raiders,Indianapolis Colts,OAK,IND,1-6,3-5,28,42,away,IND,3.5,51,165,-183,-109,-102,1,nflreadr,TRUE,FALSE,TRUE,FALSE,TRUE,eligible,TRUE,TRUE,NA,NA,analyzed
nfl,2018,401030780,2018-10-28T20:25Z,STATUS_FINAL,Los Angeles Rams,Green Bay Packers,LAR,GB,8-0,3-3-1,29,27,NA,NA,NA,NA,NA,NA,NA,NA,NA,NA,TRUE,FALSE,TRUE,FALSE,TRUE,eligible,TRUE,TRUE,NA,NA,analyzed
nfl,2018,401030772,2018-10-28T20:25Z,STATUS_FINAL,Arizona Cardinals,San Francisco 49ers,ARI,SF,2-6,1-7,18,15,away,SF,2.5,40,125,-138,104,-116,1,nflreadr,TRUE,FALSE,TRUE,FALSE,TRUE,eligible,TRUE,TRUE,NA,NA,analyzed
nfl,2018,401030786,2018-10-29T00:20Z,STATUS_FINAL,Minnesota Vikings,New Orleans Saints,MIN,NO,4-3-1,6-1,20,30,NA,NA,NA,NA,NA,NA,NA,NA,NA,NA,TRUE,FALSE,TRUE,FALSE,TRUE,eligible,TRUE,TRUE,NA,NA,analyzed
nfl,2018,401030789,2018-10-30T00:15Z,STATUS_FINAL,Buffalo Bills,New England Patriots,BUF,NE,2-6,6-2,6,25,NA,NA,NA,NA,NA,NA,NA,NA,NA,NA,TRUE,FALSE,TRUE,FALSE,TRUE,eligible,TRUE,TRUE,NA,NA,analyzed
nfl,2018,401030767,2018-11-02T00:20Z,STATUS_FINAL,San Francisco 49ers,Oakland Raiders,SF,OAK,2-7,1-7,34,3,NA,NA,NA,NA,NA,NA,NA,NA,NA,NA,TRUE,FALSE,TRUE,FALSE,TRUE,eligible,TRUE,TRUE,NA,NA,analyzed
nfl,2018,401030769,2018-11-04T18:00Z,STATUS_FINAL,Buffalo Bills,Chicago Bears,BUF,CHI,2-7,5-3,9,41,away,CHI,10.5,38,346,-400,-125,111,1,nflreadr,TRUE,FALSE,TRUE,FALSE,TRUE,eligible,TRUE,TRUE,NA,NA,analyzed
nfl,2018,401030814,2018-11-04T18:00Z,STATUS_FINAL,Cleveland Browns,Kansas City Chiefs,CLE,KC,2-6-1,8-1,21,37,away,KC,7.5,51,330,-380,-101,-110,1,nflreadr,TRUE,FALSE,TRUE,FALSE,TRUE,eligible,TRUE,TRUE,NA,NA,analyzed
nfl,2018,401030816,2018-11-04T18:00Z,STATUS_FINAL,Miami Dolphins,New York Jets,MIA,NYJ,5-4,3-6,13,6,home,MIA,3,43.5,-155,140,-103,-108,1,nflreadr,TRUE,FALSE,TRUE,FALSE,TRUE,eligible,TRUE,TRUE,NA,NA,analyzed
nfl,2018,401030822,2018-11-04T18:00Z,STATUS_FINAL,Minnesota Vikings,Detroit Lions,MIN,DET,5-3-1,3-5,24,9,home,MIN,4.5,47,-218,195,-110,-101,1,nflreadr,TRUE,FALSE,TRUE,FALSE,TRUE,eligible,TRUE,TRUE,NA,NA,analyzed
nfl,2018,401030826,2018-11-04T18:00Z,STATUS_FINAL,Washington Redskins,Atlanta Falcons,WSH,ATL,5-3,4-4,14,38,NA,NA,NA,NA,NA,NA,NA,NA,NA,NA,TRUE,FALSE,TRUE,FALSE,TRUE,eligible,TRUE,TRUE,NA,NA,analyzed
nfl,2018,401030811,2018-11-04T18:00Z,STATUS_FINAL,Carolina Panthers,Tampa Bay Buccaneers,CAR,TB,6-2,3-5,42,28,home,CAR,6,55.5,-286,253,-111,100,1,nflreadr,TRUE,FALSE,TRUE,FALSE,TRUE,eligible,TRUE,TRUE,NA,NA,analyzed
nfl,2018,401030819,2018-11-04T18:00Z,STATUS_FINAL,Baltimore Ravens,Pittsburgh Steelers,BAL,PIT,4-5,5-2-1,16,23,home,BAL,1.5,47,-129,117,-114,102,1,nflreadr,TRUE,FALSE,TRUE,FALSE,TRUE,eligible,TRUE,TRUE,NA,NA,analyzed
nfl,2018,401030829,2018-11-04T21:05Z,STATUS_FINAL,Denver Broncos,Houston Texans,DEN,HOU,3-6,6-3,17,19,home,DEN,1,46.5,-119,108,-115,103,1,nflreadr,TRUE,FALSE,TRUE,FALSE,TRUE,eligible,TRUE,TRUE,NA,NA,analyzed
nfl,2018,401030852,2018-11-04T21:05Z,STATUS_FINAL,Seattle Seahawks,Los Angeles Chargers,SEA,LAC,4-4,6-2,17,25,home,SEA,1,48.5,-104,-106,102,-114,1,nflreadr,TRUE,FALSE,TRUE,FALSE,TRUE,eligible,TRUE,TRUE,NA,NA,analyzed
nfl,2018,401030855,2018-11-04T21:25Z,STATUS_FINAL,New Orleans Saints,Los Angeles Rams,NO,LAR,7-1,8-1,45,35,NA,NA,NA,NA,NA,NA,NA,NA,NA,NA,TRUE,FALSE,TRUE,FALSE,TRUE,eligible,TRUE,TRUE,NA,NA,analyzed
nfl,2018,401030858,2018-11-05T01:20Z,STATUS_FINAL,New England Patriots,Green Bay Packers,NE,GB,7-2,3-4-1,31,17,NA,NA,NA,NA,NA,NA,NA,NA,NA,NA,TRUE,FALSE,TRUE,FALSE,TRUE,eligible,TRUE,TRUE,NA,NA,analyzed
nfl,2018,401030862,2018-11-06T01:15Z,STATUS_FINAL,Dallas Cowboys,Tennessee Titans,DAL,TEN,3-5,4-4,14,28,NA,NA,NA,NA,NA,NA,NA,NA,NA,NA,TRUE,FALSE,TRUE,FALSE,TRUE,eligible,TRUE,TRUE,NA,NA,analyzed
nfl,2018,401030729,2018-11-09T01:20Z,STATUS_FINAL,Pittsburgh Steelers,Carolina Panthers,PIT,CAR,6-2-1,6-3,52,21,NA,NA,NA,NA,NA,NA,NA,NA,NA,NA,TRUE,FALSE,TRUE,FALSE,TRUE,eligible,TRUE,TRUE,NA,NA,analyzed
nfl,2018,401030810,2018-11-11T18:00Z,STATUS_FINAL,Chicago Bears,Detroit Lions,CHI,DET,6-3,3-6,34,22,home,CHI,7.5,44.5,-320,281,102,-114,1,nflreadr,TRUE,FALSE,TRUE,FALSE,TRUE,eligible,TRUE,TRUE,NA,NA,analyzed
nfl,2018,401030752,2018-11-11T18:00Z,STATUS_FINAL,Cincinnati Bengals,New Orleans Saints,CIN,NO,5-4,8-1,14,51,away,NO,5.5,53,225,-253,-103,-108,1,nflreadr,TRUE,FALSE,TRUE,FALSE,TRUE,eligible,TRUE,TRUE,NA,NA,analyzed
nfl,2018,401030754,2018-11-11T18:00Z,STATUS_FINAL,Cleveland Browns,Atlanta Falcons,CLE,ATL,3-6-1,4-5,28,16,away,ATL,5.5,49.5,212,-238,-108,-103,1,nflreadr,TRUE,FALSE,TRUE,FALSE,TRUE,eligible,TRUE,TRUE,NA,NA,analyzed
nfl,2018,401030821,2018-11-11T18:00Z,STATUS_FINAL,Tennessee Titans,New England Patriots,TEN,NE,5-4,7-3,34,10,away,NE,6,47,217,-244,-112,101,1,nflreadr,TRUE,FALSE,TRUE,FALSE,TRUE,eligible,TRUE,TRUE,NA,NA,analyzed
nfl,2018,401030766,2018-11-11T18:00Z,STATUS_FINAL,Indianapolis Colts,Jacksonville Jaguars,IND,JAX,4-5,3-6,29,26,home,IND,3,48,-156,141,-105,-105,1,nflreadr,TRUE,FALSE,TRUE,FALSE,TRUE,eligible,TRUE,TRUE,NA,NA,analyzed
nfl,2018,401030815,2018-11-11T18:00Z,STATUS_FINAL,Kansas City Chiefs,Arizona Cardinals,KC,ARI,9-1,2-7,26,14,home,KC,16.5,49.5,-1267,835,-104,-106,1,nflreadr,TRUE,FALSE,TRUE,FALSE,TRUE,eligible,TRUE,TRUE,NA,NA,analyzed
nfl,2018,401030853,2018-11-11T18:00Z,STATUS_FINAL,New York Jets,Buffalo Bills,NYJ,BUF,3-7,3-7,10,41,home,NYJ,6.5,38,-265,235,-103,-108,1,nflreadr,TRUE,FALSE,TRUE,FALSE,TRUE,eligible,TRUE,TRUE,NA,NA,analyzed
nfl,2018,401030828,2018-11-11T18:00Z,STATUS_FINAL,Tampa Bay Buccaneers,Washington Redskins,TB,WSH,3-6,6-3,3,16,NA,NA,NA,NA,NA,NA,NA,NA,NA,NA,TRUE,FALSE,TRUE,FALSE,TRUE,eligible,TRUE,TRUE,NA,NA,analyzed
nfl,2018,401030859,2018-11-11T21:05Z,STATUS_FINAL,Oakland Raiders,Los Angeles Chargers,OAK,LAC,1-8,7-2,6,20,away,LAC,10.5,50,391,-458,-116,104,1,nflreadr,TRUE,FALSE,TRUE,FALSE,TRUE,eligible,TRUE,TRUE,NA,NA,analyzed
nfl,2018,401030756,2018-11-11T21:25Z,STATUS_FINAL,Green Bay Packers,Miami Dolphins,GB,MIA,4-4-1,5-5,31,12,home,GB,13,48.5,-585,487,102,-114,1,nflreadr,TRUE,FALSE,TRUE,FALSE,TRUE,eligible,TRUE,TRUE,NA,NA,analyzed
nfl,2018,401030865,2018-11-11T21:25Z,STATUS_FINAL,Los Angeles Rams,Seattle Seahawks,LAR,SEA,9-1,4-5,36,31,NA,NA,NA,NA,NA,NA,NA,NA,NA,NA,TRUE,FALSE,TRUE,FALSE,TRUE,eligible,TRUE,TRUE,NA,NA,analyzed
nfl,2018,401030869,2018-11-12T01:20Z,STATUS_FINAL,Philadelphia Eagles,Dallas Cowboys,PHI,DAL,4-5,4-5,20,27,NA,NA,NA,NA,NA,NA,NA,NA,NA,NA,TRUE,FALSE,TRUE,FALSE,TRUE,eligible,TRUE,TRUE,NA,NA,analyzed
nfl,2018,401030873,2018-11-13T01:15Z,STATUS_FINAL,San Francisco 49ers,New York Giants,SF,NYG,2-8,2-7,23,27,NA,NA,NA,NA,NA,NA,NA,NA,NA,NA,TRUE,FALSE,TRUE,FALSE,TRUE,eligible,TRUE,TRUE,NA,NA,analyzed
nfl,2018,401030878,2018-11-16T01:20Z,STATUS_FINAL,Seattle Seahawks,Green Bay Packers,SEA,GB,5-5,4-5-1,27,24,NA,NA,NA,NA,NA,NA,NA,NA,NA,NA,TRUE,FALSE,TRUE,FALSE,TRUE,eligible,TRUE,TRUE,NA,NA,analyzed
nfl,2018,401030929,2018-11-18T18:00Z,STATUS_FINAL,Atlanta Falcons,Dallas Cowboys,ATL,DAL,4-6,5-5,19,22,home,ATL,3.5,50,-186,168,-103,-108,1,nflreadr,TRUE,FALSE,TRUE,FALSE,TRUE,eligible,TRUE,TRUE,NA,NA,analyzed
nfl,2018,401030910,2018-11-18T18:00Z,STATUS_FINAL,Detroit Lions,Carolina Panthers,DET,CAR,4-6,6-4,20,19,away,CAR,4,48,173,-192,-115,103,1,nflreadr,TRUE,FALSE,TRUE,FALSE,TRUE,eligible,TRUE,TRUE,NA,NA,analyzed
nfl,2018,401030922,2018-11-18T18:00Z,STATUS_FINAL,Indianapolis Colts,Tennessee Titans,IND,TEN,5-5,5-5,38,10,home,IND,2,50,-129,117,-108,-103,1,nflreadr,TRUE,FALSE,TRUE,FALSE,TRUE,eligible,TRUE,TRUE,NA,NA,analyzed
nfl,2018,401030952,2018-11-18T18:00Z,STATUS_FINAL,New York Giants,Tampa Bay Buccaneers,NYG,TB,3-7,3-7,38,35,home,NYG,3,54.5,-162,146,-114,102,1,nflreadr,TRUE,FALSE,TRUE,FALSE,TRUE,eligible,TRUE,TRUE,NA,NA,analyzed
nfl,2018,401030966,2018-11-18T18:00Z,STATUS_FINAL,Washington Redskins,Houston Texans,WSH,HOU,6-4,7-3,21,23,NA,NA,NA,NA,NA,NA,NA,NA,NA,NA,TRUE,FALSE,TRUE,FALSE,TRUE,eligible,TRUE,TRUE,NA,NA,analyzed
nfl,2018,401030971,2018-11-18T18:00Z,STATUS_FINAL,Jacksonville Jaguars,Pittsburgh Steelers,JAX,PIT,3-7,7-2-1,16,20,away,PIT,4,47,181,-202,-102,-109,1,nflreadr,TRUE,FALSE,TRUE,FALSE,TRUE,eligible,TRUE,TRUE,NA,NA,analyzed
nfl,2018,401030894,2018-11-18T18:00Z,STATUS_FINAL,Baltimore Ravens,Cincinnati Bengals,BAL,CIN,5-5,5-5,24,21,home,BAL,6.5,44,-260,231,-101,-110,1,nflreadr,TRUE,FALSE,TRUE,FALSE,TRUE,eligible,TRUE,TRUE,NA,NA,analyzed
nfl,2018,401030970,2018-11-18T21:05Z,STATUS_FINAL,Arizona Cardinals,Oakland Raiders,ARI,OAK,2-8,2-8,21,23,home,ARI,4.5,41,-211,189,-103,-108,1,nflreadr,TRUE,FALSE,TRUE,FALSE,TRUE,eligible,TRUE,TRUE,NA,NA,analyzed
nfl,2018,401030969,2018-11-18T21:05Z,STATUS_FINAL,Los Angeles Chargers,Denver Broncos,LAC,DEN,7-3,4-6,22,23,home,LAC,7.5,47,-329,288,104,-116,1,nflreadr,TRUE,FALSE,TRUE,FALSE,TRUE,eligible,TRUE,TRUE,NA,NA,analyzed
nfl,2018,401030963,2018-11-18T21:25Z,STATUS_FINAL,New Orleans Saints,Philadelphia Eagles,NO,PHI,9-1,4-6,48,7,home,NO,7,56.5,-331,290,-105,-105,1,nflreadr,TRUE,FALSE,TRUE,FALSE,TRUE,eligible,TRUE,TRUE,NA,NA,analyzed
nfl,2018,401030903,2018-11-19T01:20Z,STATUS_FINAL,Chicago Bears,Minnesota Vikings,CHI,MIN,7-3,5-4-1,25,20,NA,NA,NA,NA,NA,NA,NA,NA,NA,NA,TRUE,FALSE,TRUE,FALSE,TRUE,eligible,TRUE,TRUE,NA,NA,analyzed
nfl,2018,401030972,2018-11-20T01:15Z,STATUS_FINAL,Los Angeles Rams,Kansas City Chiefs,LAR,KC,10-1,9-2,54,51,NA,NA,NA,NA,NA,NA,NA,NA,NA,NA,TRUE,FALSE,TRUE,FALSE,TRUE,eligible,TRUE,TRUE,NA,NA,analyzed
nfl,2018,401030905,2018-11-22T17:30Z,STATUS_FINAL,Detroit Lions,Chicago Bears,DET,CHI,4-7,8-3,16,23,away,CHI,3,43,146,-161,102,-114,1,nflreadr,TRUE,FALSE,TRUE,FALSE,TRUE,eligible,TRUE,TRUE,NA,NA,analyzed
nfl,2018,401030925,2018-11-22T21:30Z,STATUS_FINAL,Dallas Cowboys,Washington Redskins,DAL,WSH,6-5,6-5,31,23,NA,NA,NA,NA,NA,NA,NA,NA,NA,NA,TRUE,FALSE,TRUE,FALSE,TRUE,eligible,TRUE,TRUE,NA,NA,analyzed
nfl,2018,401030923,2018-11-23T01:20Z,STATUS_FINAL,New Orleans Saints,Atlanta Falcons,NO,ATL,10-1,4-7,31,17,NA,NA,NA,NA,NA,NA,NA,NA,NA,NA,TRUE,FALSE,TRUE,FALSE,TRUE,eligible,TRUE,TRUE,NA,NA,analyzed
nfl,2018,401030919,2018-11-25T18:00Z,STATUS_FINAL,Buffalo Bills,Jacksonville Jaguars,BUF,JAX,4-7,3-8,24,21,away,JAX,3,36.5,140,-155,-106,-104,1,nflreadr,TRUE,FALSE,TRUE,FALSE,TRUE,eligible,TRUE,TRUE,NA,NA,analyzed
nfl,2018,401030921,2018-11-25T18:00Z,STATUS_FINAL,Cincinnati Bengals,Cleveland Browns,CIN,CLE,5-6,4-6-1,20,35,away,CLE,1,46.5,102,-113,-105,-105,1,nflreadr,TRUE,FALSE,TRUE,FALSE,TRUE,eligible,TRUE,TRUE,NA,NA,analyzed
nfl,2018,401030904,2018-11-25T18:00Z,STATUS_FINAL,New York Jets,New England Patriots,NYJ,NE,3-8,8-3,13,27,away,NE,13,46.5,487,-585,-121,108,1,nflreadr,TRUE,FALSE,TRUE,FALSE,TRUE,eligible,TRUE,TRUE,NA,NA,analyzed
nfl,2018,401030914,2018-11-25T18:00Z,STATUS_FINAL,Philadelphia Eagles,New York Giants,PHI,NYG,5-6,3-8,25,22,home,PHI,4.5,49,-215,192,-108,-103,1,nflreadr,TRUE,FALSE,TRUE,FALSE,TRUE,eligible,TRUE,TRUE,NA,NA,analyzed
nfl,2018,401030902,2018-11-25T18:00Z,STATUS_FINAL,Tampa Bay Buccaneers,San Francisco 49ers,TB,SF,4-7,2-9,27,9,home,TB,1.5,54.5,-127,115,-110,-101,1,nflreadr,TRUE,FALSE,TRUE,FALSE,TRUE,eligible,TRUE,TRUE,NA,NA,analyzed
nfl,2018,401030920,2018-11-25T18:00Z,STATUS_FINAL,Carolina Panthers,Seattle Seahawks,CAR,SEA,6-5,6-5,27,30,home,CAR,3,46.5,-162,146,-112,101,1,nflreadr,TRUE,FALSE,TRUE,FALSE,TRUE,eligible,TRUE,TRUE,NA,NA,analyzed
nfl,2018,401030916,2018-11-25T18:00Z,STATUS_FINAL,Baltimore Ravens,Oakland Raiders,BAL,OAK,6-5,2-9,34,17,home,BAL,13,42,-691,524,103,-115,1,nflreadr,TRUE,FALSE,TRUE,FALSE,TRUE,eligible,TRUE,TRUE,NA,NA,analyzed
nfl,2018,401030912,2018-11-25T21:05Z,STATUS_FINAL,Los Angeles Chargers,Arizona Cardinals,LAC,ARI,8-3,2-9,45,10,home,LAC,14,43.5,-837,612,-108,-103,1,nflreadr,TRUE,FALSE,TRUE,FALSE,TRUE,eligible,TRUE,TRUE,NA,NA,analyzed
nfl,2018,401030911,2018-11-25T21:25Z,STATUS_FINAL,Denver Broncos,Pittsburgh Steelers,DEN,PIT,5-6,7-3-1,24,17,away,PIT,3,47.5,148,-164,-101,-110,1,nflreadr,TRUE,FALSE,TRUE,FALSE,TRUE,eligible,TRUE,TRUE,NA,NA,analyzed
nfl,2018,401030906,2018-11-25T21:25Z,STATUS_FINAL,Indianapolis Colts,Miami Dolphins,IND,MIA,6-5,5-6,27,24,home,IND,9,52.5,-394,341,-108,-103,1,nflreadr,TRUE,FALSE,TRUE,FALSE,TRUE,eligible,TRUE,TRUE,NA,NA,analyzed
nfl,2018,401030908,2018-11-26T01:20Z,STATUS_FINAL,Minnesota Vikings,Green Bay Packers,MIN,GB,6-4-1,4-6-1,24,17,NA,NA,NA,NA,NA,NA,NA,NA,NA,NA,TRUE,FALSE,TRUE,FALSE,TRUE,eligible,TRUE,TRUE,NA,NA,analyzed
nfl,2018,401030762,2018-11-27T01:15Z,STATUS_FINAL,Houston Texans,Tennessee Titans,HOU,TEN,8-3,5-6,34,17,NA,NA,NA,NA,NA,NA,NA,NA,NA,NA,TRUE,FALSE,TRUE,FALSE,TRUE,eligible,TRUE,TRUE,NA,NA,analyzed
nfl,2018,401030899,2018-11-30T01:20Z,STATUS_FINAL,Dallas Cowboys,New Orleans Saints,DAL,NO,7-5,10-2,13,10,NA,NA,NA,NA,NA,NA,NA,NA,NA,NA,TRUE,FALSE,TRUE,FALSE,TRUE,eligible,TRUE,TRUE,NA,NA,analyzed
nfl,2018,401030928,2018-12-02T18:00Z,STATUS_FINAL,Atlanta Falcons,Baltimore Ravens,ATL,BAL,4-8,7-5,16,26,home,ATL,2.5,46.5,-147,133,-114,102,1,nflreadr,TRUE,FALSE,TRUE,FALSE,TRUE,eligible,TRUE,TRUE,NA,NA,analyzed
nfl,2018,401030955,2018-12-02T18:00Z,STATUS_FINAL,Cincinnati Bengals,Denver Broncos,CIN,DEN,5-7,6-6,10,24,away,DEN,3.5,45,160,-178,-113,102,1,nflreadr,TRUE,FALSE,TRUE,FALSE,TRUE,eligible,TRUE,TRUE,NA,NA,analyzed
nfl,2018,401030957,2018-12-02T18:00Z,STATUS_FINAL,Detroit Lions,Los Angeles Rams,DET,LAR,4-8,11-1,16,30,NA,NA,NA,NA,NA,NA,NA,NA,NA,NA,TRUE,FALSE,TRUE,FALSE,TRUE,eligible,TRUE,TRUE,NA,NA,analyzed
nfl,2018,401030965,2018-12-02T18:00Z,STATUS_FINAL,Green Bay Packers,Arizona Cardinals,GB,ARI,4-7-1,3-9,17,20,home,GB,13.5,41,-729,548,-103,-107,1,nflreadr,TRUE,FALSE,TRUE,FALSE,TRUE,eligible,TRUE,TRUE,NA,NA,analyzed
nfl,2018,401030954,2018-12-02T18:00Z,STATUS_FINAL,Miami Dolphins,Buffalo Bills,MIA,BUF,6-6,4-8,21,17,home,MIA,3.5,40,-180,162,-103,-108,1,nflreadr,TRUE,FALSE,TRUE,FALSE,TRUE,eligible,TRUE,TRUE,NA,NA,analyzed
nfl,2018,401030953,2018-12-02T18:00Z,STATUS_FINAL,New York Giants,Chicago Bears,NYG,CHI,4-8,8-4,30,27,away,CHI,3.5,44,166,-185,-109,-102,1,nflreadr,TRUE,FALSE,TRUE,FALSE,TRUE,eligible,TRUE,TRUE,NA,NA,analyzed
nfl,2018,401030968,2018-12-02T18:00Z,STATUS_FINAL,Tampa Bay Buccaneers,Carolina Panthers,TB,CAR,5-7,6-6,24,17,away,CAR,3.5,52,166,-185,-110,-101,1,nflreadr,TRUE,FALSE,TRUE,FALSE,TRUE,eligible,TRUE,TRUE,NA,NA,analyzed
nfl,2018,401030962,2018-12-02T18:00Z,STATUS_FINAL,Jacksonville Jaguars,Indianapolis Colts,JAX,IND,4-8,6-6,6,0,away,IND,4,45.5,179,-199,-103,-108,1,nflreadr,TRUE,FALSE,TRUE,FALSE,TRUE,eligible,TRUE,TRUE,NA,NA,analyzed
nfl,2018,401030964,2018-12-02T18:00Z,STATUS_FINAL,Houston Texans,Cleveland Browns,HOU,CLE,9-3,4-7-1,29,13,home,HOU,5,47.5,-246,219,-112,101,1,nflreadr,TRUE,FALSE,TRUE,FALSE,TRUE,eligible,TRUE,TRUE,NA,NA,analyzed
nfl,2018,401030960,2018-12-02T21:05Z,STATUS_FINAL,Tennessee Titans,New York Jets,TEN,NYJ,6-6,3-9,26,22,home,TEN,10.5,40.5,-431,370,113,-127,1,nflreadr,TRUE,FALSE,TRUE,FALSE,TRUE,eligible,TRUE,TRUE,NA,NA,analyzed
nfl,2018,401030935,2018-12-02T21:05Z,STATUS_FINAL,Oakland Raiders,Kansas City Chiefs,OAK,KC,2-10,10-2,33,40,away,KC,14,53.5,593,-769,-112,101,1,nflreadr,TRUE,FALSE,TRUE,FALSE,TRUE,eligible,TRUE,TRUE,NA,NA,analyzed
nfl,2018,401030959,2018-12-02T21:25Z,STATUS_FINAL,New England Patriots,Minnesota Vikings,NE,MIN,9-3,6-5-1,24,10,home,NE,6,50,-244,217,102,-114,1,nflreadr,TRUE,FALSE,TRUE,FALSE,TRUE,eligible,TRUE,TRUE,NA,NA,analyzed
nfl,2018,401030958,2018-12-02T21:25Z,STATUS_FINAL,Seattle Seahawks,San Francisco 49ers,SEA,SF,7-5,2-10,43,16,home,SEA,10,45.5,-500,411,102,-114,1,nflreadr,TRUE,FALSE,TRUE,FALSE,TRUE,eligible,TRUE,TRUE,NA,NA,analyzed
nfl,2018,401030951,2018-12-03T01:20Z,STATUS_FINAL,Pittsburgh Steelers,Los Angeles Chargers,PIT,LAC,7-4-1,9-3,30,33,NA,NA,NA,NA,NA,NA,NA,NA,NA,NA,TRUE,FALSE,TRUE,FALSE,TRUE,eligible,TRUE,TRUE,NA,NA,analyzed
nfl,2018,401030871,2018-12-04T01:15Z,STATUS_FINAL,Philadelphia Eagles,Washington Redskins,PHI,WSH,6-6,6-6,28,13,NA,NA,NA,NA,NA,NA,NA,NA,NA,NA,TRUE,FALSE,TRUE,FALSE,TRUE,eligible,TRUE,TRUE,NA,NA,analyzed
nfl,2018,401030724,2018-12-07T01:20Z,STATUS_FINAL,Tennessee Titans,Jacksonville Jaguars,TEN,JAX,7-6,4-9,30,9,NA,NA,NA,NA,NA,NA,NA,NA,NA,NA,TRUE,FALSE,TRUE,FALSE,TRUE,eligible,TRUE,TRUE,NA,NA,analyzed
nfl,2018,401030750,2018-12-09T18:00Z,STATUS_FINAL,Buffalo Bills,New York Jets,BUF,NYJ,4-9,4-9,23,27,home,BUF,4.5,37,-211,189,-105,-105,1,nflreadr,TRUE,FALSE,TRUE,FALSE,TRUE,eligible,TRUE,TRUE,NA,NA,analyzed
nfl,2018,401030823,2018-12-09T18:00Z,STATUS_FINAL,Cleveland Browns,Carolina Panthers,CLE,CAR,5-7-1,6-7,26,20,away,CAR,1,48,106,-117,-103,-108,1,nflreadr,TRUE,FALSE,TRUE,FALSE,TRUE,eligible,TRUE,TRUE,NA,NA,analyzed
nfl,2018,401030825,2018-12-09T18:00Z,STATUS_FINAL,Green Bay Packers,Atlanta Falcons,GB,ATL,5-7-1,4-9,34,20,home,GB,4,51,-185,166,104,-116,1,nflreadr,TRUE,FALSE,TRUE,FALSE,TRUE,eligible,TRUE,TRUE,NA,NA,analyzed
nfl,2018,401030764,2018-12-09T18:00Z,STATUS_FINAL,Kansas City Chiefs,Baltimore Ravens,KC,BAL,11-2,7-6,27,24,home,KC,6.5,49,-269,239,-105,-105,1,nflreadr,TRUE,FALSE,TRUE,FALSE,TRUE,eligible,TRUE,TRUE,NA,NA,analyzed
nfl,2018,401030761,2018-12-09T18:00Z,STATUS_FINAL,Miami Dolphins,New England Patriots,MIA,NE,7-6,9-4,34,33,away,NE,8.5,49.5,319,-367,-108,-103,1,nflreadr,TRUE,FALSE,TRUE,FALSE,TRUE,eligible,TRUE,TRUE,NA,NA,analyzed
nfl,2018,401030758,2018-12-09T18:00Z,STATUS_FINAL,Tampa Bay Buccaneers,New Orleans Saints,TB,NO,5-8,11-2,14,28,away,NO,8.5,55,330,-380,-108,-103,1,nflreadr,TRUE,FALSE,TRUE,FALSE,TRUE,eligible,TRUE,TRUE,NA,NA,analyzed
nfl,2018,401030753,2018-12-09T18:00Z,STATUS_FINAL,Washington Redskins,New York Giants,WSH,NYG,6-7,5-8,16,40,NA,NA,NA,NA,NA,NA,NA,NA,NA,NA,TRUE,FALSE,TRUE,FALSE,TRUE,eligible,TRUE,TRUE,NA,NA,analyzed
nfl,2018,401030813,2018-12-09T18:00Z,STATUS_FINAL,Houston Texans,Indianapolis Colts,HOU,IND,9-4,7-6,21,24,home,HOU,4,49.5,-196,176,-103,-108,1,nflreadr,TRUE,FALSE,TRUE,FALSE,TRUE,eligible,TRUE,TRUE,NA,NA,analyzed
nfl,2018,401030851,2018-12-09T21:05Z,STATUS_FINAL,Los Angeles Chargers,Cincinnati Bengals,LAC,CIN,10-3,5-8,26,21,home,LAC,17,48.5,-1292,847,-102,-109,1,nflreadr,TRUE,FALSE,TRUE,FALSE,TRUE,eligible,TRUE,TRUE,NA,NA,analyzed
nfl,2018,401030827,2018-12-09T21:05Z,STATUS_FINAL,San Francisco 49ers,Denver Broncos,SF,DEN,3-10,6-7,20,14,away,DEN,3,45.5,148,-164,101,-112,1,nflreadr,TRUE,FALSE,TRUE,FALSE,TRUE,eligible,TRUE,TRUE,NA,NA,analyzed
nfl,2018,401030854,2018-12-09T21:25Z,STATUS_FINAL,Dallas Cowboys,Philadelphia Eagles,DAL,PHI,8-5,6-7,29,23,home,DAL,3.5,46,-185,166,-101,-110,1,nflreadr,TRUE,FALSE,TRUE,FALSE,TRUE,eligible,TRUE,TRUE,NA,NA,analyzed
nfl,2018,401030863,2018-12-09T21:25Z,STATUS_FINAL,Oakland Raiders,Pittsburgh Steelers,OAK,PIT,3-10,7-5-1,24,21,away,PIT,10.5,51,384,-449,-133,117,1,nflreadr,TRUE,FALSE,TRUE,FALSE,TRUE,eligible,TRUE,TRUE,NA,NA,analyzed
nfl,2018,401030860,2018-12-09T21:25Z,STATUS_FINAL,Arizona Cardinals,Detroit Lions,ARI,DET,3-10,5-8,3,17,away,DET,2.5,40,126,-139,-101,-110,1,nflreadr,TRUE,FALSE,TRUE,FALSE,TRUE,eligible,TRUE,TRUE,NA,NA,analyzed
nfl,2018,401030817,2018-12-10T01:20Z,STATUS_FINAL,Chicago Bears,Los Angeles Rams,CHI,LAR,9-4,11-2,15,6,NA,NA,NA,NA,NA,NA,NA,NA,NA,NA,TRUE,FALSE,TRUE,FALSE,TRUE,eligible,TRUE,TRUE,NA,NA,analyzed
nfl,2018,401030867,2018-12-11T01:15Z,STATUS_FINAL,Seattle Seahawks,Minnesota Vikings,SEA,MIN,8-5,6-6-1,21,7,NA,NA,NA,NA,NA,NA,NA,NA,NA,NA,TRUE,FALSE,TRUE,FALSE,TRUE,eligible,TRUE,TRUE,NA,NA,analyzed
nfl,2018,401030874,2018-12-14T01:20Z,STATUS_FINAL,Kansas City Chiefs,Los Angeles Chargers,KC,LAC,11-3,11-3,28,29,NA,NA,NA,NA,NA,NA,NA,NA,NA,NA,TRUE,FALSE,TRUE,FALSE,TRUE,eligible,TRUE,TRUE,NA,NA,analyzed
nfl,2018,401030891,2018-12-15T21:30Z,STATUS_FINAL,New York Jets,Houston Texans,NYJ,HOU,4-10,10-4,22,29,away,HOU,7,44,253,-286,-119,106,1,nflreadr,TRUE,FALSE,TRUE,FALSE,TRUE,eligible,TRUE,TRUE,NA,NA,analyzed
nfl,2018,401030876,2018-12-16T01:20Z,STATUS_FINAL,Denver Broncos,Cleveland Browns,DEN,CLE,6-8,6-7-1,16,17,NA,NA,NA,NA,NA,NA,NA,NA,NA,NA,TRUE,FALSE,TRUE,FALSE,TRUE,eligible,TRUE,TRUE,NA,NA,analyzed
nfl,2018,401030900,2018-12-16T18:00Z,STATUS_FINAL,Atlanta Falcons,Arizona Cardinals,ATL,ARI,5-9,3-11,40,14,home,ATL,10,43.5,-382,332,114,-129,1,nflreadr,TRUE,FALSE,TRUE,FALSE,TRUE,eligible,TRUE,TRUE,NA,NA,analyzed
nfl,2018,401030896,2018-12-16T18:00Z,STATUS_FINAL,Buffalo Bills,Detroit Lions,BUF,DET,5-9,5-9,14,13,home,BUF,2.5,40,-146,132,-119,106,1,nflreadr,TRUE,FALSE,TRUE,FALSE,TRUE,eligible,TRUE,TRUE,NA,NA,analyzed
nfl,2018,401030893,2018-12-16T18:00Z,STATUS_FINAL,Chicago Bears,Green Bay Packers,CHI,GB,10-4,5-8-1,24,17,home,CHI,6,46.5,-248,221,-114,102,1,nflreadr,TRUE,FALSE,TRUE,FALSE,TRUE,eligible,TRUE,TRUE,NA,NA,analyzed
nfl,2018,401030909,2018-12-16T18:00Z,STATUS_FINAL,Cincinnati Bengals,Oakland Raiders,CIN,OAK,6-8,3-11,30,16,home,CIN,3,46,-155,140,-101,-110,1,nflreadr,TRUE,FALSE,TRUE,FALSE,TRUE,eligible,TRUE,TRUE,NA,NA,analyzed
nfl,2018,401030927,2018-12-16T18:00Z,STATUS_FINAL,Indianapolis Colts,Dallas Cowboys,IND,DAL,8-6,8-6,23,0,home,IND,3,47,-172,155,-119,106,1,nflreadr,TRUE,FALSE,TRUE,FALSE,TRUE,eligible,TRUE,TRUE,NA,NA,analyzed
nfl,2018,401030918,2018-12-16T18:00Z,STATUS_FINAL,Minnesota Vikings,Miami Dolphins,MIN,MIA,7-6-1,7-7,41,17,home,MIN,7.5,45,-356,311,-103,-107,1,nflreadr,TRUE,FALSE,TRUE,FALSE,TRUE,eligible,TRUE,TRUE,NA,NA,analyzed
nfl,2018,401030915,2018-12-16T18:00Z,STATUS_FINAL,New York Giants,Tennessee Titans,NYG,TEN,5-9,8-6,0,17,away,TEN,2.5,42,112,-123,-110,-101,1,nflreadr,TRUE,FALSE,TRUE,FALSE,TRUE,eligible,TRUE,TRUE,NA,NA,analyzed
nfl,2018,401030924,2018-12-16T18:00Z,STATUS_FINAL,Jacksonville Jaguars,Washington Redskins,JAX,WSH,4-10,7-7,13,16,NA,NA,NA,NA,NA,NA,NA,NA,NA,NA,TRUE,FALSE,TRUE,FALSE,TRUE,eligible,TRUE,TRUE,NA,NA,analyzed
nfl,2018,401030898,2018-12-16T18:00Z,STATUS_FINAL,Baltimore Ravens,Tampa Bay Buccaneers,BAL,TB,8-6,5-9,20,12,home,BAL,8.5,44.5,-378,328,-107,-103,1,nflreadr,TRUE,FALSE,TRUE,FALSE,TRUE,eligible,TRUE,TRUE,NA,NA,analyzed
nfl,2018,401030950,2018-12-16T21:05Z,STATUS_FINAL,San Francisco 49ers,Seattle Seahawks,SF,SEA,4-10,8-6,26,23,away,SEA,3.5,44,186,-207,101,-112,1,nflreadr,TRUE,FALSE,TRUE,FALSE,TRUE,eligible,TRUE,TRUE,NA,NA,analyzed
nfl,2018,401030956,2018-12-16T21:25Z,STATUS_FINAL,Pittsburgh Steelers,New England Patriots,PIT,NE,8-5-1,9-5,17,10,away,NE,2.5,55,117,-129,-105,-105,1,nflreadr,TRUE,FALSE,TRUE,FALSE,TRUE,eligible,TRUE,TRUE,NA,NA,analyzed
nfl,2018,401030961,2018-12-17T01:20Z,STATUS_FINAL,Los Angeles Rams,Philadelphia Eagles,LAR,PHI,11-3,7-7,23,30,NA,NA,NA,NA,NA,NA,NA,NA,NA,NA,TRUE,FALSE,TRUE,FALSE,TRUE,eligible,TRUE,TRUE,NA,NA,analyzed
nfl,2018,401030967,2018-12-18T01:15Z,STATUS_FINAL,Carolina Panthers,New Orleans Saints,CAR,NO,6-8,12-2,9,12,NA,NA,NA,NA,NA,NA,NA,NA,NA,NA,TRUE,FALSE,TRUE,FALSE,TRUE,eligible,TRUE,TRUE,NA,NA,analyzed
nfl,2018,401030868,2018-12-22T21:30Z,STATUS_FINAL,Tennessee Titans,Washington Redskins,TEN,WSH,9-6,7-8,25,16,NA,NA,NA,NA,NA,NA,NA,NA,NA,NA,TRUE,FALSE,TRUE,FALSE,TRUE,eligible,TRUE,TRUE,NA,NA,analyzed
nfl,2018,401030897,2018-12-23T01:20Z,STATUS_FINAL,Los Angeles Chargers,Baltimore Ravens,LAC,BAL,11-4,9-6,10,22,NA,NA,NA,NA,NA,NA,NA,NA,NA,NA,TRUE,FALSE,TRUE,FALSE,TRUE,eligible,TRUE,TRUE,NA,NA,analyzed
nfl,2018,401030872,2018-12-23T18:00Z,STATUS_FINAL,Cleveland Browns,Cincinnati Bengals,CLE,CIN,7-7-1,6-9,26,18,home,CLE,10,44,-385,334,102,-113,1,nflreadr,TRUE,FALSE,TRUE,FALSE,TRUE,eligible,TRUE,TRUE,NA,NA,analyzed
nfl,2018,401030875,2018-12-23T18:00Z,STATUS_FINAL,Dallas Cowboys,Tampa Bay Buccaneers,DAL,TB,9-6,5-10,27,20,home,DAL,7,48,-315,277,-101,-110,1,nflreadr,TRUE,FALSE,TRUE,FALSE,TRUE,eligible,TRUE,TRUE,NA,NA,analyzed
nfl,2018,401030877,2018-12-23T18:00Z,STATUS_FINAL,Detroit Lions,Minnesota Vikings,DET,MIN,5-10,8-6-1,9,27,away,MIN,6.5,41.5,236,-266,-114,102,1,nflreadr,TRUE,FALSE,TRUE,FALSE,TRUE,eligible,TRUE,TRUE,NA,NA,analyzed
nfl,2018,401030861,2018-12-23T18:00Z,STATUS_FINAL,Indianapolis Colts,New York Giants,IND,NYG,9-6,5-10,28,27,home,IND,10,48.5,-400,346,103,-115,1,nflreadr,TRUE,FALSE,TRUE,FALSE,TRUE,eligible,TRUE,TRUE,NA,NA,analyzed
nfl,2018,401030866,2018-12-23T18:00Z,STATUS_FINAL,Miami Dolphins,Jacksonville Jaguars,MIA,JAX,7-8,5-10,7,17,home,MIA,3,39.5,-153,139,-105,-105,1,nflreadr,TRUE,FALSE,TRUE,FALSE,TRUE,eligible,TRUE,TRUE,NA,NA,analyzed
nfl,2018,401030892,2018-12-23T18:00Z,STATUS_FINAL,New England Patriots,Buffalo Bills,NE,BUF,10-5,5-10,24,12,home,NE,14,46,-750,560,102,-114,1,nflreadr,TRUE,FALSE,TRUE,FALSE,TRUE,eligible,TRUE,TRUE,NA,NA,analyzed
nfl,2018,401030870,2018-12-23T18:00Z,STATUS_FINAL,New York Jets,Green Bay Packers,NYJ,GB,4-11,6-8-1,38,44,away,GB,3,47.5,128,-141,-119,106,1,nflreadr,TRUE,FALSE,TRUE,FALSE,TRUE,eligible,TRUE,TRUE,NA,NA,analyzed
nfl,2018,401030864,2018-12-23T18:00Z,STATUS_FINAL,Philadelphia Eagles,Houston Texans,PHI,HOU,8-7,10-5,32,30,home,PHI,1,47,-123,111,-114,102,1,nflreadr,TRUE,FALSE,TRUE,FALSE,TRUE,eligible,TRUE,TRUE,NA,NA,analyzed
nfl,2018,401030895,2018-12-23T18:00Z,STATUS_FINAL,Carolina Panthers,Atlanta Falcons,CAR,ATL,6-9,6-9,10,24,away,ATL,2.5,46.5,133,-147,106,-119,1,nflreadr,TRUE,FALSE,TRUE,FALSE,TRUE,eligible,TRUE,TRUE,NA,NA,analyzed
nfl,2018,401030907,2018-12-23T21:05Z,STATUS_FINAL,Arizona Cardinals,Los Angeles Rams,ARI,LAR,3-12,12-3,9,31,NA,NA,NA,NA,NA,NA,NA,NA,NA,NA,TRUE,FALSE,TRUE,FALSE,TRUE,eligible,TRUE,TRUE,NA,NA,analyzed
nfl,2018,401030901,2018-12-23T21:05Z,STATUS_FINAL,San Francisco 49ers,Chicago Bears,SF,CHI,4-11,11-4,9,14,away,CHI,3.5,44,171,-190,-108,-103,1,nflreadr,TRUE,FALSE,TRUE,FALSE,TRUE,eligible,TRUE,TRUE,NA,NA,analyzed
nfl,2018,401030913,2018-12-23T21:25Z,STATUS_FINAL,New Orleans Saints,Pittsburgh Steelers,NO,PIT,13-2,8-6-1,31,28,home,NO,6.5,53,-269,238,-108,-103,1,nflreadr,TRUE,FALSE,TRUE,FALSE,TRUE,eligible,TRUE,TRUE,NA,NA,analyzed
nfl,2018,401030917,2018-12-24T01:20Z,STATUS_FINAL,Seattle Seahawks,Kansas City Chiefs,SEA,KC,9-6,11-4,38,31,NA,NA,NA,NA,NA,NA,NA,NA,NA,NA,TRUE,FALSE,TRUE,FALSE,TRUE,eligible,TRUE,TRUE,NA,NA,analyzed
nfl,2018,401030926,2018-12-25T01:15Z,STATUS_FINAL,Oakland Raiders,Denver Broncos,OAK,DEN,4-11,6-9,27,14,NA,NA,NA,NA,NA,NA,NA,NA,NA,NA,TRUE,FALSE,TRUE,FALSE,TRUE,eligible,TRUE,TRUE,NA,NA,analyzed
nfl,2018,401030722,2018-12-30T18:00Z,STATUS_FINAL,Buffalo Bills,Miami Dolphins,BUF,MIA,6-10,7-9,42,17,home,BUF,5.5,39.5,-250,222,-109,-102,1,nflreadr,TRUE,FALSE,TRUE,FALSE,TRUE,eligible,TRUE,TRUE,NA,NA,analyzed
nfl,2018,401030757,2018-12-30T18:00Z,STATUS_FINAL,Green Bay Packers,Detroit Lions,GB,DET,6-9-1,6-10,0,31,home,GB,7.5,44.5,-324,284,-108,-103,1,nflreadr,TRUE,FALSE,TRUE,FALSE,TRUE,eligible,TRUE,TRUE,NA,NA,analyzed
nfl,2018,401030765,2018-12-30T18:00Z,STATUS_FINAL,New England Patriots,New York Jets,NE,NYJ,11-5,4-12,38,3,home,NE,14,47,-848,618,-110,-101,1,nflreadr,TRUE,FALSE,TRUE,FALSE,TRUE,eligible,TRUE,TRUE,NA,NA,analyzed
nfl,2018,401030768,2018-12-30T18:00Z,STATUS_FINAL,New Orleans Saints,Carolina Panthers,NO,CAR,13-3,7-9,14,33,home,NO,8,42,-314,276,103,-115,1,nflreadr,TRUE,FALSE,TRUE,FALSE,TRUE,eligible,TRUE,TRUE,NA,NA,analyzed
nfl,2018,401030812,2018-12-30T18:00Z,STATUS_FINAL,New York Giants,Dallas Cowboys,NYG,DAL,5-11,10-6,35,36,home,NYG,7.5,38.5,-338,295,-114,102,1,nflreadr,TRUE,FALSE,TRUE,FALSE,TRUE,eligible,TRUE,TRUE,NA,NA,analyzed
nfl,2018,401030820,2018-12-30T18:00Z,STATUS_FINAL,Tampa Bay Buccaneers,Atlanta Falcons,TB,ATL,5-11,7-9,32,34,away,ATL,2.5,52,129,-142,-103,-108,1,nflreadr,TRUE,FALSE,TRUE,FALSE,TRUE,eligible,TRUE,TRUE,NA,NA,analyzed
nfl,2018,401030759,2018-12-30T18:00Z,STATUS_FINAL,Houston Texans,Jacksonville Jaguars,HOU,JAX,11-5,5-11,20,3,home,HOU,7,39.5,-311,274,-103,-107,1,nflreadr,TRUE,FALSE,TRUE,FALSE,TRUE,eligible,TRUE,TRUE,NA,NA,analyzed
nfl,2018,401030824,2018-12-30T21:25Z,STATUS_FINAL,Denver Broncos,Los Angeles Chargers,DEN,LAC,6-10,12-4,9,23,away,LAC,7,43.5,239,-270,-119,106,1,nflreadr,TRUE,FALSE,TRUE,FALSE,TRUE,eligible,TRUE,TRUE,NA,NA,analyzed
nfl,2018,401030760,2018-12-30T21:25Z,STATUS_FINAL,Kansas City Chiefs,Oakland Raiders,KC,OAK,12-4,4-12,35,3,home,KC,14.5,54,-794,586,103,-115,1,nflreadr,TRUE,FALSE,TRUE,FALSE,TRUE,eligible,TRUE,TRUE,NA,NA,analyzed
nfl,2018,401030850,2018-12-30T21:25Z,STATUS_FINAL,Los Angeles Rams,San Francisco 49ers,LAR,SF,13-3,4-12,48,32,NA,NA,NA,NA,NA,NA,NA,NA,NA,NA,TRUE,FALSE,TRUE,FALSE,TRUE,eligible,TRUE,TRUE,NA,NA,analyzed
nfl,2018,401030763,2018-12-30T21:25Z,STATUS_FINAL,Minnesota Vikings,Chicago Bears,MIN,CHI,8-7-1,12-4,10,24,home,MIN,6,39.5,-230,205,106,-119,1,nflreadr,TRUE,FALSE,TRUE,FALSE,TRUE,eligible,TRUE,TRUE,NA,NA,analyzed
nfl,2018,401030818,2018-12-30T21:25Z,STATUS_FINAL,Pittsburgh Steelers,Cincinnati Bengals,PIT,CIN,9-6-1,6-10,16,13,home,PIT,14,45.5,-672,512,102,-114,1,nflreadr,TRUE,FALSE,TRUE,FALSE,TRUE,eligible,TRUE,TRUE,NA,NA,analyzed
nfl,2018,401030856,2018-12-30T21:25Z,STATUS_FINAL,Seattle Seahawks,Arizona Cardinals,SEA,ARI,10-6,3-13,27,24,home,SEA,15.5,39.5,-822,603,-112,101,1,nflreadr,TRUE,FALSE,TRUE,FALSE,TRUE,eligible,TRUE,TRUE,NA,NA,analyzed
nfl,2018,401030727,2018-12-30T21:25Z,STATUS_FINAL,Washington Redskins,Philadelphia Eagles,WSH,PHI,7-9,9-7,0,24,NA,NA,NA,NA,NA,NA,NA,NA,NA,NA,TRUE,FALSE,TRUE,FALSE,TRUE,eligible,TRUE,TRUE,NA,NA,analyzed
nfl,2018,401030719,2018-12-30T21:25Z,STATUS_FINAL,Baltimore Ravens,Cleveland Browns,BAL,CLE,10-6,7-8-1,26,24,home,BAL,7,41,-325,285,-108,-103,1,nflreadr,TRUE,FALSE,TRUE,FALSE,TRUE,eligible,TRUE,TRUE,NA,NA,analyzed
nfl,2018,401030755,2018-12-31T01:20Z,STATUS_FINAL,Tennessee Titans,Indianapolis Colts,TEN,IND,9-7,10-6,17,33,NA,NA,NA,NA,NA,NA,NA,NA,NA,NA,TRUE,FALSE,TRUE,FALSE,TRUE,eligible,TRUE,TRUE,NA,NA,analyzed
nfl,2019,401127913,2019-09-06T00:20Z,STATUS_FINAL,Chicago Bears,Green Bay Packers,CHI,GB,0-1,1-0,3,10,NA,NA,NA,NA,NA,NA,NA,NA,NA,NA,TRUE,FALSE,TRUE,FALSE,TRUE,eligible,TRUE,TRUE,NA,NA,analyzed
nfl,2019,401127928,2019-09-08T17:00Z,STATUS_FINAL,Cleveland Browns,Tennessee Titans,CLE,TEN,0-1,1-0,13,43,home,CLE,5.5,44,-230,206,103,-113,1,nflreadr,TRUE,FALSE,TRUE,FALSE,TRUE,eligible,TRUE,TRUE,NA,NA,analyzed
nfl,2019,401127954,2019-09-08T17:00Z,STATUS_FINAL,Miami Dolphins,Baltimore Ravens,MIA,BAL,0-1,1-0,10,59,away,BAL,7,41,263,-298,-112,102,1,nflreadr,TRUE,FALSE,TRUE,FALSE,TRUE,eligible,TRUE,TRUE,NA,NA,analyzed
nfl,2019,401127961,2019-09-08T17:00Z,STATUS_FINAL,Minnesota Vikings,Atlanta Falcons,MIN,ATL,1-0,0-1,28,12,home,MIN,3.5,47,-176,159,104,-115,1,nflreadr,TRUE,FALSE,TRUE,FALSE,TRUE,eligible,TRUE,TRUE,NA,NA,analyzed
nfl,2019,401127963,2019-09-08T17:00Z,STATUS_FINAL,New York Jets,Buffalo Bills,NYJ,BUF,0-1,1-0,16,17,home,NYJ,2.5,41,-149,135,-110,-101,1,nflreadr,TRUE,FALSE,TRUE,FALSE,TRUE,eligible,TRUE,TRUE,NA,NA,analyzed
nfl,2019,401127968,2019-09-08T17:00Z,STATUS_FINAL,Philadelphia Eagles,Washington,PHI,WSH,1-0,0-1,32,27,NA,NA,NA,NA,NA,NA,NA,NA,NA,NA,TRUE,FALSE,TRUE,FALSE,TRUE,eligible,TRUE,TRUE,NA,NA,analyzed
nfl,2019,401127923,2019-09-08T17:00Z,STATUS_FINAL,Carolina Panthers,Los Angeles Rams,CAR,LAR,0-1,1-0,27,30,NA,NA,NA,NA,NA,NA,NA,NA,NA,NA,TRUE,FALSE,TRUE,FALSE,TRUE,eligible,TRUE,TRUE,NA,NA,analyzed
nfl,2019,401127931,2019-09-08T17:00Z,STATUS_FINAL,Jacksonville Jaguars,Kansas City Chiefs,JAX,KC,0-1,1-0,26,40,away,KC,3.5,49,163,-181,-110,-101,1,nflreadr,TRUE,FALSE,TRUE,FALSE,TRUE,eligible,TRUE,TRUE,NA,NA,analyzed
nfl,2019,401127972,2019-09-08T20:05Z,STATUS_FINAL,Los Angeles Chargers,Indianapolis Colts,LAC,IND,1-0,0-1,30,24,home,LAC,6,44.5,-265,235,-103,-107,1,nflreadr,TRUE,FALSE,TRUE,FALSE,TRUE,eligible,TRUE,TRUE,NA,NA,analyzed
nfl,2019,401127995,2019-09-08T20:05Z,STATUS_FINAL,Seattle Seahawks,Cincinnati Bengals,SEA,CIN,1-0,0-1,21,20,home,SEA,9.5,44,-398,344,104,-115,1,nflreadr,TRUE,FALSE,TRUE,FALSE,TRUE,eligible,TRUE,TRUE,NA,NA,analyzed
nfl,2019,401128007,2019-09-08T20:25Z,STATUS_FINAL,Dallas Cowboys,New York Giants,DAL,NYG,1-0,0-1,35,17,home,DAL,7,44,-308,271,100,-111,1,nflreadr,TRUE,FALSE,TRUE,FALSE,TRUE,eligible,TRUE,TRUE,NA,NA,analyzed
nfl,2019,401127999,2019-09-08T20:25Z,STATUS_FINAL,Arizona Cardinals,Detroit Lions,ARI,DET,0-0-1,0-0-1,27,27,away,DET,2.5,45.5,133,-147,108,-121,1,nflreadr,TRUE,FALSE,TRUE,TRUE,FALSE,tie,FALSE,FALSE,NA,NA,tie
nfl,2019,401128010,2019-09-08T20:25Z,STATUS_FINAL,Tampa Bay Buccaneers,San Francisco 49ers,TB,SF,0-1,1-0,17,31,home,TB,1,51,-108,-102,-104,-106,1,nflreadr,TRUE,FALSE,TRUE,FALSE,TRUE,eligible,TRUE,TRUE,NA,NA,analyzed
nfl,2019,401127860,2019-09-09T00:20Z,STATUS_FINAL,New England Patriots,Pittsburgh Steelers,NE,PIT,1-0,0-1,33,3,NA,NA,NA,NA,NA,NA,NA,NA,NA,NA,TRUE,FALSE,TRUE,FALSE,TRUE,eligible,TRUE,TRUE,NA,NA,analyzed
nfl,2019,401128021,2019-09-09T23:10Z,STATUS_FINAL,New Orleans Saints,Houston Texans,NO,HOU,1-0,0-1,30,28,home,NO,6.5,52,-310,273,-113,103,1,nflreadr,TRUE,FALSE,TRUE,FALSE,TRUE,eligible,TRUE,TRUE,NA,NA,analyzed
nfl,2019,401128025,2019-09-10T02:20Z,STATUS_FINAL,Oakland Raiders,Denver Broncos,OAK,DEN,1-0,0-1,24,16,NA,NA,NA,NA,NA,NA,NA,NA,NA,NA,TRUE,FALSE,TRUE,FALSE,TRUE,eligible,TRUE,TRUE,NA,NA,analyzed
nfl,2019,401128054,2019-09-13T00:20Z,STATUS_FINAL,Carolina Panthers,Tampa Bay Buccaneers,CAR,TB,0-2,1-1,14,20,NA,NA,NA,NA,NA,NA,NA,NA,NA,NA,TRUE,FALSE,TRUE,FALSE,TRUE,eligible,TRUE,TRUE,NA,NA,analyzed
nfl,2019,401128066,2019-09-15T17:00Z,STATUS_FINAL,Cincinnati Bengals,San Francisco 49ers,CIN,SF,0-2,2-0,17,41,home,CIN,1,46,-107,-103,100,-111,1,nflreadr,TRUE,FALSE,TRUE,FALSE,TRUE,eligible,TRUE,TRUE,NA,NA,analyzed
nfl,2019,401128072,2019-09-15T17:00Z,STATUS_FINAL,Detroit Lions,Los Angeles Chargers,DET,LAC,1-0-1,1-1,13,10,away,LAC,1,47,-103,-107,-113,102,1,nflreadr,TRUE,FALSE,TRUE,FALSE,TRUE,eligible,TRUE,TRUE,NA,NA,analyzed
nfl,2019,401128098,2019-09-15T17:00Z,STATUS_FINAL,Green Bay Packers,Minnesota Vikings,GB,MIN,2-0,1-1,21,16,home,GB,3,43,-165,148,-108,-102,1,nflreadr,TRUE,FALSE,TRUE,FALSE,TRUE,eligible,TRUE,TRUE,NA,NA,analyzed
nfl,2019,401128114,2019-09-15T17:00Z,STATUS_FINAL,Tennessee Titans,Indianapolis Colts,TEN,IND,1-1,1-1,17,19,home,TEN,3,43.5,-178,160,-120,108,1,nflreadr,TRUE,FALSE,TRUE,FALSE,TRUE,eligible,TRUE,TRUE,NA,NA,analyzed
nfl,2019,401127862,2019-09-15T17:00Z,STATUS_FINAL,Miami Dolphins,New England Patriots,MIA,NE,0-2,2-0,0,43,away,NE,18,48.5,880,-1300,-109,-101,1,nflreadr,TRUE,FALSE,TRUE,FALSE,TRUE,eligible,TRUE,TRUE,NA,NA,analyzed
nfl,2019,401128106,2019-09-15T17:00Z,STATUS_FINAL,New York Giants,Buffalo Bills,NYG,BUF,0-2,2-0,14,28,away,BUF,1,44.5,102,-113,-103,-108,1,nflreadr,TRUE,FALSE,TRUE,FALSE,TRUE,eligible,TRUE,TRUE,NA,NA,analyzed
nfl,2019,401128110,2019-09-15T17:00Z,STATUS_FINAL,Pittsburgh Steelers,Seattle Seahawks,PIT,SEA,0-2,2-0,26,28,home,PIT,4,47,-197,175,-101,-109,1,nflreadr,TRUE,FALSE,TRUE,FALSE,TRUE,eligible,TRUE,TRUE,NA,NA,analyzed
nfl,2019,401128115,2019-09-15T17:00Z,STATUS_FINAL,Washington,Dallas Cowboys,WSH,DAL,0-2,2-0,21,31,NA,NA,NA,NA,NA,NA,NA,NA,NA,NA,TRUE,FALSE,TRUE,FALSE,TRUE,eligible,TRUE,TRUE,NA,NA,analyzed
nfl,2019,401128061,2019-09-15T17:00Z,STATUS_FINAL,Baltimore Ravens,Arizona Cardinals,BAL,ARI,2-0,0-1-1,23,17,home,BAL,13,46,-665,513,-100,-110,1,nflreadr,TRUE,FALSE,TRUE,FALSE,TRUE,eligible,TRUE,TRUE,NA,NA,analyzed
nfl,2019,401128101,2019-09-15T17:00Z,STATUS_FINAL,Houston Texans,Jacksonville Jaguars,HOU,JAX,1-1,0-2,13,12,home,HOU,7.5,43,-336,286,111,-122,1,nflreadr,TRUE,FALSE,TRUE,FALSE,TRUE,eligible,TRUE,TRUE,NA,NA,analyzed
nfl,2019,401128118,2019-09-15T20:05Z,STATUS_FINAL,Oakland Raiders,Kansas City Chiefs,OAK,KC,1-1,2-0,10,28,away,KC,7,53.5,252,-293,-119,108,1,nflreadr,TRUE,FALSE,TRUE,FALSE,TRUE,eligible,TRUE,TRUE,NA,NA,analyzed
nfl,2019,401128120,2019-09-15T20:25Z,STATUS_FINAL,Denver Broncos,Chicago Bears,DEN,CHI,0-2,1-1,14,16,away,CHI,3,41,132,-147,-114,103,1,nflreadr,TRUE,FALSE,TRUE,FALSE,TRUE,eligible,TRUE,TRUE,NA,NA,analyzed
nfl,2019,401128122,2019-09-15T20:25Z,STATUS_FINAL,Los Angeles Rams,New Orleans Saints,LAR,NO,2-0,1-1,27,9,NA,NA,NA,NA,NA,NA,NA,NA,NA,NA,TRUE,FALSE,TRUE,FALSE,TRUE,eligible,TRUE,TRUE,NA,NA,analyzed
nfl,2019,401128124,2019-09-16T00:20Z,STATUS_FINAL,Atlanta Falcons,Philadelphia Eagles,ATL,PHI,1-1,1-1,24,20,NA,NA,NA,NA,NA,NA,NA,NA,NA,NA,TRUE,FALSE,TRUE,FALSE,TRUE,eligible,TRUE,TRUE,NA,NA,analyzed
nfl,2019,401128127,2019-09-17T00:15Z,STATUS_FINAL,New York Jets,Cleveland Browns,NYJ,CLE,0-2,1-1,3,23,NA,NA,NA,NA,NA,NA,NA,NA,NA,NA,TRUE,FALSE,TRUE,FALSE,TRUE,eligible,TRUE,TRUE,NA,NA,analyzed
nfl,2019,401127859,2019-09-20T00:20Z,STATUS_FINAL,Jacksonville Jaguars,Tennessee Titans,JAX,TEN,1-2,1-2,20,7,NA,NA,NA,NA,NA,NA,NA,NA,NA,NA,TRUE,FALSE,TRUE,FALSE,TRUE,eligible,TRUE,TRUE,NA,NA,analyzed
nfl,2019,401127915,2019-09-22T17:00Z,STATUS_FINAL,Buffalo Bills,Cincinnati Bengals,BUF,CIN,3-0,0-3,21,17,home,BUF,5.5,43.5,-252,220,-106,-104,1,nflreadr,TRUE,FALSE,TRUE,FALSE,TRUE,eligible,TRUE,TRUE,NA,NA,analyzed
nfl,2019,401127921,2019-09-22T17:00Z,STATUS_FINAL,Dallas Cowboys,Miami Dolphins,DAL,MIA,3-0,0-3,31,6,home,DAL,22,46.5,-2540,1454,-112,102,1,nflreadr,TRUE,FALSE,TRUE,FALSE,TRUE,eligible,TRUE,TRUE,NA,NA,analyzed
nfl,2019,401127925,2019-09-22T17:00Z,STATUS_FINAL,Green Bay Packers,Denver Broncos,GB,DEN,3-0,0-3,27,16,home,GB,7,42,-327,278,-102,-108,1,nflreadr,TRUE,FALSE,TRUE,FALSE,TRUE,eligible,TRUE,TRUE,NA,NA,analyzed
nfl,2019,401127929,2019-09-22T17:00Z,STATUS_FINAL,Indianapolis Colts,Atlanta Falcons,IND,ATL,2-1,1-2,27,24,home,IND,1,48,-116,105,-111,100,1,nflreadr,TRUE,FALSE,TRUE,FALSE,TRUE,eligible,TRUE,TRUE,NA,NA,analyzed
nfl,2019,401127953,2019-09-22T17:00Z,STATUS_FINAL,Kansas City Chiefs,Baltimore Ravens,KC,BAL,3-0,2-1,33,28,home,KC,4.5,52,-216,191,-102,-108,1,nflreadr,TRUE,FALSE,TRUE,FALSE,TRUE,eligible,TRUE,TRUE,NA,NA,analyzed
nfl,2019,401127956,2019-09-22T17:00Z,STATUS_FINAL,Minnesota Vikings,Oakland Raiders,MIN,OAK,2-1,1-2,34,14,home,MIN,8.5,43,-405,337,-105,-105,1,nflreadr,TRUE,FALSE,TRUE,FALSE,TRUE,eligible,TRUE,TRUE,NA,NA,analyzed
nfl,2019,401127861,2019-09-22T17:00Z,STATUS_FINAL,New England Patriots,New York Jets,NE,NYJ,3-0,0-3,30,14,home,NE,20.5,43,-1962,1203,-101,-109,1,nflreadr,TRUE,FALSE,TRUE,FALSE,TRUE,eligible,TRUE,TRUE,NA,NA,analyzed
nfl,2019,401127959,2019-09-22T17:00Z,STATUS_FINAL,Philadelphia Eagles,Detroit Lions,PHI,DET,1-2,2-0-1,24,27,home,PHI,4,45,-212,188,-106,-104,1,nflreadr,TRUE,FALSE,TRUE,FALSE,TRUE,eligible,TRUE,TRUE,NA,NA,analyzed
nfl,2019,401127962,2019-09-22T20:05Z,STATUS_FINAL,Arizona Cardinals,Carolina Panthers,ARI,CAR,0-2-1,1-2,20,38,home,ARI,2.5,46,-131,118,103,-114,1,nflreadr,TRUE,FALSE,TRUE,FALSE,TRUE,eligible,TRUE,TRUE,NA,NA,analyzed
nfl,2019,401127966,2019-09-22T20:05Z,STATUS_FINAL,Tampa Bay Buccaneers,New York Giants,TB,NYG,1-2,1-2,31,32,home,TB,5,48,-230,202,-107,-103,1,nflreadr,TRUE,FALSE,TRUE,FALSE,TRUE,eligible,TRUE,TRUE,NA,NA,analyzed
nfl,2019,401127970,2019-09-22T20:25Z,STATUS_FINAL,Los Angeles Chargers,Houston Texans,LAC,HOU,1-2,2-1,20,27,home,LAC,3,49,-168,151,-115,104,1,nflreadr,TRUE,FALSE,TRUE,FALSE,TRUE,eligible,TRUE,TRUE,NA,NA,analyzed
nfl,2019,401127998,2019-09-22T20:25Z,STATUS_FINAL,San Francisco 49ers,Pittsburgh Steelers,SF,PIT,3-0,0-3,24,20,home,SF,6,44.5,-276,239,-107,-104,1,nflreadr,TRUE,FALSE,TRUE,FALSE,TRUE,eligible,TRUE,TRUE,NA,NA,analyzed
nfl,2019,401127993,2019-09-22T20:25Z,STATUS_FINAL,Seattle Seahawks,New Orleans Saints,SEA,NO,2-1,2-1,27,33,home,SEA,5,44,-225,199,-105,-106,1,nflreadr,TRUE,FALSE,TRUE,FALSE,TRUE,eligible,TRUE,TRUE,NA,NA,analyzed
nfl,2019,401128125,2019-09-23T00:20Z,STATUS_FINAL,Cleveland Browns,Los Angeles Rams,CLE,LAR,1-2,3-0,13,20,NA,NA,NA,NA,NA,NA,NA,NA,NA,NA,TRUE,FALSE,TRUE,FALSE,TRUE,eligible,TRUE,TRUE,NA,NA,analyzed
nfl,2019,401128003,2019-09-24T00:15Z,STATUS_FINAL,Washington,Chicago Bears,WSH,CHI,0-3,2-1,15,31,NA,NA,NA,NA,NA,NA,NA,NA,NA,NA,TRUE,FALSE,TRUE,FALSE,TRUE,eligible,TRUE,TRUE,NA,NA,analyzed
nfl,2019,401127863,2019-09-27T00:20Z,STATUS_FINAL,Green Bay Packers,Philadelphia Eagles,GB,PHI,3-1,2-2,27,34,NA,NA,NA,NA,NA,NA,NA,NA,NA,NA,TRUE,FALSE,TRUE,FALSE,TRUE,eligible,TRUE,TRUE,NA,NA,analyzed
nfl,2019,401128016,2019-09-29T17:00Z,STATUS_FINAL,Atlanta Falcons,Tennessee Titans,ATL,TEN,1-3,2-2,10,24,home,ATL,3.5,46,-174,156,102,-113,1,nflreadr,TRUE,FALSE,TRUE,FALSE,TRUE,eligible,TRUE,TRUE,NA,NA,analyzed
nfl,2019,401127866,2019-09-29T17:00Z,STATUS_FINAL,Buffalo Bills,New England Patriots,BUF,NE,3-1,4-0,10,16,away,NE,7,41.5,274,-321,-108,-102,1,nflreadr,TRUE,FALSE,TRUE,FALSE,TRUE,eligible,TRUE,TRUE,NA,NA,analyzed
nfl,2019,401128023,2019-09-29T17:00Z,STATUS_FINAL,Detroit Lions,Kansas City Chiefs,DET,KC,2-1-1,4-0,30,34,away,KC,7.5,54.5,307,-364,-116,105,1,nflreadr,TRUE,FALSE,TRUE,FALSE,TRUE,eligible,TRUE,TRUE,NA,NA,analyzed
nfl,2019,401128030,2019-09-29T17:00Z,STATUS_FINAL,Indianapolis Colts,Oakland Raiders,IND,OAK,2-2,2-2,24,31,home,IND,5.5,46,-242,212,-104,-106,1,nflreadr,TRUE,FALSE,TRUE,FALSE,TRUE,eligible,TRUE,TRUE,NA,NA,analyzed
nfl,2019,401128055,2019-09-29T17:00Z,STATUS_FINAL,Miami Dolphins,Los Angeles Chargers,MIA,LAC,0-4,2-2,10,30,away,LAC,15,43.5,602,-806,-107,-103,1,nflreadr,TRUE,FALSE,TRUE,FALSE,TRUE,eligible,TRUE,TRUE,NA,NA,analyzed
nfl,2019,401128059,2019-09-29T17:00Z,STATUS_FINAL,New York Giants,Washington,NYG,WSH,2-2,0-4,24,3,NA,NA,NA,NA,NA,NA,NA,NA,NA,NA,TRUE,FALSE,TRUE,FALSE,TRUE,eligible,TRUE,TRUE,NA,NA,analyzed
nfl,2019,401128018,2019-09-29T17:00Z,STATUS_FINAL,Baltimore Ravens,Cleveland Browns,BAL,CLE,2-2,2-2,25,40,home,BAL,7.5,47,-327,279,106,-117,1,nflreadr,TRUE,FALSE,TRUE,FALSE,TRUE,eligible,TRUE,TRUE,NA,NA,analyzed
nfl,2019,401128026,2019-09-29T17:00Z,STATUS_FINAL,Houston Texans,Carolina Panthers,HOU,CAR,2-2,2-2,10,16,home,HOU,5.5,47.5,-257,224,-110,-100,1,nflreadr,TRUE,FALSE,TRUE,FALSE,TRUE,eligible,TRUE,TRUE,NA,NA,analyzed
nfl,2019,401128069,2019-09-29T20:05Z,STATUS_FINAL,Los Angeles Rams,Tampa Bay Buccaneers,LAR,TB,3-1,2-2,40,55,NA,NA,NA,NA,NA,NA,NA,NA,NA,NA,TRUE,FALSE,TRUE,FALSE,TRUE,eligible,TRUE,TRUE,NA,NA,analyzed
nfl,2019,401128064,2019-09-29T20:05Z,STATUS_FINAL,Arizona Cardinals,Seattle Seahawks,ARI,SEA,0-3-1,3-1,10,27,away,SEA,5.5,49,209,-238,-103,-107,1,nflreadr,TRUE,FALSE,TRUE,FALSE,TRUE,eligible,TRUE,TRUE,NA,NA,analyzed
nfl,2019,401128093,2019-09-29T20:25Z,STATUS_FINAL,Chicago Bears,Minnesota Vikings,CHI,MIN,3-1,2-2,16,6,away,MIN,1,38,-102,-108,-109,-101,1,nflreadr,TRUE,FALSE,TRUE,FALSE,TRUE,eligible,TRUE,TRUE,NA,NA,analyzed
nfl,2019,401128097,2019-09-29T20:25Z,STATUS_FINAL,Denver Broncos,Jacksonville Jaguars,DEN,JAX,0-4,2-2,24,26,home,DEN,2.5,37,-137,124,-109,-102,1,nflreadr,TRUE,FALSE,TRUE,FALSE,TRUE,eligible,TRUE,TRUE,NA,NA,analyzed
nfl,2019,401128102,2019-09-30T00:20Z,STATUS_FINAL,New Orleans Saints,Dallas Cowboys,NO,DAL,3-1,3-1,12,10,NA,NA,NA,NA,NA,NA,NA,NA,NA,NA,TRUE,FALSE,TRUE,FALSE,TRUE,eligible,TRUE,TRUE,NA,NA,analyzed
nfl,2019,401128109,2019-10-01T00:15Z,STATUS_FINAL,Pittsburgh Steelers,Cincinnati Bengals,PIT,CIN,1-3,0-4,27,3,NA,NA,NA,NA,NA,NA,NA,NA,NA,NA,TRUE,FALSE,TRUE,FALSE,TRUE,eligible,TRUE,TRUE,NA,NA,analyzed
nfl,2019,401127927,2019-10-04T00:20Z,STATUS_FINAL,Seattle Seahawks,Los Angeles Rams,SEA,LAR,4-1,3-2,30,29,NA,NA,NA,NA,NA,NA,NA,NA,NA,NA,TRUE,FALSE,TRUE,FALSE,TRUE,eligible,TRUE,TRUE,NA,NA,analyzed
nfl,2019,401127958,2019-10-06T17:00Z,STATUS_FINAL,Cincinnati Bengals,Arizona Cardinals,CIN,ARI,0-5,1-3-1,23,26,home,CIN,3,45,-154,139,-104,-106,1,nflreadr,TRUE,FALSE,TRUE,FALSE,TRUE,eligible,TRUE,TRUE,NA,NA,analyzed
nfl,2019,401128014,2019-10-06T17:00Z,STATUS_FINAL,Tennessee Titans,Buffalo Bills,TEN,BUF,2-3,4-1,7,14,home,TEN,3.5,39.5,-182,162,-101,-110,1,nflreadr,TRUE,FALSE,TRUE,FALSE,TRUE,eligible,TRUE,TRUE,NA,NA,analyzed
nfl,2019,401128001,2019-10-06T17:00Z,STATUS_FINAL,Oakland Raiders,Chicago Bears,OAK,CHI,3-2,3-2,24,21,away,CHI,6.5,39.5,232,-266,-110,-101,1,nflreadr,TRUE,FALSE,TRUE,FALSE,TRUE,eligible,TRUE,TRUE,NA,NA,analyzed
nfl,2019,401127965,2019-10-06T17:00Z,STATUS_FINAL,New Orleans Saints,Tampa Bay Buccaneers,NO,TB,4-1,2-3,31,24,home,NO,3,46,-148,133,107,-118,1,nflreadr,TRUE,FALSE,TRUE,FALSE,TRUE,eligible,TRUE,TRUE,NA,NA,analyzed
nfl,2019,401127971,2019-10-06T17:00Z,STATUS_FINAL,New York Giants,Minnesota Vikings,NYG,MIN,2-3,3-2,10,28,away,MIN,5.5,44,213,-243,105,-116,1,nflreadr,TRUE,FALSE,TRUE,FALSE,TRUE,eligible,TRUE,TRUE,NA,NA,analyzed
nfl,2019,401128006,2019-10-06T17:00Z,STATUS_FINAL,Philadelphia Eagles,New York Jets,PHI,NYJ,3-2,0-4,31,6,home,PHI,14,43,-782,587,-101,-109,1,nflreadr,TRUE,FALSE,TRUE,FALSE,TRUE,eligible,TRUE,TRUE,NA,NA,analyzed
nfl,2019,401128011,2019-10-06T17:00Z,STATUS_FINAL,Pittsburgh Steelers,Baltimore Ravens,PIT,BAL,1-4,3-2,23,26,away,BAL,3.5,44,160,-179,-113,102,1,nflreadr,TRUE,FALSE,TRUE,FALSE,TRUE,eligible,TRUE,TRUE,NA,NA,analyzed
nfl,2019,401127864,2019-10-06T17:00Z,STATUS_FINAL,Washington,New England Patriots,WSH,NE,0-5,5-0,7,33,NA,NA,NA,NA,NA,NA,NA,NA,NA,NA,TRUE,FALSE,TRUE,FALSE,TRUE,eligible,TRUE,TRUE,NA,NA,analyzed
nfl,2019,401127932,2019-10-06T17:00Z,STATUS_FINAL,Carolina Panthers,Jacksonville Jaguars,CAR,JAX,3-2,2-3,34,27,home,CAR,3,41,-189,169,-131,119,1,nflreadr,TRUE,FALSE,TRUE,FALSE,TRUE,eligible,TRUE,TRUE,NA,NA,analyzed
nfl,2019,401127960,2019-10-06T17:00Z,STATUS_FINAL,Houston Texans,Atlanta Falcons,HOU,ATL,3-2,1-4,53,32,home,HOU,4,49,-207,184,-109,-101,1,nflreadr,TRUE,FALSE,TRUE,FALSE,TRUE,eligible,TRUE,TRUE,NA,NA,analyzed
nfl,2019,401128019,2019-10-06T20:05Z,STATUS_FINAL,Los Angeles Chargers,Denver Broncos,LAC,DEN,2-3,1-4,13,20,home,LAC,4,46,-226,199,-113,102,1,nflreadr,TRUE,FALSE,TRUE,FALSE,TRUE,eligible,TRUE,TRUE,NA,NA,analyzed
nfl,2019,401128029,2019-10-06T20:25Z,STATUS_FINAL,Dallas Cowboys,Green Bay Packers,DAL,GB,3-2,4-1,24,34,home,DAL,3.5,46.5,-181,162,102,-113,1,nflreadr,TRUE,FALSE,TRUE,FALSE,TRUE,eligible,TRUE,TRUE,NA,NA,analyzed
nfl,2019,401128053,2019-10-07T00:20Z,STATUS_FINAL,Kansas City Chiefs,Indianapolis Colts,KC,IND,4-1,3-2,13,19,NA,NA,NA,NA,NA,NA,NA,NA,NA,NA,TRUE,FALSE,TRUE,FALSE,TRUE,eligible,TRUE,TRUE,NA,NA,analyzed
nfl,2019,401128062,2019-10-08T00:15Z,STATUS_FINAL,San Francisco 49ers,Cleveland Browns,SF,CLE,4-0,2-3,31,3,NA,NA,NA,NA,NA,NA,NA,NA,NA,NA,TRUE,FALSE,TRUE,FALSE,TRUE,eligible,TRUE,TRUE,NA,NA,analyzed
nfl,2019,401127917,2019-10-11T00:20Z,STATUS_FINAL,New England Patriots,New York Giants,NE,NYG,6-0,2-4,35,14,NA,NA,NA,NA,NA,NA,NA,NA,NA,NA,TRUE,FALSE,TRUE,FALSE,TRUE,eligible,TRUE,TRUE,NA,NA,analyzed
nfl,2019,401128096,2019-10-13T13:30Z,STATUS_FINAL,Tampa Bay Buccaneers,Carolina Panthers,TB,CAR,2-4,4-2,26,37,away,CAR,2,48.5,113,-125,-110,-100,1,nflreadr,TRUE,FALSE,TRUE,FALSE,TRUE,eligible,TRUE,TRUE,NA,NA,analyzed
nfl,2019,401128111,2019-10-13T17:00Z,STATUS_FINAL,Cleveland Browns,Seattle Seahawks,CLE,SEA,2-4,5-1,28,32,home,CLE,1,45.5,-113,102,-106,-104,1,nflreadr,TRUE,FALSE,TRUE,FALSE,TRUE,eligible,TRUE,TRUE,NA,NA,analyzed
nfl,2019,401128119,2019-10-13T17:00Z,STATUS_FINAL,Kansas City Chiefs,Houston Texans,KC,HOU,4-2,4-2,24,31,home,KC,3.5,54.5,-186,166,-103,-108,1,nflreadr,TRUE,FALSE,TRUE,FALSE,TRUE,eligible,TRUE,TRUE,NA,NA,analyzed
nfl,2019,401128121,2019-10-13T17:00Z,STATUS_FINAL,Miami Dolphins,Washington,MIA,WSH,0-5,1-5,16,17,NA,NA,NA,NA,NA,NA,NA,NA,NA,NA,TRUE,FALSE,TRUE,FALSE,TRUE,eligible,TRUE,TRUE,NA,NA,analyzed
nfl,2019,401128123,2019-10-13T17:00Z,STATUS_FINAL,Minnesota Vikings,Philadelphia Eagles,MIN,PHI,4-2,3-3,38,20,home,MIN,3.5,44,-176,157,105,-115,1,nflreadr,TRUE,FALSE,TRUE,FALSE,TRUE,eligible,TRUE,TRUE,NA,NA,analyzed
nfl,2019,401128116,2019-10-13T17:00Z,STATUS_FINAL,Jacksonville Jaguars,New Orleans Saints,JAX,NO,2-4,5-1,6,13,home,JAX,2.5,42.5,-139,126,-110,100,1,nflreadr,TRUE,FALSE,TRUE,FALSE,TRUE,eligible,TRUE,TRUE,NA,NA,analyzed
nfl,2019,401128105,2019-10-13T17:00Z,STATUS_FINAL,Baltimore Ravens,Cincinnati Bengals,BAL,CIN,4-2,0-6,23,17,home,BAL,10.5,47,-531,425,-104,-106,1,nflreadr,TRUE,FALSE,TRUE,FALSE,TRUE,eligible,TRUE,TRUE,NA,NA,analyzed
nfl,2019,401128128,2019-10-13T20:05Z,STATUS_FINAL,Los Angeles Rams,San Francisco 49ers,LAR,SF,3-3,5-0,7,20,NA,NA,NA,NA,NA,NA,NA,NA,NA,NA,TRUE,FALSE,TRUE,FALSE,TRUE,eligible,TRUE,TRUE,NA,NA,analyzed
nfl,2019,401128126,2019-10-13T20:05Z,STATUS_FINAL,Arizona Cardinals,Atlanta Falcons,ARI,ATL,2-3-1,1-5,34,33,away,ATL,3,52.5,145,-161,-102,-108,1,nflreadr,TRUE,FALSE,TRUE,FALSE,TRUE,eligible,TRUE,TRUE,NA,NA,analyzed
nfl,2019,401128129,2019-10-13T20:25Z,STATUS_FINAL,Denver Broncos,Tennessee Titans,DEN,TEN,2-4,2-4,16,0,home,DEN,1,41,-121,109,-113,103,1,nflreadr,TRUE,FALSE,TRUE,FALSE,TRUE,eligible,TRUE,TRUE,NA,NA,analyzed
nfl,2019,401128130,2019-10-13T20:25Z,STATUS_FINAL,New York Jets,Dallas Cowboys,NYJ,DAL,1-4,3-3,24,22,away,DAL,7,43.5,270,-316,-110,-100,1,nflreadr,TRUE,FALSE,TRUE,FALSE,TRUE,eligible,TRUE,TRUE,NA,NA,analyzed
nfl,2019,401128131,2019-10-14T00:20Z,STATUS_FINAL,Los Angeles Chargers,Pittsburgh Steelers,LAC,PIT,2-4,2-4,17,24,NA,NA,NA,NA,NA,NA,NA,NA,NA,NA,TRUE,FALSE,TRUE,FALSE,TRUE,eligible,TRUE,TRUE,NA,NA,analyzed
nfl,2019,401128132,2019-10-15T00:15Z,STATUS_FINAL,Green Bay Packers,Detroit Lions,GB,DET,5-1,2-2-1,23,22,NA,NA,NA,NA,NA,NA,NA,NA,NA,NA,TRUE,FALSE,TRUE,FALSE,TRUE,eligible,TRUE,TRUE,NA,NA,analyzed
nfl,2019,401127902,2019-10-18T00:20Z,STATUS_FINAL,Denver Broncos,Kansas City Chiefs,DEN,KC,2-5,5-2,6,30,NA,NA,NA,NA,NA,NA,NA,NA,NA,NA,TRUE,FALSE,TRUE,FALSE,TRUE,eligible,TRUE,TRUE,NA,NA,analyzed
nfl,2019,401127940,2019-10-20T17:00Z,STATUS_FINAL,Atlanta Falcons,Los Angeles Rams,ATL,LAR,1-6,4-3,10,37,NA,NA,NA,NA,NA,NA,NA,NA,NA,NA,TRUE,FALSE,TRUE,FALSE,TRUE,eligible,TRUE,TRUE,NA,NA,analyzed
nfl,2019,401127942,2019-10-20T17:00Z,STATUS_FINAL,Buffalo Bills,Miami Dolphins,BUF,MIA,5-1,0-6,31,21,home,BUF,17,42.5,-1137,793,-108,-103,1,nflreadr,TRUE,FALSE,TRUE,FALSE,TRUE,eligible,TRUE,TRUE,NA,NA,analyzed
nfl,2019,401127945,2019-10-20T17:00Z,STATUS_FINAL,Cincinnati Bengals,Jacksonville Jaguars,CIN,JAX,0-7,3-4,17,27,away,JAX,4,44.5,189,-214,105,-116,1,nflreadr,TRUE,FALSE,TRUE,FALSE,TRUE,eligible,TRUE,TRUE,NA,NA,analyzed
nfl,2019,401127947,2019-10-20T17:00Z,STATUS_FINAL,Detroit Lions,Minnesota Vikings,DET,MIN,2-3-1,5-2,30,42,away,MIN,2.5,43.5,124,-137,-100,-110,1,nflreadr,TRUE,FALSE,TRUE,FALSE,TRUE,eligible,TRUE,TRUE,NA,NA,analyzed
nfl,2019,401127949,2019-10-20T17:00Z,STATUS_FINAL,Green Bay Packers,Oakland Raiders,GB,OAK,6-1,3-3,42,24,home,GB,5.5,48,-241,211,-107,-103,1,nflreadr,TRUE,FALSE,TRUE,FALSE,TRUE,eligible,TRUE,TRUE,NA,NA,analyzed
nfl,2019,401127951,2019-10-20T17:00Z,STATUS_FINAL,Indianapolis Colts,Houston Texans,IND,HOU,4-2,4-3,30,23,home,IND,1.5,46.5,-120,109,-106,-104,1,nflreadr,TRUE,FALSE,TRUE,FALSE,TRUE,eligible,TRUE,TRUE,NA,NA,analyzed
nfl,2019,401127974,2019-10-20T17:00Z,STATUS_FINAL,New York Giants,Arizona Cardinals,NYG,ARI,2-5,3-3-1,21,27,home,NYG,3.5,49.5,-188,168,-104,-106,1,nflreadr,TRUE,FALSE,TRUE,FALSE,TRUE,eligible,TRUE,TRUE,NA,NA,analyzed
nfl,2019,401127977,2019-10-20T17:00Z,STATUS_FINAL,Washington,San Francisco 49ers,WSH,SF,1-6,6-0,0,9,NA,NA,NA,NA,NA,NA,NA,NA,NA,NA,TRUE,FALSE,TRUE,FALSE,TRUE,eligible,TRUE,TRUE,NA,NA,analyzed
nfl,2019,401127979,2019-10-20T20:05Z,STATUS_FINAL,Tennessee Titans,Los Angeles Chargers,TEN,LAC,3-4,2-5,23,20,home,TEN,3,42.5,-157,141,-103,-107,1,nflreadr,TRUE,FALSE,TRUE,FALSE,TRUE,eligible,TRUE,TRUE,NA,NA,analyzed
nfl,2019,401127982,2019-10-20T20:25Z,STATUS_FINAL,Chicago Bears,New Orleans Saints,CHI,NO,3-3,6-1,25,36,home,CHI,4,37,-213,188,-110,100,1,nflreadr,TRUE,FALSE,TRUE,FALSE,TRUE,eligible,TRUE,TRUE,NA,NA,analyzed
nfl,2019,401127985,2019-10-20T20:25Z,STATUS_FINAL,Seattle Seahawks,Baltimore Ravens,SEA,BAL,5-2,5-2,16,30,home,SEA,3,49,-157,141,-106,-104,1,nflreadr,TRUE,FALSE,TRUE,FALSE,TRUE,eligible,TRUE,TRUE,NA,NA,analyzed
nfl,2019,401127987,2019-10-21T00:20Z,STATUS_FINAL,Dallas Cowboys,Philadelphia Eagles,DAL,PHI,4-3,3-4,37,10,NA,NA,NA,NA,NA,NA,NA,NA,NA,NA,TRUE,FALSE,TRUE,FALSE,TRUE,eligible,TRUE,TRUE,NA,NA,analyzed
nfl,2019,401127894,2019-10-22T00:15Z,STATUS_FINAL,New York Jets,New England Patriots,NYJ,NE,1-5,7-0,0,33,NA,NA,NA,NA,NA,NA,NA,NA,NA,NA,TRUE,FALSE,TRUE,FALSE,TRUE,eligible,TRUE,TRUE,NA,NA,analyzed
nfl,2019,401127905,2019-10-25T00:20Z,STATUS_FINAL,Minnesota Vikings,Washington,MIN,WSH,6-2,1-7,19,9,NA,NA,NA,NA,NA,NA,NA,NA,NA,NA,TRUE,FALSE,TRUE,FALSE,TRUE,eligible,TRUE,TRUE,NA,NA,analyzed
nfl,2019,401128035,2019-10-27T17:00Z,STATUS_FINAL,Atlanta Falcons,Seattle Seahawks,ATL,SEA,1-7,6-2,20,27,away,SEA,7.5,48.5,275,-323,-117,106,1,nflreadr,TRUE,FALSE,TRUE,FALSE,TRUE,eligible,TRUE,TRUE,NA,NA,analyzed
nfl,2019,401128037,2019-10-27T17:00Z,STATUS_FINAL,Buffalo Bills,Philadelphia Eagles,BUF,PHI,5-2,4-4,13,31,home,BUF,1,39.5,-122,111,-113,102,1,nflreadr,TRUE,FALSE,TRUE,FALSE,TRUE,eligible,TRUE,TRUE,NA,NA,analyzed
nfl,2019,401128039,2019-10-27T17:00Z,STATUS_FINAL,Chicago Bears,Los Angeles Chargers,CHI,LAC,3-4,3-5,16,17,home,CHI,3.5,41,-182,163,-103,-107,1,nflreadr,TRUE,FALSE,TRUE,FALSE,TRUE,eligible,TRUE,TRUE,NA,NA,analyzed
nfl,2019,401128042,2019-10-27T17:00Z,STATUS_FINAL,Detroit Lions,New York Giants,DET,NYG,3-3-1,2-6,31,26,home,DET,6.5,49,-267,232,102,-113,1,nflreadr,TRUE,FALSE,TRUE,FALSE,TRUE,eligible,TRUE,TRUE,NA,NA,analyzed
nfl,2019,401128048,2019-10-27T17:00Z,STATUS_FINAL,Tennessee Titans,Tampa Bay Buccaneers,TEN,TB,4-4,2-5,27,23,home,TEN,2,45.5,-122,110,-100,-110,1,nflreadr,TRUE,FALSE,TRUE,FALSE,TRUE,eligible,TRUE,TRUE,NA,NA,analyzed
nfl,2019,401128051,2019-10-27T17:00Z,STATUS_FINAL,Indianapolis Colts,Denver Broncos,IND,DEN,5-2,2-6,15,13,home,IND,6,41,-238,209,106,-117,1,nflreadr,TRUE,FALSE,TRUE,FALSE,TRUE,eligible,TRUE,TRUE,NA,NA,analyzed
nfl,2019,401127912,2019-10-27T17:00Z,STATUS_FINAL,Los Angeles Rams,Cincinnati Bengals,LAR,CIN,5-3,0-8,24,10,NA,NA,NA,NA,NA,NA,NA,NA,NA,NA,TRUE,FALSE,TRUE,FALSE,TRUE,eligible,TRUE,TRUE,NA,NA,analyzed
nfl,2019,401128046,2019-10-27T17:00Z,STATUS_FINAL,New Orleans Saints,Arizona Cardinals,NO,ARI,7-1,3-4-1,31,9,home,NO,12.5,47.5,-625,467,-102,-108,1,nflreadr,TRUE,FALSE,TRUE,FALSE,TRUE,eligible,TRUE,TRUE,NA,NA,analyzed
nfl,2019,401128045,2019-10-27T17:00Z,STATUS_FINAL,Jacksonville Jaguars,New York Jets,JAX,NYJ,4-4,1-6,29,15,home,JAX,7,39.5,-295,254,105,-115,1,nflreadr,TRUE,FALSE,TRUE,FALSE,TRUE,eligible,TRUE,TRUE,NA,NA,analyzed
nfl,2019,401128050,2019-10-27T20:05Z,STATUS_FINAL,San Francisco 49ers,Carolina Panthers,SF,CAR,7-0,4-3,51,13,home,SF,4.5,41,-208,184,102,-112,1,nflreadr,TRUE,FALSE,TRUE,FALSE,TRUE,eligible,TRUE,TRUE,NA,NA,analyzed
nfl,2019,401127895,2019-10-27T20:25Z,STATUS_FINAL,New England Patriots,Cleveland Browns,NE,CLE,8-0,2-5,27,13,home,NE,9.5,43,-367,309,-103,-107,1,nflreadr,TRUE,FALSE,TRUE,FALSE,TRUE,eligible,TRUE,TRUE,NA,NA,analyzed
nfl,2019,401128043,2019-10-27T20:25Z,STATUS_FINAL,Houston Texans,Oakland Raiders,HOU,OAK,5-3,3-4,27,24,home,HOU,5,52,-236,207,-103,-107,1,nflreadr,TRUE,FALSE,TRUE,FALSE,TRUE,eligible,TRUE,TRUE,NA,NA,analyzed
nfl,2019,401128073,2019-10-28T00:20Z,STATUS_FINAL,Kansas City Chiefs,Green Bay Packers,KC,GB,5-3,7-1,24,31,NA,NA,NA,NA,NA,NA,NA,NA,NA,NA,TRUE,FALSE,TRUE,FALSE,TRUE,eligible,TRUE,TRUE,NA,NA,analyzed
nfl,2019,401128074,2019-10-29T00:15Z,STATUS_FINAL,Pittsburgh Steelers,Miami Dolphins,PIT,MIA,3-4,0-7,27,14,NA,NA,NA,NA,NA,NA,NA,NA,NA,NA,TRUE,FALSE,TRUE,FALSE,TRUE,eligible,TRUE,TRUE,NA,NA,analyzed
nfl,2019,401127908,2019-11-01T00:20Z,STATUS_FINAL,Arizona Cardinals,San Francisco 49ers,ARI,SF,3-5-1,8-0,25,28,NA,NA,NA,NA,NA,NA,NA,NA,NA,NA,TRUE,FALSE,TRUE,FALSE,TRUE,eligible,TRUE,TRUE,NA,NA,analyzed
nfl,2019,401127936,2019-11-03T14:30Z,STATUS_FINAL,Jacksonville Jaguars,Houston Texans,JAX,HOU,4-5,6-3,3,26,home,JAX,1,46,-113,103,-106,-104,1,nflreadr,TRUE,FALSE,TRUE,FALSE,TRUE,eligible,TRUE,TRUE,NA,NA,analyzed
nfl,2019,401128076,2019-11-03T18:00Z,STATUS_FINAL,Buffalo Bills,Washington,BUF,WSH,6-2,1-8,24,9,NA,NA,NA,NA,NA,NA,NA,NA,NA,NA,TRUE,FALSE,TRUE,FALSE,TRUE,eligible,TRUE,TRUE,NA,NA,analyzed
nfl,2019,401128079,2019-11-03T18:00Z,STATUS_FINAL,Kansas City Chiefs,Minnesota Vikings,KC,MIN,6-3,6-3,26,23,away,MIN,5.5,46,198,-225,-109,-101,1,nflreadr,TRUE,FALSE,TRUE,FALSE,TRUE,eligible,TRUE,TRUE,NA,NA,analyzed
nfl,2019,401128080,2019-11-03T18:00Z,STATUS_FINAL,Miami Dolphins,New York Jets,MIA,NYJ,1-7,1-7,26,18,away,NYJ,3.5,42.5,167,-187,-107,-103,1,nflreadr,TRUE,FALSE,TRUE,FALSE,TRUE,eligible,TRUE,TRUE,NA,NA,analyzed
nfl,2019,401128082,2019-11-03T18:00Z,STATUS_FINAL,Philadelphia Eagles,Chicago Bears,PHI,CHI,5-4,3-5,22,14,home,PHI,5,41,-226,199,-104,-106,1,nflreadr,TRUE,FALSE,TRUE,FALSE,TRUE,eligible,TRUE,TRUE,NA,NA,analyzed
nfl,2019,401128083,2019-11-03T18:00Z,STATUS_FINAL,Pittsburgh Steelers,Indianapolis Colts,PIT,IND,4-4,5-3,26,24,home,PIT,1,39.5,-117,107,-111,101,1,nflreadr,TRUE,FALSE,TRUE,FALSE,TRUE,eligible,TRUE,TRUE,NA,NA,analyzed
nfl,2019,401128078,2019-11-03T18:00Z,STATUS_FINAL,Carolina Panthers,Tennessee Titans,CAR,TEN,5-3,4-5,30,20,home,CAR,3.5,43,-179,160,-101,-109,1,nflreadr,TRUE,FALSE,TRUE,FALSE,TRUE,eligible,TRUE,TRUE,NA,NA,analyzed
nfl,2019,401128085,2019-11-03T21:05Z,STATUS_FINAL,Oakland Raiders,Detroit Lions,OAK,DET,4-4,3-4-1,31,24,home,OAK,2.5,51.5,-143,129,-115,104,1,nflreadr,TRUE,FALSE,TRUE,FALSE,TRUE,eligible,TRUE,TRUE,NA,NA,analyzed
nfl,2019,401128087,2019-11-03T21:05Z,STATUS_FINAL,Seattle Seahawks,Tampa Bay Buccaneers,SEA,TB,7-2,2-6,40,34,home,SEA,4,51,-209,185,-105,-105,1,nflreadr,TRUE,FALSE,TRUE,FALSE,TRUE,eligible,TRUE,TRUE,NA,NA,analyzed
nfl,2019,401128088,2019-11-03T21:25Z,STATUS_FINAL,Denver Broncos,Cleveland Browns,DEN,CLE,3-6,2-6,24,19,away,CLE,4,39,173,-194,-108,-102,1,nflreadr,TRUE,FALSE,TRUE,FALSE,TRUE,eligible,TRUE,TRUE,NA,NA,analyzed
nfl,2019,401128090,2019-11-03T21:25Z,STATUS_FINAL,Los Angeles Chargers,Green Bay Packers,LAC,GB,4-5,7-2,26,11,away,GB,4,50,184,-208,100,-111,1,nflreadr,TRUE,FALSE,TRUE,FALSE,TRUE,eligible,TRUE,TRUE,NA,NA,analyzed
nfl,2019,401127899,2019-11-04T01:20Z,STATUS_FINAL,Baltimore Ravens,New England Patriots,BAL,NE,6-2,8-1,37,20,NA,NA,NA,NA,NA,NA,NA,NA,NA,NA,TRUE,FALSE,TRUE,FALSE,TRUE,eligible,TRUE,TRUE,NA,NA,analyzed
nfl,2019,401128091,2019-11-05T01:15Z,STATUS_FINAL,New York Giants,Dallas Cowboys,NYG,DAL,2-7,5-3,18,37,NA,NA,NA,NA,NA,NA,NA,NA,NA,NA,TRUE,FALSE,TRUE,FALSE,TRUE,eligible,TRUE,TRUE,NA,NA,analyzed
nfl,2019,401127907,2019-11-08T01:20Z,STATUS_FINAL,Oakland Raiders,Los Angeles Chargers,OAK,LAC,5-4,4-6,26,24,NA,NA,NA,NA,NA,NA,NA,NA,NA,NA,TRUE,FALSE,TRUE,FALSE,TRUE,eligible,TRUE,TRUE,NA,NA,analyzed
nfl,2019,401127911,2019-11-10T18:00Z,STATUS_FINAL,Chicago Bears,Detroit Lions,CHI,DET,4-5,3-5-1,20,13,home,CHI,6,38,-270,235,-111,101,1,nflreadr,TRUE,FALSE,TRUE,FALSE,TRUE,eligible,TRUE,TRUE,NA,NA,analyzed
nfl,2019,401127934,2019-11-10T18:00Z,STATUS_FINAL,Cincinnati Bengals,Baltimore Ravens,CIN,BAL,0-9,7-2,13,49,away,BAL,10.5,44,358,-435,-114,104,1,nflreadr,TRUE,FALSE,TRUE,FALSE,TRUE,eligible,TRUE,TRUE,NA,NA,analyzed
nfl,2019,401127939,2019-11-10T18:00Z,STATUS_FINAL,Cleveland Browns,Buffalo Bills,CLE,BUF,3-6,6-3,19,16,home,CLE,3,42,-151,136,-102,-108,1,nflreadr,TRUE,FALSE,TRUE,FALSE,TRUE,eligible,TRUE,TRUE,NA,NA,analyzed
nfl,2019,401127981,2019-11-10T18:00Z,STATUS_FINAL,Tennessee Titans,Kansas City Chiefs,TEN,KC,5-5,6-4,35,32,away,KC,5,49,205,-233,-102,-108,1,nflreadr,TRUE,FALSE,TRUE,FALSE,TRUE,eligible,TRUE,TRUE,NA,NA,analyzed
nfl,2019,401127948,2019-11-10T18:00Z,STATUS_FINAL,New Orleans Saints,Atlanta Falcons,NO,ATL,7-2,2-7,9,26,home,NO,14,51.5,-649,503,103,-114,1,nflreadr,TRUE,FALSE,TRUE,FALSE,TRUE,eligible,TRUE,TRUE,NA,NA,analyzed
nfl,2019,401127952,2019-11-10T18:00Z,STATUS_FINAL,New York Jets,New York Giants,NYJ,NYG,2-7,2-8,34,27,away,NYG,3,43,133,-147,-115,104,1,nflreadr,TRUE,FALSE,TRUE,FALSE,TRUE,eligible,TRUE,TRUE,NA,NA,analyzed
nfl,2019,401127976,2019-11-10T18:00Z,STATUS_FINAL,Tampa Bay Buccaneers,Arizona Cardinals,TB,ARI,3-6,3-6-1,30,27,home,TB,5.5,51,-235,207,-110,100,1,nflreadr,TRUE,FALSE,TRUE,FALSE,TRUE,eligible,TRUE,TRUE,NA,NA,analyzed
nfl,2019,401127986,2019-11-10T21:05Z,STATUS_FINAL,Indianapolis Colts,Miami Dolphins,IND,MIA,5-4,2-7,12,16,home,IND,11,44.5,-481,390,-101,-109,1,nflreadr,TRUE,FALSE,TRUE,FALSE,TRUE,eligible,TRUE,TRUE,NA,NA,analyzed
nfl,2019,401127944,2019-11-10T21:25Z,STATUS_FINAL,Green Bay Packers,Carolina Panthers,GB,CAR,8-2,5-4,24,16,home,GB,5,49,-227,200,-110,-100,1,nflreadr,TRUE,FALSE,TRUE,FALSE,TRUE,eligible,TRUE,TRUE,NA,NA,analyzed
nfl,2019,401127989,2019-11-10T21:25Z,STATUS_FINAL,Pittsburgh Steelers,Los Angeles Rams,PIT,LAR,5-4,5-4,17,12,NA,NA,NA,NA,NA,NA,NA,NA,NA,NA,TRUE,FALSE,TRUE,FALSE,TRUE,eligible,TRUE,TRUE,NA,NA,analyzed
nfl,2019,401128041,2019-11-11T01:20Z,STATUS_FINAL,Dallas Cowboys,Minnesota Vikings,DAL,MIN,5-4,7-3,24,28,NA,NA,NA,NA,NA,NA,NA,NA,NA,NA,TRUE,FALSE,TRUE,FALSE,TRUE,eligible,TRUE,TRUE,NA,NA,analyzed
nfl,2019,401127992,2019-11-12T01:15Z,STATUS_FINAL,San Francisco 49ers,Seattle Seahawks,SF,SEA,8-1,8-2,24,27,NA,NA,NA,NA,NA,NA,NA,NA,NA,NA,TRUE,FALSE,TRUE,FALSE,TRUE,eligible,TRUE,TRUE,NA,NA,analyzed
nfl,2019,401128044,2019-11-15T01:20Z,STATUS_FINAL,Cleveland Browns,Pittsburgh Steelers,CLE,PIT,4-6,5-5,21,7,NA,NA,NA,NA,NA,NA,NA,NA,NA,NA,TRUE,FALSE,TRUE,FALSE,TRUE,eligible,TRUE,TRUE,NA,NA,analyzed
nfl,2019,401128052,2019-11-17T18:00Z,STATUS_FINAL,Detroit Lions,Dallas Cowboys,DET,DAL,3-6-1,6-4,27,35,away,DAL,7.5,46.5,310,-369,-113,102,1,nflreadr,TRUE,FALSE,TRUE,FALSE,TRUE,eligible,TRUE,TRUE,NA,NA,analyzed
nfl,2019,401128075,2019-11-17T18:00Z,STATUS_FINAL,Indianapolis Colts,Jacksonville Jaguars,IND,JAX,6-4,4-6,33,13,home,IND,2.5,41.5,-134,121,-108,-103,1,nflreadr,TRUE,FALSE,TRUE,FALSE,TRUE,eligible,TRUE,TRUE,NA,NA,analyzed
nfl,2019,401128077,2019-11-17T18:00Z,STATUS_FINAL,Miami Dolphins,Buffalo Bills,MIA,BUF,2-8,7-3,20,37,away,BUF,7,41.5,263,-307,-101,-109,1,nflreadr,TRUE,FALSE,TRUE,FALSE,TRUE,eligible,TRUE,TRUE,NA,NA,analyzed
nfl,2019,401128081,2019-11-17T18:00Z,STATUS_FINAL,Minnesota Vikings,Denver Broncos,MIN,DEN,8-3,3-7,27,23,home,MIN,10,40.5,-412,341,107,-119,1,nflreadr,TRUE,FALSE,TRUE,FALSE,TRUE,eligible,TRUE,TRUE,NA,NA,analyzed
nfl,2019,401128084,2019-11-17T18:00Z,STATUS_FINAL,Tampa Bay Buccaneers,New Orleans Saints,TB,NO,3-7,8-2,17,34,away,NO,5,50.5,202,-230,-102,-108,1,nflreadr,TRUE,FALSE,TRUE,FALSE,TRUE,eligible,TRUE,TRUE,NA,NA,analyzed
nfl,2019,401128086,2019-11-17T18:00Z,STATUS_FINAL,Washington,New York Jets,WSH,NYJ,1-9,3-7,17,34,NA,NA,NA,NA,NA,NA,NA,NA,NA,NA,TRUE,FALSE,TRUE,FALSE,TRUE,eligible,TRUE,TRUE,NA,NA,analyzed
nfl,2019,401128049,2019-11-17T18:00Z,STATUS_FINAL,Carolina Panthers,Atlanta Falcons,CAR,ATL,5-5,3-7,3,29,home,CAR,3.5,49,-199,177,-110,-100,1,nflreadr,TRUE,FALSE,TRUE,FALSE,TRUE,eligible,TRUE,TRUE,NA,NA,analyzed
nfl,2019,401128047,2019-11-17T18:00Z,STATUS_FINAL,Baltimore Ravens,Houston Texans,BAL,HOU,8-2,6-4,41,7,home,BAL,4,51,-217,192,-108,-102,1,nflreadr,TRUE,FALSE,TRUE,FALSE,TRUE,eligible,TRUE,TRUE,NA,NA,analyzed
nfl,2019,401128089,2019-11-17T21:05Z,STATUS_FINAL,San Francisco 49ers,Arizona Cardinals,SF,ARI,9-1,3-7-1,36,26,home,SF,10,44,-429,353,103,-113,1,nflreadr,TRUE,FALSE,TRUE,FALSE,TRUE,eligible,TRUE,TRUE,NA,NA,analyzed
nfl,2019,401128092,2019-11-17T21:25Z,STATUS_FINAL,Oakland Raiders,Cincinnati Bengals,OAK,CIN,6-4,0-10,17,10,home,OAK,13,48,-605,474,-102,-108,1,nflreadr,TRUE,FALSE,TRUE,FALSE,TRUE,eligible,TRUE,TRUE,NA,NA,analyzed
nfl,2019,401127897,2019-11-17T21:25Z,STATUS_FINAL,Philadelphia Eagles,New England Patriots,PHI,NE,5-5,9-1,10,17,away,NE,4.5,45,186,-210,-112,101,1,nflreadr,TRUE,FALSE,TRUE,FALSE,TRUE,eligible,TRUE,TRUE,NA,NA,analyzed
nfl,2019,401128133,2019-11-18T01:20Z,STATUS_FINAL,Los Angeles Rams,Chicago Bears,LAR,CHI,6-4,4-6,17,7,NA,NA,NA,NA,NA,NA,NA,NA,NA,NA,TRUE,FALSE,TRUE,FALSE,TRUE,eligible,TRUE,TRUE,NA,NA,analyzed
nfl,2019,401128134,2019-11-19T01:15Z,STATUS_FINAL,Los Angeles Chargers,Kansas City Chiefs,LAC,KC,4-7,7-4,17,24,NA,NA,NA,NA,NA,NA,NA,NA,NA,NA,TRUE,FALSE,TRUE,FALSE,TRUE,eligible,TRUE,TRUE,NA,NA,analyzed
nfl,2019,401127865,2019-11-22T01:20Z,STATUS_FINAL,Houston Texans,Indianapolis Colts,HOU,IND,7-4,6-5,20,17,NA,NA,NA,NA,NA,NA,NA,NA,NA,NA,TRUE,FALSE,TRUE,FALSE,TRUE,eligible,TRUE,TRUE,NA,NA,analyzed
nfl,2019,401127870,2019-11-24T18:00Z,STATUS_FINAL,Atlanta Falcons,Tampa Bay Buccaneers,ATL,TB,3-8,4-7,22,35,home,ATL,3.5,51.5,-183,163,-100,-110,1,nflreadr,TRUE,FALSE,TRUE,FALSE,TRUE,eligible,TRUE,TRUE,NA,NA,analyzed
nfl,2019,401127872,2019-11-24T18:00Z,STATUS_FINAL,Buffalo Bills,Denver Broncos,BUF,DEN,8-3,3-8,20,3,home,BUF,3.5,37,-190,170,-104,-106,1,nflreadr,TRUE,FALSE,TRUE,FALSE,TRUE,eligible,TRUE,TRUE,NA,NA,analyzed
nfl,2019,401127914,2019-11-24T18:00Z,STATUS_FINAL,Chicago Bears,New York Giants,CHI,NYG,5-6,2-9,19,14,home,CHI,6,41,-252,220,-100,-110,1,nflreadr,TRUE,FALSE,TRUE,FALSE,TRUE,eligible,TRUE,TRUE,NA,NA,analyzed
nfl,2019,401127918,2019-11-24T18:00Z,STATUS_FINAL,Cincinnati Bengals,Pittsburgh Steelers,CIN,PIT,0-11,6-5,10,16,away,PIT,5.5,37.5,199,-225,-104,-106,1,nflreadr,TRUE,FALSE,TRUE,FALSE,TRUE,eligible,TRUE,TRUE,NA,NA,analyzed
nfl,2019,401127919,2019-11-24T18:00Z,STATUS_FINAL,Cleveland Browns,Miami Dolphins,CLE,MIA,5-6,2-9,41,24,home,CLE,11,45.5,-446,365,103,-113,1,nflreadr,TRUE,FALSE,TRUE,FALSE,TRUE,eligible,TRUE,TRUE,NA,NA,analyzed
nfl,2019,401127922,2019-11-24T18:00Z,STATUS_FINAL,New Orleans Saints,Carolina Panthers,NO,CAR,9-2,5-6,34,31,home,NO,10,46,-457,374,-102,-108,1,nflreadr,TRUE,FALSE,TRUE,FALSE,TRUE,eligible,TRUE,TRUE,NA,NA,analyzed
nfl,2019,401127924,2019-11-24T18:00Z,STATUS_FINAL,New York Jets,Oakland Raiders,NYJ,OAK,4-7,6-5,34,3,away,OAK,3.5,45,158,-177,-112,102,1,nflreadr,TRUE,FALSE,TRUE,FALSE,TRUE,eligible,TRUE,TRUE,NA,NA,analyzed
nfl,2019,401128008,2019-11-24T18:00Z,STATUS_FINAL,Philadelphia Eagles,Seattle Seahawks,PHI,SEA,5-6,9-2,9,17,away,SEA,1,45.5,-105,-105,-112,102,1,nflreadr,TRUE,FALSE,TRUE,FALSE,TRUE,eligible,TRUE,TRUE,NA,NA,analyzed
nfl,2019,401127996,2019-11-24T18:00Z,STATUS_FINAL,Washington,Detroit Lions,WSH,DET,2-9,3-7-1,19,16,NA,NA,NA,NA,NA,NA,NA,NA,NA,NA,TRUE,FALSE,TRUE,FALSE,TRUE,eligible,TRUE,TRUE,NA,NA,analyzed
nfl,2019,401128000,2019-11-24T21:05Z,STATUS_FINAL,Tennessee Titans,Jacksonville Jaguars,TEN,JAX,6-5,4-7,42,20,home,TEN,4.5,42,-225,198,-114,103,1,nflreadr,TRUE,FALSE,TRUE,FALSE,TRUE,eligible,TRUE,TRUE,NA,NA,analyzed
nfl,2019,401127957,2019-11-24T21:25Z,STATUS_FINAL,New England Patriots,Dallas Cowboys,NE,DAL,10-1,6-5,13,9,home,NE,5.5,44.5,-231,203,-102,-108,1,nflreadr,TRUE,FALSE,TRUE,FALSE,TRUE,eligible,TRUE,TRUE,NA,NA,analyzed
nfl,2019,401128004,2019-11-25T01:20Z,STATUS_FINAL,San Francisco 49ers,Green Bay Packers,SF,GB,10-1,8-3,37,8,NA,NA,NA,NA,NA,NA,NA,NA,NA,NA,TRUE,FALSE,TRUE,FALSE,TRUE,eligible,TRUE,TRUE,NA,NA,analyzed
nfl,2019,401128012,2019-11-26T01:15Z,STATUS_FINAL,Los Angeles Rams,Baltimore Ravens,LAR,BAL,6-5,9-2,6,45,NA,NA,NA,NA,NA,NA,NA,NA,NA,NA,TRUE,FALSE,TRUE,FALSE,TRUE,eligible,TRUE,TRUE,NA,NA,analyzed
nfl,2019,401128015,2019-11-28T17:30Z,STATUS_FINAL,Detroit Lions,Chicago Bears,DET,CHI,3-8-1,6-6,20,24,away,CHI,5.5,37.5,203,-230,-106,-104,1,nflreadr,TRUE,FALSE,TRUE,FALSE,TRUE,eligible,TRUE,TRUE,NA,NA,analyzed
nfl,2019,401128017,2019-11-28T21:30Z,STATUS_FINAL,Dallas Cowboys,Buffalo Bills,DAL,BUF,6-6,9-3,15,26,home,DAL,6.5,46.5,-298,256,-115,104,1,nflreadr,TRUE,FALSE,TRUE,FALSE,TRUE,eligible,TRUE,TRUE,NA,NA,analyzed
nfl,2019,401128022,2019-11-29T01:20Z,STATUS_FINAL,Atlanta Falcons,New Orleans Saints,ATL,NO,3-9,10-2,18,26,NA,NA,NA,NA,NA,NA,NA,NA,NA,NA,TRUE,FALSE,TRUE,FALSE,TRUE,eligible,TRUE,TRUE,NA,NA,analyzed
nfl,2019,401128057,2019-12-01T18:00Z,STATUS_FINAL,Cincinnati Bengals,New York Jets,CIN,NYJ,1-11,4-8,22,6,away,NYJ,2.5,43,111,-123,-112,102,1,nflreadr,TRUE,FALSE,TRUE,FALSE,TRUE,eligible,TRUE,TRUE,NA,NA,analyzed
nfl,2019,401128058,2019-12-01T18:00Z,STATUS_FINAL,Indianapolis Colts,Tennessee Titans,IND,TEN,6-6,7-5,17,31,away,TEN,1,41.5,-101,-109,-108,-102,1,nflreadr,TRUE,FALSE,TRUE,FALSE,TRUE,eligible,TRUE,TRUE,NA,NA,analyzed
nfl,2019,401128070,2019-12-01T18:00Z,STATUS_FINAL,Miami Dolphins,Philadelphia Eagles,MIA,PHI,3-9,5-7,37,31,away,PHI,10.5,45,382,-469,-110,-100,1,nflreadr,TRUE,FALSE,TRUE,FALSE,TRUE,eligible,TRUE,TRUE,NA,NA,analyzed
nfl,2019,401128095,2019-12-01T18:00Z,STATUS_FINAL,New York Giants,Green Bay Packers,NYG,GB,2-10,9-3,13,31,away,GB,6.5,43.5,223,-256,-113,103,1,nflreadr,TRUE,FALSE,TRUE,FALSE,TRUE,eligible,TRUE,TRUE,NA,NA,analyzed
nfl,2019,401128107,2019-12-01T18:00Z,STATUS_FINAL,Pittsburgh Steelers,Cleveland Browns,PIT,CLE,7-5,5-7,20,13,away,CLE,1,40,103,-113,-103,-107,1,nflreadr,TRUE,FALSE,TRUE,FALSE,TRUE,eligible,TRUE,TRUE,NA,NA,analyzed
nfl,2019,401128032,2019-12-01T18:00Z,STATUS_FINAL,Carolina Panthers,Washington,CAR,WSH,5-7,3-9,21,29,NA,NA,NA,NA,NA,NA,NA,NA,NA,NA,TRUE,FALSE,TRUE,FALSE,TRUE,eligible,TRUE,TRUE,NA,NA,analyzed
nfl,2019,401128063,2019-12-01T18:00Z,STATUS_FINAL,Jacksonville Jaguars,Tampa Bay Buccaneers,JAX,TB,4-8,5-7,11,28,away,TB,3,46.5,140,-155,-105,-105,1,nflreadr,TRUE,FALSE,TRUE,FALSE,TRUE,eligible,TRUE,TRUE,NA,NA,analyzed
nfl,2019,401128027,2019-12-01T18:00Z,STATUS_FINAL,Baltimore Ravens,San Francisco 49ers,BAL,SF,10-2,10-2,20,17,home,BAL,5.5,45,-242,212,-110,-100,1,nflreadr,TRUE,FALSE,TRUE,FALSE,TRUE,eligible,TRUE,TRUE,NA,NA,analyzed
nfl,2019,401128100,2019-12-01T21:05Z,STATUS_FINAL,Arizona Cardinals,Los Angeles Rams,ARI,LAR,3-8-1,7-5,7,34,NA,NA,NA,NA,NA,NA,NA,NA,NA,NA,TRUE,FALSE,TRUE,FALSE,TRUE,eligible,TRUE,TRUE,NA,NA,analyzed
nfl,2019,401128104,2019-12-01T21:25Z,STATUS_FINAL,Denver Broncos,Los Angeles Chargers,DEN,LAC,4-8,4-8,23,20,away,LAC,4.5,39,183,-207,-107,-103,1,nflreadr,TRUE,FALSE,TRUE,FALSE,TRUE,eligible,TRUE,TRUE,NA,NA,analyzed
nfl,2019,401128067,2019-12-01T21:25Z,STATUS_FINAL,Kansas City Chiefs,Oakland Raiders,KC,OAK,8-4,6-6,40,9,home,KC,11.5,49.5,-451,369,106,-116,1,nflreadr,TRUE,FALSE,TRUE,FALSE,TRUE,eligible,TRUE,TRUE,NA,NA,analyzed
nfl,2019,401127967,2019-12-02T01:20Z,STATUS_FINAL,Houston Texans,New England Patriots,HOU,NE,8-4,10-2,28,22,NA,NA,NA,NA,NA,NA,NA,NA,NA,NA,TRUE,FALSE,TRUE,FALSE,TRUE,eligible,TRUE,TRUE,NA,NA,analyzed
nfl,2019,401128112,2019-12-03T01:15Z,STATUS_FINAL,Seattle Seahawks,Minnesota Vikings,SEA,MIN,10-2,8-4,37,30,NA,NA,NA,NA,NA,NA,NA,NA,NA,NA,TRUE,FALSE,TRUE,FALSE,TRUE,eligible,TRUE,TRUE,NA,NA,analyzed
nfl,2019,401127871,2019-12-06T01:20Z,STATUS_FINAL,Chicago Bears,Dallas Cowboys,CHI,DAL,7-6,6-7,31,24,NA,NA,NA,NA,NA,NA,NA,NA,NA,NA,TRUE,FALSE,TRUE,FALSE,TRUE,eligible,TRUE,TRUE,NA,NA,analyzed
nfl,2019,401127869,2019-12-08T18:00Z,STATUS_FINAL,Atlanta Falcons,Carolina Panthers,ATL,CAR,4-9,5-8,40,20,home,ATL,3.5,48,-180,161,100,-110,1,nflreadr,TRUE,FALSE,TRUE,FALSE,TRUE,eligible,TRUE,TRUE,NA,NA,analyzed
nfl,2019,401127868,2019-12-08T18:00Z,STATUS_FINAL,Buffalo Bills,Baltimore Ravens,BUF,BAL,9-4,11-2,17,24,away,BAL,6.5,44,230,-264,-110,100,1,nflreadr,TRUE,FALSE,TRUE,FALSE,TRUE,eligible,TRUE,TRUE,NA,NA,analyzed
nfl,2019,401127867,2019-12-08T18:00Z,STATUS_FINAL,Cleveland Browns,Cincinnati Bengals,CLE,CIN,6-7,1-12,27,19,home,CLE,6.5,43,-269,234,101,-112,1,nflreadr,TRUE,FALSE,TRUE,FALSE,TRUE,eligible,TRUE,TRUE,NA,NA,analyzed
nfl,2019,401127916,2019-12-08T18:00Z,STATUS_FINAL,Green Bay Packers,Washington,GB,WSH,10-3,3-10,20,15,NA,NA,NA,NA,NA,NA,NA,NA,NA,NA,TRUE,FALSE,TRUE,FALSE,TRUE,eligible,TRUE,TRUE,NA,NA,analyzed
nfl,2019,401127926,2019-12-08T18:00Z,STATUS_FINAL,Minnesota Vikings,Detroit Lions,MIN,DET,9-4,3-9-1,20,7,home,MIN,12,43.5,-587,463,106,-117,1,nflreadr,TRUE,FALSE,TRUE,FALSE,TRUE,eligible,TRUE,TRUE,NA,NA,analyzed
nfl,2019,401127964,2019-12-08T18:00Z,STATUS_FINAL,New Orleans Saints,San Francisco 49ers,NO,SF,10-3,11-2,46,48,home,NO,1,45,-116,105,-109,-101,1,nflreadr,TRUE,FALSE,TRUE,FALSE,TRUE,eligible,TRUE,TRUE,NA,NA,analyzed
nfl,2019,401127969,2019-12-08T18:00Z,STATUS_FINAL,New York Jets,Miami Dolphins,NYJ,MIA,5-8,3-10,22,21,home,NYJ,5,47,-213,189,100,-110,1,nflreadr,TRUE,FALSE,TRUE,FALSE,TRUE,eligible,TRUE,TRUE,NA,NA,analyzed
nfl,2019,401127994,2019-12-08T18:00Z,STATUS_FINAL,Tampa Bay Buccaneers,Indianapolis Colts,TB,IND,6-7,6-7,38,35,home,TB,3,46.5,-166,149,-111,101,1,nflreadr,TRUE,FALSE,TRUE,FALSE,TRUE,eligible,TRUE,TRUE,NA,NA,analyzed
nfl,2019,401127920,2019-12-08T18:00Z,STATUS_FINAL,Houston Texans,Denver Broncos,HOU,DEN,8-5,5-8,24,38,home,HOU,8,42.5,-389,325,-107,-103,1,nflreadr,TRUE,FALSE,TRUE,FALSE,TRUE,eligible,TRUE,TRUE,NA,NA,analyzed
nfl,2019,401127997,2019-12-08T21:05Z,STATUS_FINAL,Jacksonville Jaguars,Los Angeles Chargers,JAX,LAC,4-9,5-8,10,45,away,LAC,3.5,42,160,-179,-110,-101,1,nflreadr,TRUE,FALSE,TRUE,FALSE,TRUE,eligible,TRUE,TRUE,NA,NA,analyzed
nfl,2019,401128005,2019-12-08T21:25Z,STATUS_FINAL,Oakland Raiders,Tennessee Titans,OAK,TEN,6-7,8-5,21,42,away,TEN,3,47,137,-152,-111,100,1,nflreadr,TRUE,FALSE,TRUE,FALSE,TRUE,eligible,TRUE,TRUE,NA,NA,analyzed
nfl,2019,401127930,2019-12-08T21:25Z,STATUS_FINAL,New England Patriots,Kansas City Chiefs,NE,KC,10-3,9-4,16,23,home,NE,3,49.5,-150,135,-103,-107,1,nflreadr,TRUE,FALSE,TRUE,FALSE,TRUE,eligible,TRUE,TRUE,NA,NA,analyzed
nfl,2019,401128002,2019-12-08T21:25Z,STATUS_FINAL,Arizona Cardinals,Pittsburgh Steelers,ARI,PIT,3-9-1,8-5,17,23,away,PIT,2.5,43.5,117,-130,-110,-100,1,nflreadr,TRUE,FALSE,TRUE,FALSE,TRUE,eligible,TRUE,TRUE,NA,NA,analyzed
nfl,2019,401128009,2019-12-09T01:20Z,STATUS_FINAL,Los Angeles Rams,Seattle Seahawks,LAR,SEA,8-5,10-3,28,12,NA,NA,NA,NA,NA,NA,NA,NA,NA,NA,TRUE,FALSE,TRUE,FALSE,TRUE,eligible,TRUE,TRUE,NA,NA,analyzed
nfl,2019,401128013,2019-12-10T01:15Z,STATUS_FINAL,Philadelphia Eagles,New York Giants,PHI,NYG,6-7,2-11,23,17,NA,NA,NA,NA,NA,NA,NA,NA,NA,NA,TRUE,FALSE,TRUE,FALSE,TRUE,eligible,TRUE,TRUE,NA,NA,analyzed
nfl,2019,401128020,2019-12-13T01:20Z,STATUS_FINAL,Baltimore Ravens,New York Jets,BAL,NYJ,12-2,5-9,42,21,NA,NA,NA,NA,NA,NA,NA,NA,NA,NA,TRUE,FALSE,TRUE,FALSE,TRUE,eligible,TRUE,TRUE,NA,NA,analyzed
nfl,2019,401127955,2019-12-15T18:00Z,STATUS_FINAL,Cincinnati Bengals,New England Patriots,CIN,NE,1-13,11-3,13,34,away,NE,10.5,42,381,-468,-110,-101,1,nflreadr,TRUE,FALSE,TRUE,FALSE,TRUE,eligible,TRUE,TRUE,NA,NA,analyzed
nfl,2019,401128028,2019-12-15T18:00Z,STATUS_FINAL,Detroit Lions,Tampa Bay Buccaneers,DET,TB,3-10-1,7-7,17,38,away,TB,5.5,46,210,-239,101,-111,1,nflreadr,TRUE,FALSE,TRUE,FALSE,TRUE,eligible,TRUE,TRUE,NA,NA,analyzed
nfl,2019,401128031,2019-12-15T18:00Z,STATUS_FINAL,Green Bay Packers,Chicago Bears,GB,CHI,11-3,7-7,21,13,home,GB,4,40,-218,192,-118,107,1,nflreadr,TRUE,FALSE,TRUE,FALSE,TRUE,eligible,TRUE,TRUE,NA,NA,analyzed
nfl,2019,401128068,2019-12-15T18:00Z,STATUS_FINAL,Tennessee Titans,Houston Texans,TEN,HOU,8-6,9-5,21,24,home,TEN,3,50,-165,148,-113,103,1,nflreadr,TRUE,FALSE,TRUE,FALSE,TRUE,eligible,TRUE,TRUE,NA,NA,analyzed
nfl,2019,401128056,2019-12-15T18:00Z,STATUS_FINAL,Kansas City Chiefs,Denver Broncos,KC,DEN,10-4,5-9,23,3,home,KC,10,43,-426,352,113,-125,1,nflreadr,TRUE,FALSE,TRUE,FALSE,TRUE,eligible,TRUE,TRUE,NA,NA,analyzed
nfl,2019,401128060,2019-12-15T18:00Z,STATUS_FINAL,New York Giants,Miami Dolphins,NYG,MIA,3-11,3-11,36,20,home,NYG,3.5,47,-185,165,-102,-108,1,nflreadr,TRUE,FALSE,TRUE,FALSE,TRUE,eligible,TRUE,TRUE,NA,NA,analyzed
nfl,2019,401128071,2019-12-15T18:00Z,STATUS_FINAL,Washington,Philadelphia Eagles,WSH,PHI,3-11,7-7,27,37,NA,NA,NA,NA,NA,NA,NA,NA,NA,NA,TRUE,FALSE,TRUE,FALSE,TRUE,eligible,TRUE,TRUE,NA,NA,analyzed
nfl,2019,401128024,2019-12-15T18:00Z,STATUS_FINAL,Carolina Panthers,Seattle Seahawks,CAR,SEA,5-9,11-3,24,30,away,SEA,6,48.5,218,-250,-106,-104,1,nflreadr,TRUE,FALSE,TRUE,FALSE,TRUE,eligible,TRUE,TRUE,NA,NA,analyzed
nfl,2019,401128099,2019-12-15T21:05Z,STATUS_FINAL,Oakland Raiders,Jacksonville Jaguars,OAK,JAX,6-8,5-9,16,20,home,OAK,7,47,-297,255,103,-114,1,nflreadr,TRUE,FALSE,TRUE,FALSE,TRUE,eligible,TRUE,TRUE,NA,NA,analyzed
nfl,2019,401128094,2019-12-15T21:05Z,STATUS_FINAL,Arizona Cardinals,Cleveland Browns,ARI,CLE,4-9-1,6-8,38,24,away,CLE,3,49,140,-156,-103,-107,1,nflreadr,TRUE,FALSE,TRUE,FALSE,TRUE,eligible,TRUE,TRUE,NA,NA,analyzed
nfl,2019,401128113,2019-12-15T21:05Z,STATUS_FINAL,Los Angeles Chargers,Minnesota Vikings,LAC,MIN,5-9,10-4,10,39,away,MIN,1,45,107,-118,101,-111,1,nflreadr,TRUE,FALSE,TRUE,FALSE,TRUE,eligible,TRUE,TRUE,NA,NA,analyzed
nfl,2019,401128103,2019-12-15T21:25Z,STATUS_FINAL,Dallas Cowboys,Los Angeles Rams,DAL,LAR,7-7,8-6,44,21,NA,NA,NA,NA,NA,NA,NA,NA,NA,NA,TRUE,FALSE,TRUE,FALSE,TRUE,eligible,TRUE,TRUE,NA,NA,analyzed
nfl,2019,401128108,2019-12-15T21:25Z,STATUS_FINAL,San Francisco 49ers,Atlanta Falcons,SF,ATL,11-3,5-9,22,29,home,SF,10.5,50,-460,376,106,-117,1,nflreadr,TRUE,FALSE,TRUE,FALSE,TRUE,eligible,TRUE,TRUE,NA,NA,analyzed
nfl,2019,401128065,2019-12-16T01:20Z,STATUS_FINAL,Pittsburgh Steelers,Buffalo Bills,PIT,BUF,8-6,10-4,10,17,NA,NA,NA,NA,NA,NA,NA,NA,NA,NA,TRUE,FALSE,TRUE,FALSE,TRUE,eligible,TRUE,TRUE,NA,NA,analyzed
nfl,2019,401128117,2019-12-17T01:15Z,STATUS_FINAL,New Orleans Saints,Indianapolis Colts,NO,IND,11-3,6-8,34,7,NA,NA,NA,NA,NA,NA,NA,NA,NA,NA,TRUE,FALSE,TRUE,FALSE,TRUE,eligible,TRUE,TRUE,NA,NA,analyzed
nfl,2019,401127901,2019-12-21T18:00Z,STATUS_FINAL,Tampa Bay Buccaneers,Houston Texans,TB,HOU,7-8,10-5,20,23,away,HOU,3,50,135,-150,-112,102,1,nflreadr,TRUE,FALSE,TRUE,FALSE,TRUE,eligible,TRUE,TRUE,NA,NA,analyzed
nfl,2019,401127898,2019-12-21T21:30Z,STATUS_FINAL,New England Patriots,Buffalo Bills,NE,BUF,12-3,10-5,24,17,home,NE,7,39.5,-289,250,101,-111,1,nflreadr,TRUE,FALSE,TRUE,FALSE,TRUE,eligible,TRUE,TRUE,NA,NA,analyzed
nfl,2019,401127900,2019-12-22T01:15Z,STATUS_FINAL,San Francisco 49ers,Los Angeles Rams,SF,LAR,12-3,8-7,34,31,NA,NA,NA,NA,NA,NA,NA,NA,NA,NA,TRUE,FALSE,TRUE,FALSE,TRUE,eligible,TRUE,TRUE,NA,NA,analyzed
nfl,2019,401127903,2019-12-22T18:00Z,STATUS_FINAL,Atlanta Falcons,Jacksonville Jaguars,ATL,JAX,6-9,5-10,24,12,home,ATL,7.5,48,-313,268,103,-114,1,nflreadr,TRUE,FALSE,TRUE,FALSE,TRUE,eligible,TRUE,TRUE,NA,NA,analyzed
nfl,2019,401127904,2019-12-22T18:00Z,STATUS_FINAL,Cleveland Browns,Baltimore Ravens,CLE,BAL,6-9,13-2,15,31,away,BAL,9.5,48.5,311,-370,-106,-104,1,nflreadr,TRUE,FALSE,TRUE,FALSE,TRUE,eligible,TRUE,TRUE,NA,NA,analyzed
nfl,2019,401127935,2019-12-22T18:00Z,STATUS_FINAL,Tennessee Titans,New Orleans Saints,TEN,NO,8-7,12-3,28,38,away,NO,3.5,49,159,-178,-113,103,1,nflreadr,TRUE,FALSE,TRUE,FALSE,TRUE,eligible,TRUE,TRUE,NA,NA,analyzed
nfl,2019,401127906,2019-12-22T18:00Z,STATUS_FINAL,Indianapolis Colts,Carolina Panthers,IND,CAR,7-8,5-10,38,6,home,IND,7.5,46,-308,264,110,-122,1,nflreadr,TRUE,FALSE,TRUE,FALSE,TRUE,eligible,TRUE,TRUE,NA,NA,analyzed
nfl,2019,401127910,2019-12-22T18:00Z,STATUS_FINAL,Miami Dolphins,Cincinnati Bengals,MIA,CIN,4-11,1-14,38,35,away,CIN,1.5,46,107,-118,-104,-106,1,nflreadr,TRUE,FALSE,TRUE,FALSE,TRUE,eligible,TRUE,TRUE,NA,NA,analyzed
nfl,2019,401127933,2019-12-22T18:00Z,STATUS_FINAL,New York Jets,Pittsburgh Steelers,NYJ,PIT,6-9,8-7,16,10,away,PIT,3,36.5,153,-171,105,-116,1,nflreadr,TRUE,FALSE,TRUE,FALSE,TRUE,eligible,TRUE,TRUE,NA,NA,analyzed
nfl,2019,401127937,2019-12-22T18:00Z,STATUS_FINAL,Washington,New York Giants,WSH,NYG,3-12,4-11,35,41,NA,NA,NA,NA,NA,NA,NA,NA,NA,NA,TRUE,FALSE,TRUE,FALSE,TRUE,eligible,TRUE,TRUE,NA,NA,analyzed
nfl,2019,401127893,2019-12-22T21:05Z,STATUS_FINAL,Denver Broncos,Detroit Lions,DEN,DET,6-9,3-11-1,27,17,home,DEN,9.5,40,-400,333,-112,102,1,nflreadr,TRUE,FALSE,TRUE,FALSE,TRUE,eligible,TRUE,TRUE,NA,NA,analyzed
nfl,2019,401127896,2019-12-22T21:05Z,STATUS_FINAL,Los Angeles Chargers,Oakland Raiders,LAC,OAK,5-10,7-8,17,24,home,LAC,7.5,45,-321,274,103,-113,1,nflreadr,TRUE,FALSE,TRUE,FALSE,TRUE,eligible,TRUE,TRUE,NA,NA,analyzed
nfl,2019,401127938,2019-12-22T21:25Z,STATUS_FINAL,Philadelphia Eagles,Dallas Cowboys,PHI,DAL,8-7,7-8,17,9,away,DAL,2,47,109,-120,-112,101,1,nflreadr,TRUE,FALSE,TRUE,FALSE,TRUE,eligible,TRUE,TRUE,NA,NA,analyzed
nfl,2019,401127941,2019-12-22T21:25Z,STATUS_FINAL,Seattle Seahawks,Arizona Cardinals,SEA,ARI,11-4,5-9-1,13,27,home,SEA,8,51,-385,322,101,-111,1,nflreadr,TRUE,FALSE,TRUE,FALSE,TRUE,eligible,TRUE,TRUE,NA,NA,analyzed
nfl,2019,401127943,2019-12-23T01:20Z,STATUS_FINAL,Chicago Bears,Kansas City Chiefs,CHI,KC,7-8,11-4,3,26,NA,NA,NA,NA,NA,NA,NA,NA,NA,NA,TRUE,FALSE,TRUE,FALSE,TRUE,eligible,TRUE,TRUE,NA,NA,analyzed
nfl,2019,401127946,2019-12-24T01:15Z,STATUS_FINAL,Minnesota Vikings,Green Bay Packers,MIN,GB,10-5,12-3,10,23,NA,NA,NA,NA,NA,NA,NA,NA,NA,NA,TRUE,FALSE,TRUE,FALSE,TRUE,eligible,TRUE,TRUE,NA,NA,analyzed
nfl,2019,401127973,2019-12-29T18:00Z,STATUS_FINAL,Buffalo Bills,New York Jets,BUF,NYJ,10-6,7-9,6,13,away,NYJ,1.5,37,112,-124,-100,-110,1,nflreadr,TRUE,FALSE,TRUE,FALSE,TRUE,eligible,TRUE,TRUE,NA,NA,analyzed
nfl,2019,401127978,2019-12-29T18:00Z,STATUS_FINAL,Cincinnati Bengals,Cleveland Browns,CIN,CLE,2-14,6-10,33,23,away,CLE,2.5,44,124,-137,-103,-107,1,nflreadr,TRUE,FALSE,TRUE,FALSE,TRUE,eligible,TRUE,TRUE,NA,NA,analyzed
nfl,2019,401127983,2019-12-29T18:00Z,STATUS_FINAL,Detroit Lions,Green Bay Packers,DET,GB,3-12-1,13-3,20,23,away,GB,13.5,44,508,-656,-114,103,1,nflreadr,TRUE,FALSE,TRUE,FALSE,TRUE,eligible,TRUE,TRUE,NA,NA,analyzed
nfl,2019,401127990,2019-12-29T18:00Z,STATUS_FINAL,Kansas City Chiefs,Los Angeles Chargers,KC,LAC,12-4,5-11,31,21,home,KC,10,46,-389,325,-100,-110,1,nflreadr,TRUE,FALSE,TRUE,FALSE,TRUE,eligible,TRUE,TRUE,NA,NA,analyzed
nfl,2019,401127991,2019-12-29T18:00Z,STATUS_FINAL,Minnesota Vikings,Chicago Bears,MIN,CHI,10-6,8-8,19,21,away,CHI,5.5,36.5,203,-230,-100,-110,1,nflreadr,TRUE,FALSE,TRUE,FALSE,TRUE,eligible,TRUE,TRUE,NA,NA,analyzed
nfl,2019,401127909,2019-12-29T18:00Z,STATUS_FINAL,New England Patriots,Miami Dolphins,NE,MIA,12-4,5-11,24,27,home,NE,17.5,46,-1117,781,-102,-109,1,nflreadr,TRUE,FALSE,TRUE,FALSE,TRUE,eligible,TRUE,TRUE,NA,NA,analyzed
nfl,2019,401128034,2019-12-29T18:00Z,STATUS_FINAL,Tampa Bay Buccaneers,Atlanta Falcons,TB,ATL,7-9,7-9,22,28,home,TB,1,48,-120,109,-111,101,1,nflreadr,TRUE,FALSE,TRUE,FALSE,TRUE,eligible,TRUE,TRUE,NA,NA,analyzed
nfl,2019,401127975,2019-12-29T18:00Z,STATUS_FINAL,Carolina Panthers,New Orleans Saints,CAR,NO,5-11,13-3,10,42,away,NO,13.5,45,510,-660,-104,-106,1,nflreadr,TRUE,FALSE,TRUE,FALSE,TRUE,eligible,TRUE,TRUE,NA,NA,analyzed
nfl,2019,401127980,2019-12-29T21:25Z,STATUS_FINAL,Dallas Cowboys,Washington,DAL,WSH,8-8,3-13,47,16,NA,NA,NA,NA,NA,NA,NA,NA,NA,NA,TRUE,FALSE,TRUE,FALSE,TRUE,eligible,TRUE,TRUE,NA,NA,analyzed
nfl,2019,401128036,2019-12-29T21:25Z,STATUS_FINAL,Denver Broncos,Oakland Raiders,DEN,OAK,7-9,7-9,16,15,home,DEN,5.5,41.5,-221,195,-101,-110,1,nflreadr,TRUE,FALSE,TRUE,FALSE,TRUE,eligible,TRUE,TRUE,NA,NA,analyzed
nfl,2019,401128038,2019-12-29T21:25Z,STATUS_FINAL,Los Angeles Rams,Arizona Cardinals,LAR,ARI,9-7,5-10-1,31,24,NA,NA,NA,NA,NA,NA,NA,NA,NA,NA,TRUE,FALSE,TRUE,FALSE,TRUE,eligible,TRUE,TRUE,NA,NA,analyzed
nfl,2019,401128033,2019-12-29T21:25Z,STATUS_FINAL,New York Giants,Philadelphia Eagles,NYG,PHI,4-12,9-7,17,34,away,PHI,4,44,176,-198,-108,-102,1,nflreadr,TRUE,FALSE,TRUE,FALSE,TRUE,eligible,TRUE,TRUE,NA,NA,analyzed
nfl,2019,401127988,2019-12-29T21:25Z,STATUS_FINAL,Jacksonville Jaguars,Indianapolis Colts,JAX,IND,6-10,7-9,38,20,away,IND,5,41.5,204,-232,-101,-109,1,nflreadr,TRUE,FALSE,TRUE,FALSE,TRUE,eligible,TRUE,TRUE,NA,NA,analyzed
nfl,2019,401127950,2019-12-29T21:25Z,STATUS_FINAL,Baltimore Ravens,Pittsburgh Steelers,BAL,PIT,14-2,8-8,28,10,away,PIT,2,35,122,-135,102,-113,1,nflreadr,TRUE,FALSE,TRUE,FALSE,TRUE,eligible,TRUE,TRUE,NA,NA,analyzed
nfl,2019,401127984,2019-12-29T21:25Z,STATUS_FINAL,Houston Texans,Tennessee Titans,HOU,TEN,10-6,9-7,14,35,away,TEN,10,43,308,-366,-117,106,1,nflreadr,TRUE,FALSE,TRUE,FALSE,TRUE,eligible,TRUE,TRUE,NA,NA,analyzed
nfl,2019,401128040,2019-12-30T01:20Z,STATUS_FINAL,Seattle Seahawks,San Francisco 49ers,SEA,SF,11-5,13-3,21,26,NA,NA,NA,NA,NA,NA,NA,NA,NA,NA,TRUE,FALSE,TRUE,FALSE,TRUE,eligible,TRUE,TRUE,NA,NA,analyzed
nfl,2020,401220225,2020-09-11T00:20Z,STATUS_FINAL,Kansas City Chiefs,Houston Texans,KC,HOU,1-0,0-1,34,20,NA,NA,NA,NA,NA,NA,NA,NA,NA,NA,TRUE,FALSE,TRUE,FALSE,TRUE,eligible,TRUE,TRUE,NA,NA,analyzed
nfl,2020,401220313,2020-09-13T17:00Z,STATUS_FINAL,Atlanta Falcons,Seattle Seahawks,ATL,SEA,0-1,1-0,25,38,home,ATL,1,49.5,-112,102,-105,-105,1,nflreadr,TRUE,FALSE,TRUE,FALSE,TRUE,eligible,TRUE,TRUE,NA,NA,analyzed
nfl,2020,401220116,2020-09-13T17:00Z,STATUS_FINAL,Buffalo Bills,New York Jets,BUF,NYJ,1-0,0-1,27,17,home,BUF,6.5,39.5,-279,242,100,-110,1,nflreadr,TRUE,FALSE,TRUE,FALSE,TRUE,eligible,TRUE,TRUE,NA,NA,analyzed
nfl,2020,401220282,2020-09-13T17:00Z,STATUS_FINAL,Detroit Lions,Chicago Bears,DET,CHI,0-1,1-0,23,27,home,DET,2.5,42.5,-128,116,-102,-108,1,nflreadr,TRUE,FALSE,TRUE,FALSE,TRUE,eligible,TRUE,TRUE,NA,NA,analyzed
nfl,2020,401220300,2020-09-13T17:00Z,STATUS_FINAL,Minnesota Vikings,Green Bay Packers,MIN,GB,0-1,1-0,34,43,home,MIN,1,45,-114,103,-107,-103,1,nflreadr,TRUE,FALSE,TRUE,FALSE,TRUE,eligible,TRUE,TRUE,NA,NA,analyzed
nfl,2020,401220131,2020-09-13T17:00Z,STATUS_FINAL,New England Patriots,Miami Dolphins,NE,MIA,1-0,0-1,21,11,home,NE,7.5,41.5,-327,278,102,-112,1,nflreadr,TRUE,FALSE,TRUE,FALSE,TRUE,eligible,TRUE,TRUE,NA,NA,analyzed
nfl,2020,401220268,2020-09-13T17:00Z,STATUS_FINAL,Washington,Philadelphia Eagles,WSH,PHI,1-0,0-1,27,17,NA,NA,NA,NA,NA,NA,NA,NA,NA,NA,TRUE,FALSE,TRUE,FALSE,TRUE,eligible,TRUE,TRUE,NA,NA,analyzed
nfl,2020,401220370,2020-09-13T17:00Z,STATUS_FINAL,Carolina Panthers,Las Vegas Raiders,CAR,LV,0-1,1-0,30,34,away,LV,3,48,134,-124,-113,-112,1,nflreadr,TRUE,FALSE,TRUE,FALSE,TRUE,eligible,TRUE,TRUE,NA,NA,analyzed
nfl,2020,401220195,2020-09-13T17:00Z,STATUS_FINAL,Jacksonville Jaguars,Indianapolis Colts,JAX,IND,1-0,0-1,27,20,away,IND,7,44,265,-309,-102,-108,1,nflreadr,TRUE,FALSE,TRUE,FALSE,TRUE,eligible,TRUE,TRUE,NA,NA,analyzed
nfl,2020,401220147,2020-09-13T17:00Z,STATUS_FINAL,Baltimore Ravens,Cleveland Browns,BAL,CLE,1-0,0-1,38,6,home,BAL,7,47,-302,260,-103,-107,1,nflreadr,TRUE,FALSE,TRUE,FALSE,TRUE,eligible,TRUE,TRUE,NA,NA,analyzed
nfl,2020,401220161,2020-09-13T20:05Z,STATUS_FINAL,Cincinnati Bengals,Los Angeles Chargers,CIN,LAC,0-1,1-0,13,16,away,LAC,2.5,41.5,117,-129,-110,-100,1,nflreadr,TRUE,FALSE,TRUE,FALSE,TRUE,eligible,TRUE,TRUE,NA,NA,analyzed
nfl,2020,401220369,2020-09-13T20:25Z,STATUS_FINAL,New Orleans Saints,Tampa Bay Buccaneers,NO,TB,1-0,0-1,34,23,home,NO,4,48.5,-196,174,-113,102,1,nflreadr,TRUE,FALSE,TRUE,FALSE,TRUE,eligible,TRUE,TRUE,NA,NA,analyzed
nfl,2020,401220352,2020-09-13T20:25Z,STATUS_FINAL,San Francisco 49ers,Arizona Cardinals,SF,ARI,0-1,1-0,20,24,home,SF,7,48.5,-280,242,111,-123,1,nflreadr,TRUE,FALSE,TRUE,FALSE,TRUE,eligible,TRUE,TRUE,NA,NA,analyzed
nfl,2020,401220347,2020-09-14T00:20Z,STATUS_FINAL,Los Angeles Rams,Dallas Cowboys,LAR,DAL,1-0,0-1,20,17,NA,NA,NA,NA,NA,NA,NA,NA,NA,NA,TRUE,FALSE,TRUE,FALSE,TRUE,eligible,TRUE,TRUE,NA,NA,analyzed
nfl,2020,401220256,2020-09-14T23:15Z,STATUS_FINAL,New York Giants,Pittsburgh Steelers,NYG,PIT,0-1,1-0,16,26,away,PIT,6,44,221,-253,-105,-105,1,nflreadr,TRUE,FALSE,TRUE,FALSE,TRUE,eligible,TRUE,TRUE,NA,NA,analyzed
nfl,2020,401220217,2020-09-15T02:10Z,STATUS_FINAL,Denver Broncos,Tennessee Titans,DEN,TEN,0-1,1-0,14,16,NA,NA,NA,NA,NA,NA,NA,NA,NA,NA,TRUE,FALSE,TRUE,FALSE,TRUE,eligible,TRUE,TRUE,NA,NA,analyzed
nfl,2020,401220163,2020-09-18T00:20Z,STATUS_FINAL,Cleveland Browns,Cincinnati Bengals,CLE,CIN,1-1,0-2,35,30,NA,NA,NA,NA,NA,NA,NA,NA,NA,NA,TRUE,FALSE,TRUE,FALSE,TRUE,eligible,TRUE,TRUE,NA,NA,analyzed
nfl,2020,401220281,2020-09-20T17:00Z,STATUS_FINAL,Chicago Bears,New York Giants,CHI,NYG,2-0,0-2,17,13,home,CHI,4.5,42.5,-222,196,-105,-105,1,nflreadr,TRUE,FALSE,TRUE,FALSE,TRUE,eligible,TRUE,TRUE,NA,NA,analyzed
nfl,2020,401220249,2020-09-20T17:00Z,STATUS_FINAL,Dallas Cowboys,Atlanta Falcons,DAL,ATL,1-1,0-2,40,39,home,DAL,3,53,-145,131,108,-119,1,nflreadr,TRUE,FALSE,TRUE,FALSE,TRUE,eligible,TRUE,TRUE,NA,NA,analyzed
nfl,2020,401220291,2020-09-20T17:00Z,STATUS_FINAL,Green Bay Packers,Detroit Lions,GB,DET,2-0,0-2,42,21,home,GB,7,51,-284,245,102,-113,1,nflreadr,TRUE,FALSE,TRUE,FALSE,TRUE,eligible,TRUE,TRUE,NA,NA,analyzed
nfl,2020,401220204,2020-09-20T17:00Z,STATUS_FINAL,Tennessee Titans,Jacksonville Jaguars,TEN,JAX,2-0,1-1,33,30,home,TEN,7,44.5,-295,254,105,-116,1,nflreadr,TRUE,FALSE,TRUE,FALSE,TRUE,eligible,TRUE,TRUE,NA,NA,analyzed
nfl,2020,401220192,2020-09-20T17:00Z,STATUS_FINAL,Indianapolis Colts,Minnesota Vikings,IND,MIN,1-1,0-2,28,11,home,IND,3.5,49,-176,158,101,-111,1,nflreadr,TRUE,FALSE,TRUE,FALSE,TRUE,eligible,TRUE,TRUE,NA,NA,analyzed
nfl,2020,401220122,2020-09-20T17:00Z,STATUS_FINAL,Miami Dolphins,Buffalo Bills,MIA,BUF,0-2,2-0,28,31,away,BUF,5.5,42.5,214,-244,-101,-109,1,nflreadr,TRUE,FALSE,TRUE,FALSE,TRUE,eligible,TRUE,TRUE,NA,NA,analyzed
nfl,2020,401220144,2020-09-20T17:00Z,STATUS_FINAL,New York Jets,San Francisco 49ers,NYJ,SF,0-2,1-1,13,31,away,SF,7,41.5,259,-301,-111,101,1,nflreadr,TRUE,FALSE,TRUE,FALSE,TRUE,eligible,TRUE,TRUE,NA,NA,analyzed
nfl,2020,401220261,2020-09-20T17:00Z,STATUS_FINAL,Philadelphia Eagles,Los Angeles Rams,PHI,LAR,0-2,2-0,19,37,NA,NA,NA,NA,NA,NA,NA,NA,NA,NA,TRUE,FALSE,TRUE,FALSE,TRUE,eligible,TRUE,TRUE,NA,NA,analyzed
nfl,2020,401220177,2020-09-20T17:00Z,STATUS_FINAL,Pittsburgh Steelers,Denver Broncos,PIT,DEN,2-0,0-2,26,21,home,PIT,6,41,-267,232,-110,-100,1,nflreadr,TRUE,FALSE,TRUE,FALSE,TRUE,eligible,TRUE,TRUE,NA,NA,analyzed
nfl,2020,401220329,2020-09-20T17:00Z,STATUS_FINAL,Tampa Bay Buccaneers,Carolina Panthers,TB,CAR,1-1,0-2,31,17,home,TB,7.5,47,-342,290,-104,-106,1,nflreadr,TRUE,FALSE,TRUE,FALSE,TRUE,eligible,TRUE,TRUE,NA,NA,analyzed
nfl,2020,401220340,2020-09-20T20:05Z,STATUS_FINAL,Arizona Cardinals,Washington,ARI,WSH,2-0,1-1,30,15,NA,NA,NA,NA,NA,NA,NA,NA,NA,NA,TRUE,FALSE,TRUE,FALSE,TRUE,eligible,TRUE,TRUE,NA,NA,analyzed
nfl,2020,401220235,2020-09-20T20:25Z,STATUS_FINAL,Los Angeles Chargers,Kansas City Chiefs,LAC,KC,1-1,2-0,20,23,away,KC,8.5,47,311,-370,-106,-104,1,nflreadr,TRUE,FALSE,TRUE,FALSE,TRUE,eligible,TRUE,TRUE,NA,NA,analyzed
nfl,2020,401220181,2020-09-20T20:25Z,STATUS_FINAL,Houston Texans,Baltimore Ravens,HOU,BAL,0-2,2-0,16,33,away,BAL,7.5,49.5,292,-344,-108,-102,1,nflreadr,TRUE,FALSE,TRUE,FALSE,TRUE,eligible,TRUE,TRUE,NA,NA,analyzed
nfl,2020,401220365,2020-09-21T00:20Z,STATUS_FINAL,Seattle Seahawks,New England Patriots,SEA,NE,2-0,1-1,35,30,NA,NA,NA,NA,NA,NA,NA,NA,NA,NA,TRUE,FALSE,TRUE,FALSE,TRUE,eligible,TRUE,TRUE,NA,NA,analyzed
nfl,2020,401220231,2020-09-22T00:15Z,STATUS_FINAL,Las Vegas Raiders,New Orleans Saints,LV,NO,2-0,1-1,34,24,NA,NA,NA,NA,NA,NA,NA,NA,NA,NA,TRUE,FALSE,TRUE,FALSE,TRUE,eligible,TRUE,TRUE,NA,NA,analyzed
nfl,2020,401220201,2020-09-25T00:20Z,STATUS_FINAL,Jacksonville Jaguars,Miami Dolphins,JAX,MIA,1-2,1-2,13,31,NA,NA,NA,NA,NA,NA,NA,NA,NA,NA,TRUE,FALSE,TRUE,FALSE,TRUE,eligible,TRUE,TRUE,NA,NA,analyzed
nfl,2020,401220309,2020-09-27T17:00Z,STATUS_FINAL,Atlanta Falcons,Chicago Bears,ATL,CHI,0-3,3-0,26,30,home,ATL,2.5,46,-135,122,-111,101,1,nflreadr,TRUE,FALSE,TRUE,FALSE,TRUE,eligible,TRUE,TRUE,NA,NA,analyzed
nfl,2020,401220119,2020-09-27T17:00Z,STATUS_FINAL,Buffalo Bills,Los Angeles Rams,BUF,LAR,3-0,2-1,35,32,NA,NA,NA,NA,NA,NA,NA,NA,NA,NA,TRUE,FALSE,TRUE,FALSE,TRUE,eligible,TRUE,TRUE,NA,NA,analyzed
nfl,2020,401220168,2020-09-27T17:00Z,STATUS_FINAL,Cleveland Browns,Washington,CLE,WSH,2-1,1-2,34,20,NA,NA,NA,NA,NA,NA,NA,NA,NA,NA,TRUE,FALSE,TRUE,FALSE,TRUE,eligible,TRUE,TRUE,NA,NA,analyzed
nfl,2020,401220304,2020-09-27T17:00Z,STATUS_FINAL,Minnesota Vikings,Tennessee Titans,MIN,TEN,0-3,3-0,30,31,away,TEN,3,49.5,139,-155,-109,-101,1,nflreadr,TRUE,FALSE,TRUE,FALSE,TRUE,eligible,TRUE,TRUE,NA,NA,analyzed
nfl,2020,401220134,2020-09-27T17:00Z,STATUS_FINAL,New England Patriots,Las Vegas Raiders,NE,LV,2-1,2-1,36,20,home,NE,7,47,-311,266,-105,-105,1,nflreadr,TRUE,FALSE,TRUE,FALSE,TRUE,eligible,TRUE,TRUE,NA,NA,analyzed
nfl,2020,401220254,2020-09-27T17:00Z,STATUS_FINAL,New York Giants,San Francisco 49ers,NYG,SF,0-3,2-1,9,36,away,SF,3,44,134,-149,-109,-101,1,nflreadr,TRUE,FALSE,TRUE,FALSE,TRUE,eligible,TRUE,TRUE,NA,NA,analyzed
nfl,2020,401220264,2020-09-27T17:00Z,STATUS_FINAL,Philadelphia Eagles,Cincinnati Bengals,PHI,CIN,0-2-1,0-2-1,23,23,home,PHI,5.5,46.5,-233,205,-105,-105,1,nflreadr,TRUE,FALSE,TRUE,TRUE,FALSE,tie,FALSE,FALSE,NA,NA,tie
nfl,2020,401220173,2020-09-27T17:00Z,STATUS_FINAL,Pittsburgh Steelers,Houston Texans,PIT,HOU,3-0,0-3,28,21,home,PIT,4,46.5,-196,174,-100,-110,1,nflreadr,TRUE,FALSE,TRUE,FALSE,TRUE,eligible,TRUE,TRUE,NA,NA,analyzed
nfl,2020,401220193,2020-09-27T20:05Z,STATUS_FINAL,Indianapolis Colts,New York Jets,IND,NYJ,2-1,0-3,36,7,home,IND,12.5,44,-630,491,-101,-109,1,nflreadr,TRUE,FALSE,TRUE,FALSE,TRUE,eligible,TRUE,TRUE,NA,NA,analyzed
nfl,2020,401220240,2020-09-27T20:05Z,STATUS_FINAL,Los Angeles Chargers,Carolina Panthers,LAC,CAR,1-2,1-2,16,21,home,LAC,6,43.5,-265,230,-103,-107,1,nflreadr,TRUE,FALSE,TRUE,FALSE,TRUE,eligible,TRUE,TRUE,NA,NA,analyzed
nfl,2020,401220216,2020-09-27T20:25Z,STATUS_FINAL,Denver Broncos,Tampa Bay Buccaneers,DEN,TB,0-3,2-1,10,28,away,TB,6,42.5,230,-264,-105,-105,1,nflreadr,TRUE,FALSE,TRUE,FALSE,TRUE,eligible,TRUE,TRUE,NA,NA,analyzed
nfl,2020,401220343,2020-09-27T20:25Z,STATUS_FINAL,Arizona Cardinals,Detroit Lions,ARI,DET,2-1,1-2,23,26,home,ARI,4.5,55.5,-218,193,-105,-105,1,nflreadr,TRUE,FALSE,TRUE,FALSE,TRUE,eligible,TRUE,TRUE,NA,NA,analyzed
nfl,2020,401220363,2020-09-27T20:25Z,STATUS_FINAL,Seattle Seahawks,Dallas Cowboys,SEA,DAL,3-0,1-2,38,31,home,SEA,5.5,58,-237,208,-106,-104,1,nflreadr,TRUE,FALSE,TRUE,FALSE,TRUE,eligible,TRUE,TRUE,NA,NA,analyzed
nfl,2020,401220323,2020-09-28T00:20Z,STATUS_FINAL,New Orleans Saints,Green Bay Packers,NO,GB,1-2,3-0,30,37,NA,NA,NA,NA,NA,NA,NA,NA,NA,NA,TRUE,FALSE,TRUE,FALSE,TRUE,eligible,TRUE,TRUE,NA,NA,analyzed
nfl,2020,401220153,2020-09-29T00:15Z,STATUS_FINAL,Baltimore Ravens,Kansas City Chiefs,BAL,KC,2-1,3-0,20,34,NA,NA,NA,NA,NA,NA,NA,NA,NA,NA,TRUE,FALSE,TRUE,FALSE,TRUE,eligible,TRUE,TRUE,NA,NA,analyzed
nfl,2020,401220141,2020-10-02T00:20Z,STATUS_FINAL,New York Jets,Denver Broncos,NYJ,DEN,0-4,1-3,28,37,NA,NA,NA,NA,NA,NA,NA,NA,NA,NA,TRUE,FALSE,TRUE,FALSE,TRUE,eligible,TRUE,TRUE,NA,NA,analyzed
nfl,2020,401220157,2020-10-04T17:00Z,STATUS_FINAL,Cincinnati Bengals,Jacksonville Jaguars,CIN,JAX,1-2-1,1-3,33,25,home,CIN,1,50,-112,101,-104,-106,1,nflreadr,TRUE,FALSE,TRUE,FALSE,TRUE,eligible,TRUE,TRUE,NA,NA,analyzed
nfl,2020,401220247,2020-10-04T17:00Z,STATUS_FINAL,Dallas Cowboys,Cleveland Browns,DAL,CLE,1-3,3-1,38,49,home,DAL,3.5,56.5,-175,157,101,-111,1,nflreadr,TRUE,FALSE,TRUE,FALSE,TRUE,eligible,TRUE,TRUE,NA,NA,analyzed
nfl,2020,401220285,2020-10-04T17:00Z,STATUS_FINAL,Detroit Lions,New Orleans Saints,DET,NO,1-3,2-2,29,35,away,NO,3,51.5,139,-155,-107,-103,1,nflreadr,TRUE,FALSE,TRUE,FALSE,TRUE,eligible,TRUE,TRUE,NA,NA,analyzed
nfl,2020,401220128,2020-10-04T17:00Z,STATUS_FINAL,Miami Dolphins,Seattle Seahawks,MIA,SEA,1-3,4-0,23,31,away,SEA,4.5,55,196,-223,-104,-106,1,nflreadr,TRUE,FALSE,TRUE,FALSE,TRUE,eligible,TRUE,TRUE,NA,NA,analyzed
nfl,2020,401220334,2020-10-04T17:00Z,STATUS_FINAL,Tampa Bay Buccaneers,Los Angeles Chargers,TB,LAC,3-1,1-3,38,31,home,TB,7.5,42.5,-331,282,103,-114,1,nflreadr,TRUE,FALSE,TRUE,FALSE,TRUE,eligible,TRUE,TRUE,NA,NA,analyzed
nfl,2020,401220271,2020-10-04T17:00Z,STATUS_FINAL,Washington,Baltimore Ravens,WSH,BAL,1-3,3-1,17,31,NA,NA,NA,NA,NA,NA,NA,NA,NA,NA,TRUE,FALSE,TRUE,FALSE,TRUE,eligible,TRUE,TRUE,NA,NA,analyzed
nfl,2020,401220320,2020-10-04T17:00Z,STATUS_FINAL,Carolina Panthers,Arizona Cardinals,CAR,ARI,2-2,2-2,31,21,away,ARI,3,52.5,141,-157,-105,-105,1,nflreadr,TRUE,FALSE,TRUE,FALSE,TRUE,eligible,TRUE,TRUE,NA,NA,analyzed
nfl,2020,401220184,2020-10-04T17:00Z,STATUS_FINAL,Houston Texans,Minnesota Vikings,HOU,MIN,0-4,1-3,23,31,home,HOU,3.5,52.5,-172,154,104,-114,1,nflreadr,TRUE,FALSE,TRUE,FALSE,TRUE,eligible,TRUE,TRUE,NA,NA,analyzed
nfl,2020,401220348,2020-10-04T20:05Z,STATUS_FINAL,Los Angeles Rams,New York Giants,LAR,NYG,3-1,0-4,17,9,NA,NA,NA,NA,NA,NA,NA,NA,NA,NA,TRUE,FALSE,TRUE,FALSE,TRUE,eligible,TRUE,TRUE,NA,NA,analyzed
nfl,2020,401220280,2020-10-04T20:25Z,STATUS_FINAL,Chicago Bears,Indianapolis Colts,CHI,IND,3-1,3-1,11,19,away,IND,3.5,43.5,156,-174,-112,102,1,nflreadr,TRUE,FALSE,TRUE,FALSE,TRUE,eligible,TRUE,TRUE,NA,NA,analyzed
nfl,2020,401220229,2020-10-04T20:25Z,STATUS_FINAL,Las Vegas Raiders,Buffalo Bills,LV,BUF,2-2,4-0,23,30,away,BUF,3,53,154,-172,104,-115,1,nflreadr,TRUE,FALSE,TRUE,FALSE,TRUE,eligible,TRUE,TRUE,NA,NA,analyzed
nfl,2020,401220355,2020-10-05T00:20Z,STATUS_FINAL,San Francisco 49ers,Philadelphia Eagles,SF,PHI,2-2,1-2-1,20,25,NA,NA,NA,NA,NA,NA,NA,NA,NA,NA,TRUE,FALSE,TRUE,FALSE,TRUE,eligible,TRUE,TRUE,NA,NA,analyzed
nfl,2020,401220221,2020-10-05T23:05Z,STATUS_FINAL,Kansas City Chiefs,New England Patriots,KC,NE,4-0,2-2,26,10,home,KC,7,52.5,-299,257,103,-114,1,nflreadr,TRUE,FALSE,TRUE,FALSE,TRUE,eligible,TRUE,TRUE,NA,NA,analyzed
nfl,2020,401220293,2020-10-06T01:00Z,STATUS_FINAL,Green Bay Packers,Atlanta Falcons,GB,ATL,4-0,0-4,30,16,NA,NA,NA,NA,NA,NA,NA,NA,NA,NA,TRUE,FALSE,TRUE,FALSE,TRUE,eligible,TRUE,TRUE,NA,NA,analyzed
nfl,2020,401220278,2020-10-09T00:20Z,STATUS_FINAL,Chicago Bears,Tampa Bay Buccaneers,CHI,TB,4-1,3-2,20,19,NA,NA,NA,NA,NA,NA,NA,NA,NA,NA,TRUE,FALSE,TRUE,FALSE,TRUE,eligible,TRUE,TRUE,NA,NA,analyzed
nfl,2020,401220306,2020-10-11T17:00Z,STATUS_FINAL,Atlanta Falcons,Carolina Panthers,ATL,CAR,0-5,3-2,16,23,home,ATL,2.5,53.5,-139,125,-109,-101,1,nflreadr,TRUE,FALSE,TRUE,FALSE,TRUE,eligible,TRUE,TRUE,NA,NA,analyzed
nfl,2020,401220219,2020-10-11T17:00Z,STATUS_FINAL,Kansas City Chiefs,Las Vegas Raiders,KC,LV,4-1,3-2,32,40,home,KC,11,54.5,-476,387,104,-114,1,nflreadr,TRUE,FALSE,TRUE,FALSE,TRUE,eligible,TRUE,TRUE,NA,NA,analyzed
nfl,2020,401220143,2020-10-11T17:00Z,STATUS_FINAL,New York Jets,Arizona Cardinals,NYJ,ARI,0-5,3-2,10,30,away,ARI,7,48.5,254,-295,-117,106,1,nflreadr,TRUE,FALSE,TRUE,FALSE,TRUE,eligible,TRUE,TRUE,NA,NA,analyzed
nfl,2020,401220175,2020-10-11T17:00Z,STATUS_FINAL,Pittsburgh Steelers,Philadelphia Eagles,PIT,PHI,4-0,1-3-1,38,29,home,PIT,7.5,44,-372,312,-107,-103,1,nflreadr,TRUE,FALSE,TRUE,FALSE,TRUE,eligible,TRUE,TRUE,NA,NA,analyzed
nfl,2020,401220269,2020-10-11T17:00Z,STATUS_FINAL,Washington,Los Angeles Rams,WSH,LAR,1-4,4-1,10,30,NA,NA,NA,NA,NA,NA,NA,NA,NA,NA,TRUE,FALSE,TRUE,FALSE,TRUE,eligible,TRUE,TRUE,NA,NA,analyzed
nfl,2020,401220146,2020-10-11T17:00Z,STATUS_FINAL,Baltimore Ravens,Cincinnati Bengals,BAL,CIN,4-1,1-3-1,27,3,home,BAL,12.5,49,-718,547,-105,-105,1,nflreadr,TRUE,FALSE,TRUE,FALSE,TRUE,eligible,TRUE,TRUE,NA,NA,analyzed
nfl,2020,401220179,2020-10-11T17:00Z,STATUS_FINAL,Houston Texans,Jacksonville Jaguars,HOU,JAX,1-4,1-4,30,14,home,HOU,6.5,55,-281,243,-110,100,1,nflreadr,TRUE,FALSE,TRUE,FALSE,TRUE,eligible,TRUE,TRUE,NA,NA,analyzed
nfl,2020,401220358,2020-10-11T20:05Z,STATUS_FINAL,San Francisco 49ers,Miami Dolphins,SF,MIA,2-3,2-3,17,43,home,SF,8.5,50.5,-357,301,108,-119,1,nflreadr,TRUE,FALSE,TRUE,FALSE,TRUE,eligible,TRUE,TRUE,NA,NA,analyzed
nfl,2020,401220166,2020-10-11T20:25Z,STATUS_FINAL,Cleveland Browns,Indianapolis Colts,CLE,IND,4-1,3-2,32,23,home,CLE,1,48.5,-110,-101,-103,-107,1,nflreadr,TRUE,FALSE,TRUE,FALSE,TRUE,eligible,TRUE,TRUE,NA,NA,analyzed
nfl,2020,401220242,2020-10-11T20:25Z,STATUS_FINAL,Dallas Cowboys,New York Giants,DAL,NYG,2-3,0-5,37,34,home,DAL,7.5,52,-347,293,103,-114,1,nflreadr,TRUE,FALSE,TRUE,FALSE,TRUE,eligible,TRUE,TRUE,NA,NA,analyzed
nfl,2020,401220367,2020-10-12T00:20Z,STATUS_FINAL,Seattle Seahawks,Minnesota Vikings,SEA,MIN,5-0,1-4,27,26,NA,NA,NA,NA,NA,NA,NA,NA,NA,NA,TRUE,FALSE,TRUE,FALSE,TRUE,eligible,TRUE,TRUE,NA,NA,analyzed
nfl,2020,401220326,2020-10-13T00:15Z,STATUS_FINAL,New Orleans Saints,Los Angeles Chargers,NO,LAC,3-2,1-4,30,27,NA,NA,NA,NA,NA,NA,NA,NA,NA,NA,TRUE,FALSE,TRUE,FALSE,TRUE,eligible,TRUE,TRUE,NA,NA,analyzed
nfl,2020,401220209,2020-10-13T23:00Z,STATUS_FINAL,Tennessee Titans,Buffalo Bills,TEN,BUF,4-0,4-1,42,16,away,BUF,3,52,150,-168,-102,-108,1,nflreadr,TRUE,FALSE,TRUE,FALSE,TRUE,eligible,TRUE,TRUE,NA,NA,analyzed
nfl,2020,401220202,2020-10-18T17:00Z,STATUS_FINAL,Tennessee Titans,Houston Texans,TEN,HOU,5-0,1-5,42,36,home,TEN,4,52,-190,169,100,-110,1,nflreadr,TRUE,FALSE,TRUE,FALSE,TRUE,eligible,TRUE,TRUE,NA,NA,analyzed
nfl,2020,401220190,2020-10-18T17:00Z,STATUS_FINAL,Indianapolis Colts,Cincinnati Bengals,IND,CIN,4-2,1-4-1,31,27,home,IND,7.5,46,-340,288,-102,-108,1,nflreadr,TRUE,FALSE,TRUE,FALSE,TRUE,eligible,TRUE,TRUE,NA,NA,analyzed
nfl,2020,401220301,2020-10-18T17:00Z,STATUS_FINAL,Minnesota Vikings,Atlanta Falcons,MIN,ATL,1-5,1-5,23,40,home,MIN,3.5,53,-188,167,-108,-102,1,nflreadr,TRUE,FALSE,TRUE,FALSE,TRUE,eligible,TRUE,TRUE,NA,NA,analyzed
nfl,2020,401220133,2020-10-18T17:00Z,STATUS_FINAL,New England Patriots,Denver Broncos,NE,DEN,2-3,2-3,12,18,home,NE,7,43.5,-328,280,-107,-103,1,nflreadr,TRUE,FALSE,TRUE,FALSE,TRUE,eligible,TRUE,TRUE,NA,NA,analyzed
nfl,2020,401220252,2020-10-18T17:00Z,STATUS_FINAL,New York Giants,Washington,NYG,WSH,1-5,1-5,20,19,NA,NA,NA,NA,NA,NA,NA,NA,NA,NA,TRUE,FALSE,TRUE,FALSE,TRUE,eligible,TRUE,TRUE,NA,NA,analyzed
nfl,2020,401220263,2020-10-18T17:00Z,STATUS_FINAL,Philadelphia Eagles,Baltimore Ravens,PHI,BAL,1-4-1,5-1,28,30,away,BAL,10.5,46.5,348,-422,-119,108,1,nflreadr,TRUE,FALSE,TRUE,FALSE,TRUE,eligible,TRUE,TRUE,NA,NA,analyzed
nfl,2020,401220172,2020-10-18T17:00Z,STATUS_FINAL,Pittsburgh Steelers,Cleveland Browns,PIT,CLE,5-0,4-2,38,7,home,PIT,3,50,-159,143,-108,-102,1,nflreadr,TRUE,FALSE,TRUE,FALSE,TRUE,eligible,TRUE,TRUE,NA,NA,analyzed
nfl,2020,401220317,2020-10-18T17:00Z,STATUS_FINAL,Carolina Panthers,Chicago Bears,CAR,CHI,3-3,5-1,16,23,home,CAR,2,45,-124,112,-103,-107,1,nflreadr,TRUE,FALSE,TRUE,FALSE,TRUE,eligible,TRUE,TRUE,NA,NA,analyzed
nfl,2020,401220200,2020-10-18T17:00Z,STATUS_FINAL,Jacksonville Jaguars,Detroit Lions,JAX,DET,1-5,2-3,16,34,away,DET,3,52.5,139,-154,-105,-105,1,nflreadr,TRUE,FALSE,TRUE,FALSE,TRUE,eligible,TRUE,TRUE,NA,NA,analyzed
nfl,2020,401220124,2020-10-18T20:05Z,STATUS_FINAL,Miami Dolphins,New York Jets,MIA,NYJ,3-3,0-6,24,0,home,MIA,9.5,46,-410,340,-113,103,1,nflreadr,TRUE,FALSE,TRUE,FALSE,TRUE,eligible,TRUE,TRUE,NA,NA,analyzed
nfl,2020,401220331,2020-10-18T20:25Z,STATUS_FINAL,Tampa Bay Buccaneers,Green Bay Packers,TB,GB,4-2,4-1,38,10,away,GB,3,55,131,-145,-121,109,1,nflreadr,TRUE,FALSE,TRUE,FALSE,TRUE,eligible,TRUE,TRUE,NA,NA,analyzed
nfl,2020,401220353,2020-10-19T00:20Z,STATUS_FINAL,San Francisco 49ers,Los Angeles Rams,SF,LAR,3-3,4-2,24,16,NA,NA,NA,NA,NA,NA,NA,NA,NA,NA,TRUE,FALSE,TRUE,FALSE,TRUE,eligible,TRUE,TRUE,NA,NA,analyzed
nfl,2020,401220117,2020-10-19T21:00Z,STATUS_FINAL,Buffalo Bills,Kansas City Chiefs,BUF,KC,4-2,5-1,17,26,away,KC,5.5,55,203,-230,-106,-104,1,nflreadr,TRUE,FALSE,TRUE,FALSE,TRUE,eligible,TRUE,TRUE,NA,NA,analyzed
nfl,2020,401220245,2020-10-20T00:15Z,STATUS_FINAL,Dallas Cowboys,Arizona Cardinals,DAL,ARI,2-4,4-2,10,38,NA,NA,NA,NA,NA,NA,NA,NA,NA,NA,TRUE,FALSE,TRUE,FALSE,TRUE,eligible,TRUE,TRUE,NA,NA,analyzed
nfl,2020,401220259,2020-10-23T00:20Z,STATUS_FINAL,Philadelphia Eagles,New York Giants,PHI,NYG,2-4-1,1-6,22,21,NA,NA,NA,NA,NA,NA,NA,NA,NA,NA,TRUE,FALSE,TRUE,FALSE,TRUE,eligible,TRUE,TRUE,NA,NA,analyzed
nfl,2020,401220310,2020-10-25T17:00Z,STATUS_FINAL,Atlanta Falcons,Detroit Lions,ATL,DET,1-6,3-3,22,23,home,ATL,1,54,-113,102,-104,-106,1,nflreadr,TRUE,FALSE,TRUE,FALSE,TRUE,eligible,TRUE,TRUE,NA,NA,analyzed
nfl,2020,401220155,2020-10-25T17:00Z,STATUS_FINAL,Cincinnati Bengals,Cleveland Browns,CIN,CLE,1-5-1,5-2,34,37,away,CLE,4.5,50,179,-201,-114,103,1,nflreadr,TRUE,FALSE,TRUE,FALSE,TRUE,eligible,TRUE,TRUE,NA,NA,analyzed
nfl,2020,401249063,2020-10-25T17:00Z,STATUS_FINAL,Tennessee Titans,Pittsburgh Steelers,TEN,PIT,5-1,6-0,24,27,home,TEN,1,51,-114,103,-108,-102,1,nflreadr,TRUE,FALSE,TRUE,FALSE,TRUE,eligible,TRUE,TRUE,NA,NA,analyzed
nfl,2020,401220322,2020-10-25T17:00Z,STATUS_FINAL,New Orleans Saints,Carolina Panthers,NO,CAR,4-2,3-4,27,24,home,NO,7,49.5,-317,271,-103,-107,1,nflreadr,TRUE,FALSE,TRUE,FALSE,TRUE,eligible,TRUE,TRUE,NA,NA,analyzed
nfl,2020,401220138,2020-10-25T17:00Z,STATUS_FINAL,New York Jets,Buffalo Bills,NYJ,BUF,0-7,5-2,10,18,away,BUF,9.5,47,327,-391,-111,101,1,nflreadr,TRUE,FALSE,TRUE,FALSE,TRUE,eligible,TRUE,TRUE,NA,NA,analyzed
nfl,2020,401220266,2020-10-25T17:00Z,STATUS_FINAL,Washington,Dallas Cowboys,WSH,DAL,2-5,2-5,25,3,NA,NA,NA,NA,NA,NA,NA,NA,NA,NA,TRUE,FALSE,TRUE,FALSE,TRUE,eligible,TRUE,TRUE,NA,NA,analyzed
nfl,2020,401220183,2020-10-25T17:00Z,STATUS_FINAL,Houston Texans,Green Bay Packers,HOU,GB,1-6,5-1,20,35,away,GB,2.5,55.5,127,-140,102,-113,1,nflreadr,TRUE,FALSE,TRUE,FALSE,TRUE,eligible,TRUE,TRUE,NA,NA,analyzed
nfl,2020,401220232,2020-10-25T20:05Z,STATUS_FINAL,Las Vegas Raiders,Tampa Bay Buccaneers,LV,TB,3-3,5-2,20,45,away,TB,3.5,51.5,171,-192,-102,-108,1,nflreadr,TRUE,FALSE,TRUE,FALSE,TRUE,eligible,TRUE,TRUE,NA,NA,analyzed
nfl,2020,401220210,2020-10-25T20:25Z,STATUS_FINAL,Denver Broncos,Kansas City Chiefs,DEN,KC,2-4,6-1,16,43,away,KC,7,46,260,-302,-113,103,1,nflreadr,TRUE,FALSE,TRUE,FALSE,TRUE,eligible,TRUE,TRUE,NA,NA,analyzed
nfl,2020,401220136,2020-10-25T20:25Z,STATUS_FINAL,New England Patriots,San Francisco 49ers,NE,SF,2-4,4-3,6,33,home,NE,3,44,-167,150,-113,102,1,nflreadr,TRUE,FALSE,TRUE,FALSE,TRUE,eligible,TRUE,TRUE,NA,NA,analyzed
nfl,2020,401220241,2020-10-25T20:25Z,STATUS_FINAL,Los Angeles Chargers,Jacksonville Jaguars,LAC,JAX,2-4,1-6,39,29,home,LAC,8,48,-389,325,-102,-108,1,nflreadr,TRUE,FALSE,TRUE,FALSE,TRUE,eligible,TRUE,TRUE,NA,NA,analyzed
nfl,2020,401220338,2020-10-26T00:20Z,STATUS_FINAL,Arizona Cardinals,Seattle Seahawks,ARI,SEA,5-2,5-1,37,34,NA,NA,NA,NA,NA,NA,NA,NA,NA,NA,TRUE,FALSE,TRUE,FALSE,TRUE,eligible,TRUE,TRUE,NA,NA,analyzed
nfl,2020,401220351,2020-10-27T00:15Z,STATUS_FINAL,Los Angeles Rams,Chicago Bears,LAR,CHI,5-2,5-2,24,10,NA,NA,NA,NA,NA,NA,NA,NA,NA,NA,TRUE,FALSE,TRUE,FALSE,TRUE,eligible,TRUE,TRUE,NA,NA,analyzed
nfl,2020,401220314,2020-10-30T00:20Z,STATUS_FINAL,Carolina Panthers,Atlanta Falcons,CAR,ATL,3-5,2-6,17,25,NA,NA,NA,NA,NA,NA,NA,NA,NA,NA,TRUE,FALSE,TRUE,FALSE,TRUE,eligible,TRUE,TRUE,NA,NA,analyzed
nfl,2020,401220115,2020-11-01T18:00Z,STATUS_FINAL,Buffalo Bills,New England Patriots,BUF,NE,6-2,2-5,24,21,home,BUF,4,41,-197,175,-105,-105,1,nflreadr,TRUE,FALSE,TRUE,FALSE,TRUE,eligible,TRUE,TRUE,NA,NA,analyzed
nfl,2020,401220158,2020-11-01T18:00Z,STATUS_FINAL,Cincinnati Bengals,Tennessee Titans,CIN,TEN,2-5-1,5-2,31,20,away,TEN,7.5,49.5,274,-321,-118,107,1,nflreadr,TRUE,FALSE,TRUE,FALSE,TRUE,eligible,TRUE,TRUE,NA,NA,analyzed
nfl,2020,401220169,2020-11-01T18:00Z,STATUS_FINAL,Cleveland Browns,Las Vegas Raiders,CLE,LV,5-3,4-3,6,16,home,CLE,1,48,-130,117,-123,111,1,nflreadr,TRUE,FALSE,TRUE,FALSE,TRUE,eligible,TRUE,TRUE,NA,NA,analyzed
nfl,2020,401220288,2020-11-01T18:00Z,STATUS_FINAL,Detroit Lions,Indianapolis Colts,DET,IND,3-4,5-2,21,41,away,IND,3.5,49,165,-185,-107,-103,1,nflreadr,TRUE,FALSE,TRUE,FALSE,TRUE,eligible,TRUE,TRUE,NA,NA,analyzed
nfl,2020,401220292,2020-11-01T18:00Z,STATUS_FINAL,Green Bay Packers,Minnesota Vikings,GB,MIN,5-2,2-5,22,28,home,GB,5.5,47,-249,218,-109,-101,1,nflreadr,TRUE,FALSE,TRUE,FALSE,TRUE,eligible,TRUE,TRUE,NA,NA,analyzed
nfl,2020,401220222,2020-11-01T18:00Z,STATUS_FINAL,Kansas City Chiefs,New York Jets,KC,NYJ,7-1,0-8,35,9,home,KC,20,49,-1965,1204,-108,-102,1,nflreadr,TRUE,FALSE,TRUE,FALSE,TRUE,eligible,TRUE,TRUE,NA,NA,analyzed
nfl,2020,401220127,2020-11-01T18:00Z,STATUS_FINAL,Miami Dolphins,Los Angeles Rams,MIA,LAR,4-3,5-3,28,17,NA,NA,NA,NA,NA,NA,NA,NA,NA,NA,TRUE,FALSE,TRUE,FALSE,TRUE,eligible,TRUE,TRUE,NA,NA,analyzed
nfl,2020,401220148,2020-11-01T18:00Z,STATUS_FINAL,Baltimore Ravens,Pittsburgh Steelers,BAL,PIT,5-2,7-0,24,28,home,BAL,4,44,-200,178,-102,-109,1,nflreadr,TRUE,FALSE,TRUE,FALSE,TRUE,eligible,TRUE,TRUE,NA,NA,analyzed
nfl,2020,401220212,2020-11-01T21:05Z,STATUS_FINAL,Denver Broncos,Los Angeles Chargers,DEN,LAC,3-4,2-5,31,30,away,LAC,3,44.5,132,-146,-114,103,1,nflreadr,TRUE,FALSE,TRUE,FALSE,TRUE,eligible,TRUE,TRUE,NA,NA,analyzed
nfl,2020,401220277,2020-11-01T21:25Z,STATUS_FINAL,Chicago Bears,New Orleans Saints,CHI,NO,5-3,5-2,23,26,away,NO,5.5,41,202,-229,-110,100,1,nflreadr,TRUE,FALSE,TRUE,FALSE,TRUE,eligible,TRUE,TRUE,NA,NA,analyzed
nfl,2020,401220361,2020-11-01T21:25Z,STATUS_FINAL,Seattle Seahawks,San Francisco 49ers,SEA,SF,6-1,4-4,37,27,home,SEA,1,54.5,-110,-100,-102,-108,1,nflreadr,TRUE,FALSE,TRUE,FALSE,TRUE,eligible,TRUE,TRUE,NA,NA,analyzed
nfl,2020,401220258,2020-11-02T01:20Z,STATUS_FINAL,Philadelphia Eagles,Dallas Cowboys,PHI,DAL,3-4-1,2-6,23,9,NA,NA,NA,NA,NA,NA,NA,NA,NA,NA,TRUE,FALSE,TRUE,FALSE,TRUE,eligible,TRUE,TRUE,NA,NA,analyzed
nfl,2020,401220257,2020-11-03T01:15Z,STATUS_FINAL,New York Giants,Tampa Bay Buccaneers,NYG,TB,1-7,6-2,23,25,NA,NA,NA,NA,NA,NA,NA,NA,NA,NA,TRUE,FALSE,TRUE,FALSE,TRUE,eligible,TRUE,TRUE,NA,NA,analyzed
nfl,2020,401220359,2020-11-06T01:20Z,STATUS_FINAL,San Francisco 49ers,Green Bay Packers,SF,GB,4-5,6-2,17,34,NA,NA,NA,NA,NA,NA,NA,NA,NA,NA,TRUE,FALSE,TRUE,FALSE,TRUE,eligible,TRUE,TRUE,NA,NA,analyzed
nfl,2020,401220311,2020-11-08T18:00Z,STATUS_FINAL,Atlanta Falcons,Denver Broncos,ATL,DEN,3-6,3-5,34,27,home,ATL,4.5,50,-218,193,-102,-108,1,nflreadr,TRUE,FALSE,TRUE,FALSE,TRUE,eligible,TRUE,TRUE,NA,NA,analyzed
nfl,2020,401220120,2020-11-08T18:00Z,STATUS_FINAL,Buffalo Bills,Seattle Seahawks,BUF,SEA,7-2,6-2,44,34,away,SEA,3,55,147,-164,-101,-109,1,nflreadr,TRUE,FALSE,TRUE,FALSE,TRUE,eligible,TRUE,TRUE,NA,NA,analyzed
nfl,2020,401220207,2020-11-08T18:00Z,STATUS_FINAL,Tennessee Titans,Chicago Bears,TEN,CHI,6-2,5-4,24,17,home,TEN,6.5,46.5,-280,243,-103,-107,1,nflreadr,TRUE,FALSE,TRUE,FALSE,TRUE,eligible,TRUE,TRUE,NA,NA,analyzed
nfl,2020,401220189,2020-11-08T18:00Z,STATUS_FINAL,Indianapolis Colts,Baltimore Ravens,IND,BAL,5-3,6-2,10,24,home,IND,1,48,-104,-106,102,-113,1,nflreadr,TRUE,FALSE,TRUE,FALSE,TRUE,eligible,TRUE,TRUE,NA,NA,analyzed
nfl,2020,401220224,2020-11-08T18:00Z,STATUS_FINAL,Kansas City Chiefs,Carolina Panthers,KC,CAR,8-1,3-6,33,31,home,KC,10,51.5,-445,365,-104,-106,1,nflreadr,TRUE,FALSE,TRUE,FALSE,TRUE,eligible,TRUE,TRUE,NA,NA,analyzed
nfl,2020,401220299,2020-11-08T18:00Z,STATUS_FINAL,Minnesota Vikings,Detroit Lions,MIN,DET,3-5,3-5,34,20,home,MIN,3,51.5,-173,155,-117,106,1,nflreadr,TRUE,FALSE,TRUE,FALSE,TRUE,eligible,TRUE,TRUE,NA,NA,analyzed
nfl,2020,401220267,2020-11-08T18:00Z,STATUS_FINAL,Washington,New York Giants,WSH,NYG,2-6,2-7,20,23,NA,NA,NA,NA,NA,NA,NA,NA,NA,NA,TRUE,FALSE,TRUE,FALSE,TRUE,eligible,TRUE,TRUE,NA,NA,analyzed
nfl,2020,401220194,2020-11-08T18:00Z,STATUS_FINAL,Jacksonville Jaguars,Houston Texans,JAX,HOU,1-7,2-6,25,27,away,HOU,7,49,249,-289,-117,106,1,nflreadr,TRUE,FALSE,TRUE,FALSE,TRUE,eligible,TRUE,TRUE,NA,NA,analyzed
nfl,2020,401220236,2020-11-08T21:05Z,STATUS_FINAL,Los Angeles Chargers,Las Vegas Raiders,LAC,LV,2-6,5-3,26,31,away,LV,1,52.5,102,-112,-105,-105,1,nflreadr,TRUE,FALSE,TRUE,FALSE,TRUE,eligible,TRUE,TRUE,NA,NA,analyzed
nfl,2020,401220248,2020-11-08T21:25Z,STATUS_FINAL,Dallas Cowboys,Pittsburgh Steelers,DAL,PIT,2-7,8-0,19,24,away,PIT,14,44,591,-789,-110,-100,1,nflreadr,TRUE,FALSE,TRUE,FALSE,TRUE,eligible,TRUE,TRUE,NA,NA,analyzed
nfl,2020,401220342,2020-11-08T21:25Z,STATUS_FINAL,Arizona Cardinals,Miami Dolphins,ARI,MIA,5-3,5-3,31,34,home,ARI,6,49,-241,211,102,-112,1,nflreadr,TRUE,FALSE,TRUE,FALSE,TRUE,eligible,TRUE,TRUE,NA,NA,analyzed
nfl,2020,401220330,2020-11-09T01:20Z,STATUS_FINAL,Tampa Bay Buccaneers,New Orleans Saints,TB,NO,6-3,6-2,3,38,NA,NA,NA,NA,NA,NA,NA,NA,NA,NA,TRUE,FALSE,TRUE,FALSE,TRUE,eligible,TRUE,TRUE,NA,NA,analyzed
nfl,2020,401220140,2020-11-10T01:15Z,STATUS_FINAL,New York Jets,New England Patriots,NYJ,NE,0-9,3-5,27,30,NA,NA,NA,NA,NA,NA,NA,NA,NA,NA,TRUE,FALSE,TRUE,FALSE,TRUE,eligible,TRUE,TRUE,NA,NA,analyzed
nfl,2020,401220203,2020-11-13T01:20Z,STATUS_FINAL,Tennessee Titans,Indianapolis Colts,TEN,IND,6-3,6-3,17,34,NA,NA,NA,NA,NA,NA,NA,NA,NA,NA,TRUE,FALSE,TRUE,FALSE,TRUE,eligible,TRUE,TRUE,NA,NA,analyzed
nfl,2020,401220165,2020-11-15T18:00Z,STATUS_FINAL,Cleveland Browns,Houston Texans,CLE,HOU,6-3,2-7,10,7,home,CLE,4.5,46,-217,192,-104,-106,1,nflreadr,TRUE,FALSE,TRUE,FALSE,TRUE,eligible,TRUE,TRUE,NA,NA,analyzed
nfl,2020,401220289,2020-11-15T18:00Z,STATUS_FINAL,Detroit Lions,Washington,DET,WSH,4-5,2-7,30,27,NA,NA,NA,NA,NA,NA,NA,NA,NA,NA,TRUE,FALSE,TRUE,FALSE,TRUE,eligible,TRUE,TRUE,NA,NA,analyzed
nfl,2020,401220295,2020-11-15T18:00Z,STATUS_FINAL,Green Bay Packers,Jacksonville Jaguars,GB,JAX,7-2,1-8,24,20,home,GB,13.5,47,-893,653,-105,-105,1,nflreadr,TRUE,FALSE,TRUE,FALSE,TRUE,eligible,TRUE,TRUE,NA,NA,analyzed
nfl,2020,401220251,2020-11-15T18:00Z,STATUS_FINAL,New York Giants,Philadelphia Eagles,NYG,PHI,3-7,3-5-1,27,17,away,PHI,4.5,45,194,-219,-104,-106,1,nflreadr,TRUE,FALSE,TRUE,FALSE,TRUE,eligible,TRUE,TRUE,NA,NA,analyzed
nfl,2020,401220368,2020-11-15T18:00Z,STATUS_FINAL,Carolina Panthers,Tampa Bay Buccaneers,CAR,TB,3-7,7-3,23,46,away,TB,6,49.5,226,-259,-102,-108,1,nflreadr,TRUE,FALSE,TRUE,FALSE,TRUE,eligible,TRUE,TRUE,NA,NA,analyzed
nfl,2020,401220226,2020-11-15T21:05Z,STATUS_FINAL,Las Vegas Raiders,Denver Broncos,LV,DEN,6-3,3-6,37,12,home,LV,3.5,50.5,-188,168,-104,-106,1,nflreadr,TRUE,FALSE,TRUE,FALSE,TRUE,eligible,TRUE,TRUE,NA,NA,analyzed
nfl,2020,401220126,2020-11-15T21:05Z,STATUS_FINAL,Miami Dolphins,Los Angeles Chargers,MIA,LAC,6-3,2-7,29,21,home,MIA,1,48.5,-115,104,-110,-100,1,nflreadr,TRUE,FALSE,TRUE,FALSE,TRUE,eligible,TRUE,TRUE,NA,NA,analyzed
nfl,2020,401220341,2020-11-15T21:05Z,STATUS_FINAL,Arizona Cardinals,Buffalo Bills,ARI,BUF,6-3,7-3,32,30,home,ARI,3,55.5,-153,138,-102,-108,1,nflreadr,TRUE,FALSE,TRUE,FALSE,TRUE,eligible,TRUE,TRUE,NA,NA,analyzed
nfl,2020,401220346,2020-11-15T21:25Z,STATUS_FINAL,Los Angeles Rams,Seattle Seahawks,LAR,SEA,6-3,6-3,23,16,NA,NA,NA,NA,NA,NA,NA,NA,NA,NA,TRUE,FALSE,TRUE,FALSE,TRUE,eligible,TRUE,TRUE,NA,NA,analyzed
nfl,2020,401220327,2020-11-15T21:25Z,STATUS_FINAL,New Orleans Saints,San Francisco 49ers,NO,SF,7-2,4-6,27,13,home,NO,9.5,49.5,-387,323,-101,-110,1,nflreadr,TRUE,FALSE,TRUE,FALSE,TRUE,eligible,TRUE,TRUE,NA,NA,analyzed
nfl,2020,401220171,2020-11-15T21:25Z,STATUS_FINAL,Pittsburgh Steelers,Cincinnati Bengals,PIT,CIN,9-0,2-6-1,36,10,home,PIT,6.5,45.5,-297,255,-109,-101,1,nflreadr,TRUE,FALSE,TRUE,FALSE,TRUE,eligible,TRUE,TRUE,NA,NA,analyzed
nfl,2020,401220137,2020-11-16T01:20Z,STATUS_FINAL,New England Patriots,Baltimore Ravens,NE,BAL,4-5,6-3,23,17,NA,NA,NA,NA,NA,NA,NA,NA,NA,NA,TRUE,FALSE,TRUE,FALSE,TRUE,eligible,TRUE,TRUE,NA,NA,analyzed
nfl,2020,401220276,2020-11-17T01:15Z,STATUS_FINAL,Chicago Bears,Minnesota Vikings,CHI,MIN,5-5,4-5,13,19,NA,NA,NA,NA,NA,NA,NA,NA,NA,NA,TRUE,FALSE,TRUE,FALSE,TRUE,eligible,TRUE,TRUE,NA,NA,analyzed
nfl,2020,401220360,2020-11-20T01:20Z,STATUS_FINAL,Seattle Seahawks,Arizona Cardinals,SEA,ARI,7-3,6-4,28,21,NA,NA,NA,NA,NA,NA,NA,NA,NA,NA,TRUE,FALSE,TRUE,FALSE,TRUE,eligible,TRUE,TRUE,NA,NA,analyzed
nfl,2020,401220167,2020-11-22T18:00Z,STATUS_FINAL,Cleveland Browns,Philadelphia Eagles,CLE,PHI,7-3,3-6-1,22,17,home,CLE,2.5,45.5,-135,122,-106,-104,1,nflreadr,TRUE,FALSE,TRUE,FALSE,TRUE,eligible,TRUE,TRUE,NA,NA,analyzed
nfl,2020,401220321,2020-11-22T18:00Z,STATUS_FINAL,New Orleans Saints,Atlanta Falcons,NO,ATL,8-2,3-7,24,9,home,NO,3.5,49.5,-181,162,-101,-109,1,nflreadr,TRUE,FALSE,TRUE,FALSE,TRUE,eligible,TRUE,TRUE,NA,NA,analyzed
nfl,2020,401220272,2020-11-22T18:00Z,STATUS_FINAL,Washington,Cincinnati Bengals,WSH,CIN,3-7,2-7-1,20,9,NA,NA,NA,NA,NA,NA,NA,NA,NA,NA,TRUE,FALSE,TRUE,FALSE,TRUE,eligible,TRUE,TRUE,NA,NA,analyzed
nfl,2020,401220318,2020-11-22T18:00Z,STATUS_FINAL,Carolina Panthers,Detroit Lions,CAR,DET,4-7,4-6,20,0,away,DET,3,47,152,-169,108,-119,1,nflreadr,TRUE,FALSE,TRUE,FALSE,TRUE,eligible,TRUE,TRUE,NA,NA,analyzed
nfl,2020,401220198,2020-11-22T18:00Z,STATUS_FINAL,Jacksonville Jaguars,Pittsburgh Steelers,JAX,PIT,1-9,10-0,3,27,away,PIT,11,47,386,-475,-107,-103,1,nflreadr,TRUE,FALSE,TRUE,FALSE,TRUE,eligible,TRUE,TRUE,NA,NA,analyzed
nfl,2020,401220150,2020-11-22T18:00Z,STATUS_FINAL,Baltimore Ravens,Tennessee Titans,BAL,TEN,6-4,7-3,24,30,home,BAL,6,50.5,-253,221,-107,-103,1,nflreadr,TRUE,FALSE,TRUE,FALSE,TRUE,eligible,TRUE,TRUE,NA,NA,analyzed
nfl,2020,401220185,2020-11-22T18:00Z,STATUS_FINAL,Houston Texans,New England Patriots,HOU,NE,3-7,4-6,27,20,away,NE,2.5,49.5,132,-147,106,-117,1,nflreadr,TRUE,FALSE,TRUE,FALSE,TRUE,eligible,TRUE,TRUE,NA,NA,analyzed
nfl,2020,401220214,2020-11-22T21:05Z,STATUS_FINAL,Denver Broncos,Miami Dolphins,DEN,MIA,4-6,6-4,20,13,away,MIA,4,46,174,-196,-105,-105,1,nflreadr,TRUE,FALSE,TRUE,FALSE,TRUE,eligible,TRUE,TRUE,NA,NA,analyzed
nfl,2020,401220238,2020-11-22T21:05Z,STATUS_FINAL,Los Angeles Chargers,New York Jets,LAC,NYJ,3-7,0-10,34,28,home,LAC,10,47,-425,351,-101,-110,1,nflreadr,TRUE,FALSE,TRUE,FALSE,TRUE,eligible,TRUE,TRUE,NA,NA,analyzed
nfl,2020,401220191,2020-11-22T21:25Z,STATUS_FINAL,Indianapolis Colts,Green Bay Packers,IND,GB,7-3,7-3,34,31,home,IND,1.5,52,-120,109,-106,-104,1,nflreadr,TRUE,FALSE,TRUE,FALSE,TRUE,eligible,TRUE,TRUE,NA,NA,analyzed
nfl,2020,401220305,2020-11-22T21:25Z,STATUS_FINAL,Minnesota Vikings,Dallas Cowboys,MIN,DAL,4-6,3-7,28,31,home,MIN,7,50,-304,261,-100,-110,1,nflreadr,TRUE,FALSE,TRUE,FALSE,TRUE,eligible,TRUE,TRUE,NA,NA,analyzed
nfl,2020,401220227,2020-11-23T01:20Z,STATUS_FINAL,Las Vegas Raiders,Kansas City Chiefs,LV,KC,6-4,9-1,31,35,NA,NA,NA,NA,NA,NA,NA,NA,NA,NA,TRUE,FALSE,TRUE,FALSE,TRUE,eligible,TRUE,TRUE,NA,NA,analyzed
nfl,2020,401220335,2020-11-24T01:15Z,STATUS_FINAL,Tampa Bay Buccaneers,Los Angeles Rams,TB,LAR,7-4,7-3,24,27,NA,NA,NA,NA,NA,NA,NA,NA,NA,NA,TRUE,FALSE,TRUE,FALSE,TRUE,eligible,TRUE,TRUE,NA,NA,analyzed
nfl,2020,401220287,2020-11-26T17:30Z,STATUS_FINAL,Detroit Lions,Houston Texans,DET,HOU,4-7,4-7,25,41,away,HOU,3,52.5,139,-155,-106,-104,1,nflreadr,TRUE,FALSE,TRUE,FALSE,TRUE,eligible,TRUE,TRUE,NA,NA,analyzed
nfl,2020,401220244,2020-11-26T21:30Z,STATUS_FINAL,Dallas Cowboys,Washington,DAL,WSH,3-8,4-7,16,41,NA,NA,NA,NA,NA,NA,NA,NA,NA,NA,TRUE,FALSE,TRUE,FALSE,TRUE,eligible,TRUE,TRUE,NA,NA,analyzed
nfl,2020,401220312,2020-11-29T18:00Z,STATUS_FINAL,Atlanta Falcons,Las Vegas Raiders,ATL,LV,4-7,6-5,43,6,away,LV,3.5,53,164,-184,-105,-105,1,nflreadr,TRUE,FALSE,TRUE,FALSE,TRUE,eligible,TRUE,TRUE,NA,NA,analyzed
nfl,2020,401220118,2020-11-29T18:00Z,STATUS_FINAL,Buffalo Bills,Los Angeles Chargers,BUF,LAC,8-3,3-8,27,17,home,BUF,4.5,51,-214,189,-103,-107,1,nflreadr,TRUE,FALSE,TRUE,FALSE,TRUE,eligible,TRUE,TRUE,NA,NA,analyzed
nfl,2020,401220160,2020-11-29T18:00Z,STATUS_FINAL,Cincinnati Bengals,New York Giants,CIN,NYG,2-8-1,4-7,17,19,away,NYG,6.5,45,227,-260,-107,-103,1,nflreadr,TRUE,FALSE,TRUE,FALSE,TRUE,eligible,TRUE,TRUE,NA,NA,analyzed
nfl,2020,401220188,2020-11-29T18:00Z,STATUS_FINAL,Indianapolis Colts,Tennessee Titans,IND,TEN,7-4,8-3,26,45,home,IND,3,51.5,-147,133,103,-114,1,nflreadr,TRUE,FALSE,TRUE,FALSE,TRUE,eligible,TRUE,TRUE,NA,NA,analyzed
nfl,2020,401220302,2020-11-29T18:00Z,STATUS_FINAL,Minnesota Vikings,Carolina Panthers,MIN,CAR,5-6,4-8,28,27,home,MIN,3,50,-145,131,104,-115,1,nflreadr,TRUE,FALSE,TRUE,FALSE,TRUE,eligible,TRUE,TRUE,NA,NA,analyzed
nfl,2020,401220135,2020-11-29T18:00Z,STATUS_FINAL,New England Patriots,Arizona Cardinals,NE,ARI,5-6,6-5,20,17,away,ARI,1,51,104,-115,-103,-107,1,nflreadr,TRUE,FALSE,TRUE,FALSE,TRUE,eligible,TRUE,TRUE,NA,NA,analyzed
nfl,2020,401220139,2020-11-29T18:00Z,STATUS_FINAL,New York Jets,Miami Dolphins,NYJ,MIA,0-11,7-4,3,20,away,MIA,7.5,46,296,-350,-104,-106,1,nflreadr,TRUE,FALSE,TRUE,FALSE,TRUE,eligible,TRUE,TRUE,NA,NA,analyzed
nfl,2020,401220197,2020-11-29T18:00Z,STATUS_FINAL,Jacksonville Jaguars,Cleveland Browns,JAX,CLE,1-10,8-3,25,27,away,CLE,7.5,48.5,284,-334,-112,102,1,nflreadr,TRUE,FALSE,TRUE,FALSE,TRUE,eligible,TRUE,TRUE,NA,NA,analyzed
nfl,2020,401220215,2020-11-29T21:05Z,STATUS_FINAL,Denver Broncos,New Orleans Saints,DEN,NO,4-7,9-2,3,31,away,NO,17,36.5,906,-1350,-107,-103,1,nflreadr,TRUE,FALSE,TRUE,FALSE,TRUE,eligible,TRUE,TRUE,NA,NA,analyzed
nfl,2020,401220345,2020-11-29T21:05Z,STATUS_FINAL,Los Angeles Rams,San Francisco 49ers,LAR,SF,7-4,5-6,20,23,NA,NA,NA,NA,NA,NA,NA,NA,NA,NA,TRUE,FALSE,TRUE,FALSE,TRUE,eligible,TRUE,TRUE,NA,NA,analyzed
nfl,2020,401220333,2020-11-29T21:25Z,STATUS_FINAL,Tampa Bay Buccaneers,Kansas City Chiefs,TB,KC,7-5,10-1,24,27,away,KC,3.5,56,149,-166,-124,112,1,nflreadr,TRUE,FALSE,TRUE,FALSE,TRUE,eligible,TRUE,TRUE,NA,NA,analyzed
nfl,2020,401220290,2020-11-30T01:20Z,STATUS_FINAL,Green Bay Packers,Chicago Bears,GB,CHI,8-3,5-6,41,25,NA,NA,NA,NA,NA,NA,NA,NA,NA,NA,TRUE,FALSE,TRUE,FALSE,TRUE,eligible,TRUE,TRUE,NA,NA,analyzed
nfl,2020,401220262,2020-12-01T01:15Z,STATUS_FINAL,Philadelphia Eagles,Seattle Seahawks,PHI,SEA,3-7-1,8-3,17,23,NA,NA,NA,NA,NA,NA,NA,NA,NA,NA,TRUE,FALSE,TRUE,FALSE,TRUE,eligible,TRUE,TRUE,NA,NA,analyzed
nfl,2020,401220170,2020-12-02T20:40Z,STATUS_FINAL,Pittsburgh Steelers,Baltimore Ravens,PIT,BAL,11-0,6-5,19,14,home,PIT,10.5,41.5,-518,416,-101,-109,1,nflreadr,TRUE,FALSE,TRUE,FALSE,TRUE,eligible,TRUE,TRUE,NA,NA,analyzed
nfl,2020,401220307,2020-12-06T18:00Z,STATUS_FINAL,Atlanta Falcons,New Orleans Saints,ATL,NO,4-8,10-2,16,21,away,NO,2.5,46,127,-141,102,-113,1,nflreadr,TRUE,FALSE,TRUE,FALSE,TRUE,eligible,TRUE,TRUE,NA,NA,analyzed
nfl,2020,401220274,2020-12-06T18:00Z,STATUS_FINAL,Chicago Bears,Detroit Lions,CHI,DET,5-7,5-7,30,34,home,CHI,3,44,-161,145,-110,-100,1,nflreadr,TRUE,FALSE,TRUE,FALSE,TRUE,eligible,TRUE,TRUE,NA,NA,analyzed
nfl,2020,401220205,2020-12-06T18:00Z,STATUS_FINAL,Tennessee Titans,Cleveland Browns,TEN,CLE,8-4,9-3,35,41,home,TEN,4,54,-200,178,101,-111,1,nflreadr,TRUE,FALSE,TRUE,FALSE,TRUE,eligible,TRUE,TRUE,NA,NA,analyzed
nfl,2020,401220129,2020-12-06T18:00Z,STATUS_FINAL,Miami Dolphins,Cincinnati Bengals,MIA,CIN,8-4,2-9-1,19,7,home,MIA,10.5,43,-491,397,105,-115,1,nflreadr,TRUE,FALSE,TRUE,FALSE,TRUE,eligible,TRUE,TRUE,NA,NA,analyzed
nfl,2020,401220303,2020-12-06T18:00Z,STATUS_FINAL,Minnesota Vikings,Jacksonville Jaguars,MIN,JAX,6-6,1-11,27,24,home,MIN,10.5,51,-445,365,107,-118,1,nflreadr,TRUE,FALSE,TRUE,FALSE,TRUE,eligible,TRUE,TRUE,NA,NA,analyzed
nfl,2020,401220142,2020-12-06T18:00Z,STATUS_FINAL,New York Jets,Las Vegas Raiders,NYJ,LV,0-12,7-5,28,31,away,LV,7.5,48,295,-349,-113,103,1,nflreadr,TRUE,FALSE,TRUE,FALSE,TRUE,eligible,TRUE,TRUE,NA,NA,analyzed
nfl,2020,401220178,2020-12-06T18:00Z,STATUS_FINAL,Houston Texans,Indianapolis Colts,HOU,IND,4-8,8-4,20,26,away,IND,3.5,50,157,-176,-112,101,1,nflreadr,TRUE,FALSE,TRUE,FALSE,TRUE,eligible,TRUE,TRUE,NA,NA,analyzed
nfl,2020,401220336,2020-12-06T21:05Z,STATUS_FINAL,Arizona Cardinals,Los Angeles Rams,ARI,LAR,6-6,8-4,28,38,NA,NA,NA,NA,NA,NA,NA,NA,NA,NA,TRUE,FALSE,TRUE,FALSE,TRUE,eligible,TRUE,TRUE,NA,NA,analyzed
nfl,2020,401220364,2020-12-06T21:05Z,STATUS_FINAL,Seattle Seahawks,New York Giants,SEA,NYG,8-4,5-7,12,17,home,SEA,11,48.5,-514,413,104,-114,1,nflreadr,TRUE,FALSE,TRUE,FALSE,TRUE,eligible,TRUE,TRUE,NA,NA,analyzed
nfl,2020,401220297,2020-12-06T21:25Z,STATUS_FINAL,Green Bay Packers,Philadelphia Eagles,GB,PHI,9-3,3-8-1,30,16,home,GB,8,50,-393,328,-108,-102,1,nflreadr,TRUE,FALSE,TRUE,FALSE,TRUE,eligible,TRUE,TRUE,NA,NA,analyzed
nfl,2020,401220237,2020-12-06T21:25Z,STATUS_FINAL,Los Angeles Chargers,New England Patriots,LAC,NE,3-9,6-6,0,45,home,LAC,2.5,47,-129,117,-102,-109,1,nflreadr,TRUE,FALSE,TRUE,FALSE,TRUE,eligible,TRUE,TRUE,NA,NA,analyzed
nfl,2020,401220218,2020-12-07T01:20Z,STATUS_FINAL,Kansas City Chiefs,Denver Broncos,KC,DEN,11-1,4-8,22,16,NA,NA,NA,NA,NA,NA,NA,NA,NA,NA,TRUE,FALSE,TRUE,FALSE,TRUE,eligible,TRUE,TRUE,NA,NA,analyzed
nfl,2020,401220176,2020-12-07T22:00Z,STATUS_FINAL,Pittsburgh Steelers,Washington,PIT,WSH,11-1,5-7,17,23,NA,NA,NA,NA,NA,NA,NA,NA,NA,NA,TRUE,FALSE,TRUE,FALSE,TRUE,eligible,TRUE,TRUE,NA,NA,analyzed
nfl,2020,401220357,2020-12-08T01:15Z,STATUS_FINAL,San Francisco 49ers,Buffalo Bills,SF,BUF,5-7,9-3,24,34,NA,NA,NA,NA,NA,NA,NA,NA,NA,NA,TRUE,FALSE,TRUE,FALSE,TRUE,eligible,TRUE,TRUE,NA,NA,analyzed
nfl,2020,401220151,2020-12-09T01:05Z,STATUS_FINAL,Baltimore Ravens,Dallas Cowboys,BAL,DAL,7-5,3-9,34,17,NA,NA,NA,NA,NA,NA,NA,NA,NA,NA,TRUE,FALSE,TRUE,FALSE,TRUE,eligible,TRUE,TRUE,NA,NA,analyzed
nfl,2020,401220349,2020-12-11T01:20Z,STATUS_FINAL,Los Angeles Rams,New England Patriots,LAR,NE,9-4,6-7,24,3,NA,NA,NA,NA,NA,NA,NA,NA,NA,NA,TRUE,FALSE,TRUE,FALSE,TRUE,eligible,TRUE,TRUE,NA,NA,analyzed
nfl,2020,401220279,2020-12-13T18:00Z,STATUS_FINAL,Chicago Bears,Houston Texans,CHI,HOU,6-7,4-9,36,7,away,HOU,1,46,104,-114,-103,-107,1,nflreadr,TRUE,FALSE,TRUE,FALSE,TRUE,eligible,TRUE,TRUE,NA,NA,analyzed
nfl,2020,401220159,2020-12-13T18:00Z,STATUS_FINAL,Cincinnati Bengals,Dallas Cowboys,CIN,DAL,2-10-1,4-9,7,30,away,DAL,3,44,148,-164,103,-114,1,nflreadr,TRUE,FALSE,TRUE,FALSE,TRUE,eligible,TRUE,TRUE,NA,NA,analyzed
nfl,2020,401220125,2020-12-13T18:00Z,STATUS_FINAL,Miami Dolphins,Kansas City Chiefs,MIA,KC,8-5,12-1,27,33,away,KC,7.5,51.5,281,-330,-121,109,1,nflreadr,TRUE,FALSE,TRUE,FALSE,TRUE,eligible,TRUE,TRUE,NA,NA,analyzed
nfl,2020,401220253,2020-12-13T18:00Z,STATUS_FINAL,New York Giants,Arizona Cardinals,NYG,ARI,5-8,7-6,7,26,away,ARI,3,47,139,-154,-104,-106,1,nflreadr,TRUE,FALSE,TRUE,FALSE,TRUE,eligible,TRUE,TRUE,NA,NA,analyzed
nfl,2020,401220332,2020-12-13T18:00Z,STATUS_FINAL,Tampa Bay Buccaneers,Minnesota Vikings,TB,MIN,8-5,6-7,26,14,home,TB,7,52.5,-317,271,-104,-106,1,nflreadr,TRUE,FALSE,TRUE,FALSE,TRUE,eligible,TRUE,TRUE,NA,NA,analyzed
nfl,2020,401220319,2020-12-13T18:00Z,STATUS_FINAL,Carolina Panthers,Denver Broncos,CAR,DEN,4-9,5-8,27,32,home,CAR,4,46,-199,177,-109,-101,1,nflreadr,TRUE,FALSE,TRUE,FALSE,TRUE,eligible,TRUE,TRUE,NA,NA,analyzed
nfl,2020,401220196,2020-12-13T18:00Z,STATUS_FINAL,Jacksonville Jaguars,Tennessee Titans,JAX,TEN,1-12,9-4,10,31,away,TEN,7.5,53,307,-364,-104,-106,1,nflreadr,TRUE,FALSE,TRUE,FALSE,TRUE,eligible,TRUE,TRUE,NA,NA,analyzed
nfl,2020,401220233,2020-12-13T21:05Z,STATUS_FINAL,Las Vegas Raiders,Indianapolis Colts,LV,IND,7-6,9-4,27,44,away,IND,2.5,51.5,118,-130,-106,-104,1,nflreadr,TRUE,FALSE,TRUE,FALSE,TRUE,eligible,TRUE,TRUE,NA,NA,analyzed
nfl,2020,401220366,2020-12-13T21:05Z,STATUS_FINAL,Seattle Seahawks,New York Jets,SEA,NYJ,9-4,0-13,40,3,home,SEA,16.5,49.5,-1032,734,-100,-110,1,nflreadr,TRUE,FALSE,TRUE,FALSE,TRUE,eligible,TRUE,TRUE,NA,NA,analyzed
nfl,2020,401220283,2020-12-13T21:25Z,STATUS_FINAL,Detroit Lions,Green Bay Packers,DET,GB,5-8,10-3,24,31,away,GB,9.5,55.5,292,-345,-117,106,1,nflreadr,TRUE,FALSE,TRUE,FALSE,TRUE,eligible,TRUE,TRUE,NA,NA,analyzed
nfl,2020,401220265,2020-12-13T21:25Z,STATUS_FINAL,Philadelphia Eagles,New Orleans Saints,PHI,NO,4-8-1,10-3,24,21,away,NO,7.5,43,284,-335,-106,-104,1,nflreadr,TRUE,FALSE,TRUE,FALSE,TRUE,eligible,TRUE,TRUE,NA,NA,analyzed
nfl,2020,401220239,2020-12-13T21:25Z,STATUS_FINAL,Los Angeles Chargers,Atlanta Falcons,LAC,ATL,4-9,4-9,20,17,home,LAC,1,49,-118,107,-110,100,1,nflreadr,TRUE,FALSE,TRUE,FALSE,TRUE,eligible,TRUE,TRUE,NA,NA,analyzed
nfl,2020,401220356,2020-12-13T21:25Z,STATUS_FINAL,San Francisco 49ers,Washington,SF,WSH,5-8,6-7,15,23,NA,NA,NA,NA,NA,NA,NA,NA,NA,NA,TRUE,FALSE,TRUE,FALSE,TRUE,eligible,TRUE,TRUE,NA,NA,analyzed
nfl,2020,401220121,2020-12-14T01:20Z,STATUS_FINAL,Buffalo Bills,Pittsburgh Steelers,BUF,PIT,10-3,11-2,26,15,NA,NA,NA,NA,NA,NA,NA,NA,NA,NA,TRUE,FALSE,TRUE,FALSE,TRUE,eligible,TRUE,TRUE,NA,NA,analyzed
nfl,2020,401220162,2020-12-15T01:15Z,STATUS_FINAL,Cleveland Browns,Baltimore Ravens,CLE,BAL,9-4,8-5,42,47,NA,NA,NA,NA,NA,NA,NA,NA,NA,NA,TRUE,FALSE,TRUE,FALSE,TRUE,eligible,TRUE,TRUE,NA,NA,analyzed
nfl,2020,401220228,2020-12-18T01:20Z,STATUS_FINAL,Las Vegas Raiders,Los Angeles Chargers,LV,LAC,7-7,5-9,27,30,NA,NA,NA,NA,NA,NA,NA,NA,NA,NA,TRUE,FALSE,TRUE,FALSE,TRUE,eligible,TRUE,TRUE,NA,NA,analyzed
nfl,2020,401220213,2020-12-19T21:30Z,STATUS_FINAL,Denver Broncos,Buffalo Bills,DEN,BUF,5-9,11-3,19,48,away,BUF,5.5,49,212,-242,-105,-105,1,nflreadr,TRUE,FALSE,TRUE,FALSE,TRUE,eligible,TRUE,TRUE,NA,NA,analyzed
nfl,2020,401220294,2020-12-20T01:15Z,STATUS_FINAL,Green Bay Packers,Carolina Panthers,GB,CAR,11-3,4-10,24,16,NA,NA,NA,NA,NA,NA,NA,NA,NA,NA,TRUE,FALSE,TRUE,FALSE,TRUE,eligible,TRUE,TRUE,NA,NA,analyzed
nfl,2020,401220308,2020-12-20T18:00Z,STATUS_FINAL,Atlanta Falcons,Tampa Bay Buccaneers,ATL,TB,4-10,9-5,27,31,away,TB,6,49.5,225,-258,-106,-104,1,nflreadr,TRUE,FALSE,TRUE,FALSE,TRUE,eligible,TRUE,TRUE,NA,NA,analyzed
nfl,2020,401220246,2020-12-20T18:00Z,STATUS_FINAL,Dallas Cowboys,San Francisco 49ers,DAL,SF,5-9,5-9,41,33,away,SF,4,46,180,-202,-104,-106,1,nflreadr,TRUE,FALSE,TRUE,FALSE,TRUE,eligible,TRUE,TRUE,NA,NA,analyzed
nfl,2020,401220208,2020-12-20T18:00Z,STATUS_FINAL,Tennessee Titans,Detroit Lions,TEN,DET,10-4,5-9,46,25,home,TEN,9.5,54.5,-389,325,102,-113,1,nflreadr,TRUE,FALSE,TRUE,FALSE,TRUE,eligible,TRUE,TRUE,NA,NA,analyzed
nfl,2020,401220186,2020-12-20T18:00Z,STATUS_FINAL,Indianapolis Colts,Houston Texans,IND,HOU,10-4,4-10,27,20,home,IND,7.5,52.5,-370,311,-102,-108,1,nflreadr,TRUE,FALSE,TRUE,FALSE,TRUE,eligible,TRUE,TRUE,NA,NA,analyzed
nfl,2020,401220123,2020-12-20T18:00Z,STATUS_FINAL,Miami Dolphins,New England Patriots,MIA,NE,9-5,6-8,22,12,away,NE,1.5,40,109,-120,-104,-106,1,nflreadr,TRUE,FALSE,TRUE,FALSE,TRUE,eligible,TRUE,TRUE,NA,NA,analyzed
nfl,2020,401220298,2020-12-20T18:00Z,STATUS_FINAL,Minnesota Vikings,Chicago Bears,MIN,CHI,6-8,7-7,27,33,home,MIN,2.5,47.5,-152,137,-123,111,1,nflreadr,TRUE,FALSE,TRUE,FALSE,TRUE,eligible,TRUE,TRUE,NA,NA,analyzed
nfl,2020,401220270,2020-12-20T18:00Z,STATUS_FINAL,Washington,Seattle Seahawks,WSH,SEA,6-8,10-4,15,20,NA,NA,NA,NA,NA,NA,NA,NA,NA,NA,TRUE,FALSE,TRUE,FALSE,TRUE,eligible,TRUE,TRUE,NA,NA,analyzed
nfl,2020,401220149,2020-12-20T18:00Z,STATUS_FINAL,Baltimore Ravens,Jacksonville Jaguars,BAL,JAX,9-5,1-13,40,14,home,BAL,13,49.5,-746,564,107,-118,1,nflreadr,TRUE,FALSE,TRUE,FALSE,TRUE,eligible,TRUE,TRUE,NA,NA,analyzed
nfl,2020,401220350,2020-12-20T21:05Z,STATUS_FINAL,Los Angeles Rams,New York Jets,LAR,NYJ,9-5,1-13,20,23,NA,NA,NA,NA,NA,NA,NA,NA,NA,NA,TRUE,FALSE,TRUE,FALSE,TRUE,eligible,TRUE,TRUE,NA,NA,analyzed
nfl,2020,401220339,2020-12-20T21:05Z,STATUS_FINAL,Arizona Cardinals,Philadelphia Eagles,ARI,PHI,8-6,4-9-1,33,26,home,ARI,6.5,49.5,-259,226,103,-114,1,nflreadr,TRUE,FALSE,TRUE,FALSE,TRUE,eligible,TRUE,TRUE,NA,NA,analyzed
nfl,2020,401220325,2020-12-20T21:25Z,STATUS_FINAL,New Orleans Saints,Kansas City Chiefs,NO,KC,10-4,13-1,29,32,away,KC,2.5,53.5,124,-137,102,-113,1,nflreadr,TRUE,FALSE,TRUE,FALSE,TRUE,eligible,TRUE,TRUE,NA,NA,analyzed
nfl,2020,401220255,2020-12-21T01:20Z,STATUS_FINAL,New York Giants,Cleveland Browns,NYG,CLE,5-9,10-4,6,20,NA,NA,NA,NA,NA,NA,NA,NA,NA,NA,TRUE,FALSE,TRUE,FALSE,TRUE,eligible,TRUE,TRUE,NA,NA,analyzed
nfl,2020,401220156,2020-12-22T01:15Z,STATUS_FINAL,Cincinnati Bengals,Pittsburgh Steelers,CIN,PIT,3-10-1,11-3,27,17,NA,NA,NA,NA,NA,NA,NA,NA,NA,NA,TRUE,FALSE,TRUE,FALSE,TRUE,eligible,TRUE,TRUE,NA,NA,analyzed
nfl,2020,401220324,2020-12-25T21:30Z,STATUS_FINAL,New Orleans Saints,Minnesota Vikings,NO,MIN,11-4,6-9,52,33,home,NO,6.5,49,-302,260,-102,-109,1,nflreadr,TRUE,FALSE,TRUE,FALSE,TRUE,eligible,TRUE,TRUE,NA,NA,analyzed
nfl,2020,401220286,2020-12-26T18:00Z,STATUS_FINAL,Detroit Lions,Tampa Bay Buccaneers,DET,TB,5-10,10-5,7,47,away,TB,12,55,455,-591,-111,101,1,nflreadr,TRUE,FALSE,TRUE,FALSE,TRUE,eligible,TRUE,TRUE,NA,NA,analyzed
nfl,2020,401220337,2020-12-26T21:30Z,STATUS_FINAL,Arizona Cardinals,San Francisco 49ers,ARI,SF,8-7,6-9,12,20,home,ARI,6,49,-280,242,-102,-108,1,nflreadr,TRUE,FALSE,TRUE,FALSE,TRUE,eligible,TRUE,TRUE,NA,NA,analyzed
nfl,2020,401220230,2020-12-27T01:15Z,STATUS_FINAL,Las Vegas Raiders,Miami Dolphins,LV,MIA,7-8,10-5,25,26,NA,NA,NA,NA,NA,NA,NA,NA,NA,NA,TRUE,FALSE,TRUE,FALSE,TRUE,eligible,TRUE,TRUE,NA,NA,analyzed
nfl,2020,401220223,2020-12-27T18:00Z,STATUS_FINAL,Kansas City Chiefs,Atlanta Falcons,KC,ATL,14-1,4-11,17,14,home,KC,11,54,-508,409,-100,-110,1,nflreadr,TRUE,FALSE,TRUE,FALSE,TRUE,eligible,TRUE,TRUE,NA,NA,analyzed
nfl,2020,401220145,2020-12-27T18:00Z,STATUS_FINAL,New York Jets,Cleveland Browns,NYJ,CLE,2-13,10-5,23,16,away,CLE,6.5,45,260,-303,103,-114,1,nflreadr,TRUE,FALSE,TRUE,FALSE,TRUE,eligible,TRUE,TRUE,NA,NA,analyzed
nfl,2020,401220174,2020-12-27T18:00Z,STATUS_FINAL,Pittsburgh Steelers,Indianapolis Colts,PIT,IND,12-3,10-5,28,24,away,IND,1,43,-104,-106,-111,100,1,nflreadr,TRUE,FALSE,TRUE,FALSE,TRUE,eligible,TRUE,TRUE,NA,NA,analyzed
nfl,2020,401220199,2020-12-27T18:00Z,STATUS_FINAL,Jacksonville Jaguars,Chicago Bears,JAX,CHI,1-14,8-7,17,41,away,CHI,9.5,47,370,-452,-103,-108,1,nflreadr,TRUE,FALSE,TRUE,FALSE,TRUE,eligible,TRUE,TRUE,NA,NA,analyzed
nfl,2020,401220152,2020-12-27T18:00Z,STATUS_FINAL,Baltimore Ravens,New York Giants,BAL,NYG,10-5,5-10,27,13,home,BAL,10,43.5,-420,348,105,-116,1,nflreadr,TRUE,FALSE,TRUE,FALSE,TRUE,eligible,TRUE,TRUE,NA,NA,analyzed
nfl,2020,401220182,2020-12-27T18:00Z,STATUS_FINAL,Houston Texans,Cincinnati Bengals,HOU,CIN,4-11,4-10-1,31,37,home,HOU,7.5,46,-324,276,102,-113,1,nflreadr,TRUE,FALSE,TRUE,FALSE,TRUE,eligible,TRUE,TRUE,NA,NA,analyzed
nfl,2020,401220234,2020-12-27T21:05Z,STATUS_FINAL,Los Angeles Chargers,Denver Broncos,LAC,DEN,6-9,5-10,19,16,home,LAC,2.5,47.5,-125,113,100,-111,1,nflreadr,TRUE,FALSE,TRUE,FALSE,TRUE,eligible,TRUE,TRUE,NA,NA,analyzed
nfl,2020,401220273,2020-12-27T21:05Z,STATUS_FINAL,Washington,Carolina Panthers,WSH,CAR,6-9,5-10,13,20,NA,NA,NA,NA,NA,NA,NA,NA,NA,NA,TRUE,FALSE,TRUE,FALSE,TRUE,eligible,TRUE,TRUE,NA,NA,analyzed
nfl,2020,401220243,2020-12-27T21:25Z,STATUS_FINAL,Dallas Cowboys,Philadelphia Eagles,DAL,PHI,6-9,4-10-1,37,17,away,PHI,3,50,149,-166,104,-115,1,nflreadr,TRUE,FALSE,TRUE,FALSE,TRUE,eligible,TRUE,TRUE,NA,NA,analyzed
nfl,2020,401220362,2020-12-27T21:25Z,STATUS_FINAL,Seattle Seahawks,Los Angeles Rams,SEA,LAR,11-4,9-6,20,9,NA,NA,NA,NA,NA,NA,NA,NA,NA,NA,TRUE,FALSE,TRUE,FALSE,TRUE,eligible,TRUE,TRUE,NA,NA,analyzed
nfl,2020,401220296,2020-12-28T01:20Z,STATUS_FINAL,Green Bay Packers,Tennessee Titans,GB,TEN,12-3,10-5,40,14,NA,NA,NA,NA,NA,NA,NA,NA,NA,NA,TRUE,FALSE,TRUE,FALSE,TRUE,eligible,TRUE,TRUE,NA,NA,analyzed
nfl,2020,401220130,2020-12-29T01:15Z,STATUS_FINAL,New England Patriots,Buffalo Bills,NE,BUF,6-9,12-3,9,38,NA,NA,NA,NA,NA,NA,NA,NA,NA,NA,TRUE,FALSE,TRUE,FALSE,TRUE,eligible,TRUE,TRUE,NA,NA,analyzed
nfl,2020,401220114,2021-01-03T18:00Z,STATUS_FINAL,Buffalo Bills,Miami Dolphins,BUF,MIA,13-3,10-6,56,26,away,MIA,3.5,42.5,138,-153,-125,113,1,nflreadr,TRUE,FALSE,TRUE,FALSE,TRUE,eligible,TRUE,TRUE,NA,NA,analyzed
nfl,2020,401220154,2021-01-03T18:00Z,STATUS_FINAL,Cincinnati Bengals,Baltimore Ravens,CIN,BAL,4-11-1,11-5,3,38,away,BAL,13.5,46,597,-799,-117,106,1,nflreadr,TRUE,FALSE,TRUE,FALSE,TRUE,eligible,TRUE,TRUE,NA,NA,analyzed
nfl,2020,401220164,2021-01-03T18:00Z,STATUS_FINAL,Cleveland Browns,Pittsburgh Steelers,CLE,PIT,11-5,12-4,24,22,home,CLE,10.5,45,-460,376,100,-111,1,nflreadr,TRUE,FALSE,TRUE,FALSE,TRUE,eligible,TRUE,TRUE,NA,NA,analyzed
nfl,2020,401220284,2021-01-03T18:00Z,STATUS_FINAL,Detroit Lions,Minnesota Vikings,DET,MIN,5-11,7-9,35,37,away,MIN,3,54,145,-161,-100,-110,1,nflreadr,TRUE,FALSE,TRUE,FALSE,TRUE,eligible,TRUE,TRUE,NA,NA,analyzed
nfl,2020,401220132,2021-01-03T18:00Z,STATUS_FINAL,New England Patriots,New York Jets,NE,NYJ,7-9,2-14,28,14,home,NE,3,41,-161,145,-110,-101,1,nflreadr,TRUE,FALSE,TRUE,FALSE,TRUE,eligible,TRUE,TRUE,NA,NA,analyzed
nfl,2020,401220250,2021-01-03T18:00Z,STATUS_FINAL,New York Giants,Dallas Cowboys,NYG,DAL,6-10,6-10,23,19,away,DAL,1.5,44.5,109,-121,-104,-106,1,nflreadr,TRUE,FALSE,TRUE,FALSE,TRUE,eligible,TRUE,TRUE,NA,NA,analyzed
nfl,2020,401220328,2021-01-03T18:00Z,STATUS_FINAL,Tampa Bay Buccaneers,Atlanta Falcons,TB,ATL,11-5,4-12,44,27,home,TB,7.5,51,-323,276,111,-123,1,nflreadr,TRUE,FALSE,TRUE,FALSE,TRUE,eligible,TRUE,TRUE,NA,NA,analyzed
nfl,2020,401220275,2021-01-03T21:25Z,STATUS_FINAL,Chicago Bears,Green Bay Packers,CHI,GB,8-8,13-3,16,35,away,GB,4.5,48.5,184,-207,-107,-103,1,nflreadr,TRUE,FALSE,TRUE,FALSE,TRUE,eligible,TRUE,TRUE,NA,NA,analyzed
nfl,2020,401220211,2021-01-03T21:25Z,STATUS_FINAL,Denver Broncos,Las Vegas Raiders,DEN,LV,5-11,8-8,31,32,away,LV,2.5,50.5,130,-144,104,-115,1,nflreadr,TRUE,FALSE,TRUE,FALSE,TRUE,eligible,TRUE,TRUE,NA,NA,analyzed
nfl,2020,401220187,2021-01-03T21:25Z,STATUS_FINAL,Indianapolis Colts,Jacksonville Jaguars,IND,JAX,11-5,1-15,28,14,home,IND,15.5,48,-1350,906,-115,104,1,nflreadr,TRUE,FALSE,TRUE,FALSE,TRUE,eligible,TRUE,TRUE,NA,NA,analyzed
nfl,2020,401220220,2021-01-03T21:25Z,STATUS_FINAL,Kansas City Chiefs,Los Angeles Chargers,KC,LAC,14-2,7-9,21,38,away,LAC,7,43,244,-282,-117,106,1,nflreadr,TRUE,FALSE,TRUE,FALSE,TRUE,eligible,TRUE,TRUE,NA,NA,analyzed
nfl,2020,401220344,2021-01-03T21:25Z,STATUS_FINAL,Los Angeles Rams,Arizona Cardinals,LAR,ARI,10-6,8-8,18,7,NA,NA,NA,NA,NA,NA,NA,NA,NA,NA,TRUE,FALSE,TRUE,FALSE,TRUE,eligible,TRUE,TRUE,NA,NA,analyzed
nfl,2020,401220354,2021-01-03T21:25Z,STATUS_FINAL,San Francisco 49ers,Seattle Seahawks,SF,SEA,6-10,12-4,23,26,away,SEA,7,45,266,-310,-112,101,1,nflreadr,TRUE,FALSE,TRUE,FALSE,TRUE,eligible,TRUE,TRUE,NA,NA,analyzed
nfl,2020,401220315,2021-01-03T21:25Z,STATUS_FINAL,Carolina Panthers,New Orleans Saints,CAR,NO,5-11,12-4,7,33,away,NO,6,47,219,-250,-110,100,1,nflreadr,TRUE,FALSE,TRUE,FALSE,TRUE,eligible,TRUE,TRUE,NA,NA,analyzed
nfl,2020,401220180,2021-01-03T21:25Z,STATUS_FINAL,Houston Texans,Tennessee Titans,HOU,TEN,4-12,11-5,38,41,away,TEN,7,55.5,259,-301,-111,101,1,nflreadr,TRUE,FALSE,TRUE,FALSE,TRUE,eligible,TRUE,TRUE,NA,NA,analyzed
nfl,2020,401220260,2021-01-04T01:20Z,STATUS_FINAL,Philadelphia Eagles,Washington,PHI,WSH,4-11-1,7-9,14,20,NA,NA,NA,NA,NA,NA,NA,NA,NA,NA,TRUE,FALSE,TRUE,FALSE,TRUE,eligible,TRUE,TRUE,NA,NA,analyzed
nfl,2021,401326322,2021-09-10T00:20Z,STATUS_FINAL,Tampa Bay Buccaneers,Dallas Cowboys,TB,DAL,1-0,0-1,31,29,NA,NA,NA,NA,NA,NA,NA,NA,NA,NA,TRUE,FALSE,TRUE,FALSE,TRUE,eligible,TRUE,TRUE,NA,NA,analyzed
nfl,2021,401326315,2021-09-12T17:00Z,STATUS_FINAL,Atlanta Falcons,Philadelphia Eagles,ATL,PHI,0-1,1-0,6,32,home,ATL,3.5,49,-180,161,-101,-109,1,nflreadr,TRUE,FALSE,TRUE,FALSE,TRUE,eligible,TRUE,TRUE,NA,NA,analyzed
nfl,2021,401326308,2021-09-12T17:00Z,STATUS_FINAL,Buffalo Bills,Pittsburgh Steelers,BUF,PIT,0-1,1-0,16,23,home,BUF,6.5,48,-267,232,-100,-110,1,nflreadr,TRUE,FALSE,TRUE,FALSE,TRUE,eligible,TRUE,TRUE,NA,NA,analyzed
nfl,2021,401326316,2021-09-12T17:00Z,STATUS_FINAL,Cincinnati Bengals,Minnesota Vikings,CIN,MIN,1-0,0-1,27,24,away,MIN,3,47,122,-135,-120,109,1,nflreadr,TRUE,FALSE,TRUE,FALSE,TRUE,eligible,TRUE,TRUE,NA,NA,analyzed
nfl,2021,401326317,2021-09-12T17:00Z,STATUS_FINAL,Detroit Lions,San Francisco 49ers,DET,SF,0-1,1-0,33,41,away,SF,9.5,46,344,-415,-105,-105,1,nflreadr,TRUE,FALSE,TRUE,FALSE,TRUE,eligible,TRUE,TRUE,NA,NA,analyzed
nfl,2021,401326311,2021-09-12T17:00Z,STATUS_FINAL,Tennessee Titans,Arizona Cardinals,TEN,ARI,0-1,1-0,13,38,home,TEN,2.5,54,-146,131,-116,105,1,nflreadr,TRUE,FALSE,TRUE,FALSE,TRUE,eligible,TRUE,TRUE,NA,NA,analyzed
nfl,2021,401326318,2021-09-12T17:00Z,STATUS_FINAL,Indianapolis Colts,Seattle Seahawks,IND,SEA,0-1,1-0,16,28,away,SEA,3,49,132,-146,-117,106,1,nflreadr,TRUE,FALSE,TRUE,FALSE,TRUE,eligible,TRUE,TRUE,NA,NA,analyzed
nfl,2021,401326312,2021-09-12T17:00Z,STATUS_FINAL,Washington,Los Angeles Chargers,WSH,LAC,0-1,1-0,16,20,NA,NA,NA,NA,NA,NA,NA,NA,NA,NA,TRUE,FALSE,TRUE,FALSE,TRUE,eligible,TRUE,TRUE,NA,NA,analyzed
nfl,2021,401326309,2021-09-12T17:00Z,STATUS_FINAL,Carolina Panthers,New York Jets,CAR,NYJ,1-0,0-1,19,14,home,CAR,3.5,44.5,-184,164,-102,-108,1,nflreadr,TRUE,FALSE,TRUE,FALSE,TRUE,eligible,TRUE,TRUE,NA,NA,analyzed
nfl,2021,401326310,2021-09-12T17:00Z,STATUS_FINAL,Houston Texans,Jacksonville Jaguars,HOU,JAX,1-0,0-1,37,21,away,JAX,3.5,45.5,154,-172,-113,103,1,nflreadr,TRUE,FALSE,TRUE,FALSE,TRUE,eligible,TRUE,TRUE,NA,NA,analyzed
nfl,2021,401326314,2021-09-12T20:25Z,STATUS_FINAL,Kansas City Chiefs,Cleveland Browns,KC,CLE,1-0,0-1,33,29,home,KC,5.5,54.5,-241,211,-110,-101,1,nflreadr,TRUE,FALSE,TRUE,FALSE,TRUE,eligible,TRUE,TRUE,NA,NA,analyzed
nfl,2021,401326313,2021-09-12T20:25Z,STATUS_FINAL,New England Patriots,Miami Dolphins,NE,MIA,0-1,1-0,16,17,home,NE,3.5,43.5,-173,155,102,-113,1,nflreadr,TRUE,FALSE,TRUE,FALSE,TRUE,eligible,TRUE,TRUE,NA,NA,analyzed
nfl,2021,401326319,2021-09-12T20:25Z,STATUS_FINAL,New Orleans Saints,Green Bay Packers,NO,GB,1-0,0-1,38,3,away,GB,4,49,162,-181,-114,103,1,nflreadr,TRUE,FALSE,TRUE,FALSE,TRUE,eligible,TRUE,TRUE,NA,NA,analyzed
nfl,2021,401326320,2021-09-12T20:25Z,STATUS_FINAL,New York Giants,Denver Broncos,NYG,DEN,0-1,1-0,13,27,away,DEN,3,41.5,125,-139,-120,109,1,nflreadr,TRUE,FALSE,TRUE,FALSE,TRUE,eligible,TRUE,TRUE,NA,NA,analyzed
nfl,2021,401326323,2021-09-13T00:20Z,STATUS_FINAL,Los Angeles Rams,Chicago Bears,LAR,CHI,1-0,0-1,34,14,NA,NA,NA,NA,NA,NA,NA,NA,NA,NA,TRUE,FALSE,TRUE,FALSE,TRUE,eligible,TRUE,TRUE,NA,NA,analyzed
nfl,2021,401326321,2021-09-14T00:15Z,STATUS_FINAL,Las Vegas Raiders,Baltimore Ravens,LV,BAL,1-0,0-1,33,27,NA,NA,NA,NA,NA,NA,NA,NA,NA,NA,TRUE,FALSE,TRUE,FALSE,TRUE,eligible,TRUE,TRUE,NA,NA,analyzed
nfl,2021,401326127,2021-09-17T00:20Z,STATUS_FINAL,Washington,New York Giants,WSH,NYG,1-1,0-2,30,29,NA,NA,NA,NA,NA,NA,NA,NA,NA,NA,TRUE,FALSE,TRUE,FALSE,TRUE,eligible,TRUE,TRUE,NA,NA,analyzed
nfl,2021,401326129,2021-09-19T17:00Z,STATUS_FINAL,Chicago Bears,Cincinnati Bengals,CHI,CIN,1-1,1-1,20,17,home,CHI,2,44.5,-126,114,-105,-105,1,nflreadr,TRUE,FALSE,TRUE,FALSE,TRUE,eligible,TRUE,TRUE,NA,NA,analyzed
nfl,2021,401326130,2021-09-19T17:00Z,STATUS_FINAL,Cleveland Browns,Houston Texans,CLE,HOU,1-1,1-1,31,21,home,CLE,13.5,48.5,-675,521,-107,-103,1,nflreadr,TRUE,FALSE,TRUE,FALSE,TRUE,eligible,TRUE,TRUE,NA,NA,analyzed
nfl,2021,401326131,2021-09-19T17:00Z,STATUS_FINAL,Indianapolis Colts,Los Angeles Rams,IND,LAR,0-2,2-0,24,27,NA,NA,NA,NA,NA,NA,NA,NA,NA,NA,TRUE,FALSE,TRUE,FALSE,TRUE,eligible,TRUE,TRUE,NA,NA,analyzed
nfl,2021,401326353,2021-09-19T17:00Z,STATUS_FINAL,Miami Dolphins,Buffalo Bills,MIA,BUF,1-1,1-1,0,35,away,BUF,3.5,48,160,-179,-113,103,1,nflreadr,TRUE,FALSE,TRUE,FALSE,TRUE,eligible,TRUE,TRUE,NA,NA,analyzed
nfl,2021,401326354,2021-09-19T17:00Z,STATUS_FINAL,New York Jets,New England Patriots,NYJ,NE,0-2,1-1,6,25,away,NE,5.5,43,207,-235,-105,-105,1,nflreadr,TRUE,FALSE,TRUE,FALSE,TRUE,eligible,TRUE,TRUE,NA,NA,analyzed
nfl,2021,401326355,2021-09-19T17:00Z,STATUS_FINAL,Philadelphia Eagles,San Francisco 49ers,PHI,SF,1-1,2-0,11,17,away,SF,3,49,130,-144,-115,104,1,nflreadr,TRUE,FALSE,TRUE,FALSE,TRUE,eligible,TRUE,TRUE,NA,NA,analyzed
nfl,2021,401326356,2021-09-19T17:00Z,STATUS_FINAL,Pittsburgh Steelers,Las Vegas Raiders,PIT,LV,1-1,2-0,17,26,home,PIT,5.5,46.5,-228,201,-102,-109,1,nflreadr,TRUE,FALSE,TRUE,FALSE,TRUE,eligible,TRUE,TRUE,NA,NA,analyzed
nfl,2021,401326128,2021-09-19T17:00Z,STATUS_FINAL,Carolina Panthers,New Orleans Saints,CAR,NO,2-0,1-1,26,7,away,NO,3,45,131,-145,-113,102,1,nflreadr,TRUE,FALSE,TRUE,FALSE,TRUE,eligible,TRUE,TRUE,NA,NA,analyzed
nfl,2021,401326132,2021-09-19T17:00Z,STATUS_FINAL,Jacksonville Jaguars,Denver Broncos,JAX,DEN,0-2,2-0,13,23,away,DEN,6,45,211,-241,-115,104,1,nflreadr,TRUE,FALSE,TRUE,FALSE,TRUE,eligible,TRUE,TRUE,NA,NA,analyzed
nfl,2021,401326357,2021-09-19T20:05Z,STATUS_FINAL,Arizona Cardinals,Minnesota Vikings,ARI,MIN,2-0,0-2,34,33,home,ARI,4,51,-191,170,101,-111,1,nflreadr,TRUE,FALSE,TRUE,FALSE,TRUE,eligible,TRUE,TRUE,NA,NA,analyzed
nfl,2021,401326358,2021-09-19T20:05Z,STATUS_FINAL,Tampa Bay Buccaneers,Atlanta Falcons,TB,ATL,2-0,0-2,48,25,home,TB,13.5,52,-772,582,-102,-108,1,nflreadr,TRUE,FALSE,TRUE,FALSE,TRUE,eligible,TRUE,TRUE,NA,NA,analyzed
nfl,2021,401326359,2021-09-19T20:25Z,STATUS_FINAL,Los Angeles Chargers,Dallas Cowboys,LAC,DAL,1-1,1-1,17,20,home,LAC,3,55,-150,135,-101,-109,1,nflreadr,TRUE,FALSE,TRUE,FALSE,TRUE,eligible,TRUE,TRUE,NA,NA,analyzed
nfl,2021,401326360,2021-09-19T20:25Z,STATUS_FINAL,Seattle Seahawks,Tennessee Titans,SEA,TEN,1-1,1-1,30,33,home,SEA,6.5,53.5,-286,247,-110,-100,1,nflreadr,TRUE,FALSE,TRUE,FALSE,TRUE,eligible,TRUE,TRUE,NA,NA,analyzed
nfl,2021,401326361,2021-09-20T00:20Z,STATUS_FINAL,Baltimore Ravens,Kansas City Chiefs,BAL,KC,1-1,1-1,36,35,NA,NA,NA,NA,NA,NA,NA,NA,NA,NA,TRUE,FALSE,TRUE,FALSE,TRUE,eligible,TRUE,TRUE,NA,NA,analyzed
nfl,2021,401326362,2021-09-21T00:15Z,STATUS_FINAL,Green Bay Packers,Detroit Lions,GB,DET,1-1,0-2,35,17,NA,NA,NA,NA,NA,NA,NA,NA,NA,NA,TRUE,FALSE,TRUE,FALSE,TRUE,eligible,TRUE,TRUE,NA,NA,analyzed
nfl,2021,401326363,2021-09-24T00:20Z,STATUS_FINAL,Houston Texans,Carolina Panthers,HOU,CAR,1-2,3-0,9,24,NA,NA,NA,NA,NA,NA,NA,NA,NA,NA,TRUE,FALSE,TRUE,FALSE,TRUE,eligible,TRUE,TRUE,NA,NA,analyzed
nfl,2021,401326364,2021-09-26T17:00Z,STATUS_FINAL,Buffalo Bills,Washington,BUF,WSH,2-1,1-2,43,21,NA,NA,NA,NA,NA,NA,NA,NA,NA,NA,TRUE,FALSE,TRUE,FALSE,TRUE,eligible,TRUE,TRUE,NA,NA,analyzed
nfl,2021,401326365,2021-09-26T17:00Z,STATUS_FINAL,Cleveland Browns,Chicago Bears,CLE,CHI,2-1,1-2,26,6,home,CLE,7.5,45,-375,315,-108,-102,1,nflreadr,TRUE,FALSE,TRUE,FALSE,TRUE,eligible,TRUE,TRUE,NA,NA,analyzed
nfl,2021,401326366,2021-09-26T17:00Z,STATUS_FINAL,Detroit Lions,Baltimore Ravens,DET,BAL,0-3,2-1,17,19,away,BAL,7.5,51,292,-344,-110,-100,1,nflreadr,TRUE,FALSE,TRUE,FALSE,TRUE,eligible,TRUE,TRUE,NA,NA,analyzed
nfl,2021,401326372,2021-09-26T17:00Z,STATUS_FINAL,Tennessee Titans,Indianapolis Colts,TEN,IND,2-1,0-3,25,16,home,TEN,4.5,47,-196,175,103,-113,1,nflreadr,TRUE,FALSE,TRUE,FALSE,TRUE,eligible,TRUE,TRUE,NA,NA,analyzed
nfl,2021,401326368,2021-09-26T17:00Z,STATUS_FINAL,Kansas City Chiefs,Los Angeles Chargers,KC,LAC,1-2,2-1,24,30,home,KC,6.5,55,-273,237,-110,-100,1,nflreadr,TRUE,FALSE,TRUE,FALSE,TRUE,eligible,TRUE,TRUE,NA,NA,analyzed
nfl,2021,401326369,2021-09-26T17:00Z,STATUS_FINAL,New England Patriots,New Orleans Saints,NE,NO,1-2,2-1,13,28,home,NE,3,44,-144,130,106,-117,1,nflreadr,TRUE,FALSE,TRUE,FALSE,TRUE,eligible,TRUE,TRUE,NA,NA,analyzed
nfl,2021,401326370,2021-09-26T17:00Z,STATUS_FINAL,New York Giants,Atlanta Falcons,NYG,ATL,0-3,1-2,14,17,home,NYG,3,48,-143,129,105,-115,1,nflreadr,TRUE,FALSE,TRUE,FALSE,TRUE,eligible,TRUE,TRUE,NA,NA,analyzed
nfl,2021,401326371,2021-09-26T17:00Z,STATUS_FINAL,Pittsburgh Steelers,Cincinnati Bengals,PIT,CIN,1-2,2-1,10,24,home,PIT,2.5,42.5,-140,126,-114,103,1,nflreadr,TRUE,FALSE,TRUE,FALSE,TRUE,eligible,TRUE,TRUE,NA,NA,analyzed
nfl,2021,401326367,2021-09-26T17:00Z,STATUS_FINAL,Jacksonville Jaguars,Arizona Cardinals,JAX,ARI,0-3,3-0,19,31,away,ARI,8,51.5,304,-360,-110,-101,1,nflreadr,TRUE,FALSE,TRUE,FALSE,TRUE,eligible,TRUE,TRUE,NA,NA,analyzed
nfl,2021,401326373,2021-09-26T20:05Z,STATUS_FINAL,Denver Broncos,New York Jets,DEN,NYJ,3-0,0-3,26,0,home,DEN,10.5,42,-597,470,-101,-109,1,nflreadr,TRUE,FALSE,TRUE,FALSE,TRUE,eligible,TRUE,TRUE,NA,NA,analyzed
nfl,2021,401326374,2021-09-26T20:05Z,STATUS_FINAL,Las Vegas Raiders,Miami Dolphins,LV,MIA,3-0,1-2,31,28,home,LV,4,45,-194,173,-103,-107,1,nflreadr,TRUE,FALSE,TRUE,FALSE,TRUE,eligible,TRUE,TRUE,NA,NA,analyzed
nfl,2021,401326375,2021-09-26T20:25Z,STATUS_FINAL,Los Angeles Rams,Tampa Bay Buccaneers,LAR,TB,3-0,2-1,34,24,NA,NA,NA,NA,NA,NA,NA,NA,NA,NA,TRUE,FALSE,TRUE,FALSE,TRUE,eligible,TRUE,TRUE,NA,NA,analyzed
nfl,2021,401326376,2021-09-26T20:25Z,STATUS_FINAL,Minnesota Vikings,Seattle Seahawks,MIN,SEA,1-2,1-2,30,17,away,SEA,2,53.5,109,-120,-109,-101,1,nflreadr,TRUE,FALSE,TRUE,FALSE,TRUE,eligible,TRUE,TRUE,NA,NA,analyzed
nfl,2021,401326377,2021-09-27T00:20Z,STATUS_FINAL,San Francisco 49ers,Green Bay Packers,SF,GB,2-1,2-1,28,30,NA,NA,NA,NA,NA,NA,NA,NA,NA,NA,TRUE,FALSE,TRUE,FALSE,TRUE,eligible,TRUE,TRUE,NA,NA,analyzed
nfl,2021,401326378,2021-09-28T00:15Z,STATUS_FINAL,Dallas Cowboys,Philadelphia Eagles,DAL,PHI,2-1,1-2,41,21,NA,NA,NA,NA,NA,NA,NA,NA,NA,NA,TRUE,FALSE,TRUE,FALSE,TRUE,eligible,TRUE,TRUE,NA,NA,analyzed
nfl,2021,401326379,2021-10-01T00:20Z,STATUS_FINAL,Cincinnati Bengals,Jacksonville Jaguars,CIN,JAX,3-1,0-4,24,21,NA,NA,NA,NA,NA,NA,NA,NA,NA,NA,TRUE,FALSE,TRUE,FALSE,TRUE,eligible,TRUE,TRUE,NA,NA,analyzed
nfl,2021,401326380,2021-10-03T17:00Z,STATUS_FINAL,Atlanta Falcons,Washington,ATL,WSH,1-3,2-2,30,34,NA,NA,NA,NA,NA,NA,NA,NA,NA,NA,TRUE,FALSE,TRUE,FALSE,TRUE,eligible,TRUE,TRUE,NA,NA,analyzed
nfl,2021,401326381,2021-10-03T17:00Z,STATUS_FINAL,Buffalo Bills,Houston Texans,BUF,HOU,3-1,1-3,40,0,home,BUF,19,47.5,-1500,988,-102,-108,1,nflreadr,TRUE,FALSE,TRUE,FALSE,TRUE,eligible,TRUE,TRUE,NA,NA,analyzed
nfl,2021,401326382,2021-10-03T17:00Z,STATUS_FINAL,Chicago Bears,Detroit Lions,CHI,DET,2-2,0-4,24,14,home,CHI,3,42,-148,134,-101,-109,1,nflreadr,TRUE,FALSE,TRUE,FALSE,TRUE,eligible,TRUE,TRUE,NA,NA,analyzed
nfl,2021,401326383,2021-10-03T17:00Z,STATUS_FINAL,Dallas Cowboys,Carolina Panthers,DAL,CAR,3-1,3-1,36,28,home,DAL,4.5,51.5,-210,186,-104,-106,1,nflreadr,TRUE,FALSE,TRUE,FALSE,TRUE,eligible,TRUE,TRUE,NA,NA,analyzed
nfl,2021,401326384,2021-10-03T17:00Z,STATUS_FINAL,Miami Dolphins,Indianapolis Colts,MIA,IND,1-3,1-3,17,27,home,MIA,2.5,41.5,-144,130,-113,102,1,nflreadr,TRUE,FALSE,TRUE,FALSE,TRUE,eligible,TRUE,TRUE,NA,NA,analyzed
nfl,2021,401326385,2021-10-03T17:00Z,STATUS_FINAL,Minnesota Vikings,Cleveland Browns,MIN,CLE,1-3,3-1,7,14,away,CLE,1,52,-106,-105,-113,102,1,nflreadr,TRUE,FALSE,TRUE,FALSE,TRUE,eligible,TRUE,TRUE,NA,NA,analyzed
nfl,2021,401326386,2021-10-03T17:00Z,STATUS_FINAL,New Orleans Saints,New York Giants,NO,NYG,2-2,1-3,21,27,home,NO,7.5,43,-337,286,107,-118,1,nflreadr,TRUE,FALSE,TRUE,FALSE,TRUE,eligible,TRUE,TRUE,NA,NA,analyzed
nfl,2021,401326387,2021-10-03T17:00Z,STATUS_FINAL,New York Jets,Tennessee Titans,NYJ,TEN,1-3,2-2,27,24,away,TEN,5.5,44.5,206,-234,-106,-104,1,nflreadr,TRUE,FALSE,TRUE,FALSE,TRUE,eligible,TRUE,TRUE,NA,NA,analyzed
nfl,2021,401326388,2021-10-03T17:00Z,STATUS_FINAL,Philadelphia Eagles,Kansas City Chiefs,PHI,KC,1-3,2-2,30,42,away,KC,7.5,53.5,296,-349,-112,101,1,nflreadr,TRUE,FALSE,TRUE,FALSE,TRUE,eligible,TRUE,TRUE,NA,NA,analyzed
nfl,2021,401326389,2021-10-03T20:05Z,STATUS_FINAL,Los Angeles Rams,Arizona Cardinals,LAR,ARI,3-1,4-0,20,37,NA,NA,NA,NA,NA,NA,NA,NA,NA,NA,TRUE,FALSE,TRUE,FALSE,TRUE,eligible,TRUE,TRUE,NA,NA,analyzed
nfl,2021,401326390,2021-10-03T20:05Z,STATUS_FINAL,San Francisco 49ers,Seattle Seahawks,SF,SEA,2-2,2-2,21,28,home,SF,2.5,52,-133,120,-107,-103,1,nflreadr,TRUE,FALSE,TRUE,FALSE,TRUE,eligible,TRUE,TRUE,NA,NA,analyzed
nfl,2021,401326391,2021-10-03T20:25Z,STATUS_FINAL,Denver Broncos,Baltimore Ravens,DEN,BAL,3-1,3-1,7,23,home,DEN,1,44,-118,107,-111,101,1,nflreadr,TRUE,FALSE,TRUE,FALSE,TRUE,eligible,TRUE,TRUE,NA,NA,analyzed
nfl,2021,401326392,2021-10-03T20:25Z,STATUS_FINAL,Green Bay Packers,Pittsburgh Steelers,GB,PIT,3-1,1-3,27,17,home,GB,6.5,45,-276,239,-106,-104,1,nflreadr,TRUE,FALSE,TRUE,FALSE,TRUE,eligible,TRUE,TRUE,NA,NA,analyzed
nfl,2021,401326393,2021-10-04T00:20Z,STATUS_FINAL,New England Patriots,Tampa Bay Buccaneers,NE,TB,1-3,3-1,17,19,NA,NA,NA,NA,NA,NA,NA,NA,NA,NA,TRUE,FALSE,TRUE,FALSE,TRUE,eligible,TRUE,TRUE,NA,NA,analyzed
nfl,2021,401326394,2021-10-05T00:50Z,STATUS_FINAL,Los Angeles Chargers,Las Vegas Raiders,LAC,LV,3-1,3-1,28,14,NA,NA,NA,NA,NA,NA,NA,NA,NA,NA,TRUE,FALSE,TRUE,FALSE,TRUE,eligible,TRUE,TRUE,NA,NA,analyzed
nfl,2021,401326395,2021-10-08T00:20Z,STATUS_FINAL,Seattle Seahawks,Los Angeles Rams,SEA,LAR,2-3,4-1,17,26,NA,NA,NA,NA,NA,NA,NA,NA,NA,NA,TRUE,FALSE,TRUE,FALSE,TRUE,eligible,TRUE,TRUE,NA,NA,analyzed
nfl,2021,401326324,2021-10-10T13:30Z,STATUS_FINAL,Atlanta Falcons,New York Jets,ATL,NYJ,2-3,1-4,27,20,home,ATL,3,45.5,-153,138,-103,-107,1,nflreadr,TRUE,FALSE,TRUE,FALSE,TRUE,eligible,TRUE,TRUE,NA,NA,analyzed
nfl,2021,401326397,2021-10-10T17:00Z,STATUS_FINAL,Cincinnati Bengals,Green Bay Packers,CIN,GB,3-2,4-1,22,25,away,GB,2,50,111,-123,-106,-104,1,nflreadr,TRUE,FALSE,TRUE,FALSE,TRUE,eligible,TRUE,TRUE,NA,NA,analyzed
nfl,2021,401326400,2021-10-10T17:00Z,STATUS_FINAL,Minnesota Vikings,Detroit Lions,MIN,DET,2-3,0-5,19,17,home,MIN,10,49.5,-418,346,-100,-110,1,nflreadr,TRUE,FALSE,TRUE,FALSE,TRUE,eligible,TRUE,TRUE,NA,NA,analyzed
nfl,2021,401326401,2021-10-10T17:00Z,STATUS_FINAL,Pittsburgh Steelers,Denver Broncos,PIT,DEN,2-3,3-2,27,19,away,DEN,2,40,113,-124,-104,-106,1,nflreadr,TRUE,FALSE,TRUE,FALSE,TRUE,eligible,TRUE,TRUE,NA,NA,analyzed
nfl,2021,401326402,2021-10-10T17:00Z,STATUS_FINAL,Tampa Bay Buccaneers,Miami Dolphins,TB,MIA,4-1,1-4,45,17,home,TB,11,48,-564,448,-110,-100,1,nflreadr,TRUE,FALSE,TRUE,FALSE,TRUE,eligible,TRUE,TRUE,NA,NA,analyzed
nfl,2021,401326403,2021-10-10T17:00Z,STATUS_FINAL,Washington,New Orleans Saints,WSH,NO,2-3,3-2,22,33,NA,NA,NA,NA,NA,NA,NA,NA,NA,NA,TRUE,FALSE,TRUE,FALSE,TRUE,eligible,TRUE,TRUE,NA,NA,analyzed
nfl,2021,401326396,2021-10-10T17:00Z,STATUS_FINAL,Carolina Panthers,Philadelphia Eagles,CAR,PHI,3-2,2-3,18,21,home,CAR,2.5,46,-139,126,-114,104,1,nflreadr,TRUE,FALSE,TRUE,FALSE,TRUE,eligible,TRUE,TRUE,NA,NA,analyzed
nfl,2021,401326399,2021-10-10T17:00Z,STATUS_FINAL,Jacksonville Jaguars,Tennessee Titans,JAX,TEN,0-5,3-2,19,37,away,TEN,4,49,170,-191,-110,-100,1,nflreadr,TRUE,FALSE,TRUE,FALSE,TRUE,eligible,TRUE,TRUE,NA,NA,analyzed
nfl,2021,401326398,2021-10-10T17:00Z,STATUS_FINAL,Houston Texans,New England Patriots,HOU,NE,1-4,2-3,22,25,away,NE,8,39.5,288,-339,-112,102,1,nflreadr,TRUE,FALSE,TRUE,FALSE,TRUE,eligible,TRUE,TRUE,NA,NA,analyzed
nfl,2021,401326405,2021-10-10T20:05Z,STATUS_FINAL,Las Vegas Raiders,Chicago Bears,LV,CHI,3-2,3-2,9,20,home,LV,5.5,46,-245,215,-108,-102,1,nflreadr,TRUE,FALSE,TRUE,FALSE,TRUE,eligible,TRUE,TRUE,NA,NA,analyzed
nfl,2021,401326404,2021-10-10T20:05Z,STATUS_FINAL,Los Angeles Chargers,Cleveland Browns,LAC,CLE,4-1,3-2,47,42,home,LAC,2.5,46.5,-129,117,-104,-106,1,nflreadr,TRUE,FALSE,TRUE,FALSE,TRUE,eligible,TRUE,TRUE,NA,NA,analyzed
nfl,2021,401326407,2021-10-10T20:25Z,STATUS_FINAL,Dallas Cowboys,New York Giants,DAL,NYG,4-1,1-4,44,20,home,DAL,7.5,53,-335,285,102,-112,1,nflreadr,TRUE,FALSE,TRUE,FALSE,TRUE,eligible,TRUE,TRUE,NA,NA,analyzed
nfl,2021,401326406,2021-10-10T20:25Z,STATUS_FINAL,Arizona Cardinals,San Francisco 49ers,ARI,SF,5-0,2-3,17,10,home,ARI,6,48.5,-266,231,-100,-110,1,nflreadr,TRUE,FALSE,TRUE,FALSE,TRUE,eligible,TRUE,TRUE,NA,NA,analyzed
nfl,2021,401326408,2021-10-11T00:20Z,STATUS_FINAL,Kansas City Chiefs,Buffalo Bills,KC,BUF,2-3,4-1,20,38,NA,NA,NA,NA,NA,NA,NA,NA,NA,NA,TRUE,FALSE,TRUE,FALSE,TRUE,eligible,TRUE,TRUE,NA,NA,analyzed
nfl,2021,401326409,2021-10-12T00:15Z,STATUS_FINAL,Baltimore Ravens,Indianapolis Colts,BAL,IND,4-1,1-4,31,25,NA,NA,NA,NA,NA,NA,NA,NA,NA,NA,TRUE,FALSE,TRUE,FALSE,TRUE,eligible,TRUE,TRUE,NA,NA,analyzed
nfl,2021,401326410,2021-10-15T00:20Z,STATUS_FINAL,Philadelphia Eagles,Tampa Bay Buccaneers,PHI,TB,2-4,5-1,22,28,NA,NA,NA,NA,NA,NA,NA,NA,NA,NA,TRUE,FALSE,TRUE,FALSE,TRUE,eligible,TRUE,TRUE,NA,NA,analyzed
nfl,2021,401326325,2021-10-17T13:30Z,STATUS_FINAL,Jacksonville Jaguars,Miami Dolphins,JAX,MIA,1-5,1-5,23,20,away,MIA,2.5,47.5,110,-122,-115,104,1,nflreadr,TRUE,FALSE,TRUE,FALSE,TRUE,eligible,TRUE,TRUE,NA,NA,analyzed
nfl,2021,401326413,2021-10-17T17:00Z,STATUS_FINAL,Chicago Bears,Green Bay Packers,CHI,GB,3-3,5-1,14,24,away,GB,5.5,44,201,-228,-104,-106,1,nflreadr,TRUE,FALSE,TRUE,FALSE,TRUE,eligible,TRUE,TRUE,NA,NA,analyzed
nfl,2021,401326414,2021-10-17T17:00Z,STATUS_FINAL,Detroit Lions,Cincinnati Bengals,DET,CIN,0-6,4-2,11,34,away,CIN,3.5,46.5,171,-192,-100,-110,1,nflreadr,TRUE,FALSE,TRUE,FALSE,TRUE,eligible,TRUE,TRUE,NA,NA,analyzed
nfl,2021,401326415,2021-10-17T17:00Z,STATUS_FINAL,Indianapolis Colts,Houston Texans,IND,HOU,2-4,1-5,31,3,home,IND,10.5,43.5,-442,363,106,-117,1,nflreadr,TRUE,FALSE,TRUE,FALSE,TRUE,eligible,TRUE,TRUE,NA,NA,analyzed
nfl,2021,401326416,2021-10-17T17:00Z,STATUS_FINAL,New York Giants,Los Angeles Rams,NYG,LAR,1-5,5-1,11,38,NA,NA,NA,NA,NA,NA,NA,NA,NA,NA,TRUE,FALSE,TRUE,FALSE,TRUE,eligible,TRUE,TRUE,NA,NA,analyzed
nfl,2021,401326417,2021-10-17T17:00Z,STATUS_FINAL,Washington,Kansas City Chiefs,WSH,KC,2-4,3-3,13,31,NA,NA,NA,NA,NA,NA,NA,NA,NA,NA,TRUE,FALSE,TRUE,FALSE,TRUE,eligible,TRUE,TRUE,NA,NA,analyzed
nfl,2021,401326412,2021-10-17T17:00Z,STATUS_FINAL,Carolina Panthers,Minnesota Vikings,CAR,MIN,3-3,3-3,28,34,away,MIN,2.5,45.5,121,-134,-100,-110,1,nflreadr,TRUE,FALSE,TRUE,FALSE,TRUE,eligible,TRUE,TRUE,NA,NA,analyzed
nfl,2021,401326411,2021-10-17T17:00Z,STATUS_FINAL,Baltimore Ravens,Los Angeles Chargers,BAL,LAC,5-1,4-2,34,6,home,BAL,3,50.5,-166,149,-116,106,1,nflreadr,TRUE,FALSE,TRUE,FALSE,TRUE,eligible,TRUE,TRUE,NA,NA,analyzed
nfl,2021,401326418,2021-10-17T20:05Z,STATUS_FINAL,Cleveland Browns,Arizona Cardinals,CLE,ARI,3-3,6-0,14,37,home,CLE,3,48,-143,129,106,-117,1,nflreadr,TRUE,FALSE,TRUE,FALSE,TRUE,eligible,TRUE,TRUE,NA,NA,analyzed
nfl,2021,401326419,2021-10-17T20:25Z,STATUS_FINAL,Denver Broncos,Las Vegas Raiders,DEN,LV,3-3,4-2,24,34,home,DEN,5,45.5,-205,182,101,-111,1,nflreadr,TRUE,FALSE,TRUE,FALSE,TRUE,eligible,TRUE,TRUE,NA,NA,analyzed
nfl,2021,401326420,2021-10-17T20:25Z,STATUS_FINAL,New England Patriots,Dallas Cowboys,NE,DAL,2-4,5-1,29,35,away,DAL,3.5,50.5,169,-189,-102,-108,1,nflreadr,TRUE,FALSE,TRUE,FALSE,TRUE,eligible,TRUE,TRUE,NA,NA,analyzed
nfl,2021,401326421,2021-10-18T00:20Z,STATUS_FINAL,Pittsburgh Steelers,Seattle Seahawks,PIT,SEA,3-3,2-4,23,20,NA,NA,NA,NA,NA,NA,NA,NA,NA,NA,TRUE,FALSE,TRUE,FALSE,TRUE,eligible,TRUE,TRUE,NA,NA,analyzed
nfl,2021,401326422,2021-10-19T00:15Z,STATUS_FINAL,Tennessee Titans,Buffalo Bills,TEN,BUF,4-2,4-2,34,31,NA,NA,NA,NA,NA,NA,NA,NA,NA,NA,TRUE,FALSE,TRUE,FALSE,TRUE,eligible,TRUE,TRUE,NA,NA,analyzed
nfl,2021,401326423,2021-10-22T00:20Z,STATUS_FINAL,Cleveland Browns,Denver Broncos,CLE,DEN,4-3,3-4,17,14,NA,NA,NA,NA,NA,NA,NA,NA,NA,NA,TRUE,FALSE,TRUE,FALSE,TRUE,eligible,TRUE,TRUE,NA,NA,analyzed
nfl,2021,401326425,2021-10-24T17:00Z,STATUS_FINAL,Green Bay Packers,Washington,GB,WSH,6-1,2-5,24,10,NA,NA,NA,NA,NA,NA,NA,NA,NA,NA,TRUE,FALSE,TRUE,FALSE,TRUE,eligible,TRUE,TRUE,NA,NA,analyzed
nfl,2021,401326429,2021-10-24T17:00Z,STATUS_FINAL,Tennessee Titans,Kansas City Chiefs,TEN,KC,5-2,3-4,27,3,away,KC,4,57.5,185,-209,-100,-110,1,nflreadr,TRUE,FALSE,TRUE,FALSE,TRUE,eligible,TRUE,TRUE,NA,NA,analyzed
nfl,2021,401326426,2021-10-24T17:00Z,STATUS_FINAL,Miami Dolphins,Atlanta Falcons,MIA,ATL,1-6,3-3,28,30,away,ATL,1.5,48.5,117,-129,103,-113,1,nflreadr,TRUE,FALSE,TRUE,FALSE,TRUE,eligible,TRUE,TRUE,NA,NA,analyzed
nfl,2021,401326427,2021-10-24T17:00Z,STATUS_FINAL,New England Patriots,New York Jets,NE,NYJ,3-4,1-5,54,13,home,NE,7,43,-303,261,-102,-108,1,nflreadr,TRUE,FALSE,TRUE,FALSE,TRUE,eligible,TRUE,TRUE,NA,NA,analyzed
nfl,2021,401326428,2021-10-24T17:00Z,STATUS_FINAL,New York Giants,Carolina Panthers,NYG,CAR,2-5,3-4,25,3,away,CAR,3,42.5,139,-154,-107,-103,1,nflreadr,TRUE,FALSE,TRUE,FALSE,TRUE,eligible,TRUE,TRUE,NA,NA,analyzed
nfl,2021,401326424,2021-10-24T17:00Z,STATUS_FINAL,Baltimore Ravens,Cincinnati Bengals,BAL,CIN,5-2,5-2,17,41,home,BAL,6.5,45.5,-272,236,-101,-109,1,nflreadr,TRUE,FALSE,TRUE,FALSE,TRUE,eligible,TRUE,TRUE,NA,NA,analyzed
nfl,2021,401326431,2021-10-24T20:05Z,STATUS_FINAL,Las Vegas Raiders,Philadelphia Eagles,LV,PHI,5-2,2-5,33,22,home,LV,1,48,-108,-102,-101,-109,1,nflreadr,TRUE,FALSE,TRUE,FALSE,TRUE,eligible,TRUE,TRUE,NA,NA,analyzed
nfl,2021,401326430,2021-10-24T20:05Z,STATUS_FINAL,Los Angeles Rams,Detroit Lions,LAR,DET,6-1,0-7,28,19,NA,NA,NA,NA,NA,NA,NA,NA,NA,NA,TRUE,FALSE,TRUE,FALSE,TRUE,eligible,TRUE,TRUE,NA,NA,analyzed
nfl,2021,401326432,2021-10-24T20:25Z,STATUS_FINAL,Arizona Cardinals,Houston Texans,ARI,HOU,7-0,1-6,31,5,home,ARI,20.5,47,-1766,1119,100,-111,1,nflreadr,TRUE,FALSE,TRUE,FALSE,TRUE,eligible,TRUE,TRUE,NA,NA,analyzed
nfl,2021,401326433,2021-10-24T20:25Z,STATUS_FINAL,Tampa Bay Buccaneers,Chicago Bears,TB,CHI,6-1,3-4,38,3,home,TB,12.5,47,-644,501,103,-114,1,nflreadr,TRUE,FALSE,TRUE,FALSE,TRUE,eligible,TRUE,TRUE,NA,NA,analyzed
nfl,2021,401326434,2021-10-25T00:20Z,STATUS_FINAL,San Francisco 49ers,Indianapolis Colts,SF,IND,2-4,3-4,18,30,NA,NA,NA,NA,NA,NA,NA,NA,NA,NA,TRUE,FALSE,TRUE,FALSE,TRUE,eligible,TRUE,TRUE,NA,NA,analyzed
nfl,2021,401326435,2021-10-26T00:15Z,STATUS_FINAL,Seattle Seahawks,New Orleans Saints,SEA,NO,2-5,4-2,10,13,NA,NA,NA,NA,NA,NA,NA,NA,NA,NA,TRUE,FALSE,TRUE,FALSE,TRUE,eligible,TRUE,TRUE,NA,NA,analyzed
nfl,2021,401326436,2021-10-29T00:20Z,STATUS_FINAL,Arizona Cardinals,Green Bay Packers,ARI,GB,7-1,7-1,21,24,NA,NA,NA,NA,NA,NA,NA,NA,NA,NA,TRUE,FALSE,TRUE,FALSE,TRUE,eligible,TRUE,TRUE,NA,NA,analyzed
nfl,2021,401326437,2021-10-31T17:00Z,STATUS_FINAL,Atlanta Falcons,Carolina Panthers,ATL,CAR,3-4,4-4,13,19,home,ATL,2.5,47,-129,117,-101,-109,1,nflreadr,TRUE,FALSE,TRUE,FALSE,TRUE,eligible,TRUE,TRUE,NA,NA,analyzed
nfl,2021,401326438,2021-10-31T17:00Z,STATUS_FINAL,Buffalo Bills,Miami Dolphins,BUF,MIA,5-2,1-7,26,11,home,BUF,15,48.5,-983,709,-102,-108,1,nflreadr,TRUE,FALSE,TRUE,FALSE,TRUE,eligible,TRUE,TRUE,NA,NA,analyzed
nfl,2021,401326439,2021-10-31T17:00Z,STATUS_FINAL,Chicago Bears,San Francisco 49ers,CHI,SF,3-5,3-4,22,33,away,SF,4.5,40,186,-210,-107,-103,1,nflreadr,TRUE,FALSE,TRUE,FALSE,TRUE,eligible,TRUE,TRUE,NA,NA,analyzed
nfl,2021,401326440,2021-10-31T17:00Z,STATUS_FINAL,Cleveland Browns,Pittsburgh Steelers,CLE,PIT,4-4,4-3,10,15,home,CLE,5.5,43,-222,196,-102,-108,1,nflreadr,TRUE,FALSE,TRUE,FALSE,TRUE,eligible,TRUE,TRUE,NA,NA,analyzed
nfl,2021,401326441,2021-10-31T17:00Z,STATUS_FINAL,Detroit Lions,Philadelphia Eagles,DET,PHI,0-8,3-5,6,44,away,PHI,3,48.5,151,-168,105,-116,1,nflreadr,TRUE,FALSE,TRUE,FALSE,TRUE,eligible,TRUE,TRUE,NA,NA,analyzed
nfl,2021,401326443,2021-10-31T17:00Z,STATUS_FINAL,Indianapolis Colts,Tennessee Titans,IND,TEN,3-5,6-2,31,34,home,IND,3,51,-160,144,-108,-102,1,nflreadr,TRUE,FALSE,TRUE,FALSE,TRUE,eligible,TRUE,TRUE,NA,NA,analyzed
nfl,2021,401326444,2021-10-31T17:00Z,STATUS_FINAL,New York Jets,Cincinnati Bengals,NYJ,CIN,2-5,5-3,34,31,away,CIN,11.5,43.5,411,-510,-105,-105,1,nflreadr,TRUE,FALSE,TRUE,FALSE,TRUE,eligible,TRUE,TRUE,NA,NA,analyzed
nfl,2021,401326442,2021-10-31T17:00Z,STATUS_FINAL,Houston Texans,Los Angeles Rams,HOU,LAR,1-7,7-1,22,38,NA,NA,NA,NA,NA,NA,NA,NA,NA,NA,TRUE,FALSE,TRUE,FALSE,TRUE,eligible,TRUE,TRUE,NA,NA,analyzed
nfl,2021,401326445,2021-10-31T20:05Z,STATUS_FINAL,Los Angeles Chargers,New England Patriots,LAC,NE,4-3,4-4,24,27,home,LAC,3.5,50.5,-183,163,-109,-101,1,nflreadr,TRUE,FALSE,TRUE,FALSE,TRUE,eligible,TRUE,TRUE,NA,NA,analyzed
nfl,2021,401326446,2021-10-31T20:05Z,STATUS_FINAL,Seattle Seahawks,Jacksonville Jaguars,SEA,JAX,3-5,1-6,31,7,home,SEA,4,44,-192,171,-105,-105,1,nflreadr,TRUE,FALSE,TRUE,FALSE,TRUE,eligible,TRUE,TRUE,NA,NA,analyzed
nfl,2021,401326447,2021-10-31T20:25Z,STATUS_FINAL,Denver Broncos,Washington,DEN,WSH,4-4,2-6,17,10,NA,NA,NA,NA,NA,NA,NA,NA,NA,NA,TRUE,FALSE,TRUE,FALSE,TRUE,eligible,TRUE,TRUE,NA,NA,analyzed
nfl,2021,401326448,2021-10-31T20:25Z,STATUS_FINAL,New Orleans Saints,Tampa Bay Buccaneers,NO,TB,5-2,6-2,36,27,away,TB,4,48.5,168,-188,-109,-101,1,nflreadr,TRUE,FALSE,TRUE,FALSE,TRUE,eligible,TRUE,TRUE,NA,NA,analyzed
nfl,2021,401326449,2021-11-01T00:20Z,STATUS_FINAL,Minnesota Vikings,Dallas Cowboys,MIN,DAL,3-4,6-1,16,20,NA,NA,NA,NA,NA,NA,NA,NA,NA,NA,TRUE,FALSE,TRUE,FALSE,TRUE,eligible,TRUE,TRUE,NA,NA,analyzed
nfl,2021,401326450,2021-11-02T00:15Z,STATUS_FINAL,Kansas City Chiefs,New York Giants,KC,NYG,4-4,2-6,20,17,NA,NA,NA,NA,NA,NA,NA,NA,NA,NA,TRUE,FALSE,TRUE,FALSE,TRUE,eligible,TRUE,TRUE,NA,NA,analyzed
nfl,2021,401326451,2021-11-05T00:20Z,STATUS_FINAL,Indianapolis Colts,New York Jets,IND,NYJ,4-5,2-6,45,30,NA,NA,NA,NA,NA,NA,NA,NA,NA,NA,TRUE,FALSE,TRUE,FALSE,TRUE,eligible,TRUE,TRUE,NA,NA,analyzed
nfl,2021,401326454,2021-11-07T18:00Z,STATUS_FINAL,Cincinnati Bengals,Cleveland Browns,CIN,CLE,5-4,5-4,16,41,home,CIN,2.5,47.5,-129,117,-105,-105,1,nflreadr,TRUE,FALSE,TRUE,FALSE,TRUE,eligible,TRUE,TRUE,NA,NA,analyzed
nfl,2021,401326455,2021-11-07T18:00Z,STATUS_FINAL,Dallas Cowboys,Denver Broncos,DAL,DEN,6-2,5-4,16,30,home,DAL,10.5,50,-462,378,-103,-107,1,nflreadr,TRUE,FALSE,TRUE,FALSE,TRUE,eligible,TRUE,TRUE,NA,NA,analyzed
nfl,2021,401326457,2021-11-07T18:00Z,STATUS_FINAL,Miami Dolphins,Houston Texans,MIA,HOU,2-7,1-8,17,9,home,MIA,4,45,-185,166,101,-112,1,nflreadr,TRUE,FALSE,TRUE,FALSE,TRUE,eligible,TRUE,TRUE,NA,NA,analyzed
nfl,2021,401326458,2021-11-07T18:00Z,STATUS_FINAL,New Orleans Saints,Atlanta Falcons,NO,ATL,5-3,4-4,25,27,home,NO,7,43,-277,240,106,-117,1,nflreadr,TRUE,FALSE,TRUE,FALSE,TRUE,eligible,TRUE,TRUE,NA,NA,analyzed
nfl,2021,401326459,2021-11-07T18:00Z,STATUS_FINAL,New York Giants,Las Vegas Raiders,NYG,LV,3-6,5-3,23,16,away,LV,3,47,137,-152,-108,-102,1,nflreadr,TRUE,FALSE,TRUE,FALSE,TRUE,eligible,TRUE,TRUE,NA,NA,analyzed
nfl,2021,401326453,2021-11-07T18:00Z,STATUS_FINAL,Carolina Panthers,New England Patriots,CAR,NE,4-5,5-4,6,24,away,NE,3.5,41.5,157,-176,-109,-101,1,nflreadr,TRUE,FALSE,TRUE,FALSE,TRUE,eligible,TRUE,TRUE,NA,NA,analyzed
nfl,2021,401326456,2021-11-07T18:00Z,STATUS_FINAL,Jacksonville Jaguars,Buffalo Bills,JAX,BUF,2-6,5-3,9,6,away,BUF,14.5,48,776,-1101,109,-120,1,nflreadr,TRUE,FALSE,TRUE,FALSE,TRUE,eligible,TRUE,TRUE,NA,NA,analyzed
nfl,2021,401326452,2021-11-07T18:00Z,STATUS_FINAL,Baltimore Ravens,Minnesota Vikings,BAL,MIN,6-2,3-5,34,31,home,BAL,7.5,51,-305,262,106,-117,1,nflreadr,TRUE,FALSE,TRUE,FALSE,TRUE,eligible,TRUE,TRUE,NA,NA,analyzed
nfl,2021,401326460,2021-11-07T21:05Z,STATUS_FINAL,Philadelphia Eagles,Los Angeles Chargers,PHI,LAC,3-6,5-3,24,27,away,LAC,1,49.5,-104,-106,-110,-101,1,nflreadr,TRUE,FALSE,TRUE,FALSE,TRUE,eligible,TRUE,TRUE,NA,NA,analyzed
nfl,2021,401326461,2021-11-07T21:25Z,STATUS_FINAL,Kansas City Chiefs,Green Bay Packers,KC,GB,5-4,7-2,13,7,home,KC,7,48,-322,275,-104,-107,1,nflreadr,TRUE,FALSE,TRUE,FALSE,TRUE,eligible,TRUE,TRUE,NA,NA,analyzed
nfl,2021,401326462,2021-11-07T21:25Z,STATUS_FINAL,San Francisco 49ers,Arizona Cardinals,SF,ARI,3-5,8-1,17,31,home,SF,5.5,44.5,-235,207,-105,-105,1,nflreadr,TRUE,FALSE,TRUE,FALSE,TRUE,eligible,TRUE,TRUE,NA,NA,analyzed
nfl,2021,401326463,2021-11-08T01:20Z,STATUS_FINAL,Los Angeles Rams,Tennessee Titans,LAR,TEN,7-2,7-2,16,28,NA,NA,NA,NA,NA,NA,NA,NA,NA,NA,TRUE,FALSE,TRUE,FALSE,TRUE,eligible,TRUE,TRUE,NA,NA,analyzed
nfl,2021,401326464,2021-11-09T01:15Z,STATUS_FINAL,Pittsburgh Steelers,Chicago Bears,PIT,CHI,5-3,3-6,29,27,NA,NA,NA,NA,NA,NA,NA,NA,NA,NA,TRUE,FALSE,TRUE,FALSE,TRUE,eligible,TRUE,TRUE,NA,NA,analyzed
nfl,2021,401326465,2021-11-12T01:20Z,STATUS_FINAL,Miami Dolphins,Baltimore Ravens,MIA,BAL,3-7,6-3,22,10,NA,NA,NA,NA,NA,NA,NA,NA,NA,NA,TRUE,FALSE,TRUE,FALSE,TRUE,eligible,TRUE,TRUE,NA,NA,analyzed
nfl,2021,401326466,2021-11-14T18:00Z,STATUS_FINAL,Dallas Cowboys,Atlanta Falcons,DAL,ATL,7-2,4-5,43,3,home,DAL,8,55,-392,328,-105,-105,1,nflreadr,TRUE,FALSE,TRUE,FALSE,TRUE,eligible,TRUE,TRUE,NA,NA,analyzed
nfl,2021,401326471,2021-11-14T18:00Z,STATUS_FINAL,Tennessee Titans,New Orleans Saints,TEN,NO,8-2,5-4,23,21,home,TEN,3,44,-147,133,103,-114,1,nflreadr,TRUE,FALSE,TRUE,FALSE,TRUE,eligible,TRUE,TRUE,NA,NA,analyzed
nfl,2021,401326467,2021-11-14T18:00Z,STATUS_FINAL,Indianapolis Colts,Jacksonville Jaguars,IND,JAX,5-5,2-7,23,17,home,IND,10.5,47.5,-434,358,104,-115,1,nflreadr,TRUE,FALSE,TRUE,FALSE,TRUE,eligible,TRUE,TRUE,NA,NA,analyzed
nfl,2021,401326468,2021-11-14T18:00Z,STATUS_FINAL,New England Patriots,Cleveland Browns,NE,CLE,6-4,5-5,45,7,home,NE,2.5,45.5,-132,119,-106,-104,1,nflreadr,TRUE,FALSE,TRUE,FALSE,TRUE,eligible,TRUE,TRUE,NA,NA,analyzed
nfl,2021,401326469,2021-11-14T18:00Z,STATUS_FINAL,New York Jets,Buffalo Bills,NYJ,BUF,2-7,6-3,17,45,away,BUF,13,47,527,-685,-111,101,1,nflreadr,TRUE,FALSE,TRUE,FALSE,TRUE,eligible,TRUE,TRUE,NA,NA,analyzed
nfl,2021,401326470,2021-11-14T18:00Z,STATUS_FINAL,Pittsburgh Steelers,Detroit Lions,PIT,DET,5-3-1,0-8-1,16,16,home,PIT,9,43,-359,303,110,-121,1,nflreadr,TRUE,FALSE,TRUE,TRUE,FALSE,tie,FALSE,FALSE,NA,NA,tie
nfl,2021,401326472,2021-11-14T18:00Z,STATUS_FINAL,Washington,Tampa Bay Buccaneers,WSH,TB,3-6,6-3,29,19,NA,NA,NA,NA,NA,NA,NA,NA,NA,NA,TRUE,FALSE,TRUE,FALSE,TRUE,eligible,TRUE,TRUE,NA,NA,analyzed
nfl,2021,401326473,2021-11-14T21:05Z,STATUS_FINAL,Arizona Cardinals,Carolina Panthers,ARI,CAR,8-2,5-5,10,34,home,ARI,7,42,-329,280,-107,-103,1,nflreadr,TRUE,FALSE,TRUE,FALSE,TRUE,eligible,TRUE,TRUE,NA,NA,analyzed
nfl,2021,401326474,2021-11-14T21:05Z,STATUS_FINAL,Los Angeles Chargers,Minnesota Vikings,LAC,MIN,5-4,4-5,20,27,home,LAC,3,53.5,-179,160,-123,111,1,nflreadr,TRUE,FALSE,TRUE,FALSE,TRUE,eligible,TRUE,TRUE,NA,NA,analyzed
nfl,2021,401326475,2021-11-14T21:25Z,STATUS_FINAL,Denver Broncos,Philadelphia Eagles,DEN,PHI,5-5,4-6,13,30,home,DEN,1,44.5,-111,101,-102,-108,1,nflreadr,TRUE,FALSE,TRUE,FALSE,TRUE,eligible,TRUE,TRUE,NA,NA,analyzed
nfl,2021,401326476,2021-11-14T21:25Z,STATUS_FINAL,Green Bay Packers,Seattle Seahawks,GB,SEA,8-2,3-6,17,0,home,GB,3,49.5,-168,151,-115,104,1,nflreadr,TRUE,FALSE,TRUE,FALSE,TRUE,eligible,TRUE,TRUE,NA,NA,analyzed
nfl,2021,401326477,2021-11-15T01:20Z,STATUS_FINAL,Las Vegas Raiders,Kansas City Chiefs,LV,KC,5-4,6-4,14,41,NA,NA,NA,NA,NA,NA,NA,NA,NA,NA,TRUE,FALSE,TRUE,FALSE,TRUE,eligible,TRUE,TRUE,NA,NA,analyzed
nfl,2021,401326478,2021-11-16T01:15Z,STATUS_FINAL,San Francisco 49ers,Los Angeles Rams,SF,LAR,4-5,7-3,31,10,NA,NA,NA,NA,NA,NA,NA,NA,NA,NA,TRUE,FALSE,TRUE,FALSE,TRUE,eligible,TRUE,TRUE,NA,NA,analyzed
nfl,2021,401326479,2021-11-19T01:20Z,STATUS_FINAL,Atlanta Falcons,New England Patriots,ATL,NE,4-6,7-4,0,25,NA,NA,NA,NA,NA,NA,NA,NA,NA,NA,TRUE,FALSE,TRUE,FALSE,TRUE,eligible,TRUE,TRUE,NA,NA,analyzed
nfl,2021,401326480,2021-11-21T18:00Z,STATUS_FINAL,Buffalo Bills,Indianapolis Colts,BUF,IND,6-4,6-5,15,41,home,BUF,7.5,49.5,-320,274,105,-116,1,nflreadr,TRUE,FALSE,TRUE,FALSE,TRUE,eligible,TRUE,TRUE,NA,NA,analyzed
nfl,2021,401326482,2021-11-21T18:00Z,STATUS_FINAL,Chicago Bears,Baltimore Ravens,CHI,BAL,3-7,7-3,13,16,away,BAL,5,43,199,-226,-107,-103,1,nflreadr,TRUE,FALSE,TRUE,FALSE,TRUE,eligible,TRUE,TRUE,NA,NA,analyzed
nfl,2021,401326483,2021-11-21T18:00Z,STATUS_FINAL,Cleveland Browns,Detroit Lions,CLE,DET,6-5,0-9-1,13,10,home,CLE,13,42.5,-590,465,-104,-106,1,nflreadr,TRUE,FALSE,TRUE,FALSE,TRUE,eligible,TRUE,TRUE,NA,NA,analyzed
nfl,2021,401326488,2021-11-21T18:00Z,STATUS_FINAL,Tennessee Titans,Houston Texans,TEN,HOU,8-3,2-8,13,22,home,TEN,10.5,44.5,-462,377,-100,-110,1,nflreadr,TRUE,FALSE,TRUE,FALSE,TRUE,eligible,TRUE,TRUE,NA,NA,analyzed
nfl,2021,401326485,2021-11-21T18:00Z,STATUS_FINAL,Minnesota Vikings,Green Bay Packers,MIN,GB,5-5,8-3,34,31,away,GB,1,48,101,-111,-105,-105,1,nflreadr,TRUE,FALSE,TRUE,FALSE,TRUE,eligible,TRUE,TRUE,NA,NA,analyzed
nfl,2021,401326486,2021-11-21T18:00Z,STATUS_FINAL,New York Jets,Miami Dolphins,NYJ,MIA,2-8,4-7,17,24,away,MIA,3.5,44.5,162,-181,-107,-103,1,nflreadr,TRUE,FALSE,TRUE,FALSE,TRUE,eligible,TRUE,TRUE,NA,NA,analyzed
nfl,2021,401326487,2021-11-21T18:00Z,STATUS_FINAL,Philadelphia Eagles,New Orleans Saints,PHI,NO,5-6,5-5,40,29,home,PHI,2.5,42.5,-144,130,-117,106,1,nflreadr,TRUE,FALSE,TRUE,FALSE,TRUE,eligible,TRUE,TRUE,NA,NA,analyzed
nfl,2021,401326481,2021-11-21T18:00Z,STATUS_FINAL,Carolina Panthers,Washington,CAR,WSH,5-6,4-6,21,27,NA,NA,NA,NA,NA,NA,NA,NA,NA,NA,TRUE,FALSE,TRUE,FALSE,TRUE,eligible,TRUE,TRUE,NA,NA,analyzed
nfl,2021,401326484,2021-11-21T18:00Z,STATUS_FINAL,Jacksonville Jaguars,San Francisco 49ers,JAX,SF,2-8,5-5,10,30,away,SF,6.5,45,243,-281,-104,-106,1,nflreadr,TRUE,FALSE,TRUE,FALSE,TRUE,eligible,TRUE,TRUE,NA,NA,analyzed
nfl,2021,401326489,2021-11-21T21:05Z,STATUS_FINAL,Las Vegas Raiders,Cincinnati Bengals,LV,CIN,5-5,6-4,13,32,away,CIN,1,50.5,112,-123,105,-115,1,nflreadr,TRUE,FALSE,TRUE,FALSE,TRUE,eligible,TRUE,TRUE,NA,NA,analyzed
nfl,2021,401326490,2021-11-21T21:25Z,STATUS_FINAL,Kansas City Chiefs,Dallas Cowboys,KC,DAL,7-4,7-3,19,9,home,KC,2.5,56,-134,122,-110,-101,1,nflreadr,TRUE,FALSE,TRUE,FALSE,TRUE,eligible,TRUE,TRUE,NA,NA,analyzed
nfl,2021,401326491,2021-11-21T21:25Z,STATUS_FINAL,Seattle Seahawks,Arizona Cardinals,SEA,ARI,3-7,9-2,13,23,home,SEA,2.5,46,-150,135,-122,111,1,nflreadr,TRUE,FALSE,TRUE,FALSE,TRUE,eligible,TRUE,TRUE,NA,NA,analyzed
nfl,2021,401326492,2021-11-22T01:20Z,STATUS_FINAL,Los Angeles Chargers,Pittsburgh Steelers,LAC,PIT,6-4,5-4-1,41,37,NA,NA,NA,NA,NA,NA,NA,NA,NA,NA,TRUE,FALSE,TRUE,FALSE,TRUE,eligible,TRUE,TRUE,NA,NA,analyzed
nfl,2021,401326493,2021-11-23T01:15Z,STATUS_FINAL,Tampa Bay Buccaneers,New York Giants,TB,NYG,7-3,3-7,30,10,NA,NA,NA,NA,NA,NA,NA,NA,NA,NA,TRUE,FALSE,TRUE,FALSE,TRUE,eligible,TRUE,TRUE,NA,NA,analyzed
nfl,2021,401326494,2021-11-25T17:30Z,STATUS_FINAL,Detroit Lions,Chicago Bears,DET,CHI,0-10-1,4-7,14,16,away,CHI,2,41.5,115,-129,-104,-107,1,nflreadr,TRUE,FALSE,TRUE,FALSE,TRUE,eligible,TRUE,TRUE,NA,NA,analyzed
nfl,2021,401326495,2021-11-25T21:30Z,STATUS_FINAL,Dallas Cowboys,Las Vegas Raiders,DAL,LV,7-4,6-5,33,36,home,DAL,7,51,-314,269,-105,-106,1,nflreadr,TRUE,FALSE,TRUE,FALSE,TRUE,eligible,TRUE,TRUE,NA,NA,analyzed
nfl,2021,401326496,2021-11-26T01:20Z,STATUS_FINAL,New Orleans Saints,Buffalo Bills,NO,BUF,5-6,7-4,6,31,NA,NA,NA,NA,NA,NA,NA,NA,NA,NA,TRUE,FALSE,TRUE,FALSE,TRUE,eligible,TRUE,TRUE,NA,NA,analyzed
nfl,2021,401326497,2021-11-28T18:00Z,STATUS_FINAL,Cincinnati Bengals,Pittsburgh Steelers,CIN,PIT,7-4,5-5-1,41,10,home,CIN,3.5,43.5,-172,154,-100,-111,1,nflreadr,TRUE,FALSE,TRUE,FALSE,TRUE,eligible,TRUE,TRUE,NA,NA,analyzed
nfl,2021,401326499,2021-11-28T18:00Z,STATUS_FINAL,Indianapolis Colts,Tampa Bay Buccaneers,IND,TB,6-6,8-3,31,38,away,TB,3,53,135,-149,-112,101,1,nflreadr,TRUE,FALSE,TRUE,FALSE,TRUE,eligible,TRUE,TRUE,NA,NA,analyzed
nfl,2021,401326501,2021-11-28T18:00Z,STATUS_FINAL,Miami Dolphins,Carolina Panthers,MIA,CAR,5-7,5-7,33,10,away,CAR,1,41,108,-119,-101,-110,1,nflreadr,TRUE,FALSE,TRUE,FALSE,TRUE,eligible,TRUE,TRUE,NA,NA,analyzed
nfl,2021,401326502,2021-11-28T18:00Z,STATUS_FINAL,New England Patriots,Tennessee Titans,NE,TEN,8-4,8-4,36,13,home,NE,7.5,43,-305,262,106,-118,1,nflreadr,TRUE,FALSE,TRUE,FALSE,TRUE,eligible,TRUE,TRUE,NA,NA,analyzed
nfl,2021,401326503,2021-11-28T18:00Z,STATUS_FINAL,New York Giants,Philadelphia Eagles,NYG,PHI,4-7,5-7,13,7,away,PHI,4,45.5,171,-192,-110,100,1,nflreadr,TRUE,FALSE,TRUE,FALSE,TRUE,eligible,TRUE,TRUE,NA,NA,analyzed
nfl,2021,401326500,2021-11-28T18:00Z,STATUS_FINAL,Jacksonville Jaguars,Atlanta Falcons,JAX,ATL,2-9,5-6,14,21,away,ATL,1.5,46,105,-115,-108,-102,1,nflreadr,TRUE,FALSE,TRUE,FALSE,TRUE,eligible,TRUE,TRUE,NA,NA,analyzed
nfl,2021,401326498,2021-11-28T18:00Z,STATUS_FINAL,Houston Texans,New York Jets,HOU,NYJ,2-9,3-8,14,21,home,HOU,3,44.5,-138,125,111,-124,1,nflreadr,TRUE,FALSE,TRUE,FALSE,TRUE,eligible,TRUE,TRUE,NA,NA,analyzed
nfl,2021,401326504,2021-11-28T21:05Z,STATUS_FINAL,Denver Broncos,Los Angeles Chargers,DEN,LAC,6-5,6-5,28,13,away,LAC,2.5,47.5,127,-141,103,-114,1,nflreadr,TRUE,FALSE,TRUE,FALSE,TRUE,eligible,TRUE,TRUE,NA,NA,analyzed
nfl,2021,401326505,2021-11-28T21:25Z,STATUS_FINAL,Green Bay Packers,Los Angeles Rams,GB,LAR,9-3,7-4,36,28,NA,NA,NA,NA,NA,NA,NA,NA,NA,NA,TRUE,FALSE,TRUE,FALSE,TRUE,eligible,TRUE,TRUE,NA,NA,analyzed
nfl,2021,401326506,2021-11-28T21:25Z,STATUS_FINAL,San Francisco 49ers,Minnesota Vikings,SF,MIN,6-5,5-6,34,26,home,SF,3.5,49,-183,164,-102,-108,1,nflreadr,TRUE,FALSE,TRUE,FALSE,TRUE,eligible,TRUE,TRUE,NA,NA,analyzed
nfl,2021,401326507,2021-11-29T01:20Z,STATUS_FINAL,Baltimore Ravens,Cleveland Browns,BAL,CLE,8-3,6-6,16,10,NA,NA,NA,NA,NA,NA,NA,NA,NA,NA,TRUE,FALSE,TRUE,FALSE,TRUE,eligible,TRUE,TRUE,NA,NA,analyzed
nfl,2021,401326508,2021-11-30T01:15Z,STATUS_FINAL,Washington,Seattle Seahawks,WSH,SEA,5-6,3-8,17,15,NA,NA,NA,NA,NA,NA,NA,NA,NA,NA,TRUE,FALSE,TRUE,FALSE,TRUE,eligible,TRUE,TRUE,NA,NA,analyzed
nfl,2021,401326509,2021-12-03T01:20Z,STATUS_FINAL,New Orleans Saints,Dallas Cowboys,NO,DAL,5-7,8-4,17,27,NA,NA,NA,NA,NA,NA,NA,NA,NA,NA,TRUE,FALSE,TRUE,FALSE,TRUE,eligible,TRUE,TRUE,NA,NA,analyzed
nfl,2021,401326510,2021-12-05T18:00Z,STATUS_FINAL,Atlanta Falcons,Tampa Bay Buccaneers,ATL,TB,5-7,9-3,17,30,away,TB,11,51,387,-475,-108,-103,1,nflreadr,TRUE,FALSE,TRUE,FALSE,TRUE,eligible,TRUE,TRUE,NA,NA,analyzed
nfl,2021,401326511,2021-12-05T18:00Z,STATUS_FINAL,Chicago Bears,Arizona Cardinals,CHI,ARI,4-8,10-2,22,33,away,ARI,7.5,43.5,314,-373,104,-116,1,nflreadr,TRUE,FALSE,TRUE,FALSE,TRUE,eligible,TRUE,TRUE,NA,NA,analyzed
nfl,2021,401326512,2021-12-05T18:00Z,STATUS_FINAL,Cincinnati Bengals,Los Angeles Chargers,CIN,LAC,7-5,7-5,22,41,home,CIN,2.5,49.5,-141,127,-116,104,1,nflreadr,TRUE,FALSE,TRUE,FALSE,TRUE,eligible,TRUE,TRUE,NA,NA,analyzed
nfl,2021,401326513,2021-12-05T18:00Z,STATUS_FINAL,Detroit Lions,Minnesota Vikings,DET,MIN,1-10-1,5-7,29,27,away,MIN,7,47.5,255,-296,-107,-104,1,nflreadr,TRUE,FALSE,TRUE,FALSE,TRUE,eligible,TRUE,TRUE,NA,NA,analyzed
nfl,2021,401326516,2021-12-05T18:00Z,STATUS_FINAL,Miami Dolphins,New York Giants,MIA,NYG,6-7,4-8,20,9,home,MIA,6.5,40,-293,253,-120,108,1,nflreadr,TRUE,FALSE,TRUE,FALSE,TRUE,eligible,TRUE,TRUE,NA,NA,analyzed
nfl,2021,401326517,2021-12-05T18:00Z,STATUS_FINAL,New York Jets,Philadelphia Eagles,NYJ,PHI,3-9,6-7,18,33,away,PHI,5,44,177,-199,-113,102,1,nflreadr,TRUE,FALSE,TRUE,FALSE,TRUE,eligible,TRUE,TRUE,NA,NA,analyzed
nfl,2021,401326514,2021-12-05T18:00Z,STATUS_FINAL,Houston Texans,Indianapolis Colts,HOU,IND,2-10,7-6,0,31,away,IND,10,45.5,339,-408,-106,-105,1,nflreadr,TRUE,FALSE,TRUE,FALSE,TRUE,eligible,TRUE,TRUE,NA,NA,analyzed
nfl,2021,401326518,2021-12-05T21:05Z,STATUS_FINAL,Las Vegas Raiders,Washington,LV,WSH,6-6,6-6,15,17,NA,NA,NA,NA,NA,NA,NA,NA,NA,NA,TRUE,FALSE,TRUE,FALSE,TRUE,eligible,TRUE,TRUE,NA,NA,analyzed
nfl,2021,401326519,2021-12-05T21:05Z,STATUS_FINAL,Los Angeles Rams,Jacksonville Jaguars,LAR,JAX,8-4,2-10,37,7,NA,NA,NA,NA,NA,NA,NA,NA,NA,NA,TRUE,FALSE,TRUE,FALSE,TRUE,eligible,TRUE,TRUE,NA,NA,analyzed
nfl,2021,401326520,2021-12-05T21:25Z,STATUS_FINAL,Pittsburgh Steelers,Baltimore Ravens,PIT,BAL,6-5-1,8-4,20,19,away,BAL,4,44,174,-195,-107,-104,1,nflreadr,TRUE,FALSE,TRUE,FALSE,TRUE,eligible,TRUE,TRUE,NA,NA,analyzed
nfl,2021,401326521,2021-12-05T21:25Z,STATUS_FINAL,Seattle Seahawks,San Francisco 49ers,SEA,SF,4-8,6-6,30,23,away,SF,3,44.5,125,-138,-120,108,1,nflreadr,TRUE,FALSE,TRUE,FALSE,TRUE,eligible,TRUE,TRUE,NA,NA,analyzed
nfl,2021,401326515,2021-12-06T01:20Z,STATUS_FINAL,Kansas City Chiefs,Denver Broncos,KC,DEN,8-4,6-6,22,9,NA,NA,NA,NA,NA,NA,NA,NA,NA,NA,TRUE,FALSE,TRUE,FALSE,TRUE,eligible,TRUE,TRUE,NA,NA,analyzed
nfl,2021,401326522,2021-12-07T01:15Z,STATUS_FINAL,Buffalo Bills,New England Patriots,BUF,NE,7-5,9-4,10,14,NA,NA,NA,NA,NA,NA,NA,NA,NA,NA,TRUE,FALSE,TRUE,FALSE,TRUE,eligible,TRUE,TRUE,NA,NA,analyzed
nfl,2021,401326523,2021-12-10T01:20Z,STATUS_FINAL,Minnesota Vikings,Pittsburgh Steelers,MIN,PIT,6-7,6-6-1,36,28,NA,NA,NA,NA,NA,NA,NA,NA,NA,NA,TRUE,FALSE,TRUE,FALSE,TRUE,eligible,TRUE,TRUE,NA,NA,analyzed
nfl,2021,401326526,2021-12-12T18:00Z,STATUS_FINAL,Cleveland Browns,Baltimore Ravens,CLE,BAL,7-6,8-5,24,22,home,CLE,3,44,-150,135,-107,-104,1,nflreadr,TRUE,FALSE,TRUE,FALSE,TRUE,eligible,TRUE,TRUE,NA,NA,analyzed
nfl,2021,401326530,2021-12-12T18:00Z,STATUS_FINAL,Tennessee Titans,Jacksonville Jaguars,TEN,JAX,9-4,2-11,20,0,home,TEN,8.5,44.5,-384,321,-103,-108,1,nflreadr,TRUE,FALSE,TRUE,FALSE,TRUE,eligible,TRUE,TRUE,NA,NA,analyzed
nfl,2021,401326528,2021-12-12T18:00Z,STATUS_FINAL,Kansas City Chiefs,Las Vegas Raiders,KC,LV,9-4,6-7,48,9,home,KC,10,48,-444,365,-103,-108,1,nflreadr,TRUE,FALSE,TRUE,FALSE,TRUE,eligible,TRUE,TRUE,NA,NA,analyzed
nfl,2021,401326529,2021-12-12T18:00Z,STATUS_FINAL,New York Jets,New Orleans Saints,NYJ,NO,3-10,6-7,9,30,away,NO,4.5,42,173,-194,-114,103,1,nflreadr,TRUE,FALSE,TRUE,FALSE,TRUE,eligible,TRUE,TRUE,NA,NA,analyzed
nfl,2021,401326531,2021-12-12T18:00Z,STATUS_FINAL,Washington,Dallas Cowboys,WSH,DAL,6-7,9-4,20,27,NA,NA,NA,NA,NA,NA,NA,NA,NA,NA,TRUE,FALSE,TRUE,FALSE,TRUE,eligible,TRUE,TRUE,NA,NA,analyzed
nfl,2021,401326524,2021-12-12T18:00Z,STATUS_FINAL,Carolina Panthers,Atlanta Falcons,CAR,ATL,5-8,6-7,21,29,home,CAR,2.5,41,-136,123,-107,-104,1,nflreadr,TRUE,FALSE,TRUE,FALSE,TRUE,eligible,TRUE,TRUE,NA,NA,analyzed
nfl,2021,401326527,2021-12-12T18:00Z,STATUS_FINAL,Houston Texans,Seattle Seahawks,HOU,SEA,2-11,5-8,13,33,away,SEA,10,40.5,334,-401,-116,104,1,nflreadr,TRUE,FALSE,TRUE,FALSE,TRUE,eligible,TRUE,TRUE,NA,NA,analyzed
nfl,2021,401326532,2021-12-12T21:05Z,STATUS_FINAL,Denver Broncos,Detroit Lions,DEN,DET,7-6,1-11-1,38,10,home,DEN,13,42,-635,495,-102,-109,1,nflreadr,TRUE,FALSE,TRUE,FALSE,TRUE,eligible,TRUE,TRUE,NA,NA,analyzed
nfl,2021,401326533,2021-12-12T21:05Z,STATUS_FINAL,Los Angeles Chargers,New York Giants,LAC,NYG,8-5,4-9,37,21,home,LAC,9.5,44,-395,329,106,-118,1,nflreadr,TRUE,FALSE,TRUE,FALSE,TRUE,eligible,TRUE,TRUE,NA,NA,analyzed
nfl,2021,401326525,2021-12-12T21:25Z,STATUS_FINAL,Cincinnati Bengals,San Francisco 49ers,CIN,SF,7-6,7-6,23,26,away,SF,2.5,49,117,-130,-108,-103,1,nflreadr,TRUE,FALSE,TRUE,FALSE,TRUE,eligible,TRUE,TRUE,NA,NA,analyzed
nfl,2021,401326534,2021-12-12T21:25Z,STATUS_FINAL,Tampa Bay Buccaneers,Buffalo Bills,TB,BUF,10-3,7-6,33,27,home,TB,3.5,52.5,-181,161,-105,-106,1,nflreadr,TRUE,FALSE,TRUE,FALSE,TRUE,eligible,TRUE,TRUE,NA,NA,analyzed
nfl,2021,401326535,2021-12-13T01:20Z,STATUS_FINAL,Green Bay Packers,Chicago Bears,GB,CHI,10-3,4-9,45,30,NA,NA,NA,NA,NA,NA,NA,NA,NA,NA,TRUE,FALSE,TRUE,FALSE,TRUE,eligible,TRUE,TRUE,NA,NA,analyzed
nfl,2021,401326536,2021-12-14T01:15Z,STATUS_FINAL,Arizona Cardinals,Los Angeles Rams,ARI,LAR,10-3,9-4,23,30,NA,NA,NA,NA,NA,NA,NA,NA,NA,NA,TRUE,FALSE,TRUE,FALSE,TRUE,eligible,TRUE,TRUE,NA,NA,analyzed
nfl,2021,401326537,2021-12-17T01:20Z,STATUS_FINAL,Los Angeles Chargers,Kansas City Chiefs,LAC,KC,8-6,10-4,28,34,NA,NA,NA,NA,NA,NA,NA,NA,NA,NA,TRUE,FALSE,TRUE,FALSE,TRUE,eligible,TRUE,TRUE,NA,NA,analyzed
nfl,2021,401326540,2021-12-19T01:15Z,STATUS_FINAL,Indianapolis Colts,New England Patriots,IND,NE,8-6,9-5,27,17,NA,NA,NA,NA,NA,NA,NA,NA,NA,NA,TRUE,FALSE,TRUE,FALSE,TRUE,eligible,TRUE,TRUE,NA,NA,analyzed
nfl,2021,401326538,2021-12-19T18:00Z,STATUS_FINAL,Buffalo Bills,Carolina Panthers,BUF,CAR,8-6,5-9,31,14,home,BUF,14,43,-739,562,-114,102,1,nflreadr,TRUE,FALSE,TRUE,FALSE,TRUE,eligible,TRUE,TRUE,NA,NA,analyzed
nfl,2021,401326544,2021-12-19T18:00Z,STATUS_FINAL,Detroit Lions,Arizona Cardinals,DET,ARI,2-11-1,10-4,30,12,away,ARI,13,48,495,-634,-109,-102,1,nflreadr,TRUE,FALSE,TRUE,FALSE,TRUE,eligible,TRUE,TRUE,NA,NA,analyzed
nfl,2021,401326541,2021-12-19T18:00Z,STATUS_FINAL,Miami Dolphins,New York Jets,MIA,NYJ,7-7,3-11,31,24,home,MIA,10.5,42,-445,366,102,-114,1,nflreadr,TRUE,FALSE,TRUE,FALSE,TRUE,eligible,TRUE,TRUE,NA,NA,analyzed
nfl,2021,401326546,2021-12-19T18:00Z,STATUS_FINAL,New York Giants,Dallas Cowboys,NYG,DAL,4-10,10-4,6,21,away,DAL,11.5,43,428,-534,108,-120,1,nflreadr,TRUE,FALSE,TRUE,FALSE,TRUE,eligible,TRUE,TRUE,NA,NA,analyzed
nfl,2021,401326547,2021-12-19T18:00Z,STATUS_FINAL,Pittsburgh Steelers,Tennessee Titans,PIT,TEN,7-6-1,9-5,19,13,home,PIT,1,44,-121,109,-114,102,1,nflreadr,TRUE,FALSE,TRUE,FALSE,TRUE,eligible,TRUE,TRUE,NA,NA,analyzed
nfl,2021,401326545,2021-12-19T18:00Z,STATUS_FINAL,Jacksonville Jaguars,Houston Texans,JAX,HOU,2-12,3-11,16,30,home,JAX,6,40,-257,224,-101,-111,1,nflreadr,TRUE,FALSE,TRUE,FALSE,TRUE,eligible,TRUE,TRUE,NA,NA,analyzed
nfl,2021,401326548,2021-12-19T21:05Z,STATUS_FINAL,Denver Broncos,Cincinnati Bengals,DEN,CIN,7-7,8-6,10,15,home,DEN,3,45,-155,140,-101,-110,1,nflreadr,TRUE,FALSE,TRUE,FALSE,TRUE,eligible,TRUE,TRUE,NA,NA,analyzed
nfl,2021,401326549,2021-12-19T21:05Z,STATUS_FINAL,San Francisco 49ers,Atlanta Falcons,SF,ATL,8-6,6-8,31,13,home,SF,9.5,48,-380,319,102,-114,1,nflreadr,TRUE,FALSE,TRUE,FALSE,TRUE,eligible,TRUE,TRUE,NA,NA,analyzed
nfl,2021,401326543,2021-12-19T21:25Z,STATUS_FINAL,Baltimore Ravens,Green Bay Packers,BAL,GB,8-6,11-3,30,31,away,GB,9.5,45.5,299,-354,-116,104,1,nflreadr,TRUE,FALSE,TRUE,FALSE,TRUE,eligible,TRUE,TRUE,NA,NA,analyzed
nfl,2021,401326551,2021-12-20T01:20Z,STATUS_FINAL,Tampa Bay Buccaneers,New Orleans Saints,TB,NO,10-4,7-7,0,9,NA,NA,NA,NA,NA,NA,NA,NA,NA,NA,TRUE,FALSE,TRUE,FALSE,TRUE,eligible,TRUE,TRUE,NA,NA,analyzed
nfl,2021,401326539,2021-12-20T22:00Z,STATUS_FINAL,Cleveland Browns,Las Vegas Raiders,CLE,LV,7-7,7-7,14,16,away,LV,3,41,131,-147,-109,-102,1,nflreadr,TRUE,FALSE,TRUE,FALSE,TRUE,eligible,TRUE,TRUE,NA,NA,analyzed
nfl,2021,401326552,2021-12-21T01:15Z,STATUS_FINAL,Chicago Bears,Minnesota Vikings,CHI,MIN,4-10,7-7,9,17,NA,NA,NA,NA,NA,NA,NA,NA,NA,NA,TRUE,FALSE,TRUE,FALSE,TRUE,eligible,TRUE,TRUE,NA,NA,analyzed
nfl,2021,401326550,2021-12-22T00:00Z,STATUS_FINAL,Los Angeles Rams,Seattle Seahawks,LAR,SEA,10-4,5-9,20,10,NA,NA,NA,NA,NA,NA,NA,NA,NA,NA,TRUE,FALSE,TRUE,FALSE,TRUE,eligible,TRUE,TRUE,NA,NA,analyzed
nfl,2021,401326542,2021-12-22T00:00Z,STATUS_FINAL,Philadelphia Eagles,Washington,PHI,WSH,7-7,6-8,27,17,NA,NA,NA,NA,NA,NA,NA,NA,NA,NA,TRUE,FALSE,TRUE,FALSE,TRUE,eligible,TRUE,TRUE,NA,NA,analyzed
nfl,2021,401326553,2021-12-24T01:20Z,STATUS_FINAL,Tennessee Titans,San Francisco 49ers,TEN,SF,10-5,8-7,20,17,NA,NA,NA,NA,NA,NA,NA,NA,NA,NA,TRUE,FALSE,TRUE,FALSE,TRUE,eligible,TRUE,TRUE,NA,NA,analyzed
nfl,2021,401326554,2021-12-25T21:30Z,STATUS_FINAL,Green Bay Packers,Cleveland Browns,GB,CLE,12-3,7-8,24,22,home,GB,7.5,46.5,-430,343,-112,101,1,nflreadr,TRUE,FALSE,TRUE,FALSE,TRUE,eligible,TRUE,TRUE,NA,NA,analyzed
nfl,2021,401326555,2021-12-26T01:15Z,STATUS_FINAL,Arizona Cardinals,Indianapolis Colts,ARI,IND,10-5,9-6,16,22,NA,NA,NA,NA,NA,NA,NA,NA,NA,NA,TRUE,FALSE,TRUE,FALSE,TRUE,eligible,TRUE,TRUE,NA,NA,analyzed
nfl,2021,401326556,2021-12-26T18:00Z,STATUS_FINAL,Atlanta Falcons,Detroit Lions,ATL,DET,7-8,2-12-1,20,16,home,ATL,7.5,42.5,-373,309,-105,-106,1,nflreadr,TRUE,FALSE,TRUE,FALSE,TRUE,eligible,TRUE,TRUE,NA,NA,analyzed
nfl,2021,401326558,2021-12-26T18:00Z,STATUS_FINAL,Cincinnati Bengals,Baltimore Ravens,CIN,BAL,9-6,8-7,41,21,home,CIN,7.5,43,-369,306,-109,-102,1,nflreadr,TRUE,FALSE,TRUE,FALSE,TRUE,eligible,TRUE,TRUE,NA,NA,analyzed
nfl,2021,401326560,2021-12-26T18:00Z,STATUS_FINAL,Minnesota Vikings,Los Angeles Rams,MIN,LAR,7-8,11-4,23,30,NA,NA,NA,NA,NA,NA,NA,NA,NA,NA,TRUE,FALSE,TRUE,FALSE,TRUE,eligible,TRUE,TRUE,NA,NA,analyzed
nfl,2021,401326561,2021-12-26T18:00Z,STATUS_FINAL,New England Patriots,Buffalo Bills,NE,BUF,9-6,9-6,21,33,home,NE,1,43.5,-114,102,-105,-106,1,nflreadr,TRUE,FALSE,TRUE,FALSE,TRUE,eligible,TRUE,TRUE,NA,NA,analyzed
nfl,2021,401326562,2021-12-26T18:00Z,STATUS_FINAL,New York Jets,Jacksonville Jaguars,NYJ,JAX,4-11,2-13,26,21,home,NYJ,2.5,42.5,-125,114,100,-111,1,nflreadr,TRUE,FALSE,TRUE,FALSE,TRUE,eligible,TRUE,TRUE,NA,NA,analyzed
nfl,2021,401326563,2021-12-26T18:00Z,STATUS_FINAL,Philadelphia Eagles,New York Giants,PHI,NYG,8-7,4-11,34,10,home,PHI,11,41,-529,416,-103,-108,1,nflreadr,TRUE,FALSE,TRUE,FALSE,TRUE,eligible,TRUE,TRUE,NA,NA,analyzed
nfl,2021,401326557,2021-12-26T18:00Z,STATUS_FINAL,Carolina Panthers,Tampa Bay Buccaneers,CAR,TB,5-10,11-4,6,32,away,TB,11.5,44.5,399,-503,-117,105,1,nflreadr,TRUE,FALSE,TRUE,FALSE,TRUE,eligible,TRUE,TRUE,NA,NA,analyzed
nfl,2021,401326559,2021-12-26T18:00Z,STATUS_FINAL,Houston Texans,Los Angeles Chargers,HOU,LAC,4-11,8-7,41,29,away,LAC,13.5,46,500,-661,-114,102,1,nflreadr,TRUE,FALSE,TRUE,FALSE,TRUE,eligible,TRUE,TRUE,NA,NA,analyzed
nfl,2021,401326564,2021-12-26T21:05Z,STATUS_FINAL,Seattle Seahawks,Chicago Bears,SEA,CHI,5-10,5-10,24,25,home,SEA,7,41,-313,268,-108,-103,1,nflreadr,TRUE,FALSE,TRUE,FALSE,TRUE,eligible,TRUE,TRUE,NA,NA,analyzed
nfl,2021,401326565,2021-12-26T21:25Z,STATUS_FINAL,Kansas City Chiefs,Pittsburgh Steelers,KC,PIT,11-4,7-7-1,36,10,home,KC,10.5,44,-400,328,102,-114,1,nflreadr,TRUE,FALSE,TRUE,FALSE,TRUE,eligible,TRUE,TRUE,NA,NA,analyzed
nfl,2021,401326566,2021-12-26T21:25Z,STATUS_FINAL,Las Vegas Raiders,Denver Broncos,LV,DEN,8-7,7-8,17,13,away,DEN,1,42,-102,-109,-110,-101,1,nflreadr,TRUE,FALSE,TRUE,FALSE,TRUE,eligible,TRUE,TRUE,NA,NA,analyzed
nfl,2021,401326567,2021-12-27T01:20Z,STATUS_FINAL,Dallas Cowboys,Washington,DAL,WSH,11-4,6-9,56,14,NA,NA,NA,NA,NA,NA,NA,NA,NA,NA,TRUE,FALSE,TRUE,FALSE,TRUE,eligible,TRUE,TRUE,NA,NA,analyzed
nfl,2021,401326568,2021-12-28T01:15Z,STATUS_FINAL,New Orleans Saints,Miami Dolphins,NO,MIA,7-8,8-7,3,20,NA,NA,NA,NA,NA,NA,NA,NA,NA,NA,TRUE,FALSE,TRUE,FALSE,TRUE,eligible,TRUE,TRUE,NA,NA,analyzed
nfl,2021,401326569,2022-01-02T18:00Z,STATUS_FINAL,Buffalo Bills,Atlanta Falcons,BUF,ATL,10-6,7-9,29,15,home,BUF,14,46.5,-871,625,-111,-101,1,nflreadr,TRUE,FALSE,TRUE,FALSE,TRUE,eligible,TRUE,TRUE,NA,NA,analyzed
nfl,2021,401326570,2022-01-02T18:00Z,STATUS_FINAL,Chicago Bears,New York Giants,CHI,NYG,6-10,4-12,29,3,home,CHI,7,36.5,-287,245,104,-115,1,nflreadr,TRUE,FALSE,TRUE,FALSE,TRUE,eligible,TRUE,TRUE,NA,NA,analyzed
nfl,2021,401326571,2022-01-02T18:00Z,STATUS_FINAL,Cincinnati Bengals,Kansas City Chiefs,CIN,KC,10-6,11-5,34,31,away,KC,3.5,51,157,-178,-108,-103,1,nflreadr,TRUE,FALSE,TRUE,FALSE,TRUE,eligible,TRUE,TRUE,NA,NA,analyzed
nfl,2021,401326577,2022-01-02T18:00Z,STATUS_FINAL,Tennessee Titans,Miami Dolphins,TEN,MIA,11-5,8-8,34,3,home,TEN,3,41,-170,151,-118,106,1,nflreadr,TRUE,FALSE,TRUE,FALSE,TRUE,eligible,TRUE,TRUE,NA,NA,analyzed
nfl,2021,401326573,2022-01-02T18:00Z,STATUS_FINAL,Indianapolis Colts,Las Vegas Raiders,IND,LV,9-7,9-7,20,23,home,IND,8.5,46.5,-397,325,-112,100,1,nflreadr,TRUE,FALSE,TRUE,FALSE,TRUE,eligible,TRUE,TRUE,NA,NA,analyzed
nfl,2021,401326574,2022-01-02T18:00Z,STATUS_FINAL,New England Patriots,Jacksonville Jaguars,NE,JAX,10-6,2-14,50,10,home,NE,17.5,42,-1056,727,-102,-109,1,nflreadr,TRUE,FALSE,TRUE,FALSE,TRUE,eligible,TRUE,TRUE,NA,NA,analyzed
nfl,2021,401326576,2022-01-02T18:00Z,STATUS_FINAL,New York Jets,Tampa Bay Buccaneers,NYJ,TB,4-12,12-4,24,28,away,TB,14.5,48,623,-868,-110,-101,1,nflreadr,TRUE,FALSE,TRUE,FALSE,TRUE,eligible,TRUE,TRUE,NA,NA,analyzed
nfl,2021,401326578,2022-01-02T18:00Z,STATUS_FINAL,Washington,Philadelphia Eagles,WSH,PHI,6-10,9-7,16,20,NA,NA,NA,NA,NA,NA,NA,NA,NA,NA,TRUE,FALSE,TRUE,FALSE,TRUE,eligible,TRUE,TRUE,NA,NA,analyzed
nfl,2021,401326581,2022-01-02T18:00Z,STATUS_FINAL,Baltimore Ravens,Los Angeles Rams,BAL,LAR,8-8,12-4,19,20,NA,NA,NA,NA,NA,NA,NA,NA,NA,NA,TRUE,FALSE,TRUE,FALSE,TRUE,eligible,TRUE,TRUE,NA,NA,analyzed
nfl,2021,401326579,2022-01-02T21:05Z,STATUS_FINAL,Los Angeles Chargers,Denver Broncos,LAC,DEN,9-7,7-9,34,13,home,LAC,8,45.5,-340,285,105,-117,1,nflreadr,TRUE,FALSE,TRUE,FALSE,TRUE,eligible,TRUE,TRUE,NA,NA,analyzed
nfl,2021,401326580,2022-01-02T21:05Z,STATUS_FINAL,San Francisco 49ers,Houston Texans,SF,HOU,9-7,4-12,23,7,home,SF,14,44,-602,463,101,-113,1,nflreadr,TRUE,FALSE,TRUE,FALSE,TRUE,eligible,TRUE,TRUE,NA,NA,analyzed
nfl,2021,401326572,2022-01-02T21:25Z,STATUS_FINAL,Dallas Cowboys,Arizona Cardinals,DAL,ARI,11-5,11-5,22,25,home,DAL,6.5,53,-262,225,-108,-103,1,nflreadr,TRUE,FALSE,TRUE,FALSE,TRUE,eligible,TRUE,TRUE,NA,NA,analyzed
nfl,2021,401326575,2022-01-02T21:25Z,STATUS_FINAL,New Orleans Saints,Carolina Panthers,NO,CAR,8-8,5-11,18,10,home,NO,7,37,-279,238,-101,-110,1,nflreadr,TRUE,FALSE,TRUE,FALSE,TRUE,eligible,TRUE,TRUE,NA,NA,analyzed
nfl,2021,401326582,2022-01-02T21:25Z,STATUS_FINAL,Seattle Seahawks,Detroit Lions,SEA,DET,6-10,2-13-1,51,29,home,SEA,8.5,41.5,-399,327,-114,103,1,nflreadr,TRUE,FALSE,TRUE,FALSE,TRUE,eligible,TRUE,TRUE,NA,NA,analyzed
nfl,2021,401326583,2022-01-03T01:20Z,STATUS_FINAL,Green Bay Packers,Minnesota Vikings,GB,MIN,13-3,7-9,37,10,NA,NA,NA,NA,NA,NA,NA,NA,NA,NA,TRUE,FALSE,TRUE,FALSE,TRUE,eligible,TRUE,TRUE,NA,NA,analyzed
nfl,2021,401326584,2022-01-04T01:15Z,STATUS_FINAL,Pittsburgh Steelers,Cleveland Browns,PIT,CLE,8-7-1,7-9,26,14,NA,NA,NA,NA,NA,NA,NA,NA,NA,NA,TRUE,FALSE,TRUE,FALSE,TRUE,eligible,TRUE,TRUE,NA,NA,analyzed
nfl,2021,401326598,2022-01-08T21:30Z,STATUS_FINAL,Denver Broncos,Kansas City Chiefs,DEN,KC,7-10,12-5,24,28,away,KC,11.5,44.5,435,-600,-110,-110,1,nflreadr,TRUE,FALSE,TRUE,FALSE,TRUE,eligible,TRUE,TRUE,NA,NA,analyzed
nfl,2021,401326595,2022-01-09T01:15Z,STATUS_FINAL,Philadelphia Eagles,Dallas Cowboys,PHI,DAL,9-8,12-5,26,51,NA,NA,NA,NA,NA,NA,NA,NA,NA,NA,TRUE,FALSE,TRUE,FALSE,TRUE,eligible,TRUE,TRUE,NA,NA,analyzed
nfl,2021,401326588,2022-01-09T18:00Z,STATUS_FINAL,Cleveland Browns,Cincinnati Bengals,CLE,CIN,8-9,10-7,21,16,home,CLE,6.5,38,-265,215,-110,-110,1,nflreadr,TRUE,FALSE,TRUE,FALSE,TRUE,eligible,TRUE,TRUE,NA,NA,analyzed
nfl,2021,401326589,2022-01-09T18:00Z,STATUS_FINAL,Detroit Lions,Green Bay Packers,DET,GB,3-13-1,13-4,37,30,away,GB,4,45,165,-195,-110,-110,1,nflreadr,TRUE,FALSE,TRUE,FALSE,TRUE,eligible,TRUE,TRUE,NA,NA,analyzed
nfl,2021,401326593,2022-01-09T18:00Z,STATUS_FINAL,Minnesota Vikings,Chicago Bears,MIN,CHI,8-9,6-11,31,17,home,MIN,3.5,45.5,-190,160,-110,-110,1,nflreadr,TRUE,FALSE,TRUE,FALSE,TRUE,eligible,TRUE,TRUE,NA,NA,analyzed
nfl,2021,401326594,2022-01-09T18:00Z,STATUS_FINAL,New York Giants,Washington,NYG,WSH,4-13,7-10,7,22,NA,NA,NA,NA,NA,NA,NA,NA,NA,NA,TRUE,FALSE,TRUE,FALSE,TRUE,eligible,TRUE,TRUE,NA,NA,analyzed
nfl,2021,401326591,2022-01-09T18:00Z,STATUS_FINAL,Jacksonville Jaguars,Indianapolis Colts,JAX,IND,3-14,9-8,26,11,away,IND,14,43,650,-1000,-110,-110,1,nflreadr,TRUE,FALSE,TRUE,FALSE,TRUE,eligible,TRUE,TRUE,NA,NA,analyzed
nfl,2021,401326586,2022-01-09T18:00Z,STATUS_FINAL,Baltimore Ravens,Pittsburgh Steelers,BAL,PIT,8-9,9-7-1,13,16,home,BAL,3,41,-155,135,-110,-110,1,nflreadr,TRUE,FALSE,TRUE,FALSE,TRUE,eligible,TRUE,TRUE,NA,NA,analyzed
nfl,2021,401326590,2022-01-09T18:00Z,STATUS_FINAL,Houston Texans,Tennessee Titans,HOU,TEN,4-13,12-5,25,28,away,TEN,10.5,43,410,-575,-115,-105,1,nflreadr,TRUE,FALSE,TRUE,FALSE,TRUE,eligible,TRUE,TRUE,NA,NA,analyzed
nfl,2021,401326585,2022-01-09T21:25Z,STATUS_FINAL,Atlanta Falcons,New Orleans Saints,ATL,NO,7-10,9-8,20,30,away,NO,4.5,40,186,-213,-100,-111,1,nflreadr,TRUE,FALSE,TRUE,FALSE,TRUE,eligible,TRUE,TRUE,NA,NA,analyzed
nfl,2021,401326587,2022-01-09T21:25Z,STATUS_FINAL,Buffalo Bills,New York Jets,BUF,NYJ,11-6,4-13,27,10,home,BUF,16,43,-1250,750,-110,-110,1,nflreadr,TRUE,FALSE,TRUE,FALSE,TRUE,eligible,TRUE,TRUE,NA,NA,analyzed
nfl,2021,401326599,2022-01-09T21:25Z,STATUS_FINAL,Los Angeles Rams,San Francisco 49ers,LAR,SF,12-5,10-7,24,27,NA,NA,NA,NA,NA,NA,NA,NA,NA,NA,TRUE,FALSE,TRUE,FALSE,TRUE,eligible,TRUE,TRUE,NA,NA,analyzed
nfl,2021,401326592,2022-01-09T21:25Z,STATUS_FINAL,Miami Dolphins,New England Patriots,MIA,NE,9-8,10-7,33,24,away,NE,6,41,200,-250,-110,-110,1,nflreadr,TRUE,FALSE,TRUE,FALSE,TRUE,eligible,TRUE,TRUE,NA,NA,analyzed
nfl,2021,401326597,2022-01-09T21:25Z,STATUS_FINAL,Arizona Cardinals,Seattle Seahawks,ARI,SEA,11-6,7-10,30,38,home,ARI,5.5,48,-235,190,-110,-110,1,nflreadr,TRUE,FALSE,TRUE,FALSE,TRUE,eligible,TRUE,TRUE,NA,NA,analyzed
nfl,2021,401326596,2022-01-09T21:25Z,STATUS_FINAL,Tampa Bay Buccaneers,Carolina Panthers,TB,CAR,13-4,5-12,41,17,home,TB,11,43,-510,375,-110,-110,1,nflreadr,TRUE,FALSE,TRUE,FALSE,TRUE,eligible,TRUE,TRUE,NA,NA,analyzed
nfl,2021,401326600,2022-01-10T01:20Z,STATUS_FINAL,Las Vegas Raiders,Los Angeles Chargers,LV,LAC,10-7,9-8,35,32,NA,NA,NA,NA,NA,NA,NA,NA,NA,NA,TRUE,FALSE,TRUE,FALSE,TRUE,eligible,TRUE,TRUE,NA,NA,analyzed
nfl,2022,401437654,2022-09-09T00:20Z,STATUS_FINAL,Los Angeles Rams,Buffalo Bills,LAR,BUF,0-1,1-0,10,31,NA,NA,NA,NA,NA,NA,NA,NA,NA,NA,TRUE,FALSE,TRUE,FALSE,TRUE,eligible,TRUE,TRUE,NA,NA,analyzed
nfl,2022,401437650,2022-09-11T17:00Z,STATUS_FINAL,Atlanta Falcons,New Orleans Saints,ATL,NO,0-1,1-0,26,27,away,NO,6,43.5,201,-228,-107,-103,1,nflreadr,TRUE,FALSE,TRUE,FALSE,TRUE,eligible,TRUE,TRUE,NA,NA,analyzed
nfl,2022,401437647,2022-09-11T17:00Z,STATUS_FINAL,Chicago Bears,San Francisco 49ers,CHI,SF,1-0,0-1,19,10,away,SF,6.5,38,217,-248,-111,100,1,nflreadr,TRUE,FALSE,TRUE,FALSE,TRUE,eligible,TRUE,TRUE,NA,NA,analyzed
nfl,2022,401437634,2022-09-11T17:00Z,STATUS_FINAL,Cincinnati Bengals,Pittsburgh Steelers,CIN,PIT,0-1,1-0,20,23,home,CIN,7.5,44.5,-308,264,107,-119,1,nflreadr,TRUE,FALSE,TRUE,FALSE,TRUE,eligible,TRUE,TRUE,NA,NA,analyzed
nfl,2022,401437648,2022-09-11T17:00Z,STATUS_FINAL,Detroit Lions,Philadelphia Eagles,DET,PHI,0-1,1-0,35,38,away,PHI,6,49,211,-240,-100,-110,1,nflreadr,TRUE,FALSE,TRUE,FALSE,TRUE,eligible,TRUE,TRUE,NA,NA,analyzed
nfl,2022,401437630,2022-09-11T17:00Z,STATUS_FINAL,Miami Dolphins,New England Patriots,MIA,NE,1-0,0-1,20,7,home,MIA,3,47,-155,140,-106,-104,1,nflreadr,TRUE,FALSE,TRUE,FALSE,TRUE,eligible,TRUE,TRUE,NA,NA,analyzed
nfl,2022,401437632,2022-09-11T17:00Z,STATUS_FINAL,New York Jets,Baltimore Ravens,NYJ,BAL,0-1,1-0,9,24,away,BAL,6.5,44,231,-265,-107,-103,1,nflreadr,TRUE,FALSE,TRUE,FALSE,TRUE,eligible,TRUE,TRUE,NA,NA,analyzed
nfl,2022,401437646,2022-09-11T17:00Z,STATUS_FINAL,Washington Commanders,Jacksonville Jaguars,WSH,JAX,1-0,0-1,28,22,NA,NA,NA,NA,NA,NA,NA,NA,NA,NA,TRUE,FALSE,TRUE,FALSE,TRUE,eligible,TRUE,TRUE,NA,NA,analyzed
nfl,2022,401437651,2022-09-11T17:00Z,STATUS_FINAL,Carolina Panthers,Cleveland Browns,CAR,CLE,0-1,1-0,24,26,home,CAR,2.5,42.5,-125,114,102,-112,1,nflreadr,TRUE,FALSE,TRUE,FALSE,TRUE,eligible,TRUE,TRUE,NA,NA,analyzed
nfl,2022,401437637,2022-09-11T17:00Z,STATUS_FINAL,Houston Texans,Indianapolis Colts,HOU,IND,0-0-1,0-0-1,20,20,away,IND,7,46,250,-290,-107,-103,1,nflreadr,TRUE,FALSE,TRUE,TRUE,FALSE,tie,FALSE,FALSE,NA,NA,tie
nfl,2022,401437640,2022-09-11T20:25Z,STATUS_FINAL,Tennessee Titans,New York Giants,TEN,NYG,0-1,1-0,20,21,home,TEN,5.5,43.5,-239,209,-102,-108,1,nflreadr,TRUE,FALSE,TRUE,FALSE,TRUE,eligible,TRUE,TRUE,NA,NA,analyzed
nfl,2022,401437649,2022-09-11T20:25Z,STATUS_FINAL,Minnesota Vikings,Green Bay Packers,MIN,GB,1-0,0-1,23,7,home,MIN,2.5,47,-125,113,105,-116,1,nflreadr,TRUE,FALSE,TRUE,FALSE,TRUE,eligible,TRUE,TRUE,NA,NA,analyzed
nfl,2022,401437653,2022-09-11T20:25Z,STATUS_FINAL,Arizona Cardinals,Kansas City Chiefs,ARI,KC,0-1,1-0,21,44,away,KC,6,54,221,-252,-104,-107,1,nflreadr,TRUE,FALSE,TRUE,FALSE,TRUE,eligible,TRUE,TRUE,NA,NA,analyzed
nfl,2022,401437643,2022-09-11T20:25Z,STATUS_FINAL,Los Angeles Chargers,Las Vegas Raiders,LAC,LV,1-0,0-1,24,19,home,LAC,3.5,52.5,-180,161,-104,-106,1,nflreadr,TRUE,FALSE,TRUE,FALSE,TRUE,eligible,TRUE,TRUE,NA,NA,analyzed
nfl,2022,401437644,2022-09-12T00:20Z,STATUS_FINAL,Dallas Cowboys,Tampa Bay Buccaneers,DAL,TB,0-1,1-0,3,19,NA,NA,NA,NA,NA,NA,NA,NA,NA,NA,TRUE,FALSE,TRUE,FALSE,TRUE,eligible,TRUE,TRUE,NA,NA,analyzed
nfl,2022,401437655,2022-09-13T00:15Z,STATUS_FINAL,Seattle Seahawks,Denver Broncos,SEA,DEN,1-0,0-1,17,16,NA,NA,NA,NA,NA,NA,NA,NA,NA,NA,TRUE,FALSE,TRUE,FALSE,TRUE,eligible,TRUE,TRUE,NA,NA,analyzed
nfl,2022,401434030,2022-09-16T00:15Z,STATUS_FINAL,Kansas City Chiefs,Los Angeles Chargers,KC,LAC,2-0,1-1,27,24,NA,NA,NA,NA,NA,NA,NA,NA,NA,NA,TRUE,FALSE,TRUE,FALSE,TRUE,eligible,TRUE,TRUE,NA,NA,analyzed
nfl,2022,401437635,2022-09-18T17:00Z,STATUS_FINAL,Cleveland Browns,New York Jets,CLE,NYJ,1-1,1-1,30,31,home,CLE,6.5,38.5,-235,207,100,-111,1,nflreadr,TRUE,FALSE,TRUE,FALSE,TRUE,eligible,TRUE,TRUE,NA,NA,analyzed
nfl,2022,401437732,2022-09-18T17:00Z,STATUS_FINAL,Detroit Lions,Washington Commanders,DET,WSH,1-1,1-1,36,27,NA,NA,NA,NA,NA,NA,NA,NA,NA,NA,TRUE,FALSE,TRUE,FALSE,TRUE,eligible,TRUE,TRUE,NA,NA,analyzed
nfl,2022,401437652,2022-09-18T17:00Z,STATUS_FINAL,New Orleans Saints,Tampa Bay Buccaneers,NO,TB,1-1,2-0,10,20,away,TB,2.5,44,124,-138,-102,-109,1,nflreadr,TRUE,FALSE,TRUE,FALSE,TRUE,eligible,TRUE,TRUE,NA,NA,analyzed
nfl,2022,401437645,2022-09-18T17:00Z,STATUS_FINAL,New York Giants,Carolina Panthers,NYG,CAR,2-0,0-2,19,16,away,CAR,1,44,103,-114,-104,-106,1,nflreadr,TRUE,FALSE,TRUE,FALSE,TRUE,eligible,TRUE,TRUE,NA,NA,analyzed
nfl,2022,401437636,2022-09-18T17:00Z,STATUS_FINAL,Pittsburgh Steelers,New England Patriots,PIT,NE,1-1,1-1,14,17,away,NE,3,40,135,-150,-109,-102,1,nflreadr,TRUE,FALSE,TRUE,FALSE,TRUE,eligible,TRUE,TRUE,NA,NA,analyzed
nfl,2022,401437639,2022-09-18T17:00Z,STATUS_FINAL,Jacksonville Jaguars,Indianapolis Colts,JAX,IND,1-1,0-1-1,24,0,away,IND,3,43.5,142,-157,-103,-107,1,nflreadr,TRUE,FALSE,TRUE,FALSE,TRUE,eligible,TRUE,TRUE,NA,NA,analyzed
nfl,2022,401437633,2022-09-18T17:00Z,STATUS_FINAL,Baltimore Ravens,Miami Dolphins,BAL,MIA,1-1,2-0,38,42,home,BAL,3,44,-164,148,-114,103,1,nflreadr,TRUE,FALSE,TRUE,FALSE,TRUE,eligible,TRUE,TRUE,NA,NA,analyzed
nfl,2022,401437733,2022-09-18T20:05Z,STATUS_FINAL,Los Angeles Rams,Atlanta Falcons,LAR,ATL,1-1,0-2,31,27,NA,NA,NA,NA,NA,NA,NA,NA,NA,NA,TRUE,FALSE,TRUE,FALSE,TRUE,eligible,TRUE,TRUE,NA,NA,analyzed
nfl,2022,401437605,2022-09-18T20:05Z,STATUS_FINAL,San Francisco 49ers,Seattle Seahawks,SF,SEA,1-1,1-1,27,7,home,SF,8.5,40,-379,318,102,-113,1,nflreadr,TRUE,FALSE,TRUE,FALSE,TRUE,eligible,TRUE,TRUE,NA,NA,analyzed
nfl,2022,401437734,2022-09-18T20:25Z,STATUS_FINAL,Dallas Cowboys,Cincinnati Bengals,DAL,CIN,1-1,0-2,20,17,away,CIN,7.5,42,260,-303,-122,110,1,nflreadr,TRUE,FALSE,TRUE,FALSE,TRUE,eligible,TRUE,TRUE,NA,NA,analyzed
nfl,2022,401437641,2022-09-18T20:25Z,STATUS_FINAL,Denver Broncos,Houston Texans,DEN,HOU,1-1,0-1-1,16,9,home,DEN,10.5,46,-481,391,103,-114,1,nflreadr,TRUE,FALSE,TRUE,FALSE,TRUE,eligible,TRUE,TRUE,NA,NA,analyzed
nfl,2022,401437642,2022-09-18T20:25Z,STATUS_FINAL,Las Vegas Raiders,Arizona Cardinals,LV,ARI,0-2,1-1,23,29,home,LV,5.5,51.5,-223,197,100,-110,1,nflreadr,TRUE,FALSE,TRUE,FALSE,TRUE,eligible,TRUE,TRUE,NA,NA,analyzed
nfl,2022,401437606,2022-09-19T00:20Z,STATUS_FINAL,Green Bay Packers,Chicago Bears,GB,CHI,1-1,1-1,27,10,NA,NA,NA,NA,NA,NA,NA,NA,NA,NA,TRUE,FALSE,TRUE,FALSE,TRUE,eligible,TRUE,TRUE,NA,NA,analyzed
nfl,2022,401436831,2022-09-19T23:15Z,STATUS_FINAL,Buffalo Bills,Tennessee Titans,BUF,TEN,2-0,0-2,41,7,home,BUF,10,47.5,-395,329,104,-115,1,nflreadr,TRUE,FALSE,TRUE,FALSE,TRUE,eligible,TRUE,TRUE,NA,NA,analyzed
nfl,2022,401436832,2022-09-20T00:30Z,STATUS_FINAL,Philadelphia Eagles,Minnesota Vikings,PHI,MIN,2-0,1-1,24,7,NA,NA,NA,NA,NA,NA,NA,NA,NA,NA,TRUE,FALSE,TRUE,FALSE,TRUE,eligible,TRUE,TRUE,NA,NA,analyzed
nfl,2022,401437735,2022-09-23T00:15Z,STATUS_FINAL,Cleveland Browns,Pittsburgh Steelers,CLE,PIT,2-1,1-2,29,17,NA,NA,NA,NA,NA,NA,NA,NA,NA,NA,TRUE,FALSE,TRUE,FALSE,TRUE,eligible,TRUE,TRUE,NA,NA,analyzed
nfl,2022,401437737,2022-09-25T17:00Z,STATUS_FINAL,Chicago Bears,Houston Texans,CHI,HOU,2-1,0-2-1,23,20,home,CHI,3,40,-156,141,-103,-107,1,nflreadr,TRUE,FALSE,TRUE,FALSE,TRUE,eligible,TRUE,TRUE,NA,NA,analyzed
nfl,2022,401437741,2022-09-25T17:00Z,STATUS_FINAL,Tennessee Titans,Las Vegas Raiders,TEN,LV,1-2,0-3,24,22,away,LV,1.5,45.5,117,-130,103,-113,1,nflreadr,TRUE,FALSE,TRUE,FALSE,TRUE,eligible,TRUE,TRUE,NA,NA,analyzed
nfl,2022,401437638,2022-09-25T17:00Z,STATUS_FINAL,Indianapolis Colts,Kansas City Chiefs,IND,KC,1-1-1,2-1,20,17,away,KC,4.5,51,177,-199,-114,103,1,nflreadr,TRUE,FALSE,TRUE,FALSE,TRUE,eligible,TRUE,TRUE,NA,NA,analyzed
nfl,2022,401437738,2022-09-25T17:00Z,STATUS_FINAL,Miami Dolphins,Buffalo Bills,MIA,BUF,3-0,2-1,21,19,away,BUF,4,54,175,-196,-106,-104,1,nflreadr,TRUE,FALSE,TRUE,FALSE,TRUE,eligible,TRUE,TRUE,NA,NA,analyzed
nfl,2022,401437739,2022-09-25T17:00Z,STATUS_FINAL,Minnesota Vikings,Detroit Lions,MIN,DET,2-1,1-2,28,24,home,MIN,6.5,52,-266,232,-110,-101,1,nflreadr,TRUE,FALSE,TRUE,FALSE,TRUE,eligible,TRUE,TRUE,NA,NA,analyzed
nfl,2022,401437631,2022-09-25T17:00Z,STATUS_FINAL,New England Patriots,Baltimore Ravens,NE,BAL,1-2,2-1,26,37,away,BAL,2.5,45.5,129,-143,104,-114,1,nflreadr,TRUE,FALSE,TRUE,FALSE,TRUE,eligible,TRUE,TRUE,NA,NA,analyzed
nfl,2022,401437740,2022-09-25T17:00Z,STATUS_FINAL,New York Jets,Cincinnati Bengals,NYJ,CIN,1-2,1-2,12,27,away,CIN,6.5,46,220,-247,-115,104,1,nflreadr,TRUE,FALSE,TRUE,FALSE,TRUE,eligible,TRUE,TRUE,NA,NA,analyzed
nfl,2022,401437742,2022-09-25T17:00Z,STATUS_FINAL,Washington Commanders,Philadelphia Eagles,WSH,PHI,1-2,3-0,8,24,NA,NA,NA,NA,NA,NA,NA,NA,NA,NA,TRUE,FALSE,TRUE,FALSE,TRUE,eligible,TRUE,TRUE,NA,NA,analyzed
nfl,2022,401437736,2022-09-25T17:00Z,STATUS_FINAL,Carolina Panthers,New Orleans Saints,CAR,NO,1-2,1-2,22,14,away,NO,2,41,112,-123,-109,-102,1,nflreadr,TRUE,FALSE,TRUE,FALSE,TRUE,eligible,TRUE,TRUE,NA,NA,analyzed
nfl,2022,401437743,2022-09-25T20:05Z,STATUS_FINAL,Los Angeles Chargers,Jacksonville Jaguars,LAC,JAX,1-2,2-1,10,38,home,LAC,6.5,46,-252,220,-104,-106,1,nflreadr,TRUE,FALSE,TRUE,FALSE,TRUE,eligible,TRUE,TRUE,NA,NA,analyzed
nfl,2022,401437744,2022-09-25T20:25Z,STATUS_FINAL,Arizona Cardinals,Los Angeles Rams,ARI,LAR,1-2,2-1,12,20,NA,NA,NA,NA,NA,NA,NA,NA,NA,NA,TRUE,FALSE,TRUE,FALSE,TRUE,eligible,TRUE,TRUE,NA,NA,analyzed
nfl,2022,401437745,2022-09-25T20:25Z,STATUS_FINAL,Seattle Seahawks,Atlanta Falcons,SEA,ATL,1-2,1-2,23,27,home,SEA,1,43,-106,-104,102,-112,1,nflreadr,TRUE,FALSE,TRUE,FALSE,TRUE,eligible,TRUE,TRUE,NA,NA,analyzed
nfl,2022,401437607,2022-09-25T20:25Z,STATUS_FINAL,Tampa Bay Buccaneers,Green Bay Packers,TB,GB,2-1,2-1,12,14,home,TB,1,41.5,-123,112,-115,105,1,nflreadr,TRUE,FALSE,TRUE,FALSE,TRUE,eligible,TRUE,TRUE,NA,NA,analyzed
nfl,2022,401437746,2022-09-26T00:20Z,STATUS_FINAL,Denver Broncos,San Francisco 49ers,DEN,SF,2-1,1-2,11,10,NA,NA,NA,NA,NA,NA,NA,NA,NA,NA,TRUE,FALSE,TRUE,FALSE,TRUE,eligible,TRUE,TRUE,NA,NA,analyzed
nfl,2022,401437747,2022-09-27T00:15Z,STATUS_FINAL,New York Giants,Dallas Cowboys,NYG,DAL,2-1,2-1,16,23,NA,NA,NA,NA,NA,NA,NA,NA,NA,NA,TRUE,FALSE,TRUE,FALSE,TRUE,eligible,TRUE,TRUE,NA,NA,analyzed
nfl,2022,401437748,2022-09-30T00:15Z,STATUS_FINAL,Cincinnati Bengals,Miami Dolphins,CIN,MIA,2-2,3-1,27,15,NA,NA,NA,NA,NA,NA,NA,NA,NA,NA,TRUE,FALSE,TRUE,FALSE,TRUE,eligible,TRUE,TRUE,NA,NA,analyzed
nfl,2022,401435639,2022-10-02T13:30Z,STATUS_FINAL,New Orleans Saints,Minnesota Vikings,NO,MIN,1-3,3-1,25,28,away,MIN,4,42,177,-199,-107,-103,1,nflreadr,TRUE,FALSE,TRUE,FALSE,TRUE,eligible,TRUE,TRUE,NA,NA,analyzed
nfl,2022,401437749,2022-10-02T17:00Z,STATUS_FINAL,Atlanta Falcons,Cleveland Browns,ATL,CLE,2-2,2-2,23,20,away,CLE,1,48,-103,-107,-109,-101,1,nflreadr,TRUE,FALSE,TRUE,FALSE,TRUE,eligible,TRUE,TRUE,NA,NA,analyzed
nfl,2022,401437751,2022-10-02T17:00Z,STATUS_FINAL,Dallas Cowboys,Washington Commanders,DAL,WSH,3-1,1-3,25,10,NA,NA,NA,NA,NA,NA,NA,NA,NA,NA,TRUE,FALSE,TRUE,FALSE,TRUE,eligible,TRUE,TRUE,NA,NA,analyzed
nfl,2022,401437752,2022-10-02T17:00Z,STATUS_FINAL,Detroit Lions,Seattle Seahawks,DET,SEA,1-3,2-2,45,48,home,DET,3,48.5,-169,151,-113,103,1,nflreadr,TRUE,FALSE,TRUE,FALSE,TRUE,eligible,TRUE,TRUE,NA,NA,analyzed
nfl,2022,401437754,2022-10-02T17:00Z,STATUS_FINAL,Indianapolis Colts,Tennessee Titans,IND,TEN,1-2-1,2-2,17,24,home,IND,4.5,43,-205,182,-105,-105,1,nflreadr,TRUE,FALSE,TRUE,FALSE,TRUE,eligible,TRUE,TRUE,NA,NA,analyzed
nfl,2022,401437755,2022-10-02T17:00Z,STATUS_FINAL,New York Giants,Chicago Bears,NYG,CHI,3-1,2-2,20,12,home,NYG,3,39,-144,130,109,-120,1,nflreadr,TRUE,FALSE,TRUE,FALSE,TRUE,eligible,TRUE,TRUE,NA,NA,analyzed
nfl,2022,401437756,2022-10-02T17:00Z,STATUS_FINAL,Philadelphia Eagles,Jacksonville Jaguars,PHI,JAX,4-0,2-2,29,21,home,PHI,6.5,44,-256,223,-102,-109,1,nflreadr,TRUE,FALSE,TRUE,FALSE,TRUE,eligible,TRUE,TRUE,NA,NA,analyzed
nfl,2022,401437757,2022-10-02T17:00Z,STATUS_FINAL,Pittsburgh Steelers,New York Jets,PIT,NYJ,1-3,2-2,20,24,home,PIT,3,41,-161,145,-108,-102,1,nflreadr,TRUE,FALSE,TRUE,FALSE,TRUE,eligible,TRUE,TRUE,NA,NA,analyzed
nfl,2022,401437750,2022-10-02T17:00Z,STATUS_FINAL,Baltimore Ravens,Buffalo Bills,BAL,BUF,2-2,3-1,20,23,away,BUF,3,50,154,-172,106,-117,1,nflreadr,TRUE,FALSE,TRUE,FALSE,TRUE,eligible,TRUE,TRUE,NA,NA,analyzed
nfl,2022,401437753,2022-10-02T17:00Z,STATUS_FINAL,Houston Texans,Los Angeles Chargers,HOU,LAC,0-3-1,2-2,24,34,away,LAC,5.5,45,205,-234,-104,-106,1,nflreadr,TRUE,FALSE,TRUE,FALSE,TRUE,eligible,TRUE,TRUE,NA,NA,analyzed
nfl,2022,401437758,2022-10-02T20:05Z,STATUS_FINAL,Carolina Panthers,Arizona Cardinals,CAR,ARI,1-3,2-2,16,26,home,CAR,1,44,-113,102,-106,-104,1,nflreadr,TRUE,FALSE,TRUE,FALSE,TRUE,eligible,TRUE,TRUE,NA,NA,analyzed
nfl,2022,401437759,2022-10-02T20:25Z,STATUS_FINAL,Green Bay Packers,New England Patriots,GB,NE,3-1,1-3,27,24,home,GB,10,40.5,-435,358,109,-120,1,nflreadr,TRUE,FALSE,TRUE,FALSE,TRUE,eligible,TRUE,TRUE,NA,NA,analyzed
nfl,2022,401437760,2022-10-02T20:25Z,STATUS_FINAL,Las Vegas Raiders,Denver Broncos,LV,DEN,1-3,2-2,32,23,home,LV,2.5,45.5,-137,124,-109,-101,1,nflreadr,TRUE,FALSE,TRUE,FALSE,TRUE,eligible,TRUE,TRUE,NA,NA,analyzed
nfl,2022,401437470,2022-10-03T00:20Z,STATUS_FINAL,Tampa Bay Buccaneers,Kansas City Chiefs,TB,KC,2-2,3-1,31,41,NA,NA,NA,NA,NA,NA,NA,NA,NA,NA,TRUE,FALSE,TRUE,FALSE,TRUE,eligible,TRUE,TRUE,NA,NA,analyzed
nfl,2022,401437761,2022-10-04T00:15Z,STATUS_FINAL,San Francisco 49ers,Los Angeles Rams,SF,LAR,2-2,2-2,24,9,NA,NA,NA,NA,NA,NA,NA,NA,NA,NA,TRUE,FALSE,TRUE,FALSE,TRUE,eligible,TRUE,TRUE,NA,NA,analyzed
nfl,2022,401437762,2022-10-07T00:15Z,STATUS_FINAL,Denver Broncos,Indianapolis Colts,DEN,IND,2-3,2-2-1,9,12,NA,NA,NA,NA,NA,NA,NA,NA,NA,NA,TRUE,FALSE,TRUE,FALSE,TRUE,eligible,TRUE,TRUE,NA,NA,analyzed
nfl,2022,401435640,2022-10-09T13:30Z,STATUS_FINAL,Green Bay Packers,New York Giants,GB,NYG,3-2,4-1,22,27,home,GB,8.5,42,-397,331,-115,104,1,nflreadr,TRUE,FALSE,TRUE,FALSE,TRUE,eligible,TRUE,TRUE,NA,NA,analyzed
nfl,2022,401437763,2022-10-09T17:00Z,STATUS_FINAL,Buffalo Bills,Pittsburgh Steelers,BUF,PIT,4-1,1-4,38,3,home,BUF,14,44,-749,568,-102,-108,1,nflreadr,TRUE,FALSE,TRUE,FALSE,TRUE,eligible,TRUE,TRUE,NA,NA,analyzed
nfl,2022,401437764,2022-10-09T17:00Z,STATUS_FINAL,Cleveland Browns,Los Angeles Chargers,CLE,LAC,2-3,3-2,28,30,away,LAC,1,47,103,-114,-104,-106,1,nflreadr,TRUE,FALSE,TRUE,FALSE,TRUE,eligible,TRUE,TRUE,NA,NA,analyzed
nfl,2022,401437766,2022-10-09T17:00Z,STATUS_FINAL,Minnesota Vikings,Chicago Bears,MIN,CHI,4-1,2-3,29,22,home,MIN,10,44,-385,322,105,-116,1,nflreadr,TRUE,FALSE,TRUE,FALSE,TRUE,eligible,TRUE,TRUE,NA,NA,analyzed
nfl,2022,401437767,2022-10-09T17:00Z,STATUS_FINAL,New England Patriots,Detroit Lions,NE,DET,2-3,1-4,29,0,home,NE,3,46.5,-148,133,102,-113,1,nflreadr,TRUE,FALSE,TRUE,FALSE,TRUE,eligible,TRUE,TRUE,NA,NA,analyzed
nfl,2022,401437768,2022-10-09T17:00Z,STATUS_FINAL,New Orleans Saints,Seattle Seahawks,NO,SEA,2-3,2-3,39,32,home,NO,5.5,45.5,-229,201,-104,-106,1,nflreadr,TRUE,FALSE,TRUE,FALSE,TRUE,eligible,TRUE,TRUE,NA,NA,analyzed
nfl,2022,401437769,2022-10-09T17:00Z,STATUS_FINAL,New York Jets,Miami Dolphins,NYJ,MIA,3-2,3-2,40,17,away,MIA,3,46,146,-162,100,-110,1,nflreadr,TRUE,FALSE,TRUE,FALSE,TRUE,eligible,TRUE,TRUE,NA,NA,analyzed
nfl,2022,401437770,2022-10-09T17:00Z,STATUS_FINAL,Tampa Bay Buccaneers,Atlanta Falcons,TB,ATL,3-2,2-3,21,15,home,TB,10.5,46,-430,355,102,-113,1,nflreadr,TRUE,FALSE,TRUE,FALSE,TRUE,eligible,TRUE,TRUE,NA,NA,analyzed
nfl,2022,401437771,2022-10-09T17:00Z,STATUS_FINAL,Washington Commanders,Tennessee Titans,WSH,TEN,1-4,3-2,17,21,NA,NA,NA,NA,NA,NA,NA,NA,NA,NA,TRUE,FALSE,TRUE,FALSE,TRUE,eligible,TRUE,TRUE,NA,NA,analyzed
nfl,2022,401437765,2022-10-09T17:00Z,STATUS_FINAL,Jacksonville Jaguars,Houston Texans,JAX,HOU,2-3,1-3-1,6,13,home,JAX,7,44,-304,261,102,-113,1,nflreadr,TRUE,FALSE,TRUE,FALSE,TRUE,eligible,TRUE,TRUE,NA,NA,analyzed
nfl,2022,401437772,2022-10-09T20:05Z,STATUS_FINAL,Carolina Panthers,San Francisco 49ers,CAR,SF,1-4,3-2,15,37,away,SF,6,40,206,-234,-109,-102,1,nflreadr,TRUE,FALSE,TRUE,FALSE,TRUE,eligible,TRUE,TRUE,NA,NA,analyzed
nfl,2022,401437774,2022-10-09T20:25Z,STATUS_FINAL,Los Angeles Rams,Dallas Cowboys,LAR,DAL,2-3,4-1,10,22,NA,NA,NA,NA,NA,NA,NA,NA,NA,NA,TRUE,FALSE,TRUE,FALSE,TRUE,eligible,TRUE,TRUE,NA,NA,analyzed
nfl,2022,401437773,2022-10-09T20:25Z,STATUS_FINAL,Arizona Cardinals,Philadelphia Eagles,ARI,PHI,2-3,5-0,17,20,away,PHI,5.5,48.5,196,-222,-111,101,1,nflreadr,TRUE,FALSE,TRUE,FALSE,TRUE,eligible,TRUE,TRUE,NA,NA,analyzed
nfl,2022,401437775,2022-10-10T00:20Z,STATUS_FINAL,Baltimore Ravens,Cincinnati Bengals,BAL,CIN,3-2,2-3,19,17,NA,NA,NA,NA,NA,NA,NA,NA,NA,NA,TRUE,FALSE,TRUE,FALSE,TRUE,eligible,TRUE,TRUE,NA,NA,analyzed
nfl,2022,401437776,2022-10-11T00:15Z,STATUS_FINAL,Kansas City Chiefs,Las Vegas Raiders,KC,LV,4-1,1-4,30,29,NA,NA,NA,NA,NA,NA,NA,NA,NA,NA,TRUE,FALSE,TRUE,FALSE,TRUE,eligible,TRUE,TRUE,NA,NA,analyzed
nfl,2022,401437777,2022-10-14T00:15Z,STATUS_FINAL,Chicago Bears,Washington Commanders,CHI,WSH,2-4,2-4,7,12,NA,NA,NA,NA,NA,NA,NA,NA,NA,NA,TRUE,FALSE,TRUE,FALSE,TRUE,eligible,TRUE,TRUE,NA,NA,analyzed
nfl,2022,401437778,2022-10-16T17:00Z,STATUS_FINAL,Atlanta Falcons,San Francisco 49ers,ATL,SF,3-3,3-3,28,14,away,SF,3.5,46,166,-185,-110,-100,1,nflreadr,TRUE,FALSE,TRUE,FALSE,TRUE,eligible,TRUE,TRUE,NA,NA,analyzed
nfl,2022,401437779,2022-10-16T17:00Z,STATUS_FINAL,Cleveland Browns,New England Patriots,CLE,NE,2-4,3-3,15,38,home,CLE,2.5,43,-140,127,-111,101,1,nflreadr,TRUE,FALSE,TRUE,FALSE,TRUE,eligible,TRUE,TRUE,NA,NA,analyzed
nfl,2022,401437780,2022-10-16T17:00Z,STATUS_FINAL,Green Bay Packers,New York Jets,GB,NYJ,3-3,4-2,10,27,home,GB,7.5,44.5,-362,305,-109,-101,1,nflreadr,TRUE,FALSE,TRUE,FALSE,TRUE,eligible,TRUE,TRUE,NA,NA,analyzed
nfl,2022,401437781,2022-10-16T17:00Z,STATUS_FINAL,Indianapolis Colts,Jacksonville Jaguars,IND,JAX,3-2-1,2-4,34,27,home,IND,1,41,-122,110,-114,103,1,nflreadr,TRUE,FALSE,TRUE,FALSE,TRUE,eligible,TRUE,TRUE,NA,NA,analyzed
nfl,2022,401437782,2022-10-16T17:00Z,STATUS_FINAL,Miami Dolphins,Minnesota Vikings,MIA,MIN,3-3,5-1,16,24,away,MIN,3,45,157,-175,109,-120,1,nflreadr,TRUE,FALSE,TRUE,FALSE,TRUE,eligible,TRUE,TRUE,NA,NA,analyzed
nfl,2022,401437783,2022-10-16T17:00Z,STATUS_FINAL,New Orleans Saints,Cincinnati Bengals,NO,CIN,2-4,3-3,26,30,away,CIN,3,42.5,148,-164,100,-110,1,nflreadr,TRUE,FALSE,TRUE,FALSE,TRUE,eligible,TRUE,TRUE,NA,NA,analyzed
nfl,2022,401437784,2022-10-16T17:00Z,STATUS_FINAL,New York Giants,Baltimore Ravens,NYG,BAL,5-1,3-3,24,20,away,BAL,5.5,46,206,-234,-103,-107,1,nflreadr,TRUE,FALSE,TRUE,FALSE,TRUE,eligible,TRUE,TRUE,NA,NA,analyzed
nfl,2022,401437785,2022-10-16T17:00Z,STATUS_FINAL,Pittsburgh Steelers,Tampa Bay Buccaneers,PIT,TB,2-4,3-3,20,18,away,TB,10,47,323,-386,-113,103,1,nflreadr,TRUE,FALSE,TRUE,FALSE,TRUE,eligible,TRUE,TRUE,NA,NA,analyzed
nfl,2022,401437786,2022-10-16T20:05Z,STATUS_FINAL,Los Angeles Rams,Carolina Panthers,LAR,CAR,3-3,1-5,24,10,NA,NA,NA,NA,NA,NA,NA,NA,NA,NA,TRUE,FALSE,TRUE,FALSE,TRUE,eligible,TRUE,TRUE,NA,NA,analyzed
nfl,2022,401437787,2022-10-16T20:05Z,STATUS_FINAL,Seattle Seahawks,Arizona Cardinals,SEA,ARI,3-3,2-4,19,9,away,ARI,2.5,50,123,-136,-104,-106,1,nflreadr,TRUE,FALSE,TRUE,FALSE,TRUE,eligible,TRUE,TRUE,NA,NA,analyzed
nfl,2022,401437788,2022-10-16T20:25Z,STATUS_FINAL,Kansas City Chiefs,Buffalo Bills,KC,BUF,4-2,5-1,20,24,away,BUF,2.5,54,132,-146,105,-116,1,nflreadr,TRUE,FALSE,TRUE,FALSE,TRUE,eligible,TRUE,TRUE,NA,NA,analyzed
nfl,2022,401437789,2022-10-17T00:20Z,STATUS_FINAL,Philadelphia Eagles,Dallas Cowboys,PHI,DAL,6-0,4-2,26,17,NA,NA,NA,NA,NA,NA,NA,NA,NA,NA,TRUE,FALSE,TRUE,FALSE,TRUE,eligible,TRUE,TRUE,NA,NA,analyzed
nfl,2022,401437790,2022-10-18T00:15Z,STATUS_FINAL,Los Angeles Chargers,Denver Broncos,LAC,DEN,4-2,2-4,19,16,NA,NA,NA,NA,NA,NA,NA,NA,NA,NA,TRUE,FALSE,TRUE,FALSE,TRUE,eligible,TRUE,TRUE,NA,NA,analyzed
nfl,2022,401437791,2022-10-21T00:15Z,STATUS_FINAL,Arizona Cardinals,New Orleans Saints,ARI,NO,3-4,2-5,42,34,NA,NA,NA,NA,NA,NA,NA,NA,NA,NA,TRUE,FALSE,TRUE,FALSE,TRUE,eligible,TRUE,TRUE,NA,NA,analyzed
nfl,2022,401437794,2022-10-23T17:00Z,STATUS_FINAL,Cincinnati Bengals,Atlanta Falcons,CIN,ATL,4-3,3-4,35,17,home,CIN,6.5,47.5,-271,235,-110,-100,1,nflreadr,TRUE,FALSE,TRUE,FALSE,TRUE,eligible,TRUE,TRUE,NA,NA,analyzed
nfl,2022,401437795,2022-10-23T17:00Z,STATUS_FINAL,Dallas Cowboys,Detroit Lions,DAL,DET,5-2,1-5,24,6,home,DAL,7,49.5,-278,241,102,-112,1,nflreadr,TRUE,FALSE,TRUE,FALSE,TRUE,eligible,TRUE,TRUE,NA,NA,analyzed
nfl,2022,401437797,2022-10-23T17:00Z,STATUS_FINAL,Tennessee Titans,Indianapolis Colts,TEN,IND,4-2,3-3-1,19,10,home,TEN,2.5,43,-143,129,-108,-102,1,nflreadr,TRUE,FALSE,TRUE,FALSE,TRUE,eligible,TRUE,TRUE,NA,NA,analyzed
nfl,2022,401437798,2022-10-23T17:00Z,STATUS_FINAL,Washington Commanders,Green Bay Packers,WSH,GB,3-4,3-4,23,21,NA,NA,NA,NA,NA,NA,NA,NA,NA,NA,TRUE,FALSE,TRUE,FALSE,TRUE,eligible,TRUE,TRUE,NA,NA,analyzed
nfl,2022,401437793,2022-10-23T17:00Z,STATUS_FINAL,Carolina Panthers,Tampa Bay Buccaneers,CAR,TB,2-5,3-4,21,3,away,TB,13,39.5,524,-680,-107,-103,1,nflreadr,TRUE,FALSE,TRUE,FALSE,TRUE,eligible,TRUE,TRUE,NA,NA,analyzed
nfl,2022,401437796,2022-10-23T17:00Z,STATUS_FINAL,Jacksonville Jaguars,New York Giants,JAX,NYG,2-5,6-1,17,23,home,JAX,3,44,-165,148,-112,102,1,nflreadr,TRUE,FALSE,TRUE,FALSE,TRUE,eligible,TRUE,TRUE,NA,NA,analyzed
nfl,2022,401437792,2022-10-23T17:00Z,STATUS_FINAL,Baltimore Ravens,Cleveland Browns,BAL,CLE,4-3,2-5,23,20,home,BAL,6.5,46,-282,244,-110,100,1,nflreadr,TRUE,FALSE,TRUE,FALSE,TRUE,eligible,TRUE,TRUE,NA,NA,analyzed
nfl,2022,401437799,2022-10-23T20:05Z,STATUS_FINAL,Denver Broncos,New York Jets,DEN,NYJ,2-5,5-2,9,16,away,NYJ,2,37,115,-127,-104,-106,1,nflreadr,TRUE,FALSE,TRUE,FALSE,TRUE,eligible,TRUE,TRUE,NA,NA,analyzed
nfl,2022,401437800,2022-10-23T20:05Z,STATUS_FINAL,Las Vegas Raiders,Houston Texans,LV,HOU,2-4,1-4-1,38,20,home,LV,7,46,-325,278,-115,104,1,nflreadr,TRUE,FALSE,TRUE,FALSE,TRUE,eligible,TRUE,TRUE,NA,NA,analyzed
nfl,2022,401437801,2022-10-23T20:25Z,STATUS_FINAL,Los Angeles Chargers,Seattle Seahawks,LAC,SEA,4-3,4-3,23,37,home,LAC,5.5,51.5,-219,193,101,-111,1,nflreadr,TRUE,FALSE,TRUE,FALSE,TRUE,eligible,TRUE,TRUE,NA,NA,analyzed
nfl,2022,401437802,2022-10-23T20:25Z,STATUS_FINAL,San Francisco 49ers,Kansas City Chiefs,SF,KC,3-4,5-2,23,44,away,KC,1,49,-104,-106,-112,102,1,nflreadr,TRUE,FALSE,TRUE,FALSE,TRUE,eligible,TRUE,TRUE,NA,NA,analyzed
nfl,2022,401437803,2022-10-24T00:20Z,STATUS_FINAL,Miami Dolphins,Pittsburgh Steelers,MIA,PIT,4-3,2-5,16,10,NA,NA,NA,NA,NA,NA,NA,NA,NA,NA,TRUE,FALSE,TRUE,FALSE,TRUE,eligible,TRUE,TRUE,NA,NA,analyzed
nfl,2022,401437804,2022-10-25T00:15Z,STATUS_FINAL,New England Patriots,Chicago Bears,NE,CHI,3-4,3-4,14,33,NA,NA,NA,NA,NA,NA,NA,NA,NA,NA,TRUE,FALSE,TRUE,FALSE,TRUE,eligible,TRUE,TRUE,NA,NA,analyzed
nfl,2022,401437805,2022-10-28T00:15Z,STATUS_FINAL,Tampa Bay Buccaneers,Baltimore Ravens,TB,BAL,3-5,5-3,22,27,NA,NA,NA,NA,NA,NA,NA,NA,NA,NA,TRUE,FALSE,TRUE,FALSE,TRUE,eligible,TRUE,TRUE,NA,NA,analyzed
nfl,2022,401435641,2022-10-30T13:30Z,STATUS_FINAL,Jacksonville Jaguars,Denver Broncos,JAX,DEN,2-6,3-5,17,21,home,JAX,1,41,-107,-103,101,-112,1,nflreadr,TRUE,FALSE,TRUE,FALSE,TRUE,eligible,TRUE,TRUE,NA,NA,analyzed
nfl,2022,401437806,2022-10-30T17:00Z,STATUS_FINAL,Atlanta Falcons,Carolina Panthers,ATL,CAR,4-4,2-6,37,34,home,ATL,4.5,41,-201,178,-100,-110,1,nflreadr,TRUE,FALSE,TRUE,FALSE,TRUE,eligible,TRUE,TRUE,NA,NA,analyzed
nfl,2022,401437807,2022-10-30T17:00Z,STATUS_FINAL,Dallas Cowboys,Chicago Bears,DAL,CHI,6-2,3-5,49,29,home,DAL,10.5,43,-430,355,109,-121,1,nflreadr,TRUE,FALSE,TRUE,FALSE,TRUE,eligible,TRUE,TRUE,NA,NA,analyzed
nfl,2022,401437808,2022-10-30T17:00Z,STATUS_FINAL,Detroit Lions,Miami Dolphins,DET,MIA,1-6,5-3,27,31,away,MIA,3.5,52,169,-190,102,-112,1,nflreadr,TRUE,FALSE,TRUE,FALSE,TRUE,eligible,TRUE,TRUE,NA,NA,analyzed
nfl,2022,401437809,2022-10-30T17:00Z,STATUS_FINAL,Minnesota Vikings,Arizona Cardinals,MIN,ARI,6-1,3-5,34,26,home,MIN,4,48.5,-199,177,-105,-105,1,nflreadr,TRUE,FALSE,TRUE,FALSE,TRUE,eligible,TRUE,TRUE,NA,NA,analyzed
nfl,2022,401437810,2022-10-30T17:00Z,STATUS_FINAL,New Orleans Saints,Las Vegas Raiders,NO,LV,3-5,2-5,24,0,away,LV,1,48.5,108,-119,101,-111,1,nflreadr,TRUE,FALSE,TRUE,FALSE,TRUE,eligible,TRUE,TRUE,NA,NA,analyzed
nfl,2022,401437811,2022-10-30T17:00Z,STATUS_FINAL,New York Jets,New England Patriots,NYJ,NE,5-3,4-4,17,22,away,NE,3,40,140,-155,-107,-103,1,nflreadr,TRUE,FALSE,TRUE,FALSE,TRUE,eligible,TRUE,TRUE,NA,NA,analyzed
nfl,2022,401437812,2022-10-30T17:00Z,STATUS_FINAL,Philadelphia Eagles,Pittsburgh Steelers,PHI,PIT,7-0,2-6,35,13,home,PHI,11,43,-490,397,-112,102,1,nflreadr,TRUE,FALSE,TRUE,FALSE,TRUE,eligible,TRUE,TRUE,NA,NA,analyzed
nfl,2022,401437813,2022-10-30T20:05Z,STATUS_FINAL,Houston Texans,Tennessee Titans,HOU,TEN,1-5-1,5-2,10,17,away,TEN,1,39,104,-115,-103,-107,1,nflreadr,TRUE,FALSE,TRUE,FALSE,TRUE,eligible,TRUE,TRUE,NA,NA,analyzed
nfl,2022,401437814,2022-10-30T20:25Z,STATUS_FINAL,Indianapolis Colts,Washington Commanders,IND,WSH,3-4-1,4-4,16,17,NA,NA,NA,NA,NA,NA,NA,NA,NA,NA,TRUE,FALSE,TRUE,FALSE,TRUE,eligible,TRUE,TRUE,NA,NA,analyzed
nfl,2022,401437815,2022-10-30T20:25Z,STATUS_FINAL,Los Angeles Rams,San Francisco 49ers,LAR,SF,3-4,4-4,14,31,NA,NA,NA,NA,NA,NA,NA,NA,NA,NA,TRUE,FALSE,TRUE,FALSE,TRUE,eligible,TRUE,TRUE,NA,NA,analyzed
nfl,2022,401437816,2022-10-30T20:25Z,STATUS_FINAL,Seattle Seahawks,New York Giants,SEA,NYG,5-3,6-2,27,13,home,SEA,3,44.5,-164,147,-110,-100,1,nflreadr,TRUE,FALSE,TRUE,FALSE,TRUE,eligible,TRUE,TRUE,NA,NA,analyzed
nfl,2022,401437817,2022-10-31T00:20Z,STATUS_FINAL,Buffalo Bills,Green Bay Packers,BUF,GB,6-1,3-5,27,17,NA,NA,NA,NA,NA,NA,NA,NA,NA,NA,TRUE,FALSE,TRUE,FALSE,TRUE,eligible,TRUE,TRUE,NA,NA,analyzed
nfl,2022,401437818,2022-11-01T00:15Z,STATUS_FINAL,Cleveland Browns,Cincinnati Bengals,CLE,CIN,3-5,4-4,32,13,NA,NA,NA,NA,NA,NA,NA,NA,NA,NA,TRUE,FALSE,TRUE,FALSE,TRUE,eligible,TRUE,TRUE,NA,NA,analyzed
nfl,2022,401437819,2022-11-04T00:15Z,STATUS_FINAL,Houston Texans,Philadelphia Eagles,HOU,PHI,1-6-1,8-0,17,29,NA,NA,NA,NA,NA,NA,NA,NA,NA,NA,TRUE,FALSE,TRUE,FALSE,TRUE,eligible,TRUE,TRUE,NA,NA,analyzed
nfl,2022,401437820,2022-11-06T18:00Z,STATUS_FINAL,Atlanta Falcons,Los Angeles Chargers,ATL,LAC,4-5,5-3,17,20,away,LAC,2.5,49.5,130,-143,103,-114,1,nflreadr,TRUE,FALSE,TRUE,FALSE,TRUE,eligible,TRUE,TRUE,NA,NA,analyzed
nfl,2022,401437821,2022-11-06T18:00Z,STATUS_FINAL,Chicago Bears,Miami Dolphins,CHI,MIA,3-6,6-3,32,35,away,MIA,4,46,172,-193,-107,-103,1,nflreadr,TRUE,FALSE,TRUE,FALSE,TRUE,eligible,TRUE,TRUE,NA,NA,analyzed
nfl,2022,401437822,2022-11-06T18:00Z,STATUS_FINAL,Cincinnati Bengals,Carolina Panthers,CIN,CAR,5-4,2-7,42,21,home,CIN,7,43,-331,282,-110,-100,1,nflreadr,TRUE,FALSE,TRUE,FALSE,TRUE,eligible,TRUE,TRUE,NA,NA,analyzed
nfl,2022,401437823,2022-11-06T18:00Z,STATUS_FINAL,Detroit Lions,Green Bay Packers,DET,GB,2-6,3-6,15,9,away,GB,4,49.5,170,-191,-103,-107,1,nflreadr,TRUE,FALSE,TRUE,FALSE,TRUE,eligible,TRUE,TRUE,NA,NA,analyzed
nfl,2022,401437825,2022-11-06T18:00Z,STATUS_FINAL,New England Patriots,Indianapolis Colts,NE,IND,5-4,3-5-1,26,3,home,NE,5,40,-212,188,104,-115,1,nflreadr,TRUE,FALSE,TRUE,FALSE,TRUE,eligible,TRUE,TRUE,NA,NA,analyzed
nfl,2022,401437826,2022-11-06T18:00Z,STATUS_FINAL,New York Jets,Buffalo Bills,NYJ,BUF,6-3,6-2,20,17,away,BUF,11,46,400,-494,-114,103,1,nflreadr,TRUE,FALSE,TRUE,FALSE,TRUE,eligible,TRUE,TRUE,NA,NA,analyzed
nfl,2022,401437827,2022-11-06T18:00Z,STATUS_FINAL,Washington Commanders,Minnesota Vikings,WSH,MIN,4-5,7-1,17,20,NA,NA,NA,NA,NA,NA,NA,NA,NA,NA,TRUE,FALSE,TRUE,FALSE,TRUE,eligible,TRUE,TRUE,NA,NA,analyzed
nfl,2022,401437824,2022-11-06T18:00Z,STATUS_FINAL,Jacksonville Jaguars,Las Vegas Raiders,JAX,LV,3-6,2-6,27,20,away,LV,2.5,47.5,116,-129,-108,-102,1,nflreadr,TRUE,FALSE,TRUE,FALSE,TRUE,eligible,TRUE,TRUE,NA,NA,analyzed
nfl,2022,401437828,2022-11-06T21:05Z,STATUS_FINAL,Arizona Cardinals,Seattle Seahawks,ARI,SEA,3-6,6-3,21,31,home,ARI,1.5,49.5,-128,116,-113,102,1,nflreadr,TRUE,FALSE,TRUE,FALSE,TRUE,eligible,TRUE,TRUE,NA,NA,analyzed
nfl,2022,401437829,2022-11-06T21:25Z,STATUS_FINAL,Tampa Bay Buccaneers,Los Angeles Rams,TB,LAR,4-5,3-5,16,13,NA,NA,NA,NA,NA,NA,NA,NA,NA,NA,TRUE,FALSE,TRUE,FALSE,TRUE,eligible,TRUE,TRUE,NA,NA,analyzed
nfl,2022,401437830,2022-11-07T01:20Z,STATUS_FINAL,Kansas City Chiefs,Tennessee Titans,KC,TEN,6-2,5-3,20,17,NA,NA,NA,NA,NA,NA,NA,NA,NA,NA,TRUE,FALSE,TRUE,FALSE,TRUE,eligible,TRUE,TRUE,NA,NA,analyzed
nfl,2022,401437831,2022-11-08T01:15Z,STATUS_FINAL,New Orleans Saints,Baltimore Ravens,NO,BAL,3-6,6-3,13,27,NA,NA,NA,NA,NA,NA,NA,NA,NA,NA,TRUE,FALSE,TRUE,FALSE,TRUE,eligible,TRUE,TRUE,NA,NA,analyzed
nfl,2022,401437832,2022-11-11T01:15Z,STATUS_FINAL,Carolina Panthers,Atlanta Falcons,CAR,ATL,3-7,4-6,25,15,NA,NA,NA,NA,NA,NA,NA,NA,NA,NA,TRUE,FALSE,TRUE,FALSE,TRUE,eligible,TRUE,TRUE,NA,NA,analyzed
nfl,2022,401435638,2022-11-13T14:30Z,STATUS_FINAL,Tampa Bay Buccaneers,Seattle Seahawks,TB,SEA,5-5,6-4,21,16,home,TB,2.5,45,-138,124,-114,103,1,nflreadr,TRUE,FALSE,TRUE,FALSE,TRUE,eligible,TRUE,TRUE,NA,NA,analyzed
nfl,2022,401437833,2022-11-13T18:00Z,STATUS_FINAL,Buffalo Bills,Minnesota Vikings,BUF,MIN,6-3,8-1,30,33,home,BUF,6.5,47,-264,230,-106,-104,1,nflreadr,TRUE,FALSE,TRUE,FALSE,TRUE,eligible,TRUE,TRUE,NA,NA,analyzed
nfl,2022,401437834,2022-11-13T18:00Z,STATUS_FINAL,Chicago Bears,Detroit Lions,CHI,DET,3-7,3-6,30,31,home,CHI,3,48.5,-159,143,-105,-105,1,nflreadr,TRUE,FALSE,TRUE,FALSE,TRUE,eligible,TRUE,TRUE,NA,NA,analyzed
nfl,2022,401437839,2022-11-13T18:00Z,STATUS_FINAL,Tennessee Titans,Denver Broncos,TEN,DEN,6-3,3-6,17,10,home,TEN,2.5,40,-135,122,-105,-105,1,nflreadr,TRUE,FALSE,TRUE,FALSE,TRUE,eligible,TRUE,TRUE,NA,NA,analyzed
nfl,2022,401437835,2022-11-13T18:00Z,STATUS_FINAL,Kansas City Chiefs,Jacksonville Jaguars,KC,JAX,7-2,3-7,27,17,home,KC,10,51.5,-399,333,109,-120,1,nflreadr,TRUE,FALSE,TRUE,FALSE,TRUE,eligible,TRUE,TRUE,NA,NA,analyzed
nfl,2022,401437836,2022-11-13T18:00Z,STATUS_FINAL,Miami Dolphins,Cleveland Browns,MIA,CLE,7-3,3-6,39,17,home,MIA,3,49,-177,158,-123,112,1,nflreadr,TRUE,FALSE,TRUE,FALSE,TRUE,eligible,TRUE,TRUE,NA,NA,analyzed
nfl,2022,401437837,2022-11-13T18:00Z,STATUS_FINAL,New York Giants,Houston Texans,NYG,HOU,7-2,1-7-1,24,16,home,NYG,5.5,41.5,-221,195,102,-112,1,nflreadr,TRUE,FALSE,TRUE,FALSE,TRUE,eligible,TRUE,TRUE,NA,NA,analyzed
nfl,2022,401437838,2022-11-13T18:00Z,STATUS_FINAL,Pittsburgh Steelers,New Orleans Saints,PIT,NO,3-6,3-7,20,10,home,PIT,1,39.5,-116,105,-107,-103,1,nflreadr,TRUE,FALSE,TRUE,FALSE,TRUE,eligible,TRUE,TRUE,NA,NA,analyzed
nfl,2022,401437840,2022-11-13T21:05Z,STATUS_FINAL,Las Vegas Raiders,Indianapolis Colts,LV,IND,2-7,4-5-1,20,25,home,LV,4.5,41,-199,177,101,-112,1,nflreadr,TRUE,FALSE,TRUE,FALSE,TRUE,eligible,TRUE,TRUE,NA,NA,analyzed
nfl,2022,401437131,2022-11-13T21:25Z,STATUS_FINAL,Green Bay Packers,Dallas Cowboys,GB,DAL,4-6,6-3,31,28,away,DAL,3.5,44.5,177,-199,102,-113,1,nflreadr,TRUE,FALSE,TRUE,FALSE,TRUE,eligible,TRUE,TRUE,NA,NA,analyzed
nfl,2022,401437841,2022-11-13T21:25Z,STATUS_FINAL,Los Angeles Rams,Arizona Cardinals,LAR,ARI,3-6,4-6,17,27,NA,NA,NA,NA,NA,NA,NA,NA,NA,NA,TRUE,FALSE,TRUE,FALSE,TRUE,eligible,TRUE,TRUE,NA,NA,analyzed
nfl,2022,401437842,2022-11-14T01:20Z,STATUS_FINAL,San Francisco 49ers,Los Angeles Chargers,SF,LAC,5-4,5-4,22,16,NA,NA,NA,NA,NA,NA,NA,NA,NA,NA,TRUE,FALSE,TRUE,FALSE,TRUE,eligible,TRUE,TRUE,NA,NA,analyzed
nfl,2022,401437843,2022-11-15T01:15Z,STATUS_FINAL,Philadelphia Eagles,Washington Commanders,PHI,WSH,8-1,5-5,21,32,NA,NA,NA,NA,NA,NA,NA,NA,NA,NA,TRUE,FALSE,TRUE,FALSE,TRUE,eligible,TRUE,TRUE,NA,NA,analyzed
nfl,2022,401437844,2022-11-18T01:15Z,STATUS_FINAL,Green Bay Packers,Tennessee Titans,GB,TEN,4-7,7-3,17,27,NA,NA,NA,NA,NA,NA,NA,NA,NA,NA,TRUE,FALSE,TRUE,FALSE,TRUE,eligible,TRUE,TRUE,NA,NA,analyzed
nfl,2022,401437845,2022-11-20T18:00Z,STATUS_FINAL,Atlanta Falcons,Chicago Bears,ATL,CHI,5-6,3-8,27,24,home,ATL,3,48.5,-138,125,110,-122,1,nflreadr,TRUE,FALSE,TRUE,FALSE,TRUE,eligible,TRUE,TRUE,NA,NA,analyzed
nfl,2022,401437847,2022-11-20T18:00Z,STATUS_FINAL,Buffalo Bills,Cleveland Browns,BUF,CLE,7-3,3-7,31,23,home,BUF,7.5,50.5,-353,298,-108,-103,1,nflreadr,TRUE,FALSE,TRUE,FALSE,TRUE,eligible,TRUE,TRUE,NA,NA,analyzed
nfl,2022,401437849,2022-11-20T18:00Z,STATUS_FINAL,Indianapolis Colts,Philadelphia Eagles,IND,PHI,4-6-1,9-1,16,17,away,PHI,6.5,45.5,235,-270,-102,-108,1,nflreadr,TRUE,FALSE,TRUE,FALSE,TRUE,eligible,TRUE,TRUE,NA,NA,analyzed
nfl,2022,401437850,2022-11-20T18:00Z,STATUS_FINAL,New England Patriots,New York Jets,NE,NYJ,6-4,6-4,10,3,home,NE,3.5,38.5,-182,163,-102,-109,1,nflreadr,TRUE,FALSE,TRUE,FALSE,TRUE,eligible,TRUE,TRUE,NA,NA,analyzed
nfl,2022,401437851,2022-11-20T18:00Z,STATUS_FINAL,New Orleans Saints,Los Angeles Rams,NO,LAR,4-7,3-7,27,20,NA,NA,NA,NA,NA,NA,NA,NA,NA,NA,TRUE,FALSE,TRUE,FALSE,TRUE,eligible,TRUE,TRUE,NA,NA,analyzed
nfl,2022,401437852,2022-11-20T18:00Z,STATUS_FINAL,New York Giants,Detroit Lions,NYG,DET,7-3,4-6,18,31,home,NYG,3,44,-159,143,-107,-104,1,nflreadr,TRUE,FALSE,TRUE,FALSE,TRUE,eligible,TRUE,TRUE,NA,NA,analyzed
nfl,2022,401437846,2022-11-20T18:00Z,STATUS_FINAL,Baltimore Ravens,Carolina Panthers,BAL,CAR,7-3,3-8,13,3,home,BAL,13,42,-647,503,106,-117,1,nflreadr,TRUE,FALSE,TRUE,FALSE,TRUE,eligible,TRUE,TRUE,NA,NA,analyzed
nfl,2022,401437848,2022-11-20T18:00Z,STATUS_FINAL,Houston Texans,Washington Commanders,HOU,WSH,1-8-1,6-5,10,23,NA,NA,NA,NA,NA,NA,NA,NA,NA,NA,TRUE,FALSE,TRUE,FALSE,TRUE,eligible,TRUE,TRUE,NA,NA,analyzed
nfl,2022,401437853,2022-11-20T21:05Z,STATUS_FINAL,Denver Broncos,Las Vegas Raiders,DEN,LV,3-7,3-7,16,22,home,DEN,2.5,41.5,-145,131,-117,106,1,nflreadr,TRUE,FALSE,TRUE,FALSE,TRUE,eligible,TRUE,TRUE,NA,NA,analyzed
nfl,2022,401437855,2022-11-20T21:25Z,STATUS_FINAL,Minnesota Vikings,Dallas Cowboys,MIN,DAL,8-2,7-3,3,40,away,DAL,1.5,48.5,118,-131,104,-115,1,nflreadr,TRUE,FALSE,TRUE,FALSE,TRUE,eligible,TRUE,TRUE,NA,NA,analyzed
nfl,2022,401437856,2022-11-20T21:25Z,STATUS_FINAL,Pittsburgh Steelers,Cincinnati Bengals,PIT,CIN,3-7,6-4,30,37,away,CIN,3.5,39,163,-182,-111,101,1,nflreadr,TRUE,FALSE,TRUE,FALSE,TRUE,eligible,TRUE,TRUE,NA,NA,analyzed
nfl,2022,401437854,2022-11-21T01:20Z,STATUS_FINAL,Los Angeles Chargers,Kansas City Chiefs,LAC,KC,5-5,8-2,27,30,NA,NA,NA,NA,NA,NA,NA,NA,NA,NA,TRUE,FALSE,TRUE,FALSE,TRUE,eligible,TRUE,TRUE,NA,NA,analyzed
nfl,2022,401435642,2022-11-22T01:15Z,STATUS_FINAL,Arizona Cardinals,San Francisco 49ers,ARI,SF,4-7,6-4,10,38,NA,NA,NA,NA,NA,NA,NA,NA,NA,NA,TRUE,FALSE,TRUE,FALSE,TRUE,eligible,TRUE,TRUE,NA,NA,analyzed
nfl,2022,401437857,2022-11-24T17:30Z,STATUS_FINAL,Detroit Lions,Buffalo Bills,DET,BUF,4-7,8-3,25,28,away,BUF,10,54,342,-412,-116,105,1,nflreadr,TRUE,FALSE,TRUE,FALSE,TRUE,eligible,TRUE,TRUE,NA,NA,analyzed
nfl,2022,401437858,2022-11-24T21:30Z,STATUS_FINAL,Dallas Cowboys,New York Giants,DAL,NYG,8-3,7-4,28,20,home,DAL,10.5,45.5,-441,363,104,-114,1,nflreadr,TRUE,FALSE,TRUE,FALSE,TRUE,eligible,TRUE,TRUE,NA,NA,analyzed
nfl,2022,401437859,2022-11-25T01:20Z,STATUS_FINAL,Minnesota Vikings,New England Patriots,MIN,NE,9-2,6-5,33,26,NA,NA,NA,NA,NA,NA,NA,NA,NA,NA,TRUE,FALSE,TRUE,FALSE,TRUE,eligible,TRUE,TRUE,NA,NA,analyzed
nfl,2022,401437861,2022-11-27T18:00Z,STATUS_FINAL,Cleveland Browns,Tampa Bay Buccaneers,CLE,TB,4-7,5-6,23,17,away,TB,3,42,151,-169,107,-118,1,nflreadr,TRUE,FALSE,TRUE,FALSE,TRUE,eligible,TRUE,TRUE,NA,NA,analyzed
nfl,2022,401437865,2022-11-27T18:00Z,STATUS_FINAL,Tennessee Titans,Cincinnati Bengals,TEN,CIN,7-4,7-4,16,20,away,CIN,1,43,-105,-105,-113,102,1,nflreadr,TRUE,FALSE,TRUE,FALSE,TRUE,eligible,TRUE,TRUE,NA,NA,analyzed
nfl,2022,401437863,2022-11-27T18:00Z,STATUS_FINAL,Miami Dolphins,Houston Texans,MIA,HOU,8-3,1-9-1,30,15,home,MIA,14,47,-822,613,-109,-101,1,nflreadr,TRUE,FALSE,TRUE,FALSE,TRUE,eligible,TRUE,TRUE,NA,NA,analyzed
nfl,2022,401437864,2022-11-27T18:00Z,STATUS_FINAL,New York Jets,Chicago Bears,NYJ,CHI,7-4,3-9,31,10,home,NYJ,8.5,36.5,-375,315,-103,-107,1,nflreadr,TRUE,FALSE,TRUE,FALSE,TRUE,eligible,TRUE,TRUE,NA,NA,analyzed
nfl,2022,401437866,2022-11-27T18:00Z,STATUS_FINAL,Washington Commanders,Atlanta Falcons,WSH,ATL,7-5,5-7,19,13,NA,NA,NA,NA,NA,NA,NA,NA,NA,NA,TRUE,FALSE,TRUE,FALSE,TRUE,eligible,TRUE,TRUE,NA,NA,analyzed
nfl,2022,401437860,2022-11-27T18:00Z,STATUS_FINAL,Carolina Panthers,Denver Broncos,CAR,DEN,4-8,3-8,23,10,away,DEN,1,36.5,105,-116,-101,-109,1,nflreadr,TRUE,FALSE,TRUE,FALSE,TRUE,eligible,TRUE,TRUE,NA,NA,analyzed
nfl,2022,401437862,2022-11-27T18:00Z,STATUS_FINAL,Jacksonville Jaguars,Baltimore Ravens,JAX,BAL,4-7,7-4,28,27,away,BAL,3.5,43,147,-164,-123,111,1,nflreadr,TRUE,FALSE,TRUE,FALSE,TRUE,eligible,TRUE,TRUE,NA,NA,analyzed
nfl,2022,401437867,2022-11-27T21:05Z,STATUS_FINAL,Arizona Cardinals,Los Angeles Chargers,ARI,LAC,4-8,6-5,24,25,away,LAC,2.5,48.5,123,-136,-102,-108,1,nflreadr,TRUE,FALSE,TRUE,FALSE,TRUE,eligible,TRUE,TRUE,NA,NA,analyzed
nfl,2022,401437868,2022-11-27T21:05Z,STATUS_FINAL,Seattle Seahawks,Las Vegas Raiders,SEA,LV,6-5,4-7,34,40,home,SEA,4,47.5,-196,174,-103,-107,1,nflreadr,TRUE,FALSE,TRUE,FALSE,TRUE,eligible,TRUE,TRUE,NA,NA,analyzed
nfl,2022,401437869,2022-11-27T21:25Z,STATUS_FINAL,Kansas City Chiefs,Los Angeles Rams,KC,LAR,9-2,3-8,26,10,NA,NA,NA,NA,NA,NA,NA,NA,NA,NA,TRUE,FALSE,TRUE,FALSE,TRUE,eligible,TRUE,TRUE,NA,NA,analyzed
nfl,2022,401437870,2022-11-27T21:25Z,STATUS_FINAL,San Francisco 49ers,New Orleans Saints,SF,NO,7-4,4-8,13,0,home,SF,9.5,44,-392,327,103,-113,1,nflreadr,TRUE,FALSE,TRUE,FALSE,TRUE,eligible,TRUE,TRUE,NA,NA,analyzed
nfl,2022,401437871,2022-11-28T01:20Z,STATUS_FINAL,Philadelphia Eagles,Green Bay Packers,PHI,GB,10-1,4-8,40,33,NA,NA,NA,NA,NA,NA,NA,NA,NA,NA,TRUE,FALSE,TRUE,FALSE,TRUE,eligible,TRUE,TRUE,NA,NA,analyzed
nfl,2022,401437872,2022-11-29T01:15Z,STATUS_FINAL,Indianapolis Colts,Pittsburgh Steelers,IND,PIT,4-7-1,4-7,17,24,NA,NA,NA,NA,NA,NA,NA,NA,NA,NA,TRUE,FALSE,TRUE,FALSE,TRUE,eligible,TRUE,TRUE,NA,NA,analyzed
nfl,2022,401437873,2022-12-02T01:15Z,STATUS_FINAL,New England Patriots,Buffalo Bills,NE,BUF,6-6,9-3,10,24,NA,NA,NA,NA,NA,NA,NA,NA,NA,NA,TRUE,FALSE,TRUE,FALSE,TRUE,eligible,TRUE,TRUE,NA,NA,analyzed
nfl,2022,401437874,2022-12-04T18:00Z,STATUS_FINAL,Atlanta Falcons,Pittsburgh Steelers,ATL,PIT,5-8,5-7,16,19,away,PIT,1,43,103,-113,-105,-105,1,nflreadr,TRUE,FALSE,TRUE,FALSE,TRUE,eligible,TRUE,TRUE,NA,NA,analyzed
nfl,2022,401437876,2022-12-04T18:00Z,STATUS_FINAL,Chicago Bears,Green Bay Packers,CHI,GB,3-10,5-8,19,28,away,GB,4,45,163,-182,-116,105,1,nflreadr,TRUE,FALSE,TRUE,FALSE,TRUE,eligible,TRUE,TRUE,NA,NA,analyzed
nfl,2022,401437877,2022-12-04T18:00Z,STATUS_FINAL,Detroit Lions,Jacksonville Jaguars,DET,JAX,5-7,4-8,40,14,home,DET,1,51.5,-118,107,-110,-100,1,nflreadr,TRUE,FALSE,TRUE,FALSE,TRUE,eligible,TRUE,TRUE,NA,NA,analyzed
nfl,2022,401437879,2022-12-04T18:00Z,STATUS_FINAL,Minnesota Vikings,New York Jets,MIN,NYJ,10-2,7-5,27,22,home,MIN,3,44,-146,132,106,-117,1,nflreadr,TRUE,FALSE,TRUE,FALSE,TRUE,eligible,TRUE,TRUE,NA,NA,analyzed
nfl,2022,401437880,2022-12-04T18:00Z,STATUS_FINAL,New York Giants,Washington Commanders,NYG,WSH,7-4-1,7-5-1,20,20,NA,NA,NA,NA,NA,NA,NA,NA,NA,NA,TRUE,FALSE,TRUE,TRUE,FALSE,tie,FALSE,FALSE,NA,NA,tie
nfl,2022,401437881,2022-12-04T18:00Z,STATUS_FINAL,Philadelphia Eagles,Tennessee Titans,PHI,TEN,11-1,7-5,35,10,home,PHI,5,44.5,-213,189,-101,-109,1,nflreadr,TRUE,FALSE,TRUE,FALSE,TRUE,eligible,TRUE,TRUE,NA,NA,analyzed
nfl,2022,401437875,2022-12-04T18:00Z,STATUS_FINAL,Baltimore Ravens,Denver Broncos,BAL,DEN,8-4,3-9,10,9,home,BAL,9.5,40.5,-347,294,112,-124,1,nflreadr,TRUE,FALSE,TRUE,FALSE,TRUE,eligible,TRUE,TRUE,NA,NA,analyzed
nfl,2022,401437878,2022-12-04T18:00Z,STATUS_FINAL,Houston Texans,Cleveland Browns,HOU,CLE,1-10-1,5-7,14,27,away,CLE,7.5,47,280,-329,-102,-108,1,nflreadr,TRUE,FALSE,TRUE,FALSE,TRUE,eligible,TRUE,TRUE,NA,NA,analyzed
nfl,2022,401437882,2022-12-04T21:05Z,STATUS_FINAL,Los Angeles Rams,Seattle Seahawks,LAR,SEA,3-9,7-5,23,27,NA,NA,NA,NA,NA,NA,NA,NA,NA,NA,TRUE,FALSE,TRUE,FALSE,TRUE,eligible,TRUE,TRUE,NA,NA,analyzed
nfl,2022,401437883,2022-12-04T21:05Z,STATUS_FINAL,San Francisco 49ers,Miami Dolphins,SF,MIA,8-4,8-4,33,17,home,SF,4.5,46,-222,196,-111,101,1,nflreadr,TRUE,FALSE,TRUE,FALSE,TRUE,eligible,TRUE,TRUE,NA,NA,analyzed
nfl,2022,401437884,2022-12-04T21:25Z,STATUS_FINAL,Cincinnati Bengals,Kansas City Chiefs,CIN,KC,8-4,9-3,27,24,away,KC,2.5,53,120,-132,-102,-108,1,nflreadr,TRUE,FALSE,TRUE,FALSE,TRUE,eligible,TRUE,TRUE,NA,NA,analyzed
nfl,2022,401437885,2022-12-04T21:25Z,STATUS_FINAL,Las Vegas Raiders,Los Angeles Chargers,LV,LAC,5-7,6-6,27,20,home,LV,2.5,49,-139,125,-109,-102,1,nflreadr,TRUE,FALSE,TRUE,FALSE,TRUE,eligible,TRUE,TRUE,NA,NA,analyzed
nfl,2022,401437886,2022-12-05T01:20Z,STATUS_FINAL,Dallas Cowboys,Indianapolis Colts,DAL,IND,9-3,4-8-1,54,19,NA,NA,NA,NA,NA,NA,NA,NA,NA,NA,TRUE,FALSE,TRUE,FALSE,TRUE,eligible,TRUE,TRUE,NA,NA,analyzed
nfl,2022,401437887,2022-12-06T01:15Z,STATUS_FINAL,Tampa Bay Buccaneers,New Orleans Saints,TB,NO,6-6,4-9,17,16,NA,NA,NA,NA,NA,NA,NA,NA,NA,NA,TRUE,FALSE,TRUE,FALSE,TRUE,eligible,TRUE,TRUE,NA,NA,analyzed
nfl,2022,401437888,2022-12-09T01:15Z,STATUS_FINAL,Los Angeles Rams,Las Vegas Raiders,LAR,LV,4-9,5-8,17,16,NA,NA,NA,NA,NA,NA,NA,NA,NA,NA,TRUE,FALSE,TRUE,FALSE,TRUE,eligible,TRUE,TRUE,NA,NA,analyzed
nfl,2022,401437889,2022-12-11T18:00Z,STATUS_FINAL,Buffalo Bills,New York Jets,BUF,NYJ,10-3,7-6,20,12,home,BUF,10,43.5,-398,332,-102,-108,1,nflreadr,TRUE,FALSE,TRUE,FALSE,TRUE,eligible,TRUE,TRUE,NA,NA,analyzed
nfl,2022,401437890,2022-12-11T18:00Z,STATUS_FINAL,Cincinnati Bengals,Cleveland Browns,CIN,CLE,9-4,5-8,23,10,home,CIN,4.5,47,-204,181,-102,-108,1,nflreadr,TRUE,FALSE,TRUE,FALSE,TRUE,eligible,TRUE,TRUE,NA,NA,analyzed
nfl,2022,401437891,2022-12-11T18:00Z,STATUS_FINAL,Dallas Cowboys,Houston Texans,DAL,HOU,10-3,1-11-1,27,23,home,DAL,17,44.5,-1365,918,-115,104,1,nflreadr,TRUE,FALSE,TRUE,FALSE,TRUE,eligible,TRUE,TRUE,NA,NA,analyzed
nfl,2022,401437892,2022-12-11T18:00Z,STATUS_FINAL,Detroit Lions,Minnesota Vikings,DET,MIN,6-7,10-3,34,23,home,DET,2.5,51.5,-132,119,-102,-108,1,nflreadr,TRUE,FALSE,TRUE,FALSE,TRUE,eligible,TRUE,TRUE,NA,NA,analyzed
nfl,2022,401437895,2022-12-11T18:00Z,STATUS_FINAL,Tennessee Titans,Jacksonville Jaguars,TEN,JAX,7-6,5-8,22,36,home,TEN,3,42,-169,151,-117,106,1,nflreadr,TRUE,FALSE,TRUE,FALSE,TRUE,eligible,TRUE,TRUE,NA,NA,analyzed
nfl,2022,401437893,2022-12-11T18:00Z,STATUS_FINAL,New York Giants,Philadelphia Eagles,NYG,PHI,7-5-1,12-1,22,48,away,PHI,7.5,44.5,260,-302,-115,104,1,nflreadr,TRUE,FALSE,TRUE,FALSE,TRUE,eligible,TRUE,TRUE,NA,NA,analyzed
nfl,2022,401437894,2022-12-11T18:00Z,STATUS_FINAL,Pittsburgh Steelers,Baltimore Ravens,PIT,BAL,5-8,9-4,14,16,home,PIT,1.5,37,-124,112,-109,-101,1,nflreadr,TRUE,FALSE,TRUE,FALSE,TRUE,eligible,TRUE,TRUE,NA,NA,analyzed
nfl,2022,401437899,2022-12-11T21:05Z,STATUS_FINAL,Denver Broncos,Kansas City Chiefs,DEN,KC,3-10,10-3,28,34,away,KC,8.5,44.5,329,-394,-103,-108,1,nflreadr,TRUE,FALSE,TRUE,FALSE,TRUE,eligible,TRUE,TRUE,NA,NA,analyzed
nfl,2022,401437897,2022-12-11T21:25Z,STATUS_FINAL,San Francisco 49ers,Tampa Bay Buccaneers,SF,TB,9-4,6-7,35,7,home,SF,3.5,38,-196,175,-103,-107,1,nflreadr,TRUE,FALSE,TRUE,FALSE,TRUE,eligible,TRUE,TRUE,NA,NA,analyzed
nfl,2022,401437898,2022-12-11T21:25Z,STATUS_FINAL,Seattle Seahawks,Carolina Panthers,SEA,CAR,7-6,5-8,24,30,home,SEA,3.5,44.5,-200,178,-117,106,1,nflreadr,TRUE,FALSE,TRUE,FALSE,TRUE,eligible,TRUE,TRUE,NA,NA,analyzed
nfl,2022,401437896,2022-12-12T01:20Z,STATUS_FINAL,Los Angeles Chargers,Miami Dolphins,LAC,MIA,7-6,8-5,23,17,NA,NA,NA,NA,NA,NA,NA,NA,NA,NA,TRUE,FALSE,TRUE,FALSE,TRUE,eligible,TRUE,TRUE,NA,NA,analyzed
nfl,2022,401437900,2022-12-13T01:15Z,STATUS_FINAL,Arizona Cardinals,New England Patriots,ARI,NE,4-9,7-6,13,27,NA,NA,NA,NA,NA,NA,NA,NA,NA,NA,TRUE,FALSE,TRUE,FALSE,TRUE,eligible,TRUE,TRUE,NA,NA,analyzed
nfl,2022,401437901,2022-12-16T01:15Z,STATUS_FINAL,Seattle Seahawks,San Francisco 49ers,SEA,SF,7-7,10-4,13,21,NA,NA,NA,NA,NA,NA,NA,NA,NA,NA,TRUE,FALSE,TRUE,FALSE,TRUE,eligible,TRUE,TRUE,NA,NA,analyzed
nfl,2022,401437904,2022-12-17T18:00Z,STATUS_FINAL,Minnesota Vikings,Indianapolis Colts,MIN,IND,11-3,4-9-1,39,36,home,MIN,3.5,46.5,-188,168,-107,-103,1,nflreadr,TRUE,FALSE,TRUE,FALSE,TRUE,eligible,TRUE,TRUE,NA,NA,analyzed
nfl,2022,401437903,2022-12-17T21:40Z,STATUS_FINAL,Cleveland Browns,Baltimore Ravens,CLE,BAL,6-8,9-5,13,3,home,CLE,2.5,39.5,-155,139,-125,113,1,nflreadr,TRUE,FALSE,TRUE,FALSE,TRUE,eligible,TRUE,TRUE,NA,NA,analyzed
nfl,2022,401437902,2022-12-18T01:15Z,STATUS_FINAL,Buffalo Bills,Miami Dolphins,BUF,MIA,11-3,8-6,32,29,NA,NA,NA,NA,NA,NA,NA,NA,NA,NA,TRUE,FALSE,TRUE,FALSE,TRUE,eligible,TRUE,TRUE,NA,NA,analyzed
nfl,2022,401437908,2022-12-18T18:00Z,STATUS_FINAL,Chicago Bears,Philadelphia Eagles,CHI,PHI,3-11,13-1,20,25,away,PHI,8.5,48,323,-386,-106,-104,1,nflreadr,TRUE,FALSE,TRUE,FALSE,TRUE,eligible,TRUE,TRUE,NA,NA,analyzed
nfl,2022,401437905,2022-12-18T18:00Z,STATUS_FINAL,New Orleans Saints,Atlanta Falcons,NO,ATL,5-9,5-9,21,18,home,NO,5,43.5,-231,203,-113,103,1,nflreadr,TRUE,FALSE,TRUE,FALSE,TRUE,eligible,TRUE,TRUE,NA,NA,analyzed
nfl,2022,401437911,2022-12-18T18:00Z,STATUS_FINAL,New York Jets,Detroit Lions,NYJ,DET,7-7,7-7,17,20,home,NYJ,2,44,-132,120,-110,-100,1,nflreadr,TRUE,FALSE,TRUE,FALSE,TRUE,eligible,TRUE,TRUE,NA,NA,analyzed
nfl,2022,401437907,2022-12-18T18:00Z,STATUS_FINAL,Carolina Panthers,Pittsburgh Steelers,CAR,PIT,5-9,6-8,16,24,home,CAR,2.5,36.5,-145,130,-110,-100,1,nflreadr,TRUE,FALSE,TRUE,FALSE,TRUE,eligible,TRUE,TRUE,NA,NA,analyzed
nfl,2022,401437910,2022-12-18T18:00Z,STATUS_FINAL,Jacksonville Jaguars,Dallas Cowboys,JAX,DAL,6-8,10-4,40,34,away,DAL,4,48.5,168,-188,-110,100,1,nflreadr,TRUE,FALSE,TRUE,FALSE,TRUE,eligible,TRUE,TRUE,NA,NA,analyzed
nfl,2022,401437909,2022-12-18T18:00Z,STATUS_FINAL,Houston Texans,Kansas City Chiefs,HOU,KC,1-12-1,11-3,24,30,away,KC,14.5,48.5,572,-755,-120,109,1,nflreadr,TRUE,FALSE,TRUE,FALSE,TRUE,eligible,TRUE,TRUE,NA,NA,analyzed
nfl,2022,401437912,2022-12-18T21:05Z,STATUS_FINAL,Denver Broncos,Arizona Cardinals,DEN,ARI,4-10,4-10,24,15,home,DEN,1.5,37.5,-121,110,-106,-104,1,nflreadr,TRUE,FALSE,TRUE,FALSE,TRUE,eligible,TRUE,TRUE,NA,NA,analyzed
nfl,2022,401437915,2022-12-18T21:05Z,STATUS_FINAL,Las Vegas Raiders,New England Patriots,LV,NE,6-8,7-7,30,24,home,LV,1,45,-129,117,-122,111,1,nflreadr,TRUE,FALSE,TRUE,FALSE,TRUE,eligible,TRUE,TRUE,NA,NA,analyzed
nfl,2022,401437913,2022-12-18T21:25Z,STATUS_FINAL,Los Angeles Chargers,Tennessee Titans,LAC,TEN,8-6,7-7,17,14,home,LAC,3,46.5,-158,142,-102,-108,1,nflreadr,TRUE,FALSE,TRUE,FALSE,TRUE,eligible,TRUE,TRUE,NA,NA,analyzed
nfl,2022,401437914,2022-12-18T21:25Z,STATUS_FINAL,Tampa Bay Buccaneers,Cincinnati Bengals,TB,CIN,6-8,10-4,23,34,away,CIN,3.5,47,150,-167,-120,108,1,nflreadr,TRUE,FALSE,TRUE,FALSE,TRUE,eligible,TRUE,TRUE,NA,NA,analyzed
nfl,2022,401437906,2022-12-19T01:20Z,STATUS_FINAL,Washington Commanders,New York Giants,WSH,NYG,7-6-1,8-5-1,12,20,NA,NA,NA,NA,NA,NA,NA,NA,NA,NA,TRUE,FALSE,TRUE,FALSE,TRUE,eligible,TRUE,TRUE,NA,NA,analyzed
nfl,2022,401437916,2022-12-20T01:15Z,STATUS_FINAL,Green Bay Packers,Los Angeles Rams,GB,LAR,6-8,4-10,24,12,NA,NA,NA,NA,NA,NA,NA,NA,NA,NA,TRUE,FALSE,TRUE,FALSE,TRUE,eligible,TRUE,TRUE,NA,NA,analyzed
nfl,2022,401437917,2022-12-23T01:15Z,STATUS_FINAL,New York Jets,Jacksonville Jaguars,NYJ,JAX,7-8,7-8,3,19,NA,NA,NA,NA,NA,NA,NA,NA,NA,NA,TRUE,FALSE,TRUE,FALSE,TRUE,eligible,TRUE,TRUE,NA,NA,analyzed
nfl,2022,401437920,2022-12-24T18:00Z,STATUS_FINAL,Chicago Bears,Buffalo Bills,CHI,BUF,3-12,12-3,13,35,away,BUF,8,40,304,-360,-100,-110,1,nflreadr,TRUE,FALSE,TRUE,FALSE,TRUE,eligible,TRUE,TRUE,NA,NA,analyzed
nfl,2022,401437921,2022-12-24T18:00Z,STATUS_FINAL,Cleveland Browns,New Orleans Saints,CLE,NO,6-9,6-9,10,17,home,CLE,3,32,-181,162,-123,111,1,nflreadr,TRUE,FALSE,TRUE,FALSE,TRUE,eligible,TRUE,TRUE,NA,NA,analyzed
nfl,2022,401437922,2022-12-24T18:00Z,STATUS_FINAL,Kansas City Chiefs,Seattle Seahawks,KC,SEA,12-3,7-8,24,10,home,KC,10.5,50.5,-447,367,-103,-107,1,nflreadr,TRUE,FALSE,TRUE,FALSE,TRUE,eligible,TRUE,TRUE,NA,NA,analyzed
nfl,2022,401437923,2022-12-24T18:00Z,STATUS_FINAL,Minnesota Vikings,New York Giants,MIN,NYG,12-3,8-6-1,27,24,home,MIN,4.5,48,-215,191,-108,-102,1,nflreadr,TRUE,FALSE,TRUE,FALSE,TRUE,eligible,TRUE,TRUE,NA,NA,analyzed
nfl,2022,401437924,2022-12-24T18:00Z,STATUS_FINAL,New England Patriots,Cincinnati Bengals,NE,CIN,7-8,11-4,18,22,away,CIN,3,42,136,-151,-110,100,1,nflreadr,TRUE,FALSE,TRUE,FALSE,TRUE,eligible,TRUE,TRUE,NA,NA,analyzed
nfl,2022,401437919,2022-12-24T18:00Z,STATUS_FINAL,Carolina Panthers,Detroit Lions,CAR,DET,6-9,7-8,37,23,away,DET,2.5,43.5,117,-129,-111,101,1,nflreadr,TRUE,FALSE,TRUE,FALSE,TRUE,eligible,TRUE,TRUE,NA,NA,analyzed
nfl,2022,401437918,2022-12-24T18:00Z,STATUS_FINAL,Baltimore Ravens,Atlanta Falcons,BAL,ATL,10-5,5-10,17,9,home,BAL,6.5,35,-274,238,-102,-108,1,nflreadr,TRUE,FALSE,TRUE,FALSE,TRUE,eligible,TRUE,TRUE,NA,NA,analyzed
nfl,2022,401437925,2022-12-24T19:00Z,STATUS_FINAL,Tennessee Titans,Houston Texans,TEN,HOU,7-8,2-12-1,14,19,home,TEN,3,34,-170,153,-113,103,1,nflreadr,TRUE,FALSE,TRUE,FALSE,TRUE,eligible,TRUE,TRUE,NA,NA,analyzed
nfl,2022,401437926,2022-12-24T21:05Z,STATUS_FINAL,San Francisco 49ers,Washington Commanders,SF,WSH,11-4,7-7-1,37,20,NA,NA,NA,NA,NA,NA,NA,NA,NA,NA,TRUE,FALSE,TRUE,FALSE,TRUE,eligible,TRUE,TRUE,NA,NA,analyzed
nfl,2022,401437927,2022-12-24T21:25Z,STATUS_FINAL,Dallas Cowboys,Philadelphia Eagles,DAL,PHI,11-4,13-2,40,34,home,DAL,4,48,-200,178,-106,-104,1,nflreadr,TRUE,FALSE,TRUE,FALSE,TRUE,eligible,TRUE,TRUE,NA,NA,analyzed
nfl,2022,401437928,2022-12-25T01:15Z,STATUS_FINAL,Pittsburgh Steelers,Las Vegas Raiders,PIT,LV,7-8,6-9,13,10,NA,NA,NA,NA,NA,NA,NA,NA,NA,NA,TRUE,FALSE,TRUE,FALSE,TRUE,eligible,TRUE,TRUE,NA,NA,analyzed
nfl,2022,401437929,2022-12-25T18:00Z,STATUS_FINAL,Miami Dolphins,Green Bay Packers,MIA,GB,8-7,7-8,20,26,home,MIA,3.5,49,-182,163,-103,-107,1,nflreadr,TRUE,FALSE,TRUE,FALSE,TRUE,eligible,TRUE,TRUE,NA,NA,analyzed
nfl,2022,401436983,2022-12-25T21:30Z,STATUS_FINAL,Los Angeles Rams,Denver Broncos,LAR,DEN,5-10,4-11,51,14,NA,NA,NA,NA,NA,NA,NA,NA,NA,NA,TRUE,FALSE,TRUE,FALSE,TRUE,eligible,TRUE,TRUE,NA,NA,analyzed
nfl,2022,401437930,2022-12-26T01:20Z,STATUS_FINAL,Arizona Cardinals,Tampa Bay Buccaneers,ARI,TB,4-11,7-8,16,19,NA,NA,NA,NA,NA,NA,NA,NA,NA,NA,TRUE,FALSE,TRUE,FALSE,TRUE,eligible,TRUE,TRUE,NA,NA,analyzed
nfl,2022,401437931,2022-12-27T01:15Z,STATUS_FINAL,Indianapolis Colts,Los Angeles Chargers,IND,LAC,4-10-1,9-6,3,20,NA,NA,NA,NA,NA,NA,NA,NA,NA,NA,TRUE,FALSE,TRUE,FALSE,TRUE,eligible,TRUE,TRUE,NA,NA,analyzed
nfl,2022,401437932,2022-12-30T01:15Z,STATUS_FINAL,Tennessee Titans,Dallas Cowboys,TEN,DAL,7-9,12-4,13,27,NA,NA,NA,NA,NA,NA,NA,NA,NA,NA,TRUE,FALSE,TRUE,FALSE,TRUE,eligible,TRUE,TRUE,NA,NA,analyzed
nfl,2022,401437933,2023-01-01T18:00Z,STATUS_FINAL,Atlanta Falcons,Arizona Cardinals,ATL,ARI,6-10,4-12,20,19,home,ATL,7,41,-279,241,108,-119,1,nflreadr,TRUE,FALSE,TRUE,FALSE,TRUE,eligible,TRUE,TRUE,NA,NA,analyzed
nfl,2022,401437935,2023-01-01T18:00Z,STATUS_FINAL,Detroit Lions,Chicago Bears,DET,CHI,8-8,3-13,41,10,home,DET,4.5,52.5,-219,194,-105,-105,1,nflreadr,TRUE,FALSE,TRUE,FALSE,TRUE,eligible,TRUE,TRUE,NA,NA,analyzed
nfl,2022,401437937,2023-01-01T18:00Z,STATUS_FINAL,Kansas City Chiefs,Denver Broncos,KC,DEN,13-3,4-12,27,24,home,KC,13.5,46,-711,544,104,-114,1,nflreadr,TRUE,FALSE,TRUE,FALSE,TRUE,eligible,TRUE,TRUE,NA,NA,analyzed
nfl,2022,401437938,2023-01-01T18:00Z,STATUS_FINAL,New England Patriots,Miami Dolphins,NE,MIA,8-8,8-8,23,21,home,NE,3,41.5,-160,144,-104,-106,1,nflreadr,TRUE,FALSE,TRUE,FALSE,TRUE,eligible,TRUE,TRUE,NA,NA,analyzed
nfl,2022,401437939,2023-01-01T18:00Z,STATUS_FINAL,New York Giants,Indianapolis Colts,NYG,IND,9-6-1,4-11-1,38,10,home,NYG,5.5,38.5,-229,202,-105,-105,1,nflreadr,TRUE,FALSE,TRUE,FALSE,TRUE,eligible,TRUE,TRUE,NA,NA,analyzed
nfl,2022,401437940,2023-01-01T18:00Z,STATUS_FINAL,Philadelphia Eagles,New Orleans Saints,PHI,NO,13-3,7-9,10,20,home,PHI,5.5,41.5,-225,198,-100,-110,1,nflreadr,TRUE,FALSE,TRUE,FALSE,TRUE,eligible,TRUE,TRUE,NA,NA,analyzed
nfl,2022,401437941,2023-01-01T18:00Z,STATUS_FINAL,Tampa Bay Buccaneers,Carolina Panthers,TB,CAR,8-8,6-10,30,24,home,TB,3.5,40.5,-184,164,-100,-110,1,nflreadr,TRUE,FALSE,TRUE,FALSE,TRUE,eligible,TRUE,TRUE,NA,NA,analyzed
nfl,2022,401437942,2023-01-01T18:00Z,STATUS_FINAL,Washington Commanders,Cleveland Browns,WSH,CLE,7-8-1,7-9,10,24,NA,NA,NA,NA,NA,NA,NA,NA,NA,NA,TRUE,FALSE,TRUE,FALSE,TRUE,eligible,TRUE,TRUE,NA,NA,analyzed
nfl,2022,401437936,2023-01-01T18:00Z,STATUS_FINAL,Houston Texans,Jacksonville Jaguars,HOU,JAX,2-13-1,8-8,3,31,away,JAX,3.5,43,167,-187,-106,-104,1,nflreadr,TRUE,FALSE,TRUE,FALSE,TRUE,eligible,TRUE,TRUE,NA,NA,analyzed
nfl,2022,401437943,2023-01-01T21:05Z,STATUS_FINAL,Las Vegas Raiders,San Francisco 49ers,LV,SF,6-10,12-4,34,37,away,SF,10,41.5,371,-453,-107,-103,1,nflreadr,TRUE,FALSE,TRUE,FALSE,TRUE,eligible,TRUE,TRUE,NA,NA,analyzed
nfl,2022,401437944,2023-01-01T21:05Z,STATUS_FINAL,Seattle Seahawks,New York Jets,SEA,NYJ,8-8,7-9,23,6,away,NYJ,1,43,102,-113,-105,-105,1,nflreadr,TRUE,FALSE,TRUE,FALSE,TRUE,eligible,TRUE,TRUE,NA,NA,analyzed
nfl,2022,401437945,2023-01-01T21:25Z,STATUS_FINAL,Green Bay Packers,Minnesota Vikings,GB,MIN,8-8,12-4,41,17,home,GB,3,47.5,-173,155,-117,106,1,nflreadr,TRUE,FALSE,TRUE,FALSE,TRUE,eligible,TRUE,TRUE,NA,NA,analyzed
nfl,2022,401437946,2023-01-01T21:25Z,STATUS_FINAL,Los Angeles Chargers,Los Angeles Rams,LAC,LAR,10-6,5-11,31,10,NA,NA,NA,NA,NA,NA,NA,NA,NA,NA,TRUE,FALSE,TRUE,FALSE,TRUE,eligible,TRUE,TRUE,NA,NA,analyzed
nfl,2022,401437934,2023-01-02T01:20Z,STATUS_FINAL,Baltimore Ravens,Pittsburgh Steelers,BAL,PIT,10-6,8-8,13,16,NA,NA,NA,NA,NA,NA,NA,NA,NA,NA,TRUE,FALSE,TRUE,FALSE,TRUE,eligible,TRUE,TRUE,NA,NA,analyzed
nfl,2022,401437961,2023-01-07T21:30Z,STATUS_FINAL,Las Vegas Raiders,Kansas City Chiefs,LV,KC,6-11,14-3,13,31,away,KC,9,51.5,338,-407,-105,-105,1,nflreadr,TRUE,FALSE,TRUE,FALSE,TRUE,eligible,TRUE,TRUE,NA,NA,analyzed
nfl,2022,401437954,2023-01-08T01:15Z,STATUS_FINAL,Jacksonville Jaguars,Tennessee Titans,JAX,TEN,9-8,7-10,20,16,NA,NA,NA,NA,NA,NA,NA,NA,NA,NA,TRUE,FALSE,TRUE,FALSE,TRUE,eligible,TRUE,TRUE,NA,NA,analyzed
nfl,2022,401437948,2023-01-08T18:00Z,STATUS_FINAL,Atlanta Falcons,Tampa Bay Buccaneers,ATL,TB,7-10,8-9,30,17,home,ATL,6,40.5,-235,207,100,-110,1,nflreadr,TRUE,FALSE,TRUE,FALSE,TRUE,eligible,TRUE,TRUE,NA,NA,analyzed
nfl,2022,401437949,2023-01-08T18:00Z,STATUS_FINAL,Buffalo Bills,New England Patriots,BUF,NE,13-3,8-9,35,23,home,BUF,8,44,-373,314,-115,104,1,nflreadr,TRUE,FALSE,TRUE,FALSE,TRUE,eligible,TRUE,TRUE,NA,NA,analyzed
nfl,2022,401437950,2023-01-08T18:00Z,STATUS_FINAL,Chicago Bears,Minnesota Vikings,CHI,MIN,3-14,13-4,13,29,away,MIN,6.5,42.5,227,-260,-106,-104,1,nflreadr,TRUE,FALSE,TRUE,FALSE,TRUE,eligible,TRUE,TRUE,NA,NA,analyzed
nfl,2022,401437951,2023-01-08T18:00Z,STATUS_FINAL,Cincinnati Bengals,Baltimore Ravens,CIN,BAL,12-4,10-7,27,16,home,CIN,11,39,-603,474,-116,105,1,nflreadr,TRUE,FALSE,TRUE,FALSE,TRUE,eligible,TRUE,TRUE,NA,NA,analyzed
nfl,2022,401437953,2023-01-08T18:00Z,STATUS_FINAL,Indianapolis Colts,Houston Texans,IND,HOU,4-12-1,3-13-1,31,32,home,IND,3,38,-142,128,108,-119,1,nflreadr,TRUE,FALSE,TRUE,FALSE,TRUE,eligible,TRUE,TRUE,NA,NA,analyzed
nfl,2022,401437955,2023-01-08T18:00Z,STATUS_FINAL,Miami Dolphins,New York Jets,MIA,NYJ,9-8,7-10,11,6,home,MIA,3.5,37.5,-200,178,-107,-103,1,nflreadr,TRUE,FALSE,TRUE,FALSE,TRUE,eligible,TRUE,TRUE,NA,NA,analyzed
nfl,2022,401437956,2023-01-08T18:00Z,STATUS_FINAL,New Orleans Saints,Carolina Panthers,NO,CAR,7-10,7-10,7,10,home,NO,3.5,41.5,-179,160,103,-114,1,nflreadr,TRUE,FALSE,TRUE,FALSE,TRUE,eligible,TRUE,TRUE,NA,NA,analyzed
nfl,2022,401437958,2023-01-08T18:00Z,STATUS_FINAL,Pittsburgh Steelers,Cleveland Browns,PIT,CLE,9-8,7-10,28,14,home,PIT,2.5,40,-142,128,-109,-101,1,nflreadr,TRUE,FALSE,TRUE,FALSE,TRUE,eligible,TRUE,TRUE,NA,NA,analyzed
nfl,2022,401437960,2023-01-08T21:25Z,STATUS_FINAL,Denver Broncos,Los Angeles Chargers,DEN,LAC,5-12,10-7,31,28,home,DEN,6,38.5,-254,222,-106,-104,1,nflreadr,TRUE,FALSE,TRUE,FALSE,TRUE,eligible,TRUE,TRUE,NA,NA,analyzed
nfl,2022,401437957,2023-01-08T21:25Z,STATUS_FINAL,Philadelphia Eagles,New York Giants,PHI,NYG,14-3,9-7-1,22,16,home,PHI,16.5,42.5,-1252,858,-107,-103,1,nflreadr,TRUE,FALSE,TRUE,FALSE,TRUE,eligible,TRUE,TRUE,NA,NA,analyzed
nfl,2022,401437962,2023-01-08T21:25Z,STATUS_FINAL,San Francisco 49ers,Arizona Cardinals,SF,ARI,13-4,4-13,38,13,home,SF,14,40,-1061,753,-111,100,1,nflreadr,TRUE,FALSE,TRUE,FALSE,TRUE,eligible,TRUE,TRUE,NA,NA,analyzed
nfl,2022,401437963,2023-01-08T21:25Z,STATUS_FINAL,Seattle Seahawks,Los Angeles Rams,SEA,LAR,9-8,5-12,19,16,NA,NA,NA,NA,NA,NA,NA,NA,NA,NA,TRUE,FALSE,TRUE,FALSE,TRUE,eligible,TRUE,TRUE,NA,NA,analyzed
nfl,2022,401437959,2023-01-08T21:25Z,STATUS_FINAL,Washington Commanders,Dallas Cowboys,WSH,DAL,8-8-1,12-5,26,6,NA,NA,NA,NA,NA,NA,NA,NA,NA,NA,TRUE,FALSE,TRUE,FALSE,TRUE,eligible,TRUE,TRUE,NA,NA,analyzed
nfl,2022,401437952,2023-01-09T01:20Z,STATUS_FINAL,Green Bay Packers,Detroit Lions,GB,DET,8-9,9-8,16,20,NA,NA,NA,NA,NA,NA,NA,NA,NA,NA,TRUE,FALSE,TRUE,FALSE,TRUE,eligible,TRUE,TRUE,NA,NA,analyzed
nfl,2023,401547353,2023-09-08T00:20Z,STATUS_FINAL,Kansas City Chiefs,Detroit Lions,KC,DET,0-1,1-0,20,21,NA,NA,NA,NA,NA,NA,NA,NA,NA,NA,TRUE,FALSE,TRUE,FALSE,TRUE,eligible,TRUE,TRUE,NA,NA,analyzed
nfl,2023,401547403,2023-09-10T17:00Z,STATUS_FINAL,Atlanta Falcons,Carolina Panthers,ATL,CAR,1-0,0-1,24,10,home,ATL,3.5,40.5,-192,160,-112,-108,1,nflreadr,TRUE,FALSE,TRUE,FALSE,TRUE,eligible,TRUE,TRUE,NA,NA,analyzed
nfl,2023,401547397,2023-09-10T17:00Z,STATUS_FINAL,Cleveland Browns,Cincinnati Bengals,CLE,CIN,1-0,0-1,24,3,away,CIN,1,46.5,-108,-112,-115,-105,1,nflreadr,TRUE,FALSE,TRUE,FALSE,TRUE,eligible,TRUE,TRUE,NA,NA,analyzed
nfl,2023,401547404,2023-09-10T17:00Z,STATUS_FINAL,Indianapolis Colts,Jacksonville Jaguars,IND,JAX,0-1,1-0,21,31,away,JAX,4,45.5,170,-205,-112,-108,1,nflreadr,TRUE,FALSE,TRUE,FALSE,TRUE,eligible,TRUE,TRUE,NA,NA,analyzed
nfl,2023,401547398,2023-09-10T17:00Z,STATUS_FINAL,Minnesota Vikings,Tampa Bay Buccaneers,MIN,TB,0-1,1-0,17,20,home,MIN,4,45,-205,170,-110,-110,1,nflreadr,TRUE,FALSE,TRUE,FALSE,TRUE,eligible,TRUE,TRUE,NA,NA,analyzed
nfl,2023,401547399,2023-09-10T17:00Z,STATUS_FINAL,New Orleans Saints,Tennessee Titans,NO,TEN,1-0,0-1,16,15,home,NO,3,41,-148,124,-102,-118,1,nflreadr,TRUE,FALSE,TRUE,FALSE,TRUE,eligible,TRUE,TRUE,NA,NA,analyzed
nfl,2023,401547405,2023-09-10T17:00Z,STATUS_FINAL,Pittsburgh Steelers,San Francisco 49ers,PIT,SF,0-1,1-0,7,30,away,SF,1.5,41.5,100,-120,-112,-108,1,nflreadr,TRUE,FALSE,TRUE,FALSE,TRUE,eligible,TRUE,TRUE,NA,NA,analyzed
nfl,2023,401547406,2023-09-10T17:00Z,STATUS_FINAL,Washington Commanders,Arizona Cardinals,WSH,ARI,1-0,0-1,20,16,NA,NA,NA,NA,NA,NA,NA,NA,NA,NA,TRUE,FALSE,TRUE,FALSE,TRUE,eligible,TRUE,TRUE,NA,NA,analyzed
nfl,2023,401547396,2023-09-10T17:00Z,STATUS_FINAL,Baltimore Ravens,Houston Texans,BAL,HOU,1-0,0-1,25,9,home,BAL,9.5,43.5,-500,380,-110,-110,1,nflreadr,TRUE,FALSE,TRUE,FALSE,TRUE,eligible,TRUE,TRUE,NA,NA,analyzed
nfl,2023,401547407,2023-09-10T20:25Z,STATUS_FINAL,Chicago Bears,Green Bay Packers,CHI,GB,0-1,1-0,20,38,home,CHI,1,41,-118,-102,-110,-110,1,nflreadr,TRUE,FALSE,TRUE,FALSE,TRUE,eligible,TRUE,TRUE,NA,NA,analyzed
nfl,2023,401547400,2023-09-10T20:25Z,STATUS_FINAL,Denver Broncos,Las Vegas Raiders,DEN,LV,0-1,1-0,16,17,home,DEN,3,43,-162,136,-115,-105,1,nflreadr,TRUE,FALSE,TRUE,FALSE,TRUE,eligible,TRUE,TRUE,NA,NA,analyzed
nfl,2023,401547402,2023-09-10T20:25Z,STATUS_FINAL,New England Patriots,Philadelphia Eagles,NE,PHI,0-1,1-0,20,25,away,PHI,3.5,44.5,154,-185,-110,-110,1,nflreadr,TRUE,FALSE,TRUE,FALSE,TRUE,eligible,TRUE,TRUE,NA,NA,analyzed
nfl,2023,401547401,2023-09-10T20:25Z,STATUS_FINAL,Los Angeles Chargers,Miami Dolphins,LAC,MIA,0-1,1-0,34,36,home,LAC,3,50.5,-162,136,-110,-110,1,nflreadr,TRUE,FALSE,TRUE,FALSE,TRUE,eligible,TRUE,TRUE,NA,NA,analyzed
nfl,2023,401547408,2023-09-10T20:25Z,STATUS_FINAL,Seattle Seahawks,Los Angeles Rams,SEA,LAR,0-1,1-0,13,30,NA,NA,NA,NA,NA,NA,NA,NA,NA,NA,TRUE,FALSE,TRUE,FALSE,TRUE,eligible,TRUE,TRUE,NA,NA,analyzed
nfl,2023,401547409,2023-09-11T00:20Z,STATUS_FINAL,New York Giants,Dallas Cowboys,NYG,DAL,0-1,1-0,0,40,NA,NA,NA,NA,NA,NA,NA,NA,NA,NA,TRUE,FALSE,TRUE,FALSE,TRUE,eligible,TRUE,TRUE,NA,NA,analyzed
nfl,2023,401547352,2023-09-12T00:15Z,STATUS_FINAL,New York Jets,Buffalo Bills,NYJ,BUF,1-0,0-1,22,16,NA,NA,NA,NA,NA,NA,NA,NA,NA,NA,TRUE,FALSE,TRUE,FALSE,TRUE,eligible,TRUE,TRUE,NA,NA,analyzed
nfl,2023,401547410,2023-09-15T00:15Z,STATUS_FINAL,Philadelphia Eagles,Minnesota Vikings,PHI,MIN,2-0,0-2,34,28,NA,NA,NA,NA,NA,NA,NA,NA,NA,NA,TRUE,FALSE,TRUE,FALSE,TRUE,eligible,TRUE,TRUE,NA,NA,analyzed
nfl,2023,401547417,2023-09-17T17:00Z,STATUS_FINAL,Atlanta Falcons,Green Bay Packers,ATL,GB,2-0,1-1,25,24,home,ATL,3,40.5,-148,124,-105,-115,1,nflreadr,TRUE,FALSE,TRUE,FALSE,TRUE,eligible,TRUE,TRUE,NA,NA,analyzed
nfl,2023,401547411,2023-09-17T17:00Z,STATUS_FINAL,Buffalo Bills,Las Vegas Raiders,BUF,LV,1-1,1-1,38,10,home,BUF,7.5,47,-355,280,-110,-110,1,nflreadr,TRUE,FALSE,TRUE,FALSE,TRUE,eligible,TRUE,TRUE,NA,NA,analyzed
nfl,2023,401547412,2023-09-17T17:00Z,STATUS_FINAL,Cincinnati Bengals,Baltimore Ravens,CIN,BAL,0-2,2-0,24,27,home,CIN,3.5,45.5,-175,145,-102,-118,1,nflreadr,TRUE,FALSE,TRUE,FALSE,TRUE,eligible,TRUE,TRUE,NA,NA,analyzed
nfl,2023,401547418,2023-09-17T17:00Z,STATUS_FINAL,Detroit Lions,Seattle Seahawks,DET,SEA,1-1,1-1,31,37,home,DET,4.5,47.5,-218,180,-110,-110,1,nflreadr,TRUE,FALSE,TRUE,FALSE,TRUE,eligible,TRUE,TRUE,NA,NA,analyzed
nfl,2023,401547414,2023-09-17T17:00Z,STATUS_FINAL,Tennessee Titans,Los Angeles Chargers,TEN,LAC,1-1,0-2,27,24,away,LAC,2.5,45.5,120,-142,-102,-118,1,nflreadr,TRUE,FALSE,TRUE,FALSE,TRUE,eligible,TRUE,TRUE,NA,NA,analyzed
nfl,2023,401547420,2023-09-17T17:00Z,STATUS_FINAL,Tampa Bay Buccaneers,Chicago Bears,TB,CHI,2-0,0-2,27,17,home,TB,2.5,41,-135,114,-110,-110,1,nflreadr,TRUE,FALSE,TRUE,FALSE,TRUE,eligible,TRUE,TRUE,NA,NA,analyzed
nfl,2023,401547413,2023-09-17T17:00Z,STATUS_FINAL,Jacksonville Jaguars,Kansas City Chiefs,JAX,KC,1-1,1-1,9,17,away,KC,3.5,50.5,142,-170,-118,-102,1,nflreadr,TRUE,FALSE,TRUE,FALSE,TRUE,eligible,TRUE,TRUE,NA,NA,analyzed
nfl,2023,401547419,2023-09-17T17:00Z,STATUS_FINAL,Houston Texans,Indianapolis Colts,HOU,IND,0-2,1-1,20,31,away,IND,1,40,-110,-110,-115,-105,1,nflreadr,TRUE,FALSE,TRUE,FALSE,TRUE,eligible,TRUE,TRUE,NA,NA,analyzed
nfl,2023,401547422,2023-09-17T20:05Z,STATUS_FINAL,Los Angeles Rams,San Francisco 49ers,LAR,SF,1-1,2-0,23,30,NA,NA,NA,NA,NA,NA,NA,NA,NA,NA,TRUE,FALSE,TRUE,FALSE,TRUE,eligible,TRUE,TRUE,NA,NA,analyzed
nfl,2023,401547421,2023-09-17T20:05Z,STATUS_FINAL,Arizona Cardinals,New York Giants,ARI,NYG,0-2,1-1,28,31,away,NYG,5,40,185,-225,-110,-110,1,nflreadr,TRUE,FALSE,TRUE,FALSE,TRUE,eligible,TRUE,TRUE,NA,NA,analyzed
nfl,2023,401547415,2023-09-17T20:25Z,STATUS_FINAL,Dallas Cowboys,New York Jets,DAL,NYJ,2-0,1-1,30,10,home,DAL,8.5,38.5,-380,300,-110,-110,1,nflreadr,TRUE,FALSE,TRUE,FALSE,TRUE,eligible,TRUE,TRUE,NA,NA,analyzed
nfl,2023,401547416,2023-09-17T20:25Z,STATUS_FINAL,Denver Broncos,Washington Commanders,DEN,WSH,0-2,2-0,33,35,NA,NA,NA,NA,NA,NA,NA,NA,NA,NA,TRUE,FALSE,TRUE,FALSE,TRUE,eligible,TRUE,TRUE,NA,NA,analyzed
nfl,2023,401547423,2023-09-18T00:20Z,STATUS_FINAL,New England Patriots,Miami Dolphins,NE,MIA,0-2,2-0,17,24,NA,NA,NA,NA,NA,NA,NA,NA,NA,NA,TRUE,FALSE,TRUE,FALSE,TRUE,eligible,TRUE,TRUE,NA,NA,analyzed
nfl,2023,401547425,2023-09-18T23:15Z,STATUS_FINAL,Carolina Panthers,New Orleans Saints,CAR,NO,0-2,2-0,17,20,away,NO,3,39.5,145,-175,-102,-118,1,nflreadr,TRUE,FALSE,TRUE,FALSE,TRUE,eligible,TRUE,TRUE,NA,NA,analyzed
nfl,2023,401547424,2023-09-19T00:15Z,STATUS_FINAL,Pittsburgh Steelers,Cleveland Browns,PIT,CLE,1-1,1-1,26,22,NA,NA,NA,NA,NA,NA,NA,NA,NA,NA,TRUE,FALSE,TRUE,FALSE,TRUE,eligible,TRUE,TRUE,NA,NA,analyzed
nfl,2023,401547426,2023-09-22T00:15Z,STATUS_FINAL,San Francisco 49ers,New York Giants,SF,NYG,3-0,1-2,30,12,NA,NA,NA,NA,NA,NA,NA,NA,NA,NA,TRUE,FALSE,TRUE,FALSE,TRUE,eligible,TRUE,TRUE,NA,NA,analyzed
nfl,2023,401547428,2023-09-24T17:00Z,STATUS_FINAL,Cleveland Browns,Tennessee Titans,CLE,TEN,2-1,1-2,27,3,home,CLE,3.5,38,-185,154,-110,-110,1,nflreadr,TRUE,FALSE,TRUE,FALSE,TRUE,eligible,TRUE,TRUE,NA,NA,analyzed
nfl,2023,401547433,2023-09-24T17:00Z,STATUS_FINAL,Detroit Lions,Atlanta Falcons,DET,ATL,2-1,2-1,20,6,home,DET,3,47.5,-166,140,-120,100,1,nflreadr,TRUE,FALSE,TRUE,FALSE,TRUE,eligible,TRUE,TRUE,NA,NA,analyzed
nfl,2023,401547434,2023-09-24T17:00Z,STATUS_FINAL,Green Bay Packers,New Orleans Saints,GB,NO,2-1,2-1,18,17,away,NO,1.5,41.5,105,-125,-110,-110,1,nflreadr,TRUE,FALSE,TRUE,FALSE,TRUE,eligible,TRUE,TRUE,NA,NA,analyzed
nfl,2023,401547429,2023-09-24T17:00Z,STATUS_FINAL,Miami Dolphins,Denver Broncos,MIA,DEN,3-0,0-3,70,20,home,MIA,6,47.5,-250,205,-110,-110,1,nflreadr,TRUE,FALSE,TRUE,FALSE,TRUE,eligible,TRUE,TRUE,NA,NA,analyzed
nfl,2023,401547436,2023-09-24T17:00Z,STATUS_FINAL,Minnesota Vikings,Los Angeles Chargers,MIN,LAC,0-3,1-2,24,28,home,MIN,1,54,-110,-110,-105,-115,1,nflreadr,TRUE,FALSE,TRUE,FALSE,TRUE,eligible,TRUE,TRUE,NA,NA,analyzed
nfl,2023,401547430,2023-09-24T17:00Z,STATUS_FINAL,New York Jets,New England Patriots,NYJ,NE,1-2,1-2,10,15,away,NE,2.5,35.5,120,-142,-108,-112,1,nflreadr,TRUE,FALSE,TRUE,FALSE,TRUE,eligible,TRUE,TRUE,NA,NA,analyzed
nfl,2023,401547431,2023-09-24T17:00Z,STATUS_FINAL,Washington Commanders,Buffalo Bills,WSH,BUF,2-1,2-1,3,37,NA,NA,NA,NA,NA,NA,NA,NA,NA,NA,TRUE,FALSE,TRUE,FALSE,TRUE,eligible,TRUE,TRUE,NA,NA,analyzed
nfl,2023,401547435,2023-09-24T17:00Z,STATUS_FINAL,Jacksonville Jaguars,Houston Texans,JAX,HOU,1-2,1-2,17,37,home,JAX,7.5,43.5,-380,300,-110,-110,1,nflreadr,TRUE,FALSE,TRUE,FALSE,TRUE,eligible,TRUE,TRUE,NA,NA,analyzed
nfl,2023,401547427,2023-09-24T17:00Z,STATUS_FINAL,Baltimore Ravens,Indianapolis Colts,BAL,IND,2-1,2-1,19,22,home,BAL,7.5,43.5,-380,300,-110,-110,1,nflreadr,TRUE,FALSE,TRUE,FALSE,TRUE,eligible,TRUE,TRUE,NA,NA,analyzed
nfl,2023,401547432,2023-09-24T20:05Z,STATUS_FINAL,Seattle Seahawks,Carolina Panthers,SEA,CAR,2-1,0-3,37,27,home,SEA,5,42.5,-225,185,-110,-110,1,nflreadr,TRUE,FALSE,TRUE,FALSE,TRUE,eligible,TRUE,TRUE,NA,NA,analyzed
nfl,2023,401547438,2023-09-24T20:25Z,STATUS_FINAL,Kansas City Chiefs,Chicago Bears,KC,CHI,2-1,0-3,41,10,home,KC,13,48,-750,525,-110,-110,1,nflreadr,TRUE,FALSE,TRUE,FALSE,TRUE,eligible,TRUE,TRUE,NA,NA,analyzed
nfl,2023,401547437,2023-09-24T20:25Z,STATUS_FINAL,Arizona Cardinals,Dallas Cowboys,ARI,DAL,1-2,2-1,28,16,away,DAL,11.5,43.5,470,-650,-110,-110,1,nflreadr,TRUE,FALSE,TRUE,FALSE,TRUE,eligible,TRUE,TRUE,NA,NA,analyzed
nfl,2023,401547439,2023-09-25T00:20Z,STATUS_FINAL,Las Vegas Raiders,Pittsburgh Steelers,LV,PIT,1-2,2-1,18,23,NA,NA,NA,NA,NA,NA,NA,NA,NA,NA,TRUE,FALSE,TRUE,FALSE,TRUE,eligible,TRUE,TRUE,NA,NA,analyzed
nfl,2023,401547440,2023-09-25T23:15Z,STATUS_FINAL,Tampa Bay Buccaneers,Philadelphia Eagles,TB,PHI,2-1,3-0,11,25,away,PHI,6,44,210,-258,-110,-110,1,nflreadr,TRUE,FALSE,TRUE,FALSE,TRUE,eligible,TRUE,TRUE,NA,NA,analyzed
nfl,2023,401547441,2023-09-26T00:15Z,STATUS_FINAL,Cincinnati Bengals,Los Angeles Rams,CIN,LAR,1-2,1-2,19,16,NA,NA,NA,NA,NA,NA,NA,NA,NA,NA,TRUE,FALSE,TRUE,FALSE,TRUE,eligible,TRUE,TRUE,NA,NA,analyzed
nfl,2023,401547442,2023-09-29T00:15Z,STATUS_FINAL,Green Bay Packers,Detroit Lions,GB,DET,2-2,3-1,20,34,NA,NA,NA,NA,NA,NA,NA,NA,NA,NA,TRUE,FALSE,TRUE,FALSE,TRUE,eligible,TRUE,TRUE,NA,NA,analyzed
nfl,2023,401547227,2023-10-01T13:30Z,STATUS_FINAL,Jacksonville Jaguars,Atlanta Falcons,JAX,ATL,2-2,2-2,23,7,home,JAX,3.5,42.5,-185,154,-110,-110,1,nflreadr,TRUE,FALSE,TRUE,FALSE,TRUE,eligible,TRUE,TRUE,NA,NA,analyzed
nfl,2023,401547443,2023-10-01T17:00Z,STATUS_FINAL,Buffalo Bills,Miami Dolphins,BUF,MIA,3-1,3-1,48,20,home,BUF,2.5,53,-142,120,-120,100,1,nflreadr,TRUE,FALSE,TRUE,FALSE,TRUE,eligible,TRUE,TRUE,NA,NA,analyzed
nfl,2023,401547444,2023-10-01T17:00Z,STATUS_FINAL,Chicago Bears,Denver Broncos,CHI,DEN,0-4,1-3,28,31,away,DEN,3,47,136,-162,-108,-112,1,nflreadr,TRUE,FALSE,TRUE,FALSE,TRUE,eligible,TRUE,TRUE,NA,NA,analyzed
nfl,2023,401547445,2023-10-01T17:00Z,STATUS_FINAL,Cleveland Browns,Baltimore Ravens,CLE,BAL,2-2,3-1,3,28,away,BAL,2,38.5,114,-135,-110,-110,1,nflreadr,TRUE,FALSE,TRUE,FALSE,TRUE,eligible,TRUE,TRUE,NA,NA,analyzed
nfl,2023,401547452,2023-10-01T17:00Z,STATUS_FINAL,Tennessee Titans,Cincinnati Bengals,TEN,CIN,2-2,1-3,27,3,away,CIN,2.5,41.5,136,-162,100,-120,1,nflreadr,TRUE,FALSE,TRUE,FALSE,TRUE,eligible,TRUE,TRUE,NA,NA,analyzed
nfl,2023,401547449,2023-10-01T17:00Z,STATUS_FINAL,Indianapolis Colts,Los Angeles Rams,IND,LAR,2-2,2-2,23,29,NA,NA,NA,NA,NA,NA,NA,NA,NA,NA,TRUE,FALSE,TRUE,FALSE,TRUE,eligible,TRUE,TRUE,NA,NA,analyzed
nfl,2023,401547450,2023-10-01T17:00Z,STATUS_FINAL,New Orleans Saints,Tampa Bay Buccaneers,NO,TB,2-2,3-1,9,26,home,NO,4,41,-205,170,-110,-110,1,nflreadr,TRUE,FALSE,TRUE,FALSE,TRUE,eligible,TRUE,TRUE,NA,NA,analyzed
nfl,2023,401547451,2023-10-01T17:00Z,STATUS_FINAL,Philadelphia Eagles,Washington Commanders,PHI,WSH,4-0,2-2,34,31,NA,NA,NA,NA,NA,NA,NA,NA,NA,NA,TRUE,FALSE,TRUE,FALSE,TRUE,eligible,TRUE,TRUE,NA,NA,analyzed
nfl,2023,401547448,2023-10-01T17:00Z,STATUS_FINAL,Carolina Panthers,Minnesota Vikings,CAR,MIN,0-4,1-3,13,21,away,MIN,4.5,46.5,185,-225,-108,-112,1,nflreadr,TRUE,FALSE,TRUE,FALSE,TRUE,eligible,TRUE,TRUE,NA,NA,analyzed
nfl,2023,401547446,2023-10-01T17:00Z,STATUS_FINAL,Houston Texans,Pittsburgh Steelers,HOU,PIT,2-2,2-2,30,6,away,PIT,3,41.5,136,-162,-110,-110,1,nflreadr,TRUE,FALSE,TRUE,FALSE,TRUE,eligible,TRUE,TRUE,NA,NA,analyzed
nfl,2023,401547447,2023-10-01T20:05Z,STATUS_FINAL,Los Angeles Chargers,Las Vegas Raiders,LAC,LV,2-2,1-3,24,17,home,LAC,7,49,-310,250,-105,-115,1,nflreadr,TRUE,FALSE,TRUE,FALSE,TRUE,eligible,TRUE,TRUE,NA,NA,analyzed
nfl,2023,401547453,2023-10-01T20:25Z,STATUS_FINAL,Dallas Cowboys,New England Patriots,DAL,NE,3-1,1-3,38,3,home,DAL,6.5,43,-285,230,-112,-108,1,nflreadr,TRUE,FALSE,TRUE,FALSE,TRUE,eligible,TRUE,TRUE,NA,NA,analyzed
nfl,2023,401547454,2023-10-01T20:25Z,STATUS_FINAL,San Francisco 49ers,Arizona Cardinals,SF,ARI,4-0,1-3,35,16,home,SF,15,44,-1100,700,-112,-108,1,nflreadr,TRUE,FALSE,TRUE,FALSE,TRUE,eligible,TRUE,TRUE,NA,NA,analyzed
nfl,2023,401547455,2023-10-02T00:20Z,STATUS_FINAL,New York Jets,Kansas City Chiefs,NYJ,KC,1-3,3-1,20,23,NA,NA,NA,NA,NA,NA,NA,NA,NA,NA,TRUE,FALSE,TRUE,FALSE,TRUE,eligible,TRUE,TRUE,NA,NA,analyzed
nfl,2023,401547456,2023-10-03T00:15Z,STATUS_FINAL,New York Giants,Seattle Seahawks,NYG,SEA,1-3,3-1,3,24,NA,NA,NA,NA,NA,NA,NA,NA,NA,NA,TRUE,FALSE,TRUE,FALSE,TRUE,eligible,TRUE,TRUE,NA,NA,analyzed
nfl,2023,401547457,2023-10-06T00:15Z,STATUS_FINAL,Washington Commanders,Chicago Bears,WSH,CHI,2-3,1-4,20,40,NA,NA,NA,NA,NA,NA,NA,NA,NA,NA,TRUE,FALSE,TRUE,FALSE,TRUE,eligible,TRUE,TRUE,NA,NA,analyzed
nfl,2023,401547228,2023-10-08T13:30Z,STATUS_FINAL,Buffalo Bills,Jacksonville Jaguars,BUF,JAX,3-2,3-2,20,25,home,BUF,5.5,48.5,-250,205,-110,-110,1,nflreadr,TRUE,FALSE,TRUE,FALSE,TRUE,eligible,TRUE,TRUE,NA,NA,analyzed
nfl,2023,401547463,2023-10-08T17:00Z,STATUS_FINAL,Atlanta Falcons,Houston Texans,ATL,HOU,3-2,2-3,21,19,home,ATL,2.5,42,-142,120,-110,-110,1,nflreadr,TRUE,FALSE,TRUE,FALSE,TRUE,eligible,TRUE,TRUE,NA,NA,analyzed
nfl,2023,401547464,2023-10-08T17:00Z,STATUS_FINAL,Detroit Lions,Carolina Panthers,DET,CAR,4-1,0-5,42,24,home,DET,9.5,43.5,-455,350,-110,-110,1,nflreadr,TRUE,FALSE,TRUE,FALSE,TRUE,eligible,TRUE,TRUE,NA,NA,analyzed
nfl,2023,401547458,2023-10-08T17:00Z,STATUS_FINAL,Indianapolis Colts,Tennessee Titans,IND,TEN,3-2,2-3,23,16,away,TEN,2.5,43.5,120,-142,-110,-110,1,nflreadr,TRUE,FALSE,TRUE,FALSE,TRUE,eligible,TRUE,TRUE,NA,NA,analyzed
nfl,2023,401547465,2023-10-08T17:00Z,STATUS_FINAL,Miami Dolphins,New York Giants,MIA,NYG,4-1,1-4,31,16,home,MIA,12.5,47.5,-750,525,-110,-110,1,nflreadr,TRUE,FALSE,TRUE,FALSE,TRUE,eligible,TRUE,TRUE,NA,NA,analyzed
nfl,2023,401547459,2023-10-08T17:00Z,STATUS_FINAL,New England Patriots,New Orleans Saints,NE,NO,1-4,3-2,0,34,home,NE,2.5,38.5,-135,114,-110,-110,1,nflreadr,TRUE,FALSE,TRUE,FALSE,TRUE,eligible,TRUE,TRUE,NA,NA,analyzed
nfl,2023,401547460,2023-10-08T17:00Z,STATUS_FINAL,Pittsburgh Steelers,Baltimore Ravens,PIT,BAL,3-2,3-2,17,10,away,BAL,4.5,38.5,190,-230,-108,-112,1,nflreadr,TRUE,FALSE,TRUE,FALSE,TRUE,eligible,TRUE,TRUE,NA,NA,analyzed
nfl,2023,401547467,2023-10-08T20:05Z,STATUS_FINAL,Los Angeles Rams,Philadelphia Eagles,LAR,PHI,2-3,5-0,14,23,NA,NA,NA,NA,NA,NA,NA,NA,NA,NA,TRUE,FALSE,TRUE,FALSE,TRUE,eligible,TRUE,TRUE,NA,NA,analyzed
nfl,2023,401547466,2023-10-08T20:05Z,STATUS_FINAL,Arizona Cardinals,Cincinnati Bengals,ARI,CIN,1-4,2-3,20,34,away,CIN,3,45.5,142,-170,100,-120,1,nflreadr,TRUE,FALSE,TRUE,FALSE,TRUE,eligible,TRUE,TRUE,NA,NA,analyzed
nfl,2023,401547461,2023-10-08T20:25Z,STATUS_FINAL,Denver Broncos,New York Jets,DEN,NYJ,1-4,2-3,21,31,home,DEN,2.5,42.5,-135,114,-110,-110,1,nflreadr,TRUE,FALSE,TRUE,FALSE,TRUE,eligible,TRUE,TRUE,NA,NA,analyzed
nfl,2023,401547462,2023-10-08T20:25Z,STATUS_FINAL,Minnesota Vikings,Kansas City Chiefs,MIN,KC,1-4,4-1,20,27,away,KC,3.5,52.5,150,-180,-115,-105,1,nflreadr,TRUE,FALSE,TRUE,FALSE,TRUE,eligible,TRUE,TRUE,NA,NA,analyzed
nfl,2023,401547354,2023-10-09T00:20Z,STATUS_FINAL,San Francisco 49ers,Dallas Cowboys,SF,DAL,5-0,3-2,42,10,NA,NA,NA,NA,NA,NA,NA,NA,NA,NA,TRUE,FALSE,TRUE,FALSE,TRUE,eligible,TRUE,TRUE,NA,NA,analyzed
nfl,2023,401547468,2023-10-10T00:15Z,STATUS_FINAL,Las Vegas Raiders,Green Bay Packers,LV,GB,2-3,2-3,17,13,NA,NA,NA,NA,NA,NA,NA,NA,NA,NA,TRUE,FALSE,TRUE,FALSE,TRUE,eligible,TRUE,TRUE,NA,NA,analyzed
nfl,2023,401547469,2023-10-13T00:15Z,STATUS_FINAL,Kansas City Chiefs,Denver Broncos,KC,DEN,5-1,1-5,19,8,NA,NA,NA,NA,NA,NA,NA,NA,NA,NA,TRUE,FALSE,TRUE,FALSE,TRUE,eligible,TRUE,TRUE,NA,NA,analyzed
nfl,2023,401547229,2023-10-15T13:30Z,STATUS_FINAL,Tennessee Titans,Baltimore Ravens,TEN,BAL,2-4,4-2,16,24,away,BAL,5.5,42.5,205,-250,-108,-112,1,nflreadr,TRUE,FALSE,TRUE,FALSE,TRUE,eligible,TRUE,TRUE,NA,NA,analyzed
nfl,2023,401547470,2023-10-15T17:00Z,STATUS_FINAL,Atlanta Falcons,Washington Commanders,ATL,WSH,3-3,3-3,16,24,NA,NA,NA,NA,NA,NA,NA,NA,NA,NA,TRUE,FALSE,TRUE,FALSE,TRUE,eligible,TRUE,TRUE,NA,NA,analyzed
nfl,2023,401547475,2023-10-15T17:00Z,STATUS_FINAL,Chicago Bears,Minnesota Vikings,CHI,MIN,1-5,2-4,13,19,away,MIN,3,44.5,140,-166,-105,-115,1,nflreadr,TRUE,FALSE,TRUE,FALSE,TRUE,eligible,TRUE,TRUE,NA,NA,analyzed
nfl,2023,401547471,2023-10-15T17:00Z,STATUS_FINAL,Cincinnati Bengals,Seattle Seahawks,CIN,SEA,3-3,3-2,17,13,home,CIN,3,45.5,-155,130,-108,-112,1,nflreadr,TRUE,FALSE,TRUE,FALSE,TRUE,eligible,TRUE,TRUE,NA,NA,analyzed
nfl,2023,401547476,2023-10-15T17:00Z,STATUS_FINAL,Cleveland Browns,San Francisco 49ers,CLE,SF,3-2,5-1,19,17,away,SF,9.5,36,360,-470,-105,-115,1,nflreadr,TRUE,FALSE,TRUE,FALSE,TRUE,eligible,TRUE,TRUE,NA,NA,analyzed
nfl,2023,401547473,2023-10-15T17:00Z,STATUS_FINAL,Miami Dolphins,Carolina Panthers,MIA,CAR,5-1,0-6,42,21,home,MIA,14,47.5,-1100,700,-110,-110,1,nflreadr,TRUE,FALSE,TRUE,FALSE,TRUE,eligible,TRUE,TRUE,NA,NA,analyzed
nfl,2023,401547472,2023-10-15T17:00Z,STATUS_FINAL,Jacksonville Jaguars,Indianapolis Colts,JAX,IND,4-2,3-3,37,20,home,JAX,4,44,-205,170,-110,-110,1,nflreadr,TRUE,FALSE,TRUE,FALSE,TRUE,eligible,TRUE,TRUE,NA,NA,analyzed
nfl,2023,401547477,2023-10-15T17:00Z,STATUS_FINAL,Houston Texans,New Orleans Saints,HOU,NO,3-3,3-3,20,13,away,NO,2,42.5,110,-130,-110,-110,1,nflreadr,TRUE,FALSE,TRUE,FALSE,TRUE,eligible,TRUE,TRUE,NA,NA,analyzed
nfl,2023,401547474,2023-10-15T20:05Z,STATUS_FINAL,Las Vegas Raiders,New England Patriots,LV,NE,3-3,1-5,21,17,home,LV,3,41.5,-148,124,-102,-118,1,nflreadr,TRUE,FALSE,TRUE,FALSE,TRUE,eligible,TRUE,TRUE,NA,NA,analyzed
nfl,2023,401547479,2023-10-15T20:25Z,STATUS_FINAL,Los Angeles Rams,Arizona Cardinals,LAR,ARI,3-3,1-5,26,9,NA,NA,NA,NA,NA,NA,NA,NA,NA,NA,TRUE,FALSE,TRUE,FALSE,TRUE,eligible,TRUE,TRUE,NA,NA,analyzed
nfl,2023,401547480,2023-10-15T20:25Z,STATUS_FINAL,New York Jets,Philadelphia Eagles,NYJ,PHI,3-3,5-1,20,14,away,PHI,6.5,43,245,-305,-105,-115,1,nflreadr,TRUE,FALSE,TRUE,FALSE,TRUE,eligible,TRUE,TRUE,NA,NA,analyzed
nfl,2023,401547478,2023-10-15T20:25Z,STATUS_FINAL,Tampa Bay Buccaneers,Detroit Lions,TB,DET,3-2,5-1,6,20,away,DET,3,43.5,136,-162,-105,-115,1,nflreadr,TRUE,FALSE,TRUE,FALSE,TRUE,eligible,TRUE,TRUE,NA,NA,analyzed
nfl,2023,401547481,2023-10-16T00:20Z,STATUS_FINAL,Buffalo Bills,New York Giants,BUF,NYG,4-2,1-5,14,9,NA,NA,NA,NA,NA,NA,NA,NA,NA,NA,TRUE,FALSE,TRUE,FALSE,TRUE,eligible,TRUE,TRUE,NA,NA,analyzed
nfl,2023,401547482,2023-10-17T00:15Z,STATUS_FINAL,Los Angeles Chargers,Dallas Cowboys,LAC,DAL,2-3,4-2,17,20,NA,NA,NA,NA,NA,NA,NA,NA,NA,NA,TRUE,FALSE,TRUE,FALSE,TRUE,eligible,TRUE,TRUE,NA,NA,analyzed
nfl,2023,401547483,2023-10-20T00:15Z,STATUS_FINAL,New Orleans Saints,Jacksonville Jaguars,NO,JAX,3-4,5-2,24,31,NA,NA,NA,NA,NA,NA,NA,NA,NA,NA,TRUE,FALSE,TRUE,FALSE,TRUE,eligible,TRUE,TRUE,NA,NA,analyzed
nfl,2023,401547490,2023-10-22T17:00Z,STATUS_FINAL,Chicago Bears,Las Vegas Raiders,CHI,LV,2-5,3-4,30,12,away,LV,2.5,38.5,120,-142,-110,-110,1,nflreadr,TRUE,FALSE,TRUE,FALSE,TRUE,eligible,TRUE,TRUE,NA,NA,analyzed
nfl,2023,401547484,2023-10-22T17:00Z,STATUS_FINAL,Indianapolis Colts,Cleveland Browns,IND,CLE,3-4,4-2,38,39,away,CLE,3.5,40,150,-180,-112,-108,1,nflreadr,TRUE,FALSE,TRUE,FALSE,TRUE,eligible,TRUE,TRUE,NA,NA,analyzed
nfl,2023,401547485,2023-10-22T17:00Z,STATUS_FINAL,New England Patriots,Buffalo Bills,NE,BUF,2-5,4-3,29,25,away,BUF,7.5,41,310,-395,-110,-110,1,nflreadr,TRUE,FALSE,TRUE,FALSE,TRUE,eligible,TRUE,TRUE,NA,NA,analyzed
nfl,2023,401547486,2023-10-22T17:00Z,STATUS_FINAL,New York Giants,Washington Commanders,NYG,WSH,2-5,3-4,14,7,NA,NA,NA,NA,NA,NA,NA,NA,NA,NA,TRUE,FALSE,TRUE,FALSE,TRUE,eligible,TRUE,TRUE,NA,NA,analyzed
nfl,2023,401547491,2023-10-22T17:00Z,STATUS_FINAL,Tampa Bay Buccaneers,Atlanta Falcons,TB,ATL,3-3,4-3,13,16,home,TB,3,37.5,-148,124,-105,-115,1,nflreadr,TRUE,FALSE,TRUE,FALSE,TRUE,eligible,TRUE,TRUE,NA,NA,analyzed
nfl,2023,401547489,2023-10-22T17:00Z,STATUS_FINAL,Baltimore Ravens,Detroit Lions,BAL,DET,5-2,5-2,38,6,home,BAL,3,43.5,-162,136,-115,-105,1,nflreadr,TRUE,FALSE,TRUE,FALSE,TRUE,eligible,TRUE,TRUE,NA,NA,analyzed
nfl,2023,401547492,2023-10-22T20:05Z,STATUS_FINAL,Los Angeles Rams,Pittsburgh Steelers,LAR,PIT,3-4,4-2,17,24,NA,NA,NA,NA,NA,NA,NA,NA,NA,NA,TRUE,FALSE,TRUE,FALSE,TRUE,eligible,TRUE,TRUE,NA,NA,analyzed
nfl,2023,401547493,2023-10-22T20:05Z,STATUS_FINAL,Seattle Seahawks,Arizona Cardinals,SEA,ARI,4-2,1-6,20,10,home,SEA,9.5,43.5,-455,350,-108,-112,1,nflreadr,TRUE,FALSE,TRUE,FALSE,TRUE,eligible,TRUE,TRUE,NA,NA,analyzed
nfl,2023,401547487,2023-10-22T20:25Z,STATUS_FINAL,Denver Broncos,Green Bay Packers,DEN,GB,2-5,2-4,19,17,home,DEN,1.5,44,-118,-102,-108,-112,1,nflreadr,TRUE,FALSE,TRUE,FALSE,TRUE,eligible,TRUE,TRUE,NA,NA,analyzed
nfl,2023,401547488,2023-10-22T20:25Z,STATUS_FINAL,Kansas City Chiefs,Los Angeles Chargers,KC,LAC,6-1,2-4,31,17,home,KC,5.5,48.5,-265,215,-115,-105,1,nflreadr,TRUE,FALSE,TRUE,FALSE,TRUE,eligible,TRUE,TRUE,NA,NA,analyzed
nfl,2023,401547494,2023-10-23T00:20Z,STATUS_FINAL,Philadelphia Eagles,Miami Dolphins,PHI,MIA,6-1,5-2,31,17,NA,NA,NA,NA,NA,NA,NA,NA,NA,NA,TRUE,FALSE,TRUE,FALSE,TRUE,eligible,TRUE,TRUE,NA,NA,analyzed
nfl,2023,401547495,2023-10-24T00:15Z,STATUS_FINAL,Minnesota Vikings,San Francisco 49ers,MIN,SF,3-4,5-2,22,17,NA,NA,NA,NA,NA,NA,NA,NA,NA,NA,TRUE,FALSE,TRUE,FALSE,TRUE,eligible,TRUE,TRUE,NA,NA,analyzed
nfl,2023,401547496,2023-10-27T00:15Z,STATUS_FINAL,Buffalo Bills,Tampa Bay Buccaneers,BUF,TB,5-3,3-4,24,18,NA,NA,NA,NA,NA,NA,NA,NA,NA,NA,TRUE,FALSE,TRUE,FALSE,TRUE,eligible,TRUE,TRUE,NA,NA,analyzed
nfl,2023,401547505,2023-10-29T17:00Z,STATUS_FINAL,Dallas Cowboys,Los Angeles Rams,DAL,LAR,5-2,3-5,43,20,NA,NA,NA,NA,NA,NA,NA,NA,NA,NA,TRUE,FALSE,TRUE,FALSE,TRUE,eligible,TRUE,TRUE,NA,NA,analyzed
nfl,2023,401547506,2023-10-29T17:00Z,STATUS_FINAL,Green Bay Packers,Minnesota Vikings,GB,MIN,2-5,4-4,10,24,away,MIN,1,41.5,-108,-112,-112,-108,1,nflreadr,TRUE,FALSE,TRUE,FALSE,TRUE,eligible,TRUE,TRUE,NA,NA,analyzed
nfl,2023,401547500,2023-10-29T17:00Z,STATUS_FINAL,Tennessee Titans,Atlanta Falcons,TEN,ATL,3-4,4-4,28,23,away,ATL,2.5,35,110,-130,-110,-110,1,nflreadr,TRUE,FALSE,TRUE,FALSE,TRUE,eligible,TRUE,TRUE,NA,NA,analyzed
nfl,2023,401547507,2023-10-29T17:00Z,STATUS_FINAL,Indianapolis Colts,New Orleans Saints,IND,NO,3-5,4-4,27,38,away,NO,2,43.5,110,-130,-110,-110,1,nflreadr,TRUE,FALSE,TRUE,FALSE,TRUE,eligible,TRUE,TRUE,NA,NA,analyzed
nfl,2023,401547497,2023-10-29T17:00Z,STATUS_FINAL,Miami Dolphins,New England Patriots,MIA,NE,6-2,2-6,31,17,home,MIA,7.5,46.5,-380,300,-110,-110,1,nflreadr,TRUE,FALSE,TRUE,FALSE,TRUE,eligible,TRUE,TRUE,NA,NA,analyzed
nfl,2023,401547498,2023-10-29T17:00Z,STATUS_FINAL,New York Giants,New York Jets,NYG,NYJ,2-6,4-3,10,13,away,NYJ,3,35,136,-162,-105,-115,1,nflreadr,TRUE,FALSE,TRUE,FALSE,TRUE,eligible,TRUE,TRUE,NA,NA,analyzed
nfl,2023,401547499,2023-10-29T17:00Z,STATUS_FINAL,Pittsburgh Steelers,Jacksonville Jaguars,PIT,JAX,4-3,6-2,10,20,away,JAX,2.5,41,114,-135,-110,-110,1,nflreadr,TRUE,FALSE,TRUE,FALSE,TRUE,eligible,TRUE,TRUE,NA,NA,analyzed
nfl,2023,401547508,2023-10-29T17:00Z,STATUS_FINAL,Washington Commanders,Philadelphia Eagles,WSH,PHI,3-5,7-1,31,38,NA,NA,NA,NA,NA,NA,NA,NA,NA,NA,TRUE,FALSE,TRUE,FALSE,TRUE,eligible,TRUE,TRUE,NA,NA,analyzed
nfl,2023,401547504,2023-10-29T17:00Z,STATUS_FINAL,Carolina Panthers,Houston Texans,CAR,HOU,1-6,3-4,15,13,away,HOU,3,43,136,-162,-102,-118,1,nflreadr,TRUE,FALSE,TRUE,FALSE,TRUE,eligible,TRUE,TRUE,NA,NA,analyzed
nfl,2023,401547509,2023-10-29T20:05Z,STATUS_FINAL,Seattle Seahawks,Cleveland Browns,SEA,CLE,5-2,4-3,24,20,home,SEA,4,39.5,-198,164,-110,-110,1,nflreadr,TRUE,FALSE,TRUE,FALSE,TRUE,eligible,TRUE,TRUE,NA,NA,analyzed
nfl,2023,401547502,2023-10-29T20:25Z,STATUS_FINAL,Denver Broncos,Kansas City Chiefs,DEN,KC,3-5,6-2,24,9,away,KC,7,45.5,270,-340,-118,-102,1,nflreadr,TRUE,FALSE,TRUE,FALSE,TRUE,eligible,TRUE,TRUE,NA,NA,analyzed
nfl,2023,401547501,2023-10-29T20:25Z,STATUS_FINAL,Arizona Cardinals,Baltimore Ravens,ARI,BAL,1-7,6-2,24,31,away,BAL,9.5,44.5,380,-500,-110,-110,1,nflreadr,TRUE,FALSE,TRUE,FALSE,TRUE,eligible,TRUE,TRUE,NA,NA,analyzed
nfl,2023,401547503,2023-10-29T20:25Z,STATUS_FINAL,San Francisco 49ers,Cincinnati Bengals,SF,CIN,5-3,4-3,17,31,home,SF,4,44,-205,170,-115,-105,1,nflreadr,TRUE,FALSE,TRUE,FALSE,TRUE,eligible,TRUE,TRUE,NA,NA,analyzed
nfl,2023,401547510,2023-10-30T00:20Z,STATUS_FINAL,Los Angeles Chargers,Chicago Bears,LAC,CHI,3-4,2-6,30,13,NA,NA,NA,NA,NA,NA,NA,NA,NA,NA,TRUE,FALSE,TRUE,FALSE,TRUE,eligible,TRUE,TRUE,NA,NA,analyzed
nfl,2023,401547511,2023-10-31T00:15Z,STATUS_FINAL,Detroit Lions,Las Vegas Raiders,DET,LV,6-2,3-5,26,14,NA,NA,NA,NA,NA,NA,NA,NA,NA,NA,TRUE,FALSE,TRUE,FALSE,TRUE,eligible,TRUE,TRUE,NA,NA,analyzed
nfl,2023,401547512,2023-11-03T00:15Z,STATUS_FINAL,Pittsburgh Steelers,Tennessee Titans,PIT,TEN,5-3,3-5,20,16,NA,NA,NA,NA,NA,NA,NA,NA,NA,NA,TRUE,FALSE,TRUE,FALSE,TRUE,eligible,TRUE,TRUE,NA,NA,analyzed
nfl,2023,401547230,2023-11-05T14:30Z,STATUS_FINAL,Kansas City Chiefs,Miami Dolphins,KC,MIA,7-2,6-3,21,14,home,KC,1,51,-115,-105,-108,-112,1,nflreadr,TRUE,FALSE,TRUE,FALSE,TRUE,eligible,TRUE,TRUE,NA,NA,analyzed
nfl,2023,401547518,2023-11-05T18:00Z,STATUS_FINAL,Atlanta Falcons,Minnesota Vikings,ATL,MIN,4-5,5-4,28,31,home,ATL,3.5,38.5,-192,160,-112,-108,1,nflreadr,TRUE,FALSE,TRUE,FALSE,TRUE,eligible,TRUE,TRUE,NA,NA,analyzed
nfl,2023,401547514,2023-11-05T18:00Z,STATUS_FINAL,Cleveland Browns,Arizona Cardinals,CLE,ARI,5-3,1-8,27,0,home,CLE,13,38,-750,525,-108,-112,1,nflreadr,TRUE,FALSE,TRUE,FALSE,TRUE,eligible,TRUE,TRUE,NA,NA,analyzed
nfl,2023,401547519,2023-11-05T18:00Z,STATUS_FINAL,Green Bay Packers,Los Angeles Rams,GB,LAR,3-5,3-6,20,3,NA,NA,NA,NA,NA,NA,NA,NA,NA,NA,TRUE,FALSE,TRUE,FALSE,TRUE,eligible,TRUE,TRUE,NA,NA,analyzed
nfl,2023,401547520,2023-11-05T18:00Z,STATUS_FINAL,New England Patriots,Washington Commanders,NE,WSH,2-7,4-5,17,20,NA,NA,NA,NA,NA,NA,NA,NA,NA,NA,TRUE,FALSE,TRUE,FALSE,TRUE,eligible,TRUE,TRUE,NA,NA,analyzed
nfl,2023,401547516,2023-11-05T18:00Z,STATUS_FINAL,New Orleans Saints,Chicago Bears,NO,CHI,5-4,2-7,24,17,home,NO,9,42,-440,340,-112,-108,1,nflreadr,TRUE,FALSE,TRUE,FALSE,TRUE,eligible,TRUE,TRUE,NA,NA,analyzed
nfl,2023,401547513,2023-11-05T18:00Z,STATUS_FINAL,Baltimore Ravens,Seattle Seahawks,BAL,SEA,7-2,5-3,37,3,home,BAL,6,44.5,-270,220,-110,-110,1,nflreadr,TRUE,FALSE,TRUE,FALSE,TRUE,eligible,TRUE,TRUE,NA,NA,analyzed
nfl,2023,401547515,2023-11-05T18:00Z,STATUS_FINAL,Houston Texans,Tampa Bay Buccaneers,HOU,TB,4-4,3-5,39,37,home,HOU,2.5,39.5,-148,124,-120,100,1,nflreadr,TRUE,FALSE,TRUE,FALSE,TRUE,eligible,TRUE,TRUE,NA,NA,analyzed
nfl,2023,401547517,2023-11-05T21:05Z,STATUS_FINAL,Carolina Panthers,Indianapolis Colts,CAR,IND,1-7,4-5,13,27,away,IND,1.5,45,110,-130,-112,-108,1,nflreadr,TRUE,FALSE,TRUE,FALSE,TRUE,eligible,TRUE,TRUE,NA,NA,analyzed
nfl,2023,401547521,2023-11-05T21:25Z,STATUS_FINAL,Las Vegas Raiders,New York Giants,LV,NYG,4-5,2-7,30,6,home,LV,1,38.5,-118,-102,-110,-110,1,nflreadr,TRUE,FALSE,TRUE,FALSE,TRUE,eligible,TRUE,TRUE,NA,NA,analyzed
nfl,2023,401547522,2023-11-05T21:25Z,STATUS_FINAL,Philadelphia Eagles,Dallas Cowboys,PHI,DAL,8-1,5-3,28,23,home,PHI,3.5,46.5,-175,145,-102,-118,1,nflreadr,TRUE,FALSE,TRUE,FALSE,TRUE,eligible,TRUE,TRUE,NA,NA,analyzed
nfl,2023,401547523,2023-11-06T01:20Z,STATUS_FINAL,Cincinnati Bengals,Buffalo Bills,CIN,BUF,5-3,5-4,24,18,NA,NA,NA,NA,NA,NA,NA,NA,NA,NA,TRUE,FALSE,TRUE,FALSE,TRUE,eligible,TRUE,TRUE,NA,NA,analyzed
nfl,2023,401547524,2023-11-07T01:15Z,STATUS_FINAL,New York Jets,Los Angeles Chargers,NYJ,LAC,4-4,4-4,6,27,NA,NA,NA,NA,NA,NA,NA,NA,NA,NA,TRUE,FALSE,TRUE,FALSE,TRUE,eligible,TRUE,TRUE,NA,NA,analyzed
nfl,2023,401547525,2023-11-10T01:15Z,STATUS_FINAL,Chicago Bears,Carolina Panthers,CHI,CAR,3-7,1-8,16,13,NA,NA,NA,NA,NA,NA,NA,NA,NA,NA,TRUE,FALSE,TRUE,FALSE,TRUE,eligible,TRUE,TRUE,NA,NA,analyzed
nfl,2023,401547231,2023-11-12T14:30Z,STATUS_FINAL,New England Patriots,Indianapolis Colts,NE,IND,2-8,5-5,6,10,away,IND,1,42,-102,-118,-110,-110,1,nflreadr,TRUE,FALSE,TRUE,FALSE,TRUE,eligible,TRUE,TRUE,NA,NA,analyzed
nfl,2023,401547526,2023-11-12T18:00Z,STATUS_FINAL,Cincinnati Bengals,Houston Texans,CIN,HOU,5-4,5-4,27,30,home,CIN,5.5,46,-250,205,-110,-110,1,nflreadr,TRUE,FALSE,TRUE,FALSE,TRUE,eligible,TRUE,TRUE,NA,NA,analyzed
nfl,2023,401547533,2023-11-12T18:00Z,STATUS_FINAL,Minnesota Vikings,New Orleans Saints,MIN,NO,6-4,5-5,27,19,away,NO,3,41,130,-155,-115,-105,1,nflreadr,TRUE,FALSE,TRUE,FALSE,TRUE,eligible,TRUE,TRUE,NA,NA,analyzed
nfl,2023,401547527,2023-11-12T18:00Z,STATUS_FINAL,Pittsburgh Steelers,Green Bay Packers,PIT,GB,6-3,3-6,23,19,home,PIT,3,38.5,-166,140,-120,100,1,nflreadr,TRUE,FALSE,TRUE,FALSE,TRUE,eligible,TRUE,TRUE,NA,NA,analyzed
nfl,2023,401547528,2023-11-12T18:00Z,STATUS_FINAL,Tampa Bay Buccaneers,Tennessee Titans,TB,TEN,4-5,3-6,20,6,home,TB,2.5,39.5,-142,120,-115,-105,1,nflreadr,TRUE,FALSE,TRUE,FALSE,TRUE,eligible,TRUE,TRUE,NA,NA,analyzed
nfl,2023,401547532,2023-11-12T18:00Z,STATUS_FINAL,Jacksonville Jaguars,San Francisco 49ers,JAX,SF,6-3,6-3,3,34,away,SF,3,44.5,142,-170,-108,-112,1,nflreadr,TRUE,FALSE,TRUE,FALSE,TRUE,eligible,TRUE,TRUE,NA,NA,analyzed
nfl,2023,401547531,2023-11-12T18:00Z,STATUS_FINAL,Baltimore Ravens,Cleveland Browns,BAL,CLE,7-3,6-3,31,33,home,BAL,6,38.5,-258,210,-108,-112,1,nflreadr,TRUE,FALSE,TRUE,FALSE,TRUE,eligible,TRUE,TRUE,NA,NA,analyzed
nfl,2023,401547529,2023-11-12T21:05Z,STATUS_FINAL,Arizona Cardinals,Atlanta Falcons,ARI,ATL,2-8,4-6,25,23,away,ATL,2,43.5,110,-130,-110,-110,1,nflreadr,TRUE,FALSE,TRUE,FALSE,TRUE,eligible,TRUE,TRUE,NA,NA,analyzed
nfl,2023,401547530,2023-11-12T21:05Z,STATUS_FINAL,Los Angeles Chargers,Detroit Lions,LAC,DET,4-5,7-2,38,41,away,DET,2.5,48.5,120,-142,-110,-110,1,nflreadr,TRUE,FALSE,TRUE,FALSE,TRUE,eligible,TRUE,TRUE,NA,NA,analyzed
nfl,2023,401547534,2023-11-12T21:25Z,STATUS_FINAL,Dallas Cowboys,New York Giants,DAL,NYG,6-3,2-8,49,17,home,DAL,17.5,38.5,-2100,1100,-112,-108,1,nflreadr,TRUE,FALSE,TRUE,FALSE,TRUE,eligible,TRUE,TRUE,NA,NA,analyzed
nfl,2023,401547535,2023-11-12T21:25Z,STATUS_FINAL,Seattle Seahawks,Washington Commanders,SEA,WSH,6-3,4-6,29,26,NA,NA,NA,NA,NA,NA,NA,NA,NA,NA,TRUE,FALSE,TRUE,FALSE,TRUE,eligible,TRUE,TRUE,NA,NA,analyzed
nfl,2023,401547536,2023-11-13T01:20Z,STATUS_FINAL,Las Vegas Raiders,New York Jets,LV,NYJ,5-5,4-5,16,12,NA,NA,NA,NA,NA,NA,NA,NA,NA,NA,TRUE,FALSE,TRUE,FALSE,TRUE,eligible,TRUE,TRUE,NA,NA,analyzed
nfl,2023,401547537,2023-11-14T01:15Z,STATUS_FINAL,Buffalo Bills,Denver Broncos,BUF,DEN,5-5,4-5,22,24,NA,NA,NA,NA,NA,NA,NA,NA,NA,NA,TRUE,FALSE,TRUE,FALSE,TRUE,eligible,TRUE,TRUE,NA,NA,analyzed
nfl,2023,401547538,2023-11-17T01:15Z,STATUS_FINAL,Baltimore Ravens,Cincinnati Bengals,BAL,CIN,8-3,5-5,34,20,NA,NA,NA,NA,NA,NA,NA,NA,NA,NA,TRUE,FALSE,TRUE,FALSE,TRUE,eligible,TRUE,TRUE,NA,NA,analyzed
nfl,2023,401547539,2023-11-19T18:00Z,STATUS_FINAL,Cleveland Browns,Pittsburgh Steelers,CLE,PIT,7-3,6-4,13,10,home,CLE,2.5,34,-142,120,-115,-105,1,nflreadr,TRUE,FALSE,TRUE,FALSE,TRUE,eligible,TRUE,TRUE,NA,NA,analyzed
nfl,2023,401547546,2023-11-19T18:00Z,STATUS_FINAL,Detroit Lions,Chicago Bears,DET,CHI,8-2,3-8,31,26,home,DET,8,48,-440,340,-110,-110,1,nflreadr,TRUE,FALSE,TRUE,FALSE,TRUE,eligible,TRUE,TRUE,NA,NA,analyzed
nfl,2023,401547547,2023-11-19T18:00Z,STATUS_FINAL,Green Bay Packers,Los Angeles Chargers,GB,LAC,4-6,4-6,23,20,away,LAC,3,44,136,-162,-110,-110,1,nflreadr,TRUE,FALSE,TRUE,FALSE,TRUE,eligible,TRUE,TRUE,NA,NA,analyzed
nfl,2023,401547542,2023-11-19T18:00Z,STATUS_FINAL,Miami Dolphins,Las Vegas Raiders,MIA,LV,7-3,5-6,20,13,home,MIA,14,44.5,-1100,700,-110,-110,1,nflreadr,TRUE,FALSE,TRUE,FALSE,TRUE,eligible,TRUE,TRUE,NA,NA,analyzed
nfl,2023,401547548,2023-11-19T18:00Z,STATUS_FINAL,Washington Commanders,New York Giants,WSH,NYG,4-7,3-8,19,31,NA,NA,NA,NA,NA,NA,NA,NA,NA,NA,TRUE,FALSE,TRUE,FALSE,TRUE,eligible,TRUE,TRUE,NA,NA,analyzed
nfl,2023,401547545,2023-11-19T18:00Z,STATUS_FINAL,Carolina Panthers,Dallas Cowboys,CAR,DAL,1-9,7-3,10,33,away,DAL,11,43,470,-650,-110,-110,1,nflreadr,TRUE,FALSE,TRUE,FALSE,TRUE,eligible,TRUE,TRUE,NA,NA,analyzed
nfl,2023,401547541,2023-11-19T18:00Z,STATUS_FINAL,Jacksonville Jaguars,Tennessee Titans,JAX,TEN,7-3,3-7,34,14,home,JAX,6.5,40,-290,235,-115,-105,1,nflreadr,TRUE,FALSE,TRUE,FALSE,TRUE,eligible,TRUE,TRUE,NA,NA,analyzed
nfl,2023,401547540,2023-11-19T18:00Z,STATUS_FINAL,Houston Texans,Arizona Cardinals,HOU,ARI,6-4,2-9,21,16,home,HOU,5.5,48,-250,205,-112,-108,1,nflreadr,TRUE,FALSE,TRUE,FALSE,TRUE,eligible,TRUE,TRUE,NA,NA,analyzed
nfl,2023,401547549,2023-11-19T21:05Z,STATUS_FINAL,San Francisco 49ers,Tampa Bay Buccaneers,SF,TB,7-3,4-6,27,14,home,SF,13.5,41.5,-950,625,-110,-110,1,nflreadr,TRUE,FALSE,TRUE,FALSE,TRUE,eligible,TRUE,TRUE,NA,NA,analyzed
nfl,2023,401547543,2023-11-19T21:25Z,STATUS_FINAL,Buffalo Bills,New York Jets,BUF,NYJ,6-5,4-6,32,6,home,BUF,8,39.5,-395,310,-112,-108,1,nflreadr,TRUE,FALSE,TRUE,FALSE,TRUE,eligible,TRUE,TRUE,NA,NA,analyzed
nfl,2023,401547544,2023-11-19T21:25Z,STATUS_FINAL,Los Angeles Rams,Seattle Seahawks,LAR,SEA,4-6,6-4,17,16,NA,NA,NA,NA,NA,NA,NA,NA,NA,NA,TRUE,FALSE,TRUE,FALSE,TRUE,eligible,TRUE,TRUE,NA,NA,analyzed
nfl,2023,401547550,2023-11-20T01:20Z,STATUS_FINAL,Denver Broncos,Minnesota Vikings,DEN,MIN,5-5,6-5,21,20,NA,NA,NA,NA,NA,NA,NA,NA,NA,NA,TRUE,FALSE,TRUE,FALSE,TRUE,eligible,TRUE,TRUE,NA,NA,analyzed
nfl,2023,401547345,2023-11-21T01:15Z,STATUS_FINAL,Kansas City Chiefs,Philadelphia Eagles,KC,PHI,7-3,9-1,17,21,NA,NA,NA,NA,NA,NA,NA,NA,NA,NA,TRUE,FALSE,TRUE,FALSE,TRUE,eligible,TRUE,TRUE,NA,NA,analyzed
nfl,2023,401547552,2023-11-23T17:30Z,STATUS_FINAL,Detroit Lions,Green Bay Packers,DET,GB,8-3,5-6,22,29,home,DET,8.5,47,-425,330,-115,-105,1,nflreadr,TRUE,FALSE,TRUE,FALSE,TRUE,eligible,TRUE,TRUE,NA,NA,analyzed
nfl,2023,401547551,2023-11-23T21:30Z,STATUS_FINAL,Dallas Cowboys,Washington Commanders,DAL,WSH,8-3,4-8,45,10,NA,NA,NA,NA,NA,NA,NA,NA,NA,NA,TRUE,FALSE,TRUE,FALSE,TRUE,eligible,TRUE,TRUE,NA,NA,analyzed
nfl,2023,401547553,2023-11-24T01:20Z,STATUS_FINAL,Seattle Seahawks,San Francisco 49ers,SEA,SF,6-5,8-3,13,31,NA,NA,NA,NA,NA,NA,NA,NA,NA,NA,TRUE,FALSE,TRUE,FALSE,TRUE,eligible,TRUE,TRUE,NA,NA,analyzed
nfl,2023,401547242,2023-11-24T20:00Z,STATUS_FINAL,New York Jets,Miami Dolphins,NYJ,MIA,4-7,8-3,13,34,away,MIA,9.5,40,380,-500,100,-120,1,nflreadr,TRUE,FALSE,TRUE,FALSE,TRUE,eligible,TRUE,TRUE,NA,NA,analyzed
nfl,2023,401547559,2023-11-26T18:00Z,STATUS_FINAL,Atlanta Falcons,New Orleans Saints,ATL,NO,5-6,5-6,24,15,away,NO,2,42,110,-130,-110,-110,1,nflreadr,TRUE,FALSE,TRUE,FALSE,TRUE,eligible,TRUE,TRUE,NA,NA,analyzed
nfl,2023,401547554,2023-11-26T18:00Z,STATUS_FINAL,Cincinnati Bengals,Pittsburgh Steelers,CIN,PIT,5-6,7-4,10,16,away,PIT,2,36,114,-135,-108,-112,1,nflreadr,TRUE,FALSE,TRUE,FALSE,TRUE,eligible,TRUE,TRUE,NA,NA,analyzed
nfl,2023,401547561,2023-11-26T18:00Z,STATUS_FINAL,Tennessee Titans,Carolina Panthers,TEN,CAR,4-7,1-10,17,10,home,TEN,3.5,36,-175,145,-105,-112,1,nflreadr,TRUE,FALSE,TRUE,FALSE,TRUE,eligible,TRUE,TRUE,NA,NA,analyzed
nfl,2023,401547556,2023-11-26T18:00Z,STATUS_FINAL,Indianapolis Colts,Tampa Bay Buccaneers,IND,TB,6-5,4-7,27,20,home,IND,2.5,45,-155,130,-115,-105,1,nflreadr,TRUE,FALSE,TRUE,FALSE,TRUE,eligible,TRUE,TRUE,NA,NA,analyzed
nfl,2023,401547560,2023-11-26T18:00Z,STATUS_FINAL,New York Giants,New England Patriots,NYG,NE,4-8,2-9,10,7,away,NE,4.5,36.5,180,-218,-112,-108,1,nflreadr,TRUE,FALSE,TRUE,FALSE,TRUE,eligible,TRUE,TRUE,NA,NA,analyzed
nfl,2023,401547555,2023-11-26T18:00Z,STATUS_FINAL,Houston Texans,Jacksonville Jaguars,HOU,JAX,6-5,8-3,21,24,away,JAX,1,48,-105,-115,-110,-110,1,nflreadr,TRUE,FALSE,TRUE,FALSE,TRUE,eligible,TRUE,TRUE,NA,NA,analyzed
nfl,2023,401547563,2023-11-26T21:05Z,STATUS_FINAL,Denver Broncos,Cleveland Browns,DEN,CLE,6-5,7-4,29,12,home,DEN,1.5,37.5,-125,105,-110,-110,1,nflreadr,TRUE,FALSE,TRUE,FALSE,TRUE,eligible,TRUE,TRUE,NA,NA,analyzed
nfl,2023,401547562,2023-11-26T21:05Z,STATUS_FINAL,Arizona Cardinals,Los Angeles Rams,ARI,LAR,2-10,5-6,14,37,NA,NA,NA,NA,NA,NA,NA,NA,NA,NA,TRUE,FALSE,TRUE,FALSE,TRUE,eligible,TRUE,TRUE,NA,NA,analyzed
nfl,2023,401547557,2023-11-26T21:25Z,STATUS_FINAL,Las Vegas Raiders,Kansas City Chiefs,LV,KC,5-7,8-3,17,31,away,KC,9,42.5,380,-500,-110,-110,1,nflreadr,TRUE,FALSE,TRUE,FALSE,TRUE,eligible,TRUE,TRUE,NA,NA,analyzed
nfl,2023,401547558,2023-11-26T21:25Z,STATUS_FINAL,Philadelphia Eagles,Buffalo Bills,PHI,BUF,10-1,6-6,37,34,home,PHI,2.5,49,-148,124,-115,-105,1,nflreadr,TRUE,FALSE,TRUE,FALSE,TRUE,eligible,TRUE,TRUE,NA,NA,analyzed
nfl,2023,401547564,2023-11-27T01:20Z,STATUS_FINAL,Los Angeles Chargers,Baltimore Ravens,LAC,BAL,4-7,9-3,10,20,NA,NA,NA,NA,NA,NA,NA,NA,NA,NA,TRUE,FALSE,TRUE,FALSE,TRUE,eligible,TRUE,TRUE,NA,NA,analyzed
nfl,2023,401547565,2023-11-28T01:15Z,STATUS_FINAL,Minnesota Vikings,Chicago Bears,MIN,CHI,6-6,4-8,10,12,NA,NA,NA,NA,NA,NA,NA,NA,NA,NA,TRUE,FALSE,TRUE,FALSE,TRUE,eligible,TRUE,TRUE,NA,NA,analyzed
nfl,2023,401547566,2023-12-01T01:15Z,STATUS_FINAL,Dallas Cowboys,Seattle Seahawks,DAL,SEA,9-3,6-6,41,35,NA,NA,NA,NA,NA,NA,NA,NA,NA,NA,TRUE,FALSE,TRUE,FALSE,TRUE,eligible,TRUE,TRUE,NA,NA,analyzed
nfl,2023,401547570,2023-12-03T18:00Z,STATUS_FINAL,Tennessee Titans,Indianapolis Colts,TEN,IND,4-8,7-5,28,31,away,IND,1.5,42,102,-122,-110,-110,1,nflreadr,TRUE,FALSE,TRUE,FALSE,TRUE,eligible,TRUE,TRUE,NA,NA,analyzed
nfl,2023,401547567,2023-12-03T18:00Z,STATUS_FINAL,New England Patriots,Los Angeles Chargers,NE,LAC,2-10,5-7,0,6,away,LAC,4.5,38.5,185,-225,-110,-110,1,nflreadr,TRUE,FALSE,TRUE,FALSE,TRUE,eligible,TRUE,TRUE,NA,NA,analyzed
nfl,2023,401547572,2023-12-03T18:00Z,STATUS_FINAL,New Orleans Saints,Detroit Lions,NO,DET,5-7,9-3,28,33,away,DET,4,47.5,164,-198,-110,-110,1,nflreadr,TRUE,FALSE,TRUE,FALSE,TRUE,eligible,TRUE,TRUE,NA,NA,analyzed
nfl,2023,401547573,2023-12-03T18:00Z,STATUS_FINAL,New York Jets,Atlanta Falcons,NYJ,ATL,4-8,6-6,8,13,away,ATL,2,33,105,-125,-112,-108,1,nflreadr,TRUE,FALSE,TRUE,FALSE,TRUE,eligible,TRUE,TRUE,NA,NA,analyzed
nfl,2023,401547568,2023-12-03T18:00Z,STATUS_FINAL,Pittsburgh Steelers,Arizona Cardinals,PIT,ARI,7-5,3-10,10,24,home,PIT,6,41,-285,230,-115,-105,1,nflreadr,TRUE,FALSE,TRUE,FALSE,TRUE,eligible,TRUE,TRUE,NA,NA,analyzed
nfl,2023,401547574,2023-12-03T18:00Z,STATUS_FINAL,Washington Commanders,Miami Dolphins,WSH,MIA,4-9,9-3,15,45,NA,NA,NA,NA,NA,NA,NA,NA,NA,NA,TRUE,FALSE,TRUE,FALSE,TRUE,eligible,TRUE,TRUE,NA,NA,analyzed
nfl,2023,401547571,2023-12-03T18:00Z,STATUS_FINAL,Houston Texans,Denver Broncos,HOU,DEN,7-5,6-6,22,17,home,HOU,3.5,47.5,-170,142,102,-122,1,nflreadr,TRUE,FALSE,TRUE,FALSE,TRUE,eligible,TRUE,TRUE,NA,NA,analyzed
nfl,2023,401547569,2023-12-03T21:05Z,STATUS_FINAL,Tampa Bay Buccaneers,Carolina Panthers,TB,CAR,5-7,1-11,21,18,home,TB,4,37,-198,164,-110,-110,1,nflreadr,TRUE,FALSE,TRUE,FALSE,TRUE,eligible,TRUE,TRUE,NA,NA,analyzed
nfl,2023,401547575,2023-12-03T21:25Z,STATUS_FINAL,Los Angeles Rams,Cleveland Browns,LAR,CLE,6-6,7-5,36,19,NA,NA,NA,NA,NA,NA,NA,NA,NA,NA,TRUE,FALSE,TRUE,FALSE,TRUE,eligible,TRUE,TRUE,NA,NA,analyzed
nfl,2023,401547276,2023-12-03T21:25Z,STATUS_FINAL,Philadelphia Eagles,San Francisco 49ers,PHI,SF,10-2,9-3,19,42,away,SF,3,46.5,124,-148,-115,-105,1,nflreadr,TRUE,FALSE,TRUE,FALSE,TRUE,eligible,TRUE,TRUE,NA,NA,analyzed
nfl,2023,401547576,2023-12-04T01:20Z,STATUS_FINAL,Green Bay Packers,Kansas City Chiefs,GB,KC,6-6,8-4,27,19,NA,NA,NA,NA,NA,NA,NA,NA,NA,NA,TRUE,FALSE,TRUE,FALSE,TRUE,eligible,TRUE,TRUE,NA,NA,analyzed
nfl,2023,401547577,2023-12-05T01:15Z,STATUS_FINAL,Jacksonville Jaguars,Cincinnati Bengals,JAX,CIN,8-4,6-6,31,34,NA,NA,NA,NA,NA,NA,NA,NA,NA,NA,TRUE,FALSE,TRUE,FALSE,TRUE,eligible,TRUE,TRUE,NA,NA,analyzed
nfl,2023,401547578,2023-12-08T01:15Z,STATUS_FINAL,Pittsburgh Steelers,New England Patriots,PIT,NE,7-6,3-10,18,21,NA,NA,NA,NA,NA,NA,NA,NA,NA,NA,TRUE,FALSE,TRUE,FALSE,TRUE,eligible,TRUE,TRUE,NA,NA,analyzed
nfl,2023,401547579,2023-12-10T18:00Z,STATUS_FINAL,Atlanta Falcons,Tampa Bay Buccaneers,ATL,TB,6-7,6-7,25,29,home,ATL,1.5,41.5,-125,105,-112,-108,1,nflreadr,TRUE,FALSE,TRUE,FALSE,TRUE,eligible,TRUE,TRUE,NA,NA,analyzed
nfl,2023,401547586,2023-12-10T18:00Z,STATUS_FINAL,Chicago Bears,Detroit Lions,CHI,DET,5-8,9-4,28,13,away,DET,3,44.5,142,-170,100,-120,1,nflreadr,TRUE,FALSE,TRUE,FALSE,TRUE,eligible,TRUE,TRUE,NA,NA,analyzed
nfl,2023,401547580,2023-12-10T18:00Z,STATUS_FINAL,Cincinnati Bengals,Indianapolis Colts,CIN,IND,7-6,7-6,34,14,home,CIN,3,45,-148,124,-102,-118,1,nflreadr,TRUE,FALSE,TRUE,FALSE,TRUE,eligible,TRUE,TRUE,NA,NA,analyzed
nfl,2023,401547581,2023-12-10T18:00Z,STATUS_FINAL,Cleveland Browns,Jacksonville Jaguars,CLE,JAX,8-5,8-5,31,27,home,CLE,2.5,37.5,-142,120,-112,-108,1,nflreadr,TRUE,FALSE,TRUE,FALSE,TRUE,eligible,TRUE,TRUE,NA,NA,analyzed
nfl,2023,401547587,2023-12-10T18:00Z,STATUS_FINAL,New Orleans Saints,Carolina Panthers,NO,CAR,6-7,1-12,28,6,home,NO,5.5,39,-245,200,-110,-110,1,nflreadr,TRUE,FALSE,TRUE,FALSE,TRUE,eligible,TRUE,TRUE,NA,NA,analyzed
nfl,2023,401547582,2023-12-10T18:00Z,STATUS_FINAL,New York Jets,Houston Texans,NYJ,HOU,5-8,7-6,30,6,away,HOU,3.5,33.5,145,-175,-112,-108,1,nflreadr,TRUE,FALSE,TRUE,FALSE,TRUE,eligible,TRUE,TRUE,NA,NA,analyzed
nfl,2023,401547585,2023-12-10T18:00Z,STATUS_FINAL,Baltimore Ravens,Los Angeles Rams,BAL,LAR,10-3,6-7,37,31,NA,NA,NA,NA,NA,NA,NA,NA,NA,NA,TRUE,FALSE,TRUE,FALSE,TRUE,eligible,TRUE,TRUE,NA,NA,analyzed
nfl,2023,401547588,2023-12-10T21:05Z,STATUS_FINAL,Las Vegas Raiders,Minnesota Vikings,LV,MIN,5-8,7-6,0,3,away,MIN,3,40.5,130,-155,-112,-108,1,nflreadr,TRUE,FALSE,TRUE,FALSE,TRUE,eligible,TRUE,TRUE,NA,NA,analyzed
nfl,2023,401547589,2023-12-10T21:05Z,STATUS_FINAL,San Francisco 49ers,Seattle Seahawks,SF,SEA,10-3,6-7,28,16,home,SF,14.5,44.5,-1000,650,-110,-110,1,nflreadr,TRUE,FALSE,TRUE,FALSE,TRUE,eligible,TRUE,TRUE,NA,NA,analyzed
nfl,2023,401547583,2023-12-10T21:25Z,STATUS_FINAL,Kansas City Chiefs,Buffalo Bills,KC,BUF,8-5,7-6,17,20,home,KC,2,49.5,-125,105,-110,-110,1,nflreadr,TRUE,FALSE,TRUE,FALSE,TRUE,eligible,TRUE,TRUE,NA,NA,analyzed
nfl,2023,401547584,2023-12-10T21:25Z,STATUS_FINAL,Los Angeles Chargers,Denver Broncos,LAC,DEN,5-8,7-6,7,24,home,LAC,3,45,-162,136,-108,-112,1,nflreadr,TRUE,FALSE,TRUE,FALSE,TRUE,eligible,TRUE,TRUE,NA,NA,analyzed
nfl,2023,401547590,2023-12-11T01:20Z,STATUS_FINAL,Dallas Cowboys,Philadelphia Eagles,DAL,PHI,10-3,10-3,33,13,NA,NA,NA,NA,NA,NA,NA,NA,NA,NA,TRUE,FALSE,TRUE,FALSE,TRUE,eligible,TRUE,TRUE,NA,NA,analyzed
nfl,2023,401547592,2023-12-12T01:15Z,STATUS_FINAL,Miami Dolphins,Tennessee Titans,MIA,TEN,9-4,5-8,27,28,NA,NA,NA,NA,NA,NA,NA,NA,NA,NA,TRUE,FALSE,TRUE,FALSE,TRUE,eligible,TRUE,TRUE,NA,NA,analyzed
nfl,2023,401547591,2023-12-12T01:15Z,STATUS_FINAL,New York Giants,Green Bay Packers,NYG,GB,5-8,6-7,24,22,NA,NA,NA,NA,NA,NA,NA,NA,NA,NA,TRUE,FALSE,TRUE,FALSE,TRUE,eligible,TRUE,TRUE,NA,NA,analyzed
nfl,2023,401547593,2023-12-15T01:15Z,STATUS_FINAL,Las Vegas Raiders,Los Angeles Chargers,LV,LAC,6-8,5-9,63,21,NA,NA,NA,NA,NA,NA,NA,NA,NA,NA,TRUE,FALSE,TRUE,FALSE,TRUE,eligible,TRUE,TRUE,NA,NA,analyzed
nfl,2023,401547604,2023-12-16T18:00Z,STATUS_FINAL,Cincinnati Bengals,Minnesota Vikings,CIN,MIN,8-6,7-7,27,24,home,CIN,3,41.5,-175,145,-115,-105,1,nflreadr,TRUE,FALSE,TRUE,FALSE,TRUE,eligible,TRUE,TRUE,NA,NA,analyzed
nfl,2023,401547607,2023-12-16T21:30Z,STATUS_FINAL,Indianapolis Colts,Pittsburgh Steelers,IND,PIT,8-6,7-7,30,13,home,IND,1.5,41.5,-122,102,-110,-110,1,nflreadr,TRUE,FALSE,TRUE,FALSE,TRUE,eligible,TRUE,TRUE,NA,NA,analyzed
nfl,2023,401547606,2023-12-17T01:15Z,STATUS_FINAL,Detroit Lions,Denver Broncos,DET,DEN,10-4,7-7,42,17,NA,NA,NA,NA,NA,NA,NA,NA,NA,NA,TRUE,FALSE,TRUE,FALSE,TRUE,eligible,TRUE,TRUE,NA,NA,analyzed
nfl,2023,401547605,2023-12-17T18:00Z,STATUS_FINAL,Cleveland Browns,Chicago Bears,CLE,CHI,9-5,5-9,20,17,home,CLE,3,38,-148,124,100,-120,1,nflreadr,TRUE,FALSE,TRUE,FALSE,TRUE,eligible,TRUE,TRUE,NA,NA,analyzed
nfl,2023,401547598,2023-12-17T18:00Z,STATUS_FINAL,Green Bay Packers,Tampa Bay Buccaneers,GB,TB,6-8,7-7,20,34,home,GB,4,41.5,-218,180,-110,-110,1,nflreadr,TRUE,FALSE,TRUE,FALSE,TRUE,eligible,TRUE,TRUE,NA,NA,analyzed
nfl,2023,401547595,2023-12-17T18:00Z,STATUS_FINAL,Tennessee Titans,Houston Texans,TEN,HOU,5-9,8-6,16,19,home,TEN,3,38,-170,142,-120,100,1,nflreadr,TRUE,FALSE,TRUE,FALSE,TRUE,eligible,TRUE,TRUE,NA,NA,analyzed
nfl,2023,401547594,2023-12-17T18:00Z,STATUS_FINAL,Miami Dolphins,New York Jets,MIA,NYJ,10-4,5-9,30,0,home,MIA,7.5,36,-345,275,-105,-115,1,nflreadr,TRUE,FALSE,TRUE,FALSE,TRUE,eligible,TRUE,TRUE,NA,NA,analyzed
nfl,2023,401547608,2023-12-17T18:00Z,STATUS_FINAL,New England Patriots,Kansas City Chiefs,NE,KC,3-11,9-5,17,27,away,KC,10,39.5,370,-485,-108,-112,1,nflreadr,TRUE,FALSE,TRUE,FALSE,TRUE,eligible,TRUE,TRUE,NA,NA,analyzed
nfl,2023,401547599,2023-12-17T18:00Z,STATUS_FINAL,New Orleans Saints,New York Giants,NO,NYG,7-7,5-9,24,6,home,NO,6,39.5,-250,205,-112,-108,1,nflreadr,TRUE,FALSE,TRUE,FALSE,TRUE,eligible,TRUE,TRUE,NA,NA,analyzed
nfl,2023,401547603,2023-12-17T18:00Z,STATUS_FINAL,Carolina Panthers,Atlanta Falcons,CAR,ATL,2-12,6-8,9,7,away,ATL,3,32,130,-155,-118,-102,1,nflreadr,TRUE,FALSE,TRUE,FALSE,TRUE,eligible,TRUE,TRUE,NA,NA,analyzed
nfl,2023,401547597,2023-12-17T21:05Z,STATUS_FINAL,Los Angeles Rams,Washington Commanders,LAR,WSH,7-7,4-10,28,20,NA,NA,NA,NA,NA,NA,NA,NA,NA,NA,TRUE,FALSE,TRUE,FALSE,TRUE,eligible,TRUE,TRUE,NA,NA,analyzed
nfl,2023,401547596,2023-12-17T21:05Z,STATUS_FINAL,Arizona Cardinals,San Francisco 49ers,ARI,SF,3-11,11-3,29,45,away,SF,12.5,48,525,-750,-110,-110,1,nflreadr,TRUE,FALSE,TRUE,FALSE,TRUE,eligible,TRUE,TRUE,NA,NA,analyzed
nfl,2023,401547600,2023-12-17T21:25Z,STATUS_FINAL,Buffalo Bills,Dallas Cowboys,BUF,DAL,8-6,10-4,31,10,home,BUF,2,49.5,-135,114,-112,-108,1,nflreadr,TRUE,FALSE,TRUE,FALSE,TRUE,eligible,TRUE,TRUE,NA,NA,analyzed
nfl,2023,401547602,2023-12-18T01:20Z,STATUS_FINAL,Jacksonville Jaguars,Baltimore Ravens,JAX,BAL,8-6,11-3,7,23,NA,NA,NA,NA,NA,NA,NA,NA,NA,NA,TRUE,FALSE,TRUE,FALSE,TRUE,eligible,TRUE,TRUE,NA,NA,analyzed
nfl,2023,401547601,2023-12-19T01:15Z,STATUS_FINAL,Seattle Seahawks,Philadelphia Eagles,SEA,PHI,7-7,10-4,20,17,NA,NA,NA,NA,NA,NA,NA,NA,NA,NA,TRUE,FALSE,TRUE,FALSE,TRUE,eligible,TRUE,TRUE,NA,NA,analyzed
nfl,2023,401547609,2023-12-22T01:15Z,STATUS_FINAL,Los Angeles Rams,New Orleans Saints,LAR,NO,8-7,7-8,30,22,NA,NA,NA,NA,NA,NA,NA,NA,NA,NA,TRUE,FALSE,TRUE,FALSE,TRUE,eligible,TRUE,TRUE,NA,NA,analyzed
nfl,2023,401547610,2023-12-23T21:30Z,STATUS_FINAL,Pittsburgh Steelers,Cincinnati Bengals,PIT,CIN,8-7,8-7,34,11,away,CIN,3,39.5,130,-155,-115,-105,1,nflreadr,TRUE,FALSE,TRUE,FALSE,TRUE,eligible,TRUE,TRUE,NA,NA,analyzed
nfl,2023,401547611,2023-12-24T01:00Z,STATUS_FINAL,Los Angeles Chargers,Buffalo Bills,LAC,BUF,5-10,9-6,22,24,NA,NA,NA,NA,NA,NA,NA,NA,NA,NA,TRUE,FALSE,TRUE,FALSE,TRUE,eligible,TRUE,TRUE,NA,NA,analyzed
nfl,2023,401547616,2023-12-24T18:00Z,STATUS_FINAL,Atlanta Falcons,Indianapolis Colts,ATL,IND,7-8,8-7,29,10,home,ATL,3,44,-155,130,-105,-115,1,nflreadr,TRUE,FALSE,TRUE,FALSE,TRUE,eligible,TRUE,TRUE,NA,NA,analyzed
nfl,2023,401547614,2023-12-24T18:00Z,STATUS_FINAL,Tennessee Titans,Seattle Seahawks,TEN,SEA,5-10,8-7,17,20,away,SEA,3,42,140,-166,-110,-110,1,nflreadr,TRUE,FALSE,TRUE,FALSE,TRUE,eligible,TRUE,TRUE,NA,NA,analyzed
nfl,2023,401547618,2023-12-24T18:00Z,STATUS_FINAL,Minnesota Vikings,Detroit Lions,MIN,DET,7-8,11-4,24,30,away,DET,2.5,47.5,124,-148,105,-125,1,nflreadr,TRUE,FALSE,TRUE,FALSE,TRUE,eligible,TRUE,TRUE,NA,NA,analyzed
nfl,2023,401547613,2023-12-24T18:00Z,STATUS_FINAL,New York Jets,Washington Commanders,NYJ,WSH,6-9,4-11,30,28,NA,NA,NA,NA,NA,NA,NA,NA,NA,NA,TRUE,FALSE,TRUE,FALSE,TRUE,eligible,TRUE,TRUE,NA,NA,analyzed
nfl,2023,401547617,2023-12-24T18:00Z,STATUS_FINAL,Carolina Panthers,Green Bay Packers,CAR,GB,2-13,7-8,30,33,away,GB,3.5,39.5,164,-198,-108,-112,1,nflreadr,TRUE,FALSE,TRUE,FALSE,TRUE,eligible,TRUE,TRUE,NA,NA,analyzed
nfl,2023,401547612,2023-12-24T18:00Z,STATUS_FINAL,Houston Texans,Cleveland Browns,HOU,CLE,8-7,10-5,22,36,away,CLE,3,40,136,-162,-110,-110,1,nflreadr,TRUE,FALSE,TRUE,FALSE,TRUE,eligible,TRUE,TRUE,NA,NA,analyzed
nfl,2023,401547615,2023-12-24T21:05Z,STATUS_FINAL,Tampa Bay Buccaneers,Jacksonville Jaguars,TB,JAX,8-7,8-7,30,12,away,JAX,2,43,105,-125,-110,-110,1,nflreadr,TRUE,FALSE,TRUE,FALSE,TRUE,eligible,TRUE,TRUE,NA,NA,analyzed
nfl,2023,401547619,2023-12-24T21:25Z,STATUS_FINAL,Chicago Bears,Arizona Cardinals,CHI,ARI,6-9,3-12,27,16,home,CHI,4.5,42,-218,180,-110,-110,1,nflreadr,TRUE,FALSE,TRUE,FALSE,TRUE,eligible,TRUE,TRUE,NA,NA,analyzed
nfl,2023,401547620,2023-12-24T21:25Z,STATUS_FINAL,Miami Dolphins,Dallas Cowboys,MIA,DAL,11-4,10-5,22,20,home,MIA,1.5,48.5,-122,102,-110,-110,1,nflreadr,TRUE,FALSE,TRUE,FALSE,TRUE,eligible,TRUE,TRUE,NA,NA,analyzed
nfl,2023,401547621,2023-12-25T01:15Z,STATUS_FINAL,Denver Broncos,New England Patriots,DEN,NE,7-8,4-11,23,26,NA,NA,NA,NA,NA,NA,NA,NA,NA,NA,TRUE,FALSE,TRUE,FALSE,TRUE,eligible,TRUE,TRUE,NA,NA,analyzed
nfl,2023,401547351,2023-12-25T18:00Z,STATUS_FINAL,Kansas City Chiefs,Las Vegas Raiders,KC,LV,9-6,7-8,14,20,home,KC,11,40.5,-600,440,-118,-102,1,nflreadr,TRUE,FALSE,TRUE,FALSE,TRUE,eligible,TRUE,TRUE,NA,NA,analyzed
nfl,2023,401547241,2023-12-25T21:30Z,STATUS_FINAL,Philadelphia Eagles,New York Giants,PHI,NYG,11-4,5-10,33,25,home,PHI,14,41,-900,600,-108,-112,1,nflreadr,TRUE,FALSE,TRUE,FALSE,TRUE,eligible,TRUE,TRUE,NA,NA,analyzed
nfl,2023,401547622,2023-12-26T01:15Z,STATUS_FINAL,San Francisco 49ers,Baltimore Ravens,SF,BAL,11-4,12-3,19,33,NA,NA,NA,NA,NA,NA,NA,NA,NA,NA,TRUE,FALSE,TRUE,FALSE,TRUE,eligible,TRUE,TRUE,NA,NA,analyzed
nfl,2023,401547623,2023-12-29T01:15Z,STATUS_FINAL,Cleveland Browns,New York Jets,CLE,NYJ,11-5,6-10,37,20,NA,NA,NA,NA,NA,NA,NA,NA,NA,NA,TRUE,FALSE,TRUE,FALSE,TRUE,eligible,TRUE,TRUE,NA,NA,analyzed
nfl,2023,401547624,2023-12-31T01:15Z,STATUS_FINAL,Dallas Cowboys,Detroit Lions,DAL,DET,11-5,11-5,20,19,NA,NA,NA,NA,NA,NA,NA,NA,NA,NA,TRUE,FALSE,TRUE,FALSE,TRUE,eligible,TRUE,TRUE,NA,NA,analyzed
nfl,2023,401547626,2023-12-31T18:00Z,STATUS_FINAL,Buffalo Bills,New England Patriots,BUF,NE,10-6,4-12,27,21,home,BUF,15,40,-1200,750,-110,-110,1,nflreadr,TRUE,FALSE,TRUE,FALSE,TRUE,eligible,TRUE,TRUE,NA,NA,analyzed
nfl,2023,401547627,2023-12-31T18:00Z,STATUS_FINAL,Chicago Bears,Atlanta Falcons,CHI,ATL,7-9,7-9,37,17,home,CHI,3,39,-155,130,-105,-115,1,nflreadr,TRUE,FALSE,TRUE,FALSE,TRUE,eligible,TRUE,TRUE,NA,NA,analyzed
nfl,2023,401547628,2023-12-31T18:00Z,STATUS_FINAL,Indianapolis Colts,Las Vegas Raiders,IND,LV,9-7,7-9,23,20,home,IND,3.5,42.5,-180,150,-110,-110,1,nflreadr,TRUE,FALSE,TRUE,FALSE,TRUE,eligible,TRUE,TRUE,NA,NA,analyzed
nfl,2023,401547632,2023-12-31T18:00Z,STATUS_FINAL,New York Giants,Los Angeles Rams,NYG,LAR,5-11,9-7,25,26,NA,NA,NA,NA,NA,NA,NA,NA,NA,NA,TRUE,FALSE,TRUE,FALSE,TRUE,eligible,TRUE,TRUE,NA,NA,analyzed
nfl,2023,401547633,2023-12-31T18:00Z,STATUS_FINAL,Philadelphia Eagles,Arizona Cardinals,PHI,ARI,11-5,4-12,31,35,home,PHI,12,48,-750,525,-110,-110,1,nflreadr,TRUE,FALSE,TRUE,FALSE,TRUE,eligible,TRUE,TRUE,NA,NA,analyzed
nfl,2023,401547634,2023-12-31T18:00Z,STATUS_FINAL,Tampa Bay Buccaneers,New Orleans Saints,TB,NO,8-8,8-8,13,23,home,TB,2.5,42.5,-148,124,-120,100,1,nflreadr,TRUE,FALSE,TRUE,FALSE,TRUE,eligible,TRUE,TRUE,NA,NA,analyzed
nfl,2023,401547635,2023-12-31T18:00Z,STATUS_FINAL,Washington Commanders,San Francisco 49ers,WSH,SF,4-12,12-4,10,27,NA,NA,NA,NA,NA,NA,NA,NA,NA,NA,TRUE,FALSE,TRUE,FALSE,TRUE,eligible,TRUE,TRUE,NA,NA,analyzed
nfl,2023,401547629,2023-12-31T18:00Z,STATUS_FINAL,Jacksonville Jaguars,Carolina Panthers,JAX,CAR,9-7,2-14,26,0,home,JAX,3.5,38,-192,160,-110,-110,1,nflreadr,TRUE,FALSE,TRUE,FALSE,TRUE,eligible,TRUE,TRUE,NA,NA,analyzed
nfl,2023,401547625,2023-12-31T18:00Z,STATUS_FINAL,Baltimore Ravens,Miami Dolphins,BAL,MIA,13-3,11-5,56,19,home,BAL,3,47,-180,150,-120,100,1,nflreadr,TRUE,FALSE,TRUE,FALSE,TRUE,eligible,TRUE,TRUE,NA,NA,analyzed
nfl,2023,401547631,2023-12-31T18:00Z,STATUS_FINAL,Houston Texans,Tennessee Titans,HOU,TEN,9-7,5-11,26,3,home,HOU,5,44,-230,190,-115,-105,1,nflreadr,TRUE,FALSE,TRUE,FALSE,TRUE,eligible,TRUE,TRUE,NA,NA,analyzed
nfl,2023,401547636,2023-12-31T21:05Z,STATUS_FINAL,Seattle Seahawks,Pittsburgh Steelers,SEA,PIT,8-8,9-7,23,30,home,SEA,4.5,40.5,-225,185,-110,-110,1,nflreadr,TRUE,FALSE,TRUE,FALSE,TRUE,eligible,TRUE,TRUE,NA,NA,analyzed
nfl,2023,401547630,2023-12-31T21:25Z,STATUS_FINAL,Denver Broncos,Los Angeles Chargers,DEN,LAC,8-8,5-11,16,9,home,DEN,3.5,39.5,-198,164,-112,-108,1,nflreadr,TRUE,FALSE,TRUE,FALSE,TRUE,eligible,TRUE,TRUE,NA,NA,analyzed
nfl,2023,401547235,2023-12-31T21:25Z,STATUS_FINAL,Kansas City Chiefs,Cincinnati Bengals,KC,CIN,10-6,8-8,25,17,home,KC,7.5,46,-345,275,-105,-115,1,nflreadr,TRUE,FALSE,TRUE,FALSE,TRUE,eligible,TRUE,TRUE,NA,NA,analyzed
nfl,2023,401547637,2024-01-01T01:20Z,STATUS_FINAL,Minnesota Vikings,Green Bay Packers,MIN,GB,7-9,8-8,10,33,NA,NA,NA,NA,NA,NA,NA,NA,NA,NA,TRUE,FALSE,TRUE,FALSE,TRUE,eligible,TRUE,TRUE,NA,NA,analyzed
nfl,2023,401547639,2024-01-06T21:30Z,STATUS_FINAL,Baltimore Ravens,Pittsburgh Steelers,BAL,PIT,13-4,10-7,10,17,away,PIT,3,34,130,-155,-115,-105,1,nflreadr,TRUE,FALSE,TRUE,FALSE,TRUE,eligible,TRUE,TRUE,NA,NA,analyzed
nfl,2023,401547644,2024-01-07T01:15Z,STATUS_FINAL,Indianapolis Colts,Houston Texans,IND,HOU,9-8,10-7,19,23,NA,NA,NA,NA,NA,NA,NA,NA,NA,NA,TRUE,FALSE,TRUE,FALSE,TRUE,eligible,TRUE,TRUE,NA,NA,analyzed
nfl,2023,401547641,2024-01-07T18:00Z,STATUS_FINAL,Cincinnati Bengals,Cleveland Browns,CIN,CLE,9-8,11-6,31,14,home,CIN,7.5,37,-360,285,-105,-115,1,nflreadr,TRUE,FALSE,TRUE,FALSE,TRUE,eligible,TRUE,TRUE,NA,NA,analyzed
nfl,2023,401547642,2024-01-07T18:00Z,STATUS_FINAL,Detroit Lions,Minnesota Vikings,DET,MIN,12-5,7-10,30,20,home,DET,3.5,47.5,-205,170,-118,-102,1,nflreadr,TRUE,FALSE,TRUE,FALSE,TRUE,eligible,TRUE,TRUE,NA,NA,analyzed
nfl,2023,401547652,2024-01-07T18:00Z,STATUS_FINAL,Tennessee Titans,Jacksonville Jaguars,TEN,JAX,6-11,9-8,28,20,away,JAX,3.5,41.5,154,-185,-118,-102,1,nflreadr,TRUE,FALSE,TRUE,FALSE,TRUE,eligible,TRUE,TRUE,NA,NA,analyzed
nfl,2023,401547648,2024-01-07T18:00Z,STATUS_FINAL,New England Patriots,New York Jets,NE,NYJ,4-13,7-10,3,17,home,NE,2.5,28.5,-142,120,-108,-112,1,nflreadr,TRUE,FALSE,TRUE,FALSE,TRUE,eligible,TRUE,TRUE,NA,NA,analyzed
nfl,2023,401547649,2024-01-07T18:00Z,STATUS_FINAL,New Orleans Saints,Atlanta Falcons,NO,ATL,9-8,7-10,48,17,home,NO,3.5,41.5,-175,145,102,-122,1,nflreadr,TRUE,FALSE,TRUE,FALSE,TRUE,eligible,TRUE,TRUE,NA,NA,analyzed
nfl,2023,401547640,2024-01-07T18:00Z,STATUS_FINAL,Carolina Panthers,Tampa Bay Buccaneers,CAR,TB,2-15,9-8,0,9,away,TB,5,36.5,200,-245,-115,-105,1,nflreadr,TRUE,FALSE,TRUE,FALSE,TRUE,eligible,TRUE,TRUE,NA,NA,analyzed
nfl,2023,401547643,2024-01-07T21:25Z,STATUS_FINAL,Green Bay Packers,Chicago Bears,GB,CHI,9-8,7-10,17,9,home,GB,2.5,45.5,-148,124,-118,-102,1,nflreadr,TRUE,FALSE,TRUE,FALSE,TRUE,eligible,TRUE,TRUE,NA,NA,analyzed
nfl,2023,401547646,2024-01-07T21:25Z,STATUS_FINAL,Las Vegas Raiders,Denver Broncos,LV,DEN,8-9,8-9,27,14,home,LV,3.5,37.5,-175,145,-102,-118,1,nflreadr,TRUE,FALSE,TRUE,FALSE,TRUE,eligible,TRUE,TRUE,NA,NA,analyzed
nfl,2023,401547650,2024-01-07T21:25Z,STATUS_FINAL,New York Giants,Philadelphia Eagles,NYG,PHI,6-11,11-6,27,10,away,PHI,4.5,43,190,-238,-108,-112,1,nflreadr,TRUE,FALSE,TRUE,FALSE,TRUE,eligible,TRUE,TRUE,NA,NA,analyzed
nfl,2023,401547638,2024-01-07T21:25Z,STATUS_FINAL,Arizona Cardinals,Seattle Seahawks,ARI,SEA,4-13,9-8,20,21,away,SEA,2.5,48,130,-155,102,-122,1,nflreadr,TRUE,FALSE,TRUE,FALSE,TRUE,eligible,TRUE,TRUE,NA,NA,analyzed
nfl,2023,401547645,2024-01-07T21:25Z,STATUS_FINAL,Los Angeles Chargers,Kansas City Chiefs,LAC,KC,5-12,11-6,12,13,home,LAC,3.5,35,-185,154,-105,-115,1,nflreadr,TRUE,FALSE,TRUE,FALSE,TRUE,eligible,TRUE,TRUE,NA,NA,analyzed
nfl,2023,401547651,2024-01-07T21:25Z,STATUS_FINAL,San Francisco 49ers,Los Angeles Rams,SF,LAR,12-5,10-7,20,21,NA,NA,NA,NA,NA,NA,NA,NA,NA,NA,TRUE,FALSE,TRUE,FALSE,TRUE,eligible,TRUE,TRUE,NA,NA,analyzed
nfl,2023,401547653,2024-01-07T21:25Z,STATUS_FINAL,Washington Commanders,Dallas Cowboys,WSH,DAL,4-13,12-5,10,38,NA,NA,NA,NA,NA,NA,NA,NA,NA,NA,TRUE,FALSE,TRUE,FALSE,TRUE,eligible,TRUE,TRUE,NA,NA,analyzed
nfl,2023,401547647,2024-01-08T01:20Z,STATUS_FINAL,Miami Dolphins,Buffalo Bills,MIA,BUF,11-6,11-6,14,21,NA,NA,NA,NA,NA,NA,NA,NA,NA,NA,TRUE,FALSE,TRUE,FALSE,TRUE,eligible,TRUE,TRUE,NA,NA,analyzed
nfl,2024,401671789,2024-09-06T00:40Z,STATUS_FINAL,Kansas City Chiefs,Baltimore Ravens,KC,BAL,1-0,0-1,27,20,NA,NA,NA,NA,NA,NA,NA,NA,NA,NA,TRUE,FALSE,TRUE,FALSE,TRUE,eligible,TRUE,TRUE,NA,NA,analyzed
nfl,2024,401671805,2024-09-07T00:15Z,STATUS_FINAL,Philadelphia Eagles,Green Bay Packers,PHI,GB,1-0,0-1,34,29,NA,NA,NA,NA,NA,NA,NA,NA,NA,NA,TRUE,FALSE,TRUE,FALSE,TRUE,eligible,TRUE,TRUE,NA,NA,analyzed
nfl,2024,401671744,2024-09-08T17:00Z,STATUS_FINAL,Atlanta Falcons,Pittsburgh Steelers,ATL,PIT,0-1,1-0,10,18,home,ATL,4,43,-192,160,-110,-110,1,nflreadr,TRUE,FALSE,TRUE,FALSE,TRUE,eligible,TRUE,TRUE,NA,NA,analyzed
nfl,2024,401671617,2024-09-08T17:00Z,STATUS_FINAL,Buffalo Bills,Arizona Cardinals,BUF,ARI,1-0,0-1,34,28,home,BUF,6.5,46,-310,250,-115,-105,1,nflreadr,TRUE,FALSE,TRUE,FALSE,TRUE,eligible,TRUE,TRUE,NA,NA,analyzed
nfl,2024,401671719,2024-09-08T17:00Z,STATUS_FINAL,Chicago Bears,Tennessee Titans,CHI,TEN,1-0,0-1,24,17,home,CHI,4,43,-198,164,-112,-108,1,nflreadr,TRUE,FALSE,TRUE,FALSE,TRUE,eligible,TRUE,TRUE,NA,NA,analyzed
nfl,2024,401671628,2024-09-08T17:00Z,STATUS_FINAL,Cincinnati Bengals,New England Patriots,CIN,NE,0-1,1-0,10,16,home,CIN,8,40.5,-375,295,-110,-110,1,nflreadr,TRUE,FALSE,TRUE,FALSE,TRUE,eligible,TRUE,TRUE,NA,NA,analyzed
nfl,2024,401671861,2024-09-08T17:00Z,STATUS_FINAL,Indianapolis Colts,Houston Texans,IND,HOU,0-1,1-0,27,29,away,HOU,3,49,130,-155,-112,-108,1,nflreadr,TRUE,FALSE,TRUE,FALSE,TRUE,eligible,TRUE,TRUE,NA,NA,analyzed
nfl,2024,401671849,2024-09-08T17:00Z,STATUS_FINAL,Miami Dolphins,Jacksonville Jaguars,MIA,JAX,1-0,0-1,20,17,home,MIA,3.5,49.5,-180,150,-110,-110,1,nflreadr,TRUE,FALSE,TRUE,FALSE,TRUE,eligible,TRUE,TRUE,NA,NA,analyzed
nfl,2024,401671734,2024-09-08T17:00Z,STATUS_FINAL,New Orleans Saints,Carolina Panthers,NO,CAR,1-0,0-1,47,10,home,NO,3.5,41.5,-192,160,-112,-108,1,nflreadr,TRUE,FALSE,TRUE,FALSE,TRUE,eligible,TRUE,TRUE,NA,NA,analyzed
nfl,2024,401671712,2024-09-08T17:00Z,STATUS_FINAL,New York Giants,Minnesota Vikings,NYG,MIN,0-1,1-0,6,28,away,MIN,1,42.5,-105,-115,-112,-108,1,nflreadr,TRUE,FALSE,TRUE,FALSE,TRUE,eligible,TRUE,TRUE,NA,NA,analyzed
nfl,2024,401671659,2024-09-08T20:05Z,STATUS_FINAL,Los Angeles Chargers,Las Vegas Raiders,LAC,LV,1-0,0-1,22,10,home,LAC,3,41,-155,130,-102,-118,1,nflreadr,TRUE,FALSE,TRUE,FALSE,TRUE,eligible,TRUE,TRUE,NA,NA,analyzed
nfl,2024,401671664,2024-09-08T20:05Z,STATUS_FINAL,Seattle Seahawks,Denver Broncos,SEA,DEN,1-0,0-1,26,20,home,SEA,6.5,42,-278,225,-110,-110,1,nflreadr,TRUE,FALSE,TRUE,FALSE,TRUE,eligible,TRUE,TRUE,NA,NA,analyzed
nfl,2024,401671761,2024-09-08T20:25Z,STATUS_FINAL,Cleveland Browns,Dallas Cowboys,CLE,DAL,0-1,1-0,17,33,home,CLE,2.5,42,-130,110,-108,-112,1,nflreadr,TRUE,FALSE,TRUE,FALSE,TRUE,eligible,TRUE,TRUE,NA,NA,analyzed
nfl,2024,401671770,2024-09-08T20:25Z,STATUS_FINAL,Tampa Bay Buccaneers,Washington Commanders,TB,WSH,1-0,0-1,37,20,NA,NA,NA,NA,NA,NA,NA,NA,NA,NA,TRUE,FALSE,TRUE,FALSE,TRUE,eligible,TRUE,TRUE,NA,NA,analyzed
nfl,2024,401671792,2024-09-09T00:20Z,STATUS_FINAL,Detroit Lions,Los Angeles Rams,DET,LAR,1-0,0-1,26,20,NA,NA,NA,NA,NA,NA,NA,NA,NA,NA,TRUE,FALSE,TRUE,FALSE,TRUE,eligible,TRUE,TRUE,NA,NA,analyzed
nfl,2024,401671696,2024-09-10T00:15Z,STATUS_FINAL,San Francisco 49ers,New York Jets,SF,NYJ,1-0,0-1,32,19,NA,NA,NA,NA,NA,NA,NA,NA,NA,NA,TRUE,FALSE,TRUE,FALSE,TRUE,eligible,TRUE,TRUE,NA,NA,analyzed
nfl,2024,401671807,2024-09-13T00:15Z,STATUS_FINAL,Miami Dolphins,Buffalo Bills,MIA,BUF,1-1,2-0,10,31,NA,NA,NA,NA,NA,NA,NA,NA,NA,NA,TRUE,FALSE,TRUE,FALSE,TRUE,eligible,TRUE,TRUE,NA,NA,analyzed
nfl,2024,401671709,2024-09-15T17:00Z,STATUS_FINAL,Dallas Cowboys,New Orleans Saints,DAL,NO,1-1,2-0,19,44,home,DAL,6.5,47,-290,235,-108,-112,1,nflreadr,TRUE,FALSE,TRUE,FALSE,TRUE,eligible,TRUE,TRUE,NA,NA,analyzed
nfl,2024,401671721,2024-09-15T17:00Z,STATUS_FINAL,Detroit Lions,Tampa Bay Buccaneers,DET,TB,1-1,2-0,16,20,home,DET,7.5,51.5,-375,295,-112,-108,1,nflreadr,TRUE,FALSE,TRUE,FALSE,TRUE,eligible,TRUE,TRUE,NA,NA,analyzed
nfl,2024,401671723,2024-09-15T17:00Z,STATUS_FINAL,Green Bay Packers,Indianapolis Colts,GB,IND,1-1,0-2,16,10,away,IND,3,41.5,120,-142,-118,-102,1,nflreadr,TRUE,FALSE,TRUE,FALSE,TRUE,eligible,TRUE,TRUE,NA,NA,analyzed
nfl,2024,401671636,2024-09-15T17:00Z,STATUS_FINAL,Tennessee Titans,New York Jets,TEN,NYJ,0-2,1-1,17,24,away,NYJ,3.5,41.5,150,-180,-108,-112,1,nflreadr,TRUE,FALSE,TRUE,FALSE,TRUE,eligible,TRUE,TRUE,NA,NA,analyzed
nfl,2024,401671645,2024-09-15T17:00Z,STATUS_FINAL,Minnesota Vikings,San Francisco 49ers,MIN,SF,2-0,1-1,23,17,away,SF,4.5,46.5,180,-218,-108,-112,1,nflreadr,TRUE,FALSE,TRUE,FALSE,TRUE,eligible,TRUE,TRUE,NA,NA,analyzed
nfl,2024,401671702,2024-09-15T17:00Z,STATUS_FINAL,New England Patriots,Seattle Seahawks,NE,SEA,1-1,2-0,20,23,away,SEA,3.5,39,142,-170,-118,-102,1,nflreadr,TRUE,FALSE,TRUE,FALSE,TRUE,eligible,TRUE,TRUE,NA,NA,analyzed
nfl,2024,401671716,2024-09-15T17:00Z,STATUS_FINAL,Washington Commanders,New York Giants,WSH,NYG,1-1,0-2,21,18,NA,NA,NA,NA,NA,NA,NA,NA,NA,NA,TRUE,FALSE,TRUE,FALSE,TRUE,eligible,TRUE,TRUE,NA,NA,analyzed
nfl,2024,401671652,2024-09-15T17:00Z,STATUS_FINAL,Carolina Panthers,Los Angeles Chargers,CAR,LAC,0-2,2-0,3,26,away,LAC,5,39,185,-225,-110,-110,1,nflreadr,TRUE,FALSE,TRUE,FALSE,TRUE,eligible,TRUE,TRUE,NA,NA,analyzed
nfl,2024,401671635,2024-09-15T17:00Z,STATUS_FINAL,Jacksonville Jaguars,Cleveland Browns,JAX,CLE,0-2,1-1,13,18,home,JAX,3,41.5,-170,142,-120,100,1,nflreadr,TRUE,FALSE,TRUE,FALSE,TRUE,eligible,TRUE,TRUE,NA,NA,analyzed
nfl,2024,401671624,2024-09-15T17:00Z,STATUS_FINAL,Baltimore Ravens,Las Vegas Raiders,BAL,LV,0-2,1-1,23,26,home,BAL,9,41,-455,350,-108,-112,1,nflreadr,TRUE,FALSE,TRUE,FALSE,TRUE,eligible,TRUE,TRUE,NA,NA,analyzed
nfl,2024,401671754,2024-09-15T20:05Z,STATUS_FINAL,Arizona Cardinals,Los Angeles Rams,ARI,LAR,1-1,0-2,41,10,NA,NA,NA,NA,NA,NA,NA,NA,NA,NA,TRUE,FALSE,TRUE,FALSE,TRUE,eligible,TRUE,TRUE,NA,NA,analyzed
nfl,2024,401671668,2024-09-15T20:25Z,STATUS_FINAL,Denver Broncos,Pittsburgh Steelers,DEN,PIT,0-2,2-0,6,13,away,PIT,3,36.5,130,-155,-118,-102,1,nflreadr,TRUE,FALSE,TRUE,FALSE,TRUE,eligible,TRUE,TRUE,NA,NA,analyzed
nfl,2024,401671670,2024-09-15T20:25Z,STATUS_FINAL,Kansas City Chiefs,Cincinnati Bengals,KC,CIN,2-0,0-2,26,25,home,KC,6.5,47.5,-290,235,-115,-105,1,nflreadr,TRUE,FALSE,TRUE,FALSE,TRUE,eligible,TRUE,TRUE,NA,NA,analyzed
nfl,2024,401671786,2024-09-16T00:20Z,STATUS_FINAL,Houston Texans,Chicago Bears,HOU,CHI,2-0,1-1,19,13,NA,NA,NA,NA,NA,NA,NA,NA,NA,NA,TRUE,FALSE,TRUE,FALSE,TRUE,eligible,TRUE,TRUE,NA,NA,analyzed
nfl,2024,401671691,2024-09-17T00:15Z,STATUS_FINAL,Philadelphia Eagles,Atlanta Falcons,PHI,ATL,1-1,1-1,21,22,NA,NA,NA,NA,NA,NA,NA,NA,NA,NA,TRUE,FALSE,TRUE,FALSE,TRUE,eligible,TRUE,TRUE,NA,NA,analyzed
nfl,2024,401671808,2024-09-20T00:15Z,STATUS_FINAL,New York Jets,New England Patriots,NYJ,NE,2-1,1-2,24,3,NA,NA,NA,NA,NA,NA,NA,NA,NA,NA,TRUE,FALSE,TRUE,FALSE,TRUE,eligible,TRUE,TRUE,NA,NA,analyzed
nfl,2024,401671855,2024-09-22T17:00Z,STATUS_FINAL,Cleveland Browns,New York Giants,CLE,NYG,1-2,1-2,15,21,home,CLE,6.5,38,-270,220,-108,-112,1,nflreadr,TRUE,FALSE,TRUE,FALSE,TRUE,eligible,TRUE,TRUE,NA,NA,analyzed
nfl,2024,401671823,2024-09-22T17:00Z,STATUS_FINAL,Tennessee Titans,Green Bay Packers,TEN,GB,0-3,2-1,14,30,home,TEN,3,37,-162,136,-108,-112,1,nflreadr,TRUE,FALSE,TRUE,FALSE,TRUE,eligible,TRUE,TRUE,NA,NA,analyzed
nfl,2024,401671865,2024-09-22T17:00Z,STATUS_FINAL,Indianapolis Colts,Chicago Bears,IND,CHI,1-2,1-2,21,16,home,IND,1.5,43,-125,105,-112,-108,1,nflreadr,TRUE,FALSE,TRUE,FALSE,TRUE,eligible,TRUE,TRUE,NA,NA,analyzed
nfl,2024,401671646,2024-09-22T17:00Z,STATUS_FINAL,Minnesota Vikings,Houston Texans,MIN,HOU,3-0,2-1,34,7,away,HOU,2,46,114,-135,-108,-112,1,nflreadr,TRUE,FALSE,TRUE,FALSE,TRUE,eligible,TRUE,TRUE,NA,NA,analyzed
nfl,2024,401671736,2024-09-22T17:00Z,STATUS_FINAL,New Orleans Saints,Philadelphia Eagles,NO,PHI,2-1,2-1,12,15,home,NO,2.5,49,-142,120,-115,-105,1,nflreadr,TRUE,FALSE,TRUE,FALSE,TRUE,eligible,TRUE,TRUE,NA,NA,analyzed
nfl,2024,401671632,2024-09-22T17:00Z,STATUS_FINAL,Pittsburgh Steelers,Los Angeles Chargers,PIT,LAC,3-0,2-1,20,10,home,PIT,3,36,-148,124,-102,-118,1,nflreadr,TRUE,FALSE,TRUE,FALSE,TRUE,eligible,TRUE,TRUE,NA,NA,analyzed
nfl,2024,401671741,2024-09-22T17:00Z,STATUS_FINAL,Tampa Bay Buccaneers,Denver Broncos,TB,DEN,2-1,1-2,7,26,home,TB,6,40.5,-245,200,-108,-112,1,nflreadr,TRUE,FALSE,TRUE,FALSE,TRUE,eligible,TRUE,TRUE,NA,NA,analyzed
nfl,2024,401671658,2024-09-22T20:05Z,STATUS_FINAL,Las Vegas Raiders,Carolina Panthers,LV,CAR,1-2,1-2,22,36,home,LV,5.5,40,-245,200,-110,-110,1,nflreadr,TRUE,FALSE,TRUE,FALSE,TRUE,eligible,TRUE,TRUE,NA,NA,analyzed
nfl,2024,401671662,2024-09-22T20:05Z,STATUS_FINAL,Seattle Seahawks,Miami Dolphins,SEA,MIA,3-0,1-2,24,3,home,SEA,4,41.5,-205,170,-110,-110,1,nflreadr,TRUE,FALSE,TRUE,FALSE,TRUE,eligible,TRUE,TRUE,NA,NA,analyzed
nfl,2024,401671763,2024-09-22T20:25Z,STATUS_FINAL,Dallas Cowboys,Baltimore Ravens,DAL,BAL,1-2,1-2,25,28,away,BAL,1.5,47.5,100,-120,-110,-110,1,nflreadr,TRUE,FALSE,TRUE,FALSE,TRUE,eligible,TRUE,TRUE,NA,NA,analyzed
nfl,2024,401671772,2024-09-22T20:25Z,STATUS_FINAL,Los Angeles Rams,San Francisco 49ers,LAR,SF,1-2,1-2,27,24,NA,NA,NA,NA,NA,NA,NA,NA,NA,NA,TRUE,FALSE,TRUE,FALSE,TRUE,eligible,TRUE,TRUE,NA,NA,analyzed
nfl,2024,401671771,2024-09-22T20:25Z,STATUS_FINAL,Arizona Cardinals,Detroit Lions,ARI,DET,1-2,2-1,13,20,away,DET,3,51.5,124,-148,-118,-102,1,nflreadr,TRUE,FALSE,TRUE,FALSE,TRUE,eligible,TRUE,TRUE,NA,NA,analyzed
nfl,2024,401671793,2024-09-23T00:20Z,STATUS_FINAL,Atlanta Falcons,Kansas City Chiefs,ATL,KC,1-2,3-0,17,22,NA,NA,NA,NA,NA,NA,NA,NA,NA,NA,TRUE,FALSE,TRUE,FALSE,TRUE,eligible,TRUE,TRUE,NA,NA,analyzed
nfl,2024,401671682,2024-09-23T23:30Z,STATUS_FINAL,Buffalo Bills,Jacksonville Jaguars,BUF,JAX,3-0,0-3,47,10,home,BUF,4,46.5,-218,180,-112,-108,1,nflreadr,TRUE,FALSE,TRUE,FALSE,TRUE,eligible,TRUE,TRUE,NA,NA,analyzed
nfl,2024,401671490,2024-09-24T00:15Z,STATUS_FINAL,Cincinnati Bengals,Washington Commanders,CIN,WSH,0-3,2-1,33,38,NA,NA,NA,NA,NA,NA,NA,NA,NA,NA,TRUE,FALSE,TRUE,FALSE,TRUE,eligible,TRUE,TRUE,NA,NA,analyzed
nfl,2024,401671812,2024-09-27T00:15Z,STATUS_FINAL,New York Giants,Dallas Cowboys,NYG,DAL,1-3,2-2,15,20,NA,NA,NA,NA,NA,NA,NA,NA,NA,NA,TRUE,FALSE,TRUE,FALSE,TRUE,eligible,TRUE,TRUE,NA,NA,analyzed
nfl,2024,401671727,2024-09-29T17:00Z,STATUS_FINAL,Atlanta Falcons,New Orleans Saints,ATL,NO,2-2,2-2,26,24,home,ATL,2.5,41.5,-142,120,-115,-105,1,nflreadr,TRUE,FALSE,TRUE,FALSE,TRUE,eligible,TRUE,TRUE,NA,NA,analyzed
nfl,2024,401671871,2024-09-29T17:00Z,STATUS_FINAL,Chicago Bears,Los Angeles Rams,CHI,LAR,2-2,1-3,24,18,NA,NA,NA,NA,NA,NA,NA,NA,NA,NA,TRUE,FALSE,TRUE,FALSE,TRUE,eligible,TRUE,TRUE,NA,NA,analyzed
nfl,2024,401671643,2024-09-29T17:00Z,STATUS_FINAL,Green Bay Packers,Minnesota Vikings,GB,MIN,2-2,4-0,29,31,home,GB,2.5,44,-135,114,-118,-102,1,nflreadr,TRUE,FALSE,TRUE,FALSE,TRUE,eligible,TRUE,TRUE,NA,NA,analyzed
nfl,2024,401671867,2024-09-29T17:00Z,STATUS_FINAL,Indianapolis Colts,Pittsburgh Steelers,IND,PIT,2-2,3-1,27,24,away,PIT,2.5,40,110,-130,-112,-108,1,nflreadr,TRUE,FALSE,TRUE,FALSE,TRUE,eligible,TRUE,TRUE,NA,NA,analyzed
nfl,2024,401671622,2024-09-29T17:00Z,STATUS_FINAL,New York Jets,Denver Broncos,NYJ,DEN,2-2,2-2,9,10,home,NYJ,7.5,39.5,-425,330,-112,-108,1,nflreadr,TRUE,FALSE,TRUE,FALSE,TRUE,eligible,TRUE,TRUE,NA,NA,analyzed
nfl,2024,401671740,2024-09-29T17:00Z,STATUS_FINAL,Tampa Bay Buccaneers,Philadelphia Eagles,TB,PHI,3-1,2-2,33,16,away,PHI,1,42,-105,-115,-110,-110,1,nflreadr,TRUE,FALSE,TRUE,FALSE,TRUE,eligible,TRUE,TRUE,NA,NA,analyzed
nfl,2024,401671745,2024-09-29T17:00Z,STATUS_FINAL,Carolina Panthers,Cincinnati Bengals,CAR,CIN,1-3,1-3,24,34,away,CIN,4.5,47,170,-205,-108,-112,1,nflreadr,TRUE,FALSE,TRUE,FALSE,TRUE,eligible,TRUE,TRUE,NA,NA,analyzed
nfl,2024,401671857,2024-09-29T17:00Z,STATUS_FINAL,Houston Texans,Jacksonville Jaguars,HOU,JAX,3-1,0-4,24,20,home,HOU,5.5,44.5,-238,195,-112,-108,1,nflreadr,TRUE,FALSE,TRUE,FALSE,TRUE,eligible,TRUE,TRUE,NA,NA,analyzed
nfl,2024,401671755,2024-09-29T20:05Z,STATUS_FINAL,Arizona Cardinals,Washington Commanders,ARI,WSH,1-3,3-1,14,42,NA,NA,NA,NA,NA,NA,NA,NA,NA,NA,TRUE,FALSE,TRUE,FALSE,TRUE,eligible,TRUE,TRUE,NA,NA,analyzed
nfl,2024,401671758,2024-09-29T20:05Z,STATUS_FINAL,San Francisco 49ers,New England Patriots,SF,NE,2-2,1-3,30,13,home,SF,10.5,41.5,-550,410,-108,-112,1,nflreadr,TRUE,FALSE,TRUE,FALSE,TRUE,eligible,TRUE,TRUE,NA,NA,analyzed
nfl,2024,401671672,2024-09-29T20:25Z,STATUS_FINAL,Las Vegas Raiders,Cleveland Browns,LV,CLE,2-2,1-3,20,16,away,CLE,2.5,36.5,114,-135,-105,-115,1,nflreadr,TRUE,FALSE,TRUE,FALSE,TRUE,eligible,TRUE,TRUE,NA,NA,analyzed
nfl,2024,401671674,2024-09-29T20:25Z,STATUS_FINAL,Los Angeles Chargers,Kansas City Chiefs,LAC,KC,2-2,4-0,10,17,away,KC,7.5,41.5,275,-345,-112,-108,1,nflreadr,TRUE,FALSE,TRUE,FALSE,TRUE,eligible,TRUE,TRUE,NA,NA,analyzed
nfl,2024,401671783,2024-09-30T00:20Z,STATUS_FINAL,Baltimore Ravens,Buffalo Bills,BAL,BUF,2-2,3-1,35,10,NA,NA,NA,NA,NA,NA,NA,NA,NA,NA,TRUE,FALSE,TRUE,FALSE,TRUE,eligible,TRUE,TRUE,NA,NA,analyzed
nfl,2024,401671683,2024-09-30T23:30Z,STATUS_FINAL,Miami Dolphins,Tennessee Titans,MIA,TEN,1-3,1-3,12,31,home,MIA,2.5,37,-135,114,-112,-108,1,nflreadr,TRUE,FALSE,TRUE,FALSE,TRUE,eligible,TRUE,TRUE,NA,NA,analyzed
nfl,2024,401671491,2024-10-01T00:15Z,STATUS_FINAL,Detroit Lions,Seattle Seahawks,DET,SEA,3-1,3-1,42,29,NA,NA,NA,NA,NA,NA,NA,NA,NA,NA,TRUE,FALSE,TRUE,FALSE,TRUE,eligible,TRUE,TRUE,NA,NA,analyzed
nfl,2024,401671815,2024-10-04T00:15Z,STATUS_FINAL,Atlanta Falcons,Tampa Bay Buccaneers,ATL,TB,3-2,3-2,36,30,NA,NA,NA,NA,NA,NA,NA,NA,NA,NA,TRUE,FALSE,TRUE,FALSE,TRUE,eligible,TRUE,TRUE,NA,NA,analyzed
nfl,2024,401671804,2024-10-06T13:30Z,STATUS_FINAL,Minnesota Vikings,New York Jets,MIN,NYJ,5-0,2-3,23,17,home,MIN,2.5,42,-142,120,-115,-105,1,nflreadr,TRUE,FALSE,TRUE,FALSE,TRUE,eligible,TRUE,TRUE,NA,NA,analyzed
nfl,2024,401671872,2024-10-06T17:00Z,STATUS_FINAL,Chicago Bears,Carolina Panthers,CHI,CAR,3-2,1-4,36,10,home,CHI,4,40,-198,164,-112,-108,1,nflreadr,TRUE,FALSE,TRUE,FALSE,TRUE,eligible,TRUE,TRUE,NA,NA,analyzed
nfl,2024,401671626,2024-10-06T17:00Z,STATUS_FINAL,Cincinnati Bengals,Baltimore Ravens,CIN,BAL,1-4,3-2,38,41,away,BAL,2.5,48.5,124,-148,-102,-118,1,nflreadr,TRUE,FALSE,TRUE,FALSE,TRUE,eligible,TRUE,TRUE,NA,NA,analyzed
nfl,2024,401671700,2024-10-06T17:00Z,STATUS_FINAL,New England Patriots,Miami Dolphins,NE,MIA,1-4,2-3,10,15,away,MIA,2,37,110,-130,-108,-112,1,nflreadr,TRUE,FALSE,TRUE,FALSE,TRUE,eligible,TRUE,TRUE,NA,NA,analyzed
nfl,2024,401671718,2024-10-06T17:00Z,STATUS_FINAL,Washington Commanders,Cleveland Browns,WSH,CLE,4-1,1-4,34,13,NA,NA,NA,NA,NA,NA,NA,NA,NA,NA,TRUE,FALSE,TRUE,FALSE,TRUE,eligible,TRUE,TRUE,NA,NA,analyzed
nfl,2024,401671633,2024-10-06T17:00Z,STATUS_FINAL,Jacksonville Jaguars,Indianapolis Colts,JAX,IND,1-4,2-3,37,34,home,JAX,3.5,45,-185,154,-110,-110,1,nflreadr,TRUE,FALSE,TRUE,FALSE,TRUE,eligible,TRUE,TRUE,NA,NA,analyzed
nfl,2024,401671859,2024-10-06T17:00Z,STATUS_FINAL,Houston Texans,Buffalo Bills,HOU,BUF,4-1,3-2,23,20,home,HOU,1,48,-118,-102,-112,-108,1,nflreadr,TRUE,FALSE,TRUE,FALSE,TRUE,eligible,TRUE,TRUE,NA,NA,analyzed
nfl,2024,401671747,2024-10-06T20:05Z,STATUS_FINAL,Denver Broncos,Las Vegas Raiders,DEN,LV,3-2,2-3,34,18,home,DEN,3,36,-155,130,-108,-112,1,nflreadr,TRUE,FALSE,TRUE,FALSE,TRUE,eligible,TRUE,TRUE,NA,NA,analyzed
nfl,2024,401671756,2024-10-06T20:05Z,STATUS_FINAL,San Francisco 49ers,Arizona Cardinals,SF,ARI,2-3,2-3,23,24,home,SF,7,48.5,-325,260,-115,-105,1,nflreadr,TRUE,FALSE,TRUE,FALSE,TRUE,eligible,TRUE,TRUE,NA,NA,analyzed
nfl,2024,401671679,2024-10-06T20:25Z,STATUS_FINAL,Los Angeles Rams,Green Bay Packers,LAR,GB,1-4,3-2,19,24,NA,NA,NA,NA,NA,NA,NA,NA,NA,NA,TRUE,FALSE,TRUE,FALSE,TRUE,eligible,TRUE,TRUE,NA,NA,analyzed
nfl,2024,401671680,2024-10-06T20:25Z,STATUS_FINAL,Seattle Seahawks,New York Giants,SEA,NYG,3-2,2-3,20,29,home,SEA,7,42.5,-310,250,-108,-112,1,nflreadr,TRUE,FALSE,TRUE,FALSE,TRUE,eligible,TRUE,TRUE,NA,NA,analyzed
nfl,2024,401671784,2024-10-07T01:45Z,STATUS_FINAL,Pittsburgh Steelers,Dallas Cowboys,PIT,DAL,3-2,3-2,17,20,NA,NA,NA,NA,NA,NA,NA,NA,NA,NA,TRUE,FALSE,TRUE,FALSE,TRUE,eligible,TRUE,TRUE,NA,NA,analyzed
nfl,2024,401671687,2024-10-08T00:15Z,STATUS_FINAL,Kansas City Chiefs,New Orleans Saints,KC,NO,5-0,2-3,26,13,NA,NA,NA,NA,NA,NA,NA,NA,NA,NA,TRUE,FALSE,TRUE,FALSE,TRUE,eligible,TRUE,TRUE,NA,NA,analyzed
nfl,2024,401671819,2024-10-11T00:15Z,STATUS_FINAL,Seattle Seahawks,San Francisco 49ers,SEA,SF,3-3,3-3,24,36,NA,NA,NA,NA,NA,NA,NA,NA,NA,NA,TRUE,FALSE,TRUE,FALSE,TRUE,eligible,TRUE,TRUE,NA,NA,analyzed
nfl,2024,401671802,2024-10-13T13:30Z,STATUS_FINAL,Chicago Bears,Jacksonville Jaguars,CHI,JAX,4-2,1-5,35,16,away,JAX,1.5,44.5,100,-120,-112,-108,1,nflreadr,TRUE,FALSE,TRUE,FALSE,TRUE,eligible,TRUE,TRUE,NA,NA,analyzed
nfl,2024,401671722,2024-10-13T17:00Z,STATUS_FINAL,Green Bay Packers,Arizona Cardinals,GB,ARI,4-2,2-4,34,13,home,GB,5.5,47,-238,195,-110,-110,1,nflreadr,TRUE,FALSE,TRUE,FALSE,TRUE,eligible,TRUE,TRUE,NA,NA,analyzed
nfl,2024,401671820,2024-10-13T17:00Z,STATUS_FINAL,Tennessee Titans,Indianapolis Colts,TEN,IND,1-4,3-3,17,20,home,TEN,2.5,42,-135,114,-110,-110,1,nflreadr,TRUE,FALSE,TRUE,FALSE,TRUE,eligible,TRUE,TRUE,NA,NA,analyzed
nfl,2024,401671619,2024-10-13T17:00Z,STATUS_FINAL,New England Patriots,Houston Texans,NE,HOU,1-5,5-1,21,41,away,HOU,6.5,38.5,215,-265,-112,-108,1,nflreadr,TRUE,FALSE,TRUE,FALSE,TRUE,eligible,TRUE,TRUE,NA,NA,analyzed
nfl,2024,401671735,2024-10-13T17:00Z,STATUS_FINAL,New Orleans Saints,Tampa Bay Buccaneers,NO,TB,2-4,4-2,27,51,away,TB,3.5,42.5,145,-175,-112,-108,1,nflreadr,TRUE,FALSE,TRUE,FALSE,TRUE,eligible,TRUE,TRUE,NA,NA,analyzed
nfl,2024,401671714,2024-10-13T17:00Z,STATUS_FINAL,Philadelphia Eagles,Cleveland Browns,PHI,CLE,3-2,1-5,20,16,home,PHI,8,42,-425,330,-112,-108,1,nflreadr,TRUE,FALSE,TRUE,FALSE,TRUE,eligible,TRUE,TRUE,NA,NA,analyzed
nfl,2024,401671625,2024-10-13T17:00Z,STATUS_FINAL,Baltimore Ravens,Washington Commanders,BAL,WSH,4-2,4-2,30,23,NA,NA,NA,NA,NA,NA,NA,NA,NA,NA,TRUE,FALSE,TRUE,FALSE,TRUE,eligible,TRUE,TRUE,NA,NA,analyzed
nfl,2024,401671655,2024-10-13T20:05Z,STATUS_FINAL,Denver Broncos,Los Angeles Chargers,DEN,LAC,3-3,3-2,16,23,away,LAC,3,37,130,-155,-115,-105,1,nflreadr,TRUE,FALSE,TRUE,FALSE,TRUE,eligible,TRUE,TRUE,NA,NA,analyzed
nfl,2024,401671657,2024-10-13T20:05Z,STATUS_FINAL,Las Vegas Raiders,Pittsburgh Steelers,LV,PIT,2-4,4-2,13,32,away,PIT,3.5,36.5,150,-180,-110,-110,1,nflreadr,TRUE,FALSE,TRUE,FALSE,TRUE,eligible,TRUE,TRUE,NA,NA,analyzed
nfl,2024,401671764,2024-10-13T20:25Z,STATUS_FINAL,Dallas Cowboys,Detroit Lions,DAL,DET,3-3,4-1,9,47,away,DET,3.5,52.5,150,-180,-115,-105,1,nflreadr,TRUE,FALSE,TRUE,FALSE,TRUE,eligible,TRUE,TRUE,NA,NA,analyzed
nfl,2024,401671769,2024-10-13T20:25Z,STATUS_FINAL,Carolina Panthers,Atlanta Falcons,CAR,ATL,1-5,4-2,20,38,away,ATL,6,45.5,210,-258,-108,-112,1,nflreadr,TRUE,FALSE,TRUE,FALSE,TRUE,eligible,TRUE,TRUE,NA,NA,analyzed
nfl,2024,401671791,2024-10-14T00:20Z,STATUS_FINAL,New York Giants,Cincinnati Bengals,NYG,CIN,2-4,2-4,7,17,NA,NA,NA,NA,NA,NA,NA,NA,NA,NA,TRUE,FALSE,TRUE,FALSE,TRUE,eligible,TRUE,TRUE,NA,NA,analyzed
nfl,2024,401671684,2024-10-15T00:15Z,STATUS_FINAL,New York Jets,Buffalo Bills,NYJ,BUF,2-4,4-2,20,23,NA,NA,NA,NA,NA,NA,NA,NA,NA,NA,TRUE,FALSE,TRUE,FALSE,TRUE,eligible,TRUE,TRUE,NA,NA,analyzed
nfl,2024,401671816,2024-10-18T00:15Z,STATUS_FINAL,New Orleans Saints,Denver Broncos,NO,DEN,2-5,4-3,10,33,NA,NA,NA,NA,NA,NA,NA,NA,NA,NA,TRUE,FALSE,TRUE,FALSE,TRUE,eligible,TRUE,TRUE,NA,NA,analyzed
nfl,2024,401671801,2024-10-20T13:30Z,STATUS_FINAL,Jacksonville Jaguars,New England Patriots,JAX,NE,2-5,1-6,32,16,home,JAX,6.5,42,-298,240,-115,-105,1,nflreadr,TRUE,FALSE,TRUE,FALSE,TRUE,eligible,TRUE,TRUE,NA,NA,analyzed
nfl,2024,401671730,2024-10-20T17:00Z,STATUS_FINAL,Atlanta Falcons,Seattle Seahawks,ATL,SEA,4-3,4-3,14,34,home,ATL,3,51.5,-162,136,-105,-115,1,nflreadr,TRUE,FALSE,TRUE,FALSE,TRUE,eligible,TRUE,TRUE,NA,NA,analyzed
nfl,2024,401671616,2024-10-20T17:00Z,STATUS_FINAL,Buffalo Bills,Tennessee Titans,BUF,TEN,5-2,1-5,34,10,home,BUF,9.5,41,-535,400,-110,-110,1,nflreadr,TRUE,FALSE,TRUE,FALSE,TRUE,eligible,TRUE,TRUE,NA,NA,analyzed
nfl,2024,401671853,2024-10-20T17:00Z,STATUS_FINAL,Cleveland Browns,Cincinnati Bengals,CLE,CIN,1-6,3-4,14,21,away,CIN,5.5,42,190,-230,-110,-110,1,nflreadr,TRUE,FALSE,TRUE,FALSE,TRUE,eligible,TRUE,TRUE,NA,NA,analyzed
nfl,2024,401671644,2024-10-20T17:00Z,STATUS_FINAL,Green Bay Packers,Houston Texans,GB,HOU,5-2,5-2,24,22,home,GB,3,48,-170,142,-120,100,1,nflreadr,TRUE,FALSE,TRUE,FALSE,TRUE,eligible,TRUE,TRUE,NA,NA,analyzed
nfl,2024,401671864,2024-10-20T17:00Z,STATUS_FINAL,Indianapolis Colts,Miami Dolphins,IND,MIA,4-3,2-4,16,10,home,IND,3,44,-155,130,100,-120,1,nflreadr,TRUE,FALSE,TRUE,FALSE,TRUE,eligible,TRUE,TRUE,NA,NA,analyzed
nfl,2024,401671724,2024-10-20T17:00Z,STATUS_FINAL,Minnesota Vikings,Detroit Lions,MIN,DET,5-1,5-1,29,31,home,MIN,1,50.5,-118,-102,-112,-108,1,nflreadr,TRUE,FALSE,TRUE,FALSE,TRUE,eligible,TRUE,TRUE,NA,NA,analyzed
nfl,2024,401671710,2024-10-20T17:00Z,STATUS_FINAL,New York Giants,Philadelphia Eagles,NYG,PHI,2-5,4-2,3,28,away,PHI,3,42,140,-166,100,-120,1,nflreadr,TRUE,FALSE,TRUE,FALSE,TRUE,eligible,TRUE,TRUE,NA,NA,analyzed
nfl,2024,401671663,2024-10-20T20:05Z,STATUS_FINAL,Los Angeles Rams,Las Vegas Raiders,LAR,LV,2-4,2-5,20,15,NA,NA,NA,NA,NA,NA,NA,NA,NA,NA,TRUE,FALSE,TRUE,FALSE,TRUE,eligible,TRUE,TRUE,NA,NA,analyzed
nfl,2024,401671640,2024-10-20T20:05Z,STATUS_FINAL,Washington Commanders,Carolina Panthers,WSH,CAR,5-2,1-6,40,7,NA,NA,NA,NA,NA,NA,NA,NA,NA,NA,TRUE,FALSE,TRUE,FALSE,TRUE,eligible,TRUE,TRUE,NA,NA,analyzed
nfl,2024,401671777,2024-10-20T20:25Z,STATUS_FINAL,San Francisco 49ers,Kansas City Chiefs,SF,KC,3-4,6-0,18,28,home,SF,2.5,47.5,-142,120,-115,-105,1,nflreadr,TRUE,FALSE,TRUE,FALSE,TRUE,eligible,TRUE,TRUE,NA,NA,analyzed
nfl,2024,401671785,2024-10-21T00:20Z,STATUS_FINAL,Pittsburgh Steelers,New York Jets,PIT,NYJ,5-2,2-5,37,15,NA,NA,NA,NA,NA,NA,NA,NA,NA,NA,TRUE,FALSE,TRUE,FALSE,TRUE,eligible,TRUE,TRUE,NA,NA,analyzed
nfl,2024,401671695,2024-10-22T00:15Z,STATUS_FINAL,Tampa Bay Buccaneers,Baltimore Ravens,TB,BAL,4-3,5-2,31,41,NA,NA,NA,NA,NA,NA,NA,NA,NA,NA,TRUE,FALSE,TRUE,FALSE,TRUE,eligible,TRUE,TRUE,NA,NA,analyzed
nfl,2024,401671699,2024-10-22T01:00Z,STATUS_FINAL,Arizona Cardinals,Los Angeles Chargers,ARI,LAC,3-4,3-3,17,15,NA,NA,NA,NA,NA,NA,NA,NA,NA,NA,TRUE,FALSE,TRUE,FALSE,TRUE,eligible,TRUE,TRUE,NA,NA,analyzed
nfl,2024,401671817,2024-10-25T00:15Z,STATUS_FINAL,Los Angeles Rams,Minnesota Vikings,LAR,MIN,3-4,5-2,30,20,NA,NA,NA,NA,NA,NA,NA,NA,NA,NA,TRUE,FALSE,TRUE,FALSE,TRUE,eligible,TRUE,TRUE,NA,NA,analyzed
nfl,2024,401671667,2024-10-27T17:00Z,STATUS_FINAL,Cincinnati Bengals,Philadelphia Eagles,CIN,PHI,3-5,5-2,17,37,home,CIN,2.5,47.5,-148,124,-120,100,1,nflreadr,TRUE,FALSE,TRUE,FALSE,TRUE,eligible,TRUE,TRUE,NA,NA,analyzed
nfl,2024,401671852,2024-10-27T17:00Z,STATUS_FINAL,Cleveland Browns,Baltimore Ravens,CLE,BAL,2-6,5-3,29,24,away,BAL,7.5,44.5,300,-380,-110,-110,1,nflreadr,TRUE,FALSE,TRUE,FALSE,TRUE,eligible,TRUE,TRUE,NA,NA,analyzed
nfl,2024,401671720,2024-10-27T17:00Z,STATUS_FINAL,Detroit Lions,Tennessee Titans,DET,TEN,6-1,1-6,52,14,home,DET,12.5,45,-800,550,-115,-105,1,nflreadr,TRUE,FALSE,TRUE,FALSE,TRUE,eligible,TRUE,TRUE,NA,NA,analyzed
nfl,2024,401671850,2024-10-27T17:00Z,STATUS_FINAL,Miami Dolphins,Arizona Cardinals,MIA,ARI,2-5,4-4,27,28,home,MIA,4,46.5,-198,164,-112,-108,1,nflreadr,TRUE,FALSE,TRUE,FALSE,TRUE,eligible,TRUE,TRUE,NA,NA,analyzed
nfl,2024,401671618,2024-10-27T17:00Z,STATUS_FINAL,New England Patriots,New York Jets,NE,NYJ,2-6,2-6,25,22,away,NYJ,7,41,245,-305,-110,-110,1,nflreadr,TRUE,FALSE,TRUE,FALSE,TRUE,eligible,TRUE,TRUE,NA,NA,analyzed
nfl,2024,401671739,2024-10-27T17:00Z,STATUS_FINAL,Tampa Bay Buccaneers,Atlanta Falcons,TB,ATL,4-4,5-3,26,31,away,ATL,1.5,47,102,-122,-110,-110,1,nflreadr,TRUE,FALSE,TRUE,FALSE,TRUE,eligible,TRUE,TRUE,NA,NA,analyzed
nfl,2024,401671707,2024-10-27T17:00Z,STATUS_FINAL,Jacksonville Jaguars,Green Bay Packers,JAX,GB,2-6,6-2,27,30,away,GB,3.5,49,160,-192,-105,-115,1,nflreadr,TRUE,FALSE,TRUE,FALSE,TRUE,eligible,TRUE,TRUE,NA,NA,analyzed
nfl,2024,401671856,2024-10-27T17:00Z,STATUS_FINAL,Houston Texans,Indianapolis Colts,HOU,IND,6-2,4-4,23,20,home,HOU,5,45,-225,185,-108,-112,1,nflreadr,TRUE,FALSE,TRUE,FALSE,TRUE,eligible,TRUE,TRUE,NA,NA,analyzed
nfl,2024,401671750,2024-10-27T20:05Z,STATUS_FINAL,Los Angeles Chargers,New Orleans Saints,LAC,NO,4-3,2-6,26,8,home,LAC,7,41.5,-310,250,-110,-110,1,nflreadr,TRUE,FALSE,TRUE,FALSE,TRUE,eligible,TRUE,TRUE,NA,NA,analyzed
nfl,2024,401671760,2024-10-27T20:05Z,STATUS_FINAL,Seattle Seahawks,Buffalo Bills,SEA,BUF,4-4,6-2,10,31,away,BUF,3,45.5,142,-170,100,-120,1,nflreadr,TRUE,FALSE,TRUE,FALSE,TRUE,eligible,TRUE,TRUE,NA,NA,analyzed
nfl,2024,401671600,2024-10-27T20:25Z,STATUS_FINAL,Denver Broncos,Carolina Panthers,DEN,CAR,5-3,1-7,28,14,home,DEN,13,40.5,-750,525,-110,-110,1,nflreadr,TRUE,FALSE,TRUE,FALSE,TRUE,eligible,TRUE,TRUE,NA,NA,analyzed
nfl,2024,401671671,2024-10-27T20:25Z,STATUS_FINAL,Las Vegas Raiders,Kansas City Chiefs,LV,KC,2-6,7-0,20,27,away,KC,9,42,340,-440,-108,-112,1,nflreadr,TRUE,FALSE,TRUE,FALSE,TRUE,eligible,TRUE,TRUE,NA,NA,analyzed
nfl,2024,401671599,2024-10-27T20:25Z,STATUS_FINAL,Washington Commanders,Chicago Bears,WSH,CHI,6-2,4-3,18,15,NA,NA,NA,NA,NA,NA,NA,NA,NA,NA,TRUE,FALSE,TRUE,FALSE,TRUE,eligible,TRUE,TRUE,NA,NA,analyzed
nfl,2024,401671795,2024-10-28T00:20Z,STATUS_FINAL,San Francisco 49ers,Dallas Cowboys,SF,DAL,4-4,3-4,30,24,NA,NA,NA,NA,NA,NA,NA,NA,NA,NA,TRUE,FALSE,TRUE,FALSE,TRUE,eligible,TRUE,TRUE,NA,NA,analyzed
nfl,2024,401671685,2024-10-29T00:15Z,STATUS_FINAL,Pittsburgh Steelers,New York Giants,PIT,NYG,6-2,2-6,26,18,NA,NA,NA,NA,NA,NA,NA,NA,NA,NA,TRUE,FALSE,TRUE,FALSE,TRUE,eligible,TRUE,TRUE,NA,NA,analyzed
nfl,2024,401671809,2024-11-01T00:15Z,STATUS_FINAL,New York Jets,Houston Texans,NYJ,HOU,3-6,6-3,21,13,NA,NA,NA,NA,NA,NA,NA,NA,NA,NA,TRUE,FALSE,TRUE,FALSE,TRUE,eligible,TRUE,TRUE,NA,NA,analyzed
nfl,2024,401671728,2024-11-03T18:00Z,STATUS_FINAL,Atlanta Falcons,Dallas Cowboys,ATL,DAL,6-3,3-5,27,21,home,ATL,3,52,-166,140,-115,-105,1,nflreadr,TRUE,FALSE,TRUE,FALSE,TRUE,eligible,TRUE,TRUE,NA,NA,analyzed
nfl,2024,401671493,2024-11-03T18:00Z,STATUS_FINAL,Buffalo Bills,Miami Dolphins,BUF,MIA,7-2,2-6,30,27,home,BUF,6.5,49,-285,230,-110,-110,1,nflreadr,TRUE,FALSE,TRUE,FALSE,TRUE,eligible,TRUE,TRUE,NA,NA,analyzed
nfl,2024,401671704,2024-11-03T18:00Z,STATUS_FINAL,Cincinnati Bengals,Las Vegas Raiders,CIN,LV,4-5,2-7,41,24,home,CIN,8,45,-410,320,-110,-110,1,nflreadr,TRUE,FALSE,TRUE,FALSE,TRUE,eligible,TRUE,TRUE,NA,NA,analyzed
nfl,2024,401671629,2024-11-03T18:00Z,STATUS_FINAL,Cleveland Browns,Los Angeles Chargers,CLE,LAC,2-7,5-3,10,27,away,LAC,2,42.5,110,-130,-110,-110,1,nflreadr,TRUE,FALSE,TRUE,FALSE,TRUE,eligible,TRUE,TRUE,NA,NA,analyzed
nfl,2024,401671822,2024-11-03T18:00Z,STATUS_FINAL,Tennessee Titans,New England Patriots,TEN,NE,2-6,2-7,20,17,home,TEN,3,38.5,-162,136,-115,-105,1,nflreadr,TRUE,FALSE,TRUE,FALSE,TRUE,eligible,TRUE,TRUE,NA,NA,analyzed
nfl,2024,401671711,2024-11-03T18:00Z,STATUS_FINAL,New York Giants,Washington Commanders,NYG,WSH,2-7,7-2,22,27,NA,NA,NA,NA,NA,NA,NA,NA,NA,NA,TRUE,FALSE,TRUE,FALSE,TRUE,eligible,TRUE,TRUE,NA,NA,analyzed
nfl,2024,401671650,2024-11-03T18:00Z,STATUS_FINAL,Carolina Panthers,New Orleans Saints,CAR,NO,2-7,2-7,23,22,away,NO,7,43.5,275,-345,-102,-118,1,nflreadr,TRUE,FALSE,TRUE,FALSE,TRUE,eligible,TRUE,TRUE,NA,NA,analyzed
nfl,2024,401671623,2024-11-03T18:00Z,STATUS_FINAL,Baltimore Ravens,Denver Broncos,BAL,DEN,6-3,5-4,41,10,home,BAL,9,46.5,-440,330,-105,-115,1,nflreadr,TRUE,FALSE,TRUE,FALSE,TRUE,eligible,TRUE,TRUE,NA,NA,analyzed
nfl,2024,401671797,2024-11-03T21:05Z,STATUS_FINAL,Philadelphia Eagles,Jacksonville Jaguars,PHI,JAX,6-2,2-7,28,23,home,PHI,7.5,46,-340,270,-108,-112,1,nflreadr,TRUE,FALSE,TRUE,FALSE,TRUE,eligible,TRUE,TRUE,NA,NA,analyzed
nfl,2024,401671661,2024-11-03T21:05Z,STATUS_FINAL,Arizona Cardinals,Chicago Bears,ARI,CHI,5-4,4-4,29,9,home,ARI,1.5,44.5,-120,100,-110,-110,1,nflreadr,TRUE,FALSE,TRUE,FALSE,TRUE,eligible,TRUE,TRUE,NA,NA,analyzed
nfl,2024,401671767,2024-11-03T21:25Z,STATUS_FINAL,Green Bay Packers,Detroit Lions,GB,DET,6-3,7-1,14,24,away,DET,2.5,47.5,130,-155,100,-120,1,nflreadr,TRUE,FALSE,TRUE,FALSE,TRUE,eligible,TRUE,TRUE,NA,NA,analyzed
nfl,2024,401671776,2024-11-03T21:25Z,STATUS_FINAL,Seattle Seahawks,Los Angeles Rams,SEA,LAR,4-5,4-4,20,26,NA,NA,NA,NA,NA,NA,NA,NA,NA,NA,TRUE,FALSE,TRUE,FALSE,TRUE,eligible,TRUE,TRUE,NA,NA,analyzed
nfl,2024,401671647,2024-11-04T01:20Z,STATUS_FINAL,Minnesota Vikings,Indianapolis Colts,MIN,IND,6-2,4-5,21,13,NA,NA,NA,NA,NA,NA,NA,NA,NA,NA,TRUE,FALSE,TRUE,FALSE,TRUE,eligible,TRUE,TRUE,NA,NA,analyzed
nfl,2024,401671688,2024-11-05T01:15Z,STATUS_FINAL,Kansas City Chiefs,Tampa Bay Buccaneers,KC,TB,8-0,4-5,30,24,NA,NA,NA,NA,NA,NA,NA,NA,NA,NA,TRUE,FALSE,TRUE,FALSE,TRUE,eligible,TRUE,TRUE,NA,NA,analyzed
nfl,2024,401671810,2024-11-08T01:15Z,STATUS_FINAL,Baltimore Ravens,Cincinnati Bengals,BAL,CIN,7-3,4-6,35,34,NA,NA,NA,NA,NA,NA,NA,NA,NA,NA,TRUE,FALSE,TRUE,FALSE,TRUE,eligible,TRUE,TRUE,NA,NA,analyzed
nfl,2024,401671803,2024-11-10T14:30Z,STATUS_FINAL,Carolina Panthers,New York Giants,CAR,NYG,3-7,2-8,20,17,away,NYG,6.5,40.5,240,-298,-102,-118,1,nflreadr,TRUE,FALSE,TRUE,FALSE,TRUE,eligible,TRUE,TRUE,NA,NA,analyzed
nfl,2024,401671873,2024-11-10T18:00Z,STATUS_FINAL,Chicago Bears,New England Patriots,CHI,NE,4-5,3-7,3,19,home,CHI,6.5,37.5,-325,260,-110,-110,1,nflreadr,TRUE,FALSE,TRUE,FALSE,TRUE,eligible,TRUE,TRUE,NA,NA,analyzed
nfl,2024,401671863,2024-11-10T18:00Z,STATUS_FINAL,Indianapolis Colts,Buffalo Bills,IND,BUF,4-6,8-2,20,30,away,BUF,4.5,46.5,190,-230,-105,-115,1,nflreadr,TRUE,FALSE,TRUE,FALSE,TRUE,eligible,TRUE,TRUE,NA,NA,analyzed
nfl,2024,401671637,2024-11-10T18:00Z,STATUS_FINAL,Kansas City Chiefs,Denver Broncos,KC,DEN,9-0,5-5,16,14,home,KC,7.5,42.5,-380,300,-105,-115,1,nflreadr,TRUE,FALSE,TRUE,FALSE,TRUE,eligible,TRUE,TRUE,NA,NA,analyzed
nfl,2024,401671733,2024-11-10T18:00Z,STATUS_FINAL,New Orleans Saints,Atlanta Falcons,NO,ATL,3-7,6-4,20,17,away,ATL,3.5,46.5,160,-192,-108,-112,1,nflreadr,TRUE,FALSE,TRUE,FALSE,TRUE,eligible,TRUE,TRUE,NA,NA,analyzed
nfl,2024,401671742,2024-11-10T18:00Z,STATUS_FINAL,Tampa Bay Buccaneers,San Francisco 49ers,TB,SF,4-6,5-4,20,23,away,SF,6.5,50.5,240,-298,-102,-118,1,nflreadr,TRUE,FALSE,TRUE,FALSE,TRUE,eligible,TRUE,TRUE,NA,NA,analyzed
nfl,2024,401671641,2024-11-10T18:00Z,STATUS_FINAL,Washington Commanders,Pittsburgh Steelers,WSH,PIT,7-3,7-2,27,28,NA,NA,NA,NA,NA,NA,NA,NA,NA,NA,TRUE,FALSE,TRUE,FALSE,TRUE,eligible,TRUE,TRUE,NA,NA,analyzed
nfl,2024,401671708,2024-11-10T18:00Z,STATUS_FINAL,Jacksonville Jaguars,Minnesota Vikings,JAX,MIN,2-8,7-2,7,12,away,MIN,7,42.5,280,-345,100,-120,1,nflreadr,TRUE,FALSE,TRUE,FALSE,TRUE,eligible,TRUE,TRUE,NA,NA,analyzed
nfl,2024,401671751,2024-11-10T21:05Z,STATUS_FINAL,Los Angeles Chargers,Tennessee Titans,LAC,TEN,6-3,2-7,27,17,home,LAC,8,40,-380,300,-112,-108,1,nflreadr,TRUE,FALSE,TRUE,FALSE,TRUE,eligible,TRUE,TRUE,NA,NA,analyzed
nfl,2024,401671676,2024-11-10T21:25Z,STATUS_FINAL,Dallas Cowboys,Philadelphia Eagles,DAL,PHI,3-6,7-2,6,34,away,PHI,7.5,44.5,285,-360,-112,-108,1,nflreadr,TRUE,FALSE,TRUE,FALSE,TRUE,eligible,TRUE,TRUE,NA,NA,analyzed
nfl,2024,401671678,2024-11-10T21:25Z,STATUS_FINAL,Arizona Cardinals,New York Jets,ARI,NYJ,6-4,3-7,31,6,away,NYJ,2,45.5,110,-130,-110,-110,1,nflreadr,TRUE,FALSE,TRUE,FALSE,TRUE,eligible,TRUE,TRUE,NA,NA,analyzed
nfl,2024,401671787,2024-11-11T01:20Z,STATUS_FINAL,Houston Texans,Detroit Lions,HOU,DET,6-4,8-1,23,26,NA,NA,NA,NA,NA,NA,NA,NA,NA,NA,TRUE,FALSE,TRUE,FALSE,TRUE,eligible,TRUE,TRUE,NA,NA,analyzed
nfl,2024,401671693,2024-11-12T01:15Z,STATUS_FINAL,Los Angeles Rams,Miami Dolphins,LAR,MIA,4-5,3-6,15,23,NA,NA,NA,NA,NA,NA,NA,NA,NA,NA,TRUE,FALSE,TRUE,FALSE,TRUE,eligible,TRUE,TRUE,NA,NA,analyzed
nfl,2024,401671813,2024-11-15T01:15Z,STATUS_FINAL,Philadelphia Eagles,Washington Commanders,PHI,WSH,8-2,7-4,26,18,NA,NA,NA,NA,NA,NA,NA,NA,NA,NA,TRUE,FALSE,TRUE,FALSE,TRUE,eligible,TRUE,TRUE,NA,NA,analyzed
nfl,2024,401671869,2024-11-17T18:00Z,STATUS_FINAL,Chicago Bears,Green Bay Packers,CHI,GB,4-6,7-3,19,20,away,GB,6,41,215,-265,-105,-115,1,nflreadr,TRUE,FALSE,TRUE,FALSE,TRUE,eligible,TRUE,TRUE,NA,NA,analyzed
nfl,2024,401671642,2024-11-17T18:00Z,STATUS_FINAL,Detroit Lions,Jacksonville Jaguars,DET,JAX,9-1,2-9,52,6,home,DET,14,47.5,-1000,650,-115,-105,1,nflreadr,TRUE,FALSE,TRUE,FALSE,TRUE,eligible,TRUE,TRUE,NA,NA,analyzed
nfl,2024,401671824,2024-11-17T18:00Z,STATUS_FINAL,Tennessee Titans,Minnesota Vikings,TEN,MIN,2-8,8-2,13,23,away,MIN,6,40,235,-290,-102,-118,1,nflreadr,TRUE,FALSE,TRUE,FALSE,TRUE,eligible,TRUE,TRUE,NA,NA,analyzed
nfl,2024,401671851,2024-11-17T18:00Z,STATUS_FINAL,Miami Dolphins,Las Vegas Raiders,MIA,LV,4-6,2-8,34,19,home,MIA,8,43.5,-425,330,-115,-105,1,nflreadr,TRUE,FALSE,TRUE,FALSE,TRUE,eligible,TRUE,TRUE,NA,NA,analyzed
nfl,2024,401671701,2024-11-17T18:00Z,STATUS_FINAL,New England Patriots,Los Angeles Rams,NE,LAR,3-8,5-5,22,28,NA,NA,NA,NA,NA,NA,NA,NA,NA,NA,TRUE,FALSE,TRUE,FALSE,TRUE,eligible,TRUE,TRUE,NA,NA,analyzed
nfl,2024,401671746,2024-11-17T18:00Z,STATUS_FINAL,New Orleans Saints,Cleveland Browns,NO,CLE,4-7,2-8,35,14,away,CLE,1,44,-105,-115,-110,-110,1,nflreadr,TRUE,FALSE,TRUE,FALSE,TRUE,eligible,TRUE,TRUE,NA,NA,analyzed
nfl,2024,401671782,2024-11-17T18:00Z,STATUS_FINAL,New York Jets,Indianapolis Colts,NYJ,IND,3-8,5-6,27,28,home,NYJ,4,43,-205,170,-110,-110,1,nflreadr,TRUE,FALSE,TRUE,FALSE,TRUE,eligible,TRUE,TRUE,NA,NA,analyzed
nfl,2024,401671630,2024-11-17T18:00Z,STATUS_FINAL,Pittsburgh Steelers,Baltimore Ravens,PIT,BAL,8-2,7-4,18,16,away,BAL,3,48,145,-175,100,-120,1,nflreadr,TRUE,FALSE,TRUE,FALSE,TRUE,eligible,TRUE,TRUE,NA,NA,analyzed
nfl,2024,401671748,2024-11-17T21:05Z,STATUS_FINAL,Denver Broncos,Atlanta Falcons,DEN,ATL,6-5,6-5,38,6,home,DEN,2,44.5,-135,114,-112,-108,1,nflreadr,TRUE,FALSE,TRUE,FALSE,TRUE,eligible,TRUE,TRUE,NA,NA,analyzed
nfl,2024,401671757,2024-11-17T21:05Z,STATUS_FINAL,San Francisco 49ers,Seattle Seahawks,SF,SEA,5-5,5-5,17,20,home,SF,6,49,-265,215,-110,-110,1,nflreadr,TRUE,FALSE,TRUE,FALSE,TRUE,eligible,TRUE,TRUE,NA,NA,analyzed
nfl,2024,401671665,2024-11-17T21:25Z,STATUS_FINAL,Buffalo Bills,Kansas City Chiefs,BUF,KC,9-2,9-1,30,21,home,BUF,2.5,46.5,-142,120,-112,-108,1,nflreadr,TRUE,FALSE,TRUE,FALSE,TRUE,eligible,TRUE,TRUE,NA,NA,analyzed
nfl,2024,401671675,2024-11-18T01:20Z,STATUS_FINAL,Los Angeles Chargers,Cincinnati Bengals,LAC,CIN,7-3,4-7,34,27,NA,NA,NA,NA,NA,NA,NA,NA,NA,NA,TRUE,FALSE,TRUE,FALSE,TRUE,eligible,TRUE,TRUE,NA,NA,analyzed
nfl,2024,401671694,2024-11-19T01:15Z,STATUS_FINAL,Dallas Cowboys,Houston Texans,DAL,HOU,3-7,7-4,10,34,NA,NA,NA,NA,NA,NA,NA,NA,NA,NA,TRUE,FALSE,TRUE,FALSE,TRUE,eligible,TRUE,TRUE,NA,NA,analyzed
nfl,2024,401671875,2024-11-22T01:15Z,STATUS_FINAL,Cleveland Browns,Pittsburgh Steelers,CLE,PIT,3-8,8-3,24,19,NA,NA,NA,NA,NA,NA,NA,NA,NA,NA,TRUE,FALSE,TRUE,FALSE,TRUE,eligible,TRUE,TRUE,NA,NA,analyzed
nfl,2024,401671870,2024-11-24T18:00Z,STATUS_FINAL,Chicago Bears,Minnesota Vikings,CHI,MIN,4-7,9-2,27,30,away,MIN,3,39.5,145,-175,100,-120,1,nflreadr,TRUE,FALSE,TRUE,FALSE,TRUE,eligible,TRUE,TRUE,NA,NA,analyzed
nfl,2024,401671866,2024-11-24T18:00Z,STATUS_FINAL,Indianapolis Colts,Detroit Lions,IND,DET,5-7,10-1,6,24,away,DET,7,50.5,295,-375,102,-122,1,nflreadr,TRUE,FALSE,TRUE,FALSE,TRUE,eligible,TRUE,TRUE,NA,NA,analyzed
nfl,2024,401671847,2024-11-24T18:00Z,STATUS_FINAL,Miami Dolphins,New England Patriots,MIA,NE,5-6,3-9,34,15,home,MIA,7.5,46,-360,285,-105,-115,1,nflreadr,TRUE,FALSE,TRUE,FALSE,TRUE,eligible,TRUE,TRUE,NA,NA,analyzed
nfl,2024,401671638,2024-11-24T18:00Z,STATUS_FINAL,New York Giants,Tampa Bay Buccaneers,NYG,TB,2-9,5-6,7,30,away,TB,6.5,40.5,240,-298,-112,-108,1,nflreadr,TRUE,FALSE,TRUE,FALSE,TRUE,eligible,TRUE,TRUE,NA,NA,analyzed
nfl,2024,401671715,2024-11-24T18:00Z,STATUS_FINAL,Washington Commanders,Dallas Cowboys,WSH,DAL,7-5,4-7,26,34,NA,NA,NA,NA,NA,NA,NA,NA,NA,NA,TRUE,FALSE,TRUE,FALSE,TRUE,eligible,TRUE,TRUE,NA,NA,analyzed
nfl,2024,401671651,2024-11-24T18:00Z,STATUS_FINAL,Carolina Panthers,Kansas City Chiefs,CAR,KC,3-8,10-1,27,30,away,KC,11,43,500,-700,-108,-112,1,nflreadr,TRUE,FALSE,TRUE,FALSE,TRUE,eligible,TRUE,TRUE,NA,NA,analyzed
nfl,2024,401671858,2024-11-24T18:00Z,STATUS_FINAL,Houston Texans,Tennessee Titans,HOU,TEN,7-5,3-8,27,32,home,HOU,8,40.5,-375,295,-108,-112,1,nflreadr,TRUE,FALSE,TRUE,FALSE,TRUE,eligible,TRUE,TRUE,NA,NA,analyzed
nfl,2024,401671656,2024-11-24T21:05Z,STATUS_FINAL,Las Vegas Raiders,Denver Broncos,LV,DEN,2-9,7-5,19,29,away,DEN,6.5,41.5,225,-278,-115,-105,1,nflreadr,TRUE,FALSE,TRUE,FALSE,TRUE,eligible,TRUE,TRUE,NA,NA,analyzed
nfl,2024,401671768,2024-11-24T21:25Z,STATUS_FINAL,Green Bay Packers,San Francisco 49ers,GB,SF,8-3,5-6,38,10,home,GB,6.5,44.5,-290,235,-108,-112,1,nflreadr,TRUE,FALSE,TRUE,FALSE,TRUE,eligible,TRUE,TRUE,NA,NA,analyzed
nfl,2024,401671775,2024-11-24T21:25Z,STATUS_FINAL,Seattle Seahawks,Arizona Cardinals,SEA,ARI,6-5,6-5,16,6,away,ARI,1,46.5,-105,-115,-110,-110,1,nflreadr,TRUE,FALSE,TRUE,FALSE,TRUE,eligible,TRUE,TRUE,NA,NA,analyzed
nfl,2024,401671794,2024-11-25T01:20Z,STATUS_FINAL,Los Angeles Rams,Philadelphia Eagles,LAR,PHI,5-6,9-2,20,37,NA,NA,NA,NA,NA,NA,NA,NA,NA,NA,TRUE,FALSE,TRUE,FALSE,TRUE,eligible,TRUE,TRUE,NA,NA,analyzed
nfl,2024,401671689,2024-11-26T01:15Z,STATUS_FINAL,Los Angeles Chargers,Baltimore Ravens,LAC,BAL,7-4,8-4,23,30,NA,NA,NA,NA,NA,NA,NA,NA,NA,NA,TRUE,FALSE,TRUE,FALSE,TRUE,eligible,TRUE,TRUE,NA,NA,analyzed
nfl,2024,401671492,2024-11-28T17:30Z,STATUS_FINAL,Detroit Lions,Chicago Bears,DET,CHI,11-1,4-8,23,20,home,DET,9.5,47.5,-520,390,-118,-102,1,nflreadr,TRUE,FALSE,TRUE,FALSE,TRUE,eligible,TRUE,TRUE,NA,NA,analyzed
nfl,2024,401671779,2024-11-28T21:30Z,STATUS_FINAL,Dallas Cowboys,New York Giants,DAL,NYG,5-7,2-10,27,20,home,DAL,4.5,39,-218,185,-110,-110,1,nflreadr,TRUE,FALSE,TRUE,FALSE,TRUE,eligible,TRUE,TRUE,NA,NA,analyzed
nfl,2024,401671798,2024-11-29T01:20Z,STATUS_FINAL,Green Bay Packers,Miami Dolphins,GB,MIA,9-3,5-7,30,17,NA,NA,NA,NA,NA,NA,NA,NA,NA,NA,TRUE,FALSE,TRUE,FALSE,TRUE,eligible,TRUE,TRUE,NA,NA,analyzed
nfl,2024,401671806,2024-11-29T20:00Z,STATUS_FINAL,Kansas City Chiefs,Las Vegas Raiders,KC,LV,11-1,2-10,19,17,home,KC,13.5,42,-800,550,-112,-108,1,nflreadr,TRUE,FALSE,TRUE,FALSE,TRUE,eligible,TRUE,TRUE,NA,NA,analyzed
nfl,2024,401671649,2024-12-01T18:00Z,STATUS_FINAL,Atlanta Falcons,Los Angeles Chargers,ATL,LAC,6-6,8-4,13,17,away,LAC,1,47,-102,-118,-112,-108,1,nflreadr,TRUE,FALSE,TRUE,FALSE,TRUE,eligible,TRUE,TRUE,NA,NA,analyzed
nfl,2024,401671627,2024-12-01T18:00Z,STATUS_FINAL,Cincinnati Bengals,Pittsburgh Steelers,CIN,PIT,4-8,9-3,38,44,home,CIN,3,46,-155,130,-110,-110,1,nflreadr,TRUE,FALSE,TRUE,FALSE,TRUE,eligible,TRUE,TRUE,NA,NA,analyzed
nfl,2024,401671726,2024-12-01T18:00Z,STATUS_FINAL,Minnesota Vikings,Arizona Cardinals,MIN,ARI,10-2,6-6,23,22,home,MIN,3.5,45.5,-185,154,-110,-110,1,nflreadr,TRUE,FALSE,TRUE,FALSE,TRUE,eligible,TRUE,TRUE,NA,NA,analyzed
nfl,2024,401671620,2024-12-01T18:00Z,STATUS_FINAL,New England Patriots,Indianapolis Colts,NE,IND,3-10,6-7,24,25,away,IND,2.5,41.5,114,-135,-105,-115,1,nflreadr,TRUE,FALSE,TRUE,FALSE,TRUE,eligible,TRUE,TRUE,NA,NA,analyzed
nfl,2024,401671703,2024-12-01T18:00Z,STATUS_FINAL,New York Jets,Seattle Seahawks,NYJ,SEA,3-9,7-5,21,26,home,NYJ,1,41.5,-115,-105,-110,-110,1,nflreadr,TRUE,FALSE,TRUE,FALSE,TRUE,eligible,TRUE,TRUE,NA,NA,analyzed
nfl,2024,401671743,2024-12-01T18:00Z,STATUS_FINAL,Washington Commanders,Tennessee Titans,WSH,TEN,8-5,3-9,42,19,NA,NA,NA,NA,NA,NA,NA,NA,NA,NA,TRUE,FALSE,TRUE,FALSE,TRUE,eligible,TRUE,TRUE,NA,NA,analyzed
nfl,2024,401671705,2024-12-01T18:00Z,STATUS_FINAL,Jacksonville Jaguars,Houston Texans,JAX,HOU,2-10,8-5,20,23,away,HOU,3.5,44.5,160,-192,-110,-110,1,nflreadr,TRUE,FALSE,TRUE,FALSE,TRUE,eligible,TRUE,TRUE,NA,NA,analyzed
nfl,2024,401671753,2024-12-01T21:05Z,STATUS_FINAL,New Orleans Saints,Los Angeles Rams,NO,LAR,4-8,6-6,14,21,NA,NA,NA,NA,NA,NA,NA,NA,NA,NA,TRUE,FALSE,TRUE,FALSE,TRUE,eligible,TRUE,TRUE,NA,NA,analyzed
nfl,2024,401671752,2024-12-01T21:05Z,STATUS_FINAL,Carolina Panthers,Tampa Bay Buccaneers,CAR,TB,3-9,6-6,23,26,away,TB,6.5,46,235,-290,-105,-115,1,nflreadr,TRUE,FALSE,TRUE,FALSE,TRUE,eligible,TRUE,TRUE,NA,NA,analyzed
nfl,2024,401671666,2024-12-01T21:25Z,STATUS_FINAL,Baltimore Ravens,Philadelphia Eagles,BAL,PHI,8-5,10-2,19,24,home,BAL,3,50,-162,136,-110,-110,1,nflreadr,TRUE,FALSE,TRUE,FALSE,TRUE,eligible,TRUE,TRUE,NA,NA,analyzed
nfl,2024,401671781,2024-12-02T01:20Z,STATUS_FINAL,Buffalo Bills,San Francisco 49ers,BUF,SF,10-2,5-7,35,10,NA,NA,NA,NA,NA,NA,NA,NA,NA,NA,TRUE,FALSE,TRUE,FALSE,TRUE,eligible,TRUE,TRUE,NA,NA,analyzed
nfl,2024,401671686,2024-12-03T01:15Z,STATUS_FINAL,Denver Broncos,Cleveland Browns,DEN,CLE,8-5,3-9,41,32,NA,NA,NA,NA,NA,NA,NA,NA,NA,NA,TRUE,FALSE,TRUE,FALSE,TRUE,eligible,TRUE,TRUE,NA,NA,analyzed
nfl,2024,401671814,2024-12-06T01:15Z,STATUS_FINAL,Detroit Lions,Green Bay Packers,DET,GB,12-1,9-4,34,31,NA,NA,NA,NA,NA,NA,NA,NA,NA,NA,TRUE,FALSE,TRUE,FALSE,TRUE,eligible,TRUE,TRUE,NA,NA,analyzed
nfl,2024,401671821,2024-12-08T18:00Z,STATUS_FINAL,Tennessee Titans,Jacksonville Jaguars,TEN,JAX,3-10,3-10,6,10,home,TEN,3,40,-170,142,-115,-105,1,nflreadr,TRUE,FALSE,TRUE,FALSE,TRUE,eligible,TRUE,TRUE,NA,NA,analyzed
nfl,2024,401671848,2024-12-08T18:00Z,STATUS_FINAL,Miami Dolphins,New York Jets,MIA,NYJ,6-7,3-10,32,26,home,MIA,6.5,45,-298,240,-112,-108,1,nflreadr,TRUE,FALSE,TRUE,FALSE,TRUE,eligible,TRUE,TRUE,NA,NA,analyzed
nfl,2024,401671648,2024-12-08T18:00Z,STATUS_FINAL,Minnesota Vikings,Atlanta Falcons,MIN,ATL,11-2,6-7,42,21,home,MIN,6,46.5,-250,205,-110,-110,1,nflreadr,TRUE,FALSE,TRUE,FALSE,TRUE,eligible,TRUE,TRUE,NA,NA,analyzed
nfl,2024,401671601,2024-12-08T18:00Z,STATUS_FINAL,New York Giants,New Orleans Saints,NYG,NO,2-11,5-8,11,14,away,NO,5.5,41,200,-245,-105,-115,1,nflreadr,TRUE,FALSE,TRUE,FALSE,TRUE,eligible,TRUE,TRUE,NA,NA,analyzed
nfl,2024,401671713,2024-12-08T18:00Z,STATUS_FINAL,Philadelphia Eagles,Carolina Panthers,PHI,CAR,11-2,3-10,22,16,home,PHI,14,44.5,-950,625,-108,-112,1,nflreadr,TRUE,FALSE,TRUE,FALSE,TRUE,eligible,TRUE,TRUE,NA,NA,analyzed
nfl,2024,401671631,2024-12-08T18:00Z,STATUS_FINAL,Pittsburgh Steelers,Cleveland Browns,PIT,CLE,10-3,3-10,27,14,home,PIT,6,43,-258,210,-108,-112,1,nflreadr,TRUE,FALSE,TRUE,FALSE,TRUE,eligible,TRUE,TRUE,NA,NA,analyzed
nfl,2024,401671654,2024-12-08T18:00Z,STATUS_FINAL,Tampa Bay Buccaneers,Las Vegas Raiders,TB,LV,7-6,2-11,28,13,home,TB,7,47,-325,260,-105,-115,1,nflreadr,TRUE,FALSE,TRUE,FALSE,TRUE,eligible,TRUE,TRUE,NA,NA,analyzed
nfl,2024,401671660,2024-12-08T21:05Z,STATUS_FINAL,Arizona Cardinals,Seattle Seahawks,ARI,SEA,6-7,8-5,18,30,home,ARI,3,45.5,-175,145,-115,-105,1,nflreadr,TRUE,FALSE,TRUE,FALSE,TRUE,eligible,TRUE,TRUE,NA,NA,analyzed
nfl,2024,401671773,2024-12-08T21:25Z,STATUS_FINAL,Los Angeles Rams,Buffalo Bills,LAR,BUF,7-6,10-3,44,42,NA,NA,NA,NA,NA,NA,NA,NA,NA,NA,TRUE,FALSE,TRUE,FALSE,TRUE,eligible,TRUE,TRUE,NA,NA,analyzed
nfl,2024,401671774,2024-12-08T21:25Z,STATUS_FINAL,San Francisco 49ers,Chicago Bears,SF,CHI,6-7,4-9,38,13,home,SF,3,43.5,-162,136,-110,-110,1,nflreadr,TRUE,FALSE,TRUE,FALSE,TRUE,eligible,TRUE,TRUE,NA,NA,analyzed
nfl,2024,401671788,2024-12-09T01:20Z,STATUS_FINAL,Kansas City Chiefs,Los Angeles Chargers,KC,LAC,12-1,8-5,19,17,NA,NA,NA,NA,NA,NA,NA,NA,NA,NA,TRUE,FALSE,TRUE,FALSE,TRUE,eligible,TRUE,TRUE,NA,NA,analyzed
nfl,2024,401671690,2024-12-10T01:15Z,STATUS_FINAL,Dallas Cowboys,Cincinnati Bengals,DAL,CIN,5-8,5-8,20,27,NA,NA,NA,NA,NA,NA,NA,NA,NA,NA,TRUE,FALSE,TRUE,FALSE,TRUE,eligible,TRUE,TRUE,NA,NA,analyzed
nfl,2024,401671818,2024-12-13T01:15Z,STATUS_FINAL,San Francisco 49ers,Los Angeles Rams,SF,LAR,6-8,8-6,6,12,NA,NA,NA,NA,NA,NA,NA,NA,NA,NA,TRUE,FALSE,TRUE,FALSE,TRUE,eligible,TRUE,TRUE,NA,NA,analyzed
nfl,2024,401671854,2024-12-15T18:00Z,STATUS_FINAL,Cleveland Browns,Kansas City Chiefs,CLE,KC,3-11,13-1,7,21,away,KC,4.5,41.5,190,-230,-110,-110,1,nflreadr,TRUE,FALSE,TRUE,FALSE,TRUE,eligible,TRUE,TRUE,NA,NA,analyzed
nfl,2024,401671825,2024-12-15T18:00Z,STATUS_FINAL,Tennessee Titans,Cincinnati Bengals,TEN,CIN,3-11,6-8,27,37,away,CIN,6,46.5,205,-250,-110,-110,1,nflreadr,TRUE,FALSE,TRUE,FALSE,TRUE,eligible,TRUE,TRUE,NA,NA,analyzed
nfl,2024,401671737,2024-12-15T18:00Z,STATUS_FINAL,New Orleans Saints,Washington Commanders,NO,WSH,5-9,9-5,19,20,NA,NA,NA,NA,NA,NA,NA,NA,NA,NA,TRUE,FALSE,TRUE,FALSE,TRUE,eligible,TRUE,TRUE,NA,NA,analyzed
nfl,2024,401671639,2024-12-15T18:00Z,STATUS_FINAL,New York Giants,Baltimore Ravens,NYG,BAL,2-12,9-5,14,35,away,BAL,16.5,43.5,1000,-1800,-108,-112,1,nflreadr,TRUE,FALSE,TRUE,FALSE,TRUE,eligible,TRUE,TRUE,NA,NA,analyzed
nfl,2024,401671731,2024-12-15T18:00Z,STATUS_FINAL,Carolina Panthers,Dallas Cowboys,CAR,DAL,3-11,6-8,14,30,home,CAR,2.5,42,-142,120,-120,100,1,nflreadr,TRUE,FALSE,TRUE,FALSE,TRUE,eligible,TRUE,TRUE,NA,NA,analyzed
nfl,2024,401671706,2024-12-15T18:00Z,STATUS_FINAL,Jacksonville Jaguars,New York Jets,JAX,NYJ,3-11,4-10,25,32,away,NYJ,3.5,41.5,145,-175,-118,-102,1,nflreadr,TRUE,FALSE,TRUE,FALSE,TRUE,eligible,TRUE,TRUE,NA,NA,analyzed
nfl,2024,401671860,2024-12-15T18:00Z,STATUS_FINAL,Houston Texans,Miami Dolphins,HOU,MIA,9-5,6-8,20,12,home,HOU,2.5,46.5,-155,130,-115,-105,1,nflreadr,TRUE,FALSE,TRUE,FALSE,TRUE,eligible,TRUE,TRUE,NA,NA,analyzed
nfl,2024,401671669,2024-12-15T21:25Z,STATUS_FINAL,Denver Broncos,Indianapolis Colts,DEN,IND,9-5,6-8,31,13,home,DEN,4.5,43.5,-238,195,-115,-105,1,nflreadr,TRUE,FALSE,TRUE,FALSE,TRUE,eligible,TRUE,TRUE,NA,NA,analyzed
nfl,2024,401671681,2024-12-15T21:25Z,STATUS_FINAL,Detroit Lions,Buffalo Bills,DET,BUF,12-2,11-3,42,48,home,DET,2.5,55.5,-130,110,-110,-110,1,nflreadr,TRUE,FALSE,TRUE,FALSE,TRUE,eligible,TRUE,TRUE,NA,NA,analyzed
nfl,2024,401671766,2024-12-15T21:25Z,STATUS_FINAL,Philadelphia Eagles,Pittsburgh Steelers,PHI,PIT,12-2,10-4,27,13,home,PHI,5.5,43,-265,215,-110,-110,1,nflreadr,TRUE,FALSE,TRUE,FALSE,TRUE,eligible,TRUE,TRUE,NA,NA,analyzed
nfl,2024,401671677,2024-12-15T21:25Z,STATUS_FINAL,Arizona Cardinals,New England Patriots,ARI,NE,7-7,3-11,30,17,home,ARI,6,46.5,-258,210,-112,-108,1,nflreadr,TRUE,FALSE,TRUE,FALSE,TRUE,eligible,TRUE,TRUE,NA,NA,analyzed
nfl,2024,401671762,2024-12-15T21:25Z,STATUS_FINAL,Los Angeles Chargers,Tampa Bay Buccaneers,LAC,TB,8-6,8-6,17,40,home,LAC,3,46,-162,136,-115,-105,1,nflreadr,TRUE,FALSE,TRUE,FALSE,TRUE,eligible,TRUE,TRUE,NA,NA,analyzed
nfl,2024,401671796,2024-12-16T01:20Z,STATUS_FINAL,Seattle Seahawks,Green Bay Packers,SEA,GB,8-6,10-4,13,30,NA,NA,NA,NA,NA,NA,NA,NA,NA,NA,TRUE,FALSE,TRUE,FALSE,TRUE,eligible,TRUE,TRUE,NA,NA,analyzed
nfl,2024,401671489,2024-12-17T01:00Z,STATUS_FINAL,Minnesota Vikings,Chicago Bears,MIN,CHI,12-2,4-10,30,12,NA,NA,NA,NA,NA,NA,NA,NA,NA,NA,TRUE,FALSE,TRUE,FALSE,TRUE,eligible,TRUE,TRUE,NA,NA,analyzed
nfl,2024,401671697,2024-12-17T01:30Z,STATUS_FINAL,Las Vegas Raiders,Atlanta Falcons,LV,ATL,2-12,7-7,9,15,NA,NA,NA,NA,NA,NA,NA,NA,NA,NA,TRUE,FALSE,TRUE,FALSE,TRUE,eligible,TRUE,TRUE,NA,NA,analyzed
nfl,2024,401671749,2024-12-20T01:15Z,STATUS_FINAL,Los Angeles Chargers,Denver Broncos,LAC,DEN,9-6,9-6,34,27,NA,NA,NA,NA,NA,NA,NA,NA,NA,NA,TRUE,FALSE,TRUE,FALSE,TRUE,eligible,TRUE,TRUE,NA,NA,analyzed
nfl,2024,401671780,2024-12-21T18:00Z,STATUS_FINAL,Kansas City Chiefs,Houston Texans,KC,HOU,14-1,9-6,27,19,home,KC,3.5,42.5,-180,150,100,-120,1,nflreadr,TRUE,FALSE,TRUE,FALSE,TRUE,eligible,TRUE,TRUE,NA,NA,analyzed
nfl,2024,401671778,2024-12-21T21:30Z,STATUS_FINAL,Baltimore Ravens,Pittsburgh Steelers,BAL,PIT,10-5,10-5,34,17,home,BAL,7,44.5,-345,275,-105,-115,1,nflreadr,TRUE,FALSE,TRUE,FALSE,TRUE,eligible,TRUE,TRUE,NA,NA,analyzed
nfl,2024,401671729,2024-12-22T18:00Z,STATUS_FINAL,Atlanta Falcons,New York Giants,ATL,NYG,8-7,2-13,34,7,home,ATL,9.5,42.5,-550,410,-110,-110,1,nflreadr,TRUE,FALSE,TRUE,FALSE,TRUE,eligible,TRUE,TRUE,NA,NA,analyzed
nfl,2024,401671868,2024-12-22T18:00Z,STATUS_FINAL,Chicago Bears,Detroit Lions,CHI,DET,4-11,13-2,17,34,away,DET,7,47.5,270,-340,-110,-110,1,nflreadr,TRUE,FALSE,TRUE,FALSE,TRUE,eligible,TRUE,TRUE,NA,NA,analyzed
nfl,2024,401671811,2024-12-22T18:00Z,STATUS_FINAL,Cincinnati Bengals,Cleveland Browns,CIN,CLE,7-8,3-12,24,6,home,CIN,10,46.5,-575,425,-112,-108,1,nflreadr,TRUE,FALSE,TRUE,FALSE,TRUE,eligible,TRUE,TRUE,NA,NA,analyzed
nfl,2024,401671862,2024-12-22T18:00Z,STATUS_FINAL,Indianapolis Colts,Tennessee Titans,IND,TEN,7-8,3-12,38,30,home,IND,4,42.5,-198,164,-108,-112,1,nflreadr,TRUE,FALSE,TRUE,FALSE,TRUE,eligible,TRUE,TRUE,NA,NA,analyzed
nfl,2024,401671621,2024-12-22T18:00Z,STATUS_FINAL,New York Jets,Los Angeles Rams,NYJ,LAR,4-11,9-6,9,19,NA,NA,NA,NA,NA,NA,NA,NA,NA,NA,TRUE,FALSE,TRUE,FALSE,TRUE,eligible,TRUE,TRUE,NA,NA,analyzed
nfl,2024,401671717,2024-12-22T18:00Z,STATUS_FINAL,Washington Commanders,Philadelphia Eagles,WSH,PHI,10-5,12-3,36,33,NA,NA,NA,NA,NA,NA,NA,NA,NA,NA,TRUE,FALSE,TRUE,FALSE,TRUE,eligible,TRUE,TRUE,NA,NA,analyzed
nfl,2024,401671732,2024-12-22T18:00Z,STATUS_FINAL,Carolina Panthers,Arizona Cardinals,CAR,ARI,4-11,7-8,36,30,away,ARI,5.5,47,200,-245,-110,-110,1,nflreadr,TRUE,FALSE,TRUE,FALSE,TRUE,eligible,TRUE,TRUE,NA,NA,analyzed
nfl,2024,401671759,2024-12-22T21:05Z,STATUS_FINAL,Seattle Seahawks,Minnesota Vikings,SEA,MIN,8-7,13-2,24,27,away,MIN,2.5,43,124,-148,-105,-115,1,nflreadr,TRUE,FALSE,TRUE,FALSE,TRUE,eligible,TRUE,TRUE,NA,NA,analyzed
nfl,2024,401671494,2024-12-22T21:25Z,STATUS_FINAL,Buffalo Bills,New England Patriots,BUF,NE,12-3,3-12,24,21,home,BUF,14,48,-1100,700,-110,-110,1,nflreadr,TRUE,FALSE,TRUE,FALSE,TRUE,eligible,TRUE,TRUE,NA,NA,analyzed
nfl,2024,401671673,2024-12-22T21:25Z,STATUS_FINAL,Las Vegas Raiders,Jacksonville Jaguars,LV,JAX,3-12,3-12,19,14,home,LV,2.5,41.5,-130,110,-110,-110,1,nflreadr,TRUE,FALSE,TRUE,FALSE,TRUE,eligible,TRUE,TRUE,NA,NA,analyzed
nfl,2024,401671874,2024-12-22T21:25Z,STATUS_FINAL,Miami Dolphins,San Francisco 49ers,MIA,SF,7-8,6-9,29,17,away,SF,2,44,105,-125,-112,-108,1,nflreadr,TRUE,FALSE,TRUE,FALSE,TRUE,eligible,TRUE,TRUE,NA,NA,analyzed
nfl,2024,401671790,2024-12-23T01:20Z,STATUS_FINAL,Dallas Cowboys,Tampa Bay Buccaneers,DAL,TB,7-8,8-7,26,24,NA,NA,NA,NA,NA,NA,NA,NA,NA,NA,TRUE,FALSE,TRUE,FALSE,TRUE,eligible,TRUE,TRUE,NA,NA,analyzed
nfl,2024,401671692,2024-12-24T01:15Z,STATUS_FINAL,Green Bay Packers,New Orleans Saints,GB,NO,11-4,5-10,34,0,NA,NA,NA,NA,NA,NA,NA,NA,NA,NA,TRUE,FALSE,TRUE,FALSE,TRUE,eligible,TRUE,TRUE,NA,NA,analyzed
nfl,2024,401671799,2024-12-25T18:00Z,STATUS_FINAL,Pittsburgh Steelers,Kansas City Chiefs,PIT,KC,10-6,15-1,10,29,away,KC,3,43.5,136,-162,-115,-105,1,nflreadr,TRUE,FALSE,TRUE,FALSE,TRUE,eligible,TRUE,TRUE,NA,NA,analyzed
nfl,2024,401671800,2024-12-25T21:30Z,STATUS_FINAL,Houston Texans,Baltimore Ravens,HOU,BAL,9-7,11-5,2,31,away,BAL,5.5,46.5,200,-245,-112,-108,1,nflreadr,TRUE,FALSE,TRUE,FALSE,TRUE,eligible,TRUE,TRUE,NA,NA,analyzed
nfl,2024,401671876,2024-12-27T01:15Z,STATUS_FINAL,Chicago Bears,Seattle Seahawks,CHI,SEA,4-12,9-7,3,6,NA,NA,NA,NA,NA,NA,NA,NA,NA,NA,TRUE,FALSE,TRUE,FALSE,TRUE,eligible,TRUE,TRUE,NA,NA,analyzed
nfl,2024,401671832,2024-12-28T18:00Z,STATUS_FINAL,New England Patriots,Los Angeles Chargers,NE,LAC,3-13,10-6,7,40,away,LAC,6,42,245,-305,-102,-118,1,nflreadr,TRUE,FALSE,TRUE,FALSE,TRUE,eligible,TRUE,TRUE,NA,NA,analyzed
nfl,2024,401671835,2024-12-28T21:30Z,STATUS_FINAL,Cincinnati Bengals,Denver Broncos,CIN,DEN,8-8,9-7,30,24,home,CIN,3.5,50.5,-175,145,-105,-115,1,nflreadr,TRUE,FALSE,TRUE,FALSE,TRUE,eligible,TRUE,TRUE,NA,NA,analyzed
nfl,2024,401671829,2024-12-29T01:00Z,STATUS_FINAL,Los Angeles Rams,Arizona Cardinals,LAR,ARI,10-6,7-9,13,9,NA,NA,NA,NA,NA,NA,NA,NA,NA,NA,TRUE,FALSE,TRUE,FALSE,TRUE,eligible,TRUE,TRUE,NA,NA,analyzed
nfl,2024,401671495,2024-12-29T18:00Z,STATUS_FINAL,Buffalo Bills,New York Jets,BUF,NYJ,13-3,4-12,40,14,home,BUF,10,44.5,-520,390,-115,-105,1,nflreadr,TRUE,FALSE,TRUE,FALSE,TRUE,eligible,TRUE,TRUE,NA,NA,analyzed
nfl,2024,401671738,2024-12-29T18:00Z,STATUS_FINAL,New Orleans Saints,Las Vegas Raiders,NO,LV,5-11,4-12,10,25,away,LV,2,37.5,105,-125,-110,-110,1,nflreadr,TRUE,FALSE,TRUE,FALSE,TRUE,eligible,TRUE,TRUE,NA,NA,analyzed
nfl,2024,401671846,2024-12-29T18:00Z,STATUS_FINAL,New York Giants,Indianapolis Colts,NYG,IND,3-13,7-9,45,33,away,IND,7.5,40.5,320,-410,-108,-112,1,nflreadr,TRUE,FALSE,TRUE,FALSE,TRUE,eligible,TRUE,TRUE,NA,NA,analyzed
nfl,2024,401671765,2024-12-29T18:00Z,STATUS_FINAL,Philadelphia Eagles,Dallas Cowboys,PHI,DAL,13-3,7-9,41,7,home,PHI,7.5,37.5,-325,260,-108,-112,1,nflreadr,TRUE,FALSE,TRUE,FALSE,TRUE,eligible,TRUE,TRUE,NA,NA,analyzed
nfl,2024,401671653,2024-12-29T18:00Z,STATUS_FINAL,Tampa Bay Buccaneers,Carolina Panthers,TB,CAR,9-7,4-12,48,14,home,TB,9.5,47.5,-500,380,-115,-105,1,nflreadr,TRUE,FALSE,TRUE,FALSE,TRUE,eligible,TRUE,TRUE,NA,NA,analyzed
nfl,2024,401671634,2024-12-29T18:00Z,STATUS_FINAL,Jacksonville Jaguars,Tennessee Titans,JAX,TEN,4-12,3-13,20,13,away,TEN,1,38,-112,-108,-115,-105,1,nflreadr,TRUE,FALSE,TRUE,FALSE,TRUE,eligible,TRUE,TRUE,NA,NA,analyzed
nfl,2024,401671877,2024-12-29T21:05Z,STATUS_FINAL,Cleveland Browns,Miami Dolphins,CLE,MIA,3-13,8-8,3,20,away,MIA,3,32.5,142,-170,-105,-115,1,nflreadr,TRUE,FALSE,TRUE,FALSE,TRUE,eligible,TRUE,TRUE,NA,NA,analyzed
nfl,2024,401671725,2024-12-29T21:25Z,STATUS_FINAL,Minnesota Vikings,Green Bay Packers,MIN,GB,14-2,11-5,27,25,away,GB,1,49,-108,-112,-115,-105,1,nflreadr,TRUE,FALSE,TRUE,FALSE,TRUE,eligible,TRUE,TRUE,NA,NA,analyzed
nfl,2024,401671842,2024-12-30T01:20Z,STATUS_FINAL,Washington Commanders,Atlanta Falcons,WSH,ATL,11-5,8-8,30,24,NA,NA,NA,NA,NA,NA,NA,NA,NA,NA,TRUE,FALSE,TRUE,FALSE,TRUE,eligible,TRUE,TRUE,NA,NA,analyzed
nfl,2024,401671698,2024-12-31T01:15Z,STATUS_FINAL,San Francisco 49ers,Detroit Lions,SF,DET,6-10,14-2,34,40,NA,NA,NA,NA,NA,NA,NA,NA,NA,NA,TRUE,FALSE,TRUE,FALSE,TRUE,eligible,TRUE,TRUE,NA,NA,analyzed
nfl,2024,401671834,2025-01-04T21:30Z,STATUS_FINAL,Baltimore Ravens,Cleveland Browns,BAL,CLE,12-5,3-14,35,10,home,BAL,19.5,42.5,-2400,1200,-115,-105,1,nflreadr,TRUE,FALSE,TRUE,FALSE,TRUE,eligible,TRUE,TRUE,NA,NA,analyzed
nfl,2024,401671836,2025-01-05T01:00Z,STATUS_FINAL,Pittsburgh Steelers,Cincinnati Bengals,PIT,CIN,10-7,9-8,17,19,NA,NA,NA,NA,NA,NA,NA,NA,NA,NA,TRUE,FALSE,TRUE,FALSE,TRUE,eligible,TRUE,TRUE,NA,NA,analyzed
nfl,2024,401671827,2025-01-05T18:00Z,STATUS_FINAL,Atlanta Falcons,Carolina Panthers,ATL,CAR,8-9,5-12,38,44,home,ATL,7.5,48.5,-380,300,-115,-105,1,nflreadr,TRUE,FALSE,TRUE,FALSE,TRUE,eligible,TRUE,TRUE,NA,NA,analyzed
nfl,2024,401671840,2025-01-05T18:00Z,STATUS_FINAL,Dallas Cowboys,Washington Commanders,DAL,WSH,7-10,12-5,19,23,NA,NA,NA,NA,NA,NA,NA,NA,NA,NA,TRUE,FALSE,TRUE,FALSE,TRUE,eligible,TRUE,TRUE,NA,NA,analyzed
nfl,2024,401671844,2025-01-05T18:00Z,STATUS_FINAL,Green Bay Packers,Chicago Bears,GB,CHI,11-6,5-12,22,24,home,GB,10,41.5,-410,320,-105,-115,1,nflreadr,TRUE,FALSE,TRUE,FALSE,TRUE,eligible,TRUE,TRUE,NA,NA,analyzed
nfl,2024,401671826,2025-01-05T18:00Z,STATUS_FINAL,Tennessee Titans,Houston Texans,TEN,HOU,3-14,10-7,14,23,home,TEN,2.5,36.5,-142,120,-112,-108,1,nflreadr,TRUE,FALSE,TRUE,FALSE,TRUE,eligible,TRUE,TRUE,NA,NA,analyzed
nfl,2024,401671837,2025-01-05T18:00Z,STATUS_FINAL,Indianapolis Colts,Jacksonville Jaguars,IND,JAX,8-9,4-13,26,23,home,IND,3.5,45.5,-180,150,-110,-110,1,nflreadr,TRUE,FALSE,TRUE,FALSE,TRUE,eligible,TRUE,TRUE,NA,NA,analyzed
nfl,2024,401671831,2025-01-05T18:00Z,STATUS_FINAL,New England Patriots,Buffalo Bills,NE,BUF,4-13,13-4,23,16,away,BUF,3,36.5,140,-166,-108,-112,1,nflreadr,TRUE,FALSE,TRUE,FALSE,TRUE,eligible,TRUE,TRUE,NA,NA,analyzed
nfl,2024,401671841,2025-01-05T18:00Z,STATUS_FINAL,Philadelphia Eagles,New York Giants,PHI,NYG,14-3,3-14,20,13,home,PHI,3,36.5,-155,130,-110,-110,1,nflreadr,TRUE,FALSE,TRUE,FALSE,TRUE,eligible,TRUE,TRUE,NA,NA,analyzed
nfl,2024,401671828,2025-01-05T18:00Z,STATUS_FINAL,Tampa Bay Buccaneers,New Orleans Saints,TB,NO,10-7,5-12,27,19,home,TB,14.5,44.5,-1050,675,-118,-102,1,nflreadr,TRUE,FALSE,TRUE,FALSE,TRUE,eligible,TRUE,TRUE,NA,NA,analyzed
nfl,2024,401671838,2025-01-05T21:25Z,STATUS_FINAL,Denver Broncos,Kansas City Chiefs,DEN,KC,10-7,15-2,38,0,home,DEN,10.5,40.5,-485,370,-105,-115,1,nflreadr,TRUE,FALSE,TRUE,FALSE,TRUE,eligible,TRUE,TRUE,NA,NA,analyzed
nfl,2024,401671839,2025-01-05T21:25Z,STATUS_FINAL,Las Vegas Raiders,Los Angeles Chargers,LV,LAC,4-13,11-6,20,34,away,LAC,7,42.5,275,-345,-102,-118,1,nflreadr,TRUE,FALSE,TRUE,FALSE,TRUE,eligible,TRUE,TRUE,NA,NA,analyzed
nfl,2024,401671830,2025-01-05T21:25Z,STATUS_FINAL,Los Angeles Rams,Seattle Seahawks,LAR,SEA,10-7,10-7,25,30,NA,NA,NA,NA,NA,NA,NA,NA,NA,NA,TRUE,FALSE,TRUE,FALSE,TRUE,eligible,TRUE,TRUE,NA,NA,analyzed
nfl,2024,401671833,2025-01-05T21:25Z,STATUS_FINAL,New York Jets,Miami Dolphins,NYJ,MIA,5-12,8-9,32,20,home,NYJ,1.5,39.5,-122,102,-110,-110,1,nflreadr,TRUE,FALSE,TRUE,FALSE,TRUE,eligible,TRUE,TRUE,NA,NA,analyzed
nfl,2024,401671845,2025-01-05T21:25Z,STATUS_FINAL,Arizona Cardinals,San Francisco 49ers,ARI,SF,8-9,6-11,47,24,home,ARI,4.5,42.5,-192,160,-110,-110,1,nflreadr,TRUE,FALSE,TRUE,FALSE,TRUE,eligible,TRUE,TRUE,NA,NA,analyzed
nfl,2024,401671843,2025-01-06T01:20Z,STATUS_FINAL,Detroit Lions,Minnesota Vikings,DET,MIN,15-2,14-3,31,9,NA,NA,NA,NA,NA,NA,NA,NA,NA,NA,TRUE,FALSE,TRUE,FALSE,TRUE,eligible,TRUE,TRUE,NA,NA,analyzed
nfl,2022,401437947,2023-01-03T01:30Z,STATUS_CANCELED,Cincinnati Bengals,Buffalo Bills,CIN,BUF,NA,NA,NA,NA,NA,NA,NA,NA,NA,NA,NA,NA,NA,NA,FALSE,TRUE,FALSE,FALSE,FALSE,cancelled,FALSE,FALSE,NA,NA,cancelled
