"league","n","Dn","pvalue"
"NBA",1200,0.199091907922088,9.69403129955033e-42
