"league","n","Dn","pvalue"
"NFL",328,0.0785621797972875,0.0348849182776741
