season,game_id,game_date,home_team_abbr,away_team_abbr,sequence_number,game_seconds_remaining,game_minutes_remaining,side,team,p,y,lead,start_prob,threshold,boundary,residual,loss,implied_loss,favoredness,minute_bin,favored_bin
2018,400974438,2017-10-17,GS,HOU,682,0,0,away,HOU,0.999,1,1,0.51,0.9,weak,-0.0010000000000000009,0,0.0010000000000000009,0.51,"[-Inf,1)","[0.5,0.6)"
2018,400974819,2017-10-26,POR,LAC,654,0,0,away,LAC,1,1,1,0.396,0.9,weak,0,0,0,0.604,"[-Inf,1)","[0.6,0.7)"
2018,400975011,2017-11-22,MEM,DAL,640,0,0,away,DAL,0.999,1,1,0.28600000000000003,0.9,weak,-0.0010000000000000009,0,0.0010000000000000009,0.714,"[-Inf,1)","[0.7,0.8)"
2018,400975105,2017-12-06,IND,CHI,577,0,0,home,IND,0.983,1,2,0.856,0.9,weak,-0.017000000000000015,0,0.017000000000000015,0.856,"[-Inf,1)","[0.8,0.9)"
2018,400975197,2017-12-18,MIN,POR,588,0,0,home,MIN,0.99,1,1,0.612,0.9,weak,-0.010000000000000009,0,0.010000000000000009,0.612,"[-Inf,1)","[0.6,0.7)"
2018,400975214,2017-12-20,POR,SA,627,0,0,away,SA,1,1,2,0.491,0.9,weak,0,0,0,0.509,"[-Inf,1)","[0.5,0.6)"
2018,400975332,2018-01-07,MIA,UTAH,602,0,0,home,MIA,1,1,1,0.561,0.9,weak,0,0,0,0.561,"[-Inf,1)","[0.5,0.6)"
2018,400975345,2018-01-09,TOR,MIA,631,0,0,away,MIA,0.985,1,1,0.20499999999999996,0.9,weak,-0.015000000000000013,0,0.015000000000000013,0.795,"[-Inf,1)","[0.7,0.8)"
2018,400975378,2018-01-13,CHI,DET,589,0,0,home,CHI,1,1,2,0.38,0.9,weak,0,0,0,0.62,"[-Inf,1)","[0.6,0.7)"
2018,400975422,2018-01-20,CHA,MIA,592,0,0,away,MIA,0.963,1,0,0.32599999999999996,0.9,weak,-0.03700000000000003,0,0.03700000000000003,0.674,"[-Inf,1)","[0.6,0.7)"
2018,400975443,2018-01-23,OKC,BKN,646,0,0,home,OKC,1,1,1,0.836,0.9,weak,0,0,0,0.836,"[-Inf,1)","[0.8,0.9)"
2018,400975456,2018-01-25,MIA,SAC,592,0,0,away,SAC,0.983,1,1,0.20099999999999996,0.9,weak,-0.017000000000000015,0,0.017000000000000015,0.799,"[-Inf,1)","[0.7,0.8)"
2018,400975568,2018-02-09,CHI,MIN,618,0,0,home,CHI,0.999,1,1,0.357,0.9,weak,-0.0010000000000000009,0,0.0010000000000000009,0.643,"[-Inf,1)","[0.6,0.7)"
2018,400975591,2018-02-12,UTAH,SA,682,0,0,home,UTAH,0.999,1,2,0.534,0.9,weak,-0.0010000000000000009,0,0.0010000000000000009,0.534,"[-Inf,1)","[0.5,0.6)"
2018,400975655,2018-02-27,MIA,PHI,697,0,0,home,MIA,1,1,1,0.547,0.9,weak,0,0,0,0.547,"[-Inf,1)","[0.5,0.6)"
2018,400975800,2018-03-19,MIA,DEN,703,0,0,home,MIA,1,1,2,0.596,0.9,weak,0,0,0,0.596,"[-Inf,1)","[0.5,0.6)"
2019,401070823,2018-11-05,ORL,CLE,608,0,0,home,ORL,1,1,2,0.618,0.9,weak,0,0,0,0.618,"[-Inf,1)","[0.6,0.7)"
2019,401070887,2018-11-14,TOR,DET,666,0,0,away,DET,1,1,2,0.19899999999999995,0.9,weak,0,0,0,0.801,"[-Inf,1)","[0.8,0.9)"
2019,401071132,2018-12-18,IND,CLE,630,0,0,away,CLE,1,1,1,0.11599999999999999,0.9,weak,0,0,0,0.884,"[-Inf,1)","[0.8,0.9)"
2019,401071199,2018-12-28,NO,DAL,691,0,0,home,NO,1,1,2,0.667,0.9,weak,0,0,0,0.667,"[-Inf,1)","[0.6,0.7)"
2019,401071469,2019-02-05,CHA,LAC,663,0,0,away,LAC,1,1,2,0.41600000000000004,0.9,weak,0,0,0,0.584,"[-Inf,1)","[0.5,0.6)"
2019,401071698,2019-03-14,DEN,DAL,603,0,0,home,DEN,1,1,1,0.8,0.9,weak,0,0,0,0.8,"[-Inf,1)","[0.8,0.9)"
2019,401071818,2019-03-31,ATL,MIL,789,0,0,home,ATL,1,1,1,0.138,0.9,weak,0,0,0,0.862,"[-Inf,1)","[0.8,0.9)"
2020,401160628,2019-10-23,BKN,MIN,793,0,0,away,MIN,1,1,1,0.353,0.9,weak,0,0,0,0.647,"[-Inf,1)","[0.6,0.7)"
2020,401160679,2019-10-27,MEM,BKN,836,0,0,home,MEM,1,1,1,0.543,0.9,weak,0,0,0,0.543,"[-Inf,1)","[0.5,0.6)"
2020,401160685,2019-10-28,ATL,PHI,820,0,0,away,PHI,1,1,2,0.596,0.9,weak,0,0,0,0.596,"[-Inf,1)","[0.5,0.6)"
2020,401160826,2019-11-17,SAC,BOS,642,0,0,home,SAC,1,1,1,0.39,0.9,weak,0,0,0,0.61,"[-Inf,1)","[0.6,0.7)"
2020,401160987,2019-12-09,CHI,TOR,665,0,0,away,TOR,1,1,1,0.6679999999999999,0.9,weak,0,0,0,0.6679999999999999,"[-Inf,1)","[0.6,0.7)"
2020,401160988,2019-12-09,HOU,SAC,645,0,0,away,SAC,1,1,1,0.17500000000000004,0.9,weak,0,0,0,0.825,"[-Inf,1)","[0.8,0.9)"
2020,401161201,2020-01-08,DAL,DEN,643,0,0,away,DEN,1,1,1,0.32899999999999996,0.9,weak,0,0,0,0.671,"[-Inf,1)","[0.6,0.7)"
2020,401161266,2020-01-17,SA,ATL,699,0,0,away,ATL,1,1,1,0.21399999999999997,0.9,weak,0,0,0,0.786,"[-Inf,1)","[0.7,0.8)"
2020,401161436,2020-02-10,IND,BKN,632,0,0,away,BKN,1,1,1,0.31100000000000005,0.9,weak,0,0,0,0.689,"[-Inf,1)","[0.6,0.7)"
2020,401161568,2020-03-05,CHA,DEN,670,0,0,away,DEN,1,1,2,0.758,0.9,weak,0,0,0,0.758,"[-Inf,1)","[0.7,0.8)"
2020,401224731,2020-08-04,MIL,BKN,755,0,0,away,BKN,1,1,3,0.17800000000000005,0.9,weak,0,0,0,0.822,"[-Inf,1)","[0.8,0.9)"
2020,401224733,2020-08-04,LAC,PHX,612,0,0,away,PHX,1,1,2,0.256,0.9,weak,0,0,0,0.744,"[-Inf,1)","[0.7,0.8)"
2020,401224781,2020-08-12,OKC,MIA,652,0,0,home,OKC,1,1,1,0.471,0.9,weak,0,0,0,0.529,"[-Inf,1)","[0.5,0.6)"
2021,401267179,2020-12-23,DEN,SAC,770,0,0,away,SAC,1,1,2,0.381,0.9,weak,0,0,0,0.619,"[-Inf,1)","[0.6,0.7)"
2021,401267198,2020-12-27,CHI,GS,750,0,0,away,GS,1,1,1,0.65,0.9,weak,0,0,0,0.65,"[-Inf,1)","[0.6,0.7)"
2021,401267260,2021-01-04,NO,IND,742,0,0,away,IND,1,1,2,0.52,0.9,weak,0,0,0,0.52,"[-Inf,1)","[0.5,0.6)"
2021,401267381,2021-01-20,MIN,ORL,681,0,0,away,ORL,1,1,1,0.563,0.9,weak,0,0,0,0.563,"[-Inf,1)","[0.5,0.6)"
2021,401267619,2021-02-20,CHA,GS,625,0,0,home,CHA,1,1,2,0.371,0.9,weak,0,0,0,0.629,"[-Inf,1)","[0.6,0.7)"
2021,401267640,2021-02-23,CLE,ATL,648,0,0,home,CLE,1,1,1,0.347,0.9,weak,0,0,0,0.653,"[-Inf,1)","[0.6,0.7)"
2021,401307353,2021-03-11,TOR,ATL,745,0,0,away,ATL,1,1,1,0.31799999999999995,0.9,weak,0,0,0,0.682,"[-Inf,1)","[0.6,0.7)"
2021,401307458,2021-03-24,ORL,PHX,629,0,0,home,ORL,1,1,1,0.314,0.9,weak,0,0,0,0.6859999999999999,"[-Inf,1)","[0.6,0.7)"
2021,401307633,2021-04-14,MEM,DAL,614,0,0,away,DAL,1,1,1,0.649,0.9,weak,0,0,0,0.649,"[-Inf,1)","[0.6,0.7)"
2021,401307659,2021-04-18,MIA,BKN,619,0,0,home,MIA,1,1,2,0.537,0.9,weak,0,0,0,0.537,"[-Inf,1)","[0.5,0.6)"
2021,401307677,2021-04-20,POR,LAC,630,0,0,away,LAC,1,1,1,0.589,0.9,weak,0,0,0,0.589,"[-Inf,1)","[0.5,0.6)"
2021,401307689,2021-04-21,POR,DEN,599,0,0,away,DEN,1,1,1,0.42700000000000005,0.9,weak,0,0,0,0.573,"[-Inf,1)","[0.5,0.6)"
2022,401360014,2021-11-13,CLE,BOS,597,0,0,home,CLE,1,1,2,0.531,0.9,weak,0,0,0,0.531,"[-Inf,1)","[0.5,0.6)"
2022,401360349,2021-12-31,IND,CHI,713,0,0,away,CHI,1,1,2,0.514,0.9,weak,0,0,0,0.514,"[-Inf,1)","[0.5,0.6)"
2022,401360367,2022-01-02,SAC,MIA,640,0,0,home,SAC,1,1,2,0.365,0.9,weak,0,0,0,0.635,"[-Inf,1)","[0.6,0.7)"
2022,401360890,2022-03-21,CHA,NO,639,0,0,home,CHA,1,1,3,0.616,0.9,weak,0,0,0,0.616,"[-Inf,1)","[0.6,0.7)"
2023,401468285,2022-11-04,PHX,POR,671,0,0,away,POR,1,1,2,0.11199999999999999,0.9,weak,0,0,0,0.888,"[-Inf,1)","[0.8,0.9)"
2023,401468463,2022-11-28,LAL,IND,715,0,0,away,IND,1,1,1,0.44399999999999995,0.9,weak,0,0,0,0.556,"[-Inf,1)","[0.5,0.6)"
2023,401468623,2022-12-21,ATL,CHI,612,0,0,away,CHI,1,1,2,0.31299999999999994,0.9,weak,0,0,0,0.687,"[-Inf,1)","[0.6,0.7)"
2023,401468857,2023-01-22,DEN,OKC,647,0,0,away,OKC,0.996,1,2,0.29000000000000004,0.9,weak,-0.0040000000000000036,0,0.0040000000000000036,0.71,"[-Inf,1)","[0.7,0.8)"
2023,401469047,2023-02-23,UTAH,OKC,794,0,0,home,UTAH,1,1,1,0.601,0.9,weak,0,0,0,0.601,"[-Inf,1)","[0.6,0.7)"
2023,401469209,2023-03-17,LAL,DAL,685,0,0,away,DAL,1,1,1,0.389,0.9,weak,0,0,0,0.611,"[-Inf,1)","[0.6,0.7)"
2023,401469237,2023-03-21,LAC,OKC,655,0,0,away,OKC,1,1,1,0.20499999999999996,0.9,weak,0,0,0,0.795,"[-Inf,1)","[0.7,0.8)"
2024,401584093,2023-11-03,OKC,GS,738,0,0,away,GS,0.999,1,2,0.611,0.9,weak,-0.0010000000000000009,0,0.0010000000000000009,0.611,"[-Inf,1)","[0.6,0.7)"
2024,401584133,2023-11-24,NY,MIA,598,0,0,home,NY,0.996,1,2,0.554,0.9,weak,-0.0040000000000000036,0,0.0040000000000000036,0.554,"[-Inf,1)","[0.5,0.6)"
2024,401584148,2023-11-28,SAC,GS,781,0,0,home,SAC,0.993,1,1,0.519,0.9,weak,-0.007000000000000006,0,0.007000000000000006,0.519,"[-Inf,1)","[0.5,0.6)"
2024,401584800,2023-11-09,ORL,ATL,737,0,0,away,ATL,1,1,1,0.7050000000000001,0.9,weak,0,0,0,0.7050000000000001,"[-Inf,1)","[0.7,0.8)"
2024,401584908,2023-12-02,LAC,GS,657,0,0,home,LAC,1,1,1,0.634,0.9,weak,0,0,0,0.634,"[-Inf,1)","[0.6,0.7)"
2024,401584988,2023-12-19,NO,MEM,668,0,0,away,MEM,1,1,2,0.21399999999999997,0.9,weak,0,0,0,0.786,"[-Inf,1)","[0.7,0.8)"
2024,401585116,2024-01-05,DEN,ORL,667,0,0,away,ORL,0.999,1,2,0.19799999999999995,0.9,weak,-0.0010000000000000009,0,0.0010000000000000009,0.802,"[-Inf,1)","[0.8,0.9)"
2024,401585206,2024-01-17,POR,BKN,602,0,0,home,POR,0.994,1,2,0.314,0.9,weak,-0.006000000000000005,0,0.006000000000000005,0.6859999999999999,"[-Inf,1)","[0.6,0.7)"
2024,401585680,2024-03-27,PHI,LAC,620,0,0,away,LAC,1,1,1,0.659,0.9,weak,0,0,0,0.659,"[-Inf,1)","[0.6,0.7)"
2018,400974438,2017-10-17,GS,HOU,682,0,0,away,HOU,0.999,1,1,0.51,0.95,weak,-0.0010000000000000009,0,0.0010000000000000009,0.51,"[-Inf,1)","[0.5,0.6)"
2018,400974819,2017-10-26,POR,LAC,654,0,0,away,LAC,1,1,1,0.396,0.95,weak,0,0,0,0.604,"[-Inf,1)","[0.6,0.7)"
2018,400974908,2017-11-07,POR,MEM,612,0,0,away,MEM,1,1,1,0.358,0.95,weak,0,0,0,0.642,"[-Inf,1)","[0.6,0.7)"
2018,400974921,2017-11-10,BOS,CHA,710,0,0,home,BOS,0.997,1,3,0.794,0.95,weak,-0.0030000000000000027,0,0.0030000000000000027,0.794,"[-Inf,1)","[0.7,0.8)"
2018,400974939,2017-11-12,BOS,TOR,631,0,0,home,BOS,0.999,1,1,0.664,0.95,weak,-0.0010000000000000009,0,0.0010000000000000009,0.664,"[-Inf,1)","[0.6,0.7)"
2018,400974946,2017-11-13,NO,ATL,619,0,0,home,NO,0.968,1,1,0.802,0.95,weak,-0.03200000000000003,0,0.03200000000000003,0.802,"[-Inf,1)","[0.8,0.9)"
2018,400974989,2017-11-19,MIN,DET,619,0,0,away,DET,0.999,1,3,0.355,0.95,weak,-0.0010000000000000009,0,0.0010000000000000009,0.645,"[-Inf,1)","[0.6,0.7)"
2018,400975011,2017-11-22,MEM,DAL,640,0,0,away,DAL,0.999,1,1,0.28600000000000003,0.95,weak,-0.0010000000000000009,0,0.0010000000000000009,0.714,"[-Inf,1)","[0.7,0.8)"
2018,400975066,2017-11-30,DEN,CHI,642,0,0,home,DEN,0.999,1,1,0.877,0.95,weak,-0.0010000000000000009,0,0.0010000000000000009,0.877,"[-Inf,1)","[0.8,0.9)"
2018,400975105,2017-12-06,IND,CHI,577,0,0,home,IND,0.983,1,2,0.856,0.95,weak,-0.017000000000000015,0,0.017000000000000015,0.856,"[-Inf,1)","[0.8,0.9)"
2018,400975126,2017-12-09,LAC,WSH,641,0,0,home,LAC,0.977,1,1,0.517,0.95,weak,-0.02300000000000002,0,0.02300000000000002,0.517,"[-Inf,1)","[0.5,0.6)"
2018,400975133,2017-12-09,MEM,OKC,722,0,0,away,OKC,0.999,1,1,0.609,0.95,weak,-0.0010000000000000009,0,0.0010000000000000009,0.609,"[-Inf,1)","[0.6,0.7)"
2018,400975186,2017-12-16,SA,DAL,582,0,0,home,SA,1,1,2,0.759,0.95,weak,0,0,0,0.759,"[-Inf,1)","[0.7,0.8)"
2018,400975193,2017-12-18,IND,BOS,655,0,0,away,BOS,1,1,1,0.616,0.95,weak,0,0,0,0.616,"[-Inf,1)","[0.6,0.7)"
2018,400975197,2017-12-18,MIN,POR,588,0,0,home,MIN,0.99,1,1,0.612,0.95,weak,-0.010000000000000009,0,0.010000000000000009,0.612,"[-Inf,1)","[0.6,0.7)"
2018,400975198,2017-12-18,OKC,DEN,589,0,0,home,OKC,1,1,1,0.646,0.95,weak,0,0,0,0.646,"[-Inf,1)","[0.6,0.7)"
2018,400975214,2017-12-20,POR,SA,627,0,0,away,SA,1,1,2,0.491,0.95,weak,0,0,0,0.509,"[-Inf,1)","[0.5,0.6)"
2018,400975222,2017-12-22,DET,NY,636,0,0,home,DET,0.998,1,3,0.705,0.95,weak,-0.0020000000000000018,0,0.0020000000000000018,0.705,"[-Inf,1)","[0.7,0.8)"
2018,400975303,2018-01-03,BKN,MIN,573,0,0,home,BKN,1,1,1,0.403,0.95,weak,0,0,0,0.597,"[-Inf,1)","[0.5,0.6)"
2018,400975325,2018-01-06,BKN,BOS,688,0,0,away,BOS,0.998,1,2,0.624,0.95,weak,-0.0020000000000000018,0,0.0020000000000000018,0.624,"[-Inf,1)","[0.6,0.7)"
2018,400975332,2018-01-07,MIA,UTAH,602,0,0,home,MIA,1,1,1,0.561,0.95,weak,0,0,0,0.561,"[-Inf,1)","[0.5,0.6)"
2018,400975335,2018-01-07,POR,SA,621,0,0,home,POR,1,1,1,0.483,0.95,weak,0,0,0,0.517,"[-Inf,1)","[0.5,0.6)"
2018,400975341,2018-01-08,NO,DET,642,0,0,home,NO,1,1,3,0.589,0.95,weak,0,0,0,0.589,"[-Inf,1)","[0.5,0.6)"
2018,400975345,2018-01-09,TOR,MIA,631,0,0,away,MIA,0.985,1,1,0.20499999999999996,0.95,weak,-0.015000000000000013,0,0.015000000000000013,0.795,"[-Inf,1)","[0.7,0.8)"
2018,400975355,2018-01-10,MEM,NO,697,0,0,home,MEM,0.999,1,3,0.565,0.95,weak,-0.0010000000000000009,0,0.0010000000000000009,0.565,"[-Inf,1)","[0.5,0.6)"
2018,400975378,2018-01-13,CHI,DET,589,0,0,home,CHI,1,1,2,0.38,0.95,weak,0,0,0,0.62,"[-Inf,1)","[0.6,0.7)"
2018,400975400,2018-01-17,ATL,NO,651,0,0,home,ATL,1,1,1,0.469,0.95,weak,0,0,0,0.531,"[-Inf,1)","[0.5,0.6)"
2018,400975422,2018-01-20,CHA,MIA,592,0,0,away,MIA,0.963,1,0,0.32599999999999996,0.95,weak,-0.03700000000000003,0,0.03700000000000003,0.674,"[-Inf,1)","[0.6,0.7)"
2018,400975443,2018-01-23,OKC,BKN,646,0,0,home,OKC,1,1,1,0.836,0.95,weak,0,0,0,0.836,"[-Inf,1)","[0.8,0.9)"
2018,400975456,2018-01-25,MIA,SAC,592,0,0,away,SAC,0.983,1,1,0.20099999999999996,0.95,weak,-0.017000000000000015,0,0.017000000000000015,0.799,"[-Inf,1)","[0.7,0.8)"
2018,400975489,2018-01-29,DEN,BOS,636,0,0,away,BOS,0.982,1,1,0.489,0.95,weak,-0.018000000000000016,0,0.018000000000000016,0.511,"[-Inf,1)","[0.5,0.6)"
2018,400975503,2018-01-31,CLE,MIA,714,0,0,home,CLE,1,1,2,0.687,0.95,weak,0,0,0,0.687,"[-Inf,1)","[0.6,0.7)"
2018,400975517,2018-02-02,MIL,NY,632,0,0,home,MIL,1,1,2,0.638,0.95,weak,0,0,0,0.638,"[-Inf,1)","[0.6,0.7)"
2018,400975568,2018-02-09,CHI,MIN,618,0,0,home,CHI,0.999,1,1,0.357,0.95,weak,-0.0010000000000000009,0,0.0010000000000000009,0.643,"[-Inf,1)","[0.6,0.7)"
2018,400975591,2018-02-12,UTAH,SA,682,0,0,home,UTAH,0.999,1,2,0.534,0.95,weak,-0.0010000000000000009,0,0.0010000000000000009,0.534,"[-Inf,1)","[0.5,0.6)"
2018,400975655,2018-02-27,MIA,PHI,697,0,0,home,MIA,1,1,1,0.547,0.95,weak,0,0,0,0.547,"[-Inf,1)","[0.5,0.6)"
2018,400975770,2018-03-15,MEM,CHI,665,0,0,away,CHI,1,1,1,0.31899999999999995,0.95,weak,0,0,0,0.681,"[-Inf,1)","[0.6,0.7)"
2018,400975780,2018-03-16,LAL,MIA,630,0,0,away,MIA,1,1,1,0.43600000000000005,0.95,weak,0,0,0,0.564,"[-Inf,1)","[0.5,0.6)"
2018,400975800,2018-03-19,MIA,DEN,703,0,0,home,MIA,1,1,2,0.596,0.95,weak,0,0,0,0.596,"[-Inf,1)","[0.5,0.6)"
2019,401070727,2018-10-22,POR,WSH,795,0,0,away,WSH,1,1,1,0.371,0.95,weak,0,0,0,0.629,"[-Inf,1)","[0.6,0.7)"
2019,401070730,2018-10-23,DET,PHI,798,0,0,home,DET,1,1,1,0.458,0.95,weak,0,0,0,0.542,"[-Inf,1)","[0.5,0.6)"
2019,401070808,2018-11-03,IND,BOS,664,0,0,home,IND,1,1,1,0.485,0.95,weak,0,0,0,0.515,"[-Inf,1)","[0.5,0.6)"
2019,401070823,2018-11-05,ORL,CLE,608,0,0,home,ORL,1,1,2,0.618,0.95,weak,0,0,0,0.618,"[-Inf,1)","[0.6,0.7)"
2019,401070887,2018-11-14,TOR,DET,666,0,0,away,DET,1,1,2,0.19899999999999995,0.95,weak,0,0,0,0.801,"[-Inf,1)","[0.8,0.9)"
2019,401071010,2018-11-30,POR,DEN,659,0,0,away,DEN,1,1,1,0.558,0.95,weak,0,0,0,0.558,"[-Inf,1)","[0.5,0.6)"
2019,401071028,2018-12-03,TOR,DEN,676,0,0,away,DEN,1,1,3,0.384,0.95,weak,0,0,0,0.616,"[-Inf,1)","[0.6,0.7)"
2019,401071039,2018-12-05,BKN,OKC,745,0,0,away,OKC,1,1,2,0.643,0.95,weak,0,0,0,0.643,"[-Inf,1)","[0.6,0.7)"
2019,401071132,2018-12-18,IND,CLE,630,0,0,away,CLE,1,1,1,0.11599999999999999,0.95,weak,0,0,0,0.884,"[-Inf,1)","[0.8,0.9)"
2019,401071161,2018-12-22,WSH,PHX,843,0,0,home,WSH,1,1,3,0.716,0.95,weak,0,0,0,0.716,"[-Inf,1)","[0.7,0.8)"
2019,401071199,2018-12-28,NO,DAL,691,0,0,home,NO,1,1,2,0.667,0.95,weak,0,0,0,0.667,"[-Inf,1)","[0.6,0.7)"
2019,401071427,2019-01-29,SA,PHX,654,0,0,home,SA,1,1,2,0.875,0.95,weak,0,0,0,0.875,"[-Inf,1)","[0.8,0.9)"
2019,401071469,2019-02-05,CHA,LAC,663,0,0,away,LAC,1,1,2,0.41600000000000004,0.95,weak,0,0,0,0.584,"[-Inf,1)","[0.5,0.6)"
2019,401071698,2019-03-14,DEN,DAL,603,0,0,home,DEN,1,1,1,0.8,0.95,weak,0,0,0,0.8,"[-Inf,1)","[0.8,0.9)"
2019,401071818,2019-03-31,ATL,MIL,789,0,0,home,ATL,1,1,1,0.138,0.95,weak,0,0,0,0.862,"[-Inf,1)","[0.8,0.9)"
2019,401071891,2019-04-09,OKC,HOU,656,0,0,home,OKC,1,1,1,0.528,0.95,weak,0,0,0,0.528,"[-Inf,1)","[0.5,0.6)"
2020,401160625,2019-10-23,CHA,CHI,714,0,0,home,CHA,1,1,1,0.469,0.95,weak,0,0,0,0.531,"[-Inf,1)","[0.5,0.6)"
2020,401160628,2019-10-23,BKN,MIN,793,0,0,away,MIN,1,1,1,0.353,0.95,weak,0,0,0,0.647,"[-Inf,1)","[0.6,0.7)"
2020,401160674,2019-10-26,HOU,NO,724,0,0,home,HOU,1,1,3,0.807,0.95,weak,0,0,0,0.807,"[-Inf,1)","[0.8,0.9)"
2020,401160675,2019-10-26,SA,WSH,668,0,0,home,SA,1,1,2,0.818,0.95,weak,0,0,0,0.818,"[-Inf,1)","[0.8,0.9)"
2020,401160679,2019-10-27,MEM,BKN,836,0,0,home,MEM,1,1,1,0.543,0.95,weak,0,0,0,0.543,"[-Inf,1)","[0.5,0.6)"
2020,401160685,2019-10-28,ATL,PHI,820,0,0,away,PHI,1,1,2,0.596,0.95,weak,0,0,0,0.596,"[-Inf,1)","[0.5,0.6)"
2020,401160717,2019-11-01,SAC,UTAH,653,0,0,home,SAC,1,1,1,0.295,0.95,weak,0,0,0,0.7050000000000001,"[-Inf,1)","[0.7,0.8)"
2020,401160789,2019-11-12,PHI,CLE,655,0,0,home,PHI,1,1,1,0.842,0.95,weak,0,0,0,0.842,"[-Inf,1)","[0.8,0.9)"
2020,401160809,2019-11-15,CHA,DET,637,0,0,home,CHA,1,1,3,0.409,0.95,weak,0,0,0,0.591,"[-Inf,1)","[0.5,0.6)"
2020,401160819,2019-11-16,NY,CHA,679,0,0,away,CHA,1,1,1,0.376,0.95,weak,0,0,0,0.624,"[-Inf,1)","[0.6,0.7)"
2020,401160826,2019-11-17,SAC,BOS,642,0,0,home,SAC,1,1,1,0.39,0.95,weak,0,0,0,0.61,"[-Inf,1)","[0.6,0.7)"
2020,401160896,2019-11-27,CHA,DET,636,0,0,home,CHA,1,1,1,0.418,0.95,weak,0,0,0,0.5820000000000001,"[-Inf,1)","[0.5,0.6)"
2020,401160922,2019-11-30,SAC,DEN,736,0,0,home,SAC,1,1,3,0.38,0.95,weak,0,0,0,0.62,"[-Inf,1)","[0.6,0.7)"
2020,401160987,2019-12-09,CHI,TOR,665,0,0,away,TOR,1,1,1,0.6679999999999999,0.95,weak,0,0,0,0.6679999999999999,"[-Inf,1)","[0.6,0.7)"
2020,401160988,2019-12-09,HOU,SAC,645,0,0,away,SAC,1,1,1,0.17500000000000004,0.95,weak,0,0,0,0.825,"[-Inf,1)","[0.8,0.9)"
2020,401161191,2020-01-07,TOR,POR,654,0,0,away,POR,1,1,2,0.241,0.95,weak,0,0,0,0.759,"[-Inf,1)","[0.7,0.8)"
2020,401161197,2020-01-08,CHA,TOR,716,0,0,away,TOR,1,1,2,0.758,0.95,weak,0,0,0,0.758,"[-Inf,1)","[0.7,0.8)"
2020,401161201,2020-01-08,DAL,DEN,643,0,0,away,DEN,1,1,1,0.32899999999999996,0.95,weak,0,0,0,0.671,"[-Inf,1)","[0.6,0.7)"
2020,401161266,2020-01-17,SA,ATL,699,0,0,away,ATL,1,1,1,0.21399999999999997,0.95,weak,0,0,0,0.786,"[-Inf,1)","[0.7,0.8)"
2020,401161432,2020-02-09,HOU,UTAH,641,0,0,away,UTAH,1,1,1,0.403,0.95,weak,0,0,0,0.597,"[-Inf,1)","[0.5,0.6)"
2020,401161436,2020-02-10,IND,BKN,632,0,0,away,BKN,1,1,1,0.31100000000000005,0.95,weak,0,0,0,0.689,"[-Inf,1)","[0.6,0.7)"
2020,401161551,2020-03-03,CHA,SA,618,0,0,away,SA,1,1,1,0.619,0.95,weak,0,0,0,0.619,"[-Inf,1)","[0.6,0.7)"
2020,401161568,2020-03-05,CHA,DEN,670,0,0,away,DEN,1,1,2,0.758,0.95,weak,0,0,0,0.758,"[-Inf,1)","[0.7,0.8)"
2020,401161584,2020-03-07,CLE,DEN,608,0,0,home,CLE,1,1,2,0.259,0.95,weak,0,0,0,0.741,"[-Inf,1)","[0.7,0.8)"
2020,401224731,2020-08-04,MIL,BKN,755,0,0,away,BKN,1,1,3,0.17800000000000005,0.95,weak,0,0,0,0.822,"[-Inf,1)","[0.8,0.9)"
2020,401224733,2020-08-04,LAC,PHX,612,0,0,away,PHX,1,1,2,0.256,0.95,weak,0,0,0,0.744,"[-Inf,1)","[0.7,0.8)"
2020,401224781,2020-08-12,OKC,MIA,652,0,0,home,OKC,1,1,1,0.471,0.95,weak,0,0,0,0.529,"[-Inf,1)","[0.5,0.6)"
2021,401267179,2020-12-23,DEN,SAC,770,0,0,away,SAC,1,1,2,0.381,0.95,weak,0,0,0,0.619,"[-Inf,1)","[0.6,0.7)"
2021,401267198,2020-12-27,CHI,GS,750,0,0,away,GS,1,1,1,0.65,0.95,weak,0,0,0,0.65,"[-Inf,1)","[0.6,0.7)"
2021,401267260,2021-01-04,NO,IND,742,0,0,away,IND,1,1,2,0.52,0.95,weak,0,0,0,0.52,"[-Inf,1)","[0.5,0.6)"
2021,401267381,2021-01-20,MIN,ORL,681,0,0,away,ORL,1,1,1,0.563,0.95,weak,0,0,0,0.563,"[-Inf,1)","[0.5,0.6)"
2021,401267390,2021-01-22,DET,HOU,712,0,0,away,HOU,1,1,1,0.516,0.95,weak,0,0,0,0.516,"[-Inf,1)","[0.5,0.6)"
2021,401267479,2021-02-01,DAL,PHX,648,0,0,away,PHX,1,1,1,0.483,0.95,weak,0,0,0,0.517,"[-Inf,1)","[0.5,0.6)"
2021,401267619,2021-02-20,CHA,GS,625,0,0,home,CHA,1,1,2,0.371,0.95,weak,0,0,0,0.629,"[-Inf,1)","[0.6,0.7)"
2021,401267640,2021-02-23,CLE,ATL,648,0,0,home,CLE,1,1,1,0.347,0.95,weak,0,0,0,0.653,"[-Inf,1)","[0.6,0.7)"
2021,401267688,2021-02-28,SAC,CHA,679,0,0,away,CHA,1,1,1,0.478,0.95,weak,0,0,0,0.522,"[-Inf,1)","[0.5,0.6)"
2021,401307353,2021-03-11,TOR,ATL,745,0,0,away,ATL,1,1,1,0.31799999999999995,0.95,weak,0,0,0,0.682,"[-Inf,1)","[0.6,0.7)"
2021,401307399,2021-03-16,POR,NO,643,0,0,home,POR,1,1,1,0.516,0.95,weak,0,0,0,0.516,"[-Inf,1)","[0.5,0.6)"
2021,401307432,2021-03-21,MIA,IND,725,0,0,away,IND,1,1,3,0.373,0.95,weak,0,0,0,0.627,"[-Inf,1)","[0.6,0.7)"
2021,401307458,2021-03-24,ORL,PHX,629,0,0,home,ORL,1,1,1,0.314,0.95,weak,0,0,0,0.6859999999999999,"[-Inf,1)","[0.6,0.7)"
2021,401307466,2021-03-24,SAC,ATL,631,0,0,home,SAC,1,1,2,0.559,0.95,weak,0,0,0,0.559,"[-Inf,1)","[0.5,0.6)"
2021,401307553,2021-04-05,TOR,WSH,673,0,0,home,TOR,1,1,2,0.642,0.95,weak,0,0,0,0.642,"[-Inf,1)","[0.6,0.7)"
2021,401307627,2021-04-14,DET,LAC,643,0,0,away,LAC,1,1,2,0.515,0.95,weak,0,0,0,0.515,"[-Inf,1)","[0.5,0.6)"
2021,401307633,2021-04-14,MEM,DAL,614,0,0,away,DAL,1,1,1,0.649,0.95,weak,0,0,0,0.649,"[-Inf,1)","[0.6,0.7)"
2021,401307659,2021-04-18,MIA,BKN,619,0,0,home,MIA,1,1,2,0.537,0.95,weak,0,0,0,0.537,"[-Inf,1)","[0.5,0.6)"
2021,401307677,2021-04-20,POR,LAC,630,0,0,away,LAC,1,1,1,0.589,0.95,weak,0,0,0,0.589,"[-Inf,1)","[0.5,0.6)"
2021,401307689,2021-04-21,POR,DEN,599,0,0,away,DEN,1,1,1,0.42700000000000005,0.95,weak,0,0,0,0.573,"[-Inf,1)","[0.5,0.6)"
2022,401360004,2021-11-12,OKC,SAC,660,0,0,home,OKC,1,1,2,0.391,0.95,weak,0,0,0,0.609,"[-Inf,1)","[0.6,0.7)"
2022,401360014,2021-11-13,CLE,BOS,597,0,0,home,CLE,1,1,2,0.531,0.95,weak,0,0,0,0.531,"[-Inf,1)","[0.5,0.6)"
2022,401360148,2021-12-01,MIL,CHA,700,0,0,home,MIL,1,1,2,0.596,0.95,weak,0,0,0,0.596,"[-Inf,1)","[0.5,0.6)"
2022,401360159,2021-12-03,ATL,PHI,668,0,0,away,PHI,1,1,2,0.43300000000000005,0.95,weak,0,0,0,0.567,"[-Inf,1)","[0.5,0.6)"
2022,401360349,2021-12-31,IND,CHI,713,0,0,away,CHI,1,1,2,0.514,0.95,weak,0,0,0,0.514,"[-Inf,1)","[0.5,0.6)"
2022,401360367,2022-01-02,SAC,MIA,640,0,0,home,SAC,1,1,2,0.365,0.95,weak,0,0,0,0.635,"[-Inf,1)","[0.6,0.7)"
2022,401360580,2022-01-31,PHI,MEM,782,0,0,home,PHI,1,1,3,0.444,0.95,weak,0,0,0,0.556,"[-Inf,1)","[0.5,0.6)"
2022,401360694,2022-02-16,BOS,DET,604,0,0,away,DET,1,1,1,0.10899999999999999,0.95,weak,0,0,0,0.891,"[-Inf,1)","[0.8,0.9)"
2022,401360734,2022-02-27,CHA,DET,783,0,0,away,DET,1,1,1,0.273,0.95,weak,0,0,0,0.727,"[-Inf,1)","[0.7,0.8)"
2022,401360772,2022-03-04,PHX,NY,681,0,0,home,PHX,1,1,1,0.756,0.95,weak,0,0,0,0.756,"[-Inf,1)","[0.7,0.8)"
2022,401360834,2022-03-13,ORL,PHI,720,0,0,away,PHI,1,1,2,0.657,0.95,weak,0,0,0,0.657,"[-Inf,1)","[0.6,0.7)"
2022,401360890,2022-03-21,CHA,NO,639,0,0,home,CHA,1,1,3,0.616,0.95,weak,0,0,0,0.616,"[-Inf,1)","[0.6,0.7)"
2022,401360961,2022-03-30,HOU,SAC,726,0,0,away,SAC,1,1,3,0.44599999999999995,0.95,weak,0,0,0,0.554,"[-Inf,1)","[0.5,0.6)"
2023,401468242,2022-10-29,UTAH,MEM,689,0,0,home,UTAH,1,1,1,0.536,0.95,weak,0,0,0,0.536,"[-Inf,1)","[0.5,0.6)"
2023,401468262,2022-11-02,CLE,BOS,741,0,0,home,CLE,1,1,1,0.493,0.95,weak,0,0,0,0.507,"[-Inf,1)","[0.5,0.6)"
2023,401468273,2022-11-03,ORL,GS,731,0,0,home,ORL,1,1,1,0.243,0.95,weak,0,0,0,0.757,"[-Inf,1)","[0.7,0.8)"
2023,401468285,2022-11-04,PHX,POR,671,0,0,away,POR,1,1,2,0.11199999999999999,0.95,weak,0,0,0,0.888,"[-Inf,1)","[0.8,0.9)"
2023,401468287,2022-11-05,ORL,SAC,728,0,0,away,SAC,1,1,3,0.622,0.95,weak,0,0,0,0.622,"[-Inf,1)","[0.6,0.7)"
2023,401468305,2022-11-07,MIA,POR,603,0,0,away,POR,1,1,3,0.22999999999999998,0.95,weak,0,0,0,0.77,"[-Inf,1)","[0.7,0.8)"
2023,401468379,2022-11-18,WSH,MIA,694,0,0,home,WSH,1,1,1,0.628,0.95,weak,0,0,0,0.628,"[-Inf,1)","[0.6,0.7)"
2023,401468444,2022-11-26,PHX,UTAH,642,0,0,home,PHX,1,1,1,0.674,0.95,weak,0,0,0,0.674,"[-Inf,1)","[0.6,0.7)"
2023,401468463,2022-11-28,LAL,IND,715,0,0,away,IND,1,1,1,0.44399999999999995,0.95,weak,0,0,0,0.556,"[-Inf,1)","[0.5,0.6)"
2023,401468623,2022-12-21,ATL,CHI,612,0,0,away,CHI,1,1,2,0.31299999999999994,0.95,weak,0,0,0,0.687,"[-Inf,1)","[0.6,0.7)"
2023,401468750,2023-01-07,SAC,LAL,728,0,0,away,LAL,1,1,2,0.238,0.95,weak,0,0,0,0.762,"[-Inf,1)","[0.7,0.8)"
2023,401468857,2023-01-22,DEN,OKC,647,0,0,away,OKC,0.996,1,2,0.29000000000000004,0.95,weak,-0.0040000000000000036,0,0.0040000000000000036,0.71,"[-Inf,1)","[0.7,0.8)"
2023,401468881,2023-01-25,GS,MEM,779,0,0,home,GS,0.996,1,2,0.568,0.95,weak,-0.0040000000000000036,0,0.0040000000000000036,0.568,"[-Inf,1)","[0.5,0.6)"
2023,401468933,2023-02-02,IND,LAL,662,0,0,away,LAL,1,1,1,0.497,0.95,weak,0,0,0,0.503,"[-Inf,1)","[0.5,0.6)"
2023,401468960,2023-02-05,MEM,TOR,684,0,0,away,TOR,0.999,1,3,0.481,0.95,weak,-0.0010000000000000009,0,0.0010000000000000009,0.519,"[-Inf,1)","[0.5,0.6)"
2023,401469043,2023-02-23,ORL,DET,686,0,0,home,ORL,0.997,1,2,0.781,0.95,weak,-0.0030000000000000027,0,0.0030000000000000027,0.781,"[-Inf,1)","[0.7,0.8)"
2023,401469047,2023-02-23,UTAH,OKC,794,0,0,home,UTAH,1,1,1,0.601,0.95,weak,0,0,0,0.601,"[-Inf,1)","[0.6,0.7)"
2023,401469057,2023-02-24,LAC,SAC,811,0,0,away,SAC,0.996,1,1,0.23099999999999998,0.95,weak,-0.0040000000000000036,0,0.0040000000000000036,0.769,"[-Inf,1)","[0.7,0.8)"
2023,401469153,2023-03-10,PHI,POR,625,0,0,home,PHI,1,1,1,0.762,0.95,weak,0,0,0,0.762,"[-Inf,1)","[0.7,0.8)"
2023,401469209,2023-03-17,LAL,DAL,685,0,0,away,DAL,1,1,1,0.389,0.95,weak,0,0,0,0.611,"[-Inf,1)","[0.6,0.7)"
2023,401469217,2023-03-18,UTAH,BOS,647,0,0,home,UTAH,1,1,1,0.441,0.95,weak,0,0,0,0.5589999999999999,"[-Inf,1)","[0.5,0.6)"
2023,401469237,2023-03-21,LAC,OKC,655,0,0,away,OKC,1,1,1,0.20499999999999996,0.95,weak,0,0,0,0.795,"[-Inf,1)","[0.7,0.8)"
2023,401469297,2023-03-29,OKC,DET,655,0,0,home,OKC,0.995,1,1,0.833,0.95,weak,-0.0050000000000000044,0,0.0050000000000000044,0.833,"[-Inf,1)","[0.8,0.9)"
2023,401526670,2023-03-07,DET,WSH,598,0,0,away,WSH,0.997,1,2,0.885,0.95,weak,-0.0030000000000000027,0,0.0030000000000000027,0.885,"[-Inf,1)","[0.8,0.9)"
2024,401584092,2023-11-03,CHI,BKN,617,0,0,away,BKN,1,1,2,0.55,0.95,weak,0,0,0,0.55,"[-Inf,1)","[0.5,0.6)"
2024,401584093,2023-11-03,OKC,GS,738,0,0,away,GS,0.999,1,2,0.611,0.95,weak,-0.0010000000000000009,0,0.0010000000000000009,0.611,"[-Inf,1)","[0.6,0.7)"
2024,401584133,2023-11-24,NY,MIA,598,0,0,home,NY,0.996,1,2,0.554,0.95,weak,-0.0040000000000000036,0,0.0040000000000000036,0.554,"[-Inf,1)","[0.5,0.6)"
2024,401584148,2023-11-28,SAC,GS,781,0,0,home,SAC,0.993,1,1,0.519,0.95,weak,-0.007000000000000006,0,0.007000000000000006,0.519,"[-Inf,1)","[0.5,0.6)"
2024,401584695,2023-10-25,BKN,CLE,702,0,0,away,CLE,1,1,1,0.47,0.95,weak,0,0,0,0.53,"[-Inf,1)","[0.5,0.6)"
2024,401584741,2023-10-31,PHX,SA,678,0,0,away,SA,0.997,1,1,0.253,0.95,weak,-0.0030000000000000027,0,0.0030000000000000027,0.747,"[-Inf,1)","[0.7,0.8)"
2024,401584754,2023-11-01,GS,SAC,656,0,0,home,GS,0.99,1,1,0.72,0.95,weak,-0.010000000000000009,0,0.010000000000000009,0.72,"[-Inf,1)","[0.7,0.8)"
2024,401584761,2023-11-04,IND,CHA,664,0,0,away,CHA,1,1,1,0.371,0.95,weak,0,0,0,0.629,"[-Inf,1)","[0.6,0.7)"
2024,401584800,2023-11-09,ORL,ATL,737,0,0,away,ATL,1,1,1,0.7050000000000001,0.95,weak,0,0,0,0.7050000000000001,"[-Inf,1)","[0.7,0.8)"
2024,401584858,2023-11-22,IND,TOR,688,0,0,away,TOR,1,1,1,0.369,0.95,weak,0,0,0,0.631,"[-Inf,1)","[0.6,0.7)"
2024,401584908,2023-12-02,LAC,GS,657,0,0,home,LAC,1,1,1,0.634,0.95,weak,0,0,0,0.634,"[-Inf,1)","[0.6,0.7)"
2024,401584965,2023-12-16,MIA,CHI,632,0,0,home,MIA,1,1,2,0.659,0.95,weak,0,0,0,0.659,"[-Inf,1)","[0.6,0.7)"
2024,401584988,2023-12-19,NO,MEM,668,0,0,away,MEM,1,1,2,0.21399999999999997,0.95,weak,0,0,0,0.786,"[-Inf,1)","[0.7,0.8)"
2024,401585116,2024-01-05,DEN,ORL,667,0,0,away,ORL,0.999,1,2,0.19799999999999995,0.95,weak,-0.0010000000000000009,0,0.0010000000000000009,0.802,"[-Inf,1)","[0.8,0.9)"
2024,401585162,2024-01-12,DET,HOU,659,0,0,away,HOU,1,1,2,0.6950000000000001,0.95,weak,0,0,0,0.6950000000000001,"[-Inf,1)","[0.6,0.7)"
2024,401585206,2024-01-17,POR,BKN,602,0,0,home,POR,0.994,1,2,0.314,0.95,weak,-0.006000000000000005,0,0.006000000000000005,0.6859999999999999,"[-Inf,1)","[0.6,0.7)"
2024,401585215,2024-01-19,MIA,ATL,637,0,0,away,ATL,1,1,1,0.32899999999999996,0.95,weak,0,0,0,0.671,"[-Inf,1)","[0.6,0.7)"
2024,401585226,2024-01-20,HOU,UTAH,823,0,0,home,HOU,1,1,1,0.477,0.95,weak,0,0,0,0.523,"[-Inf,1)","[0.5,0.6)"
2024,401585277,2024-01-27,SA,MIN,620,0,0,home,SA,1,1,1,0.215,0.95,weak,0,0,0,0.785,"[-Inf,1)","[0.7,0.8)"
2024,401585278,2024-01-27,GS,LAL,874,0,0,away,LAL,1,1,1,0.32499999999999996,0.95,weak,0,0,0,0.675,"[-Inf,1)","[0.6,0.7)"
2024,401585460,2024-02-27,CLE,DAL,611,0,0,home,CLE,1,1,2,0.726,0.95,weak,0,0,0,0.726,"[-Inf,1)","[0.7,0.8)"
2024,401585501,2024-03-03,MIN,LAC,593,0,0,away,LAC,1,1,1,0.365,0.95,weak,0,0,0,0.635,"[-Inf,1)","[0.6,0.7)"
2024,401585543,2024-03-08,LAL,MIL,606,0,0,home,LAL,0.995,1,1,0.518,0.95,weak,-0.0050000000000000044,0,0.0050000000000000044,0.518,"[-Inf,1)","[0.5,0.6)"
2024,401585665,2024-03-25,CHI,WSH,713,0,0,away,WSH,1,1,2,0.17700000000000005,0.95,weak,0,0,0,0.823,"[-Inf,1)","[0.8,0.9)"
2024,401585680,2024-03-27,PHI,LAC,620,0,0,away,LAC,1,1,1,0.659,0.95,weak,0,0,0,0.659,"[-Inf,1)","[0.6,0.7)"
2024,401585710,2024-03-31,NY,OKC,720,0,0,away,OKC,1,1,1,0.5880000000000001,0.95,weak,0,0,0,0.5880000000000001,"[-Inf,1)","[0.5,0.6)"
2024,401585716,2024-04-01,DET,MEM,637,0,0,away,MEM,0.999,1,2,0.43300000000000005,0.95,weak,-0.0010000000000000009,0,0.0010000000000000009,0.567,"[-Inf,1)","[0.5,0.6)"
2018,400974437,2017-10-17,CLE,BOS,672,0,0,home,CLE,0.999,1,3,0.49,0.99,weak,-0.0010000000000000009,0,0.0010000000000000009,0.51,"[-Inf,1)","[0.5,0.6)"
2018,400974438,2017-10-17,GS,HOU,682,0,0,away,HOU,0.999,1,1,0.51,0.99,weak,-0.0010000000000000009,0,0.0010000000000000009,0.51,"[-Inf,1)","[0.5,0.6)"
2018,400974448,2017-12-25,OKC,HOU,640,0,0,home,OKC,1,1,5,0.432,0.99,weak,0,0,0,0.5680000000000001,"[-Inf,1)","[0.5,0.6)"
2018,400974768,2017-10-18,SAC,HOU,603,0,0,away,HOU,0.999,1,5,0.49,0.99,weak,-0.0010000000000000009,0,0.0010000000000000009,0.51,"[-Inf,1)","[0.5,0.6)"
2018,400974781,2017-10-21,NY,DET,620,0,0,away,DET,1,1,4,0.517,0.99,weak,0,0,0,0.517,"[-Inf,1)","[0.5,0.6)"
2018,400974798,2017-10-23,DEN,WSH,679,0,0,away,WSH,1,1,5,0.41900000000000004,0.99,weak,0,0,0,0.581,"[-Inf,1)","[0.5,0.6)"
2018,400974799,2017-10-23,PHX,SAC,688,0,0,home,PHX,1,1,2,0.484,0.99,weak,0,0,0,0.516,"[-Inf,1)","[0.5,0.6)"
2018,400974801,2017-10-24,ORL,BKN,714,0,0,home,ORL,1,1,4,0.709,0.99,weak,0,0,0,0.709,"[-Inf,1)","[0.7,0.8)"
2018,400974819,2017-10-26,POR,LAC,654,0,0,away,LAC,1,1,1,0.396,0.99,weak,0,0,0,0.604,"[-Inf,1)","[0.6,0.7)"
2018,400974825,2017-10-27,MIN,OKC,690,0,0,home,MIN,1,1,3,0.493,0.99,weak,0,0,0,0.507,"[-Inf,1)","[0.5,0.6)"
2018,400974826,2017-10-27,GS,WSH,703,0,0,home,GS,1,1,3,0.818,0.99,weak,0,0,0,0.818,"[-Inf,1)","[0.8,0.9)"
2018,400974832,2017-10-28,DAL,PHI,622,0,0,away,PHI,1,1,2,0.526,0.99,weak,0,0,0,0.526,"[-Inf,1)","[0.5,0.6)"
2018,400974837,2017-10-29,IND,SA,645,0,0,home,IND,1,1,3,0.409,0.99,weak,0,0,0,0.591,"[-Inf,1)","[0.5,0.6)"
2018,400974844,2017-10-30,MIA,MIN,752,0,0,away,MIN,1,1,3,0.499,0.99,weak,0,0,0,0.501,"[-Inf,1)","[0.5,0.6)"
2018,400974863,2017-11-01,MEM,ORL,634,0,0,away,ORL,1,1,2,0.402,0.99,weak,0,0,0,0.598,"[-Inf,1)","[0.5,0.6)"
2018,400974864,2017-11-01,NO,MIN,653,0,0,away,MIN,0.999,1,6,0.44799999999999995,0.99,weak,-0.0010000000000000009,0,0.0010000000000000009,0.552,"[-Inf,1)","[0.5,0.6)"
2018,400974869,2017-11-02,POR,LAL,614,0,0,home,POR,0.99,1,3,0.735,0.99,weak,-0.010000000000000009,0,0.010000000000000009,0.735,"[-Inf,1)","[0.7,0.8)"
2018,400974903,2017-11-07,NY,CHA,630,0,0,home,NY,0.998,1,3,0.499,0.99,weak,-0.0020000000000000018,0,0.0020000000000000018,0.501,"[-Inf,1)","[0.5,0.6)"
2018,400974908,2017-11-07,POR,MEM,612,0,0,away,MEM,1,1,1,0.358,0.99,weak,0,0,0,0.642,"[-Inf,1)","[0.6,0.7)"
2018,400974916,2017-11-09,TOR,NO,695,0,0,home,TOR,0.999,1,4,0.731,0.99,weak,-0.0010000000000000009,0,0.0010000000000000009,0.731,"[-Inf,1)","[0.7,0.8)"
2018,400974917,2017-11-09,HOU,CLE,661,0,0,home,HOU,0.999,1,4,0.831,0.99,weak,-0.0010000000000000009,0,0.0010000000000000009,0.831,"[-Inf,1)","[0.8,0.9)"
2018,400974918,2017-11-09,SAC,PHI,717,0,0,home,SAC,0.999,1,1,0.353,0.99,weak,-0.0010000000000000009,0,0.0010000000000000009,0.647,"[-Inf,1)","[0.6,0.7)"
2018,400974921,2017-11-10,BOS,CHA,710,0,0,home,BOS,0.997,1,3,0.794,0.99,weak,-0.0030000000000000027,0,0.0030000000000000027,0.794,"[-Inf,1)","[0.7,0.8)"
2018,400974939,2017-11-12,BOS,TOR,631,0,0,home,BOS,0.999,1,1,0.664,0.99,weak,-0.0010000000000000009,0,0.0010000000000000009,0.664,"[-Inf,1)","[0.6,0.7)"
2018,400974946,2017-11-13,NO,ATL,630,0,0,home,NO,0.999,1,1,0.802,0.99,weak,-0.0010000000000000009,0,0.0010000000000000009,0.802,"[-Inf,1)","[0.8,0.9)"
2018,400974951,2017-11-13,LAC,PHI,714,0,0,away,PHI,0.998,1,4,0.361,0.99,weak,-0.0020000000000000018,0,0.0020000000000000018,0.639,"[-Inf,1)","[0.6,0.7)"
2018,400974969,2017-11-17,WSH,MIA,597,0,0,away,MIA,0.997,1,2,0.277,0.99,weak,-0.0030000000000000027,0,0.0030000000000000027,0.723,"[-Inf,1)","[0.7,0.8)"
2018,400974973,2017-11-17,CHI,CHA,623,0,0,home,CHI,0.999,1,3,0.361,0.99,weak,-0.0010000000000000009,0,0.0010000000000000009,0.639,"[-Inf,1)","[0.6,0.7)"
2018,400974974,2017-11-17,SA,OKC,648,0,0,home,SA,0.999,1,3,0.593,0.99,weak,-0.0010000000000000009,0,0.0010000000000000009,0.593,"[-Inf,1)","[0.5,0.6)"
2018,400974989,2017-11-19,MIN,DET,619,0,0,away,DET,0.999,1,3,0.355,0.99,weak,-0.0010000000000000009,0,0.0010000000000000009,0.645,"[-Inf,1)","[0.6,0.7)"
2018,400975011,2017-11-22,MEM,DAL,640,0,0,away,DAL,0.999,1,1,0.28600000000000003,0.99,weak,-0.0010000000000000009,0,0.0010000000000000009,0.714,"[-Inf,1)","[0.7,0.8)"
2018,400975018,2017-11-24,BKN,POR,676,0,0,away,POR,0.999,1,2,0.5840000000000001,0.99,weak,-0.0010000000000000009,0,0.0010000000000000009,0.5840000000000001,"[-Inf,1)","[0.5,0.6)"
2018,400975030,2017-11-25,WSH,POR,589,0,0,away,POR,0.998,1,3,0.30600000000000005,0.99,weak,-0.0020000000000000018,0,0.0020000000000000018,0.694,"[-Inf,1)","[0.6,0.7)"
2018,400975051,2017-11-28,MIN,WSH,580,0,0,away,WSH,0.994,1,3,0.46199999999999997,0.99,weak,-0.006000000000000005,0,0.006000000000000005,0.538,"[-Inf,1)","[0.5,0.6)"
2018,400975066,2017-11-30,DEN,CHI,642,0,0,home,DEN,0.999,1,1,0.877,0.99,weak,-0.0010000000000000009,0,0.0010000000000000009,0.877,"[-Inf,1)","[0.8,0.9)"
2018,400975073,2017-12-01,CHI,SAC,583,0,0,away,SAC,0.999,1,1,0.51,0.99,weak,-0.0010000000000000009,0,0.0010000000000000009,0.51,"[-Inf,1)","[0.5,0.6)"
2018,400975075,2017-12-01,OKC,MIN,631,0,0,home,OKC,0.999,1,4,0.679,0.99,weak,-0.0010000000000000009,0,0.0010000000000000009,0.679,"[-Inf,1)","[0.6,0.7)"
2018,400975087,2017-12-03,MIN,LAC,606,0,0,home,MIN,0.999,1,6,0.703,0.99,weak,-0.0010000000000000009,0,0.0010000000000000009,0.703,"[-Inf,1)","[0.7,0.8)"
2018,400975088,2017-12-03,OKC,SA,681,0,0,home,OKC,0.999,1,3,0.589,0.99,weak,-0.0010000000000000009,0,0.0010000000000000009,0.589,"[-Inf,1)","[0.5,0.6)"
2018,400975096,2017-12-04,MEM,MIN,580,0,0,home,MEM,0.999,1,3,0.525,0.99,weak,-0.0010000000000000009,0,0.0010000000000000009,0.525,"[-Inf,1)","[0.5,0.6)"
2018,400975099,2017-12-04,SA,DET,643,0,0,home,SA,0.999,1,3,0.679,0.99,weak,-0.0010000000000000009,0,0.0010000000000000009,0.679,"[-Inf,1)","[0.6,0.7)"
2018,400975105,2017-12-06,IND,CHI,579,0,0,home,IND,0.999,1,2,0.856,0.99,weak,-0.0010000000000000009,0,0.0010000000000000009,0.856,"[-Inf,1)","[0.8,0.9)"
2018,400975106,2017-12-06,ORL,ATL,743,0,0,home,ORL,0.999,1,4,0.723,0.99,weak,-0.0010000000000000009,0,0.0010000000000000009,0.723,"[-Inf,1)","[0.7,0.8)"
2018,400975110,2017-12-06,MIL,DET,629,0,0,home,MIL,0.999,1,4,0.599,0.99,weak,-0.0010000000000000009,0,0.0010000000000000009,0.599,"[-Inf,1)","[0.5,0.6)"
2018,400975114,2017-12-07,PHI,LAL,726,0,0,away,LAL,0.998,1,3,0.276,0.99,weak,-0.0020000000000000018,0,0.0020000000000000018,0.724,"[-Inf,1)","[0.7,0.8)"
2018,400975119,2017-12-08,DET,GS,676,0,0,away,GS,0.999,1,4,0.72,0.99,weak,-0.0010000000000000009,0,0.0010000000000000009,0.72,"[-Inf,1)","[0.7,0.8)"
2018,400975126,2017-12-09,LAC,WSH,642,0,0,home,LAC,0.995,1,1,0.517,0.99,weak,-0.0050000000000000044,0,0.0050000000000000044,0.517,"[-Inf,1)","[0.5,0.6)"
2018,400975133,2017-12-09,MEM,OKC,722,0,0,away,OKC,0.999,1,1,0.609,0.99,weak,-0.0010000000000000009,0,0.0010000000000000009,0.609,"[-Inf,1)","[0.6,0.7)"
2018,400975134,2017-12-09,PHX,SA,643,0,0,away,SA,0.999,1,3,0.73,0.99,weak,-0.0010000000000000009,0,0.0010000000000000009,0.73,"[-Inf,1)","[0.7,0.8)"
2018,400975141,2017-12-10,NY,ATL,754,0,0,home,NY,0.999,1,4,0.704,0.99,weak,-0.0010000000000000009,0,0.0010000000000000009,0.704,"[-Inf,1)","[0.7,0.8)"
2018,400975150,2017-12-12,NY,LAL,652,0,0,home,NY,0.992,1,2,0.59,0.99,weak,-0.008000000000000007,0,0.008000000000000007,0.59,"[-Inf,1)","[0.5,0.6)"
2018,400975160,2017-12-13,CHI,UTAH,661,0,0,home,CHI,1,1,3,0.253,0.99,weak,0,0,0,0.747,"[-Inf,1)","[0.7,0.8)"
2018,400975172,2017-12-15,PHI,OKC,812,0,0,away,OKC,1,1,2,0.44899999999999995,0.99,weak,0,0,0,0.551,"[-Inf,1)","[0.5,0.6)"
2018,400975176,2017-12-15,MEM,ATL,656,0,0,home,MEM,0.992,1,2,0.721,0.99,weak,-0.008000000000000007,0,0.008000000000000007,0.721,"[-Inf,1)","[0.7,0.8)"
2018,400975180,2017-12-16,CHA,POR,672,0,0,away,POR,1,1,2,0.45499999999999996,0.99,weak,0,0,0,0.545,"[-Inf,1)","[0.5,0.6)"
2018,400975185,2017-12-16,MIN,PHX,645,0,0,away,PHX,0.994,1,2,0.16100000000000003,0.99,weak,-0.006000000000000005,0,0.006000000000000005,0.839,"[-Inf,1)","[0.8,0.9)"
2018,400975186,2017-12-16,SA,DAL,582,0,0,home,SA,1,1,2,0.759,0.99,weak,0,0,0,0.759,"[-Inf,1)","[0.7,0.8)"
2018,400975193,2017-12-18,IND,BOS,655,0,0,away,BOS,1,1,1,0.616,0.99,weak,0,0,0,0.616,"[-Inf,1)","[0.6,0.7)"
2018,400975195,2017-12-18,CHI,PHI,680,0,0,home,CHI,0.995,1,2,0.336,0.99,weak,-0.0050000000000000044,0,0.0050000000000000044,0.6639999999999999,"[-Inf,1)","[0.6,0.7)"
2018,400975197,2017-12-18,MIN,POR,588,0,0,home,MIN,0.99,1,1,0.612,0.99,weak,-0.010000000000000009,0,0.010000000000000009,0.612,"[-Inf,1)","[0.6,0.7)"
2018,400975198,2017-12-18,OKC,DEN,589,0,0,home,OKC,1,1,1,0.646,0.99,weak,0,0,0,0.646,"[-Inf,1)","[0.6,0.7)"
2018,400975201,2017-12-18,LAL,GS,783,0,0,away,GS,1,1,2,0.837,0.99,weak,0,0,0,0.837,"[-Inf,1)","[0.8,0.9)"
2018,400975207,2017-12-20,BOS,MIA,621,0,0,away,MIA,1,1,1,0.21399999999999997,0.99,weak,0,0,0,0.786,"[-Inf,1)","[0.7,0.8)"
2018,400975208,2017-12-20,BKN,SAC,625,0,0,away,SAC,1,1,5,0.259,0.99,weak,0,0,0,0.741,"[-Inf,1)","[0.7,0.8)"
2018,400975214,2017-12-20,POR,SA,627,0,0,away,SA,1,1,2,0.491,0.99,weak,0,0,0,0.509,"[-Inf,1)","[0.5,0.6)"
2018,400975217,2017-12-21,CLE,CHI,661,0,0,home,CLE,0.993,1,3,0.886,0.99,weak,-0.007000000000000006,0,0.007000000000000006,0.886,"[-Inf,1)","[0.8,0.9)"
2018,400975220,2017-12-21,PHX,MEM,637,0,0,home,PHX,1,1,2,0.479,0.99,weak,0,0,0,0.521,"[-Inf,1)","[0.5,0.6)"
2018,400975222,2017-12-22,DET,NY,636,0,0,home,DET,0.998,1,3,0.705,0.99,weak,-0.0020000000000000018,0,0.0020000000000000018,0.705,"[-Inf,1)","[0.7,0.8)"
2018,400975228,2017-12-22,OKC,ATL,662,0,0,home,OKC,1,1,3,0.855,0.99,weak,0,0,0,0.855,"[-Inf,1)","[0.8,0.9)"
2018,400975232,2017-12-23,CHA,MIL,654,0,0,home,CHA,0.997,1,3,0.563,0.99,weak,-0.0030000000000000027,0,0.0030000000000000027,0.563,"[-Inf,1)","[0.5,0.6)"
2018,400975233,2017-12-23,IND,BKN,707,0,0,home,IND,0.99,1,3,0.761,0.99,weak,-0.010000000000000009,0,0.010000000000000009,0.761,"[-Inf,1)","[0.7,0.8)"
2018,400975242,2017-12-23,LAL,POR,640,0,0,away,POR,0.997,1,3,0.497,0.99,weak,-0.0030000000000000027,0,0.0030000000000000027,0.503,"[-Inf,1)","[0.5,0.6)"
2018,400975250,2017-12-26,PHX,MEM,749,0,0,home,PHX,1,1,2,0.498,0.99,weak,0,0,0,0.502,"[-Inf,1)","[0.5,0.6)"
2018,400975263,2017-12-28,BOS,HOU,666,0,0,home,BOS,0.995,1,1,0.439,0.99,weak,-0.0050000000000000044,0,0.0050000000000000044,0.5609999999999999,"[-Inf,1)","[0.5,0.6)"
2018,400975272,2017-12-29,OKC,MIL,613,0,0,away,MIL,1,1,2,0.263,0.99,weak,0,0,0,0.737,"[-Inf,1)","[0.7,0.8)"
2018,400975278,2017-12-30,NO,NY,641,0,0,away,NY,1,1,2,0.347,0.99,weak,0,0,0,0.653,"[-Inf,1)","[0.6,0.7)"
2018,400975287,2017-12-31,OKC,DAL,637,0,0,away,DAL,1,1,3,0.23199999999999998,0.99,weak,0,0,0,0.768,"[-Inf,1)","[0.7,0.8)"
2018,400975291,2018-01-01,BKN,ORL,666,0,0,home,BKN,1,1,3,0.616,0.99,weak,0,0,0,0.616,"[-Inf,1)","[0.6,0.7)"
2018,400975292,2018-01-01,TOR,MIL,679,0,0,home,TOR,1,1,4,0.769,0.99,weak,0,0,0,0.769,"[-Inf,1)","[0.7,0.8)"
2018,400975293,2018-01-01,CHI,POR,692,0,0,away,POR,1,1,4,0.638,0.99,weak,0,0,0,0.638,"[-Inf,1)","[0.6,0.7)"
2018,400975297,2018-01-02,PHX,ATL,665,0,0,home,PHX,1,1,1,0.527,0.99,weak,0,0,0,0.527,"[-Inf,1)","[0.5,0.6)"
2018,400975303,2018-01-03,BKN,MIN,573,0,0,home,BKN,1,1,1,0.403,0.99,weak,0,0,0,0.597,"[-Inf,1)","[0.5,0.6)"
2018,400975308,2018-01-03,DAL,GS,673,0,0,away,GS,0.997,1,3,0.794,0.99,weak,-0.0030000000000000027,0,0.0030000000000000027,0.794,"[-Inf,1)","[0.7,0.8)"
2018,400975321,2018-01-05,MEM,WSH,691,0,0,away,WSH,0.995,1,2,0.544,0.99,weak,-0.0050000000000000044,0,0.0050000000000000044,0.544,"[-Inf,1)","[0.5,0.6)"
2018,400975325,2018-01-06,BKN,BOS,688,0,0,away,BOS,0.998,1,2,0.624,0.99,weak,-0.0020000000000000018,0,0.0020000000000000018,0.624,"[-Inf,1)","[0.6,0.7)"
2018,400975332,2018-01-07,MIA,UTAH,602,0,0,home,MIA,1,1,1,0.561,0.99,weak,0,0,0,0.561,"[-Inf,1)","[0.5,0.6)"
2018,400975335,2018-01-07,POR,SA,621,0,0,home,POR,1,1,1,0.483,0.99,weak,0,0,0,0.517,"[-Inf,1)","[0.5,0.6)"
2018,400975338,2018-01-08,BKN,TOR,761,0,0,away,TOR,1,1,1,0.728,0.99,weak,0,0,0,0.728,"[-Inf,1)","[0.7,0.8)"
2018,400975341,2018-01-08,NO,DET,642,0,0,home,NO,1,1,3,0.589,0.99,weak,0,0,0,0.589,"[-Inf,1)","[0.5,0.6)"
2018,400975344,2018-01-08,LAC,ATL,721,0,0,home,LAC,0.991,1,1,0.785,0.99,weak,-0.009000000000000008,0,0.009000000000000008,0.785,"[-Inf,1)","[0.7,0.8)"
2018,400975345,2018-01-09,TOR,MIA,633,0,0,away,MIA,1,1,1,0.20499999999999996,0.99,weak,0,0,0,0.795,"[-Inf,1)","[0.7,0.8)"
2018,400975349,2018-01-10,CHA,DAL,668,0,0,away,DAL,1,1,4,0.28900000000000003,0.99,weak,0,0,0,0.711,"[-Inf,1)","[0.7,0.8)"
2018,400975351,2018-01-10,WSH,UTAH,616,0,0,away,UTAH,1,1,3,0.30000000000000004,0.99,weak,0,0,0,0.7,"[-Inf,1)","[0.7,0.8)"
2018,400975353,2018-01-10,NY,CHI,722,0,0,away,CHI,1,1,3,0.241,0.99,weak,0,0,0,0.759,"[-Inf,1)","[0.7,0.8)"
2018,400975355,2018-01-10,MEM,NO,697,0,0,home,MEM,0.999,1,3,0.565,0.99,weak,-0.0010000000000000009,0,0.0010000000000000009,0.565,"[-Inf,1)","[0.5,0.6)"
2018,400975365,2018-01-12,IND,CLE,618,0,0,home,IND,1,1,2,0.505,0.99,weak,0,0,0,0.505,"[-Inf,1)","[0.5,0.6)"
2018,400975367,2018-01-12,ATL,BKN,700,0,0,away,BKN,1,1,5,0.42000000000000004,0.99,weak,0,0,0,0.58,"[-Inf,1)","[0.5,0.6)"
2018,400975378,2018-01-13,CHI,DET,589,0,0,home,CHI,1,1,2,0.38,0.99,weak,0,0,0,0.62,"[-Inf,1)","[0.6,0.7)"
2018,400975387,2018-01-15,ATL,SA,661,0,0,home,ATL,1,1,3,0.351,0.99,weak,0,0,0,0.649,"[-Inf,1)","[0.6,0.7)"
2018,400975400,2018-01-17,ATL,NO,651,0,0,home,ATL,1,1,1,0.469,0.99,weak,0,0,0,0.531,"[-Inf,1)","[0.5,0.6)"
2018,400975410,2018-01-18,CLE,ORL,665,0,0,home,CLE,0.994,1,1,0.819,0.99,weak,-0.006000000000000005,0,0.006000000000000005,0.819,"[-Inf,1)","[0.8,0.9)"
2018,400975422,2018-01-20,CHA,MIA,596,0,0,away,MIA,0.991,1,1,0.32599999999999996,0.99,weak,-0.009000000000000008,0,0.009000000000000008,0.674,"[-Inf,1)","[0.6,0.7)"
2018,400975431,2018-01-21,DET,BKN,623,0,0,away,BKN,1,1,1,0.257,0.99,weak,0,0,0,0.743,"[-Inf,1)","[0.7,0.8)"
2018,400975437,2018-01-22,MIL,PHX,656,0,0,home,MIL,0.996,1,4,0.785,0.99,weak,-0.0040000000000000036,0,0.0040000000000000036,0.785,"[-Inf,1)","[0.7,0.8)"
2018,400975440,2018-01-22,DEN,POR,696,0,0,home,DEN,1,1,3,0.688,0.99,weak,0,0,0,0.688,"[-Inf,1)","[0.6,0.7)"
2018,400975443,2018-01-23,OKC,BKN,646,0,0,home,OKC,1,1,1,0.836,0.99,weak,0,0,0,0.836,"[-Inf,1)","[0.8,0.9)"
2018,400975446,2018-01-23,LAL,BOS,654,0,0,home,LAL,0.995,1,1,0.338,0.99,weak,-0.0050000000000000044,0,0.0050000000000000044,0.6619999999999999,"[-Inf,1)","[0.6,0.7)"
2018,400975448,2018-01-24,DET,UTAH,724,0,0,away,UTAH,0.995,1,3,0.349,0.99,weak,-0.0050000000000000044,0,0.0050000000000000044,0.651,"[-Inf,1)","[0.6,0.7)"
2018,400975456,2018-01-25,MIA,SAC,593,0,0,away,SAC,0.997,1,1,0.20099999999999996,0.99,weak,-0.0030000000000000027,0,0.0030000000000000027,0.799,"[-Inf,1)","[0.7,0.8)"
2018,400975466,2018-01-26,NO,HOU,674,0,0,home,NO,1,1,2,0.355,0.99,weak,0,0,0,0.645,"[-Inf,1)","[0.6,0.7)"
2018,400975471,2018-01-27,IND,ORL,648,0,0,home,IND,1,1,2,0.634,0.99,weak,0,0,0,0.634,"[-Inf,1)","[0.6,0.7)"
2018,400975473,2018-01-27,MIA,CHA,633,0,0,home,MIA,0.996,1,4,0.627,0.99,weak,-0.0040000000000000036,0,0.0040000000000000036,0.627,"[-Inf,1)","[0.6,0.7)"
2018,400975474,2018-01-27,GS,BOS,672,0,0,home,GS,0.999,1,4,0.723,0.99,weak,-0.0010000000000000009,0,0.0010000000000000009,0.723,"[-Inf,1)","[0.7,0.8)"
2018,400975476,2018-01-27,DEN,DAL,628,0,0,home,DEN,1,1,2,0.743,0.99,weak,0,0,0,0.743,"[-Inf,1)","[0.7,0.8)"
2018,400975489,2018-01-29,DEN,BOS,639,0,0,away,BOS,1,1,1,0.489,0.99,weak,0,0,0,0.511,"[-Inf,1)","[0.5,0.6)"
2018,400975496,2018-01-30,SA,DEN,628,0,0,home,SA,1,1,2,0.706,0.99,weak,0,0,0,0.706,"[-Inf,1)","[0.7,0.8)"
2018,400975503,2018-01-31,CLE,MIA,714,0,0,home,CLE,1,1,2,0.687,0.99,weak,0,0,0,0.687,"[-Inf,1)","[0.6,0.7)"
2018,400975507,2018-02-01,DET,MEM,680,0,0,home,DET,1,1,2,0.706,0.99,weak,0,0,0,0.706,"[-Inf,1)","[0.7,0.8)"
2018,400975508,2018-02-01,WSH,TOR,640,0,0,home,WSH,1,1,3,0.442,0.99,weak,0,0,0,0.558,"[-Inf,1)","[0.5,0.6)"
2018,400975511,2018-02-01,DEN,OKC,657,0,0,home,DEN,0.995,1,3,0.507,0.99,weak,-0.0050000000000000044,0,0.0050000000000000044,0.507,"[-Inf,1)","[0.5,0.6)"
2018,400975514,2018-02-02,BKN,LAL,640,0,0,away,LAL,1,1,3,0.41000000000000003,0.99,weak,0,0,0,0.59,"[-Inf,1)","[0.5,0.6)"
2018,400975517,2018-02-02,MIL,NY,632,0,0,home,MIL,1,1,2,0.638,0.99,weak,0,0,0,0.638,"[-Inf,1)","[0.6,0.7)"
2018,400975530,2018-02-04,BOS,POR,604,0,0,home,BOS,1,1,1,0.704,0.99,weak,0,0,0,0.704,"[-Inf,1)","[0.7,0.8)"
2018,400975532,2018-02-04,NY,ATL,643,0,0,away,ATL,0.998,1,3,0.28500000000000003,0.99,weak,-0.0020000000000000018,0,0.0020000000000000018,0.715,"[-Inf,1)","[0.7,0.8)"
2018,400975538,2018-02-05,MIA,ORL,679,0,0,away,ORL,1,1,2,0.29200000000000004,0.99,weak,0,0,0,0.708,"[-Inf,1)","[0.7,0.8)"
2018,400975541,2018-02-05,SAC,CHI,620,0,0,home,SAC,0.999,1,6,0.54,0.99,weak,-0.0010000000000000009,0,0.0010000000000000009,0.54,"[-Inf,1)","[0.5,0.6)"
2018,400975542,2018-02-05,LAC,DAL,649,0,0,home,LAC,0.99,1,3,0.69,0.99,weak,-0.010000000000000009,0,0.010000000000000009,0.69,"[-Inf,1)","[0.6,0.7)"
2018,400975557,2018-02-08,ORL,ATL,667,0,0,home,ORL,0.999,1,2,0.652,0.99,weak,-0.0010000000000000009,0,0.0010000000000000009,0.652,"[-Inf,1)","[0.6,0.7)"
2018,400975568,2018-02-09,CHI,MIN,618,0,0,home,CHI,0.999,1,1,0.357,0.99,weak,-0.0010000000000000009,0,0.0010000000000000009,0.643,"[-Inf,1)","[0.6,0.7)"
2018,400975591,2018-02-12,UTAH,SA,682,0,0,home,UTAH,0.999,1,2,0.534,0.99,weak,-0.0010000000000000009,0,0.0010000000000000009,0.534,"[-Inf,1)","[0.5,0.6)"
2018,400975655,2018-02-27,MIA,PHI,697,0,0,home,MIA,1,1,1,0.547,0.99,weak,0,0,0,0.547,"[-Inf,1)","[0.5,0.6)"
2018,400975665,2018-02-28,DAL,OKC,695,0,0,away,OKC,1,1,1,0.581,0.99,weak,0,0,0,0.581,"[-Inf,1)","[0.5,0.6)"
2018,400975685,2018-03-03,HOU,BOS,688,0,0,home,HOU,1,1,3,0.737,0.99,weak,0,0,0,0.737,"[-Inf,1)","[0.7,0.8)"
2018,400975689,2018-03-04,ATL,PHX,679,0,0,home,ATL,1,1,1,0.699,0.99,weak,0,0,0,0.699,"[-Inf,1)","[0.6,0.7)"
2018,400975697,2018-03-05,IND,MIL,586,0,0,home,IND,1,1,3,0.596,0.99,weak,0,0,0,0.596,"[-Inf,1)","[0.5,0.6)"
2018,400975712,2018-03-07,DET,TOR,709,0,0,away,TOR,1,1,2,0.644,0.99,weak,0,0,0,0.644,"[-Inf,1)","[0.6,0.7)"
2018,400975717,2018-03-07,LAL,ORL,625,0,0,home,LAL,1,1,1,0.687,0.99,weak,0,0,0,0.687,"[-Inf,1)","[0.6,0.7)"
2018,400975725,2018-03-09,TOR,HOU,602,0,0,home,TOR,1,1,3,0.569,0.99,weak,0,0,0,0.569,"[-Inf,1)","[0.5,0.6)"
2018,400975740,2018-03-11,MIN,GS,624,0,0,home,MIN,1,1,6,0.435,0.99,weak,0,0,0,0.565,"[-Inf,1)","[0.5,0.6)"
2018,400975744,2018-03-11,BOS,IND,625,0,0,away,IND,1,1,2,0.22599999999999998,0.99,weak,0,0,0,0.774,"[-Inf,1)","[0.7,0.8)"
2018,400975763,2018-03-14,BOS,WSH,781,0,0,away,WSH,1,1,1,0.258,0.99,weak,0,0,0,0.742,"[-Inf,1)","[0.7,0.8)"
2018,400975770,2018-03-15,MEM,CHI,665,0,0,away,CHI,1,1,1,0.31899999999999995,0.99,weak,0,0,0,0.681,"[-Inf,1)","[0.6,0.7)"
2018,400975780,2018-03-16,LAL,MIA,630,0,0,away,MIA,1,1,1,0.43600000000000005,0.99,weak,0,0,0,0.564,"[-Inf,1)","[0.5,0.6)"
2018,400975800,2018-03-19,MIA,DEN,703,0,0,home,MIA,1,1,2,0.596,0.99,weak,0,0,0,0.596,"[-Inf,1)","[0.5,0.6)"
2018,400975810,2018-03-20,POR,HOU,605,0,0,away,HOU,1,1,4,0.6,0.99,weak,0,0,0,0.6,"[-Inf,1)","[0.6,0.7)"
2018,400975811,2018-03-21,CLE,TOR,619,0,0,home,CLE,1,1,3,0.399,0.99,weak,0,0,0,0.601,"[-Inf,1)","[0.6,0.7)"
2018,400975828,2018-03-23,TOR,BKN,696,0,0,home,TOR,1,1,4,0.899,0.99,weak,0,0,0,0.899,"[-Inf,1)","[0.8,0.9)"
2018,400975841,2018-03-25,MIL,SA,625,0,0,home,MIL,1,1,3,0.466,0.99,weak,0,0,0,0.534,"[-Inf,1)","[0.5,0.6)"
2018,400975846,2018-03-25,OKC,POR,643,0,0,away,POR,1,1,3,0.367,0.99,weak,0,0,0,0.633,"[-Inf,1)","[0.6,0.7)"
2018,400975873,2018-03-29,SAC,IND,583,0,0,away,IND,1,1,3,0.628,0.99,weak,0,0,0,0.628,"[-Inf,1)","[0.6,0.7)"
2018,400975879,2018-03-30,OKC,DEN,765,0,0,away,DEN,1,1,1,0.349,0.99,weak,0,0,0,0.651,"[-Inf,1)","[0.6,0.7)"
2018,400975922,2018-04-05,CLE,WSH,620,0,0,home,CLE,1,1,4,0.599,0.99,weak,0,0,0,0.599,"[-Inf,1)","[0.5,0.6)"
2018,400975934,2018-04-06,MEM,SAC,622,0,0,away,SAC,1,1,1,0.387,0.99,weak,0,0,0,0.613,"[-Inf,1)","[0.6,0.7)"
2019,401070711,2018-10-20,NY,BOS,710,0,0,away,BOS,1,1,2,0.738,0.99,weak,0,0,0,0.738,"[-Inf,1)","[0.7,0.8)"
2019,401070714,2018-10-20,CHI,DET,683,0,0,away,DET,1,1,2,0.54,0.99,weak,0,0,0,0.54,"[-Inf,1)","[0.5,0.6)"
2019,401070727,2018-10-22,POR,WSH,795,0,0,away,WSH,1,1,1,0.371,0.99,weak,0,0,0,0.629,"[-Inf,1)","[0.6,0.7)"
2019,401070730,2018-10-23,DET,PHI,798,0,0,home,DET,1,1,1,0.458,0.99,weak,0,0,0,0.542,"[-Inf,1)","[0.5,0.6)"
2019,401070753,2018-10-26,NO,BKN,723,0,0,home,NO,1,1,2,0.81,0.99,weak,0,0,0,0.81,"[-Inf,1)","[0.8,0.9)"
2019,401070759,2018-10-27,PHI,CHA,742,0,0,home,PHI,1,1,2,0.735,0.99,weak,0,0,0,0.735,"[-Inf,1)","[0.7,0.8)"
2019,401070763,2018-10-27,SA,LAL,692,0,0,home,SA,1,1,4,0.52,0.99,weak,0,0,0,0.52,"[-Inf,1)","[0.5,0.6)"
2019,401070808,2018-11-03,IND,BOS,664,0,0,home,IND,1,1,1,0.485,0.99,weak,0,0,0,0.515,"[-Inf,1)","[0.5,0.6)"
2019,401070823,2018-11-05,ORL,CLE,608,0,0,home,ORL,1,1,2,0.618,0.99,weak,0,0,0,0.618,"[-Inf,1)","[0.6,0.7)"
2019,401070849,2018-11-09,PHI,CHA,899,0,0,home,PHI,1,1,1,0.621,0.99,weak,0,0,0,0.621,"[-Inf,1)","[0.6,0.7)"
2019,401070887,2018-11-14,TOR,DET,666,0,0,away,DET,1,1,2,0.19899999999999995,0.99,weak,0,0,0,0.801,"[-Inf,1)","[0.8,0.9)"
2019,401070888,2018-11-14,MIL,MEM,640,0,0,away,MEM,1,1,2,0.137,0.99,weak,0,0,0,0.863,"[-Inf,1)","[0.8,0.9)"
2019,401070934,2018-11-21,PHI,NO,748,0,0,home,PHI,1,1,1,0.598,0.99,weak,0,0,0,0.598,"[-Inf,1)","[0.5,0.6)"
2019,401070956,2018-11-23,MIL,PHX,697,0,0,away,PHX,1,1,2,0.05900000000000005,0.99,weak,0,0,0,0.941,"[-Inf,1)","[0.9,1]"
2019,401070967,2018-11-25,LAL,ORL,672,0,0,away,ORL,1,1,4,0.21199999999999997,0.99,weak,0,0,0,0.788,"[-Inf,1)","[0.7,0.8)"
2019,401071010,2018-11-30,POR,DEN,659,0,0,away,DEN,1,1,1,0.558,0.99,weak,0,0,0,0.558,"[-Inf,1)","[0.5,0.6)"
2019,401071028,2018-12-03,TOR,DEN,676,0,0,away,DEN,1,1,3,0.384,0.99,weak,0,0,0,0.616,"[-Inf,1)","[0.6,0.7)"
2019,401071039,2018-12-05,BKN,OKC,745,0,0,away,OKC,1,1,2,0.643,0.99,weak,0,0,0,0.643,"[-Inf,1)","[0.6,0.7)"
2019,401071055,2018-12-07,NO,MEM,695,0,0,away,MEM,1,1,4,0.32599999999999996,0.99,weak,0,0,0,0.674,"[-Inf,1)","[0.6,0.7)"
2019,401071069,2018-12-09,TOR,MIL,675,0,0,away,MIL,1,1,5,0.397,0.99,weak,0,0,0,0.603,"[-Inf,1)","[0.6,0.7)"
2019,401071102,2018-12-14,CHA,NY,707,0,0,away,NY,1,1,2,0.22199999999999998,0.99,weak,0,0,0,0.778,"[-Inf,1)","[0.7,0.8)"
2019,401071132,2018-12-18,IND,CLE,630,0,0,away,CLE,1,1,1,0.11599999999999999,0.99,weak,0,0,0,0.884,"[-Inf,1)","[0.8,0.9)"
2019,401071141,2018-12-19,CHI,BKN,602,0,0,away,BKN,1,1,3,0.5640000000000001,0.99,weak,0,0,0,0.5640000000000001,"[-Inf,1)","[0.5,0.6)"
2019,401071161,2018-12-22,WSH,PHX,843,0,0,home,WSH,1,1,3,0.716,0.99,weak,0,0,0,0.716,"[-Inf,1)","[0.7,0.8)"
2019,401071174,2018-12-23,OKC,MIN,697,0,0,away,MIN,1,1,2,0.261,0.99,weak,0,0,0,0.739,"[-Inf,1)","[0.7,0.8)"
2019,401071175,2018-12-23,GS,LAC,712,0,0,home,GS,1,1,2,0.736,0.99,weak,0,0,0,0.736,"[-Inf,1)","[0.7,0.8)"
2019,401071190,2018-12-27,SAC,LAL,684,0,0,home,SAC,1,1,1,0.446,0.99,weak,0,0,0,0.554,"[-Inf,1)","[0.5,0.6)"
2019,401071199,2018-12-28,NO,DAL,691,0,0,home,NO,1,1,2,0.667,0.99,weak,0,0,0,0.667,"[-Inf,1)","[0.6,0.7)"
2019,401071206,2018-12-29,ATL,CLE,706,0,0,home,ATL,1,1,3,0.582,0.99,weak,0,0,0,0.582,"[-Inf,1)","[0.5,0.6)"
2019,401071212,2018-12-30,ORL,DET,665,0,0,home,ORL,1,1,2,0.514,0.99,weak,0,0,0,0.514,"[-Inf,1)","[0.5,0.6)"
2019,401071240,2019-01-03,SAC,DEN,661,0,0,away,DEN,1,1,4,0.613,0.99,weak,0,0,0,0.613,"[-Inf,1)","[0.6,0.7)"
2019,401071306,2019-01-12,LAC,DET,651,0,0,away,DET,1,1,5,0.267,0.99,weak,0,0,0,0.733,"[-Inf,1)","[0.7,0.8)"
2019,401071308,2019-01-12,ORL,BOS,642,0,0,home,ORL,1,1,2,0.276,0.99,weak,0,0,0,0.724,"[-Inf,1)","[0.7,0.8)"
2019,401071318,2019-01-13,DAL,GS,674,0,0,away,GS,1,1,5,0.6,0.99,weak,0,0,0,0.6,"[-Inf,1)","[0.6,0.7)"
2019,401071335,2019-01-16,HOU,BKN,760,0,0,away,BKN,0.997,1,3,0.25,0.99,weak,-0.0030000000000000027,0,0.0030000000000000027,0.75,"[-Inf,1)","[0.7,0.8)"
2019,401071344,2019-01-17,TOR,PHX,680,0,0,home,TOR,1,1,2,0.895,0.99,weak,0,0,0,0.895,"[-Inf,1)","[0.8,0.9)"
2019,401071350,2019-01-18,MIN,SA,733,0,0,away,SA,1,1,3,0.45399999999999996,0.99,weak,0,0,0,0.546,"[-Inf,1)","[0.5,0.6)"
2019,401071356,2019-01-19,DET,SAC,679,0,0,away,SAC,1,1,2,0.41300000000000003,0.99,weak,0,0,0,0.587,"[-Inf,1)","[0.5,0.6)"
2019,401071365,2019-01-20,MIN,PHX,765,0,0,home,MIN,1,1,2,0.839,0.99,weak,0,0,0,0.839,"[-Inf,1)","[0.8,0.9)"
2019,401071381,2019-01-23,BKN,ORL,717,0,0,home,BKN,1,1,4,0.704,0.99,weak,0,0,0,0.704,"[-Inf,1)","[0.7,0.8)"
2019,401071384,2019-01-23,PHI,SA,644,0,0,home,PHI,1,1,2,0.616,0.99,weak,0,0,0,0.616,"[-Inf,1)","[0.6,0.7)"
2019,401071398,2019-01-25,MEM,SAC,678,0,0,away,SAC,1,1,3,0.44699999999999995,0.99,weak,0,0,0,0.553,"[-Inf,1)","[0.5,0.6)"
2019,401071427,2019-01-29,SA,PHX,654,0,0,home,SA,1,1,2,0.875,0.99,weak,0,0,0,0.875,"[-Inf,1)","[0.8,0.9)"
2019,401071440,2019-01-31,SA,BKN,739,0,0,home,SA,1,1,3,0.712,0.99,weak,0,0,0,0.712,"[-Inf,1)","[0.7,0.8)"
2019,401071442,2019-01-31,LAC,LAL,820,0,0,away,LAL,1,1,3,0.372,0.99,weak,0,0,0,0.628,"[-Inf,1)","[0.6,0.7)"
2019,401071466,2019-02-04,NO,IND,665,0,0,away,IND,1,1,2,0.43799999999999994,0.99,weak,0,0,0,0.562,"[-Inf,1)","[0.5,0.6)"
2019,401071469,2019-02-05,CHA,LAC,663,0,0,away,LAC,1,1,2,0.41600000000000004,0.99,weak,0,0,0,0.584,"[-Inf,1)","[0.5,0.6)"
2019,401071522,2019-02-12,PHI,BOS,678,0,0,away,BOS,1,1,3,0.508,0.99,weak,0,0,0,0.508,"[-Inf,1)","[0.5,0.6)"
2019,401071523,2019-02-12,MEM,SA,655,0,0,away,SA,1,1,1,0.527,0.99,weak,0,0,0,0.527,"[-Inf,1)","[0.5,0.6)"
2019,401071543,2019-02-21,MIL,BOS,628,0,0,home,MIL,1,1,1,0.685,0.99,weak,0,0,0,0.685,"[-Inf,1)","[0.6,0.7)"
2019,401071548,2019-02-22,ORL,CHI,653,0,0,away,CHI,1,1,1,0.22199999999999998,0.99,weak,0,0,0,0.778,"[-Inf,1)","[0.7,0.8)"
2019,401071554,2019-02-22,OKC,UTAH,852,0,0,home,OKC,1,1,1,0.615,0.99,weak,0,0,0,0.615,"[-Inf,1)","[0.6,0.7)"
2019,401071557,2019-02-23,CHA,BKN,665,0,0,away,BKN,1,1,2,0.42700000000000005,0.99,weak,0,0,0,0.573,"[-Inf,1)","[0.5,0.6)"
2019,401071593,2019-02-27,SAC,MIL,819,0,0,away,MIL,1,1,1,0.7070000000000001,0.99,weak,0,0,0,0.7070000000000001,"[-Inf,1)","[0.7,0.8)"
2019,401071598,2019-02-28,HOU,MIA,621,0,0,home,HOU,1,1,3,0.75,0.99,weak,0,0,0,0.75,"[-Inf,1)","[0.7,0.8)"
2019,401071603,2019-03-01,TOR,POR,642,0,0,home,TOR,1,1,2,0.703,0.99,weak,0,0,0,0.703,"[-Inf,1)","[0.7,0.8)"
2019,401071626,2019-03-04,MIA,ATL,721,0,0,home,MIA,1,1,1,0.822,0.99,weak,0,0,0,0.822,"[-Inf,1)","[0.8,0.9)"
2019,401071643,2019-03-06,CHI,PHI,687,0,0,home,CHI,1,1,1,0.253,0.99,weak,0,0,0,0.747,"[-Inf,1)","[0.7,0.8)"
2019,401071691,2019-03-13,HOU,GS,621,0,0,away,GS,1,1,2,0.507,0.99,weak,0,0,0,0.507,"[-Inf,1)","[0.5,0.6)"
2019,401071693,2019-03-14,IND,OKC,663,0,0,home,IND,1,1,2,0.606,0.99,weak,0,0,0,0.606,"[-Inf,1)","[0.6,0.7)"
2019,401071698,2019-03-14,DEN,DAL,603,0,0,home,DEN,1,1,1,0.8,0.99,weak,0,0,0,0.8,"[-Inf,1)","[0.8,0.9)"
2019,401071736,2019-03-19,SAC,BKN,699,0,0,away,BKN,1,1,2,0.395,0.99,weak,0,0,0,0.605,"[-Inf,1)","[0.6,0.7)"
2019,401071738,2019-03-20,CLE,MIL,686,0,0,home,CLE,1,1,5,0.136,0.99,weak,0,0,0,0.864,"[-Inf,1)","[0.8,0.9)"
2019,401071753,2019-03-22,ORL,MEM,765,0,0,home,ORL,1,1,4,0.643,0.99,weak,0,0,0,0.643,"[-Inf,1)","[0.6,0.7)"
2019,401071754,2019-03-22,CLE,LAC,621,0,0,away,LAC,1,1,2,0.742,0.99,weak,0,0,0,0.742,"[-Inf,1)","[0.7,0.8)"
2019,401071771,2019-03-24,TOR,CHA,638,0,0,away,CHA,1,1,1,0.17700000000000005,0.99,weak,0,0,0,0.823,"[-Inf,1)","[0.8,0.9)"
2019,401071803,2019-03-29,BOS,IND,657,0,0,home,BOS,1,1,2,0.679,0.99,weak,0,0,0,0.679,"[-Inf,1)","[0.6,0.7)"
2019,401071818,2019-03-31,ATL,MIL,789,0,0,home,ATL,1,1,1,0.138,0.99,weak,0,0,0,0.862,"[-Inf,1)","[0.8,0.9)"
2019,401071845,2019-04-03,DAL,MIN,644,0,0,away,MIN,1,1,2,0.41500000000000004,0.99,weak,0,0,0,0.585,"[-Inf,1)","[0.5,0.6)"
2019,401071858,2019-04-05,MIN,MIA,648,0,0,home,MIN,1,1,2,0.609,0.99,weak,0,0,0,0.609,"[-Inf,1)","[0.6,0.7)"
2019,401071866,2019-04-06,MIL,BKN,690,0,0,away,BKN,1,1,5,0.14500000000000002,0.99,weak,0,0,0,0.855,"[-Inf,1)","[0.8,0.9)"
2019,401071877,2019-04-07,NY,WSH,613,0,0,home,NY,1,1,3,0.41,0.99,weak,0,0,0,0.5900000000000001,"[-Inf,1)","[0.5,0.6)"
2019,401071880,2019-04-07,SAC,NO,652,0,0,away,NO,1,1,4,0.40900000000000003,0.99,weak,0,0,0,0.591,"[-Inf,1)","[0.5,0.6)"
2019,401071891,2019-04-09,OKC,HOU,656,0,0,home,OKC,1,1,1,0.528,0.99,weak,0,0,0,0.528,"[-Inf,1)","[0.5,0.6)"
2019,401071892,2019-04-09,LAL,POR,657,0,0,away,POR,1,1,3,0.5469999999999999,0.99,weak,0,0,0,0.5469999999999999,"[-Inf,1)","[0.5,0.6)"
2019,401071903,2019-04-10,POR,SAC,569,0,0,home,POR,1,1,5,0.738,0.99,weak,0,0,0,0.738,"[-Inf,1)","[0.7,0.8)"
2020,401160625,2019-10-23,CHA,CHI,714,0,0,home,CHA,1,1,1,0.469,0.99,weak,0,0,0,0.531,"[-Inf,1)","[0.5,0.6)"
2020,401160628,2019-10-23,BKN,MIN,793,0,0,away,MIN,1,1,1,0.353,0.99,weak,0,0,0,0.647,"[-Inf,1)","[0.6,0.7)"
2020,401160674,2019-10-26,HOU,NO,724,0,0,home,HOU,1,1,3,0.807,0.99,weak,0,0,0,0.807,"[-Inf,1)","[0.8,0.9)"
2020,401160675,2019-10-26,SA,WSH,668,0,0,home,SA,1,1,2,0.818,0.99,weak,0,0,0,0.818,"[-Inf,1)","[0.8,0.9)"
2020,401160679,2019-10-27,MEM,BKN,836,0,0,home,MEM,1,1,1,0.543,0.99,weak,0,0,0,0.543,"[-Inf,1)","[0.5,0.6)"
2020,401160685,2019-10-28,ATL,PHI,820,0,0,away,PHI,1,1,2,0.596,0.99,weak,0,0,0,0.596,"[-Inf,1)","[0.5,0.6)"
2020,401160687,2019-10-28,HOU,OKC,726,0,0,home,HOU,1,1,4,0.774,0.99,weak,0,0,0,0.774,"[-Inf,1)","[0.7,0.8)"
2020,401160695,2019-10-29,DEN,DAL,665,0,0,away,DAL,1,1,3,0.30000000000000004,0.99,weak,0,0,0,0.7,"[-Inf,1)","[0.7,0.8)"
2020,401160703,2019-10-30,WSH,HOU,735,0,0,away,HOU,1,1,1,0.617,0.99,weak,0,0,0,0.617,"[-Inf,1)","[0.6,0.7)"
2020,401160714,2019-11-01,BOS,NY,665,0,0,home,BOS,1,1,2,0.852,0.99,weak,0,0,0,0.852,"[-Inf,1)","[0.8,0.9)"
2020,401160717,2019-11-01,SAC,UTAH,653,0,0,home,SAC,1,1,1,0.295,0.99,weak,0,0,0,0.7050000000000001,"[-Inf,1)","[0.7,0.8)"
2020,401160721,2019-11-02,ORL,DEN,667,0,0,away,DEN,1,1,4,0.581,0.99,weak,0,0,0,0.581,"[-Inf,1)","[0.5,0.6)"
2020,401160726,2019-11-02,POR,PHI,684,0,0,away,PHI,1,1,1,0.513,0.99,weak,0,0,0,0.513,"[-Inf,1)","[0.5,0.6)"
2020,401160764,2019-11-08,DAL,NY,699,0,0,away,NY,1,1,4,0.17100000000000004,0.99,weak,0,0,0,0.829,"[-Inf,1)","[0.8,0.9)"
2020,401160766,2019-11-08,UTAH,MIL,756,0,0,home,UTAH,1,1,3,0.506,0.99,weak,0,0,0,0.506,"[-Inf,1)","[0.5,0.6)"
2020,401160789,2019-11-12,PHI,CLE,655,0,0,home,PHI,1,1,1,0.842,0.99,weak,0,0,0,0.842,"[-Inf,1)","[0.8,0.9)"
2020,401160796,2019-11-13,CHA,MEM,659,0,0,away,MEM,1,1,2,0.392,0.99,weak,0,0,0,0.608,"[-Inf,1)","[0.6,0.7)"
2020,401160809,2019-11-15,CHA,DET,637,0,0,home,CHA,1,1,3,0.409,0.99,weak,0,0,0,0.591,"[-Inf,1)","[0.5,0.6)"
2020,401160819,2019-11-16,NY,CHA,679,0,0,away,CHA,1,1,1,0.376,0.99,weak,0,0,0,0.624,"[-Inf,1)","[0.6,0.7)"
2020,401160826,2019-11-17,SAC,BOS,642,0,0,home,SAC,1,1,1,0.39,0.99,weak,0,0,0,0.61,"[-Inf,1)","[0.6,0.7)"
2020,401160862,2019-11-22,OKC,LAL,704,0,0,away,LAL,1,1,3,0.625,0.99,weak,0,0,0,0.625,"[-Inf,1)","[0.6,0.7)"
2020,401160866,2019-11-22,LAC,HOU,723,0,0,home,LAC,1,1,3,0.625,0.99,weak,0,0,0,0.625,"[-Inf,1)","[0.6,0.7)"
2020,401160868,2019-11-23,CHA,CHI,651,0,0,away,CHI,1,1,1,0.5489999999999999,0.99,weak,0,0,0,0.5489999999999999,"[-Inf,1)","[0.5,0.6)"
2020,401160882,2019-11-25,CLE,BKN,660,0,0,away,BKN,1,1,2,0.5409999999999999,0.99,weak,0,0,0,0.5409999999999999,"[-Inf,1)","[0.5,0.6)"
2020,401160896,2019-11-27,CHA,DET,636,0,0,home,CHA,1,1,1,0.418,0.99,weak,0,0,0,0.5820000000000001,"[-Inf,1)","[0.5,0.6)"
2020,401160922,2019-11-30,SAC,DEN,736,0,0,home,SAC,1,1,3,0.38,0.99,weak,0,0,0,0.62,"[-Inf,1)","[0.6,0.7)"
2020,401160923,2019-11-30,PHI,IND,661,0,0,home,PHI,1,1,3,0.665,0.99,weak,0,0,0,0.665,"[-Inf,1)","[0.6,0.7)"
2020,401160987,2019-12-09,CHI,TOR,665,0,0,away,TOR,1,1,1,0.6679999999999999,0.99,weak,0,0,0,0.6679999999999999,"[-Inf,1)","[0.6,0.7)"
2020,401160988,2019-12-09,HOU,SAC,645,0,0,away,SAC,1,1,1,0.17500000000000004,0.99,weak,0,0,0,0.825,"[-Inf,1)","[0.8,0.9)"
2020,401161024,2019-12-14,CHI,LAC,663,0,0,home,CHI,1,1,3,0.287,0.99,weak,0,0,0,0.7130000000000001,"[-Inf,1)","[0.7,0.8)"
2020,401161041,2019-12-16,OKC,CHI,652,0,0,home,OKC,1,1,3,0.699,0.99,weak,0,0,0,0.699,"[-Inf,1)","[0.6,0.7)"
2020,401161081,2019-12-22,TOR,DAL,694,0,0,home,TOR,1,1,3,0.551,0.99,weak,0,0,0,0.551,"[-Inf,1)","[0.5,0.6)"
2020,401161106,2019-12-26,SAC,MIN,819,0,0,away,MIN,1,1,1,0.358,0.99,weak,0,0,0,0.642,"[-Inf,1)","[0.6,0.7)"
2020,401161128,2019-12-29,TOR,OKC,616,0,0,away,OKC,1,1,1,0.28200000000000003,0.99,weak,0,0,0,0.718,"[-Inf,1)","[0.7,0.8)"
2020,401161144,2019-12-31,SA,GS,701,0,0,home,SA,1,1,4,0.723,0.99,weak,0,0,0,0.723,"[-Inf,1)","[0.7,0.8)"
2020,401161150,2020-01-02,CLE,CHA,600,0,0,away,CHA,1,1,3,0.394,0.99,weak,0,0,0,0.606,"[-Inf,1)","[0.6,0.7)"
2020,401161153,2020-01-02,CHI,UTAH,640,0,0,away,UTAH,1,1,4,0.577,0.99,weak,0,0,0,0.577,"[-Inf,1)","[0.5,0.6)"
2020,401161172,2020-01-04,DAL,CHA,738,0,0,away,CHA,0.993,1,3,0.08799999999999997,0.99,weak,-0.007000000000000006,0,0.007000000000000006,0.912,"[-Inf,1)","[0.9,1]"
2020,401161191,2020-01-07,TOR,POR,654,0,0,away,POR,1,1,2,0.241,0.99,weak,0,0,0,0.759,"[-Inf,1)","[0.7,0.8)"
2020,401161197,2020-01-08,CHA,TOR,716,0,0,away,TOR,1,1,2,0.758,0.99,weak,0,0,0,0.758,"[-Inf,1)","[0.7,0.8)"
2020,401161201,2020-01-08,DAL,DEN,643,0,0,away,DEN,1,1,1,0.32899999999999996,0.99,weak,0,0,0,0.671,"[-Inf,1)","[0.6,0.7)"
2020,401161210,2020-01-10,BKN,MIA,628,0,0,home,BKN,1,1,4,0.446,0.99,weak,0,0,0,0.554,"[-Inf,1)","[0.5,0.6)"
2020,401161229,2020-01-12,TOR,SA,657,0,0,away,SA,1,1,1,0.22099999999999997,0.99,weak,0,0,0,0.779,"[-Inf,1)","[0.7,0.8)"
2020,401161237,2020-01-13,POR,CHA,635,0,0,home,POR,1,1,3,0.824,0.99,weak,0,0,0,0.824,"[-Inf,1)","[0.8,0.9)"
2020,401161266,2020-01-17,SA,ATL,699,0,0,away,ATL,1,1,1,0.21399999999999997,0.99,weak,0,0,0,0.786,"[-Inf,1)","[0.7,0.8)"
2020,401161305,2020-01-22,NO,SA,676,0,0,away,SA,1,1,4,0.45099999999999996,0.99,weak,0,0,0,0.549,"[-Inf,1)","[0.5,0.6)"
2020,401161367,2020-01-31,PHX,OKC,702,0,0,away,OKC,1,1,4,0.487,0.99,weak,0,0,0,0.513,"[-Inf,1)","[0.5,0.6)"
2020,401161400,2020-02-05,TOR,IND,615,0,0,home,TOR,1,1,1,0.728,0.99,weak,0,0,0,0.728,"[-Inf,1)","[0.7,0.8)"
2020,401161418,2020-02-07,UTAH,POR,649,0,0,home,UTAH,1,1,3,0.765,0.99,weak,0,0,0,0.765,"[-Inf,1)","[0.7,0.8)"
2020,401161432,2020-02-09,HOU,UTAH,641,0,0,away,UTAH,1,1,1,0.403,0.99,weak,0,0,0,0.597,"[-Inf,1)","[0.5,0.6)"
2020,401161436,2020-02-10,IND,BKN,632,0,0,away,BKN,1,1,1,0.31100000000000005,0.99,weak,0,0,0,0.689,"[-Inf,1)","[0.6,0.7)"
2020,401161459,2020-02-12,DEN,LAL,721,0,0,away,LAL,1,1,4,0.473,0.99,weak,0,0,0,0.527,"[-Inf,1)","[0.5,0.6)"
2020,401161501,2020-02-25,CHI,OKC,664,0,0,away,OKC,1,1,2,0.603,0.99,weak,0,0,0,0.603,"[-Inf,1)","[0.6,0.7)"
2020,401161517,2020-02-27,OKC,SAC,696,0,0,home,OKC,1,1,4,0.724,0.99,weak,0,0,0,0.724,"[-Inf,1)","[0.7,0.8)"
2020,401161521,2020-02-28,TOR,CHA,716,0,0,away,CHA,1,1,3,0.07199999999999995,0.99,weak,0,0,0,0.928,"[-Inf,1)","[0.9,1]"
2020,401161551,2020-03-03,CHA,SA,618,0,0,away,SA,1,1,1,0.619,0.99,weak,0,0,0,0.619,"[-Inf,1)","[0.6,0.7)"
2020,401161568,2020-03-05,CHA,DEN,670,0,0,away,DEN,1,1,2,0.758,0.99,weak,0,0,0,0.758,"[-Inf,1)","[0.7,0.8)"
2020,401161584,2020-03-07,CLE,DEN,608,0,0,home,CLE,1,1,2,0.259,0.99,weak,0,0,0,0.741,"[-Inf,1)","[0.7,0.8)"
2020,401161598,2020-03-08,SAC,TOR,672,0,0,away,TOR,1,1,5,0.65,0.99,weak,0,0,0,0.65,"[-Inf,1)","[0.6,0.7)"
2020,401224713,2020-07-31,DAL,HOU,833,0,0,away,HOU,1,1,4,0.44899999999999995,0.99,weak,0,0,0,0.551,"[-Inf,1)","[0.5,0.6)"
2020,401224721,2020-08-02,MEM,SA,727,0,0,away,SA,1,1,2,0.5429999999999999,0.99,weak,0,0,0,0.5429999999999999,"[-Inf,1)","[0.5,0.6)"
2020,401224723,2020-08-02,HOU,MIL,726,0,0,home,HOU,1,1,4,0.303,0.99,weak,0,0,0,0.6970000000000001,"[-Inf,1)","[0.6,0.7)"
2020,401224731,2020-08-04,MIL,BKN,755,0,0,away,BKN,1,1,3,0.17800000000000005,0.99,weak,0,0,0,0.822,"[-Inf,1)","[0.8,0.9)"
2020,401224733,2020-08-04,LAC,PHX,612,0,0,away,PHX,1,1,2,0.256,0.99,weak,0,0,0,0.744,"[-Inf,1)","[0.7,0.8)"
2020,401224759,2020-08-08,DAL,MIL,861,0,0,home,DAL,1,1,4,0.34,0.99,weak,0,0,0,0.6599999999999999,"[-Inf,1)","[0.6,0.7)"
2020,401224781,2020-08-12,OKC,MIA,652,0,0,home,OKC,1,1,1,0.471,0.99,weak,0,0,0,0.529,"[-Inf,1)","[0.5,0.6)"
2021,401267179,2020-12-23,DEN,SAC,770,0,0,away,SAC,1,1,2,0.381,0.99,weak,0,0,0,0.619,"[-Inf,1)","[0.6,0.7)"
2021,401267189,2020-12-26,POR,HOU,726,0,0,home,POR,1,1,2,0.387,0.99,weak,0,0,0,0.613,"[-Inf,1)","[0.6,0.7)"
2021,401267192,2020-12-27,CHA,BKN,699,0,0,home,CHA,1,1,2,0.289,0.99,weak,0,0,0,0.7110000000000001,"[-Inf,1)","[0.7,0.8)"
2021,401267198,2020-12-27,CHI,GS,750,0,0,away,GS,1,1,1,0.65,0.99,weak,0,0,0,0.65,"[-Inf,1)","[0.6,0.7)"
2021,401267223,2020-12-31,WSH,CHI,748,0,0,away,CHI,1,1,3,0.27,0.99,weak,0,0,0,0.73,"[-Inf,1)","[0.7,0.8)"
2021,401267260,2021-01-04,NO,IND,742,0,0,away,IND,1,1,2,0.52,0.99,weak,0,0,0,0.52,"[-Inf,1)","[0.5,0.6)"
2021,401267298,2021-01-09,MIN,SA,701,0,0,away,SA,1,1,3,0.607,0.99,weak,0,0,0,0.607,"[-Inf,1)","[0.6,0.7)"
2021,401267341,2021-01-15,CLE,NY,637,0,0,home,CLE,1,1,3,0.564,0.99,weak,0,0,0,0.564,"[-Inf,1)","[0.5,0.6)"
2021,401267353,2021-01-16,MEM,PHI,715,0,0,home,MEM,1,1,2,0.385,0.99,weak,0,0,0,0.615,"[-Inf,1)","[0.6,0.7)"
2021,401267360,2021-01-17,DEN,UTAH,683,0,0,away,UTAH,1,1,4,0.508,0.99,weak,0,0,0,0.508,"[-Inf,1)","[0.5,0.6)"
2021,401267381,2021-01-20,MIN,ORL,681,0,0,away,ORL,1,1,1,0.563,0.99,weak,0,0,0,0.563,"[-Inf,1)","[0.5,0.6)"
2021,401267390,2021-01-22,DET,HOU,712,0,0,away,HOU,1,1,1,0.516,0.99,weak,0,0,0,0.516,"[-Inf,1)","[0.5,0.6)"
2021,401267403,2021-01-23,DET,PHI,709,0,0,away,PHI,1,1,4,0.6759999999999999,0.99,weak,0,0,0,0.6759999999999999,"[-Inf,1)","[0.6,0.7)"
2021,401267447,2021-01-28,HOU,POR,604,0,0,home,HOU,1,1,3,0.545,0.99,weak,0,0,0,0.545,"[-Inf,1)","[0.5,0.6)"
2021,401267452,2021-01-29,TOR,SAC,726,0,0,away,SAC,1,1,2,0.274,0.99,weak,0,0,0,0.726,"[-Inf,1)","[0.7,0.8)"
2021,401267479,2021-02-01,DAL,PHX,648,0,0,away,PHX,1,1,1,0.483,0.99,weak,0,0,0,0.517,"[-Inf,1)","[0.5,0.6)"
2021,401267503,2021-02-05,IND,NO,655,0,0,away,NO,1,1,1,0.474,0.99,weak,0,0,0,0.526,"[-Inf,1)","[0.5,0.6)"
2021,401267504,2021-02-05,ORL,CHI,681,0,0,home,ORL,1,1,4,0.488,0.99,weak,0,0,0,0.512,"[-Inf,1)","[0.5,0.6)"
2021,401267508,2021-02-05,OKC,MIN,622,0,0,away,MIN,1,1,3,0.41700000000000004,0.99,weak,0,0,0,0.583,"[-Inf,1)","[0.5,0.6)"
2021,401267510,2021-02-05,LAC,BOS,646,0,0,away,BOS,1,1,4,0.372,0.99,weak,0,0,0,0.628,"[-Inf,1)","[0.6,0.7)"
2021,401267526,2021-02-07,LAC,SAC,648,0,0,away,SAC,1,1,3,0.393,0.99,weak,0,0,0,0.607,"[-Inf,1)","[0.6,0.7)"
2021,401267531,2021-02-08,SA,GS,660,0,0,home,SA,1,1,5,0.444,0.99,weak,0,0,0,0.556,"[-Inf,1)","[0.5,0.6)"
2021,401267571,2021-02-14,DAL,POR,646,0,0,away,POR,1,1,3,0.368,0.99,weak,0,0,0,0.632,"[-Inf,1)","[0.6,0.7)"
2021,401267614,2021-02-19,MIN,TOR,660,0,0,away,TOR,1,1,5,0.757,0.99,weak,0,0,0,0.757,"[-Inf,1)","[0.7,0.8)"
2021,401267619,2021-02-20,CHA,GS,625,0,0,home,CHA,1,1,2,0.371,0.99,weak,0,0,0,0.629,"[-Inf,1)","[0.6,0.7)"
2021,401267640,2021-02-23,CLE,ATL,648,0,0,home,CLE,1,1,1,0.347,0.99,weak,0,0,0,0.653,"[-Inf,1)","[0.6,0.7)"
2021,401267688,2021-02-28,SAC,CHA,679,0,0,away,CHA,1,1,1,0.478,0.99,weak,0,0,0,0.522,"[-Inf,1)","[0.5,0.6)"
2021,401267710,2021-03-03,POR,GS,629,0,0,home,POR,1,1,3,0.328,0.99,weak,0,0,0,0.6719999999999999,"[-Inf,1)","[0.6,0.7)"
2021,401267711,2021-03-03,SAC,LAL,620,0,0,home,SAC,1,1,3,0.432,0.99,weak,0,0,0,0.5680000000000001,"[-Inf,1)","[0.5,0.6)"
2021,401267714,2021-03-04,WSH,LAC,752,0,0,home,WSH,1,1,2,0.345,0.99,weak,0,0,0,0.655,"[-Inf,1)","[0.6,0.7)"
2021,401267715,2021-03-04,MEM,MIL,723,0,0,away,MIL,1,1,1,0.706,0.99,weak,0,0,0,0.706,"[-Inf,1)","[0.7,0.8)"
2021,401307353,2021-03-11,TOR,ATL,745,0,0,away,ATL,1,1,1,0.31799999999999995,0.99,weak,0,0,0,0.682,"[-Inf,1)","[0.6,0.7)"
2021,401307363,2021-03-12,MEM,DEN,616,0,0,away,DEN,1,1,1,0.554,0.99,weak,0,0,0,0.554,"[-Inf,1)","[0.5,0.6)"
2021,401307368,2021-03-12,LAL,IND,685,0,0,home,LAL,1,1,5,0.702,0.99,weak,0,0,0,0.702,"[-Inf,1)","[0.7,0.8)"
2021,401307396,2021-03-16,PHI,NY,675,0,0,home,PHI,1,1,3,0.715,0.99,weak,0,0,0,0.715,"[-Inf,1)","[0.7,0.8)"
2021,401307399,2021-03-16,POR,NO,643,0,0,home,POR,1,1,1,0.516,0.99,weak,0,0,0,0.516,"[-Inf,1)","[0.5,0.6)"
2021,401307401,2021-03-17,DET,TOR,712,0,0,home,DET,1,1,4,0.284,0.99,weak,0,0,0,0.716,"[-Inf,1)","[0.7,0.8)"
2021,401307404,2021-03-17,WSH,SAC,731,0,0,away,SAC,1,1,2,0.521,0.99,weak,0,0,0,0.521,"[-Inf,1)","[0.5,0.6)"
2021,401307413,2021-03-18,NY,ORL,582,0,0,home,NY,1,1,1,0.585,0.99,weak,0,0,0,0.585,"[-Inf,1)","[0.5,0.6)"
2021,401307421,2021-03-19,TOR,UTAH,624,0,0,away,UTAH,1,1,3,0.513,0.99,weak,0,0,0,0.513,"[-Inf,1)","[0.5,0.6)"
2021,401307432,2021-03-21,MIA,IND,725,0,0,away,IND,1,1,3,0.373,0.99,weak,0,0,0,0.627,"[-Inf,1)","[0.6,0.7)"
2021,401307444,2021-03-22,SA,CHA,658,0,0,away,CHA,1,1,3,0.5389999999999999,0.99,weak,0,0,0,0.5389999999999999,"[-Inf,1)","[0.5,0.6)"
2021,401307458,2021-03-24,ORL,PHX,629,0,0,home,ORL,1,1,1,0.314,0.99,weak,0,0,0,0.6859999999999999,"[-Inf,1)","[0.6,0.7)"
2021,401307466,2021-03-24,SAC,ATL,631,0,0,home,SAC,1,1,2,0.559,0.99,weak,0,0,0,0.559,"[-Inf,1)","[0.5,0.6)"
2021,401307472,2021-03-26,DET,BKN,723,0,0,away,BKN,1,1,2,0.718,0.99,weak,0,0,0,0.718,"[-Inf,1)","[0.7,0.8)"
2021,401307492,2021-03-28,CHA,PHX,705,0,0,away,PHX,1,1,4,0.538,0.99,weak,0,0,0,0.538,"[-Inf,1)","[0.5,0.6)"
2021,401307553,2021-04-05,TOR,WSH,673,0,0,home,TOR,1,1,2,0.642,0.99,weak,0,0,0,0.642,"[-Inf,1)","[0.6,0.7)"
2021,401307591,2021-04-09,GS,WSH,669,0,0,away,WSH,1,1,3,0.29700000000000004,0.99,weak,0,0,0,0.703,"[-Inf,1)","[0.7,0.8)"
2021,401307623,2021-04-13,POR,BOS,668,0,0,away,BOS,1,1,1,0.482,0.99,weak,0,0,0,0.518,"[-Inf,1)","[0.5,0.6)"
2021,401307627,2021-04-14,DET,LAC,643,0,0,away,LAC,1,1,2,0.515,0.99,weak,0,0,0,0.515,"[-Inf,1)","[0.5,0.6)"
2021,401307633,2021-04-14,MEM,DAL,614,0,0,away,DAL,1,1,1,0.649,0.99,weak,0,0,0,0.649,"[-Inf,1)","[0.6,0.7)"
2021,401307643,2021-04-16,WSH,NO,742,0,0,home,WSH,1,1,2,0.439,0.99,weak,0,0,0,0.5609999999999999,"[-Inf,1)","[0.5,0.6)"
2021,401307659,2021-04-18,MIA,BKN,619,0,0,home,MIA,1,1,2,0.537,0.99,weak,0,0,0,0.537,"[-Inf,1)","[0.5,0.6)"
2021,401307661,2021-04-18,ORL,HOU,665,0,0,away,HOU,1,1,4,0.46799999999999997,0.99,weak,0,0,0,0.532,"[-Inf,1)","[0.5,0.6)"
2021,401307677,2021-04-20,POR,LAC,630,0,0,away,LAC,1,1,1,0.589,0.99,weak,0,0,0,0.589,"[-Inf,1)","[0.5,0.6)"
2021,401307689,2021-04-21,POR,DEN,599,0,0,away,DEN,1,1,1,0.42700000000000005,0.99,weak,0,0,0,0.573,"[-Inf,1)","[0.5,0.6)"
2021,401307690,2021-04-21,SAC,MIN,635,0,0,home,SAC,1,1,3,0.678,0.99,weak,0,0,0,0.678,"[-Inf,1)","[0.6,0.7)"
2021,401307726,2021-04-26,MIN,UTAH,682,0,0,home,MIN,1,1,1,0.172,0.99,weak,0,0,0,0.8280000000000001,"[-Inf,1)","[0.8,0.9)"
2021,401307741,2021-04-28,MIA,SA,644,0,0,home,MIA,1,1,5,0.745,0.99,weak,0,0,0,0.745,"[-Inf,1)","[0.7,0.8)"
2021,401307753,2021-04-30,BOS,SA,795,0,0,home,BOS,1,1,3,0.639,0.99,weak,0,0,0,0.639,"[-Inf,1)","[0.6,0.7)"
2021,401307770,2021-05-02,MIL,BKN,657,0,0,home,MIL,1,1,3,0.523,0.99,weak,0,0,0,0.523,"[-Inf,1)","[0.5,0.6)"
2021,401307776,2021-05-02,SA,PHI,713,0,0,away,PHI,1,1,2,0.706,0.99,weak,0,0,0,0.706,"[-Inf,1)","[0.7,0.8)"
2021,401307785,2021-05-03,LAL,DEN,644,0,0,home,LAL,1,1,4,0.493,0.99,weak,0,0,0,0.507,"[-Inf,1)","[0.5,0.6)"
2021,401307798,2021-05-05,MIL,WSH,764,0,0,home,MIL,1,1,1,0.704,0.99,weak,0,0,0,0.704,"[-Inf,1)","[0.7,0.8)"
2021,401307806,2021-05-06,TOR,WSH,844,0,0,away,WSH,1,1,2,0.366,0.99,weak,0,0,0,0.634,"[-Inf,1)","[0.6,0.7)"
2021,401307809,2021-05-07,PHI,NO,687,0,0,home,PHI,1,1,2,0.693,0.99,weak,0,0,0,0.693,"[-Inf,1)","[0.6,0.7)"
2021,401307828,2021-05-09,CHA,NO,746,0,0,away,NO,1,1,2,0.529,0.99,weak,0,0,0,0.529,"[-Inf,1)","[0.5,0.6)"
2021,401307863,2021-05-13,MEM,SAC,672,0,0,home,MEM,1,1,6,0.549,0.99,weak,0,0,0,0.549,"[-Inf,1)","[0.5,0.6)"
2021,401307865,2021-05-13,PHX,POR,613,0,0,home,PHX,1,1,1,0.579,0.99,weak,0,0,0,0.579,"[-Inf,1)","[0.5,0.6)"
2021,401307872,2021-05-14,MEM,SAC,660,0,0,home,MEM,1,1,1,0.347,0.99,weak,0,0,0,0.653,"[-Inf,1)","[0.6,0.7)"
2021,401307892,2021-05-16,SA,PHX,581,0,0,away,PHX,1,1,2,0.726,0.99,weak,0,0,0,0.726,"[-Inf,1)","[0.7,0.8)"
2022,401358785,2021-12-25,UTAH,DAL,754,0,0,home,UTAH,1,1,4,0.913,0.99,weak,0,0,0,0.913,"[-Inf,1)","[0.9,1]"
2022,401359833,2021-10-20,CHA,IND,760,0,0,home,CHA,1,1,1,0.531,0.99,weak,0,0,0,0.531,"[-Inf,1)","[0.5,0.6)"
2022,401359845,2021-10-22,WSH,IND,730,0,0,home,WSH,1,1,1,0.595,0.99,weak,0,0,0,0.595,"[-Inf,1)","[0.5,0.6)"
2022,401359877,2021-10-26,SA,LAL,783,0,0,away,LAL,1,1,4,0.42900000000000005,0.99,weak,0,0,0,0.571,"[-Inf,1)","[0.5,0.6)"
2022,401359940,2021-11-03,SA,DAL,727,0,0,away,DAL,1,1,1,0.42700000000000005,0.99,weak,0,0,0,0.573,"[-Inf,1)","[0.5,0.6)"
2022,401359982,2021-11-10,CLE,WSH,677,0,0,away,WSH,1,1,3,0.509,0.99,weak,0,0,0,0.509,"[-Inf,1)","[0.5,0.6)"
2022,401360004,2021-11-12,OKC,SAC,660,0,0,home,OKC,1,1,2,0.391,0.99,weak,0,0,0,0.609,"[-Inf,1)","[0.6,0.7)"
2022,401360014,2021-11-13,CLE,BOS,597,0,0,home,CLE,1,1,2,0.531,0.99,weak,0,0,0,0.531,"[-Inf,1)","[0.5,0.6)"
2022,401360018,2021-11-14,CHA,GS,712,0,0,home,CHA,1,1,4,0.397,0.99,weak,0,0,0,0.603,"[-Inf,1)","[0.6,0.7)"
2022,401360057,2021-11-19,BKN,ORL,708,0,0,home,BKN,1,1,2,0.815,0.99,weak,0,0,0,0.815,"[-Inf,1)","[0.8,0.9)"
2022,401360115,2021-11-26,LAL,SAC,886,0,0,away,SAC,1,1,4,0.482,0.99,weak,0,0,0,0.518,"[-Inf,1)","[0.5,0.6)"
2022,401360148,2021-12-01,MIL,CHA,700,0,0,home,MIL,1,1,2,0.596,0.99,weak,0,0,0,0.596,"[-Inf,1)","[0.5,0.6)"
2022,401360159,2021-12-03,ATL,PHI,668,0,0,away,PHI,1,1,2,0.43300000000000005,0.99,weak,0,0,0,0.567,"[-Inf,1)","[0.5,0.6)"
2022,401360167,2021-12-04,BKN,CHI,662,0,0,away,CHI,1,1,4,0.373,0.99,weak,0,0,0,0.627,"[-Inf,1)","[0.6,0.7)"
2022,401360229,2021-12-13,IND,GS,701,0,0,away,GS,1,1,2,0.609,0.99,weak,0,0,0,0.609,"[-Inf,1)","[0.6,0.7)"
2022,401360237,2021-12-14,BKN,TOR,715,0,0,home,BKN,1,1,2,0.685,0.99,weak,0,0,0,0.685,"[-Inf,1)","[0.6,0.7)"
2022,401360244,2021-12-15,DAL,LAL,703,0,0,away,LAL,1,1,3,0.372,0.99,weak,0,0,0,0.628,"[-Inf,1)","[0.6,0.7)"
2022,401360246,2021-12-15,OKC,NO,699,0,0,away,NO,1,1,3,0.5529999999999999,0.99,weak,0,0,0,0.5529999999999999,"[-Inf,1)","[0.5,0.6)"
2022,401360259,2021-12-17,BOS,GS,724,0,0,away,GS,1,1,4,0.653,0.99,weak,0,0,0,0.653,"[-Inf,1)","[0.6,0.7)"
2022,401360268,2021-12-18,OKC,LAC,660,0,0,home,OKC,1,1,1,0.364,0.99,weak,0,0,0,0.636,"[-Inf,1)","[0.6,0.7)"
2022,401360324,2021-12-27,PHX,MEM,698,0,0,away,MEM,1,1,1,0.243,0.99,weak,0,0,0,0.757,"[-Inf,1)","[0.7,0.8)"
2022,401360339,2021-12-29,MEM,LAL,676,0,0,home,MEM,1,1,5,0.744,0.99,weak,0,0,0,0.744,"[-Inf,1)","[0.7,0.8)"
2022,401360349,2021-12-31,IND,CHI,713,0,0,away,CHI,1,1,2,0.514,0.99,weak,0,0,0,0.514,"[-Inf,1)","[0.5,0.6)"
2022,401360352,2021-12-31,CLE,ATL,656,0,0,away,ATL,1,1,3,0.31799999999999995,0.99,weak,0,0,0,0.682,"[-Inf,1)","[0.6,0.7)"
2022,401360367,2022-01-02,SAC,MIA,640,0,0,home,SAC,1,1,2,0.365,0.99,weak,0,0,0,0.635,"[-Inf,1)","[0.6,0.7)"
2022,401360417,2022-01-09,ORL,WSH,685,0,0,away,WSH,1,1,2,0.601,0.99,weak,0,0,0,0.601,"[-Inf,1)","[0.6,0.7)"
2022,401360420,2022-01-09,OKC,DEN,611,0,0,away,DEN,1,1,4,0.606,0.99,weak,0,0,0,0.606,"[-Inf,1)","[0.6,0.7)"
2022,401360421,2022-01-09,BKN,SA,772,0,0,home,BKN,1,1,2,0.684,0.99,weak,0,0,0,0.684,"[-Inf,1)","[0.6,0.7)"
2022,401360426,2022-01-10,CHA,MIL,662,0,0,home,CHA,1,1,4,0.613,0.99,weak,0,0,0,0.613,"[-Inf,1)","[0.6,0.7)"
2022,401360432,2022-01-11,TOR,PHX,648,0,0,away,PHX,1,1,4,0.507,0.99,weak,0,0,0,0.507,"[-Inf,1)","[0.5,0.6)"
2022,401360434,2022-01-11,NO,MIN,742,0,0,home,NO,1,1,3,0.412,0.99,weak,0,0,0,0.5880000000000001,"[-Inf,1)","[0.5,0.6)"
2022,401360497,2022-01-19,DEN,LAC,695,0,0,home,DEN,1,1,2,0.839,0.99,weak,0,0,0,0.839,"[-Inf,1)","[0.8,0.9)"
2022,401360513,2022-01-21,GS,HOU,671,0,0,home,GS,1,1,2,0.761,0.99,weak,0,0,0,0.761,"[-Inf,1)","[0.7,0.8)"
2022,401360528,2022-01-24,CLE,NY,642,0,0,home,CLE,1,1,2,0.735,0.99,weak,0,0,0,0.735,"[-Inf,1)","[0.7,0.8)"
2022,401360535,2022-01-25,WSH,LAC,748,0,0,away,LAC,1,1,1,0.42600000000000005,0.99,weak,0,0,0,0.574,"[-Inf,1)","[0.5,0.6)"
2022,401360567,2022-01-29,MIA,TOR,818,0,0,away,TOR,1,1,4,0.40800000000000003,0.99,weak,0,0,0,0.592,"[-Inf,1)","[0.5,0.6)"
2022,401360569,2022-01-29,GS,BKN,740,0,0,home,GS,1,1,4,0.755,0.99,weak,0,0,0,0.755,"[-Inf,1)","[0.7,0.8)"
2022,401360580,2022-01-31,PHI,MEM,782,0,0,home,PHI,1,1,3,0.444,0.99,weak,0,0,0,0.556,"[-Inf,1)","[0.5,0.6)"
2022,401360592,2022-02-02,IND,ORL,688,0,0,away,ORL,1,1,1,0.45999999999999996,0.99,weak,0,0,0,0.54,"[-Inf,1)","[0.5,0.6)"
2022,401360605,2022-02-03,LAC,LAL,630,0,0,home,LAC,1,1,1,0.721,0.99,weak,0,0,0,0.721,"[-Inf,1)","[0.7,0.8)"
2022,401360606,2022-02-04,CHA,CLE,643,0,0,away,CLE,1,1,1,0.32199999999999995,0.99,weak,0,0,0,0.678,"[-Inf,1)","[0.6,0.7)"
2022,401360672,2022-02-12,DAL,LAC,611,0,0,away,LAC,1,1,2,0.22599999999999998,0.99,weak,0,0,0,0.774,"[-Inf,1)","[0.7,0.8)"
2022,401360694,2022-02-16,BOS,DET,604,0,0,away,DET,1,1,1,0.10899999999999999,0.99,weak,0,0,0,0.891,"[-Inf,1)","[0.8,0.9)"
2022,401360706,2022-02-17,MIL,PHI,674,0,0,away,PHI,1,1,3,0.347,0.99,weak,0,0,0,0.653,"[-Inf,1)","[0.6,0.7)"
2022,401360708,2022-02-24,DET,CLE,669,0,0,home,DET,1,1,3,0.39,0.99,weak,0,0,0,0.61,"[-Inf,1)","[0.6,0.7)"
2022,401360716,2022-02-25,IND,OKC,757,0,0,away,OKC,1,1,4,0.30500000000000005,0.99,weak,0,0,0,0.695,"[-Inf,1)","[0.6,0.7)"
2022,401360718,2022-02-25,WSH,SA,892,0,0,away,SA,1,1,4,0.591,0.99,weak,0,0,0,0.591,"[-Inf,1)","[0.5,0.6)"
2022,401360729,2022-02-26,MIL,BKN,783,0,0,away,BKN,1,1,3,0.268,0.99,weak,0,0,0,0.732,"[-Inf,1)","[0.7,0.8)"
2022,401360734,2022-02-27,CHA,DET,783,0,0,away,DET,1,1,1,0.273,0.99,weak,0,0,0,0.727,"[-Inf,1)","[0.7,0.8)"
2022,401360735,2022-02-27,HOU,LAC,676,0,0,away,LAC,1,1,1,0.593,0.99,weak,0,0,0,0.593,"[-Inf,1)","[0.5,0.6)"
2022,401360747,2022-03-01,TOR,BKN,654,0,0,home,TOR,1,1,1,0.743,0.99,weak,0,0,0,0.743,"[-Inf,1)","[0.7,0.8)"
2022,401360755,2022-03-02,MIL,MIA,674,0,0,home,MIL,1,1,1,0.515,0.99,weak,0,0,0,0.515,"[-Inf,1)","[0.5,0.6)"
2022,401360772,2022-03-04,PHX,NY,681,0,0,home,PHX,1,1,1,0.756,0.99,weak,0,0,0,0.756,"[-Inf,1)","[0.7,0.8)"
2022,401360795,2022-03-08,IND,CLE,704,0,0,away,CLE,1,1,3,0.522,0.99,weak,0,0,0,0.522,"[-Inf,1)","[0.5,0.6)"
2022,401360834,2022-03-13,ORL,PHI,720,0,0,away,PHI,1,1,2,0.657,0.99,weak,0,0,0,0.657,"[-Inf,1)","[0.6,0.7)"
2022,401360835,2022-03-13,ATL,IND,655,0,0,home,ATL,1,1,3,0.841,0.99,weak,0,0,0,0.841,"[-Inf,1)","[0.8,0.9)"
2022,401360855,2022-03-16,BKN,DAL,625,0,0,away,DAL,1,1,2,0.575,0.99,weak,0,0,0,0.575,"[-Inf,1)","[0.5,0.6)"
2022,401360859,2022-03-16,SA,OKC,688,0,0,home,SA,1,1,2,0.801,0.99,weak,0,0,0,0.801,"[-Inf,1)","[0.8,0.9)"
2022,401360890,2022-03-21,CHA,NO,639,0,0,home,CHA,1,1,3,0.616,0.99,weak,0,0,0,0.616,"[-Inf,1)","[0.6,0.7)"
2022,401360899,2022-03-22,ORL,GS,633,0,0,home,ORL,1,1,4,0.376,0.99,weak,0,0,0,0.624,"[-Inf,1)","[0.6,0.7)"
2022,401360920,2022-03-25,DET,WSH,641,0,0,away,WSH,1,1,3,0.265,0.99,weak,0,0,0,0.735,"[-Inf,1)","[0.7,0.8)"
2022,401360934,2022-03-27,DET,NY,634,0,0,away,NY,1,1,2,0.606,0.99,weak,0,0,0,0.606,"[-Inf,1)","[0.6,0.7)"
2022,401360941,2022-03-28,CHA,DEN,686,0,0,away,DEN,1,1,4,0.55,0.99,weak,0,0,0,0.55,"[-Inf,1)","[0.5,0.6)"
2022,401360949,2022-03-28,POR,OKC,712,0,0,away,OKC,1,1,3,0.554,0.99,weak,0,0,0,0.554,"[-Inf,1)","[0.5,0.6)"
2022,401360950,2022-03-29,PHI,MIL,656,0,0,away,MIL,1,1,2,0.42400000000000004,0.99,weak,0,0,0,0.576,"[-Inf,1)","[0.5,0.6)"
2022,401360961,2022-03-30,HOU,SAC,726,0,0,away,SAC,1,1,3,0.44599999999999995,0.99,weak,0,0,0,0.554,"[-Inf,1)","[0.5,0.6)"
2022,401360963,2022-03-30,SA,MEM,626,0,0,away,MEM,1,1,1,0.6579999999999999,0.99,weak,0,0,0,0.6579999999999999,"[-Inf,1)","[0.6,0.7)"
2022,401360967,2022-03-31,BKN,MIL,781,0,0,away,MIL,1,1,1,0.494,0.99,weak,0,0,0,0.506,"[-Inf,1)","[0.5,0.6)"
2022,401360979,2022-04-01,LAL,NO,666,0,0,away,NO,1,1,3,0.5920000000000001,0.99,weak,0,0,0,0.5920000000000001,"[-Inf,1)","[0.5,0.6)"
2022,401361004,2022-04-05,OKC,POR,604,0,0,home,OKC,1,1,4,0.709,0.99,weak,0,0,0,0.709,"[-Inf,1)","[0.7,0.8)"
2022,401361025,2022-04-08,TOR,HOU,627,0,0,home,TOR,1,1,2,0.875,0.99,weak,0,0,0,0.875,"[-Inf,1)","[0.8,0.9)"
2023,401468028,2022-10-19,PHX,DAL,675,0,0,home,PHX,1,1,2,0.575,0.99,weak,0,0,0,0.575,"[-Inf,1)","[0.5,0.6)"
2023,401468170,2022-10-20,PHI,MIL,636,0,0,away,MIL,1,1,2,0.26,0.99,weak,0,0,0,0.74,"[-Inf,1)","[0.7,0.8)"
2023,401468182,2022-10-21,POR,PHX,723,0,0,home,POR,1,1,2,0.368,0.99,weak,0,0,0,0.632,"[-Inf,1)","[0.6,0.7)"
2023,401468195,2022-10-23,NO,UTAH,812,0,0,away,UTAH,1,1,1,0.372,0.99,weak,0,0,0,0.628,"[-Inf,1)","[0.6,0.7)"
2023,401468221,2022-10-27,BKN,DAL,728,0,0,away,DAL,1,1,4,0.615,0.99,weak,0,0,0,0.615,"[-Inf,1)","[0.6,0.7)"
2023,401468242,2022-10-29,UTAH,MEM,689,0,0,home,UTAH,1,1,1,0.536,0.99,weak,0,0,0,0.536,"[-Inf,1)","[0.5,0.6)"
2023,401468257,2022-10-31,LAC,HOU,669,0,0,home,LAC,1,1,2,0.727,0.99,weak,0,0,0,0.727,"[-Inf,1)","[0.7,0.8)"
2023,401468262,2022-11-02,CLE,BOS,741,0,0,home,CLE,1,1,1,0.493,0.99,weak,0,0,0,0.507,"[-Inf,1)","[0.5,0.6)"
2023,401468272,2022-11-02,LAL,NO,720,0,0,home,LAL,1,1,3,0.437,0.99,weak,0,0,0,0.563,"[-Inf,1)","[0.5,0.6)"
2023,401468273,2022-11-03,ORL,GS,731,0,0,home,ORL,1,1,1,0.243,0.99,weak,0,0,0,0.757,"[-Inf,1)","[0.7,0.8)"
2023,401468276,2022-11-04,IND,MIA,658,0,0,home,IND,1,1,2,0.502,0.99,weak,0,0,0,0.502,"[-Inf,1)","[0.5,0.6)"
2023,401468277,2022-11-04,PHI,NY,741,0,0,away,NY,1,1,2,0.33699999999999997,0.99,weak,0,0,0,0.663,"[-Inf,1)","[0.6,0.7)"
2023,401468285,2022-11-04,PHX,POR,671,0,0,away,POR,1,1,2,0.11199999999999999,0.99,weak,0,0,0,0.888,"[-Inf,1)","[0.8,0.9)"
2023,401468287,2022-11-05,ORL,SAC,728,0,0,away,SAC,1,1,3,0.622,0.99,weak,0,0,0,0.622,"[-Inf,1)","[0.6,0.7)"
2023,401468305,2022-11-07,MIA,POR,603,0,0,away,POR,1,1,3,0.22999999999999998,0.99,weak,0,0,0,0.77,"[-Inf,1)","[0.7,0.8)"
2023,401468315,2022-11-09,IND,DEN,693,0,0,away,DEN,1,1,3,0.6,0.99,weak,0,0,0,0.6,"[-Inf,1)","[0.6,0.7)"
2023,401468357,2022-11-14,MIA,PHX,617,0,0,home,MIA,1,1,1,0.598,0.99,weak,0,0,0,0.598,"[-Inf,1)","[0.5,0.6)"
2023,401468376,2022-11-17,POR,BKN,723,0,0,away,BKN,1,1,2,0.44599999999999995,0.99,weak,0,0,0,0.554,"[-Inf,1)","[0.5,0.6)"
2023,401468379,2022-11-18,WSH,MIA,694,0,0,home,WSH,1,1,1,0.628,0.99,weak,0,0,0,0.628,"[-Inf,1)","[0.6,0.7)"
2023,401468387,2022-11-18,UTAH,PHX,706,0,0,home,UTAH,1,1,1,0.594,0.99,weak,0,0,0,0.594,"[-Inf,1)","[0.5,0.6)"
2023,401468390,2022-11-19,ATL,TOR,763,0,0,home,ATL,1,1,2,0.677,0.99,weak,0,0,0,0.677,"[-Inf,1)","[0.6,0.7)"
2023,401468391,2022-11-19,IND,ORL,660,0,0,home,IND,1,1,1,0.715,0.99,weak,0,0,0,0.715,"[-Inf,1)","[0.7,0.8)"
2023,401468401,2022-11-20,DAL,DEN,623,0,0,away,DEN,1,1,1,0.15400000000000003,0.99,weak,0,0,0,0.846,"[-Inf,1)","[0.8,0.9)"
2023,401468444,2022-11-26,PHX,UTAH,642,0,0,home,PHX,1,1,1,0.674,0.99,weak,0,0,0,0.674,"[-Inf,1)","[0.6,0.7)"
2023,401468463,2022-11-28,LAL,IND,715,0,0,away,IND,1,1,1,0.44399999999999995,0.99,weak,0,0,0,0.556,"[-Inf,1)","[0.5,0.6)"
2023,401468489,2022-12-02,PHX,HOU,689,0,0,away,HOU,1,1,1,0.16400000000000003,0.99,weak,0,0,0,0.836,"[-Inf,1)","[0.8,0.9)"
2023,401468507,2022-12-05,CHA,LAC,676,0,0,away,LAC,1,1,2,0.5700000000000001,0.99,weak,0,0,0,0.5700000000000001,"[-Inf,1)","[0.5,0.6)"
2023,401468517,2022-12-06,DEN,DAL,702,0,0,away,DAL,1,1,1,0.42800000000000005,0.99,weak,0,0,0,0.572,"[-Inf,1)","[0.5,0.6)"
2023,401468527,2022-12-07,UTAH,GS,688,0,0,home,UTAH,1,1,1,0.731,0.99,weak,0,0,0,0.731,"[-Inf,1)","[0.7,0.8)"
2023,401468531,2022-12-08,POR,DEN,647,0,0,away,DEN,1,1,1,0.554,0.99,weak,0,0,0,0.554,"[-Inf,1)","[0.5,0.6)"
2023,401468541,2022-12-09,DAL,MIL,699,0,0,away,MIL,0.996,1,1,0.42200000000000004,0.99,weak,-0.0040000000000000036,0,0.0040000000000000036,0.578,"[-Inf,1)","[0.5,0.6)"
2023,401468543,2022-12-10,IND,BKN,695,0,0,away,BKN,1,1,3,0.21899999999999997,0.99,weak,0,0,0,0.781,"[-Inf,1)","[0.7,0.8)"
2023,401468555,2022-12-11,ATL,CHI,749,0,0,home,ATL,1,1,1,0.602,0.99,weak,0,0,0,0.602,"[-Inf,1)","[0.6,0.7)"
2023,401468556,2022-12-11,HOU,MIL,666,0,0,home,HOU,1,1,5,0.223,0.99,weak,0,0,0,0.777,"[-Inf,1)","[0.7,0.8)"
2023,401468561,2022-12-12,SA,CLE,660,0,0,home,SA,1,1,1,0.231,0.99,weak,0,0,0,0.769,"[-Inf,1)","[0.7,0.8)"
2023,401468568,2022-12-13,LAL,BOS,686,0,0,away,BOS,1,1,4,0.685,0.99,weak,0,0,0,0.685,"[-Inf,1)","[0.6,0.7)"
2023,401468572,2022-12-14,TOR,SAC,640,0,0,away,SAC,1,1,1,0.375,0.99,weak,0,0,0,0.625,"[-Inf,1)","[0.6,0.7)"
2023,401468574,2022-12-14,OKC,MIA,641,0,0,away,MIA,0.999,1,2,0.469,0.99,weak,-0.0010000000000000009,0,0.0010000000000000009,0.531,"[-Inf,1)","[0.5,0.6)"
2023,401468579,2022-12-15,HOU,MIA,670,0,0,away,MIA,1,1,3,0.352,0.99,weak,0,0,0,0.648,"[-Inf,1)","[0.6,0.7)"
2023,401468588,2022-12-16,TOR,BKN,624,0,0,away,BKN,1,1,3,0.5349999999999999,0.99,weak,0,0,0,0.5349999999999999,"[-Inf,1)","[0.5,0.6)"
2023,401468590,2022-12-16,OKC,MIN,721,0,0,away,MIN,1,1,2,0.406,0.99,weak,0,0,0,0.594,"[-Inf,1)","[0.5,0.6)"
2023,401468595,2022-12-17,CLE,DAL,715,0,0,home,CLE,1,1,1,0.847,0.99,weak,0,0,0,0.847,"[-Inf,1)","[0.8,0.9)"
2023,401468601,2022-12-18,IND,NY,674,0,0,away,NY,1,1,3,0.502,0.99,weak,0,0,0,0.502,"[-Inf,1)","[0.5,0.6)"
2023,401468602,2022-12-18,DET,BKN,660,0,0,away,BKN,1,1,3,0.718,0.99,weak,0,0,0,0.718,"[-Inf,1)","[0.7,0.8)"
2023,401468605,2022-12-18,DEN,CHA,704,0,0,home,DEN,1,1,4,0.645,0.99,weak,0,0,0,0.645,"[-Inf,1)","[0.6,0.7)"
2023,401468606,2022-12-18,LAL,WSH,663,0,0,home,LAL,0.998,1,2,0.539,0.99,weak,-0.0020000000000000018,0,0.0020000000000000018,0.539,"[-Inf,1)","[0.5,0.6)"
2023,401468608,2022-12-19,PHI,TOR,665,0,0,home,PHI,1,1,3,0.79,0.99,weak,0,0,0,0.79,"[-Inf,1)","[0.7,0.8)"
2023,401468613,2022-12-19,OKC,POR,705,0,0,home,OKC,1,1,2,0.468,0.99,weak,0,0,0,0.532,"[-Inf,1)","[0.5,0.6)"
2023,401468623,2022-12-21,ATL,CHI,612,0,0,away,CHI,1,1,2,0.31299999999999994,0.99,weak,0,0,0,0.687,"[-Inf,1)","[0.6,0.7)"
2023,401468641,2022-12-23,MIA,IND,638,0,0,away,IND,0.998,1,3,0.28800000000000003,0.99,weak,-0.0020000000000000018,0,0.0020000000000000018,0.712,"[-Inf,1)","[0.7,0.8)"
2023,401468652,2022-12-25,DEN,PHX,767,0,0,home,DEN,1,1,3,0.59,0.99,weak,0,0,0,0.59,"[-Inf,1)","[0.5,0.6)"
2023,401468672,2022-12-28,ATL,BKN,604,0,0,away,BKN,1,1,1,0.759,0.99,weak,0,0,0,0.759,"[-Inf,1)","[0.7,0.8)"
2023,401468677,2022-12-28,SAC,DEN,675,0,0,home,SAC,1,1,1,0.563,0.99,weak,0,0,0,0.563,"[-Inf,1)","[0.5,0.6)"
2023,401468692,2022-12-30,SAC,UTAH,678,0,0,home,SAC,1,1,1,0.55,0.99,weak,0,0,0,0.55,"[-Inf,1)","[0.5,0.6)"
2023,401468693,2022-12-31,IND,LAC,660,0,0,home,IND,1,1,1,0.466,0.99,weak,0,0,0,0.534,"[-Inf,1)","[0.5,0.6)"
2023,401468695,2022-12-31,CHI,CLE,663,0,0,away,CLE,1,1,1,0.5800000000000001,0.99,weak,0,0,0,0.5800000000000001,"[-Inf,1)","[0.5,0.6)"
2023,401468697,2022-12-31,SA,DAL,657,0,0,away,DAL,1,1,1,0.648,0.99,weak,0,0,0,0.648,"[-Inf,1)","[0.6,0.7)"
2023,401468701,2022-12-31,UTAH,MIA,739,0,0,away,MIA,0.999,1,3,0.30900000000000005,0.99,weak,-0.0010000000000000009,0,0.0010000000000000009,0.691,"[-Inf,1)","[0.6,0.7)"
2023,401468713,2023-01-02,GS,ATL,871,0,0,home,GS,1,1,2,0.508,0.99,weak,0,0,0,0.508,"[-Inf,1)","[0.5,0.6)"
2023,401468718,2023-01-03,UTAH,SAC,708,0,0,away,SAC,1,1,2,0.379,0.99,weak,0,0,0,0.621,"[-Inf,1)","[0.6,0.7)"
2023,401468723,2023-01-04,NY,SA,699,0,0,home,NY,1,1,3,0.842,0.99,weak,0,0,0,0.842,"[-Inf,1)","[0.8,0.9)"
2023,401468730,2023-01-04,SAC,ATL,661,0,0,away,ATL,1,1,3,0.42400000000000004,0.99,weak,0,0,0,0.576,"[-Inf,1)","[0.5,0.6)"
2023,401468750,2023-01-07,SAC,LAL,728,0,0,away,LAL,1,1,2,0.238,0.99,weak,0,0,0,0.762,"[-Inf,1)","[0.7,0.8)"
2023,401468754,2023-01-08,MIA,BKN,646,0,0,away,BKN,0.995,1,1,0.643,0.99,weak,-0.0050000000000000044,0,0.0050000000000000044,0.643,"[-Inf,1)","[0.6,0.7)"
2023,401468759,2023-01-08,LAC,ATL,669,0,0,away,ATL,1,1,4,0.31999999999999995,0.99,weak,0,0,0,0.68,"[-Inf,1)","[0.6,0.7)"
2023,401468766,2023-01-10,MIA,OKC,720,0,0,home,MIA,1,1,1,0.483,0.99,weak,0,0,0,0.517,"[-Inf,1)","[0.5,0.6)"
2023,401468771,2023-01-10,POR,ORL,632,0,0,away,ORL,1,1,3,0.247,0.99,weak,0,0,0,0.753,"[-Inf,1)","[0.7,0.8)"
2023,401468774,2023-01-11,WSH,CHI,604,0,0,home,WSH,1,1,3,0.465,0.99,weak,0,0,0,0.5349999999999999,"[-Inf,1)","[0.5,0.6)"
2023,401468785,2023-01-12,LAL,DAL,757,0,0,away,DAL,1,1,4,0.512,0.99,weak,0,0,0,0.512,"[-Inf,1)","[0.5,0.6)"
2023,401468788,2023-01-13,IND,ATL,742,0,0,away,ATL,1,1,2,0.5429999999999999,0.99,weak,0,0,0,0.5429999999999999,"[-Inf,1)","[0.5,0.6)"
2023,401468801,2023-01-14,UTAH,PHI,649,0,0,away,PHI,1,1,1,0.7130000000000001,0.99,weak,0,0,0,0.7130000000000001,"[-Inf,1)","[0.7,0.8)"
2023,401468810,2023-01-15,LAL,PHI,631,0,0,away,PHI,1,1,1,0.6799999999999999,0.99,weak,0,0,0,0.6799999999999999,"[-Inf,1)","[0.6,0.7)"
2023,401468814,2023-01-16,NY,TOR,746,0,0,away,TOR,1,1,2,0.41600000000000004,0.99,weak,0,0,0,0.584,"[-Inf,1)","[0.5,0.6)"
2023,401468827,2023-01-18,MEM,CLE,640,0,0,home,MEM,0.997,1,1,0.744,0.99,weak,-0.0030000000000000027,0,0.0030000000000000027,0.744,"[-Inf,1)","[0.7,0.8)"
2023,401468831,2023-01-18,DEN,MIN,702,0,0,home,DEN,0.998,1,4,0.795,0.99,weak,-0.0020000000000000018,0,0.0020000000000000018,0.795,"[-Inf,1)","[0.7,0.8)"
2023,401468845,2023-01-20,LAL,MEM,844,0,0,home,LAL,1,1,1,0.332,0.99,weak,0,0,0,0.6679999999999999,"[-Inf,1)","[0.6,0.7)"
2023,401468847,2023-01-21,TOR,BOS,609,0,0,away,BOS,1,1,2,0.45699999999999996,0.99,weak,0,0,0,0.543,"[-Inf,1)","[0.5,0.6)"
2023,401468853,2023-01-21,SAC,PHI,693,0,0,away,PHI,1,1,2,0.46499999999999997,0.99,weak,0,0,0,0.535,"[-Inf,1)","[0.5,0.6)"
2023,401468854,2023-01-22,MIA,NO,668,0,0,home,MIA,1,1,4,0.698,0.99,weak,0,0,0,0.698,"[-Inf,1)","[0.6,0.7)"
2023,401468857,2023-01-22,DEN,OKC,647,0,0,away,OKC,0.996,1,2,0.29000000000000004,0.99,weak,-0.0040000000000000036,0,0.0040000000000000036,0.71,"[-Inf,1)","[0.7,0.8)"
2023,401468870,2023-01-24,NY,CLE,635,0,0,home,NY,1,1,2,0.385,0.99,weak,0,0,0,0.615,"[-Inf,1)","[0.6,0.7)"
2023,401468871,2023-01-24,NO,DEN,602,0,0,away,DEN,1,1,1,0.522,0.99,weak,0,0,0,0.522,"[-Inf,1)","[0.5,0.6)"
2023,401468872,2023-01-24,DAL,WSH,698,0,0,away,WSH,1,1,1,0.29300000000000004,0.99,weak,0,0,0,0.707,"[-Inf,1)","[0.7,0.8)"
2023,401468876,2023-01-25,PHI,BKN,647,0,0,home,PHI,1,1,4,0.727,0.99,weak,0,0,0,0.727,"[-Inf,1)","[0.7,0.8)"
2023,401468881,2023-01-25,GS,MEM,779,0,0,home,GS,0.996,1,2,0.568,0.99,weak,-0.0040000000000000036,0,0.0040000000000000036,0.568,"[-Inf,1)","[0.5,0.6)"
2023,401468898,2023-01-28,DET,HOU,707,0,0,away,HOU,1,1,3,0.33899999999999997,0.99,weak,0,0,0,0.661,"[-Inf,1)","[0.6,0.7)"
2023,401468933,2023-02-02,IND,LAL,662,0,0,away,LAL,1,1,1,0.497,0.99,weak,0,0,0,0.503,"[-Inf,1)","[0.5,0.6)"
2023,401468939,2023-02-02,MIL,LAC,659,0,0,home,MIL,1,1,1,0.48,0.99,weak,0,0,0,0.52,"[-Inf,1)","[0.5,0.6)"
2023,401468941,2023-02-03,IND,SAC,658,0,0,home,IND,1,1,3,0.498,0.99,weak,0,0,0,0.502,"[-Inf,1)","[0.5,0.6)"
2023,401468948,2023-02-04,BKN,WSH,736,0,0,home,BKN,1,1,2,0.534,0.99,weak,0,0,0,0.534,"[-Inf,1)","[0.5,0.6)"
2023,401468960,2023-02-05,MEM,TOR,684,0,0,away,TOR,0.999,1,3,0.481,0.99,weak,-0.0010000000000000009,0,0.0010000000000000009,0.519,"[-Inf,1)","[0.5,0.6)"
2023,401469019,2023-02-13,OKC,NO,641,0,0,away,NO,1,1,3,0.45899999999999996,0.99,weak,0,0,0,0.541,"[-Inf,1)","[0.5,0.6)"
2023,401469029,2023-02-15,IND,CHI,661,0,0,home,IND,1,1,4,0.572,0.99,weak,0,0,0,0.572,"[-Inf,1)","[0.5,0.6)"
2023,401469042,2023-02-23,IND,BOS,711,0,0,away,BOS,1,1,4,0.761,0.99,weak,0,0,0,0.761,"[-Inf,1)","[0.7,0.8)"
2023,401469043,2023-02-23,ORL,DET,686,0,0,home,ORL,0.997,1,2,0.781,0.99,weak,-0.0030000000000000027,0,0.0030000000000000027,0.781,"[-Inf,1)","[0.7,0.8)"
2023,401469047,2023-02-23,UTAH,OKC,794,0,0,home,UTAH,1,1,1,0.601,0.99,weak,0,0,0,0.601,"[-Inf,1)","[0.6,0.7)"
2023,401469057,2023-02-24,LAC,SAC,811,0,0,away,SAC,0.996,1,1,0.23099999999999998,0.99,weak,-0.0040000000000000036,0,0.0040000000000000036,0.769,"[-Inf,1)","[0.7,0.8)"
2023,401469059,2023-02-25,CHA,MIA,677,0,0,home,CHA,1,1,5,0.377,0.99,weak,0,0,0,0.623,"[-Inf,1)","[0.6,0.7)"
2023,401469063,2023-02-25,PHI,BOS,609,0,0,away,BOS,1,1,3,0.552,0.99,weak,0,0,0,0.552,"[-Inf,1)","[0.5,0.6)"
2023,401469066,2023-02-26,ATL,BKN,674,0,0,home,ATL,1,1,2,0.643,0.99,weak,0,0,0,0.643,"[-Inf,1)","[0.6,0.7)"
2023,401469075,2023-02-27,PHI,MIA,627,0,0,away,MIA,0.997,1,2,0.271,0.99,weak,-0.0030000000000000027,0,0.0030000000000000027,0.729,"[-Inf,1)","[0.7,0.8)"
2023,401469084,2023-02-28,DAL,IND,693,0,0,away,IND,1,1,2,0.266,0.99,weak,0,0,0,0.734,"[-Inf,1)","[0.7,0.8)"
2023,401469104,2023-03-03,MIA,NY,620,0,0,away,NY,1,1,2,0.6799999999999999,0.99,weak,0,0,0,0.6799999999999999,"[-Inf,1)","[0.6,0.7)"
2023,401469109,2023-03-03,SAC,LAC,681,0,0,home,SAC,1,1,1,0.721,0.99,weak,0,0,0,0.721,"[-Inf,1)","[0.7,0.8)"
2023,401469116,2023-03-04,SAC,MIN,658,0,0,away,MIN,1,1,4,0.377,0.99,weak,0,0,0,0.623,"[-Inf,1)","[0.6,0.7)"
2023,401469117,2023-03-05,DAL,PHX,638,0,0,away,PHX,0.999,1,4,0.362,0.99,weak,-0.0010000000000000009,0,0.0010000000000000009,0.638,"[-Inf,1)","[0.6,0.7)"
2023,401469121,2023-03-05,ORL,POR,687,0,0,away,POR,1,1,3,0.37,0.99,weak,0,0,0,0.63,"[-Inf,1)","[0.6,0.7)"
2023,401469124,2023-03-05,BOS,NY,742,0,0,away,NY,1,1,2,0.42200000000000004,0.99,weak,0,0,0,0.578,"[-Inf,1)","[0.5,0.6)"
2023,401469126,2023-03-06,CLE,BOS,778,0,0,home,CLE,1,1,4,0.821,0.99,weak,0,0,0,0.821,"[-Inf,1)","[0.8,0.9)"
2023,401469138,2023-03-07,DAL,UTAH,694,0,0,home,DAL,0.998,1,4,0.845,0.99,weak,-0.0020000000000000018,0,0.0020000000000000018,0.845,"[-Inf,1)","[0.8,0.9)"
2023,401469140,2023-03-08,WSH,ATL,665,0,0,away,ATL,1,1,2,0.563,0.99,weak,0,0,0,0.563,"[-Inf,1)","[0.5,0.6)"
2023,401469149,2023-03-09,ORL,UTAH,666,0,0,away,UTAH,0.999,1,5,0.44299999999999995,0.99,weak,-0.0010000000000000009,0,0.0010000000000000009,0.557,"[-Inf,1)","[0.5,0.6)"
2023,401469152,2023-03-09,SAC,NY,720,0,0,home,SAC,0.999,1,5,0.507,0.99,weak,-0.0010000000000000009,0,0.0010000000000000009,0.507,"[-Inf,1)","[0.5,0.6)"
2023,401469153,2023-03-10,PHI,POR,625,0,0,home,PHI,1,1,1,0.762,0.99,weak,0,0,0,0.762,"[-Inf,1)","[0.7,0.8)"
2023,401469156,2023-03-10,MIN,BKN,763,0,0,away,BKN,0.995,1,1,0.41200000000000003,0.99,weak,-0.0050000000000000044,0,0.0050000000000000044,0.588,"[-Inf,1)","[0.5,0.6)"
2023,401469169,2023-03-12,DEN,BKN,666,0,0,away,BKN,0.997,1,2,0.31499999999999995,0.99,weak,-0.0030000000000000027,0,0.0030000000000000027,0.685,"[-Inf,1)","[0.6,0.7)"
2023,401469179,2023-03-13,HOU,BOS,708,0,0,home,HOU,1,1,2,0.111,0.99,weak,0,0,0,0.889,"[-Inf,1)","[0.8,0.9)"
2023,401469192,2023-03-15,CHI,SAC,731,0,0,away,SAC,1,1,3,0.386,0.99,weak,0,0,0,0.614,"[-Inf,1)","[0.6,0.7)"
2023,401469201,2023-03-16,PHX,ORL,676,0,0,home,PHX,0.999,1,3,0.69,0.99,weak,-0.0010000000000000009,0,0.0010000000000000009,0.69,"[-Inf,1)","[0.6,0.7)"
2023,401469206,2023-03-17,HOU,NO,638,0,0,home,HOU,1,1,2,0.379,0.99,weak,0,0,0,0.621,"[-Inf,1)","[0.6,0.7)"
2023,401469209,2023-03-17,LAL,DAL,685,0,0,away,DAL,1,1,1,0.389,0.99,weak,0,0,0,0.611,"[-Inf,1)","[0.6,0.7)"
2023,401469210,2023-03-18,NY,DEN,593,0,0,home,NY,1,1,6,0.588,0.99,weak,0,0,0,0.588,"[-Inf,1)","[0.5,0.6)"
2023,401469217,2023-03-18,UTAH,BOS,647,0,0,home,UTAH,1,1,1,0.441,0.99,weak,0,0,0,0.5589999999999999,"[-Inf,1)","[0.5,0.6)"
2023,401469237,2023-03-21,LAC,OKC,655,0,0,away,OKC,1,1,1,0.20499999999999996,0.99,weak,0,0,0,0.795,"[-Inf,1)","[0.7,0.8)"
2023,401469245,2023-03-22,MIN,ATL,691,0,0,home,MIN,0.99,1,1,0.76,0.99,weak,-0.010000000000000009,0,0.010000000000000009,0.76,"[-Inf,1)","[0.7,0.8)"
2023,401469249,2023-03-23,BKN,CLE,650,0,0,away,CLE,0.999,1,2,0.622,0.99,weak,-0.0010000000000000009,0,0.0010000000000000009,0.622,"[-Inf,1)","[0.6,0.7)"
2023,401469286,2023-03-28,ATL,CLE,652,0,0,home,ATL,0.997,1,2,0.471,0.99,weak,-0.0030000000000000027,0,0.0030000000000000027,0.529,"[-Inf,1)","[0.5,0.6)"
2023,401469289,2023-03-28,OKC,CHA,733,0,0,away,CHA,1,1,3,0.19599999999999995,0.99,weak,0,0,0,0.804,"[-Inf,1)","[0.8,0.9)"
2023,401469297,2023-03-29,OKC,DET,654,0,0,away,DET,0.996,0,1,0.16700000000000004,0.99,weak,0.996,1,0.0040000000000000036,0.833,"[-Inf,1)","[0.8,0.9)"
2023,401469297,2023-03-29,OKC,DET,655,0,0,home,OKC,0.995,1,1,0.833,0.99,weak,-0.0050000000000000044,0,0.0050000000000000044,0.833,"[-Inf,1)","[0.8,0.9)"
2023,401469321,2023-04-02,MIN,POR,662,0,0,away,POR,1,1,2,0.07999999999999996,0.99,weak,0,0,0,0.92,"[-Inf,1)","[0.9,1]"
2023,401469322,2023-04-02,ATL,DAL,715,0,0,home,ATL,0.996,1,2,0.555,0.99,weak,-0.0040000000000000036,0,0.0040000000000000036,0.555,"[-Inf,1)","[0.5,0.6)"
2023,401469357,2023-04-07,CHA,HOU,700,0,0,away,HOU,1,1,3,0.6819999999999999,0.99,weak,0,0,0,0.6819999999999999,"[-Inf,1)","[0.6,0.7)"
2023,401469365,2023-04-07,DAL,CHI,592,0,0,away,CHI,0.999,1,3,0.376,0.99,weak,-0.0010000000000000009,0,0.0010000000000000009,0.624,"[-Inf,1)","[0.6,0.7)"
2023,401469368,2023-04-08,UTAH,DEN,685,0,0,home,UTAH,1,1,4,0.182,0.99,weak,0,0,0,0.8180000000000001,"[-Inf,1)","[0.8,0.9)"
2023,401469384,2023-04-09,PHX,LAC,657,0,0,away,LAC,1,1,5,0.728,0.99,weak,0,0,0,0.728,"[-Inf,1)","[0.7,0.8)"
2023,401526670,2023-03-07,DET,WSH,598,0,0,away,WSH,0.997,1,2,0.885,0.99,weak,-0.0030000000000000027,0,0.0030000000000000027,0.885,"[-Inf,1)","[0.8,0.9)"
2024,401584092,2023-11-03,CHI,BKN,617,0,0,away,BKN,1,1,2,0.55,0.99,weak,0,0,0,0.55,"[-Inf,1)","[0.5,0.6)"
2024,401584093,2023-11-03,OKC,GS,738,0,0,away,GS,0.999,1,2,0.611,0.99,weak,-0.0010000000000000009,0,0.0010000000000000009,0.611,"[-Inf,1)","[0.6,0.7)"
2024,401584112,2023-11-14,DEN,LAC,640,0,0,home,DEN,1,1,3,0.628,0.99,weak,0,0,0,0.628,"[-Inf,1)","[0.6,0.7)"
2024,401584119,2023-11-17,TOR,BOS,607,0,0,away,BOS,1,1,3,0.758,0.99,weak,0,0,0,0.758,"[-Inf,1)","[0.7,0.8)"
2024,401584122,2023-11-17,NO,DEN,689,0,0,home,NO,1,1,5,0.418,0.99,weak,0,0,0,0.5820000000000001,"[-Inf,1)","[0.5,0.6)"
2024,401584133,2023-11-24,NY,MIA,598,0,0,home,NY,0.996,1,2,0.554,0.99,weak,-0.0040000000000000036,0,0.0040000000000000036,0.554,"[-Inf,1)","[0.5,0.6)"
2024,401584146,2023-11-28,MIN,OKC,701,0,0,home,MIN,0.999,1,3,0.52,0.99,weak,-0.0010000000000000009,0,0.0010000000000000009,0.52,"[-Inf,1)","[0.5,0.6)"
2024,401584148,2023-11-28,SAC,GS,781,0,0,home,SAC,0.993,1,1,0.519,0.99,weak,-0.007000000000000006,0,0.007000000000000006,0.519,"[-Inf,1)","[0.5,0.6)"
2024,401584695,2023-10-25,BKN,CLE,702,0,0,away,CLE,1,1,1,0.47,0.99,weak,0,0,0,0.53,"[-Inf,1)","[0.5,0.6)"
2024,401584703,2023-10-26,MIL,PHI,704,0,0,home,MIL,1,1,1,0.647,0.99,weak,0,0,0,0.647,"[-Inf,1)","[0.6,0.7)"
2024,401584709,2023-10-27,CLE,OKC,744,0,0,away,OKC,1,1,3,0.34199999999999997,0.99,weak,0,0,0,0.658,"[-Inf,1)","[0.6,0.7)"
2024,401584710,2023-10-27,CHI,TOR,783,0,0,home,CHI,1,1,1,0.549,0.99,weak,0,0,0,0.549,"[-Inf,1)","[0.5,0.6)"
2024,401584728,2023-10-29,SAC,LAL,792,0,0,home,SAC,1,1,5,0.532,0.99,weak,0,0,0,0.532,"[-Inf,1)","[0.5,0.6)"
2024,401584739,2023-10-30,LAL,ORL,667,0,0,home,LAL,0.998,1,3,0.525,0.99,weak,-0.0020000000000000018,0,0.0020000000000000018,0.525,"[-Inf,1)","[0.5,0.6)"
2024,401584741,2023-10-31,PHX,SA,678,0,0,away,SA,0.997,1,1,0.253,0.99,weak,-0.0030000000000000027,0,0.0030000000000000027,0.747,"[-Inf,1)","[0.7,0.8)"
2024,401584754,2023-11-01,GS,SAC,656,0,0,home,GS,0.99,1,1,0.72,0.99,weak,-0.010000000000000009,0,0.010000000000000009,0.72,"[-Inf,1)","[0.7,0.8)"
2024,401584758,2023-11-02,UTAH,ORL,755,0,0,away,ORL,1,1,2,0.43100000000000005,0.99,weak,0,0,0,0.569,"[-Inf,1)","[0.5,0.6)"
2024,401584761,2023-11-04,IND,CHA,664,0,0,away,CHA,1,1,1,0.371,0.99,weak,0,0,0,0.629,"[-Inf,1)","[0.6,0.7)"
2024,401584777,2023-11-06,BKN,MIL,653,0,0,away,MIL,1,1,4,0.5489999999999999,0.99,weak,0,0,0,0.5489999999999999,"[-Inf,1)","[0.5,0.6)"
2024,401584778,2023-11-06,MIA,LAL,622,0,0,home,MIA,1,1,1,0.624,0.99,weak,0,0,0,0.624,"[-Inf,1)","[0.6,0.7)"
2024,401584797,2023-11-08,DEN,GS,665,0,0,home,DEN,1,1,3,0.597,0.99,weak,0,0,0,0.597,"[-Inf,1)","[0.5,0.6)"
2024,401584798,2023-11-08,SAC,POR,821,0,0,home,SAC,1,1,3,0.683,0.99,weak,0,0,0,0.683,"[-Inf,1)","[0.6,0.7)"
2024,401584800,2023-11-09,ORL,ATL,737,0,0,away,ATL,1,1,1,0.7050000000000001,0.99,weak,0,0,0,0.7050000000000001,"[-Inf,1)","[0.7,0.8)"
2024,401584810,2023-11-12,HOU,DEN,641,0,0,home,HOU,1,1,3,0.421,0.99,weak,0,0,0,0.579,"[-Inf,1)","[0.5,0.6)"
2024,401584821,2023-11-15,ATL,NY,659,0,0,away,NY,1,1,2,0.43400000000000005,0.99,weak,0,0,0,0.566,"[-Inf,1)","[0.5,0.6)"
2024,401584824,2023-11-15,CHI,ORL,669,0,0,away,ORL,1,1,2,0.346,0.99,weak,0,0,0,0.654,"[-Inf,1)","[0.6,0.7)"
2024,401584831,2023-11-18,NO,MIN,729,0,0,away,MIN,1,1,1,0.6950000000000001,0.99,weak,0,0,0,0.6950000000000001,"[-Inf,1)","[0.6,0.7)"
2024,401584841,2023-11-19,MEM,BOS,656,0,0,away,BOS,1,1,2,0.848,0.99,weak,0,0,0,0.848,"[-Inf,1)","[0.8,0.9)"
2024,401584844,2023-11-19,LAL,HOU,688,0,0,home,LAL,0.997,1,1,0.586,0.99,weak,-0.0030000000000000027,0,0.0030000000000000027,0.586,"[-Inf,1)","[0.5,0.6)"
2024,401584846,2023-11-20,DET,DEN,677,0,0,away,DEN,1,1,4,0.683,0.99,weak,0,0,0,0.683,"[-Inf,1)","[0.6,0.7)"
2024,401584853,2023-11-22,CHA,WSH,652,0,0,home,CHA,1,1,3,0.541,0.99,weak,0,0,0,0.541,"[-Inf,1)","[0.5,0.6)"
2024,401584855,2023-11-22,ATL,BKN,820,0,0,home,ATL,1,1,2,0.541,0.99,weak,0,0,0,0.541,"[-Inf,1)","[0.5,0.6)"
2024,401584858,2023-11-22,IND,TOR,688,0,0,away,TOR,1,1,1,0.369,0.99,weak,0,0,0,0.631,"[-Inf,1)","[0.6,0.7)"
2024,401584875,2023-11-26,NY,PHX,693,0,0,away,PHX,1,1,3,0.42800000000000005,0.99,weak,0,0,0,0.572,"[-Inf,1)","[0.5,0.6)"
2024,401584879,2023-11-26,CLE,TOR,687,0,0,home,CLE,1,1,3,0.584,0.99,weak,0,0,0,0.584,"[-Inf,1)","[0.5,0.6)"
2024,401584894,2023-11-30,BKN,CHA,629,0,0,away,CHA,1,1,1,0.135,0.99,weak,0,0,0,0.865,"[-Inf,1)","[0.8,0.9)"
2024,401584900,2023-11-30,SA,ATL,703,0,0,away,ATL,1,1,2,0.779,0.99,weak,0,0,0,0.779,"[-Inf,1)","[0.7,0.8)"
2024,401584908,2023-12-02,LAC,GS,657,0,0,home,LAC,1,1,1,0.634,0.99,weak,0,0,0,0.634,"[-Inf,1)","[0.6,0.7)"
2024,401584920,2023-12-11,CHA,MIA,670,0,0,away,MIA,1,1,2,0.622,0.99,weak,0,0,0,0.622,"[-Inf,1)","[0.6,0.7)"
2024,401584965,2023-12-16,MIA,CHI,632,0,0,home,MIA,1,1,2,0.659,0.99,weak,0,0,0,0.659,"[-Inf,1)","[0.6,0.7)"
2024,401584967,2023-12-16,GS,BKN,694,0,0,home,GS,1,1,4,0.515,0.99,weak,0,0,0,0.515,"[-Inf,1)","[0.5,0.6)"
2024,401584968,2023-12-16,DEN,OKC,700,0,0,away,OKC,1,1,1,0.43600000000000005,0.99,weak,0,0,0,0.564,"[-Inf,1)","[0.5,0.6)"
2024,401584979,2023-12-18,PHI,CHI,624,0,0,away,CHI,0.999,1,4,0.138,0.99,weak,-0.0010000000000000009,0,0.0010000000000000009,0.862,"[-Inf,1)","[0.8,0.9)"
2024,401584981,2023-12-18,MIA,MIN,646,0,0,away,MIN,0.999,1,4,0.43000000000000005,0.99,weak,-0.0010000000000000009,0,0.0010000000000000009,0.57,"[-Inf,1)","[0.5,0.6)"
2024,401584988,2023-12-19,NO,MEM,668,0,0,away,MEM,1,1,2,0.21399999999999997,0.99,weak,0,0,0,0.786,"[-Inf,1)","[0.7,0.8)"
2024,401585009,2023-12-21,POR,WSH,712,0,0,away,WSH,1,1,1,0.42700000000000005,0.99,weak,0,0,0,0.573,"[-Inf,1)","[0.5,0.6)"
2024,401585020,2023-12-23,NO,HOU,705,0,0,away,HOU,1,1,2,0.22899999999999998,0.99,weak,0,0,0,0.771,"[-Inf,1)","[0.7,0.8)"
2024,401585058,2023-12-29,WSH,BKN,658,0,0,home,WSH,1,1,6,0.31,0.99,weak,0,0,0,0.69,"[-Inf,1)","[0.6,0.7)"
2024,401585060,2023-12-29,BOS,TOR,652,0,0,home,BOS,1,1,2,0.604,0.99,weak,0,0,0,0.604,"[-Inf,1)","[0.6,0.7)"
2024,401585071,2023-12-30,MIN,LAL,718,0,0,home,MIN,1,1,2,0.687,0.99,weak,0,0,0,0.687,"[-Inf,1)","[0.6,0.7)"
2024,401585106,2024-01-04,GS,DEN,632,0,0,away,DEN,1,1,3,0.484,0.99,weak,0,0,0,0.516,"[-Inf,1)","[0.5,0.6)"
2024,401585116,2024-01-05,DEN,ORL,667,0,0,away,ORL,0.999,1,2,0.19799999999999995,0.99,weak,-0.0010000000000000009,0,0.0010000000000000009,0.802,"[-Inf,1)","[0.8,0.9)"
2024,401585144,2024-01-09,LAL,TOR,672,0,0,home,LAL,1,1,1,0.436,0.99,weak,0,0,0,0.5640000000000001,"[-Inf,1)","[0.5,0.6)"
2024,401585162,2024-01-12,DET,HOU,659,0,0,away,HOU,1,1,2,0.6950000000000001,0.99,weak,0,0,0,0.6950000000000001,"[-Inf,1)","[0.6,0.7)"
2024,401585163,2024-01-12,MIA,ORL,681,0,0,home,MIA,0.998,1,3,0.66,0.99,weak,-0.0020000000000000018,0,0.0020000000000000018,0.66,"[-Inf,1)","[0.6,0.7)"
2024,401585180,2024-01-14,MIL,SAC,705,0,0,home,MIL,1,1,1,0.664,0.99,weak,0,0,0,0.664,"[-Inf,1)","[0.6,0.7)"
2024,401585190,2024-01-15,BKN,MIA,681,0,0,away,MIA,1,1,1,0.43500000000000005,0.99,weak,0,0,0,0.565,"[-Inf,1)","[0.5,0.6)"
2024,401585195,2024-01-16,PHX,SAC,648,0,0,home,PHX,0.997,1,2,0.621,0.99,weak,-0.0030000000000000027,0,0.0030000000000000027,0.621,"[-Inf,1)","[0.6,0.7)"
2024,401585198,2024-01-17,ATL,ORL,632,0,0,home,ATL,1,1,2,0.604,0.99,weak,0,0,0,0.604,"[-Inf,1)","[0.6,0.7)"
2024,401585206,2024-01-17,POR,BKN,602,0,0,home,POR,0.994,1,2,0.314,0.99,weak,-0.006000000000000005,0,0.006000000000000005,0.6859999999999999,"[-Inf,1)","[0.6,0.7)"
2024,401585214,2024-01-19,BOS,DEN,563,0,0,away,DEN,1,1,2,0.273,0.99,weak,0,0,0,0.727,"[-Inf,1)","[0.7,0.8)"
2024,401585215,2024-01-19,MIA,ATL,637,0,0,away,ATL,1,1,1,0.32899999999999996,0.99,weak,0,0,0,0.671,"[-Inf,1)","[0.6,0.7)"
2024,401585222,2024-01-20,WSH,SA,728,0,0,away,SA,1,1,4,0.36,0.99,weak,0,0,0,0.64,"[-Inf,1)","[0.6,0.7)"
2024,401585226,2024-01-20,HOU,UTAH,823,0,0,home,HOU,1,1,1,0.477,0.99,weak,0,0,0,0.523,"[-Inf,1)","[0.5,0.6)"
2024,401585240,2024-01-22,PHX,CHI,611,0,0,home,PHX,1,1,2,0.628,0.99,weak,0,0,0,0.628,"[-Inf,1)","[0.6,0.7)"
2024,401585245,2024-01-23,OKC,POR,700,0,0,home,OKC,1,1,2,0.914,0.99,weak,0,0,0,0.914,"[-Inf,1)","[0.9,1]"
2024,401585257,2024-01-25,BKN,MIN,583,0,0,away,MIN,1,1,2,0.524,0.99,weak,0,0,0,0.524,"[-Inf,1)","[0.5,0.6)"
2024,401585260,2024-01-25,GS,SAC,661,0,0,away,SAC,1,1,1,0.42200000000000004,0.99,weak,0,0,0,0.578,"[-Inf,1)","[0.5,0.6)"
2024,401585264,2024-01-26,IND,PHX,664,0,0,home,IND,1,1,2,0.424,0.99,weak,0,0,0,0.5760000000000001,"[-Inf,1)","[0.5,0.6)"
2024,401585266,2024-01-26,MEM,ORL,647,0,0,home,MEM,1,1,1,0.353,0.99,weak,0,0,0,0.647,"[-Inf,1)","[0.6,0.7)"
2024,401585277,2024-01-27,SA,MIN,620,0,0,home,SA,1,1,1,0.215,0.99,weak,0,0,0,0.785,"[-Inf,1)","[0.7,0.8)"
2024,401585278,2024-01-27,GS,LAL,874,0,0,away,LAL,1,1,1,0.32499999999999996,0.99,weak,0,0,0,0.675,"[-Inf,1)","[0.6,0.7)"
2024,401585281,2024-01-28,ATL,TOR,717,0,0,home,ATL,0.995,1,1,0.581,0.99,weak,-0.0050000000000000044,0,0.0050000000000000044,0.581,"[-Inf,1)","[0.5,0.6)"
2024,401585294,2024-01-29,DAL,ORL,731,0,0,home,DAL,0.997,1,2,0.589,0.99,weak,-0.0030000000000000027,0,0.0030000000000000027,0.589,"[-Inf,1)","[0.5,0.6)"
2024,401585311,2024-01-31,POR,MIL,633,0,0,home,POR,0.999,1,3,0.241,0.99,weak,-0.0010000000000000009,0,0.0010000000000000009,0.759,"[-Inf,1)","[0.7,0.8)"
2024,401585314,2024-02-01,UTAH,PHI,669,0,0,away,PHI,1,1,3,0.33399999999999996,0.99,weak,0,0,0,0.666,"[-Inf,1)","[0.6,0.7)"
2024,401585324,2024-02-02,SA,NO,706,0,0,away,NO,0.996,1,1,0.739,0.99,weak,-0.0040000000000000036,0,0.0040000000000000036,0.739,"[-Inf,1)","[0.7,0.8)"
2024,401585347,2024-02-06,IND,HOU,663,0,0,home,IND,1,1,3,0.722,0.99,weak,0,0,0,0.722,"[-Inf,1)","[0.7,0.8)"
2024,401585385,2024-02-10,GS,PHX,775,0,0,home,GS,1,1,1,0.541,0.99,weak,0,0,0,0.541,"[-Inf,1)","[0.5,0.6)"
2024,401585387,2024-02-11,MIA,BOS,601,0,0,away,BOS,1,1,4,0.704,0.99,weak,0,0,0,0.704,"[-Inf,1)","[0.7,0.8)"
2024,401585409,2024-02-14,CLE,CHI,620,0,0,home,CLE,1,1,3,0.843,0.99,weak,0,0,0,0.843,"[-Inf,1)","[0.8,0.9)"
2024,401585410,2024-02-14,TOR,IND,713,0,0,away,IND,1,1,2,0.41700000000000004,0.99,weak,0,0,0,0.583,"[-Inf,1)","[0.5,0.6)"
2024,401585434,2024-02-23,HOU,PHX,786,0,0,home,HOU,1,1,4,0.416,0.99,weak,0,0,0,0.5840000000000001,"[-Inf,1)","[0.5,0.6)"
2024,401585456,2024-02-26,NY,DET,629,0,0,home,NY,1,1,2,0.79,0.99,weak,0,0,0,0.79,"[-Inf,1)","[0.7,0.8)"
2024,401585460,2024-02-27,CLE,DAL,611,0,0,home,CLE,1,1,2,0.726,0.99,weak,0,0,0,0.726,"[-Inf,1)","[0.7,0.8)"
2024,401585484,2024-02-29,LAL,WSH,711,0,0,home,LAL,1,1,3,0.768,0.99,weak,0,0,0,0.768,"[-Inf,1)","[0.7,0.8)"
2024,401585501,2024-03-03,MIN,LAC,593,0,0,away,LAC,1,1,1,0.365,0.99,weak,0,0,0,0.635,"[-Inf,1)","[0.6,0.7)"
2024,401585511,2024-03-04,SAC,CHI,683,0,0,away,CHI,1,1,4,0.345,0.99,weak,0,0,0,0.655,"[-Inf,1)","[0.6,0.7)"
2024,401585514,2024-03-05,CLE,BOS,615,0,0,home,CLE,1,1,1,0.222,0.99,weak,0,0,0,0.778,"[-Inf,1)","[0.7,0.8)"
2024,401585526,2024-03-06,UTAH,CHI,624,0,0,away,CHI,1,1,2,0.498,0.99,weak,0,0,0,0.502,"[-Inf,1)","[0.5,0.6)"
2024,401585531,2024-03-07,IND,MIN,702,0,0,away,MIN,1,1,2,0.569,0.99,weak,0,0,0,0.569,"[-Inf,1)","[0.5,0.6)"
2024,401585536,2024-03-07,SAC,SA,688,0,0,home,SAC,1,1,2,0.772,0.99,weak,0,0,0,0.772,"[-Inf,1)","[0.7,0.8)"
2024,401585543,2024-03-08,LAL,MIL,606,0,0,home,LAL,0.995,1,1,0.518,0.99,weak,-0.0050000000000000044,0,0.0050000000000000044,0.518,"[-Inf,1)","[0.5,0.6)"
2024,401585554,2024-03-10,MIA,WSH,642,0,0,away,WSH,1,1,2,0.14600000000000002,0.99,weak,0,0,0,0.854,"[-Inf,1)","[0.8,0.9)"
2024,401585565,2024-03-11,DEN,TOR,649,0,0,home,DEN,1,1,6,0.936,0.99,weak,0,0,0,0.936,"[-Inf,1)","[0.9,1]"
2024,401585570,2024-03-12,SA,HOU,679,0,0,away,HOU,1,1,2,0.657,0.99,weak,0,0,0,0.657,"[-Inf,1)","[0.6,0.7)"
2024,401585594,2024-03-15,UTAH,ATL,669,0,0,home,UTAH,1,1,2,0.618,0.99,weak,0,0,0,0.618,"[-Inf,1)","[0.6,0.7)"
2024,401585605,2024-03-17,DET,MIA,588,0,0,away,MIA,1,1,3,0.627,0.99,weak,0,0,0,0.627,"[-Inf,1)","[0.6,0.7)"
2024,401585606,2024-03-17,DAL,DEN,685,0,0,home,DAL,1,1,2,0.584,0.99,weak,0,0,0,0.584,"[-Inf,1)","[0.5,0.6)"
2024,401585614,2024-03-18,CHI,POR,705,0,0,home,CHI,1,1,3,0.715,0.99,weak,0,0,0,0.715,"[-Inf,1)","[0.7,0.8)"
2024,401585624,2024-03-20,CLE,MIA,614,0,0,away,MIA,1,1,3,0.31299999999999994,0.99,weak,0,0,0,0.687,"[-Inf,1)","[0.6,0.7)"
2024,401585643,2024-03-22,SA,MEM,714,0,0,away,MEM,1,1,2,0.351,0.99,weak,0,0,0,0.649,"[-Inf,1)","[0.6,0.7)"
2024,401585648,2024-03-23,ORL,SAC,654,0,0,away,SAC,1,1,2,0.362,0.99,weak,0,0,0,0.638,"[-Inf,1)","[0.6,0.7)"
2024,401585650,2024-03-23,WSH,TOR,715,0,0,home,WSH,1,1,3,0.686,0.99,weak,0,0,0,0.686,"[-Inf,1)","[0.6,0.7)"
2024,401585662,2024-03-25,ATL,BOS,631,0,0,home,ATL,1,1,2,0.096,0.99,weak,0,0,0,0.904,"[-Inf,1)","[0.9,1]"
2024,401585665,2024-03-25,CHI,WSH,713,0,0,away,WSH,1,1,2,0.17700000000000005,0.99,weak,0,0,0,0.823,"[-Inf,1)","[0.8,0.9)"
2024,401585667,2024-03-25,SA,PHX,611,0,0,home,SA,1,1,2,0.212,0.99,weak,0,0,0,0.788,"[-Inf,1)","[0.7,0.8)"
2024,401585680,2024-03-27,PHI,LAC,620,0,0,away,LAC,1,1,1,0.659,0.99,weak,0,0,0,0.659,"[-Inf,1)","[0.6,0.7)"
2024,401585688,2024-03-28,ATL,BOS,664,0,0,home,ATL,0.995,1,1,0.073,0.99,weak,-0.0050000000000000044,0,0.0050000000000000044,0.927,"[-Inf,1)","[0.9,1]"
2024,401585692,2024-03-29,ORL,LAC,641,0,0,away,LAC,1,1,3,0.52,0.99,weak,0,0,0,0.52,"[-Inf,1)","[0.5,0.6)"
2024,401585695,2024-03-29,CLE,PHI,696,0,0,home,CLE,0.998,1,3,0.751,0.99,weak,-0.0020000000000000018,0,0.0020000000000000018,0.751,"[-Inf,1)","[0.7,0.8)"
2024,401585700,2024-03-29,UTAH,HOU,653,0,0,away,HOU,1,1,1,0.667,0.99,weak,0,0,0,0.667,"[-Inf,1)","[0.6,0.7)"
2024,401585710,2024-03-31,NY,OKC,720,0,0,away,OKC,1,1,1,0.5880000000000001,0.99,weak,0,0,0,0.5880000000000001,"[-Inf,1)","[0.5,0.6)"
2024,401585716,2024-04-01,DET,MEM,637,0,0,away,MEM,0.999,1,2,0.43300000000000005,0.99,weak,-0.0010000000000000009,0,0.0010000000000000009,0.567,"[-Inf,1)","[0.5,0.6)"
2024,401585718,2024-04-01,ORL,POR,632,0,0,home,ORL,1,1,1,0.901,0.99,weak,0,0,0,0.901,"[-Inf,1)","[0.9,1]"
2024,401585730,2024-04-03,CHA,POR,620,0,0,away,POR,1,1,3,0.475,0.99,weak,0,0,0,0.525,"[-Inf,1)","[0.5,0.6)"
2024,401585760,2024-04-07,LAC,CLE,672,0,0,home,LAC,0.997,1,2,0.667,0.99,weak,-0.0030000000000000027,0,0.0030000000000000027,0.667,"[-Inf,1)","[0.6,0.7)"
2024,401585761,2024-04-07,IND,MIA,678,0,0,home,IND,1,1,2,0.492,0.99,weak,0,0,0,0.508,"[-Inf,1)","[0.5,0.6)"
2024,401585763,2024-04-07,CHA,OKC,679,0,0,away,OKC,1,1,3,0.8280000000000001,0.99,weak,0,0,0,0.8280000000000001,"[-Inf,1)","[0.8,0.9)"
2024,401585787,2024-04-10,ATL,CHA,624,0,0,away,CHA,1,1,1,0.278,0.99,weak,0,0,0,0.722,"[-Inf,1)","[0.7,0.8)"
2024,401585800,2024-04-12,WSH,CHI,733,0,0,away,CHI,0.997,1,2,0.5800000000000001,0.99,weak,-0.0030000000000000027,0,0.0030000000000000027,0.5800000000000001,"[-Inf,1)","[0.5,0.6)"
2024,401585808,2024-04-12,SA,DEN,636,0,0,home,SA,1,1,1,0.368,0.99,weak,0,0,0,0.632,"[-Inf,1)","[0.6,0.7)"
2024,401585812,2024-04-12,LAC,UTAH,629,0,0,away,UTAH,1,1,1,0.128,0.99,weak,0,0,0,0.872,"[-Inf,1)","[0.8,0.9)"
2024,401585813,2024-04-12,SAC,PHX,629,0,0,away,PHX,1,1,1,0.5409999999999999,0.99,weak,0,0,0,0.5409999999999999,"[-Inf,1)","[0.5,0.6)"
2024,401585818,2024-04-14,NY,CHI,691,0,0,home,NY,1,1,1,0.727,0.99,weak,0,0,0,0.727,"[-Inf,1)","[0.7,0.8)"
2024,401607490,2023-12-05,LAL,PHX,687,0,0,home,LAL,1,1,3,0.502,0.99,weak,0,0,0,0.502,"[-Inf,1)","[0.5,0.6)"
2024,401616463,2023-12-06,ATL,BKN,693,0,0,away,BKN,1,1,1,0.45999999999999996,0.99,weak,0,0,0,0.54,"[-Inf,1)","[0.5,0.6)"
2024,401616470,2023-12-08,CHA,TOR,640,0,0,home,CHA,0.998,1,3,0.378,0.99,weak,-0.0020000000000000018,0,0.0020000000000000018,0.622,"[-Inf,1)","[0.6,0.7)"
2018,400974438,2017-10-17,GS,HOU,682,0,0,away,HOU,0.999,1,1,0.51,0.9,strict,-0.0010000000000000009,0,0.0010000000000000009,0.51,"[-Inf,1)","[0.5,0.6)"
2018,400974819,2017-10-26,POR,LAC,654,0,0,away,LAC,1,1,1,0.396,0.9,strict,0,0,0,0.604,"[-Inf,1)","[0.6,0.7)"
2018,400975011,2017-11-22,MEM,DAL,640,0,0,away,DAL,0.999,1,1,0.28600000000000003,0.9,strict,-0.0010000000000000009,0,0.0010000000000000009,0.714,"[-Inf,1)","[0.7,0.8)"
2018,400975105,2017-12-06,IND,CHI,577,0,0,home,IND,0.983,1,2,0.856,0.9,strict,-0.017000000000000015,0,0.017000000000000015,0.856,"[-Inf,1)","[0.8,0.9)"
2018,400975197,2017-12-18,MIN,POR,588,0,0,home,MIN,0.99,1,1,0.612,0.9,strict,-0.010000000000000009,0,0.010000000000000009,0.612,"[-Inf,1)","[0.6,0.7)"
2018,400975214,2017-12-20,POR,SA,627,0,0,away,SA,1,1,2,0.491,0.9,strict,0,0,0,0.509,"[-Inf,1)","[0.5,0.6)"
2018,400975332,2018-01-07,MIA,UTAH,602,0,0,home,MIA,1,1,1,0.561,0.9,strict,0,0,0,0.561,"[-Inf,1)","[0.5,0.6)"
2018,400975345,2018-01-09,TOR,MIA,631,0,0,away,MIA,0.985,1,1,0.20499999999999996,0.9,strict,-0.015000000000000013,0,0.015000000000000013,0.795,"[-Inf,1)","[0.7,0.8)"
2018,400975378,2018-01-13,CHI,DET,589,0,0,home,CHI,1,1,2,0.38,0.9,strict,0,0,0,0.62,"[-Inf,1)","[0.6,0.7)"
2018,400975422,2018-01-20,CHA,MIA,592,0,0,away,MIA,0.963,1,0,0.32599999999999996,0.9,strict,-0.03700000000000003,0,0.03700000000000003,0.674,"[-Inf,1)","[0.6,0.7)"
2018,400975443,2018-01-23,OKC,BKN,646,0,0,home,OKC,1,1,1,0.836,0.9,strict,0,0,0,0.836,"[-Inf,1)","[0.8,0.9)"
2018,400975456,2018-01-25,MIA,SAC,592,0,0,away,SAC,0.983,1,1,0.20099999999999996,0.9,strict,-0.017000000000000015,0,0.017000000000000015,0.799,"[-Inf,1)","[0.7,0.8)"
2018,400975568,2018-02-09,CHI,MIN,618,0,0,home,CHI,0.999,1,1,0.357,0.9,strict,-0.0010000000000000009,0,0.0010000000000000009,0.643,"[-Inf,1)","[0.6,0.7)"
2018,400975591,2018-02-12,UTAH,SA,682,0,0,home,UTAH,0.999,1,2,0.534,0.9,strict,-0.0010000000000000009,0,0.0010000000000000009,0.534,"[-Inf,1)","[0.5,0.6)"
2018,400975655,2018-02-27,MIA,PHI,697,0,0,home,MIA,1,1,1,0.547,0.9,strict,0,0,0,0.547,"[-Inf,1)","[0.5,0.6)"
2018,400975800,2018-03-19,MIA,DEN,703,0,0,home,MIA,1,1,2,0.596,0.9,strict,0,0,0,0.596,"[-Inf,1)","[0.5,0.6)"
2019,401070823,2018-11-05,ORL,CLE,608,0,0,home,ORL,1,1,2,0.618,0.9,strict,0,0,0,0.618,"[-Inf,1)","[0.6,0.7)"
2019,401070887,2018-11-14,TOR,DET,666,0,0,away,DET,1,1,2,0.19899999999999995,0.9,strict,0,0,0,0.801,"[-Inf,1)","[0.8,0.9)"
2019,401071132,2018-12-18,IND,CLE,630,0,0,away,CLE,1,1,1,0.11599999999999999,0.9,strict,0,0,0,0.884,"[-Inf,1)","[0.8,0.9)"
2019,401071199,2018-12-28,NO,DAL,691,0,0,home,NO,1,1,2,0.667,0.9,strict,0,0,0,0.667,"[-Inf,1)","[0.6,0.7)"
2019,401071469,2019-02-05,CHA,LAC,663,0,0,away,LAC,1,1,2,0.41600000000000004,0.9,strict,0,0,0,0.584,"[-Inf,1)","[0.5,0.6)"
2019,401071698,2019-03-14,DEN,DAL,603,0,0,home,DEN,1,1,1,0.8,0.9,strict,0,0,0,0.8,"[-Inf,1)","[0.8,0.9)"
2019,401071818,2019-03-31,ATL,MIL,789,0,0,home,ATL,1,1,1,0.138,0.9,strict,0,0,0,0.862,"[-Inf,1)","[0.8,0.9)"
2020,401160628,2019-10-23,BKN,MIN,793,0,0,away,MIN,1,1,1,0.353,0.9,strict,0,0,0,0.647,"[-Inf,1)","[0.6,0.7)"
2020,401160679,2019-10-27,MEM,BKN,836,0,0,home,MEM,1,1,1,0.543,0.9,strict,0,0,0,0.543,"[-Inf,1)","[0.5,0.6)"
2020,401160685,2019-10-28,ATL,PHI,820,0,0,away,PHI,1,1,2,0.596,0.9,strict,0,0,0,0.596,"[-Inf,1)","[0.5,0.6)"
2020,401160826,2019-11-17,SAC,BOS,642,0,0,home,SAC,1,1,1,0.39,0.9,strict,0,0,0,0.61,"[-Inf,1)","[0.6,0.7)"
2020,401160987,2019-12-09,CHI,TOR,665,0,0,away,TOR,1,1,1,0.6679999999999999,0.9,strict,0,0,0,0.6679999999999999,"[-Inf,1)","[0.6,0.7)"
2020,401160988,2019-12-09,HOU,SAC,645,0,0,away,SAC,1,1,1,0.17500000000000004,0.9,strict,0,0,0,0.825,"[-Inf,1)","[0.8,0.9)"
2020,401161201,2020-01-08,DAL,DEN,643,0,0,away,DEN,1,1,1,0.32899999999999996,0.9,strict,0,0,0,0.671,"[-Inf,1)","[0.6,0.7)"
2020,401161266,2020-01-17,SA,ATL,699,0,0,away,ATL,1,1,1,0.21399999999999997,0.9,strict,0,0,0,0.786,"[-Inf,1)","[0.7,0.8)"
2020,401161436,2020-02-10,IND,BKN,632,0,0,away,BKN,1,1,1,0.31100000000000005,0.9,strict,0,0,0,0.689,"[-Inf,1)","[0.6,0.7)"
2020,401161568,2020-03-05,CHA,DEN,670,0,0,away,DEN,1,1,2,0.758,0.9,strict,0,0,0,0.758,"[-Inf,1)","[0.7,0.8)"
2020,401224731,2020-08-04,MIL,BKN,755,0,0,away,BKN,1,1,3,0.17800000000000005,0.9,strict,0,0,0,0.822,"[-Inf,1)","[0.8,0.9)"
2020,401224733,2020-08-04,LAC,PHX,612,0,0,away,PHX,1,1,2,0.256,0.9,strict,0,0,0,0.744,"[-Inf,1)","[0.7,0.8)"
2020,401224781,2020-08-12,OKC,MIA,652,0,0,home,OKC,1,1,1,0.471,0.9,strict,0,0,0,0.529,"[-Inf,1)","[0.5,0.6)"
2021,401267179,2020-12-23,DEN,SAC,770,0,0,away,SAC,1,1,2,0.381,0.9,strict,0,0,0,0.619,"[-Inf,1)","[0.6,0.7)"
2021,401267198,2020-12-27,CHI,GS,750,0,0,away,GS,1,1,1,0.65,0.9,strict,0,0,0,0.65,"[-Inf,1)","[0.6,0.7)"
2021,401267260,2021-01-04,NO,IND,742,0,0,away,IND,1,1,2,0.52,0.9,strict,0,0,0,0.52,"[-Inf,1)","[0.5,0.6)"
2021,401267381,2021-01-20,MIN,ORL,681,0,0,away,ORL,1,1,1,0.563,0.9,strict,0,0,0,0.563,"[-Inf,1)","[0.5,0.6)"
2021,401267619,2021-02-20,CHA,GS,625,0,0,home,CHA,1,1,2,0.371,0.9,strict,0,0,0,0.629,"[-Inf,1)","[0.6,0.7)"
2021,401267640,2021-02-23,CLE,ATL,648,0,0,home,CLE,1,1,1,0.347,0.9,strict,0,0,0,0.653,"[-Inf,1)","[0.6,0.7)"
2021,401307353,2021-03-11,TOR,ATL,745,0,0,away,ATL,1,1,1,0.31799999999999995,0.9,strict,0,0,0,0.682,"[-Inf,1)","[0.6,0.7)"
2021,401307458,2021-03-24,ORL,PHX,629,0,0,home,ORL,1,1,1,0.314,0.9,strict,0,0,0,0.6859999999999999,"[-Inf,1)","[0.6,0.7)"
2021,401307633,2021-04-14,MEM,DAL,614,0,0,away,DAL,1,1,1,0.649,0.9,strict,0,0,0,0.649,"[-Inf,1)","[0.6,0.7)"
2021,401307659,2021-04-18,MIA,BKN,619,0,0,home,MIA,1,1,2,0.537,0.9,strict,0,0,0,0.537,"[-Inf,1)","[0.5,0.6)"
2021,401307677,2021-04-20,POR,LAC,630,0,0,away,LAC,1,1,1,0.589,0.9,strict,0,0,0,0.589,"[-Inf,1)","[0.5,0.6)"
2021,401307689,2021-04-21,POR,DEN,599,0,0,away,DEN,1,1,1,0.42700000000000005,0.9,strict,0,0,0,0.573,"[-Inf,1)","[0.5,0.6)"
2022,401360014,2021-11-13,CLE,BOS,597,0,0,home,CLE,1,1,2,0.531,0.9,strict,0,0,0,0.531,"[-Inf,1)","[0.5,0.6)"
2022,401360349,2021-12-31,IND,CHI,713,0,0,away,CHI,1,1,2,0.514,0.9,strict,0,0,0,0.514,"[-Inf,1)","[0.5,0.6)"
2022,401360367,2022-01-02,SAC,MIA,640,0,0,home,SAC,1,1,2,0.365,0.9,strict,0,0,0,0.635,"[-Inf,1)","[0.6,0.7)"
2022,401360890,2022-03-21,CHA,NO,639,0,0,home,CHA,1,1,3,0.616,0.9,strict,0,0,0,0.616,"[-Inf,1)","[0.6,0.7)"
2023,401468285,2022-11-04,PHX,POR,671,0,0,away,POR,1,1,2,0.11199999999999999,0.9,strict,0,0,0,0.888,"[-Inf,1)","[0.8,0.9)"
2023,401468463,2022-11-28,LAL,IND,715,0,0,away,IND,1,1,1,0.44399999999999995,0.9,strict,0,0,0,0.556,"[-Inf,1)","[0.5,0.6)"
2023,401468623,2022-12-21,ATL,CHI,612,0,0,away,CHI,1,1,2,0.31299999999999994,0.9,strict,0,0,0,0.687,"[-Inf,1)","[0.6,0.7)"
2023,401468857,2023-01-22,DEN,OKC,647,0,0,away,OKC,0.996,1,2,0.29000000000000004,0.9,strict,-0.0040000000000000036,0,0.0040000000000000036,0.71,"[-Inf,1)","[0.7,0.8)"
2023,401469047,2023-02-23,UTAH,OKC,794,0,0,home,UTAH,1,1,1,0.601,0.9,strict,0,0,0,0.601,"[-Inf,1)","[0.6,0.7)"
2023,401469209,2023-03-17,LAL,DAL,685,0,0,away,DAL,1,1,1,0.389,0.9,strict,0,0,0,0.611,"[-Inf,1)","[0.6,0.7)"
2023,401469237,2023-03-21,LAC,OKC,655,0,0,away,OKC,1,1,1,0.20499999999999996,0.9,strict,0,0,0,0.795,"[-Inf,1)","[0.7,0.8)"
2024,401584093,2023-11-03,OKC,GS,738,0,0,away,GS,0.999,1,2,0.611,0.9,strict,-0.0010000000000000009,0,0.0010000000000000009,0.611,"[-Inf,1)","[0.6,0.7)"
2024,401584133,2023-11-24,NY,MIA,598,0,0,home,NY,0.996,1,2,0.554,0.9,strict,-0.0040000000000000036,0,0.0040000000000000036,0.554,"[-Inf,1)","[0.5,0.6)"
2024,401584148,2023-11-28,SAC,GS,781,0,0,home,SAC,0.993,1,1,0.519,0.9,strict,-0.007000000000000006,0,0.007000000000000006,0.519,"[-Inf,1)","[0.5,0.6)"
2024,401584800,2023-11-09,ORL,ATL,737,0,0,away,ATL,1,1,1,0.7050000000000001,0.9,strict,0,0,0,0.7050000000000001,"[-Inf,1)","[0.7,0.8)"
2024,401584908,2023-12-02,LAC,GS,657,0,0,home,LAC,1,1,1,0.634,0.9,strict,0,0,0,0.634,"[-Inf,1)","[0.6,0.7)"
2024,401584988,2023-12-19,NO,MEM,668,0,0,away,MEM,1,1,2,0.21399999999999997,0.9,strict,0,0,0,0.786,"[-Inf,1)","[0.7,0.8)"
2024,401585116,2024-01-05,DEN,ORL,667,0,0,away,ORL,0.999,1,2,0.19799999999999995,0.9,strict,-0.0010000000000000009,0,0.0010000000000000009,0.802,"[-Inf,1)","[0.8,0.9)"
2024,401585206,2024-01-17,POR,BKN,602,0,0,home,POR,0.994,1,2,0.314,0.9,strict,-0.006000000000000005,0,0.006000000000000005,0.6859999999999999,"[-Inf,1)","[0.6,0.7)"
2024,401585680,2024-03-27,PHI,LAC,620,0,0,away,LAC,1,1,1,0.659,0.9,strict,0,0,0,0.659,"[-Inf,1)","[0.6,0.7)"
2018,400974438,2017-10-17,GS,HOU,682,0,0,away,HOU,0.999,1,1,0.51,0.95,strict,-0.0010000000000000009,0,0.0010000000000000009,0.51,"[-Inf,1)","[0.5,0.6)"
2018,400974819,2017-10-26,POR,LAC,654,0,0,away,LAC,1,1,1,0.396,0.95,strict,0,0,0,0.604,"[-Inf,1)","[0.6,0.7)"
2018,400974908,2017-11-07,POR,MEM,612,0,0,away,MEM,1,1,1,0.358,0.95,strict,0,0,0,0.642,"[-Inf,1)","[0.6,0.7)"
2018,400974921,2017-11-10,BOS,CHA,710,0,0,home,BOS,0.997,1,3,0.794,0.95,strict,-0.0030000000000000027,0,0.0030000000000000027,0.794,"[-Inf,1)","[0.7,0.8)"
2018,400974939,2017-11-12,BOS,TOR,631,0,0,home,BOS,0.999,1,1,0.664,0.95,strict,-0.0010000000000000009,0,0.0010000000000000009,0.664,"[-Inf,1)","[0.6,0.7)"
2018,400974946,2017-11-13,NO,ATL,619,0,0,home,NO,0.968,1,1,0.802,0.95,strict,-0.03200000000000003,0,0.03200000000000003,0.802,"[-Inf,1)","[0.8,0.9)"
2018,400974989,2017-11-19,MIN,DET,619,0,0,away,DET,0.999,1,3,0.355,0.95,strict,-0.0010000000000000009,0,0.0010000000000000009,0.645,"[-Inf,1)","[0.6,0.7)"
2018,400975011,2017-11-22,MEM,DAL,640,0,0,away,DAL,0.999,1,1,0.28600000000000003,0.95,strict,-0.0010000000000000009,0,0.0010000000000000009,0.714,"[-Inf,1)","[0.7,0.8)"
2018,400975066,2017-11-30,DEN,CHI,642,0,0,home,DEN,0.999,1,1,0.877,0.95,strict,-0.0010000000000000009,0,0.0010000000000000009,0.877,"[-Inf,1)","[0.8,0.9)"
2018,400975105,2017-12-06,IND,CHI,577,0,0,home,IND,0.983,1,2,0.856,0.95,strict,-0.017000000000000015,0,0.017000000000000015,0.856,"[-Inf,1)","[0.8,0.9)"
2018,400975126,2017-12-09,LAC,WSH,641,0,0,home,LAC,0.977,1,1,0.517,0.95,strict,-0.02300000000000002,0,0.02300000000000002,0.517,"[-Inf,1)","[0.5,0.6)"
2018,400975133,2017-12-09,MEM,OKC,722,0,0,away,OKC,0.999,1,1,0.609,0.95,strict,-0.0010000000000000009,0,0.0010000000000000009,0.609,"[-Inf,1)","[0.6,0.7)"
2018,400975186,2017-12-16,SA,DAL,582,0,0,home,SA,1,1,2,0.759,0.95,strict,0,0,0,0.759,"[-Inf,1)","[0.7,0.8)"
2018,400975193,2017-12-18,IND,BOS,655,0,0,away,BOS,1,1,1,0.616,0.95,strict,0,0,0,0.616,"[-Inf,1)","[0.6,0.7)"
2018,400975197,2017-12-18,MIN,POR,588,0,0,home,MIN,0.99,1,1,0.612,0.95,strict,-0.010000000000000009,0,0.010000000000000009,0.612,"[-Inf,1)","[0.6,0.7)"
2018,400975198,2017-12-18,OKC,DEN,589,0,0,home,OKC,1,1,1,0.646,0.95,strict,0,0,0,0.646,"[-Inf,1)","[0.6,0.7)"
2018,400975214,2017-12-20,POR,SA,627,0,0,away,SA,1,1,2,0.491,0.95,strict,0,0,0,0.509,"[-Inf,1)","[0.5,0.6)"
2018,400975222,2017-12-22,DET,NY,636,0,0,home,DET,0.998,1,3,0.705,0.95,strict,-0.0020000000000000018,0,0.0020000000000000018,0.705,"[-Inf,1)","[0.7,0.8)"
2018,400975303,2018-01-03,BKN,MIN,573,0,0,home,BKN,1,1,1,0.403,0.95,strict,0,0,0,0.597,"[-Inf,1)","[0.5,0.6)"
2018,400975325,2018-01-06,BKN,BOS,688,0,0,away,BOS,0.998,1,2,0.624,0.95,strict,-0.0020000000000000018,0,0.0020000000000000018,0.624,"[-Inf,1)","[0.6,0.7)"
2018,400975332,2018-01-07,MIA,UTAH,602,0,0,home,MIA,1,1,1,0.561,0.95,strict,0,0,0,0.561,"[-Inf,1)","[0.5,0.6)"
2018,400975335,2018-01-07,POR,SA,621,0,0,home,POR,1,1,1,0.483,0.95,strict,0,0,0,0.517,"[-Inf,1)","[0.5,0.6)"
2018,400975341,2018-01-08,NO,DET,642,0,0,home,NO,1,1,3,0.589,0.95,strict,0,0,0,0.589,"[-Inf,1)","[0.5,0.6)"
2018,400975345,2018-01-09,TOR,MIA,631,0,0,away,MIA,0.985,1,1,0.20499999999999996,0.95,strict,-0.015000000000000013,0,0.015000000000000013,0.795,"[-Inf,1)","[0.7,0.8)"
2018,400975355,2018-01-10,MEM,NO,697,0,0,home,MEM,0.999,1,3,0.565,0.95,strict,-0.0010000000000000009,0,0.0010000000000000009,0.565,"[-Inf,1)","[0.5,0.6)"
2018,400975378,2018-01-13,CHI,DET,589,0,0,home,CHI,1,1,2,0.38,0.95,strict,0,0,0,0.62,"[-Inf,1)","[0.6,0.7)"
2018,400975400,2018-01-17,ATL,NO,651,0,0,home,ATL,1,1,1,0.469,0.95,strict,0,0,0,0.531,"[-Inf,1)","[0.5,0.6)"
2018,400975422,2018-01-20,CHA,MIA,592,0,0,away,MIA,0.963,1,0,0.32599999999999996,0.95,strict,-0.03700000000000003,0,0.03700000000000003,0.674,"[-Inf,1)","[0.6,0.7)"
2018,400975443,2018-01-23,OKC,BKN,646,0,0,home,OKC,1,1,1,0.836,0.95,strict,0,0,0,0.836,"[-Inf,1)","[0.8,0.9)"
2018,400975456,2018-01-25,MIA,SAC,592,0,0,away,SAC,0.983,1,1,0.20099999999999996,0.95,strict,-0.017000000000000015,0,0.017000000000000015,0.799,"[-Inf,1)","[0.7,0.8)"
2018,400975489,2018-01-29,DEN,BOS,636,0,0,away,BOS,0.982,1,1,0.489,0.95,strict,-0.018000000000000016,0,0.018000000000000016,0.511,"[-Inf,1)","[0.5,0.6)"
2018,400975503,2018-01-31,CLE,MIA,714,0,0,home,CLE,1,1,2,0.687,0.95,strict,0,0,0,0.687,"[-Inf,1)","[0.6,0.7)"
2018,400975517,2018-02-02,MIL,NY,632,0,0,home,MIL,1,1,2,0.638,0.95,strict,0,0,0,0.638,"[-Inf,1)","[0.6,0.7)"
2018,400975568,2018-02-09,CHI,MIN,618,0,0,home,CHI,0.999,1,1,0.357,0.95,strict,-0.0010000000000000009,0,0.0010000000000000009,0.643,"[-Inf,1)","[0.6,0.7)"
2018,400975591,2018-02-12,UTAH,SA,682,0,0,home,UTAH,0.999,1,2,0.534,0.95,strict,-0.0010000000000000009,0,0.0010000000000000009,0.534,"[-Inf,1)","[0.5,0.6)"
2018,400975655,2018-02-27,MIA,PHI,697,0,0,home,MIA,1,1,1,0.547,0.95,strict,0,0,0,0.547,"[-Inf,1)","[0.5,0.6)"
2018,400975697,2018-03-05,IND,MIL,586,0,0,home,IND,1,1,3,0.596,0.95,strict,0,0,0,0.596,"[-Inf,1)","[0.5,0.6)"
2018,400975770,2018-03-15,MEM,CHI,665,0,0,away,CHI,1,1,1,0.31899999999999995,0.95,strict,0,0,0,0.681,"[-Inf,1)","[0.6,0.7)"
2018,400975780,2018-03-16,LAL,MIA,630,0,0,away,MIA,1,1,1,0.43600000000000005,0.95,strict,0,0,0,0.564,"[-Inf,1)","[0.5,0.6)"
2018,400975800,2018-03-19,MIA,DEN,703,0,0,home,MIA,1,1,2,0.596,0.95,strict,0,0,0,0.596,"[-Inf,1)","[0.5,0.6)"
2019,401070727,2018-10-22,POR,WSH,795,0,0,away,WSH,1,1,1,0.371,0.95,strict,0,0,0,0.629,"[-Inf,1)","[0.6,0.7)"
2019,401070730,2018-10-23,DET,PHI,798,0,0,home,DET,1,1,1,0.458,0.95,strict,0,0,0,0.542,"[-Inf,1)","[0.5,0.6)"
2019,401070808,2018-11-03,IND,BOS,664,0,0,home,IND,1,1,1,0.485,0.95,strict,0,0,0,0.515,"[-Inf,1)","[0.5,0.6)"
2019,401070823,2018-11-05,ORL,CLE,608,0,0,home,ORL,1,1,2,0.618,0.95,strict,0,0,0,0.618,"[-Inf,1)","[0.6,0.7)"
2019,401070887,2018-11-14,TOR,DET,666,0,0,away,DET,1,1,2,0.19899999999999995,0.95,strict,0,0,0,0.801,"[-Inf,1)","[0.8,0.9)"
2019,401071010,2018-11-30,POR,DEN,659,0,0,away,DEN,1,1,1,0.558,0.95,strict,0,0,0,0.558,"[-Inf,1)","[0.5,0.6)"
2019,401071028,2018-12-03,TOR,DEN,676,0,0,away,DEN,1,1,3,0.384,0.95,strict,0,0,0,0.616,"[-Inf,1)","[0.6,0.7)"
2019,401071039,2018-12-05,BKN,OKC,745,0,0,away,OKC,1,1,2,0.643,0.95,strict,0,0,0,0.643,"[-Inf,1)","[0.6,0.7)"
2019,401071132,2018-12-18,IND,CLE,630,0,0,away,CLE,1,1,1,0.11599999999999999,0.95,strict,0,0,0,0.884,"[-Inf,1)","[0.8,0.9)"
2019,401071161,2018-12-22,WSH,PHX,843,0,0,home,WSH,1,1,3,0.716,0.95,strict,0,0,0,0.716,"[-Inf,1)","[0.7,0.8)"
2019,401071199,2018-12-28,NO,DAL,691,0,0,home,NO,1,1,2,0.667,0.95,strict,0,0,0,0.667,"[-Inf,1)","[0.6,0.7)"
2019,401071427,2019-01-29,SA,PHX,654,0,0,home,SA,1,1,2,0.875,0.95,strict,0,0,0,0.875,"[-Inf,1)","[0.8,0.9)"
2019,401071469,2019-02-05,CHA,LAC,663,0,0,away,LAC,1,1,2,0.41600000000000004,0.95,strict,0,0,0,0.584,"[-Inf,1)","[0.5,0.6)"
2019,401071698,2019-03-14,DEN,DAL,603,0,0,home,DEN,1,1,1,0.8,0.95,strict,0,0,0,0.8,"[-Inf,1)","[0.8,0.9)"
2019,401071818,2019-03-31,ATL,MIL,789,0,0,home,ATL,1,1,1,0.138,0.95,strict,0,0,0,0.862,"[-Inf,1)","[0.8,0.9)"
2019,401071858,2019-04-05,MIN,MIA,648,0,0,home,MIN,1,1,2,0.609,0.95,strict,0,0,0,0.609,"[-Inf,1)","[0.6,0.7)"
2019,401071891,2019-04-09,OKC,HOU,656,0,0,home,OKC,1,1,1,0.528,0.95,strict,0,0,0,0.528,"[-Inf,1)","[0.5,0.6)"
2020,401160625,2019-10-23,CHA,CHI,714,0,0,home,CHA,1,1,1,0.469,0.95,strict,0,0,0,0.531,"[-Inf,1)","[0.5,0.6)"
2020,401160628,2019-10-23,BKN,MIN,793,0,0,away,MIN,1,1,1,0.353,0.95,strict,0,0,0,0.647,"[-Inf,1)","[0.6,0.7)"
2020,401160674,2019-10-26,HOU,NO,724,0,0,home,HOU,1,1,3,0.807,0.95,strict,0,0,0,0.807,"[-Inf,1)","[0.8,0.9)"
2020,401160675,2019-10-26,SA,WSH,668,0,0,home,SA,1,1,2,0.818,0.95,strict,0,0,0,0.818,"[-Inf,1)","[0.8,0.9)"
2020,401160679,2019-10-27,MEM,BKN,836,0,0,home,MEM,1,1,1,0.543,0.95,strict,0,0,0,0.543,"[-Inf,1)","[0.5,0.6)"
2020,401160685,2019-10-28,ATL,PHI,820,0,0,away,PHI,1,1,2,0.596,0.95,strict,0,0,0,0.596,"[-Inf,1)","[0.5,0.6)"
2020,401160717,2019-11-01,SAC,UTAH,653,0,0,home,SAC,1,1,1,0.295,0.95,strict,0,0,0,0.7050000000000001,"[-Inf,1)","[0.7,0.8)"
2020,401160789,2019-11-12,PHI,CLE,655,0,0,home,PHI,1,1,1,0.842,0.95,strict,0,0,0,0.842,"[-Inf,1)","[0.8,0.9)"
2020,401160809,2019-11-15,CHA,DET,637,0,0,home,CHA,1,1,3,0.409,0.95,strict,0,0,0,0.591,"[-Inf,1)","[0.5,0.6)"
2020,401160819,2019-11-16,NY,CHA,679,0,0,away,CHA,1,1,1,0.376,0.95,strict,0,0,0,0.624,"[-Inf,1)","[0.6,0.7)"
2020,401160826,2019-11-17,SAC,BOS,642,0,0,home,SAC,1,1,1,0.39,0.95,strict,0,0,0,0.61,"[-Inf,1)","[0.6,0.7)"
2020,401160896,2019-11-27,CHA,DET,636,0,0,home,CHA,1,1,1,0.418,0.95,strict,0,0,0,0.5820000000000001,"[-Inf,1)","[0.5,0.6)"
2020,401160922,2019-11-30,SAC,DEN,736,0,0,home,SAC,1,1,3,0.38,0.95,strict,0,0,0,0.62,"[-Inf,1)","[0.6,0.7)"
2020,401160987,2019-12-09,CHI,TOR,665,0,0,away,TOR,1,1,1,0.6679999999999999,0.95,strict,0,0,0,0.6679999999999999,"[-Inf,1)","[0.6,0.7)"
2020,401160988,2019-12-09,HOU,SAC,645,0,0,away,SAC,1,1,1,0.17500000000000004,0.95,strict,0,0,0,0.825,"[-Inf,1)","[0.8,0.9)"
2020,401161191,2020-01-07,TOR,POR,654,0,0,away,POR,1,1,2,0.241,0.95,strict,0,0,0,0.759,"[-Inf,1)","[0.7,0.8)"
2020,401161197,2020-01-08,CHA,TOR,716,0,0,away,TOR,1,1,2,0.758,0.95,strict,0,0,0,0.758,"[-Inf,1)","[0.7,0.8)"
2020,401161201,2020-01-08,DAL,DEN,643,0,0,away,DEN,1,1,1,0.32899999999999996,0.95,strict,0,0,0,0.671,"[-Inf,1)","[0.6,0.7)"
2020,401161266,2020-01-17,SA,ATL,699,0,0,away,ATL,1,1,1,0.21399999999999997,0.95,strict,0,0,0,0.786,"[-Inf,1)","[0.7,0.8)"
2020,401161432,2020-02-09,HOU,UTAH,641,0,0,away,UTAH,1,1,1,0.403,0.95,strict,0,0,0,0.597,"[-Inf,1)","[0.5,0.6)"
2020,401161436,2020-02-10,IND,BKN,632,0,0,away,BKN,1,1,1,0.31100000000000005,0.95,strict,0,0,0,0.689,"[-Inf,1)","[0.6,0.7)"
2020,401161551,2020-03-03,CHA,SA,618,0,0,away,SA,1,1,1,0.619,0.95,strict,0,0,0,0.619,"[-Inf,1)","[0.6,0.7)"
2020,401161568,2020-03-05,CHA,DEN,670,0,0,away,DEN,1,1,2,0.758,0.95,strict,0,0,0,0.758,"[-Inf,1)","[0.7,0.8)"
2020,401161584,2020-03-07,CLE,DEN,608,0,0,home,CLE,1,1,2,0.259,0.95,strict,0,0,0,0.741,"[-Inf,1)","[0.7,0.8)"
2020,401224731,2020-08-04,MIL,BKN,755,0,0,away,BKN,1,1,3,0.17800000000000005,0.95,strict,0,0,0,0.822,"[-Inf,1)","[0.8,0.9)"
2020,401224733,2020-08-04,LAC,PHX,612,0,0,away,PHX,1,1,2,0.256,0.95,strict,0,0,0,0.744,"[-Inf,1)","[0.7,0.8)"
2020,401224781,2020-08-12,OKC,MIA,652,0,0,home,OKC,1,1,1,0.471,0.95,strict,0,0,0,0.529,"[-Inf,1)","[0.5,0.6)"
2021,401267179,2020-12-23,DEN,SAC,770,0,0,away,SAC,1,1,2,0.381,0.95,strict,0,0,0,0.619,"[-Inf,1)","[0.6,0.7)"
2021,401267198,2020-12-27,CHI,GS,750,0,0,away,GS,1,1,1,0.65,0.95,strict,0,0,0,0.65,"[-Inf,1)","[0.6,0.7)"
2021,401267260,2021-01-04,NO,IND,742,0,0,away,IND,1,1,2,0.52,0.95,strict,0,0,0,0.52,"[-Inf,1)","[0.5,0.6)"
2021,401267381,2021-01-20,MIN,ORL,681,0,0,away,ORL,1,1,1,0.563,0.95,strict,0,0,0,0.563,"[-Inf,1)","[0.5,0.6)"
2021,401267390,2021-01-22,DET,HOU,712,0,0,away,HOU,1,1,1,0.516,0.95,strict,0,0,0,0.516,"[-Inf,1)","[0.5,0.6)"
2021,401267479,2021-02-01,DAL,PHX,648,0,0,away,PHX,1,1,1,0.483,0.95,strict,0,0,0,0.517,"[-Inf,1)","[0.5,0.6)"
2021,401267619,2021-02-20,CHA,GS,625,0,0,home,CHA,1,1,2,0.371,0.95,strict,0,0,0,0.629,"[-Inf,1)","[0.6,0.7)"
2021,401267640,2021-02-23,CLE,ATL,648,0,0,home,CLE,1,1,1,0.347,0.95,strict,0,0,0,0.653,"[-Inf,1)","[0.6,0.7)"
2021,401267688,2021-02-28,SAC,CHA,679,0,0,away,CHA,1,1,1,0.478,0.95,strict,0,0,0,0.522,"[-Inf,1)","[0.5,0.6)"
2021,401307353,2021-03-11,TOR,ATL,745,0,0,away,ATL,1,1,1,0.31799999999999995,0.95,strict,0,0,0,0.682,"[-Inf,1)","[0.6,0.7)"
2021,401307399,2021-03-16,POR,NO,643,0,0,home,POR,1,1,1,0.516,0.95,strict,0,0,0,0.516,"[-Inf,1)","[0.5,0.6)"
2021,401307432,2021-03-21,MIA,IND,725,0,0,away,IND,1,1,3,0.373,0.95,strict,0,0,0,0.627,"[-Inf,1)","[0.6,0.7)"
2021,401307458,2021-03-24,ORL,PHX,629,0,0,home,ORL,1,1,1,0.314,0.95,strict,0,0,0,0.6859999999999999,"[-Inf,1)","[0.6,0.7)"
2021,401307466,2021-03-24,SAC,ATL,631,0,0,home,SAC,1,1,2,0.559,0.95,strict,0,0,0,0.559,"[-Inf,1)","[0.5,0.6)"
2021,401307553,2021-04-05,TOR,WSH,673,0,0,home,TOR,1,1,2,0.642,0.95,strict,0,0,0,0.642,"[-Inf,1)","[0.6,0.7)"
2021,401307627,2021-04-14,DET,LAC,643,0,0,away,LAC,1,1,2,0.515,0.95,strict,0,0,0,0.515,"[-Inf,1)","[0.5,0.6)"
2021,401307633,2021-04-14,MEM,DAL,614,0,0,away,DAL,1,1,1,0.649,0.95,strict,0,0,0,0.649,"[-Inf,1)","[0.6,0.7)"
2021,401307659,2021-04-18,MIA,BKN,619,0,0,home,MIA,1,1,2,0.537,0.95,strict,0,0,0,0.537,"[-Inf,1)","[0.5,0.6)"
2021,401307677,2021-04-20,POR,LAC,630,0,0,away,LAC,1,1,1,0.589,0.95,strict,0,0,0,0.589,"[-Inf,1)","[0.5,0.6)"
2021,401307689,2021-04-21,POR,DEN,599,0,0,away,DEN,1,1,1,0.42700000000000005,0.95,strict,0,0,0,0.573,"[-Inf,1)","[0.5,0.6)"
2022,401360004,2021-11-12,OKC,SAC,660,0,0,home,OKC,1,1,2,0.391,0.95,strict,0,0,0,0.609,"[-Inf,1)","[0.6,0.7)"
2022,401360014,2021-11-13,CLE,BOS,597,0,0,home,CLE,1,1,2,0.531,0.95,strict,0,0,0,0.531,"[-Inf,1)","[0.5,0.6)"
2022,401360148,2021-12-01,MIL,CHA,700,0,0,home,MIL,1,1,2,0.596,0.95,strict,0,0,0,0.596,"[-Inf,1)","[0.5,0.6)"
2022,401360159,2021-12-03,ATL,PHI,668,0,0,away,PHI,1,1,2,0.43300000000000005,0.95,strict,0,0,0,0.567,"[-Inf,1)","[0.5,0.6)"
2022,401360349,2021-12-31,IND,CHI,713,0,0,away,CHI,1,1,2,0.514,0.95,strict,0,0,0,0.514,"[-Inf,1)","[0.5,0.6)"
2022,401360367,2022-01-02,SAC,MIA,640,0,0,home,SAC,1,1,2,0.365,0.95,strict,0,0,0,0.635,"[-Inf,1)","[0.6,0.7)"
2022,401360580,2022-01-31,PHI,MEM,782,0,0,home,PHI,1,1,3,0.444,0.95,strict,0,0,0,0.556,"[-Inf,1)","[0.5,0.6)"
2022,401360694,2022-02-16,BOS,DET,604,0,0,away,DET,1,1,1,0.10899999999999999,0.95,strict,0,0,0,0.891,"[-Inf,1)","[0.8,0.9)"
2022,401360734,2022-02-27,CHA,DET,783,0,0,away,DET,1,1,1,0.273,0.95,strict,0,0,0,0.727,"[-Inf,1)","[0.7,0.8)"
2022,401360772,2022-03-04,PHX,NY,681,0,0,home,PHX,1,1,1,0.756,0.95,strict,0,0,0,0.756,"[-Inf,1)","[0.7,0.8)"
2022,401360834,2022-03-13,ORL,PHI,720,0,0,away,PHI,1,1,2,0.657,0.95,strict,0,0,0,0.657,"[-Inf,1)","[0.6,0.7)"
2022,401360890,2022-03-21,CHA,NO,639,0,0,home,CHA,1,1,3,0.616,0.95,strict,0,0,0,0.616,"[-Inf,1)","[0.6,0.7)"
2022,401360961,2022-03-30,HOU,SAC,726,0,0,away,SAC,1,1,3,0.44599999999999995,0.95,strict,0,0,0,0.554,"[-Inf,1)","[0.5,0.6)"
2023,401468242,2022-10-29,UTAH,MEM,689,0,0,home,UTAH,1,1,1,0.536,0.95,strict,0,0,0,0.536,"[-Inf,1)","[0.5,0.6)"
2023,401468262,2022-11-02,CLE,BOS,741,0,0,home,CLE,1,1,1,0.493,0.95,strict,0,0,0,0.507,"[-Inf,1)","[0.5,0.6)"
2023,401468273,2022-11-03,ORL,GS,731,0,0,home,ORL,1,1,1,0.243,0.95,strict,0,0,0,0.757,"[-Inf,1)","[0.7,0.8)"
2023,401468285,2022-11-04,PHX,POR,671,0,0,away,POR,1,1,2,0.11199999999999999,0.95,strict,0,0,0,0.888,"[-Inf,1)","[0.8,0.9)"
2023,401468287,2022-11-05,ORL,SAC,728,0,0,away,SAC,1,1,3,0.622,0.95,strict,0,0,0,0.622,"[-Inf,1)","[0.6,0.7)"
2023,401468305,2022-11-07,MIA,POR,603,0,0,away,POR,1,1,3,0.22999999999999998,0.95,strict,0,0,0,0.77,"[-Inf,1)","[0.7,0.8)"
2023,401468379,2022-11-18,WSH,MIA,694,0,0,home,WSH,1,1,1,0.628,0.95,strict,0,0,0,0.628,"[-Inf,1)","[0.6,0.7)"
2023,401468444,2022-11-26,PHX,UTAH,642,0,0,home,PHX,1,1,1,0.674,0.95,strict,0,0,0,0.674,"[-Inf,1)","[0.6,0.7)"
2023,401468463,2022-11-28,LAL,IND,715,0,0,away,IND,1,1,1,0.44399999999999995,0.95,strict,0,0,0,0.556,"[-Inf,1)","[0.5,0.6)"
2023,401468623,2022-12-21,ATL,CHI,612,0,0,away,CHI,1,1,2,0.31299999999999994,0.95,strict,0,0,0,0.687,"[-Inf,1)","[0.6,0.7)"
2023,401468750,2023-01-07,SAC,LAL,728,0,0,away,LAL,1,1,2,0.238,0.95,strict,0,0,0,0.762,"[-Inf,1)","[0.7,0.8)"
2023,401468857,2023-01-22,DEN,OKC,647,0,0,away,OKC,0.996,1,2,0.29000000000000004,0.95,strict,-0.0040000000000000036,0,0.0040000000000000036,0.71,"[-Inf,1)","[0.7,0.8)"
2023,401468881,2023-01-25,GS,MEM,779,0,0,home,GS,0.996,1,2,0.568,0.95,strict,-0.0040000000000000036,0,0.0040000000000000036,0.568,"[-Inf,1)","[0.5,0.6)"
2023,401468933,2023-02-02,IND,LAL,662,0,0,away,LAL,1,1,1,0.497,0.95,strict,0,0,0,0.503,"[-Inf,1)","[0.5,0.6)"
2023,401468960,2023-02-05,MEM,TOR,684,0,0,away,TOR,0.999,1,3,0.481,0.95,strict,-0.0010000000000000009,0,0.0010000000000000009,0.519,"[-Inf,1)","[0.5,0.6)"
2023,401469043,2023-02-23,ORL,DET,686,0,0,home,ORL,0.997,1,2,0.781,0.95,strict,-0.0030000000000000027,0,0.0030000000000000027,0.781,"[-Inf,1)","[0.7,0.8)"
2023,401469047,2023-02-23,UTAH,OKC,794,0,0,home,UTAH,1,1,1,0.601,0.95,strict,0,0,0,0.601,"[-Inf,1)","[0.6,0.7)"
2023,401469057,2023-02-24,LAC,SAC,811,0,0,away,SAC,0.996,1,1,0.23099999999999998,0.95,strict,-0.0040000000000000036,0,0.0040000000000000036,0.769,"[-Inf,1)","[0.7,0.8)"
2023,401469153,2023-03-10,PHI,POR,625,0,0,home,PHI,1,1,1,0.762,0.95,strict,0,0,0,0.762,"[-Inf,1)","[0.7,0.8)"
2023,401469209,2023-03-17,LAL,DAL,685,0,0,away,DAL,1,1,1,0.389,0.95,strict,0,0,0,0.611,"[-Inf,1)","[0.6,0.7)"
2023,401469217,2023-03-18,UTAH,BOS,647,0,0,home,UTAH,1,1,1,0.441,0.95,strict,0,0,0,0.5589999999999999,"[-Inf,1)","[0.5,0.6)"
2023,401469237,2023-03-21,LAC,OKC,655,0,0,away,OKC,1,1,1,0.20499999999999996,0.95,strict,0,0,0,0.795,"[-Inf,1)","[0.7,0.8)"
2023,401469297,2023-03-29,OKC,DET,655,0,0,home,OKC,0.995,1,1,0.833,0.95,strict,-0.0050000000000000044,0,0.0050000000000000044,0.833,"[-Inf,1)","[0.8,0.9)"
2023,401526670,2023-03-07,DET,WSH,598,0,0,away,WSH,0.997,1,2,0.885,0.95,strict,-0.0030000000000000027,0,0.0030000000000000027,0.885,"[-Inf,1)","[0.8,0.9)"
2024,401584092,2023-11-03,CHI,BKN,617,0,0,away,BKN,1,1,2,0.55,0.95,strict,0,0,0,0.55,"[-Inf,1)","[0.5,0.6)"
2024,401584093,2023-11-03,OKC,GS,738,0,0,away,GS,0.999,1,2,0.611,0.95,strict,-0.0010000000000000009,0,0.0010000000000000009,0.611,"[-Inf,1)","[0.6,0.7)"
2024,401584133,2023-11-24,NY,MIA,598,0,0,home,NY,0.996,1,2,0.554,0.95,strict,-0.0040000000000000036,0,0.0040000000000000036,0.554,"[-Inf,1)","[0.5,0.6)"
2024,401584148,2023-11-28,SAC,GS,781,0,0,home,SAC,0.993,1,1,0.519,0.95,strict,-0.007000000000000006,0,0.007000000000000006,0.519,"[-Inf,1)","[0.5,0.6)"
2024,401584695,2023-10-25,BKN,CLE,702,0,0,away,CLE,1,1,1,0.47,0.95,strict,0,0,0,0.53,"[-Inf,1)","[0.5,0.6)"
2024,401584741,2023-10-31,PHX,SA,678,0,0,away,SA,0.997,1,1,0.253,0.95,strict,-0.0030000000000000027,0,0.0030000000000000027,0.747,"[-Inf,1)","[0.7,0.8)"
2024,401584754,2023-11-01,GS,SAC,656,0,0,home,GS,0.99,1,1,0.72,0.95,strict,-0.010000000000000009,0,0.010000000000000009,0.72,"[-Inf,1)","[0.7,0.8)"
2024,401584761,2023-11-04,IND,CHA,664,0,0,away,CHA,1,1,1,0.371,0.95,strict,0,0,0,0.629,"[-Inf,1)","[0.6,0.7)"
2024,401584800,2023-11-09,ORL,ATL,737,0,0,away,ATL,1,1,1,0.7050000000000001,0.95,strict,0,0,0,0.7050000000000001,"[-Inf,1)","[0.7,0.8)"
2024,401584858,2023-11-22,IND,TOR,688,0,0,away,TOR,1,1,1,0.369,0.95,strict,0,0,0,0.631,"[-Inf,1)","[0.6,0.7)"
2024,401584908,2023-12-02,LAC,GS,657,0,0,home,LAC,1,1,1,0.634,0.95,strict,0,0,0,0.634,"[-Inf,1)","[0.6,0.7)"
2024,401584965,2023-12-16,MIA,CHI,632,0,0,home,MIA,1,1,2,0.659,0.95,strict,0,0,0,0.659,"[-Inf,1)","[0.6,0.7)"
2024,401584988,2023-12-19,NO,MEM,668,0,0,away,MEM,1,1,2,0.21399999999999997,0.95,strict,0,0,0,0.786,"[-Inf,1)","[0.7,0.8)"
2024,401585116,2024-01-05,DEN,ORL,667,0,0,away,ORL,0.999,1,2,0.19799999999999995,0.95,strict,-0.0010000000000000009,0,0.0010000000000000009,0.802,"[-Inf,1)","[0.8,0.9)"
2024,401585162,2024-01-12,DET,HOU,659,0,0,away,HOU,1,1,2,0.6950000000000001,0.95,strict,0,0,0,0.6950000000000001,"[-Inf,1)","[0.6,0.7)"
2024,401585206,2024-01-17,POR,BKN,602,0,0,home,POR,0.994,1,2,0.314,0.95,strict,-0.006000000000000005,0,0.006000000000000005,0.6859999999999999,"[-Inf,1)","[0.6,0.7)"
2024,401585215,2024-01-19,MIA,ATL,637,0,0,away,ATL,1,1,1,0.32899999999999996,0.95,strict,0,0,0,0.671,"[-Inf,1)","[0.6,0.7)"
2024,401585226,2024-01-20,HOU,UTAH,823,0,0,home,HOU,1,1,1,0.477,0.95,strict,0,0,0,0.523,"[-Inf,1)","[0.5,0.6)"
2024,401585277,2024-01-27,SA,MIN,620,0,0,home,SA,1,1,1,0.215,0.95,strict,0,0,0,0.785,"[-Inf,1)","[0.7,0.8)"
2024,401585278,2024-01-27,GS,LAL,874,0,0,away,LAL,1,1,1,0.32499999999999996,0.95,strict,0,0,0,0.675,"[-Inf,1)","[0.6,0.7)"
2024,401585460,2024-02-27,CLE,DAL,611,0,0,home,CLE,1,1,2,0.726,0.95,strict,0,0,0,0.726,"[-Inf,1)","[0.7,0.8)"
2024,401585501,2024-03-03,MIN,LAC,593,0,0,away,LAC,1,1,1,0.365,0.95,strict,0,0,0,0.635,"[-Inf,1)","[0.6,0.7)"
2024,401585543,2024-03-08,LAL,MIL,606,0,0,home,LAL,0.995,1,1,0.518,0.95,strict,-0.0050000000000000044,0,0.0050000000000000044,0.518,"[-Inf,1)","[0.5,0.6)"
2024,401585665,2024-03-25,CHI,WSH,713,0,0,away,WSH,1,1,2,0.17700000000000005,0.95,strict,0,0,0,0.823,"[-Inf,1)","[0.8,0.9)"
2024,401585680,2024-03-27,PHI,LAC,620,0,0,away,LAC,1,1,1,0.659,0.95,strict,0,0,0,0.659,"[-Inf,1)","[0.6,0.7)"
2024,401585710,2024-03-31,NY,OKC,720,0,0,away,OKC,1,1,1,0.5880000000000001,0.95,strict,0,0,0,0.5880000000000001,"[-Inf,1)","[0.5,0.6)"
2024,401585716,2024-04-01,DET,MEM,637,0,0,away,MEM,0.999,1,2,0.43300000000000005,0.95,strict,-0.0010000000000000009,0,0.0010000000000000009,0.567,"[-Inf,1)","[0.5,0.6)"
2018,400974437,2017-10-17,CLE,BOS,672,0,0,home,CLE,0.999,1,3,0.49,0.99,strict,-0.0010000000000000009,0,0.0010000000000000009,0.51,"[-Inf,1)","[0.5,0.6)"
2018,400974438,2017-10-17,GS,HOU,682,0,0,away,HOU,0.999,1,1,0.51,0.99,strict,-0.0010000000000000009,0,0.0010000000000000009,0.51,"[-Inf,1)","[0.5,0.6)"
2018,400974448,2017-12-25,OKC,HOU,640,0,0,home,OKC,1,1,5,0.432,0.99,strict,0,0,0,0.5680000000000001,"[-Inf,1)","[0.5,0.6)"
2018,400974768,2017-10-18,SAC,HOU,603,0,0,away,HOU,0.999,1,5,0.49,0.99,strict,-0.0010000000000000009,0,0.0010000000000000009,0.51,"[-Inf,1)","[0.5,0.6)"
2018,400974781,2017-10-21,NY,DET,620,0,0,away,DET,1,1,4,0.517,0.99,strict,0,0,0,0.517,"[-Inf,1)","[0.5,0.6)"
2018,400974798,2017-10-23,DEN,WSH,679,0,0,away,WSH,1,1,5,0.41900000000000004,0.99,strict,0,0,0,0.581,"[-Inf,1)","[0.5,0.6)"
2018,400974799,2017-10-23,PHX,SAC,688,0,0,home,PHX,1,1,2,0.484,0.99,strict,0,0,0,0.516,"[-Inf,1)","[0.5,0.6)"
2018,400974801,2017-10-24,ORL,BKN,714,0,0,home,ORL,1,1,4,0.709,0.99,strict,0,0,0,0.709,"[-Inf,1)","[0.7,0.8)"
2018,400974819,2017-10-26,POR,LAC,654,0,0,away,LAC,1,1,1,0.396,0.99,strict,0,0,0,0.604,"[-Inf,1)","[0.6,0.7)"
2018,400974825,2017-10-27,MIN,OKC,690,0,0,home,MIN,1,1,3,0.493,0.99,strict,0,0,0,0.507,"[-Inf,1)","[0.5,0.6)"
2018,400974826,2017-10-27,GS,WSH,703,0,0,home,GS,1,1,3,0.818,0.99,strict,0,0,0,0.818,"[-Inf,1)","[0.8,0.9)"
2018,400974832,2017-10-28,DAL,PHI,622,0,0,away,PHI,1,1,2,0.526,0.99,strict,0,0,0,0.526,"[-Inf,1)","[0.5,0.6)"
2018,400974837,2017-10-29,IND,SA,645,0,0,home,IND,1,1,3,0.409,0.99,strict,0,0,0,0.591,"[-Inf,1)","[0.5,0.6)"
2018,400974844,2017-10-30,MIA,MIN,752,0,0,away,MIN,1,1,3,0.499,0.99,strict,0,0,0,0.501,"[-Inf,1)","[0.5,0.6)"
2018,400974863,2017-11-01,MEM,ORL,634,0,0,away,ORL,1,1,2,0.402,0.99,strict,0,0,0,0.598,"[-Inf,1)","[0.5,0.6)"
2018,400974864,2017-11-01,NO,MIN,653,0,0,away,MIN,0.999,1,6,0.44799999999999995,0.99,strict,-0.0010000000000000009,0,0.0010000000000000009,0.552,"[-Inf,1)","[0.5,0.6)"
2018,400974869,2017-11-02,POR,LAL,617,0,0,home,POR,1,1,3,0.735,0.99,strict,0,0,0,0.735,"[-Inf,1)","[0.7,0.8)"
2018,400974901,2017-11-07,IND,NO,621,0,0,away,NO,1,1,5,0.45299999999999996,0.99,strict,0,0,0,0.547,"[-Inf,1)","[0.5,0.6)"
2018,400974903,2017-11-07,NY,CHA,630,0,0,home,NY,0.998,1,3,0.499,0.99,strict,-0.0020000000000000018,0,0.0020000000000000018,0.501,"[-Inf,1)","[0.5,0.6)"
2018,400974908,2017-11-07,POR,MEM,612,0,0,away,MEM,1,1,1,0.358,0.99,strict,0,0,0,0.642,"[-Inf,1)","[0.6,0.7)"
2018,400974916,2017-11-09,TOR,NO,695,0,0,home,TOR,0.999,1,4,0.731,0.99,strict,-0.0010000000000000009,0,0.0010000000000000009,0.731,"[-Inf,1)","[0.7,0.8)"
2018,400974917,2017-11-09,HOU,CLE,661,0,0,home,HOU,0.999,1,4,0.831,0.99,strict,-0.0010000000000000009,0,0.0010000000000000009,0.831,"[-Inf,1)","[0.8,0.9)"
2018,400974918,2017-11-09,SAC,PHI,717,0,0,home,SAC,0.999,1,1,0.353,0.99,strict,-0.0010000000000000009,0,0.0010000000000000009,0.647,"[-Inf,1)","[0.6,0.7)"
2018,400974921,2017-11-10,BOS,CHA,710,0,0,home,BOS,0.997,1,3,0.794,0.99,strict,-0.0030000000000000027,0,0.0030000000000000027,0.794,"[-Inf,1)","[0.7,0.8)"
2018,400974939,2017-11-12,BOS,TOR,631,0,0,home,BOS,0.999,1,1,0.664,0.99,strict,-0.0010000000000000009,0,0.0010000000000000009,0.664,"[-Inf,1)","[0.6,0.7)"
2018,400974946,2017-11-13,NO,ATL,630,0,0,home,NO,0.999,1,1,0.802,0.99,strict,-0.0010000000000000009,0,0.0010000000000000009,0.802,"[-Inf,1)","[0.8,0.9)"
2018,400974951,2017-11-13,LAC,PHI,714,0,0,away,PHI,0.998,1,4,0.361,0.99,strict,-0.0020000000000000018,0,0.0020000000000000018,0.639,"[-Inf,1)","[0.6,0.7)"
2018,400974960,2017-11-15,MIL,DET,638,0,0,home,MIL,0.999,1,4,0.57,0.99,strict,-0.0010000000000000009,0,0.0010000000000000009,0.57,"[-Inf,1)","[0.5,0.6)"
2018,400974969,2017-11-17,WSH,MIA,597,0,0,away,MIA,0.997,1,2,0.277,0.99,strict,-0.0030000000000000027,0,0.0030000000000000027,0.723,"[-Inf,1)","[0.7,0.8)"
2018,400974973,2017-11-17,CHI,CHA,623,0,0,home,CHI,0.999,1,3,0.361,0.99,strict,-0.0010000000000000009,0,0.0010000000000000009,0.639,"[-Inf,1)","[0.6,0.7)"
2018,400974974,2017-11-17,SA,OKC,648,0,0,home,SA,0.999,1,3,0.593,0.99,strict,-0.0010000000000000009,0,0.0010000000000000009,0.593,"[-Inf,1)","[0.5,0.6)"
2018,400974989,2017-11-19,MIN,DET,619,0,0,away,DET,0.999,1,3,0.355,0.99,strict,-0.0010000000000000009,0,0.0010000000000000009,0.645,"[-Inf,1)","[0.6,0.7)"
2018,400975011,2017-11-22,MEM,DAL,640,0,0,away,DAL,0.999,1,1,0.28600000000000003,0.99,strict,-0.0010000000000000009,0,0.0010000000000000009,0.714,"[-Inf,1)","[0.7,0.8)"
2018,400975018,2017-11-24,BKN,POR,676,0,0,away,POR,0.999,1,2,0.5840000000000001,0.99,strict,-0.0010000000000000009,0,0.0010000000000000009,0.5840000000000001,"[-Inf,1)","[0.5,0.6)"
2018,400975030,2017-11-25,WSH,POR,589,0,0,away,POR,0.998,1,3,0.30600000000000005,0.99,strict,-0.0020000000000000018,0,0.0020000000000000018,0.694,"[-Inf,1)","[0.6,0.7)"
2018,400975051,2017-11-28,MIN,WSH,580,0,0,away,WSH,0.994,1,3,0.46199999999999997,0.99,strict,-0.006000000000000005,0,0.006000000000000005,0.538,"[-Inf,1)","[0.5,0.6)"
2018,400975066,2017-11-30,DEN,CHI,642,0,0,home,DEN,0.999,1,1,0.877,0.99,strict,-0.0010000000000000009,0,0.0010000000000000009,0.877,"[-Inf,1)","[0.8,0.9)"
2018,400975073,2017-12-01,CHI,SAC,583,0,0,away,SAC,0.999,1,1,0.51,0.99,strict,-0.0010000000000000009,0,0.0010000000000000009,0.51,"[-Inf,1)","[0.5,0.6)"
2018,400975075,2017-12-01,OKC,MIN,631,0,0,home,OKC,0.999,1,4,0.679,0.99,strict,-0.0010000000000000009,0,0.0010000000000000009,0.679,"[-Inf,1)","[0.6,0.7)"
2018,400975087,2017-12-03,MIN,LAC,606,0,0,home,MIN,0.999,1,6,0.703,0.99,strict,-0.0010000000000000009,0,0.0010000000000000009,0.703,"[-Inf,1)","[0.7,0.8)"
2018,400975088,2017-12-03,OKC,SA,681,0,0,home,OKC,0.999,1,3,0.589,0.99,strict,-0.0010000000000000009,0,0.0010000000000000009,0.589,"[-Inf,1)","[0.5,0.6)"
2018,400975096,2017-12-04,MEM,MIN,580,0,0,home,MEM,0.999,1,3,0.525,0.99,strict,-0.0010000000000000009,0,0.0010000000000000009,0.525,"[-Inf,1)","[0.5,0.6)"
2018,400975099,2017-12-04,SA,DET,643,0,0,home,SA,0.999,1,3,0.679,0.99,strict,-0.0010000000000000009,0,0.0010000000000000009,0.679,"[-Inf,1)","[0.6,0.7)"
2018,400975105,2017-12-06,IND,CHI,579,0,0,home,IND,0.999,1,2,0.856,0.99,strict,-0.0010000000000000009,0,0.0010000000000000009,0.856,"[-Inf,1)","[0.8,0.9)"
2018,400975106,2017-12-06,ORL,ATL,743,0,0,home,ORL,0.999,1,4,0.723,0.99,strict,-0.0010000000000000009,0,0.0010000000000000009,0.723,"[-Inf,1)","[0.7,0.8)"
2018,400975110,2017-12-06,MIL,DET,629,0,0,home,MIL,0.999,1,4,0.599,0.99,strict,-0.0010000000000000009,0,0.0010000000000000009,0.599,"[-Inf,1)","[0.5,0.6)"
2018,400975114,2017-12-07,PHI,LAL,726,0,0,away,LAL,0.998,1,3,0.276,0.99,strict,-0.0020000000000000018,0,0.0020000000000000018,0.724,"[-Inf,1)","[0.7,0.8)"
2018,400975119,2017-12-08,DET,GS,676,0,0,away,GS,0.999,1,4,0.72,0.99,strict,-0.0010000000000000009,0,0.0010000000000000009,0.72,"[-Inf,1)","[0.7,0.8)"
2018,400975126,2017-12-09,LAC,WSH,642,0,0,home,LAC,0.995,1,1,0.517,0.99,strict,-0.0050000000000000044,0,0.0050000000000000044,0.517,"[-Inf,1)","[0.5,0.6)"
2018,400975131,2017-12-09,CHI,NY,624,0,0,home,CHI,0.999,1,2,0.33,0.99,strict,-0.0010000000000000009,0,0.0010000000000000009,0.6699999999999999,"[-Inf,1)","[0.6,0.7)"
2018,400975133,2017-12-09,MEM,OKC,722,0,0,away,OKC,0.999,1,1,0.609,0.99,strict,-0.0010000000000000009,0,0.0010000000000000009,0.609,"[-Inf,1)","[0.6,0.7)"
2018,400975134,2017-12-09,PHX,SA,643,0,0,away,SA,0.999,1,3,0.73,0.99,strict,-0.0010000000000000009,0,0.0010000000000000009,0.73,"[-Inf,1)","[0.7,0.8)"
2018,400975141,2017-12-10,NY,ATL,754,0,0,home,NY,0.999,1,4,0.704,0.99,strict,-0.0010000000000000009,0,0.0010000000000000009,0.704,"[-Inf,1)","[0.7,0.8)"
2018,400975150,2017-12-12,NY,LAL,652,0,0,home,NY,0.992,1,2,0.59,0.99,strict,-0.008000000000000007,0,0.008000000000000007,0.59,"[-Inf,1)","[0.5,0.6)"
2018,400975160,2017-12-13,CHI,UTAH,661,0,0,home,CHI,1,1,3,0.253,0.99,strict,0,0,0,0.747,"[-Inf,1)","[0.7,0.8)"
2018,400975172,2017-12-15,PHI,OKC,812,0,0,away,OKC,1,1,2,0.44899999999999995,0.99,strict,0,0,0,0.551,"[-Inf,1)","[0.5,0.6)"
2018,400975176,2017-12-15,MEM,ATL,656,0,0,home,MEM,0.992,1,2,0.721,0.99,strict,-0.008000000000000007,0,0.008000000000000007,0.721,"[-Inf,1)","[0.7,0.8)"
2018,400975180,2017-12-16,CHA,POR,672,0,0,away,POR,1,1,2,0.45499999999999996,0.99,strict,0,0,0,0.545,"[-Inf,1)","[0.5,0.6)"
2018,400975185,2017-12-16,MIN,PHX,645,0,0,away,PHX,0.994,1,2,0.16100000000000003,0.99,strict,-0.006000000000000005,0,0.006000000000000005,0.839,"[-Inf,1)","[0.8,0.9)"
2018,400975186,2017-12-16,SA,DAL,582,0,0,home,SA,1,1,2,0.759,0.99,strict,0,0,0,0.759,"[-Inf,1)","[0.7,0.8)"
2018,400975193,2017-12-18,IND,BOS,655,0,0,away,BOS,1,1,1,0.616,0.99,strict,0,0,0,0.616,"[-Inf,1)","[0.6,0.7)"
2018,400975195,2017-12-18,CHI,PHI,680,0,0,home,CHI,0.995,1,2,0.336,0.99,strict,-0.0050000000000000044,0,0.0050000000000000044,0.6639999999999999,"[-Inf,1)","[0.6,0.7)"
2018,400975197,2017-12-18,MIN,POR,589,0,0,home,MIN,1,1,1,0.612,0.99,strict,0,0,0,0.612,"[-Inf,1)","[0.6,0.7)"
2018,400975198,2017-12-18,OKC,DEN,589,0,0,home,OKC,1,1,1,0.646,0.99,strict,0,0,0,0.646,"[-Inf,1)","[0.6,0.7)"
2018,400975201,2017-12-18,LAL,GS,783,0,0,away,GS,1,1,2,0.837,0.99,strict,0,0,0,0.837,"[-Inf,1)","[0.8,0.9)"
2018,400975207,2017-12-20,BOS,MIA,621,0,0,away,MIA,1,1,1,0.21399999999999997,0.99,strict,0,0,0,0.786,"[-Inf,1)","[0.7,0.8)"
2018,400975208,2017-12-20,BKN,SAC,625,0,0,away,SAC,1,1,5,0.259,0.99,strict,0,0,0,0.741,"[-Inf,1)","[0.7,0.8)"
2018,400975214,2017-12-20,POR,SA,627,0,0,away,SA,1,1,2,0.491,0.99,strict,0,0,0,0.509,"[-Inf,1)","[0.5,0.6)"
2018,400975217,2017-12-21,CLE,CHI,661,0,0,home,CLE,0.993,1,3,0.886,0.99,strict,-0.007000000000000006,0,0.007000000000000006,0.886,"[-Inf,1)","[0.8,0.9)"
2018,400975220,2017-12-21,PHX,MEM,637,0,0,home,PHX,1,1,2,0.479,0.99,strict,0,0,0,0.521,"[-Inf,1)","[0.5,0.6)"
2018,400975222,2017-12-22,DET,NY,636,0,0,home,DET,0.998,1,3,0.705,0.99,strict,-0.0020000000000000018,0,0.0020000000000000018,0.705,"[-Inf,1)","[0.7,0.8)"
2018,400975228,2017-12-22,OKC,ATL,662,0,0,home,OKC,1,1,3,0.855,0.99,strict,0,0,0,0.855,"[-Inf,1)","[0.8,0.9)"
2018,400975232,2017-12-23,CHA,MIL,654,0,0,home,CHA,0.997,1,3,0.563,0.99,strict,-0.0030000000000000027,0,0.0030000000000000027,0.563,"[-Inf,1)","[0.5,0.6)"
2018,400975233,2017-12-23,IND,BKN,712,0,0,home,IND,0.992,1,4,0.761,0.99,strict,-0.008000000000000007,0,0.008000000000000007,0.761,"[-Inf,1)","[0.7,0.8)"
2018,400975242,2017-12-23,LAL,POR,640,0,0,away,POR,0.997,1,3,0.497,0.99,strict,-0.0030000000000000027,0,0.0030000000000000027,0.503,"[-Inf,1)","[0.5,0.6)"
2018,400975250,2017-12-26,PHX,MEM,749,0,0,home,PHX,1,1,2,0.498,0.99,strict,0,0,0,0.502,"[-Inf,1)","[0.5,0.6)"
2018,400975263,2017-12-28,BOS,HOU,666,0,0,home,BOS,0.995,1,1,0.439,0.99,strict,-0.0050000000000000044,0,0.0050000000000000044,0.5609999999999999,"[-Inf,1)","[0.5,0.6)"
2018,400975272,2017-12-29,OKC,MIL,613,0,0,away,MIL,1,1,2,0.263,0.99,strict,0,0,0,0.737,"[-Inf,1)","[0.7,0.8)"
2018,400975278,2017-12-30,NO,NY,641,0,0,away,NY,1,1,2,0.347,0.99,strict,0,0,0,0.653,"[-Inf,1)","[0.6,0.7)"
2018,400975283,2017-12-31,WSH,CHI,658,0,0,home,WSH,1,1,4,0.832,0.99,strict,0,0,0,0.832,"[-Inf,1)","[0.8,0.9)"
2018,400975287,2017-12-31,OKC,DAL,637,0,0,away,DAL,1,1,3,0.23199999999999998,0.99,strict,0,0,0,0.768,"[-Inf,1)","[0.7,0.8)"
2018,400975291,2018-01-01,BKN,ORL,666,0,0,home,BKN,1,1,3,0.616,0.99,strict,0,0,0,0.616,"[-Inf,1)","[0.6,0.7)"
2018,400975292,2018-01-01,TOR,MIL,679,0,0,home,TOR,1,1,4,0.769,0.99,strict,0,0,0,0.769,"[-Inf,1)","[0.7,0.8)"
2018,400975293,2018-01-01,CHI,POR,692,0,0,away,POR,1,1,4,0.638,0.99,strict,0,0,0,0.638,"[-Inf,1)","[0.6,0.7)"
2018,400975297,2018-01-02,PHX,ATL,665,0,0,home,PHX,1,1,1,0.527,0.99,strict,0,0,0,0.527,"[-Inf,1)","[0.5,0.6)"
2018,400975303,2018-01-03,BKN,MIN,573,0,0,home,BKN,1,1,1,0.403,0.99,strict,0,0,0,0.597,"[-Inf,1)","[0.5,0.6)"
2018,400975308,2018-01-03,DAL,GS,673,0,0,away,GS,0.997,1,3,0.794,0.99,strict,-0.0030000000000000027,0,0.0030000000000000027,0.794,"[-Inf,1)","[0.7,0.8)"
2018,400975314,2018-01-05,MIA,NY,658,0,0,home,MIA,0.997,1,4,0.614,0.99,strict,-0.0030000000000000027,0,0.0030000000000000027,0.614,"[-Inf,1)","[0.6,0.7)"
2018,400975321,2018-01-05,MEM,WSH,691,0,0,away,WSH,0.995,1,2,0.544,0.99,strict,-0.0050000000000000044,0,0.0050000000000000044,0.544,"[-Inf,1)","[0.5,0.6)"
2018,400975325,2018-01-06,BKN,BOS,688,0,0,away,BOS,0.998,1,2,0.624,0.99,strict,-0.0020000000000000018,0,0.0020000000000000018,0.624,"[-Inf,1)","[0.6,0.7)"
2018,400975332,2018-01-07,MIA,UTAH,602,0,0,home,MIA,1,1,1,0.561,0.99,strict,0,0,0,0.561,"[-Inf,1)","[0.5,0.6)"
2018,400975335,2018-01-07,POR,SA,621,0,0,home,POR,1,1,1,0.483,0.99,strict,0,0,0,0.517,"[-Inf,1)","[0.5,0.6)"
2018,400975338,2018-01-08,BKN,TOR,761,0,0,away,TOR,1,1,1,0.728,0.99,strict,0,0,0,0.728,"[-Inf,1)","[0.7,0.8)"
2018,400975341,2018-01-08,NO,DET,642,0,0,home,NO,1,1,3,0.589,0.99,strict,0,0,0,0.589,"[-Inf,1)","[0.5,0.6)"
2018,400975344,2018-01-08,LAC,ATL,721,0,0,home,LAC,0.991,1,1,0.785,0.99,strict,-0.009000000000000008,0,0.009000000000000008,0.785,"[-Inf,1)","[0.7,0.8)"
2018,400975345,2018-01-09,TOR,MIA,633,0,0,away,MIA,1,1,1,0.20499999999999996,0.99,strict,0,0,0,0.795,"[-Inf,1)","[0.7,0.8)"
2018,400975349,2018-01-10,CHA,DAL,668,0,0,away,DAL,1,1,4,0.28900000000000003,0.99,strict,0,0,0,0.711,"[-Inf,1)","[0.7,0.8)"
2018,400975351,2018-01-10,WSH,UTAH,616,0,0,away,UTAH,1,1,3,0.30000000000000004,0.99,strict,0,0,0,0.7,"[-Inf,1)","[0.7,0.8)"
2018,400975353,2018-01-10,NY,CHI,722,0,0,away,CHI,1,1,3,0.241,0.99,strict,0,0,0,0.759,"[-Inf,1)","[0.7,0.8)"
2018,400975355,2018-01-10,MEM,NO,697,0,0,home,MEM,0.999,1,3,0.565,0.99,strict,-0.0010000000000000009,0,0.0010000000000000009,0.565,"[-Inf,1)","[0.5,0.6)"
2018,400975365,2018-01-12,IND,CLE,618,0,0,home,IND,1,1,2,0.505,0.99,strict,0,0,0,0.505,"[-Inf,1)","[0.5,0.6)"
2018,400975367,2018-01-12,ATL,BKN,700,0,0,away,BKN,1,1,5,0.42000000000000004,0.99,strict,0,0,0,0.58,"[-Inf,1)","[0.5,0.6)"
2018,400975378,2018-01-13,CHI,DET,589,0,0,home,CHI,1,1,2,0.38,0.99,strict,0,0,0,0.62,"[-Inf,1)","[0.6,0.7)"
2018,400975387,2018-01-15,ATL,SA,661,0,0,home,ATL,1,1,3,0.351,0.99,strict,0,0,0,0.649,"[-Inf,1)","[0.6,0.7)"
2018,400975400,2018-01-17,ATL,NO,651,0,0,home,ATL,1,1,1,0.469,0.99,strict,0,0,0,0.531,"[-Inf,1)","[0.5,0.6)"
2018,400975410,2018-01-18,CLE,ORL,665,0,0,home,CLE,0.994,1,1,0.819,0.99,strict,-0.006000000000000005,0,0.006000000000000005,0.819,"[-Inf,1)","[0.8,0.9)"
2018,400975418,2018-01-19,UTAH,NY,704,0,0,away,NY,1,1,2,0.31999999999999995,0.99,strict,0,0,0,0.68,"[-Inf,1)","[0.6,0.7)"
2018,400975422,2018-01-20,CHA,MIA,596,0,0,away,MIA,0.991,1,1,0.32599999999999996,0.99,strict,-0.009000000000000008,0,0.009000000000000008,0.674,"[-Inf,1)","[0.6,0.7)"
2018,400975431,2018-01-21,DET,BKN,623,0,0,away,BKN,1,1,1,0.257,0.99,strict,0,0,0,0.743,"[-Inf,1)","[0.7,0.8)"
2018,400975437,2018-01-22,MIL,PHX,656,0,0,home,MIL,0.996,1,4,0.785,0.99,strict,-0.0040000000000000036,0,0.0040000000000000036,0.785,"[-Inf,1)","[0.7,0.8)"
2018,400975440,2018-01-22,DEN,POR,696,0,0,home,DEN,1,1,3,0.688,0.99,strict,0,0,0,0.688,"[-Inf,1)","[0.6,0.7)"
2018,400975443,2018-01-23,OKC,BKN,646,0,0,home,OKC,1,1,1,0.836,0.99,strict,0,0,0,0.836,"[-Inf,1)","[0.8,0.9)"
2018,400975446,2018-01-23,LAL,BOS,654,0,0,home,LAL,0.995,1,1,0.338,0.99,strict,-0.0050000000000000044,0,0.0050000000000000044,0.6619999999999999,"[-Inf,1)","[0.6,0.7)"
2018,400975448,2018-01-24,DET,UTAH,724,0,0,away,UTAH,0.995,1,3,0.349,0.99,strict,-0.0050000000000000044,0,0.0050000000000000044,0.651,"[-Inf,1)","[0.6,0.7)"
2018,400975456,2018-01-25,MIA,SAC,593,0,0,away,SAC,0.997,1,1,0.20099999999999996,0.99,strict,-0.0030000000000000027,0,0.0030000000000000027,0.799,"[-Inf,1)","[0.7,0.8)"
2018,400975462,2018-01-26,TOR,UTAH,649,0,0,away,UTAH,1,1,4,0.21799999999999997,0.99,strict,0,0,0,0.782,"[-Inf,1)","[0.7,0.8)"
2018,400975466,2018-01-26,NO,HOU,674,0,0,home,NO,1,1,2,0.355,0.99,strict,0,0,0,0.645,"[-Inf,1)","[0.6,0.7)"
2018,400975471,2018-01-27,IND,ORL,648,0,0,home,IND,1,1,2,0.634,0.99,strict,0,0,0,0.634,"[-Inf,1)","[0.6,0.7)"
2018,400975473,2018-01-27,MIA,CHA,633,0,0,home,MIA,0.996,1,4,0.627,0.99,strict,-0.0040000000000000036,0,0.0040000000000000036,0.627,"[-Inf,1)","[0.6,0.7)"
2018,400975474,2018-01-27,GS,BOS,672,0,0,home,GS,0.999,1,4,0.723,0.99,strict,-0.0010000000000000009,0,0.0010000000000000009,0.723,"[-Inf,1)","[0.7,0.8)"
2018,400975476,2018-01-27,DEN,DAL,628,0,0,home,DEN,1,1,2,0.743,0.99,strict,0,0,0,0.743,"[-Inf,1)","[0.7,0.8)"
2018,400975489,2018-01-29,DEN,BOS,639,0,0,away,BOS,1,1,1,0.489,0.99,strict,0,0,0,0.511,"[-Inf,1)","[0.5,0.6)"
2018,400975496,2018-01-30,SA,DEN,628,0,0,home,SA,1,1,2,0.706,0.99,strict,0,0,0,0.706,"[-Inf,1)","[0.7,0.8)"
2018,400975503,2018-01-31,CLE,MIA,714,0,0,home,CLE,1,1,2,0.687,0.99,strict,0,0,0,0.687,"[-Inf,1)","[0.6,0.7)"
2018,400975507,2018-02-01,DET,MEM,680,0,0,home,DET,1,1,2,0.706,0.99,strict,0,0,0,0.706,"[-Inf,1)","[0.7,0.8)"
2018,400975508,2018-02-01,WSH,TOR,640,0,0,home,WSH,1,1,3,0.442,0.99,strict,0,0,0,0.558,"[-Inf,1)","[0.5,0.6)"
2018,400975511,2018-02-01,DEN,OKC,657,0,0,home,DEN,0.995,1,3,0.507,0.99,strict,-0.0050000000000000044,0,0.0050000000000000044,0.507,"[-Inf,1)","[0.5,0.6)"
2018,400975514,2018-02-02,BKN,LAL,640,0,0,away,LAL,1,1,3,0.41000000000000003,0.99,strict,0,0,0,0.59,"[-Inf,1)","[0.5,0.6)"
2018,400975517,2018-02-02,MIL,NY,632,0,0,home,MIL,1,1,2,0.638,0.99,strict,0,0,0,0.638,"[-Inf,1)","[0.6,0.7)"
2018,400975530,2018-02-04,BOS,POR,604,0,0,home,BOS,1,1,1,0.704,0.99,strict,0,0,0,0.704,"[-Inf,1)","[0.7,0.8)"
2018,400975532,2018-02-04,NY,ATL,643,0,0,away,ATL,0.998,1,3,0.28500000000000003,0.99,strict,-0.0020000000000000018,0,0.0020000000000000018,0.715,"[-Inf,1)","[0.7,0.8)"
2018,400975538,2018-02-05,MIA,ORL,679,0,0,away,ORL,1,1,2,0.29200000000000004,0.99,strict,0,0,0,0.708,"[-Inf,1)","[0.7,0.8)"
2018,400975541,2018-02-05,SAC,CHI,620,0,0,home,SAC,0.999,1,6,0.54,0.99,strict,-0.0010000000000000009,0,0.0010000000000000009,0.54,"[-Inf,1)","[0.5,0.6)"
2018,400975542,2018-02-05,LAC,DAL,654,0,0,home,LAC,0.997,1,3,0.69,0.99,strict,-0.0030000000000000027,0,0.0030000000000000027,0.69,"[-Inf,1)","[0.6,0.7)"
2018,400975557,2018-02-08,ORL,ATL,667,0,0,home,ORL,0.999,1,2,0.652,0.99,strict,-0.0010000000000000009,0,0.0010000000000000009,0.652,"[-Inf,1)","[0.6,0.7)"
2018,400975566,2018-02-09,BOS,IND,668,0,0,away,IND,1,1,6,0.30300000000000005,0.99,strict,0,0,0,0.697,"[-Inf,1)","[0.6,0.7)"
2018,400975568,2018-02-09,CHI,MIN,618,0,0,home,CHI,0.999,1,1,0.357,0.99,strict,-0.0010000000000000009,0,0.0010000000000000009,0.643,"[-Inf,1)","[0.6,0.7)"
2018,400975591,2018-02-12,UTAH,SA,682,0,0,home,UTAH,0.999,1,2,0.534,0.99,strict,-0.0010000000000000009,0,0.0010000000000000009,0.534,"[-Inf,1)","[0.5,0.6)"
2018,400975655,2018-02-27,MIA,PHI,697,0,0,home,MIA,1,1,1,0.547,0.99,strict,0,0,0,0.547,"[-Inf,1)","[0.5,0.6)"
2018,400975665,2018-02-28,DAL,OKC,695,0,0,away,OKC,1,1,1,0.581,0.99,strict,0,0,0,0.581,"[-Inf,1)","[0.5,0.6)"
2018,400975685,2018-03-03,HOU,BOS,688,0,0,home,HOU,1,1,3,0.737,0.99,strict,0,0,0,0.737,"[-Inf,1)","[0.7,0.8)"
2018,400975689,2018-03-04,ATL,PHX,679,0,0,home,ATL,1,1,1,0.699,0.99,strict,0,0,0,0.699,"[-Inf,1)","[0.6,0.7)"
2018,400975697,2018-03-05,IND,MIL,586,0,0,home,IND,1,1,3,0.596,0.99,strict,0,0,0,0.596,"[-Inf,1)","[0.5,0.6)"
2018,400975712,2018-03-07,DET,TOR,709,0,0,away,TOR,1,1,2,0.644,0.99,strict,0,0,0,0.644,"[-Inf,1)","[0.6,0.7)"
2018,400975717,2018-03-07,LAL,ORL,625,0,0,home,LAL,1,1,1,0.687,0.99,strict,0,0,0,0.687,"[-Inf,1)","[0.6,0.7)"
2018,400975725,2018-03-09,TOR,HOU,602,0,0,home,TOR,1,1,3,0.569,0.99,strict,0,0,0,0.569,"[-Inf,1)","[0.5,0.6)"
2018,400975740,2018-03-11,MIN,GS,624,0,0,home,MIN,1,1,6,0.435,0.99,strict,0,0,0,0.565,"[-Inf,1)","[0.5,0.6)"
2018,400975744,2018-03-11,BOS,IND,625,0,0,away,IND,1,1,2,0.22599999999999998,0.99,strict,0,0,0,0.774,"[-Inf,1)","[0.7,0.8)"
2018,400975763,2018-03-14,BOS,WSH,781,0,0,away,WSH,1,1,1,0.258,0.99,strict,0,0,0,0.742,"[-Inf,1)","[0.7,0.8)"
2018,400975770,2018-03-15,MEM,CHI,665,0,0,away,CHI,1,1,1,0.31899999999999995,0.99,strict,0,0,0,0.681,"[-Inf,1)","[0.6,0.7)"
2018,400975780,2018-03-16,LAL,MIA,630,0,0,away,MIA,1,1,1,0.43600000000000005,0.99,strict,0,0,0,0.564,"[-Inf,1)","[0.5,0.6)"
2018,400975800,2018-03-19,MIA,DEN,703,0,0,home,MIA,1,1,2,0.596,0.99,strict,0,0,0,0.596,"[-Inf,1)","[0.5,0.6)"
2018,400975810,2018-03-20,POR,HOU,605,0,0,away,HOU,1,1,4,0.6,0.99,strict,0,0,0,0.6,"[-Inf,1)","[0.6,0.7)"
2018,400975811,2018-03-21,CLE,TOR,619,0,0,home,CLE,1,1,3,0.399,0.99,strict,0,0,0,0.601,"[-Inf,1)","[0.6,0.7)"
2018,400975828,2018-03-23,TOR,BKN,696,0,0,home,TOR,1,1,4,0.899,0.99,strict,0,0,0,0.899,"[-Inf,1)","[0.8,0.9)"
2018,400975841,2018-03-25,MIL,SA,625,0,0,home,MIL,1,1,3,0.466,0.99,strict,0,0,0,0.534,"[-Inf,1)","[0.5,0.6)"
2018,400975846,2018-03-25,OKC,POR,643,0,0,away,POR,1,1,3,0.367,0.99,strict,0,0,0,0.633,"[-Inf,1)","[0.6,0.7)"
2018,400975873,2018-03-29,SAC,IND,583,0,0,away,IND,1,1,3,0.628,0.99,strict,0,0,0,0.628,"[-Inf,1)","[0.6,0.7)"
2018,400975879,2018-03-30,OKC,DEN,765,0,0,away,DEN,1,1,1,0.349,0.99,strict,0,0,0,0.651,"[-Inf,1)","[0.6,0.7)"
2018,400975880,2018-03-30,DAL,MIN,563,0,0,away,MIN,1,1,1,0.5660000000000001,0.99,strict,0,0,0,0.5660000000000001,"[-Inf,1)","[0.5,0.6)"
2018,400975898,2018-04-01,DEN,MIL,854,0,0,home,DEN,1,1,3,0.663,0.99,strict,0,0,0,0.663,"[-Inf,1)","[0.6,0.7)"
2018,400975922,2018-04-05,CLE,WSH,620,0,0,home,CLE,1,1,4,0.599,0.99,strict,0,0,0,0.599,"[-Inf,1)","[0.5,0.6)"
2018,400975934,2018-04-06,MEM,SAC,622,0,0,away,SAC,1,1,1,0.387,0.99,strict,0,0,0,0.613,"[-Inf,1)","[0.6,0.7)"
2019,401070696,2018-10-17,ORL,MIA,771,0,0,home,ORL,1,1,3,0.437,0.99,strict,0,0,0,0.563,"[-Inf,1)","[0.5,0.6)"
2019,401070711,2018-10-20,NY,BOS,710,0,0,away,BOS,1,1,2,0.738,0.99,strict,0,0,0,0.738,"[-Inf,1)","[0.7,0.8)"
2019,401070714,2018-10-20,CHI,DET,683,0,0,away,DET,1,1,2,0.54,0.99,strict,0,0,0,0.54,"[-Inf,1)","[0.5,0.6)"
2019,401070727,2018-10-22,POR,WSH,795,0,0,away,WSH,1,1,1,0.371,0.99,strict,0,0,0,0.629,"[-Inf,1)","[0.6,0.7)"
2019,401070730,2018-10-23,DET,PHI,798,0,0,home,DET,1,1,1,0.458,0.99,strict,0,0,0,0.542,"[-Inf,1)","[0.5,0.6)"
2019,401070753,2018-10-26,NO,BKN,723,0,0,home,NO,1,1,2,0.81,0.99,strict,0,0,0,0.81,"[-Inf,1)","[0.8,0.9)"
2019,401070759,2018-10-27,PHI,CHA,742,0,0,home,PHI,1,1,2,0.735,0.99,strict,0,0,0,0.735,"[-Inf,1)","[0.7,0.8)"
2019,401070763,2018-10-27,SA,LAL,692,0,0,home,SA,1,1,4,0.52,0.99,strict,0,0,0,0.52,"[-Inf,1)","[0.5,0.6)"
2019,401070808,2018-11-03,IND,BOS,664,0,0,home,IND,1,1,1,0.485,0.99,strict,0,0,0,0.515,"[-Inf,1)","[0.5,0.6)"
2019,401070823,2018-11-05,ORL,CLE,608,0,0,home,ORL,1,1,2,0.618,0.99,strict,0,0,0,0.618,"[-Inf,1)","[0.6,0.7)"
2019,401070849,2018-11-09,PHI,CHA,899,0,0,home,PHI,1,1,1,0.621,0.99,strict,0,0,0,0.621,"[-Inf,1)","[0.6,0.7)"
2019,401070887,2018-11-14,TOR,DET,666,0,0,away,DET,1,1,2,0.19899999999999995,0.99,strict,0,0,0,0.801,"[-Inf,1)","[0.8,0.9)"
2019,401070888,2018-11-14,MIL,MEM,640,0,0,away,MEM,1,1,2,0.137,0.99,strict,0,0,0,0.863,"[-Inf,1)","[0.8,0.9)"
2019,401070934,2018-11-21,PHI,NO,748,0,0,home,PHI,1,1,1,0.598,0.99,strict,0,0,0,0.598,"[-Inf,1)","[0.5,0.6)"
2019,401070956,2018-11-23,MIL,PHX,697,0,0,away,PHX,1,1,2,0.05900000000000005,0.99,strict,0,0,0,0.941,"[-Inf,1)","[0.9,1]"
2019,401070967,2018-11-25,LAL,ORL,672,0,0,away,ORL,1,1,4,0.21199999999999997,0.99,strict,0,0,0,0.788,"[-Inf,1)","[0.7,0.8)"
2019,401071010,2018-11-30,POR,DEN,659,0,0,away,DEN,1,1,1,0.558,0.99,strict,0,0,0,0.558,"[-Inf,1)","[0.5,0.6)"
2019,401071028,2018-12-03,TOR,DEN,676,0,0,away,DEN,1,1,3,0.384,0.99,strict,0,0,0,0.616,"[-Inf,1)","[0.6,0.7)"
2019,401071039,2018-12-05,BKN,OKC,745,0,0,away,OKC,1,1,2,0.643,0.99,strict,0,0,0,0.643,"[-Inf,1)","[0.6,0.7)"
2019,401071055,2018-12-07,NO,MEM,695,0,0,away,MEM,1,1,4,0.32599999999999996,0.99,strict,0,0,0,0.674,"[-Inf,1)","[0.6,0.7)"
2019,401071069,2018-12-09,TOR,MIL,675,0,0,away,MIL,1,1,5,0.397,0.99,strict,0,0,0,0.603,"[-Inf,1)","[0.6,0.7)"
2019,401071102,2018-12-14,CHA,NY,707,0,0,away,NY,1,1,2,0.22199999999999998,0.99,strict,0,0,0,0.778,"[-Inf,1)","[0.7,0.8)"
2019,401071132,2018-12-18,IND,CLE,630,0,0,away,CLE,1,1,1,0.11599999999999999,0.99,strict,0,0,0,0.884,"[-Inf,1)","[0.8,0.9)"
2019,401071141,2018-12-19,CHI,BKN,602,0,0,away,BKN,1,1,3,0.5640000000000001,0.99,strict,0,0,0,0.5640000000000001,"[-Inf,1)","[0.5,0.6)"
2019,401071161,2018-12-22,WSH,PHX,843,0,0,home,WSH,1,1,3,0.716,0.99,strict,0,0,0,0.716,"[-Inf,1)","[0.7,0.8)"
2019,401071174,2018-12-23,OKC,MIN,697,0,0,away,MIN,1,1,2,0.261,0.99,strict,0,0,0,0.739,"[-Inf,1)","[0.7,0.8)"
2019,401071175,2018-12-23,GS,LAC,712,0,0,home,GS,1,1,2,0.736,0.99,strict,0,0,0,0.736,"[-Inf,1)","[0.7,0.8)"
2019,401071190,2018-12-27,SAC,LAL,684,0,0,home,SAC,1,1,1,0.446,0.99,strict,0,0,0,0.554,"[-Inf,1)","[0.5,0.6)"
2019,401071199,2018-12-28,NO,DAL,691,0,0,home,NO,1,1,2,0.667,0.99,strict,0,0,0,0.667,"[-Inf,1)","[0.6,0.7)"
2019,401071206,2018-12-29,ATL,CLE,706,0,0,home,ATL,1,1,3,0.582,0.99,strict,0,0,0,0.582,"[-Inf,1)","[0.5,0.6)"
2019,401071212,2018-12-30,ORL,DET,665,0,0,home,ORL,1,1,2,0.514,0.99,strict,0,0,0,0.514,"[-Inf,1)","[0.5,0.6)"
2019,401071240,2019-01-03,SAC,DEN,661,0,0,away,DEN,1,1,4,0.613,0.99,strict,0,0,0,0.613,"[-Inf,1)","[0.6,0.7)"
2019,401071259,2019-01-05,SAC,GS,654,0,0,away,GS,1,1,4,0.645,0.99,strict,0,0,0,0.645,"[-Inf,1)","[0.6,0.7)"
2019,401071306,2019-01-12,LAC,DET,651,0,0,away,DET,1,1,5,0.267,0.99,strict,0,0,0,0.733,"[-Inf,1)","[0.7,0.8)"
2019,401071308,2019-01-12,ORL,BOS,642,0,0,home,ORL,1,1,2,0.276,0.99,strict,0,0,0,0.724,"[-Inf,1)","[0.7,0.8)"
2019,401071309,2019-01-12,MIN,NO,676,0,0,home,MIN,1,1,4,0.49,0.99,strict,0,0,0,0.51,"[-Inf,1)","[0.5,0.6)"
2019,401071318,2019-01-13,DAL,GS,674,0,0,away,GS,1,1,5,0.6,0.99,strict,0,0,0,0.6,"[-Inf,1)","[0.6,0.7)"
2019,401071335,2019-01-16,HOU,BKN,760,0,0,away,BKN,0.997,1,3,0.25,0.99,strict,-0.0030000000000000027,0,0.0030000000000000027,0.75,"[-Inf,1)","[0.7,0.8)"
2019,401071344,2019-01-17,TOR,PHX,680,0,0,home,TOR,1,1,2,0.895,0.99,strict,0,0,0,0.895,"[-Inf,1)","[0.8,0.9)"
2019,401071350,2019-01-18,MIN,SA,733,0,0,away,SA,1,1,3,0.45399999999999996,0.99,strict,0,0,0,0.546,"[-Inf,1)","[0.5,0.6)"
2019,401071356,2019-01-19,DET,SAC,679,0,0,away,SAC,1,1,2,0.41300000000000003,0.99,strict,0,0,0,0.587,"[-Inf,1)","[0.5,0.6)"
2019,401071365,2019-01-20,MIN,PHX,765,0,0,home,MIN,1,1,2,0.839,0.99,strict,0,0,0,0.839,"[-Inf,1)","[0.8,0.9)"
2019,401071381,2019-01-23,BKN,ORL,717,0,0,home,BKN,1,1,4,0.704,0.99,strict,0,0,0,0.704,"[-Inf,1)","[0.7,0.8)"
2019,401071384,2019-01-23,PHI,SA,644,0,0,home,PHI,1,1,2,0.616,0.99,strict,0,0,0,0.616,"[-Inf,1)","[0.6,0.7)"
2019,401071398,2019-01-25,MEM,SAC,678,0,0,away,SAC,1,1,3,0.44699999999999995,0.99,strict,0,0,0,0.553,"[-Inf,1)","[0.5,0.6)"
2019,401071427,2019-01-29,SA,PHX,654,0,0,home,SA,1,1,2,0.875,0.99,strict,0,0,0,0.875,"[-Inf,1)","[0.8,0.9)"
2019,401071440,2019-01-31,SA,BKN,739,0,0,home,SA,1,1,3,0.712,0.99,strict,0,0,0,0.712,"[-Inf,1)","[0.7,0.8)"
2019,401071442,2019-01-31,LAC,LAL,820,0,0,away,LAL,1,1,3,0.372,0.99,strict,0,0,0,0.628,"[-Inf,1)","[0.6,0.7)"
2019,401071466,2019-02-04,NO,IND,665,0,0,away,IND,1,1,2,0.43799999999999994,0.99,strict,0,0,0,0.562,"[-Inf,1)","[0.5,0.6)"
2019,401071469,2019-02-05,CHA,LAC,663,0,0,away,LAC,1,1,2,0.41600000000000004,0.99,strict,0,0,0,0.584,"[-Inf,1)","[0.5,0.6)"
2019,401071522,2019-02-12,PHI,BOS,678,0,0,away,BOS,1,1,3,0.508,0.99,strict,0,0,0,0.508,"[-Inf,1)","[0.5,0.6)"
2019,401071523,2019-02-12,MEM,SA,655,0,0,away,SA,1,1,1,0.527,0.99,strict,0,0,0,0.527,"[-Inf,1)","[0.5,0.6)"
2019,401071543,2019-02-21,MIL,BOS,628,0,0,home,MIL,1,1,1,0.685,0.99,strict,0,0,0,0.685,"[-Inf,1)","[0.6,0.7)"
2019,401071548,2019-02-22,ORL,CHI,653,0,0,away,CHI,1,1,1,0.22199999999999998,0.99,strict,0,0,0,0.778,"[-Inf,1)","[0.7,0.8)"
2019,401071554,2019-02-22,OKC,UTAH,852,0,0,home,OKC,1,1,1,0.615,0.99,strict,0,0,0,0.615,"[-Inf,1)","[0.6,0.7)"
2019,401071557,2019-02-23,CHA,BKN,665,0,0,away,BKN,1,1,2,0.42700000000000005,0.99,strict,0,0,0,0.573,"[-Inf,1)","[0.5,0.6)"
2019,401071593,2019-02-27,SAC,MIL,819,0,0,away,MIL,1,1,1,0.7070000000000001,0.99,strict,0,0,0,0.7070000000000001,"[-Inf,1)","[0.7,0.8)"
2019,401071598,2019-02-28,HOU,MIA,621,0,0,home,HOU,1,1,3,0.75,0.99,strict,0,0,0,0.75,"[-Inf,1)","[0.7,0.8)"
2019,401071603,2019-03-01,TOR,POR,642,0,0,home,TOR,1,1,2,0.703,0.99,strict,0,0,0,0.703,"[-Inf,1)","[0.7,0.8)"
2019,401071626,2019-03-04,MIA,ATL,721,0,0,home,MIA,1,1,1,0.822,0.99,strict,0,0,0,0.822,"[-Inf,1)","[0.8,0.9)"
2019,401071643,2019-03-06,CHI,PHI,687,0,0,home,CHI,1,1,1,0.253,0.99,strict,0,0,0,0.747,"[-Inf,1)","[0.7,0.8)"
2019,401071691,2019-03-13,HOU,GS,621,0,0,away,GS,1,1,2,0.507,0.99,strict,0,0,0,0.507,"[-Inf,1)","[0.5,0.6)"
2019,401071693,2019-03-14,IND,OKC,663,0,0,home,IND,1,1,2,0.606,0.99,strict,0,0,0,0.606,"[-Inf,1)","[0.6,0.7)"
2019,401071698,2019-03-14,DEN,DAL,603,0,0,home,DEN,1,1,1,0.8,0.99,strict,0,0,0,0.8,"[-Inf,1)","[0.8,0.9)"
2019,401071736,2019-03-19,SAC,BKN,699,0,0,away,BKN,1,1,2,0.395,0.99,strict,0,0,0,0.605,"[-Inf,1)","[0.6,0.7)"
2019,401071738,2019-03-20,CLE,MIL,686,0,0,home,CLE,1,1,5,0.136,0.99,strict,0,0,0,0.864,"[-Inf,1)","[0.8,0.9)"
2019,401071753,2019-03-22,ORL,MEM,765,0,0,home,ORL,1,1,4,0.643,0.99,strict,0,0,0,0.643,"[-Inf,1)","[0.6,0.7)"
2019,401071754,2019-03-22,CLE,LAC,621,0,0,away,LAC,1,1,2,0.742,0.99,strict,0,0,0,0.742,"[-Inf,1)","[0.7,0.8)"
2019,401071771,2019-03-24,TOR,CHA,638,0,0,away,CHA,1,1,1,0.17700000000000005,0.99,strict,0,0,0,0.823,"[-Inf,1)","[0.8,0.9)"
2019,401071803,2019-03-29,BOS,IND,657,0,0,home,BOS,1,1,2,0.679,0.99,strict,0,0,0,0.679,"[-Inf,1)","[0.6,0.7)"
2019,401071818,2019-03-31,ATL,MIL,789,0,0,home,ATL,1,1,1,0.138,0.99,strict,0,0,0,0.862,"[-Inf,1)","[0.8,0.9)"
2019,401071845,2019-04-03,DAL,MIN,644,0,0,away,MIN,1,1,2,0.41500000000000004,0.99,strict,0,0,0,0.585,"[-Inf,1)","[0.5,0.6)"
2019,401071858,2019-04-05,MIN,MIA,648,0,0,home,MIN,1,1,2,0.609,0.99,strict,0,0,0,0.609,"[-Inf,1)","[0.6,0.7)"
2019,401071866,2019-04-06,MIL,BKN,690,0,0,away,BKN,1,1,5,0.14500000000000002,0.99,strict,0,0,0,0.855,"[-Inf,1)","[0.8,0.9)"
2019,401071877,2019-04-07,NY,WSH,613,0,0,home,NY,1,1,3,0.41,0.99,strict,0,0,0,0.5900000000000001,"[-Inf,1)","[0.5,0.6)"
2019,401071880,2019-04-07,SAC,NO,652,0,0,away,NO,1,1,4,0.40900000000000003,0.99,strict,0,0,0,0.591,"[-Inf,1)","[0.5,0.6)"
2019,401071891,2019-04-09,OKC,HOU,656,0,0,home,OKC,1,1,1,0.528,0.99,strict,0,0,0,0.528,"[-Inf,1)","[0.5,0.6)"
2019,401071892,2019-04-09,LAL,POR,657,0,0,away,POR,1,1,3,0.5469999999999999,0.99,strict,0,0,0,0.5469999999999999,"[-Inf,1)","[0.5,0.6)"
2019,401071903,2019-04-10,POR,SAC,569,0,0,home,POR,1,1,5,0.738,0.99,strict,0,0,0,0.738,"[-Inf,1)","[0.7,0.8)"
2020,401160625,2019-10-23,CHA,CHI,714,0,0,home,CHA,1,1,1,0.469,0.99,strict,0,0,0,0.531,"[-Inf,1)","[0.5,0.6)"
2020,401160628,2019-10-23,BKN,MIN,793,0,0,away,MIN,1,1,1,0.353,0.99,strict,0,0,0,0.647,"[-Inf,1)","[0.6,0.7)"
2020,401160674,2019-10-26,HOU,NO,724,0,0,home,HOU,1,1,3,0.807,0.99,strict,0,0,0,0.807,"[-Inf,1)","[0.8,0.9)"
2020,401160675,2019-10-26,SA,WSH,668,0,0,home,SA,1,1,2,0.818,0.99,strict,0,0,0,0.818,"[-Inf,1)","[0.8,0.9)"
2020,401160679,2019-10-27,MEM,BKN,836,0,0,home,MEM,1,1,1,0.543,0.99,strict,0,0,0,0.543,"[-Inf,1)","[0.5,0.6)"
2020,401160685,2019-10-28,ATL,PHI,820,0,0,away,PHI,1,1,2,0.596,0.99,strict,0,0,0,0.596,"[-Inf,1)","[0.5,0.6)"
2020,401160687,2019-10-28,HOU,OKC,726,0,0,home,HOU,1,1,4,0.774,0.99,strict,0,0,0,0.774,"[-Inf,1)","[0.7,0.8)"
2020,401160695,2019-10-29,DEN,DAL,665,0,0,away,DAL,1,1,3,0.30000000000000004,0.99,strict,0,0,0,0.7,"[-Inf,1)","[0.7,0.8)"
2020,401160703,2019-10-30,WSH,HOU,735,0,0,away,HOU,1,1,1,0.617,0.99,strict,0,0,0,0.617,"[-Inf,1)","[0.6,0.7)"
2020,401160714,2019-11-01,BOS,NY,665,0,0,home,BOS,1,1,2,0.852,0.99,strict,0,0,0,0.852,"[-Inf,1)","[0.8,0.9)"
2020,401160717,2019-11-01,SAC,UTAH,653,0,0,home,SAC,1,1,1,0.295,0.99,strict,0,0,0,0.7050000000000001,"[-Inf,1)","[0.7,0.8)"
2020,401160721,2019-11-02,ORL,DEN,667,0,0,away,DEN,1,1,4,0.581,0.99,strict,0,0,0,0.581,"[-Inf,1)","[0.5,0.6)"
2020,401160726,2019-11-02,POR,PHI,684,0,0,away,PHI,1,1,1,0.513,0.99,strict,0,0,0,0.513,"[-Inf,1)","[0.5,0.6)"
2020,401160748,2019-11-06,TOR,SAC,671,0,0,home,TOR,1,1,4,0.791,0.99,strict,0,0,0,0.791,"[-Inf,1)","[0.7,0.8)"
2020,401160764,2019-11-08,DAL,NY,699,0,0,away,NY,1,1,4,0.17100000000000004,0.99,strict,0,0,0,0.829,"[-Inf,1)","[0.8,0.9)"
2020,401160766,2019-11-08,UTAH,MIL,756,0,0,home,UTAH,1,1,3,0.506,0.99,strict,0,0,0,0.506,"[-Inf,1)","[0.5,0.6)"
2020,401160789,2019-11-12,PHI,CLE,655,0,0,home,PHI,1,1,1,0.842,0.99,strict,0,0,0,0.842,"[-Inf,1)","[0.8,0.9)"
2020,401160796,2019-11-13,CHA,MEM,659,0,0,away,MEM,1,1,2,0.392,0.99,strict,0,0,0,0.608,"[-Inf,1)","[0.6,0.7)"
2020,401160809,2019-11-15,CHA,DET,637,0,0,home,CHA,1,1,3,0.409,0.99,strict,0,0,0,0.591,"[-Inf,1)","[0.5,0.6)"
2020,401160819,2019-11-16,NY,CHA,679,0,0,away,CHA,1,1,1,0.376,0.99,strict,0,0,0,0.624,"[-Inf,1)","[0.6,0.7)"
2020,401160826,2019-11-17,SAC,BOS,642,0,0,home,SAC,1,1,1,0.39,0.99,strict,0,0,0,0.61,"[-Inf,1)","[0.6,0.7)"
2020,401160862,2019-11-22,OKC,LAL,704,0,0,away,LAL,1,1,3,0.625,0.99,strict,0,0,0,0.625,"[-Inf,1)","[0.6,0.7)"
2020,401160866,2019-11-22,LAC,HOU,723,0,0,home,LAC,1,1,3,0.625,0.99,strict,0,0,0,0.625,"[-Inf,1)","[0.6,0.7)"
2020,401160867,2019-11-23,MIN,PHX,673,0,0,away,PHX,1,1,2,0.399,0.99,strict,0,0,0,0.601,"[-Inf,1)","[0.6,0.7)"
2020,401160868,2019-11-23,CHA,CHI,651,0,0,away,CHI,1,1,1,0.5489999999999999,0.99,strict,0,0,0,0.5489999999999999,"[-Inf,1)","[0.5,0.6)"
2020,401160882,2019-11-25,CLE,BKN,660,0,0,away,BKN,1,1,2,0.5409999999999999,0.99,strict,0,0,0,0.5409999999999999,"[-Inf,1)","[0.5,0.6)"
2020,401160896,2019-11-27,CHA,DET,636,0,0,home,CHA,1,1,1,0.418,0.99,strict,0,0,0,0.5820000000000001,"[-Inf,1)","[0.5,0.6)"
2020,401160922,2019-11-30,SAC,DEN,736,0,0,home,SAC,1,1,3,0.38,0.99,strict,0,0,0,0.62,"[-Inf,1)","[0.6,0.7)"
2020,401160923,2019-11-30,PHI,IND,661,0,0,home,PHI,1,1,3,0.665,0.99,strict,0,0,0,0.665,"[-Inf,1)","[0.6,0.7)"
2020,401160987,2019-12-09,CHI,TOR,665,0,0,away,TOR,1,1,1,0.6679999999999999,0.99,strict,0,0,0,0.6679999999999999,"[-Inf,1)","[0.6,0.7)"
2020,401160988,2019-12-09,HOU,SAC,645,0,0,away,SAC,1,1,1,0.17500000000000004,0.99,strict,0,0,0,0.825,"[-Inf,1)","[0.8,0.9)"
2020,401161024,2019-12-14,CHI,LAC,663,0,0,home,CHI,1,1,3,0.287,0.99,strict,0,0,0,0.7130000000000001,"[-Inf,1)","[0.7,0.8)"
2020,401161041,2019-12-16,OKC,CHI,652,0,0,home,OKC,1,1,3,0.699,0.99,strict,0,0,0,0.699,"[-Inf,1)","[0.6,0.7)"
2020,401161081,2019-12-22,TOR,DAL,694,0,0,home,TOR,1,1,3,0.551,0.99,strict,0,0,0,0.551,"[-Inf,1)","[0.5,0.6)"
2020,401161106,2019-12-26,SAC,MIN,819,0,0,away,MIN,1,1,1,0.358,0.99,strict,0,0,0,0.642,"[-Inf,1)","[0.6,0.7)"
2020,401161128,2019-12-29,TOR,OKC,616,0,0,away,OKC,1,1,1,0.28200000000000003,0.99,strict,0,0,0,0.718,"[-Inf,1)","[0.7,0.8)"
2020,401161144,2019-12-31,SA,GS,701,0,0,home,SA,1,1,4,0.723,0.99,strict,0,0,0,0.723,"[-Inf,1)","[0.7,0.8)"
2020,401161150,2020-01-02,CLE,CHA,600,0,0,away,CHA,1,1,3,0.394,0.99,strict,0,0,0,0.606,"[-Inf,1)","[0.6,0.7)"
2020,401161153,2020-01-02,CHI,UTAH,640,0,0,away,UTAH,1,1,4,0.577,0.99,strict,0,0,0,0.577,"[-Inf,1)","[0.5,0.6)"
2020,401161172,2020-01-04,DAL,CHA,738,0,0,away,CHA,0.993,1,3,0.08799999999999997,0.99,strict,-0.007000000000000006,0,0.007000000000000006,0.912,"[-Inf,1)","[0.9,1]"
2020,401161191,2020-01-07,TOR,POR,654,0,0,away,POR,1,1,2,0.241,0.99,strict,0,0,0,0.759,"[-Inf,1)","[0.7,0.8)"
2020,401161197,2020-01-08,CHA,TOR,716,0,0,away,TOR,1,1,2,0.758,0.99,strict,0,0,0,0.758,"[-Inf,1)","[0.7,0.8)"
2020,401161201,2020-01-08,DAL,DEN,643,0,0,away,DEN,1,1,1,0.32899999999999996,0.99,strict,0,0,0,0.671,"[-Inf,1)","[0.6,0.7)"
2020,401161210,2020-01-10,BKN,MIA,628,0,0,home,BKN,1,1,4,0.446,0.99,strict,0,0,0,0.554,"[-Inf,1)","[0.5,0.6)"
2020,401161229,2020-01-12,TOR,SA,657,0,0,away,SA,1,1,1,0.22099999999999997,0.99,strict,0,0,0,0.779,"[-Inf,1)","[0.7,0.8)"
2020,401161237,2020-01-13,POR,CHA,635,0,0,home,POR,1,1,3,0.824,0.99,strict,0,0,0,0.824,"[-Inf,1)","[0.8,0.9)"
2020,401161266,2020-01-17,SA,ATL,699,0,0,away,ATL,1,1,1,0.21399999999999997,0.99,strict,0,0,0,0.786,"[-Inf,1)","[0.7,0.8)"
2020,401161305,2020-01-22,NO,SA,676,0,0,away,SA,1,1,4,0.45099999999999996,0.99,strict,0,0,0,0.549,"[-Inf,1)","[0.5,0.6)"
2020,401161338,2020-01-27,MIN,SAC,821,0,0,away,SAC,1,1,4,0.43000000000000005,0.99,strict,0,0,0,0.57,"[-Inf,1)","[0.5,0.6)"
2020,401161367,2020-01-31,PHX,OKC,702,0,0,away,OKC,1,1,4,0.487,0.99,strict,0,0,0,0.513,"[-Inf,1)","[0.5,0.6)"
2020,401161400,2020-02-05,TOR,IND,615,0,0,home,TOR,1,1,1,0.728,0.99,strict,0,0,0,0.728,"[-Inf,1)","[0.7,0.8)"
2020,401161418,2020-02-07,UTAH,POR,649,0,0,home,UTAH,1,1,3,0.765,0.99,strict,0,0,0,0.765,"[-Inf,1)","[0.7,0.8)"
2020,401161432,2020-02-09,HOU,UTAH,641,0,0,away,UTAH,1,1,1,0.403,0.99,strict,0,0,0,0.597,"[-Inf,1)","[0.5,0.6)"
2020,401161436,2020-02-10,IND,BKN,632,0,0,away,BKN,1,1,1,0.31100000000000005,0.99,strict,0,0,0,0.689,"[-Inf,1)","[0.6,0.7)"
2020,401161459,2020-02-12,DEN,LAL,721,0,0,away,LAL,1,1,4,0.473,0.99,strict,0,0,0,0.527,"[-Inf,1)","[0.5,0.6)"
2020,401161501,2020-02-25,CHI,OKC,664,0,0,away,OKC,1,1,2,0.603,0.99,strict,0,0,0,0.603,"[-Inf,1)","[0.6,0.7)"
2020,401161517,2020-02-27,OKC,SAC,696,0,0,home,OKC,1,1,4,0.724,0.99,strict,0,0,0,0.724,"[-Inf,1)","[0.7,0.8)"
2020,401161521,2020-02-28,TOR,CHA,716,0,0,away,CHA,1,1,3,0.07199999999999995,0.99,strict,0,0,0,0.928,"[-Inf,1)","[0.9,1]"
2020,401161551,2020-03-03,CHA,SA,618,0,0,away,SA,1,1,1,0.619,0.99,strict,0,0,0,0.619,"[-Inf,1)","[0.6,0.7)"
2020,401161568,2020-03-05,CHA,DEN,670,0,0,away,DEN,1,1,2,0.758,0.99,strict,0,0,0,0.758,"[-Inf,1)","[0.7,0.8)"
2020,401161584,2020-03-07,CLE,DEN,608,0,0,home,CLE,1,1,2,0.259,0.99,strict,0,0,0,0.741,"[-Inf,1)","[0.7,0.8)"
2020,401161598,2020-03-08,SAC,TOR,672,0,0,away,TOR,1,1,5,0.65,0.99,strict,0,0,0,0.65,"[-Inf,1)","[0.6,0.7)"
2020,401224713,2020-07-31,DAL,HOU,833,0,0,away,HOU,1,1,4,0.44899999999999995,0.99,strict,0,0,0,0.551,"[-Inf,1)","[0.5,0.6)"
2020,401224721,2020-08-02,MEM,SA,727,0,0,away,SA,1,1,2,0.5429999999999999,0.99,strict,0,0,0,0.5429999999999999,"[-Inf,1)","[0.5,0.6)"
2020,401224723,2020-08-02,HOU,MIL,726,0,0,home,HOU,1,1,4,0.303,0.99,strict,0,0,0,0.6970000000000001,"[-Inf,1)","[0.6,0.7)"
2020,401224731,2020-08-04,MIL,BKN,755,0,0,away,BKN,1,1,3,0.17800000000000005,0.99,strict,0,0,0,0.822,"[-Inf,1)","[0.8,0.9)"
2020,401224733,2020-08-04,LAC,PHX,612,0,0,away,PHX,1,1,2,0.256,0.99,strict,0,0,0,0.744,"[-Inf,1)","[0.7,0.8)"
2020,401224759,2020-08-08,DAL,MIL,861,0,0,home,DAL,1,1,4,0.34,0.99,strict,0,0,0,0.6599999999999999,"[-Inf,1)","[0.6,0.7)"
2020,401224777,2020-08-11,SAC,NO,636,0,0,home,SAC,1,1,6,0.448,0.99,strict,0,0,0,0.552,"[-Inf,1)","[0.5,0.6)"
2020,401224781,2020-08-12,OKC,MIA,652,0,0,home,OKC,1,1,1,0.471,0.99,strict,0,0,0,0.529,"[-Inf,1)","[0.5,0.6)"
2021,401267179,2020-12-23,DEN,SAC,770,0,0,away,SAC,1,1,2,0.381,0.99,strict,0,0,0,0.619,"[-Inf,1)","[0.6,0.7)"
2021,401267189,2020-12-26,POR,HOU,726,0,0,home,POR,1,1,2,0.387,0.99,strict,0,0,0,0.613,"[-Inf,1)","[0.6,0.7)"
2021,401267192,2020-12-27,CHA,BKN,699,0,0,home,CHA,1,1,2,0.289,0.99,strict,0,0,0,0.7110000000000001,"[-Inf,1)","[0.7,0.8)"
2021,401267198,2020-12-27,CHI,GS,750,0,0,away,GS,1,1,1,0.65,0.99,strict,0,0,0,0.65,"[-Inf,1)","[0.6,0.7)"
2021,401267223,2020-12-31,WSH,CHI,748,0,0,away,CHI,1,1,3,0.27,0.99,strict,0,0,0,0.73,"[-Inf,1)","[0.7,0.8)"
2021,401267260,2021-01-04,NO,IND,742,0,0,away,IND,1,1,2,0.52,0.99,strict,0,0,0,0.52,"[-Inf,1)","[0.5,0.6)"
2021,401267298,2021-01-09,MIN,SA,701,0,0,away,SA,1,1,3,0.607,0.99,strict,0,0,0,0.607,"[-Inf,1)","[0.6,0.7)"
2021,401267317,2021-01-12,PHI,MIA,742,0,0,home,PHI,1,1,3,0.389,0.99,strict,0,0,0,0.611,"[-Inf,1)","[0.6,0.7)"
2021,401267341,2021-01-15,CLE,NY,637,0,0,home,CLE,1,1,3,0.564,0.99,strict,0,0,0,0.564,"[-Inf,1)","[0.5,0.6)"
2021,401267353,2021-01-16,MEM,PHI,715,0,0,home,MEM,1,1,2,0.385,0.99,strict,0,0,0,0.615,"[-Inf,1)","[0.6,0.7)"
2021,401267360,2021-01-17,DEN,UTAH,683,0,0,away,UTAH,1,1,4,0.508,0.99,strict,0,0,0,0.508,"[-Inf,1)","[0.5,0.6)"
2021,401267381,2021-01-20,MIN,ORL,681,0,0,away,ORL,1,1,1,0.563,0.99,strict,0,0,0,0.563,"[-Inf,1)","[0.5,0.6)"
2021,401267390,2021-01-22,DET,HOU,712,0,0,away,HOU,1,1,1,0.516,0.99,strict,0,0,0,0.516,"[-Inf,1)","[0.5,0.6)"
2021,401267403,2021-01-23,DET,PHI,709,0,0,away,PHI,1,1,4,0.6759999999999999,0.99,strict,0,0,0,0.6759999999999999,"[-Inf,1)","[0.6,0.7)"
2021,401267447,2021-01-28,HOU,POR,604,0,0,home,HOU,1,1,3,0.545,0.99,strict,0,0,0,0.545,"[-Inf,1)","[0.5,0.6)"
2021,401267452,2021-01-29,TOR,SAC,726,0,0,away,SAC,1,1,2,0.274,0.99,strict,0,0,0,0.726,"[-Inf,1)","[0.7,0.8)"
2021,401267479,2021-02-01,DAL,PHX,648,0,0,away,PHX,1,1,1,0.483,0.99,strict,0,0,0,0.517,"[-Inf,1)","[0.5,0.6)"
2021,401267503,2021-02-05,IND,NO,655,0,0,away,NO,1,1,1,0.474,0.99,strict,0,0,0,0.526,"[-Inf,1)","[0.5,0.6)"
2021,401267504,2021-02-05,ORL,CHI,681,0,0,home,ORL,1,1,4,0.488,0.99,strict,0,0,0,0.512,"[-Inf,1)","[0.5,0.6)"
2021,401267508,2021-02-05,OKC,MIN,622,0,0,away,MIN,1,1,3,0.41700000000000004,0.99,strict,0,0,0,0.583,"[-Inf,1)","[0.5,0.6)"
2021,401267510,2021-02-05,LAC,BOS,646,0,0,away,BOS,1,1,4,0.372,0.99,strict,0,0,0,0.628,"[-Inf,1)","[0.6,0.7)"
2021,401267526,2021-02-07,LAC,SAC,648,0,0,away,SAC,1,1,3,0.393,0.99,strict,0,0,0,0.607,"[-Inf,1)","[0.6,0.7)"
2021,401267531,2021-02-08,SA,GS,660,0,0,home,SA,1,1,5,0.444,0.99,strict,0,0,0,0.556,"[-Inf,1)","[0.5,0.6)"
2021,401267571,2021-02-14,DAL,POR,646,0,0,away,POR,1,1,3,0.368,0.99,strict,0,0,0,0.632,"[-Inf,1)","[0.6,0.7)"
2021,401267614,2021-02-19,MIN,TOR,660,0,0,away,TOR,1,1,5,0.757,0.99,strict,0,0,0,0.757,"[-Inf,1)","[0.7,0.8)"
2021,401267619,2021-02-20,CHA,GS,625,0,0,home,CHA,1,1,2,0.371,0.99,strict,0,0,0,0.629,"[-Inf,1)","[0.6,0.7)"
2021,401267640,2021-02-23,CLE,ATL,648,0,0,home,CLE,1,1,1,0.347,0.99,strict,0,0,0,0.653,"[-Inf,1)","[0.6,0.7)"
2021,401267664,2021-02-26,DET,SAC,722,0,0,away,SAC,1,1,3,0.44699999999999995,0.99,strict,0,0,0,0.553,"[-Inf,1)","[0.5,0.6)"
2021,401267688,2021-02-28,SAC,CHA,679,0,0,away,CHA,1,1,1,0.478,0.99,strict,0,0,0,0.522,"[-Inf,1)","[0.5,0.6)"
2021,401267710,2021-03-03,POR,GS,629,0,0,home,POR,1,1,3,0.328,0.99,strict,0,0,0,0.6719999999999999,"[-Inf,1)","[0.6,0.7)"
2021,401267711,2021-03-03,SAC,LAL,620,0,0,home,SAC,1,1,3,0.432,0.99,strict,0,0,0,0.5680000000000001,"[-Inf,1)","[0.5,0.6)"
2021,401267714,2021-03-04,WSH,LAC,752,0,0,home,WSH,1,1,2,0.345,0.99,strict,0,0,0,0.655,"[-Inf,1)","[0.6,0.7)"
2021,401267715,2021-03-04,MEM,MIL,723,0,0,away,MIL,1,1,1,0.706,0.99,strict,0,0,0,0.706,"[-Inf,1)","[0.7,0.8)"
2021,401307353,2021-03-11,TOR,ATL,745,0,0,away,ATL,1,1,1,0.31799999999999995,0.99,strict,0,0,0,0.682,"[-Inf,1)","[0.6,0.7)"
2021,401307363,2021-03-12,MEM,DEN,616,0,0,away,DEN,1,1,1,0.554,0.99,strict,0,0,0,0.554,"[-Inf,1)","[0.5,0.6)"
2021,401307368,2021-03-12,LAL,IND,685,0,0,home,LAL,1,1,5,0.702,0.99,strict,0,0,0,0.702,"[-Inf,1)","[0.7,0.8)"
2021,401307374,2021-03-13,MIN,POR,649,0,0,away,POR,1,1,4,0.636,0.99,strict,0,0,0,0.636,"[-Inf,1)","[0.6,0.7)"
2021,401307396,2021-03-16,PHI,NY,675,0,0,home,PHI,1,1,3,0.715,0.99,strict,0,0,0,0.715,"[-Inf,1)","[0.7,0.8)"
2021,401307399,2021-03-16,POR,NO,643,0,0,home,POR,1,1,1,0.516,0.99,strict,0,0,0,0.516,"[-Inf,1)","[0.5,0.6)"
2021,401307401,2021-03-17,DET,TOR,712,0,0,home,DET,1,1,4,0.284,0.99,strict,0,0,0,0.716,"[-Inf,1)","[0.7,0.8)"
2021,401307404,2021-03-17,WSH,SAC,731,0,0,away,SAC,1,1,2,0.521,0.99,strict,0,0,0,0.521,"[-Inf,1)","[0.5,0.6)"
2021,401307413,2021-03-18,NY,ORL,582,0,0,home,NY,1,1,1,0.585,0.99,strict,0,0,0,0.585,"[-Inf,1)","[0.5,0.6)"
2021,401307421,2021-03-19,TOR,UTAH,624,0,0,away,UTAH,1,1,3,0.513,0.99,strict,0,0,0,0.513,"[-Inf,1)","[0.5,0.6)"
2021,401307432,2021-03-21,MIA,IND,725,0,0,away,IND,1,1,3,0.373,0.99,strict,0,0,0,0.627,"[-Inf,1)","[0.6,0.7)"
2021,401307444,2021-03-22,SA,CHA,658,0,0,away,CHA,1,1,3,0.5389999999999999,0.99,strict,0,0,0,0.5389999999999999,"[-Inf,1)","[0.5,0.6)"
2021,401307458,2021-03-24,ORL,PHX,629,0,0,home,ORL,1,1,1,0.314,0.99,strict,0,0,0,0.6859999999999999,"[-Inf,1)","[0.6,0.7)"
2021,401307466,2021-03-24,SAC,ATL,631,0,0,home,SAC,1,1,2,0.559,0.99,strict,0,0,0,0.559,"[-Inf,1)","[0.5,0.6)"
2021,401307472,2021-03-26,DET,BKN,723,0,0,away,BKN,1,1,2,0.718,0.99,strict,0,0,0,0.718,"[-Inf,1)","[0.7,0.8)"
2021,401307492,2021-03-28,CHA,PHX,705,0,0,away,PHX,1,1,4,0.538,0.99,strict,0,0,0,0.538,"[-Inf,1)","[0.5,0.6)"
2021,401307545,2021-04-03,SAC,MIL,687,0,0,away,MIL,1,1,1,0.656,0.99,strict,0,0,0,0.656,"[-Inf,1)","[0.6,0.7)"
2021,401307553,2021-04-05,TOR,WSH,673,0,0,home,TOR,1,1,2,0.642,0.99,strict,0,0,0,0.642,"[-Inf,1)","[0.6,0.7)"
2021,401307591,2021-04-09,GS,WSH,669,0,0,away,WSH,1,1,3,0.29700000000000004,0.99,strict,0,0,0,0.703,"[-Inf,1)","[0.7,0.8)"
2021,401307606,2021-04-11,MIN,CHI,681,0,0,home,MIN,1,1,4,0.369,0.99,strict,0,0,0,0.631,"[-Inf,1)","[0.6,0.7)"
2021,401307623,2021-04-13,POR,BOS,668,0,0,away,BOS,1,1,1,0.482,0.99,strict,0,0,0,0.518,"[-Inf,1)","[0.5,0.6)"
2021,401307627,2021-04-14,DET,LAC,643,0,0,away,LAC,1,1,2,0.515,0.99,strict,0,0,0,0.515,"[-Inf,1)","[0.5,0.6)"
2021,401307633,2021-04-14,MEM,DAL,614,0,0,away,DAL,1,1,1,0.649,0.99,strict,0,0,0,0.649,"[-Inf,1)","[0.6,0.7)"
2021,401307643,2021-04-16,WSH,NO,742,0,0,home,WSH,1,1,2,0.439,0.99,strict,0,0,0,0.5609999999999999,"[-Inf,1)","[0.5,0.6)"
2021,401307659,2021-04-18,MIA,BKN,619,0,0,home,MIA,1,1,2,0.537,0.99,strict,0,0,0,0.537,"[-Inf,1)","[0.5,0.6)"
2021,401307661,2021-04-18,ORL,HOU,665,0,0,away,HOU,1,1,4,0.46799999999999997,0.99,strict,0,0,0,0.532,"[-Inf,1)","[0.5,0.6)"
2021,401307677,2021-04-20,POR,LAC,630,0,0,away,LAC,1,1,1,0.589,0.99,strict,0,0,0,0.589,"[-Inf,1)","[0.5,0.6)"
2021,401307689,2021-04-21,POR,DEN,599,0,0,away,DEN,1,1,1,0.42700000000000005,0.99,strict,0,0,0,0.573,"[-Inf,1)","[0.5,0.6)"
2021,401307690,2021-04-21,SAC,MIN,635,0,0,home,SAC,1,1,3,0.678,0.99,strict,0,0,0,0.678,"[-Inf,1)","[0.6,0.7)"
2021,401307726,2021-04-26,MIN,UTAH,682,0,0,home,MIN,1,1,1,0.172,0.99,strict,0,0,0,0.8280000000000001,"[-Inf,1)","[0.8,0.9)"
2021,401307741,2021-04-28,MIA,SA,644,0,0,home,MIA,1,1,5,0.745,0.99,strict,0,0,0,0.745,"[-Inf,1)","[0.7,0.8)"
2021,401307753,2021-04-30,BOS,SA,795,0,0,home,BOS,1,1,3,0.639,0.99,strict,0,0,0,0.639,"[-Inf,1)","[0.6,0.7)"
2021,401307770,2021-05-02,MIL,BKN,657,0,0,home,MIL,1,1,3,0.523,0.99,strict,0,0,0,0.523,"[-Inf,1)","[0.5,0.6)"
2021,401307776,2021-05-02,SA,PHI,713,0,0,away,PHI,1,1,2,0.706,0.99,strict,0,0,0,0.706,"[-Inf,1)","[0.7,0.8)"
2021,401307785,2021-05-03,LAL,DEN,644,0,0,home,LAL,1,1,4,0.493,0.99,strict,0,0,0,0.507,"[-Inf,1)","[0.5,0.6)"
2021,401307788,2021-05-04,MIL,BKN,718,0,0,home,MIL,1,1,6,0.627,0.99,strict,0,0,0,0.627,"[-Inf,1)","[0.6,0.7)"
2021,401307792,2021-05-04,LAC,TOR,587,0,0,home,LAC,1,1,5,0.695,0.99,strict,0,0,0,0.695,"[-Inf,1)","[0.6,0.7)"
2021,401307798,2021-05-05,MIL,WSH,764,0,0,home,MIL,1,1,1,0.704,0.99,strict,0,0,0,0.704,"[-Inf,1)","[0.7,0.8)"
2021,401307806,2021-05-06,TOR,WSH,844,0,0,away,WSH,1,1,2,0.366,0.99,strict,0,0,0,0.634,"[-Inf,1)","[0.6,0.7)"
2021,401307809,2021-05-07,PHI,NO,687,0,0,home,PHI,1,1,2,0.693,0.99,strict,0,0,0,0.693,"[-Inf,1)","[0.6,0.7)"
2021,401307828,2021-05-09,CHA,NO,746,0,0,away,NO,1,1,2,0.529,0.99,strict,0,0,0,0.529,"[-Inf,1)","[0.5,0.6)"
2021,401307863,2021-05-13,MEM,SAC,672,0,0,home,MEM,1,1,6,0.549,0.99,strict,0,0,0,0.549,"[-Inf,1)","[0.5,0.6)"
2021,401307865,2021-05-13,PHX,POR,613,0,0,home,PHX,1,1,1,0.579,0.99,strict,0,0,0,0.579,"[-Inf,1)","[0.5,0.6)"
2021,401307872,2021-05-14,MEM,SAC,660,0,0,home,MEM,1,1,1,0.347,0.99,strict,0,0,0,0.653,"[-Inf,1)","[0.6,0.7)"
2021,401307892,2021-05-16,SA,PHX,581,0,0,away,PHX,1,1,2,0.726,0.99,strict,0,0,0,0.726,"[-Inf,1)","[0.7,0.8)"
2022,401358785,2021-12-25,UTAH,DAL,754,0,0,home,UTAH,1,1,4,0.913,0.99,strict,0,0,0,0.913,"[-Inf,1)","[0.9,1]"
2022,401359833,2021-10-20,CHA,IND,760,0,0,home,CHA,1,1,1,0.531,0.99,strict,0,0,0,0.531,"[-Inf,1)","[0.5,0.6)"
2022,401359845,2021-10-22,WSH,IND,730,0,0,home,WSH,1,1,1,0.595,0.99,strict,0,0,0,0.595,"[-Inf,1)","[0.5,0.6)"
2022,401359877,2021-10-26,SA,LAL,783,0,0,away,LAL,1,1,4,0.42900000000000005,0.99,strict,0,0,0,0.571,"[-Inf,1)","[0.5,0.6)"
2022,401359894,2021-10-28,GS,MEM,699,0,0,away,MEM,1,1,3,0.30800000000000005,0.99,strict,0,0,0,0.692,"[-Inf,1)","[0.6,0.7)"
2022,401359940,2021-11-03,SA,DAL,727,0,0,away,DAL,1,1,1,0.42700000000000005,0.99,strict,0,0,0,0.573,"[-Inf,1)","[0.5,0.6)"
2022,401359960,2021-11-06,DAL,BOS,585,0,0,home,DAL,1,1,3,0.682,0.99,strict,0,0,0,0.682,"[-Inf,1)","[0.6,0.7)"
2022,401359982,2021-11-10,CLE,WSH,677,0,0,away,WSH,1,1,3,0.509,0.99,strict,0,0,0,0.509,"[-Inf,1)","[0.5,0.6)"
2022,401360004,2021-11-12,OKC,SAC,660,0,0,home,OKC,1,1,2,0.391,0.99,strict,0,0,0,0.609,"[-Inf,1)","[0.6,0.7)"
2022,401360014,2021-11-13,CLE,BOS,597,0,0,home,CLE,1,1,2,0.531,0.99,strict,0,0,0,0.531,"[-Inf,1)","[0.5,0.6)"
2022,401360018,2021-11-14,CHA,GS,712,0,0,home,CHA,1,1,4,0.397,0.99,strict,0,0,0,0.603,"[-Inf,1)","[0.6,0.7)"
2022,401360055,2021-11-19,DET,GS,674,0,0,away,GS,1,1,3,0.44899999999999995,0.99,strict,0,0,0,0.551,"[-Inf,1)","[0.5,0.6)"
2022,401360057,2021-11-19,BKN,ORL,708,0,0,home,BKN,1,1,2,0.815,0.99,strict,0,0,0,0.815,"[-Inf,1)","[0.8,0.9)"
2022,401360115,2021-11-26,LAL,SAC,886,0,0,away,SAC,1,1,4,0.482,0.99,strict,0,0,0,0.518,"[-Inf,1)","[0.5,0.6)"
2022,401360148,2021-12-01,MIL,CHA,700,0,0,home,MIL,1,1,2,0.596,0.99,strict,0,0,0,0.596,"[-Inf,1)","[0.5,0.6)"
2022,401360159,2021-12-03,ATL,PHI,668,0,0,away,PHI,1,1,2,0.43300000000000005,0.99,strict,0,0,0,0.567,"[-Inf,1)","[0.5,0.6)"
2022,401360167,2021-12-04,BKN,CHI,662,0,0,away,CHI,1,1,4,0.373,0.99,strict,0,0,0,0.627,"[-Inf,1)","[0.6,0.7)"
2022,401360229,2021-12-13,IND,GS,701,0,0,away,GS,1,1,2,0.609,0.99,strict,0,0,0,0.609,"[-Inf,1)","[0.6,0.7)"
2022,401360237,2021-12-14,BKN,TOR,715,0,0,home,BKN,1,1,2,0.685,0.99,strict,0,0,0,0.685,"[-Inf,1)","[0.6,0.7)"
2022,401360244,2021-12-15,DAL,LAL,703,0,0,away,LAL,1,1,3,0.372,0.99,strict,0,0,0,0.628,"[-Inf,1)","[0.6,0.7)"
2022,401360246,2021-12-15,OKC,NO,699,0,0,away,NO,1,1,3,0.5529999999999999,0.99,strict,0,0,0,0.5529999999999999,"[-Inf,1)","[0.5,0.6)"
2022,401360259,2021-12-17,BOS,GS,724,0,0,away,GS,1,1,4,0.653,0.99,strict,0,0,0,0.653,"[-Inf,1)","[0.6,0.7)"
2022,401360268,2021-12-18,OKC,LAC,660,0,0,home,OKC,1,1,1,0.364,0.99,strict,0,0,0,0.636,"[-Inf,1)","[0.6,0.7)"
2022,401360324,2021-12-27,PHX,MEM,698,0,0,away,MEM,1,1,1,0.243,0.99,strict,0,0,0,0.757,"[-Inf,1)","[0.7,0.8)"
2022,401360339,2021-12-29,MEM,LAL,676,0,0,home,MEM,1,1,5,0.744,0.99,strict,0,0,0,0.744,"[-Inf,1)","[0.7,0.8)"
2022,401360349,2021-12-31,IND,CHI,713,0,0,away,CHI,1,1,2,0.514,0.99,strict,0,0,0,0.514,"[-Inf,1)","[0.5,0.6)"
2022,401360352,2021-12-31,CLE,ATL,656,0,0,away,ATL,1,1,3,0.31799999999999995,0.99,strict,0,0,0,0.682,"[-Inf,1)","[0.6,0.7)"
2022,401360367,2022-01-02,SAC,MIA,640,0,0,home,SAC,1,1,2,0.365,0.99,strict,0,0,0,0.635,"[-Inf,1)","[0.6,0.7)"
2022,401360417,2022-01-09,ORL,WSH,685,0,0,away,WSH,1,1,2,0.601,0.99,strict,0,0,0,0.601,"[-Inf,1)","[0.6,0.7)"
2022,401360420,2022-01-09,OKC,DEN,611,0,0,away,DEN,1,1,4,0.606,0.99,strict,0,0,0,0.606,"[-Inf,1)","[0.6,0.7)"
2022,401360421,2022-01-09,BKN,SA,772,0,0,home,BKN,1,1,2,0.684,0.99,strict,0,0,0,0.684,"[-Inf,1)","[0.6,0.7)"
2022,401360426,2022-01-10,CHA,MIL,662,0,0,home,CHA,1,1,4,0.613,0.99,strict,0,0,0,0.613,"[-Inf,1)","[0.6,0.7)"
2022,401360428,2022-01-10,BOS,IND,729,0,0,home,BOS,1,1,3,0.625,0.99,strict,0,0,0,0.625,"[-Inf,1)","[0.6,0.7)"
2022,401360432,2022-01-11,TOR,PHX,648,0,0,away,PHX,1,1,4,0.507,0.99,strict,0,0,0,0.507,"[-Inf,1)","[0.5,0.6)"
2022,401360434,2022-01-11,NO,MIN,742,0,0,home,NO,1,1,3,0.412,0.99,strict,0,0,0,0.5880000000000001,"[-Inf,1)","[0.5,0.6)"
2022,401360497,2022-01-19,DEN,LAC,695,0,0,home,DEN,1,1,2,0.839,0.99,strict,0,0,0,0.839,"[-Inf,1)","[0.8,0.9)"
2022,401360513,2022-01-21,GS,HOU,671,0,0,home,GS,1,1,2,0.761,0.99,strict,0,0,0,0.761,"[-Inf,1)","[0.7,0.8)"
2022,401360528,2022-01-24,CLE,NY,642,0,0,home,CLE,1,1,2,0.735,0.99,strict,0,0,0,0.735,"[-Inf,1)","[0.7,0.8)"
2022,401360535,2022-01-25,WSH,LAC,748,0,0,away,LAC,1,1,1,0.42600000000000005,0.99,strict,0,0,0,0.574,"[-Inf,1)","[0.5,0.6)"
2022,401360567,2022-01-29,MIA,TOR,818,0,0,away,TOR,1,1,4,0.40800000000000003,0.99,strict,0,0,0,0.592,"[-Inf,1)","[0.5,0.6)"
2022,401360569,2022-01-29,GS,BKN,740,0,0,home,GS,1,1,4,0.755,0.99,strict,0,0,0,0.755,"[-Inf,1)","[0.7,0.8)"
2022,401360580,2022-01-31,PHI,MEM,782,0,0,home,PHI,1,1,3,0.444,0.99,strict,0,0,0,0.556,"[-Inf,1)","[0.5,0.6)"
2022,401360592,2022-02-02,IND,ORL,688,0,0,away,ORL,1,1,1,0.45999999999999996,0.99,strict,0,0,0,0.54,"[-Inf,1)","[0.5,0.6)"
2022,401360605,2022-02-03,LAC,LAL,630,0,0,home,LAC,1,1,1,0.721,0.99,strict,0,0,0,0.721,"[-Inf,1)","[0.7,0.8)"
2022,401360606,2022-02-04,CHA,CLE,643,0,0,away,CLE,1,1,1,0.32199999999999995,0.99,strict,0,0,0,0.678,"[-Inf,1)","[0.6,0.7)"
2022,401360672,2022-02-12,DAL,LAC,611,0,0,away,LAC,1,1,2,0.22599999999999998,0.99,strict,0,0,0,0.774,"[-Inf,1)","[0.7,0.8)"
2022,401360694,2022-02-16,BOS,DET,604,0,0,away,DET,1,1,1,0.10899999999999999,0.99,strict,0,0,0,0.891,"[-Inf,1)","[0.8,0.9)"
2022,401360706,2022-02-17,MIL,PHI,674,0,0,away,PHI,1,1,3,0.347,0.99,strict,0,0,0,0.653,"[-Inf,1)","[0.6,0.7)"
2022,401360708,2022-02-24,DET,CLE,669,0,0,home,DET,1,1,3,0.39,0.99,strict,0,0,0,0.61,"[-Inf,1)","[0.6,0.7)"
2022,401360716,2022-02-25,IND,OKC,757,0,0,away,OKC,1,1,4,0.30500000000000005,0.99,strict,0,0,0,0.695,"[-Inf,1)","[0.6,0.7)"
2022,401360718,2022-02-25,WSH,SA,892,0,0,away,SA,1,1,4,0.591,0.99,strict,0,0,0,0.591,"[-Inf,1)","[0.5,0.6)"
2022,401360729,2022-02-26,MIL,BKN,783,0,0,away,BKN,1,1,3,0.268,0.99,strict,0,0,0,0.732,"[-Inf,1)","[0.7,0.8)"
2022,401360734,2022-02-27,CHA,DET,783,0,0,away,DET,1,1,1,0.273,0.99,strict,0,0,0,0.727,"[-Inf,1)","[0.7,0.8)"
2022,401360735,2022-02-27,HOU,LAC,676,0,0,away,LAC,1,1,1,0.593,0.99,strict,0,0,0,0.593,"[-Inf,1)","[0.5,0.6)"
2022,401360747,2022-03-01,TOR,BKN,654,0,0,home,TOR,1,1,1,0.743,0.99,strict,0,0,0,0.743,"[-Inf,1)","[0.7,0.8)"
2022,401360755,2022-03-02,MIL,MIA,674,0,0,home,MIL,1,1,1,0.515,0.99,strict,0,0,0,0.515,"[-Inf,1)","[0.5,0.6)"
2022,401360772,2022-03-04,PHX,NY,681,0,0,home,PHX,1,1,1,0.756,0.99,strict,0,0,0,0.756,"[-Inf,1)","[0.7,0.8)"
2022,401360795,2022-03-08,IND,CLE,704,0,0,away,CLE,1,1,3,0.522,0.99,strict,0,0,0,0.522,"[-Inf,1)","[0.5,0.6)"
2022,401360834,2022-03-13,ORL,PHI,720,0,0,away,PHI,1,1,2,0.657,0.99,strict,0,0,0,0.657,"[-Inf,1)","[0.6,0.7)"
2022,401360835,2022-03-13,ATL,IND,655,0,0,home,ATL,1,1,3,0.841,0.99,strict,0,0,0,0.841,"[-Inf,1)","[0.8,0.9)"
2022,401360841,2022-03-14,PHI,DEN,653,0,0,away,DEN,1,1,3,0.47,0.99,strict,0,0,0,0.53,"[-Inf,1)","[0.5,0.6)"
2022,401360855,2022-03-16,BKN,DAL,625,0,0,away,DAL,1,1,2,0.575,0.99,strict,0,0,0,0.575,"[-Inf,1)","[0.5,0.6)"
2022,401360859,2022-03-16,SA,OKC,688,0,0,home,SA,1,1,2,0.801,0.99,strict,0,0,0,0.801,"[-Inf,1)","[0.8,0.9)"
2022,401360890,2022-03-21,CHA,NO,639,0,0,home,CHA,1,1,3,0.616,0.99,strict,0,0,0,0.616,"[-Inf,1)","[0.6,0.7)"
2022,401360898,2022-03-21,DAL,MIN,660,0,0,home,DAL,1,1,2,0.503,0.99,strict,0,0,0,0.503,"[-Inf,1)","[0.5,0.6)"
2022,401360899,2022-03-22,ORL,GS,633,0,0,home,ORL,1,1,4,0.376,0.99,strict,0,0,0,0.624,"[-Inf,1)","[0.6,0.7)"
2022,401360905,2022-03-23,IND,SAC,634,0,0,away,SAC,1,1,1,0.389,0.99,strict,0,0,0,0.611,"[-Inf,1)","[0.6,0.7)"
2022,401360920,2022-03-25,DET,WSH,641,0,0,away,WSH,1,1,3,0.265,0.99,strict,0,0,0,0.735,"[-Inf,1)","[0.7,0.8)"
2022,401360927,2022-03-26,ORL,SAC,657,0,0,away,SAC,1,1,4,0.42600000000000005,0.99,strict,0,0,0,0.574,"[-Inf,1)","[0.5,0.6)"
2022,401360932,2022-03-26,DEN,OKC,647,0,0,home,DEN,1,1,6,0.908,0.99,strict,0,0,0,0.908,"[-Inf,1)","[0.9,1]"
2022,401360934,2022-03-27,DET,NY,634,0,0,away,NY,1,1,2,0.606,0.99,strict,0,0,0,0.606,"[-Inf,1)","[0.6,0.7)"
2022,401360941,2022-03-28,CHA,DEN,686,0,0,away,DEN,1,1,4,0.55,0.99,strict,0,0,0,0.55,"[-Inf,1)","[0.5,0.6)"
2022,401360949,2022-03-28,POR,OKC,712,0,0,away,OKC,1,1,3,0.554,0.99,strict,0,0,0,0.554,"[-Inf,1)","[0.5,0.6)"
2022,401360950,2022-03-29,PHI,MIL,656,0,0,away,MIL,1,1,2,0.42400000000000004,0.99,strict,0,0,0,0.576,"[-Inf,1)","[0.5,0.6)"
2022,401360961,2022-03-30,HOU,SAC,726,0,0,away,SAC,1,1,3,0.44599999999999995,0.99,strict,0,0,0,0.554,"[-Inf,1)","[0.5,0.6)"
2022,401360963,2022-03-30,SA,MEM,626,0,0,away,MEM,1,1,1,0.6579999999999999,0.99,strict,0,0,0,0.6579999999999999,"[-Inf,1)","[0.6,0.7)"
2022,401360967,2022-03-31,BKN,MIL,781,0,0,away,MIL,1,1,1,0.494,0.99,strict,0,0,0,0.506,"[-Inf,1)","[0.5,0.6)"
2022,401360979,2022-04-01,LAL,NO,666,0,0,away,NO,1,1,3,0.5920000000000001,0.99,strict,0,0,0,0.5920000000000001,"[-Inf,1)","[0.5,0.6)"
2022,401361004,2022-04-05,OKC,POR,604,0,0,home,OKC,1,1,4,0.709,0.99,strict,0,0,0,0.709,"[-Inf,1)","[0.7,0.8)"
2022,401361025,2022-04-08,TOR,HOU,627,0,0,home,TOR,1,1,2,0.875,0.99,strict,0,0,0,0.875,"[-Inf,1)","[0.8,0.9)"
2023,401468024,2022-10-19,MEM,NY,785,0,0,home,MEM,1,1,3,0.653,0.99,strict,0,0,0,0.653,"[-Inf,1)","[0.6,0.7)"
2023,401468028,2022-10-19,PHX,DAL,675,0,0,home,PHX,1,1,2,0.575,0.99,strict,0,0,0,0.575,"[-Inf,1)","[0.5,0.6)"
2023,401468170,2022-10-20,PHI,MIL,636,0,0,away,MIL,1,1,2,0.26,0.99,strict,0,0,0,0.74,"[-Inf,1)","[0.7,0.8)"
2023,401468182,2022-10-21,POR,PHX,723,0,0,home,POR,1,1,2,0.368,0.99,strict,0,0,0,0.632,"[-Inf,1)","[0.6,0.7)"
2023,401468195,2022-10-23,NO,UTAH,812,0,0,away,UTAH,1,1,1,0.372,0.99,strict,0,0,0,0.628,"[-Inf,1)","[0.6,0.7)"
2023,401468221,2022-10-27,BKN,DAL,728,0,0,away,DAL,1,1,4,0.615,0.99,strict,0,0,0,0.615,"[-Inf,1)","[0.6,0.7)"
2023,401468242,2022-10-29,UTAH,MEM,689,0,0,home,UTAH,1,1,1,0.536,0.99,strict,0,0,0,0.536,"[-Inf,1)","[0.5,0.6)"
2023,401468257,2022-10-31,LAC,HOU,669,0,0,home,LAC,1,1,2,0.727,0.99,strict,0,0,0,0.727,"[-Inf,1)","[0.7,0.8)"
2023,401468262,2022-11-02,CLE,BOS,741,0,0,home,CLE,1,1,1,0.493,0.99,strict,0,0,0,0.507,"[-Inf,1)","[0.5,0.6)"
2023,401468272,2022-11-02,LAL,NO,720,0,0,home,LAL,1,1,3,0.437,0.99,strict,0,0,0,0.563,"[-Inf,1)","[0.5,0.6)"
2023,401468273,2022-11-03,ORL,GS,731,0,0,home,ORL,1,1,1,0.243,0.99,strict,0,0,0,0.757,"[-Inf,1)","[0.7,0.8)"
2023,401468276,2022-11-04,IND,MIA,658,0,0,home,IND,1,1,2,0.502,0.99,strict,0,0,0,0.502,"[-Inf,1)","[0.5,0.6)"
2023,401468277,2022-11-04,PHI,NY,741,0,0,away,NY,1,1,2,0.33699999999999997,0.99,strict,0,0,0,0.663,"[-Inf,1)","[0.6,0.7)"
2023,401468285,2022-11-04,PHX,POR,671,0,0,away,POR,1,1,2,0.11199999999999999,0.99,strict,0,0,0,0.888,"[-Inf,1)","[0.8,0.9)"
2023,401468287,2022-11-05,ORL,SAC,728,0,0,away,SAC,1,1,3,0.622,0.99,strict,0,0,0,0.622,"[-Inf,1)","[0.6,0.7)"
2023,401468305,2022-11-07,MIA,POR,603,0,0,away,POR,1,1,3,0.22999999999999998,0.99,strict,0,0,0,0.77,"[-Inf,1)","[0.7,0.8)"
2023,401468315,2022-11-09,IND,DEN,693,0,0,away,DEN,1,1,3,0.6,0.99,strict,0,0,0,0.6,"[-Inf,1)","[0.6,0.7)"
2023,401468357,2022-11-14,MIA,PHX,617,0,0,home,MIA,1,1,1,0.598,0.99,strict,0,0,0,0.598,"[-Inf,1)","[0.5,0.6)"
2023,401468376,2022-11-17,POR,BKN,723,0,0,away,BKN,1,1,2,0.44599999999999995,0.99,strict,0,0,0,0.554,"[-Inf,1)","[0.5,0.6)"
2023,401468379,2022-11-18,WSH,MIA,694,0,0,home,WSH,1,1,1,0.628,0.99,strict,0,0,0,0.628,"[-Inf,1)","[0.6,0.7)"
2023,401468387,2022-11-18,UTAH,PHX,706,0,0,home,UTAH,1,1,1,0.594,0.99,strict,0,0,0,0.594,"[-Inf,1)","[0.5,0.6)"
2023,401468390,2022-11-19,ATL,TOR,763,0,0,home,ATL,1,1,2,0.677,0.99,strict,0,0,0,0.677,"[-Inf,1)","[0.6,0.7)"
2023,401468391,2022-11-19,IND,ORL,660,0,0,home,IND,1,1,1,0.715,0.99,strict,0,0,0,0.715,"[-Inf,1)","[0.7,0.8)"
2023,401468401,2022-11-20,DAL,DEN,623,0,0,away,DEN,1,1,1,0.15400000000000003,0.99,strict,0,0,0,0.846,"[-Inf,1)","[0.8,0.9)"
2023,401468444,2022-11-26,PHX,UTAH,642,0,0,home,PHX,1,1,1,0.674,0.99,strict,0,0,0,0.674,"[-Inf,1)","[0.6,0.7)"
2023,401468463,2022-11-28,LAL,IND,715,0,0,away,IND,1,1,1,0.44399999999999995,0.99,strict,0,0,0,0.556,"[-Inf,1)","[0.5,0.6)"
2023,401468489,2022-12-02,PHX,HOU,689,0,0,away,HOU,1,1,1,0.16400000000000003,0.99,strict,0,0,0,0.836,"[-Inf,1)","[0.8,0.9)"
2023,401468507,2022-12-05,CHA,LAC,676,0,0,away,LAC,1,1,2,0.5700000000000001,0.99,strict,0,0,0,0.5700000000000001,"[-Inf,1)","[0.5,0.6)"
2023,401468517,2022-12-06,DEN,DAL,702,0,0,away,DAL,1,1,1,0.42800000000000005,0.99,strict,0,0,0,0.572,"[-Inf,1)","[0.5,0.6)"
2023,401468527,2022-12-07,UTAH,GS,688,0,0,home,UTAH,1,1,1,0.731,0.99,strict,0,0,0,0.731,"[-Inf,1)","[0.7,0.8)"
2023,401468531,2022-12-08,POR,DEN,647,0,0,away,DEN,1,1,1,0.554,0.99,strict,0,0,0,0.554,"[-Inf,1)","[0.5,0.6)"
2023,401468541,2022-12-09,DAL,MIL,699,0,0,away,MIL,0.996,1,1,0.42200000000000004,0.99,strict,-0.0040000000000000036,0,0.0040000000000000036,0.578,"[-Inf,1)","[0.5,0.6)"
2023,401468543,2022-12-10,IND,BKN,695,0,0,away,BKN,1,1,3,0.21899999999999997,0.99,strict,0,0,0,0.781,"[-Inf,1)","[0.7,0.8)"
2023,401468555,2022-12-11,ATL,CHI,749,0,0,home,ATL,1,1,1,0.602,0.99,strict,0,0,0,0.602,"[-Inf,1)","[0.6,0.7)"
2023,401468556,2022-12-11,HOU,MIL,666,0,0,home,HOU,1,1,5,0.223,0.99,strict,0,0,0,0.777,"[-Inf,1)","[0.7,0.8)"
2023,401468561,2022-12-12,SA,CLE,660,0,0,home,SA,1,1,1,0.231,0.99,strict,0,0,0,0.769,"[-Inf,1)","[0.7,0.8)"
2023,401468568,2022-12-13,LAL,BOS,686,0,0,away,BOS,1,1,4,0.685,0.99,strict,0,0,0,0.685,"[-Inf,1)","[0.6,0.7)"
2023,401468572,2022-12-14,TOR,SAC,640,0,0,away,SAC,1,1,1,0.375,0.99,strict,0,0,0,0.625,"[-Inf,1)","[0.6,0.7)"
2023,401468574,2022-12-14,OKC,MIA,641,0,0,away,MIA,0.999,1,2,0.469,0.99,strict,-0.0010000000000000009,0,0.0010000000000000009,0.531,"[-Inf,1)","[0.5,0.6)"
2023,401468579,2022-12-15,HOU,MIA,670,0,0,away,MIA,1,1,3,0.352,0.99,strict,0,0,0,0.648,"[-Inf,1)","[0.6,0.7)"
2023,401468588,2022-12-16,TOR,BKN,624,0,0,away,BKN,1,1,3,0.5349999999999999,0.99,strict,0,0,0,0.5349999999999999,"[-Inf,1)","[0.5,0.6)"
2023,401468590,2022-12-16,OKC,MIN,721,0,0,away,MIN,1,1,2,0.406,0.99,strict,0,0,0,0.594,"[-Inf,1)","[0.5,0.6)"
2023,401468595,2022-12-17,CLE,DAL,715,0,0,home,CLE,1,1,1,0.847,0.99,strict,0,0,0,0.847,"[-Inf,1)","[0.8,0.9)"
2023,401468601,2022-12-18,IND,NY,674,0,0,away,NY,1,1,3,0.502,0.99,strict,0,0,0,0.502,"[-Inf,1)","[0.5,0.6)"
2023,401468602,2022-12-18,DET,BKN,660,0,0,away,BKN,1,1,3,0.718,0.99,strict,0,0,0,0.718,"[-Inf,1)","[0.7,0.8)"
2023,401468605,2022-12-18,DEN,CHA,704,0,0,home,DEN,1,1,4,0.645,0.99,strict,0,0,0,0.645,"[-Inf,1)","[0.6,0.7)"
2023,401468606,2022-12-18,LAL,WSH,663,0,0,home,LAL,0.998,1,2,0.539,0.99,strict,-0.0020000000000000018,0,0.0020000000000000018,0.539,"[-Inf,1)","[0.5,0.6)"
2023,401468608,2022-12-19,PHI,TOR,665,0,0,home,PHI,1,1,3,0.79,0.99,strict,0,0,0,0.79,"[-Inf,1)","[0.7,0.8)"
2023,401468613,2022-12-19,OKC,POR,705,0,0,home,OKC,1,1,2,0.468,0.99,strict,0,0,0,0.532,"[-Inf,1)","[0.5,0.6)"
2023,401468623,2022-12-21,ATL,CHI,612,0,0,away,CHI,1,1,2,0.31299999999999994,0.99,strict,0,0,0,0.687,"[-Inf,1)","[0.6,0.7)"
2023,401468641,2022-12-23,MIA,IND,638,0,0,away,IND,0.998,1,3,0.28800000000000003,0.99,strict,-0.0020000000000000018,0,0.0020000000000000018,0.712,"[-Inf,1)","[0.7,0.8)"
2023,401468652,2022-12-25,DEN,PHX,767,0,0,home,DEN,1,1,3,0.59,0.99,strict,0,0,0,0.59,"[-Inf,1)","[0.5,0.6)"
2023,401468672,2022-12-28,ATL,BKN,604,0,0,away,BKN,1,1,1,0.759,0.99,strict,0,0,0,0.759,"[-Inf,1)","[0.7,0.8)"
2023,401468675,2022-12-28,NO,MIN,715,0,0,home,NO,0.995,1,1,0.654,0.99,strict,-0.0050000000000000044,0,0.0050000000000000044,0.654,"[-Inf,1)","[0.6,0.7)"
2023,401468677,2022-12-28,SAC,DEN,675,0,0,home,SAC,1,1,1,0.563,0.99,strict,0,0,0,0.563,"[-Inf,1)","[0.5,0.6)"
2023,401468692,2022-12-30,SAC,UTAH,678,0,0,home,SAC,1,1,1,0.55,0.99,strict,0,0,0,0.55,"[-Inf,1)","[0.5,0.6)"
2023,401468693,2022-12-31,IND,LAC,660,0,0,home,IND,1,1,1,0.466,0.99,strict,0,0,0,0.534,"[-Inf,1)","[0.5,0.6)"
2023,401468695,2022-12-31,CHI,CLE,663,0,0,away,CLE,1,1,1,0.5800000000000001,0.99,strict,0,0,0,0.5800000000000001,"[-Inf,1)","[0.5,0.6)"
2023,401468697,2022-12-31,SA,DAL,657,0,0,away,DAL,1,1,1,0.648,0.99,strict,0,0,0,0.648,"[-Inf,1)","[0.6,0.7)"
2023,401468701,2022-12-31,UTAH,MIA,739,0,0,away,MIA,0.999,1,3,0.30900000000000005,0.99,strict,-0.0010000000000000009,0,0.0010000000000000009,0.691,"[-Inf,1)","[0.6,0.7)"
2023,401468713,2023-01-02,GS,ATL,871,0,0,home,GS,1,1,2,0.508,0.99,strict,0,0,0,0.508,"[-Inf,1)","[0.5,0.6)"
2023,401468718,2023-01-03,UTAH,SAC,708,0,0,away,SAC,1,1,2,0.379,0.99,strict,0,0,0,0.621,"[-Inf,1)","[0.6,0.7)"
2023,401468723,2023-01-04,NY,SA,699,0,0,home,NY,1,1,3,0.842,0.99,strict,0,0,0,0.842,"[-Inf,1)","[0.8,0.9)"
2023,401468730,2023-01-04,SAC,ATL,661,0,0,away,ATL,1,1,3,0.42400000000000004,0.99,strict,0,0,0,0.576,"[-Inf,1)","[0.5,0.6)"
2023,401468750,2023-01-07,SAC,LAL,728,0,0,away,LAL,1,1,2,0.238,0.99,strict,0,0,0,0.762,"[-Inf,1)","[0.7,0.8)"
2023,401468754,2023-01-08,MIA,BKN,646,0,0,away,BKN,0.995,1,1,0.643,0.99,strict,-0.0050000000000000044,0,0.0050000000000000044,0.643,"[-Inf,1)","[0.6,0.7)"
2023,401468759,2023-01-08,LAC,ATL,669,0,0,away,ATL,1,1,4,0.31999999999999995,0.99,strict,0,0,0,0.68,"[-Inf,1)","[0.6,0.7)"
2023,401468766,2023-01-10,MIA,OKC,720,0,0,home,MIA,1,1,1,0.483,0.99,strict,0,0,0,0.517,"[-Inf,1)","[0.5,0.6)"
2023,401468771,2023-01-10,POR,ORL,632,0,0,away,ORL,1,1,3,0.247,0.99,strict,0,0,0,0.753,"[-Inf,1)","[0.7,0.8)"
2023,401468774,2023-01-11,WSH,CHI,604,0,0,home,WSH,1,1,3,0.465,0.99,strict,0,0,0,0.5349999999999999,"[-Inf,1)","[0.5,0.6)"
2023,401468785,2023-01-12,LAL,DAL,757,0,0,away,DAL,1,1,4,0.512,0.99,strict,0,0,0,0.512,"[-Inf,1)","[0.5,0.6)"
2023,401468788,2023-01-13,IND,ATL,742,0,0,away,ATL,1,1,2,0.5429999999999999,0.99,strict,0,0,0,0.5429999999999999,"[-Inf,1)","[0.5,0.6)"
2023,401468801,2023-01-14,UTAH,PHI,649,0,0,away,PHI,1,1,1,0.7130000000000001,0.99,strict,0,0,0,0.7130000000000001,"[-Inf,1)","[0.7,0.8)"
2023,401468810,2023-01-15,LAL,PHI,631,0,0,away,PHI,1,1,1,0.6799999999999999,0.99,strict,0,0,0,0.6799999999999999,"[-Inf,1)","[0.6,0.7)"
2023,401468814,2023-01-16,NY,TOR,746,0,0,away,TOR,1,1,2,0.41600000000000004,0.99,strict,0,0,0,0.584,"[-Inf,1)","[0.5,0.6)"
2023,401468817,2023-01-16,MIN,UTAH,669,0,0,away,UTAH,0.997,1,1,0.42800000000000005,0.99,strict,-0.0030000000000000027,0,0.0030000000000000027,0.572,"[-Inf,1)","[0.5,0.6)"
2023,401468827,2023-01-18,MEM,CLE,640,0,0,home,MEM,0.997,1,1,0.744,0.99,strict,-0.0030000000000000027,0,0.0030000000000000027,0.744,"[-Inf,1)","[0.7,0.8)"
2023,401468831,2023-01-18,DEN,MIN,702,0,0,home,DEN,0.998,1,4,0.795,0.99,strict,-0.0020000000000000018,0,0.0020000000000000018,0.795,"[-Inf,1)","[0.7,0.8)"
2023,401468845,2023-01-20,LAL,MEM,844,0,0,home,LAL,1,1,1,0.332,0.99,strict,0,0,0,0.6679999999999999,"[-Inf,1)","[0.6,0.7)"
2023,401468847,2023-01-21,TOR,BOS,609,0,0,away,BOS,1,1,2,0.45699999999999996,0.99,strict,0,0,0,0.543,"[-Inf,1)","[0.5,0.6)"
2023,401468853,2023-01-21,SAC,PHI,693,0,0,away,PHI,1,1,2,0.46499999999999997,0.99,strict,0,0,0,0.535,"[-Inf,1)","[0.5,0.6)"
2023,401468854,2023-01-22,MIA,NO,668,0,0,home,MIA,1,1,4,0.698,0.99,strict,0,0,0,0.698,"[-Inf,1)","[0.6,0.7)"
2023,401468857,2023-01-22,DEN,OKC,647,0,0,away,OKC,0.996,1,2,0.29000000000000004,0.99,strict,-0.0040000000000000036,0,0.0040000000000000036,0.71,"[-Inf,1)","[0.7,0.8)"
2023,401468870,2023-01-24,NY,CLE,635,0,0,home,NY,1,1,2,0.385,0.99,strict,0,0,0,0.615,"[-Inf,1)","[0.6,0.7)"
2023,401468871,2023-01-24,NO,DEN,602,0,0,away,DEN,1,1,1,0.522,0.99,strict,0,0,0,0.522,"[-Inf,1)","[0.5,0.6)"
2023,401468872,2023-01-24,DAL,WSH,698,0,0,away,WSH,1,1,1,0.29300000000000004,0.99,strict,0,0,0,0.707,"[-Inf,1)","[0.7,0.8)"
2023,401468876,2023-01-25,PHI,BKN,647,0,0,home,PHI,1,1,4,0.727,0.99,strict,0,0,0,0.727,"[-Inf,1)","[0.7,0.8)"
2023,401468881,2023-01-25,GS,MEM,779,0,0,home,GS,0.996,1,2,0.568,0.99,strict,-0.0040000000000000036,0,0.0040000000000000036,0.568,"[-Inf,1)","[0.5,0.6)"
2023,401468889,2023-01-26,PHX,DAL,630,0,0,away,DAL,1,1,4,0.43500000000000005,0.99,strict,0,0,0,0.565,"[-Inf,1)","[0.5,0.6)"
2023,401468898,2023-01-28,DET,HOU,707,0,0,away,HOU,1,1,3,0.33899999999999997,0.99,strict,0,0,0,0.661,"[-Inf,1)","[0.6,0.7)"
2023,401468933,2023-02-02,IND,LAL,662,0,0,away,LAL,1,1,1,0.497,0.99,strict,0,0,0,0.503,"[-Inf,1)","[0.5,0.6)"
2023,401468935,2023-02-02,NY,MIA,611,0,0,home,NY,1,1,2,0.54,0.99,strict,0,0,0,0.54,"[-Inf,1)","[0.5,0.6)"
2023,401468939,2023-02-02,MIL,LAC,659,0,0,home,MIL,1,1,1,0.48,0.99,strict,0,0,0,0.52,"[-Inf,1)","[0.5,0.6)"
2023,401468941,2023-02-03,IND,SAC,658,0,0,home,IND,1,1,3,0.498,0.99,strict,0,0,0,0.502,"[-Inf,1)","[0.5,0.6)"
2023,401468948,2023-02-04,BKN,WSH,736,0,0,home,BKN,1,1,2,0.534,0.99,strict,0,0,0,0.534,"[-Inf,1)","[0.5,0.6)"
2023,401468960,2023-02-05,MEM,TOR,684,0,0,away,TOR,0.999,1,3,0.481,0.99,strict,-0.0010000000000000009,0,0.0010000000000000009,0.519,"[-Inf,1)","[0.5,0.6)"
2023,401469019,2023-02-13,OKC,NO,641,0,0,away,NO,1,1,3,0.45899999999999996,0.99,strict,0,0,0,0.541,"[-Inf,1)","[0.5,0.6)"
2023,401469029,2023-02-15,IND,CHI,661,0,0,home,IND,1,1,4,0.572,0.99,strict,0,0,0,0.572,"[-Inf,1)","[0.5,0.6)"
2023,401469042,2023-02-23,IND,BOS,711,0,0,away,BOS,1,1,4,0.761,0.99,strict,0,0,0,0.761,"[-Inf,1)","[0.7,0.8)"
2023,401469043,2023-02-23,ORL,DET,686,0,0,home,ORL,0.997,1,2,0.781,0.99,strict,-0.0030000000000000027,0,0.0030000000000000027,0.781,"[-Inf,1)","[0.7,0.8)"
2023,401469047,2023-02-23,UTAH,OKC,794,0,0,home,UTAH,1,1,1,0.601,0.99,strict,0,0,0,0.601,"[-Inf,1)","[0.6,0.7)"
2023,401469057,2023-02-24,LAC,SAC,811,0,0,away,SAC,0.996,1,1,0.23099999999999998,0.99,strict,-0.0040000000000000036,0,0.0040000000000000036,0.769,"[-Inf,1)","[0.7,0.8)"
2023,401469059,2023-02-25,CHA,MIA,677,0,0,home,CHA,1,1,5,0.377,0.99,strict,0,0,0,0.623,"[-Inf,1)","[0.6,0.7)"
2023,401469063,2023-02-25,PHI,BOS,609,0,0,away,BOS,1,1,3,0.552,0.99,strict,0,0,0,0.552,"[-Inf,1)","[0.5,0.6)"
2023,401469066,2023-02-26,ATL,BKN,674,0,0,home,ATL,1,1,2,0.643,0.99,strict,0,0,0,0.643,"[-Inf,1)","[0.6,0.7)"
2023,401469075,2023-02-27,PHI,MIA,627,0,0,away,MIA,0.997,1,2,0.271,0.99,strict,-0.0030000000000000027,0,0.0030000000000000027,0.729,"[-Inf,1)","[0.7,0.8)"
2023,401469084,2023-02-28,DAL,IND,693,0,0,away,IND,1,1,2,0.266,0.99,strict,0,0,0,0.734,"[-Inf,1)","[0.7,0.8)"
2023,401469104,2023-03-03,MIA,NY,620,0,0,away,NY,1,1,2,0.6799999999999999,0.99,strict,0,0,0,0.6799999999999999,"[-Inf,1)","[0.6,0.7)"
2023,401469109,2023-03-03,SAC,LAC,681,0,0,home,SAC,1,1,1,0.721,0.99,strict,0,0,0,0.721,"[-Inf,1)","[0.7,0.8)"
2023,401469116,2023-03-04,SAC,MIN,658,0,0,away,MIN,1,1,4,0.377,0.99,strict,0,0,0,0.623,"[-Inf,1)","[0.6,0.7)"
2023,401469117,2023-03-05,DAL,PHX,638,0,0,away,PHX,0.999,1,4,0.362,0.99,strict,-0.0010000000000000009,0,0.0010000000000000009,0.638,"[-Inf,1)","[0.6,0.7)"
2023,401469121,2023-03-05,ORL,POR,687,0,0,away,POR,1,1,3,0.37,0.99,strict,0,0,0,0.63,"[-Inf,1)","[0.6,0.7)"
2023,401469124,2023-03-05,BOS,NY,742,0,0,away,NY,1,1,2,0.42200000000000004,0.99,strict,0,0,0,0.578,"[-Inf,1)","[0.5,0.6)"
2023,401469126,2023-03-06,CLE,BOS,778,0,0,home,CLE,1,1,4,0.821,0.99,strict,0,0,0,0.821,"[-Inf,1)","[0.8,0.9)"
2023,401469138,2023-03-07,DAL,UTAH,694,0,0,home,DAL,0.998,1,4,0.845,0.99,strict,-0.0020000000000000018,0,0.0020000000000000018,0.845,"[-Inf,1)","[0.8,0.9)"
2023,401469140,2023-03-08,WSH,ATL,665,0,0,away,ATL,1,1,2,0.563,0.99,strict,0,0,0,0.563,"[-Inf,1)","[0.5,0.6)"
2023,401469149,2023-03-09,ORL,UTAH,666,0,0,away,UTAH,0.999,1,5,0.44299999999999995,0.99,strict,-0.0010000000000000009,0,0.0010000000000000009,0.557,"[-Inf,1)","[0.5,0.6)"
2023,401469152,2023-03-09,SAC,NY,720,0,0,home,SAC,0.999,1,5,0.507,0.99,strict,-0.0010000000000000009,0,0.0010000000000000009,0.507,"[-Inf,1)","[0.5,0.6)"
2023,401469153,2023-03-10,PHI,POR,625,0,0,home,PHI,1,1,1,0.762,0.99,strict,0,0,0,0.762,"[-Inf,1)","[0.7,0.8)"
2023,401469156,2023-03-10,MIN,BKN,763,0,0,away,BKN,0.995,1,1,0.41200000000000003,0.99,strict,-0.0050000000000000044,0,0.0050000000000000044,0.588,"[-Inf,1)","[0.5,0.6)"
2023,401469169,2023-03-12,DEN,BKN,666,0,0,away,BKN,0.997,1,2,0.31499999999999995,0.99,strict,-0.0030000000000000027,0,0.0030000000000000027,0.685,"[-Inf,1)","[0.6,0.7)"
2023,401469179,2023-03-13,HOU,BOS,708,0,0,home,HOU,1,1,2,0.111,0.99,strict,0,0,0,0.889,"[-Inf,1)","[0.8,0.9)"
2023,401469192,2023-03-15,CHI,SAC,731,0,0,away,SAC,1,1,3,0.386,0.99,strict,0,0,0,0.614,"[-Inf,1)","[0.6,0.7)"
2023,401469201,2023-03-16,PHX,ORL,676,0,0,home,PHX,0.999,1,3,0.69,0.99,strict,-0.0010000000000000009,0,0.0010000000000000009,0.69,"[-Inf,1)","[0.6,0.7)"
2023,401469206,2023-03-17,HOU,NO,638,0,0,home,HOU,1,1,2,0.379,0.99,strict,0,0,0,0.621,"[-Inf,1)","[0.6,0.7)"
2023,401469209,2023-03-17,LAL,DAL,685,0,0,away,DAL,1,1,1,0.389,0.99,strict,0,0,0,0.611,"[-Inf,1)","[0.6,0.7)"
2023,401469210,2023-03-18,NY,DEN,593,0,0,home,NY,1,1,6,0.588,0.99,strict,0,0,0,0.588,"[-Inf,1)","[0.5,0.6)"
2023,401469217,2023-03-18,UTAH,BOS,647,0,0,home,UTAH,1,1,1,0.441,0.99,strict,0,0,0,0.5589999999999999,"[-Inf,1)","[0.5,0.6)"
2023,401469237,2023-03-21,LAC,OKC,655,0,0,away,OKC,1,1,1,0.20499999999999996,0.99,strict,0,0,0,0.795,"[-Inf,1)","[0.7,0.8)"
2023,401469245,2023-03-22,MIN,ATL,692,0,0,home,MIN,0.993,1,1,0.76,0.99,strict,-0.007000000000000006,0,0.007000000000000006,0.76,"[-Inf,1)","[0.7,0.8)"
2023,401469249,2023-03-23,BKN,CLE,650,0,0,away,CLE,0.999,1,2,0.622,0.99,strict,-0.0010000000000000009,0,0.0010000000000000009,0.622,"[-Inf,1)","[0.6,0.7)"
2023,401469286,2023-03-28,ATL,CLE,652,0,0,home,ATL,0.997,1,2,0.471,0.99,strict,-0.0030000000000000027,0,0.0030000000000000027,0.529,"[-Inf,1)","[0.5,0.6)"
2023,401469289,2023-03-28,OKC,CHA,733,0,0,away,CHA,1,1,3,0.19599999999999995,0.99,strict,0,0,0,0.804,"[-Inf,1)","[0.8,0.9)"
2023,401469297,2023-03-29,OKC,DET,654,0,0,away,DET,0.996,0,1,0.16700000000000004,0.99,strict,0.996,1,0.0040000000000000036,0.833,"[-Inf,1)","[0.8,0.9)"
2023,401469297,2023-03-29,OKC,DET,655,0,0,home,OKC,0.995,1,1,0.833,0.99,strict,-0.0050000000000000044,0,0.0050000000000000044,0.833,"[-Inf,1)","[0.8,0.9)"
2023,401469321,2023-04-02,MIN,POR,662,0,0,away,POR,1,1,2,0.07999999999999996,0.99,strict,0,0,0,0.92,"[-Inf,1)","[0.9,1]"
2023,401469322,2023-04-02,ATL,DAL,715,0,0,home,ATL,0.996,1,2,0.555,0.99,strict,-0.0040000000000000036,0,0.0040000000000000036,0.555,"[-Inf,1)","[0.5,0.6)"
2023,401469357,2023-04-07,CHA,HOU,700,0,0,away,HOU,1,1,3,0.6819999999999999,0.99,strict,0,0,0,0.6819999999999999,"[-Inf,1)","[0.6,0.7)"
2023,401469365,2023-04-07,DAL,CHI,592,0,0,away,CHI,0.999,1,3,0.376,0.99,strict,-0.0010000000000000009,0,0.0010000000000000009,0.624,"[-Inf,1)","[0.6,0.7)"
2023,401469368,2023-04-08,UTAH,DEN,685,0,0,home,UTAH,1,1,4,0.182,0.99,strict,0,0,0,0.8180000000000001,"[-Inf,1)","[0.8,0.9)"
2023,401469384,2023-04-09,PHX,LAC,657,0,0,away,LAC,1,1,5,0.728,0.99,strict,0,0,0,0.728,"[-Inf,1)","[0.7,0.8)"
2023,401526670,2023-03-07,DET,WSH,598,0,0,away,WSH,0.997,1,2,0.885,0.99,strict,-0.0030000000000000027,0,0.0030000000000000027,0.885,"[-Inf,1)","[0.8,0.9)"
2024,401584092,2023-11-03,CHI,BKN,617,0,0,away,BKN,1,1,2,0.55,0.99,strict,0,0,0,0.55,"[-Inf,1)","[0.5,0.6)"
2024,401584093,2023-11-03,OKC,GS,738,0,0,away,GS,0.999,1,2,0.611,0.99,strict,-0.0010000000000000009,0,0.0010000000000000009,0.611,"[-Inf,1)","[0.6,0.7)"
2024,401584112,2023-11-14,DEN,LAC,640,0,0,home,DEN,1,1,3,0.628,0.99,strict,0,0,0,0.628,"[-Inf,1)","[0.6,0.7)"
2024,401584119,2023-11-17,TOR,BOS,607,0,0,away,BOS,1,1,3,0.758,0.99,strict,0,0,0,0.758,"[-Inf,1)","[0.7,0.8)"
2024,401584122,2023-11-17,NO,DEN,689,0,0,home,NO,1,1,5,0.418,0.99,strict,0,0,0,0.5820000000000001,"[-Inf,1)","[0.5,0.6)"
2024,401584128,2023-11-21,PHI,CLE,797,0,0,away,CLE,1,1,3,0.261,0.99,strict,0,0,0,0.739,"[-Inf,1)","[0.7,0.8)"
2024,401584133,2023-11-24,NY,MIA,598,0,0,home,NY,0.996,1,2,0.554,0.99,strict,-0.0040000000000000036,0,0.0040000000000000036,0.554,"[-Inf,1)","[0.5,0.6)"
2024,401584146,2023-11-28,MIN,OKC,701,0,0,home,MIN,0.999,1,3,0.52,0.99,strict,-0.0010000000000000009,0,0.0010000000000000009,0.52,"[-Inf,1)","[0.5,0.6)"
2024,401584148,2023-11-28,SAC,GS,781,0,0,home,SAC,0.993,1,1,0.519,0.99,strict,-0.007000000000000006,0,0.007000000000000006,0.519,"[-Inf,1)","[0.5,0.6)"
2024,401584690,2023-10-24,GS,PHX,742,0,0,away,PHX,1,1,4,0.34099999999999997,0.99,strict,0,0,0,0.659,"[-Inf,1)","[0.6,0.7)"
2024,401584695,2023-10-25,BKN,CLE,702,0,0,away,CLE,1,1,1,0.47,0.99,strict,0,0,0,0.53,"[-Inf,1)","[0.5,0.6)"
2024,401584703,2023-10-26,MIL,PHI,704,0,0,home,MIL,1,1,1,0.647,0.99,strict,0,0,0,0.647,"[-Inf,1)","[0.6,0.7)"
2024,401584709,2023-10-27,CLE,OKC,744,0,0,away,OKC,1,1,3,0.34199999999999997,0.99,strict,0,0,0,0.658,"[-Inf,1)","[0.6,0.7)"
2024,401584710,2023-10-27,CHI,TOR,783,0,0,home,CHI,1,1,1,0.549,0.99,strict,0,0,0,0.549,"[-Inf,1)","[0.5,0.6)"
2024,401584728,2023-10-29,SAC,LAL,792,0,0,home,SAC,1,1,5,0.532,0.99,strict,0,0,0,0.532,"[-Inf,1)","[0.5,0.6)"
2024,401584739,2023-10-30,LAL,ORL,667,0,0,home,LAL,0.998,1,3,0.525,0.99,strict,-0.0020000000000000018,0,0.0020000000000000018,0.525,"[-Inf,1)","[0.5,0.6)"
2024,401584741,2023-10-31,PHX,SA,678,0,0,away,SA,0.997,1,1,0.253,0.99,strict,-0.0030000000000000027,0,0.0030000000000000027,0.747,"[-Inf,1)","[0.7,0.8)"
2024,401584754,2023-11-01,GS,SAC,667,0,0,home,GS,1,1,1,0.72,0.99,strict,0,0,0,0.72,"[-Inf,1)","[0.7,0.8)"
2024,401584758,2023-11-02,UTAH,ORL,755,0,0,away,ORL,1,1,2,0.43100000000000005,0.99,strict,0,0,0,0.569,"[-Inf,1)","[0.5,0.6)"
2024,401584761,2023-11-04,IND,CHA,664,0,0,away,CHA,1,1,1,0.371,0.99,strict,0,0,0,0.629,"[-Inf,1)","[0.6,0.7)"
2024,401584777,2023-11-06,BKN,MIL,653,0,0,away,MIL,1,1,4,0.5489999999999999,0.99,strict,0,0,0,0.5489999999999999,"[-Inf,1)","[0.5,0.6)"
2024,401584778,2023-11-06,MIA,LAL,622,0,0,home,MIA,1,1,1,0.624,0.99,strict,0,0,0,0.624,"[-Inf,1)","[0.6,0.7)"
2024,401584797,2023-11-08,DEN,GS,665,0,0,home,DEN,1,1,3,0.597,0.99,strict,0,0,0,0.597,"[-Inf,1)","[0.5,0.6)"
2024,401584798,2023-11-08,SAC,POR,821,0,0,home,SAC,1,1,3,0.683,0.99,strict,0,0,0,0.683,"[-Inf,1)","[0.6,0.7)"
2024,401584800,2023-11-09,ORL,ATL,737,0,0,away,ATL,1,1,1,0.7050000000000001,0.99,strict,0,0,0,0.7050000000000001,"[-Inf,1)","[0.7,0.8)"
2024,401584810,2023-11-12,HOU,DEN,641,0,0,home,HOU,1,1,3,0.421,0.99,strict,0,0,0,0.579,"[-Inf,1)","[0.5,0.6)"
2024,401584821,2023-11-15,ATL,NY,659,0,0,away,NY,1,1,2,0.43400000000000005,0.99,strict,0,0,0,0.566,"[-Inf,1)","[0.5,0.6)"
2024,401584824,2023-11-15,CHI,ORL,669,0,0,away,ORL,1,1,2,0.346,0.99,strict,0,0,0,0.654,"[-Inf,1)","[0.6,0.7)"
2024,401584831,2023-11-18,NO,MIN,729,0,0,away,MIN,1,1,1,0.6950000000000001,0.99,strict,0,0,0,0.6950000000000001,"[-Inf,1)","[0.6,0.7)"
2024,401584841,2023-11-19,MEM,BOS,656,0,0,away,BOS,1,1,2,0.848,0.99,strict,0,0,0,0.848,"[-Inf,1)","[0.8,0.9)"
2024,401584844,2023-11-19,LAL,HOU,688,0,0,home,LAL,0.997,1,1,0.586,0.99,strict,-0.0030000000000000027,0,0.0030000000000000027,0.586,"[-Inf,1)","[0.5,0.6)"
2024,401584846,2023-11-20,DET,DEN,677,0,0,away,DEN,1,1,4,0.683,0.99,strict,0,0,0,0.683,"[-Inf,1)","[0.6,0.7)"
2024,401584853,2023-11-22,CHA,WSH,652,0,0,home,CHA,1,1,3,0.541,0.99,strict,0,0,0,0.541,"[-Inf,1)","[0.5,0.6)"
2024,401584855,2023-11-22,ATL,BKN,820,0,0,home,ATL,1,1,2,0.541,0.99,strict,0,0,0,0.541,"[-Inf,1)","[0.5,0.6)"
2024,401584858,2023-11-22,IND,TOR,688,0,0,away,TOR,1,1,1,0.369,0.99,strict,0,0,0,0.631,"[-Inf,1)","[0.6,0.7)"
2024,401584875,2023-11-26,NY,PHX,693,0,0,away,PHX,1,1,3,0.42800000000000005,0.99,strict,0,0,0,0.572,"[-Inf,1)","[0.5,0.6)"
2024,401584879,2023-11-26,CLE,TOR,687,0,0,home,CLE,1,1,3,0.584,0.99,strict,0,0,0,0.584,"[-Inf,1)","[0.5,0.6)"
2024,401584894,2023-11-30,BKN,CHA,629,0,0,away,CHA,1,1,1,0.135,0.99,strict,0,0,0,0.865,"[-Inf,1)","[0.8,0.9)"
2024,401584900,2023-11-30,SA,ATL,703,0,0,away,ATL,1,1,2,0.779,0.99,strict,0,0,0,0.779,"[-Inf,1)","[0.7,0.8)"
2024,401584908,2023-12-02,LAC,GS,657,0,0,home,LAC,1,1,1,0.634,0.99,strict,0,0,0,0.634,"[-Inf,1)","[0.6,0.7)"
2024,401584920,2023-12-11,CHA,MIA,670,0,0,away,MIA,1,1,2,0.622,0.99,strict,0,0,0,0.622,"[-Inf,1)","[0.6,0.7)"
2024,401584928,2023-12-11,MIL,CHI,732,0,0,home,MIL,1,1,4,0.837,0.99,strict,0,0,0,0.837,"[-Inf,1)","[0.8,0.9)"
2024,401584965,2023-12-16,MIA,CHI,632,0,0,home,MIA,1,1,2,0.659,0.99,strict,0,0,0,0.659,"[-Inf,1)","[0.6,0.7)"
2024,401584967,2023-12-16,GS,BKN,694,0,0,home,GS,1,1,4,0.515,0.99,strict,0,0,0,0.515,"[-Inf,1)","[0.5,0.6)"
2024,401584968,2023-12-16,DEN,OKC,700,0,0,away,OKC,1,1,1,0.43600000000000005,0.99,strict,0,0,0,0.564,"[-Inf,1)","[0.5,0.6)"
2024,401584979,2023-12-18,PHI,CHI,624,0,0,away,CHI,0.999,1,4,0.138,0.99,strict,-0.0010000000000000009,0,0.0010000000000000009,0.862,"[-Inf,1)","[0.8,0.9)"
2024,401584981,2023-12-18,MIA,MIN,646,0,0,away,MIN,0.999,1,4,0.43000000000000005,0.99,strict,-0.0010000000000000009,0,0.0010000000000000009,0.57,"[-Inf,1)","[0.5,0.6)"
2024,401584988,2023-12-19,NO,MEM,668,0,0,away,MEM,1,1,2,0.21399999999999997,0.99,strict,0,0,0,0.786,"[-Inf,1)","[0.7,0.8)"
2024,401585009,2023-12-21,POR,WSH,712,0,0,away,WSH,1,1,1,0.42700000000000005,0.99,strict,0,0,0,0.573,"[-Inf,1)","[0.5,0.6)"
2024,401585020,2023-12-23,NO,HOU,705,0,0,away,HOU,1,1,2,0.22899999999999998,0.99,strict,0,0,0,0.771,"[-Inf,1)","[0.7,0.8)"
2024,401585058,2023-12-29,WSH,BKN,658,0,0,home,WSH,1,1,6,0.31,0.99,strict,0,0,0,0.69,"[-Inf,1)","[0.6,0.7)"
2024,401585060,2023-12-29,BOS,TOR,652,0,0,home,BOS,1,1,2,0.604,0.99,strict,0,0,0,0.604,"[-Inf,1)","[0.6,0.7)"
2024,401585071,2023-12-30,MIN,LAL,718,0,0,home,MIN,1,1,2,0.687,0.99,strict,0,0,0,0.687,"[-Inf,1)","[0.6,0.7)"
2024,401585106,2024-01-04,GS,DEN,632,0,0,away,DEN,1,1,3,0.484,0.99,strict,0,0,0,0.516,"[-Inf,1)","[0.5,0.6)"
2024,401585116,2024-01-05,DEN,ORL,667,0,0,away,ORL,0.999,1,2,0.19799999999999995,0.99,strict,-0.0010000000000000009,0,0.0010000000000000009,0.802,"[-Inf,1)","[0.8,0.9)"
2024,401585144,2024-01-09,LAL,TOR,672,0,0,home,LAL,1,1,1,0.436,0.99,strict,0,0,0,0.5640000000000001,"[-Inf,1)","[0.5,0.6)"
2024,401585162,2024-01-12,DET,HOU,659,0,0,away,HOU,1,1,2,0.6950000000000001,0.99,strict,0,0,0,0.6950000000000001,"[-Inf,1)","[0.6,0.7)"
2024,401585163,2024-01-12,MIA,ORL,681,0,0,home,MIA,0.998,1,3,0.66,0.99,strict,-0.0020000000000000018,0,0.0020000000000000018,0.66,"[-Inf,1)","[0.6,0.7)"
2024,401585180,2024-01-14,MIL,SAC,705,0,0,home,MIL,1,1,1,0.664,0.99,strict,0,0,0,0.664,"[-Inf,1)","[0.6,0.7)"
2024,401585190,2024-01-15,BKN,MIA,681,0,0,away,MIA,1,1,1,0.43500000000000005,0.99,strict,0,0,0,0.565,"[-Inf,1)","[0.5,0.6)"
2024,401585195,2024-01-16,PHX,SAC,648,0,0,home,PHX,0.997,1,2,0.621,0.99,strict,-0.0030000000000000027,0,0.0030000000000000027,0.621,"[-Inf,1)","[0.6,0.7)"
2024,401585198,2024-01-17,ATL,ORL,632,0,0,home,ATL,1,1,2,0.604,0.99,strict,0,0,0,0.604,"[-Inf,1)","[0.6,0.7)"
2024,401585206,2024-01-17,POR,BKN,602,0,0,home,POR,0.994,1,2,0.314,0.99,strict,-0.006000000000000005,0,0.006000000000000005,0.6859999999999999,"[-Inf,1)","[0.6,0.7)"
2024,401585214,2024-01-19,BOS,DEN,563,0,0,away,DEN,1,1,2,0.273,0.99,strict,0,0,0,0.727,"[-Inf,1)","[0.7,0.8)"
2024,401585215,2024-01-19,MIA,ATL,637,0,0,away,ATL,1,1,1,0.32899999999999996,0.99,strict,0,0,0,0.671,"[-Inf,1)","[0.6,0.7)"
2024,401585222,2024-01-20,WSH,SA,728,0,0,away,SA,1,1,4,0.36,0.99,strict,0,0,0,0.64,"[-Inf,1)","[0.6,0.7)"
2024,401585226,2024-01-20,HOU,UTAH,823,0,0,home,HOU,1,1,1,0.477,0.99,strict,0,0,0,0.523,"[-Inf,1)","[0.5,0.6)"
2024,401585238,2024-01-22,MIN,CHA,652,0,0,away,CHA,1,1,3,0.11199999999999999,0.99,strict,0,0,0,0.888,"[-Inf,1)","[0.8,0.9)"
2024,401585240,2024-01-22,PHX,CHI,611,0,0,home,PHX,1,1,2,0.628,0.99,strict,0,0,0,0.628,"[-Inf,1)","[0.6,0.7)"
2024,401585245,2024-01-23,OKC,POR,700,0,0,home,OKC,1,1,2,0.914,0.99,strict,0,0,0,0.914,"[-Inf,1)","[0.9,1]"
2024,401585257,2024-01-25,BKN,MIN,583,0,0,away,MIN,1,1,2,0.524,0.99,strict,0,0,0,0.524,"[-Inf,1)","[0.5,0.6)"
2024,401585260,2024-01-25,GS,SAC,661,0,0,away,SAC,1,1,1,0.42200000000000004,0.99,strict,0,0,0,0.578,"[-Inf,1)","[0.5,0.6)"
2024,401585264,2024-01-26,IND,PHX,664,0,0,home,IND,1,1,2,0.424,0.99,strict,0,0,0,0.5760000000000001,"[-Inf,1)","[0.5,0.6)"
2024,401585266,2024-01-26,MEM,ORL,647,0,0,home,MEM,1,1,1,0.353,0.99,strict,0,0,0,0.647,"[-Inf,1)","[0.6,0.7)"
2024,401585277,2024-01-27,SA,MIN,620,0,0,home,SA,1,1,1,0.215,0.99,strict,0,0,0,0.785,"[-Inf,1)","[0.7,0.8)"
2024,401585278,2024-01-27,GS,LAL,874,0,0,away,LAL,1,1,1,0.32499999999999996,0.99,strict,0,0,0,0.675,"[-Inf,1)","[0.6,0.7)"
2024,401585281,2024-01-28,ATL,TOR,717,0,0,home,ATL,0.995,1,1,0.581,0.99,strict,-0.0050000000000000044,0,0.0050000000000000044,0.581,"[-Inf,1)","[0.5,0.6)"
2024,401585294,2024-01-29,DAL,ORL,731,0,0,home,DAL,0.997,1,2,0.589,0.99,strict,-0.0030000000000000027,0,0.0030000000000000027,0.589,"[-Inf,1)","[0.5,0.6)"
2024,401585311,2024-01-31,POR,MIL,633,0,0,home,POR,0.999,1,3,0.241,0.99,strict,-0.0010000000000000009,0,0.0010000000000000009,0.759,"[-Inf,1)","[0.7,0.8)"
2024,401585314,2024-02-01,UTAH,PHI,669,0,0,away,PHI,1,1,3,0.33399999999999996,0.99,strict,0,0,0,0.666,"[-Inf,1)","[0.6,0.7)"
2024,401585324,2024-02-02,SA,NO,706,0,0,away,NO,0.996,1,1,0.739,0.99,strict,-0.0040000000000000036,0,0.0040000000000000036,0.739,"[-Inf,1)","[0.7,0.8)"
2024,401585347,2024-02-06,IND,HOU,663,0,0,home,IND,1,1,3,0.722,0.99,strict,0,0,0,0.722,"[-Inf,1)","[0.7,0.8)"
2024,401585385,2024-02-10,GS,PHX,775,0,0,home,GS,1,1,1,0.541,0.99,strict,0,0,0,0.541,"[-Inf,1)","[0.5,0.6)"
2024,401585387,2024-02-11,MIA,BOS,601,0,0,away,BOS,1,1,4,0.704,0.99,strict,0,0,0,0.704,"[-Inf,1)","[0.7,0.8)"
2024,401585409,2024-02-14,CLE,CHI,620,0,0,home,CLE,1,1,3,0.843,0.99,strict,0,0,0,0.843,"[-Inf,1)","[0.8,0.9)"
2024,401585410,2024-02-14,TOR,IND,713,0,0,away,IND,1,1,2,0.41700000000000004,0.99,strict,0,0,0,0.583,"[-Inf,1)","[0.5,0.6)"
2024,401585434,2024-02-23,HOU,PHX,786,0,0,home,HOU,1,1,4,0.416,0.99,strict,0,0,0,0.5840000000000001,"[-Inf,1)","[0.5,0.6)"
2024,401585456,2024-02-26,NY,DET,629,0,0,home,NY,1,1,2,0.79,0.99,strict,0,0,0,0.79,"[-Inf,1)","[0.7,0.8)"
2024,401585460,2024-02-27,CLE,DAL,611,0,0,home,CLE,1,1,2,0.726,0.99,strict,0,0,0,0.726,"[-Inf,1)","[0.7,0.8)"
2024,401585484,2024-02-29,LAL,WSH,711,0,0,home,LAL,1,1,3,0.768,0.99,strict,0,0,0,0.768,"[-Inf,1)","[0.7,0.8)"
2024,401585501,2024-03-03,MIN,LAC,593,0,0,away,LAC,1,1,1,0.365,0.99,strict,0,0,0,0.635,"[-Inf,1)","[0.6,0.7)"
2024,401585511,2024-03-04,SAC,CHI,683,0,0,away,CHI,1,1,4,0.345,0.99,strict,0,0,0,0.655,"[-Inf,1)","[0.6,0.7)"
2024,401585514,2024-03-05,CLE,BOS,615,0,0,home,CLE,1,1,1,0.222,0.99,strict,0,0,0,0.778,"[-Inf,1)","[0.7,0.8)"
2024,401585526,2024-03-06,UTAH,CHI,624,0,0,away,CHI,1,1,2,0.498,0.99,strict,0,0,0,0.502,"[-Inf,1)","[0.5,0.6)"
2024,401585531,2024-03-07,IND,MIN,702,0,0,away,MIN,1,1,2,0.569,0.99,strict,0,0,0,0.569,"[-Inf,1)","[0.5,0.6)"
2024,401585536,2024-03-07,SAC,SA,688,0,0,home,SAC,1,1,2,0.772,0.99,strict,0,0,0,0.772,"[-Inf,1)","[0.7,0.8)"
2024,401585543,2024-03-08,LAL,MIL,606,0,0,home,LAL,0.995,1,1,0.518,0.99,strict,-0.0050000000000000044,0,0.0050000000000000044,0.518,"[-Inf,1)","[0.5,0.6)"
2024,401585554,2024-03-10,MIA,WSH,642,0,0,away,WSH,1,1,2,0.14600000000000002,0.99,strict,0,0,0,0.854,"[-Inf,1)","[0.8,0.9)"
2024,401585565,2024-03-11,DEN,TOR,649,0,0,home,DEN,1,1,6,0.936,0.99,strict,0,0,0,0.936,"[-Inf,1)","[0.9,1]"
2024,401585570,2024-03-12,SA,HOU,679,0,0,away,HOU,1,1,2,0.657,0.99,strict,0,0,0,0.657,"[-Inf,1)","[0.6,0.7)"
2024,401585594,2024-03-15,UTAH,ATL,669,0,0,home,UTAH,1,1,2,0.618,0.99,strict,0,0,0,0.618,"[-Inf,1)","[0.6,0.7)"
2024,401585605,2024-03-17,DET,MIA,588,0,0,away,MIA,1,1,3,0.627,0.99,strict,0,0,0,0.627,"[-Inf,1)","[0.6,0.7)"
2024,401585606,2024-03-17,DAL,DEN,685,0,0,home,DAL,1,1,2,0.584,0.99,strict,0,0,0,0.584,"[-Inf,1)","[0.5,0.6)"
2024,401585614,2024-03-18,CHI,POR,705,0,0,home,CHI,1,1,3,0.715,0.99,strict,0,0,0,0.715,"[-Inf,1)","[0.7,0.8)"
2024,401585624,2024-03-20,CLE,MIA,614,0,0,away,MIA,1,1,3,0.31299999999999994,0.99,strict,0,0,0,0.687,"[-Inf,1)","[0.6,0.7)"
2024,401585643,2024-03-22,SA,MEM,714,0,0,away,MEM,1,1,2,0.351,0.99,strict,0,0,0,0.649,"[-Inf,1)","[0.6,0.7)"
2024,401585648,2024-03-23,ORL,SAC,654,0,0,away,SAC,1,1,2,0.362,0.99,strict,0,0,0,0.638,"[-Inf,1)","[0.6,0.7)"
2024,401585650,2024-03-23,WSH,TOR,715,0,0,home,WSH,1,1,3,0.686,0.99,strict,0,0,0,0.686,"[-Inf,1)","[0.6,0.7)"
2024,401585662,2024-03-25,ATL,BOS,631,0,0,home,ATL,1,1,2,0.096,0.99,strict,0,0,0,0.904,"[-Inf,1)","[0.9,1]"
2024,401585665,2024-03-25,CHI,WSH,713,0,0,away,WSH,1,1,2,0.17700000000000005,0.99,strict,0,0,0,0.823,"[-Inf,1)","[0.8,0.9)"
2024,401585667,2024-03-25,SA,PHX,611,0,0,home,SA,1,1,2,0.212,0.99,strict,0,0,0,0.788,"[-Inf,1)","[0.7,0.8)"
2024,401585680,2024-03-27,PHI,LAC,620,0,0,away,LAC,1,1,1,0.659,0.99,strict,0,0,0,0.659,"[-Inf,1)","[0.6,0.7)"
2024,401585688,2024-03-28,ATL,BOS,664,0,0,home,ATL,0.995,1,1,0.073,0.99,strict,-0.0050000000000000044,0,0.0050000000000000044,0.927,"[-Inf,1)","[0.9,1]"
2024,401585692,2024-03-29,ORL,LAC,641,0,0,away,LAC,1,1,3,0.52,0.99,strict,0,0,0,0.52,"[-Inf,1)","[0.5,0.6)"
2024,401585695,2024-03-29,CLE,PHI,696,0,0,home,CLE,0.998,1,3,0.751,0.99,strict,-0.0020000000000000018,0,0.0020000000000000018,0.751,"[-Inf,1)","[0.7,0.8)"
2024,401585700,2024-03-29,UTAH,HOU,653,0,0,away,HOU,1,1,1,0.667,0.99,strict,0,0,0,0.667,"[-Inf,1)","[0.6,0.7)"
2024,401585710,2024-03-31,NY,OKC,720,0,0,away,OKC,1,1,1,0.5880000000000001,0.99,strict,0,0,0,0.5880000000000001,"[-Inf,1)","[0.5,0.6)"
2024,401585716,2024-04-01,DET,MEM,637,0,0,away,MEM,0.999,1,2,0.43300000000000005,0.99,strict,-0.0010000000000000009,0,0.0010000000000000009,0.567,"[-Inf,1)","[0.5,0.6)"
2024,401585718,2024-04-01,ORL,POR,632,0,0,home,ORL,1,1,1,0.901,0.99,strict,0,0,0,0.901,"[-Inf,1)","[0.9,1]"
2024,401585730,2024-04-03,CHA,POR,620,0,0,away,POR,1,1,3,0.475,0.99,strict,0,0,0,0.525,"[-Inf,1)","[0.5,0.6)"
2024,401585742,2024-04-04,LAC,DEN,669,0,0,home,LAC,0.997,1,2,0.603,0.99,strict,-0.0030000000000000027,0,0.0030000000000000027,0.603,"[-Inf,1)","[0.6,0.7)"
2024,401585760,2024-04-07,LAC,CLE,672,0,0,home,LAC,0.997,1,2,0.667,0.99,strict,-0.0030000000000000027,0,0.0030000000000000027,0.667,"[-Inf,1)","[0.6,0.7)"
2024,401585761,2024-04-07,IND,MIA,678,0,0,home,IND,1,1,2,0.492,0.99,strict,0,0,0,0.508,"[-Inf,1)","[0.5,0.6)"
2024,401585763,2024-04-07,CHA,OKC,679,0,0,away,OKC,1,1,3,0.8280000000000001,0.99,strict,0,0,0,0.8280000000000001,"[-Inf,1)","[0.8,0.9)"
2024,401585787,2024-04-10,ATL,CHA,624,0,0,away,CHA,1,1,1,0.278,0.99,strict,0,0,0,0.722,"[-Inf,1)","[0.7,0.8)"
2024,401585788,2024-04-10,BKN,TOR,690,0,0,home,BKN,1,1,4,0.878,0.99,strict,0,0,0,0.878,"[-Inf,1)","[0.8,0.9)"
2024,401585800,2024-04-12,WSH,CHI,733,0,0,away,CHI,0.997,1,2,0.5800000000000001,0.99,strict,-0.0030000000000000027,0,0.0030000000000000027,0.5800000000000001,"[-Inf,1)","[0.5,0.6)"
2024,401585808,2024-04-12,SA,DEN,636,0,0,home,SA,1,1,1,0.368,0.99,strict,0,0,0,0.632,"[-Inf,1)","[0.6,0.7)"
2024,401585812,2024-04-12,LAC,UTAH,629,0,0,away,UTAH,1,1,1,0.128,0.99,strict,0,0,0,0.872,"[-Inf,1)","[0.8,0.9)"
2024,401585813,2024-04-12,SAC,PHX,629,0,0,away,PHX,1,1,1,0.5409999999999999,0.99,strict,0,0,0,0.5409999999999999,"[-Inf,1)","[0.5,0.6)"
2024,401585818,2024-04-14,NY,CHI,691,0,0,home,NY,1,1,1,0.727,0.99,strict,0,0,0,0.727,"[-Inf,1)","[0.7,0.8)"
2024,401607490,2023-12-05,LAL,PHX,687,0,0,home,LAL,1,1,3,0.502,0.99,strict,0,0,0,0.502,"[-Inf,1)","[0.5,0.6)"
2024,401616463,2023-12-06,ATL,BKN,693,0,0,away,BKN,1,1,1,0.45999999999999996,0.99,strict,0,0,0,0.54,"[-Inf,1)","[0.5,0.6)"
2024,401616470,2023-12-08,CHA,TOR,640,0,0,home,CHA,0.998,1,3,0.378,0.99,strict,-0.0020000000000000018,0,0.0020000000000000018,0.622,"[-Inf,1)","[0.6,0.7)"
