season,game_id,game_date,home_team_abbr,away_team_abbr,n_published_updates,n_regulation_updates,has_regulation_clock,fixed_clock_included
2018,400975974,2018-04-11,LAC,LAL,453,453,TRUE,TRUE
2018,400975975,2018-04-11,POR,UTAH,475,475,TRUE,TRUE
2018,400975976,2018-04-11,SAC,HOU,419,419,TRUE,TRUE
2018,400975965,2018-04-11,BOS,BKN,462,462,TRUE,TRUE
2018,400975966,2018-04-11,CLE,NY,448,448,TRUE,TRUE
2018,400975967,2018-04-11,MIA,TOR,502,445,TRUE,TRUE
2018,400975968,2018-04-11,ORL,WSH,492,492,TRUE,TRUE
2018,400975969,2018-04-11,PHI,MIL,475,475,TRUE,TRUE
2018,400975970,2018-04-11,CHI,DET,428,428,TRUE,TRUE
2018,400975971,2018-04-11,MIN,DEN,484,430,TRUE,TRUE
2018,400975972,2018-04-11,NO,SA,462,462,TRUE,TRUE
2018,400975973,2018-04-11,OKC,MEM,474,474,TRUE,TRUE
2018,400975964,2018-04-10,LAL,HOU,455,455,TRUE,TRUE
2018,400975963,2018-04-10,UTAH,GS,443,443,TRUE,TRUE
2018,400975962,2018-04-10,DAL,PHX,418,418,TRUE,TRUE
2018,400975961,2018-04-10,WSH,BOS,475,475,TRUE,TRUE
2018,400975960,2018-04-10,ATL,PHI,534,534,TRUE,TRUE
2018,400975959,2018-04-10,IND,CHA,429,429,TRUE,TRUE
2018,400975958,2018-04-09,LAC,NO,475,475,TRUE,TRUE
2018,400975957,2018-04-09,DEN,POR,504,504,TRUE,TRUE
2018,400975956,2018-04-09,SA,SAC,448,448,TRUE,TRUE
2018,400975954,2018-04-09,MIL,ORL,460,460,TRUE,TRUE
2018,400975955,2018-04-09,MIN,MEM,466,466,TRUE,TRUE
2018,400975951,2018-04-09,BKN,CHI,421,421,TRUE,TRUE
2018,400975952,2018-04-09,MIA,OKC,475,475,TRUE,TRUE
2018,400975953,2018-04-09,NY,CLE,438,438,TRUE,TRUE
2018,400975950,2018-04-09,DET,TOR,383,383,TRUE,TRUE
2018,400975949,2018-04-08,PHX,GS,435,435,TRUE,TRUE
2018,400975946,2018-04-08,TOR,ORL,439,439,TRUE,TRUE
2018,400975947,2018-04-08,LAL,UTAH,481,481,TRUE,TRUE
2018,400975945,2018-04-08,MEM,DET,451,451,TRUE,TRUE
2018,400975943,2018-04-08,CHA,IND,446,446,TRUE,TRUE
2018,400975944,2018-04-08,PHI,DAL,442,442,TRUE,TRUE
2018,400975948,2018-04-08,BOS,ATL,435,435,TRUE,TRUE
2018,400975942,2018-04-07,SA,POR,427,427,TRUE,TRUE
2018,400975940,2018-04-07,HOU,OKC,472,472,TRUE,TRUE
2018,400975941,2018-04-07,GS,NO,433,433,TRUE,TRUE
2018,400975939,2018-04-07,CHI,BKN,441,441,TRUE,TRUE
2018,400975938,2018-04-07,NY,MIL,424,424,TRUE,TRUE
2018,400975937,2018-04-07,LAC,DEN,464,464,TRUE,TRUE
2018,400975936,2018-04-06,LAL,MIN,490,490,TRUE,TRUE
2018,400975935,2018-04-06,PHX,NO,501,501,TRUE,TRUE
2018,400975934,2018-04-06,MEM,SAC,441,441,TRUE,TRUE
2018,400975931,2018-04-06,BOS,CHI,443,443,TRUE,TRUE
2018,400975932,2018-04-06,NY,MIA,455,455,TRUE,TRUE
2018,400975933,2018-04-06,TOR,IND,456,456,TRUE,TRUE
2018,400975927,2018-04-06,DET,DAL,462,411,TRUE,TRUE
2018,400975928,2018-04-06,ORL,CHA,423,423,TRUE,TRUE
2018,400975929,2018-04-06,PHI,CLE,506,506,TRUE,TRUE
2018,400975930,2018-04-06,WSH,ATL,461,461,TRUE,TRUE
2018,400975926,2018-04-05,DEN,MIN,460,460,TRUE,TRUE
2018,400975925,2018-04-05,UTAH,LAC,466,466,TRUE,TRUE
2018,400975922,2018-04-05,CLE,WSH,437,437,TRUE,TRUE
2018,400975923,2018-04-05,HOU,POR,444,444,TRUE,TRUE
2018,400975924,2018-04-05,MIL,BKN,454,454,TRUE,TRUE
2018,400975921,2018-04-05,IND,GS,448,448,TRUE,TRUE
2018,400975920,2018-04-04,LAL,SA,476,424,TRUE,TRUE
2018,400975917,2018-04-04,TOR,BOS,452,452,TRUE,TRUE
2018,400975919,2018-04-04,NO,MEM,469,469,TRUE,TRUE
2018,400975918,2018-04-04,ATL,MIA,471,471,TRUE,TRUE
2018,400975915,2018-04-04,DET,PHI,470,470,TRUE,TRUE
2018,400975916,2018-04-04,ORL,DAL,454,454,TRUE,TRUE
2018,400975914,2018-04-03,LAC,SA,504,504,TRUE,TRUE
2018,400975913,2018-04-03,PHX,SAC,472,472,TRUE,TRUE
2018,400975911,2018-04-03,DEN,IND,460,460,TRUE,TRUE
2018,400975912,2018-04-03,UTAH,LAL,471,471,TRUE,TRUE
2018,400975910,2018-04-03,DAL,POR,448,448,TRUE,TRUE
2018,400975906,2018-04-03,CHI,CHA,458,458,TRUE,TRUE
2018,400975907,2018-04-03,HOU,WSH,424,424,TRUE,TRUE
2018,400975908,2018-04-03,MIL,BOS,451,451,TRUE,TRUE
2018,400975909,2018-04-03,OKC,GS,504,504,TRUE,TRUE
2018,400975904,2018-04-03,MIA,ATL,463,463,TRUE,TRUE
2018,400975905,2018-04-03,NY,ORL,428,428,TRUE,TRUE
2018,400975902,2018-04-03,CLE,TOR,449,449,TRUE,TRUE
2018,400975903,2018-04-03,PHI,BKN,470,470,TRUE,TRUE
2018,400975901,2018-04-01,LAL,SAC,459,459,TRUE,TRUE
2018,400975900,2018-04-01,POR,MEM,447,447,TRUE,TRUE
2018,400975899,2018-04-01,GS,PHX,420,420,TRUE,TRUE
2018,400975898,2018-04-01,DEN,MIL,589,508,TRUE,TRUE
2018,400975897,2018-04-01,MIN,UTAH,429,429,TRUE,TRUE
2018,400975893,2018-04-01,ATL,ORL,419,419,TRUE,TRUE
2018,400975894,2018-04-01,BKN,DET,470,470,TRUE,TRUE
2018,400975895,2018-04-01,CLE,DAL,435,435,TRUE,TRUE
2018,400975896,2018-04-01,NO,OKC,485,485,TRUE,TRUE
2018,400975890,2018-04-01,CHI,WSH,409,409,TRUE,TRUE
2018,400975891,2018-04-01,SA,HOU,453,453,TRUE,TRUE
2018,400975892,2018-04-01,LAC,IND,415,415,TRUE,TRUE
2018,400975889,2018-04-01,CHA,PHI,463,463,TRUE,TRUE
2018,400975888,2018-03-31,SAC,GS,466,466,TRUE,TRUE
2018,400975887,2018-03-31,MIA,BKN,522,468,TRUE,TRUE
2018,400975886,2018-03-31,BOS,TOR,466,466,TRUE,TRUE
2018,400975885,2018-03-31,NY,DET,428,428,TRUE,TRUE
2018,400975884,2018-03-31,WSH,CHA,439,439,TRUE,TRUE
2018,400975882,2018-03-30,LAL,MIL,502,444,TRUE,TRUE
2018,400975883,2018-03-30,POR,LAC,492,492,TRUE,TRUE
2018,400975881,2018-03-30,UTAH,MEM,434,434,TRUE,TRUE
2018,400975880,2018-03-30,DAL,MIN,407,407,TRUE,TRUE
2018,400975877,2018-03-30,CLE,NO,418,418,TRUE,TRUE
2018,400975878,2018-03-30,HOU,PHX,441,441,TRUE,TRUE
2018,400975879,2018-03-30,OKC,DEN,537,468,TRUE,TRUE
2018,400975876,2018-03-30,ATL,PHI,497,497,TRUE,TRUE
2018,400975875,2018-03-30,ORL,CHI,466,466,TRUE,TRUE
2018,400975874,2018-03-29,GS,MIL,399,399,TRUE,TRUE
2018,400975873,2018-03-29,SAC,IND,403,403,TRUE,TRUE
2018,400975872,2018-03-29,SA,OKC,476,476,TRUE,TRUE
2018,400975871,2018-03-29,MIA,CHI,482,482,TRUE,TRUE
2018,400975870,2018-03-29,DET,WSH,440,440,TRUE,TRUE
2018,400975869,2018-03-28,LAL,DAL,442,442,TRUE,TRUE
2018,400975868,2018-03-28,PHX,LAC,447,447,TRUE,TRUE
2018,400975867,2018-03-28,UTAH,BOS,446,446,TRUE,TRUE
2018,400975865,2018-03-28,MEM,POR,461,461,TRUE,TRUE
2018,400975866,2018-03-28,MIN,ATL,441,441,TRUE,TRUE
2018,400975862,2018-03-28,CHA,CLE,425,425,TRUE,TRUE
2018,400975863,2018-03-28,ORL,BKN,446,446,TRUE,TRUE
2018,400975864,2018-03-28,PHI,NY,515,515,TRUE,TRUE
2018,400975860,2018-03-27,GS,IND,425,425,TRUE,TRUE
2018,400975861,2018-03-27,LAC,MIL,448,448,TRUE,TRUE
2018,400975859,2018-03-27,SAC,DAL,445,445,TRUE,TRUE
2018,400975856,2018-03-27,MIA,CLE,452,452,TRUE,TRUE
2018,400975857,2018-03-27,HOU,CHI,452,452,TRUE,TRUE
2018,400975858,2018-03-27,NO,POR,470,470,TRUE,TRUE
2018,400975855,2018-03-27,TOR,DEN,422,422,TRUE,TRUE
2018,400975854,2018-03-27,WSH,SA,460,460,TRUE,TRUE
2018,400975853,2018-03-26,PHX,BOS,450,450,TRUE,TRUE
2018,400975852,2018-03-26,MIN,MEM,433,433,TRUE,TRUE
2018,400975849,2018-03-26,CHA,NY,461,425,TRUE,TRUE
2018,400975850,2018-03-26,DET,LAL,475,475,TRUE,TRUE
2018,400975851,2018-03-26,PHI,DEN,519,519,TRUE,TRUE
2018,400975848,2018-03-25,GS,UTAH,439,439,TRUE,TRUE
2018,400975847,2018-03-25,HOU,ATL,415,415,TRUE,TRUE
2018,400975846,2018-03-25,OKC,POR,459,459,TRUE,TRUE
2018,400975843,2018-03-25,TOR,LAC,467,467,TRUE,TRUE
2018,400975844,2018-03-25,WSH,NY,443,443,TRUE,TRUE
2018,400975845,2018-03-25,SAC,BOS,381,381,TRUE,TRUE
2018,400975842,2018-03-25,IND,MIA,471,424,TRUE,TRUE
2018,400975841,2018-03-25,MIL,SA,452,452,TRUE,TRUE
2018,400975840,2018-03-25,BKN,CLE,453,453,TRUE,TRUE
2018,400975839,2018-03-24,DAL,CHA,482,482,TRUE,TRUE
2018,400975837,2018-03-24,HOU,NO,445,445,TRUE,TRUE
2018,400975838,2018-03-24,MEM,LAL,458,458,TRUE,TRUE
2018,400975835,2018-03-24,DET,CHI,442,442,TRUE,TRUE
2018,400975836,2018-03-24,ORL,PHX,482,482,TRUE,TRUE
2018,400975834,2018-03-24,PHI,MIN,546,546,TRUE,TRUE
2018,400975833,2018-03-23,GS,ATL,454,454,TRUE,TRUE
2018,400975832,2018-03-23,POR,BOS,440,440,TRUE,TRUE
2018,400975831,2018-03-23,SA,UTAH,517,455,TRUE,TRUE
2018,400975829,2018-03-23,CHI,MIL,440,440,TRUE,TRUE
2018,400975830,2018-03-23,OKC,MIA,479,479,TRUE,TRUE
2018,400975826,2018-03-23,CLE,PHX,479,479,TRUE,TRUE
2018,400975827,2018-03-23,NY,MIN,443,443,TRUE,TRUE
2018,400975828,2018-03-23,TOR,BKN,485,485,TRUE,TRUE
2018,400975824,2018-03-23,IND,LAC,424,424,TRUE,TRUE
2018,400975825,2018-03-23,WSH,DEN,431,431,TRUE,TRUE
2018,400975823,2018-03-22,SAC,ATL,438,438,TRUE,TRUE
2018,400975822,2018-03-22,DAL,UTAH,426,426,TRUE,TRUE
2018,400975820,2018-03-22,HOU,DET,518,462,TRUE,TRUE
2018,400975821,2018-03-22,NO,LAL,459,459,TRUE,TRUE
2018,400975818,2018-03-22,CHA,MEM,447,447,TRUE,TRUE
2018,400975819,2018-03-22,ORL,PHI,473,473,TRUE,TRUE
2018,400975817,2018-03-21,SA,WSH,423,423,TRUE,TRUE
2018,400975815,2018-03-21,CHI,DEN,420,420,TRUE,TRUE
2018,400975816,2018-03-21,MIL,LAC,458,458,TRUE,TRUE
2018,401019650,2018-03-21,NO,IND,454,454,TRUE,TRUE
2018,400975813,2018-03-21,BKN,CHA,546,546,TRUE,TRUE
2018,400975814,2018-03-21,MIA,NY,401,401,TRUE,TRUE
2018,400975811,2018-03-21,CLE,TOR,426,426,TRUE,TRUE
2018,400975812,2018-03-21,PHI,MEM,469,469,TRUE,TRUE
2018,400975810,2018-03-20,POR,HOU,437,437,TRUE,TRUE
2018,400975809,2018-03-20,PHX,DET,476,476,TRUE,TRUE
2018,400975808,2018-03-20,UTAH,ATL,499,499,TRUE,TRUE
2018,400975805,2018-03-20,BOS,OKC,471,471,TRUE,TRUE
2018,400975806,2018-03-20,MIN,LAC,464,464,TRUE,TRUE
2018,400975807,2018-03-20,NO,DAL,418,418,TRUE,TRUE
2018,400975804,2018-03-20,ORL,TOR,413,413,TRUE,TRUE
2018,400975803,2018-03-19,SAC,DET,409,409,TRUE,TRUE
2018,400975802,2018-03-19,SA,GS,452,452,TRUE,TRUE
2018,400975799,2018-03-19,BKN,MEM,500,500,TRUE,TRUE
2018,400975800,2018-03-19,MIA,DEN,493,458,TRUE,TRUE
2018,400975801,2018-03-19,NY,CHI,487,487,TRUE,TRUE
2018,400975796,2018-03-19,CLE,MIL,456,456,TRUE,TRUE
2018,400975797,2018-03-19,IND,LAL,430,430,TRUE,TRUE
2018,400975798,2018-03-19,PHI,CHA,463,463,TRUE,TRUE
2018,400975795,2018-03-18,LAC,POR,469,469,TRUE,TRUE
2018,400975794,2018-03-18,MIN,HOU,462,462,TRUE,TRUE
2018,400975793,2018-03-18,NO,BOS,460,460,TRUE,TRUE
2018,400975792,2018-03-18,TOR,OKC,476,476,TRUE,TRUE
2018,400975790,2018-03-17,PHX,GS,464,464,TRUE,TRUE
2018,400975791,2018-03-17,POR,DET,439,439,TRUE,TRUE
2018,400975789,2018-03-17,UTAH,SAC,464,464,TRUE,TRUE
2018,400975788,2018-03-17,SA,MIN,436,436,TRUE,TRUE
2018,400975785,2018-03-17,CHI,CLE,439,439,TRUE,TRUE
2018,400975786,2018-03-17,MEM,DEN,487,487,TRUE,TRUE
2018,400975783,2018-03-17,BKN,DAL,434,434,TRUE,TRUE
2018,400975784,2018-03-17,NY,CHA,469,469,TRUE,TRUE
2018,400975781,2018-03-17,WSH,IND,415,415,TRUE,TRUE
2018,400975782,2018-03-17,NO,HOU,435,435,TRUE,TRUE
2018,400975787,2018-03-17,MIL,ATL,482,482,TRUE,TRUE
2018,400975779,2018-03-16,GS,SAC,436,436,TRUE,TRUE
2018,400975780,2018-03-16,LAL,MIA,450,450,TRUE,TRUE
2018,400975778,2018-03-16,OKC,LAC,460,460,TRUE,TRUE
2018,400975777,2018-03-16,TOR,DAL,488,425,TRUE,TRUE
2018,400975775,2018-03-16,ORL,BOS,471,471,TRUE,TRUE
2018,400975776,2018-03-16,PHI,BKN,509,509,TRUE,TRUE
2018,400975774,2018-03-15,POR,CLE,448,448,TRUE,TRUE
2018,400975772,2018-03-15,DEN,DET,452,452,TRUE,TRUE
2018,400975773,2018-03-15,UTAH,PHX,521,521,TRUE,TRUE
2018,400975771,2018-03-15,SA,NO,486,486,TRUE,TRUE
2018,400975769,2018-03-15,HOU,LAC,453,453,TRUE,TRUE
2018,400975770,2018-03-15,MEM,CHI,463,463,TRUE,TRUE
2018,400975767,2018-03-15,ATL,CHA,484,484,TRUE,TRUE
2018,400975768,2018-03-15,NY,PHI,499,499,TRUE,TRUE
2018,400975766,2018-03-15,IND,TOR,476,476,TRUE,TRUE
2018,400975765,2018-03-14,GS,LAL,480,480,TRUE,TRUE
2018,400975764,2018-03-14,SAC,MIA,509,445,TRUE,TRUE
2018,400975763,2018-03-14,BOS,WSH,545,437,TRUE,TRUE
2018,400975762,2018-03-14,ORL,MIL,452,452,TRUE,TRUE
2018,400975761,2018-03-13,LAL,DEN,481,481,TRUE,TRUE
2018,400975760,2018-03-13,PHX,CLE,506,506,TRUE,TRUE
2018,400975759,2018-03-13,UTAH,DET,449,449,TRUE,TRUE
2018,400975758,2018-03-13,SA,ORL,427,427,TRUE,TRUE
2018,400975756,2018-03-13,CHI,LAC,471,471,TRUE,TRUE
2018,400975757,2018-03-13,NO,CHA,452,452,TRUE,TRUE
2018,400975753,2018-03-13,ATL,OKC,476,476,TRUE,TRUE
2018,400975754,2018-03-13,BKN,TOR,451,451,TRUE,TRUE
2018,400975755,2018-03-13,NY,DAL,432,432,TRUE,TRUE
2018,400975751,2018-03-13,PHI,IND,492,492,TRUE,TRUE
2018,400975752,2018-03-13,WSH,MIN,431,431,TRUE,TRUE
2018,400975750,2018-03-12,POR,MIA,456,456,TRUE,TRUE
2018,400975747,2018-03-12,HOU,SA,460,460,TRUE,TRUE
2018,400975748,2018-03-12,MEM,MIL,455,455,TRUE,TRUE
2018,400975749,2018-03-12,OKC,SAC,438,438,TRUE,TRUE
2018,400975746,2018-03-11,LAL,CLE,462,462,TRUE,TRUE
2018,400975744,2018-03-11,BOS,IND,428,428,TRUE,TRUE
2018,400975745,2018-03-11,BKN,PHI,478,478,TRUE,TRUE
2018,400975743,2018-03-11,DAL,HOU,453,453,TRUE,TRUE
2018,400975742,2018-03-11,DEN,SAC,438,438,TRUE,TRUE
2018,400975741,2018-03-11,NO,UTAH,484,484,TRUE,TRUE
2018,400975739,2018-03-11,ATL,CHI,447,447,TRUE,TRUE
2018,400975740,2018-03-11,MIN,GS,456,456,TRUE,TRUE
2018,400975738,2018-03-11,NY,TOR,455,455,TRUE,TRUE
2018,400975737,2018-03-10,LAC,ORL,444,444,TRUE,TRUE
2018,400975735,2018-03-10,DAL,MEM,458,458,TRUE,TRUE
2018,400975736,2018-03-10,OKC,SA,447,447,TRUE,TRUE
2018,400975734,2018-03-10,MIA,WSH,445,445,TRUE,TRUE
2018,400975733,2018-03-10,CHA,PHX,453,453,TRUE,TRUE
2018,400975732,2018-03-09,LAC,CLE,478,478,TRUE,TRUE
2018,400975730,2018-03-09,POR,GS,456,456,TRUE,TRUE
2018,400975731,2018-03-09,SAC,ORL,424,424,TRUE,TRUE
2018,400975729,2018-03-09,DEN,LAL,450,450,TRUE,TRUE
2018,400975726,2018-03-09,MEM,UTAH,458,458,TRUE,TRUE
2018,400975727,2018-03-09,MIL,NY,458,458,TRUE,TRUE
2018,400975728,2018-03-09,NO,WSH,432,432,TRUE,TRUE
2018,400975725,2018-03-09,TOR,HOU,435,435,TRUE,TRUE
2018,400975723,2018-03-09,DET,CHI,438,438,TRUE,TRUE
2018,400975724,2018-03-09,IND,ATL,424,424,TRUE,TRUE
2018,400975722,2018-03-08,GS,SA,482,482,TRUE,TRUE
2018,400975720,2018-03-08,MIN,BOS,454,454,TRUE,TRUE
2018,400975721,2018-03-08,OKC,PHX,471,471,TRUE,TRUE
2018,400975719,2018-03-08,MIA,PHI,476,476,TRUE,TRUE
2018,400975718,2018-03-08,CHA,BKN,467,467,TRUE,TRUE
2018,400975716,2018-03-07,DEN,CLE,451,451,TRUE,TRUE
2018,400975717,2018-03-07,LAL,ORL,436,436,TRUE,TRUE
2018,400975715,2018-03-07,SAC,NO,421,421,TRUE,TRUE
2018,400975712,2018-03-07,DET,TOR,496,444,TRUE,TRUE
2018,400975713,2018-03-07,CHI,MEM,468,468,TRUE,TRUE
2018,400975714,2018-03-07,MIL,HOU,456,456,TRUE,TRUE
2018,400975711,2018-03-07,IND,UTAH,443,443,TRUE,TRUE
2018,400975709,2018-03-06,GS,BKN,437,437,TRUE,TRUE
2018,400975710,2018-03-06,LAC,NO,491,491,TRUE,TRUE
2018,400975708,2018-03-06,POR,NY,437,437,TRUE,TRUE
2018,400975707,2018-03-06,DAL,DEN,484,484,TRUE,TRUE
2018,400975706,2018-03-06,OKC,HOU,460,460,TRUE,TRUE
2018,400975703,2018-03-06,CHA,PHI,442,442,TRUE,TRUE
2018,400975704,2018-03-06,TOR,ATL,499,499,TRUE,TRUE
2018,400975705,2018-03-06,WSH,MIA,495,415,TRUE,TRUE
2018,400975702,2018-03-05,LAL,POR,499,499,TRUE,TRUE
2018,400975701,2018-03-05,UTAH,ORL,432,432,TRUE,TRUE
2018,400975700,2018-03-05,SA,MEM,431,431,TRUE,TRUE
2018,400975699,2018-03-05,CHI,BOS,421,421,TRUE,TRUE
2018,400975698,2018-03-05,MIA,PHX,451,451,TRUE,TRUE
2018,400975696,2018-03-05,CLE,DET,443,443,TRUE,TRUE
2018,400975697,2018-03-05,IND,MIL,417,417,TRUE,TRUE
2018,400975694,2018-03-04,LAC,BKN,467,467,TRUE,TRUE
2018,400975695,2018-03-04,SAC,NY,429,429,TRUE,TRUE
2018,400975693,2018-03-04,MIL,PHI,473,473,TRUE,TRUE
2018,400975692,2018-03-04,DAL,NO,475,475,TRUE,TRUE
2018,400975690,2018-03-04,TOR,CHA,491,491,TRUE,TRUE
2018,400975691,2018-03-04,WSH,IND,433,433,TRUE,TRUE
2018,400975689,2018-03-04,ATL,PHX,466,466,TRUE,TRUE
2018,400975687,2018-03-03,POR,OKC,486,486,TRUE,TRUE
2018,400975688,2018-03-03,SAC,UTAH,464,464,TRUE,TRUE
2018,400975686,2018-03-03,SA,LAL,517,517,TRUE,TRUE
2018,400975685,2018-03-03,HOU,BOS,487,487,TRUE,TRUE
2018,400975683,2018-03-03,CLE,DEN,416,416,TRUE,TRUE
2018,400975684,2018-03-03,MIA,DET,484,484,TRUE,TRUE
2018,400975682,2018-03-03,ORL,MEM,484,484,TRUE,TRUE
2018,400975680,2018-03-02,UTAH,MIN,460,460,TRUE,TRUE
2018,400975681,2018-03-02,LAC,NY,452,452,TRUE,TRUE
2018,400975679,2018-03-02,PHX,OKC,496,496,TRUE,TRUE
2018,400975675,2018-03-02,WSH,TOR,449,449,TRUE,TRUE
2018,400975676,2018-03-02,CHI,DAL,452,452,TRUE,TRUE
2018,400975677,2018-03-02,MEM,DEN,457,457,TRUE,TRUE
2018,400975678,2018-03-02,MIL,IND,480,480,TRUE,TRUE
2018,400975674,2018-03-02,ATL,GS,467,467,TRUE,TRUE
2018,400975672,2018-03-02,ORL,DET,486,420,TRUE,TRUE
2018,400975673,2018-03-02,PHI,CHA,473,473,TRUE,TRUE
2018,400975671,2018-03-01,POR,MIN,478,478,TRUE,TRUE
2018,400975669,2018-03-01,CLE,PHI,489,489,TRUE,TRUE
2018,400975668,2018-03-01,MIA,LAL,441,441,TRUE,TRUE
2018,400975667,2018-02-28,LAC,HOU,451,451,TRUE,TRUE
2018,400975665,2018-02-28,DAL,OKC,487,436,TRUE,TRUE
2018,400975666,2018-02-28,SA,NO,465,465,TRUE,TRUE
2018,400975663,2018-02-28,WSH,GS,459,459,TRUE,TRUE
2018,400975664,2018-02-28,MEM,PHX,514,514,TRUE,TRUE
2018,400975661,2018-02-28,ATL,IND,501,501,TRUE,TRUE
2018,400975662,2018-02-28,BOS,CHA,420,420,TRUE,TRUE
2018,400975659,2018-02-28,DET,MIL,450,450,TRUE,TRUE
2018,400975660,2018-02-28,ORL,TOR,445,445,TRUE,TRUE
2018,400975658,2018-02-27,DEN,LAC,512,512,TRUE,TRUE
2018,400975657,2018-02-27,POR,SAC,417,417,TRUE,TRUE
2018,400975656,2018-02-27,MIL,WSH,455,455,TRUE,TRUE
2018,400975655,2018-02-27,MIA,PHI,485,485,TRUE,TRUE
2018,400975653,2018-02-27,CHA,CHI,440,440,TRUE,TRUE
2018,400975654,2018-02-27,CLE,BKN,490,490,TRUE,TRUE
2018,400975652,2018-02-26,SAC,MIN,415,415,TRUE,TRUE
2018,400975651,2018-02-26,UTAH,HOU,450,450,TRUE,TRUE
2018,400975650,2018-02-26,DAL,IND,455,455,TRUE,TRUE
2018,400975648,2018-02-26,NO,PHX,531,531,TRUE,TRUE
2018,400975649,2018-02-26,OKC,ORL,443,443,TRUE,TRUE
2018,400975643,2018-02-26,ATL,LAL,505,505,TRUE,TRUE
2018,400975644,2018-02-26,BOS,MEM,473,473,TRUE,TRUE
2018,400975645,2018-02-26,BKN,CHI,459,459,TRUE,TRUE
2018,400975646,2018-02-26,NY,GS,439,439,TRUE,TRUE
2018,400975647,2018-02-26,TOR,DET,457,457,TRUE,TRUE
2018,400975641,2018-02-25,WSH,PHI,460,460,TRUE,TRUE
2018,400975642,2018-02-25,DEN,HOU,475,475,TRUE,TRUE
2018,400975640,2018-02-25,CLE,SA,470,470,TRUE,TRUE
2018,400975639,2018-02-25,MIL,NO,511,469,TRUE,TRUE
2018,400975638,2018-02-25,CHA,DET,454,454,TRUE,TRUE
2018,400975637,2018-02-24,SAC,LAL,468,468,TRUE,TRUE
2018,400975634,2018-02-24,MIN,CHI,469,469,TRUE,TRUE
2018,400975635,2018-02-24,PHX,POR,501,501,TRUE,TRUE
2018,400975636,2018-02-24,UTAH,DAL,462,462,TRUE,TRUE
2018,400975633,2018-02-24,GS,OKC,470,470,TRUE,TRUE
2018,400975631,2018-02-24,MIA,MEM,456,456,TRUE,TRUE
2018,400975632,2018-02-24,NY,BOS,480,480,TRUE,TRUE
2018,400975630,2018-02-24,PHI,ORL,433,433,TRUE,TRUE
2018,400975629,2018-02-23,LAL,DAL,463,463,TRUE,TRUE
2018,400975626,2018-02-23,DEN,SA,502,502,TRUE,TRUE
2018,400975627,2018-02-23,PHX,LAC,517,517,TRUE,TRUE
2018,400975628,2018-02-23,UTAH,POR,432,432,TRUE,TRUE
2018,400975623,2018-02-23,HOU,MIN,452,452,TRUE,TRUE
2018,400975624,2018-02-23,MEM,CLE,259,259,TRUE,TRUE
2018,400975625,2018-02-23,NO,MIA,560,504,TRUE,TRUE
2018,400975622,2018-02-23,TOR,MIL,493,449,TRUE,TRUE
2018,400975619,2018-02-23,DET,BOS,445,445,TRUE,TRUE
2018,400975620,2018-02-23,IND,ATL,481,481,TRUE,TRUE
2018,400975621,2018-02-23,WSH,CHA,424,424,TRUE,TRUE
2018,400975618,2018-02-22,GS,LAC,465,465,TRUE,TRUE
2018,400975615,2018-02-22,CLE,WSH,431,431,TRUE,TRUE
2018,400975616,2018-02-22,CHI,PHI,487,487,TRUE,TRUE
2018,400975613,2018-02-22,CHA,BKN,454,454,TRUE,TRUE
2018,400975614,2018-02-22,ORL,NY,440,440,TRUE,TRUE
2018,400975612,2018-02-15,MIN,LAL,484,484,TRUE,TRUE
2018,400975611,2018-02-15,MIL,DEN,462,462,TRUE,TRUE
2018,400975610,2018-02-14,POR,GS,469,469,TRUE,TRUE
2018,400975609,2018-02-14,UTAH,PHX,460,460,TRUE,TRUE
2018,400975604,2018-02-14,BOS,LAC,473,473,TRUE,TRUE
2018,400975605,2018-02-14,CHI,TOR,433,433,TRUE,TRUE
2018,400975606,2018-02-14,HOU,SAC,433,433,TRUE,TRUE
2018,400975607,2018-02-14,MEM,OKC,459,459,TRUE,TRUE
2018,400975608,2018-02-14,NO,LAL,483,483,TRUE,TRUE
2018,400975602,2018-02-14,BKN,IND,481,481,TRUE,TRUE
2018,400975603,2018-02-14,NY,WSH,433,433,TRUE,TRUE
2018,400975599,2018-02-14,DET,ATL,468,468,TRUE,TRUE
2018,400975600,2018-02-14,ORL,CHA,450,450,TRUE,TRUE
2018,400975601,2018-02-14,PHI,MIA,501,501,TRUE,TRUE
2018,400975598,2018-02-13,DEN,SA,467,467,TRUE,TRUE
2018,400975597,2018-02-13,DAL,SAC,412,412,TRUE,TRUE
2018,400975594,2018-02-13,MIL,ATL,454,454,TRUE,TRUE
2018,400975595,2018-02-13,MIN,HOU,436,436,TRUE,TRUE
2018,400975596,2018-02-13,OKC,CLE,474,474,TRUE,TRUE
2018,400975593,2018-02-13,TOR,MIA,448,448,TRUE,TRUE
2018,400975592,2018-02-12,GS,PHX,480,480,TRUE,TRUE
2018,400975591,2018-02-12,UTAH,SA,486,486,TRUE,TRUE
2018,400975590,2018-02-12,CHI,ORL,432,432,TRUE,TRUE
2018,400975589,2018-02-12,BKN,LAC,430,430,TRUE,TRUE
2018,400975587,2018-02-12,DET,NO,517,517,TRUE,TRUE
2018,400975588,2018-02-12,PHI,NY,459,459,TRUE,TRUE
2018,400975586,2018-02-11,POR,UTAH,455,455,TRUE,TRUE
2018,400975583,2018-02-11,HOU,DAL,467,467,TRUE,TRUE
2018,400975584,2018-02-11,MIN,SAC,448,448,TRUE,TRUE
2018,400975585,2018-02-11,OKC,MEM,491,491,TRUE,TRUE
2018,400975582,2018-02-11,IND,NY,481,481,TRUE,TRUE
2018,400975580,2018-02-11,ATL,DET,499,499,TRUE,TRUE
2018,400975581,2018-02-11,BOS,CLE,445,445,TRUE,TRUE
2018,400975579,2018-02-11,CHA,TOR,425,425,TRUE,TRUE
2018,400975578,2018-02-10,PHX,DEN,457,457,TRUE,TRUE
2018,400975576,2018-02-10,DAL,LAL,453,453,TRUE,TRUE
2018,400975577,2018-02-10,GS,SA,437,437,TRUE,TRUE
2018,400975575,2018-02-10,CHI,WSH,411,411,TRUE,TRUE
2018,400975573,2018-02-10,ORL,MIL,427,427,TRUE,TRUE
2018,400975574,2018-02-10,PHI,LAC,464,464,TRUE,TRUE
2018,400975572,2018-02-10,BKN,NO,586,479,TRUE,TRUE
2018,400975571,2018-02-09,SAC,POR,446,446,TRUE,TRUE
2018,400975568,2018-02-09,CHI,MIN,460,460,TRUE,TRUE
2018,400975570,2018-02-09,UTAH,CHA,432,432,TRUE,TRUE
2018,400975567,2018-02-09,MIA,MIL,452,452,TRUE,TRUE
2018,400975569,2018-02-09,HOU,DEN,446,446,TRUE,TRUE
2018,400975565,2018-02-09,ATL,CLE,439,439,TRUE,TRUE
2018,400975566,2018-02-09,BOS,IND,471,471,TRUE,TRUE
2018,400975563,2018-02-09,DET,LAC,429,429,TRUE,TRUE
2018,400975564,2018-02-09,PHI,NO,459,459,TRUE,TRUE
2018,400975561,2018-02-08,GS,DAL,457,457,TRUE,TRUE
2018,400975562,2018-02-08,LAL,OKC,461,461,TRUE,TRUE
2018,400975560,2018-02-08,POR,CHA,477,423,TRUE,TRUE
2018,400975559,2018-02-08,WSH,BOS,507,442,TRUE,TRUE
2018,400975558,2018-02-08,TOR,NY,431,431,TRUE,TRUE
2018,400975557,2018-02-08,ORL,ATL,471,471,TRUE,TRUE
2018,400975556,2018-02-07,PHX,SA,490,490,TRUE,TRUE
2018,400975553,2018-02-07,CLE,MIN,453,402,TRUE,TRUE
2018,400975554,2018-02-07,MEM,UTAH,456,456,TRUE,TRUE
2018,400975552,2018-02-07,MIA,HOU,407,407,TRUE,TRUE
2018,400975551,2018-02-07,DET,BKN,445,445,TRUE,TRUE
2018,400975549,2018-02-06,GS,OKC,517,517,TRUE,TRUE
2018,400975550,2018-02-06,LAL,PHX,478,478,TRUE,TRUE
2018,400975548,2018-02-06,PHI,WSH,435,435,TRUE,TRUE
2018,400975544,2018-02-06,TOR,BOS,425,425,TRUE,TRUE
2018,400975545,2018-02-06,ATL,MEM,447,447,TRUE,TRUE
2018,400975546,2018-02-06,BKN,HOU,409,409,TRUE,TRUE
2018,400975547,2018-02-06,NY,MIL,468,468,TRUE,TRUE
2018,400975543,2018-02-06,ORL,CLE,452,452,TRUE,TRUE
2018,400975542,2018-02-05,LAC,DAL,455,455,TRUE,TRUE
2018,400975541,2018-02-05,SAC,CHI,453,453,TRUE,TRUE
2018,400975540,2018-02-05,DEN,CHA,403,403,TRUE,TRUE
2018,400975539,2018-02-05,NO,UTAH,438,438,TRUE,TRUE
2018,400975538,2018-02-05,MIA,ORL,480,480,TRUE,TRUE
2018,400975536,2018-02-05,DET,POR,423,423,TRUE,TRUE
2018,400975537,2018-02-05,IND,WSH,425,425,TRUE,TRUE
2018,400975535,2018-02-04,PHX,CHA,455,455,TRUE,TRUE
2018,400975534,2018-02-04,OKC,LAL,480,480,TRUE,TRUE
2018,400975530,2018-02-04,BOS,POR,440,440,TRUE,TRUE
2018,400975531,2018-02-04,BKN,MIL,438,438,TRUE,TRUE
2018,400975532,2018-02-04,NY,ATL,466,466,TRUE,TRUE
2018,400975533,2018-02-04,TOR,MEM,453,453,TRUE,TRUE
2018,400975529,2018-02-03,SAC,DAL,399,399,TRUE,TRUE
2018,400975526,2018-02-03,MIN,NO,454,454,TRUE,TRUE
2018,400975527,2018-02-03,SA,UTAH,460,460,TRUE,TRUE
2018,400975528,2018-02-03,DEN,GS,499,499,TRUE,TRUE
2018,400975525,2018-02-03,CLE,HOU,439,439,TRUE,TRUE
2018,400975522,2018-02-03,DET,MIA,414,414,TRUE,TRUE
2018,400975523,2018-02-03,IND,PHI,474,474,TRUE,TRUE
2018,400975524,2018-02-03,ORL,WSH,423,423,TRUE,TRUE
2018,400975521,2018-02-03,LAC,CHI,482,482,TRUE,TRUE
2018,400975520,2018-02-02,SAC,GS,443,443,TRUE,TRUE
2018,400975518,2018-02-02,OKC,NO,468,468,TRUE,TRUE
2018,400975519,2018-02-02,PHX,UTAH,446,446,TRUE,TRUE
2018,400975516,2018-02-02,PHI,MIA,467,467,TRUE,TRUE
2018,400975517,2018-02-02,MIL,NY,456,456,TRUE,TRUE
2018,400975513,2018-02-02,BOS,ATL,461,461,TRUE,TRUE
2018,400975514,2018-02-02,BKN,LAL,462,462,TRUE,TRUE
2018,400975515,2018-02-02,TOR,POR,437,437,TRUE,TRUE
2018,400975512,2018-02-02,CHA,IND,466,466,TRUE,TRUE
2018,400975511,2018-02-01,DEN,OKC,457,457,TRUE,TRUE
2018,400975509,2018-02-01,MIN,MIL,443,443,TRUE,TRUE
2018,400975510,2018-02-01,SA,HOU,427,427,TRUE,TRUE
2018,400975507,2018-02-01,DET,MEM,486,486,TRUE,TRUE
2018,400975508,2018-02-01,WSH,TOR,454,454,TRUE,TRUE
2018,400975506,2018-01-31,PHX,DAL,479,479,TRUE,TRUE
2018,400975505,2018-01-31,POR,CHI,436,436,TRUE,TRUE
2018,400975504,2018-01-31,BOS,NY,459,459,TRUE,TRUE
2018,400975501,2018-01-31,ATL,CHA,436,436,TRUE,TRUE
2018,400975502,2018-01-31,BKN,PHI,454,454,TRUE,TRUE
2018,400975503,2018-01-31,CLE,MIA,514,514,TRUE,TRUE
2018,400975499,2018-01-31,IND,MEM,425,425,TRUE,TRUE
2018,400975500,2018-01-31,ORL,LAL,462,462,TRUE,TRUE
2018,400975498,2018-01-30,LAC,POR,479,479,TRUE,TRUE
2018,400975497,2018-01-30,UTAH,GS,448,448,TRUE,TRUE
2018,400975496,2018-01-30,SA,DEN,427,427,TRUE,TRUE
2018,400975493,2018-01-30,DET,CLE,480,480,TRUE,TRUE
2018,400975494,2018-01-30,HOU,ORL,405,405,TRUE,TRUE
2018,400975495,2018-01-30,NO,SAC,440,440,TRUE,TRUE
2018,400975491,2018-01-30,NY,BKN,454,454,TRUE,TRUE
2018,400975492,2018-01-30,TOR,MIN,426,426,TRUE,TRUE
2018,400975490,2018-01-30,WSH,OKC,492,492,TRUE,TRUE
2018,400975489,2018-01-29,DEN,BOS,449,449,TRUE,TRUE
2018,400975488,2018-01-29,DAL,MIA,433,433,TRUE,TRUE
2018,400975486,2018-01-29,MEM,PHX,474,474,TRUE,TRUE
2018,400975487,2018-01-29,MIL,PHI,437,437,TRUE,TRUE
2018,400975485,2018-01-29,ATL,MIN,433,433,TRUE,TRUE
2018,400975484,2018-01-29,IND,CHA,410,410,TRUE,TRUE
2018,400975483,2018-01-28,SA,SAC,430,430,TRUE,TRUE
2018,400975480,2018-01-28,CLE,DET,443,443,TRUE,TRUE
2018,400975481,2018-01-28,TOR,LAL,488,488,TRUE,TRUE
2018,400975482,2018-01-28,OKC,PHI,490,490,TRUE,TRUE
2018,400975479,2018-01-28,NO,LAC,468,468,TRUE,TRUE
2018,400975477,2018-01-28,CHI,MIL,437,437,TRUE,TRUE
2018,400975478,2018-01-28,HOU,PHX,497,497,TRUE,TRUE
2018,400975475,2018-01-27,MIN,BKN,452,452,TRUE,TRUE
2018,400975476,2018-01-27,DEN,DAL,444,444,TRUE,TRUE
2018,400975474,2018-01-27,GS,BOS,475,475,TRUE,TRUE
2018,400975472,2018-01-27,ATL,WSH,430,430,TRUE,TRUE
2018,400975473,2018-01-27,MIA,CHA,468,468,TRUE,TRUE
2018,400975471,2018-01-27,IND,ORL,455,455,TRUE,TRUE
2018,400975470,2018-01-27,DET,OKC,462,462,TRUE,TRUE
2018,400975469,2018-01-26,PHX,NY,466,466,TRUE,TRUE
2018,400975467,2018-01-26,DAL,POR,438,438,TRUE,TRUE
2018,400975468,2018-01-26,SA,PHI,417,417,TRUE,TRUE
2018,400975463,2018-01-26,CHI,LAL,495,495,TRUE,TRUE
2018,400975464,2018-01-26,MEM,LAC,455,455,TRUE,TRUE
2018,400975465,2018-01-26,MIL,BKN,444,444,TRUE,TRUE
2018,400975466,2018-01-26,NO,HOU,463,463,TRUE,TRUE
2018,400975461,2018-01-26,CLE,IND,417,417,TRUE,TRUE
2018,400975462,2018-01-26,TOR,UTAH,472,472,TRUE,TRUE
2018,400975460,2018-01-26,CHA,ATL,486,486,TRUE,TRUE
2018,400975459,2018-01-25,GS,MIN,453,453,TRUE,TRUE
2018,400975458,2018-01-25,DEN,NY,425,425,TRUE,TRUE
2018,400975457,2018-01-25,OKC,WSH,455,455,TRUE,TRUE
2018,400975456,2018-01-25,MIA,SAC,431,431,TRUE,TRUE
2018,400975455,2018-01-24,LAC,BOS,488,488,TRUE,TRUE
2018,400975454,2018-01-24,POR,MIN,414,414,TRUE,TRUE
2018,400975452,2018-01-24,DAL,HOU,446,446,TRUE,TRUE
2018,400975453,2018-01-24,MEM,SA,456,456,TRUE,TRUE
2018,400975451,2018-01-24,ATL,TOR,499,499,TRUE,TRUE
2018,400975447,2018-01-24,CHA,NO,479,479,TRUE,TRUE
2018,400975448,2018-01-24,DET,UTAH,514,448,TRUE,TRUE
2018,400975449,2018-01-24,IND,PHX,463,463,TRUE,TRUE
2018,400975450,2018-01-24,PHI,CHI,476,476,TRUE,TRUE
2018,400975445,2018-01-23,GS,NY,429,429,TRUE,TRUE
2018,400975446,2018-01-23,LAL,BOS,480,480,TRUE,TRUE
2018,400975443,2018-01-23,OKC,BKN,473,473,TRUE,TRUE
2018,400975444,2018-01-23,SA,CLE,444,444,TRUE,TRUE
2018,400975442,2018-01-23,ORL,SAC,428,428,TRUE,TRUE
2018,400975441,2018-01-22,LAC,MIN,495,495,TRUE,TRUE
2018,400975440,2018-01-22,DEN,POR,491,491,TRUE,TRUE
2018,400975439,2018-01-22,DAL,WSH,473,473,TRUE,TRUE
2018,400975435,2018-01-22,HOU,MIA,421,421,TRUE,TRUE
2018,400975436,2018-01-22,MEM,PHI,489,489,TRUE,TRUE
2018,400975437,2018-01-22,MIL,PHX,453,453,TRUE,TRUE
2018,400975438,2018-01-22,NO,CHI,582,478,TRUE,TRUE
2018,400975434,2018-01-22,ATL,UTAH,451,451,TRUE,TRUE
2018,400975433,2018-01-22,CHA,SAC,457,457,TRUE,TRUE
2018,400975432,2018-01-21,SA,IND,433,433,TRUE,TRUE
2018,400975431,2018-01-21,DET,BKN,452,452,TRUE,TRUE
2018,400975430,2018-01-21,LAL,NY,423,423,TRUE,TRUE
2018,400975429,2018-01-21,BOS,ORL,443,443,TRUE,TRUE
2018,400975428,2018-01-20,POR,DAL,452,452,TRUE,TRUE
2018,400975426,2018-01-20,MIN,TOR,475,475,TRUE,TRUE
2018,400975427,2018-01-20,UTAH,LAC,507,507,TRUE,TRUE
2018,400975425,2018-01-20,HOU,GS,471,471,TRUE,TRUE
2018,400975424,2018-01-20,PHI,MIL,457,457,TRUE,TRUE
2018,400975422,2018-01-20,CHA,MIA,430,430,TRUE,TRUE
2018,400975423,2018-01-20,NO,MEM,439,439,TRUE,TRUE
2018,400975421,2018-01-20,ATL,CHI,470,470,TRUE,TRUE
2018,400975420,2018-01-20,CLE,OKC,485,485,TRUE,TRUE
2018,400975418,2018-01-19,UTAH,NY,504,504,TRUE,TRUE
2018,400975419,2018-01-19,LAL,IND,439,439,TRUE,TRUE
2018,400975417,2018-01-19,DEN,PHX,434,434,TRUE,TRUE
2018,400975415,2018-01-19,DET,WSH,428,428,TRUE,TRUE
2018,400975416,2018-01-19,MEM,SAC,459,459,TRUE,TRUE
2018,400975414,2018-01-19,BKN,MIA,453,453,TRUE,TRUE
2018,400975413,2018-01-19,TOR,SA,464,464,TRUE,TRUE
2018,400975412,2018-01-18,POR,IND,447,447,TRUE,TRUE
2018,400975411,2018-01-18,HOU,MIN,425,425,TRUE,TRUE
2018,400975409,2018-01-18,BOS,PHI,431,431,TRUE,TRUE
2018,400975410,2018-01-18,CLE,ORL,478,478,TRUE,TRUE
2018,400975408,2018-01-17,LAC,DEN,512,512,TRUE,TRUE
2018,400975407,2018-01-17,SAC,UTAH,400,400,TRUE,TRUE
2018,400975403,2018-01-17,CHI,GS,471,471,TRUE,TRUE
2018,400975404,2018-01-17,MEM,NY,455,455,TRUE,TRUE
2018,400975405,2018-01-17,MIL,MIA,464,464,TRUE,TRUE
2018,400975406,2018-01-17,OKC,LAL,408,408,TRUE,TRUE
2018,400975400,2018-01-17,ATL,NO,448,448,TRUE,TRUE
2018,400975401,2018-01-17,BKN,SA,491,491,TRUE,TRUE
2018,400975402,2018-01-17,TOR,DET,457,457,TRUE,TRUE
2018,400975399,2018-01-17,CHA,WSH,462,462,TRUE,TRUE
2018,400975398,2018-01-16,POR,PHX,427,427,TRUE,TRUE
2018,400975397,2018-01-16,DEN,DAL,471,471,TRUE,TRUE
2018,400975396,2018-01-16,BOS,NO,530,488,TRUE,TRUE
2018,400975395,2018-01-16,ORL,MIN,443,443,TRUE,TRUE
2018,400975394,2018-01-15,LAC,HOU,459,459,TRUE,TRUE
2018,400975393,2018-01-15,UTAH,IND,410,410,TRUE,TRUE
2018,400975389,2018-01-15,OKC,SAC,499,499,TRUE,TRUE
2018,400975392,2018-01-15,CLE,GS,497,497,TRUE,TRUE
2018,400975391,2018-01-15,MEM,LAL,496,496,TRUE,TRUE
2018,400975390,2018-01-15,CHI,MIA,448,448,TRUE,TRUE
2018,400975387,2018-01-15,ATL,SA,452,452,TRUE,TRUE
2018,400975388,2018-01-15,BKN,NY,497,497,TRUE,TRUE
2018,400975386,2018-01-15,WSH,MIL,471,471,TRUE,TRUE
2018,400975385,2018-01-15,PHI,TOR,546,546,TRUE,TRUE
2018,400975384,2018-01-15,DET,CHA,442,442,TRUE,TRUE
2018,400975383,2018-01-14,MIN,POR,432,432,TRUE,TRUE
2018,400975382,2018-01-14,PHX,IND,428,428,TRUE,TRUE
2018,400975381,2018-01-14,NY,NO,522,464,TRUE,TRUE
2018,400975380,2018-01-14,MIA,MIL,436,436,TRUE,TRUE
2018,400975379,2018-01-13,SA,DEN,432,432,TRUE,TRUE
2018,400975378,2018-01-13,CHI,DET,417,417,TRUE,TRUE
2018,400975377,2018-01-13,TOR,GS,458,458,TRUE,TRUE
2018,400975376,2018-01-13,WSH,BKN,507,451,TRUE,TRUE
2018,400975375,2018-01-13,CHA,OKC,459,459,TRUE,TRUE
2018,400975374,2018-01-13,LAC,SAC,445,445,TRUE,TRUE
2018,400975373,2018-01-13,DAL,LAL,503,454,TRUE,TRUE
2018,400975372,2018-01-12,PHX,HOU,434,434,TRUE,TRUE
2018,400975371,2018-01-12,DEN,MEM,438,438,TRUE,TRUE
2018,400975368,2018-01-12,MIL,GS,402,402,TRUE,TRUE
2018,400975369,2018-01-12,MIN,NY,414,414,TRUE,TRUE
2018,400975370,2018-01-12,NO,POR,451,451,TRUE,TRUE
2018,400975367,2018-01-12,ATL,BKN,493,493,TRUE,TRUE
2018,400975364,2018-01-12,CHA,UTAH,464,464,TRUE,TRUE
2018,400975365,2018-01-12,IND,CLE,442,442,TRUE,TRUE
2018,400975366,2018-01-12,WSH,ORL,448,448,TRUE,TRUE
2018,400975363,2018-01-11,LAL,SA,442,442,TRUE,TRUE
2018,400975362,2018-01-11,SAC,LAC,474,474,TRUE,TRUE
2018,400975361,2018-01-11,TOR,CLE,475,475,TRUE,TRUE
2018,400975360,2018-01-11,PHI,BOS,464,464,TRUE,TRUE
2018,400975359,2018-01-10,GS,LAC,468,468,TRUE,TRUE
2018,400975358,2018-01-10,DEN,ATL,470,470,TRUE,TRUE
2018,400975354,2018-01-10,HOU,POR,514,514,TRUE,TRUE
2018,400975355,2018-01-10,MEM,NO,499,499,TRUE,TRUE
2018,400975356,2018-01-10,MIL,ORL,433,433,TRUE,TRUE
2018,400975357,2018-01-10,MIN,OKC,465,465,TRUE,TRUE
2018,400975352,2018-01-10,BKN,DET,410,410,TRUE,TRUE
2018,400975353,2018-01-10,NY,CHI,515,417,TRUE,TRUE
2018,400975349,2018-01-10,CHA,DAL,481,481,TRUE,TRUE
2018,400975350,2018-01-10,IND,MIA,469,469,TRUE,TRUE
2018,400975351,2018-01-10,WSH,UTAH,430,430,TRUE,TRUE
2018,400975348,2018-01-09,LAL,SAC,481,481,TRUE,TRUE
2018,400975347,2018-01-09,DAL,ORL,432,432,TRUE,TRUE
2018,400975346,2018-01-09,OKC,POR,449,449,TRUE,TRUE
2018,400975345,2018-01-09,TOR,MIA,454,454,TRUE,TRUE
2018,400975343,2018-01-08,GS,DEN,438,438,TRUE,TRUE
2018,400975344,2018-01-08,LAC,ATL,523,523,TRUE,TRUE
2018,400975342,2018-01-08,SAC,SA,424,424,TRUE,TRUE
2018,400975339,2018-01-08,CHI,HOU,440,440,TRUE,TRUE
2018,400975340,2018-01-08,MIN,CLE,424,424,TRUE,TRUE
2018,400975341,2018-01-08,NO,DET,445,445,TRUE,TRUE
2018,400975338,2018-01-08,BKN,TOR,548,495,TRUE,TRUE
2018,400975337,2018-01-08,IND,MIL,431,431,TRUE,TRUE
2018,400975336,2018-01-07,LAL,ATL,481,481,TRUE,TRUE
2018,400975335,2018-01-07,POR,SA,445,445,TRUE,TRUE
2018,400975334,2018-01-07,PHX,OKC,444,444,TRUE,TRUE
2018,400975333,2018-01-07,DAL,NY,462,462,TRUE,TRUE
2018,400975332,2018-01-07,MIA,UTAH,428,428,TRUE,TRUE
2018,400975331,2018-01-06,SAC,DEN,453,453,TRUE,TRUE
2018,400975330,2018-01-06,MIN,NO,446,446,TRUE,TRUE
2018,400975329,2018-01-06,WSH,MIL,448,448,TRUE,TRUE
2018,400975326,2018-01-06,DET,HOU,440,440,TRUE,TRUE
2018,400975327,2018-01-06,IND,CHI,420,420,TRUE,TRUE
2018,400975328,2018-01-06,ORL,CLE,530,530,TRUE,TRUE
2018,400975325,2018-01-06,BKN,BOS,500,500,TRUE,TRUE
2018,400975324,2018-01-06,LAC,GS,524,524,TRUE,TRUE
2018,400975323,2018-01-05,LAL,CHA,473,473,TRUE,TRUE
2018,400975322,2018-01-05,POR,ATL,433,433,TRUE,TRUE
2018,400975321,2018-01-05,MEM,WSH,497,497,TRUE,TRUE
2018,400975320,2018-01-05,DEN,UTAH,417,417,TRUE,TRUE
2018,400975318,2018-01-05,DAL,CHI,461,461,TRUE,TRUE
2018,400975319,2018-01-05,SA,PHX,474,474,TRUE,TRUE
2018,400975314,2018-01-05,MIA,NY,467,420,TRUE,TRUE
2018,400975317,2018-01-05,MIL,TOR,430,430,TRUE,TRUE
2018,400975315,2018-01-05,PHI,DET,437,437,TRUE,TRUE
2018,400975316,2018-01-05,BOS,MIN,456,456,TRUE,TRUE
2018,400975313,2018-01-04,LAC,OKC,471,471,TRUE,TRUE
2018,400975312,2018-01-04,HOU,GS,452,452,TRUE,TRUE
2018,400975311,2018-01-03,LAL,OKC,421,421,TRUE,TRUE
2018,400975309,2018-01-03,DEN,PHX,450,450,TRUE,TRUE
2018,400975310,2018-01-03,UTAH,NO,424,424,TRUE,TRUE
2018,400975308,2018-01-03,DAL,GS,461,461,TRUE,TRUE
2018,400975305,2018-01-03,BOS,CLE,460,460,TRUE,TRUE
2018,400975306,2018-01-03,CHI,TOR,455,455,TRUE,TRUE
2018,400975307,2018-01-03,MIL,IND,419,419,TRUE,TRUE
2018,400975303,2018-01-03,BKN,MIN,413,413,TRUE,TRUE
2018,400975304,2018-01-03,MIA,DET,409,409,TRUE,TRUE
2018,400975300,2018-01-03,ORL,HOU,471,471,TRUE,TRUE
2018,400975301,2018-01-03,PHI,SA,498,498,TRUE,TRUE
2018,400975302,2018-01-03,WSH,NY,442,442,TRUE,TRUE
2018,400975299,2018-01-02,LAC,MEM,475,475,TRUE,TRUE
2018,400975298,2018-01-02,SAC,CHA,411,411,TRUE,TRUE
2018,400975297,2018-01-02,PHX,ATL,472,472,TRUE,TRUE
2018,400975296,2018-01-02,NY,SA,483,483,TRUE,TRUE
2018,400975295,2018-01-02,CLE,POR,475,475,TRUE,TRUE
2018,400975293,2018-01-01,CHI,POR,499,459,TRUE,TRUE
2018,400975294,2018-01-01,MIN,LAL,475,475,TRUE,TRUE
2018,400975291,2018-01-01,BKN,ORL,486,486,TRUE,TRUE
2018,400975292,2018-01-01,TOR,MIL,488,435,TRUE,TRUE
2018,400975290,2017-12-31,PHX,PHI,522,522,TRUE,TRUE
2018,400975286,2017-12-31,HOU,LAL,606,481,TRUE,TRUE
2018,400975287,2017-12-31,OKC,DAL,451,451,TRUE,TRUE
2018,400975288,2017-12-31,LAC,CHA,458,458,TRUE,TRUE
2018,400975289,2017-12-31,SAC,MEM,457,457,TRUE,TRUE
2018,400975285,2017-12-31,BOS,BKN,481,481,TRUE,TRUE
2018,400975284,2017-12-31,IND,MIN,443,443,TRUE,TRUE
2018,400975283,2017-12-31,WSH,CHI,464,464,TRUE,TRUE
2018,400975282,2017-12-30,DEN,PHI,491,491,TRUE,TRUE
2018,400975281,2017-12-30,GS,MEM,450,450,TRUE,TRUE
2018,400975280,2017-12-30,UTAH,CLE,453,453,TRUE,TRUE
2018,400975279,2017-12-30,ATL,POR,450,450,TRUE,TRUE
2018,400975276,2017-12-30,DET,SA,426,426,TRUE,TRUE
2018,400975277,2017-12-30,ORL,MIA,406,406,TRUE,TRUE
2018,400975278,2017-12-30,NO,NY,461,461,TRUE,TRUE
2018,400975274,2017-12-29,GS,CHA,467,467,TRUE,TRUE
2018,400975275,2017-12-29,LAL,LAC,479,479,TRUE,TRUE
2018,400975273,2017-12-29,SAC,PHX,434,434,TRUE,TRUE
2018,400975269,2017-12-29,MIA,BKN,473,473,TRUE,TRUE
2018,400975270,2017-12-29,CHI,IND,427,427,TRUE,TRUE
2018,400975271,2017-12-29,NO,DAL,448,448,TRUE,TRUE
2018,400975272,2017-12-29,OKC,MIL,447,447,TRUE,TRUE
2018,400975268,2017-12-29,TOR,ATL,481,481,TRUE,TRUE
2018,400975267,2017-12-29,WSH,HOU,425,425,TRUE,TRUE
2018,400975266,2017-12-28,POR,PHI,469,469,TRUE,TRUE
2018,400975265,2017-12-28,SA,NY,466,466,TRUE,TRUE
2018,400975263,2017-12-28,BOS,HOU,478,478,TRUE,TRUE
2018,400975264,2017-12-28,MIL,MIN,395,395,TRUE,TRUE
2018,400975262,2017-12-28,ORL,DET,436,436,TRUE,TRUE
2018,400975260,2017-12-27,GS,UTAH,474,474,TRUE,TRUE
2018,400975261,2017-12-27,LAL,MEM,487,487,TRUE,TRUE
2018,400975259,2017-12-27,SAC,CLE,406,406,TRUE,TRUE
2018,400975255,2017-12-27,CHI,NY,453,453,TRUE,TRUE
2018,400975256,2017-12-27,MIN,DEN,503,452,TRUE,TRUE
2018,400975257,2017-12-27,NO,BKN,438,438,TRUE,TRUE
2018,400975258,2017-12-27,OKC,TOR,487,487,TRUE,TRUE
2018,400975254,2017-12-27,ATL,WSH,492,492,TRUE,TRUE
2018,400975252,2017-12-27,CHA,BOS,426,426,TRUE,TRUE
2018,400975253,2017-12-27,IND,DAL,386,386,TRUE,TRUE
2018,400975251,2017-12-26,LAC,SAC,425,425,TRUE,TRUE
2018,400975249,2017-12-26,DEN,UTAH,453,453,TRUE,TRUE
2018,400975250,2017-12-26,PHX,MEM,518,518,TRUE,TRUE
2018,400975248,2017-12-26,SA,BKN,459,459,TRUE,TRUE
2018,400975247,2017-12-26,MIL,CHI,483,483,TRUE,TRUE
2018,400975246,2017-12-26,MIA,ORL,465,465,TRUE,TRUE
2018,400975244,2017-12-26,DET,IND,402,402,TRUE,TRUE
2018,400975245,2017-12-26,DAL,TOR,512,512,TRUE,TRUE
2018,400974449,2017-12-25,LAL,MIN,420,420,TRUE,TRUE
2018,400974448,2017-12-25,OKC,HOU,447,447,TRUE,TRUE
2018,400974447,2017-12-25,BOS,WSH,451,451,TRUE,TRUE
2018,400974446,2017-12-25,GS,CLE,468,468,TRUE,TRUE
2018,400974445,2017-12-25,NY,PHI,498,498,TRUE,TRUE
2018,400975243,2017-12-23,SAC,SA,402,402,TRUE,TRUE
2018,400975242,2017-12-23,LAL,POR,468,468,TRUE,TRUE
2018,400975241,2017-12-23,PHX,MIN,458,458,TRUE,TRUE
2018,400975240,2017-12-23,GS,DEN,438,438,TRUE,TRUE
2018,400975237,2017-12-23,MIA,NO,416,416,TRUE,TRUE
2018,400975238,2017-12-23,MEM,LAC,476,476,TRUE,TRUE
2018,400975239,2017-12-23,UTAH,OKC,412,412,TRUE,TRUE
2018,400975235,2017-12-23,ATL,DAL,441,441,TRUE,TRUE
2018,400975236,2017-12-23,BOS,CHI,452,452,TRUE,TRUE
2018,400975232,2017-12-23,CHA,MIL,464,464,TRUE,TRUE
2018,400975233,2017-12-23,IND,BKN,511,451,TRUE,TRUE
2018,400975234,2017-12-23,WSH,ORL,437,437,TRUE,TRUE
2018,400975231,2017-12-23,TOR,PHI,487,487,TRUE,TRUE
2018,400975230,2017-12-22,GS,LAL,483,483,TRUE,TRUE
2018,400975229,2017-12-22,POR,DEN,430,430,TRUE,TRUE
2018,400975225,2017-12-22,MIA,DAL,359,359,TRUE,TRUE
2018,400975226,2017-12-22,HOU,LAC,488,488,TRUE,TRUE
2018,400975227,2017-12-22,MIL,CHA,432,432,TRUE,TRUE
2018,400975228,2017-12-22,OKC,ATL,463,463,TRUE,TRUE
2018,400975224,2017-12-22,BKN,WSH,452,452,TRUE,TRUE
2018,400975222,2017-12-22,DET,NY,462,462,TRUE,TRUE
2018,400975223,2017-12-22,ORL,NO,480,480,TRUE,TRUE
2018,400975221,2017-12-21,UTAH,SA,436,436,TRUE,TRUE
2018,400975220,2017-12-21,PHX,MEM,462,462,TRUE,TRUE
2018,400975219,2017-12-21,NY,BOS,447,447,TRUE,TRUE
2018,400975217,2017-12-21,CLE,CHI,422,422,TRUE,TRUE
2018,400975218,2017-12-21,PHI,TOR,486,486,TRUE,TRUE
2018,400975215,2017-12-20,GS,MEM,455,455,TRUE,TRUE
2018,400975216,2017-12-20,LAC,PHX,487,487,TRUE,TRUE
2018,400975214,2017-12-20,POR,SA,444,444,TRUE,TRUE
2018,400975213,2017-12-20,DEN,MIN,412,412,TRUE,TRUE
2018,400975212,2017-12-20,DAL,DET,419,419,TRUE,TRUE
2018,400975209,2017-12-20,CHI,ORL,445,445,TRUE,TRUE
2018,400975210,2017-12-20,HOU,LAL,522,522,TRUE,TRUE
2018,400975211,2017-12-20,OKC,UTAH,433,433,TRUE,TRUE
2018,400975206,2017-12-20,ATL,IND,428,428,TRUE,TRUE
2018,400975207,2017-12-20,BOS,MIA,448,448,TRUE,TRUE
2018,400975208,2017-12-20,BKN,SAC,450,450,TRUE,TRUE
2018,400975205,2017-12-20,CHA,TOR,456,456,TRUE,TRUE
2018,400975204,2017-12-19,MIL,CLE,428,428,TRUE,TRUE
2018,400975202,2017-12-19,PHI,SAC,491,491,TRUE,TRUE
2018,400975203,2017-12-19,WSH,NO,478,478,TRUE,TRUE
2018,400975201,2017-12-18,LAL,GS,553,506,TRUE,TRUE
2018,400975199,2017-12-18,DAL,PHX,459,459,TRUE,TRUE
2018,400975200,2017-12-18,SA,LAC,470,470,TRUE,TRUE
2018,400975195,2017-12-18,CHI,PHI,471,471,TRUE,TRUE
2018,400975196,2017-12-18,HOU,UTAH,427,427,TRUE,TRUE
2018,400975197,2017-12-18,MIN,POR,419,419,TRUE,TRUE
2018,400975198,2017-12-18,OKC,DEN,425,425,TRUE,TRUE
2018,400975194,2017-12-18,ATL,MIA,492,492,TRUE,TRUE
2018,400975192,2017-12-18,CHA,NY,441,441,TRUE,TRUE
2018,400975193,2017-12-18,IND,BOS,463,463,TRUE,TRUE
2018,400975190,2017-12-17,BKN,IND,420,420,TRUE,TRUE
2018,400975191,2017-12-17,WSH,CLE,427,427,TRUE,TRUE
2018,400975189,2017-12-17,DET,ORL,443,443,TRUE,TRUE
2018,400975188,2017-12-17,TOR,SAC,427,427,TRUE,TRUE
2018,400975187,2017-12-16,MEM,BOS,430,430,TRUE,TRUE
2018,400975186,2017-12-16,SA,DAL,420,420,TRUE,TRUE
2018,400975183,2017-12-16,MIA,LAC,448,448,TRUE,TRUE
2018,400975184,2017-12-16,HOU,MIL,485,485,TRUE,TRUE
2018,400975185,2017-12-16,MIN,PHX,469,469,TRUE,TRUE
2018,400975181,2017-12-16,CLE,UTAH,397,397,TRUE,TRUE
2018,400975182,2017-12-16,NY,OKC,436,436,TRUE,TRUE
2018,400975180,2017-12-16,CHA,POR,491,491,TRUE,TRUE
2018,400975179,2017-12-15,HOU,SA,465,465,TRUE,TRUE
2018,400975178,2017-12-15,DEN,NO,487,426,TRUE,TRUE
2018,400975176,2017-12-15,MEM,ATL,448,448,TRUE,TRUE
2018,400975177,2017-12-15,MIL,CHI,480,480,TRUE,TRUE
2018,400975174,2017-12-15,BOS,UTAH,449,449,TRUE,TRUE
2018,400975175,2017-12-15,TOR,BKN,415,415,TRUE,TRUE
2018,400975169,2017-12-15,CHA,MIA,446,446,TRUE,TRUE
2018,400975170,2017-12-15,IND,DET,466,466,TRUE,TRUE
2018,400975171,2017-12-15,ORL,POR,455,455,TRUE,TRUE
2018,400975172,2017-12-15,PHI,OKC,567,449,TRUE,TRUE
2018,400975173,2017-12-15,WSH,LAC,502,502,TRUE,TRUE
2018,400975168,2017-12-14,GS,DAL,409,409,TRUE,TRUE
2018,400975166,2017-12-14,CLE,LAL,461,461,TRUE,TRUE
2018,400975167,2017-12-14,MIN,SAC,417,417,TRUE,TRUE
2018,400975164,2017-12-14,ATL,DET,440,440,TRUE,TRUE
2018,400975165,2017-12-14,BKN,NY,468,468,TRUE,TRUE
2018,400975163,2017-12-13,HOU,CHA,462,462,TRUE,TRUE
2018,400975162,2017-12-13,PHX,TOR,494,494,TRUE,TRUE
2018,400975160,2017-12-13,CHI,UTAH,462,462,TRUE,TRUE
2018,400975161,2017-12-13,NO,MIL,423,423,TRUE,TRUE
2018,400975158,2017-12-13,BOS,DEN,450,450,TRUE,TRUE
2018,400975159,2017-12-13,MIA,POR,411,411,TRUE,TRUE
2018,400975155,2017-12-13,IND,OKC,441,441,TRUE,TRUE
2018,400975156,2017-12-13,ORL,LAC,452,452,TRUE,TRUE
2018,400975157,2017-12-13,WSH,MEM,446,446,TRUE,TRUE
2018,400975154,2017-12-12,SAC,PHX,445,445,TRUE,TRUE
2018,400975152,2017-12-12,MIN,PHI,529,464,TRUE,TRUE
2018,400975153,2017-12-12,DAL,SA,439,439,TRUE,TRUE
2018,400975151,2017-12-12,BKN,WSH,502,502,TRUE,TRUE
2018,400975148,2017-12-12,CLE,ATL,418,418,TRUE,TRUE
2018,400975149,2017-12-12,DET,DEN,428,428,TRUE,TRUE
2018,400975150,2017-12-12,NY,LAL,484,428,TRUE,TRUE
2018,400975146,2017-12-11,GS,POR,429,429,TRUE,TRUE
2018,400975147,2017-12-11,LAC,TOR,490,490,TRUE,TRUE
2018,400975142,2017-12-11,CHI,BOS,432,432,TRUE,TRUE
2018,400975143,2017-12-11,HOU,NO,424,424,TRUE,TRUE
2018,400975144,2017-12-11,MEM,MIA,429,429,TRUE,TRUE
2018,400975145,2017-12-11,OKC,CHA,451,451,TRUE,TRUE
2018,400975141,2017-12-10,NY,ATL,506,506,TRUE,TRUE
2018,400975139,2017-12-10,MIN,DAL,414,414,TRUE,TRUE
2018,400975140,2017-12-10,NO,PHI,493,493,TRUE,TRUE
2018,400975138,2017-12-10,IND,DEN,469,432,TRUE,TRUE
2018,400975137,2017-12-10,DET,BOS,444,444,TRUE,TRUE
2018,400975136,2017-12-10,SAC,TOR,424,424,TRUE,TRUE
2018,400975135,2017-12-09,POR,HOU,446,446,TRUE,TRUE
2018,400975133,2017-12-09,MEM,OKC,522,467,TRUE,TRUE
2018,400975134,2017-12-09,PHX,SA,474,474,TRUE,TRUE
2018,400975132,2017-12-09,MIL,UTAH,463,463,TRUE,TRUE
2018,400975130,2017-12-09,CLE,PHI,426,426,TRUE,TRUE
2018,400975131,2017-12-09,CHI,NY,439,439,TRUE,TRUE
2018,400975129,2017-12-09,ATL,ORL,437,437,TRUE,TRUE
2018,400975128,2017-12-09,CHA,LAL,446,446,TRUE,TRUE
2018,400975127,2017-12-09,BKN,MIA,439,439,TRUE,TRUE
2018,400975126,2017-12-09,LAC,WSH,442,442,TRUE,TRUE
2018,400975125,2017-12-08,SA,BOS,443,443,TRUE,TRUE
2018,400975122,2017-12-08,MEM,TOR,457,457,TRUE,TRUE
2018,400975123,2017-12-08,MIL,DAL,449,449,TRUE,TRUE
2018,400975124,2017-12-08,NO,SAC,460,410,TRUE,TRUE
2018,400975118,2017-12-08,CHA,CHI,526,447,TRUE,TRUE
2018,400975119,2017-12-08,DET,GS,470,470,TRUE,TRUE
2018,400975120,2017-12-08,IND,CLE,464,464,TRUE,TRUE
2018,400975121,2017-12-08,ORL,DEN,430,430,TRUE,TRUE
2018,400975117,2017-12-07,UTAH,HOU,451,451,TRUE,TRUE
2018,400975116,2017-12-07,BKN,OKC,517,517,TRUE,TRUE
2018,400975115,2017-12-07,PHX,WSH,441,441,TRUE,TRUE
2018,400975114,2017-12-07,PHI,LAL,494,494,TRUE,TRUE
2018,400975113,2017-12-06,LAC,MIN,446,446,TRUE,TRUE
2018,400975112,2017-12-06,SA,MIA,400,400,TRUE,TRUE
2018,400975109,2017-12-06,CHA,GS,458,458,TRUE,TRUE
2018,400975110,2017-12-06,MIL,DET,450,450,TRUE,TRUE
2018,400975111,2017-12-06,NO,DEN,468,468,TRUE,TRUE
2018,400975107,2017-12-06,BOS,DAL,445,445,TRUE,TRUE
2018,400975108,2017-12-06,NY,MEM,424,424,TRUE,TRUE
2018,400975104,2017-12-06,CLE,SAC,421,421,TRUE,TRUE
2018,400975105,2017-12-06,IND,CHI,423,423,TRUE,TRUE
2018,400975106,2017-12-06,ORL,ATL,516,456,TRUE,TRUE
2018,400975103,2017-12-05,POR,WSH,436,436,TRUE,TRUE
2018,400975102,2017-12-05,OKC,UTAH,465,465,TRUE,TRUE
2018,400975101,2017-12-05,TOR,PHX,487,487,TRUE,TRUE
2018,400975100,2017-12-04,UTAH,WSH,431,431,TRUE,TRUE
2018,400975098,2017-12-04,DAL,DEN,438,438,TRUE,TRUE
2018,400975099,2017-12-04,SA,DET,459,459,TRUE,TRUE
2018,400975095,2017-12-04,CHI,CLE,402,402,TRUE,TRUE
2018,400975096,2017-12-04,MEM,MIN,414,414,TRUE,TRUE
2018,400975097,2017-12-04,NO,GS,496,496,TRUE,TRUE
2018,400975093,2017-12-04,ATL,BKN,496,496,TRUE,TRUE
2018,400975094,2017-12-04,BOS,MIL,406,406,TRUE,TRUE
2018,400975090,2017-12-04,CHA,ORL,482,482,TRUE,TRUE
2018,400975091,2017-12-04,IND,NY,434,434,TRUE,TRUE
2018,400975092,2017-12-04,PHI,PHX,466,466,TRUE,TRUE
2018,400975089,2017-12-03,LAL,HOU,479,479,TRUE,TRUE
2018,400975086,2017-12-03,MIA,GS,416,416,TRUE,TRUE
2018,400975087,2017-12-03,MIN,LAC,439,439,TRUE,TRUE
2018,400975088,2017-12-03,OKC,SA,484,484,TRUE,TRUE
2018,400975085,2017-12-03,NY,ORL,472,472,TRUE,TRUE
2018,400975084,2017-12-02,POR,NO,447,447,TRUE,TRUE
2018,400975083,2017-12-02,DEN,LAL,465,465,TRUE,TRUE
2018,400975082,2017-12-02,MIL,SAC,428,428,TRUE,TRUE
2018,400975080,2017-12-02,CLE,MEM,395,395,TRUE,TRUE
2018,400975081,2017-12-02,PHI,DET,520,520,TRUE,TRUE
2018,400975079,2017-12-02,BKN,ATL,479,479,TRUE,TRUE
2018,400975078,2017-12-02,DAL,LAC,469,469,TRUE,TRUE
2018,400975077,2017-12-02,BOS,PHX,439,439,TRUE,TRUE
2018,400975076,2017-12-01,UTAH,NO,442,442,TRUE,TRUE
2018,400975072,2017-12-01,MIA,CHA,457,457,TRUE,TRUE
2018,400975073,2017-12-01,CHI,SAC,412,412,TRUE,TRUE
2018,400975074,2017-12-01,MEM,SA,459,459,TRUE,TRUE
2018,400975075,2017-12-01,OKC,MIN,436,436,TRUE,TRUE
2018,400975070,2017-12-01,TOR,IND,483,483,TRUE,TRUE
2018,400975069,2017-12-01,ORL,GS,453,453,TRUE,TRUE
2018,400975071,2017-12-01,WSH,DET,448,448,TRUE,TRUE
2018,400975068,2017-11-30,LAC,UTAH,419,419,TRUE,TRUE
2018,400975067,2017-11-30,POR,MIL,433,433,TRUE,TRUE
2018,400975066,2017-11-30,DEN,CHI,450,450,TRUE,TRUE
2018,400975064,2017-11-30,ATL,CLE,461,461,TRUE,TRUE
2018,400975065,2017-11-30,BOS,PHI,460,460,TRUE,TRUE
2018,400975063,2017-11-29,LAL,GS,510,451,TRUE,TRUE
2018,400975061,2017-11-29,DAL,BKN,480,480,TRUE,TRUE
2018,400975062,2017-11-29,SA,MEM,432,432,TRUE,TRUE
2018,400975059,2017-11-29,HOU,IND,428,428,TRUE,TRUE
2018,400975060,2017-11-29,NO,MIN,411,411,TRUE,TRUE
2018,400975057,2017-11-29,NY,MIA,431,431,TRUE,TRUE
2018,400975058,2017-11-29,TOR,CHA,448,448,TRUE,TRUE
2018,400975054,2017-11-29,DET,PHX,461,461,TRUE,TRUE
2018,400975055,2017-11-29,ORL,OKC,470,470,TRUE,TRUE
2018,400975056,2017-11-29,PHI,WSH,572,572,TRUE,TRUE
2018,400975052,2017-11-28,UTAH,DEN,418,418,TRUE,TRUE
2018,400975053,2017-11-28,SAC,MIL,441,441,TRUE,TRUE
2018,400975050,2017-11-28,CHI,PHX,448,448,TRUE,TRUE
2018,400975051,2017-11-28,MIN,WSH,418,418,TRUE,TRUE
2018,400975049,2017-11-28,CLE,MIA,444,444,TRUE,TRUE
2018,400975047,2017-11-27,GS,SAC,406,406,TRUE,TRUE
2018,400975048,2017-11-27,LAC,LAL,492,492,TRUE,TRUE
2018,400975046,2017-11-27,SA,DAL,433,433,TRUE,TRUE
2018,400975045,2017-11-27,HOU,BKN,449,449,TRUE,TRUE
2018,400975043,2017-11-27,BOS,DET,433,433,TRUE,TRUE
2018,400975044,2017-11-27,NY,POR,463,463,TRUE,TRUE
2018,400975041,2017-11-27,IND,ORL,440,440,TRUE,TRUE
2018,400975042,2017-11-27,PHI,CLE,468,468,TRUE,TRUE
2018,400975040,2017-11-26,MEM,BKN,437,437,TRUE,TRUE
2018,400975038,2017-11-26,CHI,MIA,416,416,TRUE,TRUE
2018,400975039,2017-11-26,MIN,PHX,431,431,TRUE,TRUE
2018,400975037,2017-11-25,SAC,LAC,408,408,TRUE,TRUE
2018,400975036,2017-11-25,UTAH,MIL,425,425,TRUE,TRUE
2018,400975034,2017-11-25,DAL,OKC,413,413,TRUE,TRUE
2018,400975035,2017-11-25,GS,NO,503,503,TRUE,TRUE
2018,400975032,2017-11-25,IND,BOS,387,387,TRUE,TRUE
2018,400975033,2017-11-25,HOU,NY,456,456,TRUE,TRUE
2018,400975031,2017-11-25,ATL,TOR,417,417,TRUE,TRUE
2018,400975028,2017-11-25,CHA,SA,464,464,TRUE,TRUE
2018,400975029,2017-11-25,PHI,ORL,483,483,TRUE,TRUE
2018,400975030,2017-11-25,WSH,POR,428,428,TRUE,TRUE
2018,400975027,2017-11-24,GS,CHI,460,460,TRUE,TRUE
2018,400975025,2017-11-24,DEN,MEM,429,429,TRUE,TRUE
2018,400975026,2017-11-24,PHX,NO,234,234,TRUE,FALSE
2018,400975021,2017-11-24,CLE,CHA,435,435,TRUE,FALSE
2018,400975022,2017-11-24,IND,TOR,403,403,TRUE,FALSE
2018,400975023,2017-11-24,MIN,MIA,389,389,TRUE,FALSE
2018,400975024,2017-11-24,OKC,DET,414,414,TRUE,TRUE
2018,400975019,2017-11-24,ATL,NY,431,431,TRUE,TRUE
2018,400975020,2017-11-24,BOS,ORL,469,469,TRUE,TRUE
2018,400975018,2017-11-24,BKN,POR,490,490,TRUE,TRUE
2018,400975017,2017-11-22,SAC,LAL,419,419,TRUE,TRUE
2018,400975015,2017-11-22,PHX,MIL,566,512,TRUE,TRUE
2018,400975016,2017-11-22,UTAH,CHI,433,433,TRUE,TRUE
2018,400975010,2017-11-22,HOU,DEN,457,457,TRUE,TRUE
2018,400975011,2017-11-22,MEM,DAL,450,450,TRUE,TRUE
2018,400975012,2017-11-22,MIN,ORL,498,498,TRUE,TRUE
2018,400975013,2017-11-22,NO,SA,458,458,TRUE,TRUE
2018,400975014,2017-11-22,OKC,GS,479,479,TRUE,TRUE
2018,400975007,2017-11-22,ATL,LAC,416,416,TRUE,TRUE
2018,400975008,2017-11-22,MIA,BOS,453,453,TRUE,TRUE
2018,400975009,2017-11-22,NY,TOR,463,463,TRUE,TRUE
2018,400975004,2017-11-22,CHA,WSH,516,468,TRUE,TRUE
2018,400975005,2017-11-22,CLE,BKN,443,443,TRUE,TRUE
2018,400975006,2017-11-22,PHI,POR,508,508,TRUE,TRUE
2018,400975003,2017-11-21,LAL,CHI,480,480,TRUE,TRUE
2018,400975002,2017-11-20,SAC,DEN,430,430,TRUE,TRUE
2018,400975000,2017-11-20,DAL,BOS,511,454,TRUE,TRUE
2018,400975001,2017-11-20,SA,ATL,429,429,TRUE,TRUE
2018,400974997,2017-11-20,MEM,POR,483,483,TRUE,TRUE
2018,400974998,2017-11-20,MIL,WSH,402,402,TRUE,TRUE
2018,400974999,2017-11-20,NO,OKC,494,494,TRUE,TRUE
2018,400974996,2017-11-20,NY,LAC,476,476,TRUE,TRUE
2018,400974992,2017-11-20,CHA,MIN,475,475,TRUE,TRUE
2018,400974993,2017-11-20,DET,CLE,390,390,TRUE,TRUE
2018,400974994,2017-11-20,ORL,IND,488,488,TRUE,TRUE
2018,400974995,2017-11-20,PHI,UTAH,476,476,TRUE,TRUE
2018,400974991,2017-11-19,LAL,DEN,503,503,TRUE,TRUE
2018,400974990,2017-11-19,PHX,CHI,470,470,TRUE,TRUE
2018,400974989,2017-11-19,MIN,DET,436,436,TRUE,TRUE
2018,400974987,2017-11-19,BKN,GS,536,536,TRUE,TRUE
2018,400974986,2017-11-19,MIA,IND,402,402,TRUE,TRUE
2018,400974988,2017-11-19,TOR,WSH,436,436,TRUE,TRUE
2018,400974985,2017-11-18,POR,SAC,440,440,TRUE,TRUE
2018,400974984,2017-11-18,DAL,MIL,457,457,TRUE,TRUE
2018,400974983,2017-11-18,MEM,HOU,460,460,TRUE,TRUE
2018,400974981,2017-11-18,ATL,BOS,449,449,TRUE,TRUE
2018,400974982,2017-11-18,PHI,GS,465,465,TRUE,TRUE
2018,400974979,2017-11-18,CHA,LAC,469,469,TRUE,TRUE
2018,400974980,2017-11-18,ORL,UTAH,461,461,TRUE,TRUE
2018,400974977,2017-11-17,DEN,NO,420,420,TRUE,TRUE
2018,400974978,2017-11-17,LAL,PHX,495,495,TRUE,TRUE
2018,400974976,2017-11-17,SAC,POR,446,446,TRUE,TRUE
2018,400974975,2017-11-17,DAL,MIN,446,446,TRUE,TRUE
2018,400974973,2017-11-17,CHI,CHA,452,452,TRUE,TRUE
2018,400974974,2017-11-17,SA,OKC,458,458,TRUE,TRUE
2018,400974970,2017-11-17,BKN,UTAH,453,453,TRUE,TRUE
2018,400974971,2017-11-17,CLE,LAC,498,445,TRUE,TRUE
2018,400974972,2017-11-17,TOR,NY,417,417,TRUE,TRUE
2018,400974968,2017-11-17,IND,DET,444,444,TRUE,TRUE
2018,400974969,2017-11-17,WSH,MIA,439,439,TRUE,TRUE
2018,400974967,2017-11-16,PHX,HOU,505,505,TRUE,TRUE
2018,400974966,2017-11-16,BOS,GS,496,496,TRUE,TRUE
2018,400974965,2017-11-15,LAL,PHI,517,517,TRUE,TRUE
2018,400974964,2017-11-15,POR,ORL,399,399,TRUE,TRUE
2018,400974958,2017-11-15,CHA,CLE,473,473,TRUE,TRUE
2018,400974959,2017-11-15,MEM,IND,447,447,TRUE,TRUE
2018,400974960,2017-11-15,MIL,DET,449,449,TRUE,TRUE
2018,400974961,2017-11-15,MIN,SA,425,425,TRUE,TRUE
2018,400974962,2017-11-15,NO,TOR,420,420,TRUE,TRUE
2018,400974963,2017-11-15,OKC,CHI,455,455,TRUE,TRUE
2018,400974955,2017-11-15,ATL,SAC,328,328,TRUE,TRUE
2018,400974956,2017-11-15,MIA,WSH,333,333,TRUE,TRUE
2018,400974957,2017-11-15,NY,UTAH,297,297,TRUE,TRUE
2018,400974954,2017-11-14,DAL,SA,456,456,TRUE,TRUE
2018,400974953,2017-11-14,HOU,TOR,512,512,TRUE,TRUE
2018,400974952,2017-11-14,BKN,BOS,479,479,TRUE,TRUE
2018,400974950,2017-11-13,GS,ORL,451,451,TRUE,TRUE
2018,400974951,2017-11-13,LAC,PHI,506,506,TRUE,TRUE
2018,400974949,2017-11-13,POR,DEN,441,441,TRUE,TRUE
2018,400974947,2017-11-13,PHX,LAL,483,483,TRUE,TRUE
2018,400974948,2017-11-13,UTAH,MIN,413,413,TRUE,TRUE
2018,400974945,2017-11-13,MIL,MEM,427,427,TRUE,TRUE
2018,400974946,2017-11-13,NO,ATL,426,426,TRUE,TRUE
2018,400974944,2017-11-13,NY,CLE,477,477,TRUE,TRUE
2018,400974943,2017-11-13,WSH,SAC,411,411,TRUE,TRUE
2018,400974942,2017-11-12,OKC,DAL,464,464,TRUE,TRUE
2018,400974941,2017-11-12,IND,HOU,442,442,TRUE,TRUE
2018,400974940,2017-11-12,DET,MIA,444,444,TRUE,TRUE
2018,400974939,2017-11-12,BOS,TOR,443,443,TRUE,TRUE
2018,400974936,2017-11-11,DEN,ORL,446,446,TRUE,TRUE
2018,400974937,2017-11-11,PHX,MIN,495,495,TRUE,TRUE
2018,400974938,2017-11-11,UTAH,BKN,484,484,TRUE,TRUE
2018,400974932,2017-11-11,DAL,CLE,482,482,TRUE,TRUE
2018,400974933,2017-11-11,MIL,LAL,481,481,TRUE,TRUE
2018,400974934,2017-11-11,SA,CHI,408,408,TRUE,TRUE
2018,400974935,2017-11-11,GS,PHI,484,484,TRUE,TRUE
2018,400974930,2017-11-11,NY,SAC,440,440,TRUE,TRUE
2018,400974931,2017-11-11,HOU,MEM,445,445,TRUE,TRUE
2018,400974928,2017-11-11,WSH,ATL,465,465,TRUE,TRUE
2018,400974929,2017-11-11,NO,LAC,462,462,TRUE,TRUE
2018,400974927,2017-11-10,POR,BKN,454,454,TRUE,TRUE
2018,400974923,2017-11-10,OKC,LAC,510,510,TRUE,TRUE
2018,400974924,2017-11-10,SA,MIL,445,445,TRUE,TRUE
2018,400974925,2017-11-10,PHX,ORL,504,504,TRUE,TRUE
2018,400974926,2017-11-10,UTAH,MIA,443,443,TRUE,TRUE
2018,400974922,2017-11-10,CHI,IND,427,427,TRUE,TRUE
2018,400974921,2017-11-10,BOS,CHA,511,511,TRUE,TRUE
2018,400974920,2017-11-10,DET,ATL,471,471,TRUE,TRUE
2018,400974919,2017-11-09,DEN,OKC,463,463,TRUE,TRUE
2018,400974918,2017-11-09,SAC,PHI,505,505,TRUE,TRUE
2018,400974917,2017-11-09,HOU,CLE,464,464,TRUE,TRUE
2018,400974916,2017-11-09,TOR,NO,484,484,TRUE,TRUE
2018,400974915,2017-11-09,WSH,LAL,493,493,TRUE,TRUE
2018,400974914,2017-11-08,GS,MIN,464,464,TRUE,TRUE
2018,400974913,2017-11-08,PHX,MIA,482,482,TRUE,TRUE
2018,400974912,2017-11-08,BOS,LAL,506,506,TRUE,TRUE
2018,400974910,2017-11-08,DET,IND,436,436,TRUE,TRUE
2018,400974911,2017-11-08,ORL,NY,420,420,TRUE,TRUE
2018,400974908,2017-11-07,POR,MEM,433,433,TRUE,TRUE
2018,400974909,2017-11-07,SAC,OKC,457,457,TRUE,TRUE
2018,400974906,2017-11-07,DEN,BKN,491,491,TRUE,TRUE
2018,400974907,2017-11-07,UTAH,PHI,564,564,TRUE,TRUE
2018,400974905,2017-11-07,SA,LAC,440,440,TRUE,TRUE
2018,400974903,2017-11-07,NY,CHA,439,439,TRUE,TRUE
2018,400974904,2017-11-07,TOR,CHI,445,445,TRUE,TRUE
2018,400974900,2017-11-07,CLE,MIL,453,453,TRUE,TRUE
2018,400974901,2017-11-07,IND,NO,451,451,TRUE,TRUE
2018,400974902,2017-11-07,WSH,DAL,456,456,TRUE,TRUE
2018,400974899,2017-11-06,GS,MIA,488,488,TRUE,TRUE
2018,400974898,2017-11-06,PHX,BKN,545,545,TRUE,TRUE
2018,400974897,2017-11-06,ATL,BOS,452,452,TRUE,TRUE
2018,400974896,2017-11-05,LAL,MEM,449,449,TRUE,TRUE
2018,400974895,2017-11-05,POR,OKC,470,470,TRUE,TRUE
2018,400974894,2017-11-05,MIN,CHA,471,471,TRUE,TRUE
2018,400974893,2017-11-05,NY,IND,430,430,TRUE,TRUE
2018,400974891,2017-11-05,HOU,UTAH,444,444,TRUE,TRUE
2018,400974892,2017-11-05,SA,PHX,441,441,TRUE,TRUE
2018,400974889,2017-11-05,ORL,BOS,475,475,TRUE,TRUE
2018,400974890,2017-11-05,TOR,WSH,468,468,TRUE,TRUE
2018,400974888,2017-11-05,LAC,MIA,492,492,TRUE,TRUE
2018,400974887,2017-11-05,CLE,ATL,504,504,TRUE,TRUE
2018,400974886,2017-11-04,DEN,GS,465,465,TRUE,TRUE
2018,400974884,2017-11-04,CHI,NO,480,427,TRUE,TRUE
2018,400974885,2017-11-04,MIN,DAL,431,431,TRUE,TRUE
2018,400974883,2017-11-04,DET,SAC,416,416,TRUE,TRUE
2018,400974882,2017-11-04,LAC,MEM,474,474,TRUE,TRUE
2018,400974881,2017-11-03,LAL,BKN,532,532,TRUE,TRUE
2018,400974880,2017-11-03,OKC,BOS,451,451,TRUE,TRUE
2018,400974878,2017-11-03,DEN,MIA,457,457,TRUE,TRUE
2018,400974879,2017-11-03,UTAH,TOR,448,448,TRUE,TRUE
2018,400974876,2017-11-03,DAL,NO,503,503,TRUE,TRUE
2018,400974877,2017-11-03,SA,CHA,496,496,TRUE,TRUE
2018,400974874,2017-11-03,ATL,HOU,445,445,TRUE,TRUE
2018,400974875,2017-11-03,NY,PHX,500,500,TRUE,TRUE
2018,400974870,2017-11-03,DET,MIL,413,413,TRUE,TRUE
2018,400974871,2017-11-03,ORL,CHI,409,409,TRUE,TRUE
2018,400974872,2017-11-03,PHI,IND,483,483,TRUE,TRUE
2018,400974873,2017-11-03,WSH,CLE,465,465,TRUE,TRUE
2018,400974869,2017-11-02,POR,LAL,444,444,TRUE,TRUE
2018,400974868,2017-11-02,SA,GS,457,457,TRUE,TRUE
2018,400974867,2017-11-01,LAC,DAL,464,464,TRUE,TRUE
2018,400974865,2017-11-01,DEN,TOR,467,467,TRUE,TRUE
2018,400974866,2017-11-01,UTAH,POR,535,474,TRUE,TRUE
2018,400974862,2017-11-01,NY,HOU,450,450,TRUE,TRUE
2018,400974863,2017-11-01,MEM,ORL,438,438,TRUE,TRUE
2018,400974864,2017-11-01,NO,MIN,460,460,TRUE,TRUE
2018,400974860,2017-11-01,BOS,SAC,410,410,TRUE,TRUE
2018,400974861,2017-11-01,MIA,CHI,439,439,TRUE,TRUE
2018,400974856,2017-11-01,CHA,MIL,449,449,TRUE,TRUE
2018,400974857,2017-11-01,CLE,IND,446,446,TRUE,TRUE
2018,400974858,2017-11-01,PHI,ATL,549,549,TRUE,TRUE
2018,400974859,2017-11-01,WSH,PHX,486,486,TRUE,TRUE
2018,400974855,2017-10-31,LAL,DET,427,427,TRUE,TRUE
2018,400974854,2017-10-31,MIL,OKC,420,420,TRUE,TRUE
2018,400974852,2017-10-31,IND,SAC,444,444,TRUE,TRUE
2018,400974851,2017-10-30,LAC,GS,479,479,TRUE,TRUE
2018,400974850,2017-10-30,POR,TOR,426,426,TRUE,TRUE
2018,400974849,2017-10-30,UTAH,DAL,436,436,TRUE,TRUE
2018,400974846,2017-10-30,HOU,PHI,497,497,TRUE,TRUE
2018,400974847,2017-10-30,MEM,CHA,509,509,TRUE,TRUE
2018,400974848,2017-10-30,NO,ORL,447,447,TRUE,TRUE
2018,400974843,2017-10-30,BOS,SA,469,469,TRUE,TRUE
2018,400974844,2017-10-30,MIA,MIN,536,477,TRUE,TRUE
2018,400974845,2017-10-30,NY,DEN,479,479,TRUE,TRUE
2018,400974842,2017-10-29,GS,DET,424,424,TRUE,TRUE
2018,400974841,2017-10-29,CLE,NY,469,469,TRUE,TRUE
2018,400974838,2017-10-29,BKN,DEN,498,498,TRUE,TRUE
2018,400974839,2017-10-29,CHA,ORL,480,480,TRUE,TRUE
2018,400974840,2017-10-29,SAC,WSH,438,438,TRUE,TRUE
2018,400974837,2017-10-29,IND,SA,462,462,TRUE,TRUE
2018,400974836,2017-10-29,ATL,MIL,441,441,TRUE,TRUE
2018,400974835,2017-10-28,LAC,DET,479,479,TRUE,TRUE
2018,400974834,2017-10-28,POR,PHX,505,505,TRUE,TRUE
2018,400974833,2017-10-28,UTAH,LAL,448,448,TRUE,TRUE
2018,400974832,2017-10-28,DAL,PHI,440,440,TRUE,TRUE
2018,400974829,2017-10-28,MIA,BOS,438,438,TRUE,TRUE
2018,400974830,2017-10-28,CHI,OKC,440,440,TRUE,TRUE
2018,400974831,2017-10-28,MEM,HOU,435,435,TRUE,TRUE
2018,400974828,2017-10-28,NO,CLE,450,450,TRUE,TRUE
2018,400974826,2017-10-27,GS,WSH,494,494,TRUE,TRUE
2018,400974827,2017-10-27,LAL,TOR,475,475,TRUE,TRUE
2018,400974825,2017-10-27,MIN,OKC,487,487,TRUE,TRUE
2018,400974823,2017-10-27,ATL,DEN,477,477,TRUE,TRUE
2018,400974824,2017-10-27,NY,BKN,472,472,TRUE,TRUE
2018,400974821,2017-10-27,CHA,HOU,459,459,TRUE,TRUE
2018,400974822,2017-10-27,ORL,SA,461,461,TRUE,TRUE
2018,400974820,2017-10-26,SAC,NO,456,456,TRUE,TRUE
2018,400974819,2017-10-26,POR,LAC,475,475,TRUE,TRUE
2018,400974816,2017-10-26,CHI,ATL,456,456,TRUE,TRUE
2018,400974817,2017-10-26,MEM,DAL,495,495,TRUE,TRUE
2018,400974818,2017-10-26,MIL,BOS,425,425,TRUE,TRUE
2018,400974814,2017-10-25,GS,TOR,427,427,TRUE,TRUE
2018,400974815,2017-10-25,LAL,WSH,505,457,TRUE,TRUE
2018,400974813,2017-10-25,PHX,UTAH,475,475,TRUE,TRUE
2018,400974812,2017-10-25,DAL,MEM,434,434,TRUE,TRUE
2018,400974810,2017-10-25,MIA,SA,431,431,TRUE,TRUE
2018,400974811,2017-10-25,OKC,IND,520,520,TRUE,TRUE
2018,400974809,2017-10-25,BKN,CLE,488,488,TRUE,TRUE
2018,400974806,2017-10-25,CHA,DEN,477,477,TRUE,TRUE
2018,400974807,2017-10-25,DET,MIN,453,453,TRUE,TRUE
2018,400974808,2017-10-25,PHI,HOU,454,454,TRUE,TRUE
2018,400974805,2017-10-24,LAC,UTAH,432,432,TRUE,TRUE
2018,400974804,2017-10-24,POR,NO,506,506,TRUE,TRUE
2018,400974803,2017-10-24,MIN,IND,423,423,TRUE,TRUE
2018,400974802,2017-10-24,BOS,NY,450,450,TRUE,TRUE
2018,400974800,2017-10-24,CLE,CHI,422,422,TRUE,TRUE
2018,400974801,2017-10-24,ORL,BKN,518,518,TRUE,TRUE
2018,400974799,2017-10-23,PHX,SAC,490,490,TRUE,TRUE
2018,400974798,2017-10-23,DEN,WSH,467,467,TRUE,TRUE
2018,400974796,2017-10-23,DAL,GS,504,504,TRUE,TRUE
2018,400974797,2017-10-23,SA,TOR,499,499,TRUE,TRUE
2018,400974794,2017-10-23,HOU,MEM,448,448,TRUE,TRUE
2018,400974795,2017-10-23,MIL,CHA,455,455,TRUE,TRUE
2018,400974793,2017-10-23,MIA,ATL,449,449,TRUE,TRUE
2018,400974792,2017-10-23,DET,PHI,469,469,TRUE,TRUE
2018,400974791,2017-10-22,LAL,NO,452,452,TRUE,TRUE
2018,400974790,2017-10-22,OKC,MIN,468,468,TRUE,TRUE
2018,400974789,2017-10-22,BKN,ATL,562,562,TRUE,TRUE
2018,400974788,2017-10-21,LAC,PHX,480,480,TRUE,TRUE
2018,400974786,2017-10-21,DEN,SAC,438,438,TRUE,TRUE
2018,400974787,2017-10-21,UTAH,OKC,441,441,TRUE,TRUE
2018,400974785,2017-10-21,MIL,POR,471,471,TRUE,TRUE
2018,400974779,2017-10-21,CLE,ORL,387,387,TRUE,TRUE
2018,400974780,2017-10-21,MIA,IND,240,240,TRUE,TRUE
2018,400974781,2017-10-21,NY,DET,453,453,TRUE,TRUE
2018,400974782,2017-10-21,CHI,SA,444,444,TRUE,TRUE
2018,400974783,2017-10-21,HOU,DAL,373,373,TRUE,TRUE
2018,400974784,2017-10-21,MEM,GS,494,494,TRUE,TRUE
2018,400974778,2017-10-21,TOR,PHI,523,523,TRUE,TRUE
2018,400974777,2017-10-20,PHX,LAL,553,553,TRUE,TRUE
2018,400974776,2017-10-20,DAL,SAC,434,434,TRUE,TRUE
2018,400974775,2017-10-20,MIN,UTAH,439,439,TRUE,TRUE
2018,400974774,2017-10-20,BKN,ORL,499,499,TRUE,TRUE
2018,400974443,2017-10-20,MIL,CLE,409,409,TRUE,TRUE
2018,400974770,2017-10-20,CHA,ATL,507,507,TRUE,TRUE
2018,400974771,2017-10-20,IND,POR,466,466,TRUE,TRUE
2018,400974772,2017-10-20,PHI,BOS,521,521,TRUE,TRUE
2018,400974767,2017-10-18,PHX,POR,481,481,TRUE,TRUE
2018,400974768,2017-10-18,SAC,HOU,448,448,TRUE,TRUE
2018,400974440,2017-10-18,SA,MIN,456,456,TRUE,TRUE
2018,400974766,2017-10-18,UTAH,DEN,423,423,TRUE,TRUE
2018,400974705,2017-10-18,DAL,ATL,474,474,TRUE,TRUE
2018,400974704,2017-10-18,MEM,NO,512,512,TRUE,TRUE
2018,400974703,2017-10-18,BOS,MIL,475,475,TRUE,TRUE
2018,400974439,2017-10-18,WSH,PHI,521,521,TRUE,TRUE
2018,400974700,2017-10-18,DET,CHA,439,439,TRUE,TRUE
2018,400974701,2017-10-18,IND,BKN,526,526,TRUE,TRUE
2018,400974702,2017-10-18,ORL,MIA,490,490,TRUE,TRUE
2018,400974438,2017-10-17,GS,HOU,464,464,TRUE,TRUE
2018,400974437,2017-10-17,CLE,BOS,479,479,TRUE,TRUE
2019,401071901,2019-04-10,DEN,MIN,432,432,TRUE,TRUE
2019,401071902,2019-04-10,LAC,UTAH,558,518,TRUE,TRUE
2019,401071903,2019-04-10,POR,SAC,425,425,TRUE,TRUE
2019,401071893,2019-04-10,ATL,IND,573,573,TRUE,TRUE
2019,401071894,2019-04-10,BKN,MIA,479,479,TRUE,TRUE
2019,401071895,2019-04-10,CHA,ORL,415,415,TRUE,TRUE
2019,401071896,2019-04-10,NY,DET,435,435,TRUE,TRUE
2019,401071897,2019-04-10,PHI,CHI,425,425,TRUE,TRUE
2019,401071898,2019-04-10,MEM,GS,444,444,TRUE,TRUE
2019,401071899,2019-04-10,MIL,OKC,477,477,TRUE,TRUE
2019,401071900,2019-04-10,SA,DAL,447,447,TRUE,TRUE
2019,401071892,2019-04-09,LAL,POR,466,466,TRUE,TRUE
2019,401071891,2019-04-09,OKC,HOU,476,476,TRUE,TRUE
2019,401071890,2019-04-09,UTAH,DEN,472,472,TRUE,TRUE
2019,401071889,2019-04-09,DAL,PHX,498,498,TRUE,TRUE
2019,401071886,2019-04-09,CHI,NY,453,453,TRUE,TRUE
2019,401071887,2019-04-09,MIN,TOR,446,446,TRUE,TRUE
2019,401071888,2019-04-09,NO,GS,446,446,TRUE,TRUE
2019,401071885,2019-04-09,MIA,PHI,462,462,TRUE,TRUE
2019,401071882,2019-04-09,CLE,CHA,408,408,TRUE,TRUE
2019,401071883,2019-04-09,DET,MEM,459,459,TRUE,TRUE
2019,401071884,2019-04-09,WSH,BOS,475,475,TRUE,TRUE
2019,401071881,2019-04-07,LAL,UTAH,461,461,TRUE,TRUE
2019,401071879,2019-04-07,POR,DEN,485,485,TRUE,TRUE
2019,401071880,2019-04-07,SAC,NO,475,475,TRUE,TRUE
2019,401071878,2019-04-07,GS,LAC,463,463,TRUE,TRUE
2019,401071876,2019-04-07,BOS,ORL,445,445,TRUE,TRUE
2019,401071877,2019-04-07,NY,WSH,441,441,TRUE,TRUE
2019,401071874,2019-04-07,HOU,PHX,415,415,TRUE,FALSE
2019,401071875,2019-04-07,MIL,ATL,541,541,TRUE,TRUE
2019,401071873,2019-04-07,MEM,DAL,525,468,TRUE,TRUE
2019,401071872,2019-04-07,IND,BKN,427,427,TRUE,TRUE
2019,401071871,2019-04-07,DET,CHA,449,449,TRUE,TRUE
2019,401071870,2019-04-07,MIN,OKC,481,481,TRUE,TRUE
2019,401071869,2019-04-07,CLE,SA,447,447,TRUE,TRUE
2019,401071868,2019-04-07,TOR,MIA,487,439,TRUE,TRUE
2019,401071867,2019-04-06,CHI,PHI,450,450,TRUE,TRUE
2019,401071866,2019-04-06,MIL,BKN,483,483,TRUE,TRUE
2019,401071863,2019-04-05,DEN,POR,453,453,TRUE,TRUE
2019,401071864,2019-04-05,GS,CLE,434,434,TRUE,TRUE
2019,401071865,2019-04-05,LAC,LAL,495,495,TRUE,TRUE
2019,401071862,2019-04-05,PHX,NO,503,452,TRUE,TRUE
2019,401071861,2019-04-05,UTAH,SAC,495,495,TRUE,TRUE
2019,401071860,2019-04-05,DAL,MEM,464,464,TRUE,TRUE
2019,401071856,2019-04-05,IND,BOS,453,453,TRUE,TRUE
2019,401071857,2019-04-05,HOU,NY,461,461,TRUE,TRUE
2019,401071858,2019-04-05,MIN,MIA,448,448,TRUE,TRUE
2019,401071859,2019-04-05,OKC,DET,507,507,TRUE,TRUE
2019,401071853,2019-04-05,CHA,TOR,448,448,TRUE,TRUE
2019,401071854,2019-04-05,ORL,ATL,504,504,TRUE,TRUE
2019,401071855,2019-04-05,WSH,SA,430,430,TRUE,TRUE
2019,401071852,2019-04-04,LAL,GS,469,469,TRUE,TRUE
2019,401071851,2019-04-04,SAC,CLE,416,416,TRUE,TRUE
2019,401071850,2019-04-04,PHI,MIL,530,530,TRUE,TRUE
2019,401071849,2019-04-03,LAC,HOU,485,485,TRUE,TRUE
2019,401071847,2019-04-03,PHX,UTAH,436,436,TRUE,TRUE
2019,401071848,2019-04-03,POR,MEM,433,433,TRUE,TRUE
2019,401071846,2019-04-03,DEN,SA,439,439,TRUE,TRUE
2019,401071845,2019-04-03,DAL,MIN,460,460,TRUE,TRUE
2019,401071844,2019-04-03,NO,CHA,475,475,TRUE,TRUE
2019,401071841,2019-04-03,ATL,PHI,532,532,TRUE,TRUE
2019,401071842,2019-04-03,BKN,TOR,464,464,TRUE,TRUE
2019,401071843,2019-04-03,MIA,BOS,481,481,TRUE,TRUE
2019,401071838,2019-04-03,DET,IND,469,469,TRUE,TRUE
2019,401071839,2019-04-03,ORL,NY,462,462,TRUE,TRUE
2019,401071840,2019-04-03,WSH,CHI,463,463,TRUE,TRUE
2019,401071837,2019-04-02,GS,DEN,481,481,TRUE,TRUE
2019,401071836,2019-04-02,SAC,HOU,455,455,TRUE,TRUE
2019,401071835,2019-04-02,SA,ATL,463,463,TRUE,TRUE
2019,401071834,2019-04-02,OKC,LAL,481,481,TRUE,TRUE
2019,401071833,2019-04-01,PHX,CLE,466,466,TRUE,TRUE
2019,401071832,2019-04-01,UTAH,CHA,483,483,TRUE,TRUE
2019,401071831,2019-04-01,DAL,PHI,519,519,TRUE,TRUE
2019,401071830,2019-04-01,MIN,POR,448,448,TRUE,TRUE
2019,401071826,2019-04-01,BOS,MIA,462,462,TRUE,TRUE
2019,401071827,2019-04-01,BKN,MIL,550,550,TRUE,TRUE
2019,401071828,2019-04-01,NY,CHI,435,435,TRUE,TRUE
2019,401071829,2019-04-01,TOR,ORL,451,451,TRUE,TRUE
2019,401071825,2019-04-01,IND,DET,443,443,TRUE,TRUE
2019,401071824,2019-03-31,LAC,MEM,482,482,TRUE,TRUE
2019,401071823,2019-03-31,GS,CHA,423,423,TRUE,TRUE
2019,401071822,2019-03-31,DEN,WSH,478,478,TRUE,TRUE
2019,401071821,2019-03-31,SA,SAC,449,449,TRUE,TRUE
2019,401071820,2019-03-31,NO,LAL,465,465,TRUE,TRUE
2019,401071819,2019-03-31,OKC,DAL,488,488,TRUE,TRUE
2019,401071818,2019-03-31,ATL,MIL,566,510,TRUE,TRUE
2019,401071817,2019-03-30,PHX,MEM,482,482,TRUE,TRUE
2019,401071815,2019-03-30,CHI,TOR,447,447,TRUE,TRUE
2019,401071816,2019-03-30,MIN,PHI,453,453,TRUE,TRUE
2019,401071814,2019-03-30,NY,MIA,462,462,TRUE,TRUE
2019,401071812,2019-03-30,DET,POR,486,486,TRUE,TRUE
2019,401071813,2019-03-30,IND,ORL,442,442,TRUE,TRUE
2019,401071810,2019-03-30,BKN,BOS,471,471,TRUE,TRUE
2019,401071811,2019-03-30,HOU,SAC,448,448,TRUE,TRUE
2019,401071809,2019-03-30,LAC,CLE,449,449,TRUE,TRUE
2019,401071808,2019-03-29,LAL,CHA,430,430,TRUE,TRUE
2019,401071807,2019-03-29,UTAH,WSH,472,472,TRUE,TRUE
2019,401071805,2019-03-29,MIN,GS,549,484,TRUE,TRUE
2019,401071806,2019-03-29,OKC,DEN,421,421,TRUE,TRUE
2019,401071804,2019-03-29,ATL,POR,463,463,TRUE,TRUE
2019,401071803,2019-03-29,BOS,IND,455,455,TRUE,TRUE
2019,401071802,2019-03-28,SA,CLE,430,430,TRUE,TRUE
2019,401071799,2019-03-28,HOU,DEN,436,436,TRUE,TRUE
2019,401071800,2019-03-28,MIL,LAC,472,472,TRUE,TRUE
2019,401071801,2019-03-28,NO,SAC,441,441,TRUE,TRUE
2019,401071797,2019-03-28,MIA,DAL,484,484,TRUE,TRUE
2019,401071798,2019-03-28,NY,TOR,487,487,TRUE,TRUE
2019,401071795,2019-03-28,DET,ORL,440,440,TRUE,TRUE
2019,401071796,2019-03-28,PHI,BKN,506,506,TRUE,TRUE
2019,401071794,2019-03-27,UTAH,LAL,500,500,TRUE,TRUE
2019,401071793,2019-03-27,PHX,WSH,495,495,TRUE,TRUE
2019,401071790,2019-03-27,CHI,POR,431,431,TRUE,TRUE
2019,401071791,2019-03-27,MEM,GS,477,477,TRUE,TRUE
2019,401071792,2019-03-27,OKC,IND,446,446,TRUE,TRUE
2019,401071789,2019-03-26,LAL,WSH,481,481,TRUE,TRUE
2019,401071788,2019-03-26,DEN,DET,474,474,TRUE,TRUE
2019,401071787,2019-03-26,DAL,SAC,450,450,TRUE,TRUE
2019,401071784,2019-03-26,MIL,HOU,471,471,TRUE,TRUE
2019,401071785,2019-03-26,MIN,LAC,483,483,TRUE,TRUE
2019,401071786,2019-03-26,NO,ATL,520,520,TRUE,TRUE
2019,401071782,2019-03-26,MIA,ORL,471,471,TRUE,TRUE
2019,401071783,2019-03-26,TOR,CHI,438,438,TRUE,TRUE
2019,401071780,2019-03-26,CHA,SA,534,471,TRUE,TRUE
2019,401071781,2019-03-26,CLE,BOS,448,448,TRUE,TRUE
2019,401071779,2019-03-25,POR,BKN,603,477,TRUE,TRUE
2019,401071778,2019-03-25,UTAH,PHX,467,467,TRUE,TRUE
2019,401071777,2019-03-25,MEM,OKC,500,500,TRUE,TRUE
2019,401071776,2019-03-25,ORL,PHI,433,433,TRUE,TRUE
2019,401071775,2019-03-24,LAL,SAC,515,515,TRUE,TRUE
2019,401071774,2019-03-24,GS,DET,411,411,TRUE,TRUE
2019,401071773,2019-03-24,BOS,SA,452,452,TRUE,TRUE
2019,401071772,2019-03-24,NO,HOU,414,414,TRUE,TRUE
2019,401071771,2019-03-24,TOR,CHA,414,414,TRUE,TRUE
2019,401071770,2019-03-24,IND,DEN,447,447,TRUE,TRUE
2019,401071769,2019-03-24,MIL,CLE,461,461,TRUE,TRUE
2019,401071768,2019-03-24,NY,LAC,479,479,TRUE,TRUE
2019,401071766,2019-03-23,POR,DET,410,410,TRUE,TRUE
2019,401071767,2019-03-23,SAC,PHX,483,483,TRUE,TRUE
2019,401071765,2019-03-23,GS,DAL,459,459,TRUE,TRUE
2019,401071763,2019-03-23,CHI,UTAH,460,460,TRUE,TRUE
2019,401071764,2019-03-23,MEM,MIN,493,493,TRUE,TRUE
2019,401071762,2019-03-23,ATL,PHI,473,473,TRUE,FALSE
2019,401071761,2019-03-23,WSH,MIA,466,466,TRUE,TRUE
2019,401071760,2019-03-23,CHA,BOS,474,474,TRUE,TRUE
2019,401071759,2019-03-22,LAL,BKN,540,540,TRUE,TRUE
2019,401071758,2019-03-22,MIL,MIA,472,472,TRUE,TRUE
2019,401071757,2019-03-22,HOU,SA,467,467,TRUE,TRUE
2019,401071754,2019-03-22,CLE,LAC,446,446,TRUE,TRUE
2019,401071755,2019-03-22,NY,DEN,453,453,TRUE,TRUE
2019,401071756,2019-03-22,TOR,OKC,440,440,TRUE,TRUE
2019,401071753,2019-03-22,ORL,MEM,519,463,TRUE,TRUE
2019,401071752,2019-03-21,GS,IND,455,455,TRUE,TRUE
2019,401071750,2019-03-21,PHX,DET,485,485,TRUE,TRUE
2019,401071751,2019-03-21,SAC,DAL,481,481,TRUE,TRUE
2019,401071749,2019-03-21,ATL,UTAH,509,509,TRUE,TRUE
2019,401071747,2019-03-21,CHA,MIN,509,509,TRUE,TRUE
2019,401071748,2019-03-21,WSH,DEN,402,402,TRUE,TRUE
2019,401071746,2019-03-20,POR,DAL,458,458,TRUE,TRUE
2019,401071745,2019-03-20,OKC,TOR,518,465,TRUE,TRUE
2019,401071744,2019-03-20,SA,MIA,450,450,TRUE,TRUE
2019,401071742,2019-03-20,CHI,WSH,492,432,TRUE,TRUE
2019,401071743,2019-03-20,MEM,HOU,513,461,TRUE,TRUE
2019,401071741,2019-03-20,NY,UTAH,431,431,TRUE,TRUE
2019,401071738,2019-03-20,CLE,MIL,491,491,TRUE,TRUE
2019,401071739,2019-03-20,ORL,NO,473,473,TRUE,TRUE
2019,401071740,2019-03-20,PHI,BOS,498,498,TRUE,TRUE
2019,401071737,2019-03-19,LAC,IND,471,471,TRUE,TRUE
2019,401071736,2019-03-19,SAC,BKN,488,488,TRUE,TRUE
2019,401071734,2019-03-19,MIL,LAL,498,498,TRUE,TRUE
2019,401071735,2019-03-19,MIN,GS,477,477,TRUE,TRUE
2019,401071733,2019-03-19,ATL,HOU,452,452,TRUE,TRUE
2019,401071732,2019-03-19,CHA,PHI,504,504,TRUE,TRUE
2019,401071731,2019-03-18,POR,IND,446,446,TRUE,TRUE
2019,401071730,2019-03-18,PHX,CHI,464,464,TRUE,TRUE
2019,401071729,2019-03-18,DAL,NO,553,484,TRUE,TRUE
2019,401071727,2019-03-18,OKC,MIA,467,467,TRUE,TRUE
2019,401071728,2019-03-18,SA,GS,442,442,TRUE,TRUE
2019,401071725,2019-03-18,BOS,DEN,468,468,TRUE,TRUE
2019,401071726,2019-03-18,TOR,NY,473,473,TRUE,TRUE
2019,401071723,2019-03-18,CLE,DET,431,431,TRUE,TRUE
2019,401071724,2019-03-18,WSH,UTAH,437,437,TRUE,TRUE
2019,401071721,2019-03-17,HOU,MIN,471,471,TRUE,TRUE
2019,401071722,2019-03-17,LAC,BKN,535,535,TRUE,TRUE
2019,401071719,2019-03-17,ORL,ATL,488,488,TRUE,TRUE
2019,401071720,2019-03-17,SAC,CHI,466,466,TRUE,TRUE
2019,401071718,2019-03-17,DET,TOR,425,425,TRUE,TRUE
2019,401071717,2019-03-17,MIL,PHI,530,530,TRUE,TRUE
2019,401071716,2019-03-17,MIA,CHA,473,473,TRUE,TRUE
2019,401071715,2019-03-17,NY,LAL,464,464,TRUE,TRUE
2019,401071713,2019-03-16,DEN,IND,451,451,TRUE,TRUE
2019,401071714,2019-03-16,UTAH,BKN,513,513,TRUE,TRUE
2019,401071710,2019-03-16,DAL,CLE,442,442,TRUE,TRUE
2019,401071711,2019-03-16,OKC,GS,503,503,TRUE,TRUE
2019,401071712,2019-03-16,SA,POR,459,459,TRUE,TRUE
2019,401071708,2019-03-16,WSH,MEM,484,484,TRUE,TRUE
2019,401071709,2019-03-16,NO,PHX,602,524,TRUE,TRUE
2019,401071707,2019-03-16,BOS,ATL,527,527,TRUE,TRUE
2019,401071706,2019-03-15,LAC,CHI,509,509,TRUE,TRUE
2019,401071705,2019-03-15,SA,NY,421,421,TRUE,TRUE
2019,401071702,2019-03-15,MIA,MIL,500,500,TRUE,TRUE
2019,401071703,2019-03-15,HOU,PHX,462,462,TRUE,TRUE
2019,401071704,2019-03-15,NO,POR,502,502,TRUE,TRUE
2019,401071699,2019-03-15,DET,LAL,484,484,TRUE,TRUE
2019,401071700,2019-03-15,PHI,SAC,470,470,TRUE,TRUE
2019,401071701,2019-03-15,WSH,CHA,454,454,TRUE,TRUE
2019,401071698,2019-03-14,DEN,DAL,426,426,TRUE,TRUE
2019,401071697,2019-03-14,UTAH,MIN,485,485,TRUE,TRUE
2019,401071696,2019-03-14,TOR,LAL,501,501,TRUE,TRUE
2019,401071695,2019-03-14,BOS,SAC,495,495,TRUE,TRUE
2019,401071693,2019-03-14,IND,OKC,467,467,TRUE,TRUE
2019,401071694,2019-03-14,ORL,CLE,445,445,TRUE,TRUE
2019,401071692,2019-03-13,PHX,UTAH,477,477,TRUE,TRUE
2019,401071691,2019-03-13,HOU,GS,428,428,TRUE,TRUE
2019,401071687,2019-03-13,MIA,DET,443,443,TRUE,TRUE
2019,401071689,2019-03-13,ATL,MEM,496,496,TRUE,TRUE
2019,401071688,2019-03-13,WSH,ORL,420,420,TRUE,TRUE
2019,401071690,2019-03-13,OKC,BKN,465,465,TRUE,TRUE
2019,401071685,2019-03-12,DEN,MIN,444,444,TRUE,TRUE
2019,401071686,2019-03-12,LAC,POR,505,505,TRUE,TRUE
2019,401071682,2019-03-12,CHI,LAL,445,445,TRUE,TRUE
2019,401071683,2019-03-12,NO,MIL,518,518,TRUE,TRUE
2019,401071684,2019-03-12,DAL,SA,446,446,TRUE,TRUE
2019,401071680,2019-03-12,IND,NY,461,461,TRUE,TRUE
2019,401071681,2019-03-12,PHI,CLE,462,462,TRUE,TRUE
2019,401071679,2019-03-11,LAC,BOS,469,469,TRUE,TRUE
2019,401071678,2019-03-11,UTAH,OKC,476,476,TRUE,TRUE
2019,401071677,2019-03-11,HOU,CHA,470,470,TRUE,TRUE
2019,401071676,2019-03-11,BKN,DET,471,471,TRUE,TRUE
2019,401071674,2019-03-11,CLE,TOR,473,473,TRUE,TRUE
2019,401071675,2019-03-11,WSH,SAC,498,498,TRUE,TRUE
2019,401071673,2019-03-10,GS,PHX,495,495,TRUE,TRUE
2019,401071671,2019-03-10,MIN,NY,440,440,TRUE,TRUE
2019,401071672,2019-03-10,SA,MIL,468,468,TRUE,TRUE
2019,401071670,2019-03-10,DAL,HOU,469,469,TRUE,TRUE
2019,401071668,2019-03-10,ATL,NO,467,467,TRUE,TRUE
2019,401071669,2019-03-10,MEM,ORL,491,491,TRUE,TRUE
2019,401071666,2019-03-10,MIA,TOR,458,458,TRUE,TRUE
2019,401071667,2019-03-10,PHI,IND,545,545,TRUE,TRUE
2019,401071665,2019-03-10,DET,CHI,448,448,TRUE,TRUE
2019,401071664,2019-03-09,POR,PHX,518,518,TRUE,TRUE
2019,401071663,2019-03-09,MIL,CHA,477,477,TRUE,TRUE
2019,401071662,2019-03-09,LAL,BOS,451,451,TRUE,TRUE
2019,401071661,2019-03-09,MIN,WSH,543,478,TRUE,TRUE
2019,401071660,2019-03-09,ATL,BKN,599,599,TRUE,TRUE
2019,401071659,2019-03-09,NY,SAC,476,476,TRUE,TRUE
2019,401071657,2019-03-08,GS,DEN,505,505,TRUE,TRUE
2019,401071658,2019-03-08,LAC,OKC,549,549,TRUE,TRUE
2019,401071652,2019-03-08,MIA,CLE,429,429,TRUE,TRUE
2019,401071653,2019-03-08,CHI,DET,439,439,TRUE,TRUE
2019,401071654,2019-03-08,HOU,PHI,472,472,TRUE,TRUE
2019,401071655,2019-03-08,MEM,UTAH,453,453,TRUE,TRUE
2019,401071656,2019-03-08,NO,TOR,270,270,TRUE,FALSE
2019,401071650,2019-03-08,CHA,WSH,475,475,TRUE,TRUE
2019,401071651,2019-03-08,ORL,DAL,450,450,TRUE,TRUE
2019,401071649,2019-03-07,POR,OKC,582,524,TRUE,TRUE
2019,401071648,2019-03-07,MIL,IND,472,472,TRUE,TRUE
2019,401071647,2019-03-06,LAL,DEN,467,467,TRUE,TRUE
2019,401071646,2019-03-06,SAC,BOS,447,447,TRUE,TRUE
2019,401071645,2019-03-06,PHX,NY,456,456,TRUE,TRUE
2019,401071643,2019-03-06,CHI,PHI,488,488,TRUE,TRUE
2019,401071644,2019-03-06,NO,UTAH,479,479,TRUE,TRUE
2019,401071641,2019-03-06,ATL,SA,485,485,TRUE,TRUE
2019,401071642,2019-03-06,BKN,CLE,495,495,TRUE,TRUE
2019,401071638,2019-03-06,CHA,MIA,453,453,TRUE,TRUE
2019,401071639,2019-03-06,DET,MIN,448,448,TRUE,TRUE
2019,401071640,2019-03-06,WSH,DAL,475,475,TRUE,TRUE
2019,401071637,2019-03-05,GS,BOS,475,475,TRUE,TRUE
2019,401071634,2019-03-05,TOR,HOU,439,439,TRUE,TRUE
2019,401071635,2019-03-05,MEM,POR,461,461,TRUE,TRUE
2019,401071636,2019-03-05,MIN,OKC,508,508,TRUE,TRUE
2019,401071632,2019-03-05,IND,CHI,480,480,TRUE,TRUE
2019,401071633,2019-03-05,PHI,ORL,439,439,TRUE,TRUE
2019,401071631,2019-03-04,LAL,LAC,466,466,TRUE,TRUE
2019,401071630,2019-03-04,SAC,NY,483,483,TRUE,TRUE
2019,401071628,2019-03-04,PHX,MIL,529,529,TRUE,TRUE
2019,401071629,2019-03-04,UTAH,NO,439,439,TRUE,TRUE
2019,401071627,2019-03-04,SA,DEN,429,429,TRUE,TRUE
2019,401071625,2019-03-04,BKN,DAL,464,464,TRUE,TRUE
2019,401071626,2019-03-04,MIA,ATL,492,492,TRUE,TRUE
2019,401071624,2019-03-03,OKC,MEM,498,498,TRUE,TRUE
2019,401071621,2019-03-03,CLE,ORL,427,427,TRUE,TRUE
2019,401071622,2019-03-03,DET,TOR,530,470,TRUE,TRUE
2019,401071623,2019-03-03,WSH,MIN,491,491,TRUE,TRUE
2019,401071618,2019-03-03,BOS,HOU,461,461,TRUE,TRUE
2019,401071619,2019-03-03,CHI,ATL,486,486,TRUE,TRUE
2019,401071620,2019-03-03,LAC,NY,493,493,TRUE,TRUE
2019,401071617,2019-03-03,CHA,POR,469,469,TRUE,TRUE
2019,401071614,2019-03-02,DEN,NO,518,518,TRUE,TRUE
2019,401071615,2019-03-02,PHX,LAL,470,470,TRUE,TRUE
2019,401071616,2019-03-02,UTAH,MIL,548,548,TRUE,TRUE
2019,401071611,2019-03-02,PHI,GS,499,499,TRUE,TRUE
2019,401071612,2019-03-02,DAL,MEM,502,502,TRUE,TRUE
2019,401071613,2019-03-02,SA,OKC,482,482,TRUE,TRUE
2019,401071610,2019-03-02,MIA,BKN,463,463,TRUE,TRUE
2019,401071609,2019-03-02,IND,ORL,435,435,TRUE,TRUE
2019,401071608,2019-03-02,CLE,DET,437,437,TRUE,TRUE
2019,401071607,2019-03-01,LAL,MIL,460,460,TRUE,TRUE
2019,401071606,2019-03-01,SAC,LAC,504,504,TRUE,TRUE
2019,401071605,2019-03-01,PHX,NO,482,482,TRUE,TRUE
2019,401071603,2019-03-01,TOR,POR,436,436,TRUE,TRUE
2019,401071604,2019-03-01,BOS,WSH,462,462,TRUE,TRUE
2019,401071601,2019-03-01,ATL,CHI,700,465,TRUE,TRUE
2019,401071602,2019-03-01,BKN,CHA,463,463,TRUE,TRUE
2019,401071599,2019-02-28,DEN,UTAH,529,529,TRUE,TRUE
2019,401071598,2019-02-28,HOU,MIA,438,438,TRUE,TRUE
2019,401071600,2019-02-28,OKC,PHI,490,490,TRUE,TRUE
2019,401071597,2019-02-28,NY,CLE,491,491,TRUE,TRUE
2019,401071595,2019-02-28,IND,MIN,497,497,TRUE,TRUE
2019,401071596,2019-02-28,ORL,GS,457,457,TRUE,TRUE
2019,401071594,2019-02-27,LAL,NO,525,525,TRUE,TRUE
2019,401071593,2019-02-27,SAC,MIL,571,507,TRUE,TRUE
2019,401071592,2019-02-27,UTAH,LAC,530,530,TRUE,TRUE
2019,401071590,2019-02-27,SA,DET,419,419,TRUE,TRUE
2019,401071591,2019-02-27,DAL,IND,437,437,TRUE,TRUE
2019,401071586,2019-02-27,BOS,POR,443,443,TRUE,TRUE
2019,401071589,2019-02-27,MEM,CHI,468,468,TRUE,TRUE
2019,401071585,2019-02-27,ATL,MIN,577,524,TRUE,TRUE
2019,401071587,2019-02-27,BKN,WSH,525,525,TRUE,TRUE
2019,401071588,2019-02-27,MIA,GS,494,494,TRUE,TRUE
2019,401071584,2019-02-27,CHA,HOU,461,461,TRUE,TRUE
2019,401071583,2019-02-26,DEN,OKC,526,526,TRUE,TRUE
2019,401071582,2019-02-26,TOR,BOS,466,466,TRUE,TRUE
2019,401071581,2019-02-26,NY,ORL,476,476,TRUE,TRUE
2019,401071580,2019-02-25,LAC,DAL,466,466,TRUE,TRUE
2019,401071575,2019-02-25,CHI,MIL,476,476,TRUE,TRUE
2019,401071576,2019-02-25,HOU,ATL,478,478,TRUE,TRUE
2019,401071577,2019-02-25,MEM,LAL,499,499,TRUE,TRUE
2019,401071578,2019-02-25,MIN,SAC,517,517,TRUE,TRUE
2019,401071579,2019-02-25,NO,PHI,535,535,TRUE,TRUE
2019,401071573,2019-02-25,BKN,SA,447,447,TRUE,TRUE
2019,401071574,2019-02-25,MIA,PHX,485,485,TRUE,TRUE
2019,401071570,2019-02-25,CHA,GS,467,467,TRUE,TRUE
2019,401071571,2019-02-25,CLE,POR,437,437,TRUE,TRUE
2019,401071572,2019-02-25,DET,IND,472,472,TRUE,TRUE
2019,401071569,2019-02-24,NY,SA,487,487,TRUE,TRUE
2019,401071568,2019-02-24,DEN,LAC,532,532,TRUE,TRUE
2019,401071567,2019-02-24,TOR,ORL,466,466,TRUE,TRUE
2019,401071566,2019-02-23,UTAH,DAL,474,474,TRUE,TRUE
2019,401071564,2019-02-23,MIL,MIN,482,482,TRUE,TRUE
2019,401071565,2019-02-23,GS,HOU,485,485,TRUE,TRUE
2019,401071562,2019-02-23,CHI,BOS,436,436,TRUE,TRUE
2019,401071563,2019-02-23,OKC,SAC,532,532,TRUE,TRUE
2019,401071561,2019-02-23,MIA,DET,452,452,TRUE,TRUE
2019,401071556,2019-02-23,ATL,PHX,515,515,TRUE,TRUE
2019,401071557,2019-02-23,CHA,BKN,484,484,TRUE,TRUE
2019,401071558,2019-02-23,CLE,MEM,494,494,TRUE,TRUE
2019,401071559,2019-02-23,WSH,IND,442,442,TRUE,TRUE
2019,401071560,2019-02-23,NO,LAL,471,471,TRUE,TRUE
2019,401071555,2019-02-23,PHI,POR,484,484,TRUE,TRUE
2019,401071554,2019-02-22,OKC,UTAH,584,479,TRUE,TRUE
2019,401071553,2019-02-22,DAL,DEN,531,531,TRUE,TRUE
2019,401071552,2019-02-22,MEM,LAC,537,537,TRUE,TRUE
2019,401071550,2019-02-22,ATL,DET,482,482,TRUE,TRUE
2019,401071551,2019-02-22,NY,MIN,492,492,TRUE,TRUE
2019,401071546,2019-02-22,CHA,WSH,485,485,TRUE,TRUE
2019,401071547,2019-02-22,IND,NO,529,529,TRUE,TRUE
2019,401071548,2019-02-22,ORL,CHI,459,459,TRUE,TRUE
2019,401071549,2019-02-22,TOR,SA,491,491,TRUE,TRUE
2019,401071544,2019-02-21,GS,SAC,529,529,TRUE,TRUE
2019,401071545,2019-02-21,LAL,HOU,469,469,TRUE,TRUE
2019,401071543,2019-02-21,MIL,BOS,454,454,TRUE,TRUE
2019,401071542,2019-02-21,BKN,POR,498,498,TRUE,TRUE
2019,401071540,2019-02-21,CLE,PHX,460,460,TRUE,TRUE
2019,401071541,2019-02-21,PHI,MIA,482,482,TRUE,TRUE
2019,401071539,2019-02-14,NO,OKC,472,472,TRUE,TRUE
2019,401071538,2019-02-14,ATL,NY,490,490,TRUE,TRUE
2019,401071537,2019-02-14,ORL,CHA,462,462,TRUE,TRUE
2019,401071535,2019-02-13,POR,GS,491,491,TRUE,TRUE
2019,401071536,2019-02-13,LAC,PHX,463,463,TRUE,TRUE
2019,401071533,2019-02-13,DEN,SAC,504,504,TRUE,TRUE
2019,401071532,2019-02-13,DAL,MIA,451,451,TRUE,TRUE
2019,401071531,2019-02-13,CHI,MEM,439,439,TRUE,TRUE
2019,401071534,2019-02-13,MIN,HOU,447,447,TRUE,TRUE
2019,401071528,2019-02-13,BOS,DET,462,462,TRUE,TRUE
2019,401071529,2019-02-13,NY,PHI,508,508,TRUE,TRUE
2019,401071530,2019-02-13,TOR,WSH,508,508,TRUE,TRUE
2019,401071526,2019-02-13,CLE,BKN,620,445,TRUE,TRUE
2019,401071527,2019-02-13,IND,MIL,472,472,TRUE,TRUE
2019,401071525,2019-02-12,GS,UTAH,459,459,TRUE,TRUE
2019,401071522,2019-02-12,PHI,BOS,475,475,TRUE,TRUE
2019,401071523,2019-02-12,MEM,SA,462,462,TRUE,TRUE
2019,401071524,2019-02-12,NO,ORL,454,454,TRUE,TRUE
2019,401071521,2019-02-12,ATL,LAL,533,533,TRUE,TRUE
2019,401071520,2019-02-11,DEN,MIA,447,447,TRUE,TRUE
2019,401071516,2019-02-11,CHI,MIL,481,481,TRUE,TRUE
2019,401071517,2019-02-11,HOU,DAL,447,447,TRUE,TRUE
2019,401071518,2019-02-11,MIN,LAC,490,490,TRUE,TRUE
2019,401071519,2019-02-11,OKC,POR,498,498,TRUE,TRUE
2019,401071515,2019-02-11,TOR,BKN,434,434,TRUE,TRUE
2019,401071512,2019-02-11,CLE,NY,476,476,TRUE,TRUE
2019,401071513,2019-02-11,DET,WSH,435,435,TRUE,TRUE
2019,401071514,2019-02-11,IND,CHA,452,452,TRUE,TRUE
2019,401071511,2019-02-10,GS,MIA,462,462,TRUE,TRUE
2019,401071510,2019-02-10,ATL,ORL,452,452,TRUE,TRUE
2019,401071509,2019-02-10,SAC,PHX,523,523,TRUE,TRUE
2019,401071508,2019-02-10,PHI,LAL,470,470,TRUE,TRUE
2019,401071507,2019-02-10,DAL,POR,479,479,TRUE,TRUE
2019,401071506,2019-02-09,MIL,ORL,468,468,TRUE,TRUE
2019,401071505,2019-02-09,HOU,OKC,504,504,TRUE,TRUE
2019,401071502,2019-02-09,BOS,LAC,523,523,TRUE,TRUE
2019,401071503,2019-02-09,CHI,WSH,470,470,TRUE,TRUE
2019,401071504,2019-02-09,MEM,NO,485,485,TRUE,TRUE
2019,401071500,2019-02-09,ATL,CHA,438,438,TRUE,TRUE
2019,401071501,2019-02-09,NY,TOR,475,475,TRUE,TRUE
2019,401071499,2019-02-09,IND,CLE,388,388,TRUE,TRUE
2019,401071498,2019-02-09,UTAH,SA,452,452,TRUE,TRUE
2019,401071497,2019-02-08,SAC,MIA,484,484,TRUE,TRUE
2019,401071496,2019-02-08,NO,MIN,489,489,TRUE,TRUE
2019,401071495,2019-02-08,PHX,GS,534,534,TRUE,TRUE
2019,401071494,2019-02-08,DAL,MIL,468,468,TRUE,TRUE
2019,401071493,2019-02-08,BKN,CHI,475,475,TRUE,TRUE
2019,401071490,2019-02-08,DET,NY,481,481,TRUE,TRUE
2019,401071491,2019-02-08,PHI,DEN,446,446,TRUE,TRUE
2019,401071492,2019-02-08,WSH,CLE,468,468,TRUE,TRUE
2019,401071489,2019-02-07,POR,SA,436,436,TRUE,TRUE
2019,401071487,2019-02-07,BOS,LAL,463,463,TRUE,TRUE
2019,401071488,2019-02-07,OKC,MEM,463,463,TRUE,TRUE
2019,401071486,2019-02-07,ATL,TOR,485,485,TRUE,TRUE
2019,401071484,2019-02-07,IND,LAC,437,437,TRUE,TRUE
2019,401071485,2019-02-07,ORL,MIN,439,439,TRUE,TRUE
2019,401071483,2019-02-06,GS,SA,450,450,TRUE,TRUE
2019,401071482,2019-02-06,SAC,HOU,483,483,TRUE,TRUE
2019,401071481,2019-02-06,UTAH,PHX,463,463,TRUE,TRUE
2019,401071480,2019-02-06,DAL,CHA,461,461,TRUE,TRUE
2019,401071478,2019-02-06,CHI,NO,456,456,TRUE,TRUE
2019,401071479,2019-02-06,MIL,WSH,480,480,TRUE,TRUE
2019,401071477,2019-02-06,BKN,DEN,512,512,TRUE,TRUE
2019,401071476,2019-02-05,POR,MIA,429,429,TRUE,TRUE
2019,401071473,2019-02-05,PHI,TOR,463,463,TRUE,TRUE
2019,401071474,2019-02-05,MEM,MIN,476,476,TRUE,TRUE
2019,401071475,2019-02-05,OKC,ORL,534,534,TRUE,TRUE
2019,401071472,2019-02-05,NY,DET,438,438,TRUE,TRUE
2019,401071469,2019-02-05,CHA,LAC,468,468,TRUE,TRUE
2019,401071470,2019-02-05,CLE,BOS,412,412,TRUE,TRUE
2019,401071471,2019-02-05,IND,LAL,420,420,TRUE,TRUE
2019,401071468,2019-02-04,SAC,SA,468,468,TRUE,TRUE
2019,401071467,2019-02-04,PHX,HOU,449,449,TRUE,TRUE
2019,401071466,2019-02-04,NO,IND,479,479,TRUE,TRUE
2019,401071465,2019-02-04,BKN,MIL,534,534,TRUE,TRUE
2019,401071463,2019-02-04,DET,DEN,465,465,TRUE,TRUE
2019,401071464,2019-02-04,WSH,ATL,488,488,TRUE,TRUE
2019,401071462,2019-02-03,TOR,LAC,512,512,TRUE,TRUE
2019,401071461,2019-02-03,BOS,OKC,467,467,TRUE,TRUE
2019,401071460,2019-02-03,NY,MEM,449,449,TRUE,TRUE
2019,401071459,2019-02-02,SAC,PHI,488,488,TRUE,TRUE
2019,401071456,2019-02-02,MIN,DEN,433,433,TRUE,TRUE
2019,401071457,2019-02-02,PHX,ATL,481,481,TRUE,TRUE
2019,401071458,2019-02-02,UTAH,HOU,540,540,TRUE,TRUE
2019,401071454,2019-02-02,SA,NO,448,448,TRUE,TRUE
2019,401071455,2019-02-02,GS,LAL,485,485,TRUE,TRUE
2019,401071452,2019-02-02,CLE,DAL,463,463,TRUE,TRUE
2019,401071453,2019-02-02,MIA,IND,455,455,TRUE,TRUE
2019,401071449,2019-02-02,CHA,CHI,424,424,TRUE,TRUE
2019,401071450,2019-02-02,ORL,BKN,459,459,TRUE,TRUE
2019,401071451,2019-02-02,WSH,MIL,475,475,TRUE,TRUE
2019,401071448,2019-02-02,DET,LAC,482,482,TRUE,TRUE
2019,401071447,2019-02-01,DEN,HOU,412,412,TRUE,TRUE
2019,401071446,2019-02-01,UTAH,ATL,521,521,TRUE,TRUE
2019,401071445,2019-02-01,MIA,OKC,462,462,TRUE,TRUE
2019,401071444,2019-02-01,NY,BOS,433,433,TRUE,TRUE
2019,401071443,2019-02-01,CHA,MEM,437,437,TRUE,TRUE
2019,401071441,2019-01-31,GS,PHI,469,469,TRUE,TRUE
2019,401071442,2019-01-31,LAC,LAL,569,515,TRUE,TRUE
2019,401071440,2019-01-31,SA,BKN,523,523,TRUE,TRUE
2019,401071439,2019-01-31,TOR,MIL,459,459,TRUE,TRUE
2019,401071437,2019-01-31,DET,DAL,478,478,TRUE,TRUE
2019,401071438,2019-01-31,ORL,IND,441,441,TRUE,TRUE
2019,401071436,2019-01-30,POR,UTAH,449,449,TRUE,TRUE
2019,401071435,2019-01-30,SAC,ATL,490,490,TRUE,TRUE
2019,401071432,2019-01-30,WSH,IND,447,447,TRUE,TRUE
2019,401071433,2019-01-30,MIN,MEM,510,469,TRUE,TRUE
2019,401071434,2019-01-30,NO,DEN,439,439,TRUE,TRUE
2019,401071429,2019-01-30,BOS,CHA,411,411,TRUE,TRUE
2019,401071430,2019-01-30,MIA,CHI,434,434,TRUE,TRUE
2019,401071431,2019-01-30,NY,DAL,428,428,TRUE,TRUE
2019,401071428,2019-01-29,LAL,PHI,489,489,TRUE,TRUE
2019,401071427,2019-01-29,SA,PHX,455,455,TRUE,TRUE
2019,401071426,2019-01-29,HOU,NO,503,503,TRUE,TRUE
2019,401071425,2019-01-29,BKN,CHI,510,510,TRUE,TRUE
2019,401071422,2019-01-29,CLE,WSH,452,452,TRUE,TRUE
2019,401071423,2019-01-29,DET,MIL,424,424,TRUE,TRUE
2019,401071424,2019-01-29,ORL,OKC,470,470,TRUE,TRUE
2019,401071421,2019-01-28,LAC,ATL,498,498,TRUE,TRUE
2019,401071420,2019-01-28,MEM,DEN,444,444,TRUE,TRUE
2019,401071419,2019-01-28,BOS,BKN,495,495,TRUE,TRUE
2019,401071417,2019-01-28,CHA,NY,466,466,TRUE,TRUE
2019,401071418,2019-01-28,IND,GS,456,456,TRUE,TRUE
2019,401071416,2019-01-27,LAL,PHX,483,483,TRUE,TRUE
2019,401071415,2019-01-27,NY,MIA,460,460,TRUE,TRUE
2019,401071411,2019-01-27,DAL,TOR,500,500,TRUE,TRUE
2019,401071412,2019-01-27,HOU,ORL,456,456,TRUE,TRUE
2019,401071413,2019-01-27,MIN,UTAH,445,445,TRUE,TRUE
2019,401071414,2019-01-27,SA,WSH,453,453,TRUE,TRUE
2019,401071410,2019-01-27,OKC,MIL,513,513,TRUE,TRUE
2019,401071408,2019-01-27,CHI,CLE,434,434,TRUE,TRUE
2019,401071409,2019-01-27,LAC,SAC,501,501,TRUE,TRUE
2019,401071407,2019-01-26,POR,ATL,482,482,TRUE,TRUE
2019,401071406,2019-01-26,DEN,PHI,505,505,TRUE,TRUE
2019,401071405,2019-01-26,BOS,GS,487,487,TRUE,TRUE
2019,401071404,2019-01-26,MEM,IND,476,476,TRUE,TRUE
2019,401071403,2019-01-26,NO,SA,473,473,TRUE,TRUE
2019,401071401,2019-01-25,DEN,PHX,467,467,TRUE,TRUE
2019,401071402,2019-01-25,UTAH,MIN,497,497,TRUE,TRUE
2019,401071399,2019-01-25,DAL,DET,480,480,TRUE,TRUE
2019,401071400,2019-01-25,MIL,CHA,498,498,TRUE,TRUE
2019,401071396,2019-01-25,CHI,LAC,471,471,TRUE,TRUE
2019,401071397,2019-01-25,HOU,TOR,482,482,TRUE,TRUE
2019,401071398,2019-01-25,MEM,SAC,477,477,TRUE,TRUE
2019,401071394,2019-01-25,BKN,NY,524,524,TRUE,TRUE
2019,401071395,2019-01-25,CLE,MIA,434,434,TRUE,TRUE
2019,401071393,2019-01-25,ORL,WSH,400,400,TRUE,TRUE
2019,401071392,2019-01-24,LAL,MIN,488,488,TRUE,TRUE
2019,401071391,2019-01-24,PHX,POR,485,485,TRUE,TRUE
2019,401071389,2019-01-24,WSH,GS,454,454,TRUE,TRUE
2019,401071390,2019-01-24,OKC,NO,463,463,TRUE,TRUE
2019,401071388,2019-01-23,UTAH,DEN,486,486,TRUE,TRUE
2019,401071384,2019-01-23,PHI,SA,438,438,TRUE,TRUE
2019,401071385,2019-01-23,CHI,ATL,473,473,TRUE,TRUE
2019,401071386,2019-01-23,MEM,CHA,436,436,TRUE,TRUE
2019,401071387,2019-01-23,NO,DET,440,440,TRUE,TRUE
2019,401071380,2019-01-23,BOS,CLE,456,456,TRUE,TRUE
2019,401071381,2019-01-23,BKN,ORL,503,503,TRUE,TRUE
2019,401071382,2019-01-23,MIA,LAC,428,428,TRUE,TRUE
2019,401071383,2019-01-23,NY,HOU,499,499,TRUE,TRUE
2019,401071379,2019-01-23,IND,TOR,485,485,TRUE,TRUE
2019,401071378,2019-01-22,PHX,MIN,333,333,TRUE,TRUE
2019,401071377,2019-01-22,DAL,LAC,252,252,TRUE,TRUE
2019,401071376,2019-01-22,OKC,POR,124,124,TRUE,TRUE
2019,401071375,2019-01-22,TOR,SAC,511,511,TRUE,TRUE
2019,401070240,2019-01-21,LAL,GS,489,489,TRUE,TRUE
2019,401071374,2019-01-21,UTAH,POR,479,479,TRUE,TRUE
2019,401070239,2019-01-21,PHI,HOU,488,488,TRUE,TRUE
2019,401071373,2019-01-21,BOS,MIA,437,437,TRUE,TRUE
2019,401070238,2019-01-21,MEM,NO,451,451,TRUE,TRUE
2019,401071372,2019-01-21,BKN,SAC,460,460,TRUE,TRUE
2019,401071371,2019-01-21,ATL,ORL,471,471,TRUE,TRUE
2019,401071369,2019-01-21,WSH,DET,441,441,TRUE,TRUE
2019,401071370,2019-01-21,MIL,DAL,486,486,TRUE,TRUE
2019,401071368,2019-01-21,CLE,CHI,471,471,TRUE,TRUE
2019,401071367,2019-01-21,NY,OKC,477,477,TRUE,TRUE
2019,401071365,2019-01-20,MIN,PHX,535,535,TRUE,TRUE
2019,401071366,2019-01-20,SA,LAC,474,474,TRUE,TRUE
2019,401071364,2019-01-20,IND,CHA,459,459,TRUE,TRUE
2019,401071363,2019-01-19,DEN,CLE,409,409,TRUE,TRUE
2019,401071362,2019-01-19,HOU,LAL,552,479,TRUE,TRUE
2019,401071361,2019-01-19,CHI,MIA,464,464,TRUE,TRUE
2019,401071359,2019-01-19,ATL,BOS,480,480,TRUE,TRUE
2019,401071360,2019-01-19,TOR,MEM,438,438,TRUE,TRUE
2019,401071356,2019-01-19,DET,SAC,477,477,TRUE,TRUE
2019,401071357,2019-01-19,IND,DAL,456,456,TRUE,TRUE
2019,401071358,2019-01-19,ORL,MIL,422,422,TRUE,TRUE
2019,401071355,2019-01-19,CHA,PHX,489,489,TRUE,TRUE
2019,401071354,2019-01-19,PHI,OKC,498,498,TRUE,TRUE
2019,401071352,2019-01-18,LAC,GS,515,515,TRUE,TRUE
2019,401071353,2019-01-18,POR,NO,488,488,TRUE,TRUE
2019,401071351,2019-01-18,UTAH,CLE,447,447,TRUE,TRUE
2019,401071350,2019-01-18,MIN,SA,515,515,TRUE,TRUE
2019,401071347,2019-01-18,BOS,MEM,467,467,TRUE,TRUE
2019,401071348,2019-01-18,DET,MIA,443,443,TRUE,TRUE
2019,401071349,2019-01-18,ORL,BKN,463,463,TRUE,TRUE
2019,401071346,2019-01-17,OKC,LAL,556,499,TRUE,TRUE
2019,401071345,2019-01-17,DEN,CHI,443,443,TRUE,TRUE
2019,401071344,2019-01-17,TOR,PHX,480,480,TRUE,TRUE
2019,401071342,2019-01-17,CHA,SAC,468,468,TRUE,TRUE
2019,401071343,2019-01-17,IND,PHI,444,444,TRUE,TRUE
2019,401071341,2019-01-17,WSH,NY,441,441,TRUE,TRUE
2019,401071339,2019-01-16,GS,NO,526,526,TRUE,TRUE
2019,401071340,2019-01-16,LAC,UTAH,479,479,TRUE,TRUE
2019,401071338,2019-01-16,POR,CLE,436,436,TRUE,TRUE
2019,401071337,2019-01-16,DAL,SA,427,427,TRUE,TRUE
2019,401071334,2019-01-16,BOS,TOR,449,449,TRUE,TRUE
2019,401071335,2019-01-16,HOU,BKN,549,498,TRUE,TRUE
2019,401071336,2019-01-16,MEM,MIL,489,489,TRUE,TRUE
2019,401071333,2019-01-16,DET,ORL,482,418,TRUE,TRUE
2019,401071332,2019-01-15,LAL,CHI,499,499,TRUE,TRUE
2019,401071331,2019-01-15,DEN,GS,430,430,TRUE,TRUE
2019,401071330,2019-01-15,MIL,MIA,434,434,TRUE,TRUE
2019,401071329,2019-01-15,ATL,OKC,501,501,TRUE,TRUE
2019,401071327,2019-01-15,IND,PHX,506,506,TRUE,TRUE
2019,401071328,2019-01-15,PHI,MIN,489,489,TRUE,TRUE
2019,401071326,2019-01-14,LAC,NO,506,506,TRUE,TRUE
2019,401071325,2019-01-14,SAC,POR,484,484,TRUE,TRUE
2019,401071324,2019-01-14,UTAH,DET,497,497,TRUE,TRUE
2019,401071323,2019-01-14,SA,CHA,421,421,TRUE,TRUE
2019,401071322,2019-01-14,HOU,MEM,438,438,TRUE,TRUE
2019,401071321,2019-01-14,BKN,BOS,479,479,TRUE,TRUE
2019,401071320,2019-01-13,LAL,CLE,500,500,TRUE,TRUE
2019,401071319,2019-01-13,DEN,POR,439,439,TRUE,TRUE
2019,401071318,2019-01-13,DAL,GS,487,487,TRUE,TRUE
2019,401071317,2019-01-13,ORL,HOU,450,450,TRUE,TRUE
2019,401071316,2019-01-13,ATL,MIL,557,557,TRUE,TRUE
2019,401071314,2019-01-13,NY,PHI,503,503,TRUE,TRUE
2019,401071315,2019-01-13,WSH,TOR,587,471,TRUE,TRUE
2019,401071312,2019-01-12,UTAH,CHI,485,485,TRUE,TRUE
2019,401071313,2019-01-12,SAC,CHA,484,484,TRUE,TRUE
2019,401071311,2019-01-12,PHX,DEN,491,491,TRUE,TRUE
2019,401071309,2019-01-12,MIN,NO,483,483,TRUE,TRUE
2019,401071310,2019-01-12,OKC,SA,475,475,TRUE,TRUE
2019,401071308,2019-01-12,ORL,BOS,470,470,TRUE,TRUE
2019,401071307,2019-01-12,MIA,MEM,451,451,TRUE,TRUE
2019,401071306,2019-01-12,LAC,DET,450,450,TRUE,TRUE
2019,401071305,2019-01-11,GS,CHI,461,461,TRUE,TRUE
2019,401071303,2019-01-11,UTAH,LAL,548,548,TRUE,TRUE
2019,401071304,2019-01-11,POR,CHA,418,418,TRUE,TRUE
2019,401071301,2019-01-11,HOU,CLE,459,459,TRUE,TRUE
2019,401071302,2019-01-11,MIN,DAL,492,492,TRUE,TRUE
2019,401071299,2019-01-11,NY,IND,435,435,TRUE,TRUE
2019,401071300,2019-01-11,TOR,BKN,507,507,TRUE,TRUE
2019,401071297,2019-01-11,PHI,ATL,478,478,TRUE,TRUE
2019,401071298,2019-01-11,WSH,MIL,445,445,TRUE,TRUE
2019,401071296,2019-01-10,SAC,DET,461,461,TRUE,TRUE
2019,401071295,2019-01-10,SA,OKC,545,442,TRUE,TRUE
2019,401071294,2019-01-10,DEN,LAC,467,467,TRUE,TRUE
2019,401071293,2019-01-10,MIA,BOS,434,434,TRUE,TRUE
2019,401071292,2019-01-09,LAL,DET,426,426,TRUE,TRUE
2019,401071291,2019-01-09,POR,CHI,443,443,TRUE,TRUE
2019,401071290,2019-01-09,UTAH,ORL,444,444,TRUE,TRUE
2019,401071289,2019-01-09,DAL,PHX,482,482,TRUE,TRUE
2019,401071286,2019-01-09,HOU,MIL,500,500,TRUE,TRUE
2019,401071287,2019-01-09,MEM,SA,480,480,TRUE,TRUE
2019,401071288,2019-01-09,NO,CLE,483,483,TRUE,TRUE
2019,401071285,2019-01-09,BKN,ATL,549,549,TRUE,TRUE
2019,401071283,2019-01-09,BOS,IND,476,476,TRUE,TRUE
2019,401071284,2019-01-09,WSH,PHI,492,492,TRUE,TRUE
2019,401071281,2019-01-08,GS,NY,452,452,TRUE,TRUE
2019,401071282,2019-01-08,LAC,CHA,490,490,TRUE,TRUE
2019,401071280,2019-01-08,PHX,SAC,481,481,TRUE,TRUE
2019,401071279,2019-01-08,OKC,MIN,503,503,TRUE,TRUE
2019,401071277,2019-01-08,MIA,DEN,451,451,TRUE,TRUE
2019,401071278,2019-01-08,TOR,ATL,483,483,TRUE,TRUE
2019,401071275,2019-01-08,CLE,IND,426,426,TRUE,TRUE
2019,401071276,2019-01-08,PHI,WSH,452,452,TRUE,TRUE
2019,401071273,2019-01-07,POR,NY,474,474,TRUE,TRUE
2019,401071274,2019-01-07,SAC,ORL,470,470,TRUE,TRUE
2019,401071272,2019-01-07,DAL,LAL,493,493,TRUE,TRUE
2019,401071269,2019-01-07,HOU,DEN,462,462,TRUE,TRUE
2019,401071270,2019-01-07,MIL,UTAH,493,493,TRUE,TRUE
2019,401071271,2019-01-07,NO,MEM,454,454,TRUE,TRUE
2019,401071268,2019-01-07,BOS,BKN,447,447,TRUE,TRUE
2019,401071267,2019-01-07,DET,SA,432,432,TRUE,TRUE
2019,401071266,2019-01-06,PHX,CHA,487,487,TRUE,TRUE
2019,401071265,2019-01-06,TOR,IND,456,456,TRUE,TRUE
2019,401071264,2019-01-06,OKC,WSH,474,474,TRUE,TRUE
2019,401071263,2019-01-06,ATL,MIA,485,485,TRUE,TRUE
2019,401071260,2019-01-06,CHI,BKN,432,432,TRUE,TRUE
2019,401071261,2019-01-06,MIN,LAL,494,494,TRUE,TRUE
2019,401071262,2019-01-06,LAC,ORL,484,484,TRUE,TRUE
2019,401071258,2019-01-05,POR,HOU,437,437,TRUE,TRUE
2019,401071259,2019-01-05,SAC,GS,455,455,TRUE,TRUE
2019,401071256,2019-01-05,MIL,TOR,453,453,TRUE,TRUE
2019,401071257,2019-01-05,SA,MEM,469,469,TRUE,TRUE
2019,401071255,2019-01-05,CLE,NO,454,454,TRUE,TRUE
2019,401071254,2019-01-05,PHI,DAL,487,487,TRUE,TRUE
2019,401071253,2019-01-05,DET,UTAH,468,468,TRUE,TRUE
2019,401071252,2019-01-05,DEN,CHA,479,479,TRUE,TRUE
2019,401071250,2019-01-04,LAL,NY,525,525,TRUE,TRUE
2019,401071251,2019-01-04,POR,OKC,477,477,TRUE,TRUE
2019,401071249,2019-01-04,PHX,LAC,467,467,TRUE,TRUE
2019,401071248,2019-01-04,MIL,ATL,532,532,TRUE,TRUE
2019,401071242,2019-01-04,BOS,DAL,457,457,TRUE,TRUE
2019,401071244,2019-01-04,MIA,WSH,477,477,TRUE,TRUE
2019,401071245,2019-01-04,CHI,IND,473,430,TRUE,TRUE
2019,401071246,2019-01-04,MEM,BKN,466,466,TRUE,TRUE
2019,401071247,2019-01-04,MIN,ORL,458,458,TRUE,TRUE
2019,401071243,2019-01-04,CLE,UTAH,434,434,TRUE,TRUE
2019,401071241,2019-01-03,GS,HOU,496,448,TRUE,TRUE
2019,401071240,2019-01-03,SAC,DEN,465,465,TRUE,TRUE
2019,401071239,2019-01-03,SA,TOR,453,453,TRUE,TRUE
2019,401071238,2019-01-02,LAL,OKC,541,541,TRUE,TRUE
2019,401071237,2019-01-02,PHX,PHI,549,549,TRUE,TRUE
2019,401071234,2019-01-02,BOS,MIN,412,412,TRUE,TRUE
2019,401071235,2019-01-02,CHI,ORL,390,390,TRUE,TRUE
2019,401071236,2019-01-02,MEM,DET,440,440,TRUE,TRUE
2019,401071233,2019-01-02,BKN,NO,467,467,TRUE,TRUE
2019,401071230,2019-01-02,CHA,DAL,462,462,TRUE,TRUE
2019,401071231,2019-01-02,CLE,MIA,396,396,TRUE,TRUE
2019,401071232,2019-01-02,WSH,ATL,482,482,TRUE,TRUE
2019,401071229,2019-01-01,LAC,PHI,546,546,TRUE,TRUE
2019,401071227,2019-01-01,DEN,NY,476,476,TRUE,TRUE
2019,401071228,2019-01-01,SAC,POR,523,460,TRUE,TRUE
2019,401071226,2019-01-01,MIL,DET,476,476,TRUE,TRUE
2019,401071225,2019-01-01,TOR,UTAH,488,488,TRUE,TRUE
2019,401071224,2018-12-31,PHX,GS,481,481,TRUE,TRUE
2019,401071222,2018-12-31,NO,MIN,451,451,TRUE,TRUE
2019,401071223,2018-12-31,OKC,DAL,529,529,TRUE,TRUE
2019,401071220,2018-12-31,HOU,MEM,485,485,TRUE,TRUE
2019,401071221,2018-12-31,SA,BOS,437,437,TRUE,TRUE
2019,401071219,2018-12-31,CHA,ORL,455,455,TRUE,TRUE
2019,401071218,2018-12-31,IND,ATL,486,486,TRUE,TRUE
2019,401071217,2018-12-30,LAL,SAC,477,477,TRUE,TRUE
2019,401071216,2018-12-30,POR,PHI,492,492,TRUE,TRUE
2019,401071215,2018-12-30,DAL,OKC,468,468,TRUE,TRUE
2019,401071213,2018-12-30,MIA,MIN,527,527,TRUE,TRUE
2019,401071214,2018-12-30,TOR,CHI,446,446,TRUE,TRUE
2019,401071212,2018-12-30,ORL,DET,471,471,TRUE,TRUE
2019,401071211,2018-12-29,LAC,SA,495,495,TRUE,TRUE
2019,401071210,2018-12-29,POR,GS,468,468,TRUE,TRUE
2019,401071209,2018-12-29,PHX,DEN,441,441,TRUE,TRUE
2019,401071207,2018-12-29,MEM,BOS,448,448,TRUE,TRUE
2019,401071208,2018-12-29,UTAH,NY,460,460,TRUE,TRUE
2019,401071206,2018-12-29,ATL,CLE,502,502,TRUE,TRUE
2019,401071204,2018-12-29,WSH,CHA,475,475,TRUE,TRUE
2019,401071205,2018-12-29,NO,HOU,461,461,TRUE,TRUE
2019,401071203,2018-12-29,MIL,BKN,473,473,TRUE,TRUE
2019,401071202,2018-12-28,LAL,LAC,520,520,TRUE,TRUE
2019,401071200,2018-12-28,DEN,SA,468,468,TRUE,TRUE
2019,401071201,2018-12-28,PHX,OKC,447,447,TRUE,TRUE
2019,401071197,2018-12-28,MIA,CLE,438,438,TRUE,TRUE
2019,401071198,2018-12-28,MIN,ATL,589,502,TRUE,TRUE
2019,401071199,2018-12-28,NO,DAL,495,495,TRUE,TRUE
2019,401071193,2018-12-28,CHA,BKN,461,461,TRUE,TRUE
2019,401071194,2018-12-28,IND,DET,453,453,TRUE,TRUE
2019,401071195,2018-12-28,ORL,TOR,493,493,TRUE,TRUE
2019,401071196,2018-12-28,WSH,CHI,431,431,TRUE,TRUE
2019,401071191,2018-12-27,UTAH,PHI,476,476,TRUE,TRUE
2019,401071192,2018-12-27,GS,POR,546,497,TRUE,TRUE
2019,401071190,2018-12-27,SAC,LAL,486,486,TRUE,TRUE
2019,401071188,2018-12-27,HOU,BOS,475,475,TRUE,TRUE
2019,401071189,2018-12-27,MIL,NY,490,490,TRUE,TRUE
2019,401071187,2018-12-26,LAC,SAC,489,489,TRUE,TRUE
2019,401071185,2018-12-26,DAL,NO,494,494,TRUE,TRUE
2019,401071186,2018-12-26,SA,DEN,473,473,TRUE,TRUE
2019,401071183,2018-12-26,CHI,MIN,457,457,TRUE,TRUE
2019,401071184,2018-12-26,MEM,CLE,453,453,TRUE,TRUE
2019,401071180,2018-12-26,ATL,IND,482,482,TRUE,TRUE
2019,401071181,2018-12-26,BKN,CHA,571,476,TRUE,TRUE
2019,401071182,2018-12-26,MIA,TOR,420,420,TRUE,TRUE
2019,401071178,2018-12-26,DET,WSH,437,437,TRUE,TRUE
2019,401071179,2018-12-26,ORL,PHX,483,433,TRUE,TRUE
2019,401070237,2018-12-25,UTAH,POR,479,479,TRUE,TRUE
2019,401070236,2018-12-25,GS,LAL,474,474,TRUE,TRUE
2019,401070235,2018-12-25,BOS,PHI,535,475,TRUE,TRUE
2019,401070234,2018-12-25,HOU,OKC,504,504,TRUE,TRUE
2019,401070233,2018-12-25,NY,MIL,503,503,TRUE,TRUE
2019,401071177,2018-12-23,LAL,MEM,443,443,TRUE,TRUE
2019,401071176,2018-12-23,POR,DAL,528,470,TRUE,TRUE
2019,401071175,2018-12-23,GS,LAC,496,496,TRUE,TRUE
2019,401071174,2018-12-23,OKC,MIN,481,481,TRUE,TRUE
2019,401071169,2018-12-23,BOS,CHA,459,459,TRUE,TRUE
2019,401071170,2018-12-23,BKN,PHX,468,468,TRUE,TRUE
2019,401071171,2018-12-23,CLE,CHI,419,419,TRUE,TRUE
2019,401071172,2018-12-23,ORL,MIA,453,453,TRUE,TRUE
2019,401071173,2018-12-23,SAC,NO,516,516,TRUE,TRUE
2019,401071168,2018-12-23,IND,WSH,459,459,TRUE,TRUE
2019,401071167,2018-12-23,DET,ATL,505,505,TRUE,TRUE
2019,401071166,2018-12-22,UTAH,OKC,481,481,TRUE,TRUE
2019,401071165,2018-12-22,GS,DAL,479,479,TRUE,TRUE
2019,401071163,2018-12-22,MIA,MIL,473,473,TRUE,TRUE
2019,401071164,2018-12-22,HOU,SA,449,449,TRUE,TRUE
2019,401071162,2018-12-22,PHI,TOR,498,498,TRUE,TRUE
2019,401071161,2018-12-22,WSH,PHX,585,448,TRUE,TRUE
2019,401071160,2018-12-22,LAC,DEN,469,469,TRUE,TRUE
2019,401071159,2018-12-21,LAL,NO,491,491,TRUE,TRUE
2019,401071157,2018-12-21,POR,UTAH,452,452,TRUE,TRUE
2019,401071158,2018-12-21,SAC,MEM,455,455,TRUE,TRUE
2019,401071156,2018-12-21,SA,MIN,460,460,TRUE,TRUE
2019,401071154,2018-12-21,BOS,MIL,502,502,TRUE,TRUE
2019,401071155,2018-12-21,CHI,ORL,456,456,TRUE,TRUE
2019,401071152,2018-12-21,BKN,IND,452,452,TRUE,TRUE
2019,401071153,2018-12-21,NY,ATL,479,479,TRUE,TRUE
2019,401071150,2018-12-21,CHA,DET,458,458,TRUE,TRUE
2019,401071151,2018-12-21,TOR,CLE,459,459,TRUE,TRUE
2019,401071149,2018-12-20,LAC,DAL,488,488,TRUE,TRUE
2019,401071148,2018-12-20,MIA,HOU,498,498,TRUE,TRUE
2019,401071146,2018-12-19,POR,MEM,421,421,TRUE,TRUE
2019,401071147,2018-12-19,SAC,OKC,530,530,TRUE,TRUE
2019,401071145,2018-12-19,UTAH,GS,489,489,TRUE,TRUE
2019,401071141,2018-12-19,CHI,BKN,426,426,TRUE,TRUE
2019,401071142,2018-12-19,HOU,WSH,427,427,TRUE,TRUE
2019,401071143,2018-12-19,MIL,NO,486,486,TRUE,TRUE
2019,401071144,2018-12-19,MIN,DET,538,470,TRUE,TRUE
2019,401071139,2018-12-19,BOS,PHX,466,466,TRUE,TRUE
2019,401071140,2018-12-19,TOR,IND,472,472,TRUE,TRUE
2019,401071136,2018-12-19,CHA,CLE,421,421,TRUE,TRUE
2019,401071137,2018-12-19,ORL,SA,413,413,TRUE,TRUE
2019,401071138,2018-12-19,PHI,NY,464,464,TRUE,TRUE
2019,401071135,2018-12-18,DEN,DAL,468,468,TRUE,TRUE
2019,401071133,2018-12-18,ATL,WSH,538,538,TRUE,TRUE
2019,401071134,2018-12-18,BKN,LAL,471,471,TRUE,TRUE
2019,401071132,2018-12-18,IND,CLE,458,458,TRUE,TRUE
2019,401071130,2018-12-17,GS,MEM,446,446,TRUE,TRUE
2019,401071131,2018-12-17,LAC,POR,479,479,TRUE,TRUE
2019,401071129,2018-12-17,SA,PHI,429,429,TRUE,TRUE
2019,401071126,2018-12-17,HOU,UTAH,511,511,TRUE,TRUE
2019,401071127,2018-12-17,MIN,SAC,494,494,TRUE,TRUE
2019,401071128,2018-12-17,OKC,CHI,495,495,TRUE,TRUE
2019,401071125,2018-12-17,NY,PHX,486,486,TRUE,TRUE
2019,401071124,2018-12-17,DET,MIL,444,444,TRUE,TRUE
2019,401071123,2018-12-16,DEN,TOR,429,429,TRUE,TRUE
2019,401071121,2018-12-16,DAL,SAC,498,498,TRUE,TRUE
2019,401071122,2018-12-16,NO,MIA,479,479,TRUE,TRUE
2019,401071120,2018-12-16,WSH,LAL,457,457,TRUE,TRUE
2019,401071119,2018-12-16,IND,NY,468,468,TRUE,TRUE
2019,401071118,2018-12-16,CLE,PHI,462,462,TRUE,TRUE
2019,401071117,2018-12-16,BKN,ATL,473,473,TRUE,TRUE
2019,401071115,2018-12-15,OKC,LAC,457,457,TRUE,TRUE
2019,401071116,2018-12-15,PHX,MIN,476,476,TRUE,TRUE
2019,401071114,2018-12-15,SA,CHI,447,447,TRUE,TRUE
2019,401071113,2018-12-15,MEM,HOU,413,413,TRUE,TRUE
2019,401071111,2018-12-15,CHA,LAL,470,470,TRUE,TRUE
2019,401071112,2018-12-15,DET,BOS,500,500,TRUE,TRUE
2019,401071110,2018-12-15,ORL,UTAH,480,480,TRUE,TRUE
2019,401071107,2018-12-14,DEN,OKC,482,482,TRUE,TRUE
2019,401071108,2018-12-14,POR,TOR,422,422,TRUE,TRUE
2019,401071109,2018-12-14,SAC,GS,522,522,TRUE,TRUE
2019,401071106,2018-12-14,MEM,MIA,454,454,TRUE,TRUE
2019,401071103,2018-12-14,BKN,WSH,442,442,TRUE,TRUE
2019,401071104,2018-12-14,CLE,MIL,497,497,TRUE,TRUE
2019,401071105,2018-12-14,PHI,IND,498,498,TRUE,TRUE
2019,401071101,2018-12-14,BOS,ATL,521,521,TRUE,TRUE
2019,401071102,2018-12-14,CHA,NY,499,444,TRUE,TRUE
2019,401071100,2018-12-13,PHX,DAL,486,486,TRUE,TRUE
2019,401071099,2018-12-13,ORL,CHI,443,443,TRUE,TRUE
2019,401071098,2018-12-13,SA,LAC,445,445,TRUE,TRUE
2019,401071097,2018-12-13,HOU,LAL,470,470,TRUE,TRUE
2019,401071096,2018-12-12,GS,TOR,441,441,TRUE,TRUE
2019,401071095,2018-12-12,SAC,MIN,468,468,TRUE,TRUE
2019,401071094,2018-12-12,UTAH,MIA,427,427,TRUE,TRUE
2019,401071093,2018-12-12,DAL,ATL,495,495,TRUE,TRUE
2019,401071091,2018-12-12,MEM,POR,473,473,TRUE,TRUE
2019,401071092,2018-12-12,NO,OKC,516,516,TRUE,TRUE
2019,401071086,2018-12-12,CHA,DET,484,484,TRUE,TRUE
2019,401071087,2018-12-12,CLE,NY,464,464,TRUE,TRUE
2019,401071088,2018-12-12,IND,MIL,466,466,TRUE,TRUE
2019,401071089,2018-12-12,PHI,BKN,486,486,TRUE,TRUE
2019,401071090,2018-12-12,WSH,BOS,525,464,TRUE,TRUE
2019,401071085,2018-12-11,LAC,TOR,432,432,TRUE,TRUE
2019,401071084,2018-12-11,SA,PHX,434,434,TRUE,TRUE
2019,401071083,2018-12-11,HOU,POR,449,449,TRUE,TRUE
2019,401071081,2018-12-10,GS,MIN,482,482,TRUE,TRUE
2019,401071082,2018-12-10,LAL,MIA,452,452,TRUE,TRUE
2019,401071079,2018-12-10,DEN,MEM,413,413,TRUE,TRUE
2019,401071080,2018-12-10,PHX,LAC,499,453,TRUE,TRUE
2019,401071078,2018-12-10,DAL,ORL,424,424,TRUE,TRUE
2019,401071075,2018-12-10,CHI,SAC,425,425,TRUE,TRUE
2019,401071076,2018-12-10,MIL,CLE,479,479,TRUE,TRUE
2019,401071077,2018-12-10,OKC,UTAH,514,514,TRUE,TRUE
2019,401071074,2018-12-10,BOS,NO,459,459,TRUE,TRUE
2019,401071072,2018-12-10,IND,WSH,444,444,TRUE,TRUE
2019,401071073,2018-12-10,PHI,DET,493,493,TRUE,TRUE
2019,401071071,2018-12-09,NY,CHA,451,451,TRUE,TRUE
2019,401071070,2018-12-09,SA,UTAH,440,440,TRUE,TRUE
2019,401071069,2018-12-09,TOR,MIL,460,460,TRUE,TRUE
2019,401071068,2018-12-09,DET,NO,466,466,TRUE,TRUE
2019,401071067,2018-12-08,LAC,MIA,524,524,TRUE,TRUE
2019,401071066,2018-12-08,POR,MIN,469,469,TRUE,TRUE
2019,401071064,2018-12-08,CHI,BOS,424,424,TRUE,TRUE
2019,401071065,2018-12-08,MEM,LAL,475,475,TRUE,TRUE
2019,401071061,2018-12-08,ATL,DEN,507,507,TRUE,TRUE
2019,401071062,2018-12-08,CLE,WSH,403,403,TRUE,TRUE
2019,401071063,2018-12-08,NY,BKN,474,474,TRUE,TRUE
2019,401071060,2018-12-08,IND,SAC,473,473,TRUE,TRUE
2019,401071059,2018-12-08,DAL,HOU,425,425,TRUE,TRUE
2019,401071058,2018-12-07,MIL,GS,481,481,TRUE,TRUE
2019,401071057,2018-12-07,PHX,MIA,424,424,TRUE,TRUE
2019,401071056,2018-12-07,SA,LAL,366,366,TRUE,TRUE
2019,401071054,2018-12-07,CHI,OKC,215,215,TRUE,FALSE
2019,401071055,2018-12-07,NO,MEM,470,470,TRUE,TRUE
2019,401071052,2018-12-07,BKN,TOR,510,468,TRUE,TRUE
2019,401071053,2018-12-07,CLE,SAC,426,426,TRUE,TRUE
2019,401071049,2018-12-07,CHA,DEN,519,519,TRUE,TRUE
2019,401071050,2018-12-07,DET,PHI,501,501,TRUE,TRUE
2019,401071051,2018-12-07,ORL,IND,455,455,TRUE,TRUE
2019,401071048,2018-12-06,UTAH,HOU,487,487,TRUE,TRUE
2019,401071047,2018-12-06,POR,PHX,471,471,TRUE,TRUE
2019,401071046,2018-12-06,BOS,NY,466,466,TRUE,TRUE
2019,401071045,2018-12-05,LAL,SA,488,488,TRUE,TRUE
2019,401071040,2018-12-05,TOR,PHI,489,489,TRUE,TRUE
2019,401071041,2018-12-05,MEM,LAC,497,497,TRUE,TRUE
2019,401071042,2018-12-05,MIL,DET,501,501,TRUE,TRUE
2019,401071043,2018-12-05,MIN,CHA,458,458,TRUE,TRUE
2019,401071044,2018-12-05,NO,DAL,458,458,TRUE,TRUE
2019,401071038,2018-12-05,ATL,WSH,526,526,TRUE,TRUE
2019,401071039,2018-12-05,BKN,OKC,527,527,TRUE,TRUE
2019,401071036,2018-12-05,CLE,GS,447,447,TRUE,TRUE
2019,401071037,2018-12-05,ORL,DEN,468,411,TRUE,TRUE
2019,401071034,2018-12-04,PHX,SAC,475,475,TRUE,TRUE
2019,401071035,2018-12-04,UTAH,SA,438,438,TRUE,TRUE
2019,401071033,2018-12-04,DAL,POR,495,495,TRUE,TRUE
2019,401071032,2018-12-04,MIA,ORL,434,434,TRUE,TRUE
2019,401071031,2018-12-04,IND,CHI,437,437,TRUE,TRUE
2019,401071029,2018-12-03,MIN,HOU,448,448,TRUE,TRUE
2019,401071030,2018-12-03,NO,LAC,459,459,TRUE,TRUE
2019,401071025,2018-12-03,ATL,GS,479,479,TRUE,TRUE
2019,401071026,2018-12-03,BKN,CLE,466,466,TRUE,TRUE
2019,401071027,2018-12-03,NY,WSH,462,462,TRUE,TRUE
2019,401071028,2018-12-03,TOR,DEN,470,470,TRUE,TRUE
2019,401071024,2018-12-03,DET,OKC,473,473,TRUE,TRUE
2019,401071022,2018-12-02,DAL,LAC,493,493,TRUE,TRUE
2019,401071023,2018-12-02,SA,POR,420,420,TRUE,TRUE
2019,401071020,2018-12-02,MIA,UTAH,474,474,TRUE,TRUE
2019,401071021,2018-12-02,PHI,MEM,470,470,TRUE,TRUE
2019,401071019,2018-12-02,CHA,NO,485,485,TRUE,TRUE
2019,401071018,2018-12-02,LAL,PHX,471,471,TRUE,TRUE
2019,401071017,2018-12-01,SAC,IND,472,472,TRUE,TRUE
2019,401071014,2018-12-01,CLE,TOR,450,450,TRUE,TRUE
2019,401071015,2018-12-01,HOU,CHI,473,473,TRUE,TRUE
2019,401071016,2018-12-01,MIN,BOS,459,459,TRUE,TRUE
2019,401071012,2018-12-01,DET,GS,493,493,TRUE,TRUE
2019,401071013,2018-12-01,WSH,BKN,444,444,TRUE,TRUE
2019,401071011,2018-12-01,NY,MIL,527,463,TRUE,TRUE
2019,401071009,2018-11-30,LAL,DAL,532,532,TRUE,TRUE
2019,401071010,2018-11-30,POR,DEN,463,463,TRUE,TRUE
2019,401071008,2018-11-30,PHX,ORL,426,426,TRUE,TRUE
2019,401071005,2018-11-30,MIA,NO,435,435,TRUE,TRUE
2019,401071006,2018-11-30,OKC,ATL,492,492,TRUE,TRUE
2019,401071007,2018-11-30,SA,HOU,452,452,TRUE,TRUE
2019,401071004,2018-11-30,BKN,MEM,557,440,TRUE,TRUE
2019,401071000,2018-11-30,BOS,CLE,450,450,TRUE,TRUE
2019,401071001,2018-11-30,CHA,UTAH,421,421,TRUE,TRUE
2019,401071002,2018-11-30,DET,CHI,454,454,TRUE,TRUE
2019,401071003,2018-11-30,PHI,WSH,497,497,TRUE,TRUE
2019,401070998,2018-11-29,LAL,IND,486,486,TRUE,TRUE
2019,401070999,2018-11-29,SAC,LAC,482,482,TRUE,TRUE
2019,401070997,2018-11-29,TOR,GS,492,445,TRUE,TRUE
2019,401070996,2018-11-28,LAC,PHX,479,479,TRUE,TRUE
2019,401070995,2018-11-28,POR,ORL,442,442,TRUE,TRUE
2019,401070990,2018-11-28,HOU,DAL,458,458,TRUE,TRUE
2019,401070991,2018-11-28,MIL,CHI,488,488,TRUE,TRUE
2019,401070992,2018-11-28,MIN,SA,443,443,TRUE,TRUE
2019,401070993,2018-11-28,NO,WSH,496,496,TRUE,TRUE
2019,401070994,2018-11-28,OKC,CLE,440,440,TRUE,TRUE
2019,401070989,2018-11-28,BKN,UTAH,493,493,TRUE,TRUE
2019,401070987,2018-11-28,CHA,ATL,514,514,TRUE,TRUE
2019,401070988,2018-11-28,PHI,NY,458,458,TRUE,TRUE
2019,401070985,2018-11-27,DEN,LAL,449,449,TRUE,TRUE
2019,401070986,2018-11-27,PHX,IND,460,460,TRUE,TRUE
2019,401070984,2018-11-27,MEM,TOR,431,431,TRUE,TRUE
2019,401070983,2018-11-27,MIA,ATL,531,531,TRUE,TRUE
2019,401070982,2018-11-27,DET,NY,519,519,TRUE,TRUE
2019,401070981,2018-11-26,GS,ORL,459,459,TRUE,TRUE
2019,401070980,2018-11-26,UTAH,IND,433,433,TRUE,TRUE
2019,401070978,2018-11-26,CHI,SA,425,425,TRUE,TRUE
2019,401070979,2018-11-26,NO,BOS,461,461,TRUE,TRUE
2019,401070975,2018-11-26,CHA,MIL,482,482,TRUE,TRUE
2019,401070976,2018-11-26,CLE,MIN,433,433,TRUE,TRUE
2019,401070977,2018-11-26,WSH,HOU,525,474,TRUE,TRUE
2019,401070974,2018-11-25,POR,LAC,473,473,TRUE,TRUE
2019,401070973,2018-11-25,SAC,UTAH,516,516,TRUE,TRUE
2019,401070969,2018-11-25,ATL,CHA,482,482,TRUE,TRUE
2019,401070970,2018-11-25,BKN,PHI,481,481,TRUE,TRUE
2019,401070971,2018-11-25,TOR,MIA,485,485,TRUE,TRUE
2019,401070972,2018-11-25,MEM,NY,484,484,TRUE,TRUE
2019,401070968,2018-11-25,DET,PHX,322,322,TRUE,FALSE
2019,401070967,2018-11-25,LAL,ORL,467,467,TRUE,TRUE
2019,401070964,2018-11-24,DAL,BOS,396,396,TRUE,TRUE
2019,401070965,2018-11-24,MIL,SA,484,484,TRUE,TRUE
2019,401070966,2018-11-24,GS,SAC,507,507,TRUE,TRUE
2019,401070961,2018-11-24,WSH,NO,448,448,TRUE,TRUE
2019,401070962,2018-11-24,MIN,CHI,491,491,TRUE,TRUE
2019,401070963,2018-11-24,OKC,DEN,526,526,TRUE,TRUE
2019,401070960,2018-11-24,CLE,HOU,453,453,TRUE,TRUE
2019,401070958,2018-11-23,GS,POR,453,453,TRUE,TRUE
2019,401070959,2018-11-23,LAL,UTAH,469,469,TRUE,TRUE
2019,401070957,2018-11-23,DEN,ORL,439,439,TRUE,TRUE
2019,401070956,2018-11-23,MIL,PHX,487,487,TRUE,TRUE
2019,401070953,2018-11-23,IND,SA,466,466,TRUE,TRUE
2019,401070954,2018-11-23,CHI,MIA,495,495,TRUE,TRUE
2019,401070955,2018-11-23,OKC,CHA,471,471,TRUE,TRUE
2019,401070949,2018-11-23,ATL,BOS,514,514,TRUE,TRUE
2019,401070950,2018-11-23,NY,NO,519,519,TRUE,TRUE
2019,401070951,2018-11-23,PHI,CLE,435,435,TRUE,TRUE
2019,401070952,2018-11-23,TOR,WSH,488,488,TRUE,TRUE
2019,401070948,2018-11-23,DET,HOU,517,477,TRUE,TRUE
2019,401070947,2018-11-23,LAC,MEM,510,453,TRUE,TRUE
2019,401070946,2018-11-23,BKN,MIN,454,454,TRUE,TRUE
2019,401070945,2018-11-21,GS,OKC,485,485,TRUE,TRUE
2019,401070944,2018-11-21,UTAH,SAC,486,486,TRUE,TRUE
2019,401070942,2018-11-21,DAL,BKN,491,491,TRUE,TRUE
2019,401070943,2018-11-21,SA,MEM,455,455,TRUE,TRUE
2019,401070937,2018-11-21,CLE,LAL,472,472,TRUE,TRUE
2019,401070938,2018-11-21,CHI,PHX,446,446,TRUE,TRUE
2019,401070939,2018-11-21,HOU,DET,476,476,TRUE,TRUE
2019,401070940,2018-11-21,MIL,POR,501,501,TRUE,TRUE
2019,401070941,2018-11-21,MIN,DEN,433,433,TRUE,TRUE
2019,401070935,2018-11-21,ATL,TOR,490,490,TRUE,TRUE
2019,401070936,2018-11-21,BOS,NY,491,491,TRUE,TRUE
2019,401070933,2018-11-21,CHA,IND,402,402,TRUE,TRUE
2019,401070934,2018-11-21,PHI,NO,529,529,TRUE,TRUE
2019,401070931,2018-11-20,MIA,BKN,505,505,TRUE,TRUE
2019,401070932,2018-11-20,NY,POR,442,442,TRUE,TRUE
2019,401070929,2018-11-20,ORL,TOR,424,424,TRUE,TRUE
2019,401070930,2018-11-20,WSH,LAC,488,488,TRUE,TRUE
2019,401070928,2018-11-19,SAC,OKC,513,513,TRUE,TRUE
2019,401070925,2018-11-19,MEM,DAL,448,448,TRUE,TRUE
2019,401070926,2018-11-19,MIL,DEN,467,467,TRUE,TRUE
2019,401070927,2018-11-19,NO,SA,488,488,TRUE,TRUE
2019,401070924,2018-11-19,ATL,LAC,551,551,TRUE,TRUE
2019,401070920,2018-11-19,CHA,BOS,461,461,TRUE,TRUE
2019,401070921,2018-11-19,DET,CLE,465,465,TRUE,TRUE
2019,401070922,2018-11-19,IND,UTAH,426,426,TRUE,TRUE
2019,401070923,2018-11-19,PHI,PHX,523,523,TRUE,TRUE
2019,401070919,2018-11-18,SA,GS,476,476,TRUE,TRUE
2019,401070916,2018-11-18,MIA,LAL,481,481,TRUE,TRUE
2019,401070917,2018-11-18,ORL,NY,487,487,TRUE,TRUE
2019,401070918,2018-11-18,WSH,POR,503,503,TRUE,TRUE
2019,401070915,2018-11-18,MIN,MEM,442,442,TRUE,TRUE
2019,401070914,2018-11-17,PHX,OKC,469,469,TRUE,TRUE
2019,401070913,2018-11-17,DAL,GS,486,486,TRUE,TRUE
2019,401070911,2018-11-17,CHI,TOR,459,459,TRUE,TRUE
2019,401070912,2018-11-17,HOU,SAC,461,461,TRUE,TRUE
2019,401070910,2018-11-17,BOS,UTAH,490,490,TRUE,TRUE
2019,401070906,2018-11-17,CHA,PHI,551,503,TRUE,TRUE
2019,401070907,2018-11-17,IND,ATL,528,528,TRUE,TRUE
2019,401070908,2018-11-17,ORL,LAL,465,465,TRUE,TRUE
2019,401070909,2018-11-17,NO,DEN,464,464,TRUE,TRUE
2019,401070905,2018-11-17,BKN,LAC,485,485,TRUE,TRUE
2019,401070904,2018-11-16,MIL,CHI,430,430,TRUE,TRUE
2019,401070901,2018-11-16,MEM,SAC,472,472,TRUE,TRUE
2019,401070902,2018-11-16,MIN,POR,444,444,TRUE,TRUE
2019,401070903,2018-11-16,NO,NY,536,536,TRUE,TRUE
2019,401070897,2018-11-16,BOS,TOR,516,474,TRUE,TRUE
2019,401070898,2018-11-16,IND,MIA,442,442,TRUE,TRUE
2019,401070899,2018-11-16,PHI,UTAH,523,523,TRUE,TRUE
2019,401070900,2018-11-16,WSH,BKN,505,505,TRUE,TRUE
2019,401070896,2018-11-15,LAC,SA,515,515,TRUE,TRUE
2019,401070895,2018-11-15,DEN,ATL,521,521,TRUE,TRUE
2019,401070894,2018-11-15,HOU,GS,457,457,TRUE,TRUE
2019,401070893,2018-11-14,LAL,POR,479,479,TRUE,TRUE
2019,401070892,2018-11-14,PHX,SA,429,429,TRUE,TRUE
2019,401070891,2018-11-14,DAL,UTAH,453,453,TRUE,TRUE
2019,401070888,2018-11-14,MIL,MEM,460,460,TRUE,TRUE
2019,401070889,2018-11-14,MIN,NO,486,486,TRUE,TRUE
2019,401070890,2018-11-14,OKC,NY,457,457,TRUE,TRUE
2019,401070885,2018-11-14,BOS,CHI,421,421,TRUE,TRUE
2019,401070886,2018-11-14,BKN,MIA,519,519,TRUE,TRUE
2019,401070887,2018-11-14,TOR,DET,475,475,TRUE,TRUE
2019,401070883,2018-11-14,ORL,PHI,447,447,TRUE,TRUE
2019,401070884,2018-11-14,WSH,CLE,482,482,TRUE,TRUE
2019,401070882,2018-11-13,GS,ATL,467,467,TRUE,TRUE
2019,401070881,2018-11-13,DEN,HOU,413,413,TRUE,TRUE
2019,401070880,2018-11-13,CLE,CHA,452,452,TRUE,TRUE
2019,401070879,2018-11-12,LAC,GS,509,455,TRUE,TRUE
2019,401070878,2018-11-12,SAC,SA,431,431,TRUE,TRUE
2019,401070874,2018-11-12,CHI,DAL,485,485,TRUE,TRUE
2019,401070875,2018-11-12,MEM,UTAH,488,488,TRUE,TRUE
2019,401070876,2018-11-12,MIN,BKN,497,497,TRUE,TRUE
2019,401070877,2018-11-12,OKC,PHX,444,444,TRUE,TRUE
2019,401070872,2018-11-12,MIA,PHI,496,496,TRUE,TRUE
2019,401070873,2018-11-12,TOR,NO,479,479,TRUE,TRUE
2019,401070871,2018-11-12,WSH,ORL,439,439,TRUE,TRUE
2019,401070870,2018-11-11,LAL,ATL,514,514,TRUE,TRUE
2019,401070869,2018-11-11,POR,BOS,445,445,TRUE,TRUE
2019,401070868,2018-11-11,DEN,MIL,431,431,TRUE,TRUE
2019,401070867,2018-11-11,NY,ORL,477,477,TRUE,TRUE
2019,401070866,2018-11-11,HOU,IND,446,446,TRUE,TRUE
2019,401070865,2018-11-11,DET,CHA,481,481,TRUE,TRUE
2019,401070864,2018-11-10,SAC,LAL,512,512,TRUE,TRUE
2019,401070863,2018-11-10,DAL,OKC,461,461,TRUE,TRUE
2019,401070861,2018-11-10,SA,HOU,483,483,TRUE,TRUE
2019,401070862,2018-11-10,GS,BKN,451,451,TRUE,TRUE
2019,401070858,2018-11-10,MIA,WSH,512,512,TRUE,TRUE
2019,401070859,2018-11-10,CHI,CLE,457,457,TRUE,TRUE
2019,401070860,2018-11-10,MEM,PHI,492,438,TRUE,TRUE
2019,401070857,2018-11-10,NO,PHX,472,472,TRUE,TRUE
2019,401070856,2018-11-10,LAC,MIL,553,502,TRUE,TRUE
2019,401070855,2018-11-10,TOR,NY,475,475,TRUE,TRUE
2019,401070854,2018-11-09,SAC,MIN,519,519,TRUE,TRUE
2019,401070853,2018-11-09,UTAH,BOS,452,452,TRUE,TRUE
2019,401070852,2018-11-09,DEN,BKN,522,522,TRUE,TRUE
2019,401070851,2018-11-09,MIA,IND,507,507,TRUE,TRUE
2019,401070850,2018-11-09,ATL,DET,507,507,TRUE,TRUE
2019,401070848,2018-11-09,ORL,WSH,418,418,TRUE,TRUE
2019,401070849,2018-11-09,PHI,CHA,617,554,TRUE,TRUE
2019,401070847,2018-11-08,GS,MIL,488,488,TRUE,TRUE
2019,401070846,2018-11-08,POR,LAC,468,468,TRUE,TRUE
2019,401070845,2018-11-08,PHX,BOS,519,481,TRUE,TRUE
2019,401070844,2018-11-08,OKC,HOU,459,459,TRUE,TRUE
2019,401070843,2018-11-07,LAL,MIN,428,428,TRUE,TRUE
2019,401070842,2018-11-07,SAC,TOR,475,475,TRUE,TRUE
2019,401070841,2018-11-07,UTAH,DAL,503,503,TRUE,TRUE
2019,401070838,2018-11-07,IND,PHI,462,462,TRUE,TRUE
2019,401070839,2018-11-07,MEM,DEN,455,455,TRUE,TRUE
2019,401070840,2018-11-07,NO,CHI,472,472,TRUE,TRUE
2019,401070836,2018-11-07,ATL,NY,554,554,TRUE,TRUE
2019,401070837,2018-11-07,MIA,SA,476,476,TRUE,TRUE
2019,401070834,2018-11-07,CLE,OKC,476,476,TRUE,TRUE
2019,401070835,2018-11-07,ORL,DET,459,459,TRUE,TRUE
2019,401070833,2018-11-06,POR,MIL,423,423,TRUE,TRUE
2019,401070832,2018-11-06,PHX,BKN,469,469,TRUE,TRUE
2019,401070831,2018-11-06,DAL,WSH,460,460,TRUE,TRUE
2019,401070830,2018-11-06,CHA,ATL,478,478,TRUE,TRUE
2019,401070828,2018-11-05,GS,MEM,448,448,TRUE,TRUE
2019,401070829,2018-11-05,LAC,MIN,462,462,TRUE,TRUE
2019,401070826,2018-11-05,DEN,BOS,458,458,TRUE,TRUE
2019,401070827,2018-11-05,UTAH,TOR,482,482,TRUE,TRUE
2019,401070825,2018-11-05,OKC,NO,493,493,TRUE,TRUE
2019,401070824,2018-11-05,NY,CHI,574,477,TRUE,TRUE
2019,401070821,2018-11-05,DET,MIA,592,535,TRUE,TRUE
2019,401070822,2018-11-05,IND,HOU,431,431,TRUE,TRUE
2019,401070823,2018-11-05,ORL,CLE,427,427,TRUE,TRUE
2019,401070820,2018-11-04,LAL,TOR,464,464,TRUE,TRUE
2019,401070819,2018-11-04,POR,MIN,483,483,TRUE,TRUE
2019,401070818,2018-11-04,PHX,MEM,441,441,TRUE,TRUE
2019,401070817,2018-11-04,SA,ORL,451,451,TRUE,TRUE
2019,401070815,2018-11-04,BKN,PHI,508,508,TRUE,TRUE
2019,401070816,2018-11-04,WSH,NY,496,496,TRUE,TRUE
2019,401070814,2018-11-04,MIL,SAC,516,516,TRUE,TRUE
2019,401070813,2018-11-03,POR,LAL,512,512,TRUE,TRUE
2019,401070812,2018-11-03,DEN,UTAH,466,466,TRUE,TRUE
2019,401070811,2018-11-03,SA,NO,472,472,TRUE,TRUE
2019,401070810,2018-11-03,CHI,HOU,452,452,TRUE,TRUE
2019,401070809,2018-11-03,ATL,MIA,497,497,TRUE,TRUE
2019,401070807,2018-11-03,CHA,CLE,422,422,TRUE,TRUE
2019,401070808,2018-11-03,IND,BOS,466,466,TRUE,TRUE
2019,401070806,2018-11-03,PHI,DET,544,544,TRUE,TRUE
2019,401070805,2018-11-02,GS,MIN,456,456,TRUE,TRUE
2019,401070804,2018-11-02,PHX,TOR,461,461,TRUE,TRUE
2019,401070803,2018-11-02,UTAH,MEM,475,475,TRUE,TRUE
2019,401070802,2018-11-02,DAL,NY,466,466,TRUE,TRUE
2019,401070800,2018-11-02,WSH,OKC,439,439,TRUE,TRUE
2019,401070801,2018-11-02,CHI,IND,431,431,TRUE,TRUE
2019,401070799,2018-11-02,BKN,HOU,472,472,TRUE,TRUE
2019,401070798,2018-11-02,ORL,LAC,468,468,TRUE,TRUE
2019,401070797,2018-11-01,POR,NO,513,513,TRUE,TRUE
2019,401070796,2018-11-01,BOS,MIL,495,495,TRUE,TRUE
2019,401070795,2018-11-01,ATL,SAC,545,545,TRUE,TRUE
2019,401070792,2018-11-01,CHA,OKC,523,523,TRUE,TRUE
2019,401070793,2018-11-01,CLE,DEN,435,435,TRUE,TRUE
2019,401070794,2018-11-01,PHI,LAC,524,524,TRUE,TRUE
2019,401070789,2018-10-31,GS,NO,495,495,TRUE,TRUE
2019,401070790,2018-10-31,LAL,DAL,491,491,TRUE,TRUE
2019,401070791,2018-10-31,PHX,SA,463,463,TRUE,TRUE
2019,401070786,2018-10-31,NY,IND,441,441,TRUE,TRUE
2019,401070787,2018-10-31,CHI,DEN,498,451,TRUE,TRUE
2019,401070788,2018-10-31,MIN,UTAH,502,502,TRUE,TRUE
2019,401070785,2018-10-31,BKN,DET,579,541,TRUE,TRUE
2019,401070782,2018-10-30,HOU,POR,480,480,TRUE,TRUE
2019,401070783,2018-10-30,MEM,WSH,440,440,TRUE,TRUE
2019,401070784,2018-10-30,OKC,LAC,535,535,TRUE,TRUE
2019,401070780,2018-10-30,BOS,DET,505,505,TRUE,TRUE
2019,401070781,2018-10-30,TOR,PHI,526,526,TRUE,TRUE
2019,401070777,2018-10-30,CHA,MIA,467,467,TRUE,TRUE
2019,401070778,2018-10-30,CLE,ATL,503,503,TRUE,TRUE
2019,401070779,2018-10-30,ORL,SAC,479,479,TRUE,TRUE
2019,401070776,2018-10-29,DEN,NO,472,472,TRUE,TRUE
2019,401070775,2018-10-29,SA,DAL,489,440,TRUE,TRUE
2019,401070772,2018-10-29,CHI,GS,481,481,TRUE,TRUE
2019,401070773,2018-10-29,MIL,TOR,514,514,TRUE,TRUE
2019,401070774,2018-10-29,MIN,LAL,510,510,TRUE,TRUE
2019,401070770,2018-10-29,MIA,SAC,509,509,TRUE,TRUE
2019,401070771,2018-10-29,NY,BKN,469,469,TRUE,TRUE
2019,401070768,2018-10-29,IND,POR,446,446,TRUE,TRUE
2019,401070769,2018-10-29,PHI,ATL,517,517,TRUE,TRUE
2019,401070767,2018-10-28,LAC,WSH,482,482,TRUE,TRUE
2019,401070765,2018-10-28,DAL,UTAH,470,470,TRUE,TRUE
2019,401070766,2018-10-28,OKC,PHX,512,512,TRUE,TRUE
2019,401070764,2018-10-28,BKN,GS,449,449,TRUE,TRUE
2019,401070762,2018-10-27,MIL,ORL,477,477,TRUE,TRUE
2019,401070763,2018-10-27,SA,LAL,490,490,TRUE,TRUE
2019,401070760,2018-10-27,MIA,POR,489,489,TRUE,TRUE
2019,401070761,2018-10-27,MEM,PHX,426,426,TRUE,TRUE
2019,401070757,2018-10-27,ATL,CHI,480,480,TRUE,TRUE
2019,401070758,2018-10-27,CLE,IND,431,431,TRUE,TRUE
2019,401070759,2018-10-27,PHI,CHA,529,529,TRUE,TRUE
2019,401070755,2018-10-27,DET,BOS,480,480,TRUE,TRUE
2019,401070756,2018-10-27,NO,UTAH,524,524,TRUE,TRUE
2019,401070754,2018-10-26,SAC,WSH,500,500,TRUE,TRUE
2019,401070751,2018-10-26,HOU,LAC,493,493,TRUE,TRUE
2019,401070752,2018-10-26,MIN,MIL,492,492,TRUE,TRUE
2019,401070753,2018-10-26,NO,BKN,507,507,TRUE,TRUE
2019,401070749,2018-10-26,NY,GS,438,438,TRUE,TRUE
2019,401070750,2018-10-26,TOR,DAL,478,478,TRUE,TRUE
2019,401070748,2018-10-26,CHA,CHI,435,435,TRUE,TRUE
2019,401070747,2018-10-25,LAL,DEN,481,481,TRUE,TRUE
2019,401070746,2018-10-25,OKC,BOS,539,539,TRUE,TRUE
2019,401070744,2018-10-25,DET,CLE,458,458,TRUE,TRUE
2019,401070745,2018-10-25,ORL,POR,446,446,TRUE,TRUE
2019,401070743,2018-10-24,GS,WSH,469,469,TRUE,TRUE
2019,401070741,2018-10-24,PHX,LAL,474,474,TRUE,TRUE
2019,401070742,2018-10-24,SAC,MEM,492,492,TRUE,TRUE
2019,401070740,2018-10-24,MIL,PHI,553,553,TRUE,TRUE
2019,401070739,2018-10-24,SA,IND,433,433,TRUE,TRUE
2019,401070737,2018-10-24,CHI,CHA,470,470,TRUE,TRUE
2019,401070738,2018-10-24,HOU,UTAH,461,461,TRUE,TRUE
2019,401070735,2018-10-24,MIA,NY,455,455,TRUE,TRUE
2019,401070736,2018-10-24,TOR,MIN,454,454,TRUE,TRUE
2019,401070733,2018-10-24,ATL,DAL,546,546,TRUE,TRUE
2019,401070734,2018-10-24,CLE,BKN,456,456,TRUE,TRUE
2019,401070732,2018-10-23,DEN,SAC,457,457,TRUE,TRUE
2019,401070731,2018-10-23,NO,LAC,507,507,TRUE,TRUE
2019,401070730,2018-10-23,DET,PHI,553,496,TRUE,TRUE
2019,401070728,2018-10-22,GS,PHX,471,471,TRUE,TRUE
2019,401070729,2018-10-22,LAL,SA,552,486,TRUE,TRUE
2019,401070727,2018-10-22,POR,WSH,579,514,TRUE,TRUE
2019,401070726,2018-10-22,UTAH,MEM,485,485,TRUE,TRUE
2019,401070725,2018-10-22,DAL,CHI,469,469,TRUE,TRUE
2019,401070723,2018-10-22,MIL,NY,496,496,TRUE,TRUE
2019,401070724,2018-10-22,MIN,IND,462,462,TRUE,TRUE
2019,401070721,2018-10-22,BOS,ORL,441,441,TRUE,TRUE
2019,401070722,2018-10-22,TOR,CHA,444,444,TRUE,TRUE
2019,401070223,2018-10-21,LAC,HOU,454,454,TRUE,TRUE
2019,401070720,2018-10-21,DEN,GS,520,520,TRUE,TRUE
2019,401070719,2018-10-21,OKC,SAC,546,546,TRUE,TRUE
2019,401070718,2018-10-21,CLE,ATL,502,502,TRUE,TRUE
2019,401070222,2018-10-20,LAL,HOU,520,520,TRUE,TRUE
2019,401070717,2018-10-20,POR,SA,447,447,TRUE,TRUE
2019,401070716,2018-10-20,DEN,PHX,520,520,TRUE,TRUE
2019,401070715,2018-10-20,DAL,MIN,529,529,TRUE,TRUE
2019,401070713,2018-10-20,MIA,CHA,504,504,TRUE,TRUE
2019,401070714,2018-10-20,CHI,DET,490,490,TRUE,TRUE
2019,401070711,2018-10-20,NY,BOS,509,509,TRUE,TRUE
2019,401070712,2018-10-20,PHI,ORL,456,456,TRUE,TRUE
2019,401070221,2018-10-20,WSH,TOR,524,524,TRUE,TRUE
2019,401070710,2018-10-20,IND,BKN,459,459,TRUE,TRUE
2019,401070220,2018-10-19,UTAH,GS,470,470,TRUE,TRUE
2019,401070709,2018-10-19,LAC,OKC,502,502,TRUE,TRUE
2019,401070708,2018-10-19,MIL,IND,512,512,TRUE,TRUE
2019,401070219,2018-10-19,TOR,BOS,478,478,TRUE,TRUE
2019,401070705,2018-10-19,MEM,ATL,544,544,TRUE,TRUE
2019,401070706,2018-10-19,MIN,CLE,482,482,TRUE,TRUE
2019,401070707,2018-10-19,NO,SAC,497,497,TRUE,TRUE
2019,401070704,2018-10-19,BKN,NY,461,461,TRUE,TRUE
2019,401070703,2018-10-19,ORL,CHA,460,460,TRUE,TRUE
2019,401070218,2018-10-18,POR,LAL,524,524,TRUE,TRUE
2019,401070217,2018-10-18,PHI,CHI,493,493,TRUE,TRUE
2019,401070702,2018-10-18,WSH,MIA,547,547,TRUE,TRUE
2019,401070216,2018-10-17,PHX,DAL,437,437,TRUE,TRUE
2019,401070701,2018-10-17,LAC,DEN,518,518,TRUE,TRUE
2019,401070700,2018-10-17,SAC,UTAH,489,489,TRUE,TRUE
2019,401070699,2018-10-17,SA,MIN,506,506,TRUE,TRUE
2019,401070215,2018-10-17,HOU,NO,505,505,TRUE,TRUE
2019,401070697,2018-10-17,NY,ATL,525,525,TRUE,TRUE
2019,401070698,2018-10-17,TOR,CLE,519,519,TRUE,TRUE
2019,401070693,2018-10-17,CHA,MIL,496,496,TRUE,TRUE
2019,401070694,2018-10-17,DET,BKN,482,482,TRUE,TRUE
2019,401070695,2018-10-17,IND,MEM,462,462,TRUE,TRUE
2019,401070696,2018-10-17,ORL,MIA,554,554,TRUE,TRUE
2019,401070214,2018-10-16,GS,OKC,526,526,TRUE,TRUE
2019,401070213,2018-10-16,BOS,PHI,497,497,TRUE,TRUE
2020,401224790,2020-08-14,HOU,PHI,421,421,TRUE,TRUE
2020,401224792,2020-08-14,LAC,OKC,549,477,TRUE,TRUE
2020,401224791,2020-08-14,IND,MIA,462,462,TRUE,TRUE
2020,401224793,2020-08-14,TOR,DEN,446,446,TRUE,TRUE
2020,401224784,2020-08-13,BKN,POR,474,474,TRUE,TRUE
2020,401224787,2020-08-13,ORL,NO,454,454,TRUE,TRUE
2020,401224789,2020-08-13,UTAH,SA,468,468,TRUE,TRUE
2020,401224786,2020-08-13,MEM,MIL,513,513,TRUE,TRUE
2020,401224788,2020-08-13,PHX,DAL,435,435,TRUE,TRUE
2020,401224785,2020-08-13,LAL,SAC,444,444,TRUE,TRUE
2020,401224783,2020-08-13,BOS,WSH,464,464,TRUE,TRUE
2020,401224782,2020-08-12,DEN,LAC,440,440,TRUE,TRUE
2020,401224781,2020-08-12,OKC,MIA,462,462,TRUE,TRUE
2020,401224780,2020-08-12,PHI,TOR,524,524,TRUE,TRUE
2020,401224779,2020-08-12,HOU,IND,508,508,TRUE,TRUE
2020,401224777,2020-08-11,SAC,NO,447,447,TRUE,TRUE
2020,401224778,2020-08-11,WSH,MIL,517,517,TRUE,TRUE
2020,401224775,2020-08-11,DAL,POR,500,500,TRUE,TRUE
2020,401224776,2020-08-11,MEM,BOS,489,489,TRUE,TRUE
2020,401224774,2020-08-11,PHI,PHX,438,438,TRUE,TRUE
2020,401224773,2020-08-11,SA,HOU,475,475,TRUE,TRUE
2020,401224772,2020-08-11,ORL,BKN,467,467,TRUE,TRUE
2020,401224771,2020-08-10,LAL,DEN,421,421,TRUE,TRUE
2020,401224770,2020-08-10,MIA,IND,486,486,TRUE,TRUE
2020,401224769,2020-08-10,MIL,TOR,524,524,TRUE,TRUE
2020,401224768,2020-08-10,UTAH,DAL,434,434,TRUE,TRUE
2020,401224767,2020-08-10,PHX,OKC,490,490,TRUE,TRUE
2020,401224766,2020-08-09,LAC,BKN,462,462,TRUE,TRUE
2020,401224765,2020-08-09,SAC,HOU,471,471,TRUE,TRUE
2020,401224764,2020-08-09,POR,PHI,490,490,TRUE,TRUE
2020,401224763,2020-08-09,BOS,ORL,531,471,TRUE,TRUE
2020,401224762,2020-08-09,NO,SA,529,529,TRUE,TRUE
2020,401224761,2020-08-09,TOR,MEM,492,492,TRUE,TRUE
2020,401224760,2020-08-09,OKC,WSH,453,453,TRUE,TRUE
2020,401224759,2020-08-08,DAL,MIL,595,536,TRUE,TRUE
2020,401224758,2020-08-08,MIA,PHX,447,447,TRUE,TRUE
2020,401224757,2020-08-08,IND,LAL,471,471,TRUE,TRUE
2020,401224756,2020-08-08,DEN,UTAH,612,475,TRUE,TRUE
2020,401224755,2020-08-08,POR,LAC,461,461,TRUE,TRUE
2020,401224754,2020-08-07,TOR,BOS,463,463,TRUE,TRUE
2020,401224753,2020-08-07,NO,WSH,476,476,TRUE,TRUE
2020,401224752,2020-08-07,PHI,ORL,501,501,TRUE,TRUE
2020,401224751,2020-08-07,BKN,SAC,486,486,TRUE,TRUE
2020,401224750,2020-08-07,MEM,OKC,468,468,TRUE,TRUE
2020,401224749,2020-08-07,SA,UTAH,477,477,TRUE,TRUE
2020,401224748,2020-08-06,HOU,LAL,488,488,TRUE,TRUE
2020,401224747,2020-08-06,DEN,POR,435,435,TRUE,TRUE
2020,401224746,2020-08-06,DAL,LAC,448,448,TRUE,TRUE
2020,401224744,2020-08-06,MIL,MIA,495,495,TRUE,TRUE
2020,401224745,2020-08-06,PHX,IND,465,465,TRUE,TRUE
2020,401224743,2020-08-06,SAC,NO,472,472,TRUE,TRUE
2020,401224742,2020-08-05,BOS,BKN,475,475,TRUE,TRUE
2020,401224741,2020-08-05,ORL,TOR,471,471,TRUE,TRUE
2020,401224740,2020-08-05,LAL,OKC,513,513,TRUE,TRUE
2020,401224738,2020-08-05,WSH,PHI,485,485,TRUE,TRUE
2020,401224739,2020-08-05,SA,DEN,471,471,TRUE,TRUE
2020,401224737,2020-08-05,UTAH,MEM,509,509,TRUE,TRUE
2020,401224736,2020-08-04,POR,HOU,492,492,TRUE,TRUE
2020,401224735,2020-08-04,MIA,BOS,493,493,TRUE,TRUE
2020,401224734,2020-08-04,IND,ORL,430,430,TRUE,TRUE
2020,401224733,2020-08-04,LAC,PHX,448,448,TRUE,TRUE
2020,401224732,2020-08-04,SAC,DAL,558,503,TRUE,TRUE
2020,401224731,2020-08-04,MIL,BKN,520,520,TRUE,TRUE
2020,401224730,2020-08-03,UTAH,LAL,496,496,TRUE,TRUE
2020,401224729,2020-08-03,PHI,SA,509,509,TRUE,TRUE
2020,401224728,2020-08-03,NO,MEM,506,506,TRUE,TRUE
2020,401224726,2020-08-03,OKC,DEN,551,499,TRUE,TRUE
2020,401224727,2020-08-03,WSH,IND,441,441,TRUE,TRUE
2020,401224725,2020-08-03,MIA,TOR,453,453,TRUE,TRUE
2020,401224724,2020-08-02,PHX,DAL,511,511,TRUE,TRUE
2020,401224723,2020-08-02,HOU,MIL,514,514,TRUE,TRUE
2020,401224722,2020-08-02,ORL,SAC,488,488,TRUE,TRUE
2020,401224721,2020-08-02,MEM,SA,504,504,TRUE,TRUE
2020,401224720,2020-08-02,BOS,POR,451,451,TRUE,TRUE
2020,401224719,2020-08-02,BKN,WSH,499,499,TRUE,TRUE
2020,401224718,2020-08-01,TOR,LAL,515,515,TRUE,TRUE
2020,401224717,2020-08-01,IND,PHI,511,511,TRUE,TRUE
2020,401224716,2020-08-01,LAC,NO,491,491,TRUE,TRUE
2020,401224715,2020-08-01,OKC,UTAH,467,467,TRUE,TRUE
2020,401224714,2020-08-01,DEN,MIA,505,505,TRUE,TRUE
2020,401224713,2020-07-31,DAL,HOU,585,523,TRUE,TRUE
2020,401224692,2020-07-31,SA,SAC,488,488,TRUE,TRUE
2020,401224691,2020-07-31,MIL,BOS,533,533,TRUE,TRUE
2020,401224689,2020-07-31,POR,MEM,558,498,TRUE,TRUE
2020,401224690,2020-07-31,WSH,PHX,474,474,TRUE,TRUE
2020,401224688,2020-07-31,BKN,ORL,474,474,TRUE,TRUE
2020,401224687,2020-07-30,LAL,LAC,512,512,TRUE,TRUE
2020,401224686,2020-07-30,NO,UTAH,501,501,TRUE,TRUE
2020,401161615,2020-03-11,DAL,DEN,438,438,TRUE,TRUE
2020,401161611,2020-03-11,ATL,NY,544,482,TRUE,TRUE
2020,401161612,2020-03-11,MIA,CHA,426,426,TRUE,TRUE
2020,401161613,2020-03-11,PHI,DET,469,469,TRUE,TRUE
2020,401161609,2020-03-10,GS,LAC,440,440,TRUE,TRUE
2020,401161610,2020-03-10,LAL,BKN,466,466,TRUE,TRUE
2020,401161608,2020-03-10,POR,PHX,443,443,TRUE,TRUE
2020,401161604,2020-03-10,CHI,CLE,452,452,TRUE,TRUE
2020,401161605,2020-03-10,HOU,MIN,461,461,TRUE,TRUE
2020,401161606,2020-03-10,MEM,ORL,504,504,TRUE,TRUE
2020,401161607,2020-03-10,SA,DAL,439,439,TRUE,TRUE
2020,401161602,2020-03-10,IND,BOS,453,453,TRUE,TRUE
2020,401161603,2020-03-10,WSH,NY,507,507,TRUE,TRUE
2020,401161600,2020-03-09,DEN,MIL,482,482,TRUE,TRUE
2020,401161601,2020-03-09,UTAH,TOR,441,441,TRUE,TRUE
2020,401161599,2020-03-09,ATL,CHA,553,455,TRUE,TRUE
2020,401161598,2020-03-08,SAC,TOR,467,467,TRUE,TRUE
2020,401161596,2020-03-08,CLE,SA,581,507,TRUE,TRUE
2020,401161597,2020-03-08,NY,DET,449,449,TRUE,TRUE
2020,401161593,2020-03-08,WSH,MIA,449,449,TRUE,TRUE
2020,401161594,2020-03-08,DAL,IND,463,463,TRUE,TRUE
2020,401161595,2020-03-08,HOU,ORL,493,493,TRUE,TRUE
2020,401161591,2020-03-08,BOS,OKC,485,485,TRUE,TRUE
2020,401161592,2020-03-08,PHX,MIL,487,487,TRUE,TRUE
2020,401161589,2020-03-08,MIN,NO,536,536,TRUE,TRUE
2020,401161590,2020-03-08,LAC,LAL,518,518,TRUE,TRUE
2020,401161588,2020-03-08,BKN,CHI,512,512,TRUE,TRUE
2020,401161587,2020-03-07,POR,SAC,469,469,TRUE,TRUE
2020,401161586,2020-03-07,GS,PHI,444,444,TRUE,TRUE
2020,401161585,2020-03-07,MEM,ATL,531,531,TRUE,TRUE
2020,401161584,2020-03-07,CLE,DEN,412,412,TRUE,TRUE
2020,401161583,2020-03-07,DET,UTAH,442,442,TRUE,TRUE
2020,401161582,2020-03-07,CHA,HOU,417,417,TRUE,TRUE
2020,401161581,2020-03-06,LAL,MIL,552,552,TRUE,TRUE
2020,401161580,2020-03-06,PHX,POR,470,470,TRUE,TRUE
2020,401161579,2020-03-06,DAL,MEM,439,439,TRUE,TRUE
2020,401161575,2020-03-06,BOS,UTAH,445,445,TRUE,TRUE
2020,401161576,2020-03-06,CHI,IND,487,487,TRUE,TRUE
2020,401161577,2020-03-06,MIN,ORL,468,468,TRUE,TRUE
2020,401161578,2020-03-06,NO,MIA,527,527,TRUE,TRUE
2020,401161573,2020-03-06,BKN,SA,484,484,TRUE,TRUE
2020,401161574,2020-03-06,NY,OKC,467,467,TRUE,TRUE
2020,401161572,2020-03-06,WSH,ATL,459,459,TRUE,TRUE
2020,401161571,2020-03-05,GS,TOR,508,508,TRUE,TRUE
2020,401161570,2020-03-05,SAC,PHI,447,447,TRUE,TRUE
2020,401161569,2020-03-05,HOU,LAC,526,526,TRUE,TRUE
2020,401161568,2020-03-05,CHA,DEN,452,452,TRUE,TRUE
2020,401161567,2020-03-04,POR,WSH,505,505,TRUE,TRUE
2020,401161565,2020-03-04,DAL,NO,533,473,TRUE,TRUE
2020,401161564,2020-03-04,MIN,CHI,459,459,TRUE,TRUE
2020,401161561,2020-03-04,MIA,ORL,409,409,TRUE,TRUE
2020,401161562,2020-03-04,BKN,MEM,475,475,TRUE,TRUE
2020,401161563,2020-03-04,NY,UTAH,429,429,TRUE,TRUE
2020,401161559,2020-03-04,CLE,BOS,447,447,TRUE,TRUE
2020,401161560,2020-03-04,DET,OKC,424,424,TRUE,TRUE
2020,401161566,2020-03-04,MIL,IND,485,485,TRUE,TRUE
2020,401161557,2020-03-03,LAL,PHI,450,450,TRUE,TRUE
2020,401161558,2020-03-03,SAC,WSH,473,473,TRUE,TRUE
2020,401161555,2020-03-03,DEN,GS,477,477,TRUE,TRUE
2020,401161556,2020-03-03,PHX,TOR,477,477,TRUE,TRUE
2020,401161553,2020-03-03,NO,MIN,499,499,TRUE,TRUE
2020,401161554,2020-03-03,OKC,LAC,481,481,TRUE,TRUE
2020,401161552,2020-03-03,BOS,BKN,577,523,TRUE,TRUE
2020,401161551,2020-03-03,CHA,SA,432,432,TRUE,TRUE
2020,401161550,2020-03-02,SA,IND,426,426,TRUE,TRUE
2020,401161549,2020-03-02,CHI,DAL,473,473,TRUE,TRUE
2020,401161547,2020-03-02,ATL,MEM,514,514,TRUE,TRUE
2020,401161548,2020-03-02,MIA,MIL,466,466,TRUE,TRUE
2020,401161544,2020-03-02,CLE,UTAH,424,424,TRUE,TRUE
2020,401161545,2020-03-02,NY,HOU,507,507,TRUE,TRUE
2020,401161546,2020-03-02,ORL,POR,455,455,TRUE,TRUE
2020,401161543,2020-03-01,GS,WSH,485,485,TRUE,TRUE
2020,401161542,2020-03-01,NO,LAL,494,494,TRUE,TRUE
2020,401161540,2020-03-01,DEN,TOR,475,475,TRUE,TRUE
2020,401161541,2020-03-01,SAC,DET,479,479,TRUE,TRUE
2020,401161538,2020-03-01,MIN,DAL,506,506,TRUE,TRUE
2020,401161539,2020-03-01,LAC,PHI,470,470,TRUE,TRUE
2020,401161537,2020-03-01,CHA,MIL,477,477,TRUE,TRUE
2020,401161534,2020-02-29,BOS,HOU,512,468,TRUE,TRUE
2020,401161535,2020-02-29,SA,ORL,451,451,TRUE,TRUE
2020,401161532,2020-02-29,CLE,IND,422,422,TRUE,TRUE
2020,401161531,2020-02-29,MIA,BKN,481,481,TRUE,TRUE
2020,401161529,2020-02-29,NY,CHI,466,466,TRUE,TRUE
2020,401161526,2020-02-28,PHX,DET,429,429,TRUE,TRUE
2020,401161527,2020-02-28,UTAH,WSH,491,491,TRUE,TRUE
2020,401161522,2020-02-28,MIA,DAL,462,462,TRUE,TRUE
2020,401161523,2020-02-28,MEM,SAC,480,480,TRUE,TRUE
2020,401161524,2020-02-28,MIL,OKC,494,494,TRUE,TRUE
2020,401161525,2020-02-28,NO,CLE,439,439,TRUE,TRUE
2020,401161520,2020-02-28,ATL,BKN,484,484,TRUE,TRUE
2020,401161521,2020-02-28,TOR,CHA,503,503,TRUE,TRUE
2020,401161519,2020-02-28,ORL,MIN,488,488,TRUE,TRUE
2020,401161518,2020-02-27,GS,LAL,466,466,TRUE,TRUE
2020,401161516,2020-02-27,IND,POR,457,457,TRUE,TRUE
2020,401161517,2020-02-27,OKC,SAC,484,484,TRUE,TRUE
2020,401161515,2020-02-27,PHI,NY,426,426,TRUE,TRUE
2020,401161514,2020-02-26,UTAH,BOS,414,414,TRUE,TRUE
2020,401161513,2020-02-26,PHX,LAC,462,462,TRUE,TRUE
2020,401161511,2020-02-26,SA,DAL,497,497,TRUE,TRUE
2020,401161512,2020-02-26,HOU,MEM,496,496,TRUE,TRUE
2020,401161509,2020-02-26,ATL,ORL,490,490,TRUE,TRUE
2020,401161510,2020-02-26,MIA,MIN,523,523,TRUE,TRUE
2020,401161506,2020-02-26,CHA,NY,455,455,TRUE,TRUE
2020,401161507,2020-02-26,CLE,PHI,425,425,TRUE,TRUE
2020,401161508,2020-02-26,WSH,BKN,517,517,TRUE,TRUE
2020,401161503,2020-02-25,LAL,NO,512,512,TRUE,TRUE
2020,401161504,2020-02-25,POR,BOS,451,451,TRUE,TRUE
2020,401161502,2020-02-25,DEN,DET,452,452,TRUE,TRUE
2020,401161501,2020-02-25,CHI,OKC,455,455,TRUE,TRUE
2020,401161500,2020-02-25,TOR,MIL,514,514,TRUE,TRUE
2020,401161499,2020-02-25,IND,CHA,447,447,TRUE,TRUE
2020,401161498,2020-02-24,LAC,MEM,467,467,TRUE,TRUE
2020,401161497,2020-02-24,UTAH,PHX,482,482,TRUE,TRUE
2020,401161496,2020-02-24,DAL,MIN,528,528,TRUE,TRUE
2020,401161495,2020-02-24,HOU,NY,492,492,TRUE,TRUE
2020,401161494,2020-02-24,BKN,ORL,440,440,TRUE,TRUE
2020,401161491,2020-02-24,CLE,MIA,531,473,TRUE,TRUE
2020,401161492,2020-02-24,PHI,ATL,504,504,TRUE,TRUE
2020,401161493,2020-02-24,WSH,MIL,535,475,TRUE,TRUE
2020,401161489,2020-02-23,GS,NO,463,463,TRUE,TRUE
2020,401161487,2020-02-23,CHI,WSH,494,494,TRUE,TRUE
2020,401161488,2020-02-23,OKC,SA,481,481,TRUE,TRUE
2020,401161485,2020-02-23,TOR,IND,475,475,TRUE,TRUE
2020,401161486,2020-02-23,DEN,MIN,486,486,TRUE,TRUE
2020,401161484,2020-02-23,LAL,BOS,513,513,TRUE,TRUE
2020,401161483,2020-02-22,UTAH,HOU,455,455,TRUE,TRUE
2020,401161482,2020-02-22,MIL,PHI,489,489,TRUE,TRUE
2020,401161480,2020-02-22,MIA,CLE,426,426,TRUE,TRUE
2020,401161481,2020-02-22,CHI,PHX,501,501,TRUE,TRUE
2020,401161479,2020-02-22,ATL,DAL,498,498,TRUE,TRUE
2020,401161478,2020-02-22,CHA,BKN,458,458,TRUE,TRUE
2020,401161477,2020-02-22,LAC,SAC,502,502,TRUE,TRUE
2020,401161475,2020-02-21,LAL,MEM,545,545,TRUE,TRUE
2020,401161476,2020-02-21,POR,NO,497,497,TRUE,TRUE
2020,401161474,2020-02-21,UTAH,SA,461,461,TRUE,TRUE
2020,401161472,2020-02-21,MIN,BOS,519,519,TRUE,TRUE
2020,401161473,2020-02-21,OKC,DEN,453,453,TRUE,TRUE
2020,401161470,2020-02-21,NY,IND,492,492,TRUE,TRUE
2020,401161471,2020-02-21,TOR,PHX,485,485,TRUE,TRUE
2020,401161468,2020-02-21,ORL,DAL,473,473,TRUE,TRUE
2020,401161469,2020-02-21,WSH,CLE,505,505,TRUE,TRUE
2020,401161467,2020-02-20,GS,HOU,441,441,TRUE,TRUE
2020,401161466,2020-02-20,SAC,MEM,518,518,TRUE,TRUE
2020,401161464,2020-02-20,PHI,BKN,555,510,TRUE,TRUE
2020,401161465,2020-02-20,CHI,CHA,460,460,TRUE,TRUE
2020,401161463,2020-02-20,ATL,MIA,549,549,TRUE,TRUE
2020,401161462,2020-02-20,DET,MIL,463,463,TRUE,TRUE
2020,401161460,2020-02-13,BOS,LAC,613,497,TRUE,TRUE
2020,401161461,2020-02-13,NO,OKC,468,468,TRUE,TRUE
2020,401161459,2020-02-12,DEN,LAL,494,447,TRUE,TRUE
2020,401161457,2020-02-12,PHX,GS,447,447,TRUE,TRUE
2020,401161458,2020-02-12,UTAH,MIA,449,449,TRUE,TRUE
2020,401161456,2020-02-12,DAL,SAC,464,464,TRUE,TRUE
2020,401161454,2020-02-12,MEM,POR,491,491,TRUE,TRUE
2020,401161455,2020-02-12,MIN,CHA,505,505,TRUE,TRUE
2020,401161451,2020-02-12,BKN,TOR,466,466,TRUE,TRUE
2020,401161452,2020-02-12,IND,MIL,489,489,TRUE,TRUE
2020,401161453,2020-02-12,NY,WSH,516,516,TRUE,TRUE
2020,401161449,2020-02-12,CLE,ATL,490,490,TRUE,TRUE
2020,401161450,2020-02-12,ORL,DET,488,432,TRUE,TRUE
2020,401161448,2020-02-11,HOU,BOS,490,490,TRUE,TRUE
2020,401161446,2020-02-11,NO,POR,492,492,TRUE,TRUE
2020,401161447,2020-02-11,OKC,SA,463,463,TRUE,TRUE
2020,401161444,2020-02-11,PHI,LAC,466,466,TRUE,TRUE
2020,401161445,2020-02-11,WSH,CHI,463,463,TRUE,TRUE
2020,401161442,2020-02-10,GS,MIA,467,467,TRUE,TRUE
2020,401161443,2020-02-10,LAL,PHX,468,468,TRUE,TRUE
2020,401161441,2020-02-10,DEN,SA,434,434,TRUE,TRUE
2020,401161440,2020-02-10,DAL,UTAH,441,441,TRUE,TRUE
2020,401161439,2020-02-10,MIL,SAC,511,511,TRUE,TRUE
2020,401161438,2020-02-10,TOR,MIN,487,487,TRUE,TRUE
2020,401161435,2020-02-10,DET,CHA,456,456,TRUE,TRUE
2020,401161436,2020-02-10,IND,BKN,457,457,TRUE,TRUE
2020,401161437,2020-02-10,ORL,ATL,444,444,TRUE,TRUE
2020,401161434,2020-02-09,POR,MIA,473,473,TRUE,TRUE
2020,401161433,2020-02-09,CLE,LAC,476,476,TRUE,TRUE
2020,401161432,2020-02-09,HOU,UTAH,456,456,TRUE,TRUE
2020,401161429,2020-02-09,ATL,NY,589,481,TRUE,TRUE
2020,401161430,2020-02-09,PHI,CHI,481,481,TRUE,TRUE
2020,401161431,2020-02-09,WSH,MEM,537,537,TRUE,TRUE
2020,401161428,2020-02-09,OKC,BOS,479,479,TRUE,TRUE
2020,401161427,2020-02-08,SAC,SA,431,431,TRUE,TRUE
2020,401161426,2020-02-08,PHX,DEN,446,446,TRUE,TRUE
2020,401161425,2020-02-08,GS,LAL,502,502,TRUE,TRUE
2020,401161424,2020-02-08,MIN,LAC,466,466,TRUE,TRUE
2020,401161422,2020-02-08,IND,NO,484,484,TRUE,TRUE
2020,401161423,2020-02-08,TOR,BKN,454,454,TRUE,TRUE
2020,401161420,2020-02-08,CHA,DAL,422,422,TRUE,TRUE
2020,401161421,2020-02-08,DET,NY,422,422,TRUE,TRUE
2020,401161419,2020-02-08,ORL,MIL,475,475,TRUE,TRUE
2020,401161418,2020-02-07,UTAH,POR,476,476,TRUE,TRUE
2020,401161417,2020-02-07,SAC,MIA,447,447,TRUE,TRUE
2020,401161416,2020-02-07,PHX,HOU,446,446,TRUE,TRUE
2020,401161414,2020-02-07,IND,TOR,460,460,TRUE,TRUE
2020,401161415,2020-02-07,OKC,DET,461,461,TRUE,TRUE
2020,401161413,2020-02-07,BOS,ATL,482,482,TRUE,TRUE
2020,401161411,2020-02-07,PHI,MEM,500,500,TRUE,TRUE
2020,401161412,2020-02-07,WSH,DAL,471,471,TRUE,TRUE
2020,401161410,2020-02-06,LAL,HOU,454,454,TRUE,TRUE
2020,401161409,2020-02-06,POR,SA,432,432,TRUE,TRUE
2020,401161407,2020-02-06,CHI,NO,470,470,TRUE,TRUE
2020,401161408,2020-02-06,MIL,PHI,497,497,TRUE,TRUE
2020,401161406,2020-02-06,NY,ORL,467,467,TRUE,TRUE
2020,401161405,2020-02-05,LAC,MIA,461,461,TRUE,TRUE
2020,401161404,2020-02-05,UTAH,DEN,449,449,TRUE,TRUE
2020,401161403,2020-02-05,DAL,MEM,479,479,TRUE,TRUE
2020,401161401,2020-02-05,MIN,ATL,481,481,TRUE,TRUE
2020,401161402,2020-02-05,OKC,CLE,458,458,TRUE,TRUE
2020,401161398,2020-02-05,BOS,ORL,447,447,TRUE,TRUE
2020,401161399,2020-02-05,BKN,GS,463,463,TRUE,TRUE
2020,401161400,2020-02-05,TOR,IND,422,422,TRUE,TRUE
2020,401161397,2020-02-05,DET,PHX,416,416,TRUE,TRUE
2020,401161396,2020-02-04,LAL,SA,430,430,TRUE,TRUE
2020,401161395,2020-02-04,DEN,POR,466,466,TRUE,TRUE
2020,401161394,2020-02-04,HOU,CHA,465,465,TRUE,TRUE
2020,401161393,2020-02-04,NO,MIL,514,514,TRUE,TRUE
2020,401161392,2020-02-03,LAC,SA,457,457,TRUE,TRUE
2020,401161391,2020-02-03,SAC,MIN,478,478,TRUE,TRUE
2020,401161390,2020-02-03,MEM,DET,465,465,TRUE,TRUE
2020,401161387,2020-02-03,ATL,BOS,453,453,TRUE,TRUE
2020,401161388,2020-02-03,BKN,PHX,484,484,TRUE,TRUE
2020,401161389,2020-02-03,MIA,PHI,442,442,TRUE,TRUE
2020,401161383,2020-02-03,CHA,ORL,415,415,TRUE,TRUE
2020,401161384,2020-02-03,CLE,NY,471,423,TRUE,TRUE
2020,401161385,2020-02-03,IND,DAL,441,441,TRUE,TRUE
2020,401161386,2020-02-03,WSH,GS,481,481,TRUE,TRUE
2020,401161382,2020-02-02,TOR,CHI,468,468,TRUE,TRUE
2020,401161380,2020-02-02,HOU,NO,500,500,TRUE,TRUE
2020,401161381,2020-02-02,MIL,PHX,547,547,TRUE,TRUE
2020,401161379,2020-02-02,DET,DEN,484,433,TRUE,TRUE
2020,401161377,2020-02-01,POR,UTAH,460,460,TRUE,TRUE
2020,401161378,2020-02-01,SAC,LAL,489,489,TRUE,TRUE
2020,401161376,2020-02-01,SA,CHA,435,435,TRUE,TRUE
2020,401161374,2020-02-01,BOS,PHI,501,501,TRUE,TRUE
2020,401161375,2020-02-01,DAL,ATL,465,465,TRUE,TRUE
2020,401161372,2020-02-01,CLE,GS,445,445,TRUE,TRUE
2020,401161373,2020-02-01,WSH,BKN,507,507,TRUE,TRUE
2020,401161370,2020-02-01,IND,NY,450,450,TRUE,TRUE
2020,401161371,2020-02-01,ORL,MIA,427,427,TRUE,TRUE
2020,401161369,2020-02-01,LAC,MIN,513,513,TRUE,TRUE
2020,401161368,2020-01-31,LAL,POR,501,501,TRUE,TRUE
2020,401161366,2020-01-31,MIL,DEN,493,493,TRUE,TRUE
2020,401161367,2020-01-31,PHX,OKC,490,490,TRUE,TRUE
2020,401161365,2020-01-31,NO,MEM,499,499,TRUE,TRUE
2020,401161363,2020-01-31,BKN,CHI,450,450,TRUE,TRUE
2020,401161364,2020-01-31,HOU,DAL,480,480,TRUE,TRUE
2020,401161362,2020-01-31,DET,TOR,458,458,TRUE,TRUE
2020,401161360,2020-01-30,DEN,UTAH,429,429,TRUE,TRUE
2020,401161361,2020-01-30,LAC,SAC,485,485,TRUE,TRUE
2020,401161359,2020-01-30,BOS,GS,475,475,TRUE,TRUE
2020,401161358,2020-01-30,ATL,PHI,515,515,TRUE,TRUE
2020,401161356,2020-01-30,CLE,TOR,456,456,TRUE,TRUE
2020,401161357,2020-01-30,WSH,CHA,483,483,TRUE,TRUE
2020,401161354,2020-01-29,POR,HOU,490,490,TRUE,TRUE
2020,401161355,2020-01-29,SAC,OKC,454,454,TRUE,TRUE
2020,401161353,2020-01-29,SA,UTAH,502,502,TRUE,TRUE
2020,401161351,2020-01-29,BKN,DET,472,472,TRUE,TRUE
2020,401161352,2020-01-29,NY,MEM,510,510,TRUE,TRUE
2020,401161350,2020-01-29,IND,CHI,456,409,TRUE,TRUE
2020,401161348,2020-01-28,DAL,PHX,460,460,TRUE,TRUE
2020,401161343,2020-01-28,MIA,BOS,479,479,TRUE,TRUE
2020,401161346,2020-01-28,MEM,DEN,451,451,TRUE,TRUE
2020,401161347,2020-01-28,MIL,WSH,517,517,TRUE,TRUE
2020,401161342,2020-01-28,CLE,NO,470,470,TRUE,TRUE
2020,401161345,2020-01-28,TOR,ATL,510,510,TRUE,TRUE
2020,401161341,2020-01-28,CHA,NY,479,479,TRUE,TRUE
2020,401161344,2020-01-28,PHI,GS,482,482,TRUE,TRUE
2020,401161340,2020-01-27,UTAH,HOU,518,518,TRUE,TRUE
2020,401161337,2020-01-27,CHI,SA,481,481,TRUE,TRUE
2020,401161338,2020-01-27,MIN,SAC,560,488,TRUE,TRUE
2020,401161339,2020-01-27,OKC,DAL,448,448,TRUE,TRUE
2020,401161336,2020-01-27,MIA,ORL,419,419,TRUE,TRUE
2020,401161335,2020-01-27,DET,CLE,462,462,TRUE,TRUE
2020,401161334,2020-01-26,POR,IND,446,446,TRUE,TRUE
2020,401161329,2020-01-26,ATL,WSH,526,526,TRUE,TRUE
2020,401161330,2020-01-26,NY,BKN,458,458,TRUE,TRUE
2020,401161331,2020-01-26,ORL,LAC,512,512,TRUE,TRUE
2020,401161332,2020-01-26,MEM,PHX,533,533,TRUE,TRUE
2020,401161333,2020-01-26,NO,BOS,503,503,TRUE,TRUE
2020,401161328,2020-01-26,SA,TOR,472,472,TRUE,TRUE
2020,401161327,2020-01-26,DEN,HOU,484,484,TRUE,TRUE
2020,401161326,2020-01-25,PHI,LAL,452,452,TRUE,TRUE
2020,401161324,2020-01-25,CLE,CHI,428,428,TRUE,TRUE
2020,401161325,2020-01-25,MIN,OKC,457,457,TRUE,TRUE
2020,401161323,2020-01-25,DET,BKN,498,456,TRUE,TRUE
2020,401161322,2020-01-25,UTAH,DAL,487,487,TRUE,TRUE
2020,401161321,2020-01-24,GS,IND,427,427,TRUE,TRUE
2020,401161320,2020-01-24,SA,PHX,476,476,TRUE,TRUE
2020,401161315,2020-01-24,MIA,LAC,490,490,TRUE,TRUE
2020,401161316,2020-01-24,CHI,SAC,458,458,TRUE,TRUE
2020,401161317,2020-01-24,MIN,HOU,486,486,TRUE,TRUE
2020,401161318,2020-01-24,NO,DEN,511,511,TRUE,TRUE
2020,401161319,2020-01-24,OKC,ATL,489,489,TRUE,TRUE
2020,401161314,2020-01-24,NY,TOR,422,422,TRUE,TRUE
2020,401161312,2020-01-24,DET,MEM,474,474,TRUE,TRUE
2020,401161313,2020-01-24,ORL,BOS,450,450,TRUE,TRUE
2020,401161311,2020-01-24,CHA,MIL,502,502,TRUE,TRUE
2020,401161310,2020-01-23,POR,DAL,451,451,TRUE,TRUE
2020,401161309,2020-01-23,BKN,LAL,466,466,TRUE,TRUE
2020,401161308,2020-01-23,CLE,WSH,441,441,TRUE,TRUE
2020,401161307,2020-01-22,GS,UTAH,474,474,TRUE,TRUE
2020,401161305,2020-01-22,NO,SA,477,477,TRUE,TRUE
2020,401161306,2020-01-22,PHX,IND,456,456,TRUE,TRUE
2020,401161303,2020-01-22,CHI,MIN,500,500,TRUE,TRUE
2020,401161304,2020-01-22,HOU,DEN,471,471,TRUE,TRUE
2020,401161298,2020-01-22,ATL,LAC,539,539,TRUE,TRUE
2020,401161299,2020-01-22,BOS,MEM,435,435,TRUE,TRUE
2020,401161300,2020-01-22,MIA,WSH,509,444,TRUE,TRUE
2020,401161301,2020-01-22,NY,LAL,449,449,TRUE,TRUE
2020,401161296,2020-01-22,DET,SAC,506,506,TRUE,TRUE
2020,401161297,2020-01-22,ORL,OKC,438,438,TRUE,TRUE
2020,401161302,2020-01-22,TOR,PHI,454,454,TRUE,TRUE
2020,401161295,2020-01-21,DAL,LAC,531,531,TRUE,TRUE
2020,401161294,2020-01-20,POR,GS,544,490,TRUE,TRUE
2020,401161292,2020-01-20,PHX,SA,452,452,TRUE,TRUE
2020,401161293,2020-01-20,UTAH,IND,430,430,TRUE,TRUE
2020,401161291,2020-01-20,MIN,DEN,437,437,TRUE,TRUE
2020,401161290,2020-01-20,BOS,LAL,506,506,TRUE,TRUE
2020,401161284,2020-01-20,CHA,ORL,439,439,TRUE,TRUE
2020,401161285,2020-01-20,CLE,NY,446,446,TRUE,TRUE
2020,401161286,2020-01-20,MIA,SAC,522,455,TRUE,TRUE
2020,401161287,2020-01-20,HOU,OKC,487,487,TRUE,TRUE
2020,401161288,2020-01-20,MEM,NO,488,488,TRUE,TRUE
2020,401161289,2020-01-20,MIL,CHI,490,490,TRUE,TRUE
2020,401161283,2020-01-20,BKN,PHI,510,510,TRUE,TRUE
2020,401161282,2020-01-20,ATL,TOR,547,547,TRUE,TRUE
2020,401161281,2020-01-20,WSH,DET,458,458,TRUE,TRUE
2020,401161280,2020-01-19,DEN,IND,470,470,TRUE,TRUE
2020,401161279,2020-01-19,SA,MIA,453,453,TRUE,TRUE
2020,401161277,2020-01-18,OKC,POR,491,491,TRUE,TRUE
2020,401161278,2020-01-18,UTAH,SAC,434,434,TRUE,TRUE
2020,401161275,2020-01-18,HOU,LAL,530,530,TRUE,TRUE
2020,401161276,2020-01-18,GS,ORL,426,426,TRUE,TRUE
2020,401161273,2020-01-18,CHI,CLE,454,454,TRUE,TRUE
2020,401161274,2020-01-18,MIN,TOR,485,485,TRUE,TRUE
2020,401161271,2020-01-18,ATL,DET,470,470,TRUE,TRUE
2020,401161272,2020-01-18,NY,PHI,457,457,TRUE,TRUE
2020,401161270,2020-01-18,BOS,PHX,492,492,TRUE,TRUE
2020,401161269,2020-01-18,BKN,MIL,489,489,TRUE,TRUE
2020,401161268,2020-01-18,NO,LAC,534,534,TRUE,TRUE
2020,401161267,2020-01-17,DAL,POR,466,466,TRUE,TRUE
2020,401161266,2020-01-17,SA,ATL,489,489,TRUE,TRUE
2020,401161264,2020-01-17,MEM,CLE,481,481,TRUE,TRUE
2020,401161265,2020-01-17,OKC,MIA,442,442,TRUE,TRUE
2020,401161261,2020-01-17,IND,MIN,455,455,TRUE,TRUE
2020,401161262,2020-01-17,PHI,CHI,409,409,TRUE,TRUE
2020,401161263,2020-01-17,TOR,WSH,470,470,TRUE,TRUE
2020,401161259,2020-01-16,GS,DEN,537,473,TRUE,TRUE
2020,401161260,2020-01-16,LAC,ORL,472,472,TRUE,TRUE
2020,401161257,2020-01-16,MIL,BOS,519,519,TRUE,TRUE
2020,401161258,2020-01-16,NO,UTAH,538,460,TRUE,TRUE
2020,401161256,2020-01-16,NY,PHX,488,488,TRUE,TRUE
2020,401161255,2020-01-15,LAL,ORL,486,486,TRUE,TRUE
2020,401161254,2020-01-15,SAC,DAL,473,473,TRUE,TRUE
2020,401161253,2020-01-15,HOU,POR,497,497,TRUE,TRUE
2020,401161252,2020-01-15,DEN,CHA,459,459,TRUE,TRUE
2020,401161249,2020-01-15,CHI,WSH,449,449,TRUE,TRUE
2020,401161250,2020-01-15,MIN,IND,434,434,TRUE,TRUE
2020,401161251,2020-01-15,OKC,TOR,446,446,TRUE,TRUE
2020,401161248,2020-01-15,MIA,SA,429,429,TRUE,TRUE
2020,401161246,2020-01-15,BOS,DET,425,425,TRUE,TRUE
2020,401161247,2020-01-15,PHI,BKN,489,489,TRUE,TRUE
2020,401161244,2020-01-14,GS,DAL,446,446,TRUE,TRUE
2020,401161245,2020-01-14,LAC,CLE,447,447,TRUE,TRUE
2020,401161242,2020-01-14,MEM,HOU,457,457,TRUE,TRUE
2020,401161243,2020-01-14,MIL,NY,525,525,TRUE,TRUE
2020,401161240,2020-01-14,ATL,PHX,498,498,TRUE,TRUE
2020,401161241,2020-01-14,BKN,UTAH,429,429,TRUE,TRUE
2020,401161239,2020-01-13,LAL,CLE,480,480,TRUE,TRUE
2020,401161237,2020-01-13,POR,CHA,445,445,TRUE,TRUE
2020,401161238,2020-01-13,SAC,ORL,452,452,TRUE,TRUE
2020,401161236,2020-01-13,MIN,OKC,457,457,TRUE,TRUE
2020,401161235,2020-01-13,BOS,CHI,463,463,TRUE,TRUE
2020,401161233,2020-01-13,DET,NO,530,469,TRUE,TRUE
2020,401161234,2020-01-13,IND,PHI,471,471,TRUE,TRUE
2020,401161231,2020-01-12,DEN,LAC,498,498,TRUE,TRUE
2020,401161232,2020-01-12,PHX,CHA,455,455,TRUE,TRUE
2020,401161228,2020-01-12,BKN,ATL,494,494,TRUE,TRUE
2020,401161229,2020-01-12,TOR,SA,469,469,TRUE,TRUE
2020,401161230,2020-01-12,MEM,GS,510,510,TRUE,TRUE
2020,401161226,2020-01-12,NY,MIA,458,458,TRUE,TRUE
2020,401161227,2020-01-12,WSH,UTAH,441,441,TRUE,TRUE
2020,401161225,2020-01-11,POR,MIL,502,502,TRUE,TRUE
2020,401161224,2020-01-11,DEN,CLE,441,441,TRUE,TRUE
2020,401161223,2020-01-11,DAL,PHI,470,470,TRUE,TRUE
2020,401161222,2020-01-11,OKC,LAL,448,448,TRUE,TRUE
2020,401161220,2020-01-11,BOS,NO,478,478,TRUE,TRUE
2020,401161221,2020-01-11,DET,CHI,452,452,TRUE,TRUE
2020,401161219,2020-01-11,HOU,MIN,537,537,TRUE,TRUE
2020,401161218,2020-01-10,LAC,GS,503,503,TRUE,TRUE
2020,401161217,2020-01-10,SAC,MIL,490,490,TRUE,TRUE
2020,401161214,2020-01-10,DAL,LAL,525,525,TRUE,TRUE
2020,401161215,2020-01-10,PHX,ORL,480,480,TRUE,TRUE
2020,401161216,2020-01-10,UTAH,CHA,409,409,TRUE,TRUE
2020,401161212,2020-01-10,CHI,IND,408,408,TRUE,TRUE
2020,401161213,2020-01-10,MEM,SA,463,463,TRUE,TRUE
2020,401161210,2020-01-10,BKN,MIA,446,446,TRUE,TRUE
2020,401161211,2020-01-10,NY,NO,461,461,TRUE,TRUE
2020,401161209,2020-01-10,WSH,ATL,548,548,TRUE,TRUE
2020,401161208,2020-01-09,OKC,HOU,445,445,TRUE,TRUE
2020,401161207,2020-01-09,MIN,POR,501,501,TRUE,TRUE
2020,401161205,2020-01-09,DET,CLE,501,453,TRUE,TRUE
2020,401161206,2020-01-09,PHI,BOS,435,435,TRUE,TRUE
2020,401161204,2020-01-08,GS,MIL,503,503,TRUE,TRUE
2020,401161203,2020-01-08,UTAH,NY,440,440,TRUE,TRUE
2020,401161202,2020-01-08,NO,CHI,479,479,TRUE,TRUE
2020,401161200,2020-01-08,ATL,HOU,557,557,TRUE,TRUE
2020,401161201,2020-01-08,DAL,DEN,441,441,TRUE,TRUE
2020,401161196,2020-01-08,BOS,SA,479,479,TRUE,TRUE
2020,401161197,2020-01-08,CHA,TOR,499,455,TRUE,TRUE
2020,401161198,2020-01-08,IND,MIA,438,438,TRUE,TRUE
2020,401161199,2020-01-08,ORL,WSH,477,477,TRUE,TRUE
2020,401161195,2020-01-07,LAL,NY,468,468,TRUE,TRUE
2020,401161194,2020-01-07,PHX,SAC,476,476,TRUE,TRUE
2020,401161193,2020-01-07,MEM,MIN,477,477,TRUE,TRUE
2020,401161192,2020-01-07,BKN,OKC,517,476,TRUE,TRUE
2020,401161190,2020-01-07,CLE,DET,453,453,TRUE,TRUE
2020,401161191,2020-01-07,TOR,POR,468,468,TRUE,TRUE
2020,401161189,2020-01-06,SAC,GS,491,491,TRUE,TRUE
2020,401161187,2020-01-06,DAL,CHI,442,442,TRUE,TRUE
2020,401161188,2020-01-06,SA,MIL,463,463,TRUE,TRUE
2020,401161186,2020-01-06,NO,UTAH,481,481,TRUE,TRUE
2020,401161185,2020-01-06,ATL,DEN,475,475,TRUE,TRUE
2020,401161181,2020-01-06,CHA,IND,429,429,TRUE,TRUE
2020,401161182,2020-01-06,ORL,BKN,492,492,TRUE,TRUE
2020,401161183,2020-01-06,PHI,OKC,499,499,TRUE,TRUE
2020,401161184,2020-01-06,WSH,BOS,490,490,TRUE,TRUE
2020,401161180,2020-01-05,LAL,DET,494,494,TRUE,TRUE
2020,401161179,2020-01-05,PHX,MEM,471,471,TRUE,TRUE
2020,401161178,2020-01-05,CLE,MIN,448,448,TRUE,TRUE
2020,401161177,2020-01-05,MIA,POR,436,436,TRUE,TRUE
2020,401161176,2020-01-05,LAC,NY,498,498,TRUE,TRUE
2020,401161175,2020-01-04,SAC,NO,536,536,TRUE,TRUE
2020,401161172,2020-01-04,DAL,CHA,511,441,TRUE,TRUE
2020,401161173,2020-01-04,MIL,SA,504,504,TRUE,TRUE
2020,401161174,2020-01-04,GS,DET,460,460,TRUE,TRUE
2020,401161170,2020-01-04,WSH,DEN,487,487,TRUE,TRUE
2020,401161171,2020-01-04,CHI,BOS,460,460,TRUE,TRUE
2020,401161168,2020-01-04,ATL,IND,498,498,TRUE,TRUE
2020,401161169,2020-01-04,CLE,OKC,478,478,TRUE,TRUE
2020,401161167,2020-01-04,ORL,UTAH,431,431,TRUE,TRUE
2020,401161166,2020-01-04,BKN,TOR,493,493,TRUE,TRUE
2020,401161165,2020-01-04,LAC,MEM,499,499,TRUE,TRUE
2020,401161164,2020-01-03,LAL,NO,455,455,TRUE,TRUE
2020,401161163,2020-01-03,PHX,NY,518,518,TRUE,TRUE
2020,401161162,2020-01-03,HOU,PHI,487,487,TRUE,TRUE
2020,401161159,2020-01-03,BOS,ATL,490,490,TRUE,TRUE
2020,401161160,2020-01-03,ORL,MIA,451,451,TRUE,TRUE
2020,401161161,2020-01-03,WSH,POR,493,493,TRUE,TRUE
2020,401161158,2020-01-02,LAC,DET,498,498,TRUE,TRUE
2020,401161157,2020-01-02,SAC,MEM,498,498,TRUE,TRUE
2020,401161155,2020-01-02,DAL,BKN,466,466,TRUE,TRUE
2020,401161156,2020-01-02,SA,OKC,441,441,TRUE,TRUE
2020,401161153,2020-01-02,CHI,UTAH,454,454,TRUE,TRUE
2020,401161154,2020-01-02,MIN,GS,466,466,TRUE,TRUE
2020,401161152,2020-01-02,MIA,TOR,434,434,TRUE,TRUE
2020,401161150,2020-01-02,CLE,CHA,430,430,TRUE,TRUE
2020,401161151,2020-01-02,IND,DEN,443,443,TRUE,TRUE
2020,401161149,2020-01-01,LAL,PHX,500,500,TRUE,TRUE
2020,401161148,2020-01-01,MIL,MIN,532,532,TRUE,TRUE
2020,401161147,2020-01-01,NY,POR,449,449,TRUE,TRUE
2020,401161146,2020-01-01,WSH,ORL,492,492,TRUE,TRUE
2020,401161145,2019-12-31,OKC,DAL,512,512,TRUE,TRUE
2020,401161142,2019-12-31,TOR,CLE,449,449,TRUE,TRUE
2020,401161143,2019-12-31,HOU,DEN,475,475,TRUE,TRUE
2020,401161144,2019-12-31,SA,GS,482,435,TRUE,TRUE
2020,401161141,2019-12-31,SAC,LAC,461,461,TRUE,TRUE
2020,401161139,2019-12-31,CHA,BOS,460,460,TRUE,TRUE
2020,401161140,2019-12-31,IND,PHI,458,458,TRUE,TRUE
2020,401161138,2019-12-30,POR,PHX,470,470,TRUE,TRUE
2020,401161137,2019-12-30,UTAH,DET,453,453,TRUE,TRUE
2020,401161135,2019-12-30,CHI,MIL,488,488,TRUE,TRUE
2020,401161136,2019-12-30,MIN,BKN,562,502,TRUE,TRUE
2020,401161133,2019-12-30,ORL,ATL,478,478,TRUE,TRUE
2020,401161134,2019-12-30,WSH,MIA,478,478,TRUE,TRUE
2020,401161132,2019-12-29,LAL,DAL,479,479,TRUE,TRUE
2020,401161129,2019-12-29,MEM,CHA,492,492,TRUE,TRUE
2020,401161130,2019-12-29,NO,HOU,443,443,TRUE,TRUE
2020,401161131,2019-12-29,DEN,SAC,455,455,TRUE,TRUE
2020,401161128,2019-12-29,TOR,OKC,434,434,TRUE,TRUE
2020,401161127,2019-12-28,LAC,UTAH,471,471,TRUE,TRUE
2020,401161126,2019-12-28,POR,LAL,489,489,TRUE,TRUE
2020,401161125,2019-12-28,SAC,PHX,460,460,TRUE,TRUE
2020,401161122,2019-12-28,MIL,ORL,458,458,TRUE,TRUE
2020,401161123,2019-12-28,SA,DET,462,462,TRUE,TRUE
2020,401161124,2019-12-28,GS,DAL,456,456,TRUE,TRUE
2020,401161117,2019-12-28,MIA,PHI,511,467,TRUE,TRUE
2020,401161118,2019-12-28,WSH,NY,523,523,TRUE,TRUE
2020,401161119,2019-12-28,CHI,ATL,464,464,TRUE,TRUE
2020,401161120,2019-12-28,HOU,BKN,491,491,TRUE,TRUE
2020,401161121,2019-12-28,MIN,CLE,539,539,TRUE,TRUE
2020,401161115,2019-12-28,BOS,TOR,479,479,TRUE,TRUE
2020,401161116,2019-12-28,NO,IND,466,466,TRUE,TRUE
2020,401161114,2019-12-28,DEN,MEM,489,489,TRUE,TRUE
2020,401161113,2019-12-27,GS,PHX,482,482,TRUE,TRUE
2020,401161112,2019-12-27,MIA,IND,425,425,TRUE,TRUE
2020,401161111,2019-12-27,ATL,MIL,476,476,TRUE,TRUE
2020,401161109,2019-12-27,CHA,OKC,548,486,TRUE,TRUE
2020,401161110,2019-12-27,ORL,PHI,489,489,TRUE,TRUE
2020,401161108,2019-12-27,BOS,CLE,461,461,TRUE,TRUE
2020,401161107,2019-12-26,UTAH,POR,433,433,TRUE,TRUE
2020,401161106,2019-12-26,SAC,MIN,589,478,TRUE,TRUE
2020,401161104,2019-12-26,OKC,MEM,440,440,TRUE,TRUE
2020,401161105,2019-12-26,DAL,SA,439,439,TRUE,TRUE
2020,401161103,2019-12-26,BKN,NY,489,489,TRUE,TRUE
2020,401161102,2019-12-26,DET,WSH,479,479,TRUE,TRUE
2020,401161101,2019-12-25,DEN,NO,458,458,TRUE,TRUE
2020,401161100,2019-12-25,LAL,LAC,502,502,TRUE,TRUE
2020,401161099,2019-12-25,GS,HOU,488,488,TRUE,TRUE
2020,401161098,2019-12-25,PHI,MIL,456,456,TRUE,TRUE
2020,401161097,2019-12-25,TOR,BOS,450,450,TRUE,TRUE
2020,401161096,2019-12-23,GS,MIN,510,510,TRUE,TRUE
2020,401161094,2019-12-23,POR,NO,468,468,TRUE,TRUE
2020,401161095,2019-12-23,SAC,HOU,460,460,TRUE,TRUE
2020,401161093,2019-12-23,PHX,DEN,447,447,TRUE,TRUE
2020,401161092,2019-12-23,MEM,SA,440,440,TRUE,TRUE
2020,401161091,2019-12-23,MIA,UTAH,474,474,TRUE,TRUE
2020,401161086,2019-12-23,CLE,ATL,480,480,TRUE,TRUE
2020,401161087,2019-12-23,DET,PHI,443,443,TRUE,TRUE
2020,401161088,2019-12-23,IND,TOR,487,446,TRUE,TRUE
2020,401161089,2019-12-23,NY,WSH,486,486,TRUE,TRUE
2020,401161090,2019-12-23,ORL,CHI,436,436,TRUE,TRUE
2020,401161085,2019-12-22,LAL,DEN,478,478,TRUE,TRUE
2020,401161083,2019-12-22,MIL,IND,475,475,TRUE,TRUE
2020,401161084,2019-12-22,OKC,LAC,483,483,TRUE,TRUE
2020,401161082,2019-12-22,BOS,CHA,448,448,TRUE,TRUE
2020,401161081,2019-12-22,TOR,DAL,503,503,TRUE,TRUE
2020,401161080,2019-12-21,POR,MIN,473,473,TRUE,TRUE
2020,401161079,2019-12-21,PHX,HOU,460,460,TRUE,TRUE
2020,401161078,2019-12-21,SA,LAC,457,457,TRUE,TRUE
2020,401161077,2019-12-21,MEM,SAC,497,497,TRUE,TRUE
2020,401161076,2019-12-21,NY,MIL,519,519,TRUE,TRUE
2020,401161074,2019-12-21,DET,CHI,424,424,TRUE,TRUE
2020,401161075,2019-12-21,PHI,WSH,496,496,TRUE,TRUE
2020,401161073,2019-12-21,BKN,ATL,546,546,TRUE,TRUE
2020,401161072,2019-12-21,CHA,UTAH,461,461,TRUE,TRUE
2020,401161071,2019-12-20,GS,NO,489,489,TRUE,TRUE
2020,401161070,2019-12-20,POR,ORL,503,503,TRUE,TRUE
2020,401161069,2019-12-20,DEN,MIN,475,475,TRUE,TRUE
2020,401161066,2019-12-20,MIA,NY,474,474,TRUE,TRUE
2020,401161067,2019-12-20,PHI,DAL,467,467,TRUE,TRUE
2020,401161068,2019-12-20,OKC,PHX,483,483,TRUE,TRUE
2020,401161064,2019-12-20,BOS,DET,467,467,TRUE,TRUE
2020,401161065,2019-12-20,TOR,WSH,495,495,TRUE,TRUE
2020,401161062,2019-12-20,CLE,MEM,467,467,TRUE,TRUE
2020,401161063,2019-12-20,IND,SAC,428,428,TRUE,TRUE
2020,401161061,2019-12-19,LAC,HOU,471,471,TRUE,TRUE
2020,401161060,2019-12-19,SA,BKN,493,493,TRUE,TRUE
2020,401161059,2019-12-19,MIL,LAL,491,491,TRUE,TRUE
2020,401161058,2019-12-19,ATL,UTAH,505,505,TRUE,TRUE
2020,401161057,2019-12-18,POR,GS,524,524,TRUE,TRUE
2020,401161055,2019-12-18,DAL,BOS,498,498,TRUE,TRUE
2020,401161056,2019-12-18,DEN,ORL,456,456,TRUE,TRUE
2020,401161053,2019-12-18,MIN,NO,495,495,TRUE,TRUE
2020,401161054,2019-12-18,OKC,MEM,475,475,TRUE,TRUE
2020,401161049,2019-12-18,CLE,CHA,461,461,TRUE,TRUE
2020,401161050,2019-12-18,DET,TOR,481,481,TRUE,TRUE
2020,401161051,2019-12-18,WSH,CHI,541,492,TRUE,TRUE
2020,401161052,2019-12-18,PHI,MIA,446,446,TRUE,TRUE
2020,401161048,2019-12-17,LAC,PHX,479,479,TRUE,TRUE
2020,401161047,2019-12-17,UTAH,ORL,450,450,TRUE,TRUE
2020,401161046,2019-12-17,NO,BKN,530,475,TRUE,TRUE
2020,401161045,2019-12-17,NY,ATL,499,499,TRUE,TRUE
2020,401161043,2019-12-17,CHA,SAC,462,462,TRUE,TRUE
2020,401161044,2019-12-17,IND,LAL,466,466,TRUE,TRUE
2020,401161042,2019-12-16,PHX,POR,481,481,TRUE,TRUE
2020,401161038,2019-12-16,HOU,SA,502,502,TRUE,TRUE
2020,401161039,2019-12-16,MEM,MIA,485,485,TRUE,TRUE
2020,401161040,2019-12-16,MIL,DAL,540,540,TRUE,TRUE
2020,401161041,2019-12-16,OKC,CHI,442,442,TRUE,TRUE
2020,401161037,2019-12-16,TOR,CLE,415,415,TRUE,TRUE
2020,401161036,2019-12-16,DET,WSH,480,480,TRUE,TRUE
2020,401161035,2019-12-15,GS,SAC,415,415,TRUE,TRUE
2020,401161034,2019-12-15,DEN,NY,446,446,TRUE,TRUE
2020,401161032,2019-12-15,ATL,LAL,536,536,TRUE,TRUE
2020,401161033,2019-12-15,BKN,PHI,484,484,TRUE,TRUE
2020,401161031,2019-12-15,IND,CHA,496,496,TRUE,TRUE
2020,401161030,2019-12-15,NO,ORL,447,447,TRUE,TRUE
2020,401161028,2019-12-14,HOU,DET,490,490,TRUE,TRUE
2020,401161029,2019-12-14,DEN,OKC,472,472,TRUE,TRUE
2020,401161026,2019-12-14,DAL,MIA,518,453,TRUE,TRUE
2020,401161027,2019-12-14,MIL,CLE,456,456,TRUE,TRUE
2020,401161024,2019-12-14,CHI,LAC,470,470,TRUE,TRUE
2020,401161025,2019-12-14,MEM,WSH,491,491,TRUE,TRUE
2020,401161023,2019-12-14,TOR,BKN,521,521,TRUE,TRUE
2020,401161022,2019-12-14,PHX,SA,579,520,TRUE,TRUE
2020,401161020,2019-12-13,SAC,NY,441,441,TRUE,TRUE
2020,401161019,2019-12-13,MIN,LAC,512,512,TRUE,TRUE
2020,401161021,2019-12-13,UTAH,GS,487,487,TRUE,TRUE
2020,401161017,2019-12-13,CHI,CHA,467,467,TRUE,TRUE
2020,401161018,2019-12-13,MEM,MIL,529,529,TRUE,TRUE
2020,401161015,2019-12-13,ATL,IND,494,494,TRUE,TRUE
2020,401161013,2019-12-13,ORL,HOU,423,423,TRUE,TRUE
2020,401161014,2019-12-13,PHI,NO,521,521,TRUE,TRUE
2020,401161016,2019-12-13,MIA,LAL,468,468,TRUE,TRUE
2020,401161012,2019-12-12,DEN,POR,426,426,TRUE,TRUE
2020,401161011,2019-12-12,DET,DAL,458,458,TRUE,TRUE
2020,401161010,2019-12-12,SA,CLE,493,447,TRUE,TRUE
2020,401161009,2019-12-12,BOS,PHI,463,463,TRUE,TRUE
2020,401161008,2019-12-11,GS,NY,551,487,TRUE,TRUE
2020,401161007,2019-12-11,SAC,OKC,446,446,TRUE,TRUE
2020,401161006,2019-12-11,MIL,NO,465,465,TRUE,TRUE
2020,401161005,2019-12-11,PHX,MEM,504,504,TRUE,TRUE
2020,401161003,2019-12-11,CHI,ATL,487,487,TRUE,TRUE
2020,401161004,2019-12-11,MIN,UTAH,463,463,TRUE,TRUE
2020,401161002,2019-12-11,BKN,CHA,507,507,TRUE,TRUE
2020,401160998,2019-12-11,CLE,HOU,408,408,TRUE,TRUE
2020,401160999,2019-12-11,IND,BOS,487,487,TRUE,TRUE
2020,401161000,2019-12-11,ORL,LAL,455,455,TRUE,TRUE
2020,401161001,2019-12-11,TOR,LAC,503,503,TRUE,TRUE
2020,401160997,2019-12-10,POR,NY,481,481,TRUE,TRUE
2020,401160995,2019-12-10,PHI,DEN,450,450,TRUE,TRUE
2020,401160996,2019-12-10,MIA,ATL,525,465,TRUE,TRUE
2020,401160994,2019-12-10,CHA,WSH,497,497,TRUE,TRUE
2020,401160993,2019-12-09,GS,MEM,482,482,TRUE,TRUE
2020,401160991,2019-12-09,PHX,MIN,491,491,TRUE,TRUE
2020,401160992,2019-12-09,UTAH,OKC,454,454,TRUE,TRUE
2020,401160987,2019-12-09,CHI,TOR,475,475,TRUE,TRUE
2020,401160988,2019-12-09,HOU,SAC,455,455,TRUE,TRUE
2020,401160989,2019-12-09,MIL,ORL,498,498,TRUE,TRUE
2020,401160990,2019-12-09,NO,DET,497,497,TRUE,TRUE
2020,401160986,2019-12-09,BOS,CLE,432,432,TRUE,TRUE
2020,401160985,2019-12-09,IND,LAC,520,520,TRUE,TRUE
2020,401160984,2019-12-08,LAL,MIN,460,460,TRUE,TRUE
2020,401160983,2019-12-08,POR,OKC,521,521,TRUE,TRUE
2020,401160982,2019-12-08,DAL,SAC,405,405,TRUE,TRUE
2020,401160979,2019-12-08,MIA,CHI,508,456,TRUE,TRUE
2020,401160980,2019-12-08,PHI,TOR,466,466,TRUE,TRUE
2020,401160981,2019-12-08,WSH,LAC,506,506,TRUE,TRUE
2020,401160978,2019-12-08,CHA,ATL,487,487,TRUE,TRUE
2020,401160977,2019-12-08,BKN,DEN,464,464,TRUE,TRUE
2020,401160976,2019-12-07,UTAH,MEM,450,450,TRUE,TRUE
2020,401160975,2019-12-07,HOU,PHX,534,534,TRUE,TRUE
2020,401160973,2019-12-07,NY,IND,450,450,TRUE,TRUE
2020,401160974,2019-12-07,PHI,CLE,452,452,TRUE,TRUE
2020,401160972,2019-12-07,DAL,NO,470,470,TRUE,TRUE
2020,401160971,2019-12-06,POR,LAL,492,492,TRUE,TRUE
2020,401160969,2019-12-06,MIL,LAC,509,509,TRUE,TRUE
2020,401160970,2019-12-06,SA,SAC,520,471,TRUE,TRUE
2020,401160965,2019-12-06,BOS,DEN,438,438,TRUE,TRUE
2020,401160966,2019-12-06,MIA,WSH,441,441,TRUE,TRUE
2020,401160967,2019-12-06,CHI,GS,431,431,TRUE,TRUE
2020,401160968,2019-12-06,OKC,MIN,521,473,TRUE,TRUE
2020,401160962,2019-12-06,CHA,BKN,445,445,TRUE,TRUE
2020,401160963,2019-12-06,CLE,ORL,447,447,TRUE,TRUE
2020,401160964,2019-12-06,DET,IND,466,466,TRUE,TRUE
2020,401160961,2019-12-05,NO,PHX,558,495,TRUE,TRUE
2020,401160959,2019-12-05,NY,DEN,435,435,TRUE,TRUE
2020,401160960,2019-12-05,TOR,HOU,498,498,TRUE,TRUE
2020,401160958,2019-12-05,WSH,PHI,466,466,TRUE,TRUE
2020,401160957,2019-12-04,POR,SAC,438,438,TRUE,TRUE
2020,401160956,2019-12-04,UTAH,LAL,479,479,TRUE,TRUE
2020,401160955,2019-12-04,DAL,MIN,478,478,TRUE,TRUE
2020,401160953,2019-12-04,CHI,MEM,509,509,TRUE,TRUE
2020,401160954,2019-12-04,OKC,IND,422,422,TRUE,TRUE
2020,401160951,2019-12-04,ATL,BKN,489,489,TRUE,TRUE
2020,401160952,2019-12-04,BOS,MIA,450,450,TRUE,TRUE
2020,401160948,2019-12-04,CHA,GS,434,434,TRUE,TRUE
2020,401160949,2019-12-04,DET,MIL,493,493,TRUE,TRUE
2020,401160950,2019-12-04,ORL,PHX,445,445,TRUE,TRUE
2020,401160947,2019-12-03,LAC,POR,468,468,TRUE,TRUE
2020,401160946,2019-12-03,DEN,LAL,481,481,TRUE,TRUE
2020,401160945,2019-12-03,SA,HOU,615,495,TRUE,TRUE
2020,401160943,2019-12-03,TOR,MIA,518,462,TRUE,TRUE
2020,401160944,2019-12-03,NO,DAL,463,463,TRUE,TRUE
2020,401160941,2019-12-03,CLE,DET,420,420,TRUE,TRUE
2020,401160942,2019-12-03,WSH,ORL,459,459,TRUE,TRUE
2020,401160940,2019-12-02,SAC,CHI,448,448,TRUE,TRUE
2020,401160938,2019-12-02,MEM,IND,464,464,TRUE,TRUE
2020,401160939,2019-12-02,MIL,NY,508,508,TRUE,TRUE
2020,401160937,2019-12-02,ATL,GS,454,454,TRUE,TRUE
2020,401160935,2019-12-02,CHA,PHX,485,485,TRUE,TRUE
2020,401160936,2019-12-02,PHI,UTAH,486,486,TRUE,TRUE
2020,401160934,2019-12-01,LAC,WSH,534,534,TRUE,TRUE
2020,401160932,2019-12-01,ORL,GS,482,482,TRUE,TRUE
2020,401160933,2019-12-01,TOR,UTAH,482,482,TRUE,TRUE
2020,401160930,2019-12-01,DET,SA,440,440,TRUE,TRUE
2020,401160931,2019-12-01,NO,OKC,433,433,TRUE,TRUE
2020,401160929,2019-12-01,LAL,DAL,467,467,TRUE,TRUE
2020,401160927,2019-12-01,NY,BOS,486,486,TRUE,TRUE
2020,401160928,2019-12-01,MIN,MEM,520,520,TRUE,TRUE
2020,401160926,2019-12-01,BKN,MIA,485,485,TRUE,TRUE
2020,401160924,2019-11-30,HOU,ATL,496,496,TRUE,TRUE
2020,401160925,2019-11-30,MIL,CHA,463,463,TRUE,TRUE
2020,401160923,2019-11-30,PHI,IND,448,448,TRUE,TRUE
2020,401160922,2019-11-30,SAC,DEN,511,452,TRUE,TRUE
2020,401160921,2019-11-29,LAL,WSH,477,477,TRUE,TRUE
2020,401160920,2019-11-29,POR,CHI,493,493,TRUE,TRUE
2020,401160919,2019-11-29,PHX,DAL,502,502,TRUE,TRUE
2020,401160918,2019-11-29,SA,LAC,456,456,TRUE,TRUE
2020,401160914,2019-11-29,IND,ATL,529,478,TRUE,TRUE
2020,401160915,2019-11-29,MIA,GS,478,478,TRUE,TRUE
2020,401160916,2019-11-29,MEM,UTAH,475,475,TRUE,TRUE
2020,401160917,2019-11-29,OKC,NO,445,445,TRUE,TRUE
2020,401160912,2019-11-29,CLE,MIL,451,451,TRUE,TRUE
2020,401160913,2019-11-29,NY,PHI,508,508,TRUE,TRUE
2020,401160910,2019-11-29,DET,CHA,428,428,TRUE,TRUE
2020,401160911,2019-11-29,ORL,TOR,484,484,TRUE,TRUE
2020,401160909,2019-11-29,BKN,BOS,491,491,TRUE,TRUE
2020,401160908,2019-11-27,GS,CHI,476,476,TRUE,TRUE
2020,401160907,2019-11-27,POR,OKC,487,487,TRUE,TRUE
2020,401160906,2019-11-27,NO,LAL,490,490,TRUE,TRUE
2020,401160905,2019-11-27,PHX,WSH,455,455,TRUE,TRUE
2020,401160904,2019-11-27,SA,MIN,478,478,TRUE,TRUE
2020,401160901,2019-11-27,HOU,MIA,469,469,TRUE,TRUE
2020,401160902,2019-11-27,MEM,LAC,520,520,TRUE,TRUE
2020,401160903,2019-11-27,MIL,ATL,526,526,TRUE,TRUE
2020,401160900,2019-11-27,TOR,NY,468,468,TRUE,TRUE
2020,401160895,2019-11-27,BOS,BKN,498,498,TRUE,TRUE
2020,401160896,2019-11-27,CHA,DET,448,448,TRUE,TRUE
2020,401160897,2019-11-27,CLE,ORL,447,447,TRUE,TRUE
2020,401160898,2019-11-27,IND,UTAH,472,472,TRUE,TRUE
2020,401160899,2019-11-27,PHI,SAC,450,450,TRUE,TRUE
2020,401160894,2019-11-26,DEN,WSH,473,473,TRUE,TRUE
2020,401160893,2019-11-26,DAL,LAC,521,521,TRUE,TRUE
2020,401160892,2019-11-25,GS,OKC,442,442,TRUE,TRUE
2020,401160891,2019-11-25,SA,LAL,450,450,TRUE,TRUE
2020,401160889,2019-11-25,CHI,POR,476,476,TRUE,TRUE
2020,401160890,2019-11-25,MIL,UTAH,481,481,TRUE,TRUE
2020,401160885,2019-11-25,ATL,MIN,538,538,TRUE,TRUE
2020,401160886,2019-11-25,BOS,SAC,432,432,TRUE,TRUE
2020,401160887,2019-11-25,MIA,CHA,483,483,TRUE,TRUE
2020,401160888,2019-11-25,TOR,PHI,457,457,TRUE,TRUE
2020,401160882,2019-11-25,CLE,BKN,462,462,TRUE,TRUE
2020,401160883,2019-11-25,DET,ORL,459,459,TRUE,TRUE
2020,401160884,2019-11-25,IND,MEM,440,440,TRUE,TRUE
2020,401160881,2019-11-24,LAC,NO,508,508,TRUE,TRUE
2020,401160880,2019-11-24,DEN,PHX,422,422,TRUE,TRUE
2020,401160878,2019-11-24,NY,BKN,474,474,TRUE,TRUE
2020,401160879,2019-11-24,WSH,SAC,446,446,TRUE,TRUE
2020,401160877,2019-11-24,HOU,DAL,532,532,TRUE,TRUE
2020,401160876,2019-11-23,UTAH,NO,490,490,TRUE,TRUE
2020,401160875,2019-11-23,MIL,DET,470,470,TRUE,TRUE
2020,401160873,2019-11-23,CLE,POR,458,458,TRUE,TRUE
2020,401160874,2019-11-23,MEM,LAL,474,474,TRUE,TRUE
2020,401160870,2019-11-23,ATL,TOR,472,472,TRUE,TRUE
2020,401160871,2019-11-23,NY,SA,464,464,TRUE,TRUE
2020,401160872,2019-11-23,PHI,MIA,446,446,TRUE,TRUE
2020,401160868,2019-11-23,CHA,CHI,452,452,TRUE,TRUE
2020,401160869,2019-11-23,IND,ORL,423,423,TRUE,TRUE
2020,401160867,2019-11-23,MIN,PHX,486,486,TRUE,TRUE
2020,401160866,2019-11-22,LAC,HOU,512,512,TRUE,TRUE
2020,401160864,2019-11-22,DEN,BOS,453,453,TRUE,TRUE
2020,401160865,2019-11-22,UTAH,GS,445,445,TRUE,TRUE
2020,401160863,2019-11-22,DAL,CLE,417,417,TRUE,TRUE
2020,401160860,2019-11-22,PHI,SA,453,453,TRUE,TRUE
2020,401160861,2019-11-22,CHI,MIA,467,467,TRUE,TRUE
2020,401160862,2019-11-22,OKC,LAL,484,484,TRUE,TRUE
2020,401160859,2019-11-22,BKN,SAC,473,473,TRUE,TRUE
2020,401160857,2019-11-22,DET,ATL,454,454,TRUE,TRUE
2020,401160858,2019-11-22,WSH,CHA,432,432,TRUE,TRUE
2020,401160856,2019-11-21,PHX,NO,481,481,TRUE,TRUE
2020,401160855,2019-11-21,MIL,POR,508,508,TRUE,TRUE
2020,401160854,2019-11-20,LAC,BOS,531,476,TRUE,TRUE
2020,401160853,2019-11-20,DEN,HOU,467,467,TRUE,TRUE
2020,401160851,2019-11-20,CHI,DET,513,513,TRUE,TRUE
2020,401160852,2019-11-20,MIN,UTAH,491,491,TRUE,TRUE
2020,401160846,2019-11-20,ATL,MIL,555,555,TRUE,TRUE
2020,401160847,2019-11-20,BKN,CHA,487,487,TRUE,TRUE
2020,401160848,2019-11-20,MIA,CLE,464,464,TRUE,TRUE
2020,401160849,2019-11-20,TOR,ORL,469,469,TRUE,TRUE
2020,401160850,2019-11-20,DAL,GS,455,455,TRUE,TRUE
2020,401160844,2019-11-20,PHI,NY,464,464,TRUE,TRUE
2020,401160845,2019-11-20,WSH,SA,450,450,TRUE,TRUE
2020,401160843,2019-11-19,LAL,OKC,462,462,TRUE,TRUE
2020,401160842,2019-11-19,SAC,PHX,476,476,TRUE,TRUE
2020,401160840,2019-11-19,MEM,GS,494,494,TRUE,TRUE
2020,401160841,2019-11-19,NO,POR,474,474,TRUE,TRUE
2020,401160839,2019-11-18,LAC,OKC,477,477,TRUE,TRUE
2020,401160837,2019-11-18,PHX,BOS,462,462,TRUE,TRUE
2020,401160838,2019-11-18,UTAH,MIN,502,502,TRUE,TRUE
2020,401160836,2019-11-18,DAL,SA,460,460,TRUE,TRUE
2020,401160834,2019-11-18,CHI,MIL,499,499,TRUE,TRUE
2020,401160835,2019-11-18,HOU,POR,511,511,TRUE,TRUE
2020,401160832,2019-11-18,BKN,IND,489,489,TRUE,TRUE
2020,401160833,2019-11-18,TOR,CHA,456,456,TRUE,TRUE
2020,401160831,2019-11-18,NY,CLE,508,508,TRUE,TRUE
2020,401160830,2019-11-17,LAL,ATL,473,473,TRUE,TRUE
2020,401160829,2019-11-17,NO,GS,472,472,TRUE,TRUE
2020,401160827,2019-11-17,ORL,WSH,445,445,TRUE,TRUE
2020,401160828,2019-11-17,MEM,DEN,453,453,TRUE,TRUE
2020,401160826,2019-11-17,SAC,BOS,440,440,TRUE,TRUE
2020,401160825,2019-11-17,CLE,PHI,465,465,TRUE,TRUE
2020,401160824,2019-11-16,LAC,ATL,547,547,TRUE,TRUE
2020,401160822,2019-11-16,DAL,TOR,465,465,TRUE,TRUE
2020,401160823,2019-11-16,SA,POR,474,474,TRUE,TRUE
2020,401160820,2019-11-16,MIA,NO,387,387,TRUE,TRUE
2020,401160821,2019-11-16,MIN,HOU,476,476,TRUE,TRUE
2020,401160819,2019-11-16,NY,CHA,470,470,TRUE,TRUE
2020,401160818,2019-11-16,IND,MIL,475,475,TRUE,TRUE
2020,401160817,2019-11-16,CHI,BKN,542,542,TRUE,TRUE
2020,401160815,2019-11-15,GS,BOS,497,497,TRUE,TRUE
2020,401160816,2019-11-15,LAL,SAC,434,434,TRUE,TRUE
2020,401160811,2019-11-15,HOU,IND,482,482,TRUE,TRUE
2020,401160812,2019-11-15,MEM,UTAH,483,483,TRUE,TRUE
2020,401160813,2019-11-15,MIN,WSH,502,502,TRUE,TRUE
2020,401160814,2019-11-15,OKC,PHI,496,448,TRUE,TRUE
2020,401160809,2019-11-15,CHA,DET,447,447,TRUE,TRUE
2020,401160810,2019-11-15,ORL,SA,464,464,TRUE,TRUE
2020,401160808,2019-11-14,DEN,BKN,460,460,TRUE,TRUE
2020,401160807,2019-11-14,PHX,ATL,540,540,TRUE,TRUE
2020,401160804,2019-11-14,NY,DAL,504,504,TRUE,TRUE
2020,401160805,2019-11-14,MIL,CHI,552,552,TRUE,TRUE
2020,401160806,2019-11-14,NO,LAC,500,500,TRUE,TRUE
2020,401160803,2019-11-14,CLE,MIA,424,424,TRUE,TRUE
2020,401160801,2019-11-13,LAL,GS,457,457,TRUE,TRUE
2020,401160802,2019-11-13,POR,TOR,457,457,TRUE,TRUE
2020,401160800,2019-11-13,MIN,SA,502,502,TRUE,TRUE
2020,401160798,2019-11-13,BOS,WSH,488,488,TRUE,TRUE
2020,401160799,2019-11-13,HOU,LAC,493,493,TRUE,TRUE
2020,401160796,2019-11-13,CHA,MEM,455,455,TRUE,TRUE
2020,401160797,2019-11-13,ORL,PHI,493,493,TRUE,TRUE
2020,401160795,2019-11-12,SAC,POR,474,474,TRUE,TRUE
2020,401160792,2019-11-12,DEN,ATL,512,512,TRUE,TRUE
2020,401160793,2019-11-12,PHX,LAL,464,464,TRUE,TRUE
2020,401160794,2019-11-12,UTAH,BKN,505,505,TRUE,TRUE
2020,401160791,2019-11-12,CHI,NY,511,511,TRUE,TRUE
2020,401160790,2019-11-12,MIA,DET,484,484,TRUE,TRUE
2020,401160788,2019-11-12,IND,OKC,459,459,TRUE,TRUE
2020,401160789,2019-11-12,PHI,CLE,460,460,TRUE,TRUE
2020,401160786,2019-11-11,GS,UTAH,463,463,TRUE,TRUE
2020,401160787,2019-11-11,LAC,TOR,488,488,TRUE,TRUE
2020,401160784,2019-11-11,NO,HOU,509,509,TRUE,TRUE
2020,401160783,2019-11-11,BOS,DAL,483,483,TRUE,TRUE
2020,401160785,2019-11-11,SA,MEM,464,464,TRUE,TRUE
2020,401160782,2019-11-11,DET,MIN,488,488,TRUE,TRUE
2020,401160781,2019-11-10,LAL,TOR,477,477,TRUE,TRUE
2020,401160780,2019-11-10,POR,ATL,574,515,TRUE,TRUE
2020,401160779,2019-11-10,PHX,BKN,467,467,TRUE,TRUE
2020,401160778,2019-11-10,NY,CLE,497,497,TRUE,TRUE
2020,401160777,2019-11-10,OKC,MIL,458,458,TRUE,TRUE
2020,401160775,2019-11-10,ORL,IND,392,392,TRUE,TRUE
2020,401160776,2019-11-10,PHI,CHA,447,447,TRUE,TRUE
2020,401160774,2019-11-10,MIN,DEN,571,518,TRUE,TRUE
2020,401160771,2019-11-09,CHI,HOU,503,503,TRUE,TRUE
2020,401160772,2019-11-09,MEM,DAL,468,468,TRUE,TRUE
2020,401160773,2019-11-09,OKC,GS,426,426,TRUE,TRUE
2020,401160770,2019-11-09,CHA,NO,519,519,TRUE,TRUE
2020,401160769,2019-11-09,SA,BOS,528,528,TRUE,TRUE
2020,401160768,2019-11-08,LAL,MIA,452,452,TRUE,TRUE
2020,401160767,2019-11-08,POR,BKN,515,515,TRUE,TRUE
2020,401160765,2019-11-08,DEN,PHI,461,461,TRUE,TRUE
2020,401160766,2019-11-08,UTAH,MIL,548,548,TRUE,TRUE
2020,401160764,2019-11-08,DAL,NY,501,501,TRUE,TRUE
2020,401160762,2019-11-08,MIN,GS,595,531,TRUE,TRUE
2020,401160763,2019-11-08,NO,TOR,517,517,TRUE,TRUE
2020,401160761,2019-11-08,ATL,SAC,425,425,TRUE,TRUE
2020,401160758,2019-11-08,IND,DET,447,447,TRUE,TRUE
2020,401160759,2019-11-08,ORL,MEM,475,475,TRUE,TRUE
2020,401160760,2019-11-08,WSH,CLE,475,475,TRUE,TRUE
2020,401160757,2019-11-07,LAC,POR,512,512,TRUE,TRUE
2020,401160756,2019-11-07,PHX,MIA,479,479,TRUE,TRUE
2020,401160755,2019-11-07,SA,OKC,446,446,TRUE,TRUE
2020,401160754,2019-11-07,CHA,BOS,491,491,TRUE,TRUE
2020,401160753,2019-11-06,LAC,MIL,572,572,TRUE,TRUE
2020,401160752,2019-11-06,UTAH,PHI,488,488,TRUE,TRUE
2020,401160751,2019-11-06,DAL,ORL,492,492,TRUE,TRUE
2020,401160750,2019-11-06,MEM,MIN,505,505,TRUE,TRUE
2020,401160747,2019-11-06,ATL,CHI,515,515,TRUE,TRUE
2020,401160748,2019-11-06,TOR,SAC,462,462,TRUE,TRUE
2020,401160749,2019-11-06,HOU,GS,489,489,TRUE,TRUE
2020,401160745,2019-11-06,DET,NY,434,434,TRUE,TRUE
2020,401160746,2019-11-06,IND,WSH,496,496,TRUE,TRUE
2020,401160744,2019-11-05,DEN,MIA,480,480,TRUE,TRUE
2020,401160742,2019-11-05,CHI,LAL,474,474,TRUE,TRUE
2020,401160743,2019-11-05,OKC,ORL,469,469,TRUE,TRUE
2020,401160741,2019-11-05,ATL,SA,494,494,TRUE,TRUE
2020,401160739,2019-11-05,CHA,IND,499,437,TRUE,TRUE
2020,401160740,2019-11-05,CLE,BOS,457,457,TRUE,TRUE
2020,401160738,2019-11-04,GS,POR,484,484,TRUE,TRUE
2020,401160737,2019-11-04,PHX,PHI,491,491,TRUE,TRUE
2020,401160735,2019-11-04,MEM,HOU,530,530,TRUE,TRUE
2020,401160736,2019-11-04,MIN,MIL,542,542,TRUE,TRUE
2020,401160734,2019-11-04,BKN,NO,503,503,TRUE,TRUE
2020,401160733,2019-11-04,WSH,DET,481,481,TRUE,TRUE
2020,401160732,2019-11-03,LAC,UTAH,508,508,TRUE,TRUE
2020,401160731,2019-11-03,CLE,DAL,477,477,TRUE,TRUE
2020,401160730,2019-11-03,SA,LAL,476,476,TRUE,TRUE
2020,401160728,2019-11-03,MIA,HOU,472,472,TRUE,TRUE
2020,401160729,2019-11-03,NY,SAC,482,482,TRUE,TRUE
2020,401160727,2019-11-03,IND,CHI,496,496,TRUE,TRUE
2020,401160726,2019-11-02,POR,PHI,468,468,TRUE,TRUE
2020,401160725,2019-11-02,GS,CHA,458,458,TRUE,TRUE
2020,401160722,2019-11-02,WSH,MIN,486,486,TRUE,TRUE
2020,401160723,2019-11-02,MEM,PHX,477,477,TRUE,TRUE
2020,401160724,2019-11-02,MIL,TOR,494,494,TRUE,TRUE
2020,401160720,2019-11-02,DET,BKN,479,479,TRUE,TRUE
2020,401160721,2019-11-02,ORL,DEN,472,472,TRUE,TRUE
2020,401160719,2019-11-02,OKC,NO,497,497,TRUE,TRUE
2020,401160718,2019-11-01,GS,SA,471,471,TRUE,TRUE
2020,401160717,2019-11-01,SAC,UTAH,453,453,TRUE,TRUE
2020,401160716,2019-11-01,DAL,LAL,528,472,TRUE,TRUE
2020,401160715,2019-11-01,CHI,DET,478,478,TRUE,TRUE
2020,401160714,2019-11-01,BOS,NY,481,481,TRUE,TRUE
2020,401160711,2019-11-01,BKN,HOU,502,502,TRUE,TRUE
2020,401160712,2019-11-01,IND,CLE,498,498,TRUE,TRUE
2020,401160713,2019-11-01,ORL,MIL,480,480,TRUE,TRUE
2020,401160710,2019-10-31,LAC,SA,499,499,TRUE,TRUE
2020,401160709,2019-10-31,NO,DEN,459,459,TRUE,TRUE
2020,401160708,2019-10-31,ATL,MIA,475,475,TRUE,TRUE
2020,401160707,2019-10-30,GS,PHX,493,493,TRUE,TRUE
2020,401160705,2019-10-30,UTAH,LAC,433,433,TRUE,TRUE
2020,401160706,2019-10-30,SAC,CHA,438,438,TRUE,TRUE
2020,401160703,2019-10-30,WSH,HOU,508,508,TRUE,TRUE
2020,401160704,2019-10-30,OKC,POR,513,513,TRUE,TRUE
2020,401160700,2019-10-30,BOS,MIL,485,485,TRUE,TRUE
2020,401160701,2019-10-30,BKN,IND,509,509,TRUE,TRUE
2020,401160702,2019-10-30,TOR,DET,439,439,TRUE,TRUE
2020,401160697,2019-10-30,CLE,CHI,479,479,TRUE,TRUE
2020,401160698,2019-10-30,ORL,NY,398,398,TRUE,TRUE
2020,401160699,2019-10-30,PHI,MIN,445,445,TRUE,TRUE
2020,401160696,2019-10-29,LAL,MEM,522,522,TRUE,TRUE
2020,401160695,2019-10-29,DEN,DAL,457,457,TRUE,TRUE
2020,401160694,2019-10-29,MIA,ATL,515,515,TRUE,TRUE
2020,401160693,2019-10-28,LAC,CHA,470,470,TRUE,TRUE
2020,401160691,2019-10-28,PHX,UTAH,507,507,TRUE,TRUE
2020,401160692,2019-10-28,SAC,DEN,497,497,TRUE,TRUE
2020,401160690,2019-10-28,SA,POR,506,506,TRUE,TRUE
2020,401160687,2019-10-28,HOU,OKC,521,521,TRUE,TRUE
2020,401160688,2019-10-28,MIL,CLE,488,488,TRUE,TRUE
2020,401160689,2019-10-28,NO,GS,530,530,TRUE,TRUE
2020,401160685,2019-10-28,ATL,PHI,556,556,TRUE,TRUE
2020,401160686,2019-10-28,TOR,ORL,477,477,TRUE,TRUE
2020,401160683,2019-10-28,DET,IND,451,451,TRUE,TRUE
2020,401160684,2019-10-28,NY,CHI,492,492,TRUE,TRUE
2020,401160682,2019-10-27,LAL,CHA,480,480,TRUE,TRUE
2020,401160680,2019-10-27,DAL,POR,514,514,TRUE,TRUE
2020,401160681,2019-10-27,MIN,MIA,481,481,TRUE,TRUE
2020,401160679,2019-10-27,MEM,BKN,533,480,TRUE,TRUE
2020,401160678,2019-10-27,OKC,GS,264,264,TRUE,TRUE
2020,401160677,2019-10-26,PHX,LAC,542,542,TRUE,TRUE
2020,401160676,2019-10-26,UTAH,SAC,426,426,TRUE,TRUE
2020,401160675,2019-10-26,SA,WSH,474,474,TRUE,TRUE
2020,401160672,2019-10-26,CLE,IND,465,465,TRUE,TRUE
2020,401160673,2019-10-26,CHI,TOR,287,287,TRUE,TRUE
2020,401160674,2019-10-26,HOU,NO,514,514,TRUE,TRUE
2020,401160670,2019-10-26,ATL,ORL,509,509,TRUE,TRUE
2020,401160671,2019-10-26,NY,BOS,533,533,TRUE,TRUE
2020,401160669,2019-10-26,DET,PHI,525,525,TRUE,TRUE
2020,401160668,2019-10-26,MIL,MIA,626,538,TRUE,TRUE
2020,401160667,2019-10-25,LAL,UTAH,459,459,TRUE,TRUE
2020,401160666,2019-10-25,SAC,POR,471,471,TRUE,TRUE
2020,401160665,2019-10-25,DEN,PHX,549,495,TRUE,TRUE
2020,401160662,2019-10-25,MEM,CHI,512,512,TRUE,TRUE
2020,401160663,2019-10-25,NO,DAL,480,480,TRUE,TRUE
2020,401160664,2019-10-25,OKC,WSH,475,475,TRUE,TRUE
2020,401160661,2019-10-25,BKN,NY,523,523,TRUE,TRUE
2020,401160659,2019-10-25,BOS,TOR,493,493,TRUE,TRUE
2020,401160660,2019-10-25,CHA,MIN,519,519,TRUE,TRUE
2020,401160658,2019-10-24,GS,LAC,493,493,TRUE,TRUE
2020,401160657,2019-10-24,HOU,MIL,544,544,TRUE,TRUE
2020,401160656,2019-10-24,DET,ATL,473,473,TRUE,TRUE
2020,401160654,2019-10-23,PHX,SAC,515,515,TRUE,TRUE
2020,401160655,2019-10-23,POR,DEN,495,495,TRUE,TRUE
2020,401160653,2019-10-23,UTAH,OKC,511,511,TRUE,TRUE
2020,401160631,2019-10-23,DAL,WSH,500,500,TRUE,TRUE
2020,401160632,2019-10-23,SA,NY,491,491,TRUE,TRUE
2020,401160628,2019-10-23,BKN,MIN,560,506,TRUE,TRUE
2020,401160629,2019-10-23,MIA,MEM,559,559,TRUE,TRUE
2020,401160630,2019-10-23,PHI,BOS,559,559,TRUE,TRUE
2020,401160625,2019-10-23,CHA,CHI,500,500,TRUE,TRUE
2020,401160626,2019-10-23,IND,DET,495,495,TRUE,TRUE
2020,401160627,2019-10-23,ORL,CLE,464,464,TRUE,TRUE
2020,401160624,2019-10-22,LAC,LAL,469,469,TRUE,TRUE
2020,401160623,2019-10-22,TOR,NO,577,528,TRUE,TRUE
2021,401307882,2021-05-16,CHI,MIL,477,477,TRUE,TRUE
2021,401307885,2021-05-16,MIN,DAL,465,465,TRUE,TRUE
2021,401307886,2021-05-16,NO,LAL,446,446,TRUE,TRUE
2021,401307888,2021-05-16,OKC,LAC,447,447,TRUE,TRUE
2021,401307890,2021-05-16,POR,DEN,445,445,TRUE,TRUE
2021,401307891,2021-05-16,SAC,UTAH,448,448,TRUE,TRUE
2021,401307883,2021-05-16,DET,MIA,423,423,TRUE,TRUE
2021,401307880,2021-05-16,ATL,HOU,463,463,TRUE,TRUE
2021,401307881,2021-05-16,BKN,CLE,430,430,TRUE,TRUE
2021,401307889,2021-05-16,PHI,ORL,476,476,TRUE,TRUE
2021,401307884,2021-05-16,GS,MEM,459,459,TRUE,TRUE
2021,401307892,2021-05-16,SA,PHX,422,422,TRUE,TRUE
2021,401307887,2021-05-16,NY,BOS,435,435,TRUE,TRUE
2021,401307893,2021-05-16,TOR,IND,459,459,TRUE,TRUE
2021,401307894,2021-05-16,WSH,CHA,483,483,TRUE,TRUE
2021,401307876,2021-05-15,MIL,MIA,466,466,TRUE,TRUE
2021,401307877,2021-05-15,MIN,BOS,496,496,TRUE,TRUE
2021,401307879,2021-05-15,SA,PHX,446,446,TRUE,TRUE
2021,401307874,2021-05-15,BKN,CHI,460,460,TRUE,TRUE
2021,401307875,2021-05-15,IND,LAL,467,467,TRUE,TRUE
2021,401307878,2021-05-15,NY,CHA,484,447,TRUE,TRUE
2021,401307873,2021-05-14,GS,NO,496,496,TRUE,TRUE
2021,401307870,2021-05-14,DAL,TOR,445,445,TRUE,TRUE
2021,401307871,2021-05-14,HOU,LAC,437,437,TRUE,TRUE
2021,401307872,2021-05-14,MEM,SAC,489,489,TRUE,TRUE
2021,401307867,2021-05-14,DET,DEN,420,420,TRUE,TRUE
2021,401307868,2021-05-14,PHI,ORL,456,456,TRUE,TRUE
2021,401307869,2021-05-14,OKC,UTAH,464,464,TRUE,TRUE
2021,401307866,2021-05-14,WSH,CLE,473,473,TRUE,TRUE
2021,401307865,2021-05-13,PHX,POR,439,439,TRUE,TRUE
2021,401307862,2021-05-13,CHI,TOR,420,420,TRUE,TRUE
2021,401307863,2021-05-13,MEM,SAC,456,456,TRUE,TRUE
2021,401307864,2021-05-13,MIN,DEN,468,468,TRUE,TRUE
2021,401307859,2021-05-13,ATL,ORL,458,458,TRUE,TRUE
2021,401307860,2021-05-13,MIA,PHI,412,412,TRUE,TRUE
2021,401307861,2021-05-13,NY,SA,456,456,TRUE,TRUE
2021,401307857,2021-05-13,CHA,LAC,422,422,TRUE,TRUE
2021,401307858,2021-05-13,IND,MIL,482,482,TRUE,TRUE
2021,401307856,2021-05-12,LAL,HOU,468,468,TRUE,TRUE
2021,401307855,2021-05-12,UTAH,POR,463,463,TRUE,TRUE
2021,401307854,2021-05-12,DAL,NO,491,491,TRUE,TRUE
2021,401307852,2021-05-12,BKN,SA,477,477,TRUE,TRUE
2021,401307853,2021-05-12,CLE,BOS,474,474,TRUE,TRUE
2021,401307851,2021-05-12,ATL,WSH,475,475,TRUE,TRUE
2021,401307848,2021-05-11,GS,PHX,433,433,TRUE,TRUE
2021,401307849,2021-05-11,SAC,OKC,465,465,TRUE,TRUE
2021,401307850,2021-05-11,LAL,NY,474,430,TRUE,TRUE
2021,401307847,2021-05-11,MIL,ORL,504,504,TRUE,TRUE
2021,401307844,2021-05-11,IND,PHI,424,424,TRUE,TRUE
2021,401307845,2021-05-11,CHI,BKN,482,482,TRUE,TRUE
2021,401307846,2021-05-11,MEM,DAL,430,430,TRUE,TRUE
2021,401307840,2021-05-11,BOS,MIA,427,427,TRUE,TRUE
2021,401307843,2021-05-11,TOR,LAC,442,442,TRUE,TRUE
2021,401307841,2021-05-11,CHA,DEN,464,464,TRUE,TRUE
2021,401307842,2021-05-11,DET,MIN,480,480,TRUE,TRUE
2021,401307838,2021-05-10,GS,UTAH,484,484,TRUE,TRUE
2021,401307839,2021-05-10,POR,HOU,474,474,TRUE,TRUE
2021,401307837,2021-05-10,SA,MIL,459,459,TRUE,TRUE
2021,401307836,2021-05-10,MEM,NO,485,485,TRUE,TRUE
2021,401307834,2021-05-10,CLE,IND,459,459,TRUE,TRUE
2021,401307835,2021-05-10,ATL,WSH,464,464,TRUE,TRUE
2021,401307832,2021-05-09,LAL,PHX,465,465,TRUE,TRUE
2021,401307833,2021-05-09,SAC,OKC,469,469,TRUE,TRUE
2021,401307831,2021-05-09,DET,CHI,421,421,TRUE,TRUE
2021,401307828,2021-05-09,CHA,NO,515,515,TRUE,TRUE
2021,401307829,2021-05-09,CLE,DAL,467,467,TRUE,TRUE
2021,401307830,2021-05-09,ORL,MIN,472,472,TRUE,TRUE
2021,401307827,2021-05-09,LAC,NY,404,404,TRUE,TRUE
2021,401307826,2021-05-09,BOS,MIA,425,425,TRUE,TRUE
2021,401307822,2021-05-08,DEN,BKN,454,454,TRUE,TRUE
2021,401307823,2021-05-08,UTAH,HOU,452,452,TRUE,TRUE
2021,401307824,2021-05-08,GS,OKC,436,436,TRUE,TRUE
2021,401307825,2021-05-08,POR,SA,491,491,TRUE,TRUE
2021,401307819,2021-05-08,TOR,MEM,486,486,TRUE,TRUE
2021,401307820,2021-05-08,IND,WSH,568,523,TRUE,TRUE
2021,401307821,2021-05-08,PHI,DET,442,442,TRUE,TRUE
2021,401307816,2021-05-07,PHX,NY,461,461,TRUE,TRUE
2021,401307817,2021-05-07,POR,LAL,466,466,TRUE,TRUE
2021,401307818,2021-05-07,SAC,SA,440,440,TRUE,TRUE
2021,401307815,2021-05-07,UTAH,DEN,459,459,TRUE,TRUE
2021,401307814,2021-05-07,DAL,CLE,444,444,TRUE,TRUE
2021,401307811,2021-05-07,CHA,ORL,501,501,TRUE,TRUE
2021,401307812,2021-05-07,MIA,MIN,484,484,TRUE,TRUE
2021,401307813,2021-05-07,MIL,HOU,475,475,TRUE,TRUE
2021,401307810,2021-05-07,CHI,BOS,472,472,TRUE,TRUE
2021,401307809,2021-05-07,PHI,NO,485,485,TRUE,TRUE
2021,401307807,2021-05-06,GS,OKC,442,442,TRUE,TRUE
2021,401307808,2021-05-06,LAC,LAL,474,474,TRUE,TRUE
2021,401307804,2021-05-06,DET,MEM,423,423,TRUE,TRUE
2021,401307805,2021-05-06,IND,ATL,432,432,TRUE,TRUE
2021,401307803,2021-05-06,DAL,BKN,480,480,TRUE,TRUE
2021,401307806,2021-05-06,TOR,WSH,578,484,TRUE,TRUE
2021,401307802,2021-05-06,CHA,CHI,482,482,TRUE,TRUE
2021,401307800,2021-05-05,DEN,NY,523,523,TRUE,TRUE
2021,401307801,2021-05-05,UTAH,SA,447,447,TRUE,TRUE
2021,401307795,2021-05-05,ATL,PHX,417,417,TRUE,TRUE
2021,401307796,2021-05-05,IND,SAC,451,451,TRUE,TRUE
2021,401307797,2021-05-05,HOU,PHI,435,435,TRUE,TRUE
2021,401307798,2021-05-05,MIL,WSH,537,537,TRUE,TRUE
2021,401307799,2021-05-05,MIN,MEM,501,501,TRUE,TRUE
2021,401307793,2021-05-05,CLE,POR,466,466,TRUE,TRUE
2021,401307794,2021-05-05,ORL,BOS,454,454,TRUE,TRUE
2021,401307792,2021-05-04,LAC,TOR,408,408,TRUE,TRUE
2021,401307789,2021-05-04,MIA,DAL,445,445,TRUE,TRUE
2021,401307790,2021-05-04,NO,GS,468,468,TRUE,TRUE
2021,401307791,2021-05-04,OKC,SAC,490,490,TRUE,TRUE
2021,401307788,2021-05-04,MIL,BKN,506,506,TRUE,TRUE
2021,401307786,2021-05-04,CLE,PHX,482,432,TRUE,TRUE
2021,401307787,2021-05-04,DET,CHA,496,496,TRUE,TRUE
2021,401307785,2021-05-03,LAL,DEN,443,443,TRUE,TRUE
2021,401307784,2021-05-03,UTAH,SA,441,441,TRUE,TRUE
2021,401307782,2021-05-03,CHI,PHI,421,421,TRUE,TRUE
2021,401307783,2021-05-03,MEM,NY,458,458,TRUE,TRUE
2021,401307781,2021-05-03,ATL,POR,431,431,TRUE,TRUE
2021,401307780,2021-05-03,NO,GS,472,472,TRUE,TRUE
2021,401307778,2021-05-03,DET,ORL,447,447,TRUE,TRUE
2021,401307779,2021-05-03,WSH,IND,499,499,TRUE,TRUE
2021,401307777,2021-05-02,LAL,TOR,505,505,TRUE,TRUE
2021,401307772,2021-05-02,CHA,MIA,457,457,TRUE,TRUE
2021,401307773,2021-05-02,DAL,SAC,467,467,TRUE,TRUE
2021,401307774,2021-05-02,HOU,NY,436,436,TRUE,TRUE
2021,401307775,2021-05-02,OKC,PHX,463,463,TRUE,TRUE
2021,401307776,2021-05-02,SA,PHI,500,451,TRUE,TRUE
2021,401307771,2021-05-02,BOS,POR,454,454,TRUE,TRUE
2021,401307770,2021-05-02,MIL,BKN,469,469,TRUE,TRUE
2021,401307768,2021-05-01,UTAH,TOR,427,427,TRUE,TRUE
2021,401307769,2021-05-01,LAC,DEN,434,434,TRUE,TRUE
2021,401307767,2021-05-01,DAL,WSH,474,474,TRUE,TRUE
2021,401307762,2021-05-01,ATL,CHI,444,444,TRUE,TRUE
2021,401307763,2021-05-01,CLE,MIA,404,404,TRUE,TRUE
2021,401307764,2021-05-01,ORL,MEM,486,486,TRUE,TRUE
2021,401307765,2021-05-01,MIN,NO,567,507,TRUE,TRUE
2021,401307766,2021-05-01,OKC,IND,490,490,TRUE,TRUE
2021,401307761,2021-05-01,HOU,GS,468,468,TRUE,TRUE
2021,401307760,2021-05-01,CHA,DET,458,458,TRUE,TRUE
2021,401307759,2021-04-30,LAL,SAC,444,444,TRUE,TRUE
2021,401307758,2021-04-30,PHX,UTAH,423,423,TRUE,TRUE
2021,401307757,2021-04-30,CHI,MIL,491,491,TRUE,TRUE
2021,401307755,2021-04-30,BKN,POR,456,456,TRUE,TRUE
2021,401307756,2021-04-30,MEM,ORL,497,497,TRUE,TRUE
2021,401307753,2021-04-30,BOS,SA,556,500,TRUE,TRUE
2021,401307754,2021-04-30,CLE,WSH,493,493,TRUE,TRUE
2021,401307752,2021-04-30,PHI,ATL,487,487,TRUE,TRUE
2021,401307750,2021-04-29,OKC,NO,500,500,TRUE,TRUE
2021,401307751,2021-04-29,DEN,TOR,455,455,TRUE,TRUE
2021,401307748,2021-04-29,HOU,MIL,491,491,TRUE,TRUE
2021,401307749,2021-04-29,MIN,GS,476,476,TRUE,TRUE
2021,401307746,2021-04-29,DET,DAL,458,458,TRUE,TRUE
2021,401307747,2021-04-29,IND,BKN,466,466,TRUE,TRUE
2021,401307744,2021-04-28,PHX,LAC,408,408,TRUE,TRUE
2021,401307745,2021-04-28,SAC,UTAH,425,425,TRUE,TRUE
2021,401307742,2021-04-28,MEM,POR,477,477,TRUE,TRUE
2021,401307743,2021-04-28,DEN,NO,469,469,TRUE,TRUE
2021,401307741,2021-04-28,MIA,SA,457,457,TRUE,TRUE
2021,401307738,2021-04-28,WSH,LAL,470,470,TRUE,TRUE
2021,401307739,2021-04-28,BOS,CHA,486,486,TRUE,TRUE
2021,401307740,2021-04-28,NY,CHI,424,424,TRUE,TRUE
2021,401307736,2021-04-28,CLE,ORL,464,464,TRUE,TRUE
2021,401307737,2021-04-28,PHI,ATL,456,456,TRUE,TRUE
2021,401307735,2021-04-27,GS,DAL,455,455,TRUE,TRUE
2021,401307734,2021-04-27,HOU,MIN,476,476,TRUE,TRUE
2021,401307733,2021-04-27,TOR,BKN,451,451,TRUE,TRUE
2021,401307730,2021-04-27,BOS,OKC,538,538,TRUE,TRUE
2021,401307731,2021-04-27,CHA,MIL,483,483,TRUE,TRUE
2021,401307732,2021-04-27,IND,POR,475,475,TRUE,TRUE
2021,401307729,2021-04-26,SAC,DAL,429,429,TRUE,TRUE
2021,401307728,2021-04-26,DEN,MEM,481,481,TRUE,TRUE
2021,401307724,2021-04-26,MIA,CHI,443,443,TRUE,TRUE
2021,401307726,2021-04-26,MIN,UTAH,479,479,TRUE,TRUE
2021,401307727,2021-04-26,NO,LAC,459,459,TRUE,TRUE
2021,401307723,2021-04-26,NY,PHX,400,400,TRUE,TRUE
2021,401307725,2021-04-26,TOR,CLE,408,408,TRUE,TRUE
2021,401307719,2021-04-26,DET,ATL,435,435,TRUE,TRUE
2021,401307720,2021-04-26,ORL,LAL,420,420,TRUE,TRUE
2021,401307721,2021-04-26,PHI,OKC,462,462,TRUE,TRUE
2021,401307722,2021-04-26,WSH,SA,526,468,TRUE,TRUE
2021,401307718,2021-04-25,GS,SAC,456,456,TRUE,TRUE
2021,401307717,2021-04-25,ORL,IND,475,475,TRUE,TRUE
2021,401307716,2021-04-25,ATL,MIL,453,453,TRUE,TRUE
2021,401307715,2021-04-25,WSH,CLE,463,463,TRUE,TRUE
2021,401307714,2021-04-25,POR,MEM,518,518,TRUE,TRUE
2021,401307713,2021-04-25,BKN,PHX,463,463,TRUE,TRUE
2021,401307712,2021-04-25,CHA,BOS,468,468,TRUE,TRUE
2021,401307711,2021-04-24,DEN,HOU,425,425,TRUE,TRUE
2021,401307710,2021-04-24,UTAH,MIN,473,473,TRUE,TRUE
2021,401307709,2021-04-24,DAL,LAL,450,450,TRUE,TRUE
2021,401307707,2021-04-24,MIA,CHI,424,424,TRUE,TRUE
2021,401307708,2021-04-24,NO,SA,518,518,TRUE,TRUE
2021,401307706,2021-04-24,IND,DET,521,521,TRUE,TRUE
2021,401307705,2021-04-24,MIL,PHI,514,514,TRUE,TRUE
2021,401307704,2021-04-24,NY,TOR,409,409,TRUE,TRUE
2021,401307702,2021-04-23,GS,DEN,449,449,TRUE,TRUE
2021,401307703,2021-04-23,POR,MEM,487,487,TRUE,TRUE
2021,401307699,2021-04-23,CHA,CLE,443,443,TRUE,TRUE
2021,401307700,2021-04-23,HOU,LAC,479,479,TRUE,TRUE
2021,401307701,2021-04-23,OKC,WSH,495,495,TRUE,TRUE
2021,401307697,2021-04-23,ATL,MIA,413,413,TRUE,TRUE
2021,401307698,2021-04-23,BKN,BOS,505,505,TRUE,TRUE
2021,401307696,2021-04-22,DAL,LAL,477,477,TRUE,TRUE
2021,401307695,2021-04-22,CHI,CHA,428,428,TRUE,TRUE
2021,401307694,2021-04-22,SA,DET,444,444,TRUE,TRUE
2021,401307691,2021-04-22,BOS,PHX,451,451,TRUE,TRUE
2021,401307692,2021-04-22,ORL,NO,457,457,TRUE,TRUE
2021,401307693,2021-04-22,MIL,PHI,448,448,TRUE,TRUE
2021,401307688,2021-04-21,LAC,MEM,484,484,TRUE,TRUE
2021,401307689,2021-04-21,POR,DEN,429,429,TRUE,TRUE
2021,401307690,2021-04-21,SAC,MIN,436,436,TRUE,TRUE
2021,401307686,2021-04-21,DAL,DET,469,469,TRUE,TRUE
2021,401307687,2021-04-21,SA,MIA,437,437,TRUE,TRUE
2021,401307683,2021-04-21,NY,ATL,492,450,TRUE,TRUE
2021,401307685,2021-04-21,HOU,UTAH,471,471,TRUE,TRUE
2021,401307679,2021-04-21,CLE,CHI,460,460,TRUE,TRUE
2021,401307680,2021-04-21,IND,OKC,493,493,TRUE,TRUE
2021,401307681,2021-04-21,PHI,PHX,446,446,TRUE,TRUE
2021,401307682,2021-04-21,WSH,GS,525,525,TRUE,TRUE
2021,401307684,2021-04-21,TOR,BKN,461,461,TRUE,TRUE
2021,401307677,2021-04-20,POR,LAC,449,449,TRUE,TRUE
2021,401307678,2021-04-20,SAC,MIN,460,460,TRUE,TRUE
2021,401307674,2021-04-20,ATL,ORL,496,496,TRUE,TRUE
2021,401307675,2021-04-20,NY,CHA,392,392,TRUE,TRUE
2021,401307676,2021-04-20,NO,BKN,484,484,TRUE,TRUE
2021,401307673,2021-04-19,LAL,UTAH,410,410,TRUE,TRUE
2021,401307672,2021-04-19,DEN,MEM,549,454,TRUE,TRUE
2021,401307668,2021-04-19,IND,SA,532,532,TRUE,TRUE
2021,401307669,2021-04-19,MIA,HOU,425,425,TRUE,TRUE
2021,401307670,2021-04-19,WSH,OKC,491,491,TRUE,TRUE
2021,401307671,2021-04-19,MIL,PHX,499,447,TRUE,TRUE
2021,401307666,2021-04-19,BOS,CHI,426,426,TRUE,TRUE
2021,401307667,2021-04-19,PHI,GS,469,469,TRUE,TRUE
2021,401307665,2021-04-19,DET,CLE,465,465,TRUE,TRUE
2021,401307664,2021-04-18,LAC,MIN,467,467,TRUE,TRUE
2021,401307663,2021-04-18,DAL,SAC,458,458,TRUE,TRUE
2021,401307660,2021-04-18,CHA,POR,471,471,TRUE,TRUE
2021,401307661,2021-04-18,ORL,HOU,459,459,TRUE,TRUE
2021,401307662,2021-04-18,TOR,OKC,477,477,TRUE,TRUE
2021,401307659,2021-04-18,MIA,BKN,438,438,TRUE,TRUE
2021,401307657,2021-04-18,ATL,IND,476,476,TRUE,TRUE
2021,401307658,2021-04-18,NY,NO,522,463,TRUE,TRUE
2021,401307656,2021-04-17,PHX,SA,451,451,TRUE,TRUE
2021,401307655,2021-04-17,MIL,MEM,465,465,TRUE,TRUE
2021,401307654,2021-04-17,BOS,GS,462,462,TRUE,TRUE
2021,401307652,2021-04-17,WSH,DET,479,479,TRUE,TRUE
2021,401307653,2021-04-17,CHI,CLE,393,393,TRUE,TRUE
2021,401307651,2021-04-17,LAL,UTAH,490,432,TRUE,TRUE
2021,401307650,2021-04-16,DAL,NY,455,455,TRUE,TRUE
2021,401307649,2021-04-16,SA,POR,431,431,TRUE,TRUE
2021,401307646,2021-04-16,CHI,MEM,463,463,TRUE,TRUE
2021,401307647,2021-04-16,HOU,DEN,452,452,TRUE,TRUE
2021,401307648,2021-04-16,MIN,MIA,471,471,TRUE,TRUE
2021,401307644,2021-04-16,BKN,CHA,435,435,TRUE,TRUE
2021,401307645,2021-04-16,TOR,ORL,442,442,TRUE,TRUE
2021,401307641,2021-04-16,DET,OKC,535,535,TRUE,TRUE
2021,401307642,2021-04-16,PHI,LAC,474,474,TRUE,TRUE
2021,401307643,2021-04-16,WSH,NO,536,484,TRUE,TRUE
2021,401307640,2021-04-16,UTAH,IND,486,486,TRUE,TRUE
2021,401307638,2021-04-15,LAL,BOS,455,455,TRUE,TRUE
2021,401307639,2021-04-15,PHX,SAC,410,410,TRUE,TRUE
2021,401307637,2021-04-15,CLE,GS,461,461,TRUE,TRUE
2021,401307636,2021-04-15,ATL,MIL,455,455,TRUE,TRUE
2021,401307634,2021-04-14,DEN,MIA,404,404,TRUE,TRUE
2021,401307635,2021-04-14,SAC,WSH,494,494,TRUE,TRUE
2021,401307633,2021-04-14,MEM,DAL,441,441,TRUE,TRUE
2021,401307631,2021-04-14,HOU,IND,476,476,TRUE,TRUE
2021,401307632,2021-04-14,OKC,GS,489,489,TRUE,TRUE
2021,401307627,2021-04-14,DET,LAC,472,472,TRUE,TRUE
2021,401307628,2021-04-14,CHI,ORL,431,431,TRUE,TRUE
2021,401307630,2021-04-14,NO,NY,437,437,TRUE,TRUE
2021,401307626,2021-04-14,TOR,SA,476,476,TRUE,TRUE
2021,401307624,2021-04-14,CHA,CLE,429,429,TRUE,TRUE
2021,401307625,2021-04-14,PHI,BKN,453,453,TRUE,TRUE
2021,401307629,2021-04-14,MIN,MIL,515,515,TRUE,TRUE
2021,401307622,2021-04-13,PHX,MIA,453,453,TRUE,TRUE
2021,401307623,2021-04-13,POR,BOS,467,467,TRUE,TRUE
2021,401307621,2021-04-13,UTAH,OKC,483,483,TRUE,TRUE
2021,401307620,2021-04-13,CHA,LAL,446,446,TRUE,TRUE
2021,401307618,2021-04-13,IND,LAC,462,462,TRUE,TRUE
2021,401307619,2021-04-13,TOR,ATL,432,432,TRUE,TRUE
2021,401320524,2021-04-13,MIN,BKN,493,493,TRUE,TRUE
2021,401307616,2021-04-12,GS,DEN,467,467,TRUE,TRUE
2021,401307617,2021-04-12,PHX,HOU,453,453,TRUE,TRUE
2021,401307613,2021-04-12,MEM,CHI,455,455,TRUE,TRUE
2021,401307614,2021-04-12,NO,SAC,509,509,TRUE,TRUE
2021,401307615,2021-04-12,UTAH,WSH,494,494,TRUE,TRUE
2021,401307610,2021-04-12,ORL,SA,470,470,TRUE,TRUE
2021,401307609,2021-04-12,NY,LAL,470,470,TRUE,TRUE
2021,401307612,2021-04-12,DAL,PHI,466,466,TRUE,TRUE
2021,401307607,2021-04-11,LAC,DET,436,436,TRUE,TRUE
2021,401307608,2021-04-11,POR,MIA,425,425,TRUE,TRUE
2021,401307603,2021-04-11,NY,TOR,475,475,TRUE,TRUE
2021,401307604,2021-04-11,DAL,SA,456,456,TRUE,TRUE
2021,401307605,2021-04-11,MEM,IND,481,481,TRUE,TRUE
2021,401307606,2021-04-11,MIN,CHI,455,455,TRUE,TRUE
2021,401307601,2021-04-11,CLE,NO,451,451,TRUE,TRUE
2021,401307602,2021-04-11,ORL,MIL,446,446,TRUE,TRUE
2021,401307600,2021-04-11,DEN,BOS,470,470,TRUE,TRUE
2021,401307599,2021-04-11,CHA,ATL,415,415,TRUE,TRUE
2021,401307596,2021-04-10,GS,HOU,452,452,TRUE,TRUE
2021,401307597,2021-04-10,PHX,WSH,448,448,TRUE,TRUE
2021,401307598,2021-04-10,POR,DET,469,469,TRUE,TRUE
2021,401307594,2021-04-10,OKC,PHI,452,452,TRUE,TRUE
2021,401307595,2021-04-10,UTAH,SAC,481,481,TRUE,TRUE
2021,401307593,2021-04-10,BKN,LAL,478,478,TRUE,TRUE
2021,401307587,2021-04-10,CLE,TOR,446,446,TRUE,TRUE
2021,401307591,2021-04-09,GS,WSH,470,470,TRUE,TRUE
2021,401307592,2021-04-09,LAC,HOU,446,446,TRUE,TRUE
2021,401307589,2021-04-09,MIL,CHA,501,501,TRUE,TRUE
2021,401307590,2021-04-09,DEN,SA,466,466,TRUE,TRUE
2021,401307584,2021-04-09,ATL,CHI,409,409,TRUE,TRUE
2021,401307588,2021-04-09,NO,PHI,484,484,TRUE,TRUE
2021,401307585,2021-04-09,BOS,MIN,518,468,TRUE,TRUE
2021,401307586,2021-04-09,NY,MEM,532,471,TRUE,TRUE
2021,401307583,2021-04-09,ORL,IND,516,516,TRUE,TRUE
2021,401307580,2021-04-08,UTAH,POR,486,486,TRUE,TRUE
2021,401307581,2021-04-08,LAC,PHX,423,423,TRUE,TRUE
2021,401307582,2021-04-08,SAC,DET,454,454,TRUE,TRUE
2021,401307579,2021-04-08,DAL,MIL,497,497,TRUE,TRUE
2021,401307578,2021-04-08,OKC,CLE,447,447,TRUE,TRUE
2021,401307577,2021-04-08,MIA,LAL,483,483,TRUE,TRUE
2021,401313155,2021-04-08,TOR,CHI,449,449,TRUE,TRUE
2021,401307576,2021-04-07,PHX,UTAH,521,458,TRUE,TRUE
2021,401307575,2021-04-07,DEN,SA,492,492,TRUE,TRUE
2021,401307572,2021-04-07,ATL,MEM,459,459,TRUE,TRUE
2021,401307573,2021-04-07,HOU,DAL,448,448,TRUE,TRUE
2021,401307574,2021-04-07,OKC,CHA,463,463,TRUE,TRUE
2021,401307570,2021-04-07,BOS,NY,458,458,TRUE,TRUE
2021,401307571,2021-04-07,BKN,NO,501,501,TRUE,TRUE
2021,401307568,2021-04-07,IND,MIN,490,490,TRUE,TRUE
2021,401307569,2021-04-07,ORL,WSH,446,446,TRUE,TRUE
2021,401307566,2021-04-06,GS,MIL,448,448,TRUE,TRUE
2021,401307567,2021-04-06,LAC,POR,489,489,TRUE,TRUE
2021,401307565,2021-04-06,DEN,DET,406,406,TRUE,TRUE
2021,401307564,2021-04-06,MIA,MEM,428,428,TRUE,TRUE
2021,401307561,2021-04-06,ATL,NO,471,471,TRUE,TRUE
2021,401307562,2021-04-06,BOS,PHI,444,444,TRUE,TRUE
2021,401307563,2021-04-06,TOR,LAL,482,482,TRUE,TRUE
2021,401307560,2021-04-06,IND,CHI,454,454,TRUE,TRUE
2021,401307556,2021-04-05,HOU,PHX,468,468,TRUE,TRUE
2021,401307553,2021-04-05,TOR,WSH,465,465,TRUE,TRUE
2021,401307554,2021-04-05,BKN,NY,479,479,TRUE,TRUE
2021,401307555,2021-04-05,DAL,UTAH,439,439,TRUE,TRUE
2021,401307557,2021-04-05,MIN,SAC,487,487,TRUE,TRUE
2021,401307558,2021-04-05,OKC,DET,485,485,TRUE,TRUE
2021,401307559,2021-04-05,SA,CLE,460,460,TRUE,TRUE
2021,401307552,2021-04-04,DEN,ORL,458,458,TRUE,TRUE
2021,401307551,2021-04-04,HOU,NO,508,508,TRUE,TRUE
2021,401307550,2021-04-04,ATL,GS,504,504,TRUE,TRUE
2021,401307549,2021-04-04,PHI,MEM,467,467,TRUE,TRUE
2021,401307547,2021-04-04,BOS,CHA,444,444,TRUE,TRUE
2021,401307548,2021-04-04,LAC,LAL,442,442,TRUE,TRUE
2021,401307546,2021-04-04,CHI,BKN,412,412,TRUE,TRUE
2021,401307544,2021-04-03,POR,OKC,469,469,TRUE,TRUE
2021,401307545,2021-04-03,SAC,MIL,465,465,TRUE,TRUE
2021,401307542,2021-04-03,SA,IND,505,457,TRUE,TRUE
2021,401307543,2021-04-03,UTAH,ORL,452,452,TRUE,TRUE
2021,401307539,2021-04-03,DET,NY,442,442,TRUE,TRUE
2021,401307540,2021-04-03,MIA,CLE,421,421,TRUE,TRUE
2021,401307541,2021-04-03,PHI,MIN,478,478,TRUE,TRUE
2021,401307538,2021-04-03,WSH,DAL,466,466,TRUE,TRUE
2021,401307535,2021-04-02,PHX,OKC,444,444,TRUE,TRUE
2021,401307536,2021-04-02,POR,MIL,490,490,TRUE,TRUE
2021,401307537,2021-04-02,SAC,LAL,460,460,TRUE,TRUE
2021,401307533,2021-04-02,NO,ATL,462,462,TRUE,TRUE
2021,401307534,2021-04-02,UTAH,CHI,435,435,TRUE,TRUE
2021,401307530,2021-04-02,IND,CHA,488,488,TRUE,TRUE
2021,401307532,2021-04-02,MEM,MIN,481,481,TRUE,TRUE
2021,401307528,2021-04-02,BOS,HOU,448,448,TRUE,TRUE
2021,401307529,2021-04-02,NY,DAL,420,420,TRUE,TRUE
2021,401307531,2021-04-02,TOR,GS,445,445,TRUE,TRUE
2021,401307527,2021-04-01,LAC,DEN,422,422,TRUE,TRUE
2021,401307526,2021-04-01,SA,ATL,553,459,TRUE,TRUE
2021,401307524,2021-04-01,MIA,GS,481,481,TRUE,TRUE
2021,401307525,2021-04-01,NO,ORL,518,445,TRUE,TRUE
2021,401307523,2021-04-01,BKN,CHA,428,428,TRUE,TRUE
2021,401307521,2021-04-01,CLE,PHI,470,470,TRUE,TRUE
2021,401307522,2021-04-01,DET,WSH,466,466,TRUE,TRUE
2021,401307519,2021-03-31,LAL,MIL,471,471,TRUE,TRUE
2021,401307520,2021-03-31,PHX,CHI,450,450,TRUE,TRUE
2021,401307518,2021-03-31,SA,SAC,491,491,TRUE,TRUE
2021,401307515,2021-03-31,MEM,UTAH,472,472,TRUE,TRUE
2021,401307516,2021-03-31,MIN,NY,434,434,TRUE,TRUE
2021,401307517,2021-03-31,OKC,TOR,475,475,TRUE,TRUE
2021,401307513,2021-03-31,BOS,DAL,462,462,TRUE,TRUE
2021,401307514,2021-03-31,BKN,HOU,443,443,TRUE,TRUE
2021,401307511,2021-03-31,DET,POR,454,454,TRUE,TRUE
2021,401307512,2021-03-31,IND,MIA,447,447,TRUE,TRUE
2021,401307509,2021-03-30,LAC,ORL,462,462,TRUE,TRUE
2021,401307510,2021-03-30,PHX,ATL,433,433,TRUE,TRUE
2021,401307508,2021-03-30,DEN,PHI,418,418,TRUE,TRUE
2021,401307507,2021-03-30,WSH,CHA,479,479,TRUE,TRUE
2021,401307505,2021-03-29,GS,CHI,438,438,TRUE,TRUE
2021,401307506,2021-03-29,LAC,MIL,432,432,TRUE,TRUE
2021,401307504,2021-03-29,UTAH,CLE,432,432,TRUE,TRUE
2021,401307503,2021-03-29,SA,SAC,442,442,TRUE,TRUE
2021,401307500,2021-03-29,DET,TOR,482,482,TRUE,TRUE
2021,401307501,2021-03-29,HOU,MEM,463,463,TRUE,TRUE
2021,401307502,2021-03-29,OKC,DAL,459,459,TRUE,TRUE
2021,401307497,2021-03-29,BOS,NO,481,481,TRUE,TRUE
2021,401307498,2021-03-29,BKN,MIN,491,491,TRUE,TRUE
2021,401307499,2021-03-29,NY,MIA,437,437,TRUE,TRUE
2021,401307496,2021-03-29,WSH,IND,496,496,TRUE,TRUE
2021,401307495,2021-03-28,LAL,ORL,458,458,TRUE,TRUE
2021,401307494,2021-03-28,DEN,ATL,411,411,TRUE,TRUE
2021,401307493,2021-03-28,TOR,POR,498,498,TRUE,TRUE
2021,401307492,2021-03-28,CHA,PHX,509,445,TRUE,TRUE
2021,401307490,2021-03-27,LAC,PHI,469,469,TRUE,TRUE
2021,401307491,2021-03-27,SAC,CLE,442,442,TRUE,TRUE
2021,401307487,2021-03-27,NO,DAL,439,439,TRUE,TRUE
2021,401307488,2021-03-27,OKC,BOS,461,461,TRUE,TRUE
2021,401307489,2021-03-27,UTAH,MEM,501,501,TRUE,TRUE
2021,401307486,2021-03-27,SA,CHI,472,472,TRUE,TRUE
2021,401307483,2021-03-27,WSH,DET,448,448,TRUE,TRUE
2021,401307484,2021-03-27,MIL,NY,463,463,TRUE,TRUE
2021,401307485,2021-03-27,MIN,HOU,446,446,TRUE,TRUE
2021,401307482,2021-03-26,LAL,CLE,482,482,TRUE,TRUE
2021,401307481,2021-03-26,GS,ATL,445,445,TRUE,TRUE
2021,401307480,2021-03-26,UTAH,MEM,468,468,TRUE,TRUE
2021,401307479,2021-03-26,DAL,IND,466,466,TRUE,TRUE
2021,401307475,2021-03-26,CHA,MIA,456,456,TRUE,TRUE
2021,401307476,2021-03-26,ORL,POR,469,469,TRUE,TRUE
2021,401307477,2021-03-26,MIN,HOU,475,475,TRUE,TRUE
2021,401307478,2021-03-26,NO,DEN,402,402,TRUE,TRUE
2021,401307473,2021-03-26,TOR,PHX,434,434,TRUE,TRUE
2021,401307474,2021-03-26,MIL,BOS,456,456,TRUE,TRUE
2021,401307472,2021-03-26,DET,BKN,507,507,TRUE,TRUE
2021,401307470,2021-03-25,LAL,PHI,483,483,TRUE,TRUE
2021,401307471,2021-03-25,SAC,GS,412,412,TRUE,TRUE
2021,401307469,2021-03-25,SA,LAC,422,422,TRUE,TRUE
2021,401307467,2021-03-25,MIA,POR,429,429,TRUE,TRUE
2021,401307468,2021-03-25,NY,WSH,522,522,TRUE,TRUE
2021,401307465,2021-03-24,UTAH,BKN,450,450,TRUE,TRUE
2021,401307466,2021-03-24,SAC,ATL,453,453,TRUE,TRUE
2021,401307464,2021-03-24,SA,LAC,459,459,TRUE,TRUE
2021,401307458,2021-03-24,ORL,PHX,453,453,TRUE,TRUE
2021,401307460,2021-03-24,CHI,CLE,425,425,TRUE,TRUE
2021,401307461,2021-03-24,HOU,CHA,447,447,TRUE,TRUE
2021,401307462,2021-03-24,MIN,DAL,486,486,TRUE,TRUE
2021,401307463,2021-03-24,OKC,MEM,457,457,TRUE,TRUE
2021,401307457,2021-03-24,MIL,BOS,457,457,TRUE,TRUE
2021,401307459,2021-03-24,TOR,DEN,456,456,TRUE,TRUE
2021,401307456,2021-03-24,IND,DET,454,454,TRUE,TRUE
2021,401307454,2021-03-23,GS,PHI,486,486,TRUE,TRUE
2021,401307455,2021-03-23,POR,BKN,471,471,TRUE,TRUE
2021,401307453,2021-03-23,MIA,PHX,418,418,TRUE,TRUE
2021,401307451,2021-03-23,NY,WSH,468,468,TRUE,TRUE
2021,401307452,2021-03-23,NO,LAL,474,474,TRUE,TRUE
2021,401307450,2021-03-23,ORL,DEN,428,428,TRUE,TRUE
2021,401307449,2021-03-22,LAC,ATL,434,434,TRUE,TRUE
2021,401307445,2021-03-22,CHI,UTAH,449,449,TRUE,TRUE
2021,401307446,2021-03-22,HOU,TOR,468,468,TRUE,TRUE
2021,401307447,2021-03-22,MEM,BOS,493,441,TRUE,TRUE
2021,401307448,2021-03-22,MIL,IND,475,475,TRUE,TRUE
2021,401307444,2021-03-22,SA,CHA,447,447,TRUE,TRUE
2021,401307443,2021-03-22,MIN,OKC,440,440,TRUE,TRUE
2021,401307442,2021-03-22,CLE,SAC,455,455,TRUE,TRUE
2021,401307440,2021-03-21,PHX,LAL,478,478,TRUE,TRUE
2021,401307441,2021-03-21,POR,DAL,437,437,TRUE,TRUE
2021,401307439,2021-03-21,NY,PHI,491,448,TRUE,TRUE
2021,401307436,2021-03-21,BKN,WSH,440,440,TRUE,TRUE
2021,401307437,2021-03-21,CLE,TOR,479,479,TRUE,TRUE
2021,401307438,2021-03-21,DET,CHI,447,447,TRUE,TRUE
2021,401307435,2021-03-21,BOS,ORL,450,450,TRUE,TRUE
2021,401307434,2021-03-21,DEN,NO,460,460,TRUE,TRUE
2021,401307433,2021-03-21,HOU,OKC,461,461,TRUE,TRUE
2021,401307432,2021-03-21,MIA,IND,510,468,TRUE,TRUE
2021,401307431,2021-03-20,LAC,CHA,468,468,TRUE,TRUE
2021,401307430,2021-03-20,MIL,SA,440,440,TRUE,TRUE
2021,401307428,2021-03-20,PHI,SAC,475,475,TRUE,TRUE
2021,401307429,2021-03-20,MEM,GS,523,523,TRUE,TRUE
2021,401307427,2021-03-20,LAL,ATL,459,459,TRUE,TRUE
2021,401307425,2021-03-19,PHX,MIN,449,449,TRUE,TRUE
2021,401307426,2021-03-19,POR,DAL,418,418,TRUE,TRUE
2021,401307424,2021-03-19,DEN,CHI,482,437,TRUE,TRUE
2021,401307419,2021-03-19,MIA,IND,450,450,TRUE,TRUE
2021,401307420,2021-03-19,ORL,BKN,455,455,TRUE,TRUE
2021,401307421,2021-03-19,TOR,UTAH,436,436,TRUE,TRUE
2021,401307422,2021-03-19,HOU,DET,451,451,TRUE,TRUE
2021,401307423,2021-03-19,MEM,GS,456,456,TRUE,TRUE
2021,401307417,2021-03-19,BOS,SAC,437,437,TRUE,TRUE
2021,401307418,2021-03-19,CLE,SA,498,498,TRUE,TRUE
2021,401307416,2021-03-18,LAL,CHA,468,468,TRUE,TRUE
2021,401307414,2021-03-18,PHX,MIN,492,492,TRUE,TRUE
2021,401307415,2021-03-18,POR,NO,470,470,TRUE,TRUE
2021,401307412,2021-03-18,ATL,OKC,430,430,TRUE,TRUE
2021,401307413,2021-03-18,NY,ORL,417,417,TRUE,TRUE
2021,401307411,2021-03-18,WSH,UTAH,517,517,TRUE,TRUE
2021,401307410,2021-03-17,DAL,LAC,428,428,TRUE,TRUE
2021,401307408,2021-03-17,MEM,MIA,475,475,TRUE,TRUE
2021,401307409,2021-03-17,DEN,CHA,439,439,TRUE,TRUE
2021,401307405,2021-03-17,CLE,BOS,466,466,TRUE,TRUE
2021,401307406,2021-03-17,CHI,SA,460,460,TRUE,TRUE
2021,401307407,2021-03-17,HOU,GS,473,473,TRUE,TRUE
2021,401307401,2021-03-17,DET,TOR,491,491,TRUE,TRUE
2021,401307402,2021-03-17,IND,BKN,483,483,TRUE,TRUE
2021,401307403,2021-03-17,PHI,MIL,557,502,TRUE,TRUE
2021,401307404,2021-03-17,WSH,SAC,518,518,TRUE,TRUE
2021,401307400,2021-03-16,LAL,MIN,457,457,TRUE,TRUE
2021,401307399,2021-03-16,POR,NO,444,444,TRUE,TRUE
2021,401307395,2021-03-16,MIA,CLE,438,438,TRUE,TRUE
2021,401307396,2021-03-16,PHI,NY,475,475,TRUE,TRUE
2021,401307397,2021-03-16,CHI,OKC,444,444,TRUE,TRUE
2021,401307398,2021-03-16,HOU,ATL,422,422,TRUE,TRUE
2021,401307394,2021-03-16,BOS,UTAH,443,443,TRUE,TRUE
2021,401307393,2021-03-15,GS,LAL,450,450,TRUE,TRUE
2021,401307391,2021-03-15,DEN,IND,453,453,TRUE,TRUE
2021,401307392,2021-03-15,PHX,MEM,446,446,TRUE,TRUE
2021,401307390,2021-03-15,DAL,LAC,385,385,TRUE,TRUE
2021,401307388,2021-03-15,BKN,NY,446,446,TRUE,TRUE
2021,401307389,2021-03-15,DET,SA,424,424,TRUE,TRUE
2021,401307386,2021-03-15,CHA,SAC,472,472,TRUE,TRUE
2021,401307387,2021-03-15,WSH,MIL,453,453,TRUE,TRUE
2021,401307384,2021-03-14,CHI,TOR,500,500,TRUE,TRUE
2021,401307385,2021-03-14,NO,LAC,420,420,TRUE,TRUE
2021,401307382,2021-03-14,HOU,BOS,475,475,TRUE,TRUE
2021,401307383,2021-03-14,MIN,POR,470,470,TRUE,TRUE
2021,401307381,2021-03-14,ATL,CLE,452,452,TRUE,TRUE
2021,401307380,2021-03-14,ORL,MIA,442,442,TRUE,TRUE
2021,401307379,2021-03-14,PHI,SA,451,451,TRUE,TRUE
2021,401307378,2021-03-14,GS,UTAH,469,469,TRUE,TRUE
2021,401307377,2021-03-14,OKC,MEM,472,472,TRUE,TRUE
2021,401307375,2021-03-13,DEN,DAL,449,449,TRUE,TRUE
2021,401307376,2021-03-13,PHX,IND,444,444,TRUE,TRUE
2021,401307374,2021-03-13,MIN,POR,472,472,TRUE,TRUE
2021,401307373,2021-03-13,ATL,SAC,488,488,TRUE,TRUE
2021,401307370,2021-03-13,BKN,DET,445,445,TRUE,TRUE
2021,401307371,2021-03-13,CHA,TOR,479,479,TRUE,TRUE
2021,401307372,2021-03-13,WSH,MIL,502,502,TRUE,TRUE
2021,401307369,2021-03-13,OKC,NY,442,442,TRUE,TRUE
2021,401307368,2021-03-12,LAL,IND,480,480,TRUE,TRUE
2021,401307367,2021-03-12,UTAH,HOU,492,492,TRUE,TRUE
2021,401307365,2021-03-12,CHI,MIA,431,431,TRUE,TRUE
2021,401307366,2021-03-12,SA,ORL,434,434,TRUE,TRUE
2021,401307362,2021-03-12,WSH,PHI,434,434,TRUE,TRUE
2021,401307363,2021-03-12,MEM,DEN,429,429,TRUE,TRUE
2021,401307364,2021-03-12,NO,CLE,480,480,TRUE,TRUE
2021,401307359,2021-03-11,LAC,GS,485,485,TRUE,TRUE
2021,401307360,2021-03-11,POR,PHX,440,440,TRUE,TRUE
2021,401307361,2021-03-11,SAC,HOU,495,495,TRUE,TRUE
2021,401307358,2021-03-11,OKC,DAL,467,467,TRUE,TRUE
2021,401307354,2021-03-11,MIA,ORL,474,474,TRUE,TRUE
2021,401307355,2021-03-11,CHI,PHI,449,449,TRUE,TRUE
2021,401307356,2021-03-11,MIL,NY,449,449,TRUE,TRUE
2021,401307357,2021-03-11,NO,MIN,481,481,TRUE,TRUE
2021,401307312,2021-03-11,BKN,BOS,473,473,TRUE,TRUE
2021,401307353,2021-03-11,TOR,ATL,521,521,TRUE,TRUE
2021,401307311,2021-03-11,CHA,DET,464,464,TRUE,TRUE
2021,401307310,2021-03-10,DAL,SA,443,443,TRUE,TRUE
2021,401307309,2021-03-10,MEM,WSH,522,522,TRUE,TRUE
2021,401267718,2021-03-04,POR,SAC,461,461,TRUE,TRUE
2021,401283400,2021-03-04,PHX,GS,438,438,TRUE,TRUE
2021,401267716,2021-03-04,SA,OKC,458,458,TRUE,TRUE
2021,401267717,2021-03-04,NO,MIA,429,429,TRUE,TRUE
2021,401267713,2021-03-04,IND,DEN,419,419,TRUE,TRUE
2021,401267715,2021-03-04,MEM,MIL,516,516,TRUE,TRUE
2021,401302775,2021-03-04,NY,DET,397,397,TRUE,TRUE
2021,401267712,2021-03-04,BOS,TOR,454,454,TRUE,TRUE
2021,401267714,2021-03-04,WSH,LAC,515,515,TRUE,TRUE
2021,401267710,2021-03-03,POR,GS,464,464,TRUE,TRUE
2021,401267711,2021-03-03,SAC,LAL,430,430,TRUE,TRUE
2021,401267709,2021-03-03,DAL,OKC,460,460,TRUE,TRUE
2021,401267704,2021-03-03,ORL,ATL,452,452,TRUE,TRUE
2021,401267707,2021-03-03,MIN,CHA,485,485,TRUE,TRUE
2021,401267708,2021-03-03,NO,CHI,471,471,TRUE,TRUE
2021,401267706,2021-03-03,HOU,BKN,464,464,TRUE,TRUE
2021,401267703,2021-03-03,CLE,IND,416,416,TRUE,TRUE
2021,401267705,2021-03-03,PHI,UTAH,508,450,TRUE,TRUE
2021,401309754,2021-03-03,TOR,DET,464,464,TRUE,TRUE
2021,401267702,2021-03-02,LAL,PHX,422,422,TRUE,TRUE
2021,401267700,2021-03-02,MIL,DEN,455,455,TRUE,TRUE
2021,401267701,2021-03-02,SA,NY,431,431,TRUE,TRUE
2021,401267697,2021-03-02,BOS,LAC,426,426,TRUE,TRUE
2021,401267698,2021-03-02,MIA,ATL,419,419,TRUE,TRUE
2021,401267696,2021-03-02,WSH,MEM,477,477,TRUE,TRUE
2021,401267695,2021-03-01,POR,CHA,424,424,TRUE,TRUE
2021,401267692,2021-03-01,HOU,CLE,432,432,TRUE,TRUE
2021,401267694,2021-03-01,SA,BKN,461,415,TRUE,TRUE
2021,401267691,2021-03-01,CHI,DEN,465,465,TRUE,TRUE
2021,401267693,2021-03-01,NO,UTAH,472,472,TRUE,TRUE
2021,401267689,2021-03-01,ORL,DAL,447,447,TRUE,TRUE
2021,401267690,2021-03-01,PHI,IND,442,442,TRUE,TRUE
2021,401267688,2021-02-28,SAC,CHA,469,469,TRUE,TRUE
2021,401267686,2021-02-28,MIN,PHX,490,490,TRUE,TRUE
2021,401267681,2021-02-28,DET,NY,418,418,TRUE,TRUE
2021,401267682,2021-02-28,MIA,ATL,462,462,TRUE,TRUE
2021,401267685,2021-02-28,HOU,MEM,534,534,TRUE,TRUE
2021,401267687,2021-02-28,LAL,GS,509,509,TRUE,TRUE
2021,401267684,2021-02-28,BOS,WSH,492,492,TRUE,TRUE
2021,401267680,2021-02-28,MIL,LAC,462,462,TRUE,TRUE
2021,401267679,2021-02-27,BKN,DAL,438,438,TRUE,TRUE
2021,401267674,2021-02-27,SA,NO,489,489,TRUE,TRUE
2021,401267675,2021-02-27,NY,IND,454,454,TRUE,TRUE
2021,401267676,2021-02-27,ORL,UTAH,447,447,TRUE,TRUE
2021,401267678,2021-02-27,OKC,DEN,423,423,TRUE,TRUE
2021,401267673,2021-02-27,PHI,CLE,542,455,TRUE,TRUE
2021,401267677,2021-02-27,WSH,MIN,545,545,TRUE,TRUE
2021,401267671,2021-02-26,GS,CHA,478,478,TRUE,TRUE
2021,401267672,2021-02-26,LAL,POR,469,469,TRUE,TRUE
2021,401267664,2021-02-26,DET,SAC,515,515,TRUE,TRUE
2021,401267667,2021-02-26,MIA,UTAH,470,470,TRUE,TRUE
2021,401267668,2021-02-26,CHI,PHX,411,411,TRUE,TRUE
2021,401267669,2021-02-26,MEM,LAC,449,449,TRUE,TRUE
2021,401267670,2021-02-26,OKC,ATL,444,444,TRUE,TRUE
2021,401267665,2021-02-26,BOS,IND,466,466,TRUE,TRUE
2021,401267666,2021-02-26,TOR,HOU,471,471,TRUE,TRUE
2021,401267663,2021-02-25,MIL,NO,461,461,TRUE,TRUE
2021,401267662,2021-02-25,DEN,WSH,448,448,TRUE,TRUE
2021,401267661,2021-02-25,MEM,LAC,431,431,TRUE,TRUE
2021,401267659,2021-02-25,BKN,ORL,438,438,TRUE,TRUE
2021,401267660,2021-02-25,NY,SAC,460,460,TRUE,TRUE
2021,401267658,2021-02-25,PHI,DAL,457,457,TRUE,TRUE
2021,401267657,2021-02-24,UTAH,LAL,448,448,TRUE,TRUE
2021,401267656,2021-02-24,PHX,CHA,502,502,TRUE,TRUE
2021,401267652,2021-02-24,MIA,TOR,438,438,TRUE,TRUE
2021,401267653,2021-02-24,CHI,MIN,498,442,TRUE,TRUE
2021,401267654,2021-02-24,NO,DET,450,450,TRUE,TRUE
2021,401267655,2021-02-24,OKC,SA,432,432,TRUE,TRUE
2021,401267649,2021-02-24,IND,GS,477,477,TRUE,TRUE
2021,401267650,2021-02-24,ATL,BOS,455,455,TRUE,TRUE
2021,401267651,2021-02-24,CLE,HOU,429,429,TRUE,TRUE
2021,401267647,2021-02-23,DEN,POR,418,418,TRUE,TRUE
2021,401267648,2021-02-23,LAC,WSH,436,436,TRUE,TRUE
2021,401267646,2021-02-23,MIL,MIN,463,463,TRUE,TRUE
2021,401267642,2021-02-23,BKN,SAC,447,447,TRUE,TRUE
2021,401267643,2021-02-23,NY,GS,487,487,TRUE,TRUE
2021,401267644,2021-02-23,TOR,PHI,461,461,TRUE,TRUE
2021,401267645,2021-02-23,DAL,BOS,449,449,TRUE,TRUE
2021,401267640,2021-02-23,CLE,ATL,442,442,TRUE,TRUE
2021,401267641,2021-02-23,ORL,DET,458,458,TRUE,TRUE
2021,401267639,2021-02-22,LAL,WSH,551,505,TRUE,TRUE
2021,401267635,2021-02-22,OKC,MIA,432,432,TRUE,TRUE
2021,401267637,2021-02-22,PHX,POR,434,434,TRUE,TRUE
2021,401267638,2021-02-22,UTAH,CHA,471,471,TRUE,TRUE
2021,401267636,2021-02-22,DAL,MEM,489,489,TRUE,TRUE
2021,401267634,2021-02-22,HOU,CHI,448,448,TRUE,TRUE
2021,401267631,2021-02-21,MIL,SAC,526,526,TRUE,TRUE
2021,401267632,2021-02-21,LAC,BKN,453,453,TRUE,TRUE
2021,401267630,2021-02-21,ATL,DEN,450,450,TRUE,TRUE
2021,401267626,2021-02-21,CLE,OKC,433,433,TRUE,TRUE
2021,401267627,2021-02-21,ORL,DET,461,461,TRUE,TRUE
2021,401267628,2021-02-21,TOR,PHI,467,467,TRUE,TRUE
2021,401267629,2021-02-21,NY,MIN,475,475,TRUE,TRUE
2021,401267625,2021-02-21,NO,BOS,570,494,TRUE,TRUE
2021,401267624,2021-02-20,POR,WSH,519,519,TRUE,TRUE
2021,401267620,2021-02-20,CHI,SAC,451,451,TRUE,TRUE
2021,401267622,2021-02-20,MEM,PHX,432,432,TRUE,TRUE
2021,401267623,2021-02-20,LAL,MIA,450,450,TRUE,TRUE
2021,401267619,2021-02-20,CHA,GS,438,438,TRUE,TRUE
2021,401267617,2021-02-19,LAC,UTAH,463,463,TRUE,TRUE
2021,401267614,2021-02-19,MIN,TOR,466,466,TRUE,TRUE
2021,401267612,2021-02-19,MEM,DET,464,464,TRUE,TRUE
2021,401267613,2021-02-19,MIL,OKC,487,487,TRUE,TRUE
2021,401267615,2021-02-19,NO,PHX,426,426,TRUE,TRUE
2021,401267610,2021-02-19,PHI,CHI,470,470,TRUE,TRUE
2021,401267611,2021-02-19,BOS,ATL,454,454,TRUE,TRUE
2021,401267609,2021-02-19,ORL,GS,468,468,TRUE,TRUE
2021,401297409,2021-02-19,CLE,DEN,422,422,TRUE,TRUE
2021,401267606,2021-02-18,LAL,BKN,433,433,TRUE,TRUE
2021,401267607,2021-02-18,SAC,MIA,454,454,TRUE,TRUE
2021,401267605,2021-02-18,MIL,TOR,470,470,TRUE,TRUE
2021,401267603,2021-02-17,GS,MIA,489,435,TRUE,TRUE
2021,401267604,2021-02-17,LAC,UTAH,464,464,TRUE,TRUE
2021,401267601,2021-02-17,NO,POR,459,459,TRUE,TRUE
2021,401283399,2021-02-17,MEM,OKC,472,472,TRUE,TRUE
2021,401267597,2021-02-17,WSH,DEN,469,469,TRUE,TRUE
2021,401267600,2021-02-17,MIN,IND,519,475,TRUE,TRUE
2021,401299015,2021-02-17,CHI,DET,469,469,TRUE,TRUE
2021,401267598,2021-02-17,BOS,ATL,472,472,TRUE,TRUE
2021,401267599,2021-02-17,PHI,HOU,476,476,TRUE,TRUE
2021,401267596,2021-02-17,ORL,NY,452,452,TRUE,TRUE
2021,401267593,2021-02-16,PHX,BKN,385,385,TRUE,TRUE
2021,401267589,2021-02-16,MEM,NO,449,449,TRUE,TRUE
2021,401267590,2021-02-16,MIL,TOR,466,466,TRUE,TRUE
2021,401267591,2021-02-16,MIN,LAL,437,437,TRUE,TRUE
2021,401267592,2021-02-16,OKC,POR,467,467,TRUE,TRUE
2021,401267587,2021-02-16,BOS,DEN,443,443,TRUE,TRUE
2021,401267584,2021-02-15,GS,CLE,473,473,TRUE,TRUE
2021,401267585,2021-02-15,LAC,MIA,442,442,TRUE,TRUE
2021,401267586,2021-02-15,SAC,BKN,425,425,TRUE,TRUE
2021,401267583,2021-02-15,UTAH,PHI,456,456,TRUE,TRUE
2021,401267582,2021-02-15,NY,ATL,450,450,TRUE,TRUE
2021,401267580,2021-02-15,IND,CHI,541,485,TRUE,TRUE
2021,401267581,2021-02-15,WSH,HOU,506,506,TRUE,TRUE
2021,401267576,2021-02-14,DEN,LAL,495,495,TRUE,TRUE
2021,401267578,2021-02-14,SAC,MEM,462,462,TRUE,TRUE
2021,401267579,2021-02-14,LAC,CLE,504,504,TRUE,TRUE
2021,401267577,2021-02-14,PHX,ORL,449,449,TRUE,TRUE
2021,401267575,2021-02-14,OKC,MIL,461,461,TRUE,TRUE
2021,401267571,2021-02-14,DAL,POR,456,456,TRUE,TRUE
2021,401267573,2021-02-14,TOR,MIN,486,486,TRUE,TRUE
2021,401267574,2021-02-14,CHA,SA,457,457,TRUE,TRUE
2021,401282833,2021-02-14,DET,NO,453,453,TRUE,TRUE
2021,401282752,2021-02-14,WSH,BOS,526,526,TRUE,TRUE
2021,401267570,2021-02-13,UTAH,MIA,474,474,TRUE,TRUE
2021,401267569,2021-02-13,GS,BKN,453,453,TRUE,TRUE
2021,401267568,2021-02-13,NY,HOU,452,452,TRUE,TRUE
2021,401267567,2021-02-13,ATL,IND,462,462,TRUE,TRUE
2021,401267566,2021-02-13,PHX,PHI,416,416,TRUE,TRUE
2021,401267563,2021-02-12,LAL,MEM,485,485,TRUE,TRUE
2021,401267564,2021-02-12,POR,CLE,485,485,TRUE,TRUE
2021,401267565,2021-02-12,SAC,ORL,428,428,TRUE,TRUE
2021,401267561,2021-02-12,DEN,OKC,443,443,TRUE,TRUE
2021,401267562,2021-02-12,UTAH,MIL,489,489,TRUE,TRUE
2021,401267560,2021-02-12,CHI,LAC,409,409,TRUE,TRUE
2021,401267572,2021-02-12,BOS,DET,475,475,TRUE,TRUE
2021,401267557,2021-02-12,ATL,SA,480,480,TRUE,TRUE
2021,401267559,2021-02-12,DAL,NO,434,434,TRUE,TRUE
2021,401267555,2021-02-12,CHA,MIN,476,476,TRUE,TRUE
2021,401267556,2021-02-12,WSH,NY,485,485,TRUE,TRUE
2021,401267553,2021-02-11,GS,ORL,460,460,TRUE,TRUE
2021,401267554,2021-02-11,POR,PHI,468,468,TRUE,TRUE
2021,401267551,2021-02-11,DET,IND,409,409,TRUE,TRUE
2021,401267552,2021-02-11,HOU,MIA,451,451,TRUE,TRUE
2021,401267558,2021-02-11,BOS,TOR,481,481,TRUE,TRUE
2021,401267549,2021-02-10,PHX,MIL,469,469,TRUE,TRUE
2021,401267550,2021-02-10,LAL,OKC,478,437,TRUE,TRUE
2021,401267545,2021-02-10,CHI,NO,408,408,TRUE,TRUE
2021,401267548,2021-02-10,DEN,CLE,462,462,TRUE,TRUE
2021,401267543,2021-02-10,BKN,IND,465,465,TRUE,TRUE
2021,401267546,2021-02-10,MEM,CHA,443,443,TRUE,TRUE
2021,401267547,2021-02-10,MIN,LAC,479,479,TRUE,TRUE
2021,401267544,2021-02-10,DAL,ATL,462,462,TRUE,TRUE
2021,401267542,2021-02-10,WSH,TOR,467,467,TRUE,TRUE
2021,401267539,2021-02-09,UTAH,BOS,456,456,TRUE,TRUE
2021,401267540,2021-02-09,POR,ORL,450,450,TRUE,TRUE
2021,401267541,2021-02-09,SAC,PHI,497,497,TRUE,TRUE
2021,401267538,2021-02-09,SA,GS,469,469,TRUE,TRUE
2021,401267536,2021-02-09,MIA,NY,452,452,TRUE,TRUE
2021,401267537,2021-02-09,NO,HOU,488,488,TRUE,TRUE
2021,401267535,2021-02-09,DET,BKN,432,432,TRUE,TRUE
2021,401267534,2021-02-08,LAL,OKC,536,488,TRUE,TRUE
2021,401267533,2021-02-08,DEN,MIL,456,456,TRUE,TRUE
2021,401267532,2021-02-08,PHX,CLE,449,449,TRUE,TRUE
2021,401267530,2021-02-08,DAL,MIN,498,498,TRUE,TRUE
2021,401267531,2021-02-08,SA,GS,469,469,TRUE,TRUE
2021,401267528,2021-02-08,CHI,WSH,495,495,TRUE,TRUE
2021,401267529,2021-02-08,MEM,TOR,455,455,TRUE,TRUE
2021,401267527,2021-02-08,CHA,HOU,448,448,TRUE,TRUE
2021,401267526,2021-02-07,LAC,SAC,475,475,TRUE,TRUE
2021,401267525,2021-02-07,PHX,BOS,416,416,TRUE,TRUE
2021,401267523,2021-02-07,IND,UTAH,477,477,TRUE,TRUE
2021,401267524,2021-02-07,NY,MIA,436,436,TRUE,TRUE
2021,401282286,2021-02-07,CHA,WSH,516,516,TRUE,TRUE
2021,401267521,2021-02-06,LAL,DET,523,428,TRUE,TRUE
2021,401267515,2021-02-06,NO,MEM,446,446,TRUE,TRUE
2021,401267520,2021-02-06,DAL,GS,486,486,TRUE,TRUE
2021,401267514,2021-02-06,PHI,BKN,452,452,TRUE,TRUE
2021,401267516,2021-02-06,ATL,TOR,491,491,TRUE,TRUE
2021,401267517,2021-02-06,CLE,MIL,463,463,TRUE,TRUE
2021,401267518,2021-02-06,HOU,SA,494,494,TRUE,TRUE
2021,401267519,2021-02-06,OKC,MIN,466,466,TRUE,TRUE
2021,401267513,2021-02-06,ORL,CHI,439,439,TRUE,TRUE
2021,401267512,2021-02-06,SAC,DEN,451,451,TRUE,TRUE
2021,401267511,2021-02-06,NY,POR,442,442,TRUE,TRUE
2021,401267510,2021-02-05,LAC,BOS,450,450,TRUE,TRUE
2021,401267509,2021-02-05,PHX,DET,489,489,TRUE,TRUE
2021,401267502,2021-02-05,CHA,UTAH,464,464,TRUE,TRUE
2021,401267507,2021-02-05,MIA,WSH,472,472,TRUE,TRUE
2021,401267508,2021-02-05,OKC,MIN,440,440,TRUE,TRUE
2021,401267505,2021-02-05,BKN,TOR,470,470,TRUE,TRUE
2021,401267506,2021-02-05,CLE,MIL,486,486,TRUE,TRUE
2021,401267503,2021-02-05,IND,NO,450,450,TRUE,TRUE
2021,401267504,2021-02-05,ORL,CHI,476,476,TRUE,TRUE
2021,401267501,2021-02-04,LAL,DEN,464,464,TRUE,TRUE
2021,401267500,2021-02-04,MEM,HOU,460,460,TRUE,TRUE
2021,401267497,2021-02-04,PHI,POR,460,460,TRUE,TRUE
2021,401267498,2021-02-04,ATL,UTAH,470,470,TRUE,TRUE
2021,401267499,2021-02-04,DAL,GS,469,469,TRUE,TRUE
2021,401267496,2021-02-03,SAC,BOS,473,473,TRUE,TRUE
2021,401267495,2021-02-03,NO,PHX,453,453,TRUE,TRUE
2021,401267494,2021-02-03,SA,MIN,463,463,TRUE,TRUE
2021,401267488,2021-02-03,CLE,LAC,428,428,TRUE,TRUE
2021,401267491,2021-02-03,MIA,WSH,461,461,TRUE,TRUE
2021,401267492,2021-02-03,CHI,NY,434,434,TRUE,TRUE
2021,401267493,2021-02-03,OKC,HOU,449,449,TRUE,TRUE
2021,401267490,2021-02-03,ATL,DAL,480,480,TRUE,TRUE
2021,401267487,2021-02-03,CHA,PHI,473,473,TRUE,TRUE
2021,401267489,2021-02-03,MIL,IND,453,453,TRUE,TRUE
2021,401267485,2021-02-02,UTAH,DET,462,462,TRUE,TRUE
2021,401267486,2021-02-02,GS,BOS,471,471,TRUE,TRUE
2021,401267482,2021-02-02,IND,MEM,476,476,TRUE,TRUE
2021,401282283,2021-02-02,WSH,POR,452,452,TRUE,TRUE
2021,401267484,2021-02-02,BKN,LAC,443,443,TRUE,TRUE
2021,401267483,2021-02-02,ORL,TOR,448,448,TRUE,TRUE
2021,401267479,2021-02-01,DAL,PHX,460,460,TRUE,TRUE
2021,401267480,2021-02-01,SA,MEM,463,463,TRUE,TRUE
2021,401267472,2021-02-01,CLE,MIN,481,481,TRUE,TRUE
2021,401267475,2021-02-01,CHI,NY,463,463,TRUE,TRUE
2021,401267476,2021-02-01,MIL,POR,449,449,TRUE,TRUE
2021,401267477,2021-02-01,NO,SAC,501,501,TRUE,TRUE
2021,401267478,2021-02-01,OKC,HOU,462,462,TRUE,TRUE
2021,401267473,2021-02-01,ATL,LAL,429,429,TRUE,TRUE
2021,401267474,2021-02-01,MIA,CHA,528,459,TRUE,TRUE
2021,401267471,2021-01-31,MIN,CLE,450,450,TRUE,TRUE
2021,401267467,2021-01-31,IND,PHI,484,484,TRUE,TRUE
2021,401267469,2021-01-31,TOR,ORL,466,466,TRUE,TRUE
2021,401267470,2021-01-31,WSH,BKN,509,509,TRUE,TRUE
2021,401267466,2021-01-31,DEN,UTAH,463,463,TRUE,TRUE
2021,401267468,2021-01-31,NY,LAC,432,432,TRUE,TRUE
2021,401267465,2021-01-30,GS,DET,439,439,TRUE,TRUE
2021,401267463,2021-01-30,DAL,PHX,453,453,TRUE,TRUE
2021,401267462,2021-01-30,BOS,LAL,425,425,TRUE,TRUE
2021,401267464,2021-01-30,SA,MEM,463,463,TRUE,TRUE
2021,401267458,2021-01-30,CHI,POR,421,421,TRUE,TRUE
2021,401267459,2021-01-30,CHA,MIL,480,480,TRUE,TRUE
2021,401267460,2021-01-30,NO,HOU,484,484,TRUE,TRUE
2021,401267461,2021-01-30,MIA,SAC,439,439,TRUE,TRUE
2021,401267457,2021-01-29,UTAH,DAL,490,490,TRUE,TRUE
2021,401267456,2021-01-29,SA,DEN,426,426,TRUE,TRUE
2021,401267449,2021-01-29,ORL,LAC,449,449,TRUE,TRUE
2021,401267454,2021-01-29,MIN,PHI,469,469,TRUE,TRUE
2021,401267455,2021-01-29,OKC,BKN,471,471,TRUE,TRUE
2021,401267451,2021-01-29,NY,CLE,436,436,TRUE,TRUE
2021,401267452,2021-01-29,TOR,SAC,499,499,TRUE,TRUE
2021,401267453,2021-01-29,NO,MIL,486,486,TRUE,TRUE
2021,401267448,2021-01-29,CHA,IND,425,425,TRUE,TRUE
2021,401267450,2021-01-29,WSH,ATL,539,539,TRUE,TRUE
2021,401267446,2021-01-28,PHX,GS,464,464,TRUE,TRUE
2021,401267444,2021-01-28,DET,LAL,433,433,TRUE,TRUE
2021,401267445,2021-01-28,MIA,LAC,466,466,TRUE,TRUE
2021,401267447,2021-01-28,HOU,POR,444,444,TRUE,TRUE
2021,401267443,2021-01-27,GS,MIN,503,503,TRUE,TRUE
2021,401267439,2021-01-27,NO,WSH,464,464,TRUE,TRUE
2021,401267441,2021-01-27,PHX,OKC,453,453,TRUE,TRUE
2021,401267442,2021-01-27,UTAH,DAL,445,445,TRUE,TRUE
2021,401267440,2021-01-27,SA,BOS,451,451,TRUE,TRUE
2021,401267434,2021-01-27,ATL,BKN,491,435,TRUE,TRUE
2021,401267435,2021-01-27,MIA,DEN,415,415,TRUE,TRUE
2021,401267436,2021-01-27,PHI,LAL,476,476,TRUE,TRUE
2021,401267437,2021-01-27,TOR,MIL,482,482,TRUE,TRUE
2021,401267431,2021-01-27,CHA,IND,434,434,TRUE,TRUE
2021,401267432,2021-01-27,CLE,DET,480,480,TRUE,TRUE
2021,401267433,2021-01-27,ORL,SAC,494,494,TRUE,TRUE
2021,401267430,2021-01-26,UTAH,NY,461,461,TRUE,TRUE
2021,401267429,2021-01-26,HOU,WSH,490,490,TRUE,TRUE
2021,401267428,2021-01-26,ATL,LAC,457,457,TRUE,TRUE
2021,401267426,2021-01-25,GS,MIN,517,517,TRUE,TRUE
2021,401267427,2021-01-25,POR,OKC,479,479,TRUE,TRUE
2021,401267422,2021-01-25,CHI,BOS,441,441,TRUE,TRUE
2021,401267425,2021-01-25,DAL,DEN,451,451,TRUE,TRUE
2021,401267421,2021-01-25,CLE,LAL,484,484,TRUE,TRUE
2021,401267420,2021-01-25,BKN,MIA,452,452,TRUE,TRUE
2021,401267417,2021-01-25,DET,PHI,480,480,TRUE,TRUE
2021,401267418,2021-01-25,IND,TOR,501,501,TRUE,TRUE
2021,401267419,2021-01-25,ORL,CHA,486,486,TRUE,TRUE
2021,401267416,2021-01-24,POR,NY,443,443,TRUE,TRUE
2021,401267413,2021-01-24,SA,WSH,449,449,TRUE,TRUE
2021,401267414,2021-01-24,MIL,ATL,457,457,TRUE,TRUE
2021,401267410,2021-01-24,BOS,CLE,498,498,TRUE,TRUE
2021,401267412,2021-01-24,ORL,CHA,456,456,TRUE,TRUE
2021,401267411,2021-01-24,LAC,OKC,462,462,TRUE,TRUE
2021,401267409,2021-01-24,IND,TOR,494,494,TRUE,TRUE
2021,401267402,2021-01-23,UTAH,GS,467,467,TRUE,TRUE
2021,401267405,2021-01-23,CHI,LAL,478,478,TRUE,TRUE
2021,401267407,2021-01-23,DAL,HOU,491,491,TRUE,TRUE
2021,401267408,2021-01-23,PHX,DEN,549,449,TRUE,TRUE
2021,401267403,2021-01-23,DET,PHI,506,506,TRUE,TRUE
2021,401267404,2021-01-23,BKN,MIA,483,483,TRUE,TRUE
2021,401267406,2021-01-23,MIN,NO,506,506,TRUE,TRUE
2021,401267398,2021-01-22,PHX,DEN,469,415,TRUE,TRUE
2021,401267399,2021-01-22,LAC,OKC,435,435,TRUE,TRUE
2021,401267401,2021-01-22,SAC,NY,486,486,TRUE,TRUE
2021,401267397,2021-01-22,SA,DAL,473,473,TRUE,TRUE
2021,401267396,2021-01-22,MIN,ATL,469,469,TRUE,TRUE
2021,401267392,2021-01-22,CLE,BKN,470,470,TRUE,TRUE
2021,401267393,2021-01-22,PHI,BOS,462,462,TRUE,TRUE
2021,401267394,2021-01-22,TOR,MIA,421,421,TRUE,TRUE
2021,401267389,2021-01-22,CHA,CHI,462,462,TRUE,TRUE
2021,401267390,2021-01-22,DET,HOU,513,513,TRUE,TRUE
2021,401267391,2021-01-22,IND,ORL,474,416,TRUE,TRUE
2021,401267387,2021-01-21,UTAH,NO,478,478,TRUE,TRUE
2021,401267388,2021-01-21,GS,NY,519,519,TRUE,TRUE
2021,401267386,2021-01-21,MIL,LAL,435,435,TRUE,TRUE
2021,401267383,2021-01-20,GS,SA,487,487,TRUE,TRUE
2021,401267384,2021-01-20,LAC,SAC,437,437,TRUE,TRUE
2021,401267382,2021-01-20,HOU,PHX,474,474,TRUE,TRUE
2021,401267381,2021-01-20,MIN,ORL,472,472,TRUE,TRUE
2021,401267379,2021-01-20,ATL,DET,536,482,TRUE,TRUE
2021,401267380,2021-01-20,TOR,MIA,438,438,TRUE,TRUE
2021,401267376,2021-01-20,CLE,BKN,543,438,TRUE,TRUE
2021,401267377,2021-01-20,IND,DAL,467,467,TRUE,TRUE
2021,401267378,2021-01-20,PHI,BOS,491,491,TRUE,TRUE
2021,401267373,2021-01-19,DEN,OKC,478,478,TRUE,TRUE
2021,401267374,2021-01-19,UTAH,NO,450,450,TRUE,TRUE
2021,401267372,2021-01-18,LAL,GS,482,482,TRUE,TRUE
2021,401267366,2021-01-18,MIA,DET,459,459,TRUE,TRUE
2021,401267371,2021-01-18,CHI,HOU,466,466,TRUE,TRUE
2021,401267369,2021-01-18,BKN,MIL,472,472,TRUE,TRUE
2021,401267370,2021-01-18,TOR,DAL,481,481,TRUE,TRUE
2021,401267368,2021-01-18,MEM,PHX,476,476,TRUE,TRUE
2021,401267367,2021-01-18,POR,SA,440,440,TRUE,TRUE
2021,401267365,2021-01-18,ATL,MIN,481,481,TRUE,TRUE
2021,401267363,2021-01-18,NY,ORL,479,479,TRUE,TRUE
2021,401267362,2021-01-17,LAC,IND,457,457,TRUE,TRUE
2021,401267361,2021-01-17,SAC,NO,465,465,TRUE,TRUE
2021,401267360,2021-01-17,DEN,UTAH,469,469,TRUE,TRUE
2021,401267358,2021-01-17,DAL,CHI,495,495,TRUE,TRUE
2021,401267356,2021-01-17,BOS,NY,492,492,TRUE,TRUE
2021,401267355,2021-01-16,POR,ATL,497,497,TRUE,TRUE
2021,401267352,2021-01-16,MIA,DET,452,452,TRUE,TRUE
2021,401267353,2021-01-16,MEM,PHI,504,504,TRUE,TRUE
2021,401267351,2021-01-16,TOR,CHA,498,498,TRUE,TRUE
2021,401267350,2021-01-16,BKN,ORL,442,442,TRUE,TRUE
2021,401267349,2021-01-16,SA,HOU,508,508,TRUE,TRUE
2021,401267347,2021-01-15,LAL,NO,466,466,TRUE,TRUE
2021,401267348,2021-01-15,SAC,LAC,431,431,TRUE,TRUE
2021,401267346,2021-01-15,UTAH,ATL,479,479,TRUE,TRUE
2021,401267344,2021-01-15,OKC,CHI,537,482,TRUE,TRUE
2021,401267340,2021-01-15,BOS,ORL,457,457,TRUE,TRUE
2021,401267341,2021-01-15,CLE,NY,445,445,TRUE,TRUE
2021,401267342,2021-01-15,MIL,DAL,498,498,TRUE,TRUE
2021,401267337,2021-01-14,DEN,GS,475,475,TRUE,TRUE
2021,401267338,2021-01-14,POR,IND,448,448,TRUE,TRUE
2021,401267335,2021-01-14,TOR,CHA,440,440,TRUE,TRUE
2021,401267336,2021-01-14,SA,HOU,447,447,TRUE,TRUE
2021,401267334,2021-01-14,PHI,MIA,453,453,TRUE,TRUE
2021,401267332,2021-01-13,LAC,NO,414,414,TRUE,TRUE
2021,401267333,2021-01-13,SAC,POR,460,460,TRUE,TRUE
2021,401267329,2021-01-13,MIN,MEM,496,496,TRUE,TRUE
2021,401267330,2021-01-13,OKC,LAL,454,454,TRUE,TRUE
2021,401267328,2021-01-13,NY,BKN,434,434,TRUE,TRUE
2021,401267324,2021-01-13,CHA,DAL,496,496,TRUE,TRUE
2021,401267325,2021-01-13,DET,MIL,467,467,TRUE,TRUE
2021,401267323,2021-01-12,GS,IND,488,488,TRUE,TRUE
2021,401267321,2021-01-12,HOU,LAL,467,467,TRUE,TRUE
2021,401267322,2021-01-12,OKC,SA,469,469,TRUE,TRUE
2021,401267318,2021-01-12,BKN,DEN,423,423,TRUE,TRUE
2021,401267319,2021-01-12,CLE,UTAH,429,429,TRUE,TRUE
2021,401267317,2021-01-12,PHI,MIA,538,466,TRUE,TRUE
2021,401267315,2021-01-11,POR,TOR,425,425,TRUE,TRUE
2021,401267316,2021-01-11,SAC,IND,457,457,TRUE,TRUE
2021,401267313,2021-01-11,ATL,PHI,465,465,TRUE,TRUE
2021,401267309,2021-01-11,CHA,NY,447,447,TRUE,TRUE
2021,401267310,2021-01-11,CLE,MEM,454,454,TRUE,TRUE
2021,401267311,2021-01-11,ORL,MIL,465,465,TRUE,TRUE
2021,401267312,2021-01-11,WSH,PHX,479,479,TRUE,TRUE
2021,401267308,2021-01-10,GS,TOR,489,489,TRUE,TRUE
2021,401267307,2021-01-10,MIN,SA,463,463,TRUE,TRUE
2021,401267306,2021-01-10,HOU,LAL,502,502,TRUE,TRUE
2021,401267303,2021-01-10,BKN,OKC,440,440,TRUE,TRUE
2021,401267304,2021-01-10,NY,DEN,420,420,TRUE,TRUE
2021,401267302,2021-01-10,LAC,CHI,455,455,TRUE,TRUE
2021,401267301,2021-01-10,DET,UTAH,467,467,TRUE,TRUE
2021,401267300,2021-01-09,SAC,POR,503,503,TRUE,TRUE
2021,401267299,2021-01-09,DAL,ORL,445,445,TRUE,TRUE
2021,401267297,2021-01-09,MIL,CLE,451,451,TRUE,TRUE
2021,401267298,2021-01-09,MIN,SA,507,465,TRUE,TRUE
2021,401267294,2021-01-09,CHA,ATL,475,475,TRUE,TRUE
2021,401267295,2021-01-09,IND,PHX,447,447,TRUE,TRUE
2021,401267296,2021-01-09,WSH,MIA,502,502,TRUE,TRUE
2021,401267293,2021-01-09,PHI,DEN,454,454,TRUE,TRUE
2021,401267290,2021-01-08,GS,LAC,434,434,TRUE,TRUE
2021,401267291,2021-01-08,LAL,CHI,443,443,TRUE,TRUE
2021,401267292,2021-01-08,SAC,TOR,457,457,TRUE,TRUE
2021,401267287,2021-01-08,HOU,ORL,421,421,TRUE,TRUE
2021,401267288,2021-01-08,MEM,BKN,468,468,TRUE,TRUE
2021,401267289,2021-01-08,MIL,UTAH,488,488,TRUE,TRUE
2021,401267284,2021-01-08,BOS,WSH,477,477,TRUE,TRUE
2021,401267285,2021-01-08,NY,OKC,462,462,TRUE,TRUE
2021,401267286,2021-01-08,NO,CHA,467,467,TRUE,TRUE
2021,401267283,2021-01-08,DET,PHX,493,446,TRUE,TRUE
2021,401267280,2021-01-07,DEN,DAL,506,460,TRUE,TRUE
2021,401267281,2021-01-07,LAL,SA,450,450,TRUE,TRUE
2021,401267282,2021-01-07,POR,MIN,479,479,TRUE,TRUE
2021,401267279,2021-01-07,MEM,CLE,438,438,TRUE,TRUE
2021,401267278,2021-01-07,BKN,PHI,490,490,TRUE,TRUE
2021,401267276,2021-01-06,GS,LAC,464,464,TRUE,TRUE
2021,401267277,2021-01-06,SAC,CHI,460,460,TRUE,TRUE
2021,401267275,2021-01-06,PHX,TOR,444,444,TRUE,TRUE
2021,401267273,2021-01-06,MIL,DET,494,494,TRUE,TRUE
2021,401267274,2021-01-06,NO,OKC,443,443,TRUE,TRUE
2021,401267270,2021-01-06,ATL,CHA,504,504,TRUE,TRUE
2021,401267271,2021-01-06,MIA,BOS,450,450,TRUE,TRUE
2021,401267272,2021-01-06,NY,UTAH,432,432,TRUE,TRUE
2021,401267267,2021-01-06,IND,HOU,456,456,TRUE,TRUE
2021,401267268,2021-01-06,ORL,CLE,460,460,TRUE,TRUE
2021,401267269,2021-01-06,PHI,WSH,494,494,TRUE,TRUE
2021,401267266,2021-01-05,POR,CHI,472,472,TRUE,TRUE
2021,401267265,2021-01-05,LAC,SA,433,433,TRUE,TRUE
2021,401267264,2021-01-05,DEN,MIN,519,519,TRUE,TRUE
2021,401267263,2021-01-05,MEM,LAL,461,461,TRUE,TRUE
2021,401267262,2021-01-05,BKN,UTAH,461,461,TRUE,TRUE
2021,401267261,2021-01-04,GS,SAC,505,505,TRUE,TRUE
2021,401267258,2021-01-04,HOU,DAL,480,480,TRUE,TRUE
2021,401267259,2021-01-04,MIL,DET,453,453,TRUE,TRUE
2021,401267260,2021-01-04,NO,IND,508,462,TRUE,TRUE
2021,401267255,2021-01-04,ATL,NY,454,454,TRUE,TRUE
2021,401267256,2021-01-04,MIA,OKC,439,439,TRUE,TRUE
2021,401267257,2021-01-04,TOR,BOS,514,514,TRUE,TRUE
2021,401267253,2021-01-04,ORL,CLE,448,448,TRUE,TRUE
2021,401267254,2021-01-04,PHI,CHA,483,483,TRUE,TRUE
2021,401267252,2021-01-03,GS,POR,523,523,TRUE,TRUE
2021,401267250,2021-01-03,CHI,DAL,502,502,TRUE,TRUE
2021,401267251,2021-01-03,PHX,LAC,429,429,TRUE,TRUE
2021,401267248,2021-01-03,MIN,DEN,435,435,TRUE,TRUE
2021,401267249,2021-01-03,SA,UTAH,481,481,TRUE,TRUE
2021,401267246,2021-01-03,BKN,WSH,512,512,TRUE,TRUE
2021,401267247,2021-01-03,MEM,LAL,470,470,TRUE,TRUE
2021,401267245,2021-01-03,DET,BOS,443,443,TRUE,TRUE
2021,401267243,2021-01-02,ATL,CLE,486,486,TRUE,TRUE
2021,401267244,2021-01-02,NO,TOR,504,504,TRUE,TRUE
2021,401267240,2021-01-02,IND,NY,425,425,TRUE,TRUE
2021,401267241,2021-01-02,ORL,OKC,466,466,TRUE,TRUE
2021,401267242,2021-01-02,PHI,CHA,463,463,TRUE,TRUE
2021,401267239,2021-01-02,HOU,SAC,468,468,TRUE,TRUE
2021,401267238,2021-01-01,GS,POR,506,506,TRUE,TRUE
2021,401267236,2021-01-01,DEN,PHX,442,442,TRUE,TRUE
2021,401267237,2021-01-01,UTAH,LAC,454,454,TRUE,TRUE
2021,401267233,2021-01-01,MIL,CHI,483,483,TRUE,TRUE
2021,401267234,2021-01-01,MIN,WSH,463,463,TRUE,TRUE
2021,401267235,2021-01-01,SA,LAL,488,488,TRUE,TRUE
2021,401267232,2021-01-01,BKN,ATL,465,465,TRUE,TRUE
2021,401267229,2021-01-01,CHA,MEM,472,472,TRUE,TRUE
2021,401267230,2021-01-01,DET,BOS,467,467,TRUE,TRUE
2021,401267231,2021-01-01,DAL,MIA,467,467,TRUE,TRUE
2021,401267228,2020-12-31,UTAH,PHX,432,432,TRUE,TRUE
2021,401267227,2020-12-31,OKC,NO,463,463,TRUE,TRUE
2021,401267226,2020-12-31,TOR,NY,467,467,TRUE,TRUE
2021,401267225,2020-12-31,HOU,SAC,474,474,TRUE,TRUE
2021,401267224,2020-12-31,ORL,PHI,463,463,TRUE,TRUE
2021,401267223,2020-12-31,WSH,CHI,510,510,TRUE,TRUE
2021,401267222,2020-12-31,IND,CLE,485,485,TRUE,TRUE
2021,401267221,2020-12-30,LAC,POR,463,463,TRUE,TRUE
2021,401267219,2020-12-30,DAL,CHA,509,509,TRUE,TRUE
2021,401267220,2020-12-30,SA,LAL,451,451,TRUE,TRUE
2021,401267216,2020-12-30,BOS,MEM,474,474,TRUE,TRUE
2021,401267217,2020-12-30,BKN,ATL,512,512,TRUE,TRUE
2021,401267218,2020-12-30,MIA,MIL,500,500,TRUE,TRUE
2021,401267213,2020-12-29,PHX,NO,423,423,TRUE,TRUE
2021,401267214,2020-12-29,LAC,MIN,440,440,TRUE,TRUE
2021,401267215,2020-12-29,SAC,DEN,449,449,TRUE,TRUE
2021,401267212,2020-12-29,OKC,ORL,468,468,TRUE,TRUE
2021,401267211,2020-12-29,MIA,MIL,449,449,TRUE,TRUE
2021,401267206,2020-12-29,CLE,NY,465,465,TRUE,TRUE
2021,401267207,2020-12-29,DET,GS,521,521,TRUE,TRUE
2021,401267208,2020-12-29,IND,BOS,453,453,TRUE,TRUE
2021,401267209,2020-12-29,PHI,TOR,509,509,TRUE,TRUE
2021,401267210,2020-12-29,WSH,CHI,505,505,TRUE,TRUE
2021,401267205,2020-12-28,LAL,POR,428,428,TRUE,TRUE
2021,401267204,2020-12-28,DEN,HOU,484,484,TRUE,TRUE
2021,401267203,2020-12-28,OKC,UTAH,437,437,TRUE,TRUE
2021,401267201,2020-12-28,ATL,DET,485,485,TRUE,TRUE
2021,401267202,2020-12-28,BKN,MEM,537,466,TRUE,TRUE
2021,401267200,2020-12-27,LAL,MIN,492,492,TRUE,TRUE
2021,401267199,2020-12-27,SAC,PHX,459,459,TRUE,TRUE
2021,401267197,2020-12-27,IND,BOS,435,435,TRUE,TRUE
2021,401267198,2020-12-27,CHI,GS,527,527,TRUE,TRUE
2021,401267195,2020-12-27,CLE,PHI,470,470,TRUE,TRUE
2021,401267196,2020-12-27,NY,MIL,497,497,TRUE,TRUE
2021,401267192,2020-12-27,CHA,BKN,491,491,TRUE,TRUE
2021,401267193,2020-12-27,WSH,ORL,471,471,TRUE,TRUE
2021,401267194,2020-12-27,NO,SA,467,467,TRUE,TRUE
2021,401267191,2020-12-27,LAC,DAL,424,424,TRUE,TRUE
2021,401267189,2020-12-26,POR,HOU,507,471,TRUE,TRUE
2021,401267190,2020-12-26,SAC,PHX,507,507,TRUE,TRUE
2021,401267188,2020-12-26,UTAH,MIN,558,558,TRUE,TRUE
2021,401267187,2020-12-26,SA,TOR,491,491,TRUE,TRUE
2021,401267186,2020-12-26,CHI,IND,491,491,TRUE,TRUE
2021,401267185,2020-12-26,NY,PHI,470,470,TRUE,TRUE
2021,401267182,2020-12-26,CHA,OKC,522,522,TRUE,TRUE
2021,401267183,2020-12-26,DET,CLE,573,485,TRUE,TRUE
2021,401267184,2020-12-26,WSH,ORL,509,509,TRUE,TRUE
2021,401267181,2020-12-26,MEM,ATL,527,527,TRUE,TRUE
2021,401266795,2020-12-25,DEN,LAC,471,471,TRUE,TRUE
2021,401266799,2020-12-25,LAL,DAL,471,471,TRUE,TRUE
2021,401266798,2020-12-25,BOS,BKN,498,498,TRUE,TRUE
2021,401266797,2020-12-25,MIL,GS,508,508,TRUE,TRUE
2021,401266794,2020-12-25,MIA,NO,462,462,TRUE,TRUE
2021,401266796,2020-12-23,PHX,DAL,479,479,TRUE,TRUE
2021,401267180,2020-12-23,POR,UTAH,465,465,TRUE,TRUE
2021,401267179,2020-12-23,DEN,SAC,545,501,TRUE,TRUE
2021,401267175,2020-12-23,CHI,ATL,497,497,TRUE,TRUE
2021,401267177,2020-12-23,MEM,SA,477,477,TRUE,TRUE
2021,401267178,2020-12-23,MIN,DET,456,456,TRUE,TRUE
2021,401266804,2020-12-23,BOS,MIL,474,474,TRUE,TRUE
2021,401267174,2020-12-23,TOR,NO,462,462,TRUE,TRUE
2021,401267150,2020-12-23,CLE,CHA,470,470,TRUE,TRUE
2021,401267151,2020-12-23,IND,NY,485,485,TRUE,TRUE
2021,401267152,2020-12-23,ORL,MIA,477,477,TRUE,TRUE
2021,401267173,2020-12-23,PHI,WSH,497,497,TRUE,TRUE
2021,401266806,2020-12-22,LAL,LAC,503,503,TRUE,TRUE
2021,401266805,2020-12-22,BKN,GS,521,521,TRUE,TRUE
2022,401361038,2022-04-10,DAL,SA,437,437,TRUE,TRUE
2022,401361039,2022-04-10,DEN,LAL,550,491,TRUE,TRUE
2022,401361041,2022-04-10,LAC,OKC,410,410,TRUE,TRUE
2022,401361044,2022-04-10,NO,GS,424,424,TRUE,TRUE
2022,401361048,2022-04-10,PHX,SAC,468,468,TRUE,TRUE
2022,401361049,2022-04-10,POR,UTAH,474,474,TRUE,TRUE
2022,401361043,2022-04-10,MIN,CHI,478,478,TRUE,TRUE
2022,401361042,2022-04-10,MEM,BOS,486,486,TRUE,TRUE
2022,401361045,2022-04-10,NY,TOR,427,427,TRUE,TRUE
2022,401361046,2022-04-10,ORL,MIA,421,421,TRUE,TRUE
2022,401361047,2022-04-10,PHI,DET,453,453,TRUE,TRUE
2022,401361035,2022-04-10,BKN,IND,466,466,TRUE,TRUE
2022,401361036,2022-04-10,CHA,WSH,476,476,TRUE,TRUE
2022,401361037,2022-04-10,CLE,MIL,471,471,TRUE,TRUE
2022,401361040,2022-04-10,HOU,ATL,441,441,TRUE,TRUE
2022,401361031,2022-04-09,LAC,SAC,449,449,TRUE,TRUE
2022,401361034,2022-04-09,SA,GS,495,495,TRUE,TRUE
2022,401361032,2022-04-09,MEM,NO,494,494,TRUE,TRUE
2022,401361033,2022-04-09,PHI,IND,484,484,TRUE,TRUE
2022,401361030,2022-04-08,LAL,OKC,450,450,TRUE,TRUE
2022,401361029,2022-04-08,UTAH,PHX,474,474,TRUE,TRUE
2022,401361028,2022-04-08,DAL,POR,441,441,TRUE,TRUE
2022,401361026,2022-04-08,MIA,ATL,428,428,TRUE,TRUE
2022,401361027,2022-04-08,CHI,CHA,387,387,TRUE,TRUE
2022,401361024,2022-04-08,BKN,CLE,461,461,TRUE,TRUE
2022,401361025,2022-04-08,TOR,HOU,451,451,TRUE,TRUE
2022,401361022,2022-04-08,DET,MIL,486,486,TRUE,TRUE
2022,401361023,2022-04-08,WSH,NY,417,417,TRUE,TRUE
2022,401361021,2022-04-07,GS,LAL,483,483,TRUE,TRUE
2022,401361020,2022-04-07,DEN,MEM,448,448,TRUE,TRUE
2022,401361018,2022-04-07,MIN,SA,523,523,TRUE,TRUE
2022,401361019,2022-04-07,NO,POR,435,435,TRUE,TRUE
2022,401361016,2022-04-07,TOR,PHI,428,428,TRUE,TRUE
2022,401361017,2022-04-07,MIL,BOS,462,462,TRUE,TRUE
2022,401361015,2022-04-07,CHA,ORL,476,476,TRUE,TRUE
2022,401361014,2022-04-06,LAC,PHX,501,501,TRUE,TRUE
2022,401361013,2022-04-06,UTAH,OKC,443,443,TRUE,TRUE
2022,401361011,2022-04-06,ATL,WSH,421,421,TRUE,TRUE
2022,401361012,2022-04-06,CHI,BOS,462,462,TRUE,TRUE
2022,401361010,2022-04-06,NY,BKN,478,478,TRUE,TRUE
2022,401361009,2022-04-06,DET,DAL,455,455,TRUE,TRUE
2022,401361008,2022-04-05,PHX,LAL,472,472,TRUE,TRUE
2022,401361007,2022-04-05,SAC,NO,441,441,TRUE,TRUE
2022,401361005,2022-04-05,DEN,SA,470,470,TRUE,TRUE
2022,401361006,2022-04-05,UTAH,MEM,571,512,TRUE,TRUE
2022,401361002,2022-04-05,CHI,MIL,488,488,TRUE,TRUE
2022,401361003,2022-04-05,MIN,WSH,466,466,TRUE,TRUE
2022,401361004,2022-04-05,OKC,POR,424,424,TRUE,TRUE
2022,401360999,2022-04-05,BKN,HOU,492,492,TRUE,TRUE
2022,401361000,2022-04-05,MIA,CHA,441,441,TRUE,TRUE
2022,401361001,2022-04-05,TOR,ATL,471,471,TRUE,TRUE
2022,401360997,2022-04-05,IND,PHI,450,450,TRUE,TRUE
2022,401360998,2022-04-05,ORL,CLE,432,432,TRUE,TRUE
2022,401360996,2022-04-03,LAC,NO,456,456,TRUE,TRUE
2022,401360995,2022-04-03,SAC,GS,447,447,TRUE,TRUE
2022,401360991,2022-04-03,TOR,MIA,452,452,TRUE,TRUE
2022,401360992,2022-04-03,HOU,MIN,471,471,TRUE,TRUE
2022,401360993,2022-04-03,OKC,PHX,440,440,TRUE,TRUE
2022,401360994,2022-04-03,SA,POR,467,467,TRUE,TRUE
2022,401360989,2022-04-03,CLE,PHI,478,478,TRUE,TRUE
2022,401360990,2022-04-03,ORL,NY,457,457,TRUE,TRUE
2022,401360988,2022-04-03,IND,DET,481,481,TRUE,TRUE
2022,401360987,2022-04-03,LAL,DEN,459,459,TRUE,TRUE
2022,401360985,2022-04-03,BOS,WSH,406,406,TRUE,TRUE
2022,401360986,2022-04-03,MIL,DAL,466,466,TRUE,TRUE
2022,401360984,2022-04-02,GS,UTAH,445,445,TRUE,TRUE
2022,401360983,2022-04-02,CHI,MIA,440,440,TRUE,TRUE
2022,401360982,2022-04-02,ATL,BKN,512,512,TRUE,TRUE
2022,401360981,2022-04-02,NY,CLE,446,446,TRUE,TRUE
2022,401360980,2022-04-02,PHI,CHA,440,440,TRUE,TRUE
2022,401360979,2022-04-01,LAL,NO,465,465,TRUE,TRUE
2022,401360978,2022-04-01,DEN,MIN,487,487,TRUE,TRUE
2022,401360977,2022-04-01,SA,POR,463,463,TRUE,TRUE
2022,401360973,2022-04-01,HOU,SAC,482,482,TRUE,TRUE
2022,401360974,2022-04-01,MEM,PHX,492,492,TRUE,TRUE
2022,401360975,2022-04-01,MIL,LAC,444,444,TRUE,TRUE
2022,401360976,2022-04-01,OKC,DET,456,456,TRUE,TRUE
2022,401360972,2022-04-01,BOS,IND,444,444,TRUE,TRUE
2022,401360970,2022-04-01,ORL,TOR,415,415,TRUE,TRUE
2022,401360971,2022-04-01,WSH,DAL,443,443,TRUE,TRUE
2022,401360969,2022-03-31,UTAH,LAL,465,465,TRUE,TRUE
2022,401360968,2022-03-31,CHI,LAC,514,465,TRUE,TRUE
2022,401360967,2022-03-31,BKN,MIL,529,470,TRUE,TRUE
2022,401401145,2022-03-31,ATL,CLE,463,463,TRUE,TRUE
2022,401360966,2022-03-31,DET,PHI,408,408,TRUE,TRUE
2022,401360964,2022-03-30,GS,PHX,513,513,TRUE,TRUE
2022,401360965,2022-03-30,POR,NO,469,469,TRUE,TRUE
2022,401360963,2022-03-30,SA,MEM,436,436,TRUE,TRUE
2022,401360961,2022-03-30,HOU,SAC,518,518,TRUE,TRUE
2022,401360962,2022-03-30,OKC,ATL,449,449,TRUE,TRUE
2022,401360958,2022-03-30,BOS,MIA,464,464,TRUE,TRUE
2022,401360959,2022-03-30,NY,CHA,447,447,TRUE,TRUE
2022,401360960,2022-03-30,TOR,MIN,488,488,TRUE,TRUE
2022,401360955,2022-03-30,CLE,DAL,426,426,TRUE,TRUE
2022,401360956,2022-03-30,IND,DEN,437,437,TRUE,TRUE
2022,401360957,2022-03-30,WSH,ORL,472,472,TRUE,TRUE
2022,401360954,2022-03-29,LAC,UTAH,459,459,TRUE,TRUE
2022,401360952,2022-03-29,BKN,DET,454,454,TRUE,TRUE
2022,401360953,2022-03-29,DAL,LAL,442,442,TRUE,TRUE
2022,401360950,2022-03-29,PHI,MIL,455,455,TRUE,TRUE
2022,401360951,2022-03-29,WSH,CHI,417,417,TRUE,TRUE
2022,401360949,2022-03-28,POR,OKC,503,448,TRUE,TRUE
2022,401360947,2022-03-28,HOU,SA,502,502,TRUE,TRUE
2022,401360948,2022-03-28,MEM,GS,498,498,TRUE,TRUE
2022,401360944,2022-03-28,MIA,SAC,406,406,TRUE,TRUE
2022,401360945,2022-03-28,NY,CHI,493,493,TRUE,TRUE
2022,401360946,2022-03-28,TOR,BOS,512,457,TRUE,TRUE
2022,401360941,2022-03-28,CHA,DEN,477,477,TRUE,TRUE
2022,401360942,2022-03-28,CLE,ORL,434,434,TRUE,TRUE
2022,401360943,2022-03-28,IND,ATL,444,444,TRUE,TRUE
2022,401360939,2022-03-27,BKN,CHA,509,509,TRUE,TRUE
2022,401360940,2022-03-27,DAL,UTAH,422,422,TRUE,TRUE
2022,401360938,2022-03-27,NO,LAL,438,438,TRUE,TRUE
2022,401360935,2022-03-27,BOS,MIN,425,425,TRUE,TRUE
2022,401360936,2022-03-27,WSH,GS,487,487,TRUE,TRUE
2022,401360937,2022-03-27,PHX,PHI,457,457,TRUE,TRUE
2022,401360934,2022-03-27,DET,NY,446,446,TRUE,TRUE
2022,401360933,2022-03-26,POR,HOU,462,462,TRUE,TRUE
2022,401360932,2022-03-26,DEN,OKC,442,442,TRUE,TRUE
2022,401360929,2022-03-26,CLE,CHI,461,461,TRUE,TRUE
2022,401360930,2022-03-26,MIA,BKN,458,458,TRUE,TRUE
2022,401360931,2022-03-26,MEM,MIL,519,519,TRUE,TRUE
2022,401360928,2022-03-26,TOR,IND,408,408,TRUE,TRUE
2022,401360927,2022-03-26,ORL,SAC,485,444,TRUE,TRUE
2022,401360926,2022-03-26,NO,SA,467,467,TRUE,TRUE
2022,401360925,2022-03-25,LAC,PHI,469,469,TRUE,TRUE
2022,401360924,2022-03-25,POR,HOU,448,448,TRUE,TRUE
2022,401360922,2022-03-25,MIA,NY,444,444,TRUE,TRUE
2022,401360923,2022-03-25,MIN,DAL,458,458,TRUE,TRUE
2022,401360921,2022-03-25,ATL,GS,447,447,TRUE,TRUE
2022,401360919,2022-03-25,CHA,UTAH,441,441,TRUE,TRUE
2022,401360920,2022-03-25,DET,WSH,457,457,TRUE,TRUE
2022,401360918,2022-03-24,DEN,PHX,446,446,TRUE,TRUE
2022,401360915,2022-03-24,MEM,IND,471,471,TRUE,TRUE
2022,401360916,2022-03-24,MIL,WSH,428,428,TRUE,TRUE
2022,401360917,2022-03-24,NO,CHI,454,454,TRUE,TRUE
2022,401360914,2022-03-24,TOR,CLE,433,433,TRUE,TRUE
2022,401360912,2022-03-23,LAL,PHI,465,465,TRUE,TRUE
2022,401360913,2022-03-23,POR,SA,477,477,TRUE,TRUE
2022,401360911,2022-03-23,DAL,HOU,469,469,TRUE,TRUE
2022,401360909,2022-03-23,MIN,PHX,490,490,TRUE,TRUE
2022,401360910,2022-03-23,OKC,ORL,436,436,TRUE,TRUE
2022,401360906,2022-03-23,BOS,UTAH,420,420,TRUE,TRUE
2022,401360907,2022-03-23,MIA,GS,450,450,TRUE,TRUE
2022,401360908,2022-03-23,MEM,BKN,483,483,TRUE,TRUE
2022,401360903,2022-03-23,CHA,NY,424,424,TRUE,TRUE
2022,401360904,2022-03-23,DET,ATL,447,447,TRUE,TRUE
2022,401360905,2022-03-23,IND,SAC,430,430,TRUE,TRUE
2022,401360902,2022-03-22,DEN,LAC,426,426,TRUE,TRUE
2022,401360901,2022-03-22,MIL,CHI,440,440,TRUE,TRUE
2022,401360900,2022-03-22,NY,ATL,453,453,TRUE,TRUE
2022,401360899,2022-03-22,ORL,GS,448,448,TRUE,TRUE
2022,401360898,2022-03-21,DAL,MIN,474,474,TRUE,TRUE
2022,401360895,2022-03-21,CHI,TOR,451,451,TRUE,TRUE
2022,401360896,2022-03-21,HOU,WSH,431,431,TRUE,TRUE
2022,401360897,2022-03-21,OKC,BOS,455,455,TRUE,TRUE
2022,401360893,2022-03-21,PHI,MIA,418,418,TRUE,TRUE
2022,401360894,2022-03-21,BKN,UTAH,430,430,TRUE,TRUE
2022,401360890,2022-03-21,CHA,NO,438,438,TRUE,TRUE
2022,401360891,2022-03-21,CLE,LAL,435,435,TRUE,TRUE
2022,401360892,2022-03-21,DET,POR,542,542,TRUE,TRUE
2022,401360888,2022-03-20,PHI,TOR,457,457,TRUE,TRUE
2022,401360889,2022-03-20,GS,SA,507,507,TRUE,TRUE
2022,401360887,2022-03-20,DEN,BOS,423,423,TRUE,TRUE
2022,401360886,2022-03-20,NY,UTAH,437,437,TRUE,TRUE
2022,401360883,2022-03-20,ATL,NO,480,480,TRUE,TRUE
2022,401360884,2022-03-20,ORL,OKC,478,478,TRUE,TRUE
2022,401360885,2022-03-20,SAC,PHX,524,452,TRUE,TRUE
2022,401360881,2022-03-20,IND,POR,422,422,TRUE,TRUE
2022,401360882,2022-03-20,HOU,MEM,480,480,TRUE,TRUE
2022,401360879,2022-03-19,CLE,DET,451,451,TRUE,TRUE
2022,401360880,2022-03-19,WSH,LAL,442,442,TRUE,TRUE
2022,401360878,2022-03-19,CHA,DAL,458,458,TRUE,TRUE
2022,401360877,2022-03-19,MIN,MIL,479,479,TRUE,TRUE
2022,401360871,2022-03-18,SAC,BOS,431,431,TRUE,TRUE
2022,401360876,2022-03-18,PHX,CHI,454,454,TRUE,TRUE
2022,401360870,2022-03-18,UTAH,LAC,453,453,TRUE,TRUE
2022,401360869,2022-03-18,SA,NO,475,475,TRUE,TRUE
2022,401360867,2022-03-18,MIA,OKC,421,421,TRUE,TRUE
2022,401360868,2022-03-18,HOU,IND,485,485,TRUE,TRUE
2022,401360865,2022-03-18,NY,WSH,485,485,TRUE,TRUE
2022,401360866,2022-03-18,TOR,LAL,483,433,TRUE,TRUE
2022,401360872,2022-03-18,ATL,MEM,468,468,TRUE,TRUE
2022,401360873,2022-03-18,BKN,POR,491,491,TRUE,TRUE
2022,401360874,2022-03-18,CLE,DEN,497,442,TRUE,TRUE
2022,401360875,2022-03-18,PHI,DAL,425,425,TRUE,TRUE
2022,401360864,2022-03-17,ORL,DET,483,483,TRUE,TRUE
2022,401360863,2022-03-16,LAC,TOR,400,400,TRUE,TRUE
2022,401360861,2022-03-16,GS,BOS,445,445,TRUE,TRUE
2022,401360862,2022-03-16,SAC,MIL,491,491,TRUE,TRUE
2022,401360860,2022-03-16,UTAH,CHI,469,469,TRUE,TRUE
2022,401360859,2022-03-16,SA,OKC,486,486,TRUE,TRUE
2022,401360857,2022-03-16,HOU,PHX,431,431,TRUE,TRUE
2022,401360858,2022-03-16,MIN,LAL,524,524,TRUE,TRUE
2022,401360855,2022-03-16,BKN,DAL,434,434,TRUE,TRUE
2022,401360856,2022-03-16,NY,POR,462,462,TRUE,TRUE
2022,401360852,2022-03-16,CHA,ATL,452,452,TRUE,TRUE
2022,401360853,2022-03-16,CLE,PHI,446,446,TRUE,TRUE
2022,401360854,2022-03-16,WSH,DEN,453,453,TRUE,TRUE
2022,401360851,2022-03-15,NO,PHX,436,436,TRUE,TRUE
2022,401360850,2022-03-15,MIA,DET,455,455,TRUE,TRUE
2022,401360848,2022-03-15,IND,MEM,508,508,TRUE,TRUE
2022,401360849,2022-03-15,ORL,BKN,489,489,TRUE,TRUE
2022,401360847,2022-03-14,LAL,TOR,525,525,TRUE,TRUE
2022,401360844,2022-03-14,GS,WSH,442,442,TRUE,TRUE
2022,401360845,2022-03-14,SAC,CHI,457,457,TRUE,TRUE
2022,401360846,2022-03-14,UTAH,MIL,503,503,TRUE,TRUE
2022,401360843,2022-03-14,SA,MIN,495,495,TRUE,TRUE
2022,401360842,2022-03-14,OKC,CHA,457,457,TRUE,TRUE
2022,401360840,2022-03-14,ATL,POR,508,508,TRUE,TRUE
2022,401360841,2022-03-14,PHI,DEN,460,460,TRUE,TRUE
2022,401360839,2022-03-14,CLE,LAC,485,437,TRUE,TRUE
2022,401360838,2022-03-13,PHX,LAL,456,456,TRUE,TRUE
2022,401360835,2022-03-13,ATL,IND,458,458,TRUE,TRUE
2022,401360836,2022-03-13,NO,HOU,476,476,TRUE,TRUE
2022,401360837,2022-03-13,OKC,MEM,517,517,TRUE,TRUE
2022,401360834,2022-03-13,ORL,PHI,500,446,TRUE,TRUE
2022,401360833,2022-03-13,BOS,DAL,435,435,TRUE,TRUE
2022,401360832,2022-03-13,DET,LAC,423,423,TRUE,TRUE
2022,401360831,2022-03-13,BKN,NY,457,457,TRUE,TRUE
2022,401360830,2022-03-12,POR,WSH,442,442,TRUE,TRUE
2022,401360828,2022-03-12,DEN,TOR,467,467,TRUE,TRUE
2022,401360829,2022-03-12,UTAH,SAC,452,452,TRUE,TRUE
2022,401360827,2022-03-12,GS,MIL,468,468,TRUE,TRUE
2022,401360824,2022-03-12,MIA,MIN,491,491,TRUE,TRUE
2022,401360825,2022-03-12,CHI,CLE,440,440,TRUE,TRUE
2022,401360826,2022-03-12,SA,IND,467,467,TRUE,TRUE
2022,401360823,2022-03-11,LAL,WSH,474,474,TRUE,TRUE
2022,401360822,2022-03-11,PHX,TOR,459,459,TRUE,TRUE
2022,401360821,2022-03-11,SA,UTAH,540,540,TRUE,TRUE
2022,401360817,2022-03-11,MIA,CLE,470,470,TRUE,TRUE
2022,401360818,2022-03-11,HOU,DAL,462,462,TRUE,TRUE
2022,401360819,2022-03-11,MEM,NY,553,553,TRUE,TRUE
2022,401360820,2022-03-11,NO,CHA,457,457,TRUE,TRUE
2022,401360815,2022-03-11,ATL,LAC,424,424,TRUE,TRUE
2022,401360816,2022-03-11,BOS,DET,465,465,TRUE,TRUE
2022,401360814,2022-03-11,ORL,MIN,432,432,TRUE,TRUE
2022,401360813,2022-03-10,DEN,GS,476,476,TRUE,TRUE
2022,401360812,2022-03-10,PHI,BKN,478,478,TRUE,TRUE
2022,401360811,2022-03-09,LAC,WSH,426,426,TRUE,TRUE
2022,401360809,2022-03-09,UTAH,POR,459,459,TRUE,TRUE
2022,401360810,2022-03-09,SAC,DEN,450,450,TRUE,TRUE
2022,401360807,2022-03-09,DAL,NY,490,490,TRUE,TRUE
2022,401360808,2022-03-09,SA,TOR,457,457,TRUE,TRUE
2022,401360803,2022-03-09,MIL,ATL,455,455,TRUE,TRUE
2022,401360804,2022-03-09,HOU,LAL,526,494,TRUE,TRUE
2022,401360805,2022-03-09,MIN,OKC,461,461,TRUE,TRUE
2022,401360806,2022-03-09,NO,ORL,450,450,TRUE,TRUE
2022,401360802,2022-03-09,MIA,PHX,449,449,TRUE,TRUE
2022,401360800,2022-03-09,CHA,BOS,460,460,TRUE,TRUE
2022,401360801,2022-03-09,DET,CHI,427,427,TRUE,TRUE
2022,401360799,2022-03-08,GS,LAC,465,465,TRUE,TRUE
2022,401360798,2022-03-08,OKC,MIL,478,478,TRUE,TRUE
2022,401360797,2022-03-08,MEM,NO,493,493,TRUE,TRUE
2022,401360794,2022-03-08,CHA,BKN,476,476,TRUE,TRUE
2022,401360795,2022-03-08,IND,CLE,476,476,TRUE,TRUE
2022,401360796,2022-03-08,ORL,PHX,483,483,TRUE,TRUE
2022,401360793,2022-03-07,SAC,NY,468,468,TRUE,TRUE
2022,401401144,2022-03-07,DEN,GS,485,485,TRUE,TRUE
2022,401360791,2022-03-07,DAL,UTAH,457,457,TRUE,TRUE
2022,401360792,2022-03-07,SA,LAL,491,491,TRUE,TRUE
2022,401360790,2022-03-07,MIN,POR,549,549,TRUE,TRUE
2022,401360789,2022-03-07,MIA,HOU,458,458,TRUE,TRUE
2022,401360787,2022-03-07,DET,ATL,510,459,TRUE,TRUE
2022,401360788,2022-03-07,PHI,CHI,475,475,TRUE,TRUE
2022,401360785,2022-03-06,LAC,NY,475,475,TRUE,TRUE
2022,401360786,2022-03-06,DEN,NO,556,515,TRUE,TRUE
2022,401360781,2022-03-06,CLE,TOR,496,496,TRUE,TRUE
2022,401360783,2022-03-06,HOU,MEM,508,508,TRUE,TRUE
2022,401360784,2022-03-06,OKC,UTAH,455,455,TRUE,TRUE
2022,401360782,2022-03-06,WSH,IND,453,453,TRUE,TRUE
2022,401360780,2022-03-06,MIL,PHX,456,456,TRUE,TRUE
2022,401360779,2022-03-06,BOS,BKN,470,470,TRUE,TRUE
2022,401360778,2022-03-05,LAL,GS,481,481,TRUE,TRUE
2022,401360775,2022-03-05,MIA,PHI,430,430,TRUE,TRUE
2022,401360776,2022-03-05,MEM,ORL,443,443,TRUE,TRUE
2022,401360777,2022-03-05,MIN,POR,470,470,TRUE,TRUE
2022,401360774,2022-03-05,CHA,SA,485,485,TRUE,TRUE
2022,401360773,2022-03-05,DAL,SAC,494,494,TRUE,TRUE
2022,401360772,2022-03-04,PHX,NY,476,476,TRUE,TRUE
2022,401360771,2022-03-04,DEN,HOU,465,465,TRUE,TRUE
2022,401360769,2022-03-04,NO,UTAH,488,488,TRUE,TRUE
2022,401360770,2022-03-04,OKC,MIN,460,460,TRUE,TRUE
2022,401360768,2022-03-04,CHI,MIL,496,496,TRUE,TRUE
2022,401401142,2022-03-04,TOR,ORL,475,475,TRUE,TRUE
2022,401360765,2022-03-04,DET,IND,516,516,TRUE,TRUE
2022,401360766,2022-03-04,PHI,CLE,438,438,TRUE,TRUE
2022,401360767,2022-03-04,WSH,ATL,461,461,TRUE,TRUE
2022,401360764,2022-03-03,LAC,LAL,438,438,TRUE,TRUE
2022,401360762,2022-03-03,DAL,GS,423,423,TRUE,TRUE
2022,401360763,2022-03-03,SA,SAC,488,488,TRUE,TRUE
2022,401360759,2022-03-03,BOS,MEM,443,443,TRUE,TRUE
2022,401360760,2022-03-03,BKN,MIA,459,459,TRUE,TRUE
2022,401360761,2022-03-03,TOR,DET,481,481,TRUE,TRUE
2022,401360529,2022-03-03,ATL,CHI,413,413,TRUE,TRUE
2022,401360758,2022-03-02,PHX,POR,454,454,TRUE,TRUE
2022,401360757,2022-03-02,DEN,OKC,447,447,TRUE,TRUE
2022,401360754,2022-03-02,HOU,UTAH,502,436,TRUE,TRUE
2022,401360755,2022-03-02,MIL,MIA,475,475,TRUE,TRUE
2022,401360756,2022-03-02,NO,SAC,462,462,TRUE,TRUE
2022,401360753,2022-03-02,PHI,NY,483,483,TRUE,TRUE
2022,401360751,2022-03-02,CLE,CHA,446,446,TRUE,TRUE
2022,401360752,2022-03-02,ORL,IND,526,473,TRUE,TRUE
2022,401360750,2022-03-01,LAL,DAL,455,455,TRUE,TRUE
2022,401360748,2022-03-01,HOU,LAC,470,470,TRUE,TRUE
2022,401360749,2022-03-01,MIN,GS,473,473,TRUE,TRUE
2022,401360746,2022-03-01,BOS,ATL,431,431,TRUE,TRUE
2022,401360747,2022-03-01,TOR,BKN,461,461,TRUE,TRUE
2022,401360745,2022-03-01,WSH,DET,467,467,TRUE,TRUE
2022,401360742,2022-02-28,MEM,SA,490,490,TRUE,TRUE
2022,401360743,2022-02-28,MIL,CHA,539,539,TRUE,TRUE
2022,401360744,2022-02-28,OKC,SAC,487,487,TRUE,TRUE
2022,401360545,2022-02-28,BKN,TOR,492,492,TRUE,TRUE
2022,401360741,2022-02-28,MIA,CHI,445,445,TRUE,TRUE
2022,401360739,2022-02-28,CLE,MIN,462,462,TRUE,TRUE
2022,401360740,2022-02-28,ORL,IND,462,462,TRUE,TRUE
2022,401360738,2022-02-27,LAL,NO,484,484,TRUE,TRUE
2022,401360737,2022-02-27,POR,DEN,483,483,TRUE,TRUE
2022,401360736,2022-02-27,GS,DAL,479,479,TRUE,TRUE
2022,401360734,2022-02-27,CHA,DET,545,496,TRUE,TRUE
2022,401360735,2022-02-27,HOU,LAC,477,477,TRUE,TRUE
2022,401360733,2022-02-27,IND,BOS,462,462,TRUE,TRUE
2022,401360732,2022-02-27,PHX,UTAH,446,446,TRUE,TRUE
2022,401360731,2022-02-27,NY,PHI,499,499,TRUE,TRUE
2022,401360730,2022-02-26,DEN,SAC,492,492,TRUE,TRUE
2022,401360729,2022-02-26,MIL,BKN,540,540,TRUE,TRUE
2022,401360726,2022-02-26,CLE,WSH,436,436,TRUE,TRUE
2022,401360727,2022-02-26,MIA,SA,486,486,TRUE,TRUE
2022,401360728,2022-02-26,CHI,MEM,520,520,TRUE,TRUE
2022,401360725,2022-02-26,ATL,TOR,466,466,TRUE,TRUE
2022,401360724,2022-02-26,DET,BOS,454,454,TRUE,TRUE
2022,401360723,2022-02-25,LAL,LAC,461,461,TRUE,TRUE
2022,401360721,2022-02-25,PHX,NO,487,487,TRUE,TRUE
2022,401360722,2022-02-25,UTAH,DAL,411,411,TRUE,TRUE
2022,401360720,2022-02-25,MIN,PHI,488,488,TRUE,TRUE
2022,401360719,2022-02-25,NY,MIA,490,490,TRUE,TRUE
2022,401360715,2022-02-25,CHA,TOR,448,448,TRUE,TRUE
2022,401360716,2022-02-25,IND,OKC,528,478,TRUE,TRUE
2022,401360717,2022-02-25,ORL,HOU,483,483,TRUE,TRUE
2022,401360718,2022-02-25,WSH,SA,593,491,TRUE,TRUE
2022,401360713,2022-02-24,POR,GS,482,482,TRUE,TRUE
2022,401360714,2022-02-24,SAC,DEN,439,439,TRUE,TRUE
2022,401360710,2022-02-24,CHI,ATL,480,480,TRUE,TRUE
2022,401360711,2022-02-24,MIN,MEM,545,545,TRUE,TRUE
2022,401360712,2022-02-24,OKC,PHX,443,443,TRUE,TRUE
2022,401360709,2022-02-24,BKN,BOS,471,471,TRUE,TRUE
2022,401360708,2022-02-24,DET,CLE,473,473,TRUE,TRUE
2022,401360707,2022-02-17,LAC,HOU,459,459,TRUE,TRUE
2022,401360706,2022-02-17,MIL,PHI,496,496,TRUE,TRUE
2022,401360705,2022-02-17,NO,DAL,447,447,TRUE,TRUE
2022,401401136,2022-02-17,BKN,WSH,461,461,TRUE,TRUE
2022,401360704,2022-02-17,CHA,MIA,551,457,TRUE,TRUE
2022,401360702,2022-02-16,GS,DEN,482,482,TRUE,TRUE
2022,401360703,2022-02-16,LAL,UTAH,449,449,TRUE,TRUE
2022,401360701,2022-02-16,PHX,HOU,500,500,TRUE,TRUE
2022,401360697,2022-02-16,CHI,SAC,439,439,TRUE,TRUE
2022,401360698,2022-02-16,MEM,POR,507,507,TRUE,TRUE
2022,401360699,2022-02-16,MIN,TOR,459,459,TRUE,TRUE
2022,401360700,2022-02-16,OKC,SA,528,528,TRUE,TRUE
2022,401360694,2022-02-16,BOS,DET,421,421,TRUE,TRUE
2022,401360695,2022-02-16,IND,WSH,464,464,TRUE,TRUE
2022,401360696,2022-02-16,NY,BKN,465,465,TRUE,TRUE
2022,401360693,2022-02-16,ORL,ATL,458,458,TRUE,TRUE
2022,401360692,2022-02-15,PHX,LAC,436,436,TRUE,TRUE
2022,401360689,2022-02-15,MIL,IND,487,487,TRUE,TRUE
2022,401360690,2022-02-15,MIN,CHA,622,541,TRUE,TRUE
2022,401360691,2022-02-15,NO,MEM,497,497,TRUE,TRUE
2022,401360686,2022-02-15,ATL,CLE,423,423,TRUE,TRUE
2022,401360687,2022-02-15,MIA,DAL,475,475,TRUE,TRUE
2022,401360688,2022-02-15,PHI,BOS,448,448,TRUE,TRUE
2022,401360685,2022-02-14,LAC,GS,415,415,TRUE,TRUE
2022,401360683,2022-02-14,DEN,ORL,471,471,TRUE,TRUE
2022,401360684,2022-02-14,UTAH,HOU,461,461,TRUE,TRUE
2022,401360680,2022-02-14,CHI,SA,462,462,TRUE,TRUE
2022,401360681,2022-02-14,MIL,POR,491,491,TRUE,TRUE
2022,401360682,2022-02-14,NO,TOR,462,462,TRUE,TRUE
2022,401360678,2022-02-14,BKN,SAC,469,469,TRUE,TRUE
2022,401360679,2022-02-14,NY,OKC,542,473,TRUE,TRUE
2022,401360677,2022-02-14,WSH,DET,453,453,TRUE,TRUE
2022,401360676,2022-02-13,IND,MIN,486,486,TRUE,TRUE
2022,401360675,2022-02-13,BOS,ATL,458,458,TRUE,TRUE
2022,401360674,2022-02-12,PHX,ORL,440,440,TRUE,TRUE
2022,401360672,2022-02-12,DAL,LAC,437,437,TRUE,TRUE
2022,401360673,2022-02-12,GS,LAL,523,523,TRUE,TRUE
2022,401360670,2022-02-12,MIA,BKN,473,473,TRUE,TRUE
2022,401360671,2022-02-12,CHI,OKC,482,482,TRUE,TRUE
2022,401360668,2022-02-12,PHI,CLE,424,424,TRUE,TRUE
2022,401360669,2022-02-12,TOR,DEN,434,434,TRUE,TRUE
2022,401360665,2022-02-12,CHA,MEM,560,560,TRUE,TRUE
2022,401360666,2022-02-12,WSH,SAC,444,444,TRUE,TRUE
2022,401360667,2022-02-12,NO,SA,451,451,TRUE,TRUE
2022,401360664,2022-02-12,POR,NY,469,469,TRUE,TRUE
2022,401360663,2022-02-11,UTAH,ORL,450,450,TRUE,TRUE
2022,401360662,2022-02-11,CHI,MIN,423,423,TRUE,TRUE
2022,401360660,2022-02-11,ATL,SA,477,477,TRUE,TRUE
2022,401360661,2022-02-11,BOS,DEN,494,494,TRUE,TRUE
2022,401360657,2022-02-11,DET,CHA,495,495,TRUE,TRUE
2022,401360658,2022-02-11,IND,CLE,460,460,TRUE,TRUE
2022,401360659,2022-02-11,PHI,OKC,486,486,TRUE,TRUE
2022,401360655,2022-02-10,PHX,MIL,493,493,TRUE,TRUE
2022,401360656,2022-02-10,GS,NY,489,489,TRUE,TRUE
2022,401360654,2022-02-10,DAL,LAC,448,448,TRUE,TRUE
2022,401360653,2022-02-10,HOU,TOR,484,484,TRUE,TRUE
2022,401360651,2022-02-10,WSH,BKN,461,461,TRUE,TRUE
2022,401360652,2022-02-10,NO,MIA,458,458,TRUE,TRUE
2022,401360650,2022-02-10,DET,MEM,513,513,TRUE,TRUE
2022,401360647,2022-02-09,UTAH,GS,448,448,TRUE,TRUE
2022,401360648,2022-02-09,POR,LAL,409,409,TRUE,TRUE
2022,401360649,2022-02-09,SAC,MIN,485,485,TRUE,TRUE
2022,401360646,2022-02-09,OKC,TOR,432,432,TRUE,TRUE
2022,401360645,2022-02-09,CHA,CHI,441,441,TRUE,TRUE
2022,401360644,2022-02-09,CLE,SA,471,471,TRUE,TRUE
2022,401360641,2022-02-08,LAL,MIL,496,496,TRUE,TRUE
2022,401360642,2022-02-08,POR,ORL,446,446,TRUE,TRUE
2022,401360643,2022-02-08,SAC,MIN,488,488,TRUE,TRUE
2022,401360640,2022-02-08,DEN,NY,469,469,TRUE,TRUE
2022,401360639,2022-02-08,DAL,DET,447,447,TRUE,TRUE
2022,401360637,2022-02-08,MEM,LAC,495,495,TRUE,TRUE
2022,401360638,2022-02-08,NO,HOU,486,486,TRUE,TRUE
2022,401360635,2022-02-08,ATL,IND,472,472,TRUE,TRUE
2022,401360636,2022-02-08,BKN,BOS,455,455,TRUE,TRUE
2022,401360634,2022-02-08,PHI,PHX,461,461,TRUE,TRUE
2022,401360633,2022-02-07,UTAH,NY,524,524,TRUE,TRUE
2022,401360631,2022-02-07,CHI,PHX,465,465,TRUE,TRUE
2022,401360632,2022-02-07,OKC,GS,455,455,TRUE,TRUE
2022,401360629,2022-02-07,CHA,TOR,463,463,TRUE,TRUE
2022,401360630,2022-02-07,WSH,MIA,429,429,TRUE,TRUE
2022,401360628,2022-02-06,LAC,MIL,463,463,TRUE,TRUE
2022,401360627,2022-02-06,HOU,NO,458,458,TRUE,TRUE
2022,401360624,2022-02-06,CLE,IND,483,483,TRUE,TRUE
2022,401360625,2022-02-06,ORL,BOS,458,458,TRUE,TRUE
2022,401360626,2022-02-06,DAL,ATL,463,463,TRUE,TRUE
2022,401360621,2022-02-06,CHI,PHI,422,422,TRUE,TRUE
2022,401360622,2022-02-06,MIN,DET,472,472,TRUE,TRUE
2022,401360623,2022-02-06,DEN,BKN,464,464,TRUE,TRUE
2022,401360619,2022-02-05,POR,MIL,455,455,TRUE,TRUE
2022,401360620,2022-02-05,SAC,OKC,433,433,TRUE,TRUE
2022,401360618,2022-02-05,LAL,NY,551,501,TRUE,TRUE
2022,401360616,2022-02-05,CHA,MIA,448,448,TRUE,TRUE
2022,401360617,2022-02-05,WSH,PHX,455,455,TRUE,TRUE
2022,401360615,2022-02-05,ORL,MEM,491,491,TRUE,TRUE
2022,401360610,2022-02-04,DAL,PHI,422,422,TRUE,TRUE
2022,401360614,2022-02-04,POR,OKC,493,493,TRUE,TRUE
2022,401360612,2022-02-04,UTAH,BKN,439,439,TRUE,TRUE
2022,401360613,2022-02-04,DEN,NO,416,416,TRUE,TRUE
2022,401360611,2022-02-04,SA,HOU,461,461,TRUE,TRUE
2022,401360609,2022-02-04,TOR,ATL,424,424,TRUE,TRUE
2022,401360606,2022-02-04,CHA,CLE,458,458,TRUE,TRUE
2022,401360607,2022-02-04,DET,BOS,490,490,TRUE,TRUE
2022,401360608,2022-02-04,IND,CHI,451,451,TRUE,TRUE
2022,401360604,2022-02-03,GS,SAC,427,427,TRUE,TRUE
2022,401360605,2022-02-03,LAC,LAL,441,441,TRUE,TRUE
2022,401360602,2022-02-03,ATL,PHX,434,434,TRUE,TRUE
2022,401401141,2022-02-03,TOR,CHI,505,466,TRUE,TRUE
2022,401360601,2022-02-03,DET,MIN,475,475,TRUE,TRUE
2022,401401143,2022-02-03,SA,MIA,473,473,TRUE,TRUE
2022,401360600,2022-02-02,LAL,POR,508,508,TRUE,TRUE
2022,401360598,2022-02-02,UTAH,DEN,416,416,TRUE,TRUE
2022,401360599,2022-02-02,SAC,BKN,441,441,TRUE,TRUE
2022,401360597,2022-02-02,DAL,OKC,483,436,TRUE,TRUE
2022,401360596,2022-02-02,HOU,CLE,489,489,TRUE,TRUE
2022,401360594,2022-02-02,BOS,CHA,452,452,TRUE,TRUE
2022,401360595,2022-02-02,NY,MEM,498,498,TRUE,TRUE
2022,401360592,2022-02-02,IND,ORL,498,498,TRUE,TRUE
2022,401360593,2022-02-02,PHI,WSH,444,444,TRUE,TRUE
2022,401360591,2022-02-01,PHX,BKN,449,449,TRUE,TRUE
2022,401360590,2022-02-01,SA,GS,443,443,TRUE,TRUE
2022,401360588,2022-02-01,CHI,ORL,439,439,TRUE,TRUE
2022,401360589,2022-02-01,MIN,DEN,467,467,TRUE,TRUE
2022,401360587,2022-02-01,MIL,WSH,435,435,TRUE,TRUE
2022,401360603,2022-02-01,TOR,MIA,458,458,TRUE,TRUE
2022,401360585,2022-02-01,DET,NO,475,475,TRUE,TRUE
2022,401360583,2022-01-31,HOU,GS,466,466,TRUE,TRUE
2022,401360584,2022-01-31,OKC,POR,423,423,TRUE,TRUE
2022,401360581,2022-01-31,BOS,MIA,449,449,TRUE,TRUE
2022,401360582,2022-01-31,NY,SAC,465,465,TRUE,TRUE
2022,401360586,2022-01-31,ATL,TOR,423,423,TRUE,TRUE
2022,401360578,2022-01-31,CLE,NO,460,460,TRUE,TRUE
2022,401360579,2022-01-31,IND,LAC,435,435,TRUE,TRUE
2022,401360580,2022-01-31,PHI,MEM,535,479,TRUE,TRUE
2022,401360576,2022-01-30,MIN,UTAH,456,456,TRUE,TRUE
2022,401360577,2022-01-30,PHX,SA,440,440,TRUE,TRUE
2022,401360574,2022-01-30,ORL,DAL,438,438,TRUE,TRUE
2022,401360575,2022-01-30,MIL,DEN,408,408,TRUE,TRUE
2022,401360573,2022-01-30,DET,CLE,463,463,TRUE,TRUE
2022,401360572,2022-01-30,CHI,POR,410,410,TRUE,TRUE
2022,401360570,2022-01-30,ATL,LAL,467,467,TRUE,TRUE
2022,401360571,2022-01-30,CHA,LAC,477,477,TRUE,TRUE
2022,401360569,2022-01-29,GS,BKN,506,506,TRUE,TRUE
2022,401360567,2022-01-29,MIA,TOR,568,440,TRUE,TRUE
2022,401360568,2022-01-29,MEM,WSH,460,460,TRUE,TRUE
2022,401360566,2022-01-29,PHI,SAC,437,437,TRUE,TRUE
2022,401360564,2022-01-29,NO,BOS,426,426,TRUE,TRUE
2022,401360565,2022-01-29,DAL,IND,478,478,TRUE,TRUE
2022,401360563,2022-01-28,MIL,NY,497,497,TRUE,TRUE
2022,401360562,2022-01-28,PHX,MIN,489,489,TRUE,TRUE
2022,401360561,2022-01-28,SA,CHI,447,447,TRUE,TRUE
2022,401360548,2022-01-28,NO,DEN,478,478,TRUE,TRUE
2022,401360557,2022-01-28,MIA,LAC,487,487,TRUE,TRUE
2022,401360558,2022-01-28,HOU,POR,442,442,TRUE,TRUE
2022,401360559,2022-01-28,MEM,UTAH,452,452,TRUE,TRUE
2022,401360560,2022-01-28,OKC,IND,527,463,TRUE,TRUE
2022,401360554,2022-01-28,CHA,LAL,485,485,TRUE,TRUE
2022,401360556,2022-01-28,ATL,BOS,480,480,TRUE,TRUE
2022,401360555,2022-01-28,ORL,DET,475,475,TRUE,TRUE
2022,401360553,2022-01-27,GS,MIN,473,473,TRUE,TRUE
2022,401360552,2022-01-27,PHI,LAL,440,440,TRUE,TRUE
2022,401360550,2022-01-26,UTAH,PHX,463,463,TRUE,TRUE
2022,401360551,2022-01-26,POR,DAL,443,443,TRUE,TRUE
2022,401360547,2022-01-26,SA,MEM,485,485,TRUE,TRUE
2022,401401134,2022-01-26,BKN,DEN,472,472,TRUE,TRUE
2022,401401140,2022-01-26,CHI,TOR,457,457,TRUE,TRUE
2022,401360544,2022-01-26,ATL,SAC,455,455,TRUE,TRUE
2022,401360546,2022-01-26,MIA,NY,439,439,TRUE,TRUE
2022,401360541,2022-01-26,CLE,MIL,450,450,TRUE,TRUE
2022,401360542,2022-01-26,IND,CHA,525,525,TRUE,TRUE
2022,401360543,2022-01-26,ORL,LAC,450,450,TRUE,TRUE
2022,401360539,2022-01-25,GS,DAL,453,453,TRUE,TRUE
2022,401360540,2022-01-25,POR,MIN,492,492,TRUE,TRUE
2022,401360538,2022-01-25,HOU,SA,464,464,TRUE,TRUE
2022,401360536,2022-01-25,BOS,SAC,453,453,TRUE,TRUE
2022,401360537,2022-01-25,BKN,LAL,454,454,TRUE,TRUE
2022,401360533,2022-01-25,DET,DEN,488,488,TRUE,TRUE
2022,401360534,2022-01-25,TOR,CHA,462,462,TRUE,TRUE
2022,401360535,2022-01-25,WSH,LAC,516,516,TRUE,TRUE
2022,401401137,2022-01-25,PHI,NO,455,455,TRUE,TRUE
2022,401360532,2022-01-24,PHX,UTAH,454,454,TRUE,TRUE
2022,401360531,2022-01-24,NO,IND,508,508,TRUE,TRUE
2022,401360549,2022-01-24,OKC,CHI,495,495,TRUE,TRUE
2022,401360528,2022-01-24,CLE,NY,456,456,TRUE,TRUE
2022,401360527,2022-01-23,GS,UTAH,421,421,TRUE,TRUE
2022,401360525,2022-01-23,MIN,BKN,490,490,TRUE,TRUE
2022,401360526,2022-01-23,DEN,DET,451,451,TRUE,TRUE
2022,401360524,2022-01-23,DAL,MEM,498,498,TRUE,TRUE
2022,401360522,2022-01-23,CHA,ATL,491,491,TRUE,TRUE
2022,401360523,2022-01-23,SA,PHI,445,445,TRUE,TRUE
2022,401360519,2022-01-23,MIA,LAL,483,483,TRUE,TRUE
2022,401360520,2022-01-23,ORL,CHI,471,471,TRUE,TRUE
2022,401360521,2022-01-23,TOR,POR,464,464,TRUE,TRUE
2022,401360518,2022-01-23,WSH,BOS,462,462,TRUE,TRUE
2022,401360517,2022-01-23,NY,LAC,460,460,TRUE,TRUE
2022,401360516,2022-01-22,PHX,IND,458,458,TRUE,TRUE
2022,401360514,2022-01-22,CLE,OKC,503,503,TRUE,TRUE
2022,401360515,2022-01-22,MIL,SAC,470,470,TRUE,TRUE
2022,401360513,2022-01-21,GS,HOU,459,459,TRUE,TRUE
2022,401360511,2022-01-21,DEN,MEM,500,500,TRUE,TRUE
2022,401360512,2022-01-21,UTAH,DET,459,459,TRUE,TRUE
2022,401360510,2022-01-21,SA,BKN,473,473,TRUE,TRUE
2022,401360508,2022-01-21,WSH,TOR,418,418,TRUE,TRUE
2022,401360509,2022-01-21,MIL,CHI,487,487,TRUE,TRUE
2022,401360506,2022-01-21,ATL,MIA,425,425,TRUE,TRUE
2022,401360507,2022-01-21,BOS,POR,458,458,TRUE,TRUE
2022,401360503,2022-01-21,CHA,OKC,491,491,TRUE,TRUE
2022,401360504,2022-01-21,ORL,LAL,477,477,TRUE,TRUE
2022,401360505,2022-01-21,PHI,LAC,454,454,TRUE,TRUE
2022,401360502,2022-01-20,GS,IND,567,501,TRUE,TRUE
2022,401360500,2022-01-20,NY,NO,460,460,TRUE,TRUE
2022,401360501,2022-01-20,DAL,PHX,465,465,TRUE,TRUE
2022,401360499,2022-01-19,LAL,IND,462,462,TRUE,TRUE
2022,401360497,2022-01-19,DEN,LAC,484,429,TRUE,TRUE
2022,401360498,2022-01-19,SAC,DET,488,488,TRUE,TRUE
2022,401360496,2022-01-19,UTAH,HOU,457,457,TRUE,TRUE
2022,401360494,2022-01-19,DAL,TOR,463,463,TRUE,TRUE
2022,401360495,2022-01-19,SA,OKC,470,470,TRUE,TRUE
2022,401360492,2022-01-19,CHI,CLE,426,426,TRUE,TRUE
2022,401360493,2022-01-19,MIL,MEM,526,526,TRUE,TRUE
2022,401360489,2022-01-19,ATL,MIN,498,498,TRUE,TRUE
2022,401360490,2022-01-19,BOS,CHA,452,452,TRUE,TRUE
2022,401360491,2022-01-19,MIA,POR,452,452,TRUE,TRUE
2022,401360487,2022-01-19,PHI,ORL,434,434,TRUE,TRUE
2022,401360488,2022-01-19,WSH,BKN,462,462,TRUE,TRUE
2022,401360486,2022-01-18,GS,DET,481,481,TRUE,TRUE
2022,401360485,2022-01-18,NY,MIN,517,517,TRUE,TRUE
2022,401360484,2022-01-17,LAL,UTAH,469,469,TRUE,TRUE
2022,401360482,2022-01-17,DAL,OKC,484,484,TRUE,TRUE
2022,401360483,2022-01-17,SA,PHX,466,466,TRUE,TRUE
2022,401360481,2022-01-17,MIA,TOR,450,450,TRUE,TRUE
2022,401360480,2022-01-17,ORL,POR,485,485,TRUE,TRUE
2022,401360479,2022-01-17,ATL,MIL,491,491,TRUE,TRUE
2022,401360477,2022-01-17,MEM,CHI,468,468,TRUE,TRUE
2022,401360478,2022-01-17,LAC,IND,479,479,TRUE,TRUE
2022,401360476,2022-01-17,CLE,BKN,438,438,TRUE,TRUE
2022,401360475,2022-01-17,WSH,PHI,480,480,TRUE,TRUE
2022,401360474,2022-01-17,NY,CHA,433,433,TRUE,TRUE
2022,401360473,2022-01-17,BOS,NO,424,424,TRUE,TRUE
2022,401360471,2022-01-16,MIN,GS,465,465,TRUE,TRUE
2022,401360472,2022-01-16,DEN,UTAH,444,444,TRUE,TRUE
2022,401360470,2022-01-16,SAC,HOU,464,464,TRUE,TRUE
2022,401360436,2022-01-16,DET,PHX,475,475,TRUE,TRUE
2022,401360469,2022-01-15,DAL,ORL,445,445,TRUE,TRUE
2022,401360468,2022-01-15,DEN,LAL,414,414,TRUE,TRUE
2022,401360466,2022-01-15,BOS,CHI,421,421,TRUE,TRUE
2022,401360467,2022-01-15,SA,LAC,471,471,TRUE,TRUE
2022,401360464,2022-01-15,MIA,PHI,457,457,TRUE,TRUE
2022,401360465,2022-01-15,OKC,CLE,447,447,TRUE,TRUE
2022,401360462,2022-01-15,ATL,NY,423,423,TRUE,TRUE
2022,401360463,2022-01-15,BKN,NO,454,454,TRUE,TRUE
2022,401360461,2022-01-15,WSH,POR,502,502,TRUE,TRUE
2022,401360460,2022-01-15,MIL,TOR,493,493,TRUE,TRUE
2022,401360458,2022-01-14,MEM,DAL,463,463,TRUE,TRUE
2022,401360459,2022-01-14,SAC,HOU,505,505,TRUE,TRUE
2022,401360457,2022-01-14,SA,CLE,477,477,TRUE,TRUE
2022,401360455,2022-01-14,MIA,ATL,462,462,TRUE,TRUE
2022,401360456,2022-01-14,CHI,GS,437,437,TRUE,TRUE
2022,401360451,2022-01-14,CHA,ORL,468,468,TRUE,TRUE
2022,401360452,2022-01-14,DET,TOR,478,478,TRUE,TRUE
2022,401360453,2022-01-14,IND,PHX,464,464,TRUE,TRUE
2022,401360454,2022-01-14,PHI,BOS,437,437,TRUE,TRUE
2022,401360450,2022-01-13,DEN,POR,440,440,TRUE,TRUE
2022,401360449,2022-01-13,BKN,OKC,468,468,TRUE,TRUE
2022,401360447,2022-01-13,MEM,MIN,505,505,TRUE,TRUE
2022,401360448,2022-01-13,NO,LAC,444,444,TRUE,TRUE
2022,401360446,2022-01-13,MIL,GS,482,482,TRUE,TRUE
2022,401360444,2022-01-12,CHI,BKN,460,460,TRUE,TRUE
2022,401360445,2022-01-12,SAC,LAL,475,475,TRUE,TRUE
2022,401360443,2022-01-12,UTAH,CLE,418,418,TRUE,TRUE
2022,401360442,2022-01-12,SA,HOU,513,513,TRUE,TRUE
2022,401360440,2022-01-12,ATL,MIA,449,449,TRUE,TRUE
2022,401360441,2022-01-12,NY,DAL,439,439,TRUE,TRUE
2022,401360437,2022-01-12,IND,BOS,451,451,TRUE,TRUE
2022,401360438,2022-01-12,PHI,CHA,423,423,TRUE,TRUE
2022,401360439,2022-01-12,WSH,ORL,453,453,TRUE,TRUE
2022,401360435,2022-01-11,LAC,DEN,438,438,TRUE,TRUE
2022,401360433,2022-01-11,MEM,GS,490,490,TRUE,TRUE
2022,401360434,2022-01-11,NO,MIN,503,503,TRUE,TRUE
2022,401401138,2022-01-11,CHI,DET,489,489,TRUE,TRUE
2022,401360432,2022-01-11,TOR,PHX,461,461,TRUE,TRUE
2022,401360431,2022-01-11,WSH,OKC,459,459,TRUE,TRUE
2022,401360430,2022-01-10,SAC,CLE,455,455,TRUE,TRUE
2022,401401133,2022-01-10,POR,BKN,463,463,TRUE,TRUE
2022,401360530,2022-01-10,HOU,PHI,458,458,TRUE,TRUE
2022,401360428,2022-01-10,BOS,IND,514,453,TRUE,TRUE
2022,401360429,2022-01-10,NY,SA,462,462,TRUE,TRUE
2022,401360426,2022-01-10,CHA,MIL,475,475,TRUE,TRUE
2022,401360427,2022-01-10,DET,UTAH,431,431,TRUE,TRUE
2022,401360425,2022-01-09,LAL,MEM,500,500,TRUE,TRUE
2022,401360424,2022-01-09,POR,SAC,460,460,TRUE,TRUE
2022,401360423,2022-01-09,GS,CLE,443,443,TRUE,TRUE
2022,401360422,2022-01-09,DAL,CHI,415,415,TRUE,TRUE
2022,401360419,2022-01-09,HOU,MIN,512,512,TRUE,TRUE
2022,401360420,2022-01-09,OKC,DEN,429,429,TRUE,TRUE
2022,401360417,2022-01-09,ORL,WSH,483,483,TRUE,TRUE
2022,401360418,2022-01-09,TOR,NO,432,432,TRUE,TRUE
2022,401360416,2022-01-09,LAC,ATL,416,416,TRUE,TRUE
2022,401360421,2022-01-09,BKN,SA,531,481,TRUE,TRUE
2022,401360415,2022-01-08,PHX,MIA,457,457,TRUE,TRUE
2022,401360414,2022-01-08,BOS,NY,406,406,TRUE,TRUE
2022,401360411,2022-01-08,CHA,MIL,512,512,TRUE,TRUE
2022,401360412,2022-01-08,DET,ORL,461,461,TRUE,TRUE
2022,401360413,2022-01-08,IND,UTAH,447,447,TRUE,TRUE
2022,401360410,2022-01-08,LAC,MEM,529,529,TRUE,TRUE
2022,401360408,2022-01-07,LAL,ATL,504,504,TRUE,TRUE
2022,401360409,2022-01-07,POR,CLE,450,450,TRUE,TRUE
2022,401360407,2022-01-07,DEN,SAC,459,459,TRUE,TRUE
2022,401360404,2022-01-07,CHI,WSH,456,456,TRUE,TRUE
2022,401360405,2022-01-07,HOU,DAL,493,493,TRUE,TRUE
2022,401360406,2022-01-07,OKC,MIN,488,488,TRUE,TRUE
2022,401360402,2022-01-07,BKN,MIL,475,475,TRUE,TRUE
2022,401360403,2022-01-07,TOR,UTAH,477,477,TRUE,TRUE
2022,401360401,2022-01-07,PHI,SA,481,481,TRUE,TRUE
2022,401360400,2022-01-06,PHX,LAC,478,478,TRUE,TRUE
2022,401360398,2022-01-06,MEM,DET,493,493,TRUE,TRUE
2022,401360399,2022-01-06,NO,GS,490,490,TRUE,TRUE
2022,401360397,2022-01-06,NY,BOS,417,417,TRUE,TRUE
2022,401360394,2022-01-05,DEN,UTAH,440,440,TRUE,TRUE
2022,401360395,2022-01-05,POR,MIA,474,474,TRUE,TRUE
2022,401360396,2022-01-05,SAC,ATL,484,484,TRUE,TRUE
2022,401360392,2022-01-05,MIL,TOR,489,489,TRUE,TRUE
2022,401360393,2022-01-05,MIN,OKC,473,473,TRUE,TRUE
2022,401360389,2022-01-05,BOS,SA,420,420,TRUE,TRUE
2022,401360390,2022-01-05,IND,BKN,452,452,TRUE,TRUE
2022,401360391,2022-01-05,DAL,GS,478,478,TRUE,TRUE
2022,401360386,2022-01-05,CHA,DET,451,451,TRUE,TRUE
2022,401360387,2022-01-05,ORL,PHI,478,478,TRUE,TRUE
2022,401360388,2022-01-05,WSH,HOU,508,508,TRUE,TRUE
2022,401360385,2022-01-04,LAL,SAC,464,464,TRUE,TRUE
2022,401360384,2022-01-04,NO,PHX,469,469,TRUE,TRUE
2022,401360383,2022-01-04,NY,IND,453,453,TRUE,TRUE
2022,401360381,2022-01-04,CLE,MEM,473,473,TRUE,TRUE
2022,401360382,2022-01-04,TOR,SA,506,506,TRUE,TRUE
2022,401360380,2022-01-03,LAC,MIN,403,403,TRUE,TRUE
2022,401360378,2022-01-03,GS,MIA,461,461,TRUE,TRUE
2022,401360379,2022-01-03,POR,ATL,453,453,TRUE,TRUE
2022,401360377,2022-01-03,DAL,DEN,461,461,TRUE,TRUE
2022,401360374,2022-01-03,CHI,ORL,458,458,TRUE,TRUE
2022,401360375,2022-01-03,MIL,DET,463,463,TRUE,TRUE
2022,401360376,2022-01-03,NO,UTAH,477,477,TRUE,TRUE
2022,401360373,2022-01-03,BKN,MEM,492,492,TRUE,TRUE
2022,401360371,2022-01-03,PHI,HOU,478,478,TRUE,TRUE
2022,401360372,2022-01-03,WSH,CHA,476,476,TRUE,TRUE
2022,401360370,2022-01-02,LAL,MIN,480,480,TRUE,TRUE
2022,401360368,2022-01-02,CHA,PHX,474,474,TRUE,TRUE
2022,401360369,2022-01-02,OKC,DAL,424,424,TRUE,TRUE
2022,401360365,2022-01-02,BOS,ORL,511,449,TRUE,TRUE
2022,401360366,2022-01-02,CLE,IND,482,482,TRUE,TRUE
2022,401360367,2022-01-02,SAC,MIA,459,459,TRUE,TRUE
2022,401360364,2022-01-02,TOR,NY,470,470,TRUE,TRUE
2022,401360363,2022-01-01,UTAH,GS,484,484,TRUE,TRUE
2022,401360362,2022-01-01,HOU,DEN,481,481,TRUE,TRUE
2022,401360361,2022-01-01,BKN,LAC,497,497,TRUE,TRUE
2022,401360359,2022-01-01,DET,SA,588,519,TRUE,TRUE
2022,401360360,2022-01-01,WSH,CHI,473,473,TRUE,TRUE
2022,401360358,2022-01-01,MIL,NO,500,500,TRUE,TRUE
2022,401360357,2021-12-31,LAL,POR,494,494,TRUE,TRUE
2022,401360356,2021-12-31,UTAH,MIN,505,505,TRUE,TRUE
2022,401360354,2021-12-31,MEM,SA,492,492,TRUE,TRUE
2022,401360355,2021-12-31,OKC,NY,424,424,TRUE,TRUE
2022,401360352,2021-12-31,CLE,ATL,458,458,TRUE,TRUE
2022,401360353,2021-12-31,TOR,LAC,453,453,TRUE,TRUE
2022,401360351,2021-12-31,HOU,MIA,483,483,TRUE,TRUE
2022,401360350,2021-12-31,SAC,DAL,444,444,TRUE,TRUE
2022,401360349,2021-12-31,IND,CHI,507,507,TRUE,TRUE
2022,401360348,2021-12-31,BOS,PHX,470,470,TRUE,TRUE
2022,401360344,2021-12-30,BKN,PHI,487,487,TRUE,TRUE
2022,401360345,2021-12-30,ORL,MIL,488,488,TRUE,TRUE
2022,401360346,2021-12-30,WSH,CLE,457,457,TRUE,TRUE
2022,401360343,2021-12-29,SAC,DAL,428,428,TRUE,TRUE
2022,401360342,2021-12-29,POR,UTAH,491,491,TRUE,TRUE
2022,401360341,2021-12-29,PHX,OKC,485,485,TRUE,TRUE
2022,401360338,2021-12-29,CHI,ATL,448,448,TRUE,TRUE
2022,401360339,2021-12-29,MEM,LAL,467,467,TRUE,TRUE
2022,401360337,2021-12-29,BOS,LAC,450,450,TRUE,TRUE
2022,401360335,2021-12-29,DET,NY,445,445,TRUE,TRUE
2022,401360336,2021-12-29,IND,CHA,495,495,TRUE,TRUE
2022,401360333,2021-12-28,GS,DEN,458,458,TRUE,TRUE
2022,401360334,2021-12-28,SAC,OKC,511,511,TRUE,TRUE
2022,401360330,2021-12-28,HOU,LAL,469,469,TRUE,TRUE
2022,401360331,2021-12-28,MIN,NY,478,478,TRUE,TRUE
2022,401360332,2021-12-28,NO,CLE,444,444,TRUE,TRUE
2022,401360328,2021-12-28,MIA,WSH,438,438,TRUE,TRUE
2022,401360329,2021-12-28,TOR,PHI,469,469,TRUE,TRUE
2022,401360327,2021-12-28,ORL,MIL,463,463,TRUE,TRUE
2022,401360326,2021-12-27,LAC,BKN,480,480,TRUE,TRUE
2022,401360325,2021-12-27,POR,DAL,505,505,TRUE,TRUE
2022,401360324,2021-12-27,PHX,MEM,480,480,TRUE,TRUE
2022,401360323,2021-12-27,SA,UTAH,491,491,TRUE,TRUE
2022,401360322,2021-12-27,MIN,BOS,483,483,TRUE,TRUE
2022,401360321,2021-12-27,ATL,CHI,441,441,TRUE,TRUE
2022,401360320,2021-12-27,CHA,HOU,441,441,TRUE,TRUE
2022,401360319,2021-12-26,LAC,DEN,466,466,TRUE,TRUE
2022,401360318,2021-12-26,CHI,IND,445,445,TRUE,TRUE
2022,401360316,2021-12-26,OKC,NO,496,496,TRUE,TRUE
2022,401360317,2021-12-26,SA,DET,552,552,TRUE,TRUE
2022,401360313,2021-12-26,CLE,TOR,475,475,TRUE,TRUE
2022,401360314,2021-12-26,WSH,PHI,486,486,TRUE,TRUE
2022,401360315,2021-12-26,SAC,MEM,508,508,TRUE,TRUE
2022,401360312,2021-12-26,MIA,ORL,440,440,TRUE,TRUE
2022,401358785,2021-12-25,UTAH,DAL,536,536,TRUE,TRUE
2022,401358784,2021-12-25,LAL,BKN,513,513,TRUE,TRUE
2022,401358783,2021-12-25,PHX,GS,436,436,TRUE,TRUE
2022,401358782,2021-12-25,MIL,BOS,502,502,TRUE,TRUE
2022,401358781,2021-12-25,NY,ATL,431,431,TRUE,TRUE
2022,401360311,2021-12-23,LAL,SA,527,527,TRUE,TRUE
2022,401360309,2021-12-23,GS,MEM,479,479,TRUE,TRUE
2022,401360306,2021-12-23,DEN,CHA,486,486,TRUE,TRUE
2022,401360307,2021-12-23,PHX,OKC,465,465,TRUE,TRUE
2022,401360308,2021-12-23,UTAH,MIN,464,464,TRUE,TRUE
2022,401360305,2021-12-23,DAL,MIL,467,467,TRUE,TRUE
2022,401360303,2021-12-23,MIA,DET,456,456,TRUE,TRUE
2022,401360304,2021-12-23,NY,WSH,454,454,TRUE,TRUE
2022,401360300,2021-12-23,IND,HOU,451,451,TRUE,TRUE
2022,401360301,2021-12-23,ORL,NO,454,454,TRUE,TRUE
2022,401360302,2021-12-23,PHI,ATL,435,435,TRUE,TRUE
2022,401360299,2021-12-22,SAC,LAC,432,432,TRUE,TRUE
2022,401360297,2021-12-22,MIL,HOU,516,516,TRUE,TRUE
2022,401360298,2021-12-22,OKC,DEN,465,465,TRUE,TRUE
2022,401360294,2021-12-22,ATL,ORL,469,469,TRUE,TRUE
2022,401360295,2021-12-22,BOS,CLE,486,486,TRUE,TRUE
2022,401360293,2021-12-21,LAL,PHX,482,482,TRUE,TRUE
2022,401360292,2021-12-21,DAL,MIN,455,455,TRUE,TRUE
2022,401360291,2021-12-21,NO,POR,418,418,TRUE,TRUE
2022,401360289,2021-12-21,MIA,IND,462,462,TRUE,TRUE
2022,401360290,2021-12-21,NY,DET,462,462,TRUE,TRUE
2022,401360287,2021-12-20,LAC,SA,481,481,TRUE,TRUE
2022,401360286,2021-12-20,GS,SAC,433,433,TRUE,TRUE
2022,401360285,2021-12-20,UTAH,CHA,509,509,TRUE,TRUE
2022,401360283,2021-12-20,CHI,HOU,436,436,TRUE,TRUE
2022,401360284,2021-12-20,MEM,OKC,505,505,TRUE,TRUE
2022,401360281,2021-12-20,BOS,PHI,454,454,TRUE,TRUE
2022,401360272,2021-12-19,CHI,LAL,481,481,TRUE,TRUE
2022,401360279,2021-12-19,MIN,DAL,456,456,TRUE,TRUE
2022,401360280,2021-12-19,PHX,CHA,466,466,TRUE,TRUE
2022,401360273,2021-12-19,DET,MIA,483,483,TRUE,TRUE
2022,401360274,2021-12-19,MEM,POR,474,474,TRUE,TRUE
2022,401360275,2021-12-19,SAC,SA,442,442,TRUE,TRUE
2022,401360270,2021-12-18,MIL,CLE,444,444,TRUE,TRUE
2022,401360271,2021-12-18,UTAH,WSH,483,483,TRUE,TRUE
2022,401360268,2021-12-18,OKC,LAC,458,458,TRUE,TRUE
2022,401360266,2021-12-18,BKN,ORL,464,464,TRUE,TRUE
2022,401360267,2021-12-18,TOR,GS,458,458,TRUE,TRUE
2022,401360269,2021-12-18,BOS,NY,448,448,TRUE,TRUE
2022,401360265,2021-12-18,DET,HOU,481,481,TRUE,TRUE
2022,401360260,2021-12-17,MIN,LAL,514,514,TRUE,TRUE
2022,401360263,2021-12-17,POR,CHA,443,443,TRUE,TRUE
2022,401360264,2021-12-17,SAC,MEM,508,508,TRUE,TRUE
2022,401360261,2021-12-17,UTAH,SA,482,482,TRUE,TRUE
2022,401360262,2021-12-17,NO,MIL,507,457,TRUE,TRUE
2022,401360258,2021-12-17,ATL,DEN,464,464,TRUE,TRUE
2022,401360259,2021-12-17,BOS,GS,501,501,TRUE,TRUE
2022,401360257,2021-12-17,ORL,MIA,426,426,TRUE,TRUE
2022,401360256,2021-12-16,PHX,WSH,445,445,TRUE,TRUE
2022,401360255,2021-12-16,HOU,NY,438,438,TRUE,TRUE
2022,401360253,2021-12-16,BKN,PHI,445,445,TRUE,TRUE
2022,401360252,2021-12-16,IND,DET,476,476,TRUE,TRUE
2022,401360249,2021-12-15,UTAH,LAC,461,461,TRUE,TRUE
2022,401360250,2021-12-15,POR,MEM,468,468,TRUE,TRUE
2022,401360251,2021-12-15,SAC,WSH,461,461,TRUE,TRUE
2022,401360248,2021-12-15,DEN,MIN,452,452,TRUE,TRUE
2022,401360247,2021-12-15,SA,CHA,435,435,TRUE,TRUE
2022,401360245,2021-12-15,MIL,IND,434,434,TRUE,TRUE
2022,401360246,2021-12-15,OKC,NO,496,496,TRUE,TRUE
2022,401360244,2021-12-15,DAL,LAL,497,456,TRUE,TRUE
2022,401360241,2021-12-15,CLE,HOU,474,474,TRUE,TRUE
2022,401360242,2021-12-15,ORL,ATL,443,443,TRUE,TRUE
2022,401360243,2021-12-15,PHI,MIA,421,421,TRUE,TRUE
2022,401360240,2021-12-14,POR,PHX,489,442,TRUE,TRUE
2022,401360237,2021-12-14,BKN,TOR,511,460,TRUE,TRUE
2022,401360238,2021-12-14,NY,GS,446,446,TRUE,TRUE
2022,401360236,2021-12-13,LAC,PHX,477,477,TRUE,TRUE
2022,401360235,2021-12-13,DEN,WSH,479,479,TRUE,TRUE
2022,401360234,2021-12-13,DAL,CHA,441,441,TRUE,TRUE
2022,401360233,2021-12-13,MEM,PHI,448,448,TRUE,TRUE
2022,401360231,2021-12-13,ATL,HOU,494,494,TRUE,TRUE
2022,401360232,2021-12-13,BOS,MIL,444,444,TRUE,TRUE
2022,401360228,2021-12-13,CLE,MIA,429,429,TRUE,TRUE
2022,401360229,2021-12-13,IND,GS,488,488,TRUE,TRUE
2022,401360230,2021-12-13,TOR,SAC,452,452,TRUE,TRUE
2022,401360227,2021-12-12,LAL,ORL,451,451,TRUE,TRUE
2022,401360226,2021-12-12,POR,MIN,490,490,TRUE,TRUE
2022,401360224,2021-12-12,OKC,DAL,466,466,TRUE,TRUE
2022,401360225,2021-12-12,SA,NO,470,470,TRUE,TRUE
2022,401360223,2021-12-12,DET,BKN,476,476,TRUE,TRUE
2022,401360222,2021-12-12,NY,MIL,433,433,TRUE,TRUE
2022,401360220,2021-12-11,PHI,GS,448,448,TRUE,TRUE
2022,401360221,2021-12-11,SA,DEN,480,480,TRUE,TRUE
2022,401360217,2021-12-11,CLE,SAC,492,492,TRUE,TRUE
2022,401360218,2021-12-11,MIA,CHI,440,440,TRUE,TRUE
2022,401360219,2021-12-11,MEM,HOU,479,479,TRUE,TRUE
2022,401360216,2021-12-11,WSH,UTAH,448,448,TRUE,TRUE
2022,401360215,2021-12-11,LAC,ORL,417,417,TRUE,TRUE
2022,401360214,2021-12-10,PHX,BOS,485,485,TRUE,TRUE
2022,401360210,2021-12-10,HOU,MIL,489,489,TRUE,TRUE
2022,401360211,2021-12-10,MIN,CLE,477,477,TRUE,TRUE
2022,401360212,2021-12-10,NO,DET,458,458,TRUE,TRUE
2022,401360213,2021-12-10,OKC,LAL,464,464,TRUE,TRUE
2022,401360208,2021-12-10,ATL,BKN,481,481,TRUE,TRUE
2022,401360209,2021-12-10,TOR,NY,452,452,TRUE,TRUE
2022,401360206,2021-12-10,CHA,SAC,476,476,TRUE,TRUE
2022,401360207,2021-12-10,IND,DAL,428,428,TRUE,TRUE
2022,401360205,2021-12-09,SA,DEN,458,458,TRUE,TRUE
2022,401360204,2021-12-09,MEM,LAL,460,460,TRUE,TRUE
2022,401360203,2021-12-09,PHI,UTAH,462,462,TRUE,TRUE
2022,401360202,2021-12-08,LAC,BOS,481,481,TRUE,TRUE
2022,401360200,2021-12-08,GS,POR,475,475,TRUE,TRUE
2022,401360201,2021-12-08,SAC,ORL,473,473,TRUE,TRUE
2022,401360196,2021-12-08,HOU,BKN,482,482,TRUE,TRUE
2022,401360197,2021-12-08,MEM,DAL,491,491,TRUE,TRUE
2022,401360198,2021-12-08,MIN,UTAH,459,459,TRUE,TRUE
2022,401360199,2021-12-08,NO,DEN,470,411,TRUE,TRUE
2022,401360194,2021-12-08,MIA,MIL,455,455,TRUE,TRUE
2022,401360195,2021-12-08,TOR,OKC,447,447,TRUE,TRUE
2022,401360190,2021-12-08,CHA,PHI,448,448,TRUE,TRUE
2022,401360191,2021-12-08,CLE,CHI,441,441,TRUE,TRUE
2022,401360192,2021-12-08,DET,WSH,506,471,TRUE,TRUE
2022,401360193,2021-12-08,IND,NY,456,456,TRUE,TRUE
2022,401360189,2021-12-07,LAL,BOS,462,462,TRUE,TRUE
2022,401360188,2021-12-07,SA,NY,459,459,TRUE,TRUE
2022,401360187,2021-12-07,DAL,BKN,440,440,TRUE,TRUE
2022,401360185,2021-12-06,GS,ORL,457,457,TRUE,TRUE
2022,401360186,2021-12-06,POR,LAC,444,444,TRUE,TRUE
2022,401360184,2021-12-06,PHX,SA,488,488,TRUE,TRUE
2022,401360181,2021-12-06,CHI,DEN,469,469,TRUE,TRUE
2022,401360182,2021-12-06,MIL,CLE,467,467,TRUE,TRUE
2022,401360183,2021-12-06,MIN,ATL,461,461,TRUE,TRUE
2022,401360180,2021-12-06,MIA,MEM,457,457,TRUE,TRUE
2022,401360177,2021-12-06,CHA,PHI,488,449,TRUE,TRUE
2022,401360178,2021-12-06,DET,OKC,457,457,TRUE,TRUE
2022,401360179,2021-12-06,IND,WSH,434,434,TRUE,TRUE
2022,401360176,2021-12-05,HOU,NO,486,486,TRUE,TRUE
2022,401360174,2021-12-05,ATL,CHA,443,443,TRUE,TRUE
2022,401360175,2021-12-05,TOR,WSH,450,450,TRUE,TRUE
2022,401360173,2021-12-05,CLE,UTAH,431,431,TRUE,TRUE
2022,401360171,2021-12-04,POR,BOS,464,464,TRUE,TRUE
2022,401360172,2021-12-04,SAC,LAC,501,501,TRUE,TRUE
2022,401360169,2021-12-04,DAL,MEM,495,495,TRUE,TRUE
2022,401360170,2021-12-04,GS,SA,472,472,TRUE,TRUE
2022,401360167,2021-12-04,BKN,CHI,475,475,TRUE,TRUE
2022,401360168,2021-12-04,MIL,MIA,488,488,TRUE,TRUE
2022,401360166,2021-12-04,NY,DEN,410,410,TRUE,TRUE
2022,401360164,2021-12-03,GS,PHX,486,486,TRUE,TRUE
2022,401360165,2021-12-03,LAL,LAC,442,442,TRUE,TRUE
2022,401360163,2021-12-03,UTAH,BOS,446,446,TRUE,TRUE
2022,401360162,2021-12-03,DAL,NO,496,496,TRUE,TRUE
2022,401360161,2021-12-03,HOU,ORL,453,453,TRUE,TRUE
2022,401360159,2021-12-03,ATL,PHI,460,460,TRUE,TRUE
2022,401360160,2021-12-03,BKN,MIN,518,518,TRUE,TRUE
2022,401360157,2021-12-03,IND,MIA,435,435,TRUE,TRUE
2022,401360158,2021-12-03,WSH,CLE,459,459,TRUE,TRUE
2022,401360156,2021-12-02,POR,SA,459,459,TRUE,TRUE
2022,401360155,2021-12-02,PHX,DET,443,443,TRUE,TRUE
2022,401360154,2021-12-02,MEM,OKC,438,438,TRUE,TRUE
2022,401360152,2021-12-02,NY,CHI,460,460,TRUE,TRUE
2022,401360153,2021-12-02,TOR,MIL,479,479,TRUE,TRUE
2022,401360151,2021-12-01,LAC,SAC,451,451,TRUE,TRUE
2022,401360148,2021-12-01,MIL,CHA,483,483,TRUE,TRUE
2022,401360149,2021-12-01,NO,DAL,411,411,TRUE,TRUE
2022,401360150,2021-12-01,OKC,HOU,477,477,TRUE,TRUE
2022,401360146,2021-12-01,BOS,PHI,429,429,TRUE,TRUE
2022,401360147,2021-12-01,MIA,CLE,412,412,TRUE,TRUE
2022,401360143,2021-12-01,IND,ATL,428,428,TRUE,TRUE
2022,401360144,2021-12-01,ORL,DEN,413,413,TRUE,TRUE
2022,401360145,2021-12-01,WSH,MIN,485,485,TRUE,TRUE
2022,401360140,2021-11-30,PHX,GS,446,446,TRUE,TRUE
2022,401360141,2021-11-30,POR,DET,475,475,TRUE,TRUE
2022,401360142,2021-11-30,SAC,LAL,469,469,TRUE,TRUE
2022,401360138,2021-11-30,BKN,NY,445,445,TRUE,TRUE
2022,401360139,2021-11-30,TOR,MEM,491,491,TRUE,TRUE
2022,401360137,2021-11-29,LAC,NO,423,423,TRUE,TRUE
2022,401360136,2021-11-29,UTAH,POR,451,451,TRUE,TRUE
2022,401360134,2021-11-29,DAL,CLE,450,450,TRUE,TRUE
2022,401360135,2021-11-29,SA,WSH,446,446,TRUE,TRUE
2022,401360131,2021-11-29,CHI,CHA,432,432,TRUE,TRUE
2022,401360132,2021-11-29,HOU,OKC,475,475,TRUE,TRUE
2022,401360133,2021-11-29,MIN,IND,487,487,TRUE,TRUE
2022,401360130,2021-11-29,MIA,DEN,420,420,TRUE,TRUE
2022,401360129,2021-11-29,PHI,ORL,470,470,TRUE,TRUE
2022,401360128,2021-11-28,LAL,DET,465,465,TRUE,TRUE
2022,401360126,2021-11-28,TOR,BOS,485,485,TRUE,TRUE
2022,401360127,2021-11-28,MEM,SAC,529,529,TRUE,TRUE
2022,401360125,2021-11-28,IND,MIL,475,475,TRUE,TRUE
2022,401360124,2021-11-28,LAC,GS,494,494,TRUE,TRUE
2022,401360123,2021-11-27,UTAH,NO,463,463,TRUE,TRUE
2022,401360122,2021-11-27,DAL,WSH,444,444,TRUE,TRUE
2022,401360119,2021-11-27,CLE,ORL,457,457,TRUE,TRUE
2022,401360120,2021-11-27,CHI,MIA,461,461,TRUE,TRUE
2022,401360121,2021-11-27,HOU,CHA,524,459,TRUE,TRUE
2022,401360117,2021-11-27,ATL,NY,446,446,TRUE,TRUE
2022,401360118,2021-11-27,BKN,PHX,448,448,TRUE,TRUE
2022,401360116,2021-11-27,PHI,MIN,561,452,TRUE,TRUE
2022,401360115,2021-11-26,LAL,SAC,605,459,TRUE,TRUE
2022,401360114,2021-11-26,GS,POR,435,435,TRUE,TRUE
2022,401360112,2021-11-26,DEN,MIL,427,427,TRUE,TRUE
2022,401360113,2021-11-26,UTAH,NO,452,452,TRUE,TRUE
2022,401360111,2021-11-26,SA,BOS,474,474,TRUE,TRUE
2022,401360108,2021-11-26,IND,TOR,463,463,TRUE,TRUE
2022,401360109,2021-11-26,MEM,ATL,449,449,TRUE,TRUE
2022,401360110,2021-11-26,OKC,WSH,428,428,TRUE,TRUE
2022,401360105,2021-11-26,CHA,MIN,474,474,TRUE,TRUE
2022,401360106,2021-11-26,NY,PHX,451,451,TRUE,TRUE
2022,401360107,2021-11-26,ORL,CHI,455,455,TRUE,TRUE
2022,401360104,2021-11-26,LAC,DET,476,476,TRUE,TRUE
2022,401360102,2021-11-24,GS,PHI,473,473,TRUE,TRUE
2022,401360103,2021-11-24,SAC,POR,504,504,TRUE,TRUE
2022,401360101,2021-11-24,SA,ATL,447,447,TRUE,TRUE
2022,401360095,2021-11-24,HOU,CHI,465,465,TRUE,TRUE
2022,401360096,2021-11-24,MEM,TOR,458,458,TRUE,TRUE
2022,401360097,2021-11-24,MIL,DET,476,476,TRUE,TRUE
2022,401360098,2021-11-24,MIN,MIA,491,491,TRUE,TRUE
2022,401360099,2021-11-24,NO,WSH,515,515,TRUE,TRUE
2022,401360100,2021-11-24,OKC,UTAH,443,443,TRUE,TRUE
2022,401360094,2021-11-24,BOS,BKN,479,479,TRUE,TRUE
2022,401360091,2021-11-24,CLE,PHX,499,499,TRUE,TRUE
2022,401360092,2021-11-24,IND,LAL,544,498,TRUE,TRUE
2022,401360093,2021-11-24,ORL,CHA,462,462,TRUE,TRUE
2022,401360090,2021-11-23,LAC,DAL,521,474,TRUE,TRUE
2022,401360089,2021-11-23,POR,DEN,423,423,TRUE,TRUE
2022,401360088,2021-11-23,NY,LAL,481,481,TRUE,TRUE
2022,401360087,2021-11-23,DET,MIA,450,450,TRUE,TRUE
2022,401360086,2021-11-22,SAC,PHI,463,463,TRUE,TRUE
2022,401360085,2021-11-22,UTAH,MEM,482,482,TRUE,TRUE
2022,401360084,2021-11-22,SA,PHX,452,452,TRUE,TRUE
2022,401360081,2021-11-22,CHI,IND,441,441,TRUE,TRUE
2022,401360082,2021-11-22,MIL,ORL,491,491,TRUE,TRUE
2022,401360083,2021-11-22,NO,MIN,513,513,TRUE,TRUE
2022,401360079,2021-11-22,ATL,OKC,439,439,TRUE,TRUE
2022,401360080,2021-11-22,BOS,HOU,471,471,TRUE,TRUE
2022,401360077,2021-11-22,CLE,BKN,498,498,TRUE,TRUE
2022,401360078,2021-11-22,WSH,CHA,502,502,TRUE,TRUE
2022,401360076,2021-11-21,GS,TOR,477,477,TRUE,TRUE
2022,401360074,2021-11-21,CHI,NY,489,489,TRUE,TRUE
2022,401360075,2021-11-21,PHX,DEN,486,486,TRUE,TRUE
2022,401360073,2021-11-21,DET,LAL,491,491,TRUE,TRUE
2022,401360072,2021-11-21,LAC,DAL,439,439,TRUE,TRUE
2022,401360070,2021-11-20,POR,PHI,438,438,TRUE,TRUE
2022,401360071,2021-11-20,SAC,UTAH,456,456,TRUE,TRUE
2022,401360068,2021-11-20,MIL,ORL,491,491,TRUE,TRUE
2022,401360069,2021-11-20,MIN,MEM,492,492,TRUE,TRUE
2022,401360066,2021-11-20,ATL,CHA,466,466,TRUE,TRUE
2022,401360067,2021-11-20,BOS,OKC,450,450,TRUE,TRUE
2022,401360064,2021-11-20,IND,NO,448,448,TRUE,TRUE
2022,401360065,2021-11-20,WSH,MIA,440,440,TRUE,TRUE
2022,401360063,2021-11-20,NY,HOU,471,471,TRUE,TRUE
2022,401360061,2021-11-19,PHX,DAL,466,466,TRUE,TRUE
2022,401360062,2021-11-19,SAC,TOR,473,473,TRUE,TRUE
2022,401360060,2021-11-19,DEN,CHI,452,452,TRUE,TRUE
2022,401360058,2021-11-19,MIL,OKC,501,501,TRUE,TRUE
2022,401360059,2021-11-19,NO,LAC,425,425,TRUE,TRUE
2022,401360056,2021-11-19,BOS,LAL,483,483,TRUE,TRUE
2022,401360057,2021-11-19,BKN,ORL,484,484,TRUE,TRUE
2022,401360054,2021-11-19,CHA,IND,492,492,TRUE,TRUE
2022,401360055,2021-11-19,DET,GS,475,475,TRUE,TRUE
2022,401360052,2021-11-18,DEN,PHI,434,434,TRUE,TRUE
2022,401360053,2021-11-18,UTAH,TOR,442,442,TRUE,TRUE
2022,401360050,2021-11-18,MEM,LAC,422,422,TRUE,TRUE
2022,401360051,2021-11-18,MIN,SA,441,441,TRUE,TRUE
2022,401360048,2021-11-18,CLE,GS,423,423,TRUE,TRUE
2022,401360049,2021-11-18,MIA,WSH,410,410,TRUE,TRUE
2022,401360046,2021-11-17,PHX,DAL,430,430,TRUE,TRUE
2022,401360047,2021-11-17,POR,CHI,456,456,TRUE,TRUE
2022,401360044,2021-11-17,MIN,SAC,484,484,TRUE,TRUE
2022,401360045,2021-11-17,OKC,HOU,473,473,TRUE,TRUE
2022,401360039,2021-11-17,ATL,BOS,429,429,TRUE,TRUE
2022,401360040,2021-11-17,BKN,CLE,446,446,TRUE,TRUE
2022,401360041,2021-11-17,MIA,NO,457,457,TRUE,TRUE
2022,401360042,2021-11-17,NY,ORL,469,469,TRUE,TRUE
2022,401360043,2021-11-17,MIL,LAL,467,467,TRUE,TRUE
2022,401360037,2021-11-17,CHA,WSH,460,460,TRUE,TRUE
2022,401360038,2021-11-17,DET,IND,459,459,TRUE,TRUE
2022,401360036,2021-11-16,LAC,SA,452,452,TRUE,TRUE
2022,401360035,2021-11-16,UTAH,PHI,449,449,TRUE,TRUE
2022,401360034,2021-11-16,BKN,GS,481,481,TRUE,TRUE
2022,401360033,2021-11-15,LAL,CHI,456,456,TRUE,TRUE
2022,401360032,2021-11-15,POR,TOR,416,416,TRUE,TRUE
2022,401360028,2021-11-15,DAL,DEN,424,424,TRUE,TRUE
2022,401360029,2021-11-15,MEM,HOU,486,486,TRUE,TRUE
2022,401360030,2021-11-15,MIN,PHX,521,521,TRUE,TRUE
2022,401360031,2021-11-15,OKC,MIA,432,432,TRUE,TRUE
2022,401360026,2021-11-15,ATL,ORL,487,487,TRUE,TRUE
2022,401360027,2021-11-15,NY,IND,431,431,TRUE,TRUE
2022,401360023,2021-11-15,CLE,BOS,438,438,TRUE,TRUE
2022,401360024,2021-11-15,DET,SAC,462,462,TRUE,TRUE
2022,401360025,2021-11-15,WSH,NO,468,468,TRUE,TRUE
2022,401360022,2021-11-14,LAC,CHI,443,443,TRUE,TRUE
2022,401360021,2021-11-14,DEN,POR,401,401,TRUE,TRUE
2022,401360018,2021-11-14,CHA,GS,491,491,TRUE,TRUE
2022,401360019,2021-11-14,HOU,PHX,487,487,TRUE,TRUE
2022,401360020,2021-11-14,OKC,BKN,441,441,TRUE,TRUE
2022,401360017,2021-11-14,ATL,MIL,464,464,TRUE,TRUE
2022,401360016,2021-11-14,LAL,SA,446,446,TRUE,TRUE
2022,401360015,2021-11-13,LAC,MIN,459,459,TRUE,TRUE
2022,401360014,2021-11-13,CLE,BOS,433,433,TRUE,TRUE
2022,401360013,2021-11-13,TOR,DET,472,472,TRUE,TRUE
2022,401360010,2021-11-13,IND,PHI,453,453,TRUE,TRUE
2022,401360011,2021-11-13,ORL,WSH,446,446,TRUE,TRUE
2022,401360012,2021-11-13,NO,MEM,453,453,TRUE,TRUE
2022,401360009,2021-11-13,UTAH,MIA,473,473,TRUE,TRUE
2022,401360008,2021-11-12,LAL,MIN,466,466,TRUE,TRUE
2022,401360007,2021-11-12,GS,CHI,449,449,TRUE,TRUE
2022,401360006,2021-11-12,DEN,ATL,468,468,TRUE,TRUE
2022,401360005,2021-11-12,SA,DAL,464,464,TRUE,TRUE
2022,401360001,2021-11-12,HOU,POR,497,497,TRUE,TRUE
2022,401360002,2021-11-12,MEM,PHX,488,488,TRUE,TRUE
2022,401360003,2021-11-12,NO,BKN,451,451,TRUE,TRUE
2022,401360004,2021-11-12,OKC,SAC,482,482,TRUE,TRUE
2022,401359999,2021-11-12,BOS,MIL,474,417,TRUE,TRUE
2022,401360000,2021-11-12,CLE,DET,425,425,TRUE,TRUE
2022,401359998,2021-11-12,CHA,NY,490,490,TRUE,TRUE
2022,401359997,2021-11-11,LAC,MIA,460,460,TRUE,TRUE
2022,401359996,2021-11-11,UTAH,IND,489,489,TRUE,TRUE
2022,401359995,2021-11-11,PHI,TOR,448,448,TRUE,TRUE
2022,401359993,2021-11-10,GS,MIN,517,517,TRUE,TRUE
2022,401359994,2021-11-10,LAL,MIA,525,461,TRUE,TRUE
2022,401359991,2021-11-10,DEN,IND,446,446,TRUE,TRUE
2022,401359992,2021-11-10,PHX,POR,451,451,TRUE,TRUE
2022,401359990,2021-11-10,SA,SAC,479,479,TRUE,TRUE
2022,401359987,2021-11-10,CHI,DAL,445,445,TRUE,TRUE
2022,401359988,2021-11-10,MEM,CHA,496,496,TRUE,TRUE
2022,401359989,2021-11-10,NO,OKC,532,532,TRUE,TRUE
2022,401359984,2021-11-10,BOS,TOR,449,449,TRUE,TRUE
2022,401359985,2021-11-10,NY,MIL,435,435,TRUE,TRUE
2022,401359986,2021-11-10,HOU,DET,508,508,TRUE,TRUE
2022,401359982,2021-11-10,CLE,WSH,460,460,TRUE,TRUE
2022,401359983,2021-11-10,ORL,BKN,476,476,TRUE,TRUE
2022,401359981,2021-11-09,LAC,POR,422,422,TRUE,TRUE
2022,401359980,2021-11-09,UTAH,ATL,432,432,TRUE,TRUE
2022,401359979,2021-11-09,PHI,MIL,479,479,TRUE,TRUE
2022,401359978,2021-11-08,LAL,CHA,552,509,TRUE,TRUE
2022,401359976,2021-11-08,GS,ATL,477,477,TRUE,TRUE
2022,401359977,2021-11-08,SAC,PHX,466,466,TRUE,TRUE
2022,401359975,2021-11-08,DEN,MIA,475,475,TRUE,TRUE
2022,401359974,2021-11-08,DAL,NO,429,429,TRUE,TRUE
2022,401359972,2021-11-08,CHI,BKN,464,464,TRUE,TRUE
2022,401359973,2021-11-08,MEM,MIN,519,464,TRUE,TRUE
2022,401359971,2021-11-08,PHI,NY,446,446,TRUE,TRUE
2022,401359970,2021-11-07,LAC,CHA,493,493,TRUE,TRUE
2022,401359969,2021-11-07,GS,HOU,481,481,TRUE,TRUE
2022,401359968,2021-11-07,OKC,SA,478,478,TRUE,TRUE
2022,401359964,2021-11-07,NY,CLE,433,433,TRUE,TRUE
2022,401359965,2021-11-07,ORL,UTAH,460,460,TRUE,TRUE
2022,401359966,2021-11-07,WSH,MIL,463,463,TRUE,TRUE
2022,401359967,2021-11-07,SAC,IND,477,477,TRUE,TRUE
2022,401359963,2021-11-07,TOR,BKN,411,411,TRUE,TRUE
2022,401359962,2021-11-06,POR,LAL,494,494,TRUE,TRUE
2022,401359961,2021-11-06,PHX,ATL,471,471,TRUE,TRUE
2022,401359960,2021-11-06,DAL,BOS,411,411,TRUE,TRUE
2022,401359959,2021-11-06,CHI,PHI,453,453,TRUE,TRUE
2022,401359958,2021-11-06,MIA,UTAH,414,414,TRUE,TRUE
2022,401359957,2021-11-06,DEN,HOU,445,445,TRUE,TRUE
2022,401359954,2021-11-05,GS,NO,458,458,TRUE,TRUE
2022,401359955,2021-11-05,POR,IND,422,422,TRUE,TRUE
2022,401359956,2021-11-05,SAC,CHA,474,474,TRUE,TRUE
2022,401359953,2021-11-05,MIN,LAC,496,496,TRUE,TRUE
2022,401359951,2021-11-05,TOR,CLE,455,455,TRUE,TRUE
2022,401359952,2021-11-05,MIL,NY,489,489,TRUE,TRUE
2022,401359948,2021-11-05,DET,BKN,453,453,TRUE,TRUE
2022,401359949,2021-11-05,ORL,SA,446,446,TRUE,TRUE
2022,401359950,2021-11-05,WSH,MEM,449,449,TRUE,TRUE
2022,401359947,2021-11-04,LAL,OKC,490,490,TRUE,TRUE
2022,401359946,2021-11-04,PHX,HOU,483,483,TRUE,TRUE
2022,401359944,2021-11-04,ATL,UTAH,454,454,TRUE,TRUE
2022,401359945,2021-11-04,MIA,BOS,455,455,TRUE,TRUE
2022,401359943,2021-11-04,DET,PHI,440,440,TRUE,TRUE
2022,401359941,2021-11-03,GS,CHA,469,469,TRUE,TRUE
2022,401359942,2021-11-03,SAC,NO,433,433,TRUE,TRUE
2022,401359940,2021-11-03,SA,DAL,512,512,TRUE,TRUE
2022,401359938,2021-11-03,MEM,DEN,429,429,TRUE,TRUE
2022,401359939,2021-11-03,MIN,LAC,422,422,TRUE,TRUE
2022,401359937,2021-11-03,BKN,ATL,440,440,TRUE,TRUE
2022,401359932,2021-11-03,CLE,POR,424,424,TRUE,TRUE
2022,401359933,2021-11-03,IND,NY,465,465,TRUE,TRUE
2022,401359934,2021-11-03,ORL,BOS,466,466,TRUE,TRUE
2022,401359935,2021-11-03,PHI,CHI,425,425,TRUE,TRUE
2022,401359936,2021-11-03,WSH,TOR,448,448,TRUE,TRUE
2022,401359931,2021-11-02,LAL,HOU,484,484,TRUE,TRUE
2022,401359930,2021-11-02,PHX,NO,442,442,TRUE,TRUE
2022,401359929,2021-11-02,UTAH,SAC,526,526,TRUE,TRUE
2022,401359928,2021-11-02,DAL,MIA,470,470,TRUE,TRUE
2022,401359927,2021-11-02,DET,MIL,508,508,TRUE,TRUE
2022,401359926,2021-11-01,LAC,OKC,476,476,TRUE,TRUE
2022,401359924,2021-11-01,MEM,DEN,435,435,TRUE,TRUE
2022,401359925,2021-11-01,MIN,ORL,492,492,TRUE,TRUE
2022,401359921,2021-11-01,ATL,WSH,446,446,TRUE,TRUE
2022,401359922,2021-11-01,BOS,CHI,461,461,TRUE,TRUE
2022,401359923,2021-11-01,NY,TOR,440,440,TRUE,TRUE
2022,401359918,2021-11-01,CHA,CLE,528,528,TRUE,TRUE
2022,401359919,2021-11-01,IND,SA,440,440,TRUE,TRUE
2022,401359920,2021-11-01,PHI,POR,416,416,TRUE,TRUE
2022,401359917,2021-10-31,LAL,HOU,497,497,TRUE,TRUE
2022,401359916,2021-10-31,BKN,DET,410,410,TRUE,TRUE
2022,401359914,2021-10-31,CHA,POR,458,458,TRUE,TRUE
2022,401359915,2021-10-31,MIL,UTAH,446,446,TRUE,TRUE
2022,401359913,2021-10-31,DAL,SAC,483,483,TRUE,TRUE
2022,401359912,2021-10-30,PHX,CLE,462,462,TRUE,TRUE
2022,401359911,2021-10-30,MIN,DEN,457,457,TRUE,TRUE
2022,401359910,2021-10-30,GS,OKC,449,449,TRUE,TRUE
2022,401359907,2021-10-30,CHI,UTAH,495,495,TRUE,TRUE
2022,401359908,2021-10-30,MEM,MIA,459,459,TRUE,TRUE
2022,401359909,2021-10-30,MIL,SA,517,517,TRUE,TRUE
2022,401359905,2021-10-30,IND,TOR,451,451,TRUE,TRUE
2022,401359906,2021-10-30,PHI,ATL,468,468,TRUE,TRUE
2022,401359903,2021-10-30,DET,ORL,478,478,TRUE,TRUE
2022,401359904,2021-10-30,NO,NY,453,453,TRUE,TRUE
2022,401359902,2021-10-30,WSH,BOS,588,496,TRUE,TRUE
2022,401359901,2021-10-29,LAL,CLE,451,451,TRUE,TRUE
2022,401359899,2021-10-29,DEN,DAL,457,457,TRUE,TRUE
2022,401359900,2021-10-29,POR,LAC,477,477,TRUE,TRUE
2022,401359898,2021-10-29,NO,SAC,490,490,TRUE,TRUE
2022,401359896,2021-10-29,BKN,IND,514,514,TRUE,TRUE
2022,401359897,2021-10-29,MIA,CHA,468,468,TRUE,TRUE
2022,401359895,2021-10-29,TOR,ORL,449,449,TRUE,TRUE
2022,401359894,2021-10-28,GS,MEM,483,437,TRUE,TRUE
2022,401359893,2021-10-28,DAL,SA,457,457,TRUE,TRUE
2022,401359891,2021-10-28,CHI,NY,452,452,TRUE,TRUE
2022,401359892,2021-10-28,HOU,UTAH,495,495,TRUE,TRUE
2022,401359889,2021-10-28,PHI,DET,459,459,TRUE,TRUE
2022,401359890,2021-10-28,WSH,ATL,464,464,TRUE,TRUE
2022,401359888,2021-10-27,LAC,CLE,473,473,TRUE,TRUE
2022,401359886,2021-10-27,PHX,SAC,475,475,TRUE,TRUE
2022,401359887,2021-10-27,POR,MEM,514,514,TRUE,TRUE
2022,401359884,2021-10-27,MIL,MIN,490,490,TRUE,TRUE
2022,401359885,2021-10-27,OKC,LAL,487,487,TRUE,TRUE
2022,401359880,2021-10-27,BOS,WSH,476,476,TRUE,TRUE
2022,401359881,2021-10-27,BKN,MIA,492,492,TRUE,TRUE
2022,401359882,2021-10-27,TOR,IND,477,477,TRUE,TRUE
2022,401359883,2021-10-27,NO,ATL,464,464,TRUE,TRUE
2022,401359879,2021-10-27,ORL,CHA,446,446,TRUE,TRUE
2022,401359878,2021-10-26,UTAH,DEN,460,460,TRUE,TRUE
2022,401359876,2021-10-26,DAL,HOU,491,491,TRUE,TRUE
2022,401359877,2021-10-26,SA,LAL,551,504,TRUE,TRUE
2022,401359875,2021-10-26,OKC,GS,455,455,TRUE,TRUE
2022,401359874,2021-10-26,NY,PHI,435,435,TRUE,TRUE
2022,401359873,2021-10-25,LAC,POR,476,476,TRUE,TRUE
2022,401359872,2021-10-25,DEN,CLE,467,467,TRUE,TRUE
2022,401359871,2021-10-25,MIN,NO,493,493,TRUE,TRUE
2022,401359867,2021-10-25,ATL,DET,450,450,TRUE,TRUE
2022,401359868,2021-10-25,BKN,WSH,498,498,TRUE,TRUE
2022,401359869,2021-10-25,MIA,ORL,456,456,TRUE,TRUE
2022,401359870,2021-10-25,TOR,CHI,448,448,TRUE,TRUE
2022,401359865,2021-10-25,CHA,BOS,545,491,TRUE,TRUE
2022,401359866,2021-10-25,IND,MIL,508,508,TRUE,TRUE
2022,401359864,2021-10-24,LAL,MEM,492,492,TRUE,TRUE
2022,401359863,2021-10-24,SAC,GS,465,465,TRUE,TRUE
2022,401359860,2021-10-24,NY,ORL,520,520,TRUE,TRUE
2022,401359861,2021-10-24,HOU,BOS,448,448,TRUE,TRUE
2022,401359862,2021-10-24,OKC,PHI,440,440,TRUE,TRUE
2022,401359859,2021-10-24,BKN,CHA,470,470,TRUE,TRUE
2022,401359858,2021-10-23,LAC,MEM,473,473,TRUE,TRUE
2022,401359857,2021-10-23,POR,PHX,440,440,TRUE,TRUE
2022,401359856,2021-10-23,SA,MIL,471,471,TRUE,TRUE
2022,401359854,2021-10-23,CHI,DET,467,467,TRUE,TRUE
2022,401359855,2021-10-23,MIN,NO,515,515,TRUE,TRUE
2022,401359853,2021-10-23,TOR,DAL,475,475,TRUE,TRUE
2022,401359852,2021-10-23,IND,MIA,512,459,TRUE,TRUE
2022,401359851,2021-10-23,CLE,ATL,494,494,TRUE,TRUE
2022,401358780,2021-10-22,LAL,PHX,490,490,TRUE,TRUE
2022,401359850,2021-10-22,SAC,UTAH,511,511,TRUE,TRUE
2022,401359849,2021-10-22,DEN,SA,448,448,TRUE,TRUE
2022,401359847,2021-10-22,CHI,NO,453,453,TRUE,TRUE
2022,401359848,2021-10-22,HOU,OKC,482,482,TRUE,TRUE
2022,401358779,2021-10-22,PHI,BKN,461,461,TRUE,TRUE
2022,401359846,2021-10-22,BOS,TOR,479,479,TRUE,TRUE
2022,401359843,2021-10-22,CLE,CHA,463,463,TRUE,TRUE
2022,401359844,2021-10-22,ORL,NY,442,442,TRUE,TRUE
2022,401359845,2021-10-22,WSH,IND,486,434,TRUE,TRUE
2022,401358778,2021-10-21,GS,LAC,489,489,TRUE,TRUE
2022,401359842,2021-10-21,MIA,MIL,517,517,TRUE,TRUE
2022,401358777,2021-10-21,ATL,DAL,462,462,TRUE,TRUE
2022,401358776,2021-10-20,PHX,DEN,437,437,TRUE,TRUE
2022,401359841,2021-10-20,POR,SAC,499,499,TRUE,TRUE
2022,401359840,2021-10-20,UTAH,OKC,470,470,TRUE,TRUE
2022,401359839,2021-10-20,SA,ORL,485,485,TRUE,TRUE
2022,401359836,2021-10-20,MEM,CLE,465,465,TRUE,TRUE
2022,401359837,2021-10-20,MIN,HOU,502,502,TRUE,TRUE
2022,401359838,2021-10-20,NO,PHI,433,433,TRUE,TRUE
2022,401358775,2021-10-20,NY,BOS,579,490,TRUE,TRUE
2022,401359835,2021-10-20,TOR,WSH,516,516,TRUE,TRUE
2022,401359833,2021-10-20,CHA,IND,530,530,TRUE,TRUE
2022,401359834,2021-10-20,DET,CHI,453,453,TRUE,TRUE
2022,401358774,2021-10-19,LAL,GS,510,510,TRUE,TRUE
2022,401358773,2021-10-19,MIL,BKN,487,487,TRUE,TRUE
2023,401469379,2023-04-09,DAL,SA,507,507,TRUE,TRUE
2023,401469380,2023-04-09,MIN,NO,502,502,TRUE,TRUE
2023,401469381,2023-04-09,OKC,MEM,427,427,TRUE,TRUE
2023,401469382,2023-04-09,DEN,SAC,442,442,TRUE,TRUE
2023,401469383,2023-04-09,LAL,UTAH,444,444,TRUE,TRUE
2023,401469384,2023-04-09,PHX,LAC,477,477,TRUE,TRUE
2023,401469385,2023-04-09,POR,GS,455,455,TRUE,TRUE
2023,401469371,2023-04-09,BOS,ATL,430,430,TRUE,TRUE
2023,401469372,2023-04-09,BKN,PHI,475,475,TRUE,TRUE
2023,401469373,2023-04-09,CLE,CHA,462,462,TRUE,TRUE
2023,401469374,2023-04-09,MIA,ORL,449,449,TRUE,TRUE
2023,401469375,2023-04-09,NY,IND,516,516,TRUE,TRUE
2023,401469376,2023-04-09,TOR,MIL,434,434,TRUE,TRUE
2023,401469377,2023-04-09,WSH,HOU,468,468,TRUE,TRUE
2023,401469378,2023-04-09,CHI,DET,451,451,TRUE,TRUE
2023,401469369,2023-04-08,SA,MIN,481,481,TRUE,TRUE
2023,401469370,2023-04-08,LAC,POR,460,460,TRUE,TRUE
2023,401469368,2023-04-08,UTAH,DEN,490,490,TRUE,TRUE
2023,401469367,2023-04-07,LAL,PHX,465,465,TRUE,TRUE
2023,401469366,2023-04-07,SAC,GS,480,480,TRUE,TRUE
2023,401469365,2023-04-07,DAL,CHI,422,422,TRUE,TRUE
2023,401469363,2023-04-07,MIL,MEM,452,452,TRUE,TRUE
2023,401469364,2023-04-07,NO,NY,420,420,TRUE,TRUE
2023,401469360,2023-04-07,ATL,PHI,529,474,TRUE,TRUE
2023,401469361,2023-04-07,BOS,TOR,427,427,TRUE,TRUE
2023,401469362,2023-04-07,BKN,ORL,466,466,TRUE,TRUE
2023,401469357,2023-04-07,CHA,HOU,493,493,TRUE,TRUE
2023,401469358,2023-04-07,IND,DET,464,464,TRUE,TRUE
2023,401469359,2023-04-07,WSH,MIA,478,478,TRUE,TRUE
2023,401469356,2023-04-06,PHX,DEN,409,409,TRUE,TRUE
2023,401469355,2023-04-06,UTAH,OKC,485,485,TRUE,TRUE
2023,401469354,2023-04-06,SA,POR,506,506,TRUE,TRUE
2023,401469353,2023-04-06,PHI,MIA,392,392,TRUE,TRUE
2023,401469352,2023-04-06,ORL,CLE,429,429,TRUE,TRUE
2023,401469351,2023-04-05,LAC,LAL,447,447,TRUE,TRUE
2023,401469350,2023-04-05,DAL,SAC,477,477,TRUE,TRUE
2023,401469349,2023-04-05,NO,MEM,538,486,TRUE,TRUE
2023,401469346,2023-04-05,ATL,WSH,493,493,TRUE,TRUE
2023,401469347,2023-04-05,BOS,TOR,456,456,TRUE,TRUE
2023,401469348,2023-04-05,MIL,CHI,433,433,TRUE,TRUE
2023,401469344,2023-04-05,DET,BKN,424,424,TRUE,TRUE
2023,401469345,2023-04-05,IND,NY,478,478,TRUE,TRUE
2023,401469342,2023-04-04,GS,OKC,517,517,TRUE,TRUE
2023,401469343,2023-04-04,PHX,SA,459,459,TRUE,TRUE
2023,401469341,2023-04-04,UTAH,LAL,523,478,TRUE,TRUE
2023,401469336,2023-04-04,PHI,BOS,438,438,TRUE,TRUE
2023,401469337,2023-04-04,CHI,ATL,443,443,TRUE,TRUE
2023,401469338,2023-04-04,HOU,DEN,481,481,TRUE,TRUE
2023,401469339,2023-04-04,MEM,POR,445,445,TRUE,TRUE
2023,401469340,2023-04-04,NO,SAC,462,462,TRUE,TRUE
2023,401469335,2023-04-04,BKN,MIN,436,436,TRUE,TRUE
2023,401469331,2023-04-04,CHA,TOR,449,449,TRUE,TRUE
2023,401469332,2023-04-04,DET,MIA,415,415,TRUE,TRUE
2023,401469333,2023-04-04,ORL,CLE,429,429,TRUE,TRUE
2023,401469334,2023-04-04,WSH,MIL,493,493,TRUE,TRUE
2023,401469330,2023-04-02,DEN,GS,506,506,TRUE,TRUE
2023,401469328,2023-04-02,CLE,IND,487,487,TRUE,TRUE
2023,401469329,2023-04-02,MIL,PHI,427,427,TRUE,TRUE
2023,401469326,2023-04-02,HOU,LAL,451,451,TRUE,TRUE
2023,401469327,2023-04-02,OKC,PHX,490,490,TRUE,TRUE
2023,401469322,2023-04-02,ATL,DAL,518,465,TRUE,TRUE
2023,401469323,2023-04-02,NY,WSH,416,416,TRUE,TRUE
2023,401469324,2023-04-02,ORL,DET,480,480,TRUE,TRUE
2023,401469325,2023-04-02,SAC,SA,548,488,TRUE,TRUE
2023,401469319,2023-04-02,BKN,UTAH,500,500,TRUE,TRUE
2023,401469320,2023-04-02,CHI,MEM,438,438,TRUE,TRUE
2023,401469321,2023-04-02,MIN,POR,458,458,TRUE,TRUE
2023,401469318,2023-04-02,CHA,TOR,429,429,TRUE,TRUE
2023,401469317,2023-04-01,NO,LAC,454,454,TRUE,TRUE
2023,401469316,2023-04-01,MIA,DAL,416,416,TRUE,TRUE
2023,401469315,2023-03-31,PHX,DEN,469,469,TRUE,TRUE
2023,401469313,2023-03-31,GS,SA,497,497,TRUE,TRUE
2023,401469314,2023-03-31,POR,SAC,454,454,TRUE,TRUE
2023,401469310,2023-03-31,HOU,DET,505,505,TRUE,TRUE
2023,401469311,2023-03-31,MEM,LAC,463,463,TRUE,TRUE
2023,401469312,2023-03-31,MIN,LAL,500,500,TRUE,TRUE
2023,401469307,2023-03-31,BOS,UTAH,464,464,TRUE,TRUE
2023,401469308,2023-03-31,BKN,ATL,438,438,TRUE,TRUE
2023,401469309,2023-03-31,CLE,NY,422,422,TRUE,TRUE
2023,401469303,2023-03-31,CHA,CHI,417,417,TRUE,TRUE
2023,401469304,2023-03-31,IND,OKC,536,536,TRUE,TRUE
2023,401469305,2023-03-31,PHI,TOR,415,415,TRUE,TRUE
2023,401469306,2023-03-31,WSH,ORL,474,474,TRUE,TRUE
2023,401469302,2023-03-30,DEN,NO,460,460,TRUE,TRUE
2023,401469301,2023-03-30,MIL,BOS,465,465,TRUE,TRUE
2023,401469299,2023-03-29,PHX,MIN,482,482,TRUE,TRUE
2023,401469300,2023-03-29,POR,SAC,460,460,TRUE,TRUE
2023,401469295,2023-03-29,CHI,LAL,456,456,TRUE,TRUE
2023,401469296,2023-03-29,MEM,LAC,454,454,TRUE,TRUE
2023,401469297,2023-03-29,OKC,DET,452,452,TRUE,TRUE
2023,401469298,2023-03-29,SA,UTAH,467,467,TRUE,TRUE
2023,401469292,2023-03-29,BKN,HOU,456,456,TRUE,TRUE
2023,401469293,2023-03-29,NY,MIA,405,405,TRUE,TRUE
2023,401469294,2023-03-29,PHI,DAL,441,441,TRUE,TRUE
2023,401469291,2023-03-29,IND,MIL,503,503,TRUE,TRUE
2023,401469290,2023-03-28,GS,NO,463,463,TRUE,TRUE
2023,401469288,2023-03-28,MEM,ORL,480,480,TRUE,TRUE
2023,401469289,2023-03-28,OKC,CHA,512,512,TRUE,TRUE
2023,401469286,2023-03-28,ATL,CLE,480,480,TRUE,TRUE
2023,401469287,2023-03-28,TOR,MIA,412,412,TRUE,TRUE
2023,401469285,2023-03-28,WSH,BOS,429,429,TRUE,TRUE
2023,401469284,2023-03-27,LAC,CHI,416,416,TRUE,TRUE
2023,401469282,2023-03-27,POR,NO,431,431,TRUE,TRUE
2023,401469283,2023-03-27,SAC,MIN,492,492,TRUE,TRUE
2023,401469281,2023-03-27,DEN,PHI,436,436,TRUE,TRUE
2023,401469280,2023-03-27,UTAH,PHX,489,489,TRUE,TRUE
2023,401469279,2023-03-27,NY,HOU,454,454,TRUE,TRUE
2023,401469277,2023-03-27,DET,MIL,513,513,TRUE,TRUE
2023,401469278,2023-03-27,IND,DAL,445,445,TRUE,TRUE
2023,401469276,2023-03-26,GS,MIN,475,475,TRUE,TRUE
2023,401469275,2023-03-26,POR,OKC,479,479,TRUE,TRUE
2023,401469270,2023-03-26,ATL,MEM,469,469,TRUE,TRUE
2023,401469271,2023-03-26,BOS,SA,471,471,TRUE,TRUE
2023,401469272,2023-03-26,CLE,HOU,438,438,TRUE,TRUE
2023,401469273,2023-03-26,ORL,BKN,471,471,TRUE,TRUE
2023,401469274,2023-03-26,TOR,WSH,469,469,TRUE,TRUE
2023,401469269,2023-03-26,LAL,CHI,438,438,TRUE,TRUE
2023,401469268,2023-03-26,CHA,DAL,468,468,TRUE,TRUE
2023,401469267,2023-03-25,LAC,NO,428,428,TRUE,TRUE
2023,401469265,2023-03-25,PHX,PHI,450,450,TRUE,TRUE
2023,401469266,2023-03-25,SAC,UTAH,459,459,TRUE,TRUE
2023,401469264,2023-03-25,DEN,MIL,473,473,TRUE,TRUE
2023,401469263,2023-03-25,MIA,BKN,425,425,TRUE,TRUE
2023,401469262,2023-03-25,ATL,IND,445,445,TRUE,TRUE
2023,401469261,2023-03-24,LAL,OKC,475,475,TRUE,TRUE
2023,401469258,2023-03-24,GS,PHI,469,469,TRUE,TRUE
2023,401469259,2023-03-24,POR,CHI,421,421,TRUE,TRUE
2023,401469260,2023-03-24,SAC,PHX,478,478,TRUE,TRUE
2023,401469257,2023-03-24,UTAH,MIL,515,515,TRUE,TRUE
2023,401469256,2023-03-24,DAL,CHA,472,472,TRUE,TRUE
2023,401469255,2023-03-24,MEM,HOU,422,422,TRUE,TRUE
2023,401469254,2023-03-24,TOR,DET,462,462,TRUE,TRUE
2023,401469252,2023-03-24,BOS,IND,457,457,TRUE,TRUE
2023,401469253,2023-03-24,WSH,SA,445,445,TRUE,TRUE
2023,401469251,2023-03-23,LAC,OKC,427,427,TRUE,TRUE
2023,401469250,2023-03-23,NO,CHA,444,444,TRUE,TRUE
2023,401469249,2023-03-23,BKN,CLE,457,457,TRUE,TRUE
2023,401469248,2023-03-23,ORL,NY,453,453,TRUE,TRUE
2023,401469247,2023-03-22,LAL,PHX,478,478,TRUE,TRUE
2023,401469246,2023-03-22,UTAH,POR,493,493,TRUE,TRUE
2023,401469242,2023-03-22,CHI,PHI,469,469,TRUE,TRUE
2023,401469243,2023-03-22,MEM,HOU,488,488,TRUE,TRUE
2023,401469244,2023-03-22,MIL,SA,509,509,TRUE,TRUE
2023,401469245,2023-03-22,MIN,ATL,483,483,TRUE,TRUE
2023,401469239,2023-03-22,MIA,NY,436,436,TRUE,TRUE
2023,401469240,2023-03-22,TOR,IND,472,472,TRUE,TRUE
2023,401469241,2023-03-22,DAL,GS,464,464,TRUE,TRUE
2023,401469238,2023-03-22,WSH,DEN,419,419,TRUE,TRUE
2023,401469237,2023-03-21,LAC,OKC,466,466,TRUE,TRUE
2023,401469236,2023-03-21,SAC,BOS,452,452,TRUE,TRUE
2023,401469235,2023-03-21,NO,SA,465,465,TRUE,TRUE
2023,401469233,2023-03-21,ATL,DET,501,501,TRUE,TRUE
2023,401469234,2023-03-21,BKN,CLE,467,467,TRUE,TRUE
2023,401469232,2023-03-21,ORL,WSH,437,437,TRUE,TRUE
2023,401469231,2023-03-20,UTAH,SAC,474,474,TRUE,TRUE
2023,401469229,2023-03-20,HOU,GS,461,461,TRUE,TRUE
2023,401469230,2023-03-20,MEM,DAL,457,457,TRUE,TRUE
2023,401469228,2023-03-20,NY,MIN,455,455,TRUE,TRUE
2023,401469226,2023-03-20,CHA,IND,505,505,TRUE,TRUE
2023,401469227,2023-03-20,PHI,CHI,513,417,TRUE,TRUE
2023,401469225,2023-03-19,LAL,ORL,481,481,TRUE,TRUE
2023,401469224,2023-03-19,POR,LAC,441,441,TRUE,TRUE
2023,401469223,2023-03-19,MIL,TOR,441,441,TRUE,TRUE
2023,401469222,2023-03-19,HOU,NO,458,458,TRUE,TRUE
2023,401469221,2023-03-19,DET,MIA,408,408,TRUE,TRUE
2023,401469220,2023-03-19,SA,ATL,465,465,TRUE,TRUE
2023,401469218,2023-03-19,BKN,DEN,404,404,TRUE,TRUE
2023,401469219,2023-03-19,OKC,PHX,519,519,TRUE,TRUE
2023,401469217,2023-03-18,UTAH,BOS,452,452,TRUE,TRUE
2023,401469214,2023-03-18,WSH,SAC,460,460,TRUE,TRUE
2023,401469215,2023-03-18,CHI,MIA,398,398,TRUE,TRUE
2023,401469216,2023-03-18,MEM,GS,504,504,TRUE,TRUE
2023,401469212,2023-03-18,IND,PHI,421,421,TRUE,TRUE
2023,401469213,2023-03-18,TOR,MIN,468,468,TRUE,TRUE
2023,401469211,2023-03-18,LAC,ORL,467,467,TRUE,TRUE
2023,401469210,2023-03-18,NY,DEN,421,421,TRUE,TRUE
2023,401469209,2023-03-17,LAL,DAL,472,472,TRUE,TRUE
2023,401469208,2023-03-17,POR,BOS,490,490,TRUE,TRUE
2023,401469205,2023-03-17,CHI,MIN,530,441,TRUE,TRUE
2023,401469206,2023-03-17,HOU,NO,454,454,TRUE,TRUE
2023,401469207,2023-03-17,SA,MEM,536,490,TRUE,TRUE
2023,401469203,2023-03-17,ATL,GS,503,503,TRUE,TRUE
2023,401469204,2023-03-17,CLE,WSH,432,432,TRUE,TRUE
2023,401469202,2023-03-17,CHA,PHI,463,463,TRUE,TRUE
2023,401469201,2023-03-16,PHX,ORL,462,462,TRUE,TRUE
2023,401469200,2023-03-16,MIL,IND,468,468,TRUE,TRUE
2023,401469198,2023-03-16,BKN,SAC,472,472,TRUE,TRUE
2023,401469199,2023-03-16,TOR,OKC,498,498,TRUE,TRUE
2023,401469197,2023-03-16,DET,DEN,449,449,TRUE,TRUE
2023,401469196,2023-03-15,LAC,GS,473,473,TRUE,TRUE
2023,401469195,2023-03-15,SA,DAL,549,506,TRUE,TRUE
2023,401469192,2023-03-15,CHI,SAC,498,498,TRUE,TRUE
2023,401469193,2023-03-15,HOU,LAL,498,498,TRUE,TRUE
2023,401469194,2023-03-15,MIN,BOS,474,474,TRUE,TRUE
2023,401469190,2023-03-15,CLE,PHI,440,440,TRUE,TRUE
2023,401469191,2023-03-15,MIA,MEM,439,439,TRUE,TRUE
2023,401469188,2023-03-14,PHX,MIL,491,491,TRUE,TRUE
2023,401469189,2023-03-14,POR,NY,470,470,TRUE,TRUE
2023,401469185,2023-03-14,NO,LAL,491,491,TRUE,TRUE
2023,401469186,2023-03-14,OKC,BKN,498,498,TRUE,TRUE
2023,401469187,2023-03-14,SA,ORL,452,452,TRUE,TRUE
2023,401469184,2023-03-14,TOR,DEN,434,434,TRUE,TRUE
2023,401469182,2023-03-14,CHA,CLE,416,416,TRUE,TRUE
2023,401469183,2023-03-14,WSH,DET,440,440,TRUE,TRUE
2023,401469180,2023-03-13,GS,PHX,489,489,TRUE,TRUE
2023,401469181,2023-03-13,SAC,MIL,473,473,TRUE,TRUE
2023,401469179,2023-03-13,HOU,BOS,481,481,TRUE,TRUE
2023,401469176,2023-03-13,ATL,MIN,485,485,TRUE,TRUE
2023,401469177,2023-03-13,MIA,UTAH,462,462,TRUE,TRUE
2023,401469178,2023-03-13,DAL,MEM,441,441,TRUE,TRUE
2023,401469175,2023-03-13,DET,IND,463,463,TRUE,TRUE
2023,401469174,2023-03-12,LAL,NY,445,445,TRUE,TRUE
2023,401469172,2023-03-12,NO,POR,466,466,TRUE,TRUE
2023,401469173,2023-03-12,SA,OKC,489,489,TRUE,TRUE
2023,401469171,2023-03-12,PHI,WSH,439,439,TRUE,TRUE
2023,401469170,2023-03-12,CHA,CLE,472,472,TRUE,TRUE
2023,401469169,2023-03-12,DEN,BKN,461,461,TRUE,TRUE
2023,401469168,2023-03-11,PHX,SAC,492,492,TRUE,TRUE
2023,401469166,2023-03-11,NO,OKC,466,466,TRUE,TRUE
2023,401469167,2023-03-11,GS,MIL,532,485,TRUE,TRUE
2023,401469164,2023-03-11,HOU,CHI,445,445,TRUE,TRUE
2023,401469165,2023-03-11,MEM,DAL,442,442,TRUE,TRUE
2023,401469163,2023-03-11,ATL,BOS,446,446,TRUE,TRUE
2023,401469160,2023-03-11,CHA,UTAH,467,467,TRUE,TRUE
2023,401469161,2023-03-11,DET,IND,501,501,TRUE,TRUE
2023,401469162,2023-03-11,ORL,MIA,488,454,TRUE,TRUE
2023,401469159,2023-03-11,LAC,NY,451,451,TRUE,TRUE
2023,401469158,2023-03-10,LAL,TOR,416,416,TRUE,TRUE
2023,401469155,2023-03-10,MIA,CLE,458,458,TRUE,TRUE
2023,401469156,2023-03-10,MIN,BKN,541,504,TRUE,TRUE
2023,401469157,2023-03-10,SA,DEN,451,451,TRUE,TRUE
2023,401469153,2023-03-10,PHI,POR,446,446,TRUE,TRUE
2023,401469154,2023-03-10,WSH,ATL,474,474,TRUE,TRUE
2023,401469152,2023-03-09,SAC,NY,521,521,TRUE,TRUE
2023,401469150,2023-03-09,MIL,BKN,500,500,TRUE,TRUE
2023,401469151,2023-03-09,MEM,GS,473,473,TRUE,TRUE
2023,401469147,2023-03-09,DET,CHA,474,474,TRUE,TRUE
2023,401469148,2023-03-09,IND,HOU,526,480,TRUE,TRUE
2023,401469149,2023-03-09,ORL,UTAH,450,450,TRUE,TRUE
2023,401469146,2023-03-08,LAC,TOR,439,439,TRUE,TRUE
2023,401469144,2023-03-08,DEN,CHI,434,434,TRUE,TRUE
2023,401469145,2023-03-08,PHX,OKC,456,456,TRUE,TRUE
2023,401469141,2023-03-08,BOS,POR,456,456,TRUE,TRUE
2023,401469142,2023-03-08,MIA,CLE,443,443,TRUE,TRUE
2023,401469143,2023-03-08,NO,DAL,441,441,TRUE,TRUE
2023,401469140,2023-03-08,WSH,ATL,442,442,TRUE,TRUE
2023,401469139,2023-03-07,LAL,MEM,498,498,TRUE,TRUE
2023,401469138,2023-03-07,DAL,UTAH,494,494,TRUE,TRUE
2023,401469136,2023-03-07,HOU,BKN,460,460,TRUE,TRUE
2023,401469137,2023-03-07,OKC,GS,474,474,TRUE,TRUE
2023,401469134,2023-03-07,NY,CHA,448,448,TRUE,TRUE
2023,401469135,2023-03-07,MIN,PHI,441,441,TRUE,TRUE
2023,401469133,2023-03-07,ORL,MIL,467,467,TRUE,TRUE
2023,401526670,2023-03-07,DET,WSH,415,415,TRUE,TRUE
2023,401469131,2023-03-06,SAC,NO,423,423,TRUE,TRUE
2023,401469130,2023-03-06,DEN,TOR,439,439,TRUE,TRUE
2023,401469129,2023-03-06,MIA,ATL,462,462,TRUE,TRUE
2023,401469126,2023-03-06,CLE,BOS,543,484,TRUE,TRUE
2023,401469127,2023-03-06,IND,PHI,467,467,TRUE,TRUE
2023,401469132,2023-03-06,DET,POR,433,433,TRUE,TRUE
2023,401469125,2023-03-05,LAC,MEM,452,452,TRUE,TRUE
2023,401469124,2023-03-05,BOS,NY,549,461,TRUE,TRUE
2023,401469128,2023-03-05,WSH,MIL,472,472,TRUE,TRUE
2023,401469122,2023-03-05,HOU,SA,462,462,TRUE,TRUE
2023,401469123,2023-03-05,OKC,UTAH,484,484,TRUE,TRUE
2023,401469120,2023-03-05,BKN,CHA,455,455,TRUE,TRUE
2023,401469121,2023-03-05,ORL,POR,474,474,TRUE,TRUE
2023,401469119,2023-03-05,LAL,GS,484,484,TRUE,TRUE
2023,401469118,2023-03-05,CHI,IND,419,419,TRUE,TRUE
2023,401469117,2023-03-05,DAL,PHX,460,460,TRUE,TRUE
2023,401469116,2023-03-04,SAC,MIN,455,455,TRUE,TRUE
2023,401469115,2023-03-04,MIL,PHI,470,470,TRUE,TRUE
2023,401469113,2023-03-04,MIA,ATL,446,446,TRUE,TRUE
2023,401469114,2023-03-04,SA,HOU,464,464,TRUE,TRUE
2023,401469112,2023-03-04,CLE,DET,459,459,TRUE,TRUE
2023,401469111,2023-03-04,WSH,TOR,443,399,TRUE,TRUE
2023,401469110,2023-03-03,LAL,MIN,458,458,TRUE,TRUE
2023,401469107,2023-03-03,DEN,MEM,503,503,TRUE,TRUE
2023,401469108,2023-03-03,GS,NO,443,443,TRUE,TRUE
2023,401469109,2023-03-03,SAC,LAC,464,464,TRUE,TRUE
2023,401469104,2023-03-03,MIA,NY,426,426,TRUE,TRUE
2023,401469105,2023-03-03,CHI,PHX,447,447,TRUE,TRUE
2023,401469106,2023-03-03,OKC,UTAH,466,466,TRUE,TRUE
2023,401469102,2023-03-03,ATL,POR,452,452,TRUE,TRUE
2023,401469103,2023-03-03,BOS,BKN,477,477,TRUE,TRUE
2023,401469101,2023-03-03,CHA,ORL,449,449,TRUE,TRUE
2023,401469100,2023-03-02,GS,LAC,498,498,TRUE,TRUE
2023,401469099,2023-03-02,SA,IND,462,462,TRUE,TRUE
2023,401469098,2023-03-02,DAL,PHI,443,443,TRUE,TRUE
2023,401469097,2023-03-02,WSH,TOR,442,442,TRUE,TRUE
2023,401469096,2023-03-01,POR,NO,443,443,TRUE,TRUE
2023,401469093,2023-03-01,HOU,MEM,461,461,TRUE,TRUE
2023,401469094,2023-03-01,MIL,ORL,487,487,TRUE,TRUE
2023,401469095,2023-03-01,OKC,LAL,498,498,TRUE,TRUE
2023,401469090,2023-03-01,BOS,CLE,441,441,TRUE,TRUE
2023,401469091,2023-03-01,MIA,PHI,418,418,TRUE,TRUE
2023,401469092,2023-03-01,NY,BKN,457,457,TRUE,TRUE
2023,401469088,2023-03-01,CHA,PHX,469,469,TRUE,TRUE
2023,401469089,2023-03-01,DET,CHI,460,460,TRUE,TRUE
2023,401469086,2023-02-28,GS,POR,459,459,TRUE,TRUE
2023,401469087,2023-02-28,LAC,MIN,469,469,TRUE,TRUE
2023,401469085,2023-02-28,UTAH,SA,511,511,TRUE,TRUE
2023,401469084,2023-02-28,DAL,IND,483,483,TRUE,TRUE
2023,401469081,2023-02-28,HOU,DEN,427,427,TRUE,TRUE
2023,401469083,2023-02-28,OKC,SAC,499,499,TRUE,TRUE
2023,401469078,2023-02-28,ATL,WSH,453,453,TRUE,TRUE
2023,401469079,2023-02-28,BKN,MIL,500,500,TRUE,TRUE
2023,401469080,2023-02-28,TOR,CHI,432,432,TRUE,TRUE
2023,401469082,2023-02-28,MEM,LAL,511,511,TRUE,TRUE
2023,401469077,2023-02-27,NO,ORL,449,449,TRUE,TRUE
2023,401469076,2023-02-27,NY,BOS,442,442,TRUE,TRUE
2023,401469074,2023-02-27,CHA,DET,454,454,TRUE,TRUE
2023,401469075,2023-02-27,PHI,MIA,444,444,TRUE,TRUE
2023,401469073,2023-02-26,DEN,LAC,507,455,TRUE,TRUE
2023,401469072,2023-02-26,POR,HOU,496,496,TRUE,TRUE
2023,401469071,2023-02-26,GS,MIN,503,503,TRUE,TRUE
2023,401469070,2023-02-26,OKC,SAC,486,486,TRUE,TRUE
2023,401469069,2023-02-26,CLE,TOR,438,438,TRUE,TRUE
2023,401469067,2023-02-26,CHI,WSH,434,434,TRUE,TRUE
2023,401469068,2023-02-26,DAL,LAL,507,507,TRUE,TRUE
2023,401469066,2023-02-26,ATL,BKN,481,481,TRUE,TRUE
2023,401469065,2023-02-26,MIL,PHX,504,504,TRUE,TRUE
2023,401469064,2023-02-25,UTAH,SA,495,495,TRUE,TRUE
2023,401469063,2023-02-25,PHI,BOS,429,429,TRUE,TRUE
2023,401469062,2023-02-25,MEM,DEN,433,433,TRUE,TRUE
2023,401469061,2023-02-25,NY,NO,476,476,TRUE,TRUE
2023,401469059,2023-02-25,CHA,MIA,490,490,TRUE,TRUE
2023,401469060,2023-02-25,ORL,IND,493,493,TRUE,TRUE
2023,401469058,2023-02-25,DET,TOR,498,498,TRUE,TRUE
2023,401469057,2023-02-24,LAC,SAC,560,457,TRUE,TRUE
2023,401469054,2023-02-24,PHX,OKC,489,489,TRUE,TRUE
2023,401469056,2023-02-24,GS,HOU,451,451,TRUE,TRUE
2023,401469053,2023-02-24,MIN,CHA,475,475,TRUE,TRUE
2023,401469055,2023-02-24,CHI,BKN,441,441,TRUE,TRUE
2023,401469051,2023-02-24,ATL,CLE,463,463,TRUE,TRUE
2023,401469052,2023-02-24,MIL,MIA,485,485,TRUE,TRUE
2023,401469050,2023-02-24,WSH,NY,429,429,TRUE,TRUE
2023,401469048,2023-02-23,LAL,GS,503,503,TRUE,TRUE
2023,401469049,2023-02-23,SAC,POR,466,466,TRUE,TRUE
2023,401469047,2023-02-23,UTAH,OKC,572,508,TRUE,TRUE
2023,401469046,2023-02-23,DAL,SA,462,462,TRUE,TRUE
2023,401469044,2023-02-23,PHI,MEM,517,517,TRUE,TRUE
2023,401469045,2023-02-23,TOR,NO,465,465,TRUE,TRUE
2023,401469041,2023-02-23,CLE,DEN,448,448,TRUE,TRUE
2023,401469042,2023-02-23,IND,BOS,489,436,TRUE,TRUE
2023,401469043,2023-02-23,ORL,DET,481,481,TRUE,TRUE
2023,401469040,2023-02-16,PHX,LAC,457,457,TRUE,TRUE
2023,401469039,2023-02-16,MIN,WSH,475,475,TRUE,TRUE
2023,401469038,2023-02-16,CHI,MIL,471,471,TRUE,TRUE
2023,401469037,2023-02-15,LAL,NO,505,505,TRUE,TRUE
2023,401469036,2023-02-15,DEN,DAL,419,419,TRUE,TRUE
2023,401469034,2023-02-15,MEM,UTAH,518,518,TRUE,TRUE
2023,401469035,2023-02-15,OKC,HOU,547,547,TRUE,TRUE
2023,401469030,2023-02-15,PHI,CLE,432,432,TRUE,TRUE
2023,401469031,2023-02-15,ATL,NY,477,477,TRUE,TRUE
2023,401469032,2023-02-15,BOS,DET,423,423,TRUE,TRUE
2023,401469033,2023-02-15,BKN,MIA,440,440,TRUE,TRUE
2023,401469028,2023-02-15,CHA,SA,535,535,TRUE,TRUE
2023,401469029,2023-02-15,IND,CHI,452,452,TRUE,TRUE
2023,401469026,2023-02-14,LAC,GS,466,466,TRUE,TRUE
2023,401469027,2023-02-14,POR,WSH,452,452,TRUE,TRUE
2023,401469025,2023-02-14,PHX,SAC,457,457,TRUE,TRUE
2023,401469023,2023-02-14,TOR,ORL,418,418,TRUE,TRUE
2023,401469024,2023-02-14,MIL,BOS,533,484,TRUE,TRUE
2023,401469021,2023-02-13,GS,WSH,429,429,TRUE,TRUE
2023,401469022,2023-02-13,POR,LAL,453,453,TRUE,TRUE
2023,401469020,2023-02-13,DAL,MIN,454,454,TRUE,TRUE
2023,401469018,2023-02-13,CHI,ORL,445,445,TRUE,TRUE
2023,401469019,2023-02-13,OKC,NO,448,448,TRUE,TRUE
2023,401469016,2023-02-13,MIA,DEN,407,407,TRUE,TRUE
2023,401469017,2023-02-13,NY,BKN,455,455,TRUE,TRUE
2023,401469012,2023-02-13,CHA,ATL,463,463,TRUE,TRUE
2023,401469013,2023-02-13,CLE,SA,435,435,TRUE,TRUE
2023,401469014,2023-02-13,IND,UTAH,459,459,TRUE,TRUE
2023,401469015,2023-02-13,PHI,HOU,447,447,TRUE,TRUE
2023,401469011,2023-02-12,TOR,DET,493,493,TRUE,TRUE
2023,401469010,2023-02-12,BOS,MEM,450,450,TRUE,TRUE
2023,401469009,2023-02-11,SAC,DAL,476,419,TRUE,TRUE
2023,401469008,2023-02-11,GS,LAL,481,481,TRUE,TRUE
2023,401469007,2023-02-11,CLE,CHI,430,430,TRUE,TRUE
2023,401469005,2023-02-11,ATL,SA,490,490,TRUE,TRUE
2023,401469006,2023-02-11,NY,UTAH,491,491,TRUE,TRUE
2023,401469002,2023-02-11,CHA,DEN,480,480,TRUE,TRUE
2023,401469003,2023-02-11,ORL,MIA,494,451,TRUE,TRUE
2023,401469004,2023-02-11,WSH,IND,427,427,TRUE,TRUE
2023,401469001,2023-02-11,BKN,PHI,440,440,TRUE,TRUE
2023,401469000,2023-02-10,LAC,MIL,426,426,TRUE,TRUE
2023,401468997,2023-02-10,NO,CLE,434,434,TRUE,TRUE
2023,401468998,2023-02-10,POR,OKC,472,472,TRUE,TRUE
2023,401468999,2023-02-10,SAC,DAL,430,430,TRUE,TRUE
2023,401468995,2023-02-10,MIA,HOU,480,480,TRUE,TRUE
2023,401468996,2023-02-10,MEM,MIN,468,468,TRUE,TRUE
2023,401468993,2023-02-10,BOS,CHA,468,468,TRUE,TRUE
2023,401468994,2023-02-10,TOR,UTAH,498,498,TRUE,TRUE
2023,401468990,2023-02-10,DET,SA,625,505,TRUE,TRUE
2023,401468991,2023-02-10,IND,PHX,478,478,TRUE,TRUE
2023,401468992,2023-02-10,PHI,NY,412,412,TRUE,TRUE
2023,401468989,2023-02-09,LAL,MIL,484,484,TRUE,TRUE
2023,401468987,2023-02-09,ATL,PHX,493,493,TRUE,TRUE
2023,401468988,2023-02-09,BKN,CHI,463,463,TRUE,TRUE
2023,401468986,2023-02-09,ORL,DEN,456,456,TRUE,TRUE
2023,401468984,2023-02-08,LAC,DAL,431,431,TRUE,TRUE
2023,401468985,2023-02-08,POR,GS,448,448,TRUE,TRUE
2023,401468983,2023-02-08,UTAH,MIN,449,449,TRUE,TRUE
2023,401468982,2023-02-08,HOU,SAC,471,471,TRUE,TRUE
2023,401468979,2023-02-08,BOS,PHI,413,413,TRUE,TRUE
2023,401468980,2023-02-08,MIA,IND,460,460,TRUE,TRUE
2023,401468981,2023-02-08,TOR,SA,466,466,TRUE,TRUE
2023,401468977,2023-02-08,CLE,DET,439,439,TRUE,TRUE
2023,401468978,2023-02-08,WSH,CHA,450,450,TRUE,TRUE
2023,401468976,2023-02-07,LAL,OKC,477,477,TRUE,TRUE
2023,401468975,2023-02-07,DEN,MIN,443,443,TRUE,TRUE
2023,401468974,2023-02-07,MEM,CHI,469,469,TRUE,TRUE
2023,401468972,2023-02-07,BKN,PHX,504,504,TRUE,TRUE
2023,401468973,2023-02-07,NO,ATL,460,460,TRUE,TRUE
2023,401468971,2023-02-07,ORL,NY,439,439,TRUE,TRUE
2023,401468969,2023-02-06,GS,OKC,437,437,TRUE,TRUE
2023,401468970,2023-02-06,POR,MIL,490,490,TRUE,TRUE
2023,401468968,2023-02-06,UTAH,DAL,485,485,TRUE,TRUE
2023,401468966,2023-02-06,CHI,SA,448,448,TRUE,TRUE
2023,401468967,2023-02-06,HOU,SAC,447,447,TRUE,TRUE
2023,401468965,2023-02-06,BKN,LAC,472,472,TRUE,TRUE
2023,401468963,2023-02-06,DET,BOS,439,439,TRUE,TRUE
2023,401468964,2023-02-06,WSH,CLE,420,420,TRUE,TRUE
2023,401468961,2023-02-05,MIN,DEN,457,457,TRUE,TRUE
2023,401468962,2023-02-05,NO,SAC,467,467,TRUE,TRUE
2023,401468959,2023-02-05,NY,PHI,472,472,TRUE,TRUE
2023,401468960,2023-02-05,MEM,TOR,474,474,TRUE,TRUE
2023,401468958,2023-02-05,IND,CLE,465,465,TRUE,TRUE
2023,401468957,2023-02-05,CHA,ORL,462,462,TRUE,TRUE
2023,401468956,2023-02-04,DEN,ATL,463,463,TRUE,TRUE
2023,401468955,2023-02-04,GS,DAL,453,453,TRUE,TRUE
2023,401468951,2023-02-04,CHI,POR,418,418,TRUE,TRUE
2023,401468952,2023-02-04,MIL,MIA,483,483,TRUE,TRUE
2023,401468954,2023-02-04,OKC,HOU,462,462,TRUE,TRUE
2023,401468949,2023-02-04,DET,PHX,457,457,TRUE,TRUE
2023,401468950,2023-02-04,NY,LAC,504,427,TRUE,TRUE
2023,401468948,2023-02-04,BKN,WSH,501,501,TRUE,TRUE
2023,401468953,2023-02-04,NO,LAL,487,487,TRUE,TRUE
2023,401468947,2023-02-03,UTAH,ATL,471,471,TRUE,TRUE
2023,401468944,2023-02-03,HOU,TOR,477,477,TRUE,TRUE
2023,401468945,2023-02-03,MIN,ORL,526,526,TRUE,TRUE
2023,401468946,2023-02-03,SA,PHI,456,456,TRUE,TRUE
2023,401468943,2023-02-03,BOS,PHX,457,457,TRUE,TRUE
2023,401468940,2023-02-03,DET,CHA,483,483,TRUE,TRUE
2023,401468941,2023-02-03,IND,SAC,461,461,TRUE,TRUE
2023,401468942,2023-02-03,WSH,POR,427,427,TRUE,TRUE
2023,401468939,2023-02-02,MIL,LAC,484,484,TRUE,TRUE
2023,401468938,2023-02-02,DEN,GS,459,459,TRUE,TRUE
2023,401468937,2023-02-02,DAL,NO,469,469,TRUE,TRUE
2023,401468936,2023-02-02,CHI,CHA,450,450,TRUE,TRUE
2023,401468934,2023-02-02,CLE,MEM,483,483,TRUE,TRUE
2023,401468935,2023-02-02,NY,MIA,432,432,TRUE,TRUE
2023,401468933,2023-02-02,IND,LAL,468,468,TRUE,TRUE
2023,401468932,2023-02-01,PHX,ATL,444,444,TRUE,TRUE
2023,401468931,2023-02-01,UTAH,TOR,497,497,TRUE,TRUE
2023,401468928,2023-02-01,HOU,OKC,554,554,TRUE,TRUE
2023,401468929,2023-02-01,MIN,GS,549,500,TRUE,TRUE
2023,401468930,2023-02-01,SA,SAC,426,426,TRUE,TRUE
2023,401468927,2023-02-01,BOS,BKN,401,401,TRUE,TRUE
2023,401468925,2023-02-01,PHI,ORL,471,471,TRUE,TRUE
2023,401468926,2023-02-01,MEM,POR,473,473,TRUE,TRUE
2023,401468923,2023-01-31,DEN,NO,468,468,TRUE,TRUE
2023,401468921,2023-01-31,CHI,LAC,455,455,TRUE,TRUE
2023,401468922,2023-01-31,MIL,CHA,569,569,TRUE,TRUE
2023,401468920,2023-01-31,NY,LAL,511,471,TRUE,TRUE
2023,401468919,2023-01-31,CLE,MIA,441,441,TRUE,TRUE
2023,401468918,2023-01-30,POR,ATL,456,456,TRUE,TRUE
2023,401468917,2023-01-30,PHX,TOR,451,451,TRUE,TRUE
2023,401468916,2023-01-30,DAL,DET,463,463,TRUE,TRUE
2023,401468913,2023-01-30,MIN,SAC,512,467,TRUE,TRUE
2023,401468914,2023-01-30,OKC,GS,482,482,TRUE,TRUE
2023,401468915,2023-01-30,SA,WSH,470,470,TRUE,TRUE
2023,401468912,2023-01-30,BKN,LAL,506,506,TRUE,TRUE
2023,401468911,2023-01-30,PHI,ORL,491,491,TRUE,TRUE
2023,401468910,2023-01-29,MIL,NO,481,481,TRUE,TRUE
2023,401468909,2023-01-29,CLE,LAC,435,435,TRUE,TRUE
2023,401468908,2023-01-29,MEM,IND,447,447,TRUE,TRUE
2023,401468907,2023-01-29,CHA,MIA,458,458,TRUE,TRUE
2023,401468906,2023-01-28,POR,TOR,422,422,TRUE,TRUE
2023,401468905,2023-01-28,UTAH,DAL,445,445,TRUE,TRUE
2023,401468904,2023-01-28,BOS,LAL,521,456,TRUE,TRUE
2023,401468901,2023-01-28,MIN,SAC,473,473,TRUE,TRUE
2023,401468902,2023-01-28,NO,WSH,481,481,TRUE,TRUE
2023,401468903,2023-01-28,SA,PHX,509,453,TRUE,TRUE
2023,401468900,2023-01-28,ATL,LAC,431,431,TRUE,TRUE
2023,401468898,2023-01-28,DET,HOU,502,502,TRUE,TRUE
2023,401468899,2023-01-28,ORL,CHI,420,420,TRUE,TRUE
2023,401468897,2023-01-28,BKN,NY,422,422,TRUE,TRUE
2023,401468896,2023-01-28,PHI,DEN,433,433,TRUE,TRUE
2023,401468895,2023-01-27,GS,TOR,462,462,TRUE,TRUE
2023,401468893,2023-01-27,MIA,ORL,445,445,TRUE,TRUE
2023,401468894,2023-01-27,OKC,CLE,442,442,TRUE,TRUE
2023,401468892,2023-01-27,MIN,MEM,460,460,TRUE,TRUE
2023,401468891,2023-01-27,IND,MIL,507,507,TRUE,TRUE
2023,401468890,2023-01-26,LAC,SA,442,442,TRUE,TRUE
2023,401468889,2023-01-26,PHX,DAL,445,445,TRUE,TRUE
2023,401468888,2023-01-26,HOU,CLE,439,439,TRUE,TRUE
2023,401468885,2023-01-26,BOS,NY,497,430,TRUE,TRUE
2023,401468886,2023-01-26,BKN,DET,491,491,TRUE,TRUE
2023,401468887,2023-01-26,CHA,CHI,478,478,TRUE,TRUE
2023,401468884,2023-01-25,LAL,SA,521,521,TRUE,TRUE
2023,401468881,2023-01-25,GS,MEM,532,532,TRUE,TRUE
2023,401468882,2023-01-25,POR,UTAH,428,428,TRUE,TRUE
2023,401468883,2023-01-25,SAC,TOR,406,406,TRUE,TRUE
2023,401468877,2023-01-25,HOU,WSH,490,490,TRUE,TRUE
2023,401468878,2023-01-25,MIL,DEN,484,484,TRUE,TRUE
2023,401468879,2023-01-25,NO,MIN,466,466,TRUE,TRUE
2023,401468880,2023-01-25,OKC,ATL,486,486,TRUE,TRUE
2023,401468876,2023-01-25,PHI,BKN,441,441,TRUE,TRUE
2023,401468875,2023-01-25,ORL,IND,464,464,TRUE,TRUE
2023,401468874,2023-01-24,LAL,LAC,442,442,TRUE,TRUE
2023,401468873,2023-01-24,PHX,CHA,464,464,TRUE,TRUE
2023,401468872,2023-01-24,DAL,WSH,489,489,TRUE,TRUE
2023,401468871,2023-01-24,NO,DEN,422,422,TRUE,TRUE
2023,401468869,2023-01-24,MIA,BOS,465,465,TRUE,TRUE
2023,401468870,2023-01-24,NY,CLE,432,432,TRUE,TRUE
2023,401468868,2023-01-24,IND,CHI,492,492,TRUE,TRUE
2023,401468867,2023-01-23,SAC,MEM,461,461,TRUE,TRUE
2023,401468866,2023-01-23,POR,SA,456,456,TRUE,TRUE
2023,401468865,2023-01-23,UTAH,CHA,498,498,TRUE,TRUE
2023,401468863,2023-01-23,CHI,ATL,464,464,TRUE,TRUE
2023,401468864,2023-01-23,HOU,MIN,507,507,TRUE,TRUE
2023,401468861,2023-01-23,DET,MIL,518,518,TRUE,TRUE
2023,401468862,2023-01-23,ORL,BOS,429,429,TRUE,TRUE
2023,401468860,2023-01-22,POR,LAL,457,457,TRUE,TRUE
2023,401468859,2023-01-22,GS,BKN,492,492,TRUE,TRUE
2023,401468857,2023-01-22,DEN,OKC,466,466,TRUE,TRUE
2023,401468858,2023-01-22,PHX,MEM,511,511,TRUE,TRUE
2023,401468855,2023-01-22,TOR,NY,468,468,TRUE,TRUE
2023,401468854,2023-01-22,MIA,NO,461,461,TRUE,TRUE
2023,401468856,2023-01-22,DAL,LAC,448,448,TRUE,TRUE
2023,401468853,2023-01-21,SAC,PHI,478,478,TRUE,TRUE
2023,401468852,2023-01-21,PHX,IND,538,538,TRUE,TRUE
2023,401468851,2023-01-21,MIN,HOU,480,480,TRUE,TRUE
2023,401468849,2023-01-21,ATL,CHA,450,450,TRUE,TRUE
2023,401468850,2023-01-21,CLE,MIL,428,428,TRUE,TRUE
2023,401468848,2023-01-21,WSH,ORL,472,472,TRUE,TRUE
2023,401468847,2023-01-21,TOR,BOS,404,404,TRUE,TRUE
2023,401468845,2023-01-20,LAL,MEM,593,593,TRUE,TRUE
2023,401468846,2023-01-20,SAC,OKC,454,454,TRUE,TRUE
2023,401468843,2023-01-20,DEN,IND,480,480,TRUE,TRUE
2023,401468844,2023-01-20,UTAH,BKN,445,445,TRUE,TRUE
2023,401468842,2023-01-20,SA,LAC,399,399,TRUE,TRUE
2023,401468839,2023-01-20,ATL,NY,424,424,TRUE,TRUE
2023,401468840,2023-01-20,CLE,GS,459,459,TRUE,TRUE
2023,401468841,2023-01-20,DAL,MIA,434,434,TRUE,TRUE
2023,401468838,2023-01-20,ORL,NO,449,449,TRUE,TRUE
2023,401468836,2023-01-19,PHX,BKN,520,520,TRUE,TRUE
2023,401468837,2023-01-19,POR,PHI,453,453,TRUE,TRUE
2023,401468835,2023-01-19,MIN,TOR,460,460,TRUE,TRUE
2023,401468834,2023-01-19,BOS,GS,554,497,TRUE,TRUE
2023,401468833,2023-01-19,DET,CHI,482,482,TRUE,TRUE
2023,401468832,2023-01-18,LAL,SAC,465,465,TRUE,TRUE
2023,401468831,2023-01-18,DEN,MIN,477,477,TRUE,TRUE
2023,401468830,2023-01-18,UTAH,LAC,459,459,TRUE,TRUE
2023,401468826,2023-01-18,HOU,CHA,485,485,TRUE,TRUE
2023,401468827,2023-01-18,MEM,CLE,460,460,TRUE,TRUE
2023,401468828,2023-01-18,NO,MIA,436,436,TRUE,TRUE
2023,401468829,2023-01-18,OKC,IND,505,505,TRUE,TRUE
2023,401468824,2023-01-18,NY,WSH,495,495,TRUE,TRUE
2023,401468825,2023-01-18,DAL,ATL,441,441,TRUE,TRUE
2023,401468823,2023-01-17,LAC,PHI,441,441,TRUE,TRUE
2023,401468822,2023-01-17,DEN,POR,457,457,TRUE,TRUE
2023,401468821,2023-01-17,SA,BKN,523,523,TRUE,TRUE
2023,401468820,2023-01-17,MIL,TOR,467,467,TRUE,TRUE
2023,401468819,2023-01-16,LAL,HOU,501,501,TRUE,TRUE
2023,401468818,2023-01-16,MEM,PHX,464,464,TRUE,TRUE
2023,401468817,2023-01-16,MIN,UTAH,471,471,TRUE,TRUE
2023,401468816,2023-01-16,ATL,MIA,441,441,TRUE,TRUE
2023,401468813,2023-01-16,CLE,NO,440,440,TRUE,TRUE
2023,401468814,2023-01-16,NY,TOR,538,473,TRUE,TRUE
2023,401468815,2023-01-16,WSH,GS,459,459,TRUE,TRUE
2023,401468812,2023-01-16,MIL,IND,431,431,TRUE,TRUE
2023,401468811,2023-01-16,CHA,BOS,454,454,TRUE,TRUE
2023,401468810,2023-01-15,LAL,PHI,429,429,TRUE,TRUE
2023,401468809,2023-01-15,POR,DAL,501,501,TRUE,TRUE
2023,401468808,2023-01-15,DEN,ORL,464,464,TRUE,TRUE
2023,401468807,2023-01-15,SA,SAC,462,462,TRUE,TRUE
2023,401468806,2023-01-15,BKN,OKC,493,493,TRUE,TRUE
2023,401468805,2023-01-15,CHI,GS,480,480,TRUE,TRUE
2023,401468804,2023-01-15,LAC,HOU,462,462,TRUE,TRUE
2023,401468803,2023-01-15,DET,NY,431,431,TRUE,TRUE
2023,401468802,2023-01-14,POR,DAL,430,430,TRUE,TRUE
2023,401468801,2023-01-14,UTAH,PHI,463,463,TRUE,TRUE
2023,401468800,2023-01-14,MIN,CLE,419,419,TRUE,TRUE
2023,401468799,2023-01-14,TOR,ATL,450,450,TRUE,TRUE
2023,401468797,2023-01-14,CHA,BOS,440,440,TRUE,TRUE
2023,401468798,2023-01-14,IND,MEM,518,518,TRUE,TRUE
2023,401468796,2023-01-14,MIA,MIL,414,414,TRUE,TRUE
2023,401468794,2023-01-13,LAC,DEN,412,412,TRUE,TRUE
2023,401468795,2023-01-13,SAC,HOU,499,499,TRUE,TRUE
2023,401468793,2023-01-13,UTAH,ORL,515,515,TRUE,TRUE
2023,401468791,2023-01-13,CHI,OKC,466,466,TRUE,TRUE
2023,401468792,2023-01-13,MIN,PHX,466,466,TRUE,TRUE
2023,401468790,2023-01-13,SA,GS,504,504,TRUE,TRUE
2023,401468787,2023-01-13,DET,NO,482,482,TRUE,TRUE
2023,401468788,2023-01-13,IND,ATL,519,519,TRUE,TRUE
2023,401468789,2023-01-13,WSH,NY,497,497,TRUE,TRUE
2023,401468785,2023-01-12,LAL,DAL,544,454,TRUE,TRUE
2023,401468786,2023-01-12,POR,CLE,347,347,TRUE,FALSE
2023,401468782,2023-01-12,BKN,BOS,437,437,TRUE,TRUE
2023,401468783,2023-01-12,MIA,MIL,447,447,TRUE,TRUE
2023,401468784,2023-01-12,TOR,CHA,474,474,TRUE,TRUE
2023,401468781,2023-01-12,PHI,OKC,494,494,TRUE,TRUE
2023,401468779,2023-01-11,DEN,PHX,442,442,TRUE,TRUE
2023,401468780,2023-01-11,SAC,HOU,496,496,TRUE,TRUE
2023,401468778,2023-01-11,MEM,SA,517,517,TRUE,TRUE
2023,401468775,2023-01-11,ATL,MIL,454,454,TRUE,TRUE
2023,401468776,2023-01-11,BOS,NO,434,434,TRUE,TRUE
2023,401468777,2023-01-11,NY,IND,469,469,TRUE,TRUE
2023,401468773,2023-01-11,DET,MIN,453,453,TRUE,TRUE
2023,401468774,2023-01-11,WSH,CHI,434,434,TRUE,TRUE
2023,401468772,2023-01-10,LAC,DAL,451,451,TRUE,TRUE
2023,401468770,2023-01-10,GS,PHX,537,537,TRUE,TRUE
2023,401468771,2023-01-10,POR,ORL,447,447,TRUE,TRUE
2023,401468769,2023-01-10,UTAH,CLE,483,483,TRUE,TRUE
2023,401468766,2023-01-10,MIA,OKC,507,507,TRUE,TRUE
2023,401468768,2023-01-10,TOR,CHA,441,441,TRUE,TRUE
2023,401468767,2023-01-10,PHI,DET,485,485,TRUE,TRUE
2023,401468765,2023-01-09,SAC,ORL,454,454,TRUE,TRUE
2023,401468764,2023-01-09,DEN,LAL,491,491,TRUE,TRUE
2023,401468763,2023-01-09,MEM,SA,504,504,TRUE,TRUE
2023,401468761,2023-01-09,BOS,CHI,423,423,TRUE,TRUE
2023,401468762,2023-01-09,NY,MIL,475,475,TRUE,TRUE
2023,401468760,2023-01-09,WSH,NO,478,478,TRUE,TRUE
2023,401468759,2023-01-08,LAC,ATL,482,482,TRUE,TRUE
2023,401468758,2023-01-08,PHX,CLE,399,399,TRUE,TRUE
2023,401468756,2023-01-08,HOU,MIN,451,451,TRUE,TRUE
2023,401468757,2023-01-08,OKC,DAL,489,489,TRUE,TRUE
2023,401468754,2023-01-08,MIA,BKN,448,448,TRUE,TRUE
2023,401468755,2023-01-08,MEM,UTAH,498,498,TRUE,TRUE
2023,401468753,2023-01-08,IND,CHA,504,504,TRUE,TRUE
2023,401468752,2023-01-08,TOR,POR,496,496,TRUE,TRUE
2023,401468751,2023-01-08,DET,PHI,455,455,TRUE,TRUE
2023,401468750,2023-01-07,SAC,LAL,507,507,TRUE,TRUE
2023,401468749,2023-01-07,GS,ORL,460,460,TRUE,TRUE
2023,401468747,2023-01-07,CHI,UTAH,453,453,TRUE,TRUE
2023,401468748,2023-01-07,DAL,NO,507,507,TRUE,TRUE
2023,401468746,2023-01-07,SA,BOS,482,482,TRUE,TRUE
2023,401468745,2023-01-06,LAL,ATL,473,473,TRUE,TRUE
2023,401468744,2023-01-06,PHX,MIA,447,447,TRUE,TRUE
2023,401468742,2023-01-06,MIN,LAC,493,493,TRUE,TRUE
2023,401468743,2023-01-06,DEN,CLE,477,477,TRUE,TRUE
2023,401468738,2023-01-06,MIL,CHA,472,472,TRUE,TRUE
2023,401468739,2023-01-06,OKC,WSH,479,479,TRUE,TRUE
2023,401468740,2023-01-06,SA,DET,452,452,TRUE,TRUE
2023,401468737,2023-01-06,TOR,NY,470,470,TRUE,TRUE
2023,401468741,2023-01-06,NO,BKN,482,482,TRUE,TRUE
2023,401468735,2023-01-06,IND,POR,468,468,TRUE,TRUE
2023,401468736,2023-01-06,PHI,CHI,428,428,TRUE,TRUE
2023,401468734,2023-01-05,DEN,LAC,446,446,TRUE,TRUE
2023,401468733,2023-01-05,HOU,UTAH,480,480,TRUE,TRUE
2023,401468732,2023-01-05,DAL,BOS,472,472,TRUE,TRUE
2023,401468731,2023-01-05,ORL,MEM,466,466,TRUE,TRUE
2023,401468728,2023-01-04,GS,DET,446,446,TRUE,TRUE
2023,401468729,2023-01-04,LAL,MIA,491,491,TRUE,TRUE
2023,401468730,2023-01-04,SAC,ATL,460,460,TRUE,TRUE
2023,401468725,2023-01-04,CHI,BKN,455,455,TRUE,TRUE
2023,401468726,2023-01-04,MIN,POR,502,502,TRUE,TRUE
2023,401468727,2023-01-04,NO,HOU,486,486,TRUE,TRUE
2023,401468723,2023-01-04,NY,SA,493,493,TRUE,TRUE
2023,401468724,2023-01-04,TOR,MIL,578,531,TRUE,TRUE
2023,401468719,2023-01-04,CHA,MEM,515,515,TRUE,TRUE
2023,401468720,2023-01-04,CLE,PHX,439,439,TRUE,TRUE
2023,401468721,2023-01-04,ORL,OKC,487,487,TRUE,TRUE
2023,401468722,2023-01-04,PHI,IND,491,435,TRUE,TRUE
2023,401468718,2023-01-03,UTAH,SAC,486,486,TRUE,TRUE
2023,401468716,2023-01-03,MIL,WSH,488,488,TRUE,TRUE
2023,401468717,2023-01-03,OKC,BOS,477,477,TRUE,TRUE
2023,401468715,2023-01-02,LAC,MIA,434,434,TRUE,TRUE
2023,401468713,2023-01-02,GS,ATL,609,501,TRUE,TRUE
2023,401468714,2023-01-02,POR,DET,509,509,TRUE,TRUE
2023,401468711,2023-01-02,HOU,DAL,479,479,TRUE,TRUE
2023,401468712,2023-01-02,MIN,DEN,464,464,TRUE,TRUE
2023,401468710,2023-01-02,BKN,SA,449,449,TRUE,TRUE
2023,401468706,2023-01-02,CHA,LAL,509,509,TRUE,TRUE
2023,401468707,2023-01-02,CLE,CHI,547,498,TRUE,TRUE
2023,401468708,2023-01-02,IND,TOR,482,482,TRUE,TRUE
2023,401468709,2023-01-02,PHI,NO,462,462,TRUE,TRUE
2023,401468705,2023-01-02,NY,PHX,403,403,TRUE,TRUE
2023,401468702,2023-01-01,MEM,SAC,508,508,TRUE,TRUE
2023,401468703,2023-01-01,MIL,WSH,466,466,TRUE,TRUE
2023,401468704,2023-01-01,DEN,BOS,434,434,TRUE,TRUE
2023,401468701,2022-12-31,UTAH,MIA,510,510,TRUE,TRUE
2023,401468698,2022-12-31,MEM,NO,532,532,TRUE,TRUE
2023,401468699,2022-12-31,MIN,DET,468,468,TRUE,TRUE
2023,401468700,2022-12-31,OKC,PHI,504,504,TRUE,TRUE
2023,401468694,2022-12-31,CHA,BKN,448,448,TRUE,TRUE
2023,401468695,2022-12-31,CHI,CLE,460,460,TRUE,TRUE
2023,401468696,2022-12-31,HOU,NY,490,490,TRUE,TRUE
2023,401468697,2022-12-31,SA,DAL,468,468,TRUE,TRUE
2023,401468693,2022-12-31,IND,LAC,454,454,TRUE,TRUE
2023,401468691,2022-12-30,GS,POR,495,495,TRUE,TRUE
2023,401468692,2022-12-30,SAC,UTAH,462,462,TRUE,TRUE
2023,401468690,2022-12-30,DEN,MIA,448,448,TRUE,TRUE
2023,401468689,2022-12-30,NO,PHI,459,459,TRUE,TRUE
2023,401468687,2022-12-30,CHI,DET,439,439,TRUE,TRUE
2023,401468688,2022-12-30,MIL,MIN,541,541,TRUE,TRUE
2023,401468685,2022-12-30,ATL,LAL,480,480,TRUE,TRUE
2023,401468686,2022-12-30,TOR,PHX,436,436,TRUE,TRUE
2023,401468684,2022-12-30,ORL,WSH,464,464,TRUE,TRUE
2023,401468683,2022-12-29,DAL,HOU,491,491,TRUE,TRUE
2023,401468682,2022-12-29,SA,NY,499,499,TRUE,TRUE
2023,401468680,2022-12-29,BOS,LAC,453,453,TRUE,TRUE
2023,401468681,2022-12-29,TOR,MEM,482,482,TRUE,TRUE
2023,401468678,2022-12-29,CHA,OKC,495,495,TRUE,TRUE
2023,401468679,2022-12-29,IND,CLE,437,437,TRUE,TRUE
2023,401468676,2022-12-28,GS,UTAH,500,500,TRUE,TRUE
2023,401468677,2022-12-28,SAC,DEN,454,454,TRUE,TRUE
2023,401468674,2022-12-28,CHI,MIL,572,515,TRUE,TRUE
2023,401468675,2022-12-28,NO,MIN,508,508,TRUE,TRUE
2023,401468672,2022-12-28,ATL,BKN,436,436,TRUE,TRUE
2023,401468673,2022-12-28,MIA,LAL,433,433,TRUE,TRUE
2023,401468670,2022-12-28,DET,ORL,503,503,TRUE,TRUE
2023,401468671,2022-12-28,WSH,PHX,446,446,TRUE,TRUE
2023,401468668,2022-12-27,GS,CHA,496,496,TRUE,TRUE
2023,401468669,2022-12-27,SAC,DEN,447,447,TRUE,TRUE
2023,401468667,2022-12-27,DAL,NY,516,450,TRUE,TRUE
2023,401468665,2022-12-27,MEM,PHX,497,497,TRUE,TRUE
2023,401468666,2022-12-27,OKC,SA,483,483,TRUE,TRUE
2023,401468662,2022-12-27,BOS,HOU,459,459,TRUE,TRUE
2023,401468663,2022-12-27,IND,ATL,481,481,TRUE,TRUE
2023,401468664,2022-12-27,TOR,LAC,451,451,TRUE,TRUE
2023,401468660,2022-12-27,ORL,LAL,449,449,TRUE,TRUE
2023,401468661,2022-12-27,WSH,PHI,490,490,TRUE,TRUE
2023,401468659,2022-12-26,POR,CHA,488,488,TRUE,TRUE
2023,401468658,2022-12-26,SA,UTAH,519,519,TRUE,TRUE
2023,401468656,2022-12-26,CHI,HOU,448,448,TRUE,TRUE
2023,401468657,2022-12-26,NO,IND,470,470,TRUE,TRUE
2023,401468655,2022-12-26,MIA,MIN,440,440,TRUE,TRUE
2023,401468653,2022-12-26,CLE,BKN,444,444,TRUE,TRUE
2023,401468654,2022-12-26,DET,LAC,534,494,TRUE,TRUE
2023,401468652,2022-12-25,DEN,PHX,529,469,TRUE,TRUE
2023,401468651,2022-12-25,GS,MEM,513,513,TRUE,TRUE
2023,401468650,2022-12-25,BOS,MIL,443,443,TRUE,TRUE
2023,401468649,2022-12-25,DAL,LAL,462,462,TRUE,TRUE
2023,401468648,2022-12-25,NY,PHI,418,418,TRUE,TRUE
2023,401468647,2022-12-23,LAL,CHA,480,480,TRUE,TRUE
2023,401468645,2022-12-23,PHX,MEM,510,510,TRUE,TRUE
2023,401468646,2022-12-23,SAC,WSH,475,475,TRUE,TRUE
2023,401468644,2022-12-23,DEN,POR,449,449,TRUE,TRUE
2023,401468641,2022-12-23,MIA,IND,446,446,TRUE,TRUE
2023,401468642,2022-12-23,HOU,DAL,469,469,TRUE,TRUE
2023,401468643,2022-12-23,OKC,NO,560,500,TRUE,TRUE
2023,401468636,2022-12-23,ATL,DET,466,466,TRUE,TRUE
2023,401468637,2022-12-23,BOS,MIN,476,476,TRUE,TRUE
2023,401468638,2022-12-23,BKN,MIL,464,464,TRUE,TRUE
2023,401468639,2022-12-23,CLE,TOR,436,436,TRUE,TRUE
2023,401468640,2022-12-23,NY,CHI,444,444,TRUE,TRUE
2023,401468634,2022-12-23,ORL,SA,467,467,TRUE,TRUE
2023,401468635,2022-12-23,PHI,LAC,415,415,TRUE,TRUE
2023,401468633,2022-12-22,UTAH,WSH,428,428,TRUE,TRUE
2023,401468632,2022-12-22,NO,SA,513,513,TRUE,TRUE
2023,401468631,2022-12-21,LAC,CHA,489,489,TRUE,TRUE
2023,401468630,2022-12-21,SAC,LAL,500,500,TRUE,TRUE
2023,401468627,2022-12-21,HOU,ORL,476,476,TRUE,TRUE
2023,401468628,2022-12-21,MIN,DAL,422,422,TRUE,TRUE
2023,401468629,2022-12-21,OKC,POR,448,448,TRUE,TRUE
2023,401468623,2022-12-21,ATL,CHI,442,442,TRUE,TRUE
2023,401468624,2022-12-21,BOS,IND,491,491,TRUE,TRUE
2023,401468625,2022-12-21,BKN,GS,431,431,TRUE,TRUE
2023,401468626,2022-12-21,NY,TOR,428,428,TRUE,TRUE
2023,401468621,2022-12-21,CLE,MIL,481,481,TRUE,TRUE
2023,401468622,2022-12-21,PHI,DET,480,480,TRUE,TRUE
2023,401468620,2022-12-20,DEN,MEM,478,478,TRUE,TRUE
2023,401468619,2022-12-20,PHX,WSH,474,474,TRUE,TRUE
2023,401468617,2022-12-20,MIA,CHI,408,408,TRUE,TRUE
2023,401468618,2022-12-20,NY,GS,426,426,TRUE,TRUE
2023,401468616,2022-12-20,DET,UTAH,453,453,TRUE,TRUE
2023,401468615,2022-12-19,SAC,CHA,513,513,TRUE,TRUE
2023,401468614,2022-12-19,PHX,LAL,437,437,TRUE,TRUE
2023,401468610,2022-12-19,HOU,SA,490,490,TRUE,TRUE
2023,401468611,2022-12-19,MIN,DAL,468,468,TRUE,TRUE
2023,401468612,2022-12-19,NO,MIL,508,508,TRUE,TRUE
2023,401468613,2022-12-19,OKC,POR,499,499,TRUE,TRUE
2023,401468609,2022-12-19,ATL,ORL,461,461,TRUE,TRUE
2023,401468607,2022-12-19,CLE,UTAH,448,448,TRUE,TRUE
2023,401468608,2022-12-19,PHI,TOR,468,419,TRUE,TRUE
2023,401468606,2022-12-18,LAL,WSH,473,473,TRUE,TRUE
2023,401468605,2022-12-18,DEN,CHA,504,504,TRUE,TRUE
2023,401468604,2022-12-18,MIN,CHI,431,431,TRUE,TRUE
2023,401468602,2022-12-18,DET,BKN,461,461,TRUE,TRUE
2023,401468603,2022-12-18,TOR,GS,484,484,TRUE,TRUE
2023,401468601,2022-12-18,IND,NY,488,488,TRUE,TRUE
2023,401468600,2022-12-18,BOS,ORL,460,460,TRUE,TRUE
2023,401468599,2022-12-17,PHX,NO,451,451,TRUE,TRUE
2023,401468595,2022-12-17,CLE,DAL,508,463,TRUE,TRUE
2023,401468596,2022-12-17,HOU,POR,491,491,TRUE,TRUE
2023,401468597,2022-12-17,MIL,UTAH,417,417,TRUE,TRUE
2023,401468598,2022-12-17,OKC,MEM,525,525,TRUE,TRUE
2023,401468594,2022-12-17,SA,MIA,475,475,TRUE,TRUE
2023,401468593,2022-12-17,LAC,WSH,461,461,TRUE,TRUE
2023,401468592,2022-12-16,LAL,DEN,478,478,TRUE,TRUE
2023,401468591,2022-12-16,DAL,POR,445,445,TRUE,TRUE
2023,401468589,2022-12-16,CHI,NY,458,458,TRUE,TRUE
2023,401468590,2022-12-16,OKC,MIN,503,503,TRUE,TRUE
2023,401468585,2022-12-16,BOS,ORL,492,492,TRUE,TRUE
2023,401468586,2022-12-16,CLE,IND,406,406,TRUE,TRUE
2023,401468587,2022-12-16,PHI,GS,468,468,TRUE,TRUE
2023,401468588,2022-12-16,TOR,BKN,444,444,TRUE,TRUE
2023,401468583,2022-12-16,CHA,ATL,487,487,TRUE,TRUE
2023,401468584,2022-12-16,DET,SAC,477,477,TRUE,TRUE
2023,401468582,2022-12-15,LAC,PHX,473,473,TRUE,TRUE
2023,401468581,2022-12-15,UTAH,NO,558,495,TRUE,TRUE
2023,401468579,2022-12-15,HOU,MIA,471,471,TRUE,TRUE
2023,401468580,2022-12-15,MEM,MIL,495,495,TRUE,TRUE
2023,401468578,2022-12-14,LAC,MIN,471,471,TRUE,TRUE
2023,401468576,2022-12-14,DAL,CLE,423,423,TRUE,TRUE
2023,401468577,2022-12-14,DEN,WSH,472,472,TRUE,TRUE
2023,401468574,2022-12-14,OKC,MIA,446,446,TRUE,TRUE
2023,401468575,2022-12-14,SA,POR,460,460,TRUE,TRUE
2023,401468572,2022-12-14,TOR,SAC,465,465,TRUE,TRUE
2023,401468573,2022-12-14,CHI,NY,467,429,TRUE,TRUE
2023,401468569,2022-12-14,CHA,DET,558,508,TRUE,TRUE
2023,401468570,2022-12-14,IND,GS,486,486,TRUE,TRUE
2023,401468571,2022-12-14,ORL,ATL,474,474,TRUE,TRUE
2023,401468568,2022-12-13,LAL,BOS,496,449,TRUE,TRUE
2023,401468567,2022-12-13,UTAH,NO,516,516,TRUE,TRUE
2023,401468566,2022-12-13,HOU,PHX,509,509,TRUE,TRUE
2023,401468565,2022-12-13,MIL,GS,499,499,TRUE,TRUE
2023,401468564,2022-12-13,PHI,SAC,486,486,TRUE,TRUE
2023,401468563,2022-12-12,LAC,BOS,464,464,TRUE,TRUE
2023,401468562,2022-12-12,POR,MIN,460,460,TRUE,TRUE
2023,401468560,2022-12-12,DAL,OKC,478,478,TRUE,TRUE
2023,401468561,2022-12-12,SA,CLE,469,469,TRUE,TRUE
2023,401468559,2022-12-12,MEM,ATL,479,479,TRUE,TRUE
2023,401468557,2022-12-12,IND,MIA,445,445,TRUE,TRUE
2023,401468558,2022-12-12,WSH,BKN,453,453,TRUE,TRUE
2023,401468556,2022-12-11,HOU,MIL,466,466,TRUE,TRUE
2023,401468555,2022-12-11,ATL,CHI,525,478,TRUE,TRUE
2023,401468551,2022-12-11,DET,LAL,444,444,TRUE,TRUE
2023,401468552,2022-12-11,NY,SAC,495,495,TRUE,TRUE
2023,401468553,2022-12-11,ORL,TOR,457,457,TRUE,TRUE
2023,401468554,2022-12-11,PHI,CHA,508,508,TRUE,TRUE
2023,401468550,2022-12-11,NO,PHX,528,491,TRUE,TRUE
2023,401468549,2022-12-10,POR,MIN,451,451,TRUE,TRUE
2023,401468548,2022-12-10,DEN,UTAH,427,427,TRUE,TRUE
2023,401468547,2022-12-10,GS,BOS,468,468,TRUE,TRUE
2023,401468546,2022-12-10,CHI,DAL,430,430,TRUE,TRUE
2023,401468545,2022-12-10,CLE,OKC,443,443,TRUE,TRUE
2023,401468543,2022-12-10,IND,BKN,497,497,TRUE,TRUE
2023,401468544,2022-12-10,WSH,LAC,446,446,TRUE,TRUE
2023,401468542,2022-12-10,MIA,SA,472,472,TRUE,TRUE
2023,401468541,2022-12-09,DAL,MIL,491,491,TRUE,TRUE
2023,401468540,2022-12-09,UTAH,MIN,459,459,TRUE,TRUE
2023,401468539,2022-12-09,NO,PHX,467,467,TRUE,TRUE
2023,401468538,2022-12-09,MEM,DET,525,525,TRUE,TRUE
2023,401468535,2022-12-09,BKN,ATL,459,459,TRUE,TRUE
2023,401468536,2022-12-09,CLE,SAC,452,452,TRUE,TRUE
2023,401468537,2022-12-09,PHI,LAL,515,466,TRUE,TRUE
2023,401468532,2022-12-09,CHA,NY,499,499,TRUE,TRUE
2023,401468533,2022-12-09,IND,WSH,448,448,TRUE,TRUE
2023,401468534,2022-12-09,ORL,TOR,429,429,TRUE,TRUE
2023,401468531,2022-12-08,POR,DEN,462,462,TRUE,TRUE
2023,401468530,2022-12-08,SA,HOU,457,457,TRUE,TRUE
2023,401468529,2022-12-08,MIA,LAC,423,423,TRUE,TRUE
2023,401468528,2022-12-07,PHX,BOS,466,466,TRUE,TRUE
2023,401468527,2022-12-07,UTAH,GS,482,482,TRUE,TRUE
2023,401468522,2022-12-07,CHI,WSH,483,483,TRUE,TRUE
2023,401468523,2022-12-07,MEM,OKC,488,488,TRUE,TRUE
2023,401468524,2022-12-07,MIL,SAC,470,470,TRUE,TRUE
2023,401468525,2022-12-07,MIN,IND,478,478,TRUE,TRUE
2023,401468526,2022-12-07,NO,DET,482,482,TRUE,TRUE
2023,401468519,2022-12-07,BKN,CHA,445,445,TRUE,TRUE
2023,401468520,2022-12-07,NY,ATL,463,463,TRUE,TRUE
2023,401468521,2022-12-07,TOR,LAL,504,504,TRUE,TRUE
2023,401468518,2022-12-07,ORL,LAC,530,463,TRUE,TRUE
2023,401468517,2022-12-06,DEN,DAL,469,469,TRUE,TRUE
2023,401468515,2022-12-06,CLE,LAL,463,463,TRUE,TRUE
2023,401468516,2022-12-06,MIA,DET,431,431,TRUE,TRUE
2023,401468514,2022-12-05,GS,IND,476,476,TRUE,TRUE
2023,401468513,2022-12-05,DAL,PHX,454,454,TRUE,TRUE
2023,401468511,2022-12-05,HOU,PHI,586,481,TRUE,TRUE
2023,401468512,2022-12-05,MEM,MIA,422,422,TRUE,TRUE
2023,401468509,2022-12-05,ATL,OKC,508,508,TRUE,TRUE
2023,401468510,2022-12-05,TOR,BOS,458,458,TRUE,TRUE
2023,401468507,2022-12-05,CHA,LAC,479,479,TRUE,TRUE
2023,401468508,2022-12-05,ORL,MIL,508,508,TRUE,TRUE
2023,401468506,2022-12-04,POR,IND,464,464,TRUE,TRUE
2023,401468501,2022-12-04,BKN,BOS,457,457,TRUE,TRUE
2023,401468502,2022-12-04,DET,MEM,486,486,TRUE,TRUE
2023,401468503,2022-12-04,NY,CLE,465,465,TRUE,TRUE
2023,401468504,2022-12-04,WSH,LAL,490,490,TRUE,TRUE
2023,401468505,2022-12-04,SAC,CHI,448,448,TRUE,TRUE
2023,401468500,2022-12-04,SA,PHX,464,464,TRUE,TRUE
2023,401468499,2022-12-04,NO,DEN,475,475,TRUE,TRUE
2023,401468498,2022-12-03,UTAH,POR,461,461,TRUE,TRUE
2023,401468497,2022-12-03,GS,HOU,450,450,TRUE,TRUE
2023,401468495,2022-12-03,TOR,ORL,442,442,TRUE,TRUE
2023,401468496,2022-12-03,MIN,OKC,525,525,TRUE,TRUE
2023,401468494,2022-12-03,CHA,MIL,483,483,TRUE,TRUE
2023,401468493,2022-12-03,LAC,SAC,514,514,TRUE,TRUE
2023,401468492,2022-12-03,NY,DAL,460,460,TRUE,TRUE
2023,401468491,2022-12-02,GS,CHI,500,500,TRUE,TRUE
2023,401468489,2022-12-02,PHX,HOU,482,482,TRUE,TRUE
2023,401468490,2022-12-02,UTAH,IND,527,527,TRUE,TRUE
2023,401468487,2022-12-02,MEM,PHI,476,476,TRUE,TRUE
2023,401468488,2022-12-02,SA,NO,499,499,TRUE,TRUE
2023,401468482,2022-12-02,ATL,DEN,411,411,TRUE,TRUE
2023,401468483,2022-12-02,BOS,MIA,514,472,TRUE,TRUE
2023,401468484,2022-12-02,BKN,TOR,480,480,TRUE,TRUE
2023,401468485,2022-12-02,CLE,ORL,408,408,TRUE,TRUE
2023,401468486,2022-12-02,MIL,LAL,471,471,TRUE,TRUE
2023,401468481,2022-12-02,CHA,WSH,499,499,TRUE,TRUE
2023,401468480,2022-12-01,DET,DAL,503,462,TRUE,TRUE
2023,401468479,2022-11-30,LAL,POR,480,480,TRUE,TRUE
2023,401468478,2022-11-30,SAC,IND,531,531,TRUE,TRUE
2023,401468475,2022-11-30,DEN,HOU,456,456,TRUE,TRUE
2023,401468476,2022-11-30,PHX,CHI,466,466,TRUE,TRUE
2023,401468477,2022-11-30,UTAH,LAC,494,494,TRUE,TRUE
2023,401468472,2022-11-30,MIN,MEM,509,509,TRUE,TRUE
2023,401468473,2022-11-30,NO,TOR,464,464,TRUE,TRUE
2023,401468474,2022-11-30,OKC,SA,502,502,TRUE,TRUE
2023,401468469,2022-11-30,BOS,MIA,427,427,TRUE,TRUE
2023,401468470,2022-11-30,BKN,WSH,491,491,TRUE,TRUE
2023,401468471,2022-11-30,NY,MIL,492,492,TRUE,TRUE
2023,401468467,2022-11-30,CLE,PHI,388,388,TRUE,TRUE
2023,401468468,2022-11-30,ORL,ATL,449,449,TRUE,TRUE
2023,401468466,2022-11-29,POR,LAC,462,462,TRUE,TRUE
2023,401468465,2022-11-29,DAL,GS,501,501,TRUE,TRUE
2023,401468464,2022-11-29,DET,NY,446,446,TRUE,TRUE
2023,401468463,2022-11-28,LAL,IND,509,509,TRUE,TRUE
2023,401468462,2022-11-28,SAC,PHX,448,448,TRUE,TRUE
2023,401468460,2022-11-28,DEN,HOU,459,459,TRUE,TRUE
2023,401468461,2022-11-28,UTAH,CHI,447,447,TRUE,TRUE
2023,401468459,2022-11-28,NO,OKC,492,492,TRUE,TRUE
2023,401468456,2022-11-28,BOS,CHA,418,418,TRUE,TRUE
2023,401468457,2022-11-28,BKN,ORL,429,429,TRUE,TRUE
2023,401468458,2022-11-28,TOR,CLE,443,443,TRUE,TRUE
2023,401468454,2022-11-28,PHI,ATL,463,463,TRUE,TRUE
2023,401468455,2022-11-28,WSH,MIN,495,495,TRUE,TRUE
2023,401468453,2022-11-27,MIL,DAL,452,452,TRUE,TRUE
2023,401468449,2022-11-27,BOS,WSH,436,436,TRUE,TRUE
2023,401468450,2022-11-27,DET,CLE,474,474,TRUE,TRUE
2023,401468451,2022-11-27,NY,MEM,500,500,TRUE,TRUE
2023,401468452,2022-11-27,ORL,PHI,422,422,TRUE,TRUE
2023,401468448,2022-11-27,ATL,MIA,419,419,TRUE,TRUE
2023,401468447,2022-11-27,LAC,IND,514,514,TRUE,TRUE
2023,401468446,2022-11-27,MIN,GS,480,480,TRUE,TRUE
2023,401468445,2022-11-27,BKN,POR,417,417,TRUE,TRUE
2023,401468444,2022-11-26,PHX,UTAH,451,451,TRUE,TRUE
2023,401468442,2022-11-26,HOU,OKC,479,479,TRUE,TRUE
2023,401468443,2022-11-26,SA,LAL,512,512,TRUE,TRUE
2023,401468441,2022-11-26,TOR,DAL,457,457,TRUE,TRUE
2023,401468440,2022-11-25,LAC,DEN,446,446,TRUE,TRUE
2023,401468439,2022-11-25,GS,UTAH,457,457,TRUE,TRUE
2023,401468438,2022-11-25,PHX,DET,466,466,TRUE,TRUE
2023,401468430,2022-11-25,BOS,SAC,482,482,TRUE,TRUE
2023,401468431,2022-11-25,IND,BKN,457,457,TRUE,TRUE
2023,401468432,2022-11-25,MIA,WSH,468,468,TRUE,TRUE
2023,401468433,2022-11-25,HOU,ATL,519,519,TRUE,TRUE
2023,401468434,2022-11-25,MEM,NO,480,480,TRUE,TRUE
2023,401468435,2022-11-25,MIL,CLE,471,471,TRUE,TRUE
2023,401468436,2022-11-25,OKC,CHI,531,476,TRUE,TRUE
2023,401468437,2022-11-25,SA,LAL,487,487,TRUE,TRUE
2023,401468429,2022-11-25,NY,POR,552,482,TRUE,TRUE
2023,401468428,2022-11-25,ORL,PHI,430,430,TRUE,TRUE
2023,401468427,2022-11-25,CHA,MIN,504,504,TRUE,TRUE
2023,401468426,2022-11-23,GS,LAC,475,475,TRUE,TRUE
2023,401468425,2022-11-23,UTAH,DET,431,431,TRUE,TRUE
2023,401468422,2022-11-23,MIL,CHI,482,482,TRUE,TRUE
2023,401468423,2022-11-23,OKC,DEN,540,472,TRUE,TRUE
2023,401468424,2022-11-23,SA,NO,490,490,TRUE,TRUE
2023,401468418,2022-11-23,ATL,SAC,488,488,TRUE,TRUE
2023,401468419,2022-11-23,BOS,DAL,430,430,TRUE,TRUE
2023,401468420,2022-11-23,MIA,WSH,465,465,TRUE,TRUE
2023,401468421,2022-11-23,TOR,BKN,472,472,TRUE,TRUE
2023,401468415,2022-11-23,CHA,PHI,469,469,TRUE,TRUE
2023,401468416,2022-11-23,CLE,POR,420,420,TRUE,TRUE
2023,401468417,2022-11-23,IND,MIN,452,452,TRUE,TRUE
2023,401468414,2022-11-22,PHX,LAL,477,477,TRUE,TRUE
2023,401468413,2022-11-22,DEN,DET,462,462,TRUE,TRUE
2023,401468412,2022-11-22,MEM,SAC,542,542,TRUE,TRUE
2023,401468411,2022-11-22,PHI,BKN,438,438,TRUE,TRUE
2023,401468410,2022-11-21,LAC,UTAH,460,460,TRUE,TRUE
2023,401468405,2022-11-21,CHI,BOS,454,454,TRUE,TRUE
2023,401468406,2022-11-21,MIL,POR,471,471,TRUE,TRUE
2023,401468407,2022-11-21,MIN,MIA,494,494,TRUE,TRUE
2023,401468408,2022-11-21,NO,GS,440,440,TRUE,TRUE
2023,401468409,2022-11-21,OKC,NY,492,492,TRUE,TRUE
2023,401468403,2022-11-21,CLE,ATL,435,435,TRUE,TRUE
2023,401468404,2022-11-21,IND,ORL,485,485,TRUE,TRUE
2023,401468402,2022-11-20,LAL,SA,468,468,TRUE,TRUE
2023,401468401,2022-11-20,DAL,DEN,430,430,TRUE,TRUE
2023,401468398,2022-11-20,BKN,MEM,488,488,TRUE,TRUE
2023,401468399,2022-11-20,CLE,MIA,438,438,TRUE,TRUE
2023,401468400,2022-11-20,HOU,GS,458,458,TRUE,TRUE
2023,401468396,2022-11-20,WSH,CHA,505,505,TRUE,TRUE
2023,401468397,2022-11-20,SAC,DET,466,466,TRUE,TRUE
2023,401468395,2022-11-20,PHX,NY,468,468,TRUE,TRUE
2023,401468394,2022-11-19,LAC,SA,431,431,TRUE,TRUE
2023,401468393,2022-11-19,POR,UTAH,467,467,TRUE,TRUE
2023,401468392,2022-11-19,PHI,MIN,470,470,TRUE,TRUE
2023,401468391,2022-11-19,IND,ORL,472,472,TRUE,TRUE
2023,401468390,2022-11-19,ATL,TOR,535,477,TRUE,TRUE
2023,401468389,2022-11-18,LAL,DET,497,497,TRUE,TRUE
2023,401468388,2022-11-18,GS,NY,505,505,TRUE,TRUE
2023,401468387,2022-11-18,UTAH,PHX,489,489,TRUE,TRUE
2023,401468385,2022-11-18,DAL,DEN,432,432,TRUE,TRUE
2023,401468386,2022-11-18,NO,BOS,420,420,TRUE,TRUE
2023,401468382,2022-11-18,CHI,ORL,456,456,TRUE,TRUE
2023,401468383,2022-11-18,HOU,IND,522,522,TRUE,TRUE
2023,401468384,2022-11-18,MEM,OKC,502,502,TRUE,TRUE
2023,401468380,2022-11-18,CLE,CHA,586,489,TRUE,TRUE
2023,401468381,2022-11-18,PHI,MIL,471,471,TRUE,TRUE
2023,401468379,2022-11-18,WSH,MIA,501,453,TRUE,TRUE
2023,401468378,2022-11-17,LAC,DET,487,487,TRUE,TRUE
2023,401468376,2022-11-17,POR,BKN,494,494,TRUE,TRUE
2023,401468377,2022-11-17,SAC,SA,435,435,TRUE,TRUE
2023,401468374,2022-11-16,DEN,NY,458,458,TRUE,TRUE
2023,401468375,2022-11-16,PHX,GS,473,473,TRUE,TRUE
2023,401468373,2022-11-16,DAL,HOU,476,476,TRUE,TRUE
2023,401468371,2022-11-16,MIL,CLE,465,465,TRUE,TRUE
2023,401468372,2022-11-16,NO,CHI,451,451,TRUE,TRUE
2023,401468369,2022-11-16,ATL,BOS,443,443,TRUE,TRUE
2023,401468370,2022-11-16,TOR,MIA,421,421,TRUE,TRUE
2023,401468366,2022-11-16,CHA,IND,469,469,TRUE,TRUE
2023,401468367,2022-11-16,ORL,MIN,470,470,TRUE,TRUE
2023,401468368,2022-11-16,WSH,OKC,454,454,TRUE,TRUE
2023,401468364,2022-11-15,POR,SA,455,455,TRUE,TRUE
2023,401468365,2022-11-15,SAC,BKN,473,473,TRUE,TRUE
2023,401468363,2022-11-15,UTAH,NY,483,483,TRUE,TRUE
2023,401468362,2022-11-15,DAL,LAC,436,436,TRUE,TRUE
2023,401468361,2022-11-15,NO,MEM,461,461,TRUE,TRUE
2023,401468360,2022-11-14,GS,SA,482,482,TRUE,TRUE
2023,401468358,2022-11-14,HOU,LAC,485,485,TRUE,TRUE
2023,401468359,2022-11-14,MIL,ATL,522,522,TRUE,TRUE
2023,401468356,2022-11-14,BOS,OKC,514,514,TRUE,TRUE
2023,401468357,2022-11-14,MIA,PHX,436,436,TRUE,TRUE
2023,401468354,2022-11-14,DET,TOR,477,477,TRUE,TRUE
2023,401468355,2022-11-14,ORL,CHA,477,477,TRUE,TRUE
2023,401468353,2022-11-13,LAL,BKN,471,471,TRUE,TRUE
2023,401468352,2022-11-13,SAC,GS,470,470,TRUE,TRUE
2023,401468351,2022-11-13,CHI,DEN,420,420,TRUE,TRUE
2023,401468350,2022-11-13,PHI,UTAH,485,485,TRUE,TRUE
2023,401468348,2022-11-13,CLE,MIN,529,529,TRUE,TRUE
2023,401468349,2022-11-13,WSH,MEM,478,478,TRUE,TRUE
2023,401468347,2022-11-13,NY,OKC,475,475,TRUE,TRUE
2023,401468345,2022-11-12,DAL,POR,462,462,TRUE,TRUE
2023,401468346,2022-11-12,NO,HOU,476,476,TRUE,TRUE
2023,401468344,2022-11-12,MIA,CHA,448,448,TRUE,TRUE
2023,401468343,2022-11-12,PHI,ATL,467,467,TRUE,TRUE
2023,401468341,2022-11-12,DET,BOS,467,467,TRUE,TRUE
2023,401468342,2022-11-12,IND,TOR,490,490,TRUE,TRUE
2023,401468340,2022-11-12,WSH,UTAH,435,435,TRUE,TRUE
2023,401468339,2022-11-12,LAC,BKN,460,460,TRUE,TRUE
2023,401468338,2022-11-11,LAL,SAC,472,472,TRUE,TRUE
2023,401468337,2022-11-11,GS,CLE,485,485,TRUE,TRUE
2023,401468336,2022-11-11,MEM,MIN,465,465,TRUE,TRUE
2023,401468334,2022-11-11,OKC,TOR,476,476,TRUE,TRUE
2023,401468335,2022-11-11,SA,MIL,505,505,TRUE,TRUE
2023,401468333,2022-11-11,NY,DET,500,500,TRUE,TRUE
2023,401468331,2022-11-11,BOS,DEN,446,446,TRUE,TRUE
2023,401468332,2022-11-11,ORL,PHX,416,416,TRUE,TRUE
2023,401468330,2022-11-10,NO,POR,442,442,TRUE,TRUE
2023,401468328,2022-11-10,ATL,PHI,493,493,TRUE,TRUE
2023,401468329,2022-11-10,MIA,CHA,514,456,TRUE,TRUE
2023,401468327,2022-11-10,WSH,DAL,450,450,TRUE,TRUE
2023,401468325,2022-11-09,LAC,LAL,464,464,TRUE,TRUE
2023,401468326,2022-11-09,SAC,CLE,445,445,TRUE,TRUE
2023,401468321,2022-11-09,CHI,NO,471,471,TRUE,TRUE
2023,401468322,2022-11-09,MIN,PHX,459,459,TRUE,TRUE
2023,401468323,2022-11-09,OKC,MIL,602,457,TRUE,TRUE
2023,401468324,2022-11-09,SA,MEM,499,446,TRUE,TRUE
2023,401468317,2022-11-09,ATL,UTAH,476,476,TRUE,TRUE
2023,401468318,2022-11-09,BOS,DET,477,477,TRUE,TRUE
2023,401468319,2022-11-09,BKN,NY,471,471,TRUE,TRUE
2023,401468320,2022-11-09,TOR,HOU,490,490,TRUE,TRUE
2023,401468314,2022-11-09,CHA,POR,473,473,TRUE,TRUE
2023,401468315,2022-11-09,IND,DEN,489,489,TRUE,TRUE
2023,401468316,2022-11-09,ORL,DAL,433,433,TRUE,TRUE
2023,401468313,2022-11-07,LAC,CLE,455,455,TRUE,TRUE
2023,401468312,2022-11-07,UTAH,LAL,483,483,TRUE,TRUE
2023,401468311,2022-11-07,GS,SAC,494,494,TRUE,TRUE
2023,401468310,2022-11-07,DAL,BKN,458,458,TRUE,TRUE
2023,401468309,2022-11-07,SA,DEN,465,465,TRUE,TRUE
2023,401468308,2022-11-07,MIN,NY,479,479,TRUE,TRUE
2023,401468307,2022-11-07,MEM,BOS,461,461,TRUE,TRUE
2023,401468306,2022-11-07,CHI,TOR,470,470,TRUE,TRUE
2023,401468305,2022-11-07,MIA,POR,412,412,TRUE,TRUE
2023,401468304,2022-11-07,ATL,MIL,477,477,TRUE,TRUE
2023,401468303,2022-11-07,PHI,PHX,451,451,TRUE,TRUE
2023,401468302,2022-11-07,IND,NO,456,456,TRUE,TRUE
2023,401468301,2022-11-07,DET,OKC,517,517,TRUE,TRUE
2023,401468300,2022-11-07,ORL,HOU,485,485,TRUE,TRUE
2023,401468299,2022-11-07,CHA,WSH,489,489,TRUE,TRUE
2023,401468298,2022-11-06,LAC,UTAH,438,438,TRUE,TRUE
2023,401468296,2022-11-06,TOR,CHI,465,465,TRUE,TRUE
2023,401468297,2022-11-06,MEM,WSH,472,472,TRUE,TRUE
2023,401468295,2022-11-06,LAL,CLE,499,499,TRUE,TRUE
2023,401468294,2022-11-05,PHX,POR,464,464,TRUE,TRUE
2023,401468293,2022-11-05,DEN,SA,418,418,TRUE,TRUE
2023,401468291,2022-11-05,MIL,OKC,479,479,TRUE,TRUE
2023,401468292,2022-11-05,MIN,HOU,477,477,TRUE,TRUE
2023,401468289,2022-11-05,ATL,NO,549,486,TRUE,TRUE
2023,401468290,2022-11-05,NY,BOS,413,413,TRUE,TRUE
2023,401468288,2022-11-05,CHA,BKN,304,304,TRUE,FALSE
2023,401468287,2022-11-05,ORL,SAC,496,439,TRUE,TRUE
2023,401468286,2022-11-04,LAL,UTAH,468,468,TRUE,TRUE
2023,401468284,2022-11-04,MIN,MIL,500,500,TRUE,TRUE
2023,401468285,2022-11-04,PHX,POR,456,456,TRUE,TRUE
2023,401468282,2022-11-04,DAL,TOR,462,462,TRUE,TRUE
2023,401468283,2022-11-04,NO,GS,457,457,TRUE,TRUE
2023,401468280,2022-11-04,MEM,CHA,488,488,TRUE,TRUE
2023,401468281,2022-11-04,SA,LAC,445,445,TRUE,TRUE
2023,401468279,2022-11-04,BOS,CHI,489,489,TRUE,TRUE
2023,401468275,2022-11-04,DET,CLE,436,436,TRUE,TRUE
2023,401468276,2022-11-04,IND,MIA,464,464,TRUE,TRUE
2023,401468277,2022-11-04,PHI,NY,511,511,TRUE,TRUE
2023,401468278,2022-11-04,WSH,BKN,433,433,TRUE,TRUE
2023,401468274,2022-11-03,OKC,DEN,453,453,TRUE,TRUE
2023,401468273,2022-11-03,ORL,GS,507,507,TRUE,TRUE
2023,401468272,2022-11-02,LAL,NO,508,466,TRUE,TRUE
2023,401468271,2022-11-02,POR,MEM,479,479,TRUE,TRUE
2023,401468270,2022-11-02,DAL,UTAH,433,433,TRUE,TRUE
2023,401468266,2022-11-02,CHI,CHA,479,479,TRUE,TRUE
2023,401468267,2022-11-02,HOU,LAC,458,458,TRUE,TRUE
2023,401468268,2022-11-02,MIL,DET,467,467,TRUE,TRUE
2023,401468269,2022-11-02,SA,TOR,485,485,TRUE,TRUE
2023,401468262,2022-11-02,CLE,BOS,521,476,TRUE,TRUE
2023,401468264,2022-11-02,MIA,SAC,438,438,TRUE,TRUE
2023,401468265,2022-11-02,NY,ATL,493,493,TRUE,TRUE
2023,401468263,2022-11-02,PHI,WSH,432,432,TRUE,TRUE
2023,401468261,2022-11-01,PHX,MIN,485,485,TRUE,TRUE
2023,401468260,2022-11-01,OKC,ORL,476,476,TRUE,TRUE
2023,401468258,2022-11-01,BKN,CHI,441,441,TRUE,TRUE
2023,401468259,2022-11-01,MIA,GS,456,456,TRUE,TRUE
2023,401468257,2022-10-31,LAC,HOU,472,472,TRUE,TRUE
2023,401468256,2022-10-31,UTAH,MEM,529,529,TRUE,TRUE
2023,401468255,2022-10-31,MIL,DET,495,495,TRUE,TRUE
2023,401468253,2022-10-31,BKN,IND,471,471,TRUE,TRUE
2023,401468254,2022-10-31,TOR,ATL,492,492,TRUE,TRUE
2023,401468251,2022-10-31,CHA,SAC,482,482,TRUE,TRUE
2023,401468252,2022-10-31,WSH,PHI,430,430,TRUE,TRUE
2023,401468250,2022-10-30,LAL,DEN,483,483,TRUE,TRUE
2023,401468249,2022-10-30,PHX,HOU,489,489,TRUE,TRUE
2023,401468248,2022-10-30,DAL,ORL,453,453,TRUE,TRUE
2023,401468247,2022-10-30,SA,MIN,518,518,TRUE,TRUE
2023,401468244,2022-10-30,BOS,WSH,451,451,TRUE,TRUE
2023,401468245,2022-10-30,CLE,NY,476,476,TRUE,TRUE
2023,401468246,2022-10-30,DET,GS,502,502,TRUE,TRUE
2023,401468243,2022-10-30,LAC,NO,438,438,TRUE,TRUE
2023,401468241,2022-10-29,DAL,OKC,551,482,TRUE,TRUE
2023,401468242,2022-10-29,UTAH,MEM,465,465,TRUE,TRUE
2023,401468239,2022-10-29,CHI,PHI,470,470,TRUE,TRUE
2023,401468240,2022-10-29,MIL,ATL,483,483,TRUE,TRUE
2023,401468238,2022-10-29,BKN,IND,472,472,TRUE,TRUE
2023,401468237,2022-10-29,CHA,GS,524,475,TRUE,TRUE
2023,401468236,2022-10-29,SAC,MIA,501,501,TRUE,TRUE
2023,401468234,2022-10-28,PHX,NO,453,453,TRUE,TRUE
2023,401468235,2022-10-28,POR,HOU,488,488,TRUE,TRUE
2023,401468233,2022-10-28,DEN,UTAH,481,481,TRUE,TRUE
2023,401468232,2022-10-28,SA,CHI,509,509,TRUE,TRUE
2023,401468230,2022-10-28,MIL,NY,546,546,TRUE,TRUE
2023,401468231,2022-10-28,MIN,LAL,532,532,TRUE,TRUE
2023,401468227,2022-10-28,BOS,CLE,506,463,TRUE,TRUE
2023,401468228,2022-10-28,TOR,PHI,451,451,TRUE,TRUE
2023,401468229,2022-10-28,WSH,IND,469,469,TRUE,TRUE
2023,401468225,2022-10-28,DET,ATL,486,486,TRUE,TRUE
2023,401468226,2022-10-28,ORL,CHA,466,466,TRUE,TRUE
2023,401468223,2022-10-27,GS,MIA,445,445,TRUE,TRUE
2023,401468224,2022-10-27,SAC,MEM,461,461,TRUE,TRUE
2023,401468222,2022-10-27,OKC,LAC,446,446,TRUE,TRUE
2023,401468221,2022-10-27,BKN,DAL,515,459,TRUE,TRUE
2023,401468219,2022-10-26,DEN,LAL,464,464,TRUE,TRUE
2023,401468220,2022-10-26,POR,MIA,451,451,TRUE,TRUE
2023,401468218,2022-10-26,UTAH,HOU,537,537,TRUE,TRUE
2023,401468216,2022-10-26,CHI,IND,491,491,TRUE,TRUE
2023,401468217,2022-10-26,MIN,SA,448,448,TRUE,TRUE
2023,401468213,2022-10-26,NY,CHA,521,459,TRUE,TRUE
2023,401468214,2022-10-26,TOR,PHI,395,395,TRUE,TRUE
2023,401468215,2022-10-26,MIL,BKN,520,520,TRUE,TRUE
2023,401468211,2022-10-26,CLE,ORL,484,484,TRUE,TRUE
2023,401468212,2022-10-26,DET,ATL,480,480,TRUE,TRUE
2023,401468210,2022-10-25,PHX,GS,509,509,TRUE,TRUE
2023,401468209,2022-10-25,OKC,LAC,497,497,TRUE,TRUE
2023,401468208,2022-10-25,NO,DAL,421,421,TRUE,TRUE
2023,401468207,2022-10-25,WSH,DET,473,473,TRUE,TRUE
2023,401468206,2022-10-24,POR,DEN,464,464,TRUE,TRUE
2023,401468202,2022-10-24,CHI,BOS,490,490,TRUE,TRUE
2023,401468203,2022-10-24,HOU,UTAH,498,498,TRUE,TRUE
2023,401468204,2022-10-24,MEM,BKN,488,488,TRUE,TRUE
2023,401468205,2022-10-24,MIN,SA,490,490,TRUE,TRUE
2023,401468200,2022-10-24,MIA,TOR,457,457,TRUE,TRUE
2023,401468201,2022-10-24,NY,ORL,482,482,TRUE,TRUE
2023,401468199,2022-10-24,PHI,IND,482,482,TRUE,TRUE
2023,401468198,2022-10-23,LAC,PHX,456,456,TRUE,TRUE
2023,401468197,2022-10-23,GS,SAC,516,516,TRUE,TRUE
2023,401468196,2022-10-23,OKC,MIN,465,465,TRUE,TRUE
2023,401468194,2022-10-23,CLE,WSH,497,438,TRUE,TRUE
2023,401468195,2022-10-23,NO,UTAH,549,499,TRUE,TRUE
2023,401468193,2022-10-23,ATL,CHA,512,512,TRUE,TRUE
2023,401468192,2022-10-23,LAL,POR,491,491,TRUE,TRUE
2023,401468191,2022-10-22,SAC,LAC,471,471,TRUE,TRUE
2023,401468190,2022-10-22,DEN,OKC,534,534,TRUE,TRUE
2023,401468189,2022-10-22,DAL,MEM,480,480,TRUE,TRUE
2023,401468186,2022-10-22,MIA,TOR,471,471,TRUE,TRUE
2023,401468187,2022-10-22,CHI,CLE,459,459,TRUE,TRUE
2023,401468188,2022-10-22,MIL,HOU,489,489,TRUE,TRUE
2023,401468184,2022-10-22,IND,DET,522,522,TRUE,TRUE
2023,401468185,2022-10-22,ORL,BOS,477,477,TRUE,TRUE
2023,401468183,2022-10-22,PHI,SA,463,463,TRUE,TRUE
2023,401468181,2022-10-21,GS,DEN,479,479,TRUE,TRUE
2023,401468182,2022-10-21,POR,PHX,512,456,TRUE,TRUE
2023,401468179,2022-10-21,HOU,MEM,523,523,TRUE,TRUE
2023,401468180,2022-10-21,MIN,UTAH,573,518,TRUE,TRUE
2023,401468175,2022-10-21,ATL,ORL,460,460,TRUE,TRUE
2023,401468176,2022-10-21,BKN,TOR,458,458,TRUE,TRUE
2023,401468177,2022-10-21,MIA,BOS,429,429,TRUE,TRUE
2023,401468178,2022-10-21,NY,DET,495,495,TRUE,TRUE
2023,401468172,2022-10-21,CHA,NO,498,498,TRUE,TRUE
2023,401468173,2022-10-21,IND,SA,536,536,TRUE,TRUE
2023,401468174,2022-10-21,WSH,CHI,439,439,TRUE,TRUE
2023,401468171,2022-10-20,LAL,LAC,506,506,TRUE,TRUE
2023,401468170,2022-10-20,PHI,MIL,448,448,TRUE,TRUE
2023,401468028,2022-10-19,PHX,DAL,474,474,TRUE,TRUE
2023,401468029,2022-10-19,SAC,POR,485,485,TRUE,TRUE
2023,401468027,2022-10-19,UTAH,DEN,484,484,TRUE,TRUE
2023,401468025,2022-10-19,MIN,OKC,557,557,TRUE,TRUE
2023,401468026,2022-10-19,SA,CHA,503,503,TRUE,TRUE
2023,401468020,2022-10-19,ATL,HOU,459,459,TRUE,TRUE
2023,401468021,2022-10-19,BKN,NO,526,526,TRUE,TRUE
2023,401468022,2022-10-19,MIA,CHI,495,495,TRUE,TRUE
2023,401468023,2022-10-19,TOR,CLE,480,480,TRUE,TRUE
2023,401468024,2022-10-19,MEM,NY,563,503,TRUE,TRUE
2023,401468018,2022-10-19,DET,ORL,478,478,TRUE,TRUE
2023,401468019,2022-10-19,IND,WSH,499,499,TRUE,TRUE
2023,401468017,2022-10-18,GS,LAL,531,531,TRUE,TRUE
2023,401468016,2022-10-18,BOS,PHI,449,449,TRUE,TRUE
2024,401585821,2024-04-14,MEM,DEN,463,463,TRUE,TRUE
2024,401585822,2024-04-14,MIN,PHX,447,447,TRUE,TRUE
2024,401585823,2024-04-14,NO,LAL,450,450,TRUE,TRUE
2024,401585824,2024-04-14,OKC,DAL,475,475,TRUE,TRUE
2024,401585825,2024-04-14,SA,DET,444,444,TRUE,TRUE
2024,401585826,2024-04-14,GS,UTAH,445,445,TRUE,TRUE
2024,401585827,2024-04-14,LAC,HOU,485,485,TRUE,TRUE
2024,401585828,2024-04-14,SAC,POR,486,486,TRUE,TRUE
2024,401585814,2024-04-14,BOS,WSH,447,447,TRUE,TRUE
2024,401585815,2024-04-14,CLE,CHA,403,403,TRUE,TRUE
2024,401585816,2024-04-14,IND,ATL,456,456,TRUE,TRUE
2024,401585817,2024-04-14,MIA,TOR,452,452,TRUE,TRUE
2024,401585818,2024-04-14,NY,CHI,486,424,TRUE,TRUE
2024,401585819,2024-04-14,ORL,MIL,423,423,TRUE,TRUE
2024,401585820,2024-04-14,PHI,BKN,441,441,TRUE,TRUE
2024,401585812,2024-04-12,LAC,UTAH,456,456,TRUE,TRUE
2024,401585813,2024-04-12,SAC,PHX,427,427,TRUE,TRUE
2024,401585810,2024-04-12,GS,NO,453,453,TRUE,TRUE
2024,401585811,2024-04-12,POR,HOU,465,465,TRUE,TRUE
2024,401585809,2024-04-12,DAL,DET,415,415,TRUE,TRUE
2024,401585804,2024-04-12,MIA,TOR,425,425,TRUE,TRUE
2024,401585805,2024-04-12,MEM,LAL,485,485,TRUE,TRUE
2024,401585806,2024-04-12,MIN,ATL,488,488,TRUE,TRUE
2024,401585807,2024-04-12,OKC,MIL,434,434,TRUE,TRUE
2024,401585808,2024-04-12,SA,DEN,450,450,TRUE,TRUE
2024,401585801,2024-04-12,BOS,CHA,439,439,TRUE,TRUE
2024,401585802,2024-04-12,CLE,IND,456,456,TRUE,TRUE
2024,401585803,2024-04-12,NY,BKN,417,417,TRUE,TRUE
2024,401585799,2024-04-12,PHI,ORL,488,488,TRUE,TRUE
2024,401585800,2024-04-12,WSH,CHI,500,500,TRUE,TRUE
2024,401585797,2024-04-11,POR,GS,448,448,TRUE,TRUE
2024,401585798,2024-04-11,SAC,NO,436,436,TRUE,TRUE
2024,401585796,2024-04-11,UTAH,HOU,474,474,TRUE,TRUE
2024,401585795,2024-04-11,BOS,NY,422,422,TRUE,TRUE
2024,401585794,2024-04-11,DET,CHI,442,442,TRUE,TRUE
2024,401585793,2024-04-10,LAC,PHX,439,439,TRUE,TRUE
2024,401585792,2024-04-10,DEN,MIN,454,454,TRUE,TRUE
2024,401585790,2024-04-10,MIL,ORL,441,441,TRUE,TRUE
2024,401585791,2024-04-10,OKC,SA,492,492,TRUE,TRUE
2024,401585787,2024-04-10,ATL,CHA,428,428,TRUE,TRUE
2024,401585788,2024-04-10,BKN,TOR,485,485,TRUE,TRUE
2024,401585789,2024-04-10,MIA,DAL,422,422,TRUE,TRUE
2024,401585786,2024-04-10,CLE,MEM,463,463,TRUE,TRUE
2024,401585783,2024-04-09,LAL,GS,457,457,TRUE,TRUE
2024,401585784,2024-04-09,PHX,LAC,460,460,TRUE,TRUE
2024,401585785,2024-04-09,POR,NO,436,436,TRUE,TRUE
2024,401585782,2024-04-09,UTAH,DEN,426,426,TRUE,TRUE
2024,401585777,2024-04-09,CHI,NY,412,412,TRUE,TRUE
2024,401585778,2024-04-09,HOU,ORL,451,451,TRUE,TRUE
2024,401585779,2024-04-09,MEM,SA,447,447,TRUE,TRUE
2024,401585780,2024-04-09,MIN,WSH,472,472,TRUE,TRUE
2024,401585781,2024-04-09,OKC,SAC,516,516,TRUE,TRUE
2024,401585775,2024-04-09,ATL,MIA,509,429,TRUE,TRUE
2024,401585776,2024-04-09,MIL,BOS,374,374,TRUE,TRUE
2024,401585772,2024-04-09,CHA,DAL,469,469,TRUE,TRUE
2024,401585773,2024-04-09,PHI,DET,474,474,TRUE,TRUE
2024,401585774,2024-04-09,TOR,IND,506,506,TRUE,TRUE
2024,401585771,2024-04-07,LAL,MIN,466,466,TRUE,TRUE
2024,401585770,2024-04-07,GS,UTAH,420,420,TRUE,TRUE
2024,401585769,2024-04-07,BKN,SAC,456,456,TRUE,TRUE
2024,401585767,2024-04-07,MIL,NY,445,445,TRUE,TRUE
2024,401585768,2024-04-07,SA,PHI,553,468,TRUE,TRUE
2024,401585762,2024-04-07,BOS,POR,427,427,TRUE,TRUE
2024,401585763,2024-04-07,CHA,OKC,448,448,TRUE,TRUE
2024,401585764,2024-04-07,ORL,CHI,443,443,TRUE,TRUE
2024,401585765,2024-04-07,TOR,WSH,514,514,TRUE,TRUE
2024,401585766,2024-04-07,PHX,NO,440,440,TRUE,TRUE
2024,401585761,2024-04-07,IND,MIA,463,463,TRUE,TRUE
2024,401585759,2024-04-07,DAL,HOU,558,509,TRUE,TRUE
2024,401585760,2024-04-07,LAC,CLE,469,469,TRUE,TRUE
2024,401585758,2024-04-06,DEN,ATL,457,457,TRUE,TRUE
2024,401585757,2024-04-06,MEM,PHI,450,450,TRUE,TRUE
2024,401585756,2024-04-06,BKN,DET,428,428,TRUE,TRUE
2024,401585755,2024-04-06,LAL,CLE,435,435,TRUE,TRUE
2024,401585754,2024-04-05,LAC,UTAH,460,460,TRUE,TRUE
2024,401585753,2024-04-05,PHX,MIN,460,460,TRUE,TRUE
2024,401585725,2024-04-05,DAL,GS,486,486,TRUE,TRUE
2024,401585747,2024-04-05,CHI,NY,460,460,TRUE,TRUE
2024,401585748,2024-04-05,HOU,MIA,461,461,TRUE,TRUE
2024,401585749,2024-04-05,MEM,DET,444,444,TRUE,TRUE
2024,401585750,2024-04-05,MIL,TOR,482,482,TRUE,TRUE
2024,401585751,2024-04-05,NO,SA,419,419,TRUE,TRUE
2024,401585746,2024-04-05,BOS,SAC,454,454,TRUE,TRUE
2024,401585743,2024-04-05,CHA,ORL,440,440,TRUE,TRUE
2024,401585744,2024-04-05,IND,OKC,462,462,TRUE,TRUE
2024,401585745,2024-04-05,WSH,POR,492,492,TRUE,TRUE
2024,401585742,2024-04-04,LAC,DEN,480,480,TRUE,TRUE
2024,401585741,2024-04-04,HOU,GS,467,467,TRUE,TRUE
2024,401585739,2024-04-04,MIA,PHI,444,444,TRUE,TRUE
2024,401585740,2024-04-04,NY,SAC,458,458,TRUE,TRUE
2024,401585752,2024-04-04,DAL,ATL,493,493,TRUE,TRUE
2024,401585738,2024-04-03,PHX,CLE,433,433,TRUE,TRUE
2024,401585735,2024-04-03,MIL,MEM,446,446,TRUE,TRUE
2024,401585736,2024-04-03,MIN,TOR,462,462,TRUE,TRUE
2024,401585737,2024-04-03,NO,ORL,459,459,TRUE,TRUE
2024,401585732,2024-04-03,ATL,DET,448,448,TRUE,TRUE
2024,401585733,2024-04-03,BOS,OKC,454,454,TRUE,TRUE
2024,401585734,2024-04-03,BKN,IND,497,497,TRUE,TRUE
2024,401585730,2024-04-03,CHA,POR,447,447,TRUE,TRUE
2024,401585731,2024-04-03,WSH,LAL,474,474,TRUE,TRUE
2024,401585729,2024-04-02,SAC,LAC,467,467,TRUE,TRUE
2024,401636114,2024-04-02,GS,DAL,464,464,TRUE,TRUE
2024,401585727,2024-04-02,DEN,SA,489,489,TRUE,TRUE
2024,401585728,2024-04-02,UTAH,CLE,440,440,TRUE,TRUE
2024,401585726,2024-04-02,MIN,HOU,448,448,TRUE,TRUE
2024,401585721,2024-04-02,PHI,OKC,473,473,TRUE,TRUE
2024,401585724,2024-04-02,MIA,NY,404,404,TRUE,TRUE
2024,401585722,2024-04-02,TOR,LAL,473,473,TRUE,TRUE
2024,401585723,2024-04-02,WSH,MIL,474,474,TRUE,TRUE
2024,401585719,2024-04-01,CHI,ATL,468,468,TRUE,TRUE
2024,401585720,2024-04-01,NO,PHX,454,454,TRUE,TRUE
2024,401585715,2024-04-01,CHA,BOS,427,427,TRUE,TRUE
2024,401585716,2024-04-01,DET,MEM,441,441,TRUE,TRUE
2024,401585717,2024-04-01,IND,BKN,489,489,TRUE,TRUE
2024,401585718,2024-04-01,ORL,POR,434,434,TRUE,TRUE
2024,401585714,2024-03-31,SAC,UTAH,466,466,TRUE,TRUE
2024,401585710,2024-03-31,NY,OKC,502,502,TRUE,TRUE
2024,401585711,2024-03-31,HOU,DAL,451,451,TRUE,TRUE
2024,401585712,2024-03-31,MIN,CHI,416,416,TRUE,TRUE
2024,401585713,2024-03-31,SA,GS,474,474,TRUE,TRUE
2024,401585706,2024-03-31,BKN,LAL,453,453,TRUE,TRUE
2024,401585707,2024-03-31,CHA,LAC,420,420,TRUE,TRUE
2024,401585708,2024-03-31,TOR,PHI,433,433,TRUE,TRUE
2024,401585709,2024-03-31,WSH,MIA,465,465,TRUE,TRUE
2024,401585705,2024-03-31,DEN,CLE,433,433,TRUE,TRUE
2024,401585704,2024-03-30,ATL,MIL,455,455,TRUE,TRUE
2024,401585703,2024-03-30,ORL,MEM,432,432,TRUE,TRUE
2024,401585702,2024-03-30,NO,BOS,419,419,TRUE,TRUE
2024,401585701,2024-03-29,SAC,DAL,457,457,TRUE,TRUE
2024,401585700,2024-03-29,UTAH,HOU,468,468,TRUE,TRUE
2024,401585699,2024-03-29,DEN,MIN,485,485,TRUE,TRUE
2024,401585696,2024-03-29,MIA,POR,423,423,TRUE,TRUE
2024,401585697,2024-03-29,OKC,PHX,438,438,TRUE,TRUE
2024,401585698,2024-03-29,SA,NY,496,441,TRUE,TRUE
2024,401585694,2024-03-29,BKN,CHI,451,451,TRUE,TRUE
2024,401585695,2024-03-29,CLE,PHI,461,461,TRUE,TRUE
2024,401585690,2024-03-29,CHA,GS,438,438,TRUE,TRUE
2024,401585691,2024-03-29,IND,LAL,437,437,TRUE,TRUE
2024,401585692,2024-03-29,ORL,LAC,439,439,TRUE,TRUE
2024,401585693,2024-03-29,WSH,DET,446,446,TRUE,TRUE
2024,401585689,2024-03-28,NO,MIL,476,476,TRUE,TRUE
2024,401585688,2024-03-28,ATL,BOS,479,431,TRUE,TRUE
2024,401585687,2024-03-27,DEN,PHX,417,417,TRUE,TRUE
2024,401585686,2024-03-27,UTAH,SA,456,456,TRUE,TRUE
2024,401585682,2024-03-27,CHI,IND,484,484,TRUE,TRUE
2024,401585683,2024-03-27,MEM,LAL,488,488,TRUE,TRUE
2024,401585684,2024-03-27,MIN,DET,428,428,TRUE,TRUE
2024,401585685,2024-03-27,OKC,HOU,543,493,TRUE,TRUE
2024,401585679,2024-03-27,ATL,POR,434,434,TRUE,TRUE
2024,401585680,2024-03-27,PHI,LAC,439,439,TRUE,TRUE
2024,401585681,2024-03-27,TOR,NY,421,421,TRUE,TRUE
2024,401585676,2024-03-27,CHA,CLE,426,426,TRUE,TRUE
2024,401585677,2024-03-27,ORL,GS,457,457,TRUE,TRUE
2024,401585678,2024-03-27,WSH,BKN,478,421,TRUE,TRUE
2024,401585675,2024-03-26,SAC,DAL,456,456,TRUE,TRUE
2024,401585674,2024-03-26,NO,OKC,437,437,TRUE,TRUE
2024,401585672,2024-03-26,MIA,GS,434,434,TRUE,TRUE
2024,401585673,2024-03-26,MIL,LAL,599,454,TRUE,TRUE
2024,401585671,2024-03-25,LAC,IND,432,432,TRUE,TRUE
2024,401585670,2024-03-25,SAC,PHI,477,477,TRUE,TRUE
2024,401585668,2024-03-25,DEN,MEM,485,485,TRUE,TRUE
2024,401585669,2024-03-25,UTAH,DAL,463,463,TRUE,TRUE
2024,401585665,2024-03-25,CHI,WSH,495,495,TRUE,TRUE
2024,401585666,2024-03-25,HOU,POR,465,465,TRUE,TRUE
2024,401585667,2024-03-25,SA,PHX,432,432,TRUE,TRUE
2024,401585662,2024-03-25,ATL,BOS,445,445,TRUE,TRUE
2024,401585663,2024-03-25,NY,DET,458,458,TRUE,TRUE
2024,401585664,2024-03-25,TOR,BKN,437,437,TRUE,TRUE
2024,401585661,2024-03-25,CLE,CHA,424,424,TRUE,TRUE
2024,401585660,2024-03-24,LAL,IND,502,502,TRUE,TRUE
2024,401585658,2024-03-24,MIL,OKC,472,472,TRUE,TRUE
2024,401585659,2024-03-24,MIN,GS,474,474,TRUE,TRUE
2024,401585657,2024-03-24,MIA,CLE,420,420,TRUE,TRUE
2024,401585656,2024-03-24,LAC,PHI,403,403,TRUE,TRUE
2024,401585655,2024-03-24,DET,NO,472,472,TRUE,TRUE
2024,401585654,2024-03-23,POR,DEN,492,492,TRUE,TRUE
2024,401585650,2024-03-23,WSH,TOR,496,496,TRUE,TRUE
2024,401585651,2024-03-23,CHI,BOS,397,397,TRUE,TRUE
2024,401585652,2024-03-23,HOU,UTAH,452,452,TRUE,TRUE
2024,401585653,2024-03-23,SA,PHX,419,419,TRUE,TRUE
2024,401585649,2024-03-23,ATL,CHA,419,419,TRUE,TRUE
2024,401585648,2024-03-23,ORL,SAC,451,451,TRUE,TRUE
2024,401585647,2024-03-23,NY,BKN,421,421,TRUE,TRUE
2024,401585646,2024-03-22,LAL,PHI,481,481,TRUE,TRUE
2024,401585644,2024-03-22,GS,IND,503,503,TRUE,TRUE
2024,401585645,2024-03-22,POR,LAC,445,445,TRUE,TRUE
2024,401585641,2024-03-22,MIA,NO,400,400,TRUE,TRUE
2024,401585642,2024-03-22,MIN,CLE,425,425,TRUE,TRUE
2024,401585643,2024-03-22,SA,MEM,510,510,TRUE,TRUE
2024,401585639,2024-03-22,DET,BOS,450,450,TRUE,TRUE
2024,401585640,2024-03-22,TOR,OKC,461,461,TRUE,TRUE
2024,401585638,2024-03-21,PHX,ATL,459,459,TRUE,TRUE
2024,401585637,2024-03-21,DEN,NY,409,409,TRUE,TRUE
2024,401585636,2024-03-21,DAL,UTAH,472,472,TRUE,TRUE
2024,401585634,2024-03-21,HOU,CHI,480,480,TRUE,TRUE
2024,401585635,2024-03-21,MIL,BKN,440,440,TRUE,TRUE
2024,401585632,2024-03-21,ORL,NO,429,429,TRUE,TRUE
2024,401585633,2024-03-21,WSH,SAC,468,468,TRUE,TRUE
2024,401585629,2024-03-20,GS,MEM,450,450,TRUE,TRUE
2024,401585630,2024-03-20,PHX,PHI,461,461,TRUE,TRUE
2024,401585631,2024-03-20,POR,LAC,400,400,TRUE,TRUE
2024,401585628,2024-03-20,OKC,UTAH,467,467,TRUE,TRUE
2024,401585626,2024-03-20,BOS,MIL,446,446,TRUE,TRUE
2024,401585627,2024-03-20,TOR,SAC,451,451,TRUE,TRUE
2024,401585624,2024-03-20,CLE,MIA,427,427,TRUE,TRUE
2024,401585625,2024-03-20,DET,IND,464,464,TRUE,TRUE
2024,401585623,2024-03-19,MIN,DEN,447,447,TRUE,TRUE
2024,401585622,2024-03-19,SA,DAL,469,469,TRUE,TRUE
2024,401585621,2024-03-19,BKN,NO,446,446,TRUE,TRUE
2024,401585619,2024-03-19,ORL,CHA,384,384,TRUE,TRUE
2024,401585620,2024-03-19,WSH,HOU,487,487,TRUE,TRUE
2024,401585618,2024-03-18,LAL,ATL,443,443,TRUE,TRUE
2024,401585616,2024-03-18,GS,NY,449,449,TRUE,TRUE
2024,401585617,2024-03-18,SAC,MEM,549,501,TRUE,TRUE
2024,401585615,2024-03-18,UTAH,MIN,425,425,TRUE,TRUE
2024,401585614,2024-03-18,CHI,POR,488,488,TRUE,TRUE
2024,401585612,2024-03-18,BOS,DET,418,418,TRUE,TRUE
2024,401585613,2024-03-18,PHI,MIA,437,437,TRUE,TRUE
2024,401585611,2024-03-18,IND,CLE,471,471,TRUE,TRUE
2024,401585610,2024-03-17,LAC,ATL,432,432,TRUE,TRUE
2024,401585609,2024-03-17,SA,BKN,518,460,TRUE,TRUE
2024,401585607,2024-03-17,ORL,TOR,450,450,TRUE,TRUE
2024,401585608,2024-03-17,WSH,BOS,455,455,TRUE,TRUE
2024,401585606,2024-03-17,DAL,DEN,486,486,TRUE,TRUE
2024,401585605,2024-03-17,DET,MIA,420,420,TRUE,TRUE
2024,401585604,2024-03-17,MIL,PHX,406,406,TRUE,TRUE
2024,401585603,2024-03-16,SAC,NY,468,468,TRUE,TRUE
2024,401585602,2024-03-16,UTAH,MIN,449,449,TRUE,TRUE
2024,401585601,2024-03-16,LAL,GS,452,452,TRUE,TRUE
2024,401585599,2024-03-16,CHI,WSH,474,474,TRUE,TRUE
2024,401585600,2024-03-16,MEM,OKC,465,465,TRUE,TRUE
2024,401585596,2024-03-16,IND,BKN,499,499,TRUE,TRUE
2024,401585597,2024-03-16,PHI,CHA,449,449,TRUE,TRUE
2024,401585598,2024-03-16,NO,POR,422,422,TRUE,TRUE
2024,401585595,2024-03-16,HOU,CLE,452,452,TRUE,TRUE
2024,401585594,2024-03-15,UTAH,ATL,466,466,TRUE,TRUE
2024,401585593,2024-03-15,SA,DEN,439,439,TRUE,TRUE
2024,401585592,2024-03-15,NO,LAC,426,426,TRUE,TRUE
2024,401585591,2024-03-15,TOR,ORL,440,440,TRUE,TRUE
2024,401585589,2024-03-15,CHA,PHX,471,471,TRUE,TRUE
2024,401585590,2024-03-15,DET,MIA,441,441,TRUE,TRUE
2024,401585587,2024-03-14,OKC,DAL,476,476,TRUE,TRUE
2024,401585588,2024-03-14,POR,NY,445,445,TRUE,TRUE
2024,401585584,2024-03-14,CHI,LAC,405,405,TRUE,TRUE
2024,401585585,2024-03-14,HOU,WSH,470,470,TRUE,TRUE
2024,401585586,2024-03-14,MIL,PHI,395,395,TRUE,TRUE
2024,401585583,2024-03-14,BOS,PHX,425,425,TRUE,TRUE
2024,401585581,2024-03-13,POR,ATL,462,462,TRUE,TRUE
2024,401585582,2024-03-13,SAC,LAL,434,434,TRUE,TRUE
2024,401585580,2024-03-13,DAL,GS,476,476,TRUE,TRUE
2024,401585578,2024-03-13,MEM,CHA,431,431,TRUE,TRUE
2024,401585579,2024-03-13,NO,CLE,427,427,TRUE,TRUE
2024,401585576,2024-03-13,IND,CHI,530,479,TRUE,TRUE
2024,401585577,2024-03-13,MIA,DEN,395,395,TRUE,TRUE
2024,401585574,2024-03-13,DET,TOR,493,493,TRUE,TRUE
2024,401585575,2024-03-13,ORL,BKN,458,458,TRUE,TRUE
2024,401585572,2024-03-12,LAC,MIN,443,443,TRUE,TRUE
2024,401585573,2024-03-12,SAC,MIL,479,479,TRUE,TRUE
2024,401585571,2024-03-12,UTAH,BOS,427,427,TRUE,TRUE
2024,401585570,2024-03-12,SA,HOU,454,454,TRUE,TRUE
2024,401585568,2024-03-12,MEM,WSH,461,461,TRUE,TRUE
2024,401585569,2024-03-12,OKC,IND,455,455,TRUE,TRUE
2024,401585567,2024-03-12,NY,PHI,402,402,TRUE,TRUE
2024,401585566,2024-03-11,POR,BOS,424,424,TRUE,TRUE
2024,401585565,2024-03-11,DEN,TOR,449,449,TRUE,TRUE
2024,401585563,2024-03-11,CHI,DAL,453,453,TRUE,TRUE
2024,401585564,2024-03-11,SA,GS,478,478,TRUE,TRUE
2024,401585562,2024-03-11,CLE,PHX,437,437,TRUE,TRUE
2024,401585561,2024-03-11,DET,CHA,455,455,TRUE,TRUE
2024,401585560,2024-03-10,LAL,MIN,465,465,TRUE,TRUE
2024,401585555,2024-03-10,NY,PHI,442,442,TRUE,TRUE
2024,401585558,2024-03-10,CLE,BKN,416,416,TRUE,TRUE
2024,401585559,2024-03-10,OKC,MEM,431,431,TRUE,TRUE
2024,401585553,2024-03-10,ATL,NO,411,411,TRUE,TRUE
2024,401585554,2024-03-10,MIA,WSH,453,453,TRUE,TRUE
2024,401585556,2024-03-10,ORL,IND,477,477,TRUE,TRUE
2024,401585557,2024-03-10,SAC,HOU,461,461,TRUE,TRUE
2024,401585552,2024-03-10,LAC,MIL,463,463,TRUE,TRUE
2024,401585551,2024-03-09,POR,TOR,484,437,TRUE,TRUE
2024,401585550,2024-03-09,DEN,UTAH,441,441,TRUE,TRUE
2024,401585548,2024-03-09,PHX,BOS,432,432,TRUE,TRUE
2024,401585549,2024-03-09,GS,SA,501,501,TRUE,TRUE
2024,401585546,2024-03-09,CHA,BKN,446,446,TRUE,TRUE
2024,401585547,2024-03-09,DET,DAL,516,516,TRUE,TRUE
2024,401585545,2024-03-09,LAC,CHI,447,447,TRUE,TRUE
2024,401585543,2024-03-08,LAL,MIL,434,434,TRUE,TRUE
2024,401585544,2024-03-08,POR,HOU,476,476,TRUE,TRUE
2024,401585541,2024-03-08,MEM,ATL,451,451,TRUE,TRUE
2024,401585542,2024-03-08,OKC,MIA,439,439,TRUE,TRUE
2024,401585539,2024-03-08,CLE,MIN,520,459,TRUE,TRUE
2024,401585540,2024-03-08,NY,ORL,410,410,TRUE,TRUE
2024,401585537,2024-03-08,PHI,NO,449,449,TRUE,TRUE
2024,401585538,2024-03-08,WSH,CHA,464,464,TRUE,TRUE
2024,401585534,2024-03-07,DEN,BOS,477,477,TRUE,TRUE
2024,401585535,2024-03-07,GS,CHI,497,497,TRUE,TRUE
2024,401585536,2024-03-07,SAC,SA,473,473,TRUE,TRUE
2024,401585533,2024-03-07,PHX,TOR,448,448,TRUE,TRUE
2024,401585532,2024-03-07,DAL,MIA,443,443,TRUE,TRUE
2024,401585530,2024-03-07,DET,BKN,447,447,TRUE,TRUE
2024,401585531,2024-03-07,IND,MIN,484,484,TRUE,TRUE
2024,401585529,2024-03-06,LAL,SAC,455,455,TRUE,TRUE
2024,401585527,2024-03-06,GS,MIL,435,435,TRUE,TRUE
2024,401585528,2024-03-06,POR,OKC,460,460,TRUE,TRUE
2024,401585526,2024-03-06,UTAH,CHI,437,437,TRUE,TRUE
2024,401585523,2024-03-06,ATL,CLE,437,437,TRUE,TRUE
2024,401585524,2024-03-06,PHI,MEM,502,502,TRUE,TRUE
2024,401585525,2024-03-06,HOU,LAC,440,440,TRUE,TRUE
2024,401585522,2024-03-06,WSH,ORL,439,439,TRUE,TRUE
2024,401585521,2024-03-05,DEN,PHX,479,454,TRUE,TRUE
2024,401585520,2024-03-05,DAL,IND,477,477,TRUE,TRUE
2024,401585519,2024-03-05,HOU,SA,453,453,TRUE,TRUE
2024,401585514,2024-03-05,CLE,BOS,430,430,TRUE,TRUE
2024,401585515,2024-03-05,BKN,PHI,471,471,TRUE,TRUE
2024,401585516,2024-03-05,MIA,DET,432,432,TRUE,TRUE
2024,401585517,2024-03-05,NY,ATL,454,454,TRUE,TRUE
2024,401585518,2024-03-05,TOR,NO,477,477,TRUE,TRUE
2024,401585513,2024-03-05,CHA,ORL,396,396,TRUE,TRUE
2024,401585512,2024-03-04,LAL,OKC,468,468,TRUE,TRUE
2024,401585511,2024-03-04,SAC,CHI,470,470,TRUE,TRUE
2024,401585510,2024-03-04,UTAH,WSH,469,469,TRUE,TRUE
2024,401585508,2024-03-04,MIL,LAC,448,448,TRUE,TRUE
2024,401585509,2024-03-04,MIN,POR,456,456,TRUE,TRUE
2024,401585507,2024-03-04,BKN,MEM,480,480,TRUE,TRUE
2024,401585506,2024-03-03,PHX,OKC,481,481,TRUE,TRUE
2024,401585504,2024-03-03,CLE,NY,400,400,TRUE,TRUE
2024,401585505,2024-03-03,SA,IND,454,454,TRUE,TRUE
2024,401585502,2024-03-03,ORL,DET,424,424,TRUE,TRUE
2024,401585503,2024-03-03,TOR,CHA,463,463,TRUE,TRUE
2024,401585500,2024-03-03,BOS,GS,436,436,TRUE,TRUE
2024,401585501,2024-03-03,MIN,LAC,423,423,TRUE,TRUE
2024,401585499,2024-03-03,DAL,PHI,472,472,TRUE,TRUE
2024,401585498,2024-03-02,PHX,HOU,522,522,TRUE,TRUE
2024,401585497,2024-03-02,LAL,DEN,388,388,TRUE,TRUE
2024,401585496,2024-03-02,MEM,POR,522,478,TRUE,TRUE
2024,401585495,2024-03-02,MIA,UTAH,443,443,TRUE,TRUE
2024,401585494,2024-03-02,BKN,ATL,478,478,TRUE,TRUE
2024,401585493,2024-03-01,LAC,WSH,457,457,TRUE,TRUE
2024,401585492,2024-03-01,CHI,MIL,463,463,TRUE,TRUE
2024,401585489,2024-03-01,MEM,POR,451,451,TRUE,TRUE
2024,401585490,2024-03-01,MIN,SAC,511,458,TRUE,TRUE
2024,401585491,2024-03-01,NO,IND,485,485,TRUE,TRUE
2024,401585487,2024-03-01,BOS,DAL,436,436,TRUE,TRUE
2024,401585488,2024-03-01,TOR,GS,496,496,TRUE,TRUE
2024,401585485,2024-03-01,DET,CLE,487,487,TRUE,TRUE
2024,401585486,2024-03-01,PHI,CHA,423,423,TRUE,TRUE
2024,401585484,2024-02-29,LAL,WSH,493,448,TRUE,TRUE
2024,401585483,2024-02-29,DEN,MIA,466,466,TRUE,TRUE
2024,401585482,2024-02-29,PHX,HOU,544,544,TRUE,TRUE
2024,401585481,2024-02-29,SA,OKC,455,455,TRUE,TRUE
2024,401585479,2024-02-29,BKN,ATL,437,437,TRUE,TRUE
2024,401585480,2024-02-29,NY,GS,497,497,TRUE,TRUE
2024,401585477,2024-02-29,CHA,MIL,437,437,TRUE,TRUE
2024,401585478,2024-02-29,ORL,UTAH,439,439,TRUE,TRUE
2024,401585476,2024-02-28,LAC,LAL,426,426,TRUE,TRUE
2024,401585475,2024-02-28,DEN,SAC,445,445,TRUE,TRUE
2024,401585473,2024-02-28,MIN,MEM,455,455,TRUE,TRUE
2024,401585474,2024-02-28,CHI,CLE,598,470,TRUE,TRUE
2024,401585471,2024-02-28,IND,NO,459,459,TRUE,TRUE
2024,401585472,2024-02-28,TOR,DAL,496,496,TRUE,TRUE
2024,401585469,2024-02-27,OKC,HOU,497,497,TRUE,TRUE
2024,401585470,2024-02-27,POR,MIA,440,440,TRUE,TRUE
2024,401585466,2024-02-27,MIN,SA,442,442,TRUE,TRUE
2024,401585467,2024-02-27,CHI,DET,452,452,TRUE,TRUE
2024,401585468,2024-02-27,MIL,CHA,426,426,TRUE,TRUE
2024,401585463,2024-02-27,ATL,UTAH,488,488,TRUE,TRUE
2024,401585464,2024-02-27,BOS,PHI,456,456,TRUE,TRUE
2024,401585465,2024-02-27,NY,NO,444,444,TRUE,TRUE
2024,401585460,2024-02-27,CLE,DAL,428,428,TRUE,TRUE
2024,401585461,2024-02-27,ORL,BKN,444,444,TRUE,TRUE
2024,401585462,2024-02-27,WSH,GS,454,454,TRUE,TRUE
2024,401585459,2024-02-26,SAC,MIA,426,426,TRUE,TRUE
2024,401585458,2024-02-26,MEM,BKN,456,456,TRUE,TRUE
2024,401585456,2024-02-26,NY,DET,440,440,TRUE,TRUE
2024,401585457,2024-02-26,IND,TOR,464,464,TRUE,TRUE
2024,401585455,2024-02-25,LAC,SAC,439,439,TRUE,TRUE
2024,401585454,2024-02-25,POR,CHA,443,443,TRUE,TRUE
2024,401585453,2024-02-25,UTAH,SA,474,474,TRUE,TRUE
2024,401585449,2024-02-25,ATL,ORL,450,450,TRUE,TRUE
2024,401585450,2024-02-25,HOU,OKC,496,496,TRUE,TRUE
2024,401585451,2024-02-25,NO,CHI,467,467,TRUE,TRUE
2024,401585452,2024-02-25,GS,DEN,484,484,TRUE,TRUE
2024,401585448,2024-02-25,WSH,CLE,463,463,TRUE,TRUE
2024,401585447,2024-02-25,IND,DAL,449,449,TRUE,TRUE
2024,401585446,2024-02-25,PHX,LAL,442,442,TRUE,TRUE
2024,401585445,2024-02-25,PHI,MIL,440,440,TRUE,TRUE
2024,401585443,2024-02-24,MIN,BKN,498,498,TRUE,TRUE
2024,401585444,2024-02-24,NY,BOS,392,392,TRUE,TRUE
2024,401585442,2024-02-24,DET,ORL,432,432,TRUE,TRUE
2024,401585441,2024-02-23,LAL,SA,478,478,TRUE,TRUE
2024,401585436,2024-02-23,MIN,MIL,470,470,TRUE,TRUE
2024,401585439,2024-02-23,GS,CHA,470,470,TRUE,TRUE
2024,401585440,2024-02-23,POR,DEN,462,462,TRUE,TRUE
2024,401585434,2024-02-23,HOU,PHX,555,555,TRUE,TRUE
2024,401585435,2024-02-23,MEM,LAC,460,460,TRUE,TRUE
2024,401585437,2024-02-23,OKC,WSH,494,494,TRUE,TRUE
2024,401585438,2024-02-23,NO,MIA,482,482,TRUE,TRUE
2024,401585432,2024-02-23,ATL,TOR,495,495,TRUE,TRUE
2024,401585433,2024-02-23,PHI,CLE,466,466,TRUE,TRUE
2024,401585430,2024-02-22,GS,LAL,489,489,TRUE,TRUE
2024,401585431,2024-02-22,SAC,SA,439,439,TRUE,TRUE
2024,401585428,2024-02-22,DEN,WSH,500,500,TRUE,TRUE
2024,401585429,2024-02-22,UTAH,CHA,487,487,TRUE,TRUE
2024,401585425,2024-02-22,CHI,BOS,443,443,TRUE,TRUE
2024,401585426,2024-02-22,NO,HOU,488,488,TRUE,TRUE
2024,401585427,2024-02-22,OKC,LAC,448,448,TRUE,TRUE
2024,401585424,2024-02-22,DAL,PHX,479,479,TRUE,TRUE
2024,401585420,2024-02-22,CLE,ORL,425,425,TRUE,TRUE
2024,401585421,2024-02-22,IND,DET,465,465,TRUE,TRUE
2024,401585422,2024-02-22,PHI,NY,449,449,TRUE,TRUE
2024,401585423,2024-02-22,TOR,BKN,479,479,TRUE,TRUE
2024,401585419,2024-02-15,POR,MIN,484,484,TRUE,TRUE
2024,401636113,2024-02-15,UTAH,GS,498,498,TRUE,TRUE
2024,401585418,2024-02-15,MEM,MIL,456,456,TRUE,TRUE
2024,401585417,2024-02-14,GS,LAC,511,511,TRUE,TRUE
2024,401585414,2024-02-14,DEN,SAC,468,468,TRUE,TRUE
2024,401585415,2024-02-14,PHX,DET,546,546,TRUE,TRUE
2024,401585416,2024-02-14,UTAH,LAL,458,458,TRUE,TRUE
2024,401585413,2024-02-14,DAL,SA,440,440,TRUE,TRUE
2024,401585411,2024-02-14,MEM,HOU,519,519,TRUE,TRUE
2024,401585412,2024-02-14,NO,WSH,484,484,TRUE,TRUE
2024,401585408,2024-02-14,BOS,BKN,405,405,TRUE,TRUE
2024,401585409,2024-02-14,CLE,CHI,436,436,TRUE,TRUE
2024,401585410,2024-02-14,TOR,IND,496,496,TRUE,TRUE
2024,401585405,2024-02-14,CHA,ATL,467,467,TRUE,TRUE
2024,401585406,2024-02-14,ORL,NY,397,397,TRUE,TRUE
2024,401585407,2024-02-14,PHI,MIA,436,436,TRUE,TRUE
2024,401585404,2024-02-13,LAL,DET,486,486,TRUE,TRUE
2024,401585402,2024-02-13,PHX,SAC,493,493,TRUE,TRUE
2024,401585403,2024-02-13,POR,MIN,475,475,TRUE,TRUE
2024,401585401,2024-02-13,MIL,MIA,417,417,TRUE,TRUE
2024,401585399,2024-02-13,BKN,BOS,452,452,TRUE,TRUE
2024,401585400,2024-02-13,ORL,OKC,471,471,TRUE,TRUE
2024,401585398,2024-02-12,LAC,MIN,433,433,TRUE,TRUE
2024,401585397,2024-02-12,UTAH,GS,479,479,TRUE,TRUE
2024,401585396,2024-02-12,DAL,WSH,529,529,TRUE,TRUE
2024,401585393,2024-02-12,HOU,NY,465,465,TRUE,TRUE
2024,401585394,2024-02-12,MEM,NO,440,440,TRUE,TRUE
2024,401585395,2024-02-12,MIL,DEN,449,449,TRUE,TRUE
2024,401585391,2024-02-12,ATL,CHI,480,480,TRUE,TRUE
2024,401585392,2024-02-12,TOR,SA,479,479,TRUE,TRUE
2024,401585389,2024-02-12,CHA,IND,409,409,TRUE,TRUE
2024,401585390,2024-02-12,CLE,PHI,475,475,TRUE,TRUE
2024,401585388,2024-02-11,OKC,SAC,459,459,TRUE,TRUE
2024,401585387,2024-02-11,MIA,BOS,424,424,TRUE,TRUE
2024,401585386,2024-02-10,POR,NO,410,410,TRUE,TRUE
2024,401585385,2024-02-10,GS,PHX,492,492,TRUE,TRUE
2024,401585382,2024-02-10,ATL,HOU,505,505,TRUE,TRUE
2024,401585383,2024-02-10,NY,IND,413,413,TRUE,TRUE
2024,401585384,2024-02-10,TOR,CLE,451,451,TRUE,TRUE
2024,401585379,2024-02-10,CHA,MEM,402,402,TRUE,TRUE
2024,401585380,2024-02-10,ORL,CHI,482,426,TRUE,TRUE
2024,401585381,2024-02-10,WSH,PHI,490,490,TRUE,TRUE
2024,401585378,2024-02-10,BKN,SA,456,456,TRUE,TRUE
2024,401585377,2024-02-10,LAC,DET,447,447,TRUE,TRUE
2024,401585376,2024-02-10,DAL,OKC,508,508,TRUE,TRUE
2024,401585375,2024-02-09,LAL,NO,474,474,TRUE,TRUE
2024,401585374,2024-02-09,SAC,DEN,454,454,TRUE,TRUE
2024,401585373,2024-02-09,MIL,CHA,463,463,TRUE,TRUE
2024,401585371,2024-02-09,BOS,WSH,471,471,TRUE,TRUE
2024,401585372,2024-02-09,TOR,HOU,467,467,TRUE,TRUE
2024,401585370,2024-02-09,PHI,ATL,493,493,TRUE,TRUE
2024,401585368,2024-02-08,LAL,DEN,439,439,TRUE,TRUE
2024,401585369,2024-02-08,POR,DET,516,466,TRUE,TRUE
2024,401585367,2024-02-08,PHX,UTAH,471,471,TRUE,TRUE
2024,401585365,2024-02-08,MEM,CHI,452,452,TRUE,TRUE
2024,401585366,2024-02-08,MIL,MIN,403,403,TRUE,TRUE
2024,401585363,2024-02-08,BKN,CLE,436,436,TRUE,TRUE
2024,401585364,2024-02-08,NY,DAL,433,433,TRUE,TRUE
2024,401585361,2024-02-08,IND,GS,457,457,TRUE,TRUE
2024,401585362,2024-02-08,ORL,SA,434,434,TRUE,TRUE
2024,401585359,2024-02-07,LAC,NO,444,444,TRUE,TRUE
2024,401585360,2024-02-07,SAC,DET,441,441,TRUE,TRUE
2024,401585355,2024-02-07,PHI,GS,476,476,TRUE,TRUE
2024,401585357,2024-02-07,BOS,ATL,447,447,TRUE,TRUE
2024,401585358,2024-02-07,MIA,SA,469,469,TRUE,TRUE
2024,401585354,2024-02-07,CHA,TOR,443,443,TRUE,TRUE
2024,401585356,2024-02-07,WSH,CLE,484,484,TRUE,TRUE
2024,401585353,2024-02-06,PHX,MIL,486,486,TRUE,TRUE
2024,401585352,2024-02-06,UTAH,OKC,454,454,TRUE,TRUE
2024,401585351,2024-02-06,CHI,MIN,528,461,TRUE,TRUE
2024,401585348,2024-02-06,BKN,DAL,429,429,TRUE,TRUE
2024,401585349,2024-02-06,MIA,ORL,440,440,TRUE,TRUE
2024,401585350,2024-02-06,NY,MEM,410,410,TRUE,TRUE
2024,401585347,2024-02-06,IND,HOU,458,458,TRUE,TRUE
2024,401585346,2024-02-05,NO,TOR,428,428,TRUE,TRUE
2024,401585344,2024-02-05,ATL,LAC,469,469,TRUE,TRUE
2024,401585345,2024-02-05,BKN,GS,491,491,TRUE,TRUE
2024,401585341,2024-02-05,CHA,LAL,431,431,TRUE,TRUE
2024,401585342,2024-02-05,CLE,SAC,451,451,TRUE,TRUE
2024,401585343,2024-02-05,PHI,DAL,472,472,TRUE,TRUE
2024,401585340,2024-02-04,DEN,POR,413,413,TRUE,TRUE
2024,401585339,2024-02-04,UTAH,MIL,456,456,TRUE,TRUE
2024,401585337,2024-02-04,MIN,HOU,522,522,TRUE,TRUE
2024,401585338,2024-02-04,OKC,TOR,513,425,TRUE,TRUE
2024,401585336,2024-02-04,MIA,LAC,420,420,TRUE,TRUE
2024,401585334,2024-02-04,BOS,MEM,456,456,TRUE,TRUE
2024,401585335,2024-02-04,CHA,IND,464,464,TRUE,TRUE
2024,401585333,2024-02-04,WSH,PHX,461,461,TRUE,TRUE
2024,401585332,2024-02-04,DET,ORL,423,423,TRUE,TRUE
2024,401585329,2024-02-03,NY,LAL,440,440,TRUE,TRUE
2024,401585330,2024-02-03,DAL,MIL,453,453,TRUE,TRUE
2024,401585331,2024-02-03,SA,CLE,495,495,TRUE,TRUE
2024,401585328,2024-02-03,CHI,SAC,478,478,TRUE,TRUE
2024,401585327,2024-02-03,ATL,GS,543,497,TRUE,TRUE
2024,401585326,2024-02-03,PHI,BKN,488,488,TRUE,TRUE
2024,401585325,2024-02-02,DEN,POR,438,438,TRUE,TRUE
2024,401585320,2024-02-02,HOU,TOR,457,457,TRUE,TRUE
2024,401585321,2024-02-02,MEM,GS,471,471,TRUE,TRUE
2024,401585322,2024-02-02,MIN,ORL,443,443,TRUE,TRUE
2024,401585323,2024-02-02,OKC,CHA,440,440,TRUE,TRUE
2024,401585324,2024-02-02,SA,NO,487,487,TRUE,TRUE
2024,401585318,2024-02-02,ATL,PHX,437,437,TRUE,TRUE
2024,401585319,2024-02-02,IND,SAC,481,481,TRUE,TRUE
2024,401585316,2024-02-02,DET,LAC,450,450,TRUE,TRUE
2024,401585317,2024-02-02,WSH,MIA,496,496,TRUE,TRUE
2024,401585314,2024-02-01,UTAH,PHI,455,455,TRUE,TRUE
2024,401585315,2024-02-01,MEM,CLE,462,462,TRUE,TRUE
2024,401585312,2024-02-01,BOS,LAL,469,469,TRUE,TRUE
2024,401585313,2024-02-01,NY,IND,489,489,TRUE,TRUE
2024,401585311,2024-01-31,POR,MIL,444,444,TRUE,TRUE
2024,401585305,2024-01-31,BKN,PHX,451,451,TRUE,TRUE
2024,401585307,2024-01-31,HOU,NO,463,463,TRUE,TRUE
2024,401585308,2024-01-31,MIN,DAL,464,464,TRUE,TRUE
2024,401585309,2024-01-31,SA,ORL,467,467,TRUE,TRUE
2024,401585310,2024-01-31,OKC,DEN,488,488,TRUE,TRUE
2024,401585306,2024-01-31,MIA,SAC,444,444,TRUE,TRUE
2024,401585302,2024-01-31,CHA,CHI,447,447,TRUE,TRUE
2024,401585303,2024-01-31,CLE,DET,429,429,TRUE,TRUE
2024,401585304,2024-01-31,WSH,LAC,461,461,TRUE,TRUE
2024,401585301,2024-01-30,GS,PHI,448,448,TRUE,TRUE
2024,401585300,2024-01-30,CHI,TOR,444,444,TRUE,TRUE
2024,401585297,2024-01-30,ATL,LAL,472,472,TRUE,TRUE
2024,401585298,2024-01-30,BOS,IND,470,470,TRUE,TRUE
2024,401585299,2024-01-30,NY,UTAH,431,431,TRUE,TRUE
2024,401585296,2024-01-29,POR,PHI,469,469,TRUE,TRUE
2024,401585295,2024-01-29,DEN,MIL,478,478,TRUE,TRUE
2024,401585294,2024-01-29,DAL,ORL,499,499,TRUE,TRUE
2024,401585290,2024-01-29,HOU,LAL,488,488,TRUE,TRUE
2024,401585291,2024-01-29,MEM,SAC,440,440,TRUE,TRUE
2024,401585292,2024-01-29,OKC,MIN,437,437,TRUE,TRUE
2024,401585293,2024-01-29,SA,WSH,467,467,TRUE,TRUE
2024,401585287,2024-01-29,BOS,NO,428,428,TRUE,TRUE
2024,401585288,2024-01-29,BKN,UTAH,490,490,TRUE,TRUE
2024,401585289,2024-01-29,MIA,PHX,453,453,TRUE,TRUE
2024,401585285,2024-01-29,CHA,NY,416,416,TRUE,TRUE
2024,401585286,2024-01-29,CLE,LAC,461,461,TRUE,TRUE
2024,401585284,2024-01-28,POR,CHI,445,445,TRUE,TRUE
2024,401585281,2024-01-28,ATL,TOR,515,515,TRUE,TRUE
2024,401585283,2024-01-28,ORL,PHX,465,465,TRUE,TRUE
2024,401585280,2024-01-28,IND,MEM,462,462,TRUE,TRUE
2024,401585282,2024-01-28,DET,OKC,438,438,TRUE,TRUE
2024,401585279,2024-01-27,DAL,SAC,495,495,TRUE,TRUE
2024,401585277,2024-01-27,SA,MIN,411,411,TRUE,TRUE
2024,401585278,2024-01-27,GS,LAL,605,506,TRUE,TRUE
2024,401585276,2024-01-27,MIL,NO,480,480,TRUE,TRUE
2024,401585274,2024-01-27,BOS,LAC,479,479,TRUE,TRUE
2024,401585275,2024-01-27,CHA,UTAH,442,442,TRUE,TRUE
2024,401585273,2024-01-27,BKN,HOU,516,516,TRUE,TRUE
2024,401585272,2024-01-27,DEN,PHI,456,456,TRUE,TRUE
2024,401585271,2024-01-27,NY,MIA,438,438,TRUE,TRUE
2024,401585270,2024-01-27,DET,WSH,488,488,TRUE,TRUE
2024,401585269,2024-01-26,SA,POR,484,484,TRUE,TRUE
2024,401585266,2024-01-26,MEM,ORL,454,454,TRUE,TRUE
2024,401585267,2024-01-26,MIL,CLE,525,525,TRUE,TRUE
2024,401585268,2024-01-26,NO,OKC,451,451,TRUE,TRUE
2024,401585265,2024-01-26,TOR,LAC,481,481,TRUE,TRUE
2024,401585262,2024-01-26,ATL,DAL,480,480,TRUE,TRUE
2024,401585263,2024-01-26,CHA,HOU,490,490,TRUE,TRUE
2024,401585264,2024-01-26,IND,PHX,472,472,TRUE,TRUE
2024,401585261,2024-01-25,LAL,CHI,455,455,TRUE,TRUE
2024,401585260,2024-01-25,GS,SAC,446,446,TRUE,TRUE
2024,401585257,2024-01-25,BKN,MIN,409,409,TRUE,TRUE
2024,401585258,2024-01-25,MIA,BOS,397,397,TRUE,TRUE
2024,401585259,2024-01-25,NY,DEN,425,425,TRUE,TRUE
2024,401585255,2024-01-25,IND,PHI,512,512,TRUE,TRUE
2024,401585256,2024-01-25,WSH,UTAH,443,443,TRUE,TRUE
2024,401585254,2024-01-24,GS,ATL,480,480,TRUE,TRUE
2024,401585250,2024-01-24,SA,OKC,469,469,TRUE,TRUE
2024,401585253,2024-01-24,DAL,PHX,470,470,TRUE,TRUE
2024,401585251,2024-01-24,HOU,POR,473,420,TRUE,TRUE
2024,401585252,2024-01-24,MIL,CLE,460,460,TRUE,TRUE
2024,401585249,2024-01-24,MIA,MEM,445,445,TRUE,TRUE
2024,401585247,2024-01-24,DET,CHA,467,467,TRUE,TRUE
2024,401585248,2024-01-24,WSH,MIN,500,500,TRUE,TRUE
2024,401585246,2024-01-23,LAC,LAL,439,439,TRUE,TRUE
2024,401585244,2024-01-23,NO,UTAH,476,476,TRUE,TRUE
2024,401585245,2024-01-23,OKC,POR,487,487,TRUE,TRUE
2024,401585243,2024-01-23,BKN,NY,427,427,TRUE,TRUE
2024,401585242,2024-01-23,IND,DEN,433,433,TRUE,TRUE
2024,401585241,2024-01-22,SAC,ATL,492,492,TRUE,TRUE
2024,401585240,2024-01-22,PHX,CHI,432,432,TRUE,TRUE
2024,401585239,2024-01-22,DAL,BOS,467,467,TRUE,TRUE
2024,401585238,2024-01-22,MIN,CHA,442,442,TRUE,TRUE
2024,401585237,2024-01-22,TOR,MEM,439,439,TRUE,TRUE
2024,401585234,2024-01-22,DET,MIL,499,499,TRUE,TRUE
2024,401585235,2024-01-22,ORL,CLE,430,430,TRUE,TRUE
2024,401585236,2024-01-22,PHI,SA,493,493,TRUE,TRUE
2024,401585233,2024-01-21,LAL,POR,459,459,TRUE,TRUE
2024,401585232,2024-01-21,PHX,IND,473,473,TRUE,TRUE
2024,401585231,2024-01-21,HOU,BOS,491,491,TRUE,TRUE
2024,401585229,2024-01-21,ORL,MIA,452,452,TRUE,TRUE
2024,401585230,2024-01-21,WSH,DEN,476,476,TRUE,TRUE
2024,401585228,2024-01-21,LAC,BKN,450,450,TRUE,TRUE
2024,401585225,2024-01-20,CHI,MEM,441,441,TRUE,TRUE
2024,401585226,2024-01-20,HOU,UTAH,573,496,TRUE,TRUE
2024,401585227,2024-01-20,MIN,OKC,498,498,TRUE,TRUE
2024,401585223,2024-01-20,ATL,CLE,444,444,TRUE,TRUE
2024,401585224,2024-01-20,NY,TOR,473,473,TRUE,TRUE
2024,401585221,2024-01-20,CHA,PHI,459,459,TRUE,TRUE
2024,401585222,2024-01-20,WSH,SA,504,504,TRUE,TRUE
2024,401585220,2024-01-20,DET,MIL,508,508,TRUE,TRUE
2024,401585219,2024-01-19,LAL,BKN,464,464,TRUE,TRUE
2024,401585218,2024-01-19,POR,IND,493,493,TRUE,TRUE
2024,401585215,2024-01-19,MIA,ATL,446,446,TRUE,TRUE
2024,401585216,2024-01-19,NO,PHX,475,475,TRUE,TRUE
2024,401585214,2024-01-19,BOS,DEN,403,403,TRUE,TRUE
2024,401585212,2024-01-19,CHA,SA,434,434,TRUE,TRUE
2024,401585213,2024-01-19,ORL,PHI,454,454,TRUE,TRUE
2024,401585210,2024-01-18,MIN,MEM,437,437,TRUE,TRUE
2024,401585211,2024-01-18,SAC,IND,472,472,TRUE,TRUE
2024,401585209,2024-01-18,UTAH,OKC,495,495,TRUE,TRUE
2024,401585207,2024-01-18,NY,WSH,469,469,TRUE,TRUE
2024,401585208,2024-01-18,TOR,CHI,447,447,TRUE,TRUE
2024,401585206,2024-01-17,POR,BKN,429,429,TRUE,TRUE
2024,401585205,2024-01-17,LAL,DAL,464,464,TRUE,TRUE
2024,401585203,2024-01-17,NO,CHA,464,464,TRUE,TRUE
2024,401585198,2024-01-17,ATL,ORL,444,444,TRUE,TRUE
2024,401585199,2024-01-17,BOS,SA,456,456,TRUE,TRUE
2024,401585200,2024-01-17,CLE,MIL,432,432,TRUE,TRUE
2024,401585201,2024-01-17,NY,HOU,459,459,TRUE,TRUE
2024,401585202,2024-01-17,TOR,MIA,433,433,TRUE,TRUE
2024,401585197,2024-01-17,DET,MIN,461,461,TRUE,TRUE
2024,401585196,2024-01-16,LAC,OKC,449,449,TRUE,TRUE
2024,401585195,2024-01-16,PHX,SAC,445,445,TRUE,TRUE
2024,401585194,2024-01-16,PHI,DEN,443,443,TRUE,TRUE
2024,401585193,2024-01-15,LAL,OKC,455,455,TRUE,TRUE
2024,401585192,2024-01-15,UTAH,IND,483,483,TRUE,TRUE
2024,401585190,2024-01-15,BKN,MIA,487,443,TRUE,TRUE
2024,401585191,2024-01-15,TOR,BOS,457,457,TRUE,TRUE
2024,401585189,2024-01-15,CLE,CHI,460,460,TRUE,TRUE
2024,401585188,2024-01-15,MEM,GS,488,488,TRUE,TRUE
2024,401585187,2024-01-15,ATL,SA,505,505,TRUE,TRUE
2024,401585185,2024-01-15,NY,ORL,449,449,TRUE,TRUE
2024,401585186,2024-01-15,WSH,DET,449,449,TRUE,TRUE
2024,401585184,2024-01-15,DAL,NO,526,526,TRUE,TRUE
2024,401585183,2024-01-15,PHI,HOU,498,498,TRUE,TRUE
2024,401585182,2024-01-14,POR,PHX,449,449,TRUE,TRUE
2024,401585180,2024-01-14,MIL,SAC,502,452,TRUE,TRUE
2024,401585181,2024-01-14,MIN,LAC,437,437,TRUE,TRUE
2024,401585179,2024-01-14,MIA,CHA,460,460,TRUE,TRUE
2024,401585178,2024-01-14,DEN,IND,454,454,TRUE,TRUE
2024,401585177,2024-01-13,UTAH,LAL,490,490,TRUE,TRUE
2024,401585175,2024-01-13,DAL,NO,454,454,TRUE,TRUE
2024,401585176,2024-01-13,SA,CHI,471,471,TRUE,TRUE
2024,401585172,2024-01-13,MEM,NY,435,435,TRUE,TRUE
2024,401585173,2024-01-13,MIL,GS,462,462,TRUE,TRUE
2024,401585174,2024-01-13,OKC,ORL,469,469,TRUE,TRUE
2024,401585171,2024-01-13,ATL,WSH,510,510,TRUE,TRUE
2024,401585170,2024-01-13,BOS,HOU,493,493,TRUE,TRUE
2024,401585167,2024-01-12,DEN,NO,445,445,TRUE,TRUE
2024,401585168,2024-01-12,UTAH,TOR,476,476,TRUE,TRUE
2024,401585163,2024-01-12,MIA,ORL,469,469,TRUE,TRUE
2024,401585164,2024-01-12,CHI,GS,448,448,TRUE,TRUE
2024,401585165,2024-01-12,MEM,LAC,456,456,TRUE,TRUE
2024,401585166,2024-01-12,MIN,POR,463,463,TRUE,TRUE
2024,401585169,2024-01-12,SA,CHA,503,503,TRUE,TRUE
2024,401585160,2024-01-12,PHI,SAC,492,492,TRUE,TRUE
2024,401585161,2024-01-12,ATL,IND,432,432,TRUE,TRUE
2024,401585162,2024-01-12,DET,HOU,461,461,TRUE,TRUE
2024,401585159,2024-01-11,LAL,PHX,464,464,TRUE,TRUE
2024,401585158,2024-01-11,DAL,NY,485,485,TRUE,TRUE
2024,401585157,2024-01-11,OKC,POR,467,467,TRUE,TRUE
2024,401585156,2024-01-11,MIL,BOS,452,452,TRUE,TRUE
2024,401585155,2024-01-11,CLE,BKN,514,514,TRUE,TRUE
2024,401585154,2024-01-10,LAC,TOR,424,424,TRUE,TRUE
2024,401585152,2024-01-10,UTAH,DEN,462,462,TRUE,TRUE
2024,401585153,2024-01-10,GS,NO,457,457,TRUE,TRUE
2024,401585151,2024-01-10,CHI,HOU,506,455,TRUE,TRUE
2024,401585149,2024-01-10,ATL,PHI,566,509,TRUE,TRUE
2024,401585150,2024-01-10,MIA,OKC,452,452,TRUE,TRUE
2024,401585145,2024-01-10,BOS,MIN,483,424,TRUE,TRUE
2024,401585146,2024-01-10,CHA,SAC,447,447,TRUE,TRUE
2024,401585147,2024-01-10,DET,SA,470,470,TRUE,TRUE
2024,401585148,2024-01-10,IND,WSH,482,482,TRUE,TRUE
2024,401585144,2024-01-09,LAL,TOR,464,464,TRUE,TRUE
2024,401585143,2024-01-09,DAL,MEM,471,471,TRUE,TRUE
2024,401585142,2024-01-09,NY,POR,458,458,TRUE,TRUE
2024,401585140,2024-01-09,DET,SAC,468,468,TRUE,TRUE
2024,401585141,2024-01-09,ORL,MIN,463,463,TRUE,TRUE
2024,401585139,2024-01-08,LAC,PHX,438,438,TRUE,TRUE
2024,401585138,2024-01-08,MIL,UTAH,462,462,TRUE,TRUE
2024,401585137,2024-01-08,MIA,HOU,482,482,TRUE,TRUE
2024,401585134,2024-01-08,CHA,CHI,487,442,TRUE,TRUE
2024,401585135,2024-01-08,IND,BOS,474,474,TRUE,TRUE
2024,401585136,2024-01-08,WSH,OKC,474,474,TRUE,TRUE
2024,401585133,2024-01-07,LAL,LAC,451,451,TRUE,TRUE
2024,401585132,2024-01-07,GS,TOR,443,443,TRUE,TRUE
2024,401585130,2024-01-07,DEN,DET,469,469,TRUE,TRUE
2024,401585131,2024-01-07,PHX,MEM,533,533,TRUE,TRUE
2024,401585129,2024-01-07,DAL,MIN,502,502,TRUE,TRUE
2024,401585127,2024-01-07,ORL,ATL,519,466,TRUE,TRUE
2024,401585128,2024-01-07,SAC,NO,415,415,TRUE,TRUE
2024,401585126,2024-01-07,BKN,POR,505,460,TRUE,TRUE
2024,401585125,2024-01-07,CLE,SA,459,459,TRUE,TRUE
2024,401585124,2024-01-06,HOU,MIL,493,493,TRUE,TRUE
2024,401585123,2024-01-06,PHI,UTAH,482,482,TRUE,TRUE
2024,401585121,2024-01-06,IND,BOS,479,479,TRUE,TRUE
2024,401585122,2024-01-06,WSH,NY,456,456,TRUE,TRUE
2024,401585118,2024-01-05,GS,DET,478,478,TRUE,TRUE
2024,401585119,2024-01-05,LAL,MEM,444,444,TRUE,TRUE
2024,401585120,2024-01-05,SAC,TOR,479,479,TRUE,TRUE
2024,401585116,2024-01-05,DEN,ORL,467,467,TRUE,TRUE
2024,401585117,2024-01-05,PHX,MIA,451,451,TRUE,TRUE
2024,401585115,2024-01-05,DAL,POR,473,473,TRUE,TRUE
2024,401585112,2024-01-05,CHI,CHA,432,432,TRUE,TRUE
2024,401585113,2024-01-05,HOU,MIN,450,450,TRUE,TRUE
2024,401585114,2024-01-05,NO,LAC,454,454,TRUE,TRUE
2024,401585109,2024-01-05,BKN,OKC,506,506,TRUE,TRUE
2024,401585110,2024-01-05,CLE,WSH,437,437,TRUE,TRUE
2024,401585111,2024-01-05,PHI,NY,459,459,TRUE,TRUE
2024,401585107,2024-01-05,BOS,UTAH,519,519,TRUE,TRUE
2024,401585108,2024-01-05,IND,ATL,455,455,TRUE,TRUE
2024,401585106,2024-01-04,GS,DEN,437,437,TRUE,TRUE
2024,401585105,2024-01-04,SA,MIL,452,452,TRUE,TRUE
2024,401585103,2024-01-03,LAL,MIA,467,467,TRUE,TRUE
2024,401585104,2024-01-03,SAC,ORL,574,455,TRUE,TRUE
2024,401585101,2024-01-03,PHX,LAC,451,451,TRUE,TRUE
2024,401585102,2024-01-03,UTAH,DET,536,467,TRUE,TRUE
2024,401585096,2024-01-03,NY,CHI,445,445,TRUE,TRUE
2024,401585100,2024-01-03,DAL,POR,507,507,TRUE,TRUE
2024,401585097,2024-01-03,HOU,BKN,482,482,TRUE,TRUE
2024,401585098,2024-01-03,MEM,TOR,475,475,TRUE,TRUE
2024,401585099,2024-01-03,MIN,NO,445,445,TRUE,TRUE
2024,401585095,2024-01-03,ATL,OKC,506,506,TRUE,TRUE
2024,401585093,2024-01-03,CLE,WSH,447,447,TRUE,TRUE
2024,401585094,2024-01-03,IND,MIL,508,508,TRUE,TRUE
2024,401585091,2024-01-02,GS,ORL,487,487,TRUE,TRUE
2024,401585092,2024-01-02,SAC,CHA,472,472,TRUE,TRUE
2024,401585088,2024-01-02,MEM,SA,476,476,TRUE,TRUE
2024,401585089,2024-01-02,NO,BKN,453,453,TRUE,TRUE
2024,401585090,2024-01-02,OKC,BOS,479,479,TRUE,TRUE
2024,401585087,2024-01-02,PHI,CHI,500,500,TRUE,TRUE
2024,401585086,2024-01-01,LAC,MIA,426,426,TRUE,TRUE
2024,401585083,2024-01-01,DEN,CHA,428,428,TRUE,TRUE
2024,401585084,2024-01-01,PHX,POR,464,464,TRUE,TRUE
2024,401585085,2024-01-01,UTAH,DAL,464,464,TRUE,TRUE
2024,401585081,2024-01-01,HOU,DET,453,453,TRUE,TRUE
2024,401585082,2024-01-01,MIL,IND,504,504,TRUE,TRUE
2024,401585080,2024-01-01,TOR,CLE,512,512,TRUE,TRUE
2024,401585079,2024-01-01,NY,MIN,476,476,TRUE,TRUE
2024,401585077,2023-12-31,MEM,SAC,466,466,TRUE,TRUE
2024,401585078,2023-12-31,PHX,ORL,433,433,TRUE,TRUE
2024,401585074,2023-12-31,NO,LAL,447,447,TRUE,TRUE
2024,401585075,2023-12-31,OKC,BKN,501,501,TRUE,TRUE
2024,401585076,2023-12-31,SA,BOS,450,450,TRUE,TRUE
2024,401585073,2023-12-31,WSH,ATL,501,501,TRUE,TRUE
2024,401585072,2023-12-30,GS,DAL,470,470,TRUE,TRUE
2024,401585070,2023-12-30,CHI,PHI,467,467,TRUE,TRUE
2024,401585071,2023-12-30,MIN,LAL,486,486,TRUE,TRUE
2024,401585069,2023-12-30,IND,NY,467,467,TRUE,TRUE
2024,401585068,2023-12-30,DET,TOR,494,494,TRUE,TRUE
2024,401585067,2023-12-30,UTAH,MIA,486,486,TRUE,TRUE
2024,401585066,2023-12-29,LAC,MEM,467,467,TRUE,TRUE
2024,401585065,2023-12-29,POR,SA,479,479,TRUE,TRUE
2024,401585063,2023-12-29,DEN,OKC,451,451,TRUE,TRUE
2024,401585064,2023-12-29,PHX,CHA,407,407,TRUE,TRUE
2024,401585062,2023-12-29,HOU,PHI,466,466,TRUE,TRUE
2024,401585059,2023-12-29,ATL,SAC,469,469,TRUE,TRUE
2024,401585060,2023-12-29,BOS,TOR,467,467,TRUE,TRUE
2024,401585061,2023-12-29,CLE,MIL,462,462,TRUE,TRUE
2024,401585057,2023-12-29,ORL,NY,506,506,TRUE,TRUE
2024,401585058,2023-12-29,WSH,BKN,459,459,TRUE,TRUE
2024,401585056,2023-12-28,LAL,CHA,461,461,TRUE,TRUE
2024,401585054,2023-12-28,GS,MIA,472,472,TRUE,TRUE
2024,401585055,2023-12-28,POR,SA,516,516,TRUE,TRUE
2024,401585053,2023-12-28,DEN,MEM,447,447,TRUE,TRUE
2024,401585050,2023-12-28,CHI,IND,477,477,TRUE,TRUE
2024,401585051,2023-12-28,MIN,DAL,491,491,TRUE,TRUE
2024,401585052,2023-12-28,NO,UTAH,451,451,TRUE,TRUE
2024,401585049,2023-12-28,BOS,DET,512,446,TRUE,TRUE
2024,401585048,2023-12-27,DAL,CLE,487,487,TRUE,TRUE
2024,401585046,2023-12-27,HOU,PHX,470,470,TRUE,TRUE
2024,401585047,2023-12-27,OKC,NY,465,465,TRUE,TRUE
2024,401585045,2023-12-27,BKN,MIL,477,477,TRUE,TRUE
2024,401585043,2023-12-27,ORL,PHI,463,463,TRUE,TRUE
2024,401585044,2023-12-27,WSH,TOR,463,463,TRUE,TRUE
2024,401585042,2023-12-26,LAC,CHA,449,449,TRUE,TRUE
2024,401585041,2023-12-26,POR,SAC,461,461,TRUE,TRUE
2024,401585036,2023-12-26,CHI,ATL,476,476,TRUE,TRUE
2024,401585037,2023-12-26,HOU,IND,455,455,TRUE,TRUE
2024,401585038,2023-12-26,NO,MEM,577,506,TRUE,TRUE
2024,401585039,2023-12-26,OKC,MIN,447,447,TRUE,TRUE
2024,401585040,2023-12-26,SA,UTAH,494,494,TRUE,TRUE
2024,401585034,2023-12-26,DET,BKN,528,528,TRUE,TRUE
2024,401585035,2023-12-26,WSH,ORL,473,473,TRUE,TRUE
2024,401585033,2023-12-25,PHX,DAL,487,487,TRUE,TRUE
2024,401585032,2023-12-25,MIA,PHI,488,488,TRUE,TRUE
2024,401585031,2023-12-25,LAL,BOS,461,461,TRUE,TRUE
2024,401585030,2023-12-25,DEN,GS,469,469,TRUE,TRUE
2024,401585029,2023-12-25,NY,MIL,469,469,TRUE,TRUE
2024,401585028,2023-12-23,SAC,MIN,437,437,TRUE,TRUE
2024,401585026,2023-12-23,DAL,SA,493,493,TRUE,TRUE
2024,401585027,2023-12-23,GS,POR,446,446,TRUE,TRUE
2024,401585024,2023-12-23,CHI,CLE,450,450,TRUE,TRUE
2024,401585025,2023-12-23,OKC,LAL,458,458,TRUE,TRUE
2024,401585021,2023-12-23,ATL,MEM,488,488,TRUE,TRUE
2024,401585022,2023-12-23,BKN,DET,475,475,TRUE,TRUE
2024,401585023,2023-12-23,TOR,UTAH,444,444,TRUE,TRUE
2024,401585018,2023-12-23,CHA,DEN,464,464,TRUE,TRUE
2024,401585019,2023-12-23,IND,ORL,446,446,TRUE,TRUE
2024,401585020,2023-12-23,NO,HOU,488,488,TRUE,TRUE
2024,401585017,2023-12-23,LAC,BOS,458,458,TRUE,TRUE
2024,401585016,2023-12-23,NY,MIL,472,472,TRUE,TRUE
2024,401585014,2023-12-22,GS,WSH,478,478,TRUE,TRUE
2024,401585015,2023-12-22,SAC,PHX,483,483,TRUE,TRUE
2024,401585012,2023-12-22,MIA,ATL,483,483,TRUE,TRUE
2024,401585013,2023-12-22,HOU,DAL,503,503,TRUE,TRUE
2024,401585011,2023-12-22,BKN,DEN,475,475,TRUE,TRUE
2024,401585010,2023-12-22,PHI,TOR,449,449,TRUE,TRUE
2024,401585009,2023-12-21,POR,WSH,499,499,TRUE,TRUE
2024,401585008,2023-12-21,MIN,LAL,458,458,TRUE,TRUE
2024,401585004,2023-12-21,CHI,SA,438,438,TRUE,TRUE
2024,401585005,2023-12-21,MEM,IND,459,459,TRUE,TRUE
2024,401585006,2023-12-21,MIL,ORL,498,498,TRUE,TRUE
2024,401585007,2023-12-21,OKC,LAC,439,439,TRUE,TRUE
2024,401585003,2023-12-21,CLE,NO,419,419,TRUE,TRUE
2024,401585002,2023-12-21,DET,UTAH,464,464,TRUE,TRUE
2024,401585001,2023-12-20,SAC,BOS,448,448,TRUE,TRUE
2024,401585000,2023-12-20,DAL,LAC,440,440,TRUE,TRUE
2024,401584998,2023-12-20,CHI,LAL,441,441,TRUE,TRUE
2024,401584999,2023-12-20,HOU,ATL,458,458,TRUE,TRUE
2024,401584996,2023-12-20,BKN,NY,495,495,TRUE,TRUE
2024,401584997,2023-12-20,TOR,DEN,414,414,TRUE,TRUE
2024,401584992,2023-12-20,CLE,UTAH,460,460,TRUE,TRUE
2024,401584993,2023-12-20,IND,CHA,450,450,TRUE,TRUE
2024,401584994,2023-12-20,ORL,MIA,449,449,TRUE,TRUE
2024,401584995,2023-12-20,PHI,MIN,476,476,TRUE,TRUE
2024,401584990,2023-12-19,GS,BOS,506,455,TRUE,TRUE
2024,401584991,2023-12-19,POR,PHX,469,469,TRUE,TRUE
2024,401584989,2023-12-19,MIL,SA,493,493,TRUE,TRUE
2024,401584988,2023-12-19,NO,MEM,476,476,TRUE,TRUE
2024,401584987,2023-12-18,LAL,NY,463,463,TRUE,TRUE
2024,401584986,2023-12-18,SAC,WSH,488,488,TRUE,TRUE
2024,401584984,2023-12-18,DEN,DAL,445,445,TRUE,TRUE
2024,401584985,2023-12-18,UTAH,BKN,466,466,TRUE,TRUE
2024,401584983,2023-12-18,OKC,MEM,484,484,TRUE,TRUE
2024,401584980,2023-12-18,ATL,DET,506,506,TRUE,TRUE
2024,401584981,2023-12-18,MIA,MIN,444,444,TRUE,TRUE
2024,401584982,2023-12-18,TOR,CHA,446,446,TRUE,TRUE
2024,401584977,2023-12-18,CLE,HOU,564,498,TRUE,TRUE
2024,401584978,2023-12-18,IND,LAC,464,464,TRUE,TRUE
2024,401584979,2023-12-18,PHI,CHI,434,434,TRUE,TRUE
2024,401584976,2023-12-17,POR,GS,453,453,TRUE,TRUE
2024,401584975,2023-12-17,PHX,WSH,503,503,TRUE,TRUE
2024,401584974,2023-12-17,MIL,HOU,473,473,TRUE,TRUE
2024,401584973,2023-12-17,SA,NO,490,490,TRUE,TRUE
2024,401584972,2023-12-17,BOS,ORL,464,464,TRUE,TRUE
2024,401584971,2023-12-16,LAC,NY,473,473,TRUE,TRUE
2024,401584970,2023-12-16,SAC,UTAH,436,436,TRUE,TRUE
2024,401584968,2023-12-16,DEN,OKC,481,481,TRUE,TRUE
2024,401584969,2023-12-16,POR,DAL,475,475,TRUE,TRUE
2024,401584967,2023-12-16,GS,BKN,460,460,TRUE,TRUE
2024,401584965,2023-12-16,MIA,CHI,437,437,TRUE,TRUE
2024,401584966,2023-12-16,MIN,IND,429,429,TRUE,TRUE
2024,401584964,2023-12-16,CLE,ATL,471,471,TRUE,TRUE
2024,401584963,2023-12-16,CHA,PHI,424,424,TRUE,TRUE
2024,401584962,2023-12-16,MIL,DET,485,485,TRUE,TRUE
2024,401584961,2023-12-15,PHX,NY,446,446,TRUE,TRUE
2024,401584960,2023-12-15,MEM,HOU,503,503,TRUE,TRUE
2024,401584957,2023-12-15,BOS,ORL,462,462,TRUE,TRUE
2024,401584958,2023-12-15,TOR,ATL,450,450,TRUE,TRUE
2024,401584959,2023-12-15,SA,LAL,463,463,TRUE,TRUE
2024,401584954,2023-12-15,CHA,NO,487,487,TRUE,TRUE
2024,401584955,2023-12-15,PHI,DET,497,497,TRUE,TRUE
2024,401584956,2023-12-15,WSH,IND,508,508,TRUE,TRUE
2024,401584953,2023-12-14,LAC,GS,464,464,TRUE,TRUE
2024,401584951,2023-12-14,POR,UTAH,450,450,TRUE,TRUE
2024,401584952,2023-12-14,SAC,OKC,543,543,TRUE,TRUE
2024,401584950,2023-12-14,DEN,BKN,487,487,TRUE,TRUE
2024,401584949,2023-12-14,DAL,MIN,473,473,TRUE,TRUE
2024,401584947,2023-12-14,BOS,CLE,424,424,TRUE,TRUE
2024,401584948,2023-12-14,MIA,CHI,478,478,TRUE,TRUE
2024,401584945,2023-12-13,PHX,BKN,477,477,TRUE,TRUE
2024,401584946,2023-12-13,UTAH,NY,517,517,TRUE,TRUE
2024,401584942,2023-12-13,HOU,MEM,516,516,TRUE,TRUE
2024,401584943,2023-12-13,MIL,IND,566,566,TRUE,TRUE
2024,401584944,2023-12-13,SA,LAL,483,483,TRUE,TRUE
2024,401584940,2023-12-13,MIA,CHA,414,414,TRUE,TRUE
2024,401584941,2023-12-13,TOR,ATL,458,458,TRUE,TRUE
2024,401584938,2023-12-13,DET,PHI,474,474,TRUE,TRUE
2024,401584939,2023-12-13,WSH,NO,459,459,TRUE,TRUE
2024,401584937,2023-12-12,LAC,SAC,447,447,TRUE,TRUE
2024,401584936,2023-12-12,PHX,GS,520,520,TRUE,TRUE
2024,401584935,2023-12-12,CHI,DEN,484,484,TRUE,TRUE
2024,401584933,2023-12-12,BOS,CLE,435,435,TRUE,TRUE
2024,401584934,2023-12-12,DAL,LAL,456,456,TRUE,TRUE
2024,401584932,2023-12-11,LAC,POR,453,453,TRUE,TRUE
2024,401584931,2023-12-11,SAC,BKN,473,473,TRUE,TRUE
2024,401584926,2023-12-11,HOU,SA,495,495,TRUE,TRUE
2024,401584927,2023-12-11,MEM,DAL,451,451,TRUE,TRUE
2024,401584928,2023-12-11,MIL,CHI,533,464,TRUE,TRUE
2024,401584929,2023-12-11,NO,MIN,509,509,TRUE,TRUE
2024,401584930,2023-12-11,OKC,UTAH,455,455,TRUE,TRUE
2024,401584924,2023-12-11,ATL,DEN,481,481,TRUE,TRUE
2024,401584925,2023-12-11,NY,TOR,471,471,TRUE,TRUE
2024,401584920,2023-12-11,CHA,MIA,461,461,TRUE,TRUE
2024,401584921,2023-12-11,DET,IND,456,456,TRUE,TRUE
2024,401584922,2023-12-11,ORL,CLE,500,500,TRUE,TRUE
2024,401584923,2023-12-11,PHI,WSH,486,486,TRUE,TRUE
2024,401607495,2023-12-09,LAL,IND,553,553,TRUE,TRUE
2024,401616479,2023-12-08,UTAH,LAC,449,449,TRUE,TRUE
2024,401616480,2023-12-08,POR,DAL,499,499,TRUE,TRUE
2024,401616478,2023-12-08,DEN,HOU,511,511,TRUE,TRUE
2024,401617581,2023-12-08,PHX,SAC,470,470,TRUE,TRUE
2024,401616477,2023-12-08,SA,CHI,476,476,TRUE,TRUE
2024,401616474,2023-12-08,MIA,CLE,474,474,TRUE,TRUE
2024,401616475,2023-12-08,MEM,MIN,458,458,TRUE,TRUE
2024,401616476,2023-12-08,OKC,GS,577,501,TRUE,TRUE
2024,401616473,2023-12-08,BKN,WSH,489,489,TRUE,TRUE
2024,401617579,2023-12-08,BOS,NY,461,461,TRUE,TRUE
2024,401616470,2023-12-08,CHA,TOR,437,437,TRUE,TRUE
2024,401616471,2023-12-08,ORL,DET,445,445,TRUE,TRUE
2024,401616472,2023-12-08,PHI,ATL,498,498,TRUE,TRUE
2024,401607493,2023-12-07,LAL,NO,470,470,TRUE,TRUE
2024,401607494,2023-12-07,MIL,IND,498,498,TRUE,TRUE
2024,401616468,2023-12-06,GS,POR,491,491,TRUE,TRUE
2024,401616469,2023-12-06,LAC,DEN,459,459,TRUE,TRUE
2024,401616467,2023-12-06,DAL,UTAH,453,453,TRUE,TRUE
2024,401616465,2023-12-06,CHI,CHA,491,491,TRUE,TRUE
2024,401616466,2023-12-06,HOU,OKC,490,490,TRUE,TRUE
2024,401616461,2023-12-06,TOR,MIA,433,433,TRUE,TRUE
2024,401616463,2023-12-06,ATL,BKN,490,490,TRUE,TRUE
2024,401616464,2023-12-06,MIN,SA,475,475,TRUE,TRUE
2024,401616459,2023-12-06,CLE,ORL,479,479,TRUE,TRUE
2024,401616460,2023-12-06,DET,MEM,438,438,TRUE,TRUE
2024,401616462,2023-12-06,WSH,PHI,439,439,TRUE,TRUE
2024,401607490,2023-12-05,LAL,PHX,486,486,TRUE,TRUE
2024,401607489,2023-12-05,MIL,NY,465,465,TRUE,TRUE
2024,401607492,2023-12-04,SAC,NO,476,476,TRUE,TRUE
2024,401607491,2023-12-04,IND,BOS,459,459,TRUE,TRUE
2024,401584919,2023-12-02,LAL,HOU,496,496,TRUE,TRUE
2024,401584918,2023-12-02,SAC,DEN,472,472,TRUE,TRUE
2024,401584917,2023-12-02,UTAH,POR,504,457,TRUE,TRUE
2024,401584915,2023-12-02,DAL,OKC,516,516,TRUE,TRUE
2024,401584916,2023-12-02,PHX,MEM,520,520,TRUE,TRUE
2024,401584912,2023-12-02,MIA,IND,437,437,TRUE,TRUE
2024,401584913,2023-12-02,CHI,NO,467,467,TRUE,TRUE
2024,401584914,2023-12-02,MIL,ATL,455,455,TRUE,TRUE
2024,401584910,2023-12-02,BKN,ORL,498,498,TRUE,TRUE
2024,401584911,2023-12-02,DET,CLE,460,460,TRUE,TRUE
2024,401584909,2023-12-02,CHA,MIN,456,456,TRUE,TRUE
2024,401584908,2023-12-02,LAC,GS,459,459,TRUE,TRUE
2024,401584907,2023-12-01,PHX,DEN,445,445,TRUE,TRUE
2024,401584906,2023-12-01,NO,SA,458,458,TRUE,TRUE
2024,401584903,2023-12-01,BOS,PHI,489,489,TRUE,TRUE
2024,401584904,2023-12-01,TOR,NY,461,461,TRUE,TRUE
2024,401584905,2023-12-01,DAL,MEM,472,472,TRUE,TRUE
2024,401584902,2023-12-01,ORL,WSH,503,503,TRUE,TRUE
2024,401584901,2023-11-30,GS,LAC,473,473,TRUE,TRUE
2024,401584897,2023-11-30,CHI,MIL,521,470,TRUE,TRUE
2024,401584898,2023-11-30,MIN,UTAH,449,449,TRUE,TRUE
2024,401584899,2023-11-30,OKC,LAL,483,483,TRUE,TRUE
2024,401584900,2023-11-30,SA,ATL,491,491,TRUE,TRUE
2024,401584894,2023-11-30,BKN,CHA,447,447,TRUE,TRUE
2024,401584895,2023-11-30,MIA,IND,532,532,TRUE,TRUE
2024,401584896,2023-11-30,NY,DET,460,460,TRUE,TRUE
2024,401584893,2023-11-30,CLE,POR,412,412,TRUE,TRUE
2024,401584892,2023-11-29,SAC,LAC,471,471,TRUE,TRUE
2024,401584891,2023-11-29,DEN,HOU,457,457,TRUE,TRUE
2024,401584889,2023-11-29,MEM,UTAH,437,437,TRUE,TRUE
2024,401584890,2023-11-29,NO,PHI,483,483,TRUE,TRUE
2024,401584888,2023-11-29,TOR,PHX,478,478,TRUE,TRUE
2024,401584886,2023-11-29,DET,LAL,492,492,TRUE,TRUE
2024,401584887,2023-11-29,ORL,WSH,450,450,TRUE,TRUE
2024,401584148,2023-11-28,SAC,GS,535,535,TRUE,TRUE
2024,401584147,2023-11-28,DAL,HOU,495,495,TRUE,TRUE
2024,401584146,2023-11-28,MIN,OKC,494,494,TRUE,TRUE
2024,401584141,2023-11-28,BOS,CHI,448,448,TRUE,TRUE
2024,401584142,2023-11-28,BKN,TOR,493,493,TRUE,TRUE
2024,401584143,2023-11-28,CLE,ATL,496,496,TRUE,TRUE
2024,401584144,2023-11-28,MIA,MIL,461,461,TRUE,TRUE
2024,401584145,2023-11-28,NY,CHA,444,444,TRUE,TRUE
2024,401584885,2023-11-27,LAC,DEN,505,505,TRUE,TRUE
2024,401584884,2023-11-27,UTAH,NO,480,480,TRUE,TRUE
2024,401584881,2023-11-27,DET,WSH,506,506,TRUE,TRUE
2024,401584882,2023-11-27,IND,POR,490,490,TRUE,TRUE
2024,401584883,2023-11-27,PHI,LAL,435,435,TRUE,TRUE
2024,401584880,2023-11-26,DEN,SA,496,496,TRUE,TRUE
2024,401584878,2023-11-26,BKN,CHI,415,415,TRUE,TRUE
2024,401584879,2023-11-26,CLE,TOR,486,486,TRUE,TRUE
2024,401584874,2023-11-26,BOS,ATL,477,477,TRUE,TRUE
2024,401584875,2023-11-26,NY,PHX,486,486,TRUE,TRUE
2024,401584876,2023-11-26,ORL,CHA,480,480,TRUE,TRUE
2024,401584877,2023-11-26,MEM,MIN,476,476,TRUE,TRUE
2024,401584873,2023-11-26,MIL,POR,517,517,TRUE,TRUE
2024,401584872,2023-11-25,LAC,DAL,479,479,TRUE,TRUE
2024,401584871,2023-11-25,UTAH,NO,478,478,TRUE,TRUE
2024,401584870,2023-11-25,CLE,LAL,456,456,TRUE,TRUE
2024,401584869,2023-11-25,WSH,ATL,450,450,TRUE,TRUE
2024,401584868,2023-11-25,BKN,MIA,436,436,TRUE,TRUE
2024,401584867,2023-11-25,OKC,PHI,538,538,TRUE,TRUE
2024,401584140,2023-11-24,LAC,NO,483,483,TRUE,TRUE
2024,401584139,2023-11-24,GS,SA,486,486,TRUE,TRUE
2024,401584135,2023-11-24,IND,DET,484,484,TRUE,TRUE
2024,401584136,2023-11-24,HOU,DEN,464,464,TRUE,TRUE
2024,401584137,2023-11-24,MIL,WSH,499,499,TRUE,TRUE
2024,401584138,2023-11-24,MIN,SAC,474,474,TRUE,TRUE
2024,401584133,2023-11-24,NY,MIA,439,439,TRUE,TRUE
2024,401584134,2023-11-24,TOR,CHI,443,443,TRUE,TRUE
2024,401584132,2023-11-24,MEM,PHX,424,424,TRUE,TRUE
2024,401584131,2023-11-24,ORL,BOS,480,480,TRUE,TRUE
2024,401584866,2023-11-22,LAL,DAL,464,464,TRUE,TRUE
2024,401584864,2023-11-22,PHX,GS,549,549,TRUE,TRUE
2024,401584865,2023-11-22,POR,UTAH,447,447,TRUE,TRUE
2024,401584859,2023-11-22,HOU,MEM,487,487,TRUE,TRUE
2024,401584860,2023-11-22,MIN,PHI,494,494,TRUE,TRUE
2024,401584861,2023-11-22,NO,SAC,509,509,TRUE,TRUE
2024,401584862,2023-11-22,OKC,CHI,469,469,TRUE,TRUE
2024,401584863,2023-11-22,SA,LAC,492,492,TRUE,TRUE
2024,401584855,2023-11-22,ATL,BKN,588,508,TRUE,TRUE
2024,401584856,2023-11-22,BOS,MIL,448,448,TRUE,TRUE
2024,401584857,2023-11-22,CLE,MIA,429,429,TRUE,TRUE
2024,401584858,2023-11-22,IND,TOR,478,478,TRUE,TRUE
2024,401584853,2023-11-22,CHA,WSH,467,467,TRUE,TRUE
2024,401584854,2023-11-22,ORL,DEN,464,464,TRUE,TRUE
2024,401584130,2023-11-21,LAL,UTAH,455,455,TRUE,TRUE
2024,401584129,2023-11-21,PHX,POR,442,442,TRUE,TRUE
2024,401584127,2023-11-21,ATL,IND,475,475,TRUE,TRUE
2024,401584128,2023-11-21,PHI,CLE,547,481,TRUE,TRUE
2024,401584126,2023-11-21,ORL,TOR,458,458,TRUE,TRUE
2024,401584852,2023-11-20,GS,HOU,455,455,TRUE,TRUE
2024,401584848,2023-11-20,CHI,MIA,417,417,TRUE,TRUE
2024,401584849,2023-11-20,MIN,NY,505,505,TRUE,TRUE
2024,401584850,2023-11-20,NO,SAC,478,478,TRUE,TRUE
2024,401584851,2023-11-20,SA,LAC,456,456,TRUE,TRUE
2024,401584845,2023-11-20,CHA,BOS,512,453,TRUE,TRUE
2024,401584846,2023-11-20,DET,DEN,474,474,TRUE,TRUE
2024,401584847,2023-11-20,WSH,MIL,448,448,TRUE,TRUE
2024,401584844,2023-11-19,LAL,HOU,471,471,TRUE,TRUE
2024,401584843,2023-11-19,POR,OKC,433,433,TRUE,TRUE
2024,401584841,2023-11-19,MEM,BOS,456,456,TRUE,TRUE
2024,401584842,2023-11-19,UTAH,PHX,595,485,TRUE,TRUE
2024,401584840,2023-11-19,DAL,SAC,469,469,TRUE,TRUE
2024,401584838,2023-11-19,CLE,DEN,451,451,TRUE,TRUE
2024,401584837,2023-11-19,IND,ORL,528,528,TRUE,TRUE
2024,401584839,2023-11-19,TOR,DET,501,501,TRUE,TRUE
2024,401584836,2023-11-19,BKN,PHI,436,436,TRUE,TRUE
2024,401584835,2023-11-18,GS,OKC,505,458,TRUE,TRUE
2024,401584832,2023-11-18,CHI,MIA,441,441,TRUE,TRUE
2024,401584833,2023-11-18,MIL,DAL,460,460,TRUE,TRUE
2024,401584834,2023-11-18,SA,MEM,505,505,TRUE,TRUE
2024,401584831,2023-11-18,NO,MIN,482,482,TRUE,TRUE
2024,401584830,2023-11-18,CHA,NY,427,427,TRUE,TRUE
2024,401584125,2023-11-17,LAC,HOU,501,501,TRUE,TRUE
2024,401584123,2023-11-17,UTAH,PHX,465,465,TRUE,TRUE
2024,401584124,2023-11-17,POR,LAL,465,465,TRUE,TRUE
2024,401584121,2023-11-17,CHI,ORL,450,450,TRUE,TRUE
2024,401584122,2023-11-17,NO,DEN,473,473,TRUE,TRUE
2024,401584117,2023-11-17,ATL,PHI,475,475,TRUE,TRUE
2024,401584118,2023-11-17,CLE,DET,445,445,TRUE,TRUE
2024,401584119,2023-11-17,TOR,BOS,427,427,TRUE,TRUE
2024,401584120,2023-11-17,SA,SAC,478,478,TRUE,TRUE
2024,401584115,2023-11-17,CHA,MIL,457,457,TRUE,TRUE
2024,401584116,2023-11-17,WSH,NY,451,451,TRUE,TRUE
2024,401584829,2023-11-16,GS,OKC,484,484,TRUE,TRUE
2024,401584828,2023-11-16,MIA,BKN,449,449,TRUE,TRUE
2024,401584826,2023-11-15,LAL,SAC,475,475,TRUE,TRUE
2024,401584827,2023-11-15,POR,CLE,460,460,TRUE,TRUE
2024,401584825,2023-11-15,PHX,MIN,435,435,TRUE,TRUE
2024,401584824,2023-11-15,CHI,ORL,486,486,TRUE,TRUE
2024,401584821,2023-11-15,ATL,NY,448,448,TRUE,TRUE
2024,401584822,2023-11-15,PHI,BOS,430,430,TRUE,TRUE
2024,401584823,2023-11-15,TOR,MIL,488,488,TRUE,TRUE
2024,401584820,2023-11-15,WSH,DAL,475,475,TRUE,TRUE
2024,401584114,2023-11-14,LAL,MEM,460,460,TRUE,TRUE
2024,401584112,2023-11-14,DEN,LAC,452,452,TRUE,TRUE
2024,401584113,2023-11-14,GS,MIN,489,489,TRUE,TRUE
2024,401584111,2023-11-14,UTAH,POR,466,466,TRUE,TRUE
2024,401584110,2023-11-14,NO,DAL,504,504,TRUE,TRUE
2024,401584108,2023-11-14,BKN,ORL,449,449,TRUE,TRUE
2024,401584109,2023-11-14,OKC,SA,470,470,TRUE,TRUE
2024,401584105,2023-11-14,CHA,MIA,446,446,TRUE,TRUE
2024,401584106,2023-11-14,DET,ATL,470,470,TRUE,TRUE
2024,401584107,2023-11-14,PHI,IND,514,514,TRUE,TRUE
2024,401584819,2023-11-13,SAC,CLE,452,452,TRUE,TRUE
2024,401584818,2023-11-13,MIL,CHI,506,506,TRUE,TRUE
2024,401584816,2023-11-13,BOS,NY,414,414,TRUE,TRUE
2024,401584817,2023-11-13,TOR,WSH,447,447,TRUE,TRUE
2024,401584815,2023-11-12,LAL,POR,440,440,TRUE,TRUE
2024,401584814,2023-11-12,GS,MIN,520,520,TRUE,TRUE
2024,401584813,2023-11-12,PHX,OKC,482,482,TRUE,TRUE
2024,401584809,2023-11-12,CHI,DET,474,474,TRUE,TRUE
2024,401584810,2023-11-12,HOU,DEN,462,462,TRUE,TRUE
2024,401584811,2023-11-12,NO,DAL,490,490,TRUE,TRUE
2024,401584812,2023-11-12,SA,MIA,454,454,TRUE,TRUE
2024,401584808,2023-11-12,PHI,IND,455,455,TRUE,TRUE
2024,401584807,2023-11-12,LAC,MEM,508,508,TRUE,TRUE
2024,401584806,2023-11-12,BKN,WSH,500,500,TRUE,TRUE
2024,401584805,2023-11-12,NY,CHA,467,467,TRUE,TRUE
2024,401584804,2023-11-11,GS,CLE,555,555,TRUE,TRUE
2024,401584803,2023-11-11,ATL,MIA,450,450,TRUE,TRUE
2024,401584802,2023-11-11,BOS,TOR,428,428,TRUE,TRUE
2024,401584801,2023-11-11,ORL,MIL,490,490,TRUE,TRUE
2024,401584103,2023-11-10,PHX,LAL,505,505,TRUE,TRUE
2024,401584104,2023-11-10,SAC,OKC,488,488,TRUE,TRUE
2024,401584102,2023-11-10,DAL,LAC,504,504,TRUE,TRUE
2024,401584099,2023-11-10,HOU,NO,503,503,TRUE,TRUE
2024,401584100,2023-11-10,MEM,UTAH,468,468,TRUE,TRUE
2024,401584101,2023-11-10,SA,MIN,483,483,TRUE,TRUE
2024,401584098,2023-11-10,BOS,BKN,464,464,TRUE,TRUE
2024,401584096,2023-11-10,DET,PHI,489,489,TRUE,TRUE
2024,401584097,2023-11-10,WSH,CHA,505,505,TRUE,TRUE
2024,401584800,2023-11-09,ORL,ATL,520,520,TRUE,TRUE
2024,401584799,2023-11-09,IND,MIL,478,478,TRUE,TRUE
2024,401584797,2023-11-08,DEN,GS,471,471,TRUE,TRUE
2024,401584798,2023-11-08,SAC,POR,553,498,TRUE,TRUE
2024,401584796,2023-11-08,DAL,TOR,510,510,TRUE,TRUE
2024,401584790,2023-11-08,CHI,PHX,515,452,TRUE,TRUE
2024,401584791,2023-11-08,HOU,LAL,464,464,TRUE,TRUE
2024,401584792,2023-11-08,MEM,MIA,499,499,TRUE,TRUE
2024,401584793,2023-11-08,MIL,DET,492,492,TRUE,TRUE
2024,401584794,2023-11-08,MIN,NO,472,472,TRUE,TRUE
2024,401584795,2023-11-08,OKC,CLE,510,510,TRUE,TRUE
2024,401584788,2023-11-08,BKN,LAC,450,450,TRUE,TRUE
2024,401584789,2023-11-08,NY,SA,468,468,TRUE,TRUE
2024,401584785,2023-11-08,CHA,WSH,503,503,TRUE,TRUE
2024,401584786,2023-11-08,IND,UTAH,482,482,TRUE,TRUE
2024,401584787,2023-11-08,PHI,BOS,460,460,TRUE,TRUE
2024,401584784,2023-11-06,DEN,NO,458,458,TRUE,TRUE
2024,401584780,2023-11-06,CHI,UTAH,458,458,TRUE,TRUE
2024,401584781,2023-11-06,HOU,SAC,435,435,TRUE,TRUE
2024,401584782,2023-11-06,MIN,BOS,541,497,TRUE,TRUE
2024,401584783,2023-11-06,OKC,ATL,522,522,TRUE,TRUE
2024,401584777,2023-11-06,BKN,MIL,473,473,TRUE,TRUE
2024,401584778,2023-11-06,MIA,LAL,430,430,TRUE,TRUE
2024,401584779,2023-11-06,NY,LAC,423,423,TRUE,TRUE
2024,401584773,2023-11-06,DET,GS,454,454,TRUE,TRUE
2024,401584774,2023-11-06,IND,SA,485,485,TRUE,TRUE
2024,401584775,2023-11-06,ORL,DAL,466,466,TRUE,TRUE
2024,401584776,2023-11-06,PHI,WSH,487,487,TRUE,TRUE
2024,401584772,2023-11-05,POR,MEM,467,467,TRUE,TRUE
2024,401584771,2023-11-05,DAL,CHA,511,511,TRUE,TRUE
2024,401584770,2023-11-05,CLE,GS,517,517,TRUE,TRUE
2024,401584769,2023-11-05,SA,TOR,519,468,TRUE,TRUE
2024,401584768,2023-11-05,DET,PHX,469,469,TRUE,TRUE
2024,401584767,2023-11-04,DEN,CHI,465,465,TRUE,TRUE
2024,401584764,2023-11-04,BKN,BOS,483,483,TRUE,TRUE
2024,401584765,2023-11-04,HOU,SAC,466,466,TRUE,TRUE
2024,401584766,2023-11-04,MIN,UTAH,480,480,TRUE,TRUE
2024,401584761,2023-11-04,IND,CHA,460,460,TRUE,TRUE
2024,401584762,2023-11-04,ORL,LAL,483,483,TRUE,TRUE
2024,401584763,2023-11-04,NO,ATL,458,458,TRUE,TRUE
2024,401584760,2023-11-04,PHI,PHX,489,489,TRUE,TRUE
2024,401584094,2023-11-03,DEN,DAL,468,468,TRUE,TRUE
2024,401584095,2023-11-03,POR,MEM,525,477,TRUE,TRUE
2024,401584091,2023-11-03,MIA,WSH,408,408,TRUE,TRUE
2024,401584092,2023-11-03,CHI,BKN,432,432,TRUE,TRUE
2024,401584093,2023-11-03,OKC,GS,507,507,TRUE,TRUE
2024,401584090,2023-11-03,MIL,NY,495,495,TRUE,TRUE
2024,401584089,2023-11-03,IND,CLE,474,474,TRUE,TRUE
2024,401584759,2023-11-02,PHX,SA,450,450,TRUE,TRUE
2024,401584758,2023-11-02,UTAH,ORL,517,517,TRUE,TRUE
2024,401584757,2023-11-02,NO,DET,505,505,TRUE,TRUE
2024,401584756,2023-11-02,PHI,TOR,477,477,TRUE,TRUE
2024,401584754,2023-11-01,GS,SAC,459,459,TRUE,TRUE
2024,401584755,2023-11-01,LAL,LAC,535,478,TRUE,TRUE
2024,401584753,2023-11-01,UTAH,MEM,516,516,TRUE,TRUE
2024,401584752,2023-11-01,DAL,CHI,450,450,TRUE,TRUE
2024,401584750,2023-11-01,HOU,CHA,466,466,TRUE,TRUE
2024,401584751,2023-11-01,MIN,DEN,469,469,TRUE,TRUE
2024,401584745,2023-11-01,ATL,WSH,484,484,TRUE,TRUE
2024,401584746,2023-11-01,BOS,IND,463,463,TRUE,TRUE
2024,401584747,2023-11-01,MIA,BKN,473,473,TRUE,TRUE
2024,401584748,2023-11-01,NY,CLE,482,482,TRUE,TRUE
2024,401584749,2023-11-01,OKC,NO,550,550,TRUE,TRUE
2024,401584743,2023-11-01,DET,POR,467,467,TRUE,TRUE
2024,401584744,2023-11-01,TOR,MIL,475,475,TRUE,TRUE
2024,401584742,2023-10-31,LAC,ORL,486,486,TRUE,TRUE
2024,401584741,2023-10-31,PHX,SA,450,450,TRUE,TRUE
2024,401584740,2023-10-31,CLE,NY,462,462,TRUE,TRUE
2024,401584739,2023-10-30,LAL,ORL,453,453,TRUE,TRUE
2024,401584738,2023-10-30,DEN,UTAH,461,461,TRUE,TRUE
2024,401584734,2023-10-30,MEM,DAL,479,479,TRUE,TRUE
2024,401584735,2023-10-30,MIL,MIA,460,460,TRUE,TRUE
2024,401584736,2023-10-30,NO,GS,509,509,TRUE,TRUE
2024,401584737,2023-10-30,OKC,DET,497,497,TRUE,TRUE
2024,401584732,2023-10-30,ATL,MIN,436,436,TRUE,TRUE
2024,401584733,2023-10-30,TOR,POR,448,448,TRUE,TRUE
2024,401584729,2023-10-30,CHA,BKN,470,470,TRUE,TRUE
2024,401584730,2023-10-30,IND,CHI,489,489,TRUE,TRUE
2024,401584731,2023-10-30,WSH,BOS,463,463,TRUE,TRUE
2024,401584727,2023-10-29,LAC,SA,468,468,TRUE,TRUE
2024,401584728,2023-10-29,SAC,LAL,546,495,TRUE,TRUE
2024,401584726,2023-10-29,PHI,POR,490,490,TRUE,TRUE
2024,401584724,2023-10-29,HOU,GS,457,457,TRUE,TRUE
2024,401584725,2023-10-29,MIL,ATL,476,476,TRUE,TRUE
2024,401584723,2023-10-29,OKC,DEN,429,429,TRUE,TRUE
2024,401584722,2023-10-28,PHX,UTAH,460,460,TRUE,TRUE
2024,401584721,2023-10-28,MIN,MIA,427,427,TRUE,TRUE
2024,401584719,2023-10-28,CLE,IND,474,474,TRUE,TRUE
2024,401584720,2023-10-28,TOR,PHI,436,436,TRUE,TRUE
2024,401584716,2023-10-28,DET,CHI,466,466,TRUE,TRUE
2024,401584717,2023-10-28,WSH,MEM,475,475,TRUE,TRUE
2024,401584718,2023-10-28,NO,NY,478,478,TRUE,TRUE
2024,401584714,2023-10-27,POR,ORL,466,466,TRUE,TRUE
2024,401584715,2023-10-27,SAC,GS,488,488,TRUE,TRUE
2024,401584713,2023-10-27,UTAH,LAC,473,473,TRUE,TRUE
2024,401584712,2023-10-27,DAL,BKN,477,477,TRUE,TRUE
2024,401584710,2023-10-27,CHI,TOR,549,510,TRUE,TRUE
2024,401584711,2023-10-27,SA,HOU,536,470,TRUE,TRUE
2024,401584707,2023-10-27,ATL,NY,476,476,TRUE,TRUE
2024,401584708,2023-10-27,BOS,MIA,468,468,TRUE,TRUE
2024,401584709,2023-10-27,CLE,OKC,510,510,TRUE,TRUE
2024,401584705,2023-10-27,CHA,DET,531,531,TRUE,TRUE
2024,401584706,2023-10-27,MEM,DEN,486,486,TRUE,TRUE
2024,401584704,2023-10-26,LAL,PHX,481,481,TRUE,TRUE
2024,401584703,2023-10-26,MIL,PHI,486,486,TRUE,TRUE
2024,401584702,2023-10-25,LAC,POR,475,475,TRUE,TRUE
2024,401584701,2023-10-25,SA,DAL,499,499,TRUE,TRUE
2024,401584700,2023-10-25,UTAH,SAC,520,520,TRUE,TRUE
2024,401584698,2023-10-25,CHI,OKC,467,467,TRUE,TRUE
2024,401584699,2023-10-25,MEM,NO,487,487,TRUE,TRUE
2024,401584695,2023-10-25,BKN,CLE,478,478,TRUE,TRUE
2024,401584696,2023-10-25,MIA,DET,485,485,TRUE,TRUE
2024,401584697,2023-10-25,TOR,MIN,493,493,TRUE,TRUE
2024,401584691,2023-10-25,CHA,ATL,501,501,TRUE,TRUE
2024,401584692,2023-10-25,IND,WSH,489,489,TRUE,TRUE
2024,401584693,2023-10-25,NY,BOS,498,498,TRUE,TRUE
2024,401584694,2023-10-25,ORL,HOU,464,464,TRUE,TRUE
2024,401584690,2023-10-24,GS,PHX,530,530,TRUE,TRUE
2024,401584689,2023-10-24,DEN,LAL,449,449,TRUE,TRUE
